! Date:	24-Apr-25
!Time:	12:54
! User Name:	Aditya
! Sample Name:	CBS_Pt
! Sample ID:	D51_SiO2 Substrate
! Current Source:	Keithley_6221_Delta
! LockIn Specifications:
!LockIn Input Voltage (V)=	
!LockIn Input Frequency (Hz)=	
!Time Constant for Zi LockIn  1st Harmonic (s)=	
!Time Constant for Zi LockIn 2nd Harmonic (s)=	
!Time Constant of SR7265=	
!Time Constant of SR7225=	
! Measuring Insturment 1:	
! Measuring Insturment 1:	
! U1, th1 (volts):	
! U2, th2 (volts):	
! U3, th3 (volts):	
! U4 , th4(volts):	
! U5, th5 (volts):	
! Comments:	


! 
! 
date	time	Hx (T)	Hy (T)	Hz (T)	U1	th1	U2 (V)	th2	Av_HP34420A_10points (V)	Std_HP34420A_10points	Std_DeltaVolatge	Std_DeltaVolatge	U5(V)	th5	Tcryo (K)	Tsample (K)	Heater Power (%)	
24-Apr-25	12:54:22	-1.000000E-5	-1.500000E-4	-1.000000E-5	1.359500E-5	-1.080000E-6	3.452000E-4	3.650000E-6	0.000000E+0	0.000000E+0	1.964247E-4	2.976042E-9	0.000000E+0	0.000000E+0	1.045309E+1	0.000000E+0	0.000000E+0
24-Apr-25	12:54:23	-1.000000E-5	-1.500000E-4	1.180000E-3	1.377000E-5	-1.090000E-6	3.445000E-4	3.950000E-6	0.000000E+0	0.000000E+0	1.964247E-4	2.976042E-9	0.000000E+0	0.000000E+0	1.045307E+1	0.000000E+0	0.000000E+0
24-Apr-25	12:54:23	-1.000000E-5	-1.500000E-4	3.085000E-3	1.387000E-5	-9.700000E-7	3.446500E-4	4.250000E-6	0.000000E+0	0.000000E+0	1.964247E-4	2.976042E-9	0.000000E+0	0.000000E+0	1.045304E+1	0.000000E+0	0.000000E+0
24-Apr-25	12:54:24	-1.000000E-5	-1.500000E-4	4.675000E-3	1.385000E-5	-9.050000E-7	3.454500E-4	4.100000E-6	0.000000E+0	0.000000E+0	1.964247E-4	2.976042E-9	0.000000E+0	0.000000E+0	1.045307E+1	0.000000E+0	0.000000E+0
24-Apr-25	12:54:24	-1.000000E-5	-1.500000E-4	6.255000E-3	1.393000E-5	-1.135000E-6	3.442500E-4	4.350000E-6	0.000000E+0	0.000000E+0	1.964247E-4	2.976042E-9	0.000000E+0	0.000000E+0	1.045322E+1	0.000000E+0	0.000000E+0
24-Apr-25	12:54:25	-1.000000E-5	-1.500000E-4	8.480000E-3	1.389000E-5	-1.030000E-6	3.453000E-4	3.400000E-6	0.000000E+0	0.000000E+0	1.964247E-4	2.976042E-9	0.000000E+0	0.000000E+0	1.045345E+1	0.000000E+0	0.000000E+0
24-Apr-25	12:54:26	-1.000000E-5	-1.500000E-4	1.101500E-2	1.395000E-5	-1.175000E-6	3.449000E-4	3.650000E-6	0.000000E+0	0.000000E+0	1.964247E-4	2.976042E-9	0.000000E+0	0.000000E+0	1.045370E+1	0.000000E+0	0.000000E+0
24-Apr-25	12:54:26	-1.000000E-5	-1.500000E-4	1.307500E-2	1.395500E-5	-1.025000E-6	3.449500E-4	4.000000E-6	0.000000E+0	0.000000E+0	1.964247E-4	2.976042E-9	0.000000E+0	0.000000E+0	1.045377E+1	0.000000E+0	0.000000E+0
24-Apr-25	12:54:27	-1.000000E-5	-1.500000E-4	1.468500E-2	1.370500E-5	-1.150000E-6	3.446500E-4	3.950000E-6	0.000000E+0	0.000000E+0	1.964247E-4	2.976042E-9	0.000000E+0	0.000000E+0	1.045382E+1	0.000000E+0	0.000000E+0
24-Apr-25	12:54:28	-1.000000E-5	-1.500000E-4	1.661000E-2	1.394000E-5	-1.340000E-6	3.450000E-4	3.650000E-6	0.000000E+0	0.000000E+0	1.964247E-4	2.976042E-9	0.000000E+0	0.000000E+0	1.045396E+1	0.000000E+0	0.000000E+0
24-Apr-25	12:54:28	-1.000000E-5	-1.500000E-4	1.852000E-2	1.410000E-5	-8.550000E-7	3.449500E-4	4.000000E-6	0.000000E+0	0.000000E+0	1.964247E-4	2.976042E-9	0.000000E+0	0.000000E+0	1.045433E+1	0.000000E+0	0.000000E+0
24-Apr-25	12:54:29	-1.000000E-5	-1.500000E-4	2.010000E-2	1.385000E-5	-1.300000E-6	3.453000E-4	3.950000E-6	0.000000E+0	0.000000E+0	1.964247E-4	2.976042E-9	0.000000E+0	0.000000E+0	1.045482E+1	0.000000E+0	0.000000E+0
24-Apr-25	12:54:29	-1.000000E-5	-1.500000E-4	2.169000E-2	1.419000E-5	-1.315000E-6	3.449000E-4	3.800000E-6	0.000000E+0	0.000000E+0	1.964247E-4	2.976042E-9	0.000000E+0	0.000000E+0	1.045556E+1	0.000000E+0	0.000000E+0
24-Apr-25	12:54:30	-1.000000E-5	-1.500000E-4	2.342500E-2	1.412000E-5	-1.170000E-6	3.447500E-4	4.050000E-6	0.000000E+0	0.000000E+0	1.964247E-4	2.976042E-9	0.000000E+0	0.000000E+0	1.045667E+1	0.000000E+0	0.000000E+0
24-Apr-25	12:54:30	-1.000000E-5	-1.500000E-4	2.567000E-2	1.393000E-5	-1.155000E-6	3.447500E-4	4.650000E-6	0.000000E+0	0.000000E+0	1.964247E-4	2.976042E-9	0.000000E+0	0.000000E+0	1.045881E+1	0.000000E+0	0.000000E+0
24-Apr-25	12:54:31	-1.000000E-5	-1.500000E-4	2.729000E-2	1.378500E-5	-1.140000E-6	3.446500E-4	3.800000E-6	0.000000E+0	0.000000E+0	1.964247E-4	2.976042E-9	0.000000E+0	0.000000E+0	1.046053E+1	0.000000E+0	0.000000E+0
24-Apr-25	12:54:31	-1.000000E-5	-1.500000E-4	2.887000E-2	1.379000E-5	-1.370000E-6	3.451000E-4	4.100000E-6	0.000000E+0	0.000000E+0	1.964247E-4	2.976042E-9	0.000000E+0	0.000000E+0	1.046286E+1	0.000000E+0	0.000000E+0
24-Apr-25	12:54:32	-1.000000E-5	-1.500000E-4	3.042500E-2	1.407000E-5	-1.220000E-6	3.447500E-4	3.800000E-6	0.000000E+0	0.000000E+0	1.964247E-4	2.976042E-9	0.000000E+0	0.000000E+0	1.046484E+1	0.000000E+0	0.000000E+0
24-Apr-25	12:54:33	-1.000000E-5	-1.500000E-4	3.235000E-2	1.403500E-5	-9.500000E-7	3.451500E-4	4.250000E-6	0.000000E+0	0.000000E+0	1.964247E-4	2.976042E-9	0.000000E+0	0.000000E+0	1.046722E+1	0.000000E+0	0.000000E+0
24-Apr-25	12:54:33	-1.000000E-5	-1.500000E-4	3.472500E-2	1.432500E-5	-1.120000E-6	3.447000E-4	3.650000E-6	0.000000E+0	0.000000E+0	1.964247E-4	2.976042E-9	0.000000E+0	0.000000E+0	1.046974E+1	0.000000E+0	0.000000E+0
24-Apr-25	12:54:34	-1.000000E-5	-1.500000E-4	3.647500E-2	1.434500E-5	-1.150000E-6	3.444500E-4	4.000000E-6	0.000000E+0	0.000000E+0	1.964247E-4	2.976042E-9	0.000000E+0	0.000000E+0	1.047116E+1	0.000000E+0	0.000000E+0
24-Apr-25	12:54:35	-1.000000E-5	-1.500000E-4	3.874500E-2	1.397500E-5	-1.170000E-6	3.449000E-4	3.650000E-6	0.000000E+0	0.000000E+0	1.964247E-4	2.976042E-9	0.000000E+0	0.000000E+0	1.047293E+1	0.000000E+0	0.000000E+0
24-Apr-25	12:54:35	-1.000000E-5	-1.500000E-4	4.080000E-2	1.435000E-5	-1.160000E-6	3.451000E-4	3.950000E-6	0.000000E+0	0.000000E+0	1.964247E-4	2.976042E-9	0.000000E+0	0.000000E+0	1.047430E+1	0.000000E+0	0.000000E+0
24-Apr-25	12:54:36	-1.000000E-5	-1.500000E-4	4.239000E-2	1.440000E-5	-9.550000E-7	3.445500E-4	4.150000E-6	0.000000E+0	0.000000E+0	1.964247E-4	2.976042E-9	0.000000E+0	0.000000E+0	1.047507E+1	0.000000E+0	0.000000E+0
24-Apr-25	12:54:36	-1.000000E-5	-1.500000E-4	4.397500E-2	1.437500E-5	-1.180000E-6	3.447500E-4	3.700000E-6	0.000000E+0	0.000000E+0	1.964247E-4	2.976042E-9	0.000000E+0	0.000000E+0	1.047588E+1	0.000000E+0	0.000000E+0
24-Apr-25	12:54:37	-1.000000E-5	-1.500000E-4	4.556500E-2	1.392500E-5	-1.090000E-6	3.447500E-4	3.550000E-6	0.000000E+0	0.000000E+0	1.964247E-4	2.976042E-9	0.000000E+0	0.000000E+0	1.047687E+1	0.000000E+0	0.000000E+0
24-Apr-25	12:54:37	-1.000000E-5	-1.500000E-4	4.714000E-2	1.425000E-5	-1.155000E-6	3.449000E-4	4.250000E-6	0.000000E+0	0.000000E+0	1.964247E-4	2.976042E-9	0.000000E+0	0.000000E+0	1.047808E+1	0.000000E+0	0.000000E+0
24-Apr-25	12:54:38	-1.000000E-5	-1.500000E-4	4.889000E-2	1.420500E-5	-1.285000E-6	3.438000E-4	3.750000E-6	0.000000E+0	0.000000E+0	1.964247E-4	2.976042E-9	0.000000E+0	0.000000E+0	1.047978E+1	0.000000E+0	0.000000E+0
24-Apr-25	12:54:38	-1.000000E-5	-1.500000E-4	5.047000E-2	1.429500E-5	-1.180000E-6	3.446500E-4	3.950000E-6	0.000000E+0	0.000000E+0	1.964247E-4	2.976042E-9	0.000000E+0	0.000000E+0	1.048128E+1	0.000000E+0	0.000000E+0
24-Apr-25	12:54:39	-1.000000E-5	-1.500000E-4	5.205500E-2	1.443000E-5	-1.295000E-6	3.446500E-4	3.950000E-6	0.000000E+0	0.000000E+0	1.964247E-4	2.976042E-9	0.000000E+0	0.000000E+0	1.048288E+1	0.000000E+0	0.000000E+0
24-Apr-25	12:54:40	-1.000000E-5	-1.500000E-4	5.430000E-2	1.444000E-5	-1.175000E-6	3.444500E-4	3.700000E-6	0.000000E+0	0.000000E+0	1.964247E-4	2.976042E-9	0.000000E+0	0.000000E+0	1.048549E+1	0.000000E+0	0.000000E+0
24-Apr-25	12:54:40	-1.000000E-5	-1.500000E-4	5.638500E-2	1.454500E-5	-1.280000E-6	3.442000E-4	4.300000E-6	0.000000E+0	0.000000E+0	1.964247E-4	2.976042E-9	0.000000E+0	0.000000E+0	1.048666E+1	0.000000E+0	0.000000E+0
24-Apr-25	12:54:41	-1.000000E-5	-1.500000E-4	5.797000E-2	1.462000E-5	-1.210000E-6	3.441000E-4	3.600000E-6	0.000000E+0	0.000000E+0	1.964247E-4	2.976042E-9	0.000000E+0	0.000000E+0	1.048761E+1	0.000000E+0	0.000000E+0
24-Apr-25	12:54:41	-1.000000E-5	-1.500000E-4	6.019000E-2	1.494500E-5	-1.380000E-6	3.437500E-4	4.000000E-6	0.000000E+0	0.000000E+0	1.964247E-4	2.976042E-9	0.000000E+0	0.000000E+0	1.048887E+1	0.000000E+0	0.000000E+0
24-Apr-25	12:54:42	-1.000000E-5	-1.500000E-4	6.192500E-2	1.483000E-5	-1.225000E-6	3.437500E-4	3.800000E-6	0.000000E+0	0.000000E+0	1.964247E-4	2.976042E-9	0.000000E+0	0.000000E+0	1.048969E+1	0.000000E+0	0.000000E+0
24-Apr-25	12:54:43	-1.000000E-5	-1.500000E-4	6.417500E-2	1.493500E-5	-1.350000E-6	3.440000E-4	4.050000E-6	0.000000E+0	0.000000E+0	1.964247E-4	2.976042E-9	0.000000E+0	0.000000E+0	1.049064E+1	0.000000E+0	0.000000E+0
24-Apr-25	12:54:43	-1.000000E-5	-1.500000E-4	6.626000E-2	1.512500E-5	-1.195000E-6	3.435000E-4	3.900000E-6	0.000000E+0	0.000000E+0	1.964247E-4	2.976042E-9	0.000000E+0	0.000000E+0	1.049122E+1	0.000000E+0	0.000000E+0
24-Apr-25	12:54:44	-1.000000E-5	-1.500000E-4	6.800000E-2	1.535500E-5	-1.275000E-6	3.434000E-4	4.150000E-6	0.000000E+0	0.000000E+0	1.964247E-4	2.976042E-9	0.000000E+0	0.000000E+0	1.049185E+1	0.000000E+0	0.000000E+0
24-Apr-25	12:54:44	-1.000000E-5	-1.500000E-4	6.959000E-2	1.535000E-5	-1.275000E-6	3.433000E-4	4.200000E-6	0.000000E+0	0.000000E+0	1.964247E-4	2.976042E-9	0.000000E+0	0.000000E+0	1.049227E+1	0.000000E+0	0.000000E+0
24-Apr-25	12:54:45	-1.000000E-5	-1.500000E-4	7.117000E-2	1.548000E-5	-1.195000E-6	3.432000E-4	3.700000E-6	0.000000E+0	0.000000E+0	1.964247E-4	2.976042E-9	0.000000E+0	0.000000E+0	1.049263E+1	0.000000E+0	0.000000E+0
24-Apr-25	12:54:46	-1.000000E-5	-1.500000E-4	7.307500E-2	1.579500E-5	-1.315000E-6	3.429500E-4	4.150000E-6	0.000000E+0	0.000000E+0	1.964247E-4	2.976042E-9	0.000000E+0	0.000000E+0	1.049295E+1	0.000000E+0	0.000000E+0
24-Apr-25	12:54:46	-1.000000E-5	-1.500000E-4	7.532000E-2	1.576000E-5	-1.375000E-6	3.430500E-4	3.400000E-6	0.000000E+0	0.000000E+0	1.964247E-4	2.976042E-9	0.000000E+0	0.000000E+0	1.049315E+1	0.000000E+0	0.000000E+0
24-Apr-25	12:54:47	-1.000000E-5	-1.500000E-4	7.757500E-2	1.604000E-5	-1.355000E-6	3.423000E-4	4.000000E-6	0.000000E+0	0.000000E+0	1.964247E-4	2.976042E-9	0.000000E+0	0.000000E+0	1.049303E+1	0.000000E+0	0.000000E+0
24-Apr-25	12:54:47	-1.000000E-5	-1.500000E-4	7.931500E-2	1.622500E-5	-1.345000E-6	3.424000E-4	4.400000E-6	0.000000E+0	0.000000E+0	1.964247E-4	2.976042E-9	0.000000E+0	0.000000E+0	1.049275E+1	0.000000E+0	0.000000E+0
24-Apr-25	12:54:48	-1.000000E-5	-1.500000E-4	8.090000E-2	1.637000E-5	-1.310000E-6	3.423000E-4	3.800000E-6	0.000000E+0	0.000000E+0	1.964247E-4	2.976042E-9	0.000000E+0	0.000000E+0	1.049242E+1	0.000000E+0	0.000000E+0
24-Apr-25	12:54:49	-1.000000E-5	-1.500000E-4	8.311000E-2	1.654500E-5	-1.300000E-6	3.426000E-4	3.200000E-6	0.000000E+0	0.000000E+0	1.964247E-4	2.976042E-9	0.000000E+0	0.000000E+0	1.049226E+1	0.000000E+0	0.000000E+0
24-Apr-25	12:54:49	-1.000000E-5	-1.500000E-4	8.469500E-2	1.664000E-5	-1.355000E-6	3.422500E-4	4.100000E-6	0.000000E+0	0.000000E+0	1.964247E-4	2.976042E-9	0.000000E+0	0.000000E+0	1.049248E+1	0.000000E+0	0.000000E+0
24-Apr-25	12:54:50	-1.000000E-5	-1.500000E-4	8.644500E-2	1.685500E-5	-1.330000E-6	3.420000E-4	4.050000E-6	0.000000E+0	0.000000E+0	1.964247E-4	2.976042E-9	0.000000E+0	0.000000E+0	1.049297E+1	0.000000E+0	0.000000E+0
24-Apr-25	12:54:50	-1.000000E-5	-1.500000E-4	8.835000E-2	1.695500E-5	-1.385000E-6	3.413500E-4	4.350000E-6	0.000000E+0	0.000000E+0	1.964247E-4	2.976042E-9	0.000000E+0	0.000000E+0	1.049397E+1	0.000000E+0	0.000000E+0
24-Apr-25	12:54:51	-1.000000E-5	-1.500000E-4	8.995000E-2	1.720000E-5	-1.440000E-6	3.414500E-4	3.850000E-6	0.000000E+0	0.000000E+0	1.964247E-4	2.976042E-9	0.000000E+0	0.000000E+0	1.049506E+1	0.000000E+0	0.000000E+0
24-Apr-25	12:54:51	-1.000000E-5	-1.500000E-4	9.156500E-2	1.728500E-5	-1.335000E-6	3.412000E-4	3.900000E-6	0.000000E+0	0.000000E+0	1.964247E-4	2.976042E-9	0.000000E+0	0.000000E+0	1.049614E+1	0.000000E+0	0.000000E+0
24-Apr-25	12:54:52	-1.000000E-5	-1.500000E-4	9.347000E-2	1.769000E-5	-1.445000E-6	3.416000E-4	3.650000E-6	0.000000E+0	0.000000E+0	1.964247E-4	2.976042E-9	0.000000E+0	0.000000E+0	1.049746E+1	0.000000E+0	0.000000E+0
24-Apr-25	12:54:52	-1.000000E-5	-1.500000E-4	9.505000E-2	1.749000E-5	-1.545000E-6	3.410500E-4	4.100000E-6	0.000000E+0	0.000000E+0	1.964247E-4	2.976042E-9	0.000000E+0	0.000000E+0	1.049846E+1	0.000000E+0	0.000000E+0
24-Apr-25	12:54:53	-1.000000E-5	-1.500000E-4	9.663500E-2	1.767500E-5	-1.385000E-6	3.410500E-4	3.950000E-6	0.000000E+0	0.000000E+0	1.964247E-4	2.976042E-9	0.000000E+0	0.000000E+0	1.049942E+1	0.000000E+0	0.000000E+0
24-Apr-25	12:54:54	-1.000000E-5	-1.500000E-4	9.853500E-2	1.806000E-5	-1.630000E-6	3.404000E-4	3.750000E-6	0.000000E+0	0.000000E+0	1.964247E-4	2.976042E-9	0.000000E+0	0.000000E+0	1.050005E+1	0.000000E+0	0.000000E+0
24-Apr-25	12:54:54	-1.000000E-5	-1.500000E-4	1.002700E-1	1.817000E-5	-1.440000E-6	3.406500E-4	4.200000E-6	0.000000E+0	0.000000E+0	1.964247E-4	2.976042E-9	0.000000E+0	0.000000E+0	1.050044E+1	0.000000E+0	0.000000E+0
24-Apr-25	12:54:55	-1.000000E-5	-1.500000E-4	1.018650E-1	1.831000E-5	-1.500000E-6	3.403500E-4	4.100000E-6	0.000000E+0	0.000000E+0	1.964247E-4	2.976042E-9	0.000000E+0	0.000000E+0	1.050076E+1	0.000000E+0	0.000000E+0
24-Apr-25	12:54:55	-1.000000E-5	-1.500000E-4	1.036100E-1	1.855000E-5	-1.480000E-6	3.400500E-4	4.000000E-6	0.000000E+0	0.000000E+0	1.964247E-4	2.976042E-9	0.000000E+0	0.000000E+0	1.050112E+1	0.000000E+0	0.000000E+0
24-Apr-25	12:54:56	-1.000000E-5	-1.500000E-4	1.051950E-1	1.865000E-5	-1.465000E-6	3.403500E-4	4.300000E-6	0.000000E+0	0.000000E+0	1.964247E-4	2.976042E-9	0.000000E+0	0.000000E+0	1.050149E+1	0.000000E+0	0.000000E+0
24-Apr-25	12:54:56	-1.000000E-5	-1.500000E-4	1.074600E-1	1.879500E-5	-1.445000E-6	3.402000E-4	3.650000E-6	0.000000E+0	0.000000E+0	1.964247E-4	2.976042E-9	0.000000E+0	0.000000E+0	1.050253E+1	0.000000E+0	0.000000E+0
24-Apr-25	12:54:57	-1.000000E-5	-1.500000E-4	1.090500E-1	1.898000E-5	-1.500000E-6	3.397500E-4	4.000000E-6	0.000000E+0	0.000000E+0	1.964247E-4	2.976042E-9	0.000000E+0	0.000000E+0	1.050342E+1	0.000000E+0	0.000000E+0
24-Apr-25	12:54:57	-1.000000E-5	-1.500000E-4	1.106300E-1	1.928000E-5	-1.420000E-6	3.399000E-4	4.100000E-6	0.000000E+0	0.000000E+0	1.964247E-4	2.976042E-9	0.000000E+0	0.000000E+0	1.050441E+1	0.000000E+0	0.000000E+0
24-Apr-25	12:54:58	-1.000000E-5	-1.500000E-4	1.123500E-1	1.932000E-5	-1.515000E-6	3.395000E-4	3.550000E-6	0.000000E+0	0.000000E+0	1.964247E-4	2.976042E-9	0.000000E+0	0.000000E+0	1.050567E+1	0.000000E+0	0.000000E+0
24-Apr-25	12:54:59	-1.000000E-5	-1.500000E-4	1.139050E-1	1.955500E-5	-1.660000E-6	3.392000E-4	3.650000E-6	0.000000E+0	0.000000E+0	1.964247E-4	2.976042E-9	0.000000E+0	0.000000E+0	1.050664E+1	0.000000E+0	0.000000E+0
24-Apr-25	12:54:59	-1.000000E-5	-1.500000E-4	1.161700E-1	1.962000E-5	-1.685000E-6	3.385500E-4	4.250000E-6	0.000000E+0	0.000000E+0	1.964247E-4	2.976042E-9	0.000000E+0	0.000000E+0	1.050778E+1	0.000000E+0	0.000000E+0
24-Apr-25	12:55:00	-1.000000E-5	-1.500000E-4	1.182350E-1	1.975500E-5	-1.730000E-6	3.388000E-4	4.250000E-6	0.000000E+0	0.000000E+0	1.964247E-4	2.976042E-9	0.000000E+0	0.000000E+0	1.050838E+1	0.000000E+0	0.000000E+0
24-Apr-25	12:55:00	-1.000000E-5	-1.500000E-4	1.199800E-1	1.996500E-5	-1.705000E-6	3.383500E-4	4.000000E-6	0.000000E+0	0.000000E+0	1.964247E-4	2.976042E-9	0.000000E+0	0.000000E+0	1.050862E+1	0.000000E+0	0.000000E+0
24-Apr-25	12:55:01	-1.000000E-5	-1.500000E-4	1.215650E-1	2.022500E-5	-1.600000E-6	3.381500E-4	3.650000E-6	0.000000E+0	0.000000E+0	1.964247E-4	2.976042E-9	0.000000E+0	0.000000E+0	1.050868E+1	0.000000E+0	0.000000E+0
24-Apr-25	12:55:01	-1.000000E-5	-1.500000E-4	1.234650E-1	2.044500E-5	-1.695000E-6	3.382500E-4	4.200000E-6	0.000000E+0	0.000000E+0	1.964247E-4	2.976042E-9	0.000000E+0	0.000000E+0	1.050848E+1	0.000000E+0	0.000000E+0
24-Apr-25	12:55:02	-1.000000E-5	-1.500000E-4	1.252500E-1	2.053000E-5	-1.650000E-6	3.382000E-4	3.850000E-6	0.000000E+0	0.000000E+0	1.964247E-4	2.976042E-9	0.000000E+0	0.000000E+0	1.050812E+1	0.000000E+0	0.000000E+0
24-Apr-25	12:55:02	-1.000000E-5	-1.500000E-4	1.267950E-1	2.089500E-5	-1.750000E-6	3.379500E-4	4.400000E-6	0.000000E+0	0.000000E+0	1.964247E-4	2.976042E-9	0.000000E+0	0.000000E+0	1.050754E+1	0.000000E+0	0.000000E+0
24-Apr-25	12:55:03	-1.000000E-5	-1.500000E-4	1.283700E-1	2.101000E-5	-1.575000E-6	3.376500E-4	3.650000E-6	0.000000E+0	0.000000E+0	1.964247E-4	2.976042E-9	0.000000E+0	0.000000E+0	1.050703E+1	0.000000E+0	0.000000E+0
24-Apr-25	12:55:04	-1.000000E-5	-1.500000E-4	1.306400E-1	2.121500E-5	-1.580000E-6	3.375000E-4	3.500000E-6	0.000000E+0	0.000000E+0	1.964247E-4	2.976042E-9	0.000000E+0	0.000000E+0	1.050604E+1	0.000000E+0	0.000000E+0
24-Apr-25	12:55:04	-1.000000E-5	-1.500000E-4	1.322250E-1	2.140000E-5	-1.705000E-6	3.376000E-4	4.100000E-6	0.000000E+0	0.000000E+0	1.964247E-4	2.976042E-9	0.000000E+0	0.000000E+0	1.050524E+1	0.000000E+0	0.000000E+0
24-Apr-25	12:55:05	-1.000000E-5	-1.500000E-4	1.339650E-1	2.152000E-5	-1.635000E-6	3.373500E-4	3.700000E-6	0.000000E+0	0.000000E+0	1.964247E-4	2.976042E-9	0.000000E+0	0.000000E+0	1.050439E+1	0.000000E+0	0.000000E+0
24-Apr-25	12:55:05	-1.000000E-5	-1.500000E-4	1.361950E-1	2.201000E-5	-1.915000E-6	3.367000E-4	3.950000E-6	0.000000E+0	0.000000E+0	1.964247E-4	2.976042E-9	0.000000E+0	0.000000E+0	1.050302E+1	0.000000E+0	0.000000E+0
24-Apr-25	12:55:06	-1.000000E-5	-1.500000E-4	1.377700E-1	2.201500E-5	-1.900000E-6	3.366500E-4	4.600000E-6	0.000000E+0	0.000000E+0	1.964247E-4	2.976042E-9	0.000000E+0	0.000000E+0	1.050204E+1	0.000000E+0	0.000000E+0
24-Apr-25	12:55:06	-1.000000E-5	-1.500000E-4	1.393600E-1	2.239000E-5	-1.730000E-6	3.365000E-4	4.000000E-6	0.000000E+0	0.000000E+0	1.964247E-4	2.976042E-9	0.000000E+0	0.000000E+0	1.050110E+1	0.000000E+0	0.000000E+0
24-Apr-25	12:55:07	-1.000000E-5	-1.500000E-4	1.409400E-1	2.255000E-5	-1.790000E-6	3.365500E-4	3.600000E-6	0.000000E+0	0.000000E+0	1.964247E-4	2.976042E-9	0.000000E+0	0.000000E+0	1.050024E+1	0.000000E+0	0.000000E+0
24-Apr-25	12:55:07	-1.000000E-5	-1.500000E-4	1.425300E-1	2.258000E-5	-1.920000E-6	3.365000E-4	3.550000E-6	0.000000E+0	0.000000E+0	1.964247E-4	2.976042E-9	0.000000E+0	0.000000E+0	1.049935E+1	0.000000E+0	0.000000E+0
24-Apr-25	12:55:08	-1.000000E-5	-1.500000E-4	1.442750E-1	2.287500E-5	-1.965000E-6	3.362000E-4	4.000000E-6	0.000000E+0	0.000000E+0	1.964247E-4	2.976042E-9	0.000000E+0	0.000000E+0	1.049895E+1	0.000000E+0	0.000000E+0
24-Apr-25	12:55:08	-1.000000E-5	-1.500000E-4	1.458600E-1	2.312000E-5	-1.980000E-6	3.355000E-4	4.050000E-6	0.000000E+0	0.000000E+0	1.964247E-4	2.976042E-9	0.000000E+0	0.000000E+0	1.049886E+1	0.000000E+0	0.000000E+0
24-Apr-25	12:55:09	-1.000000E-5	-1.500000E-4	1.474500E-1	2.336000E-5	-1.840000E-6	3.356500E-4	4.000000E-6	0.000000E+0	0.000000E+0	1.964247E-4	2.976042E-9	0.000000E+0	0.000000E+0	1.049908E+1	0.000000E+0	0.000000E+0
24-Apr-25	12:55:10	-1.000000E-5	-1.500000E-4	1.496550E-1	2.367500E-5	-2.090000E-6	3.360000E-4	3.450000E-6	0.000000E+0	0.000000E+0	1.964247E-4	2.976042E-9	0.000000E+0	0.000000E+0	1.049985E+1	0.000000E+0	0.000000E+0
24-Apr-25	12:55:10	-1.000000E-5	-1.500000E-4	1.520950E-1	2.380000E-5	-2.095000E-6	3.348000E-4	3.500000E-6	0.000000E+0	0.000000E+0	1.964247E-4	2.976042E-9	0.000000E+0	0.000000E+0	1.050104E+1	0.000000E+0	0.000000E+0
24-Apr-25	12:55:11	-1.000000E-5	-1.500000E-4	1.539900E-1	2.420500E-5	-2.395000E-6	3.345000E-4	4.100000E-6	0.000000E+0	0.000000E+0	1.964247E-4	2.976042E-9	0.000000E+0	0.000000E+0	1.050184E+1	0.000000E+0	0.000000E+0
24-Apr-25	12:55:12	-1.000000E-5	-1.500000E-4	1.555800E-1	2.443500E-5	-1.835000E-6	3.351000E-4	4.000000E-6	0.000000E+0	0.000000E+0	1.964247E-4	2.976042E-9	0.000000E+0	0.000000E+0	1.050239E+1	0.000000E+0	0.000000E+0
24-Apr-25	12:55:12	-1.000000E-5	-1.500000E-4	1.571600E-1	2.490500E-5	-1.935000E-6	3.341000E-4	4.000000E-6	0.000000E+0	0.000000E+0	1.964247E-4	2.976042E-9	0.000000E+0	0.000000E+0	1.050278E+1	0.000000E+0	0.000000E+0
24-Apr-25	12:55:13	-1.000000E-5	-1.500000E-4	1.587450E-1	2.480000E-5	-1.915000E-6	3.340500E-4	3.500000E-6	0.000000E+0	0.000000E+0	1.964247E-4	2.976042E-9	0.000000E+0	0.000000E+0	1.050302E+1	0.000000E+0	0.000000E+0
24-Apr-25	12:55:13	-1.000000E-5	-1.500000E-4	1.603350E-1	2.514000E-5	-2.260000E-6	3.339500E-4	3.250000E-6	0.000000E+0	0.000000E+0	1.964247E-4	2.976042E-9	0.000000E+0	0.000000E+0	1.050317E+1	0.000000E+0	0.000000E+0
24-Apr-25	12:55:14	-1.000000E-5	-1.500000E-4	1.620750E-1	2.503500E-5	-1.965000E-6	3.339000E-4	3.800000E-6	0.000000E+0	0.000000E+0	1.964247E-4	2.976042E-9	0.000000E+0	0.000000E+0	1.050329E+1	0.000000E+0	0.000000E+0
24-Apr-25	12:55:14	-1.000000E-5	-1.500000E-4	1.642950E-1	2.543500E-5	-2.185000E-6	3.335000E-4	3.800000E-6	0.000000E+0	0.000000E+0	1.964247E-4	2.976042E-9	0.000000E+0	0.000000E+0	1.050329E+1	0.000000E+0	0.000000E+0
24-Apr-25	12:55:15	-1.000000E-5	-1.500000E-4	1.663550E-1	2.550000E-5	-2.090000E-6	3.334000E-4	3.200000E-6	0.000000E+0	0.000000E+0	1.964247E-4	2.976042E-9	0.000000E+0	0.000000E+0	1.050301E+1	0.000000E+0	0.000000E+0
24-Apr-25	12:55:16	-1.000000E-5	-1.500000E-4	1.687750E-1	2.586500E-5	-1.985000E-6	3.325500E-4	4.100000E-6	0.000000E+0	0.000000E+0	1.964247E-4	2.976042E-9	0.000000E+0	0.000000E+0	1.050248E+1	0.000000E+0	0.000000E+0
24-Apr-25	12:55:16	-1.000000E-5	-1.500000E-4	1.706850E-1	2.611500E-5	-2.125000E-6	3.325500E-4	3.800000E-6	0.000000E+0	0.000000E+0	1.964247E-4	2.976042E-9	0.000000E+0	0.000000E+0	1.050197E+1	0.000000E+0	0.000000E+0
24-Apr-25	12:55:17	-1.000000E-5	-1.500000E-4	1.725900E-1	2.641000E-5	-2.150000E-6	3.321500E-4	3.800000E-6	0.000000E+0	0.000000E+0	1.964247E-4	2.976042E-9	0.000000E+0	0.000000E+0	1.050145E+1	0.000000E+0	0.000000E+0
24-Apr-25	12:55:17	-1.000000E-5	-1.500000E-4	1.741650E-1	2.645000E-5	-2.025000E-6	3.321000E-4	4.350000E-6	0.000000E+0	0.000000E+0	1.964247E-4	2.976042E-9	0.000000E+0	0.000000E+0	1.050099E+1	0.000000E+0	0.000000E+0
24-Apr-25	12:55:18	-1.000000E-5	-1.500000E-4	1.759150E-1	2.691000E-5	-2.240000E-6	3.317500E-4	3.450000E-6	0.000000E+0	0.000000E+0	1.964247E-4	2.976042E-9	0.000000E+0	0.000000E+0	1.050044E+1	0.000000E+0	0.000000E+0
24-Apr-25	12:55:18	-1.000000E-5	-1.500000E-4	1.775000E-1	2.709500E-5	-2.385000E-6	3.321500E-4	3.800000E-6	0.000000E+0	0.000000E+0	1.964247E-4	2.976042E-9	0.000000E+0	0.000000E+0	1.050004E+1	0.000000E+0	0.000000E+0
24-Apr-25	12:55:19	-1.000000E-5	-1.500000E-4	1.790850E-1	2.713500E-5	-2.370000E-6	3.314000E-4	3.550000E-6	0.000000E+0	0.000000E+0	1.964247E-4	2.976042E-9	0.000000E+0	0.000000E+0	1.049965E+1	0.000000E+0	0.000000E+0
24-Apr-25	12:55:20	-1.000000E-5	-1.500000E-4	1.809900E-1	2.778500E-5	-2.040000E-6	3.320500E-4	3.250000E-6	0.000000E+0	0.000000E+0	1.964247E-4	2.976042E-9	0.000000E+0	0.000000E+0	1.049910E+1	0.000000E+0	0.000000E+0
24-Apr-25	12:55:20	-1.000000E-5	-1.500000E-4	1.827500E-1	2.795000E-5	-2.300000E-6	3.312500E-4	4.350000E-6	0.000000E+0	0.000000E+0	1.964247E-4	2.976042E-9	0.000000E+0	0.000000E+0	1.049845E+1	0.000000E+0	0.000000E+0
24-Apr-25	12:55:21	-1.000000E-5	-1.500000E-4	1.846750E-1	2.799000E-5	-2.220000E-6	3.308500E-4	3.950000E-6	0.000000E+0	0.000000E+0	1.964247E-4	2.976042E-9	0.000000E+0	0.000000E+0	1.049811E+1	0.000000E+0	0.000000E+0
24-Apr-25	12:55:21	-1.000000E-5	-1.500000E-4	1.862650E-1	2.819000E-5	-2.280000E-6	3.306000E-4	3.750000E-6	0.000000E+0	0.000000E+0	1.964247E-4	2.976042E-9	0.000000E+0	0.000000E+0	1.049784E+1	0.000000E+0	0.000000E+0
24-Apr-25	12:55:22	-1.000000E-5	-1.500000E-4	1.883250E-1	2.829500E-5	-2.400000E-6	3.310500E-4	3.800000E-6	0.000000E+0	0.000000E+0	1.964247E-4	2.976042E-9	0.000000E+0	0.000000E+0	1.049739E+1	0.000000E+0	0.000000E+0
24-Apr-25	12:55:22	-1.000000E-5	-1.500000E-4	1.900700E-1	2.836000E-5	-2.480000E-6	3.310500E-4	3.400000E-6	0.000000E+0	0.000000E+0	1.964247E-4	2.976042E-9	0.000000E+0	0.000000E+0	1.049713E+1	0.000000E+0	0.000000E+0
24-Apr-25	12:55:23	-1.000000E-5	-1.500000E-4	1.916500E-1	2.859500E-5	-2.370000E-6	3.305500E-4	4.000000E-6	0.000000E+0	0.000000E+0	1.964247E-4	2.976042E-9	0.000000E+0	0.000000E+0	1.049691E+1	0.000000E+0	0.000000E+0
24-Apr-25	12:55:23	-1.000000E-5	-1.500000E-4	1.934000E-1	2.893500E-5	-2.445000E-6	3.302000E-4	3.400000E-6	0.000000E+0	0.000000E+0	1.964247E-4	2.976042E-9	0.000000E+0	0.000000E+0	1.049669E+1	0.000000E+0	0.000000E+0
24-Apr-25	12:55:24	-1.000000E-5	-1.500000E-4	1.951350E-1	2.939000E-5	-2.405000E-6	3.299500E-4	3.700000E-6	0.000000E+0	0.000000E+0	1.964247E-4	2.976042E-9	0.000000E+0	0.000000E+0	1.049646E+1	0.000000E+0	0.000000E+0
24-Apr-25	12:55:25	-1.000000E-5	-1.500000E-4	1.974050E-1	2.940500E-5	-2.460000E-6	3.302000E-4	3.800000E-6	0.000000E+0	0.000000E+0	1.964247E-4	2.976042E-9	0.000000E+0	0.000000E+0	1.049642E+1	0.000000E+0	0.000000E+0
24-Apr-25	12:55:25	-1.000000E-5	-1.500000E-4	1.996200E-1	2.973000E-5	-2.455000E-6	3.300000E-4	3.250000E-6	0.000000E+0	0.000000E+0	1.964247E-4	2.976042E-9	0.000000E+0	0.000000E+0	1.049684E+1	0.000000E+0	0.000000E+0
24-Apr-25	12:55:26	-1.000000E-5	-1.500000E-4	2.013700E-1	2.985000E-5	-2.460000E-6	3.291500E-4	3.750000E-6	0.000000E+0	0.000000E+0	1.964247E-4	2.976042E-9	0.000000E+0	0.000000E+0	1.049732E+1	0.000000E+0	0.000000E+0
24-Apr-25	12:55:27	-1.000000E-5	-1.500000E-4	2.029550E-1	2.995000E-5	-2.445000E-6	3.297500E-4	3.600000E-6	0.000000E+0	0.000000E+0	1.964247E-4	2.976042E-9	0.000000E+0	0.000000E+0	1.049797E+1	0.000000E+0	0.000000E+0
24-Apr-25	12:55:27	-1.000000E-5	-1.500000E-4	2.051750E-1	3.014500E-5	-2.490000E-6	3.294000E-4	3.850000E-6	0.000000E+0	0.000000E+0	1.964247E-4	2.976042E-9	0.000000E+0	0.000000E+0	1.049940E+1	0.000000E+0	0.000000E+0
24-Apr-25	12:55:28	-1.000000E-5	-1.500000E-4	2.067600E-1	3.022500E-5	-2.510000E-6	3.294000E-4	3.650000E-6	0.000000E+0	0.000000E+0	1.964247E-4	2.976042E-9	0.000000E+0	0.000000E+0	1.050076E+1	0.000000E+0	0.000000E+0
24-Apr-25	12:55:28	-1.000000E-5	-1.500000E-4	2.083450E-1	3.041000E-5	-2.555000E-6	3.284000E-4	4.000000E-6	0.000000E+0	0.000000E+0	1.964247E-4	2.976042E-9	0.000000E+0	0.000000E+0	1.050177E+1	0.000000E+0	0.000000E+0
24-Apr-25	12:55:29	-1.000000E-5	-1.500000E-4	2.099300E-1	3.049000E-5	-2.585000E-6	3.291500E-4	3.500000E-6	0.000000E+0	0.000000E+0	1.964247E-4	2.976042E-9	0.000000E+0	0.000000E+0	1.050269E+1	0.000000E+0	0.000000E+0
24-Apr-25	12:55:29	-1.000000E-5	-1.500000E-4	2.116700E-1	3.063000E-5	-2.475000E-6	3.290000E-4	3.300000E-6	0.000000E+0	0.000000E+0	1.964247E-4	2.976042E-9	0.000000E+0	0.000000E+0	1.050361E+1	0.000000E+0	0.000000E+0
24-Apr-25	12:55:30	-1.000000E-5	-1.500000E-4	2.137900E-1	3.082500E-5	-2.595000E-6	3.290000E-4	3.500000E-6	0.000000E+0	0.000000E+0	1.964247E-4	2.976042E-9	0.000000E+0	0.000000E+0	1.050495E+1	0.000000E+0	0.000000E+0
24-Apr-25	12:55:30	-1.000000E-5	-1.500000E-4	2.155250E-1	3.080500E-5	-2.570000E-6	3.285000E-4	4.150000E-6	0.000000E+0	0.000000E+0	1.964247E-4	2.976042E-9	0.000000E+0	0.000000E+0	1.050583E+1	0.000000E+0	0.000000E+0
24-Apr-25	12:55:31	-1.000000E-5	-1.500000E-4	2.171100E-1	3.099500E-5	-2.585000E-6	3.287500E-4	3.600000E-6	0.000000E+0	0.000000E+0	1.964247E-4	2.976042E-9	0.000000E+0	0.000000E+0	1.050679E+1	0.000000E+0	0.000000E+0
24-Apr-25	12:55:31	-1.000000E-5	-1.500000E-4	2.187000E-1	3.082500E-5	-2.525000E-6	3.285000E-4	3.950000E-6	0.000000E+0	0.000000E+0	1.964247E-4	2.976042E-9	0.000000E+0	0.000000E+0	1.050834E+1	0.000000E+0	0.000000E+0
24-Apr-25	12:55:32	-1.000000E-5	-1.500000E-4	2.204400E-1	3.070500E-5	-2.705000E-6	3.286500E-4	3.750000E-6	0.000000E+0	0.000000E+0	1.964247E-4	2.976042E-9	0.000000E+0	0.000000E+0	1.050981E+1	0.000000E+0	0.000000E+0
24-Apr-25	12:55:33	-1.000000E-5	-1.500000E-4	2.221800E-1	3.127000E-5	-2.515000E-6	3.280000E-4	3.650000E-6	0.000000E+0	0.000000E+0	1.964247E-4	2.976042E-9	0.000000E+0	0.000000E+0	1.051173E+1	0.000000E+0	0.000000E+0
24-Apr-25	12:55:33	-1.000000E-5	-1.500000E-4	2.237700E-1	3.130500E-5	-2.630000E-6	3.284000E-4	3.850000E-6	0.000000E+0	0.000000E+0	1.964247E-4	2.976042E-9	0.000000E+0	0.000000E+0	1.051332E+1	0.000000E+0	0.000000E+0
24-Apr-25	12:55:34	-1.000000E-5	-1.500000E-4	2.260100E-1	3.142000E-5	-2.530000E-6	3.282500E-4	4.150000E-6	0.000000E+0	0.000000E+0	1.964247E-4	2.976042E-9	0.000000E+0	0.000000E+0	1.051606E+1	0.000000E+0	0.000000E+0
24-Apr-25	12:55:34	-1.000000E-5	-1.500000E-4	2.282600E-1	3.154500E-5	-2.565000E-6	3.279000E-4	4.250000E-6	0.000000E+0	0.000000E+0	1.964247E-4	2.976042E-9	0.000000E+0	0.000000E+0	1.051766E+1	0.000000E+0	0.000000E+0
24-Apr-25	12:55:35	-1.000000E-5	-1.500000E-4	2.298350E-1	3.158500E-5	-2.610000E-6	3.277000E-4	3.950000E-6	0.000000E+0	0.000000E+0	1.964247E-4	2.976042E-9	0.000000E+0	0.000000E+0	1.051860E+1	0.000000E+0	0.000000E+0
24-Apr-25	12:55:36	-1.000000E-5	-1.500000E-4	2.315800E-1	3.161500E-5	-2.650000E-6	3.277500E-4	3.300000E-6	0.000000E+0	0.000000E+0	1.964247E-4	2.976042E-9	0.000000E+0	0.000000E+0	1.051932E+1	0.000000E+0	0.000000E+0
24-Apr-25	12:55:36	-1.000000E-5	-1.500000E-4	2.333200E-1	3.169500E-5	-2.630000E-6	3.279500E-4	3.700000E-6	0.000000E+0	0.000000E+0	1.964247E-4	2.976042E-9	0.000000E+0	0.000000E+0	1.051984E+1	0.000000E+0	0.000000E+0
24-Apr-25	12:55:37	-1.000000E-5	-1.500000E-4	2.349050E-1	3.171500E-5	-2.555000E-6	3.277000E-4	3.800000E-6	0.000000E+0	0.000000E+0	1.964247E-4	2.976042E-9	0.000000E+0	0.000000E+0	1.052001E+1	0.000000E+0	0.000000E+0
24-Apr-25	12:55:37	-1.000000E-5	-1.500000E-4	2.364950E-1	3.171000E-5	-2.570000E-6	3.276000E-4	4.250000E-6	0.000000E+0	0.000000E+0	1.964247E-4	2.976042E-9	0.000000E+0	0.000000E+0	1.052011E+1	0.000000E+0	0.000000E+0
24-Apr-25	12:55:38	-1.000000E-5	-1.500000E-4	2.383950E-1	3.177000E-5	-2.635000E-6	3.279500E-4	3.800000E-6	0.000000E+0	0.000000E+0	1.964247E-4	2.976042E-9	0.000000E+0	0.000000E+0	1.052041E+1	0.000000E+0	0.000000E+0
24-Apr-25	12:55:38	-1.000000E-5	-1.500000E-4	2.399850E-1	3.185000E-5	-2.625000E-6	3.283000E-4	4.050000E-6	0.000000E+0	0.000000E+0	1.964247E-4	2.976042E-9	0.000000E+0	0.000000E+0	1.052101E+1	0.000000E+0	0.000000E+0
24-Apr-25	12:55:39	-1.000000E-5	-1.500000E-4	2.417250E-1	3.191500E-5	-2.595000E-6	3.274500E-4	3.850000E-6	0.000000E+0	0.000000E+0	1.964247E-4	2.976042E-9	0.000000E+0	0.000000E+0	1.052214E+1	0.000000E+0	0.000000E+0
24-Apr-25	12:55:39	-1.000000E-5	-1.500000E-4	2.434700E-1	3.196500E-5	-2.620000E-6	3.281000E-4	4.000000E-6	0.000000E+0	0.000000E+0	1.964247E-4	2.976042E-9	0.000000E+0	0.000000E+0	1.052336E+1	0.000000E+0	0.000000E+0
24-Apr-25	12:55:40	-1.000000E-5	-1.500000E-4	2.460550E-1	3.204000E-5	-2.615000E-6	3.278500E-4	3.600000E-6	0.000000E+0	0.000000E+0	1.964247E-4	2.976042E-9	0.000000E+0	0.000000E+0	1.052611E+1	0.000000E+0	0.000000E+0
24-Apr-25	12:55:41	-1.000000E-5	-1.500000E-4	2.484250E-1	3.208000E-5	-2.620000E-6	3.273000E-4	4.050000E-6	0.000000E+0	0.000000E+0	1.964247E-4	2.976042E-9	0.000000E+0	0.000000E+0	1.052903E+1	0.000000E+0	0.000000E+0
24-Apr-25	12:55:42	-1.000000E-5	-1.500000E-4	2.508600E-1	3.216500E-5	-2.635000E-6	3.271500E-4	3.750000E-6	0.000000E+0	0.000000E+0	1.964247E-4	2.976042E-9	0.000000E+0	0.000000E+0	1.053127E+1	0.000000E+0	0.000000E+0
24-Apr-25	12:55:42	-1.000000E-5	-1.500000E-4	2.524450E-1	3.222500E-5	-2.665000E-6	3.270500E-4	3.950000E-6	0.000000E+0	0.000000E+0	1.964247E-4	2.976042E-9	0.000000E+0	0.000000E+0	1.053256E+1	0.000000E+0	0.000000E+0
24-Apr-25	12:55:43	-1.000000E-5	-1.500000E-4	2.540300E-1	3.219500E-5	-2.655000E-6	3.274500E-4	3.500000E-6	0.000000E+0	0.000000E+0	1.964247E-4	2.976042E-9	0.000000E+0	0.000000E+0	1.053357E+1	0.000000E+0	0.000000E+0
24-Apr-25	12:55:43	-1.000000E-5	-1.500000E-4	2.557750E-1	3.226000E-5	-2.680000E-6	3.275500E-4	3.700000E-6	0.000000E+0	0.000000E+0	1.964247E-4	2.976042E-9	0.000000E+0	0.000000E+0	1.053446E+1	0.000000E+0	0.000000E+0
24-Apr-25	12:55:44	-1.000000E-5	-1.500000E-4	2.573550E-1	3.230000E-5	-2.660000E-6	3.271000E-4	3.750000E-6	0.000000E+0	0.000000E+0	1.964247E-4	2.976042E-9	0.000000E+0	0.000000E+0	1.053488E+1	0.000000E+0	0.000000E+0
24-Apr-25	12:55:44	-1.000000E-5	-1.500000E-4	2.589400E-1	3.236000E-5	-2.700000E-6	3.268500E-4	3.500000E-6	0.000000E+0	0.000000E+0	1.964247E-4	2.976042E-9	0.000000E+0	0.000000E+0	1.053511E+1	0.000000E+0	0.000000E+0
24-Apr-25	12:55:45	-1.000000E-5	-1.500000E-4	2.605300E-1	3.243000E-5	-2.685000E-6	3.273000E-4	3.900000E-6	0.000000E+0	0.000000E+0	1.964247E-4	2.976042E-9	0.000000E+0	0.000000E+0	1.053518E+1	0.000000E+0	0.000000E+0
24-Apr-25	12:55:45	-1.000000E-5	-1.500000E-4	2.621100E-1	3.245000E-5	-2.680000E-6	3.270500E-4	3.500000E-6	0.000000E+0	0.000000E+0	1.964247E-4	2.976042E-9	0.000000E+0	0.000000E+0	1.053520E+1	0.000000E+0	0.000000E+0
24-Apr-25	12:55:46	-1.000000E-5	-1.500000E-4	2.638500E-1	3.245000E-5	-2.650000E-6	3.271000E-4	4.300000E-6	0.000000E+0	0.000000E+0	1.964247E-4	2.976042E-9	0.000000E+0	0.000000E+0	1.053520E+1	0.000000E+0	0.000000E+0
24-Apr-25	12:55:47	-1.000000E-5	-1.500000E-4	2.660950E-1	3.248000E-5	-2.690000E-6	3.267500E-4	2.950000E-6	0.000000E+0	0.000000E+0	1.964247E-4	2.976042E-9	0.000000E+0	0.000000E+0	1.053508E+1	0.000000E+0	0.000000E+0
24-Apr-25	12:55:47	-1.000000E-5	-1.500000E-4	2.678600E-1	3.259000E-5	-2.680000E-6	3.268500E-4	3.650000E-6	0.000000E+0	0.000000E+0	1.964247E-4	2.976042E-9	0.000000E+0	0.000000E+0	1.053502E+1	0.000000E+0	0.000000E+0
24-Apr-25	12:55:48	-1.000000E-5	-1.500000E-4	2.694450E-1	3.252500E-5	-2.595000E-6	3.266500E-4	3.900000E-6	0.000000E+0	0.000000E+0	1.964247E-4	2.976042E-9	0.000000E+0	0.000000E+0	1.053487E+1	0.000000E+0	0.000000E+0
24-Apr-25	12:55:48	-1.000000E-5	-1.500000E-4	2.710300E-1	3.268500E-5	-2.715000E-6	3.264500E-4	4.350000E-6	0.000000E+0	0.000000E+0	1.964247E-4	2.976042E-9	0.000000E+0	0.000000E+0	1.053457E+1	0.000000E+0	0.000000E+0
24-Apr-25	12:55:49	-1.000000E-5	-1.500000E-4	2.727750E-1	3.274000E-5	-2.645000E-6	3.268500E-4	3.400000E-6	0.000000E+0	0.000000E+0	1.964247E-4	2.976042E-9	0.000000E+0	0.000000E+0	1.053390E+1	0.000000E+0	0.000000E+0
24-Apr-25	12:55:49	-1.000000E-5	-1.500000E-4	2.743300E-1	3.279000E-5	-2.740000E-6	3.265000E-4	3.650000E-6	0.000000E+0	0.000000E+0	1.964247E-4	2.976042E-9	0.000000E+0	0.000000E+0	1.053315E+1	0.000000E+0	0.000000E+0
24-Apr-25	12:55:50	-1.000000E-5	-1.500000E-4	2.758900E-1	3.282500E-5	-2.705000E-6	3.268500E-4	4.350000E-6	0.000000E+0	0.000000E+0	1.964247E-4	2.976042E-9	0.000000E+0	0.000000E+0	1.053233E+1	0.000000E+0	0.000000E+0
24-Apr-25	12:55:50	-1.000000E-5	-1.500000E-4	2.777950E-1	3.288500E-5	-2.745000E-6	3.267500E-4	3.950000E-6	0.000000E+0	0.000000E+0	1.964247E-4	2.976042E-9	0.000000E+0	0.000000E+0	1.053117E+1	0.000000E+0	0.000000E+0
24-Apr-25	12:55:51	-1.000000E-5	-1.500000E-4	2.794300E-1	3.294500E-5	-2.665000E-6	3.261500E-4	3.700000E-6	0.000000E+0	0.000000E+0	1.964247E-4	2.976042E-9	0.000000E+0	0.000000E+0	1.053023E+1	0.000000E+0	0.000000E+0
24-Apr-25	12:55:51	-1.000000E-5	-1.500000E-4	2.810150E-1	3.303000E-5	-2.670000E-6	3.263000E-4	4.250000E-6	0.000000E+0	0.000000E+0	1.964247E-4	2.976042E-9	0.000000E+0	0.000000E+0	1.052912E+1	0.000000E+0	0.000000E+0
24-Apr-25	12:55:52	-1.000000E-5	-1.500000E-4	2.832300E-1	3.310000E-5	-2.670000E-6	3.266500E-4	3.950000E-6	0.000000E+0	0.000000E+0	1.964247E-4	2.976042E-9	0.000000E+0	0.000000E+0	1.052828E+1	0.000000E+0	0.000000E+0
24-Apr-25	12:55:52	-1.000000E-5	-1.500000E-4	2.851350E-1	3.319500E-5	-2.695000E-6	3.260500E-4	3.550000E-6	0.000000E+0	0.000000E+0	1.964247E-4	2.976042E-9	0.000000E+0	0.000000E+0	1.052798E+1	0.000000E+0	0.000000E+0
24-Apr-25	12:55:53	-1.000000E-5	-1.500000E-4	2.867200E-1	3.334500E-5	-2.750000E-6	3.261500E-4	3.750000E-6	0.000000E+0	0.000000E+0	1.964247E-4	2.976042E-9	0.000000E+0	0.000000E+0	1.052782E+1	0.000000E+0	0.000000E+0
24-Apr-25	12:55:53	-1.000000E-5	-1.500000E-4	2.883050E-1	3.342000E-5	-2.745000E-6	3.261000E-4	3.500000E-6	0.000000E+0	0.000000E+0	1.964247E-4	2.976042E-9	0.000000E+0	0.000000E+0	1.052787E+1	0.000000E+0	0.000000E+0
24-Apr-25	12:55:54	-1.000000E-5	-1.500000E-4	2.898950E-1	3.350000E-5	-2.765000E-6	3.265500E-4	3.650000E-6	0.000000E+0	0.000000E+0	1.964247E-4	2.976042E-9	0.000000E+0	0.000000E+0	1.052809E+1	0.000000E+0	0.000000E+0
24-Apr-25	12:55:55	-1.000000E-5	-1.500000E-4	2.914750E-1	3.348500E-5	-2.725000E-6	3.263500E-4	4.000000E-6	0.000000E+0	0.000000E+0	1.964247E-4	2.976042E-9	0.000000E+0	0.000000E+0	1.052849E+1	0.000000E+0	0.000000E+0
24-Apr-25	12:55:55	-1.000000E-5	-1.500000E-4	2.936950E-1	3.355000E-5	-2.705000E-6	3.264000E-4	4.000000E-6	0.000000E+0	0.000000E+0	1.964247E-4	2.976042E-9	0.000000E+0	0.000000E+0	1.052919E+1	0.000000E+0	0.000000E+0
24-Apr-25	12:55:56	-1.000000E-5	-1.500000E-4	2.955950E-1	3.366000E-5	-2.805000E-6	3.253000E-4	4.100000E-6	0.000000E+0	0.000000E+0	1.964247E-4	2.976042E-9	0.000000E+0	0.000000E+0	1.052974E+1	0.000000E+0	0.000000E+0
24-Apr-25	12:55:56	-1.000000E-5	-1.500000E-4	2.971800E-1	3.373500E-5	-2.790000E-6	3.260000E-4	3.550000E-6	0.000000E+0	0.000000E+0	1.964247E-4	2.976042E-9	0.000000E+0	0.000000E+0	1.053011E+1	0.000000E+0	0.000000E+0
24-Apr-25	12:55:57	-1.000000E-5	-1.500000E-4	2.987600E-1	3.370000E-5	-2.835000E-6	3.255500E-4	3.400000E-6	0.000000E+0	0.000000E+0	1.964247E-4	2.976042E-9	0.000000E+0	0.000000E+0	1.053051E+1	0.000000E+0	0.000000E+0
24-Apr-25	12:55:57	-1.000000E-5	-1.500000E-4	3.008200E-1	3.372000E-5	-2.825000E-6	3.257500E-4	4.200000E-6	0.000000E+0	0.000000E+0	1.964247E-4	2.976042E-9	0.000000E+0	0.000000E+0	1.053116E+1	0.000000E+0	0.000000E+0
24-Apr-25	12:55:58	-1.000000E-5	-1.500000E-4	3.024050E-1	3.378000E-5	-2.815000E-6	3.258500E-4	4.200000E-6	0.000000E+0	0.000000E+0	1.964247E-4	2.976042E-9	0.000000E+0	0.000000E+0	1.053190E+1	0.000000E+0	0.000000E+0
24-Apr-25	12:55:58	-1.000000E-5	-1.500000E-4	3.040250E-1	3.380000E-5	-2.790000E-6	3.259000E-4	3.500000E-6	0.000000E+0	0.000000E+0	1.964247E-4	2.976042E-9	0.000000E+0	0.000000E+0	1.053268E+1	0.000000E+0	0.000000E+0
24-Apr-25	12:55:59	-1.000000E-5	-1.500000E-4	3.057400E-1	3.385000E-5	-2.785000E-6	3.257500E-4	3.850000E-6	0.000000E+0	0.000000E+0	1.964247E-4	2.976042E-9	0.000000E+0	0.000000E+0	1.053363E+1	0.000000E+0	0.000000E+0
24-Apr-25	12:56:00	-1.000000E-5	-1.500000E-4	3.080050E-1	3.391500E-5	-2.760000E-6	3.261500E-4	3.100000E-6	0.000000E+0	0.000000E+0	1.964247E-4	2.976042E-9	0.000000E+0	0.000000E+0	1.053506E+1	0.000000E+0	0.000000E+0
24-Apr-25	12:56:00	-1.000000E-5	-1.500000E-4	3.095950E-1	3.394500E-5	-2.840000E-6	3.277500E-4	3.100000E-6	0.000000E+0	0.000000E+0	1.964247E-4	2.976042E-9	0.000000E+0	0.000000E+0	1.053594E+1	0.000000E+0	0.000000E+0
24-Apr-25	12:56:01	-1.000000E-5	-1.500000E-4	3.113450E-1	3.392000E-5	-2.865000E-6	3.250500E-4	3.900000E-6	0.000000E+0	0.000000E+0	1.964247E-4	2.976042E-9	0.000000E+0	0.000000E+0	1.053692E+1	0.000000E+0	0.000000E+0
24-Apr-25	12:56:01	-1.000000E-5	-1.500000E-4	3.129250E-1	3.400500E-5	-2.820000E-6	3.253000E-4	3.750000E-6	0.000000E+0	0.000000E+0	1.964247E-4	2.976042E-9	0.000000E+0	0.000000E+0	1.053757E+1	0.000000E+0	0.000000E+0
24-Apr-25	12:56:02	-1.000000E-5	-1.500000E-4	3.146650E-1	3.406000E-5	-2.790000E-6	3.254000E-4	3.950000E-6	0.000000E+0	0.000000E+0	1.964247E-4	2.976042E-9	0.000000E+0	0.000000E+0	1.053799E+1	0.000000E+0	0.000000E+0
24-Apr-25	12:56:02	-1.000000E-5	-1.500000E-4	3.162450E-1	3.416500E-5	-2.865000E-6	3.257500E-4	4.250000E-6	0.000000E+0	0.000000E+0	1.964247E-4	2.976042E-9	0.000000E+0	0.000000E+0	1.053835E+1	0.000000E+0	0.000000E+0
24-Apr-25	12:56:03	-1.000000E-5	-1.500000E-4	3.178300E-1	3.424500E-5	-2.930000E-6	3.254500E-4	3.500000E-6	0.000000E+0	0.000000E+0	1.964247E-4	2.976042E-9	0.000000E+0	0.000000E+0	1.053852E+1	0.000000E+0	0.000000E+0
24-Apr-25	12:56:04	-1.000000E-5	-1.500000E-4	3.200550E-1	3.417500E-5	-2.810000E-6	3.258000E-4	3.800000E-6	0.000000E+0	0.000000E+0	1.964247E-4	2.976042E-9	0.000000E+0	0.000000E+0	1.053837E+1	0.000000E+0	0.000000E+0
24-Apr-25	12:56:04	-1.000000E-5	-1.500000E-4	3.223200E-1	3.418000E-5	-2.760000E-6	3.252000E-4	3.900000E-6	0.000000E+0	0.000000E+0	1.964247E-4	2.976042E-9	0.000000E+0	0.000000E+0	1.053796E+1	0.000000E+0	0.000000E+0
24-Apr-25	12:56:05	-1.000000E-5	-1.500000E-4	3.246900E-1	3.436500E-5	-2.815000E-6	3.254500E-4	3.350000E-6	0.000000E+0	0.000000E+0	1.964247E-4	2.976042E-9	0.000000E+0	0.000000E+0	1.053703E+1	0.000000E+0	0.000000E+0
24-Apr-25	12:56:05	-1.000000E-5	-1.500000E-4	3.261050E-1	3.433000E-5	-2.805000E-6	3.254500E-4	3.750000E-6	0.000000E+0	0.000000E+0	1.964247E-4	2.976042E-9	0.000000E+0	0.000000E+0	1.053636E+1	0.000000E+0	0.000000E+0
24-Apr-25	12:56:06	-1.000000E-5	-1.500000E-4	3.278700E-1	3.435500E-5	-2.820000E-6	3.249000E-4	4.300000E-6	0.000000E+0	0.000000E+0	1.964247E-4	2.976042E-9	0.000000E+0	0.000000E+0	1.053554E+1	0.000000E+0	0.000000E+0
24-Apr-25	12:56:06	-1.000000E-5	-1.500000E-4	3.294550E-1	3.432500E-5	-2.835000E-6	3.247500E-4	3.950000E-6	0.000000E+0	0.000000E+0	1.964247E-4	2.976042E-9	0.000000E+0	0.000000E+0	1.053468E+1	0.000000E+0	0.000000E+0
24-Apr-25	12:56:07	-1.000000E-5	-1.500000E-4	3.310350E-1	3.434500E-5	-2.800000E-6	3.254000E-4	3.750000E-6	0.000000E+0	0.000000E+0	1.964247E-4	2.976042E-9	0.000000E+0	0.000000E+0	1.053383E+1	0.000000E+0	0.000000E+0
24-Apr-25	12:56:07	-1.000000E-5	-1.500000E-4	3.326150E-1	3.446500E-5	-2.825000E-6	3.252000E-4	4.200000E-6	0.000000E+0	0.000000E+0	1.964247E-4	2.976042E-9	0.000000E+0	0.000000E+0	1.053296E+1	0.000000E+0	0.000000E+0
24-Apr-25	12:56:08	-1.000000E-5	-1.500000E-4	3.342000E-1	3.455000E-5	-2.860000E-6	3.251500E-4	4.450000E-6	0.000000E+0	0.000000E+0	1.964247E-4	2.976042E-9	0.000000E+0	0.000000E+0	1.053200E+1	0.000000E+0	0.000000E+0
24-Apr-25	12:56:08	-1.000000E-5	-1.500000E-4	3.357900E-1	3.456000E-5	-2.895000E-6	3.246500E-4	4.500000E-6	0.000000E+0	0.000000E+0	1.964247E-4	2.976042E-9	0.000000E+0	0.000000E+0	1.053129E+1	0.000000E+0	0.000000E+0
24-Apr-25	12:56:09	-1.000000E-5	-1.500000E-4	3.375350E-1	3.473500E-5	-2.900000E-6	3.246000E-4	3.600000E-6	0.000000E+0	0.000000E+0	1.964247E-4	2.976042E-9	0.000000E+0	0.000000E+0	1.053066E+1	0.000000E+0	0.000000E+0
24-Apr-25	12:56:10	-1.000000E-5	-1.500000E-4	3.397550E-1	3.487500E-5	-2.880000E-6	3.245000E-4	3.900000E-6	0.000000E+0	0.000000E+0	1.964247E-4	2.976042E-9	0.000000E+0	0.000000E+0	1.052993E+1	0.000000E+0	0.000000E+0
24-Apr-25	12:56:10	-1.000000E-5	-1.500000E-4	3.418700E-1	3.488000E-5	-2.820000E-6	3.251000E-4	3.750000E-6	0.000000E+0	0.000000E+0	1.964247E-4	2.976042E-9	0.000000E+0	0.000000E+0	1.052932E+1	0.000000E+0	0.000000E+0
24-Apr-25	12:56:11	-1.000000E-5	-1.500000E-4	3.434550E-1	3.489500E-5	-2.890000E-6	3.249000E-4	4.000000E-6	0.000000E+0	0.000000E+0	1.964247E-4	2.976042E-9	0.000000E+0	0.000000E+0	1.052861E+1	0.000000E+0	0.000000E+0
24-Apr-25	12:56:11	-1.000000E-5	-1.500000E-4	3.451950E-1	3.501500E-5	-2.830000E-6	3.247500E-4	3.950000E-6	0.000000E+0	0.000000E+0	1.964247E-4	2.976042E-9	0.000000E+0	0.000000E+0	1.052797E+1	0.000000E+0	0.000000E+0
24-Apr-25	12:56:12	-1.000000E-5	-1.500000E-4	3.467850E-1	3.506500E-5	-2.865000E-6	3.248000E-4	3.500000E-6	0.000000E+0	0.000000E+0	1.964247E-4	2.976042E-9	0.000000E+0	0.000000E+0	1.052735E+1	0.000000E+0	0.000000E+0
24-Apr-25	12:56:13	-1.000000E-5	-1.500000E-4	3.485250E-1	3.518000E-5	-2.910000E-6	3.241500E-4	3.850000E-6	0.000000E+0	0.000000E+0	1.964247E-4	2.976042E-9	0.000000E+0	0.000000E+0	1.052665E+1	0.000000E+0	0.000000E+0
24-Apr-25	12:56:13	-1.000000E-5	-1.500000E-4	3.502650E-1	3.524000E-5	-2.880000E-6	3.241000E-4	4.000000E-6	0.000000E+0	0.000000E+0	1.964247E-4	2.976042E-9	0.000000E+0	0.000000E+0	1.052619E+1	0.000000E+0	0.000000E+0
24-Apr-25	12:56:14	-1.000000E-5	-1.500000E-4	3.518500E-1	3.528000E-5	-2.900000E-6	3.243000E-4	3.850000E-6	0.000000E+0	0.000000E+0	1.964247E-4	2.976042E-9	0.000000E+0	0.000000E+0	1.052581E+1	0.000000E+0	0.000000E+0
24-Apr-25	12:56:14	-1.000000E-5	-1.500000E-4	3.534300E-1	3.532000E-5	-2.885000E-6	3.242500E-4	3.900000E-6	0.000000E+0	0.000000E+0	1.964247E-4	2.976042E-9	0.000000E+0	0.000000E+0	1.052578E+1	0.000000E+0	0.000000E+0
24-Apr-25	12:56:15	-1.000000E-5	-1.500000E-4	3.554950E-1	3.541500E-5	-2.915000E-6	3.242000E-4	3.700000E-6	0.000000E+0	0.000000E+0	1.964247E-4	2.976042E-9	0.000000E+0	0.000000E+0	1.052600E+1	0.000000E+0	0.000000E+0
24-Apr-25	12:56:15	-1.000000E-5	-1.500000E-4	3.570800E-1	3.552000E-5	-2.860000E-6	3.242000E-4	3.300000E-6	0.000000E+0	0.000000E+0	1.964247E-4	2.976042E-9	0.000000E+0	0.000000E+0	1.052637E+1	0.000000E+0	0.000000E+0
24-Apr-25	12:56:16	-1.000000E-5	-1.500000E-4	3.586650E-1	3.560500E-5	-2.860000E-6	3.237000E-4	3.800000E-6	0.000000E+0	0.000000E+0	1.964247E-4	2.976042E-9	0.000000E+0	0.000000E+0	1.052684E+1	0.000000E+0	0.000000E+0
24-Apr-25	12:56:16	-1.000000E-5	-1.500000E-4	3.604100E-1	3.566500E-5	-2.955000E-6	3.241500E-4	4.000000E-6	0.000000E+0	0.000000E+0	1.964247E-4	2.976042E-9	0.000000E+0	0.000000E+0	1.052756E+1	0.000000E+0	0.000000E+0
24-Apr-25	12:56:17	-1.000000E-5	-1.500000E-4	3.619900E-1	3.563000E-5	-2.850000E-6	3.241500E-4	4.300000E-6	0.000000E+0	0.000000E+0	1.964247E-4	2.976042E-9	0.000000E+0	0.000000E+0	1.052816E+1	0.000000E+0	0.000000E+0
24-Apr-25	12:56:17	-1.000000E-5	-1.500000E-4	3.635800E-1	3.583000E-5	-2.915000E-6	3.235500E-4	3.850000E-6	0.000000E+0	0.000000E+0	1.964247E-4	2.976042E-9	0.000000E+0	0.000000E+0	1.052872E+1	0.000000E+0	0.000000E+0
24-Apr-25	12:56:18	-1.000000E-5	-1.500000E-4	3.653200E-1	3.590000E-5	-2.885000E-6	3.239500E-4	3.400000E-6	0.000000E+0	0.000000E+0	1.964247E-4	2.976042E-9	0.000000E+0	0.000000E+0	1.052934E+1	0.000000E+0	0.000000E+0
24-Apr-25	12:56:18	-1.000000E-5	-1.500000E-4	3.670600E-1	3.587000E-5	-2.930000E-6	3.233500E-4	3.950000E-6	0.000000E+0	0.000000E+0	1.964247E-4	2.976042E-9	0.000000E+0	0.000000E+0	1.052973E+1	0.000000E+0	0.000000E+0
24-Apr-25	12:56:19	-1.000000E-5	-1.500000E-4	3.688050E-1	3.588500E-5	-2.880000E-6	3.236500E-4	3.900000E-6	0.000000E+0	0.000000E+0	1.964247E-4	2.976042E-9	0.000000E+0	0.000000E+0	1.053007E+1	0.000000E+0	0.000000E+0
24-Apr-25	12:56:20	-1.000000E-5	-1.500000E-4	3.705500E-1	3.593500E-5	-2.915000E-6	3.239000E-4	3.750000E-6	0.000000E+0	0.000000E+0	1.964247E-4	2.976042E-9	0.000000E+0	0.000000E+0	1.053023E+1	0.000000E+0	0.000000E+0
24-Apr-25	12:56:20	-1.000000E-5	-1.500000E-4	3.728250E-1	3.600500E-5	-2.990000E-6	3.228500E-4	3.700000E-6	0.000000E+0	0.000000E+0	1.964247E-4	2.976042E-9	0.000000E+0	0.000000E+0	1.053030E+1	0.000000E+0	0.000000E+0
24-Apr-25	12:56:21	-1.000000E-5	-1.500000E-4	3.750400E-1	3.607500E-5	-3.070000E-6	3.242000E-4	3.650000E-6	0.000000E+0	0.000000E+0	1.964247E-4	2.976042E-9	0.000000E+0	0.000000E+0	1.053024E+1	0.000000E+0	0.000000E+0
24-Apr-25	12:56:22	-1.000000E-5	-1.500000E-4	3.772850E-1	3.613500E-5	-2.955000E-6	3.237000E-4	4.150000E-6	0.000000E+0	0.000000E+0	1.964247E-4	2.976042E-9	0.000000E+0	0.000000E+0	1.052988E+1	0.000000E+0	0.000000E+0
24-Apr-25	12:56:22	-1.000000E-5	-1.500000E-4	3.793450E-1	3.616500E-5	-2.880000E-6	3.239000E-4	4.100000E-6	0.000000E+0	0.000000E+0	1.964247E-4	2.976042E-9	0.000000E+0	0.000000E+0	1.052949E+1	0.000000E+0	0.000000E+0
24-Apr-25	12:56:23	-1.000000E-5	-1.500000E-4	3.809550E-1	3.611500E-5	-2.935000E-6	3.239500E-4	3.900000E-6	0.000000E+0	0.000000E+0	1.964247E-4	2.976042E-9	0.000000E+0	0.000000E+0	1.052886E+1	0.000000E+0	0.000000E+0
24-Apr-25	12:56:23	-1.000000E-5	-1.500000E-4	3.825350E-1	3.608000E-5	-2.970000E-6	3.234000E-4	3.800000E-6	0.000000E+0	0.000000E+0	1.964247E-4	2.976042E-9	0.000000E+0	0.000000E+0	1.052818E+1	0.000000E+0	0.000000E+0
24-Apr-25	12:56:24	-1.000000E-5	-1.500000E-4	3.849150E-1	3.610000E-5	-2.880000E-6	3.234500E-4	3.800000E-6	0.000000E+0	0.000000E+0	1.964247E-4	2.976042E-9	0.000000E+0	0.000000E+0	1.052657E+1	0.000000E+0	0.000000E+0
24-Apr-25	12:56:25	-1.000000E-5	-1.500000E-4	3.869700E-1	3.610000E-5	-2.975000E-6	3.236000E-4	3.400000E-6	0.000000E+0	0.000000E+0	1.964247E-4	2.976042E-9	0.000000E+0	0.000000E+0	1.052509E+1	0.000000E+0	0.000000E+0
24-Apr-25	12:56:25	-1.000000E-5	-1.500000E-4	3.885550E-1	3.609500E-5	-2.940000E-6	3.233500E-4	3.800000E-6	0.000000E+0	0.000000E+0	1.964247E-4	2.976042E-9	0.000000E+0	0.000000E+0	1.052411E+1	0.000000E+0	0.000000E+0
24-Apr-25	12:56:26	-1.000000E-5	-1.500000E-4	3.909450E-1	3.607000E-5	-2.985000E-6	3.240500E-4	4.350000E-6	0.000000E+0	0.000000E+0	1.964247E-4	2.976042E-9	0.000000E+0	0.000000E+0	1.052138E+1	0.000000E+0	0.000000E+0
24-Apr-25	12:56:27	-1.000000E-5	-1.500000E-4	3.928600E-1	3.608000E-5	-2.960000E-6	3.235500E-4	3.700000E-6	0.000000E+0	0.000000E+0	1.964247E-4	2.976042E-9	0.000000E+0	0.000000E+0	1.052000E+1	0.000000E+0	0.000000E+0
24-Apr-25	12:56:27	-1.000000E-5	-1.500000E-4	3.945900E-1	3.607000E-5	-2.915000E-6	3.238500E-4	3.850000E-6	0.000000E+0	0.000000E+0	1.964247E-4	2.976042E-9	0.000000E+0	0.000000E+0	1.051835E+1	0.000000E+0	0.000000E+0
24-Apr-25	12:56:28	-1.000000E-5	-1.500000E-4	3.961650E-1	3.608500E-5	-2.960000E-6	3.235000E-4	3.700000E-6	0.000000E+0	0.000000E+0	1.964247E-4	2.976042E-9	0.000000E+0	0.000000E+0	1.051743E+1	0.000000E+0	0.000000E+0
24-Apr-25	12:56:28	-1.000000E-5	-1.500000E-4	3.978800E-1	3.610500E-5	-2.935000E-6	3.232000E-4	3.550000E-6	0.000000E+0	0.000000E+0	1.964247E-4	2.976042E-9	0.000000E+0	0.000000E+0	1.051615E+1	0.000000E+0	0.000000E+0
24-Apr-25	12:56:29	-1.000000E-5	-1.500000E-4	3.997550E-1	3.612500E-5	-2.980000E-6	3.235500E-4	4.100000E-6	0.000000E+0	0.000000E+0	1.964247E-4	2.976042E-9	0.000000E+0	0.000000E+0	1.051498E+1	0.000000E+0	0.000000E+0
24-Apr-25	12:56:29	-1.000000E-5	-1.500000E-4	4.014650E-1	3.605500E-5	-2.790000E-6	3.234500E-4	3.950000E-6	0.000000E+0	0.000000E+0	1.964247E-4	2.976042E-9	0.000000E+0	0.000000E+0	1.051398E+1	0.000000E+0	0.000000E+0
24-Apr-25	12:56:30	-1.000000E-5	-1.500000E-4	4.032300E-1	3.609500E-5	-2.945000E-6	3.237500E-4	3.550000E-6	0.000000E+0	0.000000E+0	1.964247E-4	2.976042E-9	0.000000E+0	0.000000E+0	1.051333E+1	0.000000E+0	0.000000E+0
24-Apr-25	12:56:31	-1.000000E-5	-1.500000E-4	4.053950E-1	3.600500E-5	-2.975000E-6	3.235000E-4	3.800000E-6	0.000000E+0	0.000000E+0	1.964247E-4	2.976042E-9	0.000000E+0	0.000000E+0	1.051276E+1	0.000000E+0	0.000000E+0
24-Apr-25	12:56:31	-1.000000E-5	-1.500000E-4	4.074100E-1	3.607000E-5	-2.885000E-6	3.237500E-4	3.800000E-6	0.000000E+0	0.000000E+0	1.964247E-4	2.976042E-9	0.000000E+0	0.000000E+0	1.051251E+1	0.000000E+0	0.000000E+0
24-Apr-25	12:56:32	-1.000000E-5	-1.500000E-4	4.089550E-1	3.599500E-5	-2.815000E-6	3.240000E-4	3.550000E-6	0.000000E+0	0.000000E+0	1.964247E-4	2.976042E-9	0.000000E+0	0.000000E+0	1.051248E+1	0.000000E+0	0.000000E+0
24-Apr-25	12:56:32	-1.000000E-5	-1.500000E-4	4.104950E-1	3.591500E-5	-2.925000E-6	3.234000E-4	3.800000E-6	0.000000E+0	0.000000E+0	1.964247E-4	2.976042E-9	0.000000E+0	0.000000E+0	1.051255E+1	0.000000E+0	0.000000E+0
24-Apr-25	12:56:33	-1.000000E-5	-1.500000E-4	4.121800E-1	3.609500E-5	-3.015000E-6	3.237000E-4	3.800000E-6	0.000000E+0	0.000000E+0	1.964247E-4	2.976042E-9	0.000000E+0	0.000000E+0	1.051266E+1	0.000000E+0	0.000000E+0
24-Apr-25	12:56:33	-1.000000E-5	-1.500000E-4	4.137100E-1	3.609500E-5	-2.950000E-6	3.235500E-4	3.650000E-6	0.000000E+0	0.000000E+0	1.964247E-4	2.976042E-9	0.000000E+0	0.000000E+0	1.051273E+1	0.000000E+0	0.000000E+0
24-Apr-25	12:56:34	-1.000000E-5	-1.500000E-4	4.152400E-1	3.610500E-5	-2.960000E-6	3.230500E-4	4.250000E-6	0.000000E+0	0.000000E+0	1.964247E-4	2.976042E-9	0.000000E+0	0.000000E+0	1.051273E+1	0.000000E+0	0.000000E+0
24-Apr-25	12:56:34	-1.000000E-5	-1.500000E-4	4.169200E-1	3.623000E-5	-3.000000E-6	3.236000E-4	3.650000E-6	0.000000E+0	0.000000E+0	1.964247E-4	2.976042E-9	0.000000E+0	0.000000E+0	1.051266E+1	0.000000E+0	0.000000E+0
24-Apr-25	12:56:35	-1.000000E-5	-1.500000E-4	4.184400E-1	3.616000E-5	-3.015000E-6	3.238000E-4	3.750000E-6	0.000000E+0	0.000000E+0	1.964247E-4	2.976042E-9	0.000000E+0	0.000000E+0	1.051247E+1	0.000000E+0	0.000000E+0
24-Apr-25	12:56:35	-1.000000E-5	-1.500000E-4	4.201100E-1	3.610000E-5	-3.155000E-6	3.234000E-4	4.350000E-6	0.000000E+0	0.000000E+0	1.964247E-4	2.976042E-9	0.000000E+0	0.000000E+0	1.051225E+1	0.000000E+0	0.000000E+0
24-Apr-25	12:56:36	-1.000000E-5	-1.500000E-4	4.216250E-1	3.607000E-5	-2.985000E-6	3.241500E-4	3.600000E-6	0.000000E+0	0.000000E+0	1.964247E-4	2.976042E-9	0.000000E+0	0.000000E+0	1.051212E+1	0.000000E+0	0.000000E+0
24-Apr-25	12:56:36	-1.000000E-5	-1.500000E-4	4.234400E-1	3.611000E-5	-2.945000E-6	3.234500E-4	4.200000E-6	0.000000E+0	0.000000E+0	1.964247E-4	2.976042E-9	0.000000E+0	0.000000E+0	1.051218E+1	0.000000E+0	0.000000E+0
24-Apr-25	12:56:37	-1.000000E-5	-1.500000E-4	4.249500E-1	3.606000E-5	-2.965000E-6	3.234500E-4	3.950000E-6	0.000000E+0	0.000000E+0	1.964247E-4	2.976042E-9	0.000000E+0	0.000000E+0	1.051236E+1	0.000000E+0	0.000000E+0
24-Apr-25	12:56:37	-1.000000E-5	-1.500000E-4	4.266100E-1	3.607500E-5	-2.960000E-6	3.244000E-4	4.050000E-6	0.000000E+0	0.000000E+0	1.964247E-4	2.976042E-9	0.000000E+0	0.000000E+0	1.051284E+1	0.000000E+0	0.000000E+0
24-Apr-25	12:56:38	-1.000000E-5	-1.500000E-4	4.281350E-1	3.607500E-5	-2.955000E-6	3.232000E-4	3.850000E-6	0.000000E+0	0.000000E+0	1.964247E-4	2.976042E-9	0.000000E+0	0.000000E+0	1.051339E+1	0.000000E+0	0.000000E+0
24-Apr-25	12:56:39	-1.000000E-5	-1.500000E-4	4.299600E-1	3.604000E-5	-2.950000E-6	3.239500E-4	3.800000E-6	0.000000E+0	0.000000E+0	1.964247E-4	2.976042E-9	0.000000E+0	0.000000E+0	1.051418E+1	0.000000E+0	0.000000E+0
24-Apr-25	12:56:39	-1.000000E-5	-1.500000E-4	4.316050E-1	3.609500E-5	-3.025000E-6	3.236500E-4	3.700000E-6	0.000000E+0	0.000000E+0	1.964247E-4	2.976042E-9	0.000000E+0	0.000000E+0	1.051470E+1	0.000000E+0	0.000000E+0
24-Apr-25	12:56:40	-1.000000E-5	-1.500000E-4	4.330950E-1	3.610000E-5	-3.010000E-6	3.236500E-4	3.250000E-6	0.000000E+0	0.000000E+0	1.964247E-4	2.976042E-9	0.000000E+0	0.000000E+0	1.051528E+1	0.000000E+0	0.000000E+0
24-Apr-25	12:56:40	-1.000000E-5	-1.500000E-4	4.345850E-1	3.615000E-5	-2.935000E-6	3.234500E-4	4.100000E-6	0.000000E+0	0.000000E+0	1.964247E-4	2.976042E-9	0.000000E+0	0.000000E+0	1.051577E+1	0.000000E+0	0.000000E+0
24-Apr-25	12:56:41	-1.000000E-5	-1.500000E-4	4.366650E-1	3.608500E-5	-3.035000E-6	3.236500E-4	3.300000E-6	0.000000E+0	0.000000E+0	1.964247E-4	2.976042E-9	0.000000E+0	0.000000E+0	1.051688E+1	0.000000E+0	0.000000E+0
24-Apr-25	12:56:41	-1.000000E-5	-1.500000E-4	4.385900E-1	3.606000E-5	-3.005000E-6	3.239500E-4	4.100000E-6	0.000000E+0	0.000000E+0	1.964247E-4	2.976042E-9	0.000000E+0	0.000000E+0	1.051781E+1	0.000000E+0	0.000000E+0
24-Apr-25	12:56:42	-1.000000E-5	-1.500000E-4	4.400700E-1	3.605000E-5	-2.975000E-6	3.235000E-4	3.950000E-6	0.000000E+0	0.000000E+0	1.964247E-4	2.976042E-9	0.000000E+0	0.000000E+0	1.051905E+1	0.000000E+0	0.000000E+0
24-Apr-25	12:56:43	-1.000000E-5	-1.500000E-4	4.421850E-1	3.606500E-5	-2.875000E-6	3.233500E-4	3.450000E-6	0.000000E+0	0.000000E+0	1.964247E-4	2.976042E-9	0.000000E+0	0.000000E+0	1.052126E+1	0.000000E+0	0.000000E+0
24-Apr-25	12:56:44	-1.000000E-5	-1.500000E-4	4.445350E-1	3.610000E-5	-2.915000E-6	3.236500E-4	3.250000E-6	0.000000E+0	0.000000E+0	1.964247E-4	2.976042E-9	0.000000E+0	0.000000E+0	1.052356E+1	0.000000E+0	0.000000E+0
24-Apr-25	12:56:44	-1.000000E-5	-1.500000E-4	4.467800E-1	3.613500E-5	-2.895000E-6	3.236000E-4	3.700000E-6	0.000000E+0	0.000000E+0	1.964247E-4	2.976042E-9	0.000000E+0	0.000000E+0	1.052584E+1	0.000000E+0	0.000000E+0
24-Apr-25	12:56:45	-1.000000E-5	-1.500000E-4	4.482400E-1	3.613000E-5	-2.915000E-6	3.233500E-4	3.650000E-6	0.000000E+0	0.000000E+0	1.964247E-4	2.976042E-9	0.000000E+0	0.000000E+0	1.052672E+1	0.000000E+0	0.000000E+0
24-Apr-25	12:56:45	-1.000000E-5	-1.500000E-4	4.497000E-1	3.607500E-5	-2.990000E-6	3.239000E-4	3.950000E-6	0.000000E+0	0.000000E+0	1.964247E-4	2.976042E-9	0.000000E+0	0.000000E+0	1.052734E+1	0.000000E+0	0.000000E+0
24-Apr-25	12:56:46	-1.000000E-5	-1.500000E-4	4.511550E-1	3.609000E-5	-3.030000E-6	3.237500E-4	4.000000E-6	0.000000E+0	0.000000E+0	1.964247E-4	2.976042E-9	0.000000E+0	0.000000E+0	1.052784E+1	0.000000E+0	0.000000E+0
24-Apr-25	12:56:47	-1.000000E-5	-1.500000E-4	4.531850E-1	3.609000E-5	-2.895000E-6	3.229500E-4	3.250000E-6	0.000000E+0	0.000000E+0	1.964247E-4	2.976042E-9	0.000000E+0	0.000000E+0	1.052825E+1	0.000000E+0	0.000000E+0
24-Apr-25	12:56:47	-1.000000E-5	-1.500000E-4	4.555300E-1	3.605500E-5	-2.855000E-6	3.232000E-4	4.050000E-6	0.000000E+0	0.000000E+0	1.964247E-4	2.976042E-9	0.000000E+0	0.000000E+0	1.052875E+1	0.000000E+0	0.000000E+0
24-Apr-25	12:56:48	-1.000000E-5	-1.500000E-4	4.574250E-1	3.611000E-5	-2.940000E-6	3.239000E-4	3.350000E-6	0.000000E+0	0.000000E+0	1.964247E-4	2.976042E-9	0.000000E+0	0.000000E+0	1.052899E+1	0.000000E+0	0.000000E+0
24-Apr-25	12:56:48	-1.000000E-5	-1.500000E-4	4.588650E-1	3.615000E-5	-2.905000E-6	3.238500E-4	3.800000E-6	0.000000E+0	0.000000E+0	1.964247E-4	2.976042E-9	0.000000E+0	0.000000E+0	1.052918E+1	0.000000E+0	0.000000E+0
24-Apr-25	12:56:49	-1.000000E-5	-1.500000E-4	4.603050E-1	3.617500E-5	-2.945000E-6	3.237500E-4	4.100000E-6	0.000000E+0	0.000000E+0	1.964247E-4	2.976042E-9	0.000000E+0	0.000000E+0	1.052924E+1	0.000000E+0	0.000000E+0
24-Apr-25	12:56:49	-1.000000E-5	-1.500000E-4	4.617400E-1	3.618000E-5	-2.980000E-6	3.236500E-4	3.350000E-6	0.000000E+0	0.000000E+0	1.964247E-4	2.976042E-9	0.000000E+0	0.000000E+0	1.052903E+1	0.000000E+0	0.000000E+0
24-Apr-25	12:56:50	-1.000000E-5	-1.500000E-4	4.633100E-1	3.610000E-5	-2.970000E-6	3.233000E-4	4.100000E-6	0.000000E+0	0.000000E+0	1.964247E-4	2.976042E-9	0.000000E+0	0.000000E+0	1.052866E+1	0.000000E+0	0.000000E+0
24-Apr-25	12:56:51	-1.000000E-5	-1.500000E-4	4.651600E-1	3.609500E-5	-2.935000E-6	3.242000E-4	3.550000E-6	0.000000E+0	0.000000E+0	1.964247E-4	2.976042E-9	0.000000E+0	0.000000E+0	1.052796E+1	0.000000E+0	0.000000E+0
24-Apr-25	12:56:51	-1.000000E-5	-1.500000E-4	4.665900E-1	3.612500E-5	-2.975000E-6	3.241000E-4	3.800000E-6	0.000000E+0	0.000000E+0	1.964247E-4	2.976042E-9	0.000000E+0	0.000000E+0	1.052737E+1	0.000000E+0	0.000000E+0
24-Apr-25	12:56:52	-1.000000E-5	-1.500000E-4	4.680050E-1	3.607000E-5	-2.935000E-6	3.235500E-4	3.850000E-6	0.000000E+0	0.000000E+0	1.964247E-4	2.976042E-9	0.000000E+0	0.000000E+0	1.052670E+1	0.000000E+0	0.000000E+0
24-Apr-25	12:56:52	-1.000000E-5	-1.500000E-4	4.694250E-1	3.601500E-5	-2.945000E-6	3.238000E-4	3.450000E-6	0.000000E+0	0.000000E+0	1.964247E-4	2.976042E-9	0.000000E+0	0.000000E+0	1.052604E+1	0.000000E+0	0.000000E+0
24-Apr-25	12:56:53	-1.000000E-5	-1.500000E-4	4.708350E-1	3.602000E-5	-2.965000E-6	3.233500E-4	3.800000E-6	0.000000E+0	0.000000E+0	1.964247E-4	2.976042E-9	0.000000E+0	0.000000E+0	1.052537E+1	0.000000E+0	0.000000E+0
24-Apr-25	12:56:53	-1.000000E-5	-1.500000E-4	4.723950E-1	3.613500E-5	-2.940000E-6	3.236000E-4	3.950000E-6	0.000000E+0	0.000000E+0	1.964247E-4	2.976042E-9	0.000000E+0	0.000000E+0	1.052449E+1	0.000000E+0	0.000000E+0
24-Apr-25	12:56:54	-1.000000E-5	-1.500000E-4	4.742250E-1	3.612500E-5	-2.940000E-6	3.236500E-4	3.450000E-6	0.000000E+0	0.000000E+0	1.964247E-4	2.976042E-9	0.000000E+0	0.000000E+0	1.052346E+1	0.000000E+0	0.000000E+0
24-Apr-25	12:56:54	-1.000000E-5	-1.500000E-4	4.756300E-1	3.608500E-5	-2.970000E-6	3.236000E-4	3.700000E-6	0.000000E+0	0.000000E+0	1.964247E-4	2.976042E-9	0.000000E+0	0.000000E+0	1.052245E+1	0.000000E+0	0.000000E+0
24-Apr-25	12:56:55	-1.000000E-5	-1.500000E-4	4.770300E-1	3.610000E-5	-3.015000E-6	3.241000E-4	3.650000E-6	0.000000E+0	0.000000E+0	1.964247E-4	2.976042E-9	0.000000E+0	0.000000E+0	1.052163E+1	0.000000E+0	0.000000E+0
24-Apr-25	12:56:55	-1.000000E-5	-1.500000E-4	4.784300E-1	3.607500E-5	-2.945000E-6	3.230500E-4	3.950000E-6	0.000000E+0	0.000000E+0	1.964247E-4	2.976042E-9	0.000000E+0	0.000000E+0	1.052079E+1	0.000000E+0	0.000000E+0
24-Apr-25	12:56:56	-1.000000E-5	-1.500000E-4	4.798300E-1	3.611000E-5	-2.925000E-6	3.235000E-4	4.100000E-6	0.000000E+0	0.000000E+0	1.964247E-4	2.976042E-9	0.000000E+0	0.000000E+0	1.051998E+1	0.000000E+0	0.000000E+0
24-Apr-25	12:56:56	-1.000000E-5	-1.500000E-4	4.813600E-1	3.607500E-5	-2.940000E-6	3.231500E-4	4.250000E-6	0.000000E+0	0.000000E+0	1.964247E-4	2.976042E-9	0.000000E+0	0.000000E+0	1.051928E+1	0.000000E+0	0.000000E+0
24-Apr-25	12:56:57	-1.000000E-5	-1.500000E-4	4.827500E-1	3.599500E-5	-2.955000E-6	3.240500E-4	3.500000E-6	0.000000E+0	0.000000E+0	1.964247E-4	2.976042E-9	0.000000E+0	0.000000E+0	1.051872E+1	0.000000E+0	0.000000E+0
24-Apr-25	12:56:57	-1.000000E-5	-1.500000E-4	4.841350E-1	3.605000E-5	-2.915000E-6	3.231000E-4	3.850000E-6	0.000000E+0	0.000000E+0	1.964247E-4	2.976042E-9	0.000000E+0	0.000000E+0	1.051815E+1	0.000000E+0	0.000000E+0
24-Apr-25	12:56:58	-1.000000E-5	-1.500000E-4	4.857950E-1	3.608500E-5	-2.985000E-6	3.235500E-4	3.400000E-6	0.000000E+0	0.000000E+0	1.964247E-4	2.976042E-9	0.000000E+0	0.000000E+0	1.051785E+1	0.000000E+0	0.000000E+0
24-Apr-25	12:56:59	-1.000000E-5	-1.500000E-4	4.877750E-1	3.611000E-5	-2.980000E-6	3.241000E-4	3.500000E-6	0.000000E+0	0.000000E+0	1.964247E-4	2.976042E-9	0.000000E+0	0.000000E+0	1.051783E+1	0.000000E+0	0.000000E+0
24-Apr-25	12:56:59	-1.000000E-5	-1.500000E-4	4.892900E-1	3.608500E-5	-2.975000E-6	3.236500E-4	3.550000E-6	0.000000E+0	0.000000E+0	1.964247E-4	2.976042E-9	0.000000E+0	0.000000E+0	1.051781E+1	0.000000E+0	0.000000E+0
24-Apr-25	12:57:00	-1.000000E-5	-1.500000E-4	4.906700E-1	3.604500E-5	-2.980000E-6	3.237000E-4	3.600000E-6	0.000000E+0	0.000000E+0	1.964247E-4	2.976042E-9	0.000000E+0	0.000000E+0	1.051773E+1	0.000000E+0	0.000000E+0
24-Apr-25	12:57:00	-1.000000E-5	-1.500000E-4	4.920400E-1	3.606000E-5	-2.970000E-6	3.236000E-4	3.800000E-6	0.000000E+0	0.000000E+0	1.964247E-4	2.976042E-9	0.000000E+0	0.000000E+0	1.051769E+1	0.000000E+0	0.000000E+0
24-Apr-25	12:57:01	-1.000000E-5	-1.500000E-4	4.938200E-1	3.610500E-5	-3.000000E-6	3.235500E-4	3.400000E-6	0.000000E+0	0.000000E+0	1.964247E-4	2.976042E-9	0.000000E+0	0.000000E+0	1.051769E+1	0.000000E+0	0.000000E+0
24-Apr-25	12:57:02	-1.000000E-5	-1.500000E-4	4.957700E-1	3.611500E-5	-3.000000E-6	3.236000E-4	3.800000E-6	0.000000E+0	0.000000E+0	1.964247E-4	2.976042E-9	0.000000E+0	0.000000E+0	1.051769E+1	0.000000E+0	0.000000E+0
24-Apr-25	12:57:02	-1.000000E-5	-1.500000E-4	4.971350E-1	3.607500E-5	-2.910000E-6	3.237000E-4	3.650000E-6	0.000000E+0	0.000000E+0	1.964247E-4	2.976042E-9	0.000000E+0	0.000000E+0	1.051766E+1	0.000000E+0	0.000000E+0
24-Apr-25	12:57:03	-1.000000E-5	-1.500000E-4	4.984950E-1	3.610000E-5	-2.995000E-6	3.236500E-4	3.650000E-6	0.000000E+0	0.000000E+0	1.964247E-4	2.976042E-9	0.000000E+0	0.000000E+0	1.051768E+1	0.000000E+0	0.000000E+0
24-Apr-25	12:57:03	-1.000000E-5	-1.500000E-4	5.001150E-1	3.608500E-5	-2.965000E-6	3.239500E-4	3.350000E-6	0.000000E+0	0.000000E+0	1.964247E-4	2.976042E-9	0.000000E+0	0.000000E+0	1.051761E+1	0.000000E+0	0.000000E+0
24-Apr-25	12:57:04	-1.000000E-5	-1.500000E-4	5.014700E-1	3.607000E-5	-2.960000E-6	3.231500E-4	3.800000E-6	0.000000E+0	0.000000E+0	1.964247E-4	2.976042E-9	0.000000E+0	0.000000E+0	1.051745E+1	0.000000E+0	0.000000E+0
24-Apr-25	12:57:04	-1.000000E-5	-1.500000E-4	5.028250E-1	3.614000E-5	-3.000000E-6	3.235500E-4	3.300000E-6	0.000000E+0	0.000000E+0	1.964247E-4	2.976042E-9	0.000000E+0	0.000000E+0	1.051721E+1	0.000000E+0	0.000000E+0
24-Apr-25	12:57:05	-1.000000E-5	-1.500000E-4	5.043000E-1	3.612500E-5	-2.985000E-6	3.234500E-4	3.050000E-6	0.000000E+0	0.000000E+0	1.964247E-4	2.976042E-9	0.000000E+0	0.000000E+0	1.051695E+1	0.000000E+0	0.000000E+0
24-Apr-25	12:57:05	-1.000000E-5	-1.500000E-4	5.056450E-1	3.609000E-5	-3.015000E-6	3.235500E-4	4.350000E-6	0.000000E+0	0.000000E+0	1.964247E-4	2.976042E-9	0.000000E+0	0.000000E+0	1.051688E+1	0.000000E+0	0.000000E+0
24-Apr-25	12:57:06	-1.000000E-5	-1.500000E-4	5.071200E-1	3.603500E-5	-2.990000E-6	3.237500E-4	3.950000E-6	0.000000E+0	0.000000E+0	1.964247E-4	2.976042E-9	0.000000E+0	0.000000E+0	1.051699E+1	0.000000E+0	0.000000E+0
24-Apr-25	12:57:07	-1.000000E-5	-1.500000E-4	5.088550E-1	3.617000E-5	-3.075000E-6	3.239000E-4	3.750000E-6	0.000000E+0	0.000000E+0	1.964247E-4	2.976042E-9	0.000000E+0	0.000000E+0	1.051730E+1	0.000000E+0	0.000000E+0
24-Apr-25	12:57:07	-1.000000E-5	-1.500000E-4	5.101900E-1	3.614500E-5	-3.075000E-6	3.239000E-4	3.850000E-6	0.000000E+0	0.000000E+0	1.964247E-4	2.976042E-9	0.000000E+0	0.000000E+0	1.051758E+1	0.000000E+0	0.000000E+0
24-Apr-25	12:57:08	-1.000000E-5	-1.500000E-4	5.115200E-1	3.603000E-5	-3.005000E-6	3.234500E-4	3.800000E-6	0.000000E+0	0.000000E+0	1.964247E-4	2.976042E-9	0.000000E+0	0.000000E+0	1.051783E+1	0.000000E+0	0.000000E+0
24-Apr-25	12:57:08	-1.000000E-5	-1.500000E-4	5.130250E-1	3.607000E-5	-2.955000E-6	3.237000E-4	3.750000E-6	0.000000E+0	0.000000E+0	1.964247E-4	2.976042E-9	0.000000E+0	0.000000E+0	1.051807E+1	0.000000E+0	0.000000E+0
24-Apr-25	12:57:09	-1.000000E-5	-1.500000E-4	5.143300E-1	3.609000E-5	-3.050000E-6	3.230500E-4	3.650000E-6	0.000000E+0	0.000000E+0	1.964247E-4	2.976042E-9	0.000000E+0	0.000000E+0	1.051813E+1	0.000000E+0	0.000000E+0
24-Apr-25	12:57:09	-1.000000E-5	-1.500000E-4	5.156250E-1	3.602500E-5	-3.000000E-6	3.234500E-4	3.800000E-6	0.000000E+0	0.000000E+0	1.964247E-4	2.976042E-9	0.000000E+0	0.000000E+0	1.051806E+1	0.000000E+0	0.000000E+0
24-Apr-25	12:57:10	-1.000000E-5	-1.500000E-4	5.170800E-1	3.610000E-5	-2.945000E-6	3.233000E-4	4.000000E-6	0.000000E+0	0.000000E+0	1.964247E-4	2.976042E-9	0.000000E+0	0.000000E+0	1.051803E+1	0.000000E+0	0.000000E+0
24-Apr-25	12:57:10	-1.000000E-5	-1.500000E-4	5.184000E-1	3.612000E-5	-2.965000E-6	3.236500E-4	3.450000E-6	0.000000E+0	0.000000E+0	1.964247E-4	2.976042E-9	0.000000E+0	0.000000E+0	1.051801E+1	0.000000E+0	0.000000E+0
24-Apr-25	12:57:11	-1.000000E-5	-1.500000E-4	5.202850E-1	3.606000E-5	-2.955000E-6	3.233000E-4	3.550000E-6	0.000000E+0	0.000000E+0	1.964247E-4	2.976042E-9	0.000000E+0	0.000000E+0	1.051820E+1	0.000000E+0	0.000000E+0
24-Apr-25	12:57:11	-1.000000E-5	-1.500000E-4	5.214600E-1	3.608500E-5	-2.950000E-6	3.237000E-4	3.500000E-6	0.000000E+0	0.000000E+0	1.964247E-4	2.976042E-9	0.000000E+0	0.000000E+0	1.051848E+1	0.000000E+0	0.000000E+0
24-Apr-25	12:57:12	-1.000000E-5	-1.500000E-4	5.229000E-1	3.608000E-5	-2.955000E-6	3.240500E-4	3.500000E-6	0.000000E+0	0.000000E+0	1.964247E-4	2.976042E-9	0.000000E+0	0.000000E+0	1.051934E+1	0.000000E+0	0.000000E+0
24-Apr-25	12:57:12	-1.000000E-5	-1.500000E-4	5.244600E-1	3.609500E-5	-2.975000E-6	3.236000E-4	3.750000E-6	0.000000E+0	0.000000E+0	1.964247E-4	2.976042E-9	0.000000E+0	0.000000E+0	1.052057E+1	0.000000E+0	0.000000E+0
24-Apr-25	12:57:13	-1.000000E-5	-1.500000E-4	5.257600E-1	3.608500E-5	-2.970000E-6	3.235000E-4	3.550000E-6	0.000000E+0	0.000000E+0	1.964247E-4	2.976042E-9	0.000000E+0	0.000000E+0	1.052171E+1	0.000000E+0	0.000000E+0
24-Apr-25	12:57:13	-1.000000E-5	-1.500000E-4	5.270600E-1	3.605500E-5	-2.925000E-6	3.236000E-4	3.550000E-6	0.000000E+0	0.000000E+0	1.964247E-4	2.976042E-9	0.000000E+0	0.000000E+0	1.052297E+1	0.000000E+0	0.000000E+0
24-Apr-25	12:57:14	-1.000000E-5	-1.500000E-4	5.283600E-1	3.601500E-5	-2.865000E-6	3.236500E-4	3.500000E-6	0.000000E+0	0.000000E+0	1.964247E-4	2.976042E-9	0.000000E+0	0.000000E+0	1.052427E+1	0.000000E+0	0.000000E+0
24-Apr-25	12:57:15	-1.000000E-5	-1.500000E-4	5.297850E-1	3.603500E-5	-2.885000E-6	3.234500E-4	4.050000E-6	0.000000E+0	0.000000E+0	1.964247E-4	2.976042E-9	0.000000E+0	0.000000E+0	1.052576E+1	0.000000E+0	0.000000E+0
24-Apr-25	12:57:15	-1.000000E-5	-1.500000E-4	5.315050E-1	3.601500E-5	-3.040000E-6	3.239000E-4	3.650000E-6	0.000000E+0	0.000000E+0	1.964247E-4	2.976042E-9	0.000000E+0	0.000000E+0	1.052692E+1	0.000000E+0	0.000000E+0
24-Apr-25	12:57:16	-1.000000E-5	-1.500000E-4	5.329250E-1	3.610500E-5	-2.930000E-6	3.234000E-4	3.600000E-6	0.000000E+0	0.000000E+0	1.964247E-4	2.976042E-9	0.000000E+0	0.000000E+0	1.052786E+1	0.000000E+0	0.000000E+0
24-Apr-25	12:57:16	-1.000000E-5	-1.500000E-4	5.342050E-1	3.616000E-5	-2.905000E-6	3.237500E-4	3.950000E-6	0.000000E+0	0.000000E+0	1.964247E-4	2.976042E-9	0.000000E+0	0.000000E+0	1.052851E+1	0.000000E+0	0.000000E+0
24-Apr-25	12:57:17	-1.000000E-5	-1.500000E-4	5.354950E-1	3.608000E-5	-2.965000E-6	3.232000E-4	3.900000E-6	0.000000E+0	0.000000E+0	1.964247E-4	2.976042E-9	0.000000E+0	0.000000E+0	1.052904E+1	0.000000E+0	0.000000E+0
24-Apr-25	12:57:17	-1.000000E-5	-1.500000E-4	5.369000E-1	3.604000E-5	-2.970000E-6	3.239000E-4	3.250000E-6	0.000000E+0	0.000000E+0	1.964247E-4	2.976042E-9	0.000000E+0	0.000000E+0	1.052946E+1	0.000000E+0	0.000000E+0
24-Apr-25	12:57:18	-1.000000E-5	-1.500000E-4	5.383200E-1	3.609000E-5	-2.960000E-6	3.244500E-4	4.250000E-6	0.000000E+0	0.000000E+0	1.964247E-4	2.976042E-9	0.000000E+0	0.000000E+0	1.052968E+1	0.000000E+0	0.000000E+0
24-Apr-25	12:57:18	-1.000000E-5	-1.500000E-4	5.395950E-1	3.612000E-5	-2.970000E-6	3.229500E-4	3.500000E-6	0.000000E+0	0.000000E+0	1.964247E-4	2.976042E-9	0.000000E+0	0.000000E+0	1.052981E+1	0.000000E+0	0.000000E+0
24-Apr-25	12:57:19	-1.000000E-5	-1.500000E-4	5.411400E-1	3.613000E-5	-2.945000E-6	3.239000E-4	4.100000E-6	0.000000E+0	0.000000E+0	1.964247E-4	2.976042E-9	0.000000E+0	0.000000E+0	1.052980E+1	0.000000E+0	0.000000E+0
24-Apr-25	12:57:20	-1.000000E-5	-1.500000E-4	5.424100E-1	3.612500E-5	-2.935000E-6	3.234500E-4	3.800000E-6	0.000000E+0	0.000000E+0	1.964247E-4	2.976042E-9	0.000000E+0	0.000000E+0	1.052951E+1	0.000000E+0	0.000000E+0
24-Apr-25	12:57:20	-1.000000E-5	-1.500000E-4	5.438050E-1	3.615500E-5	-2.955000E-6	3.246000E-4	3.200000E-6	0.000000E+0	0.000000E+0	1.964247E-4	2.976042E-9	0.000000E+0	0.000000E+0	1.052918E+1	0.000000E+0	0.000000E+0
24-Apr-25	12:57:21	-1.000000E-5	-1.500000E-4	5.451900E-1	3.611500E-5	-3.015000E-6	3.233500E-4	4.050000E-6	0.000000E+0	0.000000E+0	1.964247E-4	2.976042E-9	0.000000E+0	0.000000E+0	1.052864E+1	0.000000E+0	0.000000E+0
24-Apr-25	12:57:21	-1.000000E-5	-1.500000E-4	5.464450E-1	3.611500E-5	-3.005000E-6	3.239000E-4	3.650000E-6	0.000000E+0	0.000000E+0	1.964247E-4	2.976042E-9	0.000000E+0	0.000000E+0	1.052816E+1	0.000000E+0	0.000000E+0
24-Apr-25	12:57:22	-1.000000E-5	-1.500000E-4	5.477050E-1	3.611000E-5	-2.965000E-6	3.237500E-4	3.050000E-6	0.000000E+0	0.000000E+0	1.964247E-4	2.976042E-9	0.000000E+0	0.000000E+0	1.052768E+1	0.000000E+0	0.000000E+0
24-Apr-25	12:57:22	-1.000000E-5	-1.500000E-4	5.492050E-1	3.610500E-5	-2.975000E-6	3.235500E-4	3.900000E-6	0.000000E+0	0.000000E+0	1.964247E-4	2.976042E-9	0.000000E+0	0.000000E+0	1.052700E+1	0.000000E+0	0.000000E+0
24-Apr-25	12:57:23	-1.000000E-5	-1.500000E-4	5.509550E-1	3.606000E-5	-2.930000E-6	3.236500E-4	3.650000E-6	0.000000E+0	0.000000E+0	1.964247E-4	2.976042E-9	0.000000E+0	0.000000E+0	1.052614E+1	0.000000E+0	0.000000E+0
24-Apr-25	12:57:23	-1.000000E-5	-1.500000E-4	5.522450E-1	3.606000E-5	-2.985000E-6	3.236000E-4	3.350000E-6	0.000000E+0	0.000000E+0	1.964247E-4	2.976042E-9	0.000000E+0	0.000000E+0	1.052556E+1	0.000000E+0	0.000000E+0
24-Apr-25	12:57:24	-1.000000E-5	-1.500000E-4	5.534900E-1	3.607500E-5	-3.000000E-6	3.238500E-4	3.750000E-6	0.000000E+0	0.000000E+0	1.964247E-4	2.976042E-9	0.000000E+0	0.000000E+0	1.052497E+1	0.000000E+0	0.000000E+0
24-Apr-25	12:57:24	-1.000000E-5	-1.500000E-4	5.547300E-1	3.611500E-5	-3.015000E-6	3.243000E-4	4.200000E-6	0.000000E+0	0.000000E+0	1.964247E-4	2.976042E-9	0.000000E+0	0.000000E+0	1.052429E+1	0.000000E+0	0.000000E+0
24-Apr-25	12:57:25	-1.000000E-5	-1.500000E-4	5.560950E-1	3.619000E-5	-2.975000E-6	3.236000E-4	4.150000E-6	0.000000E+0	0.000000E+0	1.964247E-4	2.976042E-9	0.000000E+0	0.000000E+0	1.052341E+1	0.000000E+0	0.000000E+0
24-Apr-25	12:57:25	-1.000000E-5	-1.500000E-4	5.573300E-1	3.611500E-5	-2.995000E-6	3.233500E-4	3.650000E-6	0.000000E+0	0.000000E+0	1.964247E-4	2.976042E-9	0.000000E+0	0.000000E+0	1.052282E+1	0.000000E+0	0.000000E+0
24-Apr-25	12:57:26	-1.000000E-5	-1.500000E-4	5.585650E-1	3.606500E-5	-2.990000E-6	3.236000E-4	3.450000E-6	0.000000E+0	0.000000E+0	1.964247E-4	2.976042E-9	0.000000E+0	0.000000E+0	1.052240E+1	0.000000E+0	0.000000E+0
24-Apr-25	12:57:26	-1.000000E-5	-1.500000E-4	5.598000E-1	3.608500E-5	-3.110000E-6	3.238500E-4	3.800000E-6	0.000000E+0	0.000000E+0	1.964247E-4	2.976042E-9	0.000000E+0	0.000000E+0	1.052207E+1	0.000000E+0	0.000000E+0
24-Apr-25	12:57:27	-1.000000E-5	-1.500000E-4	5.611500E-1	3.609000E-5	-3.005000E-6	3.237500E-4	3.450000E-6	0.000000E+0	0.000000E+0	1.964247E-4	2.976042E-9	0.000000E+0	0.000000E+0	1.052180E+1	0.000000E+0	0.000000E+0
24-Apr-25	12:57:28	-1.000000E-5	-1.500000E-4	5.629900E-1	3.614000E-5	-2.945000E-6	3.237500E-4	3.750000E-6	0.000000E+0	0.000000E+0	1.964247E-4	2.976042E-9	0.000000E+0	0.000000E+0	1.052174E+1	0.000000E+0	0.000000E+0
24-Apr-25	12:57:28	-1.000000E-5	-1.500000E-4	5.643350E-1	3.615000E-5	-2.880000E-6	3.237500E-4	3.950000E-6	0.000000E+0	0.000000E+0	1.964247E-4	2.976042E-9	0.000000E+0	0.000000E+0	1.052172E+1	0.000000E+0	0.000000E+0
24-Apr-25	12:57:29	-1.000000E-5	-1.500000E-4	5.655550E-1	3.611500E-5	-2.960000E-6	3.234500E-4	3.550000E-6	0.000000E+0	0.000000E+0	1.964247E-4	2.976042E-9	0.000000E+0	0.000000E+0	1.052168E+1	0.000000E+0	0.000000E+0
24-Apr-25	12:57:29	-1.000000E-5	-1.500000E-4	5.671550E-1	3.608500E-5	-2.905000E-6	3.239000E-4	3.800000E-6	0.000000E+0	0.000000E+0	1.964247E-4	2.976042E-9	0.000000E+0	0.000000E+0	1.052168E+1	0.000000E+0	0.000000E+0
24-Apr-25	12:57:30	-1.000000E-5	-1.500000E-4	5.683950E-1	3.606500E-5	-2.915000E-6	3.236000E-4	4.050000E-6	0.000000E+0	0.000000E+0	1.964247E-4	2.976042E-9	0.000000E+0	0.000000E+0	1.052166E+1	0.000000E+0	0.000000E+0
24-Apr-25	12:57:30	-1.000000E-5	-1.500000E-4	5.695850E-1	3.610500E-5	-3.055000E-6	3.230500E-4	3.850000E-6	0.000000E+0	0.000000E+0	1.964247E-4	2.976042E-9	0.000000E+0	0.000000E+0	1.052154E+1	0.000000E+0	0.000000E+0
24-Apr-25	12:57:31	-1.000000E-5	-1.500000E-4	5.709100E-1	3.617500E-5	-2.935000E-6	3.233000E-4	4.250000E-6	0.000000E+0	0.000000E+0	1.964247E-4	2.976042E-9	0.000000E+0	0.000000E+0	1.052145E+1	0.000000E+0	0.000000E+0
24-Apr-25	12:57:31	-1.000000E-5	-1.500000E-4	5.721000E-1	3.610000E-5	-2.985000E-6	3.235000E-4	3.600000E-6	0.000000E+0	0.000000E+0	1.964247E-4	2.976042E-9	0.000000E+0	0.000000E+0	1.052143E+1	0.000000E+0	0.000000E+0
24-Apr-25	12:57:32	-1.000000E-5	-1.500000E-4	5.733000E-1	3.613000E-5	-2.985000E-6	3.232000E-4	3.850000E-6	0.000000E+0	0.000000E+0	1.964247E-4	2.976042E-9	0.000000E+0	0.000000E+0	1.052146E+1	0.000000E+0	0.000000E+0
24-Apr-25	12:57:33	-1.000000E-5	-1.500000E-4	5.747800E-1	3.613500E-5	-2.980000E-6	3.234000E-4	3.950000E-6	0.000000E+0	0.000000E+0	1.964247E-4	2.976042E-9	0.000000E+0	0.000000E+0	1.052169E+1	0.000000E+0	0.000000E+0
24-Apr-25	12:57:33	-1.000000E-5	-1.500000E-4	5.759800E-1	3.613500E-5	-2.985000E-6	3.236000E-4	3.800000E-6	0.000000E+0	0.000000E+0	1.964247E-4	2.976042E-9	0.000000E+0	0.000000E+0	1.052214E+1	0.000000E+0	0.000000E+0
24-Apr-25	12:57:34	-1.000000E-5	-1.500000E-4	5.773000E-1	3.611500E-5	-2.950000E-6	3.235000E-4	3.950000E-6	0.000000E+0	0.000000E+0	1.964247E-4	2.976042E-9	0.000000E+0	0.000000E+0	1.052290E+1	0.000000E+0	0.000000E+0
24-Apr-25	12:57:34	-1.000000E-5	-1.500000E-4	5.786100E-1	3.612500E-5	-2.925000E-6	3.236000E-4	3.750000E-6	0.000000E+0	0.000000E+0	1.964247E-4	2.976042E-9	0.000000E+0	0.000000E+0	1.052373E+1	0.000000E+0	0.000000E+0
24-Apr-25	12:57:35	-1.000000E-5	-1.500000E-4	5.798000E-1	3.606500E-5	-2.965000E-6	3.240500E-4	3.400000E-6	0.000000E+0	0.000000E+0	1.964247E-4	2.976042E-9	0.000000E+0	0.000000E+0	1.052446E+1	0.000000E+0	0.000000E+0
24-Apr-25	12:57:35	-1.000000E-5	-1.500000E-4	5.814650E-1	3.605000E-5	-2.950000E-6	3.237500E-4	3.950000E-6	0.000000E+0	0.000000E+0	1.964247E-4	2.976042E-9	0.000000E+0	0.000000E+0	1.052546E+1	0.000000E+0	0.000000E+0
24-Apr-25	12:57:36	-1.000000E-5	-1.500000E-4	5.826450E-1	3.603500E-5	-2.965000E-6	3.237500E-4	5.200000E-6	0.000000E+0	0.000000E+0	1.964247E-4	2.976042E-9	0.000000E+0	0.000000E+0	1.052594E+1	0.000000E+0	0.000000E+0
24-Apr-25	12:57:36	-1.000000E-5	-1.500000E-4	5.838250E-1	3.611000E-5	-2.905000E-6	3.237000E-4	4.200000E-6	0.000000E+0	0.000000E+0	1.964247E-4	2.976042E-9	0.000000E+0	0.000000E+0	1.052637E+1	0.000000E+0	0.000000E+0
24-Apr-25	12:57:37	-1.000000E-5	-1.500000E-4	5.855000E-1	3.616500E-5	-2.990000E-6	3.232000E-4	4.100000E-6	0.000000E+0	0.000000E+0	1.964247E-4	2.976042E-9	0.000000E+0	0.000000E+0	1.052725E+1	0.000000E+0	0.000000E+0
24-Apr-25	12:57:38	-1.000000E-5	-1.500000E-4	5.870500E-1	3.610500E-5	-2.985000E-6	3.235500E-4	3.650000E-6	0.000000E+0	0.000000E+0	1.964247E-4	2.976042E-9	0.000000E+0	0.000000E+0	1.052765E+1	0.000000E+0	0.000000E+0
24-Apr-25	12:57:38	-1.000000E-5	-1.500000E-4	5.882200E-1	3.609000E-5	-2.985000E-6	3.237500E-4	4.000000E-6	0.000000E+0	0.000000E+0	1.964247E-4	2.976042E-9	0.000000E+0	0.000000E+0	1.052805E+1	0.000000E+0	0.000000E+0
24-Apr-25	12:57:39	-1.000000E-5	-1.500000E-4	5.893900E-1	3.605500E-5	-2.945000E-6	3.240000E-4	4.100000E-6	0.000000E+0	0.000000E+0	1.964247E-4	2.976042E-9	0.000000E+0	0.000000E+0	1.052850E+1	0.000000E+0	0.000000E+0
24-Apr-25	12:57:39	-1.000000E-5	-1.500000E-4	5.904400E-1	3.607500E-5	-2.930000E-6	3.236000E-4	3.800000E-6	0.000000E+0	0.000000E+0	1.964247E-4	2.976042E-9	0.000000E+0	0.000000E+0	1.052886E+1	0.000000E+0	0.000000E+0
24-Apr-25	12:57:40	-1.000000E-5	-1.500000E-4	5.918400E-1	3.608000E-5	-2.975000E-6	3.236000E-4	3.850000E-6	0.000000E+0	0.000000E+0	1.964247E-4	2.976042E-9	0.000000E+0	0.000000E+0	1.052913E+1	0.000000E+0	0.000000E+0
24-Apr-25	12:57:40	-1.000000E-5	-1.500000E-4	5.931250E-1	3.608500E-5	-2.945000E-6	3.231500E-4	4.150000E-6	0.000000E+0	0.000000E+0	1.964247E-4	2.976042E-9	0.000000E+0	0.000000E+0	1.052922E+1	0.000000E+0	0.000000E+0
24-Apr-25	12:57:41	-1.000000E-5	-1.500000E-4	5.942750E-1	3.611000E-5	-2.975000E-6	3.233500E-4	3.900000E-6	0.000000E+0	0.000000E+0	1.964247E-4	2.976042E-9	0.000000E+0	0.000000E+0	1.052931E+1	0.000000E+0	0.000000E+0
24-Apr-25	12:57:41	-1.000000E-5	-1.500000E-4	5.955550E-1	3.602500E-5	-2.925000E-6	3.237000E-4	4.250000E-6	0.000000E+0	0.000000E+0	1.964247E-4	2.976042E-9	0.000000E+0	0.000000E+0	1.052929E+1	0.000000E+0	0.000000E+0
24-Apr-25	12:57:42	-1.000000E-5	-1.500000E-4	5.967050E-1	3.606500E-5	-2.955000E-6	3.237000E-4	3.600000E-6	0.000000E+0	0.000000E+0	1.964247E-4	2.976042E-9	0.000000E+0	0.000000E+0	1.052918E+1	0.000000E+0	0.000000E+0
24-Apr-25	12:57:42	-1.000000E-5	-1.500000E-4	5.978600E-1	3.609500E-5	-2.950000E-6	3.234500E-4	4.350000E-6	0.000000E+0	0.000000E+0	1.964247E-4	2.976042E-9	0.000000E+0	0.000000E+0	1.052911E+1	0.000000E+0	0.000000E+0
24-Apr-25	12:57:43	-1.000000E-5	-1.500000E-4	5.990050E-1	3.608000E-5	-2.915000E-6	3.239000E-4	3.650000E-6	0.000000E+0	0.000000E+0	1.964247E-4	2.976042E-9	0.000000E+0	0.000000E+0	1.052900E+1	0.000000E+0	0.000000E+0
24-Apr-25	12:57:43	-1.000000E-5	-1.500000E-4	6.001600E-1	3.609500E-5	-2.955000E-6	3.235000E-4	3.500000E-6	0.000000E+0	0.000000E+0	1.964247E-4	2.976042E-9	0.000000E+0	0.000000E+0	1.052887E+1	0.000000E+0	0.000000E+0
24-Apr-25	12:57:44	-1.000000E-5	-1.500000E-4	6.013050E-1	3.612000E-5	-2.910000E-6	3.234500E-4	3.250000E-6	0.000000E+0	0.000000E+0	1.964247E-4	2.976042E-9	0.000000E+0	0.000000E+0	1.052866E+1	0.000000E+0	0.000000E+0
24-Apr-25	12:57:45	-1.000000E-5	-1.500000E-4	6.029400E-1	3.601500E-5	-2.970000E-6	3.233500E-4	4.100000E-6	0.000000E+0	0.000000E+0	1.964247E-4	2.976042E-9	0.000000E+0	0.000000E+0	1.052813E+1	0.000000E+0	0.000000E+0
24-Apr-25	12:57:45	-1.000000E-5	-1.500000E-4	6.040850E-1	3.605500E-5	-2.950000E-6	3.235000E-4	3.600000E-6	0.000000E+0	0.000000E+0	1.964247E-4	2.976042E-9	0.000000E+0	0.000000E+0	1.052782E+1	0.000000E+0	0.000000E+0
24-Apr-25	12:57:46	-1.000000E-5	-1.500000E-4	6.054500E-1	3.612000E-5	-2.970000E-6	3.238000E-4	3.850000E-6	0.000000E+0	0.000000E+0	1.964247E-4	2.976042E-9	0.000000E+0	0.000000E+0	1.052722E+1	0.000000E+0	0.000000E+0
24-Apr-25	12:57:46	-1.000000E-5	-1.500000E-4	6.065850E-1	3.609000E-5	-2.990000E-6	3.236000E-4	2.950000E-6	0.000000E+0	0.000000E+0	1.964247E-4	2.976042E-9	0.000000E+0	0.000000E+0	1.052673E+1	0.000000E+0	0.000000E+0
24-Apr-25	12:57:47	-1.000000E-5	-1.500000E-4	6.077200E-1	3.601000E-5	-2.960000E-6	3.237000E-4	4.250000E-6	0.000000E+0	0.000000E+0	1.964247E-4	2.976042E-9	0.000000E+0	0.000000E+0	1.052618E+1	0.000000E+0	0.000000E+0
24-Apr-25	12:57:48	-1.000000E-5	-1.500000E-4	6.093000E-1	3.607000E-5	-3.000000E-6	3.234000E-4	3.750000E-6	0.000000E+0	0.000000E+0	1.964247E-4	2.976042E-9	0.000000E+0	0.000000E+0	1.052535E+1	0.000000E+0	0.000000E+0
24-Apr-25	12:57:48	-1.000000E-5	-1.500000E-4	6.105800E-1	3.605000E-5	-2.975000E-6	3.237000E-4	4.350000E-6	0.000000E+0	0.000000E+0	1.964247E-4	2.976042E-9	0.000000E+0	0.000000E+0	1.052469E+1	0.000000E+0	0.000000E+0
24-Apr-25	12:57:49	-1.000000E-5	-1.500000E-4	6.117000E-1	3.605500E-5	-2.985000E-6	3.239000E-4	3.900000E-6	0.000000E+0	0.000000E+0	1.964247E-4	2.976042E-9	0.000000E+0	0.000000E+0	1.052425E+1	0.000000E+0	0.000000E+0
24-Apr-25	12:57:49	-1.000000E-5	-1.500000E-4	6.129400E-1	3.608500E-5	-3.010000E-6	3.235000E-4	3.450000E-6	0.000000E+0	0.000000E+0	1.964247E-4	2.976042E-9	0.000000E+0	0.000000E+0	1.052380E+1	0.000000E+0	0.000000E+0
24-Apr-25	12:57:50	-1.000000E-5	-1.500000E-4	6.145050E-1	3.604000E-5	-2.940000E-6	3.233500E-4	3.850000E-6	0.000000E+0	0.000000E+0	1.964247E-4	2.976042E-9	0.000000E+0	0.000000E+0	1.052331E+1	0.000000E+0	0.000000E+0
24-Apr-25	12:57:50	-1.000000E-5	-1.500000E-4	6.156150E-1	3.605500E-5	-2.965000E-6	3.236000E-4	3.800000E-6	0.000000E+0	0.000000E+0	1.964247E-4	2.976042E-9	0.000000E+0	0.000000E+0	1.052299E+1	0.000000E+0	0.000000E+0
24-Apr-25	12:57:51	-1.000000E-5	-1.500000E-4	6.168450E-1	3.606000E-5	-2.940000E-6	3.239000E-4	3.850000E-6	0.000000E+0	0.000000E+0	1.964247E-4	2.976042E-9	0.000000E+0	0.000000E+0	1.052265E+1	0.000000E+0	0.000000E+0
24-Apr-25	12:57:51	-1.000000E-5	-1.500000E-4	6.179550E-1	3.613000E-5	-2.895000E-6	3.234000E-4	4.200000E-6	0.000000E+0	0.000000E+0	1.964247E-4	2.976042E-9	0.000000E+0	0.000000E+0	1.052227E+1	0.000000E+0	0.000000E+0
24-Apr-25	12:57:52	-1.000000E-5	-1.500000E-4	6.190650E-1	3.613500E-5	-2.995000E-6	3.236000E-4	3.400000E-6	0.000000E+0	0.000000E+0	1.964247E-4	2.976042E-9	0.000000E+0	0.000000E+0	1.052179E+1	0.000000E+0	0.000000E+0
24-Apr-25	12:57:52	-1.000000E-5	-1.500000E-4	6.201700E-1	3.609500E-5	-2.960000E-6	3.235500E-4	4.250000E-6	0.000000E+0	0.000000E+0	1.964247E-4	2.976042E-9	0.000000E+0	0.000000E+0	1.052106E+1	0.000000E+0	0.000000E+0
24-Apr-25	12:57:53	-1.000000E-5	-1.500000E-4	6.216200E-1	3.611000E-5	-2.965000E-6	3.236500E-4	3.400000E-6	0.000000E+0	0.000000E+0	1.964247E-4	2.976042E-9	0.000000E+0	0.000000E+0	1.052013E+1	0.000000E+0	0.000000E+0
24-Apr-25	12:57:54	-1.000000E-5	-1.500000E-4	6.229650E-1	3.606000E-5	-2.995000E-6	3.236500E-4	3.650000E-6	0.000000E+0	0.000000E+0	1.964247E-4	2.976042E-9	0.000000E+0	0.000000E+0	1.051942E+1	0.000000E+0	0.000000E+0
24-Apr-25	12:57:54	-1.000000E-5	-1.500000E-4	6.241700E-1	3.609000E-5	-2.930000E-6	3.241500E-4	3.850000E-6	0.000000E+0	0.000000E+0	1.964247E-4	2.976042E-9	0.000000E+0	0.000000E+0	1.051863E+1	0.000000E+0	0.000000E+0
24-Apr-25	12:57:55	-1.000000E-5	-1.500000E-4	6.253800E-1	3.608500E-5	-2.980000E-6	3.236000E-4	4.050000E-6	0.000000E+0	0.000000E+0	1.964247E-4	2.976042E-9	0.000000E+0	0.000000E+0	1.051810E+1	0.000000E+0	0.000000E+0
24-Apr-25	12:57:55	-1.000000E-5	-1.500000E-4	6.264750E-1	3.608000E-5	-3.075000E-6	3.229000E-4	4.100000E-6	0.000000E+0	0.000000E+0	1.964247E-4	2.976042E-9	0.000000E+0	0.000000E+0	1.051771E+1	0.000000E+0	0.000000E+0
24-Apr-25	12:57:56	-1.000000E-5	-1.500000E-4	6.280050E-1	3.606500E-5	-2.970000E-6	3.235500E-4	3.800000E-6	0.000000E+0	0.000000E+0	1.964247E-4	2.976042E-9	0.000000E+0	0.000000E+0	1.051745E+1	0.000000E+0	0.000000E+0
24-Apr-25	12:57:57	-1.000000E-5	-1.500000E-4	6.296300E-1	3.604500E-5	-2.985000E-6	3.232500E-4	3.950000E-6	0.000000E+0	0.000000E+0	1.964247E-4	2.976042E-9	0.000000E+0	0.000000E+0	1.051751E+1	0.000000E+0	0.000000E+0
24-Apr-25	12:57:57	-1.000000E-5	-1.500000E-4	6.307150E-1	3.609500E-5	-2.950000E-6	3.231000E-4	3.400000E-6	0.000000E+0	0.000000E+0	1.964247E-4	2.976042E-9	0.000000E+0	0.000000E+0	1.051766E+1	0.000000E+0	0.000000E+0
24-Apr-25	12:57:58	-1.000000E-5	-1.500000E-4	6.317950E-1	3.611000E-5	-2.985000E-6	3.236500E-4	3.650000E-6	0.000000E+0	0.000000E+0	1.964247E-4	2.976042E-9	0.000000E+0	0.000000E+0	1.051780E+1	0.000000E+0	0.000000E+0
24-Apr-25	12:57:58	-1.000000E-5	-1.500000E-4	6.328800E-1	3.613000E-5	-2.960000E-6	3.228500E-4	4.000000E-6	0.000000E+0	0.000000E+0	1.964247E-4	2.976042E-9	0.000000E+0	0.000000E+0	1.051784E+1	0.000000E+0	0.000000E+0
24-Apr-25	12:57:59	-1.000000E-5	-1.500000E-4	6.340650E-1	3.611500E-5	-3.145000E-6	3.232500E-4	3.800000E-6	0.000000E+0	0.000000E+0	1.964247E-4	2.976042E-9	0.000000E+0	0.000000E+0	1.051782E+1	0.000000E+0	0.000000E+0
24-Apr-25	12:57:59	-1.000000E-5	-1.500000E-4	6.352500E-1	3.606000E-5	-3.010000E-6	3.227500E-4	3.550000E-6	0.000000E+0	0.000000E+0	1.964247E-4	2.976042E-9	0.000000E+0	0.000000E+0	1.051780E+1	0.000000E+0	0.000000E+0
24-Apr-25	12:58:00	-1.000000E-5	-1.500000E-4	6.363250E-1	3.619500E-5	-2.940000E-6	3.236000E-4	3.500000E-6	0.000000E+0	0.000000E+0	1.964247E-4	2.976042E-9	0.000000E+0	0.000000E+0	1.051773E+1	0.000000E+0	0.000000E+0
24-Apr-25	12:58:00	-1.000000E-5	-1.500000E-4	6.375000E-1	3.607500E-5	-3.015000E-6	3.234500E-4	3.550000E-6	0.000000E+0	0.000000E+0	1.964247E-4	2.976042E-9	0.000000E+0	0.000000E+0	1.051754E+1	0.000000E+0	0.000000E+0
24-Apr-25	12:58:01	-1.000000E-5	-1.500000E-4	6.389250E-1	3.611500E-5	-2.995000E-6	3.237000E-4	3.500000E-6	0.000000E+0	0.000000E+0	1.964247E-4	2.976042E-9	0.000000E+0	0.000000E+0	1.051734E+1	0.000000E+0	0.000000E+0
24-Apr-25	12:58:02	-1.000000E-5	-1.500000E-4	6.401000E-1	3.611000E-5	-3.050000E-6	3.237500E-4	4.000000E-6	0.000000E+0	0.000000E+0	1.964247E-4	2.976042E-9	0.000000E+0	0.000000E+0	1.051700E+1	0.000000E+0	0.000000E+0
24-Apr-25	12:58:02	-1.000000E-5	-1.500000E-4	6.414800E-1	3.607000E-5	-2.965000E-6	3.235500E-4	3.400000E-6	0.000000E+0	0.000000E+0	1.964247E-4	2.976042E-9	0.000000E+0	0.000000E+0	1.051648E+1	0.000000E+0	0.000000E+0
24-Apr-25	12:58:03	-1.000000E-5	-1.500000E-4	6.425400E-1	3.610000E-5	-2.995000E-6	3.232500E-4	4.100000E-6	0.000000E+0	0.000000E+0	1.964247E-4	2.976042E-9	0.000000E+0	0.000000E+0	1.051599E+1	0.000000E+0	0.000000E+0
24-Apr-25	12:58:03	-1.000000E-5	-1.500000E-4	6.435950E-1	3.608000E-5	-3.065000E-6	3.236000E-4	3.600000E-6	0.000000E+0	0.000000E+0	1.964247E-4	2.976042E-9	0.000000E+0	0.000000E+0	1.051548E+1	0.000000E+0	0.000000E+0
24-Apr-25	12:58:04	-1.000000E-5	-1.500000E-4	6.446550E-1	3.611500E-5	-3.045000E-6	3.233500E-4	3.600000E-6	0.000000E+0	0.000000E+0	1.964247E-4	2.976042E-9	0.000000E+0	0.000000E+0	1.051498E+1	0.000000E+0	0.000000E+0
24-Apr-25	12:58:04	-1.000000E-5	-1.500000E-4	6.457100E-1	3.607500E-5	-2.940000E-6	3.235000E-4	3.650000E-6	0.000000E+0	0.000000E+0	1.964247E-4	2.976042E-9	0.000000E+0	0.000000E+0	1.051437E+1	0.000000E+0	0.000000E+0
24-Apr-25	12:58:05	-1.000000E-5	-1.500000E-4	6.468650E-1	3.607000E-5	-2.965000E-6	3.236500E-4	3.800000E-6	0.000000E+0	0.000000E+0	1.964247E-4	2.976042E-9	0.000000E+0	0.000000E+0	1.051399E+1	0.000000E+0	0.000000E+0
24-Apr-25	12:58:05	-1.000000E-5	-1.500000E-4	6.479150E-1	3.612500E-5	-3.010000E-6	3.240500E-4	3.700000E-6	0.000000E+0	0.000000E+0	1.964247E-4	2.976042E-9	0.000000E+0	0.000000E+0	1.051364E+1	0.000000E+0	0.000000E+0
24-Apr-25	12:58:06	-1.000000E-5	-1.500000E-4	6.489600E-1	3.612500E-5	-3.015000E-6	3.234500E-4	3.500000E-6	0.000000E+0	0.000000E+0	1.964247E-4	2.976042E-9	0.000000E+0	0.000000E+0	1.051329E+1	0.000000E+0	0.000000E+0
24-Apr-25	12:58:06	-1.000000E-5	-1.500000E-4	6.502150E-1	3.604500E-5	-3.045000E-6	3.233500E-4	3.650000E-6	0.000000E+0	0.000000E+0	1.964247E-4	2.976042E-9	0.000000E+0	0.000000E+0	1.051283E+1	0.000000E+0	0.000000E+0
24-Apr-25	12:58:07	-1.000000E-5	-1.500000E-4	6.518150E-1	3.587500E-5	-2.965000E-6	3.236000E-4	4.500000E-6	0.000000E+0	0.000000E+0	1.964247E-4	2.976042E-9	0.000000E+0	0.000000E+0	1.051218E+1	0.000000E+0	0.000000E+0
24-Apr-25	12:58:08	-1.000000E-5	-1.500000E-4	6.529550E-1	3.604500E-5	-2.900000E-6	3.235000E-4	4.100000E-6	0.000000E+0	0.000000E+0	1.964247E-4	2.976042E-9	0.000000E+0	0.000000E+0	1.051176E+1	0.000000E+0	0.000000E+0
24-Apr-25	12:58:08	-1.000000E-5	-1.500000E-4	6.539900E-1	3.602000E-5	-2.940000E-6	3.233500E-4	3.950000E-6	0.000000E+0	0.000000E+0	1.964247E-4	2.976042E-9	0.000000E+0	0.000000E+0	1.051126E+1	0.000000E+0	0.000000E+0
24-Apr-25	12:58:09	-1.000000E-5	-1.500000E-4	6.552400E-1	3.605500E-5	-3.005000E-6	3.239000E-4	3.450000E-6	0.000000E+0	0.000000E+0	1.964247E-4	2.976042E-9	0.000000E+0	0.000000E+0	1.051064E+1	0.000000E+0	0.000000E+0
24-Apr-25	12:58:09	-1.000000E-5	-1.500000E-4	6.562650E-1	3.616000E-5	-2.990000E-6	3.234500E-4	3.750000E-6	0.000000E+0	0.000000E+0	1.964247E-4	2.976042E-9	0.000000E+0	0.000000E+0	1.051009E+1	0.000000E+0	0.000000E+0
24-Apr-25	12:58:10	-1.000000E-5	-1.500000E-4	6.573000E-1	3.608000E-5	-2.990000E-6	3.233000E-4	4.200000E-6	0.000000E+0	0.000000E+0	1.964247E-4	2.976042E-9	0.000000E+0	0.000000E+0	1.050966E+1	0.000000E+0	0.000000E+0
24-Apr-25	12:58:10	-1.000000E-5	-1.500000E-4	6.583400E-1	3.598500E-5	-3.065000E-6	3.236000E-4	3.800000E-6	0.000000E+0	0.000000E+0	1.964247E-4	2.976042E-9	0.000000E+0	0.000000E+0	1.050936E+1	0.000000E+0	0.000000E+0
24-Apr-25	12:58:11	-1.000000E-5	-1.500000E-4	6.594800E-1	3.608000E-5	-2.955000E-6	3.236500E-4	3.900000E-6	0.000000E+0	0.000000E+0	1.964247E-4	2.976042E-9	0.000000E+0	0.000000E+0	1.050930E+1	0.000000E+0	0.000000E+0
24-Apr-25	12:58:11	-1.000000E-5	-1.500000E-4	6.605100E-1	3.602500E-5	-2.865000E-6	3.234000E-4	3.950000E-6	0.000000E+0	0.000000E+0	1.964247E-4	2.976042E-9	0.000000E+0	0.000000E+0	1.050948E+1	0.000000E+0	0.000000E+0
24-Apr-25	12:58:12	-1.000000E-5	-1.500000E-4	6.615300E-1	3.606000E-5	-2.975000E-6	3.233500E-4	3.650000E-6	0.000000E+0	0.000000E+0	1.964247E-4	2.976042E-9	0.000000E+0	0.000000E+0	1.050981E+1	0.000000E+0	0.000000E+0
24-Apr-25	12:58:12	-1.000000E-5	-1.500000E-4	6.626500E-1	3.611500E-5	-2.925000E-6	3.239000E-4	3.550000E-6	0.000000E+0	0.000000E+0	1.964247E-4	2.976042E-9	0.000000E+0	0.000000E+0	1.051029E+1	0.000000E+0	0.000000E+0
24-Apr-25	12:58:13	-1.000000E-5	-1.500000E-4	6.636700E-1	3.613500E-5	-2.990000E-6	3.232500E-4	2.950000E-6	0.000000E+0	0.000000E+0	1.964247E-4	2.976042E-9	0.000000E+0	0.000000E+0	1.051087E+1	0.000000E+0	0.000000E+0
24-Apr-25	12:58:13	-1.000000E-5	-1.500000E-4	6.646850E-1	3.610500E-5	-2.985000E-6	3.237500E-4	3.600000E-6	0.000000E+0	0.000000E+0	1.964247E-4	2.976042E-9	0.000000E+0	0.000000E+0	1.051164E+1	0.000000E+0	0.000000E+0
24-Apr-25	12:58:14	-1.000000E-5	-1.500000E-4	6.657950E-1	3.609500E-5	-2.945000E-6	3.237500E-4	4.000000E-6	0.000000E+0	0.000000E+0	1.964247E-4	2.976042E-9	0.000000E+0	0.000000E+0	1.051216E+1	0.000000E+0	0.000000E+0
24-Apr-25	12:58:14	-1.000000E-5	-1.500000E-4	6.668050E-1	3.608000E-5	-2.910000E-6	3.236000E-4	3.950000E-6	0.000000E+0	0.000000E+0	1.964247E-4	2.976042E-9	0.000000E+0	0.000000E+0	1.051259E+1	0.000000E+0	0.000000E+0
24-Apr-25	12:58:15	-1.000000E-5	-1.500000E-4	6.678150E-1	3.613500E-5	-2.970000E-6	3.233500E-4	3.550000E-6	0.000000E+0	0.000000E+0	1.964247E-4	2.976042E-9	0.000000E+0	0.000000E+0	1.051291E+1	0.000000E+0	0.000000E+0
24-Apr-25	12:58:15	-1.000000E-5	-1.500000E-4	6.688200E-1	3.609500E-5	-2.960000E-6	3.233500E-4	3.950000E-6	0.000000E+0	0.000000E+0	1.964247E-4	2.976042E-9	0.000000E+0	0.000000E+0	1.051324E+1	0.000000E+0	0.000000E+0
24-Apr-25	12:58:16	-1.000000E-5	-1.500000E-4	6.698200E-1	3.606500E-5	-3.000000E-6	3.236000E-4	3.250000E-6	0.000000E+0	0.000000E+0	1.964247E-4	2.976042E-9	0.000000E+0	0.000000E+0	1.051347E+1	0.000000E+0	0.000000E+0
24-Apr-25	12:58:16	-1.000000E-5	-1.500000E-4	6.708250E-1	3.606000E-5	-2.985000E-6	3.235500E-4	3.600000E-6	0.000000E+0	0.000000E+0	1.964247E-4	2.976042E-9	0.000000E+0	0.000000E+0	1.051356E+1	0.000000E+0	0.000000E+0
24-Apr-25	12:58:17	-1.000000E-5	-1.500000E-4	6.718250E-1	3.606500E-5	-2.970000E-6	3.235000E-4	3.950000E-6	0.000000E+0	0.000000E+0	1.964247E-4	2.976042E-9	0.000000E+0	0.000000E+0	1.051356E+1	0.000000E+0	0.000000E+0
24-Apr-25	12:58:17	-1.000000E-5	-1.500000E-4	6.728200E-1	3.611000E-5	-2.970000E-6	3.239000E-4	3.900000E-6	0.000000E+0	0.000000E+0	1.964247E-4	2.976042E-9	0.000000E+0	0.000000E+0	1.051352E+1	0.000000E+0	0.000000E+0
24-Apr-25	12:58:18	-1.000000E-5	-1.500000E-4	6.739200E-1	3.610500E-5	-2.955000E-6	3.234500E-4	3.650000E-6	0.000000E+0	0.000000E+0	1.964247E-4	2.976042E-9	0.000000E+0	0.000000E+0	1.051349E+1	0.000000E+0	0.000000E+0
24-Apr-25	12:58:18	-1.000000E-5	-1.500000E-4	6.749100E-1	3.610000E-5	-3.005000E-6	3.234500E-4	3.600000E-6	0.000000E+0	0.000000E+0	1.964247E-4	2.976042E-9	0.000000E+0	0.000000E+0	1.051342E+1	0.000000E+0	0.000000E+0
24-Apr-25	12:58:19	-1.000000E-5	-1.500000E-4	6.759000E-1	3.605000E-5	-2.990000E-6	3.237500E-4	4.100000E-6	0.000000E+0	0.000000E+0	1.964247E-4	2.976042E-9	0.000000E+0	0.000000E+0	1.051327E+1	0.000000E+0	0.000000E+0
24-Apr-25	12:58:20	-1.000000E-5	-1.500000E-4	6.769700E-1	3.611500E-5	-3.015000E-6	3.239000E-4	3.800000E-6	0.000000E+0	0.000000E+0	1.964247E-4	2.976042E-9	0.000000E+0	0.000000E+0	1.051304E+1	0.000000E+0	0.000000E+0
24-Apr-25	12:58:20	-1.000000E-5	-1.500000E-4	6.779400E-1	3.607000E-5	-2.985000E-6	3.242000E-4	3.900000E-6	0.000000E+0	0.000000E+0	1.964247E-4	2.976042E-9	0.000000E+0	0.000000E+0	1.051259E+1	0.000000E+0	0.000000E+0
24-Apr-25	12:58:21	-1.000000E-5	-1.500000E-4	6.789400E-1	3.610000E-5	-2.975000E-6	3.237500E-4	3.850000E-6	0.000000E+0	0.000000E+0	1.964247E-4	2.976042E-9	0.000000E+0	0.000000E+0	1.051201E+1	0.000000E+0	0.000000E+0
24-Apr-25	12:58:21	-1.000000E-5	-1.500000E-4	6.800400E-1	3.610500E-5	-2.975000E-6	3.236500E-4	4.100000E-6	0.000000E+0	0.000000E+0	1.964247E-4	2.976042E-9	0.000000E+0	0.000000E+0	1.051127E+1	0.000000E+0	0.000000E+0
24-Apr-25	12:58:22	-1.000000E-5	-1.500000E-4	6.810200E-1	3.611500E-5	-2.980000E-6	3.234000E-4	3.400000E-6	0.000000E+0	0.000000E+0	1.964247E-4	2.976042E-9	0.000000E+0	0.000000E+0	1.051010E+1	0.000000E+0	0.000000E+0
24-Apr-25	12:58:22	-1.000000E-5	-1.500000E-4	6.819950E-1	3.613000E-5	-2.975000E-6	3.236000E-4	3.750000E-6	0.000000E+0	0.000000E+0	1.964247E-4	2.976042E-9	0.000000E+0	0.000000E+0	1.050901E+1	0.000000E+0	0.000000E+0
24-Apr-25	12:58:23	-1.000000E-5	-1.500000E-4	6.829750E-1	3.610500E-5	-2.930000E-6	3.236500E-4	3.950000E-6	0.000000E+0	0.000000E+0	1.964247E-4	2.976042E-9	0.000000E+0	0.000000E+0	1.050791E+1	0.000000E+0	0.000000E+0
24-Apr-25	12:58:23	-1.000000E-5	-1.500000E-4	6.839500E-1	3.611500E-5	-2.975000E-6	3.238000E-4	3.950000E-6	0.000000E+0	0.000000E+0	1.964247E-4	2.976042E-9	0.000000E+0	0.000000E+0	1.050680E+1	0.000000E+0	0.000000E+0
24-Apr-25	12:58:24	-1.000000E-5	-1.500000E-4	6.849200E-1	3.610000E-5	-2.990000E-6	3.235000E-4	4.400000E-6	0.000000E+0	0.000000E+0	1.964247E-4	2.976042E-9	0.000000E+0	0.000000E+0	1.050564E+1	0.000000E+0	0.000000E+0
24-Apr-25	12:58:24	-1.000000E-5	-1.500000E-4	6.858900E-1	3.610000E-5	-2.955000E-6	3.237500E-4	4.250000E-6	0.000000E+0	0.000000E+0	1.964247E-4	2.976042E-9	0.000000E+0	0.000000E+0	1.050442E+1	0.000000E+0	0.000000E+0
24-Apr-25	12:58:25	-1.000000E-5	-1.500000E-4	6.871650E-1	3.608500E-5	-2.960000E-6	3.235000E-4	3.500000E-6	0.000000E+0	0.000000E+0	1.964247E-4	2.976042E-9	0.000000E+0	0.000000E+0	1.050247E+1	0.000000E+0	0.000000E+0
24-Apr-25	12:58:25	-1.000000E-5	-1.500000E-4	6.883400E-1	3.606000E-5	-2.945000E-6	3.234500E-4	3.800000E-6	0.000000E+0	0.000000E+0	1.964247E-4	2.976042E-9	0.000000E+0	0.000000E+0	1.050108E+1	0.000000E+0	0.000000E+0
24-Apr-25	12:58:26	-1.000000E-5	-1.500000E-4	6.894950E-1	3.611500E-5	-2.975000E-6	3.235000E-4	3.650000E-6	0.000000E+0	0.000000E+0	1.964247E-4	2.976042E-9	0.000000E+0	0.000000E+0	1.049899E+1	0.000000E+0	0.000000E+0
24-Apr-25	12:58:26	-1.000000E-5	-1.500000E-4	6.904550E-1	3.611000E-5	-2.950000E-6	3.231500E-4	3.950000E-6	0.000000E+0	0.000000E+0	1.964247E-4	2.976042E-9	0.000000E+0	0.000000E+0	1.049770E+1	0.000000E+0	0.000000E+0
24-Apr-25	12:58:27	-1.000000E-5	-1.500000E-4	6.914150E-1	3.612000E-5	-2.935000E-6	3.239500E-4	4.100000E-6	0.000000E+0	0.000000E+0	1.964247E-4	2.976042E-9	0.000000E+0	0.000000E+0	1.049642E+1	0.000000E+0	0.000000E+0
24-Apr-25	12:58:28	-1.000000E-5	-1.500000E-4	6.924700E-1	3.610000E-5	-2.965000E-6	3.227500E-4	3.900000E-6	0.000000E+0	0.000000E+0	1.964247E-4	2.976042E-9	0.000000E+0	0.000000E+0	1.049493E+1	0.000000E+0	0.000000E+0
24-Apr-25	12:58:28	-1.000000E-5	-1.500000E-4	6.935200E-1	3.607500E-5	-2.965000E-6	3.236500E-4	3.800000E-6	0.000000E+0	0.000000E+0	1.964247E-4	2.976042E-9	0.000000E+0	0.000000E+0	1.049382E+1	0.000000E+0	0.000000E+0
24-Apr-25	12:58:29	-1.000000E-5	-1.500000E-4	6.945750E-1	3.611500E-5	-2.970000E-6	3.233500E-4	3.850000E-6	0.000000E+0	0.000000E+0	1.964247E-4	2.976042E-9	0.000000E+0	0.000000E+0	1.049247E+1	0.000000E+0	0.000000E+0
24-Apr-25	12:58:29	-1.000000E-5	-1.500000E-4	6.956100E-1	3.609500E-5	-2.935000E-6	3.235500E-4	4.000000E-6	0.000000E+0	0.000000E+0	1.964247E-4	2.976042E-9	0.000000E+0	0.000000E+0	1.049117E+1	0.000000E+0	0.000000E+0
24-Apr-25	12:58:30	-1.000000E-5	-1.500000E-4	6.966550E-1	3.608500E-5	-2.935000E-6	3.234000E-4	3.800000E-6	0.000000E+0	0.000000E+0	1.964247E-4	2.976042E-9	0.000000E+0	0.000000E+0	1.049024E+1	0.000000E+0	0.000000E+0
24-Apr-25	12:58:30	-1.000000E-5	-1.500000E-4	6.976150E-1	3.606000E-5	-2.965000E-6	3.238500E-4	4.100000E-6	0.000000E+0	0.000000E+0	1.964247E-4	2.976042E-9	0.000000E+0	0.000000E+0	1.048941E+1	0.000000E+0	0.000000E+0
24-Apr-25	12:58:31	-1.000000E-5	-1.500000E-4	6.985600E-1	3.605000E-5	-2.960000E-6	3.237500E-4	4.050000E-6	0.000000E+0	0.000000E+0	1.964247E-4	2.976042E-9	0.000000E+0	0.000000E+0	1.048863E+1	0.000000E+0	0.000000E+0
24-Apr-25	12:58:31	-1.000000E-5	-1.500000E-4	6.995150E-1	3.606500E-5	-3.000000E-6	3.233500E-4	4.350000E-6	0.000000E+0	0.000000E+0	1.964247E-4	2.976042E-9	0.000000E+0	0.000000E+0	1.048791E+1	0.000000E+0	0.000000E+0
24-Apr-25	12:58:32	-1.000000E-5	-1.500000E-4	7.004600E-1	3.608500E-5	-2.995000E-6	3.238000E-4	3.800000E-6	0.000000E+0	0.000000E+0	1.964247E-4	2.976042E-9	0.000000E+0	0.000000E+0	1.048726E+1	0.000000E+0	0.000000E+0
24-Apr-25	12:58:32	-1.000000E-5	-1.500000E-4	7.014000E-1	3.610000E-5	-2.970000E-6	3.237500E-4	3.650000E-6	0.000000E+0	0.000000E+0	1.964247E-4	2.976042E-9	0.000000E+0	0.000000E+0	1.048648E+1	0.000000E+0	0.000000E+0
24-Apr-25	12:58:33	-1.000000E-5	-1.500000E-4	7.026150E-1	3.612000E-5	-2.970000E-6	3.234500E-4	4.150000E-6	0.000000E+0	0.000000E+0	1.964247E-4	2.976042E-9	0.000000E+0	0.000000E+0	1.048582E+1	0.000000E+0	0.000000E+0
24-Apr-25	12:58:34	-1.000000E-5	-1.500000E-4	7.036350E-1	3.608500E-5	-2.950000E-6	3.239000E-4	3.700000E-6	0.000000E+0	0.000000E+0	1.964247E-4	2.976042E-9	0.000000E+0	0.000000E+0	1.048522E+1	0.000000E+0	0.000000E+0
24-Apr-25	12:58:34	-1.000000E-5	-1.500000E-4	7.046600E-1	3.613500E-5	-2.975000E-6	3.239500E-4	4.100000E-6	0.000000E+0	0.000000E+0	1.964247E-4	2.976042E-9	0.000000E+0	0.000000E+0	1.048486E+1	0.000000E+0	0.000000E+0
24-Apr-25	12:58:35	-1.000000E-5	-1.500000E-4	7.055900E-1	3.606500E-5	-2.945000E-6	3.234000E-4	3.900000E-6	0.000000E+0	0.000000E+0	1.964247E-4	2.976042E-9	0.000000E+0	0.000000E+0	1.048460E+1	0.000000E+0	0.000000E+0
24-Apr-25	12:58:35	-1.000000E-5	-1.500000E-4	7.065150E-1	3.607000E-5	-2.970000E-6	3.234500E-4	3.950000E-6	0.000000E+0	0.000000E+0	1.964247E-4	2.976042E-9	0.000000E+0	0.000000E+0	1.048439E+1	0.000000E+0	0.000000E+0
24-Apr-25	12:58:36	-1.000000E-5	-1.500000E-4	7.074450E-1	3.611000E-5	-2.955000E-6	3.239000E-4	3.950000E-6	0.000000E+0	0.000000E+0	1.964247E-4	2.976042E-9	0.000000E+0	0.000000E+0	1.048415E+1	0.000000E+0	0.000000E+0
24-Apr-25	12:58:36	-1.000000E-5	-1.500000E-4	7.084650E-1	3.609000E-5	-2.960000E-6	3.233500E-4	4.300000E-6	0.000000E+0	0.000000E+0	1.964247E-4	2.976042E-9	0.000000E+0	0.000000E+0	1.048388E+1	0.000000E+0	0.000000E+0
24-Apr-25	12:58:37	-1.000000E-5	-1.500000E-4	7.097750E-1	3.612000E-5	-2.925000E-6	3.236000E-4	3.800000E-6	0.000000E+0	0.000000E+0	1.964247E-4	2.976042E-9	0.000000E+0	0.000000E+0	1.048346E+1	0.000000E+0	0.000000E+0
24-Apr-25	12:58:37	-1.000000E-5	-1.500000E-4	7.109750E-1	3.612000E-5	-2.970000E-6	3.232500E-4	3.400000E-6	0.000000E+0	0.000000E+0	1.964247E-4	2.976042E-9	0.000000E+0	0.000000E+0	1.048305E+1	0.000000E+0	0.000000E+0
24-Apr-25	12:58:38	-1.000000E-5	-1.500000E-4	7.118900E-1	3.612000E-5	-2.995000E-6	3.234000E-4	3.750000E-6	0.000000E+0	0.000000E+0	1.964247E-4	2.976042E-9	0.000000E+0	0.000000E+0	1.048257E+1	0.000000E+0	0.000000E+0
24-Apr-25	12:58:38	-1.000000E-5	-1.500000E-4	7.128050E-1	3.610500E-5	-3.000000E-6	3.234500E-4	3.950000E-6	0.000000E+0	0.000000E+0	1.964247E-4	2.976042E-9	0.000000E+0	0.000000E+0	1.048212E+1	0.000000E+0	0.000000E+0
24-Apr-25	12:58:39	-1.000000E-5	-1.500000E-4	7.137150E-1	3.612000E-5	-2.955000E-6	3.230000E-4	3.400000E-6	0.000000E+0	0.000000E+0	1.964247E-4	2.976042E-9	0.000000E+0	0.000000E+0	1.048166E+1	0.000000E+0	0.000000E+0
24-Apr-25	12:58:39	-1.000000E-5	-1.500000E-4	7.146250E-1	3.608500E-5	-2.990000E-6	3.236500E-4	3.900000E-6	0.000000E+0	0.000000E+0	1.964247E-4	2.976042E-9	0.000000E+0	0.000000E+0	1.048123E+1	0.000000E+0	0.000000E+0
24-Apr-25	12:58:40	-1.000000E-5	-1.500000E-4	7.155350E-1	3.609000E-5	-2.995000E-6	3.234500E-4	3.550000E-6	0.000000E+0	0.000000E+0	1.964247E-4	2.976042E-9	0.000000E+0	0.000000E+0	1.048075E+1	0.000000E+0	0.000000E+0
24-Apr-25	12:58:40	-1.000000E-5	-1.500000E-4	7.165300E-1	3.610000E-5	-2.980000E-6	3.236000E-4	3.500000E-6	0.000000E+0	0.000000E+0	1.964247E-4	2.976042E-9	0.000000E+0	0.000000E+0	1.048008E+1	0.000000E+0	0.000000E+0
24-Apr-25	12:58:41	-1.000000E-5	-1.500000E-4	7.174350E-1	3.607000E-5	-2.955000E-6	3.241000E-4	3.450000E-6	0.000000E+0	0.000000E+0	1.964247E-4	2.976042E-9	0.000000E+0	0.000000E+0	1.047953E+1	0.000000E+0	0.000000E+0
24-Apr-25	12:58:42	-1.000000E-5	-1.500000E-4	7.186100E-1	3.607500E-5	-2.925000E-6	3.237000E-4	4.100000E-6	0.000000E+0	0.000000E+0	1.964247E-4	2.976042E-9	0.000000E+0	0.000000E+0	1.047884E+1	0.000000E+0	0.000000E+0
24-Apr-25	12:58:42	-1.000000E-5	-1.500000E-4	7.200650E-1	3.610000E-5	-2.955000E-6	3.236000E-4	3.550000E-6	0.000000E+0	0.000000E+0	1.964247E-4	2.976042E-9	0.000000E+0	0.000000E+0	1.047781E+1	0.000000E+0	0.000000E+0
24-Apr-25	12:58:43	-1.000000E-5	-1.500000E-4	7.210650E-1	3.613000E-5	-2.990000E-6	3.239000E-4	3.650000E-6	0.000000E+0	0.000000E+0	1.964247E-4	2.976042E-9	0.000000E+0	0.000000E+0	1.047720E+1	0.000000E+0	0.000000E+0
24-Apr-25	12:58:44	-1.000000E-5	-1.500000E-4	7.219550E-1	3.613000E-5	-3.010000E-6	3.232000E-4	3.800000E-6	0.000000E+0	0.000000E+0	1.964247E-4	2.976042E-9	0.000000E+0	0.000000E+0	1.047644E+1	0.000000E+0	0.000000E+0
24-Apr-25	12:58:44	-1.000000E-5	-1.500000E-4	7.230300E-1	3.611500E-5	-2.975000E-6	3.237000E-4	3.850000E-6	0.000000E+0	0.000000E+0	1.964247E-4	2.976042E-9	0.000000E+0	0.000000E+0	1.047563E+1	0.000000E+0	0.000000E+0
24-Apr-25	12:58:45	-1.000000E-5	-1.500000E-4	7.240150E-1	3.605000E-5	-2.950000E-6	3.234500E-4	3.800000E-6	0.000000E+0	0.000000E+0	1.964247E-4	2.976042E-9	0.000000E+0	0.000000E+0	1.047495E+1	0.000000E+0	0.000000E+0
24-Apr-25	12:58:45	-1.000000E-5	-1.500000E-4	7.249850E-1	3.611500E-5	-2.985000E-6	3.239500E-4	3.500000E-6	0.000000E+0	0.000000E+0	1.964247E-4	2.976042E-9	0.000000E+0	0.000000E+0	1.047381E+1	0.000000E+0	0.000000E+0
24-Apr-25	12:58:46	-1.000000E-5	-1.500000E-4	7.260550E-1	3.610500E-5	-2.960000E-6	3.238000E-4	3.800000E-6	0.000000E+0	0.000000E+0	1.964247E-4	2.976042E-9	0.000000E+0	0.000000E+0	1.047305E+1	0.000000E+0	0.000000E+0
24-Apr-25	12:58:46	-1.000000E-5	-1.500000E-4	7.270550E-1	3.611000E-5	-2.990000E-6	3.231500E-4	3.500000E-6	0.000000E+0	0.000000E+0	1.964247E-4	2.976042E-9	0.000000E+0	0.000000E+0	1.047231E+1	0.000000E+0	0.000000E+0
24-Apr-25	12:58:47	-1.000000E-5	-1.500000E-4	7.280250E-1	3.606000E-5	-2.980000E-6	3.231000E-4	4.150000E-6	0.000000E+0	0.000000E+0	1.964247E-4	2.976042E-9	0.000000E+0	0.000000E+0	1.047133E+1	0.000000E+0	0.000000E+0
24-Apr-25	12:58:48	-1.000000E-5	-1.500000E-4	7.291700E-1	3.608500E-5	-2.950000E-6	3.235500E-4	3.850000E-6	0.000000E+0	0.000000E+0	1.964247E-4	2.976042E-9	0.000000E+0	0.000000E+0	1.047031E+1	0.000000E+0	0.000000E+0
24-Apr-25	12:58:48	-1.000000E-5	-1.500000E-4	7.300500E-1	3.615500E-5	-2.940000E-6	3.226500E-4	4.050000E-6	0.000000E+0	0.000000E+0	1.964247E-4	2.976042E-9	0.000000E+0	0.000000E+0	1.046957E+1	0.000000E+0	0.000000E+0
24-Apr-25	12:58:49	-1.000000E-5	-1.500000E-4	7.309200E-1	3.610000E-5	-2.950000E-6	3.236000E-4	4.100000E-6	0.000000E+0	0.000000E+0	1.964247E-4	2.976042E-9	0.000000E+0	0.000000E+0	1.046880E+1	0.000000E+0	0.000000E+0
24-Apr-25	12:58:49	-1.000000E-5	-1.500000E-4	7.318000E-1	3.608500E-5	-2.965000E-6	3.233000E-4	3.750000E-6	0.000000E+0	0.000000E+0	1.964247E-4	2.976042E-9	0.000000E+0	0.000000E+0	1.046825E+1	0.000000E+0	0.000000E+0
24-Apr-25	12:58:50	-1.000000E-5	-1.500000E-4	7.326700E-1	3.612000E-5	-2.970000E-6	3.234500E-4	3.950000E-6	0.000000E+0	0.000000E+0	1.964247E-4	2.976042E-9	0.000000E+0	0.000000E+0	1.046794E+1	0.000000E+0	0.000000E+0
24-Apr-25	12:58:50	-1.000000E-5	-1.500000E-4	7.336250E-1	3.609500E-5	-2.945000E-6	3.239000E-4	3.800000E-6	0.000000E+0	0.000000E+0	1.964247E-4	2.976042E-9	0.000000E+0	0.000000E+0	1.046780E+1	0.000000E+0	0.000000E+0
24-Apr-25	12:58:51	-1.000000E-5	-1.500000E-4	7.345000E-1	3.605000E-5	-2.965000E-6	3.235000E-4	3.950000E-6	0.000000E+0	0.000000E+0	1.964247E-4	2.976042E-9	0.000000E+0	0.000000E+0	1.046779E+1	0.000000E+0	0.000000E+0
24-Apr-25	12:58:51	-1.000000E-5	-1.500000E-4	7.357250E-1	3.605500E-5	-2.985000E-6	3.230500E-4	3.500000E-6	0.000000E+0	0.000000E+0	1.964247E-4	2.976042E-9	0.000000E+0	0.000000E+0	1.046787E+1	0.000000E+0	0.000000E+0
24-Apr-25	12:58:52	-1.000000E-5	-1.500000E-4	7.367800E-1	3.610000E-5	-3.005000E-6	3.235000E-4	3.900000E-6	0.000000E+0	0.000000E+0	1.964247E-4	2.976042E-9	0.000000E+0	0.000000E+0	1.046791E+1	0.000000E+0	0.000000E+0
24-Apr-25	12:58:52	-1.000000E-5	-1.500000E-4	7.377250E-1	3.609000E-5	-2.995000E-6	3.227500E-4	3.650000E-6	0.000000E+0	0.000000E+0	1.964247E-4	2.976042E-9	0.000000E+0	0.000000E+0	1.046781E+1	0.000000E+0	0.000000E+0
24-Apr-25	12:58:53	-1.000000E-5	-1.500000E-4	7.385850E-1	3.608500E-5	-3.025000E-6	3.234500E-4	3.650000E-6	0.000000E+0	0.000000E+0	1.964247E-4	2.976042E-9	0.000000E+0	0.000000E+0	1.046764E+1	0.000000E+0	0.000000E+0
24-Apr-25	12:58:54	-1.000000E-5	-1.500000E-4	7.398700E-1	3.607500E-5	-2.985000E-6	3.239000E-4	3.350000E-6	0.000000E+0	0.000000E+0	1.964247E-4	2.976042E-9	0.000000E+0	0.000000E+0	1.046726E+1	0.000000E+0	0.000000E+0
24-Apr-25	12:58:54	-1.000000E-5	-1.500000E-4	7.409150E-1	3.610000E-5	-2.935000E-6	3.234000E-4	4.050000E-6	0.000000E+0	0.000000E+0	1.964247E-4	2.976042E-9	0.000000E+0	0.000000E+0	1.046678E+1	0.000000E+0	0.000000E+0
24-Apr-25	12:58:55	-1.000000E-5	-1.500000E-4	7.418400E-1	3.609000E-5	-2.995000E-6	3.242500E-4	3.650000E-6	0.000000E+0	0.000000E+0	1.964247E-4	2.976042E-9	0.000000E+0	0.000000E+0	1.046633E+1	0.000000E+0	0.000000E+0
24-Apr-25	12:58:55	-1.000000E-5	-1.500000E-4	7.426050E-1	3.606000E-5	-3.025000E-6	3.236000E-4	3.950000E-6	0.000000E+0	0.000000E+0	1.964247E-4	2.976042E-9	0.000000E+0	0.000000E+0	1.046590E+1	0.000000E+0	0.000000E+0
24-Apr-25	12:58:56	-1.000000E-5	-1.500000E-4	7.436550E-1	3.614500E-5	-2.955000E-6	3.239000E-4	3.750000E-6	0.000000E+0	0.000000E+0	1.964247E-4	2.976042E-9	0.000000E+0	0.000000E+0	1.046536E+1	0.000000E+0	0.000000E+0
24-Apr-25	12:58:57	-1.000000E-5	-1.500000E-4	7.446750E-1	3.608500E-5	-2.970000E-6	3.237500E-4	4.300000E-6	0.000000E+0	0.000000E+0	1.964247E-4	2.976042E-9	0.000000E+0	0.000000E+0	1.046478E+1	0.000000E+0	0.000000E+0
24-Apr-25	12:58:57	-1.000000E-5	-1.500000E-4	7.455200E-1	3.607500E-5	-2.985000E-6	3.230500E-4	3.850000E-6	0.000000E+0	0.000000E+0	1.964247E-4	2.976042E-9	0.000000E+0	0.000000E+0	1.046439E+1	0.000000E+0	0.000000E+0
24-Apr-25	12:58:58	-1.000000E-5	-1.500000E-4	7.463600E-1	3.608500E-5	-2.975000E-6	3.236000E-4	3.550000E-6	0.000000E+0	0.000000E+0	1.964247E-4	2.976042E-9	0.000000E+0	0.000000E+0	1.046405E+1	0.000000E+0	0.000000E+0
24-Apr-25	12:58:58	-1.000000E-5	-1.500000E-4	7.473700E-1	3.610000E-5	-2.925000E-6	3.239000E-4	3.900000E-6	0.000000E+0	0.000000E+0	1.964247E-4	2.976042E-9	0.000000E+0	0.000000E+0	1.046363E+1	0.000000E+0	0.000000E+0
24-Apr-25	12:58:59	-1.000000E-5	-1.500000E-4	7.482150E-1	3.605000E-5	-2.955000E-6	3.239000E-4	4.000000E-6	0.000000E+0	0.000000E+0	1.964247E-4	2.976042E-9	0.000000E+0	0.000000E+0	1.046327E+1	0.000000E+0	0.000000E+0
24-Apr-25	12:58:59	-1.000000E-5	-1.500000E-4	7.490500E-1	3.608500E-5	-2.965000E-6	3.233500E-4	3.600000E-6	0.000000E+0	0.000000E+0	1.964247E-4	2.976042E-9	0.000000E+0	0.000000E+0	1.046289E+1	0.000000E+0	0.000000E+0
24-Apr-25	12:59:00	-1.000000E-5	-1.500000E-4	7.499700E-1	3.606000E-5	-2.955000E-6	3.233500E-4	3.600000E-6	0.000000E+0	0.000000E+0	1.964247E-4	2.976042E-9	0.000000E+0	0.000000E+0	1.046248E+1	0.000000E+0	0.000000E+0
24-Apr-25	12:59:00	-1.000000E-5	-1.500000E-4	7.507200E-1	3.606500E-5	-2.950000E-6	3.237500E-4	3.900000E-6	0.000000E+0	0.000000E+0	1.964247E-4	2.976042E-9	0.000000E+0	0.000000E+0	1.046213E+1	0.000000E+0	0.000000E+0
24-Apr-25	12:59:01	-1.000000E-5	-1.500000E-4	7.517200E-1	3.610000E-5	-2.925000E-6	3.236000E-4	3.800000E-6	0.000000E+0	0.000000E+0	1.964247E-4	2.976042E-9	0.000000E+0	0.000000E+0	1.046170E+1	0.000000E+0	0.000000E+0
24-Apr-25	12:59:01	-1.000000E-5	-1.500000E-4	7.526350E-1	3.610000E-5	-2.940000E-6	3.229000E-4	3.500000E-6	0.000000E+0	0.000000E+0	1.964247E-4	2.976042E-9	0.000000E+0	0.000000E+0	1.046128E+1	0.000000E+0	0.000000E+0
24-Apr-25	12:59:02	-1.000000E-5	-1.500000E-4	7.534600E-1	3.610500E-5	-2.960000E-6	3.233500E-4	3.650000E-6	0.000000E+0	0.000000E+0	1.964247E-4	2.976042E-9	0.000000E+0	0.000000E+0	1.046086E+1	0.000000E+0	0.000000E+0
24-Apr-25	12:59:03	-1.000000E-5	-1.500000E-4	7.546350E-1	3.609500E-5	-2.990000E-6	3.236500E-4	3.500000E-6	0.000000E+0	0.000000E+0	1.964247E-4	2.976042E-9	0.000000E+0	0.000000E+0	1.046006E+1	0.000000E+0	0.000000E+0
24-Apr-25	12:59:03	-1.000000E-5	-1.500000E-4	7.555500E-1	3.606500E-5	-2.970000E-6	3.234500E-4	3.350000E-6	0.000000E+0	0.000000E+0	1.964247E-4	2.976042E-9	0.000000E+0	0.000000E+0	1.045922E+1	0.000000E+0	0.000000E+0
24-Apr-25	12:59:04	-1.000000E-5	-1.500000E-4	7.563800E-1	3.605500E-5	-2.955000E-6	3.235500E-4	3.850000E-6	0.000000E+0	0.000000E+0	1.964247E-4	2.976042E-9	0.000000E+0	0.000000E+0	1.045849E+1	0.000000E+0	0.000000E+0
24-Apr-25	12:59:04	-1.000000E-5	-1.500000E-4	7.572800E-1	3.606500E-5	-2.970000E-6	3.233500E-4	3.700000E-6	0.000000E+0	0.000000E+0	1.964247E-4	2.976042E-9	0.000000E+0	0.000000E+0	1.045757E+1	0.000000E+0	0.000000E+0
24-Apr-25	12:59:05	-1.000000E-5	-1.500000E-4	7.582000E-1	3.607500E-5	-2.930000E-6	3.233500E-4	3.800000E-6	0.000000E+0	0.000000E+0	1.964247E-4	2.976042E-9	0.000000E+0	0.000000E+0	1.045672E+1	0.000000E+0	0.000000E+0
24-Apr-25	12:59:05	-1.000000E-5	-1.500000E-4	7.590050E-1	3.612000E-5	-3.010000E-6	3.239500E-4	3.900000E-6	0.000000E+0	0.000000E+0	1.964247E-4	2.976042E-9	0.000000E+0	0.000000E+0	1.045575E+1	0.000000E+0	0.000000E+0
24-Apr-25	12:59:06	-1.000000E-5	-1.500000E-4	7.601600E-1	3.606000E-5	-2.945000E-6	3.243000E-4	4.050000E-6	0.000000E+0	0.000000E+0	1.964247E-4	2.976042E-9	0.000000E+0	0.000000E+0	1.045428E+1	0.000000E+0	0.000000E+0
24-Apr-25	12:59:07	-1.000000E-5	-1.500000E-4	7.613950E-1	3.609000E-5	-2.950000E-6	3.240000E-4	3.500000E-6	0.000000E+0	0.000000E+0	1.964247E-4	2.976042E-9	0.000000E+0	0.000000E+0	1.045278E+1	0.000000E+0	0.000000E+0
24-Apr-25	12:59:07	-1.000000E-5	-1.500000E-4	7.622000E-1	3.608500E-5	-2.980000E-6	3.238000E-4	3.950000E-6	0.000000E+0	0.000000E+0	1.964247E-4	2.976042E-9	0.000000E+0	0.000000E+0	1.045175E+1	0.000000E+0	0.000000E+0
24-Apr-25	12:59:08	-1.000000E-5	-1.500000E-4	7.630050E-1	3.610000E-5	-3.000000E-6	3.236500E-4	4.000000E-6	0.000000E+0	0.000000E+0	1.964247E-4	2.976042E-9	0.000000E+0	0.000000E+0	1.045077E+1	0.000000E+0	0.000000E+0
24-Apr-25	12:59:08	-1.000000E-5	-1.500000E-4	7.638950E-1	3.610000E-5	-2.965000E-6	3.232000E-4	3.500000E-6	0.000000E+0	0.000000E+0	1.964247E-4	2.976042E-9	0.000000E+0	0.000000E+0	1.044973E+1	0.000000E+0	0.000000E+0
24-Apr-25	12:59:09	-1.000000E-5	-1.500000E-4	7.647000E-1	3.607500E-5	-2.990000E-6	3.235000E-4	4.250000E-6	0.000000E+0	0.000000E+0	1.964247E-4	2.976042E-9	0.000000E+0	0.000000E+0	1.044900E+1	0.000000E+0	0.000000E+0
24-Apr-25	12:59:09	-1.000000E-5	-1.500000E-4	7.658300E-1	3.609500E-5	-2.980000E-6	3.232000E-4	4.000000E-6	0.000000E+0	0.000000E+0	1.964247E-4	2.976042E-9	0.000000E+0	0.000000E+0	1.044801E+1	0.000000E+0	0.000000E+0
24-Apr-25	12:59:10	-1.000000E-5	-1.500000E-4	7.666300E-1	3.607500E-5	-2.980000E-6	3.238000E-4	3.550000E-6	0.000000E+0	0.000000E+0	1.964247E-4	2.976042E-9	0.000000E+0	0.000000E+0	1.044743E+1	0.000000E+0	0.000000E+0
24-Apr-25	12:59:10	-1.000000E-5	-1.500000E-4	7.674300E-1	3.607500E-5	-2.940000E-6	3.235000E-4	3.600000E-6	0.000000E+0	0.000000E+0	1.964247E-4	2.976042E-9	0.000000E+0	0.000000E+0	1.044690E+1	0.000000E+0	0.000000E+0
24-Apr-25	12:59:11	-1.000000E-5	-1.500000E-4	7.683100E-1	3.609000E-5	-2.940000E-6	3.237500E-4	3.550000E-6	0.000000E+0	0.000000E+0	1.964247E-4	2.976042E-9	0.000000E+0	0.000000E+0	1.044631E+1	0.000000E+0	0.000000E+0
24-Apr-25	12:59:11	-1.000000E-5	-1.500000E-4	7.691050E-1	3.610000E-5	-2.970000E-6	3.234500E-4	4.100000E-6	0.000000E+0	0.000000E+0	1.964247E-4	2.976042E-9	0.000000E+0	0.000000E+0	1.044593E+1	0.000000E+0	0.000000E+0
24-Apr-25	12:59:12	-1.000000E-5	-1.500000E-4	7.698200E-1	3.610500E-5	-3.000000E-6	3.239000E-4	4.000000E-6	0.000000E+0	0.000000E+0	1.964247E-4	2.976042E-9	0.000000E+0	0.000000E+0	1.044566E+1	0.000000E+0	0.000000E+0
24-Apr-25	12:59:13	-1.000000E-5	-1.500000E-4	7.707700E-1	3.609500E-5	-2.990000E-6	3.236500E-4	4.250000E-6	0.000000E+0	0.000000E+0	1.964247E-4	2.976042E-9	0.000000E+0	0.000000E+0	1.044545E+1	0.000000E+0	0.000000E+0
24-Apr-25	12:59:13	-1.000000E-5	-1.500000E-4	7.715600E-1	3.611000E-5	-3.025000E-6	3.233000E-4	3.550000E-6	0.000000E+0	0.000000E+0	1.964247E-4	2.976042E-9	0.000000E+0	0.000000E+0	1.044538E+1	0.000000E+0	0.000000E+0
24-Apr-25	12:59:14	-1.000000E-5	-1.500000E-4	7.723450E-1	3.607500E-5	-2.965000E-6	3.233000E-4	4.400000E-6	0.000000E+0	0.000000E+0	1.964247E-4	2.976042E-9	0.000000E+0	0.000000E+0	1.044542E+1	0.000000E+0	0.000000E+0
24-Apr-25	12:59:14	-1.000000E-5	-1.500000E-4	7.731350E-1	3.607000E-5	-2.935000E-6	3.227500E-4	3.000000E-6	0.000000E+0	0.000000E+0	1.964247E-4	2.976042E-9	0.000000E+0	0.000000E+0	1.044552E+1	0.000000E+0	0.000000E+0
24-Apr-25	12:59:15	-1.000000E-5	-1.500000E-4	7.741850E-1	3.612000E-5	-2.960000E-6	3.242500E-4	4.200000E-6	0.000000E+0	0.000000E+0	1.964247E-4	2.976042E-9	0.000000E+0	0.000000E+0	1.044578E+1	0.000000E+0	0.000000E+0
24-Apr-25	12:59:15	-1.000000E-5	-1.500000E-4	7.749700E-1	3.608000E-5	-2.940000E-6	3.231000E-4	3.700000E-6	0.000000E+0	0.000000E+0	1.964247E-4	2.976042E-9	0.000000E+0	0.000000E+0	1.044592E+1	0.000000E+0	0.000000E+0
24-Apr-25	12:59:16	-1.000000E-5	-1.500000E-4	7.757550E-1	3.602000E-5	-2.975000E-6	3.238500E-4	4.100000E-6	0.000000E+0	0.000000E+0	1.964247E-4	2.976042E-9	0.000000E+0	0.000000E+0	1.044612E+1	0.000000E+0	0.000000E+0
24-Apr-25	12:59:16	-1.000000E-5	-1.500000E-4	7.766050E-1	3.606500E-5	-2.960000E-6	3.232500E-4	3.950000E-6	0.000000E+0	0.000000E+0	1.964247E-4	2.976042E-9	0.000000E+0	0.000000E+0	1.044631E+1	0.000000E+0	0.000000E+0
24-Apr-25	12:59:17	-1.000000E-5	-1.500000E-4	7.773850E-1	3.607000E-5	-2.925000E-6	3.237000E-4	3.950000E-6	0.000000E+0	0.000000E+0	1.964247E-4	2.976042E-9	0.000000E+0	0.000000E+0	1.044647E+1	0.000000E+0	0.000000E+0
24-Apr-25	12:59:17	-1.000000E-5	-1.500000E-4	7.784000E-1	3.607000E-5	-2.980000E-6	3.242000E-4	3.550000E-6	0.000000E+0	0.000000E+0	1.964247E-4	2.976042E-9	0.000000E+0	0.000000E+0	1.044661E+1	0.000000E+0	0.000000E+0
24-Apr-25	12:59:18	-1.000000E-5	-1.500000E-4	7.791700E-1	3.607500E-5	-2.945000E-6	3.236500E-4	4.350000E-6	0.000000E+0	0.000000E+0	1.964247E-4	2.976042E-9	0.000000E+0	0.000000E+0	1.044665E+1	0.000000E+0	0.000000E+0
24-Apr-25	12:59:19	-1.000000E-5	-1.500000E-4	7.802700E-1	3.610500E-5	-2.990000E-6	3.233000E-4	3.800000E-6	0.000000E+0	0.000000E+0	1.964247E-4	2.976042E-9	0.000000E+0	0.000000E+0	1.044669E+1	0.000000E+0	0.000000E+0
24-Apr-25	12:59:19	-1.000000E-5	-1.500000E-4	7.812900E-1	3.612000E-5	-2.970000E-6	3.234000E-4	3.650000E-6	0.000000E+0	0.000000E+0	1.964247E-4	2.976042E-9	0.000000E+0	0.000000E+0	1.044673E+1	0.000000E+0	0.000000E+0
24-Apr-25	12:59:20	-1.000000E-5	-1.500000E-4	7.823650E-1	3.608500E-5	-2.965000E-6	3.236000E-4	3.750000E-6	0.000000E+0	0.000000E+0	1.964247E-4	2.976042E-9	0.000000E+0	0.000000E+0	1.044675E+1	0.000000E+0	0.000000E+0
24-Apr-25	12:59:21	-1.000000E-5	-1.500000E-4	7.835950E-1	3.610500E-5	-2.975000E-6	3.229000E-4	3.250000E-6	0.000000E+0	0.000000E+0	1.964247E-4	2.976042E-9	0.000000E+0	0.000000E+0	1.044645E+1	0.000000E+0	0.000000E+0
24-Apr-25	12:59:22	-1.000000E-5	-1.500000E-4	7.848350E-1	3.611500E-5	-2.940000E-6	3.240000E-4	3.850000E-6	0.000000E+0	0.000000E+0	1.964247E-4	2.976042E-9	0.000000E+0	0.000000E+0	1.044595E+1	0.000000E+0	0.000000E+0
24-Apr-25	12:59:22	-1.000000E-5	-1.500000E-4	7.858250E-1	3.611500E-5	-2.940000E-6	3.230500E-4	3.250000E-6	0.000000E+0	0.000000E+0	1.964247E-4	2.976042E-9	0.000000E+0	0.000000E+0	1.044551E+1	0.000000E+0	0.000000E+0
24-Apr-25	12:59:23	-1.000000E-5	-1.500000E-4	7.865050E-1	3.609500E-5	-2.980000E-6	3.235500E-4	3.850000E-6	0.000000E+0	0.000000E+0	1.964247E-4	2.976042E-9	0.000000E+0	0.000000E+0	1.044493E+1	0.000000E+0	0.000000E+0
24-Apr-25	12:59:23	-1.000000E-5	-1.500000E-4	7.872650E-1	3.612500E-5	-2.960000E-6	3.235500E-4	3.500000E-6	0.000000E+0	0.000000E+0	1.964247E-4	2.976042E-9	0.000000E+0	0.000000E+0	1.044440E+1	0.000000E+0	0.000000E+0
24-Apr-25	12:59:24	-1.000000E-5	-1.500000E-4	7.875300E-1	3.609000E-5	-2.995000E-6	3.232000E-4	3.400000E-6	0.000000E+0	0.000000E+0	1.964247E-4	2.976042E-9	0.000000E+0	0.000000E+0	1.044393E+1	0.000000E+0	0.000000E+0
24-Apr-25	12:59:24	-1.000000E-5	-1.500000E-4	7.888500E-1	3.605500E-5	-2.970000E-6	3.233500E-4	3.800000E-6	0.000000E+0	0.000000E+0	1.964247E-4	2.976042E-9	0.000000E+0	0.000000E+0	1.044326E+1	0.000000E+0	0.000000E+0
24-Apr-25	12:59:25	-1.000000E-5	-1.500000E-4	7.896050E-1	3.610000E-5	-2.955000E-6	3.233000E-4	3.550000E-6	0.000000E+0	0.000000E+0	1.964247E-4	2.976042E-9	0.000000E+0	0.000000E+0	1.044254E+1	0.000000E+0	0.000000E+0
24-Apr-25	12:59:25	-1.000000E-5	-1.500000E-4	7.904550E-1	3.607000E-5	-2.965000E-6	3.235000E-4	3.800000E-6	0.000000E+0	0.000000E+0	1.964247E-4	2.976042E-9	0.000000E+0	0.000000E+0	1.044169E+1	0.000000E+0	0.000000E+0
24-Apr-25	12:59:26	-1.000000E-5	-1.500000E-4	7.912050E-1	3.602500E-5	-2.910000E-6	3.242500E-4	3.800000E-6	0.000000E+0	0.000000E+0	1.964247E-4	2.976042E-9	0.000000E+0	0.000000E+0	1.044077E+1	0.000000E+0	0.000000E+0
24-Apr-25	12:59:26	-1.000000E-5	-1.500000E-4	7.919550E-1	3.610500E-5	-2.955000E-6	3.234500E-4	4.100000E-6	0.000000E+0	0.000000E+0	1.964247E-4	2.976042E-9	0.000000E+0	0.000000E+0	1.043956E+1	0.000000E+0	0.000000E+0
24-Apr-25	12:59:27	-1.000000E-5	-1.500000E-4	7.927050E-1	3.612500E-5	-2.965000E-6	3.236500E-4	3.900000E-6	0.000000E+0	0.000000E+0	1.964247E-4	2.976042E-9	0.000000E+0	0.000000E+0	1.043853E+1	0.000000E+0	0.000000E+0
24-Apr-25	12:59:27	-1.000000E-5	-1.500000E-4	7.928850E-1	3.608000E-5	-2.960000E-6	3.236000E-4	3.650000E-6	0.000000E+0	0.000000E+0	1.964247E-4	2.976042E-9	0.000000E+0	0.000000E+0	1.043758E+1	0.000000E+0	0.000000E+0
24-Apr-25	12:59:28	-1.000000E-5	-1.500000E-4	7.941900E-1	3.608000E-5	-2.955000E-6	3.234500E-4	3.950000E-6	0.000000E+0	0.000000E+0	1.964247E-4	2.976042E-9	0.000000E+0	0.000000E+0	1.043664E+1	0.000000E+0	0.000000E+0
24-Apr-25	12:59:28	-1.000000E-5	-1.500000E-4	7.949300E-1	3.610000E-5	-2.960000E-6	3.230500E-4	3.500000E-6	0.000000E+0	0.000000E+0	1.964247E-4	2.976042E-9	0.000000E+0	0.000000E+0	1.043556E+1	0.000000E+0	0.000000E+0
24-Apr-25	12:59:29	-1.000000E-5	-1.500000E-4	7.956700E-1	3.609000E-5	-2.975000E-6	3.233500E-4	3.450000E-6	0.000000E+0	0.000000E+0	1.964247E-4	2.976042E-9	0.000000E+0	0.000000E+0	1.043424E+1	0.000000E+0	0.000000E+0
24-Apr-25	12:59:29	-1.000000E-5	-1.500000E-4	7.964100E-1	3.607500E-5	-2.970000E-6	3.239000E-4	3.700000E-6	0.000000E+0	0.000000E+0	1.964247E-4	2.976042E-9	0.000000E+0	0.000000E+0	1.043266E+1	0.000000E+0	0.000000E+0
24-Apr-25	12:59:30	-1.000000E-5	-1.500000E-4	7.971500E-1	3.609000E-5	-2.975000E-6	3.236000E-4	3.650000E-6	0.000000E+0	0.000000E+0	1.964247E-4	2.976042E-9	0.000000E+0	0.000000E+0	1.043031E+1	0.000000E+0	0.000000E+0
24-Apr-25	12:59:30	-1.000000E-5	-1.500000E-4	7.978800E-1	3.606500E-5	-2.980000E-6	3.233500E-4	4.100000E-6	0.000000E+0	0.000000E+0	1.964247E-4	2.976042E-9	0.000000E+0	0.000000E+0	1.042815E+1	0.000000E+0	0.000000E+0
24-Apr-25	12:59:31	-1.000000E-5	-1.500000E-4	7.986200E-1	3.604000E-5	-2.975000E-6	3.234500E-4	4.250000E-6	0.000000E+0	0.000000E+0	1.964247E-4	2.976042E-9	0.000000E+0	0.000000E+0	1.042581E+1	0.000000E+0	0.000000E+0
24-Apr-25	12:59:31	-1.000000E-5	-1.500000E-4	7.993500E-1	3.606500E-5	-3.005000E-6	3.234500E-4	4.150000E-6	0.000000E+0	0.000000E+0	1.964247E-4	2.976042E-9	0.000000E+0	0.000000E+0	1.042347E+1	0.000000E+0	0.000000E+0
24-Apr-25	12:59:32	-1.000000E-5	-1.500000E-4	8.001650E-1	3.607500E-5	-2.945000E-6	3.237000E-4	4.100000E-6	0.000000E+0	0.000000E+0	1.964247E-4	2.976042E-9	0.000000E+0	0.000000E+0	1.042074E+1	0.000000E+0	0.000000E+0
24-Apr-25	12:59:32	-1.000000E-5	-1.500000E-4	8.009800E-1	3.608000E-5	-3.015000E-6	3.230500E-4	3.750000E-6	0.000000E+0	0.000000E+0	1.964247E-4	2.976042E-9	0.000000E+0	0.000000E+0	1.041879E+1	0.000000E+0	0.000000E+0
24-Apr-25	12:59:33	-1.000000E-5	-1.500000E-4	8.017800E-1	3.611000E-5	-3.000000E-6	3.235000E-4	3.850000E-6	0.000000E+0	0.000000E+0	1.964247E-4	2.976042E-9	0.000000E+0	0.000000E+0	1.041661E+1	0.000000E+0	0.000000E+0
24-Apr-25	12:59:34	-1.000000E-5	-1.500000E-4	8.026500E-1	3.611500E-5	-2.985000E-6	3.234000E-4	3.750000E-6	0.000000E+0	0.000000E+0	1.964247E-4	2.976042E-9	0.000000E+0	0.000000E+0	1.041474E+1	0.000000E+0	0.000000E+0
24-Apr-25	12:59:34	-1.000000E-5	-1.500000E-4	8.033800E-1	3.609000E-5	-2.980000E-6	3.239000E-4	3.750000E-6	0.000000E+0	0.000000E+0	1.964247E-4	2.976042E-9	0.000000E+0	0.000000E+0	1.041330E+1	0.000000E+0	0.000000E+0
24-Apr-25	12:59:35	-1.000000E-5	-1.500000E-4	8.041750E-1	3.608500E-5	-2.975000E-6	3.237500E-4	3.500000E-6	0.000000E+0	0.000000E+0	1.964247E-4	2.976042E-9	0.000000E+0	0.000000E+0	1.041247E+1	0.000000E+0	0.000000E+0
24-Apr-25	12:59:35	-1.000000E-5	-1.500000E-4	8.048950E-1	3.611500E-5	-3.010000E-6	3.236500E-4	3.850000E-6	0.000000E+0	0.000000E+0	1.964247E-4	2.976042E-9	0.000000E+0	0.000000E+0	1.041177E+1	0.000000E+0	0.000000E+0
24-Apr-25	12:59:36	-1.000000E-5	-1.500000E-4	8.056900E-1	3.609000E-5	-2.975000E-6	3.237000E-4	3.250000E-6	0.000000E+0	0.000000E+0	1.964247E-4	2.976042E-9	0.000000E+0	0.000000E+0	1.041094E+1	0.000000E+0	0.000000E+0
24-Apr-25	12:59:36	-1.000000E-5	-1.500000E-4	8.064950E-1	3.604000E-5	-2.935000E-6	3.230500E-4	3.500000E-6	0.000000E+0	0.000000E+0	1.964247E-4	2.976042E-9	0.000000E+0	0.000000E+0	1.041036E+1	0.000000E+0	0.000000E+0
24-Apr-25	12:59:37	-1.000000E-5	-1.500000E-4	8.072850E-1	3.615000E-5	-2.755000E-6	3.234500E-4	3.500000E-6	0.000000E+0	0.000000E+0	1.964247E-4	2.976042E-9	0.000000E+0	0.000000E+0	1.040983E+1	0.000000E+0	0.000000E+0
24-Apr-25	12:59:37	-1.000000E-5	-1.500000E-4	8.080650E-1	3.624500E-5	-2.715000E-6	3.237500E-4	3.600000E-6	0.000000E+0	0.000000E+0	1.964247E-4	2.976042E-9	0.000000E+0	0.000000E+0	1.040919E+1	0.000000E+0	0.000000E+0
24-Apr-25	12:59:38	-1.000000E-5	-1.500000E-4	8.087800E-1	3.606500E-5	-2.980000E-6	3.234000E-4	4.000000E-6	0.000000E+0	0.000000E+0	1.964247E-4	2.976042E-9	0.000000E+0	0.000000E+0	1.040860E+1	0.000000E+0	0.000000E+0
24-Apr-25	12:59:38	-1.000000E-5	-1.500000E-4	8.094950E-1	3.612500E-5	-3.000000E-6	3.241500E-4	3.800000E-6	0.000000E+0	0.000000E+0	1.964247E-4	2.976042E-9	0.000000E+0	0.000000E+0	1.040796E+1	0.000000E+0	0.000000E+0
24-Apr-25	12:59:39	-1.000000E-5	-1.500000E-4	8.103000E-1	3.609000E-5	-3.000000E-6	3.237500E-4	3.700000E-6	0.000000E+0	0.000000E+0	1.964247E-4	2.976042E-9	0.000000E+0	0.000000E+0	1.040695E+1	0.000000E+0	0.000000E+0
24-Apr-25	12:59:40	-1.000000E-5	-1.500000E-4	8.112150E-1	3.609500E-5	-2.950000E-6	3.234500E-4	3.800000E-6	0.000000E+0	0.000000E+0	1.964247E-4	2.976042E-9	0.000000E+0	0.000000E+0	1.040566E+1	0.000000E+0	0.000000E+0
24-Apr-25	12:59:40	-1.000000E-5	-1.500000E-4	8.119200E-1	3.616000E-5	-2.930000E-6	3.234000E-4	3.650000E-6	0.000000E+0	0.000000E+0	1.964247E-4	2.976042E-9	0.000000E+0	0.000000E+0	1.040444E+1	0.000000E+0	0.000000E+0
24-Apr-25	12:59:41	-1.000000E-5	-1.500000E-4	8.127000E-1	3.615000E-5	-2.985000E-6	3.239500E-4	3.750000E-6	0.000000E+0	0.000000E+0	1.964247E-4	2.976042E-9	0.000000E+0	0.000000E+0	1.040283E+1	0.000000E+0	0.000000E+0
24-Apr-25	12:59:41	-1.000000E-5	-1.500000E-4	8.134000E-1	3.608000E-5	-3.005000E-6	3.237500E-4	3.400000E-6	0.000000E+0	0.000000E+0	1.964247E-4	2.976042E-9	0.000000E+0	0.000000E+0	1.040162E+1	0.000000E+0	0.000000E+0
24-Apr-25	12:59:42	-1.000000E-5	-1.500000E-4	8.141100E-1	3.608500E-5	-2.935000E-6	3.235500E-4	3.400000E-6	0.000000E+0	0.000000E+0	1.964247E-4	2.976042E-9	0.000000E+0	0.000000E+0	1.040062E+1	0.000000E+0	0.000000E+0
24-Apr-25	12:59:42	-1.000000E-5	-1.500000E-4	8.148200E-1	3.608000E-5	-2.940000E-6	3.233500E-4	3.650000E-6	0.000000E+0	0.000000E+0	1.964247E-4	2.976042E-9	0.000000E+0	0.000000E+0	1.039971E+1	0.000000E+0	0.000000E+0
24-Apr-25	12:59:43	-1.000000E-5	-1.500000E-4	8.155200E-1	3.609500E-5	-2.925000E-6	3.234000E-4	3.950000E-6	0.000000E+0	0.000000E+0	1.964247E-4	2.976042E-9	0.000000E+0	0.000000E+0	1.039929E+1	0.000000E+0	0.000000E+0
24-Apr-25	12:59:43	-1.000000E-5	-1.500000E-4	8.162200E-1	3.606000E-5	-2.960000E-6	3.234500E-4	4.050000E-6	0.000000E+0	0.000000E+0	1.964247E-4	2.976042E-9	0.000000E+0	0.000000E+0	1.039916E+1	0.000000E+0	0.000000E+0
24-Apr-25	12:59:44	-1.000000E-5	-1.500000E-4	8.169100E-1	3.606500E-5	-2.945000E-6	3.234500E-4	3.400000E-6	0.000000E+0	0.000000E+0	1.964247E-4	2.976042E-9	0.000000E+0	0.000000E+0	1.039920E+1	0.000000E+0	0.000000E+0
24-Apr-25	12:59:44	-1.000000E-5	-1.500000E-4	8.176050E-1	3.605000E-5	-2.980000E-6	3.235500E-4	3.400000E-6	0.000000E+0	0.000000E+0	1.964247E-4	2.976042E-9	0.000000E+0	0.000000E+0	1.039927E+1	0.000000E+0	0.000000E+0
24-Apr-25	12:59:45	-1.000000E-5	-1.500000E-4	8.177800E-1	3.608500E-5	-3.010000E-6	3.232000E-4	3.700000E-6	0.000000E+0	0.000000E+0	1.964247E-4	2.976042E-9	0.000000E+0	0.000000E+0	1.039937E+1	0.000000E+0	0.000000E+0
24-Apr-25	12:59:45	-1.000000E-5	-1.500000E-4	8.190150E-1	3.622500E-5	-3.070000E-6	3.232000E-4	3.600000E-6	0.000000E+0	0.000000E+0	1.964247E-4	2.976042E-9	0.000000E+0	0.000000E+0	1.039948E+1	0.000000E+0	0.000000E+0
24-Apr-25	12:59:46	-1.000000E-5	-1.500000E-4	8.197750E-1	3.610000E-5	-3.020000E-6	3.235500E-4	3.550000E-6	0.000000E+0	0.000000E+0	1.964247E-4	2.976042E-9	0.000000E+0	0.000000E+0	1.039949E+1	0.000000E+0	0.000000E+0
24-Apr-25	12:59:46	-1.000000E-5	-1.500000E-4	8.204600E-1	3.602000E-5	-2.975000E-6	3.237500E-4	3.950000E-6	0.000000E+0	0.000000E+0	1.964247E-4	2.976042E-9	0.000000E+0	0.000000E+0	1.039936E+1	0.000000E+0	0.000000E+0
24-Apr-25	12:59:47	-1.000000E-5	-1.500000E-4	8.211450E-1	3.607000E-5	-2.890000E-6	3.239500E-4	3.750000E-6	0.000000E+0	0.000000E+0	1.964247E-4	2.976042E-9	0.000000E+0	0.000000E+0	1.039907E+1	0.000000E+0	0.000000E+0
24-Apr-25	12:59:47	-1.000000E-5	-1.500000E-4	8.218250E-1	3.622000E-5	-2.765000E-6	3.233500E-4	4.050000E-6	0.000000E+0	0.000000E+0	1.964247E-4	2.976042E-9	0.000000E+0	0.000000E+0	1.039886E+1	0.000000E+0	0.000000E+0
24-Apr-25	12:59:48	-1.000000E-5	-1.500000E-4	8.225100E-1	3.618500E-5	-2.895000E-6	3.234500E-4	4.250000E-6	0.000000E+0	0.000000E+0	1.964247E-4	2.976042E-9	0.000000E+0	0.000000E+0	1.039879E+1	0.000000E+0	0.000000E+0
24-Apr-25	12:59:48	-1.000000E-5	-1.500000E-4	8.227450E-1	3.608500E-5	-2.935000E-6	3.232000E-4	4.250000E-6	0.000000E+0	0.000000E+0	1.964247E-4	2.976042E-9	0.000000E+0	0.000000E+0	1.039879E+1	0.000000E+0	0.000000E+0
24-Apr-25	12:59:49	-1.000000E-5	-1.500000E-4	8.240150E-1	3.611500E-5	-2.950000E-6	3.233500E-4	4.100000E-6	0.000000E+0	0.000000E+0	1.964247E-4	2.976042E-9	0.000000E+0	0.000000E+0	1.039882E+1	0.000000E+0	0.000000E+0
24-Apr-25	12:59:49	-1.000000E-5	-1.500000E-4	8.247050E-1	3.609000E-5	-2.965000E-6	3.234500E-4	4.250000E-6	0.000000E+0	0.000000E+0	1.964247E-4	2.976042E-9	0.000000E+0	0.000000E+0	1.039884E+1	0.000000E+0	0.000000E+0
24-Apr-25	12:59:50	-1.000000E-5	-1.500000E-4	8.248800E-1	3.595000E-5	-3.005000E-6	3.235000E-4	4.250000E-6	0.000000E+0	0.000000E+0	1.964247E-4	2.976042E-9	0.000000E+0	0.000000E+0	1.039887E+1	0.000000E+0	0.000000E+0
24-Apr-25	12:59:50	-1.000000E-5	-1.500000E-4	8.260700E-1	3.592500E-5	-2.945000E-6	3.236000E-4	4.100000E-6	0.000000E+0	0.000000E+0	1.964247E-4	2.976042E-9	0.000000E+0	0.000000E+0	1.039885E+1	0.000000E+0	0.000000E+0
24-Apr-25	12:59:51	-1.000000E-5	-1.500000E-4	8.267450E-1	3.611500E-5	-3.070000E-6	3.235000E-4	3.300000E-6	0.000000E+0	0.000000E+0	1.964247E-4	2.976042E-9	0.000000E+0	0.000000E+0	1.039864E+1	0.000000E+0	0.000000E+0
24-Apr-25	12:59:51	-1.000000E-5	-1.500000E-4	8.274200E-1	3.606500E-5	-3.120000E-6	3.235000E-4	3.300000E-6	0.000000E+0	0.000000E+0	1.964247E-4	2.976042E-9	0.000000E+0	0.000000E+0	1.039825E+1	0.000000E+0	0.000000E+0
24-Apr-25	12:59:52	-1.000000E-5	-1.500000E-4	8.280900E-1	3.609000E-5	-3.035000E-6	3.236000E-4	4.000000E-6	0.000000E+0	0.000000E+0	1.964247E-4	2.976042E-9	0.000000E+0	0.000000E+0	1.039787E+1	0.000000E+0	0.000000E+0
24-Apr-25	12:59:53	-1.000000E-5	-1.500000E-4	8.289600E-1	3.612000E-5	-3.015000E-6	3.232500E-4	3.650000E-6	0.000000E+0	0.000000E+0	1.964247E-4	2.976042E-9	0.000000E+0	0.000000E+0	1.039745E+1	0.000000E+0	0.000000E+0
24-Apr-25	12:59:53	-1.000000E-5	-1.500000E-4	8.291950E-1	3.608500E-5	-2.990000E-6	3.237000E-4	3.700000E-6	0.000000E+0	0.000000E+0	1.964247E-4	2.976042E-9	0.000000E+0	0.000000E+0	1.039703E+1	0.000000E+0	0.000000E+0
24-Apr-25	12:59:54	-1.000000E-5	-1.500000E-4	8.303600E-1	3.614500E-5	-2.970000E-6	3.236000E-4	3.500000E-6	0.000000E+0	0.000000E+0	1.964247E-4	2.976042E-9	0.000000E+0	0.000000E+0	1.039664E+1	0.000000E+0	0.000000E+0
24-Apr-25	12:59:54	-1.000000E-5	-1.500000E-4	8.310300E-1	3.611000E-5	-2.950000E-6	3.229000E-4	3.450000E-6	0.000000E+0	0.000000E+0	1.964247E-4	2.976042E-9	0.000000E+0	0.000000E+0	1.039617E+1	0.000000E+0	0.000000E+0
24-Apr-25	12:59:55	-1.000000E-5	-1.500000E-4	8.316900E-1	3.609000E-5	-2.940000E-6	3.235500E-4	4.450000E-6	0.000000E+0	0.000000E+0	1.964247E-4	2.976042E-9	0.000000E+0	0.000000E+0	1.039570E+1	0.000000E+0	0.000000E+0
24-Apr-25	12:59:55	-1.000000E-5	-1.500000E-4	8.324200E-1	3.609500E-5	-2.935000E-6	3.233500E-4	3.500000E-6	0.000000E+0	0.000000E+0	1.964247E-4	2.976042E-9	0.000000E+0	0.000000E+0	1.039518E+1	0.000000E+0	0.000000E+0
24-Apr-25	12:59:56	-1.000000E-5	-1.500000E-4	8.331500E-1	3.608000E-5	-2.950000E-6	3.237000E-4	4.050000E-6	0.000000E+0	0.000000E+0	1.964247E-4	2.976042E-9	0.000000E+0	0.000000E+0	1.039471E+1	0.000000E+0	0.000000E+0
24-Apr-25	12:59:56	-1.000000E-5	-1.500000E-4	8.338100E-1	3.617000E-5	-2.930000E-6	3.240000E-4	3.850000E-6	0.000000E+0	0.000000E+0	1.964247E-4	2.976042E-9	0.000000E+0	0.000000E+0	1.039429E+1	0.000000E+0	0.000000E+0
24-Apr-25	12:59:57	-1.000000E-5	-1.500000E-4	8.344650E-1	3.603000E-5	-2.905000E-6	3.235000E-4	3.750000E-6	0.000000E+0	0.000000E+0	1.964247E-4	2.976042E-9	0.000000E+0	0.000000E+0	1.039385E+1	0.000000E+0	0.000000E+0
24-Apr-25	12:59:57	-1.000000E-5	-1.500000E-4	8.351450E-1	3.630500E-5	-2.900000E-6	3.234500E-4	4.150000E-6	0.000000E+0	0.000000E+0	1.964247E-4	2.976042E-9	0.000000E+0	0.000000E+0	1.039351E+1	0.000000E+0	0.000000E+0
24-Apr-25	12:59:58	-1.000000E-5	-1.500000E-4	8.357950E-1	3.627500E-5	-2.960000E-6	3.238500E-4	3.900000E-6	0.000000E+0	0.000000E+0	1.964247E-4	2.976042E-9	0.000000E+0	0.000000E+0	1.039313E+1	0.000000E+0	0.000000E+0
24-Apr-25	12:59:58	-1.000000E-5	-1.500000E-4	8.364550E-1	3.617500E-5	-2.985000E-6	3.232000E-4	3.800000E-6	0.000000E+0	0.000000E+0	1.964247E-4	2.976042E-9	0.000000E+0	0.000000E+0	1.039269E+1	0.000000E+0	0.000000E+0
24-Apr-25	12:59:59	-1.000000E-5	-1.500000E-4	8.371050E-1	3.596500E-5	-2.950000E-6	3.239500E-4	3.700000E-6	0.000000E+0	0.000000E+0	1.964247E-4	2.976042E-9	0.000000E+0	0.000000E+0	1.039211E+1	0.000000E+0	0.000000E+0
24-Apr-25	12:59:59	-1.000000E-5	-1.500000E-4	8.378250E-1	3.620500E-5	-3.055000E-6	3.239500E-4	3.500000E-6	0.000000E+0	0.000000E+0	1.964247E-4	2.976042E-9	0.000000E+0	0.000000E+0	1.039106E+1	0.000000E+0	0.000000E+0
24-Apr-25	13:00:00	-1.000000E-5	-1.500000E-4	8.384700E-1	3.591000E-5	-3.115000E-6	3.233500E-4	3.900000E-6	0.000000E+0	0.000000E+0	1.964247E-4	2.976042E-9	0.000000E+0	0.000000E+0	1.039005E+1	0.000000E+0	0.000000E+0
24-Apr-25	13:00:00	-1.000000E-5	-1.500000E-4	8.391850E-1	3.600000E-5	-3.085000E-6	3.234000E-4	3.600000E-6	0.000000E+0	0.000000E+0	1.964247E-4	2.976042E-9	0.000000E+0	0.000000E+0	1.038894E+1	0.000000E+0	0.000000E+0
24-Apr-25	13:00:01	-1.000000E-5	-1.500000E-4	8.393500E-1	3.616000E-5	-3.000000E-6	3.235500E-4	3.450000E-6	0.000000E+0	0.000000E+0	1.964247E-4	2.976042E-9	0.000000E+0	0.000000E+0	1.038769E+1	0.000000E+0	0.000000E+0
24-Apr-25	13:00:01	-1.000000E-5	-1.500000E-4	8.404750E-1	3.611500E-5	-2.990000E-6	3.236000E-4	4.100000E-6	0.000000E+0	0.000000E+0	1.964247E-4	2.976042E-9	0.000000E+0	0.000000E+0	1.038606E+1	0.000000E+0	0.000000E+0
24-Apr-25	13:00:02	-1.000000E-5	-1.500000E-4	8.411450E-1	3.608000E-5	-2.975000E-6	3.232500E-4	3.800000E-6	0.000000E+0	0.000000E+0	1.964247E-4	2.976042E-9	0.000000E+0	0.000000E+0	1.038481E+1	0.000000E+0	0.000000E+0
24-Apr-25	13:00:02	-1.000000E-5	-1.500000E-4	8.417900E-1	3.608500E-5	-2.905000E-6	3.234500E-4	3.650000E-6	0.000000E+0	0.000000E+0	1.964247E-4	2.976042E-9	0.000000E+0	0.000000E+0	1.038354E+1	0.000000E+0	0.000000E+0
24-Apr-25	13:00:03	-1.000000E-5	-1.500000E-4	8.424300E-1	3.615000E-5	-2.970000E-6	3.234500E-4	3.700000E-6	0.000000E+0	0.000000E+0	1.964247E-4	2.976042E-9	0.000000E+0	0.000000E+0	1.038223E+1	0.000000E+0	0.000000E+0
24-Apr-25	13:00:03	-1.000000E-5	-1.500000E-4	8.430700E-1	3.613000E-5	-2.900000E-6	3.237500E-4	3.600000E-6	0.000000E+0	0.000000E+0	1.964247E-4	2.976042E-9	0.000000E+0	0.000000E+0	1.038094E+1	0.000000E+0	0.000000E+0
24-Apr-25	13:00:04	-1.000000E-5	-1.500000E-4	8.437100E-1	3.606500E-5	-2.995000E-6	3.238500E-4	3.650000E-6	0.000000E+0	0.000000E+0	1.964247E-4	2.976042E-9	0.000000E+0	0.000000E+0	1.037934E+1	0.000000E+0	0.000000E+0
24-Apr-25	13:00:04	-1.000000E-5	-1.500000E-4	8.439250E-1	3.607000E-5	-3.020000E-6	3.233500E-4	3.700000E-6	0.000000E+0	0.000000E+0	1.964247E-4	2.976042E-9	0.000000E+0	0.000000E+0	1.037797E+1	0.000000E+0	0.000000E+0
24-Apr-25	13:00:05	-1.000000E-5	-1.500000E-4	8.451100E-1	3.609000E-5	-2.990000E-6	3.239000E-4	3.700000E-6	0.000000E+0	0.000000E+0	1.964247E-4	2.976042E-9	0.000000E+0	0.000000E+0	1.037621E+1	0.000000E+0	0.000000E+0
24-Apr-25	13:00:05	-1.000000E-5	-1.500000E-4	8.458150E-1	3.605500E-5	-2.955000E-6	3.238000E-4	3.800000E-6	0.000000E+0	0.000000E+0	1.964247E-4	2.976042E-9	0.000000E+0	0.000000E+0	1.037481E+1	0.000000E+0	0.000000E+0
24-Apr-25	13:00:06	-1.000000E-5	-1.500000E-4	8.459750E-1	3.609000E-5	-2.960000E-6	3.236000E-4	3.500000E-6	0.000000E+0	0.000000E+0	1.964247E-4	2.976042E-9	0.000000E+0	0.000000E+0	1.037302E+1	0.000000E+0	0.000000E+0
24-Apr-25	13:00:07	-1.000000E-5	-1.500000E-4	8.470900E-1	3.608000E-5	-2.955000E-6	3.234000E-4	3.700000E-6	0.000000E+0	0.000000E+0	1.964247E-4	2.976042E-9	0.000000E+0	0.000000E+0	1.037162E+1	0.000000E+0	0.000000E+0
24-Apr-25	13:00:07	-1.000000E-5	-1.500000E-4	8.477800E-1	3.616000E-5	-2.960000E-6	3.235000E-4	3.650000E-6	0.000000E+0	0.000000E+0	1.964247E-4	2.976042E-9	0.000000E+0	0.000000E+0	1.037029E+1	0.000000E+0	0.000000E+0
24-Apr-25	13:00:08	-1.000000E-5	-1.500000E-4	8.480050E-1	3.615000E-5	-2.950000E-6	3.238000E-4	3.850000E-6	0.000000E+0	0.000000E+0	1.964247E-4	2.976042E-9	0.000000E+0	0.000000E+0	1.036869E+1	0.000000E+0	0.000000E+0
24-Apr-25	13:00:08	-1.000000E-5	-1.500000E-4	8.491000E-1	3.606500E-5	-2.990000E-6	3.237500E-4	3.800000E-6	0.000000E+0	0.000000E+0	1.964247E-4	2.976042E-9	0.000000E+0	0.000000E+0	1.036742E+1	0.000000E+0	0.000000E+0
24-Apr-25	13:00:09	-1.000000E-5	-1.500000E-4	8.497300E-1	3.610500E-5	-2.955000E-6	3.232500E-4	3.800000E-6	0.000000E+0	0.000000E+0	1.964247E-4	2.976042E-9	0.000000E+0	0.000000E+0	1.036617E+1	0.000000E+0	0.000000E+0
24-Apr-25	13:00:09	-1.000000E-5	-1.500000E-4	8.503700E-1	3.609000E-5	-2.995000E-6	3.237500E-4	3.500000E-6	0.000000E+0	0.000000E+0	1.964247E-4	2.976042E-9	0.000000E+0	0.000000E+0	1.036499E+1	0.000000E+0	0.000000E+0
24-Apr-25	13:00:10	-1.000000E-5	-1.500000E-4	8.509900E-1	3.613000E-5	-2.950000E-6	3.236000E-4	3.400000E-6	0.000000E+0	0.000000E+0	1.964247E-4	2.976042E-9	0.000000E+0	0.000000E+0	1.036381E+1	0.000000E+0	0.000000E+0
24-Apr-25	13:00:10	-1.000000E-5	-1.500000E-4	8.516750E-1	3.609000E-5	-2.990000E-6	3.232000E-4	3.600000E-6	0.000000E+0	0.000000E+0	1.964247E-4	2.976042E-9	0.000000E+0	0.000000E+0	1.036245E+1	0.000000E+0	0.000000E+0
24-Apr-25	13:00:11	-1.000000E-5	-1.500000E-4	8.522950E-1	3.607500E-5	-2.940000E-6	3.236000E-4	3.450000E-6	0.000000E+0	0.000000E+0	1.964247E-4	2.976042E-9	0.000000E+0	0.000000E+0	1.036143E+1	0.000000E+0	0.000000E+0
24-Apr-25	13:00:11	-1.000000E-5	-1.500000E-4	8.530000E-1	3.604000E-5	-2.950000E-6	3.236500E-4	3.950000E-6	0.000000E+0	0.000000E+0	1.964247E-4	2.976042E-9	0.000000E+0	0.000000E+0	1.036037E+1	0.000000E+0	0.000000E+0
24-Apr-25	13:00:12	-1.000000E-5	-1.500000E-4	8.536150E-1	3.604500E-5	-2.975000E-6	3.235000E-4	4.000000E-6	0.000000E+0	0.000000E+0	1.964247E-4	2.976042E-9	0.000000E+0	0.000000E+0	1.035975E+1	0.000000E+0	0.000000E+0
24-Apr-25	13:00:12	-1.000000E-5	-1.500000E-4	8.542950E-1	3.606000E-5	-3.010000E-6	3.233000E-4	2.550000E-6	0.000000E+0	0.000000E+0	1.964247E-4	2.976042E-9	0.000000E+0	0.000000E+0	1.035913E+1	0.000000E+0	0.000000E+0
24-Apr-25	13:00:13	-1.000000E-5	-1.500000E-4	8.549050E-1	3.608500E-5	-2.935000E-6	3.234000E-4	4.050000E-6	0.000000E+0	0.000000E+0	1.964247E-4	2.976042E-9	0.000000E+0	0.000000E+0	1.035866E+1	0.000000E+0	0.000000E+0
24-Apr-25	13:00:13	-1.000000E-5	-1.500000E-4	8.555200E-1	3.609500E-5	-2.960000E-6	3.236000E-4	3.200000E-6	0.000000E+0	0.000000E+0	1.964247E-4	2.976042E-9	0.000000E+0	0.000000E+0	1.035821E+1	0.000000E+0	0.000000E+0
24-Apr-25	13:00:14	-1.000000E-5	-1.500000E-4	8.561950E-1	3.609000E-5	-3.015000E-6	3.234000E-4	4.000000E-6	0.000000E+0	0.000000E+0	1.964247E-4	2.976042E-9	0.000000E+0	0.000000E+0	1.035775E+1	0.000000E+0	0.000000E+0
24-Apr-25	13:00:14	-1.000000E-5	-1.500000E-4	8.569250E-1	3.610500E-5	-2.920000E-6	3.242000E-4	3.800000E-6	0.000000E+0	0.000000E+0	1.964247E-4	2.976042E-9	0.000000E+0	0.000000E+0	1.035703E+1	0.000000E+0	0.000000E+0
24-Apr-25	13:00:15	-1.000000E-5	-1.500000E-4	8.575550E-1	3.605000E-5	-2.960000E-6	3.234500E-4	3.250000E-6	0.000000E+0	0.000000E+0	1.964247E-4	2.976042E-9	0.000000E+0	0.000000E+0	1.035615E+1	0.000000E+0	0.000000E+0
24-Apr-25	13:00:15	-1.000000E-5	-1.500000E-4	8.582250E-1	3.605500E-5	-2.920000E-6	3.232000E-4	3.800000E-6	0.000000E+0	0.000000E+0	1.964247E-4	2.976042E-9	0.000000E+0	0.000000E+0	1.035532E+1	0.000000E+0	0.000000E+0
24-Apr-25	13:00:16	-1.000000E-5	-1.500000E-4	8.588300E-1	3.614000E-5	-2.960000E-6	3.232000E-4	3.700000E-6	0.000000E+0	0.000000E+0	1.964247E-4	2.976042E-9	0.000000E+0	0.000000E+0	1.035437E+1	0.000000E+0	0.000000E+0
24-Apr-25	13:00:17	-1.000000E-5	-1.500000E-4	8.594400E-1	3.615000E-5	-2.920000E-6	3.233500E-4	3.350000E-6	0.000000E+0	0.000000E+0	1.964247E-4	2.976042E-9	0.000000E+0	0.000000E+0	1.035289E+1	0.000000E+0	0.000000E+0
24-Apr-25	13:00:17	-1.000000E-5	-1.500000E-4	8.600400E-1	3.611500E-5	-2.960000E-6	3.236500E-4	3.850000E-6	0.000000E+0	0.000000E+0	1.964247E-4	2.976042E-9	0.000000E+0	0.000000E+0	1.035153E+1	0.000000E+0	0.000000E+0
24-Apr-25	13:00:18	-1.000000E-5	-1.500000E-4	8.607050E-1	3.609000E-5	-2.940000E-6	3.236000E-4	4.100000E-6	0.000000E+0	0.000000E+0	1.964247E-4	2.976042E-9	0.000000E+0	0.000000E+0	1.034970E+1	0.000000E+0	0.000000E+0
24-Apr-25	13:00:18	-1.000000E-5	-1.500000E-4	8.613700E-1	3.611000E-5	-2.950000E-6	3.233500E-4	3.450000E-6	0.000000E+0	0.000000E+0	1.964247E-4	2.976042E-9	0.000000E+0	0.000000E+0	1.034817E+1	0.000000E+0	0.000000E+0
24-Apr-25	13:00:19	-1.000000E-5	-1.500000E-4	8.619850E-1	3.609500E-5	-2.945000E-6	3.232000E-4	3.750000E-6	0.000000E+0	0.000000E+0	1.964247E-4	2.976042E-9	0.000000E+0	0.000000E+0	1.034664E+1	0.000000E+0	0.000000E+0
24-Apr-25	13:00:19	-1.000000E-5	-1.500000E-4	8.625800E-1	3.611000E-5	-2.960000E-6	3.232000E-4	3.550000E-6	0.000000E+0	0.000000E+0	1.964247E-4	2.976042E-9	0.000000E+0	0.000000E+0	1.034508E+1	0.000000E+0	0.000000E+0
24-Apr-25	13:00:20	-1.000000E-5	-1.500000E-4	8.631800E-1	3.612000E-5	-3.005000E-6	3.239500E-4	3.800000E-6	0.000000E+0	0.000000E+0	1.964247E-4	2.976042E-9	0.000000E+0	0.000000E+0	1.034357E+1	0.000000E+0	0.000000E+0
24-Apr-25	13:00:20	-1.000000E-5	-1.500000E-4	8.638400E-1	3.612500E-5	-2.965000E-6	3.236000E-4	4.150000E-6	0.000000E+0	0.000000E+0	1.964247E-4	2.976042E-9	0.000000E+0	0.000000E+0	1.034183E+1	0.000000E+0	0.000000E+0
24-Apr-25	13:00:21	-1.000000E-5	-1.500000E-4	8.644300E-1	3.608000E-5	-2.960000E-6	3.234000E-4	3.950000E-6	0.000000E+0	0.000000E+0	1.964247E-4	2.976042E-9	0.000000E+0	0.000000E+0	1.034055E+1	0.000000E+0	0.000000E+0
24-Apr-25	13:00:21	-1.000000E-5	-1.500000E-4	8.650250E-1	3.610000E-5	-3.025000E-6	3.241000E-4	3.900000E-6	0.000000E+0	0.000000E+0	1.964247E-4	2.976042E-9	0.000000E+0	0.000000E+0	1.033930E+1	0.000000E+0	0.000000E+0
24-Apr-25	13:00:22	-1.000000E-5	-1.500000E-4	8.652300E-1	3.608500E-5	-2.935000E-6	3.236000E-4	3.650000E-6	0.000000E+0	0.000000E+0	1.964247E-4	2.976042E-9	0.000000E+0	0.000000E+0	1.033773E+1	0.000000E+0	0.000000E+0
24-Apr-25	13:00:22	-1.000000E-5	-1.500000E-4	8.662650E-1	3.615500E-5	-2.935000E-6	3.237000E-4	3.750000E-6	0.000000E+0	0.000000E+0	1.964247E-4	2.976042E-9	0.000000E+0	0.000000E+0	1.033647E+1	0.000000E+0	0.000000E+0
24-Apr-25	13:00:23	-1.000000E-5	-1.500000E-4	8.668550E-1	3.606000E-5	-2.965000E-6	3.232500E-4	4.100000E-6	0.000000E+0	0.000000E+0	1.964247E-4	2.976042E-9	0.000000E+0	0.000000E+0	1.033515E+1	0.000000E+0	0.000000E+0
24-Apr-25	13:00:23	-1.000000E-5	-1.500000E-4	8.674350E-1	3.606000E-5	-2.970000E-6	3.229000E-4	3.600000E-6	0.000000E+0	0.000000E+0	1.964247E-4	2.976042E-9	0.000000E+0	0.000000E+0	1.033376E+1	0.000000E+0	0.000000E+0
24-Apr-25	13:00:24	-1.000000E-5	-1.500000E-4	8.680250E-1	3.613500E-5	-2.955000E-6	3.237000E-4	3.550000E-6	0.000000E+0	0.000000E+0	1.964247E-4	2.976042E-9	0.000000E+0	0.000000E+0	1.033230E+1	0.000000E+0	0.000000E+0
24-Apr-25	13:00:24	-1.000000E-5	-1.500000E-4	8.686150E-1	3.611500E-5	-2.945000E-6	3.234000E-4	4.100000E-6	0.000000E+0	0.000000E+0	1.964247E-4	2.976042E-9	0.000000E+0	0.000000E+0	1.033082E+1	0.000000E+0	0.000000E+0
24-Apr-25	13:00:25	-1.000000E-5	-1.500000E-4	8.692150E-1	3.611500E-5	-2.990000E-6	3.236000E-4	4.050000E-6	0.000000E+0	0.000000E+0	1.964247E-4	2.976042E-9	0.000000E+0	0.000000E+0	1.032901E+1	0.000000E+0	0.000000E+0
24-Apr-25	13:00:25	-1.000000E-5	-1.500000E-4	8.694150E-1	3.612000E-5	-2.960000E-6	3.235500E-4	3.600000E-6	0.000000E+0	0.000000E+0	1.964247E-4	2.976042E-9	0.000000E+0	0.000000E+0	1.032767E+1	0.000000E+0	0.000000E+0
24-Apr-25	13:00:26	-1.000000E-5	-1.500000E-4	8.705000E-1	3.613500E-5	-2.960000E-6	3.229500E-4	3.650000E-6	0.000000E+0	0.000000E+0	1.964247E-4	2.976042E-9	0.000000E+0	0.000000E+0	1.032623E+1	0.000000E+0	0.000000E+0
24-Apr-25	13:00:26	-1.000000E-5	-1.500000E-4	8.710800E-1	3.611000E-5	-2.980000E-6	3.235500E-4	3.600000E-6	0.000000E+0	0.000000E+0	1.964247E-4	2.976042E-9	0.000000E+0	0.000000E+0	1.032506E+1	0.000000E+0	0.000000E+0
24-Apr-25	13:00:27	-1.000000E-5	-1.500000E-4	8.712350E-1	3.607500E-5	-2.975000E-6	3.236000E-4	3.550000E-6	0.000000E+0	0.000000E+0	1.964247E-4	2.976042E-9	0.000000E+0	0.000000E+0	1.032382E+1	0.000000E+0	0.000000E+0
24-Apr-25	13:00:27	-1.000000E-5	-1.500000E-4	8.723100E-1	3.599500E-5	-2.985000E-6	3.234500E-4	3.850000E-6	0.000000E+0	0.000000E+0	1.964247E-4	2.976042E-9	0.000000E+0	0.000000E+0	1.032214E+1	0.000000E+0	0.000000E+0
24-Apr-25	13:00:28	-1.000000E-5	-1.500000E-4	8.728900E-1	3.606500E-5	-2.925000E-6	3.234500E-4	3.900000E-6	0.000000E+0	0.000000E+0	1.964247E-4	2.976042E-9	0.000000E+0	0.000000E+0	1.032065E+1	0.000000E+0	0.000000E+0
24-Apr-25	13:00:28	-1.000000E-5	-1.500000E-4	8.734600E-1	3.603000E-5	-2.950000E-6	3.236000E-4	3.650000E-6	0.000000E+0	0.000000E+0	1.964247E-4	2.976042E-9	0.000000E+0	0.000000E+0	1.031886E+1	0.000000E+0	0.000000E+0
24-Apr-25	13:00:29	-1.000000E-5	-1.500000E-4	8.740300E-1	3.608500E-5	-2.960000E-6	3.233500E-4	3.600000E-6	0.000000E+0	0.000000E+0	1.964247E-4	2.976042E-9	0.000000E+0	0.000000E+0	1.031679E+1	0.000000E+0	0.000000E+0
24-Apr-25	13:00:29	-1.000000E-5	-1.500000E-4	8.746850E-1	3.611000E-5	-2.970000E-6	3.236000E-4	3.400000E-6	0.000000E+0	0.000000E+0	1.964247E-4	2.976042E-9	0.000000E+0	0.000000E+0	1.031407E+1	0.000000E+0	0.000000E+0
24-Apr-25	13:00:30	-1.000000E-5	-1.500000E-4	8.752600E-1	3.609500E-5	-2.940000E-6	3.230000E-4	3.750000E-6	0.000000E+0	0.000000E+0	1.964247E-4	2.976042E-9	0.000000E+0	0.000000E+0	1.031190E+1	0.000000E+0	0.000000E+0
24-Apr-25	13:00:31	-1.000000E-5	-1.500000E-4	8.758850E-1	3.609500E-5	-2.940000E-6	3.232000E-4	4.050000E-6	0.000000E+0	0.000000E+0	1.964247E-4	2.976042E-9	0.000000E+0	0.000000E+0	1.030937E+1	0.000000E+0	0.000000E+0
24-Apr-25	13:00:31	-1.000000E-5	-1.500000E-4	8.764550E-1	3.607500E-5	-2.950000E-6	3.234500E-4	3.650000E-6	0.000000E+0	0.000000E+0	1.964247E-4	2.976042E-9	0.000000E+0	0.000000E+0	1.030756E+1	0.000000E+0	0.000000E+0
24-Apr-25	13:00:32	-1.000000E-5	-1.500000E-4	8.770200E-1	3.608000E-5	-3.000000E-6	3.234500E-4	3.200000E-6	0.000000E+0	0.000000E+0	1.964247E-4	2.976042E-9	0.000000E+0	0.000000E+0	1.030610E+1	0.000000E+0	0.000000E+0
24-Apr-25	13:00:32	-1.000000E-5	-1.500000E-4	8.776950E-1	3.611000E-5	-2.995000E-6	3.233500E-4	4.000000E-6	0.000000E+0	0.000000E+0	1.964247E-4	2.976042E-9	0.000000E+0	0.000000E+0	1.030478E+1	0.000000E+0	0.000000E+0
24-Apr-25	13:00:33	-1.000000E-5	-1.500000E-4	8.783200E-1	3.612000E-5	-3.010000E-6	3.231500E-4	3.800000E-6	0.000000E+0	0.000000E+0	1.964247E-4	2.976042E-9	0.000000E+0	0.000000E+0	1.030392E+1	0.000000E+0	0.000000E+0
24-Apr-25	13:00:33	-1.000000E-5	-1.500000E-4	8.789550E-1	3.611000E-5	-3.060000E-6	3.239000E-4	3.800000E-6	0.000000E+0	0.000000E+0	1.964247E-4	2.976042E-9	0.000000E+0	0.000000E+0	1.030294E+1	0.000000E+0	0.000000E+0
24-Apr-25	13:00:34	-1.000000E-5	-1.500000E-4	8.795200E-1	3.614500E-5	-3.005000E-6	3.236000E-4	4.000000E-6	0.000000E+0	0.000000E+0	1.964247E-4	2.976042E-9	0.000000E+0	0.000000E+0	1.030218E+1	0.000000E+0	0.000000E+0
24-Apr-25	13:00:34	-1.000000E-5	-1.500000E-4	8.800800E-1	3.610500E-5	-2.995000E-6	3.236000E-4	3.600000E-6	0.000000E+0	0.000000E+0	1.964247E-4	2.976042E-9	0.000000E+0	0.000000E+0	1.030146E+1	0.000000E+0	0.000000E+0
24-Apr-25	13:00:35	-1.000000E-5	-1.500000E-4	8.806350E-1	3.607500E-5	-3.025000E-6	3.240500E-4	3.450000E-6	0.000000E+0	0.000000E+0	1.964247E-4	2.976042E-9	0.000000E+0	0.000000E+0	1.030051E+1	0.000000E+0	0.000000E+0
24-Apr-25	13:00:35	-1.000000E-5	-1.500000E-4	8.812200E-1	3.615000E-5	-3.000000E-6	3.235500E-4	3.850000E-6	0.000000E+0	0.000000E+0	1.964247E-4	2.976042E-9	0.000000E+0	0.000000E+0	1.029972E+1	0.000000E+0	0.000000E+0
24-Apr-25	13:00:36	-1.000000E-5	-1.500000E-4	8.818300E-1	3.616500E-5	-3.005000E-6	3.236500E-4	3.250000E-6	0.000000E+0	0.000000E+0	1.964247E-4	2.976042E-9	0.000000E+0	0.000000E+0	1.029900E+1	0.000000E+0	0.000000E+0
24-Apr-25	13:00:36	-1.000000E-5	-1.500000E-4	8.823850E-1	3.605500E-5	-2.940000E-6	3.233500E-4	4.350000E-6	0.000000E+0	0.000000E+0	1.964247E-4	2.976042E-9	0.000000E+0	0.000000E+0	1.029823E+1	0.000000E+0	0.000000E+0
24-Apr-25	13:00:37	-1.000000E-5	-1.500000E-4	8.829950E-1	3.610500E-5	-2.875000E-6	3.238500E-4	3.500000E-6	0.000000E+0	0.000000E+0	1.964247E-4	2.976042E-9	0.000000E+0	0.000000E+0	1.029771E+1	0.000000E+0	0.000000E+0
24-Apr-25	13:00:38	-1.000000E-5	-1.500000E-4	8.836600E-1	3.606000E-5	-2.980000E-6	3.238500E-4	3.800000E-6	0.000000E+0	0.000000E+0	1.964247E-4	2.976042E-9	0.000000E+0	0.000000E+0	1.029748E+1	0.000000E+0	0.000000E+0
24-Apr-25	13:00:38	-1.000000E-5	-1.500000E-4	8.842650E-1	3.607000E-5	-3.005000E-6	3.238000E-4	3.700000E-6	0.000000E+0	0.000000E+0	1.964247E-4	2.976042E-9	0.000000E+0	0.000000E+0	1.029737E+1	0.000000E+0	0.000000E+0
24-Apr-25	13:00:39	-1.000000E-5	-1.500000E-4	8.848150E-1	3.607500E-5	-2.965000E-6	3.236000E-4	3.400000E-6	0.000000E+0	0.000000E+0	1.964247E-4	2.976042E-9	0.000000E+0	0.000000E+0	1.029740E+1	0.000000E+0	0.000000E+0
24-Apr-25	13:00:39	-1.000000E-5	-1.500000E-4	8.853650E-1	3.610000E-5	-2.970000E-6	3.230500E-4	4.100000E-6	0.000000E+0	0.000000E+0	1.964247E-4	2.976042E-9	0.000000E+0	0.000000E+0	1.029744E+1	0.000000E+0	0.000000E+0
24-Apr-25	13:00:40	-1.000000E-5	-1.500000E-4	8.859150E-1	3.612000E-5	-2.945000E-6	3.234500E-4	3.550000E-6	0.000000E+0	0.000000E+0	1.964247E-4	2.976042E-9	0.000000E+0	0.000000E+0	1.029754E+1	0.000000E+0	0.000000E+0
24-Apr-25	13:00:40	-1.000000E-5	-1.500000E-4	8.865200E-1	3.612500E-5	-2.925000E-6	3.236500E-4	3.400000E-6	0.000000E+0	0.000000E+0	1.964247E-4	2.976042E-9	0.000000E+0	0.000000E+0	1.029756E+1	0.000000E+0	0.000000E+0
24-Apr-25	13:00:41	-1.000000E-5	-1.500000E-4	8.872450E-1	3.610000E-5	-2.945000E-6	3.233500E-4	3.700000E-6	0.000000E+0	0.000000E+0	1.964247E-4	2.976042E-9	0.000000E+0	0.000000E+0	1.029750E+1	0.000000E+0	0.000000E+0
24-Apr-25	13:00:41	-1.000000E-5	-1.500000E-4	8.877900E-1	3.614500E-5	-2.940000E-6	3.238000E-4	3.550000E-6	0.000000E+0	0.000000E+0	1.964247E-4	2.976042E-9	0.000000E+0	0.000000E+0	1.029751E+1	0.000000E+0	0.000000E+0
24-Apr-25	13:00:42	-1.000000E-5	-1.500000E-4	8.883350E-1	3.609500E-5	-2.955000E-6	3.233000E-4	3.850000E-6	0.000000E+0	0.000000E+0	1.964247E-4	2.976042E-9	0.000000E+0	0.000000E+0	1.029764E+1	0.000000E+0	0.000000E+0
24-Apr-25	13:00:42	-1.000000E-5	-1.500000E-4	8.888750E-1	3.612500E-5	-3.005000E-6	3.234500E-4	3.950000E-6	0.000000E+0	0.000000E+0	1.964247E-4	2.976042E-9	0.000000E+0	0.000000E+0	1.029785E+1	0.000000E+0	0.000000E+0
24-Apr-25	13:00:43	-1.000000E-5	-1.500000E-4	8.894150E-1	3.608500E-5	-2.965000E-6	3.238000E-4	4.000000E-6	0.000000E+0	0.000000E+0	1.964247E-4	2.976042E-9	0.000000E+0	0.000000E+0	1.029807E+1	0.000000E+0	0.000000E+0
24-Apr-25	13:00:43	-1.000000E-5	-1.500000E-4	8.899550E-1	3.606500E-5	-2.955000E-6	3.233500E-4	3.800000E-6	0.000000E+0	0.000000E+0	1.964247E-4	2.976042E-9	0.000000E+0	0.000000E+0	1.029808E+1	0.000000E+0	0.000000E+0
24-Apr-25	13:00:44	-1.000000E-5	-1.500000E-4	8.904950E-1	3.608500E-5	-2.965000E-6	3.234500E-4	3.500000E-6	0.000000E+0	0.000000E+0	1.964247E-4	2.976042E-9	0.000000E+0	0.000000E+0	1.029779E+1	0.000000E+0	0.000000E+0
24-Apr-25	13:00:44	-1.000000E-5	-1.500000E-4	8.906300E-1	3.601000E-5	-2.975000E-6	3.236000E-4	4.250000E-6	0.000000E+0	0.000000E+0	1.964247E-4	2.976042E-9	0.000000E+0	0.000000E+0	1.029710E+1	0.000000E+0	0.000000E+0
24-Apr-25	13:00:45	-1.000000E-5	-1.500000E-4	8.917300E-1	3.607000E-5	-2.895000E-6	3.237000E-4	3.800000E-6	0.000000E+0	0.000000E+0	1.964247E-4	2.976042E-9	0.000000E+0	0.000000E+0	1.029563E+1	0.000000E+0	0.000000E+0
24-Apr-25	13:00:45	-1.000000E-5	-1.500000E-4	8.923250E-1	3.610000E-5	-3.020000E-6	3.235000E-4	3.750000E-6	0.000000E+0	0.000000E+0	1.964247E-4	2.976042E-9	0.000000E+0	0.000000E+0	1.029376E+1	0.000000E+0	0.000000E+0
24-Apr-25	13:00:46	-1.000000E-5	-1.500000E-4	8.928700E-1	3.608500E-5	-3.005000E-6	3.235500E-4	3.600000E-6	0.000000E+0	0.000000E+0	1.964247E-4	2.976042E-9	0.000000E+0	0.000000E+0	1.029215E+1	0.000000E+0	0.000000E+0
24-Apr-25	13:00:46	-1.000000E-5	-1.500000E-4	8.934000E-1	3.611000E-5	-2.945000E-6	3.238000E-4	3.650000E-6	0.000000E+0	0.000000E+0	1.964247E-4	2.976042E-9	0.000000E+0	0.000000E+0	1.029057E+1	0.000000E+0	0.000000E+0
24-Apr-25	13:00:47	-1.000000E-5	-1.500000E-4	8.939150E-1	3.610500E-5	-2.985000E-6	3.234500E-4	3.750000E-6	0.000000E+0	0.000000E+0	1.964247E-4	2.976042E-9	0.000000E+0	0.000000E+0	1.028874E+1	0.000000E+0	0.000000E+0
24-Apr-25	13:00:48	-1.000000E-5	-1.500000E-4	8.944400E-1	3.608500E-5	-2.965000E-6	3.241500E-4	4.550000E-6	0.000000E+0	0.000000E+0	1.964247E-4	2.976042E-9	0.000000E+0	0.000000E+0	1.028740E+1	0.000000E+0	0.000000E+0
24-Apr-25	13:00:48	-1.000000E-5	-1.500000E-4	8.949200E-1	3.608500E-5	-2.945000E-6	3.236500E-4	3.750000E-6	0.000000E+0	0.000000E+0	1.964247E-4	2.976042E-9	0.000000E+0	0.000000E+0	1.028609E+1	0.000000E+0	0.000000E+0
24-Apr-25	13:00:49	-1.000000E-5	-1.500000E-4	8.954400E-1	3.607500E-5	-2.980000E-6	3.238000E-4	3.800000E-6	0.000000E+0	0.000000E+0	1.964247E-4	2.976042E-9	0.000000E+0	0.000000E+0	1.028430E+1	0.000000E+0	0.000000E+0
24-Apr-25	13:00:49	-1.000000E-5	-1.500000E-4	8.955550E-1	3.610500E-5	-2.945000E-6	3.234000E-4	3.500000E-6	0.000000E+0	0.000000E+0	1.964247E-4	2.976042E-9	0.000000E+0	0.000000E+0	1.028273E+1	0.000000E+0	0.000000E+0
24-Apr-25	13:00:50	-1.000000E-5	-1.500000E-4	8.963800E-1	3.609000E-5	-2.980000E-6	3.233500E-4	4.100000E-6	0.000000E+0	0.000000E+0	1.964247E-4	2.976042E-9	0.000000E+0	0.000000E+0	1.028112E+1	0.000000E+0	0.000000E+0
24-Apr-25	13:00:50	-1.000000E-5	-1.500000E-4	8.968700E-1	3.612000E-5	-2.940000E-6	3.235500E-4	3.600000E-6	0.000000E+0	0.000000E+0	1.964247E-4	2.976042E-9	0.000000E+0	0.000000E+0	1.027944E+1	0.000000E+0	0.000000E+0
24-Apr-25	13:00:51	-1.000000E-5	-1.500000E-4	8.973300E-1	3.610000E-5	-2.925000E-6	3.233000E-4	3.850000E-6	0.000000E+0	0.000000E+0	1.964247E-4	2.976042E-9	0.000000E+0	0.000000E+0	1.027768E+1	0.000000E+0	0.000000E+0
24-Apr-25	13:00:51	-1.000000E-5	-1.500000E-4	8.978000E-1	3.605500E-5	-2.960000E-6	3.233500E-4	3.600000E-6	0.000000E+0	0.000000E+0	1.964247E-4	2.976042E-9	0.000000E+0	0.000000E+0	1.027554E+1	0.000000E+0	0.000000E+0
24-Apr-25	13:00:52	-1.000000E-5	-1.500000E-4	8.982700E-1	3.608500E-5	-2.955000E-6	3.236500E-4	3.300000E-6	0.000000E+0	0.000000E+0	1.964247E-4	2.976042E-9	0.000000E+0	0.000000E+0	1.027403E+1	0.000000E+0	0.000000E+0
24-Apr-25	13:00:52	-1.000000E-5	-1.500000E-4	8.987400E-1	3.605500E-5	-2.995000E-6	3.237000E-4	3.700000E-6	0.000000E+0	0.000000E+0	1.964247E-4	2.976042E-9	0.000000E+0	0.000000E+0	1.027266E+1	0.000000E+0	0.000000E+0
24-Apr-25	13:00:53	-1.000000E-5	-1.500000E-4	8.988500E-1	3.610000E-5	-2.985000E-6	3.240500E-4	3.500000E-6	0.000000E+0	0.000000E+0	1.964247E-4	2.976042E-9	0.000000E+0	0.000000E+0	1.027128E+1	0.000000E+0	0.000000E+0
24-Apr-25	13:00:53	-1.000000E-5	-1.500000E-4	8.997150E-1	3.613500E-5	-2.945000E-6	3.234000E-4	3.750000E-6	0.000000E+0	0.000000E+0	1.964247E-4	2.976042E-9	0.000000E+0	0.000000E+0	1.026957E+1	0.000000E+0	0.000000E+0
24-Apr-25	13:00:54	-1.000000E-5	-1.500000E-4	8.999700E-1	3.605000E-5	-3.060000E-6	3.237500E-4	3.600000E-6	0.000000E+0	0.000000E+0	1.964247E-4	2.976042E-9	0.000000E+0	0.000000E+0	1.026800E+1	0.000000E+0	0.000000E+0
24-Apr-25	13:00:54	-1.000000E-5	-1.500000E-4	9.008700E-1	3.607000E-5	-2.925000E-6	3.238500E-4	3.800000E-6	0.000000E+0	0.000000E+0	1.964247E-4	2.976042E-9	0.000000E+0	0.000000E+0	1.026650E+1	0.000000E+0	0.000000E+0
24-Apr-25	13:00:55	-1.000000E-5	-1.500000E-4	9.013300E-1	3.609500E-5	-2.925000E-6	3.239000E-4	3.950000E-6	0.000000E+0	0.000000E+0	1.964247E-4	2.976042E-9	0.000000E+0	0.000000E+0	1.026530E+1	0.000000E+0	0.000000E+0
24-Apr-25	13:00:55	-1.000000E-5	-1.500000E-4	9.018050E-1	3.614500E-5	-2.975000E-6	3.233500E-4	3.700000E-6	0.000000E+0	0.000000E+0	1.964247E-4	2.976042E-9	0.000000E+0	0.000000E+0	1.026404E+1	0.000000E+0	0.000000E+0
24-Apr-25	13:00:56	-1.000000E-5	-1.500000E-4	9.022650E-1	3.610000E-5	-3.010000E-6	3.239500E-4	3.850000E-6	0.000000E+0	0.000000E+0	1.964247E-4	2.976042E-9	0.000000E+0	0.000000E+0	1.026272E+1	0.000000E+0	0.000000E+0
24-Apr-25	13:00:56	-1.000000E-5	-1.500000E-4	9.027200E-1	3.609500E-5	-2.980000E-6	3.237500E-4	3.450000E-6	0.000000E+0	0.000000E+0	1.964247E-4	2.976042E-9	0.000000E+0	0.000000E+0	1.026091E+1	0.000000E+0	0.000000E+0
24-Apr-25	13:00:57	-1.000000E-5	-1.500000E-4	9.031800E-1	3.605000E-5	-3.000000E-6	3.233500E-4	4.100000E-6	0.000000E+0	0.000000E+0	1.964247E-4	2.976042E-9	0.000000E+0	0.000000E+0	1.025935E+1	0.000000E+0	0.000000E+0
24-Apr-25	13:00:57	-1.000000E-5	-1.500000E-4	9.032900E-1	3.592500E-5	-3.005000E-6	3.238500E-4	3.650000E-6	0.000000E+0	0.000000E+0	1.964247E-4	2.976042E-9	0.000000E+0	0.000000E+0	1.025760E+1	0.000000E+0	0.000000E+0
24-Apr-25	13:00:58	-1.000000E-5	-1.500000E-4	9.041300E-1	3.605000E-5	-2.930000E-6	3.236000E-4	3.450000E-6	0.000000E+0	0.000000E+0	1.964247E-4	2.976042E-9	0.000000E+0	0.000000E+0	1.025521E+1	0.000000E+0	0.000000E+0
24-Apr-25	13:00:58	-1.000000E-5	-1.500000E-4	9.045850E-1	3.608500E-5	-2.955000E-6	3.233000E-4	3.750000E-6	0.000000E+0	0.000000E+0	1.964247E-4	2.976042E-9	0.000000E+0	0.000000E+0	1.025328E+1	0.000000E+0	0.000000E+0
24-Apr-25	13:00:59	-1.000000E-5	-1.500000E-4	9.047450E-1	3.605000E-5	-2.940000E-6	3.236000E-4	4.250000E-6	0.000000E+0	0.000000E+0	1.964247E-4	2.976042E-9	0.000000E+0	0.000000E+0	1.025141E+1	0.000000E+0	0.000000E+0
24-Apr-25	13:01:00	-1.000000E-5	-1.500000E-4	9.055800E-1	3.611000E-5	-2.980000E-6	3.234500E-4	3.650000E-6	0.000000E+0	0.000000E+0	1.964247E-4	2.976042E-9	0.000000E+0	0.000000E+0	1.024921E+1	0.000000E+0	0.000000E+0
24-Apr-25	13:01:00	-1.000000E-5	-1.500000E-4	9.061200E-1	3.610500E-5	-2.980000E-6	3.240500E-4	3.100000E-6	0.000000E+0	0.000000E+0	1.964247E-4	2.976042E-9	0.000000E+0	0.000000E+0	1.024711E+1	0.000000E+0	0.000000E+0
24-Apr-25	13:01:01	-1.000000E-5	-1.500000E-4	9.067100E-1	3.606500E-5	-2.980000E-6	3.233000E-4	3.100000E-6	0.000000E+0	0.000000E+0	1.964247E-4	2.976042E-9	0.000000E+0	0.000000E+0	1.024517E+1	0.000000E+0	0.000000E+0
24-Apr-25	13:01:01	-1.000000E-5	-1.500000E-4	9.071650E-1	3.611000E-5	-2.930000E-6	3.232500E-4	4.100000E-6	0.000000E+0	0.000000E+0	1.964247E-4	2.976042E-9	0.000000E+0	0.000000E+0	1.024358E+1	0.000000E+0	0.000000E+0
24-Apr-25	13:01:02	-1.000000E-5	-1.500000E-4	9.073150E-1	3.608000E-5	-2.920000E-6	3.232000E-4	4.250000E-6	0.000000E+0	0.000000E+0	1.964247E-4	2.976042E-9	0.000000E+0	0.000000E+0	1.024138E+1	0.000000E+0	0.000000E+0
24-Apr-25	13:01:02	-1.000000E-5	-1.500000E-4	9.081000E-1	3.609000E-5	-2.955000E-6	3.233000E-4	4.200000E-6	0.000000E+0	0.000000E+0	1.964247E-4	2.976042E-9	0.000000E+0	0.000000E+0	1.023950E+1	0.000000E+0	0.000000E+0
24-Apr-25	13:01:03	-1.000000E-5	-1.500000E-4	9.085400E-1	3.610500E-5	-2.935000E-6	3.232000E-4	3.500000E-6	0.000000E+0	0.000000E+0	1.964247E-4	2.976042E-9	0.000000E+0	0.000000E+0	1.023756E+1	0.000000E+0	0.000000E+0
24-Apr-25	13:01:03	-1.000000E-5	-1.500000E-4	9.090050E-1	3.608000E-5	-2.975000E-6	3.233500E-4	3.300000E-6	0.000000E+0	0.000000E+0	1.964247E-4	2.976042E-9	0.000000E+0	0.000000E+0	1.023497E+1	0.000000E+0	0.000000E+0
24-Apr-25	13:01:04	-1.000000E-5	-1.500000E-4	9.095750E-1	3.614000E-5	-2.960000E-6	3.233500E-4	3.900000E-6	0.000000E+0	0.000000E+0	1.964247E-4	2.976042E-9	0.000000E+0	0.000000E+0	1.023222E+1	0.000000E+0	0.000000E+0
24-Apr-25	13:01:05	-1.000000E-5	-1.500000E-4	9.100200E-1	3.611500E-5	-2.960000E-6	3.235000E-4	4.800000E-6	0.000000E+0	0.000000E+0	1.964247E-4	2.976042E-9	0.000000E+0	0.000000E+0	1.023010E+1	0.000000E+0	0.000000E+0
24-Apr-25	13:01:05	-1.000000E-5	-1.500000E-4	9.104550E-1	3.610000E-5	-2.985000E-6	3.236000E-4	3.050000E-6	0.000000E+0	0.000000E+0	1.964247E-4	2.976042E-9	0.000000E+0	0.000000E+0	1.022804E+1	0.000000E+0	0.000000E+0
24-Apr-25	13:01:06	-1.000000E-5	-1.500000E-4	9.108950E-1	3.610500E-5	-2.950000E-6	3.236000E-4	4.450000E-6	0.000000E+0	0.000000E+0	1.964247E-4	2.976042E-9	0.000000E+0	0.000000E+0	1.022600E+1	0.000000E+0	0.000000E+0
24-Apr-25	13:01:06	-1.000000E-5	-1.500000E-4	9.113300E-1	3.610000E-5	-2.945000E-6	3.251500E-4	3.250000E-6	0.000000E+0	0.000000E+0	1.964247E-4	2.976042E-9	0.000000E+0	0.000000E+0	1.022405E+1	0.000000E+0	0.000000E+0
24-Apr-25	13:01:07	-1.000000E-5	-1.500000E-4	9.118150E-1	3.608000E-5	-2.995000E-6	3.236000E-4	4.350000E-6	0.000000E+0	0.000000E+0	1.964247E-4	2.976042E-9	0.000000E+0	0.000000E+0	1.022154E+1	0.000000E+0	0.000000E+0
24-Apr-25	13:01:07	-1.000000E-5	-1.500000E-4	9.122900E-1	3.611000E-5	-3.000000E-6	3.235000E-4	3.800000E-6	0.000000E+0	0.000000E+0	1.964247E-4	2.976042E-9	0.000000E+0	0.000000E+0	1.022014E+1	0.000000E+0	0.000000E+0
24-Apr-25	13:01:08	-1.000000E-5	-1.500000E-4	9.127300E-1	3.606500E-5	-2.990000E-6	3.233500E-4	3.850000E-6	0.000000E+0	0.000000E+0	1.964247E-4	2.976042E-9	0.000000E+0	0.000000E+0	1.021892E+1	0.000000E+0	0.000000E+0
24-Apr-25	13:01:08	-1.000000E-5	-1.500000E-4	9.131700E-1	3.610000E-5	-2.980000E-6	3.234500E-4	3.800000E-6	0.000000E+0	0.000000E+0	1.964247E-4	2.976042E-9	0.000000E+0	0.000000E+0	1.021802E+1	0.000000E+0	0.000000E+0
24-Apr-25	13:01:09	-1.000000E-5	-1.500000E-4	9.133200E-1	3.610000E-5	-2.975000E-6	3.237500E-4	3.800000E-6	0.000000E+0	0.000000E+0	1.964247E-4	2.976042E-9	0.000000E+0	0.000000E+0	1.021730E+1	0.000000E+0	0.000000E+0
24-Apr-25	13:01:09	-1.000000E-5	-1.500000E-4	9.141250E-1	3.613000E-5	-2.940000E-6	3.233500E-4	4.000000E-6	0.000000E+0	0.000000E+0	1.964247E-4	2.976042E-9	0.000000E+0	0.000000E+0	1.021687E+1	0.000000E+0	0.000000E+0
24-Apr-25	13:01:10	-1.000000E-5	-1.500000E-4	9.145600E-1	3.609500E-5	-2.975000E-6	3.233500E-4	4.150000E-6	0.000000E+0	0.000000E+0	1.964247E-4	2.976042E-9	0.000000E+0	0.000000E+0	1.021657E+1	0.000000E+0	0.000000E+0
24-Apr-25	13:01:10	-1.000000E-5	-1.500000E-4	9.146650E-1	3.610500E-5	-2.965000E-6	3.237000E-4	3.500000E-6	0.000000E+0	0.000000E+0	1.964247E-4	2.976042E-9	0.000000E+0	0.000000E+0	1.021645E+1	0.000000E+0	0.000000E+0
24-Apr-25	13:01:11	-1.000000E-5	-1.500000E-4	9.154600E-1	3.609500E-5	-3.005000E-6	3.235000E-4	4.500000E-6	0.000000E+0	0.000000E+0	1.964247E-4	2.976042E-9	0.000000E+0	0.000000E+0	1.021646E+1	0.000000E+0	0.000000E+0
24-Apr-25	13:01:11	-1.000000E-5	-1.500000E-4	9.158900E-1	3.611500E-5	-3.015000E-6	3.237000E-4	3.850000E-6	0.000000E+0	0.000000E+0	1.964247E-4	2.976042E-9	0.000000E+0	0.000000E+0	1.021645E+1	0.000000E+0	0.000000E+0
24-Apr-25	13:01:12	-1.000000E-5	-1.500000E-4	9.163250E-1	3.605000E-5	-2.955000E-6	3.239500E-4	3.400000E-6	0.000000E+0	0.000000E+0	1.964247E-4	2.976042E-9	0.000000E+0	0.000000E+0	1.021638E+1	0.000000E+0	0.000000E+0
24-Apr-25	13:01:12	-1.000000E-5	-1.500000E-4	9.167550E-1	3.607500E-5	-2.955000E-6	3.239000E-4	3.300000E-6	0.000000E+0	0.000000E+0	1.964247E-4	2.976042E-9	0.000000E+0	0.000000E+0	1.021633E+1	0.000000E+0	0.000000E+0
24-Apr-25	13:01:13	-1.000000E-5	-1.500000E-4	9.171800E-1	3.612000E-5	-2.930000E-6	3.233500E-4	4.400000E-6	0.000000E+0	0.000000E+0	1.964247E-4	2.976042E-9	0.000000E+0	0.000000E+0	1.021629E+1	0.000000E+0	0.000000E+0
24-Apr-25	13:01:13	-1.000000E-5	-1.500000E-4	9.176050E-1	3.608000E-5	-2.930000E-6	3.230000E-4	3.900000E-6	0.000000E+0	0.000000E+0	1.964247E-4	2.976042E-9	0.000000E+0	0.000000E+0	1.021612E+1	0.000000E+0	0.000000E+0
24-Apr-25	13:01:14	-1.000000E-5	-1.500000E-4	9.180650E-1	3.611000E-5	-2.965000E-6	3.233000E-4	3.300000E-6	0.000000E+0	0.000000E+0	1.964247E-4	2.976042E-9	0.000000E+0	0.000000E+0	1.021574E+1	0.000000E+0	0.000000E+0
24-Apr-25	13:01:14	-1.000000E-5	-1.500000E-4	9.184900E-1	3.613500E-5	-3.010000E-6	3.231500E-4	3.500000E-6	0.000000E+0	0.000000E+0	1.964247E-4	2.976042E-9	0.000000E+0	0.000000E+0	1.021482E+1	0.000000E+0	0.000000E+0
24-Apr-25	13:01:15	-1.000000E-5	-1.500000E-4	9.189650E-1	3.619500E-5	-2.930000E-6	3.234000E-4	3.550000E-6	0.000000E+0	0.000000E+0	1.964247E-4	2.976042E-9	0.000000E+0	0.000000E+0	1.021381E+1	0.000000E+0	0.000000E+0
24-Apr-25	13:01:16	-1.000000E-5	-1.500000E-4	9.194250E-1	3.611000E-5	-2.950000E-6	3.236500E-4	3.500000E-6	0.000000E+0	0.000000E+0	1.964247E-4	2.976042E-9	0.000000E+0	0.000000E+0	1.021221E+1	0.000000E+0	0.000000E+0
24-Apr-25	13:01:16	-1.000000E-5	-1.500000E-4	9.198450E-1	3.610000E-5	-2.970000E-6	3.233500E-4	3.750000E-6	0.000000E+0	0.000000E+0	1.964247E-4	2.976042E-9	0.000000E+0	0.000000E+0	1.021061E+1	0.000000E+0	0.000000E+0
24-Apr-25	13:01:17	-1.000000E-5	-1.500000E-4	9.202650E-1	3.578000E-5	-2.995000E-6	3.231000E-4	3.550000E-6	0.000000E+0	0.000000E+0	1.964247E-4	2.976042E-9	0.000000E+0	0.000000E+0	1.020890E+1	0.000000E+0	0.000000E+0
24-Apr-25	13:01:17	-1.000000E-5	-1.500000E-4	9.206800E-1	3.601000E-5	-2.985000E-6	3.236500E-4	3.950000E-6	0.000000E+0	0.000000E+0	1.964247E-4	2.976042E-9	0.000000E+0	0.000000E+0	1.020737E+1	0.000000E+0	0.000000E+0
24-Apr-25	13:01:18	-1.000000E-5	-1.500000E-4	9.210950E-1	3.613500E-5	-2.965000E-6	3.238000E-4	3.950000E-6	0.000000E+0	0.000000E+0	1.964247E-4	2.976042E-9	0.000000E+0	0.000000E+0	1.020607E+1	0.000000E+0	0.000000E+0
24-Apr-25	13:01:18	-1.000000E-5	-1.500000E-4	9.215450E-1	3.617500E-5	-2.955000E-6	3.234500E-4	3.650000E-6	0.000000E+0	0.000000E+0	1.964247E-4	2.976042E-9	0.000000E+0	0.000000E+0	1.020460E+1	0.000000E+0	0.000000E+0
24-Apr-25	13:01:19	-1.000000E-5	-1.500000E-4	9.219650E-1	3.640500E-5	-2.830000E-6	3.230500E-4	3.500000E-6	0.000000E+0	0.000000E+0	1.964247E-4	2.976042E-9	0.000000E+0	0.000000E+0	1.020355E+1	0.000000E+0	0.000000E+0
24-Apr-25	13:01:19	-1.000000E-5	-1.500000E-4	9.224200E-1	3.609000E-5	-3.020000E-6	3.233000E-4	4.000000E-6	0.000000E+0	0.000000E+0	1.964247E-4	2.976042E-9	0.000000E+0	0.000000E+0	1.020236E+1	0.000000E+0	0.000000E+0
24-Apr-25	13:01:20	-1.000000E-5	-1.500000E-4	9.228750E-1	3.611000E-5	-3.010000E-6	3.238500E-4	3.550000E-6	0.000000E+0	0.000000E+0	1.964247E-4	2.976042E-9	0.000000E+0	0.000000E+0	1.020114E+1	0.000000E+0	0.000000E+0
24-Apr-25	13:01:20	-1.000000E-5	-1.500000E-4	9.233700E-1	3.606000E-5	-3.085000E-6	3.236500E-4	3.500000E-6	0.000000E+0	0.000000E+0	1.964247E-4	2.976042E-9	0.000000E+0	0.000000E+0	1.019976E+1	0.000000E+0	0.000000E+0
24-Apr-25	13:01:21	-1.000000E-5	-1.500000E-4	9.239450E-1	3.595000E-5	-2.930000E-6	3.235500E-4	4.050000E-6	0.000000E+0	0.000000E+0	1.964247E-4	2.976042E-9	0.000000E+0	0.000000E+0	1.019845E+1	0.000000E+0	0.000000E+0
24-Apr-25	13:01:22	-1.000000E-5	-1.500000E-4	9.243550E-1	3.608000E-5	-2.985000E-6	3.236000E-4	3.700000E-6	0.000000E+0	0.000000E+0	1.964247E-4	2.976042E-9	0.000000E+0	0.000000E+0	1.019741E+1	0.000000E+0	0.000000E+0
24-Apr-25	13:01:22	-1.000000E-5	-1.500000E-4	9.248000E-1	3.593000E-5	-3.075000E-6	3.239000E-4	3.950000E-6	0.000000E+0	0.000000E+0	1.964247E-4	2.976042E-9	0.000000E+0	0.000000E+0	1.019641E+1	0.000000E+0	0.000000E+0
24-Apr-25	13:01:23	-1.000000E-5	-1.500000E-4	9.252100E-1	3.599000E-5	-2.925000E-6	3.230500E-4	3.500000E-6	0.000000E+0	0.000000E+0	1.964247E-4	2.976042E-9	0.000000E+0	0.000000E+0	1.019533E+1	0.000000E+0	0.000000E+0
24-Apr-25	13:01:23	-1.000000E-5	-1.500000E-4	9.256550E-1	3.613500E-5	-2.950000E-6	3.227500E-4	3.950000E-6	0.000000E+0	0.000000E+0	1.964247E-4	2.976042E-9	0.000000E+0	0.000000E+0	1.019448E+1	0.000000E+0	0.000000E+0
24-Apr-25	13:01:24	-1.000000E-5	-1.500000E-4	9.261550E-1	3.608000E-5	-2.975000E-6	3.234500E-4	3.750000E-6	0.000000E+0	0.000000E+0	1.964247E-4	2.976042E-9	0.000000E+0	0.000000E+0	1.019282E+1	0.000000E+0	0.000000E+0
24-Apr-25	13:01:24	-1.000000E-5	-1.500000E-4	9.265550E-1	3.610500E-5	-2.965000E-6	3.234000E-4	3.800000E-6	0.000000E+0	0.000000E+0	1.964247E-4	2.976042E-9	0.000000E+0	0.000000E+0	1.019140E+1	0.000000E+0	0.000000E+0
24-Apr-25	13:01:25	-1.000000E-5	-1.500000E-4	9.266950E-1	3.608000E-5	-2.980000E-6	3.239000E-4	3.300000E-6	0.000000E+0	0.000000E+0	1.964247E-4	2.976042E-9	0.000000E+0	0.000000E+0	1.018983E+1	0.000000E+0	0.000000E+0
24-Apr-25	13:01:25	-1.000000E-5	-1.500000E-4	9.274400E-1	3.596500E-5	-2.900000E-6	3.232000E-4	3.850000E-6	0.000000E+0	0.000000E+0	1.964247E-4	2.976042E-9	0.000000E+0	0.000000E+0	1.018764E+1	0.000000E+0	0.000000E+0
24-Apr-25	13:01:26	-1.000000E-5	-1.500000E-4	9.279200E-1	3.618000E-5	-2.870000E-6	3.233500E-4	3.250000E-6	0.000000E+0	0.000000E+0	1.964247E-4	2.976042E-9	0.000000E+0	0.000000E+0	1.018512E+1	0.000000E+0	0.000000E+0
24-Apr-25	13:01:27	-1.000000E-5	-1.500000E-4	9.284450E-1	3.607000E-5	-2.945000E-6	3.237500E-4	3.750000E-6	0.000000E+0	0.000000E+0	1.964247E-4	2.976042E-9	0.000000E+0	0.000000E+0	1.018244E+1	0.000000E+0	0.000000E+0
24-Apr-25	13:01:27	-1.000000E-5	-1.500000E-4	9.288800E-1	3.606000E-5	-2.915000E-6	3.231000E-4	3.950000E-6	0.000000E+0	0.000000E+0	1.964247E-4	2.976042E-9	0.000000E+0	0.000000E+0	1.017955E+1	0.000000E+0	0.000000E+0
24-Apr-25	13:01:28	-1.000000E-5	-1.500000E-4	9.289800E-1	3.607000E-5	-2.940000E-6	3.239000E-4	4.250000E-6	0.000000E+0	0.000000E+0	1.964247E-4	2.976042E-9	0.000000E+0	0.000000E+0	1.017715E+1	0.000000E+0	0.000000E+0
24-Apr-25	13:01:28	-1.000000E-5	-1.500000E-4	9.296800E-1	3.613500E-5	-2.960000E-6	3.234000E-4	3.400000E-6	0.000000E+0	0.000000E+0	1.964247E-4	2.976042E-9	0.000000E+0	0.000000E+0	1.017461E+1	0.000000E+0	0.000000E+0
24-Apr-25	13:01:29	-1.000000E-5	-1.500000E-4	9.301200E-1	3.610500E-5	-2.965000E-6	3.237500E-4	3.750000E-6	0.000000E+0	0.000000E+0	1.964247E-4	2.976042E-9	0.000000E+0	0.000000E+0	1.017191E+1	0.000000E+0	0.000000E+0
24-Apr-25	13:01:29	-1.000000E-5	-1.500000E-4	9.302600E-1	3.605500E-5	-2.970000E-6	3.234500E-4	3.150000E-6	0.000000E+0	0.000000E+0	1.964247E-4	2.976042E-9	0.000000E+0	0.000000E+0	1.016840E+1	0.000000E+0	0.000000E+0
24-Apr-25	13:01:30	-1.000000E-5	-1.500000E-4	9.309950E-1	3.610000E-5	-3.025000E-6	3.234000E-4	3.600000E-6	0.000000E+0	0.000000E+0	1.964247E-4	2.976042E-9	0.000000E+0	0.000000E+0	1.016503E+1	0.000000E+0	0.000000E+0
24-Apr-25	13:01:30	-1.000000E-5	-1.500000E-4	9.313900E-1	3.608500E-5	-2.990000E-6	3.236000E-4	3.750000E-6	0.000000E+0	0.000000E+0	1.964247E-4	2.976042E-9	0.000000E+0	0.000000E+0	1.016243E+1	0.000000E+0	0.000000E+0
24-Apr-25	13:01:31	-1.000000E-5	-1.500000E-4	9.317850E-1	3.613000E-5	-2.900000E-6	3.231500E-4	4.200000E-6	0.000000E+0	0.000000E+0	1.964247E-4	2.976042E-9	0.000000E+0	0.000000E+0	1.015994E+1	0.000000E+0	0.000000E+0
24-Apr-25	13:01:31	-1.000000E-5	-1.500000E-4	9.321800E-1	3.608500E-5	-2.700000E-6	3.240000E-4	3.800000E-6	0.000000E+0	0.000000E+0	1.964247E-4	2.976042E-9	0.000000E+0	0.000000E+0	1.015769E+1	0.000000E+0	0.000000E+0
24-Apr-25	13:01:32	-1.000000E-5	-1.500000E-4	9.326150E-1	3.609000E-5	-2.995000E-6	3.236500E-4	3.850000E-6	0.000000E+0	0.000000E+0	1.964247E-4	2.976042E-9	0.000000E+0	0.000000E+0	1.015529E+1	0.000000E+0	0.000000E+0
24-Apr-25	13:01:32	-1.000000E-5	-1.500000E-4	9.330500E-1	3.596000E-5	-3.055000E-6	3.234500E-4	3.850000E-6	0.000000E+0	0.000000E+0	1.964247E-4	2.976042E-9	0.000000E+0	0.000000E+0	1.015370E+1	0.000000E+0	0.000000E+0
24-Apr-25	13:01:33	-1.000000E-5	-1.500000E-4	9.334700E-1	3.596500E-5	-2.860000E-6	3.236000E-4	3.550000E-6	0.000000E+0	0.000000E+0	1.964247E-4	2.976042E-9	0.000000E+0	0.000000E+0	1.015196E+1	0.000000E+0	0.000000E+0
24-Apr-25	13:01:33	-1.000000E-5	-1.500000E-4	9.338600E-1	3.624000E-5	-3.060000E-6	3.237500E-4	4.100000E-6	0.000000E+0	0.000000E+0	1.964247E-4	2.976042E-9	0.000000E+0	0.000000E+0	1.015058E+1	0.000000E+0	0.000000E+0
24-Apr-25	13:01:34	-1.000000E-5	-1.500000E-4	9.342600E-1	3.620000E-5	-2.975000E-6	3.235000E-4	3.800000E-6	0.000000E+0	0.000000E+0	1.964247E-4	2.976042E-9	0.000000E+0	0.000000E+0	1.014913E+1	0.000000E+0	0.000000E+0
24-Apr-25	13:01:34	-1.000000E-5	-1.500000E-4	9.343650E-1	3.609000E-5	-2.995000E-6	3.234500E-4	3.900000E-6	0.000000E+0	0.000000E+0	1.964247E-4	2.976042E-9	0.000000E+0	0.000000E+0	1.014758E+1	0.000000E+0	0.000000E+0
24-Apr-25	13:01:35	-1.000000E-5	-1.500000E-4	9.351100E-1	3.608000E-5	-2.970000E-6	3.236000E-4	3.650000E-6	0.000000E+0	0.000000E+0	1.964247E-4	2.976042E-9	0.000000E+0	0.000000E+0	1.014546E+1	0.000000E+0	0.000000E+0
24-Apr-25	13:01:36	-1.000000E-5	-1.500000E-4	9.355100E-1	3.610500E-5	-3.030000E-6	3.239000E-4	3.650000E-6	0.000000E+0	0.000000E+0	1.964247E-4	2.976042E-9	0.000000E+0	0.000000E+0	1.014358E+1	0.000000E+0	0.000000E+0
24-Apr-25	13:01:36	-1.000000E-5	-1.500000E-4	9.356950E-1	3.612000E-5	-2.980000E-6	3.239000E-4	3.650000E-6	0.000000E+0	0.000000E+0	1.964247E-4	2.976042E-9	0.000000E+0	0.000000E+0	1.014117E+1	0.000000E+0	0.000000E+0
24-Apr-25	13:01:37	-1.000000E-5	-1.500000E-4	9.364550E-1	3.604500E-5	-2.910000E-6	3.237500E-4	3.500000E-6	0.000000E+0	0.000000E+0	1.964247E-4	2.976042E-9	0.000000E+0	0.000000E+0	1.013930E+1	0.000000E+0	0.000000E+0
24-Apr-25	13:01:37	-1.000000E-5	-1.500000E-4	9.369250E-1	3.610500E-5	-2.930000E-6	3.232000E-4	4.050000E-6	0.000000E+0	0.000000E+0	1.964247E-4	2.976042E-9	0.000000E+0	0.000000E+0	1.013703E+1	0.000000E+0	0.000000E+0
24-Apr-25	13:01:38	-1.000000E-5	-1.500000E-4	9.373850E-1	3.602000E-5	-3.070000E-6	3.236000E-4	3.550000E-6	0.000000E+0	0.000000E+0	1.964247E-4	2.976042E-9	0.000000E+0	0.000000E+0	1.013503E+1	0.000000E+0	0.000000E+0
24-Apr-25	13:01:38	-1.000000E-5	-1.500000E-4	9.378050E-1	3.610000E-5	-2.915000E-6	3.239000E-4	3.850000E-6	0.000000E+0	0.000000E+0	1.964247E-4	2.976042E-9	0.000000E+0	0.000000E+0	1.013365E+1	0.000000E+0	0.000000E+0
24-Apr-25	13:01:39	-1.000000E-5	-1.500000E-4	9.382750E-1	3.613500E-5	-2.955000E-6	3.234500E-4	3.500000E-6	0.000000E+0	0.000000E+0	1.964247E-4	2.976042E-9	0.000000E+0	0.000000E+0	1.013206E+1	0.000000E+0	0.000000E+0
24-Apr-25	13:01:39	-1.000000E-5	-1.500000E-4	9.388300E-1	3.611500E-5	-2.910000E-6	3.232000E-4	3.800000E-6	0.000000E+0	0.000000E+0	1.964247E-4	2.976042E-9	0.000000E+0	0.000000E+0	1.013097E+1	0.000000E+0	0.000000E+0
24-Apr-25	13:01:40	-1.000000E-5	-1.500000E-4	9.392650E-1	3.617500E-5	-3.090000E-6	3.235000E-4	3.850000E-6	0.000000E+0	0.000000E+0	1.964247E-4	2.976042E-9	0.000000E+0	0.000000E+0	1.012976E+1	0.000000E+0	0.000000E+0
24-Apr-25	13:01:40	-1.000000E-5	-1.500000E-4	9.397000E-1	3.629500E-5	-3.095000E-6	3.234000E-4	3.850000E-6	0.000000E+0	0.000000E+0	1.964247E-4	2.976042E-9	0.000000E+0	0.000000E+0	1.012874E+1	0.000000E+0	0.000000E+0
24-Apr-25	13:01:41	-1.000000E-5	-1.500000E-4	9.401300E-1	3.614500E-5	-2.945000E-6	3.234500E-4	3.950000E-6	0.000000E+0	0.000000E+0	1.964247E-4	2.976042E-9	0.000000E+0	0.000000E+0	1.012744E+1	0.000000E+0	0.000000E+0
24-Apr-25	13:01:41	-1.000000E-5	-1.500000E-4	9.405650E-1	3.610500E-5	-2.915000E-6	3.231500E-4	3.850000E-6	0.000000E+0	0.000000E+0	1.964247E-4	2.976042E-9	0.000000E+0	0.000000E+0	1.012594E+1	0.000000E+0	0.000000E+0
24-Apr-25	13:01:42	-1.000000E-5	-1.500000E-4	9.409900E-1	3.603000E-5	-2.905000E-6	3.235500E-4	3.950000E-6	0.000000E+0	0.000000E+0	1.964247E-4	2.976042E-9	0.000000E+0	0.000000E+0	1.012432E+1	0.000000E+0	0.000000E+0
24-Apr-25	13:01:42	-1.000000E-5	-1.500000E-4	9.411000E-1	3.612500E-5	-3.040000E-6	3.232500E-4	3.950000E-6	0.000000E+0	0.000000E+0	1.964247E-4	2.976042E-9	0.000000E+0	0.000000E+0	1.012212E+1	0.000000E+0	0.000000E+0
24-Apr-25	13:01:43	-1.000000E-5	-1.500000E-4	9.418500E-1	3.616000E-5	-3.115000E-6	3.236000E-4	3.550000E-6	0.000000E+0	0.000000E+0	1.964247E-4	2.976042E-9	0.000000E+0	0.000000E+0	1.012021E+1	0.000000E+0	0.000000E+0
24-Apr-25	13:01:43	-1.000000E-5	-1.500000E-4	9.422750E-1	3.590000E-5	-3.250000E-6	3.234500E-4	3.950000E-6	0.000000E+0	0.000000E+0	1.964247E-4	2.976042E-9	0.000000E+0	0.000000E+0	1.011816E+1	0.000000E+0	0.000000E+0
24-Apr-25	13:01:44	-1.000000E-5	-1.500000E-4	9.426950E-1	3.599500E-5	-3.080000E-6	3.239000E-4	3.900000E-6	0.000000E+0	0.000000E+0	1.964247E-4	2.976042E-9	0.000000E+0	0.000000E+0	1.011617E+1	0.000000E+0	0.000000E+0
24-Apr-25	13:01:45	-1.000000E-5	-1.500000E-4	9.431600E-1	3.603000E-5	-2.935000E-6	3.238500E-4	3.500000E-6	0.000000E+0	0.000000E+0	1.964247E-4	2.976042E-9	0.000000E+0	0.000000E+0	1.011389E+1	0.000000E+0	0.000000E+0
24-Apr-25	13:01:45	-1.000000E-5	-1.500000E-4	9.436300E-1	3.613000E-5	-2.750000E-6	3.229000E-4	3.650000E-6	0.000000E+0	0.000000E+0	1.964247E-4	2.976042E-9	0.000000E+0	0.000000E+0	1.011215E+1	0.000000E+0	0.000000E+0
24-Apr-25	13:01:46	-1.000000E-5	-1.500000E-4	9.440550E-1	3.614500E-5	-2.950000E-6	3.232500E-4	3.800000E-6	0.000000E+0	0.000000E+0	1.964247E-4	2.976042E-9	0.000000E+0	0.000000E+0	1.011053E+1	0.000000E+0	0.000000E+0
24-Apr-25	13:01:46	-1.000000E-5	-1.500000E-4	9.444750E-1	3.628500E-5	-3.125000E-6	3.236500E-4	3.500000E-6	0.000000E+0	0.000000E+0	1.964247E-4	2.976042E-9	0.000000E+0	0.000000E+0	1.010922E+1	0.000000E+0	0.000000E+0
24-Apr-25	13:01:47	-1.000000E-5	-1.500000E-4	9.448900E-1	3.616500E-5	-3.075000E-6	3.238000E-4	3.850000E-6	0.000000E+0	0.000000E+0	1.964247E-4	2.976042E-9	0.000000E+0	0.000000E+0	1.010801E+1	0.000000E+0	0.000000E+0
24-Apr-25	13:01:47	-1.000000E-5	-1.500000E-4	9.453100E-1	3.630000E-5	-2.760000E-6	3.234500E-4	3.550000E-6	0.000000E+0	0.000000E+0	1.964247E-4	2.976042E-9	0.000000E+0	0.000000E+0	1.010722E+1	0.000000E+0	0.000000E+0
24-Apr-25	13:01:48	-1.000000E-5	-1.500000E-4	9.457250E-1	3.613500E-5	-3.210000E-6	3.235500E-4	3.950000E-6	0.000000E+0	0.000000E+0	1.964247E-4	2.976042E-9	0.000000E+0	0.000000E+0	1.010651E+1	0.000000E+0	0.000000E+0
24-Apr-25	13:01:48	-1.000000E-5	-1.500000E-4	9.461600E-1	3.592500E-5	-3.090000E-6	3.233500E-4	3.950000E-6	0.000000E+0	0.000000E+0	1.964247E-4	2.976042E-9	0.000000E+0	0.000000E+0	1.010578E+1	0.000000E+0	0.000000E+0
24-Apr-25	13:01:49	-1.000000E-5	-1.500000E-4	9.466200E-1	3.609500E-5	-2.995000E-6	3.235500E-4	3.800000E-6	0.000000E+0	0.000000E+0	1.964247E-4	2.976042E-9	0.000000E+0	0.000000E+0	1.010465E+1	0.000000E+0	0.000000E+0
24-Apr-25	13:01:49	-1.000000E-5	-1.500000E-4	9.471150E-1	3.630500E-5	-2.980000E-6	3.237500E-4	3.800000E-6	0.000000E+0	0.000000E+0	1.964247E-4	2.976042E-9	0.000000E+0	0.000000E+0	1.010325E+1	0.000000E+0	0.000000E+0
24-Apr-25	13:01:50	-1.000000E-5	-1.500000E-4	9.475750E-1	3.615500E-5	-2.840000E-6	3.236500E-4	3.450000E-6	0.000000E+0	0.000000E+0	1.964247E-4	2.976042E-9	0.000000E+0	0.000000E+0	1.010197E+1	0.000000E+0	0.000000E+0
24-Apr-25	13:01:50	-1.000000E-5	-1.500000E-4	9.480650E-1	3.594000E-5	-2.820000E-6	3.233500E-4	4.200000E-6	0.000000E+0	0.000000E+0	1.964247E-4	2.976042E-9	0.000000E+0	0.000000E+0	1.010018E+1	0.000000E+0	0.000000E+0
24-Apr-25	13:01:51	-1.000000E-5	-1.500000E-4	9.484750E-1	3.586500E-5	-2.885000E-6	3.233500E-4	3.500000E-6	0.000000E+0	0.000000E+0	1.964247E-4	2.976042E-9	0.000000E+0	0.000000E+0	1.009860E+1	0.000000E+0	0.000000E+0
24-Apr-25	13:01:51	-1.000000E-5	-1.500000E-4	9.489050E-1	3.601000E-5	-2.980000E-6	3.233000E-4	3.750000E-6	0.000000E+0	0.000000E+0	1.964247E-4	2.976042E-9	0.000000E+0	0.000000E+0	1.009667E+1	0.000000E+0	0.000000E+0
24-Apr-25	13:01:52	-1.000000E-5	-1.500000E-4	9.493150E-1	3.608000E-5	-3.070000E-6	3.234000E-4	3.750000E-6	0.000000E+0	0.000000E+0	1.964247E-4	2.976042E-9	0.000000E+0	0.000000E+0	1.009510E+1	0.000000E+0	0.000000E+0
24-Apr-25	13:01:53	-1.000000E-5	-1.500000E-4	9.494600E-1	3.601000E-5	-2.880000E-6	3.232000E-4	3.800000E-6	0.000000E+0	0.000000E+0	1.964247E-4	2.976042E-9	0.000000E+0	0.000000E+0	1.009318E+1	0.000000E+0	0.000000E+0
24-Apr-25	13:01:53	-1.000000E-5	-1.500000E-4	9.478600E-1	3.592000E-5	-2.925000E-6	3.230000E-4	3.750000E-6	0.000000E+0	0.000000E+0	1.964247E-4	2.976042E-9	0.000000E+0	0.000000E+0	1.009127E+1	0.000000E+0	0.000000E+0
24-Apr-25	13:01:54	-1.000000E-5	-1.500000E-4	9.462950E-1	3.599500E-5	-2.930000E-6	3.236000E-4	2.950000E-6	0.000000E+0	0.000000E+0	1.964247E-4	2.976042E-9	0.000000E+0	0.000000E+0	1.008981E+1	0.000000E+0	0.000000E+0
24-Apr-25	13:01:54	-1.000000E-5	-1.500000E-4	9.446900E-1	3.574000E-5	-3.000000E-6	3.239000E-4	3.600000E-6	0.000000E+0	0.000000E+0	1.964247E-4	2.976042E-9	0.000000E+0	0.000000E+0	1.008840E+1	0.000000E+0	0.000000E+0
24-Apr-25	13:01:55	-1.000000E-5	-1.500000E-4	9.427650E-1	3.592000E-5	-3.005000E-6	3.237500E-4	3.450000E-6	0.000000E+0	0.000000E+0	1.964247E-4	2.976042E-9	0.000000E+0	0.000000E+0	1.008674E+1	0.000000E+0	0.000000E+0
24-Apr-25	13:01:55	-1.000000E-5	-1.500000E-4	9.411750E-1	3.631500E-5	-2.955000E-6	3.234000E-4	3.800000E-6	0.000000E+0	0.000000E+0	1.964247E-4	2.976042E-9	0.000000E+0	0.000000E+0	1.008534E+1	0.000000E+0	0.000000E+0
24-Apr-25	13:01:56	-1.000000E-5	-1.500000E-4	9.394350E-1	3.611000E-5	-2.945000E-6	3.234500E-4	3.350000E-6	0.000000E+0	0.000000E+0	1.964247E-4	2.976042E-9	0.000000E+0	0.000000E+0	1.008347E+1	0.000000E+0	0.000000E+0
24-Apr-25	13:01:56	-1.000000E-5	-1.500000E-4	9.376850E-1	3.617500E-5	-3.285000E-6	3.233000E-4	3.650000E-6	0.000000E+0	0.000000E+0	1.964247E-4	2.976042E-9	0.000000E+0	0.000000E+0	1.008204E+1	0.000000E+0	0.000000E+0
24-Apr-25	13:01:57	-1.000000E-5	-1.500000E-4	9.354450E-1	3.630000E-5	-2.830000E-6	3.234500E-4	3.650000E-6	0.000000E+0	0.000000E+0	1.964247E-4	2.976042E-9	0.000000E+0	0.000000E+0	1.007989E+1	0.000000E+0	0.000000E+0
24-Apr-25	13:01:58	-1.000000E-5	-1.500000E-4	9.338300E-1	3.608000E-5	-2.905000E-6	3.238000E-4	3.500000E-6	0.000000E+0	0.000000E+0	1.964247E-4	2.976042E-9	0.000000E+0	0.000000E+0	1.007838E+1	0.000000E+0	0.000000E+0
24-Apr-25	13:01:58	-1.000000E-5	-1.500000E-4	9.322450E-1	3.592000E-5	-2.695000E-6	3.239500E-4	3.900000E-6	0.000000E+0	0.000000E+0	1.964247E-4	2.976042E-9	0.000000E+0	0.000000E+0	1.007696E+1	0.000000E+0	0.000000E+0
24-Apr-25	13:01:59	-1.000000E-5	-1.500000E-4	9.307150E-1	3.610500E-5	-2.925000E-6	3.235500E-4	3.650000E-6	0.000000E+0	0.000000E+0	1.964247E-4	2.976042E-9	0.000000E+0	0.000000E+0	1.007536E+1	0.000000E+0	0.000000E+0
24-Apr-25	13:01:59	-1.000000E-5	-1.500000E-4	9.291350E-1	3.589000E-5	-3.040000E-6	3.234000E-4	3.700000E-6	0.000000E+0	0.000000E+0	1.964247E-4	2.976042E-9	0.000000E+0	0.000000E+0	1.007424E+1	0.000000E+0	0.000000E+0
24-Apr-25	13:02:00	-1.000000E-5	-1.500000E-4	9.273350E-1	3.603000E-5	-2.830000E-6	3.232500E-4	3.900000E-6	0.000000E+0	0.000000E+0	1.964247E-4	2.976042E-9	0.000000E+0	0.000000E+0	1.007334E+1	0.000000E+0	0.000000E+0
24-Apr-25	13:02:00	-1.000000E-5	-1.500000E-4	9.251150E-1	3.617500E-5	-3.005000E-6	3.239500E-4	3.800000E-6	0.000000E+0	0.000000E+0	1.964247E-4	2.976042E-9	0.000000E+0	0.000000E+0	1.007228E+1	0.000000E+0	0.000000E+0
24-Apr-25	13:02:01	-1.000000E-5	-1.500000E-4	9.230550E-1	3.602500E-5	-2.930000E-6	3.235000E-4	3.850000E-6	0.000000E+0	0.000000E+0	1.964247E-4	2.976042E-9	0.000000E+0	0.000000E+0	1.007185E+1	0.000000E+0	0.000000E+0
24-Apr-25	13:02:02	-1.000000E-5	-1.500000E-4	9.208100E-1	3.606500E-5	-3.010000E-6	3.233500E-4	3.850000E-6	0.000000E+0	0.000000E+0	1.964247E-4	2.976042E-9	0.000000E+0	0.000000E+0	1.007163E+1	0.000000E+0	0.000000E+0
24-Apr-25	13:02:02	-1.000000E-5	-1.500000E-4	9.188850E-1	3.597000E-5	-2.960000E-6	3.237500E-4	3.800000E-6	0.000000E+0	0.000000E+0	1.964247E-4	2.976042E-9	0.000000E+0	0.000000E+0	1.007141E+1	0.000000E+0	0.000000E+0
24-Apr-25	13:02:03	-1.000000E-5	-1.500000E-4	9.172950E-1	3.611500E-5	-3.055000E-6	3.234500E-4	3.800000E-6	0.000000E+0	0.000000E+0	1.964247E-4	2.976042E-9	0.000000E+0	0.000000E+0	1.007092E+1	0.000000E+0	0.000000E+0
24-Apr-25	13:02:03	-1.000000E-5	-1.500000E-4	9.157150E-1	3.610000E-5	-2.985000E-6	3.234500E-4	3.600000E-6	0.000000E+0	0.000000E+0	1.964247E-4	2.976042E-9	0.000000E+0	0.000000E+0	1.007042E+1	0.000000E+0	0.000000E+0
24-Apr-25	13:02:04	-1.000000E-5	-1.500000E-4	9.141250E-1	3.614500E-5	-2.910000E-6	3.235500E-4	3.900000E-6	0.000000E+0	0.000000E+0	1.964247E-4	2.976042E-9	0.000000E+0	0.000000E+0	1.006981E+1	0.000000E+0	0.000000E+0
24-Apr-25	13:02:04	-1.000000E-5	-1.500000E-4	9.122250E-1	3.595000E-5	-2.965000E-6	3.229000E-4	3.500000E-6	0.000000E+0	0.000000E+0	1.964247E-4	2.976042E-9	0.000000E+0	0.000000E+0	1.006891E+1	0.000000E+0	0.000000E+0
24-Apr-25	13:02:05	-1.000000E-5	-1.500000E-4	9.104800E-1	3.614000E-5	-2.860000E-6	3.237000E-4	3.400000E-6	0.000000E+0	0.000000E+0	1.964247E-4	2.976042E-9	0.000000E+0	0.000000E+0	1.006821E+1	0.000000E+0	0.000000E+0
24-Apr-25	13:02:05	-1.000000E-5	-1.500000E-4	9.088950E-1	3.609500E-5	-3.010000E-6	3.237000E-4	3.950000E-6	0.000000E+0	0.000000E+0	1.964247E-4	2.976042E-9	0.000000E+0	0.000000E+0	1.006757E+1	0.000000E+0	0.000000E+0
24-Apr-25	13:02:06	-1.000000E-5	-1.500000E-4	9.071500E-1	3.590500E-5	-3.050000E-6	3.229500E-4	4.400000E-6	0.000000E+0	0.000000E+0	1.964247E-4	2.976042E-9	0.000000E+0	0.000000E+0	1.006719E+1	0.000000E+0	0.000000E+0
24-Apr-25	13:02:07	-1.000000E-5	-1.500000E-4	9.048800E-1	3.616500E-5	-2.965000E-6	3.234500E-4	4.100000E-6	0.000000E+0	0.000000E+0	1.964247E-4	2.976042E-9	0.000000E+0	0.000000E+0	1.006663E+1	0.000000E+0	0.000000E+0
24-Apr-25	13:02:07	-1.000000E-5	-1.500000E-4	9.032950E-1	3.597000E-5	-3.020000E-6	3.239000E-4	3.650000E-6	0.000000E+0	0.000000E+0	1.964247E-4	2.976042E-9	0.000000E+0	0.000000E+0	1.006621E+1	0.000000E+0	0.000000E+0
24-Apr-25	13:02:08	-1.000000E-5	-1.500000E-4	9.017100E-1	3.595000E-5	-3.125000E-6	3.234500E-4	3.750000E-6	0.000000E+0	0.000000E+0	1.964247E-4	2.976042E-9	0.000000E+0	0.000000E+0	1.006562E+1	0.000000E+0	0.000000E+0
24-Apr-25	13:02:08	-1.000000E-5	-1.500000E-4	9.001250E-1	3.618000E-5	-3.245000E-6	3.234500E-4	3.500000E-6	0.000000E+0	0.000000E+0	1.964247E-4	2.976042E-9	0.000000E+0	0.000000E+0	1.006455E+1	0.000000E+0	0.000000E+0
24-Apr-25	13:02:09	-1.000000E-5	-1.500000E-4	8.985450E-1	3.612500E-5	-2.875000E-6	3.236000E-4	3.500000E-6	0.000000E+0	0.000000E+0	1.964247E-4	2.976042E-9	0.000000E+0	0.000000E+0	1.006345E+1	0.000000E+0	0.000000E+0
24-Apr-25	13:02:09	-1.000000E-5	-1.500000E-4	8.969550E-1	3.621500E-5	-2.785000E-6	3.234500E-4	3.900000E-6	0.000000E+0	0.000000E+0	1.964247E-4	2.976042E-9	0.000000E+0	0.000000E+0	1.006221E+1	0.000000E+0	0.000000E+0
24-Apr-25	13:02:10	-1.000000E-5	-1.500000E-4	8.953700E-1	3.618500E-5	-2.905000E-6	3.231500E-4	3.600000E-6	0.000000E+0	0.000000E+0	1.964247E-4	2.976042E-9	0.000000E+0	0.000000E+0	1.006095E+1	0.000000E+0	0.000000E+0
24-Apr-25	13:02:10	-1.000000E-5	-1.500000E-4	8.937850E-1	3.618500E-5	-3.090000E-6	3.239500E-4	3.650000E-6	0.000000E+0	0.000000E+0	1.964247E-4	2.976042E-9	0.000000E+0	0.000000E+0	1.005974E+1	0.000000E+0	0.000000E+0
24-Apr-25	13:02:11	-1.000000E-5	-1.500000E-4	8.915650E-1	3.610000E-5	-3.095000E-6	3.235000E-4	3.950000E-6	0.000000E+0	0.000000E+0	1.964247E-4	2.976042E-9	0.000000E+0	0.000000E+0	1.005810E+1	0.000000E+0	0.000000E+0
24-Apr-25	13:02:12	-1.000000E-5	-1.500000E-4	8.893450E-1	3.610000E-5	-3.195000E-6	3.237000E-4	3.100000E-6	0.000000E+0	0.000000E+0	1.964247E-4	2.976042E-9	0.000000E+0	0.000000E+0	1.005663E+1	0.000000E+0	0.000000E+0
24-Apr-25	13:02:12	-1.000000E-5	-1.500000E-4	8.877050E-1	3.606500E-5	-2.970000E-6	3.233000E-4	3.650000E-6	0.000000E+0	0.000000E+0	1.964247E-4	2.976042E-9	0.000000E+0	0.000000E+0	1.005576E+1	0.000000E+0	0.000000E+0
24-Apr-25	13:02:13	-1.000000E-5	-1.500000E-4	8.861250E-1	3.601500E-5	-2.905000E-6	3.236000E-4	3.250000E-6	0.000000E+0	0.000000E+0	1.964247E-4	2.976042E-9	0.000000E+0	0.000000E+0	1.005490E+1	0.000000E+0	0.000000E+0
24-Apr-25	13:02:13	-1.000000E-5	-1.500000E-4	8.842250E-1	3.587000E-5	-2.935000E-6	3.236000E-4	3.500000E-6	0.000000E+0	0.000000E+0	1.964247E-4	2.976042E-9	0.000000E+0	0.000000E+0	1.005382E+1	0.000000E+0	0.000000E+0
24-Apr-25	13:02:14	-1.000000E-5	-1.500000E-4	8.826350E-1	3.594500E-5	-2.910000E-6	3.230500E-4	3.800000E-6	0.000000E+0	0.000000E+0	1.964247E-4	2.976042E-9	0.000000E+0	0.000000E+0	1.005300E+1	0.000000E+0	0.000000E+0
24-Apr-25	13:02:14	-1.000000E-5	-1.500000E-4	8.810550E-1	3.612000E-5	-2.755000E-6	3.235000E-4	3.300000E-6	0.000000E+0	0.000000E+0	1.964247E-4	2.976042E-9	0.000000E+0	0.000000E+0	1.005218E+1	0.000000E+0	0.000000E+0
24-Apr-25	13:02:15	-1.000000E-5	-1.500000E-4	8.788300E-1	3.616000E-5	-2.960000E-6	3.234500E-4	3.850000E-6	0.000000E+0	0.000000E+0	1.964247E-4	2.976042E-9	0.000000E+0	0.000000E+0	1.005063E+1	0.000000E+0	0.000000E+0
24-Apr-25	13:02:16	-1.000000E-5	-1.500000E-4	8.770950E-1	3.601500E-5	-2.920000E-6	3.234500E-4	3.800000E-6	0.000000E+0	0.000000E+0	1.964247E-4	2.976042E-9	0.000000E+0	0.000000E+0	1.004953E+1	0.000000E+0	0.000000E+0
24-Apr-25	13:02:16	-1.000000E-5	-1.500000E-4	8.755050E-1	3.611500E-5	-2.895000E-6	3.237500E-4	3.950000E-6	0.000000E+0	0.000000E+0	1.964247E-4	2.976042E-9	0.000000E+0	0.000000E+0	1.004825E+1	0.000000E+0	0.000000E+0
24-Apr-25	13:02:17	-1.000000E-5	-1.500000E-4	8.739200E-1	3.612500E-5	-2.955000E-6	3.238000E-4	3.800000E-6	0.000000E+0	0.000000E+0	1.964247E-4	2.976042E-9	0.000000E+0	0.000000E+0	1.004667E+1	0.000000E+0	0.000000E+0
24-Apr-25	13:02:17	-1.000000E-5	-1.500000E-4	8.723350E-1	3.609000E-5	-3.090000E-6	3.236000E-4	3.750000E-6	0.000000E+0	0.000000E+0	1.964247E-4	2.976042E-9	0.000000E+0	0.000000E+0	1.004474E+1	0.000000E+0	0.000000E+0
24-Apr-25	13:02:18	-1.000000E-5	-1.500000E-4	8.705900E-1	3.611500E-5	-3.055000E-6	3.233000E-4	3.500000E-6	0.000000E+0	0.000000E+0	1.964247E-4	2.976042E-9	0.000000E+0	0.000000E+0	1.004181E+1	0.000000E+0	0.000000E+0
24-Apr-25	13:02:18	-1.000000E-5	-1.500000E-4	8.688450E-1	3.614000E-5	-3.015000E-6	3.233000E-4	3.900000E-6	0.000000E+0	0.000000E+0	1.964247E-4	2.976042E-9	0.000000E+0	0.000000E+0	1.003921E+1	0.000000E+0	0.000000E+0
24-Apr-25	13:02:19	-1.000000E-5	-1.500000E-4	8.666050E-1	3.610500E-5	-2.985000E-6	3.234000E-4	3.650000E-6	0.000000E+0	0.000000E+0	1.964247E-4	2.976042E-9	0.000000E+0	0.000000E+0	1.003525E+1	0.000000E+0	0.000000E+0
24-Apr-25	13:02:19	-1.000000E-5	-1.500000E-4	8.650450E-1	3.610000E-5	-2.925000E-6	3.234000E-4	3.900000E-6	0.000000E+0	0.000000E+0	1.964247E-4	2.976042E-9	0.000000E+0	0.000000E+0	1.003272E+1	0.000000E+0	0.000000E+0
24-Apr-25	13:02:20	-1.000000E-5	-1.500000E-4	8.634550E-1	3.616500E-5	-2.905000E-6	3.236000E-4	3.800000E-6	0.000000E+0	0.000000E+0	1.964247E-4	2.976042E-9	0.000000E+0	0.000000E+0	1.003045E+1	0.000000E+0	0.000000E+0
24-Apr-25	13:02:20	-1.000000E-5	-1.500000E-4	8.618750E-1	3.609500E-5	-2.945000E-6	3.235500E-4	3.100000E-6	0.000000E+0	0.000000E+0	1.964247E-4	2.976042E-9	0.000000E+0	0.000000E+0	1.002810E+1	0.000000E+0	0.000000E+0
24-Apr-25	13:02:21	-1.000000E-5	-1.500000E-4	8.601350E-1	3.604000E-5	-2.895000E-6	3.238000E-4	3.550000E-6	0.000000E+0	0.000000E+0	1.964247E-4	2.976042E-9	0.000000E+0	0.000000E+0	1.002661E+1	0.000000E+0	0.000000E+0
24-Apr-25	13:02:21	-1.000000E-5	-1.500000E-4	8.585400E-1	3.612000E-5	-2.955000E-6	3.232500E-4	4.200000E-6	0.000000E+0	0.000000E+0	1.964247E-4	2.976042E-9	0.000000E+0	0.000000E+0	1.002537E+1	0.000000E+0	0.000000E+0
24-Apr-25	13:02:22	-1.000000E-5	-1.500000E-4	8.569600E-1	3.618000E-5	-3.010000E-6	3.236000E-4	3.800000E-6	0.000000E+0	0.000000E+0	1.964247E-4	2.976042E-9	0.000000E+0	0.000000E+0	1.002430E+1	0.000000E+0	0.000000E+0
24-Apr-25	13:02:22	-1.000000E-5	-1.500000E-4	8.552150E-1	3.620000E-5	-2.985000E-6	3.236500E-4	3.350000E-6	0.000000E+0	0.000000E+0	1.964247E-4	2.976042E-9	0.000000E+0	0.000000E+0	1.002301E+1	0.000000E+0	0.000000E+0
24-Apr-25	13:02:23	-1.000000E-5	-1.500000E-4	8.536250E-1	3.632500E-5	-2.915000E-6	3.236000E-4	3.900000E-6	0.000000E+0	0.000000E+0	1.964247E-4	2.976042E-9	0.000000E+0	0.000000E+0	1.002189E+1	0.000000E+0	0.000000E+0
24-Apr-25	13:02:24	-1.000000E-5	-1.500000E-4	8.520450E-1	3.624500E-5	-2.795000E-6	3.236500E-4	3.800000E-6	0.000000E+0	0.000000E+0	1.964247E-4	2.976042E-9	0.000000E+0	0.000000E+0	1.002058E+1	0.000000E+0	0.000000E+0
24-Apr-25	13:02:24	-1.000000E-5	-1.500000E-4	8.496150E-1	3.604000E-5	-2.995000E-6	3.239000E-4	3.250000E-6	0.000000E+0	0.000000E+0	1.964247E-4	2.976042E-9	0.000000E+0	0.000000E+0	1.001828E+1	0.000000E+0	0.000000E+0
24-Apr-25	13:02:25	-1.000000E-5	-1.500000E-4	8.480300E-1	3.584000E-5	-2.915000E-6	3.232500E-4	3.800000E-6	0.000000E+0	0.000000E+0	1.964247E-4	2.976042E-9	0.000000E+0	0.000000E+0	1.001616E+1	0.000000E+0	0.000000E+0
24-Apr-25	13:02:26	-1.000000E-5	-1.500000E-4	8.458150E-1	3.597500E-5	-2.930000E-6	3.238000E-4	3.550000E-6	0.000000E+0	0.000000E+0	1.964247E-4	2.976042E-9	0.000000E+0	0.000000E+0	1.001366E+1	0.000000E+0	0.000000E+0
24-Apr-25	13:02:26	-1.000000E-5	-1.500000E-4	8.437550E-1	3.617500E-5	-2.945000E-6	3.235000E-4	3.450000E-6	0.000000E+0	0.000000E+0	1.964247E-4	2.976042E-9	0.000000E+0	0.000000E+0	1.001182E+1	0.000000E+0	0.000000E+0
24-Apr-25	13:02:27	-1.000000E-5	-1.500000E-4	8.421650E-1	3.612500E-5	-2.900000E-6	3.234500E-4	3.750000E-6	0.000000E+0	0.000000E+0	1.964247E-4	2.976042E-9	0.000000E+0	0.000000E+0	1.001055E+1	0.000000E+0	0.000000E+0
24-Apr-25	13:02:27	-1.000000E-5	-1.500000E-4	8.405800E-1	3.616500E-5	-2.930000E-6	3.239500E-4	4.250000E-6	0.000000E+0	0.000000E+0	1.964247E-4	2.976042E-9	0.000000E+0	0.000000E+0	1.000943E+1	0.000000E+0	0.000000E+0
24-Apr-25	13:02:28	-1.000000E-5	-1.500000E-4	8.389950E-1	3.581500E-5	-2.940000E-6	3.236500E-4	3.250000E-6	0.000000E+0	0.000000E+0	1.964247E-4	2.976042E-9	0.000000E+0	0.000000E+0	1.000839E+1	0.000000E+0	0.000000E+0
24-Apr-25	13:02:28	-1.000000E-5	-1.500000E-4	8.372550E-1	3.609000E-5	-2.940000E-6	3.233500E-4	3.850000E-6	0.000000E+0	0.000000E+0	1.964247E-4	2.976042E-9	0.000000E+0	0.000000E+0	1.000706E+1	0.000000E+0	0.000000E+0
24-Apr-25	13:02:29	-1.000000E-5	-1.500000E-4	8.356650E-1	3.612000E-5	-2.950000E-6	3.232000E-4	4.100000E-6	0.000000E+0	0.000000E+0	1.964247E-4	2.976042E-9	0.000000E+0	0.000000E+0	1.000589E+1	0.000000E+0	0.000000E+0
24-Apr-25	13:02:29	-1.000000E-5	-1.500000E-4	8.336100E-1	3.601000E-5	-2.885000E-6	3.235000E-4	3.650000E-6	0.000000E+0	0.000000E+0	1.964247E-4	2.976042E-9	0.000000E+0	0.000000E+0	1.000419E+1	0.000000E+0	0.000000E+0
24-Apr-25	13:02:30	-1.000000E-5	-1.500000E-4	8.320200E-1	3.607000E-5	-2.830000E-6	3.234500E-4	3.550000E-6	0.000000E+0	0.000000E+0	1.964247E-4	2.976042E-9	0.000000E+0	0.000000E+0	1.000261E+1	0.000000E+0	0.000000E+0
24-Apr-25	13:02:30	-1.000000E-5	-1.500000E-4	8.304350E-1	3.608500E-5	-3.055000E-6	3.233500E-4	3.900000E-6	0.000000E+0	0.000000E+0	1.964247E-4	2.976042E-9	0.000000E+0	0.000000E+0	1.000033E+1	0.000000E+0	0.000000E+0
24-Apr-25	13:02:31	-1.000000E-5	-1.500000E-4	8.288500E-1	3.619500E-5	-3.095000E-6	3.236000E-4	3.150000E-6	0.000000E+0	0.000000E+0	1.964247E-4	2.976042E-9	0.000000E+0	0.000000E+0	9.998276E+0	0.000000E+0	0.000000E+0
24-Apr-25	13:02:31	-1.000000E-5	-1.500000E-4	8.272650E-1	3.608000E-5	-2.920000E-6	3.237000E-4	4.000000E-6	0.000000E+0	0.000000E+0	1.964247E-4	2.976042E-9	0.000000E+0	0.000000E+0	9.996015E+0	0.000000E+0	0.000000E+0
24-Apr-25	13:02:32	-1.000000E-5	-1.500000E-4	8.256850E-1	3.609500E-5	-3.060000E-6	3.236000E-4	4.800000E-6	0.000000E+0	0.000000E+0	1.964247E-4	2.976042E-9	0.000000E+0	0.000000E+0	9.993568E+0	0.000000E+0	0.000000E+0
24-Apr-25	13:02:32	-1.000000E-5	-1.500000E-4	8.240950E-1	3.617500E-5	-3.110000E-6	3.241000E-4	3.950000E-6	0.000000E+0	0.000000E+0	1.964247E-4	2.976042E-9	0.000000E+0	0.000000E+0	9.991082E+0	0.000000E+0	0.000000E+0
24-Apr-25	13:02:33	-1.000000E-5	-1.500000E-4	8.225100E-1	3.618000E-5	-3.070000E-6	3.240000E-4	2.900000E-6	0.000000E+0	0.000000E+0	1.964247E-4	2.976042E-9	0.000000E+0	0.000000E+0	9.988674E+0	0.000000E+0	0.000000E+0
24-Apr-25	13:02:33	-1.000000E-5	-1.500000E-4	8.207650E-1	3.595500E-5	-2.930000E-6	3.234000E-4	3.850000E-6	0.000000E+0	0.000000E+0	1.964247E-4	2.976042E-9	0.000000E+0	0.000000E+0	9.985923E+0	0.000000E+0	0.000000E+0
24-Apr-25	13:02:34	-1.000000E-5	-1.500000E-4	8.191850E-1	3.614000E-5	-2.945000E-6	3.227500E-4	3.650000E-6	0.000000E+0	0.000000E+0	1.964247E-4	2.976042E-9	0.000000E+0	0.000000E+0	9.983974E+0	0.000000E+0	0.000000E+0
24-Apr-25	13:02:34	-1.000000E-5	-1.500000E-4	8.175950E-1	3.597500E-5	-3.040000E-6	3.236000E-4	3.850000E-6	0.000000E+0	0.000000E+0	1.964247E-4	2.976042E-9	0.000000E+0	0.000000E+0	9.982391E+0	0.000000E+0	0.000000E+0
24-Apr-25	13:02:35	-1.000000E-5	-1.500000E-4	8.160100E-1	3.617000E-5	-2.810000E-6	3.238500E-4	3.800000E-6	0.000000E+0	0.000000E+0	1.964247E-4	2.976042E-9	0.000000E+0	0.000000E+0	9.981244E+0	0.000000E+0	0.000000E+0
24-Apr-25	13:02:35	-1.000000E-5	-1.500000E-4	8.144250E-1	3.607000E-5	-2.940000E-6	3.241000E-4	3.900000E-6	0.000000E+0	0.000000E+0	1.964247E-4	2.976042E-9	0.000000E+0	0.000000E+0	9.980466E+0	0.000000E+0	0.000000E+0
24-Apr-25	13:02:36	-1.000000E-5	-1.500000E-4	8.128450E-1	3.613500E-5	-3.030000E-6	3.233500E-4	3.950000E-6	0.000000E+0	0.000000E+0	1.964247E-4	2.976042E-9	0.000000E+0	0.000000E+0	9.979917E+0	0.000000E+0	0.000000E+0
24-Apr-25	13:02:36	-1.000000E-5	-1.500000E-4	8.112550E-1	3.608500E-5	-2.980000E-6	3.234000E-4	3.600000E-6	0.000000E+0	0.000000E+0	1.964247E-4	2.976042E-9	0.000000E+0	0.000000E+0	9.979646E+0	0.000000E+0	0.000000E+0
24-Apr-25	13:02:37	-1.000000E-5	-1.500000E-4	8.090400E-1	3.618500E-5	-2.960000E-6	3.233500E-4	3.400000E-6	0.000000E+0	0.000000E+0	1.964247E-4	2.976042E-9	0.000000E+0	0.000000E+0	9.979484E+0	0.000000E+0	0.000000E+0
24-Apr-25	13:02:38	-1.000000E-5	-1.500000E-4	8.066050E-1	3.607500E-5	-3.015000E-6	3.232000E-4	3.650000E-6	0.000000E+0	0.000000E+0	1.964247E-4	2.976042E-9	0.000000E+0	0.000000E+0	9.979125E+0	0.000000E+0	0.000000E+0
24-Apr-25	13:02:38	-1.000000E-5	-1.500000E-4	8.050250E-1	3.606500E-5	-2.945000E-6	3.236000E-4	3.700000E-6	0.000000E+0	0.000000E+0	1.964247E-4	2.976042E-9	0.000000E+0	0.000000E+0	9.978658E+0	0.000000E+0	0.000000E+0
24-Apr-25	13:02:39	-1.000000E-5	-1.500000E-4	8.034350E-1	3.609500E-5	-2.990000E-6	3.236500E-4	3.750000E-6	0.000000E+0	0.000000E+0	1.964247E-4	2.976042E-9	0.000000E+0	0.000000E+0	9.978001E+0	0.000000E+0	0.000000E+0
24-Apr-25	13:02:39	-1.000000E-5	-1.500000E-4	8.016950E-1	3.616500E-5	-2.940000E-6	3.235500E-4	3.400000E-6	0.000000E+0	0.000000E+0	1.964247E-4	2.976042E-9	0.000000E+0	0.000000E+0	9.977035E+0	0.000000E+0	0.000000E+0
24-Apr-25	13:02:40	-1.000000E-5	-1.500000E-4	7.999500E-1	3.609000E-5	-3.030000E-6	3.233500E-4	3.400000E-6	0.000000E+0	0.000000E+0	1.964247E-4	2.976042E-9	0.000000E+0	0.000000E+0	9.976096E+0	0.000000E+0	0.000000E+0
24-Apr-25	13:02:40	-1.000000E-5	-1.500000E-4	7.983650E-1	3.617500E-5	-2.930000E-6	3.233500E-4	4.000000E-6	0.000000E+0	0.000000E+0	1.964247E-4	2.976042E-9	0.000000E+0	0.000000E+0	9.975014E+0	0.000000E+0	0.000000E+0
24-Apr-25	13:02:41	-1.000000E-5	-1.500000E-4	7.963050E-1	3.616500E-5	-3.130000E-6	3.240000E-4	3.450000E-6	0.000000E+0	0.000000E+0	1.964247E-4	2.976042E-9	0.000000E+0	0.000000E+0	9.973428E+0	0.000000E+0	0.000000E+0
24-Apr-25	13:02:42	-1.000000E-5	-1.500000E-4	7.944050E-1	3.606000E-5	-2.945000E-6	3.233000E-4	3.600000E-6	0.000000E+0	0.000000E+0	1.964247E-4	2.976042E-9	0.000000E+0	0.000000E+0	9.972035E+0	0.000000E+0	0.000000E+0
24-Apr-25	13:02:42	-1.000000E-5	-1.500000E-4	7.928250E-1	3.599500E-5	-2.955000E-6	3.234000E-4	3.350000E-6	0.000000E+0	0.000000E+0	1.964247E-4	2.976042E-9	0.000000E+0	0.000000E+0	9.970884E+0	0.000000E+0	0.000000E+0
24-Apr-25	13:02:43	-1.000000E-5	-1.500000E-4	7.905450E-1	3.613500E-5	-2.930000E-6	3.241000E-4	3.700000E-6	0.000000E+0	0.000000E+0	1.964247E-4	2.976042E-9	0.000000E+0	0.000000E+0	9.969004E+0	0.000000E+0	0.000000E+0
24-Apr-25	13:02:43	-1.000000E-5	-1.500000E-4	7.889650E-1	3.611500E-5	-2.960000E-6	3.236500E-4	3.650000E-6	0.000000E+0	0.000000E+0	1.964247E-4	2.976042E-9	0.000000E+0	0.000000E+0	9.967612E+0	0.000000E+0	0.000000E+0
24-Apr-25	13:02:44	-1.000000E-5	-1.500000E-4	7.873750E-1	3.600500E-5	-2.885000E-6	3.236000E-4	3.850000E-6	0.000000E+0	0.000000E+0	1.964247E-4	2.976042E-9	0.000000E+0	0.000000E+0	9.966017E+0	0.000000E+0	0.000000E+0
24-Apr-25	13:02:44	-1.000000E-5	-1.500000E-4	7.857850E-1	3.601000E-5	-2.875000E-6	3.232500E-4	4.100000E-6	0.000000E+0	0.000000E+0	1.964247E-4	2.976042E-9	0.000000E+0	0.000000E+0	9.964256E+0	0.000000E+0	0.000000E+0
24-Apr-25	13:02:45	-1.000000E-5	-1.500000E-4	7.841050E-1	3.597000E-5	-2.880000E-6	3.236000E-4	3.850000E-6	0.000000E+0	0.000000E+0	1.964247E-4	2.976042E-9	0.000000E+0	0.000000E+0	9.961992E+0	0.000000E+0	0.000000E+0
24-Apr-25	13:02:46	-1.000000E-5	-1.500000E-4	7.824900E-1	3.624500E-5	-3.110000E-6	3.234500E-4	3.850000E-6	0.000000E+0	0.000000E+0	1.964247E-4	2.976042E-9	0.000000E+0	0.000000E+0	9.960143E+0	0.000000E+0	0.000000E+0
24-Apr-25	13:02:46	-1.000000E-5	-1.500000E-4	7.802450E-1	3.625000E-5	-2.825000E-6	3.232000E-4	3.750000E-6	0.000000E+0	0.000000E+0	1.964247E-4	2.976042E-9	0.000000E+0	0.000000E+0	9.957947E+0	0.000000E+0	0.000000E+0
24-Apr-25	13:02:47	-1.000000E-5	-1.500000E-4	7.786650E-1	3.609500E-5	-2.935000E-6	3.236000E-4	3.600000E-6	0.000000E+0	0.000000E+0	1.964247E-4	2.976042E-9	0.000000E+0	0.000000E+0	9.956304E+0	0.000000E+0	0.000000E+0
24-Apr-25	13:02:47	-1.000000E-5	-1.500000E-4	7.770750E-1	3.609000E-5	-3.055000E-6	3.240500E-4	3.950000E-6	0.000000E+0	0.000000E+0	1.964247E-4	2.976042E-9	0.000000E+0	0.000000E+0	9.955560E+0	0.000000E+0	0.000000E+0
24-Apr-25	13:02:48	-1.000000E-5	-1.500000E-4	7.754900E-1	3.607500E-5	-3.090000E-6	3.234500E-4	3.750000E-6	0.000000E+0	0.000000E+0	1.964247E-4	2.976042E-9	0.000000E+0	0.000000E+0	9.955323E+0	0.000000E+0	0.000000E+0
24-Apr-25	13:02:48	-1.000000E-5	-1.500000E-4	7.737450E-1	3.621500E-5	-3.015000E-6	3.235000E-4	4.100000E-6	0.000000E+0	0.000000E+0	1.964247E-4	2.976042E-9	0.000000E+0	0.000000E+0	9.955666E+0	0.000000E+0	0.000000E+0
24-Apr-25	13:02:49	-1.000000E-5	-1.500000E-4	7.720050E-1	3.625000E-5	-3.015000E-6	3.234500E-4	3.500000E-6	0.000000E+0	0.000000E+0	1.964247E-4	2.976042E-9	0.000000E+0	0.000000E+0	9.956404E+0	0.000000E+0	0.000000E+0
24-Apr-25	13:02:49	-1.000000E-5	-1.500000E-4	7.704150E-1	3.634500E-5	-2.855000E-6	3.234500E-4	3.900000E-6	0.000000E+0	0.000000E+0	1.964247E-4	2.976042E-9	0.000000E+0	0.000000E+0	9.957346E+0	0.000000E+0	0.000000E+0
24-Apr-25	13:02:50	-1.000000E-5	-1.500000E-4	7.686750E-1	3.611000E-5	-2.885000E-6	3.236000E-4	3.450000E-6	0.000000E+0	0.000000E+0	1.964247E-4	2.976042E-9	0.000000E+0	0.000000E+0	9.958414E+0	0.000000E+0	0.000000E+0
24-Apr-25	13:02:50	-1.000000E-5	-1.500000E-4	7.670900E-1	3.600500E-5	-3.105000E-6	3.234000E-4	4.050000E-6	0.000000E+0	0.000000E+0	1.964247E-4	2.976042E-9	0.000000E+0	0.000000E+0	9.958938E+0	0.000000E+0	0.000000E+0
24-Apr-25	13:02:51	-1.000000E-5	-1.500000E-4	7.655050E-1	3.598500E-5	-2.995000E-6	3.235500E-4	3.650000E-6	0.000000E+0	0.000000E+0	1.964247E-4	2.976042E-9	0.000000E+0	0.000000E+0	9.959114E+0	0.000000E+0	0.000000E+0
24-Apr-25	13:02:51	-1.000000E-5	-1.500000E-4	7.637600E-1	3.606500E-5	-2.925000E-6	3.236000E-4	3.700000E-6	0.000000E+0	0.000000E+0	1.964247E-4	2.976042E-9	0.000000E+0	0.000000E+0	9.958740E+0	0.000000E+0	0.000000E+0
24-Apr-25	13:02:52	-1.000000E-5	-1.500000E-4	7.621750E-1	3.603000E-5	-2.960000E-6	3.237500E-4	3.550000E-6	0.000000E+0	0.000000E+0	1.964247E-4	2.976042E-9	0.000000E+0	0.000000E+0	9.957961E+0	0.000000E+0	0.000000E+0
24-Apr-25	13:02:52	-1.000000E-5	-1.500000E-4	7.605900E-1	3.595500E-5	-2.970000E-6	3.231000E-4	3.700000E-6	0.000000E+0	0.000000E+0	1.964247E-4	2.976042E-9	0.000000E+0	0.000000E+0	9.956806E+0	0.000000E+0	0.000000E+0
24-Apr-25	13:02:53	-1.000000E-5	-1.500000E-4	7.590050E-1	3.614000E-5	-2.910000E-6	3.237500E-4	4.100000E-6	0.000000E+0	0.000000E+0	1.964247E-4	2.976042E-9	0.000000E+0	0.000000E+0	9.955307E+0	0.000000E+0	0.000000E+0
24-Apr-25	13:02:53	-1.000000E-5	-1.500000E-4	7.574200E-1	3.608500E-5	-2.855000E-6	3.239000E-4	3.900000E-6	0.000000E+0	0.000000E+0	1.964247E-4	2.976042E-9	0.000000E+0	0.000000E+0	9.953568E+0	0.000000E+0	0.000000E+0
24-Apr-25	13:02:54	-1.000000E-5	-1.500000E-4	7.558350E-1	3.606000E-5	-3.035000E-6	3.234500E-4	3.650000E-6	0.000000E+0	0.000000E+0	1.964247E-4	2.976042E-9	0.000000E+0	0.000000E+0	9.951635E+0	0.000000E+0	0.000000E+0
24-Apr-25	13:02:54	-1.000000E-5	-1.500000E-4	7.542500E-1	3.608500E-5	-3.020000E-6	3.235000E-4	3.650000E-6	0.000000E+0	0.000000E+0	1.964247E-4	2.976042E-9	0.000000E+0	0.000000E+0	9.949179E+0	0.000000E+0	0.000000E+0
24-Apr-25	13:02:55	-1.000000E-5	-1.500000E-4	7.526650E-1	3.624000E-5	-2.900000E-6	3.234000E-4	3.700000E-6	0.000000E+0	0.000000E+0	1.964247E-4	2.976042E-9	0.000000E+0	0.000000E+0	9.947348E+0	0.000000E+0	0.000000E+0
24-Apr-25	13:02:55	-1.000000E-5	-1.500000E-4	7.509200E-1	3.606000E-5	-3.000000E-6	3.236500E-4	3.500000E-6	0.000000E+0	0.000000E+0	1.964247E-4	2.976042E-9	0.000000E+0	0.000000E+0	9.945815E+0	0.000000E+0	0.000000E+0
24-Apr-25	13:02:56	-1.000000E-5	-1.500000E-4	7.486550E-1	3.606500E-5	-2.850000E-6	3.236500E-4	3.700000E-6	0.000000E+0	0.000000E+0	1.964247E-4	2.976042E-9	0.000000E+0	0.000000E+0	9.944110E+0	0.000000E+0	0.000000E+0
24-Apr-25	13:02:57	-1.000000E-5	-1.500000E-4	7.470900E-1	3.603000E-5	-2.915000E-6	3.239000E-4	3.550000E-6	0.000000E+0	0.000000E+0	1.964247E-4	2.976042E-9	0.000000E+0	0.000000E+0	9.943297E+0	0.000000E+0	0.000000E+0
24-Apr-25	13:02:57	-1.000000E-5	-1.500000E-4	7.446850E-1	3.597500E-5	-2.925000E-6	3.235500E-4	3.950000E-6	0.000000E+0	0.000000E+0	1.964247E-4	2.976042E-9	0.000000E+0	0.000000E+0	9.942045E+0	0.000000E+0	0.000000E+0
24-Apr-25	13:02:58	-1.000000E-5	-1.500000E-4	7.429450E-1	3.602500E-5	-2.930000E-6	3.239000E-4	4.050000E-6	0.000000E+0	0.000000E+0	1.964247E-4	2.976042E-9	0.000000E+0	0.000000E+0	9.941287E+0	0.000000E+0	0.000000E+0
24-Apr-25	13:02:59	-1.000000E-5	-1.500000E-4	7.406750E-1	3.604500E-5	-2.930000E-6	3.232500E-4	4.250000E-6	0.000000E+0	0.000000E+0	1.964247E-4	2.976042E-9	0.000000E+0	0.000000E+0	9.939842E+0	0.000000E+0	0.000000E+0
24-Apr-25	13:02:59	-1.000000E-5	-1.500000E-4	7.390850E-1	3.603000E-5	-2.820000E-6	3.233500E-4	3.250000E-6	0.000000E+0	0.000000E+0	1.964247E-4	2.976042E-9	0.000000E+0	0.000000E+0	9.938747E+0	0.000000E+0	0.000000E+0
24-Apr-25	13:03:00	-1.000000E-5	-1.500000E-4	7.375000E-1	3.605500E-5	-2.810000E-6	3.235000E-4	3.950000E-6	0.000000E+0	0.000000E+0	1.964247E-4	2.976042E-9	0.000000E+0	0.000000E+0	9.937664E+0	0.000000E+0	0.000000E+0
24-Apr-25	13:03:00	-1.000000E-5	-1.500000E-4	7.357550E-1	3.611500E-5	-2.840000E-6	3.234500E-4	3.800000E-6	0.000000E+0	0.000000E+0	1.964247E-4	2.976042E-9	0.000000E+0	0.000000E+0	9.936528E+0	0.000000E+0	0.000000E+0
24-Apr-25	13:03:01	-1.000000E-5	-1.500000E-4	7.341750E-1	3.605000E-5	-2.975000E-6	3.230000E-4	3.550000E-6	0.000000E+0	0.000000E+0	1.964247E-4	2.976042E-9	0.000000E+0	0.000000E+0	9.935860E+0	0.000000E+0	0.000000E+0
24-Apr-25	13:03:01	-1.000000E-5	-1.500000E-4	7.324300E-1	3.599500E-5	-3.120000E-6	3.239000E-4	3.400000E-6	0.000000E+0	0.000000E+0	1.964247E-4	2.976042E-9	0.000000E+0	0.000000E+0	9.935368E+0	0.000000E+0	0.000000E+0
24-Apr-25	13:03:02	-1.000000E-5	-1.500000E-4	7.302100E-1	3.601500E-5	-2.975000E-6	3.236000E-4	3.950000E-6	0.000000E+0	0.000000E+0	1.964247E-4	2.976042E-9	0.000000E+0	0.000000E+0	9.935198E+0	0.000000E+0	0.000000E+0
24-Apr-25	13:03:03	-1.000000E-5	-1.500000E-4	7.283050E-1	3.605500E-5	-3.040000E-6	3.237500E-4	4.100000E-6	0.000000E+0	0.000000E+0	1.964247E-4	2.976042E-9	0.000000E+0	0.000000E+0	9.935219E+0	0.000000E+0	0.000000E+0
24-Apr-25	13:03:03	-1.000000E-5	-1.500000E-4	7.267250E-1	3.612500E-5	-3.075000E-6	3.235000E-4	3.500000E-6	0.000000E+0	0.000000E+0	1.964247E-4	2.976042E-9	0.000000E+0	0.000000E+0	9.935243E+0	0.000000E+0	0.000000E+0
24-Apr-25	13:03:04	-1.000000E-5	-1.500000E-4	7.251350E-1	3.626500E-5	-2.785000E-6	3.232000E-4	3.750000E-6	0.000000E+0	0.000000E+0	1.964247E-4	2.976042E-9	0.000000E+0	0.000000E+0	9.935080E+0	0.000000E+0	0.000000E+0
24-Apr-25	13:03:04	-1.000000E-5	-1.500000E-4	7.235550E-1	3.607000E-5	-2.835000E-6	3.239000E-4	4.050000E-6	0.000000E+0	0.000000E+0	1.964247E-4	2.976042E-9	0.000000E+0	0.000000E+0	9.934693E+0	0.000000E+0	0.000000E+0
24-Apr-25	13:03:05	-1.000000E-5	-1.500000E-4	7.214900E-1	3.606000E-5	-3.105000E-6	3.232500E-4	3.700000E-6	0.000000E+0	0.000000E+0	1.964247E-4	2.976042E-9	0.000000E+0	0.000000E+0	9.933819E+0	0.000000E+0	0.000000E+0
24-Apr-25	13:03:05	-1.000000E-5	-1.500000E-4	7.197200E-1	3.601500E-5	-3.030000E-6	3.237500E-4	4.400000E-6	0.000000E+0	0.000000E+0	1.964247E-4	2.976042E-9	0.000000E+0	0.000000E+0	9.932419E+0	0.000000E+0	0.000000E+0
24-Apr-25	13:03:06	-1.000000E-5	-1.500000E-4	7.179800E-1	3.593500E-5	-2.900000E-6	3.240500E-4	3.500000E-6	0.000000E+0	0.000000E+0	1.964247E-4	2.976042E-9	0.000000E+0	0.000000E+0	9.930957E+0	0.000000E+0	0.000000E+0
24-Apr-25	13:03:06	-1.000000E-5	-1.500000E-4	7.164200E-1	3.584000E-5	-3.020000E-6	3.236500E-4	3.550000E-6	0.000000E+0	0.000000E+0	1.964247E-4	2.976042E-9	0.000000E+0	0.000000E+0	9.929276E+0	0.000000E+0	0.000000E+0
24-Apr-25	13:03:07	-1.000000E-5	-1.500000E-4	7.148350E-1	3.609500E-5	-3.100000E-6	3.237500E-4	3.700000E-6	0.000000E+0	0.000000E+0	1.964247E-4	2.976042E-9	0.000000E+0	0.000000E+0	9.926965E+0	0.000000E+0	0.000000E+0
24-Apr-25	13:03:07	-1.000000E-5	-1.500000E-4	7.132550E-1	3.606500E-5	-3.105000E-6	3.234500E-4	3.550000E-6	0.000000E+0	0.000000E+0	1.964247E-4	2.976042E-9	0.000000E+0	0.000000E+0	9.924948E+0	0.000000E+0	0.000000E+0
24-Apr-25	13:03:08	-1.000000E-5	-1.500000E-4	7.115050E-1	3.605500E-5	-3.115000E-6	3.234500E-4	3.600000E-6	0.000000E+0	0.000000E+0	1.964247E-4	2.976042E-9	0.000000E+0	0.000000E+0	9.922898E+0	0.000000E+0	0.000000E+0
24-Apr-25	13:03:08	-1.000000E-5	-1.500000E-4	7.099200E-1	3.606500E-5	-3.035000E-6	3.231500E-4	3.650000E-6	0.000000E+0	0.000000E+0	1.964247E-4	2.976042E-9	0.000000E+0	0.000000E+0	9.920830E+0	0.000000E+0	0.000000E+0
24-Apr-25	13:03:09	-1.000000E-5	-1.500000E-4	7.078100E-1	3.615500E-5	-2.965000E-6	3.240000E-4	3.450000E-6	0.000000E+0	0.000000E+0	1.964247E-4	2.976042E-9	0.000000E+0	0.000000E+0	9.917417E+0	0.000000E+0	0.000000E+0
24-Apr-25	13:03:09	-1.000000E-5	-1.500000E-4	7.062250E-1	3.615000E-5	-2.760000E-6	3.230500E-4	3.500000E-6	0.000000E+0	0.000000E+0	1.964247E-4	2.976042E-9	0.000000E+0	0.000000E+0	9.914904E+0	0.000000E+0	0.000000E+0
24-Apr-25	13:03:10	-1.000000E-5	-1.500000E-4	7.044750E-1	3.601500E-5	-2.970000E-6	3.235000E-4	3.800000E-6	0.000000E+0	0.000000E+0	1.964247E-4	2.976042E-9	0.000000E+0	0.000000E+0	9.911595E+0	0.000000E+0	0.000000E+0
24-Apr-25	13:03:11	-1.000000E-5	-1.500000E-4	7.027350E-1	3.620000E-5	-3.155000E-6	3.240500E-4	4.350000E-6	0.000000E+0	0.000000E+0	1.964247E-4	2.976042E-9	0.000000E+0	0.000000E+0	9.908847E+0	0.000000E+0	0.000000E+0
24-Apr-25	13:03:11	-1.000000E-5	-1.500000E-4	7.009900E-1	3.615000E-5	-2.940000E-6	3.231500E-4	3.800000E-6	0.000000E+0	0.000000E+0	1.964247E-4	2.976042E-9	0.000000E+0	0.000000E+0	9.905492E+0	0.000000E+0	0.000000E+0
24-Apr-25	13:03:12	-1.000000E-5	-1.500000E-4	6.990900E-1	3.607000E-5	-2.900000E-6	3.236500E-4	3.700000E-6	0.000000E+0	0.000000E+0	1.964247E-4	2.976042E-9	0.000000E+0	0.000000E+0	9.902551E+0	0.000000E+0	0.000000E+0
24-Apr-25	13:03:12	-1.000000E-5	-1.500000E-4	6.968150E-1	3.610500E-5	-2.870000E-6	3.234000E-4	3.850000E-6	0.000000E+0	0.000000E+0	1.964247E-4	2.976042E-9	0.000000E+0	0.000000E+0	9.899855E+0	0.000000E+0	0.000000E+0
24-Apr-25	13:03:13	-1.000000E-5	-1.500000E-4	6.946000E-1	3.621500E-5	-2.915000E-6	3.235000E-4	3.600000E-6	0.000000E+0	0.000000E+0	1.964247E-4	2.976042E-9	0.000000E+0	0.000000E+0	9.897790E+0	0.000000E+0	0.000000E+0
24-Apr-25	13:03:14	-1.000000E-5	-1.500000E-4	6.920650E-1	3.607500E-5	-2.805000E-6	3.234500E-4	3.450000E-6	0.000000E+0	0.000000E+0	1.964247E-4	2.976042E-9	0.000000E+0	0.000000E+0	9.895790E+0	0.000000E+0	0.000000E+0
24-Apr-25	13:03:15	-1.000000E-5	-1.500000E-4	6.901350E-1	3.608000E-5	-3.070000E-6	3.237500E-4	3.700000E-6	0.000000E+0	0.000000E+0	1.964247E-4	2.976042E-9	0.000000E+0	0.000000E+0	9.894617E+0	0.000000E+0	0.000000E+0
24-Apr-25	13:03:15	-1.000000E-5	-1.500000E-4	6.885250E-1	3.612000E-5	-2.960000E-6	3.234000E-4	3.950000E-6	0.000000E+0	0.000000E+0	1.964247E-4	2.976042E-9	0.000000E+0	0.000000E+0	9.893445E+0	0.000000E+0	0.000000E+0
24-Apr-25	13:03:16	-1.000000E-5	-1.500000E-4	6.869350E-1	3.610500E-5	-3.000000E-6	3.239000E-4	3.650000E-6	0.000000E+0	0.000000E+0	1.964247E-4	2.976042E-9	0.000000E+0	0.000000E+0	9.892165E+0	0.000000E+0	0.000000E+0
24-Apr-25	13:03:16	-1.000000E-5	-1.500000E-4	6.853500E-1	3.592000E-5	-3.125000E-6	3.236000E-4	3.500000E-6	0.000000E+0	0.000000E+0	1.964247E-4	2.976042E-9	0.000000E+0	0.000000E+0	9.890820E+0	0.000000E+0	0.000000E+0
24-Apr-25	13:03:17	-1.000000E-5	-1.500000E-4	6.834500E-1	3.615000E-5	-3.090000E-6	3.232000E-4	4.300000E-6	0.000000E+0	0.000000E+0	1.964247E-4	2.976042E-9	0.000000E+0	0.000000E+0	9.884875E+0	0.000000E+0	0.000000E+0
24-Apr-25	13:03:17	-1.000000E-5	-1.500000E-4	6.812350E-1	3.608000E-5	-2.845000E-6	3.235500E-4	3.850000E-6	0.000000E+0	0.000000E+0	1.964247E-4	2.976042E-9	0.000000E+0	0.000000E+0	9.862723E+0	0.000000E+0	0.000000E+0
24-Apr-25	13:03:18	-1.000000E-5	-1.500000E-4	6.796500E-1	3.599500E-5	-2.825000E-6	3.234500E-4	3.650000E-6	0.000000E+0	0.000000E+0	1.964247E-4	2.976042E-9	0.000000E+0	0.000000E+0	9.750157E+0	0.000000E+0	0.000000E+0
24-Apr-25	13:03:19	-1.000000E-5	-1.500000E-4	6.773750E-1	3.602000E-5	-2.975000E-6	3.234500E-4	3.650000E-6	0.000000E+0	0.000000E+0	1.964247E-4	2.976042E-9	0.000000E+0	0.000000E+0	9.750210E+0	0.000000E+0	0.000000E+0
24-Apr-25	13:03:19	-1.000000E-5	-1.500000E-4	6.757950E-1	3.612500E-5	-2.870000E-6	3.230000E-4	4.450000E-6	0.000000E+0	0.000000E+0	1.964247E-4	2.976042E-9	0.000000E+0	0.000000E+0	9.750318E+0	0.000000E+0	0.000000E+0
24-Apr-25	13:03:20	-1.000000E-5	-1.500000E-4	6.742050E-1	3.607000E-5	-2.875000E-6	3.234500E-4	3.950000E-6	0.000000E+0	0.000000E+0	1.964247E-4	2.976042E-9	0.000000E+0	0.000000E+0	9.754655E+0	0.000000E+0	0.000000E+0
24-Apr-25	13:03:20	-1.000000E-5	-1.500000E-4	6.726250E-1	3.619000E-5	-3.085000E-6	3.234500E-4	3.800000E-6	0.000000E+0	0.000000E+0	1.964247E-4	2.976042E-9	0.000000E+0	0.000000E+0	9.768465E+0	0.000000E+0	0.000000E+0
24-Apr-25	13:03:21	-1.000000E-5	-1.500000E-4	6.704000E-1	3.616000E-5	-3.030000E-6	3.230500E-4	4.050000E-6	0.000000E+0	0.000000E+0	1.964247E-4	2.976042E-9	0.000000E+0	0.000000E+0	9.786310E+0	0.000000E+0	0.000000E+0
24-Apr-25	13:03:22	-1.000000E-5	-1.500000E-4	6.678350E-1	3.605500E-5	-3.045000E-6	3.238000E-4	3.800000E-6	0.000000E+0	0.000000E+0	1.964247E-4	2.976042E-9	0.000000E+0	0.000000E+0	9.802732E+0	0.000000E+0	0.000000E+0
24-Apr-25	13:03:22	-1.000000E-5	-1.500000E-4	6.655950E-1	3.605000E-5	-3.055000E-6	3.234500E-4	4.450000E-6	0.000000E+0	0.000000E+0	1.964247E-4	2.976042E-9	0.000000E+0	0.000000E+0	9.812227E+0	0.000000E+0	0.000000E+0
24-Apr-25	13:03:23	-1.000000E-5	-1.500000E-4	6.640050E-1	3.623000E-5	-3.170000E-6	3.234500E-4	3.650000E-6	0.000000E+0	0.000000E+0	1.964247E-4	2.976042E-9	0.000000E+0	0.000000E+0	9.818718E+0	0.000000E+0	0.000000E+0
24-Apr-25	13:03:23	-1.000000E-5	-1.500000E-4	6.624250E-1	3.604000E-5	-3.045000E-6	3.241500E-4	3.500000E-6	0.000000E+0	0.000000E+0	1.964247E-4	2.976042E-9	0.000000E+0	0.000000E+0	9.824461E+0	0.000000E+0	0.000000E+0
24-Apr-25	13:03:24	-1.000000E-5	-1.500000E-4	6.605200E-1	3.603500E-5	-2.820000E-6	3.237000E-4	3.750000E-6	0.000000E+0	0.000000E+0	1.964247E-4	2.976042E-9	0.000000E+0	0.000000E+0	9.830733E+0	0.000000E+0	0.000000E+0
24-Apr-25	13:03:24	-1.000000E-5	-1.500000E-4	6.589350E-1	3.595000E-5	-2.870000E-6	3.240000E-4	3.800000E-6	0.000000E+0	0.000000E+0	1.964247E-4	2.976042E-9	0.000000E+0	0.000000E+0	9.835949E+0	0.000000E+0	0.000000E+0
24-Apr-25	13:03:25	-1.000000E-5	-1.500000E-4	6.573500E-1	3.600000E-5	-3.190000E-6	3.234500E-4	3.550000E-6	0.000000E+0	0.000000E+0	1.964247E-4	2.976042E-9	0.000000E+0	0.000000E+0	9.839507E+0	0.000000E+0	0.000000E+0
24-Apr-25	13:03:26	-1.000000E-5	-1.500000E-4	6.554450E-1	3.612500E-5	-2.860000E-6	3.234000E-4	4.000000E-6	0.000000E+0	0.000000E+0	1.964247E-4	2.976042E-9	0.000000E+0	0.000000E+0	9.843217E+0	0.000000E+0	0.000000E+0
24-Apr-25	13:03:26	-1.000000E-5	-1.500000E-4	6.538650E-1	3.613500E-5	-2.875000E-6	3.239000E-4	3.900000E-6	0.000000E+0	0.000000E+0	1.964247E-4	2.976042E-9	0.000000E+0	0.000000E+0	9.845632E+0	0.000000E+0	0.000000E+0
24-Apr-25	13:03:27	-1.000000E-5	-1.500000E-4	6.522250E-1	3.617000E-5	-3.025000E-6	3.238000E-4	3.550000E-6	0.000000E+0	0.000000E+0	1.964247E-4	2.976042E-9	0.000000E+0	0.000000E+0	9.847646E+0	0.000000E+0	0.000000E+0
24-Apr-25	13:03:27	-1.000000E-5	-1.500000E-4	6.506650E-1	3.612000E-5	-3.040000E-6	3.236000E-4	3.850000E-6	0.000000E+0	0.000000E+0	1.964247E-4	2.976042E-9	0.000000E+0	0.000000E+0	9.849454E+0	0.000000E+0	0.000000E+0
24-Apr-25	13:03:28	-1.000000E-5	-1.500000E-4	6.490550E-1	3.609000E-5	-2.875000E-6	3.240000E-4	3.550000E-6	0.000000E+0	0.000000E+0	1.964247E-4	2.976042E-9	0.000000E+0	0.000000E+0	9.851026E+0	0.000000E+0	0.000000E+0
24-Apr-25	13:03:28	-1.000000E-5	-1.500000E-4	6.470000E-1	3.612500E-5	-2.850000E-6	3.233500E-4	3.800000E-6	0.000000E+0	0.000000E+0	1.964247E-4	2.976042E-9	0.000000E+0	0.000000E+0	9.852715E+0	0.000000E+0	0.000000E+0
24-Apr-25	13:03:29	-1.000000E-5	-1.500000E-4	6.452550E-1	3.612000E-5	-2.930000E-6	3.239000E-4	3.550000E-6	0.000000E+0	0.000000E+0	1.964247E-4	2.976042E-9	0.000000E+0	0.000000E+0	9.853449E+0	0.000000E+0	0.000000E+0
24-Apr-25	13:03:29	-1.000000E-5	-1.500000E-4	6.431950E-1	3.611000E-5	-2.890000E-6	3.236000E-4	3.950000E-6	0.000000E+0	0.000000E+0	1.964247E-4	2.976042E-9	0.000000E+0	0.000000E+0	9.854055E+0	0.000000E+0	0.000000E+0
24-Apr-25	13:03:30	-1.000000E-5	-1.500000E-4	6.416100E-1	3.612500E-5	-2.865000E-6	3.238000E-4	3.500000E-6	0.000000E+0	0.000000E+0	1.964247E-4	2.976042E-9	0.000000E+0	0.000000E+0	9.854205E+0	0.000000E+0	0.000000E+0
24-Apr-25	13:03:30	-1.000000E-5	-1.500000E-4	6.400250E-1	3.598000E-5	-2.950000E-6	3.236000E-4	4.100000E-6	0.000000E+0	0.000000E+0	1.964247E-4	2.976042E-9	0.000000E+0	0.000000E+0	9.854300E+0	0.000000E+0	0.000000E+0
24-Apr-25	13:03:31	-1.000000E-5	-1.500000E-4	6.384350E-1	3.595500E-5	-3.025000E-6	3.240000E-4	3.500000E-6	0.000000E+0	0.000000E+0	1.964247E-4	2.976042E-9	0.000000E+0	0.000000E+0	9.854531E+0	0.000000E+0	0.000000E+0
24-Apr-25	13:03:32	-1.000000E-5	-1.500000E-4	6.363500E-1	3.631500E-5	-3.065000E-6	3.239000E-4	4.200000E-6	0.000000E+0	0.000000E+0	1.964247E-4	2.976042E-9	0.000000E+0	0.000000E+0	9.855175E+0	0.000000E+0	0.000000E+0
24-Apr-25	13:03:32	-1.000000E-5	-1.500000E-4	6.344200E-1	3.624000E-5	-3.055000E-6	3.238000E-4	3.550000E-6	0.000000E+0	0.000000E+0	1.964247E-4	2.976042E-9	0.000000E+0	0.000000E+0	9.855896E+0	0.000000E+0	0.000000E+0
24-Apr-25	13:03:33	-1.000000E-5	-1.500000E-4	6.328350E-1	3.599000E-5	-3.090000E-6	3.235000E-4	4.300000E-6	0.000000E+0	0.000000E+0	1.964247E-4	2.976042E-9	0.000000E+0	0.000000E+0	9.856568E+0	0.000000E+0	0.000000E+0
24-Apr-25	13:03:33	-1.000000E-5	-1.500000E-4	6.310700E-1	3.610000E-5	-3.090000E-6	3.237500E-4	3.300000E-6	0.000000E+0	0.000000E+0	1.964247E-4	2.976042E-9	0.000000E+0	0.000000E+0	9.857352E+0	0.000000E+0	0.000000E+0
24-Apr-25	13:03:34	-1.000000E-5	-1.500000E-4	6.294550E-1	3.591500E-5	-2.915000E-6	3.238000E-4	3.400000E-6	0.000000E+0	0.000000E+0	1.964247E-4	2.976042E-9	0.000000E+0	0.000000E+0	9.858210E+0	0.000000E+0	0.000000E+0
24-Apr-25	13:03:34	-1.000000E-5	-1.500000E-4	6.278750E-1	3.603500E-5	-2.830000E-6	3.237000E-4	3.800000E-6	0.000000E+0	0.000000E+0	1.964247E-4	2.976042E-9	0.000000E+0	0.000000E+0	9.858978E+0	0.000000E+0	0.000000E+0
24-Apr-25	13:03:35	-1.000000E-5	-1.500000E-4	6.262850E-1	3.615500E-5	-3.060000E-6	3.236000E-4	3.800000E-6	0.000000E+0	0.000000E+0	1.964247E-4	2.976042E-9	0.000000E+0	0.000000E+0	9.859753E+0	0.000000E+0	0.000000E+0
24-Apr-25	13:03:35	-1.000000E-5	-1.500000E-4	6.247000E-1	3.605000E-5	-3.110000E-6	3.234000E-4	3.800000E-6	0.000000E+0	0.000000E+0	1.964247E-4	2.976042E-9	0.000000E+0	0.000000E+0	9.860519E+0	0.000000E+0	0.000000E+0
24-Apr-25	13:03:36	-1.000000E-5	-1.500000E-4	6.231150E-1	3.604500E-5	-2.880000E-6	3.239000E-4	3.650000E-6	0.000000E+0	0.000000E+0	1.964247E-4	2.976042E-9	0.000000E+0	0.000000E+0	9.861202E+0	0.000000E+0	0.000000E+0
24-Apr-25	13:03:36	-1.000000E-5	-1.500000E-4	6.215600E-1	3.599000E-5	-2.915000E-6	3.240000E-4	4.150000E-6	0.000000E+0	0.000000E+0	1.964247E-4	2.976042E-9	0.000000E+0	0.000000E+0	9.861713E+0	0.000000E+0	0.000000E+0
24-Apr-25	13:03:37	-1.000000E-5	-1.500000E-4	6.198400E-1	3.591500E-5	-2.990000E-6	3.234000E-4	3.500000E-6	0.000000E+0	0.000000E+0	1.964247E-4	2.976042E-9	0.000000E+0	0.000000E+0	9.862141E+0	0.000000E+0	0.000000E+0
24-Apr-25	13:03:37	-1.000000E-5	-1.500000E-4	6.182550E-1	3.609000E-5	-3.075000E-6	3.236500E-4	3.450000E-6	0.000000E+0	0.000000E+0	1.964247E-4	2.976042E-9	0.000000E+0	0.000000E+0	9.862313E+0	0.000000E+0	0.000000E+0
24-Apr-25	13:03:38	-1.000000E-5	-1.500000E-4	6.166650E-1	3.604500E-5	-2.955000E-6	3.234500E-4	3.550000E-6	0.000000E+0	0.000000E+0	1.964247E-4	2.976042E-9	0.000000E+0	0.000000E+0	9.862512E+0	0.000000E+0	0.000000E+0
24-Apr-25	13:03:39	-1.000000E-5	-1.500000E-4	6.144300E-1	3.615000E-5	-2.975000E-6	3.234000E-4	3.450000E-6	0.000000E+0	0.000000E+0	1.964247E-4	2.976042E-9	0.000000E+0	0.000000E+0	9.862792E+0	0.000000E+0	0.000000E+0
24-Apr-25	13:03:39	-1.000000E-5	-1.500000E-4	6.124950E-1	3.610500E-5	-2.955000E-6	3.237500E-4	3.500000E-6	0.000000E+0	0.000000E+0	1.964247E-4	2.976042E-9	0.000000E+0	0.000000E+0	9.862918E+0	0.000000E+0	0.000000E+0
24-Apr-25	13:03:40	-1.000000E-5	-1.500000E-4	6.109100E-1	3.609000E-5	-2.960000E-6	3.234500E-4	4.200000E-6	0.000000E+0	0.000000E+0	1.964247E-4	2.976042E-9	0.000000E+0	0.000000E+0	9.863011E+0	0.000000E+0	0.000000E+0
24-Apr-25	13:03:40	-1.000000E-5	-1.500000E-4	6.093250E-1	3.610500E-5	-3.040000E-6	3.236000E-4	4.100000E-6	0.000000E+0	0.000000E+0	1.964247E-4	2.976042E-9	0.000000E+0	0.000000E+0	9.863041E+0	0.000000E+0	0.000000E+0
24-Apr-25	13:03:41	-1.000000E-5	-1.500000E-4	6.072650E-1	3.621000E-5	-2.980000E-6	3.235500E-4	3.650000E-6	0.000000E+0	0.000000E+0	1.964247E-4	2.976042E-9	0.000000E+0	0.000000E+0	9.862667E+0	0.000000E+0	0.000000E+0
24-Apr-25	13:03:41	-1.000000E-5	-1.500000E-4	6.056800E-1	3.621000E-5	-3.050000E-6	3.233500E-4	3.650000E-6	0.000000E+0	0.000000E+0	1.964247E-4	2.976042E-9	0.000000E+0	0.000000E+0	9.862109E+0	0.000000E+0	0.000000E+0
24-Apr-25	13:03:42	-1.000000E-5	-1.500000E-4	6.040950E-1	3.597500E-5	-3.225000E-6	3.232000E-4	3.900000E-6	0.000000E+0	0.000000E+0	1.964247E-4	2.976042E-9	0.000000E+0	0.000000E+0	9.861367E+0	0.000000E+0	0.000000E+0
24-Apr-25	13:03:42	-1.000000E-5	-1.500000E-4	6.023500E-1	3.616500E-5	-3.115000E-6	3.234000E-4	3.850000E-6	0.000000E+0	0.000000E+0	1.964247E-4	2.976042E-9	0.000000E+0	0.000000E+0	9.860434E+0	0.000000E+0	0.000000E+0
24-Apr-25	13:03:43	-1.000000E-5	-1.500000E-4	6.000750E-1	3.626000E-5	-2.930000E-6	3.241000E-4	3.800000E-6	0.000000E+0	0.000000E+0	1.964247E-4	2.976042E-9	0.000000E+0	0.000000E+0	9.858732E+0	0.000000E+0	0.000000E+0
24-Apr-25	13:03:44	-1.000000E-5	-1.500000E-4	5.984900E-1	3.614000E-5	-2.890000E-6	3.234500E-4	3.850000E-6	0.000000E+0	0.000000E+0	1.964247E-4	2.976042E-9	0.000000E+0	0.000000E+0	9.857547E+0	0.000000E+0	0.000000E+0
24-Apr-25	13:03:44	-1.000000E-5	-1.500000E-4	5.969050E-1	3.620500E-5	-2.890000E-6	3.234000E-4	3.550000E-6	0.000000E+0	0.000000E+0	1.964247E-4	2.976042E-9	0.000000E+0	0.000000E+0	9.856204E+0	0.000000E+0	0.000000E+0
24-Apr-25	13:03:45	-1.000000E-5	-1.500000E-4	5.953250E-1	3.636000E-5	-2.850000E-6	3.232000E-4	3.350000E-6	0.000000E+0	0.000000E+0	1.964247E-4	2.976042E-9	0.000000E+0	0.000000E+0	9.855252E+0	0.000000E+0	0.000000E+0
24-Apr-25	13:03:45	-1.000000E-5	-1.500000E-4	5.935800E-1	3.616000E-5	-2.840000E-6	3.238000E-4	3.400000E-6	0.000000E+0	0.000000E+0	1.964247E-4	2.976042E-9	0.000000E+0	0.000000E+0	9.854276E+0	0.000000E+0	0.000000E+0
24-Apr-25	13:03:46	-1.000000E-5	-1.500000E-4	5.918350E-1	3.613000E-5	-3.000000E-6	3.237000E-4	3.550000E-6	0.000000E+0	0.000000E+0	1.964247E-4	2.976042E-9	0.000000E+0	0.000000E+0	9.853740E+0	0.000000E+0	0.000000E+0
24-Apr-25	13:03:46	-1.000000E-5	-1.500000E-4	5.902550E-1	3.619500E-5	-2.865000E-6	3.234000E-4	4.100000E-6	0.000000E+0	0.000000E+0	1.964247E-4	2.976042E-9	0.000000E+0	0.000000E+0	9.853255E+0	0.000000E+0	0.000000E+0
24-Apr-25	13:03:47	-1.000000E-5	-1.500000E-4	5.886650E-1	3.595000E-5	-3.015000E-6	3.233000E-4	3.950000E-6	0.000000E+0	0.000000E+0	1.964247E-4	2.976042E-9	0.000000E+0	0.000000E+0	9.852560E+0	0.000000E+0	0.000000E+0
24-Apr-25	13:03:47	-1.000000E-5	-1.500000E-4	5.864450E-1	3.598000E-5	-3.130000E-6	3.238500E-4	3.950000E-6	0.000000E+0	0.000000E+0	1.964247E-4	2.976042E-9	0.000000E+0	0.000000E+0	9.851037E+0	0.000000E+0	0.000000E+0
24-Apr-25	13:03:48	-1.000000E-5	-1.500000E-4	5.840150E-1	3.601500E-5	-2.970000E-6	3.234000E-4	3.950000E-6	0.000000E+0	0.000000E+0	1.964247E-4	2.976042E-9	0.000000E+0	0.000000E+0	9.848832E+0	0.000000E+0	0.000000E+0
24-Apr-25	13:03:49	-1.000000E-5	-1.500000E-4	5.824300E-1	3.611000E-5	-2.895000E-6	3.236500E-4	3.650000E-6	0.000000E+0	0.000000E+0	1.964247E-4	2.976042E-9	0.000000E+0	0.000000E+0	9.846951E+0	0.000000E+0	0.000000E+0
24-Apr-25	13:03:49	-1.000000E-5	-1.500000E-4	5.808500E-1	3.592000E-5	-2.910000E-6	3.236000E-4	3.850000E-6	0.000000E+0	0.000000E+0	1.964247E-4	2.976042E-9	0.000000E+0	0.000000E+0	9.844403E+0	0.000000E+0	0.000000E+0
24-Apr-25	13:03:50	-1.000000E-5	-1.500000E-4	5.791050E-1	3.601000E-5	-2.790000E-6	3.238000E-4	3.500000E-6	0.000000E+0	0.000000E+0	1.964247E-4	2.976042E-9	0.000000E+0	0.000000E+0	9.842621E+0	0.000000E+0	0.000000E+0
24-Apr-25	13:03:50	-1.000000E-5	-1.500000E-4	5.775200E-1	3.610500E-5	-2.955000E-6	3.234000E-4	3.650000E-6	0.000000E+0	0.000000E+0	1.964247E-4	2.976042E-9	0.000000E+0	0.000000E+0	9.841198E+0	0.000000E+0	0.000000E+0
24-Apr-25	13:03:51	-1.000000E-5	-1.500000E-4	5.759350E-1	3.606500E-5	-3.050000E-6	3.234500E-4	3.650000E-6	0.000000E+0	0.000000E+0	1.964247E-4	2.976042E-9	0.000000E+0	0.000000E+0	9.840115E+0	0.000000E+0	0.000000E+0
24-Apr-25	13:03:51	-1.000000E-5	-1.500000E-4	5.740350E-1	3.606500E-5	-3.085000E-6	3.237500E-4	4.050000E-6	0.000000E+0	0.000000E+0	1.964247E-4	2.976042E-9	0.000000E+0	0.000000E+0	9.839301E+0	0.000000E+0	0.000000E+0
24-Apr-25	13:03:52	-1.000000E-5	-1.500000E-4	5.718150E-1	3.613000E-5	-2.920000E-6	3.236000E-4	3.650000E-6	0.000000E+0	0.000000E+0	1.964247E-4	2.976042E-9	0.000000E+0	0.000000E+0	9.838816E+0	0.000000E+0	0.000000E+0
24-Apr-25	13:03:53	-1.000000E-5	-1.500000E-4	5.695400E-1	3.610500E-5	-2.860000E-6	3.234500E-4	3.250000E-6	0.000000E+0	0.000000E+0	1.964247E-4	2.976042E-9	0.000000E+0	0.000000E+0	9.838156E+0	0.000000E+0	0.000000E+0
24-Apr-25	13:03:53	-1.000000E-5	-1.500000E-4	5.676350E-1	3.614000E-5	-2.800000E-6	3.239000E-4	3.500000E-6	0.000000E+0	0.000000E+0	1.964247E-4	2.976042E-9	0.000000E+0	0.000000E+0	9.837154E+0	0.000000E+0	0.000000E+0
24-Apr-25	13:03:54	-1.000000E-5	-1.500000E-4	5.660500E-1	3.609500E-5	-2.805000E-6	3.239000E-4	3.800000E-6	0.000000E+0	0.000000E+0	1.964247E-4	2.976042E-9	0.000000E+0	0.000000E+0	9.836026E+0	0.000000E+0	0.000000E+0
24-Apr-25	13:03:54	-1.000000E-5	-1.500000E-4	5.644650E-1	3.606500E-5	-2.945000E-6	3.239000E-4	3.700000E-6	0.000000E+0	0.000000E+0	1.964247E-4	2.976042E-9	0.000000E+0	0.000000E+0	9.834620E+0	0.000000E+0	0.000000E+0
24-Apr-25	13:03:55	-1.000000E-5	-1.500000E-4	5.627250E-1	3.606500E-5	-2.865000E-6	3.234500E-4	3.800000E-6	0.000000E+0	0.000000E+0	1.964247E-4	2.976042E-9	0.000000E+0	0.000000E+0	9.832574E+0	0.000000E+0	0.000000E+0
24-Apr-25	13:03:55	-1.000000E-5	-1.500000E-4	5.612950E-1	3.607500E-5	-2.910000E-6	3.235500E-4	3.950000E-6	0.000000E+0	0.000000E+0	1.964247E-4	2.976042E-9	0.000000E+0	0.000000E+0	9.830953E+0	0.000000E+0	0.000000E+0
24-Apr-25	13:03:56	-1.000000E-5	-1.500000E-4	5.593950E-1	3.609000E-5	-3.030000E-6	3.239000E-4	3.300000E-6	0.000000E+0	0.000000E+0	1.964247E-4	2.976042E-9	0.000000E+0	0.000000E+0	9.829045E+0	0.000000E+0	0.000000E+0
24-Apr-25	13:03:56	-1.000000E-5	-1.500000E-4	5.577650E-1	3.610500E-5	-2.995000E-6	3.240500E-4	3.350000E-6	0.000000E+0	0.000000E+0	1.964247E-4	2.976042E-9	0.000000E+0	0.000000E+0	9.827583E+0	0.000000E+0	0.000000E+0
24-Apr-25	13:03:57	-1.000000E-5	-1.500000E-4	5.562250E-1	3.614500E-5	-3.075000E-6	3.234000E-4	3.400000E-6	0.000000E+0	0.000000E+0	1.964247E-4	2.976042E-9	0.000000E+0	0.000000E+0	9.826179E+0	0.000000E+0	0.000000E+0
24-Apr-25	13:03:57	-1.000000E-5	-1.500000E-4	5.543200E-1	3.610000E-5	-2.990000E-6	3.239000E-4	3.650000E-6	0.000000E+0	0.000000E+0	1.964247E-4	2.976042E-9	0.000000E+0	0.000000E+0	9.824603E+0	0.000000E+0	0.000000E+0
24-Apr-25	13:03:58	-1.000000E-5	-1.500000E-4	5.525800E-1	3.603500E-5	-2.805000E-6	3.236000E-4	3.650000E-6	0.000000E+0	0.000000E+0	1.964247E-4	2.976042E-9	0.000000E+0	0.000000E+0	9.823509E+0	0.000000E+0	0.000000E+0
24-Apr-25	13:03:58	-1.000000E-5	-1.500000E-4	5.509900E-1	3.602000E-5	-2.885000E-6	3.233000E-4	3.450000E-6	0.000000E+0	0.000000E+0	1.964247E-4	2.976042E-9	0.000000E+0	0.000000E+0	9.822241E+0	0.000000E+0	0.000000E+0
24-Apr-25	13:03:59	-1.000000E-5	-1.500000E-4	5.494050E-1	3.616000E-5	-3.035000E-6	3.234500E-4	4.150000E-6	0.000000E+0	0.000000E+0	1.964247E-4	2.976042E-9	0.000000E+0	0.000000E+0	9.821204E+0	0.000000E+0	0.000000E+0
24-Apr-25	13:04:00	-1.000000E-5	-1.500000E-4	5.478250E-1	3.614000E-5	-2.955000E-6	3.234500E-4	3.400000E-6	0.000000E+0	0.000000E+0	1.964247E-4	2.976042E-9	0.000000E+0	0.000000E+0	9.820400E+0	0.000000E+0	0.000000E+0
24-Apr-25	13:04:00	-1.000000E-5	-1.500000E-4	5.462350E-1	3.616500E-5	-3.025000E-6	3.236500E-4	3.650000E-6	0.000000E+0	0.000000E+0	1.964247E-4	2.976042E-9	0.000000E+0	0.000000E+0	9.819756E+0	0.000000E+0	0.000000E+0
24-Apr-25	13:04:01	-1.000000E-5	-1.500000E-4	5.446550E-1	3.623500E-5	-2.995000E-6	3.231500E-4	3.800000E-6	0.000000E+0	0.000000E+0	1.964247E-4	2.976042E-9	0.000000E+0	0.000000E+0	9.819140E+0	0.000000E+0	0.000000E+0
24-Apr-25	13:04:01	-1.000000E-5	-1.500000E-4	5.430650E-1	3.623000E-5	-2.990000E-6	3.234000E-4	3.350000E-6	0.000000E+0	0.000000E+0	1.964247E-4	2.976042E-9	0.000000E+0	0.000000E+0	9.818414E+0	0.000000E+0	0.000000E+0
24-Apr-25	13:04:02	-1.000000E-5	-1.500000E-4	5.414850E-1	3.613000E-5	-2.915000E-6	3.232500E-4	3.700000E-6	0.000000E+0	0.000000E+0	1.964247E-4	2.976042E-9	0.000000E+0	0.000000E+0	9.817222E+0	0.000000E+0	0.000000E+0
24-Apr-25	13:04:02	-1.000000E-5	-1.500000E-4	5.397350E-1	3.627500E-5	-2.925000E-6	3.239000E-4	4.100000E-6	0.000000E+0	0.000000E+0	1.964247E-4	2.976042E-9	0.000000E+0	0.000000E+0	9.816050E+0	0.000000E+0	0.000000E+0
24-Apr-25	13:04:03	-1.000000E-5	-1.500000E-4	5.381550E-1	3.606500E-5	-2.920000E-6	3.237500E-4	3.650000E-6	0.000000E+0	0.000000E+0	1.964247E-4	2.976042E-9	0.000000E+0	0.000000E+0	9.814578E+0	0.000000E+0	0.000000E+0
24-Apr-25	13:04:03	-1.000000E-5	-1.500000E-4	5.365650E-1	3.596500E-5	-2.845000E-6	3.235000E-4	3.750000E-6	0.000000E+0	0.000000E+0	1.964247E-4	2.976042E-9	0.000000E+0	0.000000E+0	9.812814E+0	0.000000E+0	0.000000E+0
24-Apr-25	13:04:04	-1.000000E-5	-1.500000E-4	5.348200E-1	3.608000E-5	-2.880000E-6	3.231500E-4	3.900000E-6	0.000000E+0	0.000000E+0	1.964247E-4	2.976042E-9	0.000000E+0	0.000000E+0	9.810440E+0	0.000000E+0	0.000000E+0
24-Apr-25	13:04:04	-1.000000E-5	-1.500000E-4	5.332400E-1	3.608500E-5	-2.775000E-6	3.234500E-4	3.600000E-6	0.000000E+0	0.000000E+0	1.964247E-4	2.976042E-9	0.000000E+0	0.000000E+0	9.808561E+0	0.000000E+0	0.000000E+0
24-Apr-25	13:04:05	-1.000000E-5	-1.500000E-4	5.313400E-1	3.624500E-5	-2.990000E-6	3.236000E-4	4.050000E-6	0.000000E+0	0.000000E+0	1.964247E-4	2.976042E-9	0.000000E+0	0.000000E+0	9.806361E+0	0.000000E+0	0.000000E+0
24-Apr-25	13:04:05	-1.000000E-5	-1.500000E-4	5.295950E-1	3.616500E-5	-2.980000E-6	3.236000E-4	3.650000E-6	0.000000E+0	0.000000E+0	1.964247E-4	2.976042E-9	0.000000E+0	0.000000E+0	9.804917E+0	0.000000E+0	0.000000E+0
24-Apr-25	13:04:06	-1.000000E-5	-1.500000E-4	5.280150E-1	3.614500E-5	-2.945000E-6	3.234000E-4	3.400000E-6	0.000000E+0	0.000000E+0	1.964247E-4	2.976042E-9	0.000000E+0	0.000000E+0	9.803593E+0	0.000000E+0	0.000000E+0
24-Apr-25	13:04:06	-1.000000E-5	-1.500000E-4	5.264250E-1	3.609500E-5	-2.935000E-6	3.241500E-4	3.450000E-6	0.000000E+0	0.000000E+0	1.964247E-4	2.976042E-9	0.000000E+0	0.000000E+0	9.802811E+0	0.000000E+0	0.000000E+0
24-Apr-25	13:04:07	-1.000000E-5	-1.500000E-4	5.242100E-1	3.616000E-5	-2.965000E-6	3.238000E-4	3.800000E-6	0.000000E+0	0.000000E+0	1.964247E-4	2.976042E-9	0.000000E+0	0.000000E+0	9.802021E+0	0.000000E+0	0.000000E+0
24-Apr-25	13:04:08	-1.000000E-5	-1.500000E-4	5.224650E-1	3.593000E-5	-2.995000E-6	3.239000E-4	3.650000E-6	0.000000E+0	0.000000E+0	1.964247E-4	2.976042E-9	0.000000E+0	0.000000E+0	9.801705E+0	0.000000E+0	0.000000E+0
24-Apr-25	13:04:08	-1.000000E-5	-1.500000E-4	5.206750E-1	3.603500E-5	-3.000000E-6	3.238000E-4	3.400000E-6	0.000000E+0	0.000000E+0	1.964247E-4	2.976042E-9	0.000000E+0	0.000000E+0	9.801403E+0	0.000000E+0	0.000000E+0
24-Apr-25	13:04:09	-1.000000E-5	-1.500000E-4	5.191350E-1	3.602500E-5	-3.050000E-6	3.232000E-4	3.500000E-6	0.000000E+0	0.000000E+0	1.964247E-4	2.976042E-9	0.000000E+0	0.000000E+0	9.800967E+0	0.000000E+0	0.000000E+0
24-Apr-25	13:04:09	-1.000000E-5	-1.500000E-4	5.175550E-1	3.594000E-5	-3.090000E-6	3.235500E-4	4.200000E-6	0.000000E+0	0.000000E+0	1.964247E-4	2.976042E-9	0.000000E+0	0.000000E+0	9.800385E+0	0.000000E+0	0.000000E+0
24-Apr-25	13:04:10	-1.000000E-5	-1.500000E-4	5.156000E-1	3.602500E-5	-3.030000E-6	3.236000E-4	3.900000E-6	0.000000E+0	0.000000E+0	1.964247E-4	2.976042E-9	0.000000E+0	0.000000E+0	9.799458E+0	0.000000E+0	0.000000E+0
24-Apr-25	13:04:10	-1.000000E-5	-1.500000E-4	5.140150E-1	3.614500E-5	-2.960000E-6	3.237000E-4	3.900000E-6	0.000000E+0	0.000000E+0	1.964247E-4	2.976042E-9	0.000000E+0	0.000000E+0	9.798503E+0	0.000000E+0	0.000000E+0
24-Apr-25	13:04:11	-1.000000E-5	-1.500000E-4	5.124300E-1	3.618000E-5	-2.995000E-6	3.239000E-4	3.350000E-6	0.000000E+0	0.000000E+0	1.964247E-4	2.976042E-9	0.000000E+0	0.000000E+0	9.797449E+0	0.000000E+0	0.000000E+0
24-Apr-25	13:04:11	-1.000000E-5	-1.500000E-4	5.105250E-1	3.608000E-5	-2.925000E-6	3.234000E-4	3.500000E-6	0.000000E+0	0.000000E+0	1.964247E-4	2.976042E-9	0.000000E+0	0.000000E+0	9.795959E+0	0.000000E+0	0.000000E+0
24-Apr-25	13:04:12	-1.000000E-5	-1.500000E-4	5.089450E-1	3.607000E-5	-2.895000E-6	3.237500E-4	3.650000E-6	0.000000E+0	0.000000E+0	1.964247E-4	2.976042E-9	0.000000E+0	0.000000E+0	9.794685E+0	0.000000E+0	0.000000E+0
24-Apr-25	13:04:12	-1.000000E-5	-1.500000E-4	5.073050E-1	3.607000E-5	-3.065000E-6	3.239000E-4	3.250000E-6	0.000000E+0	0.000000E+0	1.964247E-4	2.976042E-9	0.000000E+0	0.000000E+0	9.793077E+0	0.000000E+0	0.000000E+0
24-Apr-25	13:04:13	-1.000000E-5	-1.500000E-4	5.057150E-1	3.605000E-5	-3.130000E-6	3.231000E-4	3.600000E-6	0.000000E+0	0.000000E+0	1.964247E-4	2.976042E-9	0.000000E+0	0.000000E+0	9.791773E+0	0.000000E+0	0.000000E+0
24-Apr-25	13:04:13	-1.000000E-5	-1.500000E-4	5.039750E-1	3.607000E-5	-3.020000E-6	3.233000E-4	3.250000E-6	0.000000E+0	0.000000E+0	1.964247E-4	2.976042E-9	0.000000E+0	0.000000E+0	9.790390E+0	0.000000E+0	0.000000E+0
24-Apr-25	13:04:14	-1.000000E-5	-1.500000E-4	5.023850E-1	3.616000E-5	-2.995000E-6	3.236000E-4	3.500000E-6	0.000000E+0	0.000000E+0	1.964247E-4	2.976042E-9	0.000000E+0	0.000000E+0	9.788642E+0	0.000000E+0	0.000000E+0
24-Apr-25	13:04:14	-1.000000E-5	-1.500000E-4	5.008000E-1	3.612500E-5	-2.840000E-6	3.238500E-4	3.600000E-6	0.000000E+0	0.000000E+0	1.964247E-4	2.976042E-9	0.000000E+0	0.000000E+0	9.787404E+0	0.000000E+0	0.000000E+0
24-Apr-25	13:04:15	-1.000000E-5	-1.500000E-4	4.990600E-1	3.613500E-5	-2.745000E-6	3.236500E-4	3.900000E-6	0.000000E+0	0.000000E+0	1.964247E-4	2.976042E-9	0.000000E+0	0.000000E+0	9.786318E+0	0.000000E+0	0.000000E+0
24-Apr-25	13:04:16	-1.000000E-5	-1.500000E-4	4.969800E-1	3.605500E-5	-3.105000E-6	3.232000E-4	3.700000E-6	0.000000E+0	0.000000E+0	1.964247E-4	2.976042E-9	0.000000E+0	0.000000E+0	9.784910E+0	0.000000E+0	0.000000E+0
24-Apr-25	13:04:16	-1.000000E-5	-1.500000E-4	4.952050E-1	3.608000E-5	-3.020000E-6	3.237500E-4	3.100000E-6	0.000000E+0	0.000000E+0	1.964247E-4	2.976042E-9	0.000000E+0	0.000000E+0	9.784108E+0	0.000000E+0	0.000000E+0
24-Apr-25	13:04:17	-1.000000E-5	-1.500000E-4	4.934650E-1	3.612000E-5	-3.020000E-6	3.236500E-4	3.900000E-6	0.000000E+0	0.000000E+0	1.964247E-4	2.976042E-9	0.000000E+0	0.000000E+0	9.783290E+0	0.000000E+0	0.000000E+0
24-Apr-25	13:04:17	-1.000000E-5	-1.500000E-4	4.918750E-1	3.622500E-5	-3.225000E-6	3.239500E-4	3.800000E-6	0.000000E+0	0.000000E+0	1.964247E-4	2.976042E-9	0.000000E+0	0.000000E+0	9.782662E+0	0.000000E+0	0.000000E+0
24-Apr-25	13:04:18	-1.000000E-5	-1.500000E-4	4.901350E-1	3.608000E-5	-3.020000E-6	3.240500E-4	4.000000E-6	0.000000E+0	0.000000E+0	1.964247E-4	2.976042E-9	0.000000E+0	0.000000E+0	9.781746E+0	0.000000E+0	0.000000E+0
24-Apr-25	13:04:18	-1.000000E-5	-1.500000E-4	4.885450E-1	3.613000E-5	-3.030000E-6	3.236000E-4	3.750000E-6	0.000000E+0	0.000000E+0	1.964247E-4	2.976042E-9	0.000000E+0	0.000000E+0	9.781025E+0	0.000000E+0	0.000000E+0
24-Apr-25	13:04:19	-1.000000E-5	-1.500000E-4	4.869600E-1	3.612500E-5	-2.900000E-6	3.233500E-4	3.650000E-6	0.000000E+0	0.000000E+0	1.964247E-4	2.976042E-9	0.000000E+0	0.000000E+0	9.780249E+0	0.000000E+0	0.000000E+0
24-Apr-25	13:04:19	-1.000000E-5	-1.500000E-4	4.853800E-1	3.614500E-5	-2.915000E-6	3.235000E-4	3.800000E-6	0.000000E+0	0.000000E+0	1.964247E-4	2.976042E-9	0.000000E+0	0.000000E+0	9.779292E+0	0.000000E+0	0.000000E+0
24-Apr-25	13:04:20	-1.000000E-5	-1.500000E-4	4.837900E-1	3.602500E-5	-3.045000E-6	3.230500E-4	3.950000E-6	0.000000E+0	0.000000E+0	1.964247E-4	2.976042E-9	0.000000E+0	0.000000E+0	9.778177E+0	0.000000E+0	0.000000E+0
24-Apr-25	13:04:20	-1.000000E-5	-1.500000E-4	4.817100E-1	3.597500E-5	-3.120000E-6	3.237000E-4	3.650000E-6	0.000000E+0	0.000000E+0	1.964247E-4	2.976042E-9	0.000000E+0	0.000000E+0	9.776429E+0	0.000000E+0	0.000000E+0
24-Apr-25	13:04:21	-1.000000E-5	-1.500000E-4	4.799400E-1	3.603500E-5	-2.835000E-6	3.236500E-4	3.650000E-6	0.000000E+0	0.000000E+0	1.964247E-4	2.976042E-9	0.000000E+0	0.000000E+0	9.775316E+0	0.000000E+0	0.000000E+0
24-Apr-25	13:04:22	-1.000000E-5	-1.500000E-4	4.781950E-1	3.610500E-5	-2.940000E-6	3.239000E-4	3.400000E-6	0.000000E+0	0.000000E+0	1.964247E-4	2.976042E-9	0.000000E+0	0.000000E+0	9.774018E+0	0.000000E+0	0.000000E+0
24-Apr-25	13:04:22	-1.000000E-5	-1.500000E-4	4.766050E-1	3.613500E-5	-2.860000E-6	3.236000E-4	4.050000E-6	0.000000E+0	0.000000E+0	1.964247E-4	2.976042E-9	0.000000E+0	0.000000E+0	9.773158E+0	0.000000E+0	0.000000E+0
24-Apr-25	13:04:23	-1.000000E-5	-1.500000E-4	4.748650E-1	3.628000E-5	-2.905000E-6	3.233500E-4	3.150000E-6	0.000000E+0	0.000000E+0	1.964247E-4	2.976042E-9	0.000000E+0	0.000000E+0	9.772470E+0	0.000000E+0	0.000000E+0
24-Apr-25	13:04:23	-1.000000E-5	-1.500000E-4	4.732750E-1	3.615500E-5	-2.960000E-6	3.239000E-4	3.550000E-6	0.000000E+0	0.000000E+0	1.964247E-4	2.976042E-9	0.000000E+0	0.000000E+0	9.771749E+0	0.000000E+0	0.000000E+0
24-Apr-25	13:04:24	-1.000000E-5	-1.500000E-4	4.716950E-1	3.598000E-5	-3.030000E-6	3.239000E-4	3.900000E-6	0.000000E+0	0.000000E+0	1.964247E-4	2.976042E-9	0.000000E+0	0.000000E+0	9.771356E+0	0.000000E+0	0.000000E+0
24-Apr-25	13:04:24	-1.000000E-5	-1.500000E-4	4.701050E-1	3.579500E-5	-2.750000E-6	3.235000E-4	3.950000E-6	0.000000E+0	0.000000E+0	1.964247E-4	2.976042E-9	0.000000E+0	0.000000E+0	9.771026E+0	0.000000E+0	0.000000E+0
24-Apr-25	13:04:25	-1.000000E-5	-1.500000E-4	4.685200E-1	3.585000E-5	-2.970000E-6	3.234500E-4	3.250000E-6	0.000000E+0	0.000000E+0	1.964247E-4	2.976042E-9	0.000000E+0	0.000000E+0	9.770632E+0	0.000000E+0	0.000000E+0
24-Apr-25	13:04:25	-1.000000E-5	-1.500000E-4	4.669300E-1	3.593000E-5	-2.860000E-6	3.236500E-4	3.650000E-6	0.000000E+0	0.000000E+0	1.964247E-4	2.976042E-9	0.000000E+0	0.000000E+0	9.770274E+0	0.000000E+0	0.000000E+0
24-Apr-25	13:04:26	-1.000000E-5	-1.500000E-4	4.651900E-1	3.598000E-5	-2.920000E-6	3.237500E-4	3.650000E-6	0.000000E+0	0.000000E+0	1.964247E-4	2.976042E-9	0.000000E+0	0.000000E+0	9.770002E+0	0.000000E+0	0.000000E+0
24-Apr-25	13:04:26	-1.000000E-5	-1.500000E-4	4.634500E-1	3.603500E-5	-2.815000E-6	3.235000E-4	3.550000E-6	0.000000E+0	0.000000E+0	1.964247E-4	2.976042E-9	0.000000E+0	0.000000E+0	9.769978E+0	0.000000E+0	0.000000E+0
24-Apr-25	13:04:27	-1.000000E-5	-1.500000E-4	4.613600E-1	3.611000E-5	-2.980000E-6	3.239500E-4	3.900000E-6	0.000000E+0	0.000000E+0	1.964247E-4	2.976042E-9	0.000000E+0	0.000000E+0	9.770234E+0	0.000000E+0	0.000000E+0
24-Apr-25	13:04:27	-1.000000E-5	-1.500000E-4	4.595950E-1	3.604500E-5	-2.930000E-6	3.239000E-4	3.700000E-6	0.000000E+0	0.000000E+0	1.964247E-4	2.976042E-9	0.000000E+0	0.000000E+0	9.770682E+0	0.000000E+0	0.000000E+0
24-Apr-25	13:04:28	-1.000000E-5	-1.500000E-4	4.580050E-1	3.588000E-5	-2.940000E-6	3.237500E-4	3.850000E-6	0.000000E+0	0.000000E+0	1.964247E-4	2.976042E-9	0.000000E+0	0.000000E+0	9.771340E+0	0.000000E+0	0.000000E+0
24-Apr-25	13:04:28	-1.000000E-5	-1.500000E-4	4.564250E-1	3.600500E-5	-2.910000E-6	3.236000E-4	3.400000E-6	0.000000E+0	0.000000E+0	1.964247E-4	2.976042E-9	0.000000E+0	0.000000E+0	9.772279E+0	0.000000E+0	0.000000E+0
24-Apr-25	13:04:29	-1.000000E-5	-1.500000E-4	4.545200E-1	3.591500E-5	-3.050000E-6	3.238500E-4	3.800000E-6	0.000000E+0	0.000000E+0	1.964247E-4	2.976042E-9	0.000000E+0	0.000000E+0	9.773223E+0	0.000000E+0	0.000000E+0
24-Apr-25	13:04:30	-1.000000E-5	-1.500000E-4	4.523000E-1	3.589000E-5	-2.990000E-6	3.238500E-4	3.650000E-6	0.000000E+0	0.000000E+0	1.964247E-4	2.976042E-9	0.000000E+0	0.000000E+0	9.773824E+0	0.000000E+0	0.000000E+0
24-Apr-25	13:04:30	-1.000000E-5	-1.500000E-4	4.501850E-1	3.611000E-5	-2.880000E-6	3.238000E-4	3.800000E-6	0.000000E+0	0.000000E+0	1.964247E-4	2.976042E-9	0.000000E+0	0.000000E+0	9.773986E+0	0.000000E+0	0.000000E+0
24-Apr-25	13:04:31	-1.000000E-5	-1.500000E-4	4.484450E-1	3.605000E-5	-2.800000E-6	3.237500E-4	3.800000E-6	0.000000E+0	0.000000E+0	1.964247E-4	2.976042E-9	0.000000E+0	0.000000E+0	9.773782E+0	0.000000E+0	0.000000E+0
24-Apr-25	13:04:31	-1.000000E-5	-1.500000E-4	4.468650E-1	3.603500E-5	-2.900000E-6	3.237000E-4	3.850000E-6	0.000000E+0	0.000000E+0	1.964247E-4	2.976042E-9	0.000000E+0	0.000000E+0	9.773238E+0	0.000000E+0	0.000000E+0
24-Apr-25	13:04:32	-1.000000E-5	-1.500000E-4	4.452750E-1	3.604000E-5	-2.930000E-6	3.236000E-4	4.250000E-6	0.000000E+0	0.000000E+0	1.964247E-4	2.976042E-9	0.000000E+0	0.000000E+0	9.772508E+0	0.000000E+0	0.000000E+0
24-Apr-25	13:04:32	-1.000000E-5	-1.500000E-4	4.436950E-1	3.611500E-5	-2.950000E-6	3.233500E-4	3.950000E-6	0.000000E+0	0.000000E+0	1.964247E-4	2.976042E-9	0.000000E+0	0.000000E+0	9.771724E+0	0.000000E+0	0.000000E+0
24-Apr-25	13:04:33	-1.000000E-5	-1.500000E-4	4.417850E-1	3.608000E-5	-2.950000E-6	3.234500E-4	3.500000E-6	0.000000E+0	0.000000E+0	1.964247E-4	2.976042E-9	0.000000E+0	0.000000E+0	9.770874E+0	0.000000E+0	0.000000E+0
24-Apr-25	13:04:34	-1.000000E-5	-1.500000E-4	4.402050E-1	3.611500E-5	-2.955000E-6	3.238500E-4	3.700000E-6	0.000000E+0	0.000000E+0	1.964247E-4	2.976042E-9	0.000000E+0	0.000000E+0	9.770245E+0	0.000000E+0	0.000000E+0
24-Apr-25	13:04:34	-1.000000E-5	-1.500000E-4	4.386200E-1	3.612000E-5	-2.950000E-6	3.242500E-4	3.900000E-6	0.000000E+0	0.000000E+0	1.964247E-4	2.976042E-9	0.000000E+0	0.000000E+0	9.769577E+0	0.000000E+0	0.000000E+0
24-Apr-25	13:04:35	-1.000000E-5	-1.500000E-4	4.367150E-1	3.601500E-5	-3.010000E-6	3.234000E-4	4.100000E-6	0.000000E+0	0.000000E+0	1.964247E-4	2.976042E-9	0.000000E+0	0.000000E+0	9.768803E+0	0.000000E+0	0.000000E+0
24-Apr-25	13:04:35	-1.000000E-5	-1.500000E-4	4.351300E-1	3.607500E-5	-3.005000E-6	3.237500E-4	4.400000E-6	0.000000E+0	0.000000E+0	1.964247E-4	2.976042E-9	0.000000E+0	0.000000E+0	9.768381E+0	0.000000E+0	0.000000E+0
24-Apr-25	13:04:36	-1.000000E-5	-1.500000E-4	4.335400E-1	3.627000E-5	-2.870000E-6	3.236000E-4	4.000000E-6	0.000000E+0	0.000000E+0	1.964247E-4	2.976042E-9	0.000000E+0	0.000000E+0	9.767935E+0	0.000000E+0	0.000000E+0
24-Apr-25	13:04:36	-1.000000E-5	-1.500000E-4	4.315850E-1	3.610500E-5	-2.885000E-6	3.237500E-4	3.350000E-6	0.000000E+0	0.000000E+0	1.964247E-4	2.976042E-9	0.000000E+0	0.000000E+0	9.767328E+0	0.000000E+0	0.000000E+0
24-Apr-25	13:04:37	-1.000000E-5	-1.500000E-4	4.293700E-1	3.592500E-5	-3.190000E-6	3.233500E-4	3.950000E-6	0.000000E+0	0.000000E+0	1.964247E-4	2.976042E-9	0.000000E+0	0.000000E+0	9.766625E+0	0.000000E+0	0.000000E+0
24-Apr-25	13:04:37	-1.000000E-5	-1.500000E-4	4.277900E-1	3.610000E-5	-3.000000E-6	3.236500E-4	3.650000E-6	0.000000E+0	0.000000E+0	1.964247E-4	2.976042E-9	0.000000E+0	0.000000E+0	9.766108E+0	0.000000E+0	0.000000E+0
24-Apr-25	13:04:38	-1.000000E-5	-1.500000E-4	4.262050E-1	3.607000E-5	-2.955000E-6	3.231000E-4	3.150000E-6	0.000000E+0	0.000000E+0	1.964247E-4	2.976042E-9	0.000000E+0	0.000000E+0	9.765184E+0	0.000000E+0	0.000000E+0
24-Apr-25	13:04:39	-1.000000E-5	-1.500000E-4	4.241100E-1	3.608500E-5	-3.080000E-6	3.240500E-4	4.000000E-6	0.000000E+0	0.000000E+0	1.964247E-4	2.976042E-9	0.000000E+0	0.000000E+0	9.763946E+0	0.000000E+0	0.000000E+0
24-Apr-25	13:04:39	-1.000000E-5	-1.500000E-4	4.225300E-1	3.613500E-5	-3.100000E-6	3.233500E-4	3.400000E-6	0.000000E+0	0.000000E+0	1.964247E-4	2.976042E-9	0.000000E+0	0.000000E+0	9.762654E+0	0.000000E+0	0.000000E+0
24-Apr-25	13:04:40	-1.000000E-5	-1.500000E-4	4.209750E-1	3.606500E-5	-2.920000E-6	3.234500E-4	4.400000E-6	0.000000E+0	0.000000E+0	1.964247E-4	2.976042E-9	0.000000E+0	0.000000E+0	9.761109E+0	0.000000E+0	0.000000E+0
24-Apr-25	13:04:40	-1.000000E-5	-1.500000E-4	4.193850E-1	3.601500E-5	-2.995000E-6	3.237500E-4	3.950000E-6	0.000000E+0	0.000000E+0	1.964247E-4	2.976042E-9	0.000000E+0	0.000000E+0	9.759044E+0	0.000000E+0	0.000000E+0
24-Apr-25	13:04:41	-1.000000E-5	-1.500000E-4	4.176400E-1	3.604500E-5	-2.970000E-6	3.240500E-4	3.950000E-6	0.000000E+0	0.000000E+0	1.964247E-4	2.976042E-9	0.000000E+0	0.000000E+0	9.757291E+0	0.000000E+0	0.000000E+0
24-Apr-25	13:04:41	-1.000000E-5	-1.500000E-4	4.160550E-1	3.625000E-5	-2.955000E-6	3.239000E-4	3.850000E-6	0.000000E+0	0.000000E+0	1.964247E-4	2.976042E-9	0.000000E+0	0.000000E+0	9.755490E+0	0.000000E+0	0.000000E+0
24-Apr-25	13:04:42	-1.000000E-5	-1.500000E-4	4.144750E-1	3.613500E-5	-3.005000E-6	3.241000E-4	3.650000E-6	0.000000E+0	0.000000E+0	1.964247E-4	2.976042E-9	0.000000E+0	0.000000E+0	9.753761E+0	0.000000E+0	0.000000E+0
24-Apr-25	13:04:42	-1.000000E-5	-1.500000E-4	4.127300E-1	3.609500E-5	-2.805000E-6	3.239500E-4	3.650000E-6	0.000000E+0	0.000000E+0	1.964247E-4	2.976042E-9	0.000000E+0	0.000000E+0	9.751842E+0	0.000000E+0	0.000000E+0
24-Apr-25	13:04:43	-1.000000E-5	-1.500000E-4	4.111450E-1	3.613500E-5	-2.725000E-6	3.238000E-4	4.200000E-6	0.000000E+0	0.000000E+0	1.964247E-4	2.976042E-9	0.000000E+0	0.000000E+0	9.750593E+0	0.000000E+0	0.000000E+0
24-Apr-25	13:04:43	-1.000000E-5	-1.500000E-4	4.094000E-1	3.606000E-5	-3.000000E-6	3.239000E-4	3.700000E-6	0.000000E+0	0.000000E+0	1.964247E-4	2.976042E-9	0.000000E+0	0.000000E+0	9.749454E+0	0.000000E+0	0.000000E+0
24-Apr-25	13:04:44	-1.000000E-5	-1.500000E-4	4.071550E-1	3.607500E-5	-2.990000E-6	3.236500E-4	3.950000E-6	0.000000E+0	0.000000E+0	1.964247E-4	2.976042E-9	0.000000E+0	0.000000E+0	9.748967E+0	0.000000E+0	0.000000E+0
24-Apr-25	13:04:45	-1.000000E-5	-1.500000E-4	4.047500E-1	3.606000E-5	-3.045000E-6	3.231500E-4	4.000000E-6	0.000000E+0	0.000000E+0	1.964247E-4	2.976042E-9	0.000000E+0	0.000000E+0	9.749146E+0	0.000000E+0	0.000000E+0
24-Apr-25	13:04:45	-1.000000E-5	-1.500000E-4	4.028450E-1	3.620500E-5	-3.040000E-6	3.238500E-4	3.950000E-6	0.000000E+0	0.000000E+0	1.964247E-4	2.976042E-9	0.000000E+0	0.000000E+0	9.749453E+0	0.000000E+0	0.000000E+0
24-Apr-25	13:04:46	-1.000000E-5	-1.500000E-4	4.011000E-1	3.615500E-5	-3.090000E-6	3.237000E-4	3.800000E-6	0.000000E+0	0.000000E+0	1.964247E-4	2.976042E-9	0.000000E+0	0.000000E+0	9.749741E+0	0.000000E+0	0.000000E+0
24-Apr-25	13:04:47	-1.000000E-5	-1.500000E-4	3.988250E-1	3.620000E-5	-2.865000E-6	3.235000E-4	3.750000E-6	0.000000E+0	0.000000E+0	1.964247E-4	2.976042E-9	0.000000E+0	0.000000E+0	9.749533E+0	0.000000E+0	0.000000E+0
24-Apr-25	13:04:47	-1.000000E-5	-1.500000E-4	3.972450E-1	3.623000E-5	-2.935000E-6	3.233000E-4	3.600000E-6	0.000000E+0	0.000000E+0	1.964247E-4	2.976042E-9	0.000000E+0	0.000000E+0	9.748993E+0	0.000000E+0	0.000000E+0
24-Apr-25	13:04:48	-1.000000E-5	-1.500000E-4	3.956600E-1	3.617500E-5	-3.000000E-6	3.237500E-4	3.800000E-6	0.000000E+0	0.000000E+0	1.964247E-4	2.976042E-9	0.000000E+0	0.000000E+0	9.748266E+0	0.000000E+0	0.000000E+0
24-Apr-25	13:04:48	-1.000000E-5	-1.500000E-4	3.940800E-1	3.603500E-5	-2.970000E-6	3.234000E-4	4.150000E-6	0.000000E+0	0.000000E+0	1.964247E-4	2.976042E-9	0.000000E+0	0.000000E+0	9.747368E+0	0.000000E+0	0.000000E+0
24-Apr-25	13:04:49	-1.000000E-5	-1.500000E-4	3.923350E-1	3.607000E-5	-2.975000E-6	3.244000E-4	3.650000E-6	0.000000E+0	0.000000E+0	1.964247E-4	2.976042E-9	0.000000E+0	0.000000E+0	9.746907E+0	0.000000E+0	0.000000E+0
24-Apr-25	13:04:49	-1.000000E-5	-1.500000E-4	3.907450E-1	3.604000E-5	-2.945000E-6	3.241000E-4	3.600000E-6	0.000000E+0	0.000000E+0	1.964247E-4	2.976042E-9	0.000000E+0	0.000000E+0	9.746809E+0	0.000000E+0	0.000000E+0
24-Apr-25	13:04:50	-1.000000E-5	-1.500000E-4	3.888450E-1	3.613000E-5	-2.985000E-6	3.238000E-4	3.950000E-6	0.000000E+0	0.000000E+0	1.964247E-4	2.976042E-9	0.000000E+0	0.000000E+0	9.747140E+0	0.000000E+0	0.000000E+0
24-Apr-25	13:04:50	-1.000000E-5	-1.500000E-4	3.871050E-1	3.606000E-5	-2.905000E-6	3.234500E-4	3.800000E-6	0.000000E+0	0.000000E+0	1.964247E-4	2.976042E-9	0.000000E+0	0.000000E+0	9.747782E+0	0.000000E+0	0.000000E+0
24-Apr-25	13:04:51	-1.000000E-5	-1.500000E-4	3.855200E-1	3.601000E-5	-2.890000E-6	3.242000E-4	3.650000E-6	0.000000E+0	0.000000E+0	1.964247E-4	2.976042E-9	0.000000E+0	0.000000E+0	9.748384E+0	0.000000E+0	0.000000E+0
24-Apr-25	13:04:51	-1.000000E-5	-1.500000E-4	3.839300E-1	3.591500E-5	-2.960000E-6	3.238000E-4	3.650000E-6	0.000000E+0	0.000000E+0	1.964247E-4	2.976042E-9	0.000000E+0	0.000000E+0	9.748876E+0	0.000000E+0	0.000000E+0
24-Apr-25	13:04:52	-1.000000E-5	-1.500000E-4	3.817150E-1	3.605000E-5	-3.020000E-6	3.237500E-4	3.850000E-6	0.000000E+0	0.000000E+0	1.964247E-4	2.976042E-9	0.000000E+0	0.000000E+0	9.748835E+0	0.000000E+0	0.000000E+0
24-Apr-25	13:04:53	-1.000000E-5	-1.500000E-4	3.796550E-1	3.612500E-5	-2.900000E-6	3.234000E-4	3.800000E-6	0.000000E+0	0.000000E+0	1.964247E-4	2.976042E-9	0.000000E+0	0.000000E+0	9.748262E+0	0.000000E+0	0.000000E+0
24-Apr-25	13:04:53	-1.000000E-5	-1.500000E-4	3.780700E-1	3.615000E-5	-3.025000E-6	3.235500E-4	3.650000E-6	0.000000E+0	0.000000E+0	1.964247E-4	2.976042E-9	0.000000E+0	0.000000E+0	9.747231E+0	0.000000E+0	0.000000E+0
24-Apr-25	13:04:54	-1.000000E-5	-1.500000E-4	3.758050E-1	3.617000E-5	-2.980000E-6	3.237500E-4	3.800000E-6	0.000000E+0	0.000000E+0	1.964247E-4	2.976042E-9	0.000000E+0	0.000000E+0	9.745987E+0	0.000000E+0	0.000000E+0
24-Apr-25	13:04:55	-1.000000E-5	-1.500000E-4	3.740550E-1	3.611500E-5	-2.865000E-6	3.237000E-4	4.000000E-6	0.000000E+0	0.000000E+0	1.964247E-4	2.976042E-9	0.000000E+0	0.000000E+0	9.745313E+0	0.000000E+0	0.000000E+0
24-Apr-25	13:04:55	-1.000000E-5	-1.500000E-4	3.719950E-1	3.607000E-5	-3.025000E-6	3.239500E-4	3.650000E-6	0.000000E+0	0.000000E+0	1.964247E-4	2.976042E-9	0.000000E+0	0.000000E+0	9.744682E+0	0.000000E+0	0.000000E+0
24-Apr-25	13:04:56	-1.000000E-5	-1.500000E-4	3.704050E-1	3.606500E-5	-2.890000E-6	3.235500E-4	3.700000E-6	0.000000E+0	0.000000E+0	1.964247E-4	2.976042E-9	0.000000E+0	0.000000E+0	9.744435E+0	0.000000E+0	0.000000E+0
24-Apr-25	13:04:56	-1.000000E-5	-1.500000E-4	3.688250E-1	3.617500E-5	-2.960000E-6	3.236000E-4	4.100000E-6	0.000000E+0	0.000000E+0	1.964247E-4	2.976042E-9	0.000000E+0	0.000000E+0	9.744417E+0	0.000000E+0	0.000000E+0
24-Apr-25	13:04:57	-1.000000E-5	-1.500000E-4	3.672300E-1	3.628500E-5	-2.940000E-6	3.239000E-4	3.800000E-6	0.000000E+0	0.000000E+0	1.964247E-4	2.976042E-9	0.000000E+0	0.000000E+0	9.744245E+0	0.000000E+0	0.000000E+0
24-Apr-25	13:04:57	-1.000000E-5	-1.500000E-4	3.654950E-1	3.615000E-5	-2.915000E-6	3.239000E-4	5.500000E-6	0.000000E+0	0.000000E+0	1.964247E-4	2.976042E-9	0.000000E+0	0.000000E+0	9.743857E+0	0.000000E+0	0.000000E+0
24-Apr-25	13:04:58	-1.000000E-5	-1.500000E-4	3.633850E-1	3.604000E-5	-2.955000E-6	3.240500E-4	3.750000E-6	0.000000E+0	0.000000E+0	1.964247E-4	2.976042E-9	0.000000E+0	0.000000E+0	9.742973E+0	0.000000E+0	0.000000E+0
24-Apr-25	13:04:58	-1.000000E-5	-1.500000E-4	3.618250E-1	3.600000E-5	-2.995000E-6	3.236500E-4	3.600000E-6	0.000000E+0	0.000000E+0	1.964247E-4	2.976042E-9	0.000000E+0	0.000000E+0	9.742278E+0	0.000000E+0	0.000000E+0
24-Apr-25	13:04:59	-1.000000E-5	-1.500000E-4	3.602650E-1	3.621500E-5	-2.930000E-6	3.236000E-4	3.350000E-6	0.000000E+0	0.000000E+0	1.964247E-4	2.976042E-9	0.000000E+0	0.000000E+0	9.741467E+0	0.000000E+0	0.000000E+0
24-Apr-25	13:04:59	-1.000000E-5	-1.500000E-4	3.586750E-1	3.615500E-5	-2.945000E-6	3.236000E-4	3.650000E-6	0.000000E+0	0.000000E+0	1.964247E-4	2.976042E-9	0.000000E+0	0.000000E+0	9.740667E+0	0.000000E+0	0.000000E+0
24-Apr-25	13:05:00	-1.000000E-5	-1.500000E-4	3.569100E-1	3.609000E-5	-2.960000E-6	3.235000E-4	4.250000E-6	0.000000E+0	0.000000E+0	1.964247E-4	2.976042E-9	0.000000E+0	0.000000E+0	9.739820E+0	0.000000E+0	0.000000E+0
24-Apr-25	13:05:00	-1.000000E-5	-1.500000E-4	3.549850E-1	3.610000E-5	-3.050000E-6	3.228000E-4	3.450000E-6	0.000000E+0	0.000000E+0	1.964247E-4	2.976042E-9	0.000000E+0	0.000000E+0	9.739032E+0	0.000000E+0	0.000000E+0
24-Apr-25	13:05:01	-1.000000E-5	-1.500000E-4	3.533950E-1	3.603000E-5	-2.980000E-6	3.233000E-4	3.900000E-6	0.000000E+0	0.000000E+0	1.964247E-4	2.976042E-9	0.000000E+0	0.000000E+0	9.738340E+0	0.000000E+0	0.000000E+0
24-Apr-25	13:05:01	-1.000000E-5	-1.500000E-4	3.516550E-1	3.602500E-5	-2.875000E-6	3.237500E-4	4.100000E-6	0.000000E+0	0.000000E+0	1.964247E-4	2.976042E-9	0.000000E+0	0.000000E+0	9.737700E+0	0.000000E+0	0.000000E+0
24-Apr-25	13:05:02	-1.000000E-5	-1.500000E-4	3.500650E-1	3.594000E-5	-2.920000E-6	3.232000E-4	3.850000E-6	0.000000E+0	0.000000E+0	1.964247E-4	2.976042E-9	0.000000E+0	0.000000E+0	9.736948E+0	0.000000E+0	0.000000E+0
24-Apr-25	13:05:03	-1.000000E-5	-1.500000E-4	3.483200E-1	3.593000E-5	-2.940000E-6	3.233500E-4	3.500000E-6	0.000000E+0	0.000000E+0	1.964247E-4	2.976042E-9	0.000000E+0	0.000000E+0	9.736324E+0	0.000000E+0	0.000000E+0
24-Apr-25	13:05:03	-1.000000E-5	-1.500000E-4	3.465850E-1	3.595500E-5	-2.960000E-6	3.236000E-4	4.200000E-6	0.000000E+0	0.000000E+0	1.964247E-4	2.976042E-9	0.000000E+0	0.000000E+0	9.735608E+0	0.000000E+0	0.000000E+0
24-Apr-25	13:05:04	-1.000000E-5	-1.500000E-4	3.450000E-1	3.610500E-5	-2.980000E-6	3.230000E-4	3.800000E-6	0.000000E+0	0.000000E+0	1.964247E-4	2.976042E-9	0.000000E+0	0.000000E+0	9.734504E+0	0.000000E+0	0.000000E+0
24-Apr-25	13:05:04	-1.000000E-5	-1.500000E-4	3.426150E-1	3.602000E-5	-2.930000E-6	3.237000E-4	3.750000E-6	0.000000E+0	0.000000E+0	1.964247E-4	2.976042E-9	0.000000E+0	0.000000E+0	9.732635E+0	0.000000E+0	0.000000E+0
24-Apr-25	13:05:05	-1.000000E-5	-1.500000E-4	3.407150E-1	3.604000E-5	-3.010000E-6	3.241000E-4	3.450000E-6	0.000000E+0	0.000000E+0	1.964247E-4	2.976042E-9	0.000000E+0	0.000000E+0	9.731421E+0	0.000000E+0	0.000000E+0
24-Apr-25	13:05:05	-1.000000E-5	-1.500000E-4	3.391300E-1	3.612500E-5	-2.990000E-6	3.237500E-4	4.100000E-6	0.000000E+0	0.000000E+0	1.964247E-4	2.976042E-9	0.000000E+0	0.000000E+0	9.730206E+0	0.000000E+0	0.000000E+0
24-Apr-25	13:05:06	-1.000000E-5	-1.500000E-4	3.373850E-1	3.616500E-5	-2.995000E-6	3.236500E-4	3.250000E-6	0.000000E+0	0.000000E+0	1.964247E-4	2.976042E-9	0.000000E+0	0.000000E+0	9.729047E+0	0.000000E+0	0.000000E+0
24-Apr-25	13:05:07	-1.000000E-5	-1.500000E-4	3.354550E-1	3.606000E-5	-2.925000E-6	3.234500E-4	3.800000E-6	0.000000E+0	0.000000E+0	1.964247E-4	2.976042E-9	0.000000E+0	0.000000E+0	9.727798E+0	0.000000E+0	0.000000E+0
24-Apr-25	13:05:07	-1.000000E-5	-1.500000E-4	3.336750E-1	3.601000E-5	-3.020000E-6	3.240000E-4	3.650000E-6	0.000000E+0	0.000000E+0	1.964247E-4	2.976042E-9	0.000000E+0	0.000000E+0	9.727201E+0	0.000000E+0	0.000000E+0
24-Apr-25	13:05:08	-1.000000E-5	-1.500000E-4	3.321250E-1	3.607500E-5	-3.075000E-6	3.235000E-4	4.000000E-6	0.000000E+0	0.000000E+0	1.964247E-4	2.976042E-9	0.000000E+0	0.000000E+0	9.726706E+0	0.000000E+0	0.000000E+0
24-Apr-25	13:05:08	-1.000000E-5	-1.500000E-4	3.305650E-1	3.603500E-5	-3.085000E-6	3.238000E-4	3.400000E-6	0.000000E+0	0.000000E+0	1.964247E-4	2.976042E-9	0.000000E+0	0.000000E+0	9.726027E+0	0.000000E+0	0.000000E+0
24-Apr-25	13:05:09	-1.000000E-5	-1.500000E-4	3.282950E-1	3.595000E-5	-2.970000E-6	3.234500E-4	3.700000E-6	0.000000E+0	0.000000E+0	1.964247E-4	2.976042E-9	0.000000E+0	0.000000E+0	9.724867E+0	0.000000E+0	0.000000E+0
24-Apr-25	13:05:09	-1.000000E-5	-1.500000E-4	3.263950E-1	3.581000E-5	-3.090000E-6	3.237500E-4	3.300000E-6	0.000000E+0	0.000000E+0	1.964247E-4	2.976042E-9	0.000000E+0	0.000000E+0	9.723785E+0	0.000000E+0	0.000000E+0
24-Apr-25	13:05:10	-1.000000E-5	-1.500000E-4	3.248050E-1	3.604500E-5	-3.110000E-6	3.233500E-4	3.800000E-6	0.000000E+0	0.000000E+0	1.964247E-4	2.976042E-9	0.000000E+0	0.000000E+0	9.722504E+0	0.000000E+0	0.000000E+0
24-Apr-25	13:05:10	-1.000000E-5	-1.500000E-4	3.232250E-1	3.623000E-5	-3.040000E-6	3.235500E-4	3.200000E-6	0.000000E+0	0.000000E+0	1.964247E-4	2.976042E-9	0.000000E+0	0.000000E+0	9.720935E+0	0.000000E+0	0.000000E+0
24-Apr-25	13:05:11	-1.000000E-5	-1.500000E-4	3.216450E-1	3.630000E-5	-2.975000E-6	3.240500E-4	4.950000E-6	0.000000E+0	0.000000E+0	1.964247E-4	2.976042E-9	0.000000E+0	0.000000E+0	9.719728E+0	0.000000E+0	0.000000E+0
24-Apr-25	13:05:12	-1.000000E-5	-1.500000E-4	3.197350E-1	3.611500E-5	-3.005000E-6	3.229500E-4	4.550000E-6	0.000000E+0	0.000000E+0	1.964247E-4	2.976042E-9	0.000000E+0	0.000000E+0	9.718226E+0	0.000000E+0	0.000000E+0
24-Apr-25	13:05:12	-1.000000E-5	-1.500000E-4	3.181550E-1	3.616000E-5	-3.025000E-6	3.237500E-4	3.800000E-6	0.000000E+0	0.000000E+0	1.964247E-4	2.976042E-9	0.000000E+0	0.000000E+0	9.717205E+0	0.000000E+0	0.000000E+0
24-Apr-25	13:05:13	-1.000000E-5	-1.500000E-4	3.160350E-1	3.623000E-5	-2.940000E-6	3.236500E-4	3.200000E-6	0.000000E+0	0.000000E+0	1.964247E-4	2.976042E-9	0.000000E+0	0.000000E+0	9.716043E+0	0.000000E+0	0.000000E+0
24-Apr-25	13:05:13	-1.000000E-5	-1.500000E-4	3.144550E-1	3.619500E-5	-2.875000E-6	3.233500E-4	4.700000E-6	0.000000E+0	0.000000E+0	1.964247E-4	2.976042E-9	0.000000E+0	0.000000E+0	9.715180E+0	0.000000E+0	0.000000E+0
24-Apr-25	13:05:14	-1.000000E-5	-1.500000E-4	3.120800E-1	3.635000E-5	-2.840000E-6	3.243000E-4	4.200000E-6	0.000000E+0	0.000000E+0	1.964247E-4	2.976042E-9	0.000000E+0	0.000000E+0	9.713794E+0	0.000000E+0	0.000000E+0
24-Apr-25	13:05:15	-1.000000E-5	-1.500000E-4	3.101750E-1	3.616000E-5	-2.840000E-6	3.235500E-4	3.500000E-6	0.000000E+0	0.000000E+0	1.964247E-4	2.976042E-9	0.000000E+0	0.000000E+0	9.713449E+0	0.000000E+0	0.000000E+0
24-Apr-25	13:05:15	-1.000000E-5	-1.500000E-4	3.082750E-1	3.617500E-5	-2.945000E-6	3.241500E-4	3.650000E-6	0.000000E+0	0.000000E+0	1.964247E-4	2.976042E-9	0.000000E+0	0.000000E+0	9.713305E+0	0.000000E+0	0.000000E+0
24-Apr-25	13:05:16	-1.000000E-5	-1.500000E-4	3.066850E-1	3.603500E-5	-2.955000E-6	3.242000E-4	4.800000E-6	0.000000E+0	0.000000E+0	1.964247E-4	2.976042E-9	0.000000E+0	0.000000E+0	9.713272E+0	0.000000E+0	0.000000E+0
24-Apr-25	13:05:16	-1.000000E-5	-1.500000E-4	3.046000E-1	3.603500E-5	-2.975000E-6	3.234500E-4	3.700000E-6	0.000000E+0	0.000000E+0	1.964247E-4	2.976042E-9	0.000000E+0	0.000000E+0	9.713219E+0	0.000000E+0	0.000000E+0
24-Apr-25	13:05:17	-1.000000E-5	-1.500000E-4	3.029850E-1	3.616500E-5	-2.935000E-6	3.241500E-4	4.000000E-6	0.000000E+0	0.000000E+0	1.964247E-4	2.976042E-9	0.000000E+0	0.000000E+0	9.713078E+0	0.000000E+0	0.000000E+0
24-Apr-25	13:05:17	-1.000000E-5	-1.500000E-4	3.012450E-1	3.603000E-5	-2.925000E-6	3.237500E-4	3.850000E-6	0.000000E+0	0.000000E+0	1.964247E-4	2.976042E-9	0.000000E+0	0.000000E+0	9.712941E+0	0.000000E+0	0.000000E+0
24-Apr-25	13:05:18	-1.000000E-5	-1.500000E-4	2.991800E-1	3.601500E-5	-2.890000E-6	3.233500E-4	3.800000E-6	0.000000E+0	0.000000E+0	1.964247E-4	2.976042E-9	0.000000E+0	0.000000E+0	9.712791E+0	0.000000E+0	0.000000E+0
24-Apr-25	13:05:19	-1.000000E-5	-1.500000E-4	2.976000E-1	3.615500E-5	-2.890000E-6	3.240500E-4	3.800000E-6	0.000000E+0	0.000000E+0	1.964247E-4	2.976042E-9	0.000000E+0	0.000000E+0	9.712739E+0	0.000000E+0	0.000000E+0
24-Apr-25	13:05:19	-1.000000E-5	-1.500000E-4	2.960150E-1	3.609000E-5	-2.820000E-6	3.240500E-4	3.800000E-6	0.000000E+0	0.000000E+0	1.964247E-4	2.976042E-9	0.000000E+0	0.000000E+0	9.713048E+0	0.000000E+0	0.000000E+0
24-Apr-25	13:05:20	-1.000000E-5	-1.500000E-4	2.942700E-1	3.625500E-5	-2.830000E-6	3.240500E-4	4.300000E-6	0.000000E+0	0.000000E+0	1.964247E-4	2.976042E-9	0.000000E+0	0.000000E+0	9.713593E+0	0.000000E+0	0.000000E+0
24-Apr-25	13:05:20	-1.000000E-5	-1.500000E-4	2.922100E-1	3.617500E-5	-2.970000E-6	3.245000E-4	3.700000E-6	0.000000E+0	0.000000E+0	1.964247E-4	2.976042E-9	0.000000E+0	0.000000E+0	9.714601E+0	0.000000E+0	0.000000E+0
24-Apr-25	13:05:21	-1.000000E-5	-1.500000E-4	2.906200E-1	3.628500E-5	-2.875000E-6	3.237500E-4	3.250000E-6	0.000000E+0	0.000000E+0	1.964247E-4	2.976042E-9	0.000000E+0	0.000000E+0	9.715245E+0	0.000000E+0	0.000000E+0
24-Apr-25	13:05:21	-1.000000E-5	-1.500000E-4	2.890400E-1	3.613000E-5	-2.905000E-6	3.239500E-4	4.500000E-6	0.000000E+0	0.000000E+0	1.964247E-4	2.976042E-9	0.000000E+0	0.000000E+0	9.715855E+0	0.000000E+0	0.000000E+0
24-Apr-25	13:05:22	-1.000000E-5	-1.500000E-4	2.874550E-1	3.626500E-5	-3.030000E-6	3.233000E-4	3.500000E-6	0.000000E+0	0.000000E+0	1.964247E-4	2.976042E-9	0.000000E+0	0.000000E+0	9.716331E+0	0.000000E+0	0.000000E+0
24-Apr-25	13:05:22	-1.000000E-5	-1.500000E-4	2.858700E-1	3.638500E-5	-2.985000E-6	3.243000E-4	3.550000E-6	0.000000E+0	0.000000E+0	1.964247E-4	2.976042E-9	0.000000E+0	0.000000E+0	9.716519E+0	0.000000E+0	0.000000E+0
24-Apr-25	13:05:23	-1.000000E-5	-1.500000E-4	2.841250E-1	3.610000E-5	-3.105000E-6	3.238500E-4	3.700000E-6	0.000000E+0	0.000000E+0	1.964247E-4	2.976042E-9	0.000000E+0	0.000000E+0	9.716307E+0	0.000000E+0	0.000000E+0
24-Apr-25	13:05:23	-1.000000E-5	-1.500000E-4	2.823800E-1	3.602500E-5	-3.045000E-6	3.240500E-4	3.500000E-6	0.000000E+0	0.000000E+0	1.964247E-4	2.976042E-9	0.000000E+0	0.000000E+0	9.715803E+0	0.000000E+0	0.000000E+0
24-Apr-25	13:05:24	-1.000000E-5	-1.500000E-4	2.806350E-1	3.605500E-5	-3.010000E-6	3.232000E-4	3.500000E-6	0.000000E+0	0.000000E+0	1.964247E-4	2.976042E-9	0.000000E+0	0.000000E+0	9.715222E+0	0.000000E+0	0.000000E+0
24-Apr-25	13:05:25	-1.000000E-5	-1.500000E-4	2.790550E-1	3.608500E-5	-2.940000E-6	3.234000E-4	3.500000E-6	0.000000E+0	0.000000E+0	1.964247E-4	2.976042E-9	0.000000E+0	0.000000E+0	9.714492E+0	0.000000E+0	0.000000E+0
24-Apr-25	13:05:25	-1.000000E-5	-1.500000E-4	2.768100E-1	3.607000E-5	-2.980000E-6	3.240000E-4	3.350000E-6	0.000000E+0	0.000000E+0	1.964247E-4	2.976042E-9	0.000000E+0	0.000000E+0	9.713328E+0	0.000000E+0	0.000000E+0
24-Apr-25	13:05:26	-1.000000E-5	-1.500000E-4	2.750350E-1	3.604000E-5	-2.935000E-6	3.236000E-4	3.600000E-6	0.000000E+0	0.000000E+0	1.964247E-4	2.976042E-9	0.000000E+0	0.000000E+0	9.712391E+0	0.000000E+0	0.000000E+0
24-Apr-25	13:05:26	-1.000000E-5	-1.500000E-4	2.732850E-1	3.609000E-5	-3.055000E-6	3.242000E-4	4.650000E-6	0.000000E+0	0.000000E+0	1.964247E-4	2.976042E-9	0.000000E+0	0.000000E+0	9.711724E+0	0.000000E+0	0.000000E+0
24-Apr-25	13:05:27	-1.000000E-5	-1.500000E-4	2.713900E-1	3.608500E-5	-2.870000E-6	3.235500E-4	3.350000E-6	0.000000E+0	0.000000E+0	1.964247E-4	2.976042E-9	0.000000E+0	0.000000E+0	9.710959E+0	0.000000E+0	0.000000E+0
24-Apr-25	13:05:28	-1.000000E-5	-1.500000E-4	2.691150E-1	3.618000E-5	-2.775000E-6	3.234500E-4	3.500000E-6	0.000000E+0	0.000000E+0	1.964247E-4	2.976042E-9	0.000000E+0	0.000000E+0	9.710325E+0	0.000000E+0	0.000000E+0
24-Apr-25	13:05:28	-1.000000E-5	-1.500000E-4	2.668950E-1	3.600500E-5	-2.920000E-6	3.239000E-4	3.900000E-6	0.000000E+0	0.000000E+0	1.964247E-4	2.976042E-9	0.000000E+0	0.000000E+0	9.709846E+0	0.000000E+0	0.000000E+0
24-Apr-25	13:05:29	-1.000000E-5	-1.500000E-4	2.651550E-1	3.596000E-5	-2.950000E-6	3.246000E-4	3.800000E-6	0.000000E+0	0.000000E+0	1.964247E-4	2.976042E-9	0.000000E+0	0.000000E+0	9.709526E+0	0.000000E+0	0.000000E+0
24-Apr-25	13:05:29	-1.000000E-5	-1.500000E-4	2.635750E-1	3.638500E-5	-2.915000E-6	3.235000E-4	3.450000E-6	0.000000E+0	0.000000E+0	1.964247E-4	2.976042E-9	0.000000E+0	0.000000E+0	9.709101E+0	0.000000E+0	0.000000E+0
24-Apr-25	13:05:30	-1.000000E-5	-1.500000E-4	2.619900E-1	3.613000E-5	-2.895000E-6	3.235000E-4	4.150000E-6	0.000000E+0	0.000000E+0	1.964247E-4	2.976042E-9	0.000000E+0	0.000000E+0	9.708479E+0	0.000000E+0	0.000000E+0
24-Apr-25	13:05:30	-1.000000E-5	-1.500000E-4	2.604050E-1	3.597000E-5	-2.905000E-6	3.237500E-4	4.150000E-6	0.000000E+0	0.000000E+0	1.964247E-4	2.976042E-9	0.000000E+0	0.000000E+0	9.707911E+0	0.000000E+0	0.000000E+0
24-Apr-25	13:05:31	-1.000000E-5	-1.500000E-4	2.586600E-1	3.610500E-5	-2.995000E-6	3.235500E-4	3.300000E-6	0.000000E+0	0.000000E+0	1.964247E-4	2.976042E-9	0.000000E+0	0.000000E+0	9.707311E+0	0.000000E+0	0.000000E+0
24-Apr-25	13:05:31	-1.000000E-5	-1.500000E-4	2.570750E-1	3.627500E-5	-2.775000E-6	3.238500E-4	3.950000E-6	0.000000E+0	0.000000E+0	1.964247E-4	2.976042E-9	0.000000E+0	0.000000E+0	9.706775E+0	0.000000E+0	0.000000E+0
24-Apr-25	13:05:32	-1.000000E-5	-1.500000E-4	2.554700E-1	3.627000E-5	-2.990000E-6	3.236500E-4	4.000000E-6	0.000000E+0	0.000000E+0	1.964247E-4	2.976042E-9	0.000000E+0	0.000000E+0	9.706305E+0	0.000000E+0	0.000000E+0
24-Apr-25	13:05:33	-1.000000E-5	-1.500000E-4	2.532200E-1	3.601500E-5	-3.015000E-6	3.240500E-4	3.350000E-6	0.000000E+0	0.000000E+0	1.964247E-4	2.976042E-9	0.000000E+0	0.000000E+0	9.705843E+0	0.000000E+0	0.000000E+0
24-Apr-25	13:05:33	-1.000000E-5	-1.500000E-4	2.508400E-1	3.614000E-5	-2.940000E-6	3.233500E-4	3.550000E-6	0.000000E+0	0.000000E+0	1.964247E-4	2.976042E-9	0.000000E+0	0.000000E+0	9.705323E+0	0.000000E+0	0.000000E+0
24-Apr-25	13:05:34	-1.000000E-5	-1.500000E-4	2.492600E-1	3.605500E-5	-3.000000E-6	3.236000E-4	3.800000E-6	0.000000E+0	0.000000E+0	1.964247E-4	2.976042E-9	0.000000E+0	0.000000E+0	9.704925E+0	0.000000E+0	0.000000E+0
24-Apr-25	13:05:34	-1.000000E-5	-1.500000E-4	2.476800E-1	3.605500E-5	-2.885000E-6	3.232000E-4	4.100000E-6	0.000000E+0	0.000000E+0	1.964247E-4	2.976042E-9	0.000000E+0	0.000000E+0	9.704353E+0	0.000000E+0	0.000000E+0
24-Apr-25	13:05:35	-1.000000E-5	-1.500000E-4	2.459350E-1	3.622500E-5	-2.920000E-6	3.237500E-4	3.500000E-6	0.000000E+0	0.000000E+0	1.964247E-4	2.976042E-9	0.000000E+0	0.000000E+0	9.703401E+0	0.000000E+0	0.000000E+0
24-Apr-25	13:05:35	-1.000000E-5	-1.500000E-4	2.443550E-1	3.623000E-5	-3.070000E-6	3.239000E-4	4.250000E-6	0.000000E+0	0.000000E+0	1.964247E-4	2.976042E-9	0.000000E+0	0.000000E+0	9.702502E+0	0.000000E+0	0.000000E+0
24-Apr-25	13:05:36	-1.000000E-5	-1.500000E-4	2.426050E-1	3.605500E-5	-3.020000E-6	3.236000E-4	3.750000E-6	0.000000E+0	0.000000E+0	1.964247E-4	2.976042E-9	0.000000E+0	0.000000E+0	9.701619E+0	0.000000E+0	0.000000E+0
24-Apr-25	13:05:36	-1.000000E-5	-1.500000E-4	2.408600E-1	3.613500E-5	-2.890000E-6	3.239000E-4	3.500000E-6	0.000000E+0	0.000000E+0	1.964247E-4	2.976042E-9	0.000000E+0	0.000000E+0	9.700688E+0	0.000000E+0	0.000000E+0
24-Apr-25	13:05:37	-1.000000E-5	-1.500000E-4	2.392250E-1	3.611000E-5	-2.985000E-6	3.238000E-4	3.900000E-6	0.000000E+0	0.000000E+0	1.964247E-4	2.976042E-9	0.000000E+0	0.000000E+0	9.700073E+0	0.000000E+0	0.000000E+0
24-Apr-25	13:05:38	-1.000000E-5	-1.500000E-4	2.376400E-1	3.617000E-5	-2.970000E-6	3.243000E-4	3.800000E-6	0.000000E+0	0.000000E+0	1.964247E-4	2.976042E-9	0.000000E+0	0.000000E+0	9.699724E+0	0.000000E+0	0.000000E+0
24-Apr-25	13:05:38	-1.000000E-5	-1.500000E-4	2.360550E-1	3.619000E-5	-3.065000E-6	3.235500E-4	3.950000E-6	0.000000E+0	0.000000E+0	1.964247E-4	2.976042E-9	0.000000E+0	0.000000E+0	9.699715E+0	0.000000E+0	0.000000E+0
24-Apr-25	13:05:39	-1.000000E-5	-1.500000E-4	2.344650E-1	3.619500E-5	-3.025000E-6	3.231000E-4	3.800000E-6	0.000000E+0	0.000000E+0	1.964247E-4	2.976042E-9	0.000000E+0	0.000000E+0	9.700109E+0	0.000000E+0	0.000000E+0
24-Apr-25	13:05:39	-1.000000E-5	-1.500000E-4	2.328800E-1	3.617500E-5	-3.170000E-6	3.240500E-4	3.950000E-6	0.000000E+0	0.000000E+0	1.964247E-4	2.976042E-9	0.000000E+0	0.000000E+0	9.700990E+0	0.000000E+0	0.000000E+0
24-Apr-25	13:05:40	-1.000000E-5	-1.500000E-4	2.312950E-1	3.620000E-5	-3.035000E-6	3.232500E-4	3.650000E-6	0.000000E+0	0.000000E+0	1.964247E-4	2.976042E-9	0.000000E+0	0.000000E+0	9.701860E+0	0.000000E+0	0.000000E+0
24-Apr-25	13:05:40	-1.000000E-5	-1.500000E-4	2.290800E-1	3.608500E-5	-2.765000E-6	3.237500E-4	3.700000E-6	0.000000E+0	0.000000E+0	1.964247E-4	2.976042E-9	0.000000E+0	0.000000E+0	9.703327E+0	0.000000E+0	0.000000E+0
24-Apr-25	13:05:41	-1.000000E-5	-1.500000E-4	2.271750E-1	3.614500E-5	-2.845000E-6	3.239500E-4	3.600000E-6	0.000000E+0	0.000000E+0	1.964247E-4	2.976042E-9	0.000000E+0	0.000000E+0	9.704483E+0	0.000000E+0	0.000000E+0
24-Apr-25	13:05:41	-1.000000E-5	-1.500000E-4	2.255650E-1	3.606000E-5	-2.795000E-6	3.242000E-4	3.650000E-6	0.000000E+0	0.000000E+0	1.964247E-4	2.976042E-9	0.000000E+0	0.000000E+0	9.705282E+0	0.000000E+0	0.000000E+0
24-Apr-25	13:05:42	-1.000000E-5	-1.500000E-4	2.240050E-1	3.603500E-5	-3.000000E-6	3.239000E-4	3.550000E-6	0.000000E+0	0.000000E+0	1.964247E-4	2.976042E-9	0.000000E+0	0.000000E+0	9.705708E+0	0.000000E+0	0.000000E+0
24-Apr-25	13:05:42	-1.000000E-5	-1.500000E-4	2.222100E-1	3.607000E-5	-2.995000E-6	3.238000E-4	3.900000E-6	0.000000E+0	0.000000E+0	1.964247E-4	2.976042E-9	0.000000E+0	0.000000E+0	9.705709E+0	0.000000E+0	0.000000E+0
24-Apr-25	13:05:43	-1.000000E-5	-1.500000E-4	2.204650E-1	3.630000E-5	-2.900000E-6	3.234500E-4	4.250000E-6	0.000000E+0	0.000000E+0	1.964247E-4	2.976042E-9	0.000000E+0	0.000000E+0	9.705201E+0	0.000000E+0	0.000000E+0
24-Apr-25	13:05:43	-1.000000E-5	-1.500000E-4	2.188850E-1	3.634000E-5	-2.920000E-6	3.237000E-4	3.750000E-6	0.000000E+0	0.000000E+0	1.964247E-4	2.976042E-9	0.000000E+0	0.000000E+0	9.704451E+0	0.000000E+0	0.000000E+0
24-Apr-25	13:05:44	-1.000000E-5	-1.500000E-4	2.172950E-1	3.624500E-5	-2.910000E-6	3.237500E-4	3.700000E-6	0.000000E+0	0.000000E+0	1.964247E-4	2.976042E-9	0.000000E+0	0.000000E+0	9.703371E+0	0.000000E+0	0.000000E+0
24-Apr-25	13:05:45	-1.000000E-5	-1.500000E-4	2.153950E-1	3.615000E-5	-2.970000E-6	3.234500E-4	3.300000E-6	0.000000E+0	0.000000E+0	1.964247E-4	2.976042E-9	0.000000E+0	0.000000E+0	9.701695E+0	0.000000E+0	0.000000E+0
24-Apr-25	13:05:45	-1.000000E-5	-1.500000E-4	2.131800E-1	3.601500E-5	-2.950000E-6	3.236500E-4	4.050000E-6	0.000000E+0	0.000000E+0	1.964247E-4	2.976042E-9	0.000000E+0	0.000000E+0	9.699905E+0	0.000000E+0	0.000000E+0
24-Apr-25	13:05:46	-1.000000E-5	-1.500000E-4	2.114350E-1	3.618500E-5	-2.795000E-6	3.243000E-4	3.650000E-6	0.000000E+0	0.000000E+0	1.964247E-4	2.976042E-9	0.000000E+0	0.000000E+0	9.698709E+0	0.000000E+0	0.000000E+0
24-Apr-25	13:05:46	-1.000000E-5	-1.500000E-4	2.098450E-1	3.611500E-5	-2.835000E-6	3.237500E-4	3.750000E-6	0.000000E+0	0.000000E+0	1.964247E-4	2.976042E-9	0.000000E+0	0.000000E+0	9.697761E+0	0.000000E+0	0.000000E+0
24-Apr-25	13:05:47	-1.000000E-5	-1.500000E-4	2.082650E-1	3.591500E-5	-2.805000E-6	3.243500E-4	3.100000E-6	0.000000E+0	0.000000E+0	1.964247E-4	2.976042E-9	0.000000E+0	0.000000E+0	9.696817E+0	0.000000E+0	0.000000E+0
24-Apr-25	13:05:47	-1.000000E-5	-1.500000E-4	2.063350E-1	3.600000E-5	-2.910000E-6	3.236500E-4	3.400000E-6	0.000000E+0	0.000000E+0	1.964247E-4	2.976042E-9	0.000000E+0	0.000000E+0	9.695672E+0	0.000000E+0	0.000000E+0
24-Apr-25	13:05:48	-1.000000E-5	-1.500000E-4	2.047500E-1	3.615000E-5	-2.950000E-6	3.238000E-4	3.950000E-6	0.000000E+0	0.000000E+0	1.964247E-4	2.976042E-9	0.000000E+0	0.000000E+0	9.694738E+0	0.000000E+0	0.000000E+0
24-Apr-25	13:05:48	-1.000000E-5	-1.500000E-4	2.031900E-1	3.610500E-5	-3.040000E-6	3.240500E-4	3.800000E-6	0.000000E+0	0.000000E+0	1.964247E-4	2.976042E-9	0.000000E+0	0.000000E+0	9.693701E+0	0.000000E+0	0.000000E+0
24-Apr-25	13:05:49	-1.000000E-5	-1.500000E-4	2.014400E-1	3.594000E-5	-2.920000E-6	3.237000E-4	3.550000E-6	0.000000E+0	0.000000E+0	1.964247E-4	2.976042E-9	0.000000E+0	0.000000E+0	9.692344E+0	0.000000E+0	0.000000E+0
24-Apr-25	13:05:50	-1.000000E-5	-1.500000E-4	1.995600E-1	3.610000E-5	-3.110000E-6	3.237500E-4	4.050000E-6	0.000000E+0	0.000000E+0	1.964247E-4	2.976042E-9	0.000000E+0	0.000000E+0	9.690958E+0	0.000000E+0	0.000000E+0
24-Apr-25	13:05:50	-1.000000E-5	-1.500000E-4	1.980350E-1	3.602000E-5	-3.075000E-6	3.234500E-4	3.800000E-6	0.000000E+0	0.000000E+0	1.964247E-4	2.976042E-9	0.000000E+0	0.000000E+0	9.689735E+0	0.000000E+0	0.000000E+0
24-Apr-25	13:05:51	-1.000000E-5	-1.500000E-4	1.964550E-1	3.597500E-5	-2.920000E-6	3.235500E-4	3.700000E-6	0.000000E+0	0.000000E+0	1.964247E-4	2.976042E-9	0.000000E+0	0.000000E+0	9.688561E+0	0.000000E+0	0.000000E+0
24-Apr-25	13:05:51	-1.000000E-5	-1.500000E-4	1.947150E-1	3.617500E-5	-3.095000E-6	3.239000E-4	4.100000E-6	0.000000E+0	0.000000E+0	1.964247E-4	2.976042E-9	0.000000E+0	0.000000E+0	9.687293E+0	0.000000E+0	0.000000E+0
24-Apr-25	13:05:52	-1.000000E-5	-1.500000E-4	1.931250E-1	3.603500E-5	-3.045000E-6	3.237500E-4	3.650000E-6	0.000000E+0	0.000000E+0	1.964247E-4	2.976042E-9	0.000000E+0	0.000000E+0	9.685888E+0	0.000000E+0	0.000000E+0
24-Apr-25	13:05:52	-1.000000E-5	-1.500000E-4	1.915450E-1	3.591500E-5	-2.820000E-6	3.233000E-4	3.400000E-6	0.000000E+0	0.000000E+0	1.964247E-4	2.976042E-9	0.000000E+0	0.000000E+0	9.683808E+0	0.000000E+0	0.000000E+0
24-Apr-25	13:05:53	-1.000000E-5	-1.500000E-4	1.899600E-1	3.604000E-5	-2.655000E-6	3.234000E-4	3.900000E-6	0.000000E+0	0.000000E+0	1.964247E-4	2.976042E-9	0.000000E+0	0.000000E+0	9.682084E+0	0.000000E+0	0.000000E+0
24-Apr-25	13:05:53	-1.000000E-5	-1.500000E-4	1.882150E-1	3.606000E-5	-2.810000E-6	3.240000E-4	3.450000E-6	0.000000E+0	0.000000E+0	1.964247E-4	2.976042E-9	0.000000E+0	0.000000E+0	9.680665E+0	0.000000E+0	0.000000E+0
24-Apr-25	13:05:54	-1.000000E-5	-1.500000E-4	1.866300E-1	3.594000E-5	-3.090000E-6	3.238500E-4	3.750000E-6	0.000000E+0	0.000000E+0	1.964247E-4	2.976042E-9	0.000000E+0	0.000000E+0	9.679617E+0	0.000000E+0	0.000000E+0
24-Apr-25	13:05:54	-1.000000E-5	-1.500000E-4	1.849950E-1	3.606000E-5	-3.035000E-6	3.237500E-4	3.900000E-6	0.000000E+0	0.000000E+0	1.964247E-4	2.976042E-9	0.000000E+0	0.000000E+0	9.678875E+0	0.000000E+0	0.000000E+0
24-Apr-25	13:05:55	-1.000000E-5	-1.500000E-4	1.827700E-1	3.615000E-5	-2.850000E-6	3.235500E-4	3.650000E-6	0.000000E+0	0.000000E+0	1.964247E-4	2.976042E-9	0.000000E+0	0.000000E+0	9.678905E+0	0.000000E+0	0.000000E+0
24-Apr-25	13:05:56	-1.000000E-5	-1.500000E-4	1.810300E-1	3.609000E-5	-2.855000E-6	3.236000E-4	3.350000E-6	0.000000E+0	0.000000E+0	1.964247E-4	2.976042E-9	0.000000E+0	0.000000E+0	9.679418E+0	0.000000E+0	0.000000E+0
24-Apr-25	13:05:56	-1.000000E-5	-1.500000E-4	1.794450E-1	3.600500E-5	-3.085000E-6	3.234500E-4	3.900000E-6	0.000000E+0	0.000000E+0	1.964247E-4	2.976042E-9	0.000000E+0	0.000000E+0	9.680061E+0	0.000000E+0	0.000000E+0
24-Apr-25	13:05:57	-1.000000E-5	-1.500000E-4	1.778650E-1	3.606000E-5	-3.020000E-6	3.237000E-4	3.800000E-6	0.000000E+0	0.000000E+0	1.964247E-4	2.976042E-9	0.000000E+0	0.000000E+0	9.680686E+0	0.000000E+0	0.000000E+0
24-Apr-25	13:05:57	-1.000000E-5	-1.500000E-4	1.762750E-1	3.603000E-5	-2.955000E-6	3.237500E-4	3.850000E-6	0.000000E+0	0.000000E+0	1.964247E-4	2.976042E-9	0.000000E+0	0.000000E+0	9.681193E+0	0.000000E+0	0.000000E+0
24-Apr-25	13:05:58	-1.000000E-5	-1.500000E-4	1.746950E-1	3.620500E-5	-3.135000E-6	3.239000E-4	3.700000E-6	0.000000E+0	0.000000E+0	1.964247E-4	2.976042E-9	0.000000E+0	0.000000E+0	9.681569E+0	0.000000E+0	0.000000E+0
24-Apr-25	13:05:58	-1.000000E-5	-1.500000E-4	1.729500E-1	3.620500E-5	-3.145000E-6	3.243500E-4	3.750000E-6	0.000000E+0	0.000000E+0	1.964247E-4	2.976042E-9	0.000000E+0	0.000000E+0	9.681757E+0	0.000000E+0	0.000000E+0
24-Apr-25	13:05:59	-1.000000E-5	-1.500000E-4	1.713600E-1	3.616500E-5	-3.075000E-6	3.236000E-4	3.800000E-6	0.000000E+0	0.000000E+0	1.964247E-4	2.976042E-9	0.000000E+0	0.000000E+0	9.681937E+0	0.000000E+0	0.000000E+0
24-Apr-25	13:05:59	-1.000000E-5	-1.500000E-4	1.697750E-1	3.598500E-5	-3.025000E-6	3.236500E-4	3.200000E-6	0.000000E+0	0.000000E+0	1.964247E-4	2.976042E-9	0.000000E+0	0.000000E+0	9.682191E+0	0.000000E+0	0.000000E+0
24-Apr-25	13:06:00	-1.000000E-5	-1.500000E-4	1.677150E-1	3.600500E-5	-3.090000E-6	3.235000E-4	3.600000E-6	0.000000E+0	0.000000E+0	1.964247E-4	2.976042E-9	0.000000E+0	0.000000E+0	9.682793E+0	0.000000E+0	0.000000E+0
24-Apr-25	13:06:00	-1.000000E-5	-1.500000E-4	1.658100E-1	3.620000E-5	-2.990000E-6	3.243000E-4	3.200000E-6	0.000000E+0	0.000000E+0	1.964247E-4	2.976042E-9	0.000000E+0	0.000000E+0	9.683368E+0	0.000000E+0	0.000000E+0
24-Apr-25	13:06:01	-1.000000E-5	-1.500000E-4	1.642300E-1	3.612000E-5	-2.940000E-6	3.239500E-4	3.500000E-6	0.000000E+0	0.000000E+0	1.964247E-4	2.976042E-9	0.000000E+0	0.000000E+0	9.683912E+0	0.000000E+0	0.000000E+0
24-Apr-25	13:06:01	-1.000000E-5	-1.500000E-4	1.626450E-1	3.614500E-5	-2.945000E-6	3.232500E-4	3.650000E-6	0.000000E+0	0.000000E+0	1.964247E-4	2.976042E-9	0.000000E+0	0.000000E+0	9.684620E+0	0.000000E+0	0.000000E+0
24-Apr-25	13:06:02	-1.000000E-5	-1.500000E-4	1.610550E-1	3.612500E-5	-3.035000E-6	3.239000E-4	3.900000E-6	0.000000E+0	0.000000E+0	1.964247E-4	2.976042E-9	0.000000E+0	0.000000E+0	9.685452E+0	0.000000E+0	0.000000E+0
24-Apr-25	13:06:02	-1.000000E-5	-1.500000E-4	1.594750E-1	3.609500E-5	-3.035000E-6	3.235500E-4	3.650000E-6	0.000000E+0	0.000000E+0	1.964247E-4	2.976042E-9	0.000000E+0	0.000000E+0	9.686395E+0	0.000000E+0	0.000000E+0
24-Apr-25	13:06:03	-1.000000E-5	-1.500000E-4	1.577300E-1	3.601500E-5	-2.930000E-6	3.239500E-4	3.900000E-6	0.000000E+0	0.000000E+0	1.964247E-4	2.976042E-9	0.000000E+0	0.000000E+0	9.687743E+0	0.000000E+0	0.000000E+0
24-Apr-25	13:06:04	-1.000000E-5	-1.500000E-4	1.559600E-1	3.604000E-5	-2.920000E-6	3.240000E-4	3.300000E-6	0.000000E+0	0.000000E+0	1.964247E-4	2.976042E-9	0.000000E+0	0.000000E+0	9.689403E+0	0.000000E+0	0.000000E+0
24-Apr-25	13:06:04	-1.000000E-5	-1.500000E-4	1.544050E-1	3.610500E-5	-3.060000E-6	3.236500E-4	3.350000E-6	0.000000E+0	0.000000E+0	1.964247E-4	2.976042E-9	0.000000E+0	0.000000E+0	9.690833E+0	0.000000E+0	0.000000E+0
24-Apr-25	13:06:05	-1.000000E-5	-1.500000E-4	1.526050E-1	3.620000E-5	-3.055000E-6	3.236000E-4	3.700000E-6	0.000000E+0	0.000000E+0	1.964247E-4	2.976042E-9	0.000000E+0	0.000000E+0	9.692097E+0	0.000000E+0	0.000000E+0
24-Apr-25	13:06:05	-1.000000E-5	-1.500000E-4	1.510200E-1	3.630000E-5	-3.185000E-6	3.239000E-4	3.900000E-6	0.000000E+0	0.000000E+0	1.964247E-4	2.976042E-9	0.000000E+0	0.000000E+0	9.693081E+0	0.000000E+0	0.000000E+0
24-Apr-25	13:06:06	-1.000000E-5	-1.500000E-4	1.494300E-1	3.632000E-5	-3.115000E-6	3.237500E-4	3.950000E-6	0.000000E+0	0.000000E+0	1.964247E-4	2.976042E-9	0.000000E+0	0.000000E+0	9.693881E+0	0.000000E+0	0.000000E+0
24-Apr-25	13:06:06	-1.000000E-5	-1.500000E-4	1.473750E-1	3.612000E-5	-2.950000E-6	3.239000E-4	3.950000E-6	0.000000E+0	0.000000E+0	1.964247E-4	2.976042E-9	0.000000E+0	0.000000E+0	9.694224E+0	0.000000E+0	0.000000E+0
24-Apr-25	13:06:07	-1.000000E-5	-1.500000E-4	1.457950E-1	3.610500E-5	-2.785000E-6	3.236000E-4	3.400000E-6	0.000000E+0	0.000000E+0	1.964247E-4	2.976042E-9	0.000000E+0	0.000000E+0	9.694078E+0	0.000000E+0	0.000000E+0
24-Apr-25	13:06:07	-1.000000E-5	-1.500000E-4	1.442050E-1	3.599000E-5	-2.925000E-6	3.235000E-4	3.400000E-6	0.000000E+0	0.000000E+0	1.964247E-4	2.976042E-9	0.000000E+0	0.000000E+0	9.693511E+0	0.000000E+0	0.000000E+0
24-Apr-25	13:06:08	-1.000000E-5	-1.500000E-4	1.424600E-1	3.608000E-5	-2.835000E-6	3.238000E-4	3.400000E-6	0.000000E+0	0.000000E+0	1.964247E-4	2.976042E-9	0.000000E+0	0.000000E+0	9.692404E+0	0.000000E+0	0.000000E+0
24-Apr-25	13:06:08	-1.000000E-5	-1.500000E-4	1.404000E-1	3.599500E-5	-2.980000E-6	3.237500E-4	3.600000E-6	0.000000E+0	0.000000E+0	1.964247E-4	2.976042E-9	0.000000E+0	0.000000E+0	9.690928E+0	0.000000E+0	0.000000E+0
24-Apr-25	13:06:09	-1.000000E-5	-1.500000E-4	1.388150E-1	3.596500E-5	-3.050000E-6	3.232500E-4	4.150000E-6	0.000000E+0	0.000000E+0	1.964247E-4	2.976042E-9	0.000000E+0	0.000000E+0	9.688994E+0	0.000000E+0	0.000000E+0
24-Apr-25	13:06:09	-1.000000E-5	-1.500000E-4	1.372300E-1	3.601500E-5	-3.135000E-6	3.238000E-4	3.750000E-6	0.000000E+0	0.000000E+0	1.964247E-4	2.976042E-9	0.000000E+0	0.000000E+0	9.687163E+0	0.000000E+0	0.000000E+0
24-Apr-25	13:06:10	-1.000000E-5	-1.500000E-4	1.356450E-1	3.612000E-5	-2.900000E-6	3.238000E-4	3.550000E-6	0.000000E+0	0.000000E+0	1.964247E-4	2.976042E-9	0.000000E+0	0.000000E+0	9.685204E+0	0.000000E+0	0.000000E+0
24-Apr-25	13:06:10	-1.000000E-5	-1.500000E-4	1.340500E-1	3.611000E-5	-2.935000E-6	3.239500E-4	3.500000E-6	0.000000E+0	0.000000E+0	1.964247E-4	2.976042E-9	0.000000E+0	0.000000E+0	9.683090E+0	0.000000E+0	0.000000E+0
24-Apr-25	13:06:11	-1.000000E-5	-1.500000E-4	1.323100E-1	3.610000E-5	-2.975000E-6	3.235000E-4	3.800000E-6	0.000000E+0	0.000000E+0	1.964247E-4	2.976042E-9	0.000000E+0	0.000000E+0	9.680849E+0	0.000000E+0	0.000000E+0
24-Apr-25	13:06:12	-1.000000E-5	-1.500000E-4	1.307250E-1	3.601000E-5	-3.065000E-6	3.237000E-4	3.500000E-6	0.000000E+0	0.000000E+0	1.964247E-4	2.976042E-9	0.000000E+0	0.000000E+0	9.678556E+0	0.000000E+0	0.000000E+0
24-Apr-25	13:06:12	-1.000000E-5	-1.500000E-4	1.289900E-1	3.595500E-5	-2.895000E-6	3.239500E-4	3.650000E-6	0.000000E+0	0.000000E+0	1.964247E-4	2.976042E-9	0.000000E+0	0.000000E+0	9.675825E+0	0.000000E+0	0.000000E+0
24-Apr-25	13:06:13	-1.000000E-5	-1.500000E-4	1.272450E-1	3.614500E-5	-3.020000E-6	3.237500E-4	4.150000E-6	0.000000E+0	0.000000E+0	1.964247E-4	2.976042E-9	0.000000E+0	0.000000E+0	9.673285E+0	0.000000E+0	0.000000E+0
24-Apr-25	13:06:13	-1.000000E-5	-1.500000E-4	1.257050E-1	3.601000E-5	-3.190000E-6	3.233500E-4	3.650000E-6	0.000000E+0	0.000000E+0	1.964247E-4	2.976042E-9	0.000000E+0	0.000000E+0	9.671419E+0	0.000000E+0	0.000000E+0
24-Apr-25	13:06:14	-1.000000E-5	-1.500000E-4	1.240750E-1	3.610500E-5	-2.990000E-6	3.234000E-4	3.900000E-6	0.000000E+0	0.000000E+0	1.964247E-4	2.976042E-9	0.000000E+0	0.000000E+0	9.669892E+0	0.000000E+0	0.000000E+0
24-Apr-25	13:06:14	-1.000000E-5	-1.500000E-4	1.221250E-1	3.615500E-5	-2.885000E-6	3.236000E-4	3.650000E-6	0.000000E+0	0.000000E+0	1.964247E-4	2.976042E-9	0.000000E+0	0.000000E+0	9.668421E+0	0.000000E+0	0.000000E+0
24-Apr-25	13:06:15	-1.000000E-5	-1.500000E-4	1.205350E-1	3.609500E-5	-3.025000E-6	3.237500E-4	3.500000E-6	0.000000E+0	0.000000E+0	1.964247E-4	2.976042E-9	0.000000E+0	0.000000E+0	9.667443E+0	0.000000E+0	0.000000E+0
24-Apr-25	13:06:15	-1.000000E-5	-1.500000E-4	1.189500E-1	3.590000E-5	-2.930000E-6	3.235000E-4	3.700000E-6	0.000000E+0	0.000000E+0	1.964247E-4	2.976042E-9	0.000000E+0	0.000000E+0	9.666595E+0	0.000000E+0	0.000000E+0
24-Apr-25	13:06:16	-1.000000E-5	-1.500000E-4	1.170400E-1	3.611500E-5	-2.955000E-6	3.237500E-4	4.300000E-6	0.000000E+0	0.000000E+0	1.964247E-4	2.976042E-9	0.000000E+0	0.000000E+0	9.665682E+0	0.000000E+0	0.000000E+0
24-Apr-25	13:06:17	-1.000000E-5	-1.500000E-4	1.149900E-1	3.584500E-5	-3.020000E-6	3.236000E-4	3.650000E-6	0.000000E+0	0.000000E+0	1.964247E-4	2.976042E-9	0.000000E+0	0.000000E+0	9.664673E+0	0.000000E+0	0.000000E+0
24-Apr-25	13:06:17	-1.000000E-5	-1.500000E-4	1.132500E-1	3.597500E-5	-2.835000E-6	3.234000E-4	3.500000E-6	0.000000E+0	0.000000E+0	1.964247E-4	2.976042E-9	0.000000E+0	0.000000E+0	9.663981E+0	0.000000E+0	0.000000E+0
24-Apr-25	13:06:18	-1.000000E-5	-1.500000E-4	1.111350E-1	3.598500E-5	-3.060000E-6	3.234500E-4	3.950000E-6	0.000000E+0	0.000000E+0	1.964247E-4	2.976042E-9	0.000000E+0	0.000000E+0	9.662896E+0	0.000000E+0	0.000000E+0
24-Apr-25	13:06:18	-1.000000E-5	-1.500000E-4	1.095500E-1	3.600500E-5	-2.945000E-6	3.239500E-4	3.600000E-6	0.000000E+0	0.000000E+0	1.964247E-4	2.976042E-9	0.000000E+0	0.000000E+0	9.662050E+0	0.000000E+0	0.000000E+0
24-Apr-25	13:06:19	-1.000000E-5	-1.500000E-4	1.079650E-1	3.617000E-5	-3.000000E-6	3.240500E-4	3.900000E-6	0.000000E+0	0.000000E+0	1.964247E-4	2.976042E-9	0.000000E+0	0.000000E+0	9.660980E+0	0.000000E+0	0.000000E+0
24-Apr-25	13:06:19	-1.000000E-5	-1.500000E-4	1.064050E-1	3.626500E-5	-3.000000E-6	3.233500E-4	3.950000E-6	0.000000E+0	0.000000E+0	1.964247E-4	2.976042E-9	0.000000E+0	0.000000E+0	9.659680E+0	0.000000E+0	0.000000E+0
24-Apr-25	13:06:20	-1.000000E-5	-1.500000E-4	1.048450E-1	3.620000E-5	-3.055000E-6	3.236000E-4	4.100000E-6	0.000000E+0	0.000000E+0	1.964247E-4	2.976042E-9	0.000000E+0	0.000000E+0	9.658219E+0	0.000000E+0	0.000000E+0
24-Apr-25	13:06:20	-1.000000E-5	-1.500000E-4	1.030500E-1	3.604500E-5	-2.990000E-6	3.239000E-4	3.550000E-6	0.000000E+0	0.000000E+0	1.964247E-4	2.976042E-9	0.000000E+0	0.000000E+0	9.656249E+0	0.000000E+0	0.000000E+0
24-Apr-25	13:06:21	-1.000000E-5	-1.500000E-4	1.013000E-1	3.611000E-5	-2.935000E-6	3.240500E-4	3.950000E-6	0.000000E+0	0.000000E+0	1.964247E-4	2.976042E-9	0.000000E+0	0.000000E+0	9.654834E+0	0.000000E+0	0.000000E+0
24-Apr-25	13:06:21	-1.000000E-5	-1.500000E-4	9.972000E-2	3.614500E-5	-3.130000E-6	3.239500E-4	3.750000E-6	0.000000E+0	0.000000E+0	1.964247E-4	2.976042E-9	0.000000E+0	0.000000E+0	9.653565E+0	0.000000E+0	0.000000E+0
24-Apr-25	13:06:22	-1.000000E-5	-1.500000E-4	9.797500E-2	3.599000E-5	-2.930000E-6	3.236500E-4	3.900000E-6	0.000000E+0	0.000000E+0	1.964247E-4	2.976042E-9	0.000000E+0	0.000000E+0	9.653139E+0	0.000000E+0	0.000000E+0
24-Apr-25	13:06:22	-1.000000E-5	-1.500000E-4	9.639500E-2	3.613500E-5	-2.925000E-6	3.234000E-4	4.150000E-6	0.000000E+0	0.000000E+0	1.964247E-4	2.976042E-9	0.000000E+0	0.000000E+0	9.653184E+0	0.000000E+0	0.000000E+0
24-Apr-25	13:06:23	-1.000000E-5	-1.500000E-4	9.481000E-2	3.612000E-5	-2.935000E-6	3.237500E-4	3.850000E-6	0.000000E+0	0.000000E+0	1.964247E-4	2.976042E-9	0.000000E+0	0.000000E+0	9.653547E+0	0.000000E+0	0.000000E+0
24-Apr-25	13:06:23	-1.000000E-5	-1.500000E-4	9.290500E-2	3.603000E-5	-3.125000E-6	3.240000E-4	3.700000E-6	0.000000E+0	0.000000E+0	1.964247E-4	2.976042E-9	0.000000E+0	0.000000E+0	9.654361E+0	0.000000E+0	0.000000E+0
24-Apr-25	13:06:24	-1.000000E-5	-1.500000E-4	9.132000E-2	3.606000E-5	-3.065000E-6	3.235000E-4	3.750000E-6	0.000000E+0	0.000000E+0	1.964247E-4	2.976042E-9	0.000000E+0	0.000000E+0	9.655170E+0	0.000000E+0	0.000000E+0
24-Apr-25	13:06:24	-1.000000E-5	-1.500000E-4	8.973500E-2	3.629500E-5	-2.985000E-6	3.240000E-4	3.950000E-6	0.000000E+0	0.000000E+0	1.964247E-4	2.976042E-9	0.000000E+0	0.000000E+0	9.656168E+0	0.000000E+0	0.000000E+0
24-Apr-25	13:06:25	-1.000000E-5	-1.500000E-4	8.749000E-2	3.620500E-5	-2.850000E-6	3.233500E-4	3.700000E-6	0.000000E+0	0.000000E+0	1.964247E-4	2.976042E-9	0.000000E+0	0.000000E+0	9.657106E+0	0.000000E+0	0.000000E+0
24-Apr-25	13:06:26	-1.000000E-5	-1.500000E-4	8.558500E-2	3.615000E-5	-3.015000E-6	3.236500E-4	3.950000E-6	0.000000E+0	0.000000E+0	1.964247E-4	2.976042E-9	0.000000E+0	0.000000E+0	9.657653E+0	0.000000E+0	0.000000E+0
24-Apr-25	13:06:26	-1.000000E-5	-1.500000E-4	8.397500E-2	3.612000E-5	-3.000000E-6	3.233000E-4	3.750000E-6	0.000000E+0	0.000000E+0	1.964247E-4	2.976042E-9	0.000000E+0	0.000000E+0	9.658392E+0	0.000000E+0	0.000000E+0
24-Apr-25	13:06:27	-1.000000E-5	-1.500000E-4	8.239000E-2	3.620000E-5	-3.025000E-6	3.241500E-4	3.400000E-6	0.000000E+0	0.000000E+0	1.964247E-4	2.976042E-9	0.000000E+0	0.000000E+0	9.658979E+0	0.000000E+0	0.000000E+0
24-Apr-25	13:06:27	-1.000000E-5	-1.500000E-4	8.065500E-2	3.623000E-5	-3.015000E-6	3.234000E-4	3.650000E-6	0.000000E+0	0.000000E+0	1.964247E-4	2.976042E-9	0.000000E+0	0.000000E+0	9.659544E+0	0.000000E+0	0.000000E+0
24-Apr-25	13:06:28	-1.000000E-5	-1.500000E-4	7.890500E-2	3.614000E-5	-2.950000E-6	3.240500E-4	3.650000E-6	0.000000E+0	0.000000E+0	1.964247E-4	2.976042E-9	0.000000E+0	0.000000E+0	9.660214E+0	0.000000E+0	0.000000E+0
24-Apr-25	13:06:29	-1.000000E-5	-1.500000E-4	7.685500E-2	3.628500E-5	-2.985000E-6	3.237000E-4	4.250000E-6	0.000000E+0	0.000000E+0	1.964247E-4	2.976042E-9	0.000000E+0	0.000000E+0	9.660917E+0	0.000000E+0	0.000000E+0
24-Apr-25	13:06:29	-1.000000E-5	-1.500000E-4	7.525500E-2	3.617000E-5	-3.025000E-6	3.236000E-4	3.950000E-6	0.000000E+0	0.000000E+0	1.964247E-4	2.976042E-9	0.000000E+0	0.000000E+0	9.661517E+0	0.000000E+0	0.000000E+0
24-Apr-25	13:06:30	-1.000000E-5	-1.500000E-4	7.367500E-2	3.611000E-5	-3.000000E-6	3.230500E-4	3.650000E-6	0.000000E+0	0.000000E+0	1.964247E-4	2.976042E-9	0.000000E+0	0.000000E+0	9.661735E+0	0.000000E+0	0.000000E+0
24-Apr-25	13:06:30	-1.000000E-5	-1.500000E-4	7.209000E-2	3.605000E-5	-2.945000E-6	3.234500E-4	3.950000E-6	0.000000E+0	0.000000E+0	1.964247E-4	2.976042E-9	0.000000E+0	0.000000E+0	9.661667E+0	0.000000E+0	0.000000E+0
24-Apr-25	13:06:31	-1.000000E-5	-1.500000E-4	7.050500E-2	3.612500E-5	-2.925000E-6	3.241000E-4	4.050000E-6	0.000000E+0	0.000000E+0	1.964247E-4	2.976042E-9	0.000000E+0	0.000000E+0	9.661504E+0	0.000000E+0	0.000000E+0
24-Apr-25	13:06:31	-1.000000E-5	-1.500000E-4	6.875500E-2	3.631500E-5	-3.005000E-6	3.239500E-4	3.500000E-6	0.000000E+0	0.000000E+0	1.964247E-4	2.976042E-9	0.000000E+0	0.000000E+0	9.661192E+0	0.000000E+0	0.000000E+0
24-Apr-25	13:06:32	-1.000000E-5	-1.500000E-4	6.717000E-2	3.615000E-5	-3.060000E-6	3.241000E-4	4.000000E-6	0.000000E+0	0.000000E+0	1.964247E-4	2.976042E-9	0.000000E+0	0.000000E+0	9.660693E+0	0.000000E+0	0.000000E+0
24-Apr-25	13:06:32	-1.000000E-5	-1.500000E-4	6.542500E-2	3.601500E-5	-2.975000E-6	3.238000E-4	3.650000E-6	0.000000E+0	0.000000E+0	1.964247E-4	2.976042E-9	0.000000E+0	0.000000E+0	9.659788E+0	0.000000E+0	0.000000E+0
24-Apr-25	13:06:33	-1.000000E-5	-1.500000E-4	6.368500E-2	3.614000E-5	-2.925000E-6	3.240500E-4	4.150000E-6	0.000000E+0	0.000000E+0	1.964247E-4	2.976042E-9	0.000000E+0	0.000000E+0	9.658712E+0	0.000000E+0	0.000000E+0
24-Apr-25	13:06:33	-1.000000E-5	-1.500000E-4	6.210000E-2	3.607500E-5	-2.945000E-6	3.239000E-4	3.800000E-6	0.000000E+0	0.000000E+0	1.964247E-4	2.976042E-9	0.000000E+0	0.000000E+0	9.657862E+0	0.000000E+0	0.000000E+0
24-Apr-25	13:06:34	-1.000000E-5	-1.500000E-4	6.004500E-2	3.604000E-5	-3.060000E-6	3.240500E-4	3.750000E-6	0.000000E+0	0.000000E+0	1.964247E-4	2.976042E-9	0.000000E+0	0.000000E+0	9.656568E+0	0.000000E+0	0.000000E+0
24-Apr-25	13:06:34	-1.000000E-5	-1.500000E-4	5.845000E-2	3.606500E-5	-2.985000E-6	3.237500E-4	4.000000E-6	0.000000E+0	0.000000E+0	1.964247E-4	2.976042E-9	0.000000E+0	0.000000E+0	9.655475E+0	0.000000E+0	0.000000E+0
24-Apr-25	13:06:35	-1.000000E-5	-1.500000E-4	5.671500E-2	3.601500E-5	-2.960000E-6	3.240000E-4	3.400000E-6	0.000000E+0	0.000000E+0	1.964247E-4	2.976042E-9	0.000000E+0	0.000000E+0	9.654170E+0	0.000000E+0	0.000000E+0
24-Apr-25	13:06:35	-1.000000E-5	-1.500000E-4	5.497500E-2	3.606500E-5	-2.975000E-6	3.234000E-4	3.950000E-6	0.000000E+0	0.000000E+0	1.964247E-4	2.976042E-9	0.000000E+0	0.000000E+0	9.653197E+0	0.000000E+0	0.000000E+0
24-Apr-25	13:06:36	-1.000000E-5	-1.500000E-4	5.338000E-2	3.608500E-5	-2.940000E-6	3.235500E-4	3.700000E-6	0.000000E+0	0.000000E+0	1.964247E-4	2.976042E-9	0.000000E+0	0.000000E+0	9.652185E+0	0.000000E+0	0.000000E+0
24-Apr-25	13:06:37	-1.000000E-5	-1.500000E-4	5.111500E-2	3.608000E-5	-2.960000E-6	3.233000E-4	3.750000E-6	0.000000E+0	0.000000E+0	1.964247E-4	2.976042E-9	0.000000E+0	0.000000E+0	9.651561E+0	0.000000E+0	0.000000E+0
24-Apr-25	13:06:37	-1.000000E-5	-1.500000E-4	4.952500E-2	3.598000E-5	-2.940000E-6	3.237500E-4	4.100000E-6	0.000000E+0	0.000000E+0	1.964247E-4	2.976042E-9	0.000000E+0	0.000000E+0	9.651321E+0	0.000000E+0	0.000000E+0
24-Apr-25	13:06:38	-1.000000E-5	-1.500000E-4	4.794500E-2	3.604000E-5	-3.055000E-6	3.236000E-4	3.950000E-6	0.000000E+0	0.000000E+0	1.964247E-4	2.976042E-9	0.000000E+0	0.000000E+0	9.651217E+0	0.000000E+0	0.000000E+0
24-Apr-25	13:06:38	-1.000000E-5	-1.500000E-4	4.636000E-2	3.617000E-5	-3.100000E-6	3.236500E-4	3.800000E-6	0.000000E+0	0.000000E+0	1.964247E-4	2.976042E-9	0.000000E+0	0.000000E+0	9.651264E+0	0.000000E+0	0.000000E+0
24-Apr-25	13:06:39	-1.000000E-5	-1.500000E-4	4.462500E-2	3.609000E-5	-3.020000E-6	3.244000E-4	4.100000E-6	0.000000E+0	0.000000E+0	1.964247E-4	2.976042E-9	0.000000E+0	0.000000E+0	9.651409E+0	0.000000E+0	0.000000E+0
24-Apr-25	13:06:39	-1.000000E-5	-1.500000E-4	4.303500E-2	3.601000E-5	-2.950000E-6	3.239000E-4	3.750000E-6	0.000000E+0	0.000000E+0	1.964247E-4	2.976042E-9	0.000000E+0	0.000000E+0	9.651362E+0	0.000000E+0	0.000000E+0
24-Apr-25	13:06:40	-1.000000E-5	-1.500000E-4	4.144500E-2	3.606000E-5	-2.900000E-6	3.237500E-4	3.400000E-6	0.000000E+0	0.000000E+0	1.964247E-4	2.976042E-9	0.000000E+0	0.000000E+0	9.651004E+0	0.000000E+0	0.000000E+0
24-Apr-25	13:06:40	-1.000000E-5	-1.500000E-4	3.970500E-2	3.625500E-5	-2.885000E-6	3.233000E-4	3.950000E-6	0.000000E+0	0.000000E+0	1.964247E-4	2.976042E-9	0.000000E+0	0.000000E+0	9.650448E+0	0.000000E+0	0.000000E+0
24-Apr-25	13:06:41	-1.000000E-5	-1.500000E-4	3.812000E-2	3.617000E-5	-2.900000E-6	3.237500E-4	4.050000E-6	0.000000E+0	0.000000E+0	1.964247E-4	2.976042E-9	0.000000E+0	0.000000E+0	9.649573E+0	0.000000E+0	0.000000E+0
24-Apr-25	13:06:41	-1.000000E-5	-1.500000E-4	3.637500E-2	3.620000E-5	-2.945000E-6	3.242000E-4	3.850000E-6	0.000000E+0	0.000000E+0	1.964247E-4	2.976042E-9	0.000000E+0	0.000000E+0	9.648613E+0	0.000000E+0	0.000000E+0
24-Apr-25	13:06:42	-1.000000E-5	-1.500000E-4	3.478500E-2	3.608500E-5	-3.030000E-6	3.237500E-4	3.850000E-6	0.000000E+0	0.000000E+0	1.964247E-4	2.976042E-9	0.000000E+0	0.000000E+0	9.647434E+0	0.000000E+0	0.000000E+0
24-Apr-25	13:06:42	-1.000000E-5	-1.500000E-4	3.288000E-2	3.601500E-5	-3.005000E-6	3.237500E-4	3.100000E-6	0.000000E+0	0.000000E+0	1.964247E-4	2.976042E-9	0.000000E+0	0.000000E+0	9.645778E+0	0.000000E+0	0.000000E+0
24-Apr-25	13:06:43	-1.000000E-5	-1.500000E-4	3.130000E-2	3.614500E-5	-3.015000E-6	3.243000E-4	3.700000E-6	0.000000E+0	0.000000E+0	1.964247E-4	2.976042E-9	0.000000E+0	0.000000E+0	9.644468E+0	0.000000E+0	0.000000E+0
24-Apr-25	13:06:43	-1.000000E-5	-1.500000E-4	2.955500E-2	3.615000E-5	-3.035000E-6	3.237500E-4	3.600000E-6	0.000000E+0	0.000000E+0	1.964247E-4	2.976042E-9	0.000000E+0	0.000000E+0	9.642886E+0	0.000000E+0	0.000000E+0
24-Apr-25	13:06:44	-1.000000E-5	-1.500000E-4	2.797000E-2	3.612000E-5	-2.795000E-6	3.240500E-4	3.400000E-6	0.000000E+0	0.000000E+0	1.964247E-4	2.976042E-9	0.000000E+0	0.000000E+0	9.641740E+0	0.000000E+0	0.000000E+0
24-Apr-25	13:06:44	-1.000000E-5	-1.500000E-4	2.638500E-2	3.612500E-5	-2.980000E-6	3.240500E-4	3.450000E-6	0.000000E+0	0.000000E+0	1.964247E-4	2.976042E-9	0.000000E+0	0.000000E+0	9.640727E+0	0.000000E+0	0.000000E+0
24-Apr-25	13:06:45	-1.000000E-5	-1.500000E-4	2.480500E-2	3.607000E-5	-3.075000E-6	3.239000E-4	3.550000E-6	0.000000E+0	0.000000E+0	1.964247E-4	2.976042E-9	0.000000E+0	0.000000E+0	9.639643E+0	0.000000E+0	0.000000E+0
24-Apr-25	13:06:46	-1.000000E-5	-1.500000E-4	2.306000E-2	3.600000E-5	-2.915000E-6	3.234500E-4	3.800000E-6	0.000000E+0	0.000000E+0	1.964247E-4	2.976042E-9	0.000000E+0	0.000000E+0	9.638938E+0	0.000000E+0	0.000000E+0
24-Apr-25	13:06:46	-1.000000E-5	-1.500000E-4	2.078500E-2	3.608500E-5	-2.915000E-6	3.238000E-4	3.650000E-6	0.000000E+0	0.000000E+0	1.964247E-4	2.976042E-9	0.000000E+0	0.000000E+0	9.638113E+0	0.000000E+0	0.000000E+0
24-Apr-25	13:06:47	-1.000000E-5	-1.500000E-4	1.920000E-2	3.606500E-5	-2.945000E-6	3.241500E-4	3.750000E-6	0.000000E+0	0.000000E+0	1.964247E-4	2.976042E-9	0.000000E+0	0.000000E+0	9.637528E+0	0.000000E+0	0.000000E+0
24-Apr-25	13:06:47	-1.000000E-5	-1.500000E-4	1.697500E-2	3.615000E-5	-2.945000E-6	3.241000E-4	3.700000E-6	0.000000E+0	0.000000E+0	1.964247E-4	2.976042E-9	0.000000E+0	0.000000E+0	9.636572E+0	0.000000E+0	0.000000E+0
24-Apr-25	13:06:48	-1.000000E-5	-1.500000E-4	1.539500E-2	3.613000E-5	-2.965000E-6	3.237500E-4	3.650000E-6	0.000000E+0	0.000000E+0	1.964247E-4	2.976042E-9	0.000000E+0	0.000000E+0	9.636147E+0	0.000000E+0	0.000000E+0
24-Apr-25	13:06:49	-1.000000E-5	-1.500000E-4	1.381500E-2	3.622000E-5	-2.875000E-6	3.239000E-4	4.100000E-6	0.000000E+0	0.000000E+0	1.964247E-4	2.976042E-9	0.000000E+0	0.000000E+0	9.635979E+0	0.000000E+0	0.000000E+0
24-Apr-25	13:06:49	-1.000000E-5	-1.500000E-4	1.207000E-2	3.606000E-5	-2.895000E-6	3.240500E-4	3.950000E-6	0.000000E+0	0.000000E+0	1.964247E-4	2.976042E-9	0.000000E+0	0.000000E+0	9.635972E+0	0.000000E+0	0.000000E+0
24-Apr-25	13:06:50	-1.000000E-5	-1.500000E-4	1.032500E-2	3.612500E-5	-2.805000E-6	3.243000E-4	3.450000E-6	0.000000E+0	0.000000E+0	1.964247E-4	2.976042E-9	0.000000E+0	0.000000E+0	9.636152E+0	0.000000E+0	0.000000E+0
24-Apr-25	13:06:50	-1.000000E-5	-1.500000E-4	7.895000E-3	3.609500E-5	-2.875000E-6	3.232000E-4	3.950000E-6	0.000000E+0	0.000000E+0	1.964247E-4	2.976042E-9	0.000000E+0	0.000000E+0	9.636936E+0	0.000000E+0	0.000000E+0
24-Apr-25	13:06:51	-1.000000E-5	-1.500000E-4	6.155000E-3	3.617500E-5	-2.900000E-6	3.244500E-4	3.750000E-6	0.000000E+0	0.000000E+0	1.964247E-4	2.976042E-9	0.000000E+0	0.000000E+0	9.637578E+0	0.000000E+0	0.000000E+0
24-Apr-25	13:06:51	-1.000000E-5	-1.500000E-4	4.560000E-3	3.606500E-5	-3.070000E-6	3.237500E-4	3.900000E-6	0.000000E+0	0.000000E+0	1.964247E-4	2.976042E-9	0.000000E+0	0.000000E+0	9.638216E+0	0.000000E+0	0.000000E+0
24-Apr-25	13:06:52	-1.000000E-5	-1.500000E-4	2.310000E-3	3.626500E-5	-2.960000E-6	3.240500E-4	3.700000E-6	0.000000E+0	0.000000E+0	1.964247E-4	2.976042E-9	0.000000E+0	0.000000E+0	9.639323E+0	0.000000E+0	0.000000E+0
24-Apr-25	13:06:53	-1.000000E-5	-1.500000E-4	-2.450000E-4	3.608500E-5	-2.905000E-6	3.237000E-4	4.350000E-6	0.000000E+0	0.000000E+0	1.964247E-4	2.976042E-9	0.000000E+0	0.000000E+0	9.640323E+0	0.000000E+0	0.000000E+0
24-Apr-25	13:06:53	-1.000000E-5	-1.500000E-4	-1.980000E-3	3.604500E-5	-2.950000E-6	3.238000E-4	3.250000E-6	0.000000E+0	0.000000E+0	1.964247E-4	2.976042E-9	0.000000E+0	0.000000E+0	9.640898E+0	0.000000E+0	0.000000E+0
24-Apr-25	13:06:54	-1.000000E-5	-1.500000E-4	-3.565000E-3	3.607500E-5	-2.955000E-6	3.240000E-4	2.950000E-6	0.000000E+0	0.000000E+0	1.964247E-4	2.976042E-9	0.000000E+0	0.000000E+0	9.641227E+0	0.000000E+0	0.000000E+0
24-Apr-25	13:06:54	-1.000000E-5	-1.500000E-4	-5.150000E-3	3.608500E-5	-3.020000E-6	3.242000E-4	3.750000E-6	0.000000E+0	0.000000E+0	1.964247E-4	2.976042E-9	0.000000E+0	0.000000E+0	9.641387E+0	0.000000E+0	0.000000E+0
24-Apr-25	13:06:55	-1.000000E-5	-1.500000E-4	-6.735000E-3	3.593500E-5	-2.955000E-6	3.240500E-4	4.800000E-6	0.000000E+0	0.000000E+0	1.964247E-4	2.976042E-9	0.000000E+0	0.000000E+0	9.641628E+0	0.000000E+0	0.000000E+0
24-Apr-25	13:06:55	-1.000000E-5	-1.500000E-4	-8.315000E-3	3.588000E-5	-2.970000E-6	3.240500E-4	3.800000E-6	0.000000E+0	0.000000E+0	1.964247E-4	2.976042E-9	0.000000E+0	0.000000E+0	9.641933E+0	0.000000E+0	0.000000E+0
24-Apr-25	13:06:56	-1.000000E-5	-1.500000E-4	-1.006500E-2	3.600500E-5	-3.040000E-6	3.237500E-4	4.450000E-6	0.000000E+0	0.000000E+0	1.964247E-4	2.976042E-9	0.000000E+0	0.000000E+0	9.642210E+0	0.000000E+0	0.000000E+0
24-Apr-25	13:06:57	-1.000000E-5	-1.500000E-4	-1.164500E-2	3.603500E-5	-3.100000E-6	3.246500E-4	3.700000E-6	0.000000E+0	0.000000E+0	1.964247E-4	2.976042E-9	0.000000E+0	0.000000E+0	9.642544E+0	0.000000E+0	0.000000E+0
24-Apr-25	13:06:57	-1.000000E-5	-1.500000E-4	-1.323500E-2	3.602500E-5	-3.030000E-6	3.236000E-4	3.800000E-6	0.000000E+0	0.000000E+0	1.964247E-4	2.976042E-9	0.000000E+0	0.000000E+0	9.643000E+0	0.000000E+0	0.000000E+0
24-Apr-25	13:06:58	-1.000000E-5	-1.500000E-4	-1.516000E-2	3.607500E-5	-2.985000E-6	3.235000E-4	4.000000E-6	0.000000E+0	0.000000E+0	1.964247E-4	2.976042E-9	0.000000E+0	0.000000E+0	9.643275E+0	0.000000E+0	0.000000E+0
24-Apr-25	13:06:58	-1.000000E-5	-1.500000E-4	-1.672500E-2	3.610000E-5	-2.880000E-6	3.238000E-4	3.500000E-6	0.000000E+0	0.000000E+0	1.964247E-4	2.976042E-9	0.000000E+0	0.000000E+0	9.643295E+0	0.000000E+0	0.000000E+0
24-Apr-25	13:06:59	-1.000000E-5	-1.500000E-4	-1.851000E-2	3.610000E-5	-3.005000E-6	3.232000E-4	4.000000E-6	0.000000E+0	0.000000E+0	1.964247E-4	2.976042E-9	0.000000E+0	0.000000E+0	9.643277E+0	0.000000E+0	0.000000E+0
24-Apr-25	13:06:59	-1.000000E-5	-1.500000E-4	-2.025500E-2	3.611500E-5	-2.995000E-6	3.236000E-4	3.600000E-6	0.000000E+0	0.000000E+0	1.964247E-4	2.976042E-9	0.000000E+0	0.000000E+0	9.643361E+0	0.000000E+0	0.000000E+0
24-Apr-25	13:07:00	-1.000000E-5	-1.500000E-4	-2.183500E-2	3.614000E-5	-3.020000E-6	3.239000E-4	3.950000E-6	0.000000E+0	0.000000E+0	1.964247E-4	2.976042E-9	0.000000E+0	0.000000E+0	9.643451E+0	0.000000E+0	0.000000E+0
24-Apr-25	13:07:00	-1.000000E-5	-1.500000E-4	-2.336500E-2	3.611000E-5	-3.045000E-6	3.237500E-4	3.800000E-6	0.000000E+0	0.000000E+0	1.964247E-4	2.976042E-9	0.000000E+0	0.000000E+0	9.643565E+0	0.000000E+0	0.000000E+0
24-Apr-25	13:07:01	-1.000000E-5	-1.500000E-4	-2.532500E-2	3.594000E-5	-3.020000E-6	3.235500E-4	3.750000E-6	0.000000E+0	0.000000E+0	1.964247E-4	2.976042E-9	0.000000E+0	0.000000E+0	9.643727E+0	0.000000E+0	0.000000E+0
24-Apr-25	13:07:01	-1.000000E-5	-1.500000E-4	-2.691000E-2	3.611000E-5	-3.000000E-6	3.237500E-4	3.650000E-6	0.000000E+0	0.000000E+0	1.964247E-4	2.976042E-9	0.000000E+0	0.000000E+0	9.643687E+0	0.000000E+0	0.000000E+0
24-Apr-25	13:07:02	-1.000000E-5	-1.500000E-4	-2.865500E-2	3.614500E-5	-2.920000E-6	3.234500E-4	3.400000E-6	0.000000E+0	0.000000E+0	1.964247E-4	2.976042E-9	0.000000E+0	0.000000E+0	9.643205E+0	0.000000E+0	0.000000E+0
24-Apr-25	13:07:02	-1.000000E-5	-1.500000E-4	-3.039500E-2	3.605000E-5	-2.945000E-6	3.240000E-4	3.450000E-6	0.000000E+0	0.000000E+0	1.964247E-4	2.976042E-9	0.000000E+0	0.000000E+0	9.642490E+0	0.000000E+0	0.000000E+0
24-Apr-25	13:07:03	-1.000000E-5	-1.500000E-4	-3.198500E-2	3.609000E-5	-2.960000E-6	3.238500E-4	3.350000E-6	0.000000E+0	0.000000E+0	1.964247E-4	2.976042E-9	0.000000E+0	0.000000E+0	9.641356E+0	0.000000E+0	0.000000E+0
24-Apr-25	13:07:03	-1.000000E-5	-1.500000E-4	-3.357500E-2	3.617000E-5	-3.055000E-6	3.242500E-4	3.750000E-6	0.000000E+0	0.000000E+0	1.964247E-4	2.976042E-9	0.000000E+0	0.000000E+0	9.640282E+0	0.000000E+0	0.000000E+0
24-Apr-25	13:07:04	-1.000000E-5	-1.500000E-4	-3.579000E-2	3.610000E-5	-3.010000E-6	3.239500E-4	3.600000E-6	0.000000E+0	0.000000E+0	1.964247E-4	2.976042E-9	0.000000E+0	0.000000E+0	9.638737E+0	0.000000E+0	0.000000E+0
24-Apr-25	13:07:05	-1.000000E-5	-1.500000E-4	-3.835000E-2	3.604000E-5	-2.980000E-6	3.238000E-4	4.000000E-6	0.000000E+0	0.000000E+0	1.964247E-4	2.976042E-9	0.000000E+0	0.000000E+0	9.637185E+0	0.000000E+0	0.000000E+0
24-Apr-25	13:07:06	-1.000000E-5	-1.500000E-4	-4.091500E-2	3.618000E-5	-2.950000E-6	3.239500E-4	3.900000E-6	0.000000E+0	0.000000E+0	1.964247E-4	2.976042E-9	0.000000E+0	0.000000E+0	9.636080E+0	0.000000E+0	0.000000E+0
24-Apr-25	13:07:06	-1.000000E-5	-1.500000E-4	-4.297000E-2	3.621000E-5	-2.970000E-6	3.240000E-4	3.650000E-6	0.000000E+0	0.000000E+0	1.964247E-4	2.976042E-9	0.000000E+0	0.000000E+0	9.635266E+0	0.000000E+0	0.000000E+0
24-Apr-25	13:07:07	-1.000000E-5	-1.500000E-4	-4.455500E-2	3.631500E-5	-3.050000E-6	3.236000E-4	3.650000E-6	0.000000E+0	0.000000E+0	1.964247E-4	2.976042E-9	0.000000E+0	0.000000E+0	9.634604E+0	0.000000E+0	0.000000E+0
24-Apr-25	13:07:07	-1.000000E-5	-1.500000E-4	-4.614000E-2	3.607000E-5	-2.865000E-6	3.237500E-4	3.700000E-6	0.000000E+0	0.000000E+0	1.964247E-4	2.976042E-9	0.000000E+0	0.000000E+0	9.633634E+0	0.000000E+0	0.000000E+0
24-Apr-25	13:07:08	-1.000000E-5	-1.500000E-4	-4.772500E-2	3.617000E-5	-2.905000E-6	3.234500E-4	4.050000E-6	0.000000E+0	0.000000E+0	1.964247E-4	2.976042E-9	0.000000E+0	0.000000E+0	9.632689E+0	0.000000E+0	0.000000E+0
24-Apr-25	13:07:08	-1.000000E-5	-1.500000E-4	-4.948000E-2	3.618500E-5	-2.895000E-6	3.238500E-4	3.800000E-6	0.000000E+0	0.000000E+0	1.964247E-4	2.976042E-9	0.000000E+0	0.000000E+0	9.631581E+0	0.000000E+0	0.000000E+0
24-Apr-25	13:07:09	-1.000000E-5	-1.500000E-4	-5.105500E-2	3.615500E-5	-2.945000E-6	3.236000E-4	3.650000E-6	0.000000E+0	0.000000E+0	1.964247E-4	2.976042E-9	0.000000E+0	0.000000E+0	9.630465E+0	0.000000E+0	0.000000E+0
24-Apr-25	13:07:09	-1.000000E-5	-1.500000E-4	-5.264000E-2	3.618000E-5	-2.965000E-6	3.241000E-4	3.850000E-6	0.000000E+0	0.000000E+0	1.964247E-4	2.976042E-9	0.000000E+0	0.000000E+0	9.629307E+0	0.000000E+0	0.000000E+0
24-Apr-25	13:07:10	-1.000000E-5	-1.500000E-4	-5.438000E-2	3.609000E-5	-2.970000E-6	3.236500E-4	4.000000E-6	0.000000E+0	0.000000E+0	1.964247E-4	2.976042E-9	0.000000E+0	0.000000E+0	9.628631E+0	0.000000E+0	0.000000E+0
24-Apr-25	13:07:10	-1.000000E-5	-1.500000E-4	-5.581000E-2	3.603000E-5	-3.005000E-6	3.240000E-4	4.100000E-6	0.000000E+0	0.000000E+0	1.964247E-4	2.976042E-9	0.000000E+0	0.000000E+0	9.628187E+0	0.000000E+0	0.000000E+0
24-Apr-25	13:07:11	-1.000000E-5	-1.500000E-4	-5.771500E-2	3.615000E-5	-2.975000E-6	3.235500E-4	4.000000E-6	0.000000E+0	0.000000E+0	1.964247E-4	2.976042E-9	0.000000E+0	0.000000E+0	9.628151E+0	0.000000E+0	0.000000E+0
24-Apr-25	13:07:12	-1.000000E-5	-1.500000E-4	-5.946000E-2	3.607000E-5	-3.050000E-6	3.238500E-4	3.950000E-6	0.000000E+0	0.000000E+0	1.964247E-4	2.976042E-9	0.000000E+0	0.000000E+0	9.628480E+0	0.000000E+0	0.000000E+0
24-Apr-25	13:07:12	-1.000000E-5	-1.500000E-4	-6.104500E-2	3.610500E-5	-2.885000E-6	3.234000E-4	3.600000E-6	0.000000E+0	0.000000E+0	1.964247E-4	2.976042E-9	0.000000E+0	0.000000E+0	9.628879E+0	0.000000E+0	0.000000E+0
24-Apr-25	13:07:13	-1.000000E-5	-1.500000E-4	-6.262500E-2	3.621500E-5	-2.915000E-6	3.240000E-4	3.950000E-6	0.000000E+0	0.000000E+0	1.964247E-4	2.976042E-9	0.000000E+0	0.000000E+0	9.629004E+0	0.000000E+0	0.000000E+0
24-Apr-25	13:07:13	-1.000000E-5	-1.500000E-4	-6.442500E-2	3.614000E-5	-2.905000E-6	3.252000E-4	3.950000E-6	0.000000E+0	0.000000E+0	1.964247E-4	2.976042E-9	0.000000E+0	0.000000E+0	9.628850E+0	0.000000E+0	0.000000E+0
24-Apr-25	13:07:14	-1.000000E-5	-1.500000E-4	-6.602000E-2	3.636000E-5	-2.760000E-6	3.258000E-4	3.250000E-6	0.000000E+0	0.000000E+0	1.964247E-4	2.976042E-9	0.000000E+0	0.000000E+0	9.628448E+0	0.000000E+0	0.000000E+0
24-Apr-25	13:07:14	-1.000000E-5	-1.500000E-4	-6.760000E-2	3.616000E-5	-2.840000E-6	3.253000E-4	3.900000E-6	0.000000E+0	0.000000E+0	1.964247E-4	2.976042E-9	0.000000E+0	0.000000E+0	9.627605E+0	0.000000E+0	0.000000E+0
24-Apr-25	13:07:15	-1.000000E-5	-1.500000E-4	-6.934000E-2	3.616500E-5	-2.965000E-6	3.250500E-4	4.050000E-6	0.000000E+0	0.000000E+0	1.964247E-4	2.976042E-9	0.000000E+0	0.000000E+0	9.626849E+0	0.000000E+0	0.000000E+0
24-Apr-25	13:07:15	-1.000000E-5	-1.500000E-4	-7.108000E-2	3.607500E-5	-3.045000E-6	3.252500E-4	4.050000E-6	0.000000E+0	0.000000E+0	1.964247E-4	2.976042E-9	0.000000E+0	0.000000E+0	9.626004E+0	0.000000E+0	0.000000E+0
24-Apr-25	13:07:16	-1.000000E-5	-1.500000E-4	-7.266500E-2	3.612500E-5	-3.055000E-6	3.254500E-4	4.050000E-6	0.000000E+0	0.000000E+0	1.964247E-4	2.976042E-9	0.000000E+0	0.000000E+0	9.625402E+0	0.000000E+0	0.000000E+0
24-Apr-25	13:07:16	-1.000000E-5	-1.500000E-4	-7.425000E-2	3.630000E-5	-3.035000E-6	3.253000E-4	3.250000E-6	0.000000E+0	0.000000E+0	1.964247E-4	2.976042E-9	0.000000E+0	0.000000E+0	9.624749E+0	0.000000E+0	0.000000E+0
24-Apr-25	13:07:17	-1.000000E-5	-1.500000E-4	-7.615500E-2	3.614500E-5	-2.845000E-6	3.253500E-4	4.150000E-6	0.000000E+0	0.000000E+0	1.964247E-4	2.976042E-9	0.000000E+0	0.000000E+0	9.623946E+0	0.000000E+0	0.000000E+0
24-Apr-25	13:07:17	-1.000000E-5	-1.500000E-4	-7.773500E-2	3.619000E-5	-3.010000E-6	3.260000E-4	3.500000E-6	0.000000E+0	0.000000E+0	1.964247E-4	2.976042E-9	0.000000E+0	0.000000E+0	9.623236E+0	0.000000E+0	0.000000E+0
24-Apr-25	13:07:18	-1.000000E-5	-1.500000E-4	-7.963500E-2	3.625000E-5	-2.935000E-6	3.255000E-4	4.100000E-6	0.000000E+0	0.000000E+0	1.964247E-4	2.976042E-9	0.000000E+0	0.000000E+0	9.621878E+0	0.000000E+0	0.000000E+0
24-Apr-25	13:07:19	-1.000000E-5	-1.500000E-4	-8.154000E-2	3.622000E-5	-2.890000E-6	3.255000E-4	3.650000E-6	0.000000E+0	0.000000E+0	1.964247E-4	2.976042E-9	0.000000E+0	0.000000E+0	9.620783E+0	0.000000E+0	0.000000E+0
24-Apr-25	13:07:19	-1.000000E-5	-1.500000E-4	-8.366000E-2	3.624500E-5	-2.935000E-6	3.256500E-4	3.700000E-6	0.000000E+0	0.000000E+0	1.964247E-4	2.976042E-9	0.000000E+0	0.000000E+0	9.619358E+0	0.000000E+0	0.000000E+0
24-Apr-25	13:07:20	-1.000000E-5	-1.500000E-4	-8.619000E-2	3.626000E-5	-2.875000E-6	3.259000E-4	3.250000E-6	0.000000E+0	0.000000E+0	1.964247E-4	2.976042E-9	0.000000E+0	0.000000E+0	9.617161E+0	0.000000E+0	0.000000E+0
24-Apr-25	13:07:21	-1.000000E-5	-1.500000E-4	-8.793000E-2	3.626000E-5	-2.820000E-6	3.253000E-4	3.800000E-6	0.000000E+0	0.000000E+0	1.964247E-4	2.976042E-9	0.000000E+0	0.000000E+0	9.616178E+0	0.000000E+0	0.000000E+0
24-Apr-25	13:07:21	-1.000000E-5	-1.500000E-4	-8.951500E-2	3.615500E-5	-2.980000E-6	3.253000E-4	3.600000E-6	0.000000E+0	0.000000E+0	1.964247E-4	2.976042E-9	0.000000E+0	0.000000E+0	9.615199E+0	0.000000E+0	0.000000E+0
24-Apr-25	13:07:22	-1.000000E-5	-1.500000E-4	-9.142000E-2	3.618000E-5	-3.005000E-6	3.249000E-4	3.800000E-6	0.000000E+0	0.000000E+0	1.964247E-4	2.976042E-9	0.000000E+0	0.000000E+0	9.614100E+0	0.000000E+0	0.000000E+0
24-Apr-25	13:07:22	-1.000000E-5	-1.500000E-4	-9.321500E-2	3.596000E-5	-2.895000E-6	3.254000E-4	3.800000E-6	0.000000E+0	0.000000E+0	1.964247E-4	2.976042E-9	0.000000E+0	0.000000E+0	9.613131E+0	0.000000E+0	0.000000E+0
24-Apr-25	13:07:23	-1.000000E-5	-1.500000E-4	-9.479500E-2	3.618500E-5	-2.870000E-6	3.253500E-4	3.500000E-6	0.000000E+0	0.000000E+0	1.964247E-4	2.976042E-9	0.000000E+0	0.000000E+0	9.612316E+0	0.000000E+0	0.000000E+0
24-Apr-25	13:07:23	-1.000000E-5	-1.500000E-4	-9.655000E-2	3.621500E-5	-2.940000E-6	3.253000E-4	3.450000E-6	0.000000E+0	0.000000E+0	1.964247E-4	2.976042E-9	0.000000E+0	0.000000E+0	9.611428E+0	0.000000E+0	0.000000E+0
24-Apr-25	13:07:24	-1.000000E-5	-1.500000E-4	-9.813000E-2	3.612000E-5	-2.965000E-6	3.256000E-4	3.500000E-6	0.000000E+0	0.000000E+0	1.964247E-4	2.976042E-9	0.000000E+0	0.000000E+0	9.610394E+0	0.000000E+0	0.000000E+0
24-Apr-25	13:07:24	-1.000000E-5	-1.500000E-4	-9.972000E-2	3.615500E-5	-2.865000E-6	3.252500E-4	3.800000E-6	0.000000E+0	0.000000E+0	1.964247E-4	2.976042E-9	0.000000E+0	0.000000E+0	9.608938E+0	0.000000E+0	0.000000E+0
24-Apr-25	13:07:25	-1.000000E-5	-1.500000E-4	-1.016200E-1	3.616500E-5	-2.855000E-6	3.256000E-4	3.450000E-6	0.000000E+0	0.000000E+0	1.964247E-4	2.976042E-9	0.000000E+0	0.000000E+0	9.607358E+0	0.000000E+0	0.000000E+0
24-Apr-25	13:07:26	-1.000000E-5	-1.500000E-4	-1.038900E-1	3.627000E-5	-3.080000E-6	3.254500E-4	4.050000E-6	0.000000E+0	0.000000E+0	1.964247E-4	2.976042E-9	0.000000E+0	0.000000E+0	9.605949E+0	0.000000E+0	0.000000E+0
24-Apr-25	13:07:26	-1.000000E-5	-1.500000E-4	-1.061050E-1	3.623500E-5	-2.970000E-6	3.252500E-4	3.800000E-6	0.000000E+0	0.000000E+0	1.964247E-4	2.976042E-9	0.000000E+0	0.000000E+0	9.604787E+0	0.000000E+0	0.000000E+0
24-Apr-25	13:07:27	-1.000000E-5	-1.500000E-4	-1.078500E-1	3.612000E-5	-3.020000E-6	3.252000E-4	3.300000E-6	0.000000E+0	0.000000E+0	1.964247E-4	2.976042E-9	0.000000E+0	0.000000E+0	9.604309E+0	0.000000E+0	0.000000E+0
24-Apr-25	13:07:28	-1.000000E-5	-1.500000E-4	-1.094350E-1	3.620000E-5	-2.975000E-6	3.257500E-4	4.050000E-6	0.000000E+0	0.000000E+0	1.964247E-4	2.976042E-9	0.000000E+0	0.000000E+0	9.604342E+0	0.000000E+0	0.000000E+0
24-Apr-25	13:07:28	-1.000000E-5	-1.500000E-4	-1.118650E-1	1.349000E-5	-1.285000E-6	3.623000E-4	4.150000E-6	0.000000E+0	0.000000E+0	1.964247E-4	2.976042E-9	0.000000E+0	0.000000E+0	9.605045E+0	0.000000E+0	0.000000E+0
24-Apr-25	13:07:29	-1.000000E-5	-1.500000E-4	-1.137650E-1	-4.140000E-6	2.750000E-7	3.627500E-4	4.800000E-6	0.000000E+0	0.000000E+0	1.964247E-4	2.976042E-9	0.000000E+0	0.000000E+0	9.605479E+0	0.000000E+0	0.000000E+0
24-Apr-25	13:07:30	-1.000000E-5	-1.500000E-4	-1.159950E-1	-4.335000E-6	3.250000E-7	3.624500E-4	3.950000E-6	0.000000E+0	0.000000E+0	1.964247E-4	2.976042E-9	0.000000E+0	0.000000E+0	9.606042E+0	0.000000E+0	0.000000E+0
24-Apr-25	13:07:30	-1.000000E-5	-1.500000E-4	-1.180500E-1	-4.345000E-6	3.050000E-7	3.627500E-4	3.950000E-6	0.000000E+0	0.000000E+0	1.964247E-4	2.976042E-9	0.000000E+0	0.000000E+0	9.606087E+0	0.000000E+0	0.000000E+0
24-Apr-25	13:07:31	-1.000000E-5	-1.500000E-4	-1.198450E-1	-4.310000E-6	3.400000E-7	3.622500E-4	4.350000E-6	0.000000E+0	0.000000E+0	1.964247E-4	2.976042E-9	0.000000E+0	0.000000E+0	9.605800E+0	0.000000E+0	0.000000E+0
24-Apr-25	13:07:31	-1.000000E-5	-1.500000E-4	-1.214300E-1	-4.395000E-6	4.800000E-7	3.621500E-4	4.100000E-6	0.000000E+0	0.000000E+0	1.964247E-4	2.976042E-9	0.000000E+0	0.000000E+0	9.605150E+0	0.000000E+0	0.000000E+0
24-Apr-25	13:07:32	-1.000000E-5	-1.500000E-4	-1.233300E-1	-4.325000E-6	2.950000E-7	3.620000E-4	4.200000E-6	0.000000E+0	0.000000E+0	1.964247E-4	2.976042E-9	0.000000E+0	0.000000E+0	9.604087E+0	0.000000E+0	0.000000E+0
24-Apr-25	13:07:32	-1.000000E-5	-1.500000E-4	-1.249200E-1	-4.245000E-6	4.450000E-7	3.624000E-4	4.150000E-6	0.000000E+0	0.000000E+0	1.964247E-4	2.976042E-9	0.000000E+0	0.000000E+0	9.603206E+0	0.000000E+0	0.000000E+0
24-Apr-25	13:07:33	-1.000000E-5	-1.500000E-4	-1.265050E-1	-4.475000E-6	5.700000E-7	3.629500E-4	4.050000E-6	0.000000E+0	0.000000E+0	1.964247E-4	2.976042E-9	0.000000E+0	0.000000E+0	9.602288E+0	0.000000E+0	0.000000E+0
24-Apr-25	13:07:33	-1.000000E-5	-1.500000E-4	-1.284050E-1	-4.395000E-6	2.050000E-7	3.626500E-4	4.100000E-6	0.000000E+0	0.000000E+0	1.964247E-4	2.976042E-9	0.000000E+0	0.000000E+0	9.601768E+0	0.000000E+0	0.000000E+0
24-Apr-25	13:07:34	-1.000000E-5	-1.500000E-4	-1.299950E-1	-4.395000E-6	2.700000E-7	3.622500E-4	4.500000E-6	0.000000E+0	0.000000E+0	1.964247E-4	2.976042E-9	0.000000E+0	0.000000E+0	9.601563E+0	0.000000E+0	0.000000E+0
24-Apr-25	13:07:34	-1.000000E-5	-1.500000E-4	-1.315850E-1	-4.280000E-6	2.450000E-7	3.624500E-4	4.200000E-6	0.000000E+0	0.000000E+0	1.964247E-4	2.976042E-9	0.000000E+0	0.000000E+0	9.601743E+0	0.000000E+0	0.000000E+0
24-Apr-25	13:07:35	-1.000000E-5	-1.500000E-4	-1.333300E-1	-4.300000E-6	3.550000E-7	3.626500E-4	4.150000E-6	0.000000E+0	0.000000E+0	1.964247E-4	2.976042E-9	0.000000E+0	0.000000E+0	9.602145E+0	0.000000E+0	0.000000E+0
24-Apr-25	13:07:36	-1.000000E-5	-1.500000E-4	-1.349150E-1	-4.315000E-6	3.850000E-7	3.628500E-4	4.100000E-6	0.000000E+0	0.000000E+0	1.964247E-4	2.976042E-9	0.000000E+0	0.000000E+0	9.602608E+0	0.000000E+0	0.000000E+0
24-Apr-25	13:07:36	-1.000000E-5	-1.500000E-4	-1.372850E-1	-4.380000E-6	2.650000E-7	3.630000E-4	3.850000E-6	0.000000E+0	0.000000E+0	1.964247E-4	2.976042E-9	0.000000E+0	0.000000E+0	9.603249E+0	0.000000E+0	0.000000E+0
24-Apr-25	13:07:37	-1.000000E-5	-1.500000E-4	-1.397100E-1	-4.500000E-6	4.050000E-7	3.630000E-4	4.250000E-6	0.000000E+0	0.000000E+0	1.964247E-4	2.976042E-9	0.000000E+0	0.000000E+0	9.603232E+0	0.000000E+0	0.000000E+0
24-Apr-25	13:07:38	-1.000000E-5	-1.500000E-4	-1.414600E-1	-4.375000E-6	4.000000E-7	3.623000E-4	4.250000E-6	0.000000E+0	0.000000E+0	1.964247E-4	2.976042E-9	0.000000E+0	0.000000E+0	9.602926E+0	0.000000E+0	0.000000E+0
24-Apr-25	13:07:38	-1.000000E-5	-1.500000E-4	-1.430450E-1	-4.240000E-6	3.500000E-7	3.626500E-4	3.550000E-6	0.000000E+0	0.000000E+0	1.964247E-4	2.976042E-9	0.000000E+0	0.000000E+0	9.602705E+0	0.000000E+0	0.000000E+0
24-Apr-25	13:07:39	-1.000000E-5	-1.500000E-4	-1.449400E-1	-4.425000E-6	4.200000E-7	3.633000E-4	4.250000E-6	0.000000E+0	0.000000E+0	1.964247E-4	2.976042E-9	0.000000E+0	0.000000E+0	9.602641E+0	0.000000E+0	0.000000E+0
24-Apr-25	13:07:39	-1.000000E-5	-1.500000E-4	-1.465250E-1	-4.455000E-6	4.750000E-7	3.624000E-4	4.150000E-6	0.000000E+0	0.000000E+0	1.964247E-4	2.976042E-9	0.000000E+0	0.000000E+0	9.602807E+0	0.000000E+0	0.000000E+0
24-Apr-25	13:07:40	-1.000000E-5	-1.500000E-4	-1.481150E-1	-4.550000E-6	4.300000E-7	3.630500E-4	4.500000E-6	0.000000E+0	0.000000E+0	1.964247E-4	2.976042E-9	0.000000E+0	0.000000E+0	9.603257E+0	0.000000E+0	0.000000E+0
24-Apr-25	13:07:40	-1.000000E-5	-1.500000E-4	-1.500200E-1	-4.470000E-6	5.250000E-7	3.627000E-4	4.100000E-6	0.000000E+0	0.000000E+0	1.964247E-4	2.976042E-9	0.000000E+0	0.000000E+0	9.604339E+0	0.000000E+0	0.000000E+0
24-Apr-25	13:07:41	-1.000000E-5	-1.500000E-4	-1.522800E-1	-4.435000E-6	3.400000E-7	3.630000E-4	4.300000E-6	0.000000E+0	0.000000E+0	1.964247E-4	2.976042E-9	0.000000E+0	0.000000E+0	9.605968E+0	0.000000E+0	0.000000E+0
24-Apr-25	13:07:42	-1.000000E-5	-1.500000E-4	-1.541850E-1	-4.470000E-6	2.800000E-7	3.626500E-4	4.000000E-6	0.000000E+0	0.000000E+0	1.964247E-4	2.976042E-9	0.000000E+0	0.000000E+0	9.607294E+0	0.000000E+0	0.000000E+0
24-Apr-25	13:07:42	-1.000000E-5	-1.500000E-4	-1.560850E-1	-4.595000E-6	5.250000E-7	3.621500E-4	4.100000E-6	0.000000E+0	0.000000E+0	1.964247E-4	2.976042E-9	0.000000E+0	0.000000E+0	9.608823E+0	0.000000E+0	0.000000E+0
24-Apr-25	13:07:43	-1.000000E-5	-1.500000E-4	-1.585150E-1	-4.590000E-6	3.700000E-7	3.623000E-4	4.100000E-6	0.000000E+0	0.000000E+0	1.964247E-4	2.976042E-9	0.000000E+0	0.000000E+0	9.609724E+0	0.000000E+0	0.000000E+0
24-Apr-25	13:07:43	-1.000000E-5	-1.500000E-4	-1.602550E-1	-4.325000E-6	4.000000E-7	3.627500E-4	3.750000E-6	0.000000E+0	0.000000E+0	1.964247E-4	2.976042E-9	0.000000E+0	0.000000E+0	9.610164E+0	0.000000E+0	0.000000E+0
24-Apr-25	13:07:44	-1.000000E-5	-1.500000E-4	-1.618450E-1	-4.465000E-6	3.000000E-7	3.630500E-4	3.950000E-6	0.000000E+0	0.000000E+0	1.964247E-4	2.976042E-9	0.000000E+0	0.000000E+0	9.610115E+0	0.000000E+0	0.000000E+0
24-Apr-25	13:07:45	-1.000000E-5	-1.500000E-4	-1.635900E-1	-4.525000E-6	3.350000E-7	3.628500E-4	4.400000E-6	0.000000E+0	0.000000E+0	1.964247E-4	2.976042E-9	0.000000E+0	0.000000E+0	9.609739E+0	0.000000E+0	0.000000E+0
24-Apr-25	13:07:45	-1.000000E-5	-1.500000E-4	-1.653350E-1	-4.605000E-6	4.000000E-7	3.629000E-4	4.250000E-6	0.000000E+0	0.000000E+0	1.964247E-4	2.976042E-9	0.000000E+0	0.000000E+0	9.608868E+0	0.000000E+0	0.000000E+0
24-Apr-25	13:07:46	-1.000000E-5	-1.500000E-4	-1.669250E-1	-4.695000E-6	4.900000E-7	3.630500E-4	4.350000E-6	0.000000E+0	0.000000E+0	1.964247E-4	2.976042E-9	0.000000E+0	0.000000E+0	9.607932E+0	0.000000E+0	0.000000E+0
24-Apr-25	13:07:46	-1.000000E-5	-1.500000E-4	-1.686600E-1	-4.665000E-6	4.350000E-7	3.633500E-4	4.100000E-6	0.000000E+0	0.000000E+0	1.964247E-4	2.976042E-9	0.000000E+0	0.000000E+0	9.606650E+0	0.000000E+0	0.000000E+0
24-Apr-25	13:07:47	-1.000000E-5	-1.500000E-4	-1.704100E-1	-4.710000E-6	3.000000E-7	3.629000E-4	4.300000E-6	0.000000E+0	0.000000E+0	1.964247E-4	2.976042E-9	0.000000E+0	0.000000E+0	9.605612E+0	0.000000E+0	0.000000E+0
24-Apr-25	13:07:47	-1.000000E-5	-1.500000E-4	-1.721450E-1	-4.700000E-6	3.900000E-7	3.629000E-4	3.650000E-6	0.000000E+0	0.000000E+0	1.964247E-4	2.976042E-9	0.000000E+0	0.000000E+0	9.604562E+0	0.000000E+0	0.000000E+0
24-Apr-25	13:07:48	-1.000000E-5	-1.500000E-4	-1.739200E-1	-4.895000E-6	3.950000E-7	3.630500E-4	5.100000E-6	0.000000E+0	0.000000E+0	1.964247E-4	2.976042E-9	0.000000E+0	0.000000E+0	9.603668E+0	0.000000E+0	0.000000E+0
24-Apr-25	13:07:49	-1.000000E-5	-1.500000E-4	-1.763250E-1	-4.865000E-6	5.400000E-7	3.635500E-4	4.250000E-6	0.000000E+0	0.000000E+0	1.964247E-4	2.976042E-9	0.000000E+0	0.000000E+0	9.602964E+0	0.000000E+0	0.000000E+0
24-Apr-25	13:07:49	-1.000000E-5	-1.500000E-4	-1.780650E-1	-5.065000E-6	5.800000E-7	3.633000E-4	4.150000E-6	0.000000E+0	0.000000E+0	1.964247E-4	2.976042E-9	0.000000E+0	0.000000E+0	9.602659E+0	0.000000E+0	0.000000E+0
24-Apr-25	13:07:50	-1.000000E-5	-1.500000E-4	-1.796500E-1	-5.095000E-6	5.950000E-7	3.633500E-4	4.150000E-6	0.000000E+0	0.000000E+0	1.964247E-4	2.976042E-9	0.000000E+0	0.000000E+0	9.602365E+0	0.000000E+0	0.000000E+0
24-Apr-25	13:07:50	-1.000000E-5	-1.500000E-4	-1.812350E-1	-5.095000E-6	4.450000E-7	3.633000E-4	4.900000E-6	0.000000E+0	0.000000E+0	1.964247E-4	2.976042E-9	0.000000E+0	0.000000E+0	9.601995E+0	0.000000E+0	0.000000E+0
24-Apr-25	13:07:51	-1.000000E-5	-1.500000E-4	-1.828300E-1	-5.195000E-6	4.400000E-7	3.634500E-4	4.850000E-6	0.000000E+0	0.000000E+0	1.964247E-4	2.976042E-9	0.000000E+0	0.000000E+0	9.601314E+0	0.000000E+0	0.000000E+0
24-Apr-25	13:07:51	-1.000000E-5	-1.500000E-4	-1.844050E-1	-5.380000E-6	2.100000E-7	3.636500E-4	4.450000E-6	0.000000E+0	0.000000E+0	1.964247E-4	2.976042E-9	0.000000E+0	0.000000E+0	9.600552E+0	0.000000E+0	0.000000E+0
24-Apr-25	13:07:52	-1.000000E-5	-1.500000E-4	-1.859950E-1	-5.445000E-6	3.950000E-7	3.633500E-4	4.350000E-6	0.000000E+0	0.000000E+0	1.964247E-4	2.976042E-9	0.000000E+0	0.000000E+0	9.599553E+0	0.000000E+0	0.000000E+0
24-Apr-25	13:07:52	-1.000000E-5	-1.500000E-4	-1.877300E-1	-5.450000E-6	5.900000E-7	3.638500E-4	4.400000E-6	0.000000E+0	0.000000E+0	1.964247E-4	2.976042E-9	0.000000E+0	0.000000E+0	9.598512E+0	0.000000E+0	0.000000E+0
24-Apr-25	13:07:53	-1.000000E-5	-1.500000E-4	-1.893200E-1	-5.510000E-6	6.650000E-7	3.637500E-4	4.500000E-6	0.000000E+0	0.000000E+0	1.964247E-4	2.976042E-9	0.000000E+0	0.000000E+0	9.597296E+0	0.000000E+0	0.000000E+0
24-Apr-25	13:07:53	-1.000000E-5	-1.500000E-4	-1.909100E-1	-5.720000E-6	4.900000E-7	3.641500E-4	4.350000E-6	0.000000E+0	0.000000E+0	1.964247E-4	2.976042E-9	0.000000E+0	0.000000E+0	9.596507E+0	0.000000E+0	0.000000E+0
24-Apr-25	13:07:54	-1.000000E-5	-1.500000E-4	-1.924900E-1	-5.975000E-6	6.500000E-7	3.642500E-4	4.800000E-6	0.000000E+0	0.000000E+0	1.964247E-4	2.976042E-9	0.000000E+0	0.000000E+0	9.596052E+0	0.000000E+0	0.000000E+0
24-Apr-25	13:07:54	-1.000000E-5	-1.500000E-4	-1.940750E-1	-6.020000E-6	6.450000E-7	3.646000E-4	4.400000E-6	0.000000E+0	0.000000E+0	1.964247E-4	2.976042E-9	0.000000E+0	0.000000E+0	9.595926E+0	0.000000E+0	0.000000E+0
24-Apr-25	13:07:55	-1.000000E-5	-1.500000E-4	-1.958250E-1	-6.375000E-6	3.700000E-7	3.645500E-4	4.300000E-6	0.000000E+0	0.000000E+0	1.964247E-4	2.976042E-9	0.000000E+0	0.000000E+0	9.596125E+0	0.000000E+0	0.000000E+0
24-Apr-25	13:07:55	-1.000000E-5	-1.500000E-4	-1.974100E-1	-6.285000E-6	5.450000E-7	3.644000E-4	4.200000E-6	0.000000E+0	0.000000E+0	1.964247E-4	2.976042E-9	0.000000E+0	0.000000E+0	9.596309E+0	0.000000E+0	0.000000E+0
24-Apr-25	13:07:56	-1.000000E-5	-1.500000E-4	-1.990000E-1	-6.465000E-6	6.750000E-7	3.642500E-4	4.050000E-6	0.000000E+0	0.000000E+0	1.964247E-4	2.976042E-9	0.000000E+0	0.000000E+0	9.596558E+0	0.000000E+0	0.000000E+0
24-Apr-25	13:07:56	-1.000000E-5	-1.500000E-4	-1.996400E-1	-6.500000E-6	7.500000E-7	3.649500E-4	4.800000E-6	0.000000E+0	0.000000E+0	1.964247E-4	2.976042E-9	0.000000E+0	0.000000E+0	9.596889E+0	0.000000E+0	0.000000E+0
24-Apr-25	13:07:57	-1.000000E-5	-1.500000E-4	-1.981500E-1	-6.900000E-6	5.650000E-7	3.650500E-4	4.600000E-6	0.000000E+0	0.000000E+0	1.964247E-4	2.976042E-9	0.000000E+0	0.000000E+0	9.597185E+0	0.000000E+0	0.000000E+0
24-Apr-25	13:07:57	-1.000000E-5	-1.500000E-4	-1.965650E-1	-7.005000E-6	6.200000E-7	3.648500E-4	4.250000E-6	0.000000E+0	0.000000E+0	1.964247E-4	2.976042E-9	0.000000E+0	0.000000E+0	9.597548E+0	0.000000E+0	0.000000E+0
24-Apr-25	13:07:58	-1.000000E-5	-1.500000E-4	-1.949750E-1	-6.885000E-6	5.700000E-7	3.648000E-4	4.250000E-6	0.000000E+0	0.000000E+0	1.964247E-4	2.976042E-9	0.000000E+0	0.000000E+0	9.598202E+0	0.000000E+0	0.000000E+0
24-Apr-25	13:07:58	-1.000000E-5	-1.500000E-4	-1.931850E-1	-7.135000E-6	4.650000E-7	3.653500E-4	4.000000E-6	0.000000E+0	0.000000E+0	1.964247E-4	2.976042E-9	0.000000E+0	0.000000E+0	9.599603E+0	0.000000E+0	0.000000E+0
24-Apr-25	13:07:59	-1.000000E-5	-1.500000E-4	-1.916500E-1	-7.240000E-6	6.350000E-7	3.651500E-4	4.450000E-6	0.000000E+0	0.000000E+0	1.964247E-4	2.976042E-9	0.000000E+0	0.000000E+0	9.601129E+0	0.000000E+0	0.000000E+0
24-Apr-25	13:08:00	-1.000000E-5	-1.500000E-4	-1.898500E-1	-7.035000E-6	6.400000E-7	3.650500E-4	4.450000E-6	0.000000E+0	0.000000E+0	1.964247E-4	2.976042E-9	0.000000E+0	0.000000E+0	9.602930E+0	0.000000E+0	0.000000E+0
24-Apr-25	13:08:00	-1.000000E-5	-1.500000E-4	-1.882700E-1	-6.980000E-6	7.350000E-7	3.647000E-4	4.250000E-6	0.000000E+0	0.000000E+0	1.964247E-4	2.976042E-9	0.000000E+0	0.000000E+0	9.605350E+0	0.000000E+0	0.000000E+0
24-Apr-25	13:08:01	-1.000000E-5	-1.500000E-4	-1.866850E-1	-7.125000E-6	5.800000E-7	3.649500E-4	4.500000E-6	0.000000E+0	0.000000E+0	1.964247E-4	2.976042E-9	0.000000E+0	0.000000E+0	9.607244E+0	0.000000E+0	0.000000E+0
24-Apr-25	13:08:01	-1.000000E-5	-1.500000E-4	-1.847850E-1	-7.090000E-6	5.650000E-7	3.649000E-4	4.350000E-6	0.000000E+0	0.000000E+0	1.964247E-4	2.976042E-9	0.000000E+0	0.000000E+0	9.609415E+0	0.000000E+0	0.000000E+0
24-Apr-25	13:08:02	-1.000000E-5	-1.500000E-4	-1.832050E-1	-7.045000E-6	6.450000E-7	3.648500E-4	4.250000E-6	0.000000E+0	0.000000E+0	1.964247E-4	2.976042E-9	0.000000E+0	0.000000E+0	9.610789E+0	0.000000E+0	0.000000E+0
24-Apr-25	13:08:02	-1.000000E-5	-1.500000E-4	-1.816150E-1	-6.990000E-6	6.200000E-7	3.646000E-4	4.250000E-6	0.000000E+0	0.000000E+0	1.964247E-4	2.976042E-9	0.000000E+0	0.000000E+0	9.611711E+0	0.000000E+0	0.000000E+0
24-Apr-25	13:08:03	-1.000000E-5	-1.500000E-4	-1.797200E-1	-7.070000E-6	5.350000E-7	3.651000E-4	4.500000E-6	0.000000E+0	0.000000E+0	1.964247E-4	2.976042E-9	0.000000E+0	0.000000E+0	9.612290E+0	0.000000E+0	0.000000E+0
24-Apr-25	13:08:03	-1.000000E-5	-1.500000E-4	-1.774400E-1	-7.105000E-6	5.550000E-7	3.653000E-4	4.250000E-6	0.000000E+0	0.000000E+0	1.964247E-4	2.976042E-9	0.000000E+0	0.000000E+0	9.612278E+0	0.000000E+0	0.000000E+0
24-Apr-25	13:08:04	-1.000000E-5	-1.500000E-4	-1.758550E-1	-7.020000E-6	6.100000E-7	3.646000E-4	4.400000E-6	0.000000E+0	0.000000E+0	1.964247E-4	2.976042E-9	0.000000E+0	0.000000E+0	9.611864E+0	0.000000E+0	0.000000E+0
24-Apr-25	13:08:05	-1.000000E-5	-1.500000E-4	-1.737950E-1	-7.095000E-6	6.600000E-7	3.649000E-4	4.500000E-6	0.000000E+0	0.000000E+0	1.964247E-4	2.976042E-9	0.000000E+0	0.000000E+0	9.610973E+0	0.000000E+0	0.000000E+0
24-Apr-25	13:08:05	-1.000000E-5	-1.500000E-4	-1.720550E-1	-7.165000E-6	6.300000E-7	3.646000E-4	4.650000E-6	0.000000E+0	0.000000E+0	1.964247E-4	2.976042E-9	0.000000E+0	0.000000E+0	9.609753E+0	0.000000E+0	0.000000E+0
24-Apr-25	13:08:06	-1.000000E-5	-1.500000E-4	-1.704750E-1	-7.155000E-6	6.200000E-7	3.651000E-4	4.650000E-6	0.000000E+0	0.000000E+0	1.964247E-4	2.976042E-9	0.000000E+0	0.000000E+0	9.608509E+0	0.000000E+0	0.000000E+0
24-Apr-25	13:08:06	-1.000000E-5	-1.500000E-4	-1.688900E-1	-6.940000E-6	7.200000E-7	3.649000E-4	4.500000E-6	0.000000E+0	0.000000E+0	1.964247E-4	2.976042E-9	0.000000E+0	0.000000E+0	9.607090E+0	0.000000E+0	0.000000E+0
24-Apr-25	13:08:07	-1.000000E-5	-1.500000E-4	-1.669900E-1	-7.020000E-6	5.950000E-7	3.650500E-4	4.250000E-6	0.000000E+0	0.000000E+0	1.964247E-4	2.976042E-9	0.000000E+0	0.000000E+0	9.605148E+0	0.000000E+0	0.000000E+0
24-Apr-25	13:08:07	-1.000000E-5	-1.500000E-4	-1.654100E-1	-7.165000E-6	6.400000E-7	3.647000E-4	4.650000E-6	0.000000E+0	0.000000E+0	1.964247E-4	2.976042E-9	0.000000E+0	0.000000E+0	9.603507E+0	0.000000E+0	0.000000E+0
24-Apr-25	13:08:08	-1.000000E-5	-1.500000E-4	-1.638150E-1	-7.000000E-6	7.450000E-7	3.650000E-4	4.200000E-6	0.000000E+0	0.000000E+0	1.964247E-4	2.976042E-9	0.000000E+0	0.000000E+0	9.601411E+0	0.000000E+0	0.000000E+0
24-Apr-25	13:08:08	-1.000000E-5	-1.500000E-4	-1.619150E-1	-6.990000E-6	6.250000E-7	3.650500E-4	4.500000E-6	0.000000E+0	0.000000E+0	1.964247E-4	2.976042E-9	0.000000E+0	0.000000E+0	9.599216E+0	0.000000E+0	0.000000E+0
24-Apr-25	13:08:09	-1.000000E-5	-1.500000E-4	-1.603300E-1	-7.060000E-6	5.600000E-7	3.648500E-4	4.200000E-6	0.000000E+0	0.000000E+0	1.964247E-4	2.976042E-9	0.000000E+0	0.000000E+0	9.597506E+0	0.000000E+0	0.000000E+0
24-Apr-25	13:08:10	-1.000000E-5	-1.500000E-4	-1.583800E-1	-7.050000E-6	6.000000E-7	3.650500E-4	4.050000E-6	0.000000E+0	0.000000E+0	1.964247E-4	2.976042E-9	0.000000E+0	0.000000E+0	9.595037E+0	0.000000E+0	0.000000E+0
24-Apr-25	13:08:10	-1.000000E-5	-1.500000E-4	-1.558400E-1	-7.010000E-6	5.200000E-7	3.656000E-4	4.650000E-6	0.000000E+0	0.000000E+0	1.964247E-4	2.976042E-9	0.000000E+0	0.000000E+0	9.593028E+0	0.000000E+0	0.000000E+0
24-Apr-25	13:08:11	-1.000000E-5	-1.500000E-4	-1.542550E-1	-6.955000E-6	4.800000E-7	3.646500E-4	4.550000E-6	0.000000E+0	0.000000E+0	1.964247E-4	2.976042E-9	0.000000E+0	0.000000E+0	9.591192E+0	0.000000E+0	0.000000E+0
24-Apr-25	13:08:11	-1.000000E-5	-1.500000E-4	-1.524650E-1	-7.075000E-6	4.900000E-7	3.647000E-4	3.900000E-6	0.000000E+0	0.000000E+0	1.964247E-4	2.976042E-9	0.000000E+0	0.000000E+0	9.589957E+0	0.000000E+0	0.000000E+0
24-Apr-25	13:08:12	-1.000000E-5	-1.500000E-4	-1.508850E-1	-7.060000E-6	6.300000E-7	3.654500E-4	4.250000E-6	0.000000E+0	0.000000E+0	1.964247E-4	2.976042E-9	0.000000E+0	0.000000E+0	9.588821E+0	0.000000E+0	0.000000E+0
24-Apr-25	13:08:12	-1.000000E-5	-1.500000E-4	-1.491350E-1	-7.065000E-6	5.450000E-7	3.648500E-4	4.500000E-6	0.000000E+0	0.000000E+0	1.964247E-4	2.976042E-9	0.000000E+0	0.000000E+0	9.587494E+0	0.000000E+0	0.000000E+0
24-Apr-25	13:08:13	-1.000000E-5	-1.500000E-4	-1.475800E-1	-6.965000E-6	5.950000E-7	3.647000E-4	4.550000E-6	0.000000E+0	0.000000E+0	1.964247E-4	2.976042E-9	0.000000E+0	0.000000E+0	9.586565E+0	0.000000E+0	0.000000E+0
24-Apr-25	13:08:13	-1.000000E-5	-1.500000E-4	-1.460200E-1	-7.025000E-6	7.100000E-7	3.644500E-4	4.650000E-6	0.000000E+0	0.000000E+0	1.964247E-4	2.976042E-9	0.000000E+0	0.000000E+0	9.585810E+0	0.000000E+0	0.000000E+0
24-Apr-25	13:08:14	-1.000000E-5	-1.500000E-4	-1.440650E-1	-6.905000E-6	6.250000E-7	3.650000E-4	4.550000E-6	0.000000E+0	0.000000E+0	1.964247E-4	2.976042E-9	0.000000E+0	0.000000E+0	9.585087E+0	0.000000E+0	0.000000E+0
24-Apr-25	13:08:14	-1.000000E-5	-1.500000E-4	-1.424850E-1	-6.900000E-6	5.350000E-7	3.653500E-4	4.400000E-6	0.000000E+0	0.000000E+0	1.964247E-4	2.976042E-9	0.000000E+0	0.000000E+0	9.584661E+0	0.000000E+0	0.000000E+0
24-Apr-25	13:08:15	-1.000000E-5	-1.500000E-4	-1.409000E-1	-7.035000E-6	5.400000E-7	3.648500E-4	4.100000E-6	0.000000E+0	0.000000E+0	1.964247E-4	2.976042E-9	0.000000E+0	0.000000E+0	9.584369E+0	0.000000E+0	0.000000E+0
24-Apr-25	13:08:16	-1.000000E-5	-1.500000E-4	-1.390000E-1	-7.015000E-6	7.100000E-7	3.647000E-4	4.600000E-6	0.000000E+0	0.000000E+0	1.964247E-4	2.976042E-9	0.000000E+0	0.000000E+0	9.584015E+0	0.000000E+0	0.000000E+0
24-Apr-25	13:08:16	-1.000000E-5	-1.500000E-4	-1.374150E-1	-6.920000E-6	5.700000E-7	3.651500E-4	4.050000E-6	0.000000E+0	0.000000E+0	1.964247E-4	2.976042E-9	0.000000E+0	0.000000E+0	9.583675E+0	0.000000E+0	0.000000E+0
24-Apr-25	13:08:17	-1.000000E-5	-1.500000E-4	-1.358350E-1	-7.015000E-6	4.800000E-7	3.649500E-4	4.500000E-6	0.000000E+0	0.000000E+0	1.964247E-4	2.976042E-9	0.000000E+0	0.000000E+0	9.583365E+0	0.000000E+0	0.000000E+0
24-Apr-25	13:08:17	-1.000000E-5	-1.500000E-4	-1.339400E-1	-7.065000E-6	6.700000E-7	3.647000E-4	4.350000E-6	0.000000E+0	0.000000E+0	1.964247E-4	2.976042E-9	0.000000E+0	0.000000E+0	9.583302E+0	0.000000E+0	0.000000E+0
24-Apr-25	13:08:18	-1.000000E-5	-1.500000E-4	-1.316600E-1	-6.965000E-6	6.200000E-7	3.648500E-4	4.000000E-6	0.000000E+0	0.000000E+0	1.964247E-4	2.976042E-9	0.000000E+0	0.000000E+0	9.583591E+0	0.000000E+0	0.000000E+0
24-Apr-25	13:08:18	-1.000000E-5	-1.500000E-4	-1.300750E-1	-7.115000E-6	6.100000E-7	3.652000E-4	4.650000E-6	0.000000E+0	0.000000E+0	1.964247E-4	2.976042E-9	0.000000E+0	0.000000E+0	9.584090E+0	0.000000E+0	0.000000E+0
24-Apr-25	13:08:19	-1.000000E-5	-1.500000E-4	-1.284850E-1	-7.075000E-6	6.450000E-7	3.648000E-4	4.100000E-6	0.000000E+0	0.000000E+0	1.964247E-4	2.976042E-9	0.000000E+0	0.000000E+0	9.584926E+0	0.000000E+0	0.000000E+0
24-Apr-25	13:08:19	-1.000000E-5	-1.500000E-4	-1.269000E-1	-6.990000E-6	5.750000E-7	3.651500E-4	3.700000E-6	0.000000E+0	0.000000E+0	1.964247E-4	2.976042E-9	0.000000E+0	0.000000E+0	9.585904E+0	0.000000E+0	0.000000E+0
24-Apr-25	13:08:20	-1.000000E-5	-1.500000E-4	-1.248450E-1	-6.970000E-6	5.700000E-7	3.648500E-4	4.800000E-6	0.000000E+0	0.000000E+0	1.964247E-4	2.976042E-9	0.000000E+0	0.000000E+0	9.586917E+0	0.000000E+0	0.000000E+0
24-Apr-25	13:08:21	-1.000000E-5	-1.500000E-4	-1.232500E-1	-6.955000E-6	5.300000E-7	3.644500E-4	4.250000E-6	0.000000E+0	0.000000E+0	1.964247E-4	2.976042E-9	0.000000E+0	0.000000E+0	9.587717E+0	0.000000E+0	0.000000E+0
24-Apr-25	13:08:21	-1.000000E-5	-1.500000E-4	-1.216750E-1	-7.035000E-6	5.600000E-7	3.651500E-4	4.250000E-6	0.000000E+0	0.000000E+0	1.964247E-4	2.976042E-9	0.000000E+0	0.000000E+0	9.588168E+0	0.000000E+0	0.000000E+0
24-Apr-25	13:08:22	-1.000000E-5	-1.500000E-4	-1.199250E-1	-7.045000E-6	5.250000E-7	3.650000E-4	4.650000E-6	0.000000E+0	0.000000E+0	1.964247E-4	2.976042E-9	0.000000E+0	0.000000E+0	9.588363E+0	0.000000E+0	0.000000E+0
24-Apr-25	13:08:22	-1.000000E-5	-1.500000E-4	-1.177200E-1	-6.925000E-6	5.900000E-7	3.651000E-4	4.250000E-6	0.000000E+0	0.000000E+0	1.964247E-4	2.976042E-9	0.000000E+0	0.000000E+0	9.587940E+0	0.000000E+0	0.000000E+0
24-Apr-25	13:08:23	-1.000000E-5	-1.500000E-4	-1.159750E-1	-6.900000E-6	5.850000E-7	3.647500E-4	4.700000E-6	0.000000E+0	0.000000E+0	1.964247E-4	2.976042E-9	0.000000E+0	0.000000E+0	9.587115E+0	0.000000E+0	0.000000E+0
24-Apr-25	13:08:23	-1.000000E-5	-1.500000E-4	-1.142250E-1	-6.775000E-6	6.300000E-7	3.649000E-4	4.550000E-6	0.000000E+0	0.000000E+0	1.964247E-4	2.976042E-9	0.000000E+0	0.000000E+0	9.586308E+0	0.000000E+0	0.000000E+0
24-Apr-25	13:08:24	-1.000000E-5	-1.500000E-4	-1.124800E-1	-6.980000E-6	5.500000E-7	3.651500E-4	4.200000E-6	0.000000E+0	0.000000E+0	1.964247E-4	2.976042E-9	0.000000E+0	0.000000E+0	9.585080E+0	0.000000E+0	0.000000E+0
24-Apr-25	13:08:25	-1.000000E-5	-1.500000E-4	-1.106850E-1	-6.885000E-6	5.500000E-7	3.647000E-4	4.350000E-6	0.000000E+0	0.000000E+0	1.964247E-4	2.976042E-9	0.000000E+0	0.000000E+0	9.583996E+0	0.000000E+0	0.000000E+0
24-Apr-25	13:08:25	-1.000000E-5	-1.500000E-4	-1.091050E-1	-6.895000E-6	5.850000E-7	3.652000E-4	4.000000E-6	0.000000E+0	0.000000E+0	1.964247E-4	2.976042E-9	0.000000E+0	0.000000E+0	9.582639E+0	0.000000E+0	0.000000E+0
24-Apr-25	13:08:26	-1.000000E-5	-1.500000E-4	-1.072000E-1	-6.890000E-6	5.850000E-7	3.647000E-4	4.250000E-6	0.000000E+0	0.000000E+0	1.964247E-4	2.976042E-9	0.000000E+0	0.000000E+0	9.581561E+0	0.000000E+0	0.000000E+0
24-Apr-25	13:08:26	-1.000000E-5	-1.500000E-4	-1.051400E-1	-7.020000E-6	5.950000E-7	3.650500E-4	4.100000E-6	0.000000E+0	0.000000E+0	1.964247E-4	2.976042E-9	0.000000E+0	0.000000E+0	9.579947E+0	0.000000E+0	0.000000E+0
24-Apr-25	13:08:27	-1.000000E-5	-1.500000E-4	-1.035600E-1	-7.085000E-6	6.050000E-7	3.648500E-4	4.400000E-6	0.000000E+0	0.000000E+0	1.964247E-4	2.976042E-9	0.000000E+0	0.000000E+0	9.578825E+0	0.000000E+0	0.000000E+0
24-Apr-25	13:08:27	-1.000000E-5	-1.500000E-4	-1.016600E-1	-6.900000E-6	5.500000E-7	3.652000E-4	4.050000E-6	0.000000E+0	0.000000E+0	1.964247E-4	2.976042E-9	0.000000E+0	0.000000E+0	9.578215E+0	0.000000E+0	0.000000E+0
24-Apr-25	13:08:28	-1.000000E-5	-1.500000E-4	-1.000700E-1	-6.920000E-6	6.500000E-7	3.646500E-4	4.100000E-6	0.000000E+0	0.000000E+0	1.964247E-4	2.976042E-9	0.000000E+0	0.000000E+0	9.577833E+0	0.000000E+0	0.000000E+0
24-Apr-25	13:08:28	-1.000000E-5	-1.500000E-4	-9.833000E-2	-6.825000E-6	5.750000E-7	3.643500E-4	4.300000E-6	0.000000E+0	0.000000E+0	1.964247E-4	2.976042E-9	0.000000E+0	0.000000E+0	9.577645E+0	0.000000E+0	0.000000E+0
24-Apr-25	13:08:29	-1.000000E-5	-1.500000E-4	-9.674000E-2	-6.840000E-6	6.000000E-7	3.647000E-4	4.250000E-6	0.000000E+0	0.000000E+0	1.964247E-4	2.976042E-9	0.000000E+0	0.000000E+0	9.577741E+0	0.000000E+0	0.000000E+0
24-Apr-25	13:08:30	-1.000000E-5	-1.500000E-4	-9.500000E-2	-6.830000E-6	5.500000E-7	3.645500E-4	3.800000E-6	0.000000E+0	0.000000E+0	1.964247E-4	2.976042E-9	0.000000E+0	0.000000E+0	9.577927E+0	0.000000E+0	0.000000E+0
24-Apr-25	13:08:30	-1.000000E-5	-1.500000E-4	-9.325500E-2	-6.780000E-6	5.250000E-7	3.642500E-4	4.100000E-6	0.000000E+0	0.000000E+0	1.964247E-4	2.976042E-9	0.000000E+0	0.000000E+0	9.578029E+0	0.000000E+0	0.000000E+0
24-Apr-25	13:08:31	-1.000000E-5	-1.500000E-4	-9.164500E-2	-6.805000E-6	5.750000E-7	3.649000E-4	4.100000E-6	0.000000E+0	0.000000E+0	1.964247E-4	2.976042E-9	0.000000E+0	0.000000E+0	9.577983E+0	0.000000E+0	0.000000E+0
24-Apr-25	13:08:31	-1.000000E-5	-1.500000E-4	-8.987500E-2	-6.640000E-6	6.600000E-7	3.652000E-4	4.300000E-6	0.000000E+0	0.000000E+0	1.964247E-4	2.976042E-9	0.000000E+0	0.000000E+0	9.577915E+0	0.000000E+0	0.000000E+0
24-Apr-25	13:08:32	-1.000000E-5	-1.500000E-4	-8.813000E-2	-6.710000E-6	5.400000E-7	3.646500E-4	4.350000E-6	0.000000E+0	0.000000E+0	1.964247E-4	2.976042E-9	0.000000E+0	0.000000E+0	9.577852E+0	0.000000E+0	0.000000E+0
24-Apr-25	13:08:32	-1.000000E-5	-1.500000E-4	-8.638500E-2	-6.835000E-6	5.550000E-7	3.646500E-4	4.000000E-6	0.000000E+0	0.000000E+0	1.964247E-4	2.976042E-9	0.000000E+0	0.000000E+0	9.577655E+0	0.000000E+0	0.000000E+0
24-Apr-25	13:08:33	-1.000000E-5	-1.500000E-4	-8.465000E-2	-6.875000E-6	5.350000E-7	3.644000E-4	3.950000E-6	0.000000E+0	0.000000E+0	1.964247E-4	2.976042E-9	0.000000E+0	0.000000E+0	9.577353E+0	0.000000E+0	0.000000E+0
24-Apr-25	13:08:34	-1.000000E-5	-1.500000E-4	-8.206500E-2	-6.750000E-6	5.700000E-7	3.648500E-4	4.300000E-6	0.000000E+0	0.000000E+0	1.964247E-4	2.976042E-9	0.000000E+0	0.000000E+0	9.576982E+0	0.000000E+0	0.000000E+0
24-Apr-25	13:08:34	-1.000000E-5	-1.500000E-4	-8.047000E-2	-6.765000E-6	6.150000E-7	3.646000E-4	4.500000E-6	0.000000E+0	0.000000E+0	1.964247E-4	2.976042E-9	0.000000E+0	0.000000E+0	9.576563E+0	0.000000E+0	0.000000E+0
24-Apr-25	13:08:35	-1.000000E-5	-1.500000E-4	-7.889500E-2	-6.685000E-6	5.700000E-7	3.647000E-4	4.350000E-6	0.000000E+0	0.000000E+0	1.964247E-4	2.976042E-9	0.000000E+0	0.000000E+0	9.575968E+0	0.000000E+0	0.000000E+0
24-Apr-25	13:08:35	-1.000000E-5	-1.500000E-4	-7.730500E-2	-6.690000E-6	4.850000E-7	3.646000E-4	4.450000E-6	0.000000E+0	0.000000E+0	1.964247E-4	2.976042E-9	0.000000E+0	0.000000E+0	9.575299E+0	0.000000E+0	0.000000E+0
24-Apr-25	13:08:36	-1.000000E-5	-1.500000E-4	-7.573000E-2	-6.650000E-6	4.700000E-7	3.648500E-4	4.550000E-6	0.000000E+0	0.000000E+0	1.964247E-4	2.976042E-9	0.000000E+0	0.000000E+0	9.575005E+0	0.000000E+0	0.000000E+0
24-Apr-25	13:08:36	-1.000000E-5	-1.500000E-4	-7.413500E-2	-6.665000E-6	5.550000E-7	3.644000E-4	4.200000E-6	0.000000E+0	0.000000E+0	1.964247E-4	2.976042E-9	0.000000E+0	0.000000E+0	9.574789E+0	0.000000E+0	0.000000E+0
24-Apr-25	13:08:37	-1.000000E-5	-1.500000E-4	-7.207500E-2	-6.680000E-6	5.300000E-7	3.648500E-4	4.250000E-6	0.000000E+0	0.000000E+0	1.964247E-4	2.976042E-9	0.000000E+0	0.000000E+0	9.574656E+0	0.000000E+0	0.000000E+0
24-Apr-25	13:08:37	-1.000000E-5	-1.500000E-4	-7.034000E-2	-6.580000E-6	6.000000E-7	3.648500E-4	3.950000E-6	0.000000E+0	0.000000E+0	1.964247E-4	2.976042E-9	0.000000E+0	0.000000E+0	9.574845E+0	0.000000E+0	0.000000E+0
24-Apr-25	13:08:38	-1.000000E-5	-1.500000E-4	-6.870000E-2	-6.685000E-6	5.450000E-7	3.647000E-4	4.550000E-6	0.000000E+0	0.000000E+0	1.964247E-4	2.976042E-9	0.000000E+0	0.000000E+0	9.575152E+0	0.000000E+0	0.000000E+0
24-Apr-25	13:08:38	-1.000000E-5	-1.500000E-4	-6.696000E-2	-6.570000E-6	5.200000E-7	3.647000E-4	4.150000E-6	0.000000E+0	0.000000E+0	1.964247E-4	2.976042E-9	0.000000E+0	0.000000E+0	9.575356E+0	0.000000E+0	0.000000E+0
24-Apr-25	13:08:39	-1.000000E-5	-1.500000E-4	-6.521500E-2	-6.555000E-6	4.450000E-7	3.646000E-4	4.450000E-6	0.000000E+0	0.000000E+0	1.964247E-4	2.976042E-9	0.000000E+0	0.000000E+0	9.575261E+0	0.000000E+0	0.000000E+0
24-Apr-25	13:08:39	-1.000000E-5	-1.500000E-4	-6.362500E-2	-6.540000E-6	5.850000E-7	3.646000E-4	4.050000E-6	0.000000E+0	0.000000E+0	1.964247E-4	2.976042E-9	0.000000E+0	0.000000E+0	9.575031E+0	0.000000E+0	0.000000E+0
24-Apr-25	13:08:40	-1.000000E-5	-1.500000E-4	-6.204500E-2	-6.540000E-6	6.700000E-7	3.647000E-4	4.850000E-6	0.000000E+0	0.000000E+0	1.964247E-4	2.976042E-9	0.000000E+0	0.000000E+0	9.574612E+0	0.000000E+0	0.000000E+0
24-Apr-25	13:08:41	-1.000000E-5	-1.500000E-4	-6.014000E-2	-6.635000E-6	4.400000E-7	3.648500E-4	3.850000E-6	0.000000E+0	0.000000E+0	1.964247E-4	2.976042E-9	0.000000E+0	0.000000E+0	9.573938E+0	0.000000E+0	0.000000E+0
24-Apr-25	13:08:41	-1.000000E-5	-1.500000E-4	-5.839500E-2	-6.440000E-6	4.450000E-7	3.640500E-4	4.450000E-6	0.000000E+0	0.000000E+0	1.964247E-4	2.976042E-9	0.000000E+0	0.000000E+0	9.573200E+0	0.000000E+0	0.000000E+0
24-Apr-25	13:08:42	-1.000000E-5	-1.500000E-4	-5.681500E-2	-6.410000E-6	3.250000E-7	3.643000E-4	4.750000E-6	0.000000E+0	0.000000E+0	1.964247E-4	2.976042E-9	0.000000E+0	0.000000E+0	9.572624E+0	0.000000E+0	0.000000E+0
24-Apr-25	13:08:42	-1.000000E-5	-1.500000E-4	-5.506500E-2	-6.415000E-6	4.300000E-7	3.640500E-4	4.200000E-6	0.000000E+0	0.000000E+0	1.964247E-4	2.976042E-9	0.000000E+0	0.000000E+0	9.571982E+0	0.000000E+0	0.000000E+0
24-Apr-25	13:08:43	-1.000000E-5	-1.500000E-4	-5.301000E-2	-6.280000E-6	5.900000E-7	3.646000E-4	4.550000E-6	0.000000E+0	0.000000E+0	1.964247E-4	2.976042E-9	0.000000E+0	0.000000E+0	9.571520E+0	0.000000E+0	0.000000E+0
24-Apr-25	13:08:43	-1.000000E-5	-1.500000E-4	-5.142500E-2	-6.355000E-6	5.400000E-7	3.641500E-4	4.250000E-6	0.000000E+0	0.000000E+0	1.964247E-4	2.976042E-9	0.000000E+0	0.000000E+0	9.571218E+0	0.000000E+0	0.000000E+0
24-Apr-25	13:08:44	-1.000000E-5	-1.500000E-4	-4.968500E-2	-6.470000E-6	5.200000E-7	3.646000E-4	3.800000E-6	0.000000E+0	0.000000E+0	1.964247E-4	2.976042E-9	0.000000E+0	0.000000E+0	9.570848E+0	0.000000E+0	0.000000E+0
24-Apr-25	13:08:44	-1.000000E-5	-1.500000E-4	-4.788500E-2	-6.095000E-6	4.050000E-7	3.641500E-4	4.250000E-6	0.000000E+0	0.000000E+0	1.964247E-4	2.976042E-9	0.000000E+0	0.000000E+0	9.570690E+0	0.000000E+0	0.000000E+0
24-Apr-25	13:08:45	-1.000000E-5	-1.500000E-4	-4.630500E-2	-6.080000E-6	5.900000E-7	3.639500E-4	3.800000E-6	0.000000E+0	0.000000E+0	1.964247E-4	2.976042E-9	0.000000E+0	0.000000E+0	9.570812E+0	0.000000E+0	0.000000E+0
24-Apr-25	13:08:45	-1.000000E-5	-1.500000E-4	-4.471500E-2	-5.880000E-6	5.400000E-7	3.644000E-4	4.100000E-6	0.000000E+0	0.000000E+0	1.964247E-4	2.976042E-9	0.000000E+0	0.000000E+0	9.571309E+0	0.000000E+0	0.000000E+0
24-Apr-25	13:08:46	-1.000000E-5	-1.500000E-4	-4.297500E-2	-6.000000E-6	4.650000E-7	3.643000E-4	4.150000E-6	0.000000E+0	0.000000E+0	1.964247E-4	2.976042E-9	0.000000E+0	0.000000E+0	9.572436E+0	0.000000E+0	0.000000E+0
24-Apr-25	13:08:46	-1.000000E-5	-1.500000E-4	-4.123500E-2	-6.105000E-6	5.650000E-7	3.641500E-4	4.000000E-6	0.000000E+0	0.000000E+0	1.964247E-4	2.976042E-9	0.000000E+0	0.000000E+0	9.573680E+0	0.000000E+0	0.000000E+0
24-Apr-25	13:08:47	-1.000000E-5	-1.500000E-4	-3.949000E-2	-5.750000E-6	7.700000E-7	3.643000E-4	4.150000E-6	0.000000E+0	0.000000E+0	1.964247E-4	2.976042E-9	0.000000E+0	0.000000E+0	9.575389E+0	0.000000E+0	0.000000E+0
24-Apr-25	13:08:48	-1.000000E-5	-1.500000E-4	-3.693000E-2	-5.780000E-6	4.750000E-7	3.641500E-4	4.050000E-6	0.000000E+0	0.000000E+0	1.964247E-4	2.976042E-9	0.000000E+0	0.000000E+0	9.577312E+0	0.000000E+0	0.000000E+0
24-Apr-25	13:08:49	-1.000000E-5	-1.500000E-4	-3.437000E-2	-5.760000E-6	5.650000E-7	3.641500E-4	4.450000E-6	0.000000E+0	0.000000E+0	1.964247E-4	2.976042E-9	0.000000E+0	0.000000E+0	9.578750E+0	0.000000E+0	0.000000E+0
24-Apr-25	13:08:49	-1.000000E-5	-1.500000E-4	-3.263000E-2	-5.690000E-6	3.100000E-7	3.640000E-4	4.350000E-6	0.000000E+0	0.000000E+0	1.964247E-4	2.976042E-9	0.000000E+0	0.000000E+0	9.579004E+0	0.000000E+0	0.000000E+0
24-Apr-25	13:08:50	-1.000000E-5	-1.500000E-4	-3.104000E-2	-5.585000E-6	4.800000E-7	3.634000E-4	3.800000E-6	0.000000E+0	0.000000E+0	1.964247E-4	2.976042E-9	0.000000E+0	0.000000E+0	9.578809E+0	0.000000E+0	0.000000E+0
24-Apr-25	13:08:50	-1.000000E-5	-1.500000E-4	-2.945500E-2	-5.550000E-6	4.500000E-7	3.639500E-4	4.350000E-6	0.000000E+0	0.000000E+0	1.964247E-4	2.976042E-9	0.000000E+0	0.000000E+0	9.578405E+0	0.000000E+0	0.000000E+0
24-Apr-25	13:08:51	-1.000000E-5	-1.500000E-4	-2.787500E-2	-5.400000E-6	3.700000E-7	3.633500E-4	4.100000E-6	0.000000E+0	0.000000E+0	1.964247E-4	2.976042E-9	0.000000E+0	0.000000E+0	9.577884E+0	0.000000E+0	0.000000E+0
24-Apr-25	13:08:51	-1.000000E-5	-1.500000E-4	-2.629000E-2	-5.400000E-6	3.500000E-7	3.636000E-4	4.300000E-6	0.000000E+0	0.000000E+0	1.964247E-4	2.976042E-9	0.000000E+0	0.000000E+0	9.577241E+0	0.000000E+0	0.000000E+0
24-Apr-25	13:08:52	-1.000000E-5	-1.500000E-4	-2.454000E-2	-5.255000E-6	3.300000E-7	3.633000E-4	4.300000E-6	0.000000E+0	0.000000E+0	1.964247E-4	2.976042E-9	0.000000E+0	0.000000E+0	9.576223E+0	0.000000E+0	0.000000E+0
24-Apr-25	13:08:52	-1.000000E-5	-1.500000E-4	-2.279500E-2	-5.085000E-6	4.150000E-7	3.630500E-4	3.150000E-6	0.000000E+0	0.000000E+0	1.964247E-4	2.976042E-9	0.000000E+0	0.000000E+0	9.574854E+0	0.000000E+0	0.000000E+0
24-Apr-25	13:08:53	-1.000000E-5	-1.500000E-4	-2.105500E-2	-5.045000E-6	5.450000E-7	3.632500E-4	3.850000E-6	0.000000E+0	0.000000E+0	1.964247E-4	2.976042E-9	0.000000E+0	0.000000E+0	9.573647E+0	0.000000E+0	0.000000E+0
24-Apr-25	13:08:53	-1.000000E-5	-1.500000E-4	-1.947000E-2	-4.865000E-6	4.800000E-7	3.623000E-4	4.100000E-6	0.000000E+0	0.000000E+0	1.964247E-4	2.976042E-9	0.000000E+0	0.000000E+0	9.572282E+0	0.000000E+0	0.000000E+0
24-Apr-25	13:08:54	-1.000000E-5	-1.500000E-4	-1.789000E-2	-4.610000E-6	3.300000E-7	3.628000E-4	4.900000E-6	0.000000E+0	0.000000E+0	1.964247E-4	2.976042E-9	0.000000E+0	0.000000E+0	9.570705E+0	0.000000E+0	0.000000E+0
24-Apr-25	13:08:54	-1.000000E-5	-1.500000E-4	-1.631000E-2	-4.530000E-6	3.400000E-7	3.627000E-4	4.350000E-6	0.000000E+0	0.000000E+0	1.964247E-4	2.976042E-9	0.000000E+0	0.000000E+0	9.568979E+0	0.000000E+0	0.000000E+0
24-Apr-25	13:08:55	-1.000000E-5	-1.500000E-4	-1.441000E-2	-4.125000E-6	4.500000E-7	3.624500E-4	3.900000E-6	0.000000E+0	0.000000E+0	1.964247E-4	2.976042E-9	0.000000E+0	0.000000E+0	9.566772E+0	0.000000E+0	0.000000E+0
24-Apr-25	13:08:55	-1.000000E-5	-1.500000E-4	-1.282000E-2	-4.060000E-6	4.000000E-7	3.621500E-4	4.100000E-6	0.000000E+0	0.000000E+0	1.964247E-4	2.976042E-9	0.000000E+0	0.000000E+0	9.565144E+0	0.000000E+0	0.000000E+0
24-Apr-25	13:08:56	-1.000000E-5	-1.500000E-4	-1.123500E-2	-3.890000E-6	3.700000E-7	3.623000E-4	4.300000E-6	0.000000E+0	0.000000E+0	1.964247E-4	2.976042E-9	0.000000E+0	0.000000E+0	9.563656E+0	0.000000E+0	0.000000E+0
24-Apr-25	13:08:57	-1.000000E-5	-1.500000E-4	-9.650000E-3	-3.625000E-6	3.250000E-7	3.613500E-4	4.400000E-6	0.000000E+0	0.000000E+0	1.964247E-4	2.976042E-9	0.000000E+0	0.000000E+0	9.562356E+0	0.000000E+0	0.000000E+0
24-Apr-25	13:08:57	-1.000000E-5	-1.500000E-4	-7.380000E-3	-3.095000E-6	2.850000E-7	3.607500E-4	4.100000E-6	0.000000E+0	0.000000E+0	1.964247E-4	2.976042E-9	0.000000E+0	0.000000E+0	9.560853E+0	0.000000E+0	0.000000E+0
24-Apr-25	13:08:58	-1.000000E-5	-1.500000E-4	-5.640000E-3	-2.790000E-6	3.900000E-7	3.608000E-4	3.950000E-6	0.000000E+0	0.000000E+0	1.964247E-4	2.976042E-9	0.000000E+0	0.000000E+0	9.559986E+0	0.000000E+0	0.000000E+0
24-Apr-25	13:08:58	-1.000000E-5	-1.500000E-4	-4.055000E-3	-2.595000E-6	3.150000E-7	3.609500E-4	3.500000E-6	0.000000E+0	0.000000E+0	1.964247E-4	2.976042E-9	0.000000E+0	0.000000E+0	9.559456E+0	0.000000E+0	0.000000E+0
24-Apr-25	13:08:59	-1.000000E-5	-1.500000E-4	-2.475000E-3	-2.265000E-6	2.950000E-7	3.600500E-4	4.100000E-6	0.000000E+0	0.000000E+0	1.964247E-4	2.976042E-9	0.000000E+0	0.000000E+0	9.558728E+0	0.000000E+0	0.000000E+0
24-Apr-25	13:08:59	-1.000000E-5	-1.500000E-4	-5.850000E-4	-1.910000E-6	1.050000E-7	3.596000E-4	4.300000E-6	0.000000E+0	0.000000E+0	1.964247E-4	2.976042E-9	0.000000E+0	0.000000E+0	9.557977E+0	0.000000E+0	0.000000E+0
24-Apr-25	13:09:00	-1.000000E-5	-1.500000E-4	1.000000E-3	-1.630000E-6	2.150000E-7	3.596000E-4	4.050000E-6	0.000000E+0	0.000000E+0	1.964247E-4	2.976042E-9	0.000000E+0	0.000000E+0	9.557018E+0	0.000000E+0	0.000000E+0
24-Apr-25	13:09:00	-1.000000E-5	-1.500000E-4	2.905000E-3	-1.095000E-6	1.150000E-7	3.590500E-4	4.100000E-6	0.000000E+0	0.000000E+0	1.964247E-4	2.976042E-9	0.000000E+0	0.000000E+0	9.556390E+0	0.000000E+0	0.000000E+0
24-Apr-25	13:09:01	-1.000000E-5	-1.500000E-4	4.645000E-3	-5.400000E-7	1.050000E-7	3.585500E-4	4.150000E-6	0.000000E+0	0.000000E+0	1.964247E-4	2.976042E-9	0.000000E+0	0.000000E+0	9.555730E+0	0.000000E+0	0.000000E+0
24-Apr-25	13:09:02	-1.000000E-5	-1.500000E-4	6.600000E-3	1.450000E-7	1.400000E-7	3.576000E-4	3.950000E-6	0.000000E+0	0.000000E+0	1.964247E-4	2.976042E-9	0.000000E+0	0.000000E+0	9.555302E+0	0.000000E+0	0.000000E+0
24-Apr-25	13:09:02	-1.000000E-5	-1.500000E-4	8.500000E-3	5.050000E-7	1.550000E-7	3.575000E-4	3.950000E-6	0.000000E+0	0.000000E+0	1.964247E-4	2.976042E-9	0.000000E+0	0.000000E+0	9.555047E+0	0.000000E+0	0.000000E+0
24-Apr-25	13:09:03	-1.000000E-5	-1.500000E-4	1.072500E-2	1.480000E-6	-1.500000E-7	3.569000E-4	4.550000E-6	0.000000E+0	0.000000E+0	1.964247E-4	2.976042E-9	0.000000E+0	0.000000E+0	9.554678E+0	0.000000E+0	0.000000E+0
24-Apr-25	13:09:04	-1.000000E-5	-1.500000E-4	1.299500E-2	1.965000E-6	8.500000E-8	3.557000E-4	3.850000E-6	0.000000E+0	0.000000E+0	1.964247E-4	2.976042E-9	0.000000E+0	0.000000E+0	9.554149E+0	0.000000E+0	0.000000E+0
24-Apr-25	13:09:04	-1.000000E-5	-1.500000E-4	1.474500E-2	2.590000E-6	1.000000E-8	3.561000E-4	4.350000E-6	0.000000E+0	0.000000E+0	1.964247E-4	2.976042E-9	0.000000E+0	0.000000E+0	9.553770E+0	0.000000E+0	0.000000E+0
24-Apr-25	13:09:05	-1.000000E-5	-1.500000E-4	1.616000E-2	3.275000E-6	-1.750000E-7	3.551000E-4	4.300000E-6	0.000000E+0	0.000000E+0	1.964247E-4	2.976042E-9	0.000000E+0	0.000000E+0	9.553436E+0	0.000000E+0	0.000000E+0
24-Apr-25	13:09:05	-1.000000E-5	-1.500000E-4	1.790500E-2	3.880000E-6	-1.950000E-7	3.549500E-4	3.950000E-6	0.000000E+0	0.000000E+0	1.964247E-4	2.976042E-9	0.000000E+0	0.000000E+0	9.553322E+0	0.000000E+0	0.000000E+0
24-Apr-25	13:09:06	-1.000000E-5	-1.500000E-4	1.949000E-2	4.105000E-6	-3.250000E-7	3.544500E-4	3.700000E-6	0.000000E+0	0.000000E+0	1.964247E-4	2.976042E-9	0.000000E+0	0.000000E+0	9.553485E+0	0.000000E+0	0.000000E+0
24-Apr-25	13:09:06	-1.000000E-5	-1.500000E-4	2.123500E-2	4.695000E-6	-4.200000E-7	3.542000E-4	3.750000E-6	0.000000E+0	0.000000E+0	1.964247E-4	2.976042E-9	0.000000E+0	0.000000E+0	9.554298E+0	0.000000E+0	0.000000E+0
24-Apr-25	13:09:07	-1.000000E-5	-1.500000E-4	2.313500E-2	4.775000E-6	-4.800000E-7	3.535500E-4	4.350000E-6	0.000000E+0	0.000000E+0	1.964247E-4	2.976042E-9	0.000000E+0	0.000000E+0	9.555243E+0	0.000000E+0	0.000000E+0
24-Apr-25	13:09:07	-1.000000E-5	-1.500000E-4	2.488500E-2	5.200000E-6	-4.350000E-7	3.537000E-4	4.700000E-6	0.000000E+0	0.000000E+0	1.964247E-4	2.976042E-9	0.000000E+0	0.000000E+0	9.557095E+0	0.000000E+0	0.000000E+0
24-Apr-25	13:09:08	-1.000000E-5	-1.500000E-4	2.647000E-2	5.740000E-6	-3.200000E-7	3.528500E-4	4.100000E-6	0.000000E+0	0.000000E+0	1.964247E-4	2.976042E-9	0.000000E+0	0.000000E+0	9.558962E+0	0.000000E+0	0.000000E+0
24-Apr-25	13:09:08	-1.000000E-5	-1.500000E-4	2.805500E-2	6.020000E-6	-4.000000E-7	3.523000E-4	4.350000E-6	0.000000E+0	0.000000E+0	1.964247E-4	2.976042E-9	0.000000E+0	0.000000E+0	9.561096E+0	0.000000E+0	0.000000E+0
24-Apr-25	13:09:09	-1.000000E-5	-1.500000E-4	2.963500E-2	6.615000E-6	-5.400000E-7	3.517000E-4	4.350000E-6	0.000000E+0	0.000000E+0	1.964247E-4	2.976042E-9	0.000000E+0	0.000000E+0	9.563466E+0	0.000000E+0	0.000000E+0
24-Apr-25	13:09:09	-1.000000E-5	-1.500000E-4	3.122000E-2	7.195000E-6	-5.150000E-7	3.514500E-4	3.800000E-6	0.000000E+0	0.000000E+0	1.964247E-4	2.976042E-9	0.000000E+0	0.000000E+0	9.565886E+0	0.000000E+0	0.000000E+0
24-Apr-25	13:09:10	-1.000000E-5	-1.500000E-4	3.279500E-2	7.515000E-6	-6.100000E-7	3.512000E-4	4.050000E-6	0.000000E+0	0.000000E+0	1.964247E-4	2.976042E-9	0.000000E+0	0.000000E+0	9.568150E+0	0.000000E+0	0.000000E+0
24-Apr-25	13:09:10	-1.000000E-5	-1.500000E-4	3.438500E-2	7.780000E-6	-6.250000E-7	3.507000E-4	3.800000E-6	0.000000E+0	0.000000E+0	1.964247E-4	2.976042E-9	0.000000E+0	0.000000E+0	9.570519E+0	0.000000E+0	0.000000E+0
24-Apr-25	13:09:11	-1.000000E-5	-1.500000E-4	3.597500E-2	8.200000E-6	-7.000000E-7	3.504000E-4	4.100000E-6	0.000000E+0	0.000000E+0	1.964247E-4	2.976042E-9	0.000000E+0	0.000000E+0	9.572007E+0	0.000000E+0	0.000000E+0
24-Apr-25	13:09:12	-1.000000E-5	-1.500000E-4	3.787000E-2	8.575000E-6	-6.950000E-7	3.499000E-4	4.150000E-6	0.000000E+0	0.000000E+0	1.964247E-4	2.976042E-9	0.000000E+0	0.000000E+0	9.573213E+0	0.000000E+0	0.000000E+0
24-Apr-25	13:09:12	-1.000000E-5	-1.500000E-4	3.946000E-2	8.845000E-6	-5.850000E-7	3.490500E-4	4.100000E-6	0.000000E+0	0.000000E+0	1.964247E-4	2.976042E-9	0.000000E+0	0.000000E+0	9.573710E+0	0.000000E+0	0.000000E+0
24-Apr-25	13:09:13	-1.000000E-5	-1.500000E-4	4.104500E-2	9.330000E-6	-6.200000E-7	3.490000E-4	4.100000E-6	0.000000E+0	0.000000E+0	1.964247E-4	2.976042E-9	0.000000E+0	0.000000E+0	9.573864E+0	0.000000E+0	0.000000E+0
24-Apr-25	13:09:13	-1.000000E-5	-1.500000E-4	4.284500E-2	9.785000E-6	-9.300000E-7	3.482500E-4	3.800000E-6	0.000000E+0	0.000000E+0	1.964247E-4	2.976042E-9	0.000000E+0	0.000000E+0	9.573709E+0	0.000000E+0	0.000000E+0
24-Apr-25	13:09:14	-1.000000E-5	-1.500000E-4	4.458500E-2	1.019000E-5	-9.400000E-7	3.477000E-4	4.150000E-6	0.000000E+0	0.000000E+0	1.964247E-4	2.976042E-9	0.000000E+0	0.000000E+0	9.573339E+0	0.000000E+0	0.000000E+0
24-Apr-25	13:09:14	-1.000000E-5	-1.500000E-4	4.633000E-2	1.057000E-5	-7.350000E-7	3.476000E-4	3.850000E-6	0.000000E+0	0.000000E+0	1.964247E-4	2.976042E-9	0.000000E+0	0.000000E+0	9.572934E+0	0.000000E+0	0.000000E+0
24-Apr-25	13:09:15	-1.000000E-5	-1.500000E-4	4.886500E-2	1.102000E-5	-8.950000E-7	3.469000E-4	3.400000E-6	0.000000E+0	0.000000E+0	1.964247E-4	2.976042E-9	0.000000E+0	0.000000E+0	9.572898E+0	0.000000E+0	0.000000E+0
24-Apr-25	13:09:16	-1.000000E-5	-1.500000E-4	5.113500E-2	1.135000E-5	-9.400000E-7	3.468500E-4	3.850000E-6	0.000000E+0	0.000000E+0	1.964247E-4	2.976042E-9	0.000000E+0	0.000000E+0	9.573393E+0	0.000000E+0	0.000000E+0
24-Apr-25	13:09:16	-1.000000E-5	-1.500000E-4	5.288000E-2	1.165000E-5	-9.800000E-7	3.466000E-4	4.950000E-6	0.000000E+0	0.000000E+0	1.964247E-4	2.976042E-9	0.000000E+0	0.000000E+0	9.574060E+0	0.000000E+0	0.000000E+0
24-Apr-25	13:09:17	-1.000000E-5	-1.500000E-4	5.446000E-2	1.197000E-5	-8.950000E-7	3.464500E-4	3.800000E-6	0.000000E+0	0.000000E+0	1.964247E-4	2.976042E-9	0.000000E+0	0.000000E+0	9.574729E+0	0.000000E+0	0.000000E+0
24-Apr-25	13:09:17	-1.000000E-5	-1.500000E-4	5.589000E-2	1.239000E-5	-9.850000E-7	3.459000E-4	4.350000E-6	0.000000E+0	0.000000E+0	1.964247E-4	2.976042E-9	0.000000E+0	0.000000E+0	9.575272E+0	0.000000E+0	0.000000E+0
24-Apr-25	13:09:18	-1.000000E-5	-1.500000E-4	5.762000E-2	1.296000E-5	-1.125000E-6	3.454500E-4	4.200000E-6	0.000000E+0	0.000000E+0	1.964247E-4	2.976042E-9	0.000000E+0	0.000000E+0	9.575568E+0	0.000000E+0	0.000000E+0
24-Apr-25	13:09:18	-1.000000E-5	-1.500000E-4	5.921500E-2	1.331000E-5	-1.085000E-6	3.455000E-4	4.400000E-6	0.000000E+0	0.000000E+0	1.964247E-4	2.976042E-9	0.000000E+0	0.000000E+0	9.575616E+0	0.000000E+0	0.000000E+0
24-Apr-25	13:09:19	-1.000000E-5	-1.500000E-4	6.079500E-2	1.365000E-5	-1.080000E-6	3.449000E-4	4.250000E-6	0.000000E+0	0.000000E+0	1.964247E-4	2.976042E-9	0.000000E+0	0.000000E+0	9.575314E+0	0.000000E+0	0.000000E+0
24-Apr-25	13:09:19	-1.000000E-5	-1.500000E-4	6.238000E-2	1.379500E-5	-1.125000E-6	3.434500E-4	4.100000E-6	0.000000E+0	0.000000E+0	1.964247E-4	2.976042E-9	0.000000E+0	0.000000E+0	9.574700E+0	0.000000E+0	0.000000E+0
24-Apr-25	13:09:20	-1.000000E-5	-1.500000E-4	6.396500E-2	1.420000E-5	-1.285000E-6	3.444500E-4	4.300000E-6	0.000000E+0	0.000000E+0	1.964247E-4	2.976042E-9	0.000000E+0	0.000000E+0	9.573877E+0	0.000000E+0	0.000000E+0
24-Apr-25	13:09:21	-1.000000E-5	-1.500000E-4	6.602000E-2	1.471000E-5	-1.150000E-6	3.438500E-4	4.000000E-6	0.000000E+0	0.000000E+0	1.964247E-4	2.976042E-9	0.000000E+0	0.000000E+0	9.572457E+0	0.000000E+0	0.000000E+0
24-Apr-25	13:09:21	-1.000000E-5	-1.500000E-4	6.808500E-2	1.515500E-5	-1.225000E-6	3.437000E-4	3.650000E-6	0.000000E+0	0.000000E+0	1.964247E-4	2.976042E-9	0.000000E+0	0.000000E+0	9.571170E+0	0.000000E+0	0.000000E+0
24-Apr-25	13:09:22	-1.000000E-5	-1.500000E-4	6.970000E-2	1.517000E-5	-1.200000E-6	3.437500E-4	3.950000E-6	0.000000E+0	0.000000E+0	1.964247E-4	2.976042E-9	0.000000E+0	0.000000E+0	9.570184E+0	0.000000E+0	0.000000E+0
24-Apr-25	13:09:23	-1.000000E-5	-1.500000E-4	7.210000E-2	1.581500E-5	-1.100000E-6	3.431500E-4	4.300000E-6	0.000000E+0	0.000000E+0	1.964247E-4	2.976042E-9	0.000000E+0	0.000000E+0	9.568971E+0	0.000000E+0	0.000000E+0
24-Apr-25	13:09:23	-1.000000E-5	-1.500000E-4	7.448000E-2	1.592500E-5	-1.475000E-6	3.428500E-4	4.200000E-6	0.000000E+0	0.000000E+0	1.964247E-4	2.976042E-9	0.000000E+0	0.000000E+0	9.568485E+0	0.000000E+0	0.000000E+0
24-Apr-25	13:09:24	-1.000000E-5	-1.500000E-4	7.607000E-2	1.593500E-5	-1.470000E-6	3.426500E-4	3.850000E-6	0.000000E+0	0.000000E+0	1.964247E-4	2.976042E-9	0.000000E+0	0.000000E+0	9.568199E+0	0.000000E+0	0.000000E+0
24-Apr-25	13:09:24	-1.000000E-5	-1.500000E-4	7.765000E-2	1.628500E-5	-1.515000E-6	3.423500E-4	3.400000E-6	0.000000E+0	0.000000E+0	1.964247E-4	2.976042E-9	0.000000E+0	0.000000E+0	9.568026E+0	0.000000E+0	0.000000E+0
24-Apr-25	13:09:25	-1.000000E-5	-1.500000E-4	7.923500E-2	1.654500E-5	-1.530000E-6	3.422000E-4	3.850000E-6	0.000000E+0	0.000000E+0	1.964247E-4	2.976042E-9	0.000000E+0	0.000000E+0	9.567879E+0	0.000000E+0	0.000000E+0
24-Apr-25	13:09:25	-1.000000E-5	-1.500000E-4	8.097500E-2	1.691000E-5	-1.235000E-6	3.413500E-4	4.100000E-6	0.000000E+0	0.000000E+0	1.964247E-4	2.976042E-9	0.000000E+0	0.000000E+0	9.567723E+0	0.000000E+0	0.000000E+0
24-Apr-25	13:09:26	-1.000000E-5	-1.500000E-4	8.256000E-2	1.705500E-5	-1.350000E-6	3.413500E-4	4.100000E-6	0.000000E+0	0.000000E+0	1.964247E-4	2.976042E-9	0.000000E+0	0.000000E+0	9.567527E+0	0.000000E+0	0.000000E+0
24-Apr-25	13:09:26	-1.000000E-5	-1.500000E-4	8.433000E-2	1.740500E-5	-1.340000E-6	3.417500E-4	3.900000E-6	0.000000E+0	0.000000E+0	1.964247E-4	2.976042E-9	0.000000E+0	0.000000E+0	9.567065E+0	0.000000E+0	0.000000E+0
24-Apr-25	13:09:27	-1.000000E-5	-1.500000E-4	8.610000E-2	1.764000E-5	-1.375000E-6	3.406500E-4	4.000000E-6	0.000000E+0	0.000000E+0	1.964247E-4	2.976042E-9	0.000000E+0	0.000000E+0	9.566471E+0	0.000000E+0	0.000000E+0
24-Apr-25	13:09:27	-1.000000E-5	-1.500000E-4	8.768500E-2	1.792500E-5	-1.340000E-6	3.407500E-4	3.800000E-6	0.000000E+0	0.000000E+0	1.964247E-4	2.976042E-9	0.000000E+0	0.000000E+0	9.566109E+0	0.000000E+0	0.000000E+0
24-Apr-25	13:09:28	-1.000000E-5	-1.500000E-4	8.943000E-2	1.803000E-5	-1.420000E-6	3.409500E-4	3.800000E-6	0.000000E+0	0.000000E+0	1.964247E-4	2.976042E-9	0.000000E+0	0.000000E+0	9.565738E+0	0.000000E+0	0.000000E+0
24-Apr-25	13:09:28	-1.000000E-5	-1.500000E-4	9.117000E-2	1.841500E-5	-1.550000E-6	3.406500E-4	3.400000E-6	0.000000E+0	0.000000E+0	1.964247E-4	2.976042E-9	0.000000E+0	0.000000E+0	9.565117E+0	0.000000E+0	0.000000E+0
24-Apr-25	13:09:29	-1.000000E-5	-1.500000E-4	9.323000E-2	1.852000E-5	-1.360000E-6	3.403500E-4	4.100000E-6	0.000000E+0	0.000000E+0	1.964247E-4	2.976042E-9	0.000000E+0	0.000000E+0	9.564197E+0	0.000000E+0	0.000000E+0
24-Apr-25	13:09:30	-1.000000E-5	-1.500000E-4	9.497500E-2	1.873000E-5	-1.350000E-6	3.397500E-4	4.100000E-6	0.000000E+0	0.000000E+0	1.964247E-4	2.976042E-9	0.000000E+0	0.000000E+0	9.563537E+0	0.000000E+0	0.000000E+0
24-Apr-25	13:09:30	-1.000000E-5	-1.500000E-4	9.656000E-2	1.899500E-5	-1.540000E-6	3.399000E-4	4.150000E-6	0.000000E+0	0.000000E+0	1.964247E-4	2.976042E-9	0.000000E+0	0.000000E+0	9.562702E+0	0.000000E+0	0.000000E+0
24-Apr-25	13:09:31	-1.000000E-5	-1.500000E-4	9.816000E-2	1.922500E-5	-1.460000E-6	3.398500E-4	4.500000E-6	0.000000E+0	0.000000E+0	1.964247E-4	2.976042E-9	0.000000E+0	0.000000E+0	9.561591E+0	0.000000E+0	0.000000E+0
24-Apr-25	13:09:31	-1.000000E-5	-1.500000E-4	1.000900E-1	1.942000E-5	-1.650000E-6	3.389000E-4	3.450000E-6	0.000000E+0	0.000000E+0	1.964247E-4	2.976042E-9	0.000000E+0	0.000000E+0	9.560243E+0	0.000000E+0	0.000000E+0
24-Apr-25	13:09:32	-1.000000E-5	-1.500000E-4	1.016750E-1	1.967000E-5	-1.515000E-6	3.389500E-4	4.100000E-6	0.000000E+0	0.000000E+0	1.964247E-4	2.976042E-9	0.000000E+0	0.000000E+0	9.559420E+0	0.000000E+0	0.000000E+0
24-Apr-25	13:09:32	-1.000000E-5	-1.500000E-4	1.032600E-1	1.975500E-5	-1.580000E-6	3.395000E-4	3.800000E-6	0.000000E+0	0.000000E+0	1.964247E-4	2.976042E-9	0.000000E+0	0.000000E+0	9.558946E+0	0.000000E+0	0.000000E+0
24-Apr-25	13:09:33	-1.000000E-5	-1.500000E-4	1.053250E-1	2.019500E-5	-1.545000E-6	3.387500E-4	3.600000E-6	0.000000E+0	0.000000E+0	1.964247E-4	2.976042E-9	0.000000E+0	0.000000E+0	9.558818E+0	0.000000E+0	0.000000E+0
24-Apr-25	13:09:33	-1.000000E-5	-1.500000E-4	1.069100E-1	2.031000E-5	-1.635000E-6	3.385500E-4	3.650000E-6	0.000000E+0	0.000000E+0	1.964247E-4	2.976042E-9	0.000000E+0	0.000000E+0	9.559119E+0	0.000000E+0	0.000000E+0
24-Apr-25	13:09:34	-1.000000E-5	-1.500000E-4	1.084900E-1	2.058500E-5	-1.845000E-6	3.383500E-4	3.900000E-6	0.000000E+0	0.000000E+0	1.964247E-4	2.976042E-9	0.000000E+0	0.000000E+0	9.559703E+0	0.000000E+0	0.000000E+0
24-Apr-25	13:09:34	-1.000000E-5	-1.500000E-4	1.102400E-1	2.073000E-5	-1.535000E-6	3.385000E-4	3.500000E-6	0.000000E+0	0.000000E+0	1.964247E-4	2.976042E-9	0.000000E+0	0.000000E+0	9.560455E+0	0.000000E+0	0.000000E+0
24-Apr-25	13:09:35	-1.000000E-5	-1.500000E-4	1.118200E-1	2.092500E-5	-1.520000E-6	3.372500E-4	3.700000E-6	0.000000E+0	0.000000E+0	1.964247E-4	2.976042E-9	0.000000E+0	0.000000E+0	9.560965E+0	0.000000E+0	0.000000E+0
24-Apr-25	13:09:36	-1.000000E-5	-1.500000E-4	1.139350E-1	2.128500E-5	-1.815000E-6	3.383500E-4	3.800000E-6	0.000000E+0	0.000000E+0	1.964247E-4	2.976042E-9	0.000000E+0	0.000000E+0	9.561445E+0	0.000000E+0	0.000000E+0
24-Apr-25	13:09:36	-1.000000E-5	-1.500000E-4	1.155100E-1	2.113000E-5	-1.785000E-6	3.375000E-4	4.500000E-6	0.000000E+0	0.000000E+0	1.964247E-4	2.976042E-9	0.000000E+0	0.000000E+0	9.561884E+0	0.000000E+0	0.000000E+0
24-Apr-25	13:09:37	-1.000000E-5	-1.500000E-4	1.171000E-1	2.137000E-5	-1.600000E-6	3.380500E-4	3.250000E-6	0.000000E+0	0.000000E+0	1.964247E-4	2.976042E-9	0.000000E+0	0.000000E+0	9.562290E+0	0.000000E+0	0.000000E+0
24-Apr-25	13:09:37	-1.000000E-5	-1.500000E-4	1.186850E-1	2.177000E-5	-1.765000E-6	3.367500E-4	4.950000E-6	0.000000E+0	0.000000E+0	1.964247E-4	2.976042E-9	0.000000E+0	0.000000E+0	9.562678E+0	0.000000E+0	0.000000E+0
24-Apr-25	13:09:38	-1.000000E-5	-1.500000E-4	1.204300E-1	2.206000E-5	-2.030000E-6	3.368000E-4	4.150000E-6	0.000000E+0	0.000000E+0	1.964247E-4	2.976042E-9	0.000000E+0	0.000000E+0	9.563009E+0	0.000000E+0	0.000000E+0
24-Apr-25	13:09:38	-1.000000E-5	-1.500000E-4	1.226500E-1	2.223500E-5	-1.875000E-6	3.364500E-4	4.050000E-6	0.000000E+0	0.000000E+0	1.964247E-4	2.976042E-9	0.000000E+0	0.000000E+0	9.563279E+0	0.000000E+0	0.000000E+0
24-Apr-25	13:09:39	-1.000000E-5	-1.500000E-4	1.242250E-1	2.235500E-5	-1.820000E-6	3.362500E-4	4.000000E-6	0.000000E+0	0.000000E+0	1.964247E-4	2.976042E-9	0.000000E+0	0.000000E+0	9.563245E+0	0.000000E+0	0.000000E+0
24-Apr-25	13:09:39	-1.000000E-5	-1.500000E-4	1.258100E-1	2.245500E-5	-2.010000E-6	3.367000E-4	4.150000E-6	0.000000E+0	0.000000E+0	1.964247E-4	2.976042E-9	0.000000E+0	0.000000E+0	9.562928E+0	0.000000E+0	0.000000E+0
24-Apr-25	13:09:40	-1.000000E-5	-1.500000E-4	1.279000E-1	2.283500E-5	-1.870000E-6	3.359500E-4	4.200000E-6	0.000000E+0	0.000000E+0	1.964247E-4	2.976042E-9	0.000000E+0	0.000000E+0	9.561909E+0	0.000000E+0	0.000000E+0
24-Apr-25	13:09:40	-1.000000E-5	-1.500000E-4	1.295100E-1	2.302000E-5	-1.540000E-6	3.362500E-4	3.950000E-6	0.000000E+0	0.000000E+0	1.964247E-4	2.976042E-9	0.000000E+0	0.000000E+0	9.560968E+0	0.000000E+0	0.000000E+0
24-Apr-25	13:09:41	-1.000000E-5	-1.500000E-4	1.312500E-1	2.318000E-5	-1.740000E-6	3.354000E-4	4.100000E-6	0.000000E+0	0.000000E+0	1.964247E-4	2.976042E-9	0.000000E+0	0.000000E+0	9.559510E+0	0.000000E+0	0.000000E+0
24-Apr-25	13:09:42	-1.000000E-5	-1.500000E-4	1.333050E-1	2.349000E-5	-1.655000E-6	3.358000E-4	3.850000E-6	0.000000E+0	0.000000E+0	1.964247E-4	2.976042E-9	0.000000E+0	0.000000E+0	9.557786E+0	0.000000E+0	0.000000E+0
24-Apr-25	13:09:42	-1.000000E-5	-1.500000E-4	1.348950E-1	2.355500E-5	-1.925000E-6	3.356000E-4	4.150000E-6	0.000000E+0	0.000000E+0	1.964247E-4	2.976042E-9	0.000000E+0	0.000000E+0	9.556235E+0	0.000000E+0	0.000000E+0
24-Apr-25	13:09:43	-1.000000E-5	-1.500000E-4	1.364800E-1	2.388000E-5	-1.855000E-6	3.352500E-4	3.700000E-6	0.000000E+0	0.000000E+0	1.964247E-4	2.976042E-9	0.000000E+0	0.000000E+0	9.554539E+0	0.000000E+0	0.000000E+0
24-Apr-25	13:09:43	-1.000000E-5	-1.500000E-4	1.382250E-1	2.387500E-5	-1.890000E-6	3.350500E-4	3.950000E-6	0.000000E+0	0.000000E+0	1.964247E-4	2.976042E-9	0.000000E+0	0.000000E+0	9.552244E+0	0.000000E+0	0.000000E+0
24-Apr-25	13:09:44	-1.000000E-5	-1.500000E-4	1.398100E-1	2.400500E-5	-1.925000E-6	3.348000E-4	3.650000E-6	0.000000E+0	0.000000E+0	1.964247E-4	2.976042E-9	0.000000E+0	0.000000E+0	9.550281E+0	0.000000E+0	0.000000E+0
24-Apr-25	13:09:44	-1.000000E-5	-1.500000E-4	1.413950E-1	2.431000E-5	-1.795000E-6	3.346500E-4	3.600000E-6	0.000000E+0	0.000000E+0	1.964247E-4	2.976042E-9	0.000000E+0	0.000000E+0	9.548197E+0	0.000000E+0	0.000000E+0
24-Apr-25	13:09:45	-1.000000E-5	-1.500000E-4	1.436200E-1	2.459000E-5	-2.035000E-6	3.343000E-4	3.950000E-6	0.000000E+0	0.000000E+0	1.964247E-4	2.976042E-9	0.000000E+0	0.000000E+0	9.544429E+0	0.000000E+0	0.000000E+0
24-Apr-25	13:09:46	-1.000000E-5	-1.500000E-4	1.458600E-1	2.460000E-5	-2.040000E-6	3.346500E-4	3.750000E-6	0.000000E+0	0.000000E+0	1.964247E-4	2.976042E-9	0.000000E+0	0.000000E+0	9.542054E+0	0.000000E+0	0.000000E+0
24-Apr-25	13:09:46	-1.000000E-5	-1.500000E-4	1.474450E-1	2.480500E-5	-1.830000E-6	3.343000E-4	3.550000E-6	0.000000E+0	0.000000E+0	1.964247E-4	2.976042E-9	0.000000E+0	0.000000E+0	9.540470E+0	0.000000E+0	0.000000E+0
24-Apr-25	13:09:47	-1.000000E-5	-1.500000E-4	1.490000E-1	2.493500E-5	-1.920000E-6	3.344000E-4	4.750000E-6	0.000000E+0	0.000000E+0	1.964247E-4	2.976042E-9	0.000000E+0	0.000000E+0	9.539165E+0	0.000000E+0	0.000000E+0
24-Apr-25	13:09:47	-1.000000E-5	-1.500000E-4	1.507650E-1	2.528000E-5	-2.080000E-6	3.339500E-4	3.600000E-6	0.000000E+0	0.000000E+0	1.964247E-4	2.976042E-9	0.000000E+0	0.000000E+0	9.537968E+0	0.000000E+0	0.000000E+0
24-Apr-25	13:09:48	-1.000000E-5	-1.500000E-4	1.525400E-1	2.565500E-5	-2.095000E-6	3.334000E-4	3.750000E-6	0.000000E+0	0.000000E+0	1.964247E-4	2.976042E-9	0.000000E+0	0.000000E+0	9.537332E+0	0.000000E+0	0.000000E+0
24-Apr-25	13:09:49	-1.000000E-5	-1.500000E-4	1.547600E-1	2.562500E-5	-2.270000E-6	3.337000E-4	3.950000E-6	0.000000E+0	0.000000E+0	1.964247E-4	2.976042E-9	0.000000E+0	0.000000E+0	9.536560E+0	0.000000E+0	0.000000E+0
24-Apr-25	13:09:49	-1.000000E-5	-1.500000E-4	1.568200E-1	2.596000E-5	-2.120000E-6	3.332500E-4	3.950000E-6	0.000000E+0	0.000000E+0	1.964247E-4	2.976042E-9	0.000000E+0	0.000000E+0	9.535542E+0	0.000000E+0	0.000000E+0
24-Apr-25	13:09:50	-1.000000E-5	-1.500000E-4	1.585550E-1	2.619000E-5	-2.190000E-6	3.330000E-4	3.700000E-6	0.000000E+0	0.000000E+0	1.964247E-4	2.976042E-9	0.000000E+0	0.000000E+0	9.534769E+0	0.000000E+0	0.000000E+0
24-Apr-25	13:09:50	-1.000000E-5	-1.500000E-4	1.602000E-1	2.614500E-5	-2.370000E-6	3.324000E-4	3.500000E-6	0.000000E+0	0.000000E+0	1.964247E-4	2.976042E-9	0.000000E+0	0.000000E+0	9.533891E+0	0.000000E+0	0.000000E+0
24-Apr-25	13:09:51	-1.000000E-5	-1.500000E-4	1.617800E-1	2.627500E-5	-2.260000E-6	3.320000E-4	4.200000E-6	0.000000E+0	0.000000E+0	1.964247E-4	2.976042E-9	0.000000E+0	0.000000E+0	9.532887E+0	0.000000E+0	0.000000E+0
24-Apr-25	13:09:51	-1.000000E-5	-1.500000E-4	1.636850E-1	2.661500E-5	-2.265000E-6	3.323000E-4	4.250000E-6	0.000000E+0	0.000000E+0	1.964247E-4	2.976042E-9	0.000000E+0	0.000000E+0	9.531481E+0	0.000000E+0	0.000000E+0
24-Apr-25	13:09:52	-1.000000E-5	-1.500000E-4	1.652650E-1	2.671000E-5	-2.270000E-6	3.322500E-4	3.600000E-6	0.000000E+0	0.000000E+0	1.964247E-4	2.976042E-9	0.000000E+0	0.000000E+0	9.530051E+0	0.000000E+0	0.000000E+0
24-Apr-25	13:09:52	-1.000000E-5	-1.500000E-4	1.668500E-1	2.673500E-5	-2.300000E-6	3.322500E-4	3.550000E-6	0.000000E+0	0.000000E+0	1.964247E-4	2.976042E-9	0.000000E+0	0.000000E+0	9.528785E+0	0.000000E+0	0.000000E+0
24-Apr-25	13:09:53	-1.000000E-5	-1.500000E-4	1.687600E-1	2.703000E-5	-2.080000E-6	3.318500E-4	3.500000E-6	0.000000E+0	0.000000E+0	1.964247E-4	2.976042E-9	0.000000E+0	0.000000E+0	9.527544E+0	0.000000E+0	0.000000E+0
24-Apr-25	13:09:53	-1.000000E-5	-1.500000E-4	1.703400E-1	2.726500E-5	-2.180000E-6	3.318000E-4	4.000000E-6	0.000000E+0	0.000000E+0	1.964247E-4	2.976042E-9	0.000000E+0	0.000000E+0	9.526141E+0	0.000000E+0	0.000000E+0
24-Apr-25	13:09:54	-1.000000E-5	-1.500000E-4	1.719250E-1	2.754000E-5	-2.065000E-6	3.315000E-4	4.150000E-6	0.000000E+0	0.000000E+0	1.964247E-4	2.976042E-9	0.000000E+0	0.000000E+0	9.525137E+0	0.000000E+0	0.000000E+0
24-Apr-25	13:09:54	-1.000000E-5	-1.500000E-4	1.738750E-1	2.760500E-5	-2.125000E-6	3.312000E-4	3.950000E-6	0.000000E+0	0.000000E+0	1.964247E-4	2.976042E-9	0.000000E+0	0.000000E+0	9.523877E+0	0.000000E+0	0.000000E+0
24-Apr-25	13:09:55	-1.000000E-5	-1.500000E-4	1.754650E-1	2.788500E-5	-2.100000E-6	3.309500E-4	4.100000E-6	0.000000E+0	0.000000E+0	1.964247E-4	2.976042E-9	0.000000E+0	0.000000E+0	9.522973E+0	0.000000E+0	0.000000E+0
24-Apr-25	13:09:56	-1.000000E-5	-1.500000E-4	1.772100E-1	2.809500E-5	-2.095000E-6	3.308000E-4	3.850000E-6	0.000000E+0	0.000000E+0	1.964247E-4	2.976042E-9	0.000000E+0	0.000000E+0	9.522248E+0	0.000000E+0	0.000000E+0
24-Apr-25	13:09:56	-1.000000E-5	-1.500000E-4	1.789500E-1	2.846000E-5	-2.330000E-6	3.300000E-4	3.750000E-6	0.000000E+0	0.000000E+0	1.964247E-4	2.976042E-9	0.000000E+0	0.000000E+0	9.522057E+0	0.000000E+0	0.000000E+0
24-Apr-25	13:09:57	-1.000000E-5	-1.500000E-4	1.811700E-1	2.863500E-5	-2.430000E-6	3.304000E-4	4.200000E-6	0.000000E+0	0.000000E+0	1.964247E-4	2.976042E-9	0.000000E+0	0.000000E+0	9.522347E+0	0.000000E+0	0.000000E+0
24-Apr-25	13:09:57	-1.000000E-5	-1.500000E-4	1.827450E-1	2.897000E-5	-2.425000E-6	3.300500E-4	3.700000E-6	0.000000E+0	0.000000E+0	1.964247E-4	2.976042E-9	0.000000E+0	0.000000E+0	9.522994E+0	0.000000E+0	0.000000E+0
24-Apr-25	13:09:58	-1.000000E-5	-1.500000E-4	1.843350E-1	2.902500E-5	-2.365000E-6	3.302500E-4	4.200000E-6	0.000000E+0	0.000000E+0	1.964247E-4	2.976042E-9	0.000000E+0	0.000000E+0	9.523900E+0	0.000000E+0	0.000000E+0
24-Apr-25	13:09:58	-1.000000E-5	-1.500000E-4	1.859250E-1	2.925500E-5	-2.470000E-6	3.298500E-4	3.700000E-6	0.000000E+0	0.000000E+0	1.964247E-4	2.976042E-9	0.000000E+0	0.000000E+0	9.525110E+0	0.000000E+0	0.000000E+0
24-Apr-25	13:09:59	-1.000000E-5	-1.500000E-4	1.878150E-1	2.960000E-5	-2.470000E-6	3.297000E-4	3.850000E-6	0.000000E+0	0.000000E+0	1.964247E-4	2.976042E-9	0.000000E+0	0.000000E+0	9.526059E+0	0.000000E+0	0.000000E+0
24-Apr-25	13:09:59	-1.000000E-5	-1.500000E-4	1.894050E-1	2.982500E-5	-2.560000E-6	3.291500E-4	3.800000E-6	0.000000E+0	0.000000E+0	1.964247E-4	2.976042E-9	0.000000E+0	0.000000E+0	9.526426E+0	0.000000E+0	0.000000E+0
24-Apr-25	13:10:00	-1.000000E-5	-1.500000E-4	1.913000E-1	3.007000E-5	-2.470000E-6	3.286000E-4	3.650000E-6	0.000000E+0	0.000000E+0	1.964247E-4	2.976042E-9	0.000000E+0	0.000000E+0	9.526584E+0	0.000000E+0	0.000000E+0
24-Apr-25	13:10:00	-1.000000E-5	-1.500000E-4	1.928950E-1	3.047500E-5	-2.495000E-6	3.286000E-4	3.600000E-6	0.000000E+0	0.000000E+0	1.964247E-4	2.976042E-9	0.000000E+0	0.000000E+0	9.526508E+0	0.000000E+0	0.000000E+0
24-Apr-25	13:10:01	-1.000000E-5	-1.500000E-4	1.944750E-1	3.065500E-5	-2.540000E-6	3.284000E-4	3.300000E-6	0.000000E+0	0.000000E+0	1.964247E-4	2.976042E-9	0.000000E+0	0.000000E+0	9.526340E+0	0.000000E+0	0.000000E+0
24-Apr-25	13:10:02	-1.000000E-5	-1.500000E-4	1.963750E-1	3.106500E-5	-2.350000E-6	3.283500E-4	3.500000E-6	0.000000E+0	0.000000E+0	1.964247E-4	2.976042E-9	0.000000E+0	0.000000E+0	9.526056E+0	0.000000E+0	0.000000E+0
24-Apr-25	13:10:02	-1.000000E-5	-1.500000E-4	1.982750E-1	3.098000E-5	-2.635000E-6	3.279500E-4	3.650000E-6	0.000000E+0	0.000000E+0	1.964247E-4	2.976042E-9	0.000000E+0	0.000000E+0	9.525647E+0	0.000000E+0	0.000000E+0
24-Apr-25	13:10:03	-1.000000E-5	-1.500000E-4	1.996500E-1	3.149000E-5	-2.350000E-6	3.272000E-4	4.000000E-6	0.000000E+0	0.000000E+0	1.964247E-4	2.976042E-9	0.000000E+0	0.000000E+0	9.525199E+0	0.000000E+0	0.000000E+0
24-Apr-25	13:10:03	-1.000000E-5	-1.500000E-4	1.997950E-1	3.178000E-5	-2.595000E-6	3.278500E-4	3.800000E-6	0.000000E+0	0.000000E+0	1.964247E-4	2.976042E-9	0.000000E+0	0.000000E+0	9.524354E+0	0.000000E+0	0.000000E+0
24-Apr-25	13:10:04	-1.000000E-5	-1.500000E-4	1.984650E-1	3.170000E-5	-2.470000E-6	3.277000E-4	4.000000E-6	0.000000E+0	0.000000E+0	1.964247E-4	2.976042E-9	0.000000E+0	0.000000E+0	9.523621E+0	0.000000E+0	0.000000E+0
24-Apr-25	13:10:04	-1.000000E-5	-1.500000E-4	1.967250E-1	3.174500E-5	-2.760000E-6	3.274500E-4	4.100000E-6	0.000000E+0	0.000000E+0	1.964247E-4	2.976042E-9	0.000000E+0	0.000000E+0	9.522598E+0	0.000000E+0	0.000000E+0
24-Apr-25	13:10:05	-1.000000E-5	-1.500000E-4	1.951400E-1	3.183500E-5	-2.510000E-6	3.278500E-4	4.250000E-6	0.000000E+0	0.000000E+0	1.964247E-4	2.976042E-9	0.000000E+0	0.000000E+0	9.521829E+0	0.000000E+0	0.000000E+0
24-Apr-25	13:10:05	-1.000000E-5	-1.500000E-4	1.935650E-1	3.184500E-5	-2.660000E-6	3.271500E-4	4.250000E-6	0.000000E+0	0.000000E+0	1.964247E-4	2.976042E-9	0.000000E+0	0.000000E+0	9.521198E+0	0.000000E+0	0.000000E+0
24-Apr-25	13:10:06	-1.000000E-5	-1.500000E-4	1.919700E-1	3.177500E-5	-2.585000E-6	3.274500E-4	3.900000E-6	0.000000E+0	0.000000E+0	1.964247E-4	2.976042E-9	0.000000E+0	0.000000E+0	9.520790E+0	0.000000E+0	0.000000E+0
24-Apr-25	13:10:07	-1.000000E-5	-1.500000E-4	1.897550E-1	3.179000E-5	-2.545000E-6	3.276000E-4	3.750000E-6	0.000000E+0	0.000000E+0	1.964247E-4	2.976042E-9	0.000000E+0	0.000000E+0	9.521082E+0	0.000000E+0	0.000000E+0
24-Apr-25	13:10:07	-1.000000E-5	-1.500000E-4	1.880100E-1	3.184000E-5	-2.560000E-6	3.274500E-4	3.400000E-6	0.000000E+0	0.000000E+0	1.964247E-4	2.976042E-9	0.000000E+0	0.000000E+0	9.521637E+0	0.000000E+0	0.000000E+0
24-Apr-25	13:10:08	-1.000000E-5	-1.500000E-4	1.864300E-1	3.177000E-5	-2.500000E-6	3.272000E-4	3.900000E-6	0.000000E+0	0.000000E+0	1.964247E-4	2.976042E-9	0.000000E+0	0.000000E+0	9.522414E+0	0.000000E+0	0.000000E+0
24-Apr-25	13:10:08	-1.000000E-5	-1.500000E-4	1.848400E-1	3.171500E-5	-2.470000E-6	3.272500E-4	4.000000E-6	0.000000E+0	0.000000E+0	1.964247E-4	2.976042E-9	0.000000E+0	0.000000E+0	9.523320E+0	0.000000E+0	0.000000E+0
24-Apr-25	13:10:09	-1.000000E-5	-1.500000E-4	1.832550E-1	3.193000E-5	-2.450000E-6	3.274000E-4	3.900000E-6	0.000000E+0	0.000000E+0	1.964247E-4	2.976042E-9	0.000000E+0	0.000000E+0	9.524273E+0	0.000000E+0	0.000000E+0
24-Apr-25	13:10:09	-1.000000E-5	-1.500000E-4	1.816750E-1	3.186500E-5	-2.500000E-6	3.275500E-4	3.950000E-6	0.000000E+0	0.000000E+0	1.964247E-4	2.976042E-9	0.000000E+0	0.000000E+0	9.525256E+0	0.000000E+0	0.000000E+0
24-Apr-25	13:10:10	-1.000000E-5	-1.500000E-4	1.799350E-1	3.181000E-5	-2.675000E-6	3.276000E-4	3.700000E-6	0.000000E+0	0.000000E+0	1.964247E-4	2.976042E-9	0.000000E+0	0.000000E+0	9.525699E+0	0.000000E+0	0.000000E+0
24-Apr-25	13:10:10	-1.000000E-5	-1.500000E-4	1.783450E-1	3.208000E-5	-2.625000E-6	3.278000E-4	4.000000E-6	0.000000E+0	0.000000E+0	1.964247E-4	2.976042E-9	0.000000E+0	0.000000E+0	9.525859E+0	0.000000E+0	0.000000E+0
24-Apr-25	13:10:11	-1.000000E-5	-1.500000E-4	1.767650E-1	3.204000E-5	-2.525000E-6	3.277000E-4	3.550000E-6	0.000000E+0	0.000000E+0	1.964247E-4	2.976042E-9	0.000000E+0	0.000000E+0	9.525768E+0	0.000000E+0	0.000000E+0
24-Apr-25	13:10:12	-1.000000E-5	-1.500000E-4	1.745450E-1	3.193500E-5	-2.845000E-6	3.275500E-4	3.250000E-6	0.000000E+0	0.000000E+0	1.964247E-4	2.976042E-9	0.000000E+0	0.000000E+0	9.525208E+0	0.000000E+0	0.000000E+0
24-Apr-25	13:10:12	-1.000000E-5	-1.500000E-4	1.720050E-1	3.190000E-5	-2.760000E-6	3.277000E-4	3.500000E-6	0.000000E+0	0.000000E+0	1.964247E-4	2.976042E-9	0.000000E+0	0.000000E+0	9.523571E+0	0.000000E+0	0.000000E+0
24-Apr-25	13:10:13	-1.000000E-5	-1.500000E-4	1.697350E-1	3.184000E-5	-2.830000E-6	3.271000E-4	3.950000E-6	0.000000E+0	0.000000E+0	1.964247E-4	2.976042E-9	0.000000E+0	0.000000E+0	9.522462E+0	0.000000E+0	0.000000E+0
24-Apr-25	13:10:13	-1.000000E-5	-1.500000E-4	1.681450E-1	3.186500E-5	-2.595000E-6	3.279000E-4	3.800000E-6	0.000000E+0	0.000000E+0	1.964247E-4	2.976042E-9	0.000000E+0	0.000000E+0	9.520846E+0	0.000000E+0	0.000000E+0
24-Apr-25	13:10:14	-1.000000E-5	-1.500000E-4	1.665550E-1	3.181500E-5	-2.765000E-6	3.281500E-4	3.350000E-6	0.000000E+0	0.000000E+0	1.964247E-4	2.976042E-9	0.000000E+0	0.000000E+0	9.519547E+0	0.000000E+0	0.000000E+0
24-Apr-25	13:10:15	-1.000000E-5	-1.500000E-4	1.643450E-1	3.195500E-5	-2.710000E-6	3.278500E-4	4.100000E-6	0.000000E+0	0.000000E+0	1.964247E-4	2.976042E-9	0.000000E+0	0.000000E+0	9.517925E+0	0.000000E+0	0.000000E+0
24-Apr-25	13:10:16	-1.000000E-5	-1.500000E-4	1.618100E-1	3.171000E-5	-2.615000E-6	3.272000E-4	3.300000E-6	0.000000E+0	0.000000E+0	1.964247E-4	2.976042E-9	0.000000E+0	0.000000E+0	9.516659E+0	0.000000E+0	0.000000E+0
24-Apr-25	13:10:16	-1.000000E-5	-1.500000E-4	1.600650E-1	3.200500E-5	-2.730000E-6	3.276000E-4	4.000000E-6	0.000000E+0	0.000000E+0	1.964247E-4	2.976042E-9	0.000000E+0	0.000000E+0	9.516211E+0	0.000000E+0	0.000000E+0
24-Apr-25	13:10:17	-1.000000E-5	-1.500000E-4	1.583200E-1	3.201500E-5	-2.595000E-6	3.271000E-4	3.950000E-6	0.000000E+0	0.000000E+0	1.964247E-4	2.976042E-9	0.000000E+0	0.000000E+0	9.515837E+0	0.000000E+0	0.000000E+0
24-Apr-25	13:10:17	-1.000000E-5	-1.500000E-4	1.567350E-1	3.191000E-5	-2.400000E-6	3.283500E-4	3.800000E-6	0.000000E+0	0.000000E+0	1.964247E-4	2.976042E-9	0.000000E+0	0.000000E+0	9.515536E+0	0.000000E+0	0.000000E+0
24-Apr-25	13:10:18	-1.000000E-5	-1.500000E-4	1.551550E-1	3.186500E-5	-2.545000E-6	3.276000E-4	3.950000E-6	0.000000E+0	0.000000E+0	1.964247E-4	2.976042E-9	0.000000E+0	0.000000E+0	9.515039E+0	0.000000E+0	0.000000E+0
24-Apr-25	13:10:18	-1.000000E-5	-1.500000E-4	1.534100E-1	3.200000E-5	-2.745000E-6	3.280500E-4	3.950000E-6	0.000000E+0	0.000000E+0	1.964247E-4	2.976042E-9	0.000000E+0	0.000000E+0	9.514131E+0	0.000000E+0	0.000000E+0
24-Apr-25	13:10:19	-1.000000E-5	-1.500000E-4	1.511350E-1	3.171000E-5	-2.740000E-6	3.272500E-4	4.000000E-6	0.000000E+0	0.000000E+0	1.964247E-4	2.976042E-9	0.000000E+0	0.000000E+0	9.512600E+0	0.000000E+0	0.000000E+0
24-Apr-25	13:10:19	-1.000000E-5	-1.500000E-4	1.493900E-1	3.180500E-5	-2.655000E-6	3.278000E-4	4.100000E-6	0.000000E+0	0.000000E+0	1.964247E-4	2.976042E-9	0.000000E+0	0.000000E+0	9.511416E+0	0.000000E+0	0.000000E+0
24-Apr-25	13:10:20	-1.000000E-5	-1.500000E-4	1.478150E-1	3.184500E-5	-2.690000E-6	3.276000E-4	3.950000E-6	0.000000E+0	0.000000E+0	1.964247E-4	2.976042E-9	0.000000E+0	0.000000E+0	9.510221E+0	0.000000E+0	0.000000E+0
24-Apr-25	13:10:20	-1.000000E-5	-1.500000E-4	1.462250E-1	3.182000E-5	-2.560000E-6	3.277000E-4	4.350000E-6	0.000000E+0	0.000000E+0	1.964247E-4	2.976042E-9	0.000000E+0	0.000000E+0	9.509043E+0	0.000000E+0	0.000000E+0
24-Apr-25	13:10:21	-1.000000E-5	-1.500000E-4	1.440050E-1	3.198000E-5	-2.665000E-6	3.275500E-4	3.450000E-6	0.000000E+0	0.000000E+0	1.964247E-4	2.976042E-9	0.000000E+0	0.000000E+0	9.507642E+0	0.000000E+0	0.000000E+0
24-Apr-25	13:10:22	-1.000000E-5	-1.500000E-4	1.422600E-1	3.195000E-5	-2.680000E-6	3.278000E-4	3.950000E-6	0.000000E+0	0.000000E+0	1.964247E-4	2.976042E-9	0.000000E+0	0.000000E+0	9.506990E+0	0.000000E+0	0.000000E+0
24-Apr-25	13:10:22	-1.000000E-5	-1.500000E-4	1.406750E-1	3.172500E-5	-2.740000E-6	3.276500E-4	3.800000E-6	0.000000E+0	0.000000E+0	1.964247E-4	2.976042E-9	0.000000E+0	0.000000E+0	9.506856E+0	0.000000E+0	0.000000E+0
24-Apr-25	13:10:23	-1.000000E-5	-1.500000E-4	1.390900E-1	3.177000E-5	-2.560000E-6	3.278500E-4	3.900000E-6	0.000000E+0	0.000000E+0	1.964247E-4	2.976042E-9	0.000000E+0	0.000000E+0	9.507107E+0	0.000000E+0	0.000000E+0
24-Apr-25	13:10:23	-1.000000E-5	-1.500000E-4	1.375050E-1	3.177500E-5	-2.605000E-6	3.274500E-4	4.000000E-6	0.000000E+0	0.000000E+0	1.964247E-4	2.976042E-9	0.000000E+0	0.000000E+0	9.507719E+0	0.000000E+0	0.000000E+0
24-Apr-25	13:10:24	-1.000000E-5	-1.500000E-4	1.357550E-1	3.172000E-5	-2.680000E-6	3.276000E-4	3.650000E-6	0.000000E+0	0.000000E+0	1.964247E-4	2.976042E-9	0.000000E+0	0.000000E+0	9.508848E+0	0.000000E+0	0.000000E+0
24-Apr-25	13:10:24	-1.000000E-5	-1.500000E-4	1.338500E-1	3.184000E-5	-2.670000E-6	3.276500E-4	3.800000E-6	0.000000E+0	0.000000E+0	1.964247E-4	2.976042E-9	0.000000E+0	0.000000E+0	9.509946E+0	0.000000E+0	0.000000E+0
24-Apr-25	13:10:25	-1.000000E-5	-1.500000E-4	1.322700E-1	3.170000E-5	-2.450000E-6	3.278500E-4	3.900000E-6	0.000000E+0	0.000000E+0	1.964247E-4	2.976042E-9	0.000000E+0	0.000000E+0	9.511453E+0	0.000000E+0	0.000000E+0
24-Apr-25	13:10:25	-1.000000E-5	-1.500000E-4	1.305250E-1	3.178000E-5	-2.665000E-6	3.273000E-4	3.550000E-6	0.000000E+0	0.000000E+0	1.964247E-4	2.976042E-9	0.000000E+0	0.000000E+0	9.512580E+0	0.000000E+0	0.000000E+0
24-Apr-25	13:10:26	-1.000000E-5	-1.500000E-4	1.291050E-1	3.199000E-5	-2.715000E-6	3.273000E-4	4.050000E-6	0.000000E+0	0.000000E+0	1.964247E-4	2.976042E-9	0.000000E+0	0.000000E+0	9.513412E+0	0.000000E+0	0.000000E+0
24-Apr-25	13:10:26	-1.000000E-5	-1.500000E-4	1.271800E-1	3.177500E-5	-2.520000E-6	3.278000E-4	3.800000E-6	0.000000E+0	0.000000E+0	1.964247E-4	2.976042E-9	0.000000E+0	0.000000E+0	9.514071E+0	0.000000E+0	0.000000E+0
24-Apr-25	13:10:27	-1.000000E-5	-1.500000E-4	1.254350E-1	3.163000E-5	-2.580000E-6	3.273000E-4	3.850000E-6	0.000000E+0	0.000000E+0	1.964247E-4	2.976042E-9	0.000000E+0	0.000000E+0	9.514468E+0	0.000000E+0	0.000000E+0
24-Apr-25	13:10:27	-1.000000E-5	-1.500000E-4	1.238200E-1	3.176000E-5	-2.615000E-6	3.275000E-4	4.100000E-6	0.000000E+0	0.000000E+0	1.964247E-4	2.976042E-9	0.000000E+0	0.000000E+0	9.514770E+0	0.000000E+0	0.000000E+0
24-Apr-25	13:10:28	-1.000000E-5	-1.500000E-4	1.222350E-1	3.171000E-5	-2.580000E-6	3.278500E-4	3.750000E-6	0.000000E+0	0.000000E+0	1.964247E-4	2.976042E-9	0.000000E+0	0.000000E+0	9.514935E+0	0.000000E+0	0.000000E+0
24-Apr-25	13:10:28	-1.000000E-5	-1.500000E-4	1.204950E-1	3.176000E-5	-2.595000E-6	3.276000E-4	3.800000E-6	0.000000E+0	0.000000E+0	1.964247E-4	2.976042E-9	0.000000E+0	0.000000E+0	9.515196E+0	0.000000E+0	0.000000E+0
24-Apr-25	13:10:29	-1.000000E-5	-1.500000E-4	1.189100E-1	3.176000E-5	-2.730000E-6	3.281500E-4	3.550000E-6	0.000000E+0	0.000000E+0	1.964247E-4	2.976042E-9	0.000000E+0	0.000000E+0	9.515644E+0	0.000000E+0	0.000000E+0
24-Apr-25	13:10:30	-1.000000E-5	-1.500000E-4	1.171600E-1	3.167500E-5	-2.505000E-6	3.280000E-4	3.850000E-6	0.000000E+0	0.000000E+0	1.964247E-4	2.976042E-9	0.000000E+0	0.000000E+0	9.516402E+0	0.000000E+0	0.000000E+0
24-Apr-25	13:10:30	-1.000000E-5	-1.500000E-4	1.155800E-1	3.166000E-5	-2.615000E-6	3.276000E-4	3.400000E-6	0.000000E+0	0.000000E+0	1.964247E-4	2.976042E-9	0.000000E+0	0.000000E+0	9.517115E+0	0.000000E+0	0.000000E+0
24-Apr-25	13:10:31	-1.000000E-5	-1.500000E-4	1.138350E-1	3.141500E-5	-2.580000E-6	3.274000E-4	3.650000E-6	0.000000E+0	0.000000E+0	1.964247E-4	2.976042E-9	0.000000E+0	0.000000E+0	9.518450E+0	0.000000E+0	0.000000E+0
24-Apr-25	13:10:31	-1.000000E-5	-1.500000E-4	1.122550E-1	3.147500E-5	-2.575000E-6	3.277500E-4	3.800000E-6	0.000000E+0	0.000000E+0	1.964247E-4	2.976042E-9	0.000000E+0	0.000000E+0	9.519784E+0	0.000000E+0	0.000000E+0
24-Apr-25	13:10:32	-1.000000E-5	-1.500000E-4	1.106700E-1	3.155000E-5	-2.525000E-6	3.278500E-4	3.800000E-6	0.000000E+0	0.000000E+0	1.964247E-4	2.976042E-9	0.000000E+0	0.000000E+0	9.521211E+0	0.000000E+0	0.000000E+0
24-Apr-25	13:10:32	-1.000000E-5	-1.500000E-4	1.090850E-1	3.165000E-5	-2.670000E-6	3.278500E-4	4.000000E-6	0.000000E+0	0.000000E+0	1.964247E-4	2.976042E-9	0.000000E+0	0.000000E+0	9.522711E+0	0.000000E+0	0.000000E+0
24-Apr-25	13:10:33	-1.000000E-5	-1.500000E-4	1.074950E-1	3.162000E-5	-2.570000E-6	3.278500E-4	3.900000E-6	0.000000E+0	0.000000E+0	1.964247E-4	2.976042E-9	0.000000E+0	0.000000E+0	9.524253E+0	0.000000E+0	0.000000E+0
24-Apr-25	13:10:33	-1.000000E-5	-1.500000E-4	1.059150E-1	3.152500E-5	-2.420000E-6	3.280000E-4	4.100000E-6	0.000000E+0	0.000000E+0	1.964247E-4	2.976042E-9	0.000000E+0	0.000000E+0	9.526036E+0	0.000000E+0	0.000000E+0
24-Apr-25	13:10:34	-1.000000E-5	-1.500000E-4	1.042750E-1	3.142000E-5	-2.440000E-6	3.278500E-4	3.800000E-6	0.000000E+0	0.000000E+0	1.964247E-4	2.976042E-9	0.000000E+0	0.000000E+0	9.527164E+0	0.000000E+0	0.000000E+0
24-Apr-25	13:10:34	-1.000000E-5	-1.500000E-4	1.025300E-1	3.154500E-5	-2.655000E-6	3.277500E-4	3.950000E-6	0.000000E+0	0.000000E+0	1.964247E-4	2.976042E-9	0.000000E+0	0.000000E+0	9.527982E+0	0.000000E+0	0.000000E+0
24-Apr-25	13:10:35	-1.000000E-5	-1.500000E-4	1.009400E-1	3.165000E-5	-2.490000E-6	3.277500E-4	3.500000E-6	0.000000E+0	0.000000E+0	1.964247E-4	2.976042E-9	0.000000E+0	0.000000E+0	9.528568E+0	0.000000E+0	0.000000E+0
24-Apr-25	13:10:36	-1.000000E-5	-1.500000E-4	9.857000E-2	3.164000E-5	-2.460000E-6	3.274500E-4	3.800000E-6	0.000000E+0	0.000000E+0	1.964247E-4	2.976042E-9	0.000000E+0	0.000000E+0	9.528793E+0	0.000000E+0	0.000000E+0
24-Apr-25	13:10:36	-1.000000E-5	-1.500000E-4	9.667000E-2	3.143500E-5	-2.500000E-6	3.278000E-4	3.200000E-6	0.000000E+0	0.000000E+0	1.964247E-4	2.976042E-9	0.000000E+0	0.000000E+0	9.528739E+0	0.000000E+0	0.000000E+0
24-Apr-25	13:10:37	-1.000000E-5	-1.500000E-4	9.493000E-2	3.143500E-5	-2.570000E-6	3.280500E-4	3.950000E-6	0.000000E+0	0.000000E+0	1.964247E-4	2.976042E-9	0.000000E+0	0.000000E+0	9.528553E+0	0.000000E+0	0.000000E+0
24-Apr-25	13:10:37	-1.000000E-5	-1.500000E-4	9.334500E-2	3.141000E-5	-2.565000E-6	3.276000E-4	4.000000E-6	0.000000E+0	0.000000E+0	1.964247E-4	2.976042E-9	0.000000E+0	0.000000E+0	9.528296E+0	0.000000E+0	0.000000E+0
24-Apr-25	13:10:38	-1.000000E-5	-1.500000E-4	9.175500E-2	3.135500E-5	-2.600000E-6	3.274500E-4	4.200000E-6	0.000000E+0	0.000000E+0	1.964247E-4	2.976042E-9	0.000000E+0	0.000000E+0	9.528076E+0	0.000000E+0	0.000000E+0
24-Apr-25	13:10:38	-1.000000E-5	-1.500000E-4	9.016500E-2	3.154500E-5	-2.575000E-6	3.280000E-4	4.450000E-6	0.000000E+0	0.000000E+0	1.964247E-4	2.976042E-9	0.000000E+0	0.000000E+0	9.527752E+0	0.000000E+0	0.000000E+0
24-Apr-25	13:10:39	-1.000000E-5	-1.500000E-4	8.842500E-2	3.136000E-5	-2.760000E-6	3.285500E-4	4.500000E-6	0.000000E+0	0.000000E+0	1.964247E-4	2.976042E-9	0.000000E+0	0.000000E+0	9.527534E+0	0.000000E+0	0.000000E+0
24-Apr-25	13:10:39	-1.000000E-5	-1.500000E-4	8.615500E-2	3.137000E-5	-2.575000E-6	3.278500E-4	4.000000E-6	0.000000E+0	0.000000E+0	1.964247E-4	2.976042E-9	0.000000E+0	0.000000E+0	9.527396E+0	0.000000E+0	0.000000E+0
24-Apr-25	13:10:40	-1.000000E-5	-1.500000E-4	8.440500E-2	3.134500E-5	-2.575000E-6	3.278500E-4	3.550000E-6	0.000000E+0	0.000000E+0	1.964247E-4	2.976042E-9	0.000000E+0	0.000000E+0	9.527498E+0	0.000000E+0	0.000000E+0
24-Apr-25	13:10:40	-1.000000E-5	-1.500000E-4	8.282000E-2	3.127500E-5	-2.560000E-6	3.274500E-4	4.300000E-6	0.000000E+0	0.000000E+0	1.964247E-4	2.976042E-9	0.000000E+0	0.000000E+0	9.527592E+0	0.000000E+0	0.000000E+0
24-Apr-25	13:10:41	-1.000000E-5	-1.500000E-4	8.108500E-2	3.143500E-5	-2.710000E-6	3.282000E-4	3.500000E-6	0.000000E+0	0.000000E+0	1.964247E-4	2.976042E-9	0.000000E+0	0.000000E+0	9.527719E+0	0.000000E+0	0.000000E+0
24-Apr-25	13:10:42	-1.000000E-5	-1.500000E-4	7.886500E-2	3.131500E-5	-2.545000E-6	3.285500E-4	4.200000E-6	0.000000E+0	0.000000E+0	1.964247E-4	2.976042E-9	0.000000E+0	0.000000E+0	9.527844E+0	0.000000E+0	0.000000E+0
24-Apr-25	13:10:42	-1.000000E-5	-1.500000E-4	7.728000E-2	3.113000E-5	-2.670000E-6	3.281500E-4	4.400000E-6	0.000000E+0	0.000000E+0	1.964247E-4	2.976042E-9	0.000000E+0	0.000000E+0	9.527658E+0	0.000000E+0	0.000000E+0
24-Apr-25	13:10:43	-1.000000E-5	-1.500000E-4	7.557500E-2	3.114500E-5	-2.490000E-6	3.283000E-4	3.650000E-6	0.000000E+0	0.000000E+0	1.964247E-4	2.976042E-9	0.000000E+0	0.000000E+0	9.527137E+0	0.000000E+0	0.000000E+0
24-Apr-25	13:10:43	-1.000000E-5	-1.500000E-4	7.395500E-2	3.106000E-5	-2.450000E-6	3.286500E-4	3.400000E-6	0.000000E+0	0.000000E+0	1.964247E-4	2.976042E-9	0.000000E+0	0.000000E+0	9.526534E+0	0.000000E+0	0.000000E+0
24-Apr-25	13:10:44	-1.000000E-5	-1.500000E-4	7.220500E-2	3.116500E-5	-2.555000E-6	3.283500E-4	4.200000E-6	0.000000E+0	0.000000E+0	1.964247E-4	2.976042E-9	0.000000E+0	0.000000E+0	9.525477E+0	0.000000E+0	0.000000E+0
24-Apr-25	13:10:44	-1.000000E-5	-1.500000E-4	7.061500E-2	3.119500E-5	-2.460000E-6	3.283000E-4	3.650000E-6	0.000000E+0	0.000000E+0	1.964247E-4	2.976042E-9	0.000000E+0	0.000000E+0	9.524398E+0	0.000000E+0	0.000000E+0
24-Apr-25	13:10:45	-1.000000E-5	-1.500000E-4	6.903000E-2	3.115000E-5	-2.525000E-6	3.288500E-4	3.450000E-6	0.000000E+0	0.000000E+0	1.964247E-4	2.976042E-9	0.000000E+0	0.000000E+0	9.523131E+0	0.000000E+0	0.000000E+0
24-Apr-25	13:10:45	-1.000000E-5	-1.500000E-4	6.744000E-2	3.086500E-5	-2.560000E-6	3.288000E-4	4.150000E-6	0.000000E+0	0.000000E+0	1.964247E-4	2.976042E-9	0.000000E+0	0.000000E+0	9.521643E+0	0.000000E+0	0.000000E+0
24-Apr-25	13:10:46	-1.000000E-5	-1.500000E-4	6.583000E-2	3.094500E-5	-2.540000E-6	3.283500E-4	3.850000E-6	0.000000E+0	0.000000E+0	1.964247E-4	2.976042E-9	0.000000E+0	0.000000E+0	9.519943E+0	0.000000E+0	0.000000E+0
24-Apr-25	13:10:46	-1.000000E-5	-1.500000E-4	6.375000E-2	3.073000E-5	-2.565000E-6	3.280000E-4	3.700000E-6	0.000000E+0	0.000000E+0	1.964247E-4	2.976042E-9	0.000000E+0	0.000000E+0	9.517584E+0	0.000000E+0	0.000000E+0
24-Apr-25	13:10:47	-1.000000E-5	-1.500000E-4	6.200000E-2	3.091000E-5	-2.550000E-6	3.286000E-4	3.700000E-6	0.000000E+0	0.000000E+0	1.964247E-4	2.976042E-9	0.000000E+0	0.000000E+0	9.515027E+0	0.000000E+0	0.000000E+0
24-Apr-25	13:10:47	-1.000000E-5	-1.500000E-4	6.042500E-2	3.092500E-5	-2.520000E-6	3.277500E-4	4.500000E-6	0.000000E+0	0.000000E+0	1.964247E-4	2.976042E-9	0.000000E+0	0.000000E+0	9.512887E+0	0.000000E+0	0.000000E+0
24-Apr-25	13:10:48	-1.000000E-5	-1.500000E-4	5.883000E-2	3.067500E-5	-2.535000E-6	3.294500E-4	2.300000E-6	0.000000E+0	0.000000E+0	1.964247E-4	2.976042E-9	0.000000E+0	0.000000E+0	9.510927E+0	0.000000E+0	0.000000E+0
24-Apr-25	13:10:49	-1.000000E-5	-1.500000E-4	5.709000E-2	3.063000E-5	-2.620000E-6	3.298000E-4	3.800000E-6	0.000000E+0	0.000000E+0	1.964247E-4	2.976042E-9	0.000000E+0	0.000000E+0	9.508881E+0	0.000000E+0	0.000000E+0
24-Apr-25	13:10:49	-1.000000E-5	-1.500000E-4	5.535500E-2	3.071000E-5	-2.655000E-6	3.309000E-4	3.300000E-6	0.000000E+0	0.000000E+0	1.964247E-4	2.976042E-9	0.000000E+0	0.000000E+0	9.507358E+0	0.000000E+0	0.000000E+0
24-Apr-25	13:10:50	-1.000000E-5	-1.500000E-4	5.377000E-2	3.053000E-5	-2.405000E-6	3.288000E-4	4.100000E-6	0.000000E+0	0.000000E+0	1.964247E-4	2.976042E-9	0.000000E+0	0.000000E+0	9.506674E+0	0.000000E+0	0.000000E+0
24-Apr-25	13:10:50	-1.000000E-5	-1.500000E-4	5.218000E-2	3.042000E-5	-2.510000E-6	3.301500E-4	3.700000E-6	0.000000E+0	0.000000E+0	1.964247E-4	2.976042E-9	0.000000E+0	0.000000E+0	9.506392E+0	0.000000E+0	0.000000E+0
24-Apr-25	13:10:51	-1.000000E-5	-1.500000E-4	4.996000E-2	3.036500E-5	-2.465000E-6	3.288500E-4	3.650000E-6	0.000000E+0	0.000000E+0	1.964247E-4	2.976042E-9	0.000000E+0	0.000000E+0	9.506319E+0	0.000000E+0	0.000000E+0
24-Apr-25	13:10:52	-1.000000E-5	-1.500000E-4	4.753500E-2	3.039000E-5	-2.465000E-6	3.291500E-4	3.500000E-6	0.000000E+0	0.000000E+0	1.964247E-4	2.976042E-9	0.000000E+0	0.000000E+0	9.506536E+0	0.000000E+0	0.000000E+0
24-Apr-25	13:10:52	-1.000000E-5	-1.500000E-4	4.579500E-2	3.028000E-5	-2.355000E-6	3.300500E-4	3.100000E-6	0.000000E+0	0.000000E+0	1.964247E-4	2.976042E-9	0.000000E+0	0.000000E+0	9.506737E+0	0.000000E+0	0.000000E+0
24-Apr-25	13:10:53	-1.000000E-5	-1.500000E-4	4.404500E-2	3.008000E-5	-2.670000E-6	3.290000E-4	4.650000E-6	0.000000E+0	0.000000E+0	1.964247E-4	2.976042E-9	0.000000E+0	0.000000E+0	9.506700E+0	0.000000E+0	0.000000E+0
24-Apr-25	13:10:53	-1.000000E-5	-1.500000E-4	4.246500E-2	2.995000E-5	-2.585000E-6	3.292000E-4	3.600000E-6	0.000000E+0	0.000000E+0	1.964247E-4	2.976042E-9	0.000000E+0	0.000000E+0	9.506516E+0	0.000000E+0	0.000000E+0
24-Apr-25	13:10:54	-1.000000E-5	-1.500000E-4	4.087500E-2	2.998000E-5	-2.430000E-6	3.294500E-4	3.600000E-6	0.000000E+0	0.000000E+0	1.964247E-4	2.976042E-9	0.000000E+0	0.000000E+0	9.506188E+0	0.000000E+0	0.000000E+0
24-Apr-25	13:10:54	-1.000000E-5	-1.500000E-4	3.929500E-2	2.998000E-5	-2.425000E-6	3.296000E-4	4.000000E-6	0.000000E+0	0.000000E+0	1.964247E-4	2.976042E-9	0.000000E+0	0.000000E+0	9.505650E+0	0.000000E+0	0.000000E+0
24-Apr-25	13:10:55	-1.000000E-5	-1.500000E-4	3.754500E-2	2.982000E-5	-2.405000E-6	3.299500E-4	4.050000E-6	0.000000E+0	0.000000E+0	1.964247E-4	2.976042E-9	0.000000E+0	0.000000E+0	9.504486E+0	0.000000E+0	0.000000E+0
24-Apr-25	13:10:55	-1.000000E-5	-1.500000E-4	3.595500E-2	2.978500E-5	-2.405000E-6	3.293000E-4	3.950000E-6	0.000000E+0	0.000000E+0	1.964247E-4	2.976042E-9	0.000000E+0	0.000000E+0	9.503259E+0	0.000000E+0	0.000000E+0
24-Apr-25	13:10:56	-1.000000E-5	-1.500000E-4	3.421000E-2	2.968500E-5	-2.235000E-6	3.300500E-4	4.150000E-6	0.000000E+0	0.000000E+0	1.964247E-4	2.976042E-9	0.000000E+0	0.000000E+0	9.501449E+0	0.000000E+0	0.000000E+0
24-Apr-25	13:10:56	-1.000000E-5	-1.500000E-4	3.246500E-2	2.971000E-5	-2.285000E-6	3.301500E-4	3.650000E-6	0.000000E+0	0.000000E+0	1.964247E-4	2.976042E-9	0.000000E+0	0.000000E+0	9.499793E+0	0.000000E+0	0.000000E+0
24-Apr-25	13:10:57	-1.000000E-5	-1.500000E-4	3.089000E-2	2.949500E-5	-2.335000E-6	3.294000E-4	3.650000E-6	0.000000E+0	0.000000E+0	1.964247E-4	2.976042E-9	0.000000E+0	0.000000E+0	9.498013E+0	0.000000E+0	0.000000E+0
24-Apr-25	13:10:57	-1.000000E-5	-1.500000E-4	2.930500E-2	2.946500E-5	-2.415000E-6	3.291500E-4	2.950000E-6	0.000000E+0	0.000000E+0	1.964247E-4	2.976042E-9	0.000000E+0	0.000000E+0	9.495686E+0	0.000000E+0	0.000000E+0
24-Apr-25	13:10:58	-1.000000E-5	-1.500000E-4	2.740000E-2	2.930000E-5	-2.315000E-6	3.296000E-4	4.150000E-6	0.000000E+0	0.000000E+0	1.964247E-4	2.976042E-9	0.000000E+0	0.000000E+0	9.493457E+0	0.000000E+0	0.000000E+0
24-Apr-25	13:10:59	-1.000000E-5	-1.500000E-4	2.513000E-2	2.921500E-5	-2.455000E-6	3.297500E-4	3.750000E-6	0.000000E+0	0.000000E+0	1.964247E-4	2.976042E-9	0.000000E+0	0.000000E+0	9.491364E+0	0.000000E+0	0.000000E+0
24-Apr-25	13:10:59	-1.000000E-5	-1.500000E-4	2.354500E-2	2.899500E-5	-2.495000E-6	3.298500E-4	2.950000E-6	0.000000E+0	0.000000E+0	1.964247E-4	2.976042E-9	0.000000E+0	0.000000E+0	9.489586E+0	0.000000E+0	0.000000E+0
24-Apr-25	13:11:00	-1.000000E-5	-1.500000E-4	2.196500E-2	2.895000E-5	-2.390000E-6	3.297000E-4	4.500000E-6	0.000000E+0	0.000000E+0	1.964247E-4	2.976042E-9	0.000000E+0	0.000000E+0	9.488641E+0	0.000000E+0	0.000000E+0
24-Apr-25	13:11:00	-1.000000E-5	-1.500000E-4	2.021000E-2	2.858500E-5	-2.175000E-6	3.298000E-4	3.650000E-6	0.000000E+0	0.000000E+0	1.964247E-4	2.976042E-9	0.000000E+0	0.000000E+0	9.488076E+0	0.000000E+0	0.000000E+0
24-Apr-25	13:11:01	-1.000000E-5	-1.500000E-4	1.847500E-2	2.844500E-5	-2.300000E-6	3.301000E-4	4.500000E-6	0.000000E+0	0.000000E+0	1.964247E-4	2.976042E-9	0.000000E+0	0.000000E+0	9.487869E+0	0.000000E+0	0.000000E+0
24-Apr-25	13:11:01	-1.000000E-5	-1.500000E-4	1.688000E-2	2.828000E-5	-2.290000E-6	3.314000E-4	3.300000E-6	0.000000E+0	0.000000E+0	1.964247E-4	2.976042E-9	0.000000E+0	0.000000E+0	9.488105E+0	0.000000E+0	0.000000E+0
24-Apr-25	13:11:02	-1.000000E-5	-1.500000E-4	1.464000E-2	2.801000E-5	-2.310000E-6	3.317000E-4	4.150000E-6	0.000000E+0	0.000000E+0	1.964247E-4	2.976042E-9	0.000000E+0	0.000000E+0	9.489379E+0	0.000000E+0	0.000000E+0
24-Apr-25	13:11:03	-1.000000E-5	-1.500000E-4	1.271000E-2	2.789000E-5	-2.260000E-6	3.320000E-4	4.600000E-6	0.000000E+0	0.000000E+0	1.964247E-4	2.976042E-9	0.000000E+0	0.000000E+0	9.490294E+0	0.000000E+0	0.000000E+0
24-Apr-25	13:11:03	-1.000000E-5	-1.500000E-4	1.112500E-2	2.778000E-5	-2.240000E-6	3.321000E-4	3.550000E-6	0.000000E+0	0.000000E+0	1.964247E-4	2.976042E-9	0.000000E+0	0.000000E+0	9.491178E+0	0.000000E+0	0.000000E+0
24-Apr-25	13:11:04	-1.000000E-5	-1.500000E-4	9.545000E-3	2.734000E-5	-2.260000E-6	3.326000E-4	2.400000E-6	0.000000E+0	0.000000E+0	1.964247E-4	2.976042E-9	0.000000E+0	0.000000E+0	9.492086E+0	0.000000E+0	0.000000E+0
24-Apr-25	13:11:04	-1.000000E-5	-1.500000E-4	7.955000E-3	2.680500E-5	-2.160000E-6	3.327000E-4	3.700000E-6	0.000000E+0	0.000000E+0	1.964247E-4	2.976042E-9	0.000000E+0	0.000000E+0	9.493008E+0	0.000000E+0	0.000000E+0
24-Apr-25	13:11:05	-1.000000E-5	-1.500000E-4	6.370000E-3	2.705000E-5	-2.055000E-6	3.317000E-4	4.350000E-6	0.000000E+0	0.000000E+0	1.964247E-4	2.976042E-9	0.000000E+0	0.000000E+0	9.493967E+0	0.000000E+0	0.000000E+0
24-Apr-25	13:11:05	-1.000000E-5	-1.500000E-4	4.150000E-3	2.661500E-5	-2.015000E-6	3.322000E-4	3.650000E-6	0.000000E+0	0.000000E+0	1.964247E-4	2.976042E-9	0.000000E+0	0.000000E+0	9.495660E+0	0.000000E+0	0.000000E+0
24-Apr-25	13:11:06	-1.000000E-5	-1.500000E-4	1.740000E-3	2.622000E-5	-2.155000E-6	3.328000E-4	3.300000E-6	0.000000E+0	0.000000E+0	1.964247E-4	2.976042E-9	0.000000E+0	0.000000E+0	9.497358E+0	0.000000E+0	0.000000E+0
24-Apr-25	13:11:07	-1.000000E-5	-1.500000E-4	3.400000E-4	2.589000E-5	-2.065000E-6	3.331500E-4	4.450000E-6	0.000000E+0	0.000000E+0	1.964247E-4	2.976042E-9	0.000000E+0	0.000000E+0	9.498514E+0	0.000000E+0	0.000000E+0
24-Apr-25	13:11:07	-1.000000E-5	-1.500000E-4	-8.000000E-5	2.577500E-5	-1.920000E-6	3.337500E-4	3.900000E-6	0.000000E+0	0.000000E+0	1.964247E-4	2.976042E-9	0.000000E+0	0.000000E+0	9.499455E+0	0.000000E+0	0.000000E+0
24-Apr-25	13:11:08	-1.000000E-5	-1.500000E-4	-8.000000E-5	2.550500E-5	-1.900000E-6	3.335500E-4	4.150000E-6	0.000000E+0	0.000000E+0	1.964247E-4	2.976042E-9	0.000000E+0	0.000000E+0	9.500253E+0	0.000000E+0	0.000000E+0
24-Apr-25	13:11:08	-1.000000E-5	-1.500000E-4	-8.000000E-5	2.500500E-5	-2.065000E-6	3.341000E-4	3.000000E-6	0.000000E+0	0.000000E+0	1.964247E-4	2.976042E-9	0.000000E+0	0.000000E+0	9.500790E+0	0.000000E+0	0.000000E+0
