! Date:	24-Apr-25
!Time:	15:19
! User Name:	Aditya
! Sample Name:	CBS_Pt
! Sample ID:	D51_SiO2 Substrate
! Current Source:	Keithley_6221_Delta
! LockIn Specifications:
!LockIn Input Voltage (V)=	
!LockIn Input Frequency (Hz)=	
!Time Constant for Zi LockIn  1st Harmonic (s)=	
!Time Constant for Zi LockIn 2nd Harmonic (s)=	
!Time Constant of SR7265=	
!Time Constant of SR7225=	
! Measuring Insturment 1:	
! Measuring Insturment 1:	
! U1, th1 (volts):	
! U2, th2 (volts):	
! U3, th3 (volts):	
! U4 , th4(volts):	
! U5, th5 (volts):	
! Comments:	


! 
! 
date	time	Hx (T)	Hy (T)	Hz (T)	U1	th1	U2 (V)	th2	Av_HP34420A_10points (V)	Std_HP34420A_10points	Std_DeltaVolatge	Std_DeltaVolatge	U5(V)	th5	Tcryo (K)	Tsample (K)	Heater Power (%)	
24-Apr-25	15:19:26	-0.000000E+0	1.075000E-3	-9.000000E-5	1.016000E-5	-8.150000E-7	3.482500E-4	3.950000E-6	0.000000E+0	0.000000E+0	1.964247E-4	2.976042E-9	0.000000E+0	0.000000E+0	1.004022E+1	0.000000E+0	3.000000E+0
24-Apr-25	15:19:27	-0.000000E+0	1.063500E-2	-9.000000E-5	1.011500E-5	-8.300000E-7	3.486000E-4	4.500000E-6	0.000000E+0	0.000000E+0	1.964247E-4	2.976042E-9	0.000000E+0	0.000000E+0	1.004022E+1	0.000000E+0	3.000000E+0
24-Apr-25	15:19:28	-0.000000E+0	1.977000E-2	-9.000000E-5	1.017000E-5	-7.950000E-7	3.484000E-4	4.200000E-6	0.000000E+0	0.000000E+0	1.964247E-4	2.976042E-9	0.000000E+0	0.000000E+0	1.004022E+1	0.000000E+0	3.000000E+0
24-Apr-25	15:19:28	-0.000000E+0	2.875500E-2	-9.000000E-5	1.018500E-5	-8.350000E-7	3.475500E-4	3.700000E-6	0.000000E+0	0.000000E+0	1.964247E-4	2.976042E-9	0.000000E+0	0.000000E+0	1.004022E+1	0.000000E+0	3.000000E+0
24-Apr-25	15:19:29	-0.000000E+0	3.773000E-2	-9.000000E-5	1.014500E-5	-8.500000E-7	3.485000E-4	4.350000E-6	0.000000E+0	0.000000E+0	1.964247E-4	2.976042E-9	0.000000E+0	0.000000E+0	1.004022E+1	0.000000E+0	3.000000E+0
24-Apr-25	15:19:29	-0.000000E+0	4.672000E-2	-9.000000E-5	1.014000E-5	-8.600000E-7	3.487000E-4	4.150000E-6	0.000000E+0	0.000000E+0	1.964247E-4	2.976042E-9	0.000000E+0	0.000000E+0	1.004022E+1	0.000000E+0	3.000000E+0
24-Apr-25	15:19:30	-0.000000E+0	5.573000E-2	-9.000000E-5	1.026500E-5	-8.200000E-7	3.484500E-4	3.950000E-6	0.000000E+0	0.000000E+0	1.964247E-4	2.976042E-9	0.000000E+0	0.000000E+0	1.004022E+1	0.000000E+0	3.000000E+0
24-Apr-25	15:19:30	-0.000000E+0	6.474000E-2	-9.000000E-5	1.019000E-5	-8.350000E-7	3.481500E-4	3.950000E-6	0.000000E+0	0.000000E+0	1.964247E-4	2.976042E-9	0.000000E+0	0.000000E+0	1.004022E+1	0.000000E+0	3.000000E+0
24-Apr-25	15:19:30	-0.000000E+0	7.279000E-2	-9.000000E-5	1.019000E-5	-8.300000E-7	3.481500E-4	4.400000E-6	0.000000E+0	0.000000E+0	1.964247E-4	2.976042E-9	0.000000E+0	0.000000E+0	1.004022E+1	0.000000E+0	3.000000E+0
24-Apr-25	15:19:31	-0.000000E+0	8.177500E-2	-9.000000E-5	1.015000E-5	-8.350000E-7	3.485500E-4	3.800000E-6	0.000000E+0	0.000000E+0	1.964247E-4	2.976042E-9	0.000000E+0	0.000000E+0	1.004022E+1	0.000000E+0	3.000000E+0
24-Apr-25	15:19:31	-0.000000E+0	9.074000E-2	-9.000000E-5	1.015000E-5	-8.400000E-7	3.486000E-4	4.150000E-6	0.000000E+0	0.000000E+0	1.964247E-4	2.976042E-9	0.000000E+0	0.000000E+0	1.004022E+1	0.000000E+0	3.000000E+0
24-Apr-25	15:19:32	-0.000000E+0	9.975500E-2	-9.000000E-5	1.019000E-5	-7.900000E-7	3.485500E-4	3.650000E-6	0.000000E+0	0.000000E+0	1.964247E-4	2.976042E-9	0.000000E+0	0.000000E+0	1.004022E+1	0.000000E+0	3.000000E+0
24-Apr-25	15:19:32	-0.000000E+0	1.087750E-1	-9.000000E-5	1.015000E-5	-8.150000E-7	3.479000E-4	4.950000E-6	0.000000E+0	0.000000E+0	1.964247E-4	2.976042E-9	0.000000E+0	0.000000E+0	1.004022E+1	0.000000E+0	3.000000E+0
24-Apr-25	15:19:33	-0.000000E+0	1.177750E-1	-9.000000E-5	1.020000E-5	-8.600000E-7	3.484500E-4	4.200000E-6	0.000000E+0	0.000000E+0	1.964247E-4	2.976042E-9	0.000000E+0	0.000000E+0	1.004022E+1	0.000000E+0	3.000000E+0
24-Apr-25	15:19:34	-0.000000E+0	1.276350E-1	-9.000000E-5	1.022000E-5	-8.300000E-7	3.488500E-4	3.900000E-6	0.000000E+0	0.000000E+0	1.964247E-4	2.976042E-9	0.000000E+0	0.000000E+0	1.004022E+1	0.000000E+0	3.000000E+0
24-Apr-25	15:19:34	-0.000000E+0	1.402000E-1	-9.000000E-5	1.016000E-5	-8.500000E-7	3.485000E-4	4.450000E-6	0.000000E+0	0.000000E+0	1.964247E-4	2.976042E-9	0.000000E+0	0.000000E+0	1.004022E+1	0.000000E+0	3.000000E+0
24-Apr-25	15:19:35	-0.000000E+0	1.486000E-1	-9.000000E-5	1.015000E-5	-8.550000E-7	3.481500E-4	3.650000E-6	0.000000E+0	0.000000E+0	1.964247E-4	2.976042E-9	0.000000E+0	0.000000E+0	1.004022E+1	0.000000E+0	3.000000E+0
24-Apr-25	15:19:35	-0.000000E+0	1.576250E-1	-9.000000E-5	1.019500E-5	-8.650000E-7	3.483500E-4	4.400000E-6	0.000000E+0	0.000000E+0	1.964247E-4	2.976042E-9	0.000000E+0	0.000000E+0	1.004022E+1	0.000000E+0	3.000000E+0
24-Apr-25	15:19:36	-0.000000E+0	1.674700E-1	-9.000000E-5	1.020000E-5	-8.500000E-7	3.481500E-4	3.950000E-6	0.000000E+0	0.000000E+0	1.964247E-4	2.976042E-9	0.000000E+0	0.000000E+0	1.004022E+1	0.000000E+0	3.000000E+0
24-Apr-25	15:19:36	-0.000000E+0	1.764550E-1	-9.000000E-5	1.020000E-5	-8.200000E-7	3.485500E-4	4.600000E-6	0.000000E+0	0.000000E+0	1.964247E-4	2.976042E-9	0.000000E+0	0.000000E+0	1.004022E+1	0.000000E+0	3.000000E+0
24-Apr-25	15:19:37	-0.000000E+0	1.853950E-1	-9.000000E-5	1.015000E-5	-8.250000E-7	3.484000E-4	4.250000E-6	0.000000E+0	0.000000E+0	1.964247E-4	2.976042E-9	0.000000E+0	0.000000E+0	1.004022E+1	0.000000E+0	3.000000E+0
24-Apr-25	15:19:37	-0.000000E+0	1.971000E-1	-9.000000E-5	1.016000E-5	-8.650000E-7	3.484500E-4	4.200000E-6	0.000000E+0	0.000000E+0	1.964247E-4	2.976042E-9	0.000000E+0	0.000000E+0	1.004022E+1	0.000000E+0	3.000000E+0
24-Apr-25	15:19:38	-0.000000E+0	2.061300E-1	-9.000000E-5	1.018000E-5	-8.550000E-7	3.484000E-4	4.000000E-6	0.000000E+0	0.000000E+0	1.964247E-4	2.976042E-9	0.000000E+0	0.000000E+0	1.004022E+1	0.000000E+0	3.000000E+0
24-Apr-25	15:19:38	-0.000000E+0	2.150900E-1	-9.000000E-5	1.016500E-5	-8.300000E-7	3.486000E-4	4.150000E-6	0.000000E+0	0.000000E+0	1.964247E-4	2.976042E-9	0.000000E+0	0.000000E+0	1.004022E+1	0.000000E+0	3.000000E+0
24-Apr-25	15:19:39	-0.000000E+0	2.241100E-1	-9.000000E-5	1.012000E-5	-8.300000E-7	3.486500E-4	3.850000E-6	0.000000E+0	0.000000E+0	1.964247E-4	2.976042E-9	0.000000E+0	0.000000E+0	1.004022E+1	0.000000E+0	3.000000E+0
24-Apr-25	15:19:39	-0.000000E+0	2.339750E-1	-9.000000E-5	1.015000E-5	-8.400000E-7	3.482000E-4	4.100000E-6	0.000000E+0	0.000000E+0	1.964247E-4	2.976042E-9	0.000000E+0	0.000000E+0	1.004022E+1	0.000000E+0	3.000000E+0
24-Apr-25	15:19:40	-0.000000E+0	2.429700E-1	-9.000000E-5	1.017000E-5	-8.100000E-7	3.484000E-4	4.250000E-6	0.000000E+0	0.000000E+0	1.964247E-4	2.976042E-9	0.000000E+0	0.000000E+0	1.004022E+1	0.000000E+0	3.000000E+0
24-Apr-25	15:19:41	-0.000000E+0	2.519850E-1	-9.000000E-5	1.015000E-5	-8.150000E-7	3.485500E-4	4.100000E-6	0.000000E+0	0.000000E+0	1.964247E-4	2.976042E-9	0.000000E+0	0.000000E+0	1.004022E+1	0.000000E+0	3.000000E+0
24-Apr-25	15:19:41	-0.000000E+0	2.639200E-1	-9.000000E-5	1.011500E-5	-8.300000E-7	3.480000E-4	4.250000E-6	0.000000E+0	0.000000E+0	1.964247E-4	2.976042E-9	0.000000E+0	0.000000E+0	1.004022E+1	0.000000E+0	3.000000E+0
24-Apr-25	15:19:42	-0.000000E+0	2.729150E-1	-9.000000E-5	1.011000E-5	-7.600000E-7	3.483500E-4	4.000000E-6	0.000000E+0	0.000000E+0	1.964247E-4	2.976042E-9	0.000000E+0	0.000000E+0	1.004022E+1	0.000000E+0	3.000000E+0
24-Apr-25	15:19:42	-0.000000E+0	2.836900E-1	-9.000000E-5	1.014500E-5	-7.900000E-7	3.483000E-4	4.050000E-6	0.000000E+0	0.000000E+0	1.964247E-4	2.976042E-9	0.000000E+0	0.000000E+0	1.004022E+1	0.000000E+0	3.000000E+0
24-Apr-25	15:19:43	-0.000000E+0	2.935900E-1	-9.000000E-5	1.016000E-5	-8.150000E-7	3.480500E-4	4.350000E-6	0.000000E+0	0.000000E+0	1.964247E-4	2.976042E-9	0.000000E+0	0.000000E+0	1.004022E+1	0.000000E+0	3.000000E+0
24-Apr-25	15:19:44	-0.000000E+0	3.061950E-1	-9.000000E-5	1.011000E-5	-8.100000E-7	3.484000E-4	4.250000E-6	0.000000E+0	0.000000E+0	1.964247E-4	2.976042E-9	0.000000E+0	0.000000E+0	1.004022E+1	0.000000E+0	3.000000E+0
24-Apr-25	15:19:44	-0.000000E+0	3.151450E-1	-9.000000E-5	1.016500E-5	-7.900000E-7	3.484000E-4	4.000000E-6	0.000000E+0	0.000000E+0	1.964247E-4	2.976042E-9	0.000000E+0	0.000000E+0	1.004022E+1	0.000000E+0	3.000000E+0
24-Apr-25	15:19:45	-0.000000E+0	3.241400E-1	-9.000000E-5	1.014500E-5	-8.000000E-7	3.484500E-4	4.150000E-6	0.000000E+0	0.000000E+0	1.964247E-4	2.976042E-9	0.000000E+0	0.000000E+0	1.004022E+1	0.000000E+0	3.000000E+0
24-Apr-25	15:19:45	-0.000000E+0	3.341800E-1	-9.000000E-5	1.010500E-5	-8.200000E-7	3.489000E-4	4.600000E-6	0.000000E+0	0.000000E+0	1.964247E-4	2.976042E-9	0.000000E+0	0.000000E+0	1.004022E+1	0.000000E+0	3.000000E+0
24-Apr-25	15:19:46	-0.000000E+0	3.431750E-1	-9.000000E-5	1.011000E-5	-8.500000E-7	3.486000E-4	4.200000E-6	0.000000E+0	0.000000E+0	1.964247E-4	2.976042E-9	0.000000E+0	0.000000E+0	1.004022E+1	0.000000E+0	3.000000E+0
24-Apr-25	15:19:46	-0.000000E+0	3.522800E-1	-9.000000E-5	1.014500E-5	-8.300000E-7	3.483500E-4	4.600000E-6	0.000000E+0	0.000000E+0	1.964247E-4	2.976042E-9	0.000000E+0	0.000000E+0	1.004022E+1	0.000000E+0	3.000000E+0
24-Apr-25	15:19:47	-0.000000E+0	3.657600E-1	-9.000000E-5	1.013500E-5	-8.750000E-7	3.487000E-4	3.800000E-6	0.000000E+0	0.000000E+0	1.964247E-4	2.976042E-9	0.000000E+0	0.000000E+0	1.004022E+1	0.000000E+0	3.000000E+0
24-Apr-25	15:19:48	-0.000000E+0	3.774000E-1	-9.000000E-5	1.008000E-5	-7.850000E-7	3.477000E-4	4.350000E-6	0.000000E+0	0.000000E+0	1.964247E-4	2.976042E-9	0.000000E+0	0.000000E+0	1.004022E+1	0.000000E+0	3.000000E+0
24-Apr-25	15:19:48	-0.000000E+0	3.873500E-1	-9.000000E-5	1.014500E-5	-7.900000E-7	3.478000E-4	4.400000E-6	0.000000E+0	0.000000E+0	1.964247E-4	2.976042E-9	0.000000E+0	0.000000E+0	1.004022E+1	0.000000E+0	3.000000E+0
24-Apr-25	15:19:49	-0.000000E+0	3.963300E-1	-9.000000E-5	1.013000E-5	-7.750000E-7	3.484500E-4	3.850000E-6	0.000000E+0	0.000000E+0	1.964247E-4	2.976042E-9	0.000000E+0	0.000000E+0	1.004022E+1	0.000000E+0	3.000000E+0
24-Apr-25	15:19:49	-0.000000E+0	4.053250E-1	-9.000000E-5	1.013500E-5	-7.950000E-7	3.481500E-4	3.950000E-6	0.000000E+0	0.000000E+0	1.964247E-4	2.976042E-9	0.000000E+0	0.000000E+0	1.004022E+1	0.000000E+0	3.000000E+0
24-Apr-25	15:19:50	-0.000000E+0	4.181850E-1	-9.000000E-5	1.013000E-5	-8.500000E-7	3.489500E-4	4.450000E-6	0.000000E+0	0.000000E+0	1.964247E-4	2.976042E-9	0.000000E+0	0.000000E+0	1.004022E+1	0.000000E+0	3.000000E+0
24-Apr-25	15:19:50	-0.000000E+0	4.299050E-1	-9.000000E-5	1.012000E-5	-7.800000E-7	3.485500E-4	4.000000E-6	0.000000E+0	0.000000E+0	1.964247E-4	2.976042E-9	0.000000E+0	0.000000E+0	1.004022E+1	0.000000E+0	3.000000E+0
24-Apr-25	15:19:51	-0.000000E+0	4.398100E-1	-9.000000E-5	1.012000E-5	-8.200000E-7	3.485500E-4	4.150000E-6	0.000000E+0	0.000000E+0	1.964247E-4	2.976042E-9	0.000000E+0	0.000000E+0	1.004022E+1	0.000000E+0	3.000000E+0
24-Apr-25	15:19:51	-0.000000E+0	4.487850E-1	-9.000000E-5	1.012000E-5	-8.300000E-7	3.482500E-4	4.000000E-6	0.000000E+0	0.000000E+0	1.964247E-4	2.976042E-9	0.000000E+0	0.000000E+0	1.004022E+1	0.000000E+0	3.000000E+0
24-Apr-25	15:19:52	-0.000000E+0	4.568300E-1	-9.000000E-5	1.012500E-5	-8.400000E-7	3.487500E-4	3.900000E-6	0.000000E+0	0.000000E+0	1.964247E-4	2.976042E-9	0.000000E+0	0.000000E+0	1.004022E+1	0.000000E+0	3.000000E+0
24-Apr-25	15:19:52	-0.000000E+0	4.658350E-1	-9.000000E-5	1.013000E-5	-8.300000E-7	3.486000E-4	3.950000E-6	0.000000E+0	0.000000E+0	1.964247E-4	2.976042E-9	0.000000E+0	0.000000E+0	1.004022E+1	0.000000E+0	3.000000E+0
24-Apr-25	15:19:53	-0.000000E+0	4.738800E-1	-9.000000E-5	1.010500E-5	-8.100000E-7	3.484000E-4	4.100000E-6	0.000000E+0	0.000000E+0	1.964247E-4	2.976042E-9	0.000000E+0	0.000000E+0	1.004022E+1	0.000000E+0	3.000000E+0
24-Apr-25	15:19:53	-0.000000E+0	4.829300E-1	-9.000000E-5	1.010500E-5	-7.850000E-7	3.487000E-4	3.800000E-6	0.000000E+0	0.000000E+0	1.964247E-4	2.976042E-9	0.000000E+0	0.000000E+0	1.004022E+1	0.000000E+0	3.000000E+0
24-Apr-25	15:19:54	-0.000000E+0	4.919050E-1	-9.000000E-5	1.015500E-5	-8.350000E-7	3.485500E-4	3.650000E-6	0.000000E+0	0.000000E+0	1.964247E-4	2.976042E-9	0.000000E+0	0.000000E+0	1.004022E+1	0.000000E+0	3.000000E+0
24-Apr-25	15:19:55	-0.000000E+0	5.028500E-1	-9.000000E-5	1.013500E-5	-7.850000E-7	3.488500E-4	4.250000E-6	0.000000E+0	0.000000E+0	1.964247E-4	2.976042E-9	0.000000E+0	0.000000E+0	1.004022E+1	0.000000E+0	3.000000E+0
24-Apr-25	15:19:55	-0.000000E+0	5.146450E-1	-9.000000E-5	1.014500E-5	-7.550000E-7	3.488500E-4	3.850000E-6	0.000000E+0	0.000000E+0	1.964247E-4	2.976042E-9	0.000000E+0	0.000000E+0	1.004022E+1	0.000000E+0	3.000000E+0
24-Apr-25	15:19:56	-0.000000E+0	5.236450E-1	-9.000000E-5	1.008500E-5	-7.950000E-7	3.479500E-4	4.200000E-6	0.000000E+0	0.000000E+0	1.964247E-4	2.976042E-9	0.000000E+0	0.000000E+0	1.004022E+1	0.000000E+0	3.000000E+0
24-Apr-25	15:19:56	-0.000000E+0	5.326550E-1	-9.000000E-5	1.009000E-5	-7.650000E-7	3.481500E-4	4.350000E-6	0.000000E+0	0.000000E+0	1.964247E-4	2.976042E-9	0.000000E+0	0.000000E+0	1.004022E+1	0.000000E+0	3.000000E+0
24-Apr-25	15:19:57	-0.000000E+0	5.425250E-1	-9.000000E-5	1.009500E-5	-7.800000E-7	3.487000E-4	3.850000E-6	0.000000E+0	0.000000E+0	1.964247E-4	2.976042E-9	0.000000E+0	0.000000E+0	1.004022E+1	0.000000E+0	3.000000E+0
24-Apr-25	15:19:57	-0.000000E+0	5.515000E-1	-9.000000E-5	1.007000E-5	-8.250000E-7	3.487500E-4	3.800000E-6	0.000000E+0	0.000000E+0	1.964247E-4	2.976042E-9	0.000000E+0	0.000000E+0	1.004022E+1	0.000000E+0	3.000000E+0
24-Apr-25	15:19:58	-0.000000E+0	5.604550E-1	-9.000000E-5	1.007500E-5	-7.650000E-7	3.486000E-4	3.550000E-6	0.000000E+0	0.000000E+0	1.964247E-4	2.976042E-9	0.000000E+0	0.000000E+0	1.004022E+1	0.000000E+0	3.000000E+0
24-Apr-25	15:19:58	-0.000000E+0	5.694450E-1	-9.000000E-5	1.013500E-5	-8.150000E-7	3.489000E-4	4.550000E-6	0.000000E+0	0.000000E+0	1.964247E-4	2.976042E-9	0.000000E+0	0.000000E+0	1.004022E+1	0.000000E+0	3.000000E+0
24-Apr-25	15:19:59	-0.000000E+0	5.784750E-1	-9.000000E-5	1.014000E-5	-8.050000E-7	3.485000E-4	4.000000E-6	0.000000E+0	0.000000E+0	1.964247E-4	2.976042E-9	0.000000E+0	0.000000E+0	1.004022E+1	0.000000E+0	3.000000E+0
24-Apr-25	15:19:59	-0.000000E+0	5.883400E-1	-9.000000E-5	1.014000E-5	-7.500000E-7	3.489000E-4	4.050000E-6	0.000000E+0	0.000000E+0	1.964247E-4	2.976042E-9	0.000000E+0	0.000000E+0	1.004022E+1	0.000000E+0	3.000000E+0
24-Apr-25	15:20:00	-0.000000E+0	5.964650E-1	-9.000000E-5	1.014000E-5	-7.950000E-7	3.481500E-4	3.950000E-6	0.000000E+0	0.000000E+0	1.964247E-4	2.976042E-9	0.000000E+0	0.000000E+0	1.004022E+1	0.000000E+0	3.000000E+0
24-Apr-25	15:20:00	-0.000000E+0	6.054150E-1	-9.000000E-5	1.012500E-5	-8.000000E-7	3.487500E-4	3.950000E-6	0.000000E+0	0.000000E+0	1.964247E-4	2.976042E-9	0.000000E+0	0.000000E+0	1.004022E+1	0.000000E+0	3.000000E+0
24-Apr-25	15:20:01	-0.000000E+0	6.144050E-1	-9.000000E-5	1.010500E-5	-8.150000E-7	3.486000E-4	4.100000E-6	0.000000E+0	0.000000E+0	1.964247E-4	2.976042E-9	0.000000E+0	0.000000E+0	1.004022E+1	0.000000E+0	3.000000E+0
24-Apr-25	15:20:01	-0.000000E+0	6.234100E-1	-9.000000E-5	1.013500E-5	-8.350000E-7	3.486000E-4	3.900000E-6	0.000000E+0	0.000000E+0	1.964247E-4	2.976042E-9	0.000000E+0	0.000000E+0	1.004022E+1	0.000000E+0	3.000000E+0
24-Apr-25	15:20:02	-0.000000E+0	6.324100E-1	-9.000000E-5	1.009500E-5	-8.150000E-7	3.487000E-4	3.700000E-6	0.000000E+0	0.000000E+0	1.964247E-4	2.976042E-9	0.000000E+0	0.000000E+0	1.004022E+1	0.000000E+0	3.000000E+0
24-Apr-25	15:20:02	-0.000000E+0	6.422650E-1	-9.000000E-5	1.009500E-5	-7.600000E-7	3.489000E-4	3.700000E-6	0.000000E+0	0.000000E+0	1.964247E-4	2.976042E-9	0.000000E+0	0.000000E+0	1.004022E+1	0.000000E+0	3.000000E+0
24-Apr-25	15:20:03	-0.000000E+0	6.503450E-1	-9.000000E-5	1.008500E-5	-8.250000E-7	3.484000E-4	4.100000E-6	0.000000E+0	0.000000E+0	1.964247E-4	2.976042E-9	0.000000E+0	0.000000E+0	1.004022E+1	0.000000E+0	3.000000E+0
24-Apr-25	15:20:03	-0.000000E+0	6.594550E-1	-9.000000E-5	1.009000E-5	-8.300000E-7	3.486000E-4	3.950000E-6	0.000000E+0	0.000000E+0	1.964247E-4	2.976042E-9	0.000000E+0	0.000000E+0	1.004022E+1	0.000000E+0	3.000000E+0
24-Apr-25	15:20:04	-0.000000E+0	6.686200E-1	-9.000000E-5	1.011500E-5	-8.550000E-7	3.485000E-4	4.250000E-6	0.000000E+0	0.000000E+0	1.964247E-4	2.976042E-9	0.000000E+0	0.000000E+0	1.004022E+1	0.000000E+0	3.000000E+0
24-Apr-25	15:20:04	-0.000000E+0	6.776200E-1	-9.000000E-5	1.017500E-5	-8.150000E-7	3.482500E-4	3.650000E-6	0.000000E+0	0.000000E+0	1.964247E-4	2.976042E-9	0.000000E+0	0.000000E+0	1.004022E+1	0.000000E+0	3.000000E+0
24-Apr-25	15:20:05	-0.000000E+0	6.865850E-1	-9.000000E-5	1.014000E-5	-8.100000E-7	3.484500E-4	4.650000E-6	0.000000E+0	0.000000E+0	1.964247E-4	2.976042E-9	0.000000E+0	0.000000E+0	1.004022E+1	0.000000E+0	3.000000E+0
24-Apr-25	15:20:05	-0.000000E+0	6.955950E-1	-9.000000E-5	1.009000E-5	-8.650000E-7	3.482500E-4	4.250000E-6	0.000000E+0	0.000000E+0	1.964247E-4	2.976042E-9	0.000000E+0	0.000000E+0	1.004022E+1	0.000000E+0	3.000000E+0
24-Apr-25	15:20:06	-0.000000E+0	7.045150E-1	-9.000000E-5	1.009000E-5	-8.400000E-7	3.483000E-4	3.700000E-6	0.000000E+0	0.000000E+0	1.964247E-4	2.976042E-9	0.000000E+0	0.000000E+0	1.004022E+1	0.000000E+0	3.000000E+0
24-Apr-25	15:20:06	-0.000000E+0	7.126450E-1	-9.000000E-5	1.007000E-5	-8.850000E-7	3.488500E-4	4.350000E-6	0.000000E+0	0.000000E+0	1.964247E-4	2.976042E-9	0.000000E+0	0.000000E+0	1.004022E+1	0.000000E+0	3.000000E+0
24-Apr-25	15:20:07	-0.000000E+0	7.216400E-1	-9.000000E-5	1.014500E-5	-8.500000E-7	3.484000E-4	3.950000E-6	0.000000E+0	0.000000E+0	1.964247E-4	2.976042E-9	0.000000E+0	0.000000E+0	1.004022E+1	0.000000E+0	3.000000E+0
24-Apr-25	15:20:07	-0.000000E+0	7.297200E-1	-9.000000E-5	1.010000E-5	-8.000000E-7	3.487000E-4	4.050000E-6	0.000000E+0	0.000000E+0	1.964247E-4	2.976042E-9	0.000000E+0	0.000000E+0	1.004022E+1	0.000000E+0	3.000000E+0
24-Apr-25	15:20:08	-0.000000E+0	7.386800E-1	-9.000000E-5	1.008500E-5	-8.100000E-7	3.485500E-4	4.500000E-6	0.000000E+0	0.000000E+0	1.964247E-4	2.976042E-9	0.000000E+0	0.000000E+0	1.004022E+1	0.000000E+0	3.000000E+0
24-Apr-25	15:20:08	-0.000000E+0	7.476450E-1	-9.000000E-5	1.010500E-5	-7.600000E-7	3.488500E-4	4.050000E-6	0.000000E+0	0.000000E+0	1.964247E-4	2.976042E-9	0.000000E+0	0.000000E+0	1.004022E+1	0.000000E+0	3.000000E+0
24-Apr-25	15:20:09	-0.000000E+0	7.557300E-1	-9.000000E-5	1.008000E-5	-8.300000E-7	3.484000E-4	4.500000E-6	0.000000E+0	0.000000E+0	1.964247E-4	2.976042E-9	0.000000E+0	0.000000E+0	1.004022E+1	0.000000E+0	3.000000E+0
24-Apr-25	15:20:09	-0.000000E+0	7.647450E-1	-9.000000E-5	1.005500E-5	-8.500000E-7	3.489500E-4	4.450000E-6	0.000000E+0	0.000000E+0	1.964247E-4	2.976042E-9	0.000000E+0	0.000000E+0	1.004022E+1	0.000000E+0	3.000000E+0
24-Apr-25	15:20:10	-0.000000E+0	7.737400E-1	-9.000000E-5	1.005500E-5	-8.350000E-7	3.486500E-4	4.100000E-6	0.000000E+0	0.000000E+0	1.964247E-4	2.976042E-9	0.000000E+0	0.000000E+0	1.004022E+1	0.000000E+0	3.000000E+0
24-Apr-25	15:20:10	-0.000000E+0	7.818300E-1	-9.000000E-5	1.005500E-5	-8.000000E-7	3.486000E-4	4.400000E-6	0.000000E+0	0.000000E+0	1.964247E-4	2.976042E-9	0.000000E+0	0.000000E+0	1.004022E+1	0.000000E+0	3.000000E+0
24-Apr-25	15:20:11	-0.000000E+0	7.908050E-1	-9.000000E-5	1.004500E-5	-7.900000E-7	3.485500E-4	4.400000E-6	0.000000E+0	0.000000E+0	1.964247E-4	2.976042E-9	0.000000E+0	0.000000E+0	1.004022E+1	0.000000E+0	3.000000E+0
24-Apr-25	15:20:11	-0.000000E+0	8.024950E-1	-9.000000E-5	1.005500E-5	-8.000000E-7	3.484500E-4	3.950000E-6	0.000000E+0	0.000000E+0	1.964247E-4	2.976042E-9	0.000000E+0	0.000000E+0	1.004022E+1	0.000000E+0	3.000000E+0
24-Apr-25	15:20:12	-0.000000E+0	8.115100E-1	-9.000000E-5	1.001000E-5	-8.450000E-7	3.487000E-4	3.500000E-6	0.000000E+0	0.000000E+0	1.964247E-4	2.976042E-9	0.000000E+0	0.000000E+0	1.004022E+1	0.000000E+0	3.000000E+0
24-Apr-25	15:20:12	-0.000000E+0	8.205100E-1	-9.000000E-5	1.003000E-5	-8.000000E-7	3.483000E-4	4.300000E-6	0.000000E+0	0.000000E+0	1.964247E-4	2.976042E-9	0.000000E+0	0.000000E+0	1.004022E+1	0.000000E+0	3.000000E+0
24-Apr-25	15:20:13	-0.000000E+0	8.285550E-1	-9.000000E-5	1.004500E-5	-8.100000E-7	3.486000E-4	3.850000E-6	0.000000E+0	0.000000E+0	1.964247E-4	2.976042E-9	0.000000E+0	0.000000E+0	1.004022E+1	0.000000E+0	3.000000E+0
24-Apr-25	15:20:13	-0.000000E+0	8.375550E-1	-9.000000E-5	1.001000E-5	-8.250000E-7	3.477000E-4	4.300000E-6	0.000000E+0	0.000000E+0	1.964247E-4	2.976042E-9	0.000000E+0	0.000000E+0	1.004022E+1	0.000000E+0	3.000000E+0
24-Apr-25	15:20:14	-0.000000E+0	8.456050E-1	-9.000000E-5	1.004000E-5	-8.000000E-7	3.487000E-4	3.850000E-6	0.000000E+0	0.000000E+0	1.964247E-4	2.976042E-9	0.000000E+0	0.000000E+0	1.004022E+1	0.000000E+0	3.000000E+0
24-Apr-25	15:20:14	-0.000000E+0	8.546100E-1	-9.000000E-5	1.005000E-5	-8.100000E-7	3.487000E-4	4.350000E-6	0.000000E+0	0.000000E+0	1.964247E-4	2.976042E-9	0.000000E+0	0.000000E+0	1.004022E+1	0.000000E+0	3.000000E+0
24-Apr-25	15:20:15	-0.000000E+0	8.636450E-1	-9.000000E-5	1.003000E-5	-8.250000E-7	3.487500E-4	4.150000E-6	0.000000E+0	0.000000E+0	1.964247E-4	2.976042E-9	0.000000E+0	0.000000E+0	1.004022E+1	0.000000E+0	3.000000E+0
24-Apr-25	15:20:15	-0.000000E+0	8.726250E-1	-9.000000E-5	1.001500E-5	-8.100000E-7	3.490500E-4	3.800000E-6	0.000000E+0	0.000000E+0	1.964247E-4	2.976042E-9	0.000000E+0	0.000000E+0	1.004022E+1	0.000000E+0	3.000000E+0
24-Apr-25	15:20:16	-0.000000E+0	8.825200E-1	-9.000000E-5	9.970000E-6	-7.950000E-7	3.485000E-4	4.350000E-6	0.000000E+0	0.000000E+0	1.964247E-4	2.976042E-9	0.000000E+0	0.000000E+0	1.004022E+1	0.000000E+0	3.000000E+0
24-Apr-25	15:20:16	-0.000000E+0	8.914850E-1	-9.000000E-5	9.970000E-6	-8.100000E-7	3.487000E-4	3.950000E-6	0.000000E+0	0.000000E+0	1.964247E-4	2.976042E-9	0.000000E+0	0.000000E+0	1.004022E+1	0.000000E+0	3.000000E+0
24-Apr-25	15:20:17	-0.000000E+0	8.995650E-1	-9.000000E-5	1.002000E-5	-8.150000E-7	3.483000E-4	3.800000E-6	0.000000E+0	0.000000E+0	1.964247E-4	2.976042E-9	0.000000E+0	0.000000E+0	1.004022E+1	0.000000E+0	3.000000E+0
24-Apr-25	15:20:17	-0.000000E+0	9.085850E-1	-9.000000E-5	1.000500E-5	-8.450000E-7	3.484000E-4	4.000000E-6	0.000000E+0	0.000000E+0	1.964247E-4	2.976042E-9	0.000000E+0	0.000000E+0	1.004022E+1	0.000000E+0	3.000000E+0
24-Apr-25	15:20:18	-0.000000E+0	9.184250E-1	-9.000000E-5	1.009000E-5	-8.000000E-7	3.483500E-4	4.500000E-6	0.000000E+0	0.000000E+0	1.964247E-4	2.976042E-9	0.000000E+0	0.000000E+0	1.004022E+1	0.000000E+0	3.000000E+0
24-Apr-25	15:20:18	-0.000000E+0	9.274300E-1	-9.000000E-5	9.980000E-6	-7.600000E-7	3.483000E-4	4.050000E-6	0.000000E+0	0.000000E+0	1.964247E-4	2.976042E-9	0.000000E+0	0.000000E+0	1.004022E+1	0.000000E+0	3.000000E+0
24-Apr-25	15:20:19	-0.000000E+0	9.375750E-1	-9.000000E-5	1.000500E-5	-8.000000E-7	3.487000E-4	4.200000E-6	0.000000E+0	0.000000E+0	1.964247E-4	2.976042E-9	0.000000E+0	0.000000E+0	1.004022E+1	0.000000E+0	3.000000E+0
24-Apr-25	15:20:19	-0.000000E+0	9.465700E-1	-9.000000E-5	1.000500E-5	-7.950000E-7	3.484500E-4	4.600000E-6	0.000000E+0	0.000000E+0	1.964247E-4	2.976042E-9	0.000000E+0	0.000000E+0	1.004022E+1	0.000000E+0	3.000000E+0
24-Apr-25	15:20:20	-0.000000E+0	9.546850E-1	-9.000000E-5	1.001500E-5	-8.350000E-7	3.486000E-4	3.950000E-6	0.000000E+0	0.000000E+0	1.964247E-4	2.976042E-9	0.000000E+0	0.000000E+0	1.004022E+1	0.000000E+0	3.000000E+0
24-Apr-25	15:20:20	-0.000000E+0	9.636900E-1	-9.000000E-5	1.003500E-5	-8.200000E-7	3.484000E-4	4.300000E-6	0.000000E+0	0.000000E+0	1.964247E-4	2.976042E-9	0.000000E+0	0.000000E+0	1.004022E+1	0.000000E+0	3.000000E+0
24-Apr-25	15:20:21	-0.000000E+0	9.717800E-1	-9.000000E-5	1.007500E-5	-7.850000E-7	3.488000E-4	4.200000E-6	0.000000E+0	0.000000E+0	1.964247E-4	2.976042E-9	0.000000E+0	0.000000E+0	1.004022E+1	0.000000E+0	3.000000E+0
24-Apr-25	15:20:21	-0.000000E+0	9.807600E-1	-9.000000E-5	9.995000E-6	-7.900000E-7	3.486000E-4	3.650000E-6	0.000000E+0	0.000000E+0	1.964247E-4	2.976042E-9	0.000000E+0	0.000000E+0	1.004022E+1	0.000000E+0	3.000000E+0
24-Apr-25	15:20:22	-0.000000E+0	9.897350E-1	-9.000000E-5	9.975000E-6	-7.850000E-7	3.489500E-4	4.050000E-6	0.000000E+0	0.000000E+0	1.964247E-4	2.976042E-9	0.000000E+0	0.000000E+0	1.004022E+1	0.000000E+0	3.000000E+0
24-Apr-25	15:20:22	-0.000000E+0	9.987300E-1	-9.000000E-5	1.000000E-5	-7.700000E-7	3.485500E-4	4.100000E-6	0.000000E+0	0.000000E+0	1.964247E-4	2.976042E-9	0.000000E+0	0.000000E+0	1.004022E+1	0.000000E+0	3.000000E+0
24-Apr-25	15:20:23	-0.000000E+0	1.007730E+0	-9.000000E-5	1.000000E-5	-8.550000E-7	3.485500E-4	4.350000E-6	0.000000E+0	0.000000E+0	1.964247E-4	2.976042E-9	0.000000E+0	0.000000E+0	1.004022E+1	0.000000E+0	3.000000E+0
24-Apr-25	15:20:23	-0.000000E+0	1.020285E+0	-9.000000E-5	9.990000E-6	-8.100000E-7	3.485000E-4	4.100000E-6	0.000000E+0	0.000000E+0	1.964247E-4	2.976042E-9	0.000000E+0	0.000000E+0	1.004022E+1	0.000000E+0	3.000000E+0
24-Apr-25	15:20:24	-0.000000E+0	1.030170E+0	-9.000000E-5	9.995000E-6	-8.350000E-7	3.487000E-4	4.100000E-6	0.000000E+0	0.000000E+0	1.964247E-4	2.976042E-9	0.000000E+0	0.000000E+0	1.004022E+1	0.000000E+0	3.000000E+0
24-Apr-25	15:20:24	-0.000000E+0	1.040345E+0	-9.000000E-5	9.955000E-6	-8.000000E-7	3.486500E-4	3.950000E-6	0.000000E+0	0.000000E+0	1.964247E-4	2.976042E-9	0.000000E+0	0.000000E+0	1.004022E+1	0.000000E+0	3.000000E+0
24-Apr-25	15:20:25	-0.000000E+0	1.049345E+0	-9.000000E-5	9.990000E-6	-8.350000E-7	3.492500E-4	3.300000E-6	0.000000E+0	0.000000E+0	1.964247E-4	2.976042E-9	0.000000E+0	0.000000E+0	1.004022E+1	0.000000E+0	3.000000E+0
24-Apr-25	15:20:25	-0.000000E+0	1.058340E+0	-9.000000E-5	1.000500E-5	-8.750000E-7	3.483500E-4	4.800000E-6	0.000000E+0	0.000000E+0	1.964247E-4	2.976042E-9	0.000000E+0	0.000000E+0	1.004022E+1	0.000000E+0	3.000000E+0
24-Apr-25	15:20:26	-0.000000E+0	1.067320E+0	-9.000000E-5	9.965000E-6	-8.100000E-7	3.486500E-4	4.150000E-6	0.000000E+0	0.000000E+0	1.964247E-4	2.976042E-9	0.000000E+0	0.000000E+0	1.004022E+1	0.000000E+0	3.000000E+0
24-Apr-25	15:20:26	-0.000000E+0	1.076290E+0	-9.000000E-5	9.915000E-6	-7.950000E-7	3.485500E-4	4.150000E-6	0.000000E+0	0.000000E+0	1.964247E-4	2.976042E-9	0.000000E+0	0.000000E+0	1.004022E+1	0.000000E+0	3.000000E+0
24-Apr-25	15:20:27	-0.000000E+0	1.084355E+0	-9.000000E-5	9.965000E-6	-7.900000E-7	3.486000E-4	4.100000E-6	0.000000E+0	0.000000E+0	1.964247E-4	2.976042E-9	0.000000E+0	0.000000E+0	1.004022E+1	0.000000E+0	3.000000E+0
24-Apr-25	15:20:28	-0.000000E+0	1.093400E+0	-9.000000E-5	9.975000E-6	-7.900000E-7	3.490000E-4	4.000000E-6	0.000000E+0	0.000000E+0	1.964247E-4	2.976042E-9	0.000000E+0	0.000000E+0	1.004022E+1	0.000000E+0	3.000000E+0
24-Apr-25	15:20:28	-0.000000E+0	1.106840E+0	-9.000000E-5	9.910000E-6	-8.200000E-7	3.483000E-4	3.950000E-6	0.000000E+0	0.000000E+0	1.964247E-4	2.976042E-9	0.000000E+0	0.000000E+0	1.004022E+1	0.000000E+0	3.000000E+0
24-Apr-25	15:20:29	-0.000000E+0	1.115825E+0	-9.000000E-5	9.970000E-6	-8.150000E-7	3.484000E-4	3.650000E-6	0.000000E+0	0.000000E+0	1.964247E-4	2.976042E-9	0.000000E+0	0.000000E+0	1.004022E+1	0.000000E+0	3.000000E+0
24-Apr-25	15:20:29	-0.000000E+0	1.124790E+0	-9.000000E-5	9.965000E-6	-8.350000E-7	3.490500E-4	4.000000E-6	0.000000E+0	0.000000E+0	1.964247E-4	2.976042E-9	0.000000E+0	0.000000E+0	1.004022E+1	0.000000E+0	3.000000E+0
24-Apr-25	15:20:30	-0.000000E+0	1.133775E+0	-9.000000E-5	9.950000E-6	-8.250000E-7	3.487000E-4	3.700000E-6	0.000000E+0	0.000000E+0	1.964247E-4	2.976042E-9	0.000000E+0	0.000000E+0	1.004022E+1	0.000000E+0	3.000000E+0
24-Apr-25	15:20:30	-0.000000E+0	1.142780E+0	-9.000000E-5	9.935000E-6	-8.200000E-7	3.487000E-4	4.500000E-6	0.000000E+0	0.000000E+0	1.964247E-4	2.976042E-9	0.000000E+0	0.000000E+0	1.004022E+1	0.000000E+0	3.000000E+0
24-Apr-25	15:20:31	-0.000000E+0	1.151790E+0	-9.000000E-5	9.925000E-6	-8.150000E-7	3.486500E-4	4.150000E-6	0.000000E+0	0.000000E+0	1.964247E-4	2.976042E-9	0.000000E+0	0.000000E+0	1.004022E+1	0.000000E+0	3.000000E+0
24-Apr-25	15:20:31	-0.000000E+0	1.164365E+0	-9.000000E-5	9.890000E-6	-7.950000E-7	3.487000E-4	3.300000E-6	0.000000E+0	0.000000E+0	1.964247E-4	2.976042E-9	0.000000E+0	0.000000E+0	1.004022E+1	0.000000E+0	3.000000E+0
24-Apr-25	15:20:32	-0.000000E+0	1.173365E+0	-9.000000E-5	9.885000E-6	-8.150000E-7	3.485500E-4	3.800000E-6	0.000000E+0	0.000000E+0	1.964247E-4	2.976042E-9	0.000000E+0	0.000000E+0	1.004022E+1	0.000000E+0	3.000000E+0
24-Apr-25	15:20:33	-0.000000E+0	1.187155E+0	-9.000000E-5	9.935000E-6	-7.850000E-7	3.490000E-4	4.000000E-6	0.000000E+0	0.000000E+0	1.964247E-4	2.976042E-9	0.000000E+0	0.000000E+0	1.004022E+1	0.000000E+0	3.000000E+0
24-Apr-25	15:20:33	-0.000000E+0	1.196160E+0	-9.000000E-5	9.840000E-6	-7.500000E-7	3.487000E-4	4.150000E-6	0.000000E+0	0.000000E+0	1.964247E-4	2.976042E-9	0.000000E+0	0.000000E+0	1.004022E+1	0.000000E+0	3.000000E+0
24-Apr-25	15:20:34	-0.000000E+0	1.204990E+0	-9.000000E-5	9.835000E-6	-7.250000E-7	3.487500E-4	4.100000E-6	0.000000E+0	0.000000E+0	1.964247E-4	2.976042E-9	0.000000E+0	0.000000E+0	1.004022E+1	0.000000E+0	3.000000E+0
24-Apr-25	15:20:34	-0.000000E+0	1.213795E+0	-9.000000E-5	9.830000E-6	-7.550000E-7	3.488500E-4	3.950000E-6	0.000000E+0	0.000000E+0	1.964247E-4	2.976042E-9	0.000000E+0	0.000000E+0	1.004022E+1	0.000000E+0	3.000000E+0
24-Apr-25	15:20:35	-0.000000E+0	1.222785E+0	-9.000000E-5	9.855000E-6	-8.400000E-7	3.492500E-4	3.650000E-6	0.000000E+0	0.000000E+0	1.964247E-4	2.976042E-9	0.000000E+0	0.000000E+0	1.004022E+1	0.000000E+0	3.000000E+0
24-Apr-25	15:20:35	-0.000000E+0	1.232970E+0	-9.000000E-5	9.895000E-6	-7.750000E-7	3.489500E-4	3.900000E-6	0.000000E+0	0.000000E+0	1.964247E-4	2.976042E-9	0.000000E+0	0.000000E+0	1.004022E+1	0.000000E+0	3.000000E+0
24-Apr-25	15:20:36	-0.000000E+0	1.241075E+0	-9.000000E-5	9.880000E-6	-8.250000E-7	3.493000E-4	3.900000E-6	0.000000E+0	0.000000E+0	1.964247E-4	2.976042E-9	0.000000E+0	0.000000E+0	1.004022E+1	0.000000E+0	3.000000E+0
24-Apr-25	15:20:36	-0.000000E+0	1.252765E+0	-9.000000E-5	9.920000E-6	-8.500000E-7	3.490000E-4	3.650000E-6	0.000000E+0	0.000000E+0	1.964247E-4	2.976042E-9	0.000000E+0	0.000000E+0	1.004022E+1	0.000000E+0	3.000000E+0
24-Apr-25	15:20:37	-0.000000E+0	1.262640E+0	-9.000000E-5	9.865000E-6	-8.000000E-7	3.489000E-4	4.400000E-6	0.000000E+0	0.000000E+0	1.964247E-4	2.976042E-9	0.000000E+0	0.000000E+0	1.004022E+1	0.000000E+0	3.000000E+0
24-Apr-25	15:20:37	-0.000000E+0	1.271395E+0	-9.000000E-5	9.875000E-6	-7.750000E-7	3.489000E-4	4.400000E-6	0.000000E+0	0.000000E+0	1.964247E-4	2.976042E-9	0.000000E+0	0.000000E+0	1.004022E+1	0.000000E+0	3.000000E+0
24-Apr-25	15:20:38	-0.000000E+0	1.280595E+0	-9.000000E-5	9.815000E-6	-8.150000E-7	3.491000E-4	4.000000E-6	0.000000E+0	0.000000E+0	1.964247E-4	2.976042E-9	0.000000E+0	0.000000E+0	1.004022E+1	0.000000E+0	3.000000E+0
24-Apr-25	15:20:38	-0.000000E+0	1.288705E+0	-9.000000E-5	9.860000E-6	-8.400000E-7	3.487500E-4	4.050000E-6	0.000000E+0	0.000000E+0	1.964247E-4	2.976042E-9	0.000000E+0	0.000000E+0	1.004022E+1	0.000000E+0	3.000000E+0
24-Apr-25	15:20:39	-0.000000E+0	1.297685E+0	-9.000000E-5	9.860000E-6	-8.500000E-7	3.486000E-4	4.200000E-6	0.000000E+0	0.000000E+0	1.964247E-4	2.976042E-9	0.000000E+0	0.000000E+0	1.004022E+1	0.000000E+0	3.000000E+0
24-Apr-25	15:20:39	-0.000000E+0	1.306635E+0	-9.000000E-5	9.840000E-6	-8.500000E-7	3.488000E-4	3.500000E-6	0.000000E+0	0.000000E+0	1.964247E-4	2.976042E-9	0.000000E+0	0.000000E+0	1.004022E+1	0.000000E+0	3.000000E+0
24-Apr-25	15:20:40	-0.000000E+0	1.316515E+0	-9.000000E-5	9.810000E-6	-8.250000E-7	3.490000E-4	4.400000E-6	0.000000E+0	0.000000E+0	1.964247E-4	2.976042E-9	0.000000E+0	0.000000E+0	1.004022E+1	0.000000E+0	3.000000E+0
24-Apr-25	15:20:40	-0.000000E+0	1.329115E+0	-9.000000E-5	9.765000E-6	-8.100000E-7	3.487000E-4	4.350000E-6	0.000000E+0	0.000000E+0	1.964247E-4	2.976042E-9	0.000000E+0	0.000000E+0	1.004022E+1	0.000000E+0	3.000000E+0
24-Apr-25	15:20:41	-0.000000E+0	1.340205E+0	-9.000000E-5	9.760000E-6	-8.250000E-7	3.492500E-4	4.350000E-6	0.000000E+0	0.000000E+0	1.964247E-4	2.976042E-9	0.000000E+0	0.000000E+0	1.004022E+1	0.000000E+0	3.000000E+0
24-Apr-25	15:20:42	-0.000000E+0	1.350110E+0	-9.000000E-5	9.700000E-6	-8.700000E-7	3.498500E-4	3.900000E-6	0.000000E+0	0.000000E+0	1.964247E-4	2.976042E-9	0.000000E+0	0.000000E+0	1.004022E+1	0.000000E+0	3.000000E+0
24-Apr-25	15:20:42	-0.000000E+0	1.359095E+0	-9.000000E-5	9.800000E-6	-7.750000E-7	3.492500E-4	3.850000E-6	0.000000E+0	0.000000E+0	1.964247E-4	2.976042E-9	0.000000E+0	0.000000E+0	1.004022E+1	0.000000E+0	3.000000E+0
24-Apr-25	15:20:43	-0.000000E+0	1.368070E+0	-9.000000E-5	9.810000E-6	-8.050000E-7	3.485500E-4	4.100000E-6	0.000000E+0	0.000000E+0	1.964247E-4	2.976042E-9	0.000000E+0	0.000000E+0	1.004022E+1	0.000000E+0	3.000000E+0
24-Apr-25	15:20:43	-0.000000E+0	1.377950E+0	-9.000000E-5	9.805000E-6	-7.550000E-7	3.493500E-4	3.950000E-6	0.000000E+0	0.000000E+0	1.964247E-4	2.976042E-9	0.000000E+0	0.000000E+0	1.004022E+1	0.000000E+0	3.000000E+0
24-Apr-25	15:20:44	-0.000000E+0	1.386970E+0	-9.000000E-5	9.835000E-6	-8.100000E-7	3.489000E-4	4.300000E-6	0.000000E+0	0.000000E+0	1.964247E-4	2.976042E-9	0.000000E+0	0.000000E+0	1.004022E+1	0.000000E+0	3.000000E+0
24-Apr-25	15:20:44	-0.000000E+0	1.395895E+0	-9.000000E-5	9.745000E-6	-8.150000E-7	3.494500E-4	4.150000E-6	0.000000E+0	0.000000E+0	1.964247E-4	2.976042E-9	0.000000E+0	0.000000E+0	1.004022E+1	0.000000E+0	3.000000E+0
24-Apr-25	15:20:45	-0.000000E+0	1.404910E+0	-9.000000E-5	9.675000E-6	-8.050000E-7	3.490000E-4	4.700000E-6	0.000000E+0	0.000000E+0	1.964247E-4	2.976042E-9	0.000000E+0	0.000000E+0	1.004022E+1	0.000000E+0	3.000000E+0
24-Apr-25	15:20:45	-0.000000E+0	1.413850E+0	-9.000000E-5	9.715000E-6	-8.400000E-7	3.492500E-4	3.950000E-6	0.000000E+0	0.000000E+0	1.964247E-4	2.976042E-9	0.000000E+0	0.000000E+0	1.004022E+1	0.000000E+0	3.000000E+0
24-Apr-25	15:20:46	-0.000000E+0	1.421965E+0	-9.000000E-5	9.745000E-6	-8.400000E-7	3.488500E-4	4.200000E-6	0.000000E+0	0.000000E+0	1.964247E-4	2.976042E-9	0.000000E+0	0.000000E+0	1.004022E+1	0.000000E+0	3.000000E+0
24-Apr-25	15:20:46	-0.000000E+0	1.430960E+0	-9.000000E-5	9.755000E-6	-7.800000E-7	3.485500E-4	3.450000E-6	0.000000E+0	0.000000E+0	1.964247E-4	2.976042E-9	0.000000E+0	0.000000E+0	1.004022E+1	0.000000E+0	3.000000E+0
24-Apr-25	15:20:47	-0.000000E+0	1.439965E+0	-9.000000E-5	9.770000E-6	-7.400000E-7	3.491500E-4	3.850000E-6	0.000000E+0	0.000000E+0	1.964247E-4	2.976042E-9	0.000000E+0	0.000000E+0	1.004022E+1	0.000000E+0	3.000000E+0
24-Apr-25	15:20:47	-0.000000E+0	1.448950E+0	-9.000000E-5	9.670000E-6	-7.700000E-7	3.493000E-4	4.250000E-6	0.000000E+0	0.000000E+0	1.964247E-4	2.976042E-9	0.000000E+0	0.000000E+0	1.004022E+1	0.000000E+0	3.000000E+0
24-Apr-25	15:20:48	-0.000000E+0	1.457920E+0	-9.000000E-5	9.705000E-6	-8.050000E-7	3.491000E-4	4.650000E-6	0.000000E+0	0.000000E+0	1.964247E-4	2.976042E-9	0.000000E+0	0.000000E+0	1.004022E+1	0.000000E+0	3.000000E+0
24-Apr-25	15:20:48	-0.000000E+0	1.466895E+0	-9.000000E-5	9.790000E-6	-7.550000E-7	3.489000E-4	3.600000E-6	0.000000E+0	0.000000E+0	1.964247E-4	2.976042E-9	0.000000E+0	0.000000E+0	1.004022E+1	0.000000E+0	3.000000E+0
24-Apr-25	15:20:49	-0.000000E+0	1.475895E+0	-9.000000E-5	9.745000E-6	-7.200000E-7	3.493500E-4	3.700000E-6	0.000000E+0	0.000000E+0	1.964247E-4	2.976042E-9	0.000000E+0	0.000000E+0	1.004022E+1	0.000000E+0	3.000000E+0
24-Apr-25	15:20:49	-0.000000E+0	1.484865E+0	-9.000000E-5	9.685000E-6	-8.000000E-7	3.491500E-4	3.800000E-6	0.000000E+0	0.000000E+0	1.964247E-4	2.976042E-9	0.000000E+0	0.000000E+0	1.004022E+1	0.000000E+0	3.000000E+0
24-Apr-25	15:20:50	-0.000000E+0	1.493840E+0	-9.000000E-5	9.675000E-6	-7.450000E-7	3.487000E-4	3.400000E-6	0.000000E+0	0.000000E+0	1.964247E-4	2.976042E-9	0.000000E+0	0.000000E+0	1.004022E+1	0.000000E+0	3.000000E+0
24-Apr-25	15:20:50	-0.000000E+0	1.501925E+0	-9.000000E-5	9.715000E-6	-7.350000E-7	3.492500E-4	3.950000E-6	0.000000E+0	0.000000E+0	1.964247E-4	2.976042E-9	0.000000E+0	0.000000E+0	1.004022E+1	0.000000E+0	3.000000E+0
24-Apr-25	15:20:51	-0.000000E+0	1.510825E+0	-9.000000E-5	9.735000E-6	-7.900000E-7	3.495000E-4	3.800000E-6	0.000000E+0	0.000000E+0	1.964247E-4	2.976042E-9	0.000000E+0	0.000000E+0	1.004022E+1	0.000000E+0	3.000000E+0
24-Apr-25	15:20:52	-0.000000E+0	1.524630E+0	-9.000000E-5	9.650000E-6	-7.850000E-7	3.488500E-4	4.300000E-6	0.000000E+0	0.000000E+0	1.964247E-4	2.976042E-9	0.000000E+0	0.000000E+0	1.004022E+1	0.000000E+0	3.000000E+0
24-Apr-25	15:20:52	-0.000000E+0	1.535405E+0	-9.000000E-5	9.620000E-6	-7.950000E-7	3.490500E-4	4.100000E-6	0.000000E+0	0.000000E+0	1.964247E-4	2.976042E-9	0.000000E+0	0.000000E+0	1.004022E+1	0.000000E+0	3.000000E+0
24-Apr-25	15:20:53	-0.000000E+0	1.544390E+0	-9.000000E-5	9.715000E-6	-8.850000E-7	3.488500E-4	3.650000E-6	0.000000E+0	0.000000E+0	1.964247E-4	2.976042E-9	0.000000E+0	0.000000E+0	1.004022E+1	0.000000E+0	3.000000E+0
24-Apr-25	15:20:53	-0.000000E+0	1.554285E+0	-9.000000E-5	9.640000E-6	-7.800000E-7	3.490500E-4	4.200000E-6	0.000000E+0	0.000000E+0	1.964247E-4	2.976042E-9	0.000000E+0	0.000000E+0	1.004022E+1	0.000000E+0	3.000000E+0
24-Apr-25	15:20:54	-0.000000E+0	1.567170E+0	-9.000000E-5	9.635000E-6	-7.350000E-7	3.499000E-4	4.000000E-6	0.000000E+0	0.000000E+0	1.964247E-4	2.976042E-9	0.000000E+0	0.000000E+0	1.004022E+1	0.000000E+0	3.000000E+0
24-Apr-25	15:20:54	-0.000000E+0	1.576180E+0	-9.000000E-5	9.625000E-6	-7.600000E-7	3.490500E-4	4.100000E-6	0.000000E+0	0.000000E+0	1.964247E-4	2.976042E-9	0.000000E+0	0.000000E+0	1.004022E+1	0.000000E+0	3.000000E+0
24-Apr-25	15:20:55	-0.000000E+0	1.585135E+0	-9.000000E-5	9.620000E-6	-8.350000E-7	3.501500E-4	4.650000E-6	0.000000E+0	0.000000E+0	1.964247E-4	2.976042E-9	0.000000E+0	0.000000E+0	1.004022E+1	0.000000E+0	3.000000E+0
24-Apr-25	15:20:55	-0.000000E+0	1.596830E+0	-9.000000E-5	9.545000E-6	-7.750000E-7	3.510500E-4	2.950000E-6	0.000000E+0	0.000000E+0	1.964247E-4	2.976042E-9	0.000000E+0	0.000000E+0	1.004022E+1	0.000000E+0	3.000000E+0
24-Apr-25	15:20:56	-0.000000E+0	1.605810E+0	-9.000000E-5	9.590000E-6	-8.000000E-7	3.487000E-4	3.750000E-6	0.000000E+0	0.000000E+0	1.964247E-4	2.976042E-9	0.000000E+0	0.000000E+0	1.004022E+1	0.000000E+0	3.000000E+0
24-Apr-25	15:20:56	-0.000000E+0	1.614820E+0	-9.000000E-5	9.580000E-6	-8.000000E-7	3.498500E-4	4.250000E-6	0.000000E+0	0.000000E+0	1.964247E-4	2.976042E-9	0.000000E+0	0.000000E+0	1.004022E+1	0.000000E+0	3.000000E+0
24-Apr-25	15:20:57	-0.000000E+0	1.623825E+0	-9.000000E-5	9.565000E-6	-8.250000E-7	3.502500E-4	4.350000E-6	0.000000E+0	0.000000E+0	1.964247E-4	2.976042E-9	0.000000E+0	0.000000E+0	1.004022E+1	0.000000E+0	3.000000E+0
24-Apr-25	15:20:57	-0.000000E+0	1.631870E+0	-9.000000E-5	9.560000E-6	-8.650000E-7	3.494000E-4	4.500000E-6	0.000000E+0	0.000000E+0	1.964247E-4	2.976042E-9	0.000000E+0	0.000000E+0	1.004022E+1	0.000000E+0	3.000000E+0
24-Apr-25	15:20:58	-0.000000E+0	1.640880E+0	-9.000000E-5	9.525000E-6	-8.000000E-7	3.491500E-4	4.200000E-6	0.000000E+0	0.000000E+0	1.964247E-4	2.976042E-9	0.000000E+0	0.000000E+0	1.004022E+1	0.000000E+0	3.000000E+0
24-Apr-25	15:20:58	-0.000000E+0	1.649850E+0	-9.000000E-5	9.500000E-6	-7.800000E-7	3.494000E-4	3.700000E-6	0.000000E+0	0.000000E+0	1.964247E-4	2.976042E-9	0.000000E+0	0.000000E+0	1.004022E+1	0.000000E+0	3.000000E+0
24-Apr-25	15:20:59	-0.000000E+0	1.657935E+0	-9.000000E-5	9.495000E-6	-7.500000E-7	3.491500E-4	3.950000E-6	0.000000E+0	0.000000E+0	1.964247E-4	2.976042E-9	0.000000E+0	0.000000E+0	1.004022E+1	0.000000E+0	3.000000E+0
24-Apr-25	15:20:59	-0.000000E+0	1.666940E+0	-9.000000E-5	9.535000E-6	-7.350000E-7	3.493000E-4	4.100000E-6	0.000000E+0	0.000000E+0	1.964247E-4	2.976042E-9	0.000000E+0	0.000000E+0	1.004022E+1	0.000000E+0	3.000000E+0
24-Apr-25	15:21:00	-0.000000E+0	1.675010E+0	-9.000000E-5	9.575000E-6	-7.350000E-7	3.490500E-4	4.000000E-6	0.000000E+0	0.000000E+0	1.964247E-4	2.976042E-9	0.000000E+0	0.000000E+0	1.004022E+1	0.000000E+0	3.000000E+0
24-Apr-25	15:21:00	-0.000000E+0	1.684000E+0	-9.000000E-5	9.520000E-6	-7.600000E-7	3.489500E-4	3.600000E-6	0.000000E+0	0.000000E+0	1.964247E-4	2.976042E-9	0.000000E+0	0.000000E+0	1.004022E+1	0.000000E+0	3.000000E+0
24-Apr-25	15:21:01	-0.000000E+0	1.694015E+0	-9.000000E-5	9.540000E-6	-8.400000E-7	3.494000E-4	4.100000E-6	0.000000E+0	0.000000E+0	1.964247E-4	2.976042E-9	0.000000E+0	0.000000E+0	1.004022E+1	0.000000E+0	3.000000E+0
24-Apr-25	15:21:01	-0.000000E+0	1.703005E+0	-9.000000E-5	9.505000E-6	-8.200000E-7	3.495000E-4	4.050000E-6	0.000000E+0	0.000000E+0	1.964247E-4	2.976042E-9	0.000000E+0	0.000000E+0	1.004022E+1	0.000000E+0	3.000000E+0
24-Apr-25	15:21:02	-0.000000E+0	1.713070E+0	-9.000000E-5	9.500000E-6	-8.050000E-7	3.497000E-4	4.450000E-6	0.000000E+0	0.000000E+0	1.964247E-4	2.976042E-9	0.000000E+0	0.000000E+0	1.004022E+1	0.000000E+0	3.000000E+0
24-Apr-25	15:21:02	-0.000000E+0	1.722050E+0	-9.000000E-5	9.515000E-6	-8.400000E-7	3.498500E-4	3.850000E-6	0.000000E+0	0.000000E+0	1.964247E-4	2.976042E-9	0.000000E+0	0.000000E+0	1.004022E+1	0.000000E+0	3.000000E+0
24-Apr-25	15:21:03	-0.000000E+0	1.731045E+0	-9.000000E-5	9.455000E-6	-8.050000E-7	3.495500E-4	4.050000E-6	0.000000E+0	0.000000E+0	1.964247E-4	2.976042E-9	0.000000E+0	0.000000E+0	1.004022E+1	0.000000E+0	3.000000E+0
24-Apr-25	15:21:04	-0.000000E+0	1.742700E+0	-9.000000E-5	9.385000E-6	-7.800000E-7	3.496000E-4	4.300000E-6	0.000000E+0	0.000000E+0	1.964247E-4	2.976042E-9	0.000000E+0	0.000000E+0	1.004022E+1	0.000000E+0	3.000000E+0
24-Apr-25	15:21:04	-0.000000E+0	1.752635E+0	-9.000000E-5	9.440000E-6	-8.000000E-7	3.497500E-4	3.500000E-6	0.000000E+0	0.000000E+0	1.964247E-4	2.976042E-9	0.000000E+0	0.000000E+0	1.004022E+1	0.000000E+0	3.000000E+0
24-Apr-25	15:21:05	-0.000000E+0	1.761605E+0	-9.000000E-5	9.485000E-6	-8.550000E-7	3.498500E-4	3.900000E-6	0.000000E+0	0.000000E+0	1.964247E-4	2.976042E-9	0.000000E+0	0.000000E+0	1.004022E+1	0.000000E+0	3.000000E+0
24-Apr-25	15:21:05	-0.000000E+0	1.772685E+0	-9.000000E-5	9.435000E-6	-8.150000E-7	3.494500E-4	4.250000E-6	0.000000E+0	0.000000E+0	1.964247E-4	2.976042E-9	0.000000E+0	0.000000E+0	1.004022E+1	0.000000E+0	3.000000E+0
24-Apr-25	15:21:06	-0.000000E+0	1.782555E+0	-9.000000E-5	9.400000E-6	-7.300000E-7	3.497000E-4	4.450000E-6	0.000000E+0	0.000000E+0	1.964247E-4	2.976042E-9	0.000000E+0	0.000000E+0	1.004022E+1	0.000000E+0	3.000000E+0
24-Apr-25	15:21:06	-0.000000E+0	1.791510E+0	-9.000000E-5	9.365000E-6	-7.500000E-7	3.501000E-4	3.750000E-6	0.000000E+0	0.000000E+0	1.964247E-4	2.976042E-9	0.000000E+0	0.000000E+0	1.004022E+1	0.000000E+0	3.000000E+0
24-Apr-25	15:21:07	-0.000000E+0	1.800545E+0	-9.000000E-5	9.320000E-6	-7.900000E-7	3.499000E-4	4.500000E-6	0.000000E+0	0.000000E+0	1.964247E-4	2.976042E-9	0.000000E+0	0.000000E+0	1.004022E+1	0.000000E+0	3.000000E+0
24-Apr-25	15:21:08	-0.000000E+0	1.814025E+0	-9.000000E-5	9.265000E-6	-7.550000E-7	3.492500E-4	3.800000E-6	0.000000E+0	0.000000E+0	1.964247E-4	2.976042E-9	0.000000E+0	0.000000E+0	1.004022E+1	0.000000E+0	3.000000E+0
24-Apr-25	15:21:08	-0.000000E+0	1.826000E+0	-9.000000E-5	9.295000E-6	-7.250000E-7	3.497000E-4	4.350000E-6	0.000000E+0	0.000000E+0	1.964247E-4	2.976042E-9	0.000000E+0	0.000000E+0	1.004022E+1	0.000000E+0	3.000000E+0
24-Apr-25	15:21:09	-0.000000E+0	1.833955E+0	-9.000000E-5	9.220000E-6	-7.750000E-7	3.494500E-4	4.100000E-6	0.000000E+0	0.000000E+0	1.964247E-4	2.976042E-9	0.000000E+0	0.000000E+0	1.004022E+1	0.000000E+0	3.000000E+0
24-Apr-25	15:21:09	-0.000000E+0	1.843055E+0	-9.000000E-5	9.230000E-6	-7.500000E-7	3.494500E-4	3.950000E-6	0.000000E+0	0.000000E+0	1.964247E-4	2.976042E-9	0.000000E+0	0.000000E+0	1.004022E+1	0.000000E+0	3.000000E+0
24-Apr-25	15:21:10	-0.000000E+0	1.851930E+0	-9.000000E-5	9.245000E-6	-8.100000E-7	3.499500E-4	3.950000E-6	0.000000E+0	0.000000E+0	1.964247E-4	2.976042E-9	0.000000E+0	0.000000E+0	1.004022E+1	0.000000E+0	3.000000E+0
24-Apr-25	15:21:10	-0.000000E+0	1.860770E+0	-9.000000E-5	9.270000E-6	-8.150000E-7	3.501000E-4	4.400000E-6	0.000000E+0	0.000000E+0	1.964247E-4	2.976042E-9	0.000000E+0	0.000000E+0	1.004022E+1	0.000000E+0	3.000000E+0
24-Apr-25	15:21:11	-0.000000E+0	1.869125E+0	-9.000000E-5	9.230000E-6	-8.300000E-7	3.499500E-4	3.950000E-6	0.000000E+0	0.000000E+0	1.964247E-4	2.976042E-9	0.000000E+0	0.000000E+0	1.004022E+1	0.000000E+0	3.000000E+0
24-Apr-25	15:21:11	-0.000000E+0	1.878120E+0	-9.000000E-5	9.215000E-6	-8.650000E-7	3.498500E-4	4.100000E-6	0.000000E+0	0.000000E+0	1.964247E-4	2.976042E-9	0.000000E+0	0.000000E+0	1.004022E+1	0.000000E+0	3.000000E+0
24-Apr-25	15:21:12	-0.000000E+0	1.886925E+0	-9.000000E-5	9.210000E-6	-8.200000E-7	3.491500E-4	3.550000E-6	0.000000E+0	0.000000E+0	1.964247E-4	2.976042E-9	0.000000E+0	0.000000E+0	1.004022E+1	0.000000E+0	3.000000E+0
24-Apr-25	15:21:12	-0.000000E+0	1.894885E+0	-9.000000E-5	9.195000E-6	-7.900000E-7	3.499000E-4	4.000000E-6	0.000000E+0	0.000000E+0	1.964247E-4	2.976042E-9	0.000000E+0	0.000000E+0	1.004022E+1	0.000000E+0	3.000000E+0
24-Apr-25	15:21:13	-0.000000E+0	1.904035E+0	-9.000000E-5	9.170000E-6	-7.950000E-7	3.501000E-4	3.950000E-6	0.000000E+0	0.000000E+0	1.964247E-4	2.976042E-9	0.000000E+0	0.000000E+0	1.004022E+1	0.000000E+0	3.000000E+0
24-Apr-25	15:21:13	-0.000000E+0	1.913040E+0	-9.000000E-5	9.140000E-6	-7.550000E-7	3.497000E-4	4.550000E-6	0.000000E+0	0.000000E+0	1.964247E-4	2.976042E-9	0.000000E+0	0.000000E+0	1.004022E+1	0.000000E+0	3.000000E+0
24-Apr-25	15:21:14	-0.000000E+0	1.922165E+0	-9.000000E-5	9.170000E-6	-8.050000E-7	3.503000E-4	4.050000E-6	0.000000E+0	0.000000E+0	1.964247E-4	2.976042E-9	0.000000E+0	0.000000E+0	1.004022E+1	0.000000E+0	3.000000E+0
24-Apr-25	15:21:14	-0.000000E+0	1.931160E+0	-9.000000E-5	9.110000E-6	-7.050000E-7	3.498000E-4	3.350000E-6	0.000000E+0	0.000000E+0	1.964247E-4	2.976042E-9	0.000000E+0	0.000000E+0	1.004022E+1	0.000000E+0	3.000000E+0
24-Apr-25	15:21:15	-0.000000E+0	1.940130E+0	-9.000000E-5	9.145000E-6	-7.550000E-7	3.499500E-4	4.100000E-6	0.000000E+0	0.000000E+0	1.964247E-4	2.976042E-9	0.000000E+0	0.000000E+0	1.004022E+1	0.000000E+0	3.000000E+0
24-Apr-25	15:21:15	-0.000000E+0	1.949015E+0	-9.000000E-5	9.105000E-6	-7.050000E-7	3.497000E-4	4.050000E-6	0.000000E+0	0.000000E+0	1.964247E-4	2.976042E-9	0.000000E+0	0.000000E+0	1.004022E+1	0.000000E+0	3.000000E+0
24-Apr-25	15:21:16	-0.000000E+0	1.958120E+0	-9.000000E-5	9.125000E-6	-6.800000E-7	3.497000E-4	3.750000E-6	0.000000E+0	0.000000E+0	1.964247E-4	2.976042E-9	0.000000E+0	0.000000E+0	1.004022E+1	0.000000E+0	3.000000E+0
24-Apr-25	15:21:16	-0.000000E+0	1.969810E+0	-9.000000E-5	9.120000E-6	-7.100000E-7	3.495500E-4	3.950000E-6	0.000000E+0	0.000000E+0	1.964247E-4	2.976042E-9	0.000000E+0	0.000000E+0	1.004022E+1	0.000000E+0	3.000000E+0
24-Apr-25	15:21:17	-0.000000E+0	1.978770E+0	-9.000000E-5	9.070000E-6	-7.450000E-7	3.501500E-4	3.950000E-6	0.000000E+0	0.000000E+0	1.964247E-4	2.976042E-9	0.000000E+0	0.000000E+0	1.004022E+1	0.000000E+0	3.000000E+0
24-Apr-25	15:21:17	-0.000000E+0	1.987760E+0	-9.000000E-5	9.015000E-6	-7.500000E-7	3.499000E-4	3.950000E-6	0.000000E+0	0.000000E+0	1.964247E-4	2.976042E-9	0.000000E+0	0.000000E+0	1.004022E+1	0.000000E+0	3.000000E+0
24-Apr-25	15:21:18	-0.000000E+0	1.996765E+0	-9.000000E-5	9.050000E-6	-7.900000E-7	3.499000E-4	4.200000E-6	0.000000E+0	0.000000E+0	1.964247E-4	2.976042E-9	0.000000E+0	0.000000E+0	1.004022E+1	0.000000E+0	3.000000E+0
24-Apr-25	15:21:18	-0.000000E+0	2.004860E+0	-9.000000E-5	9.095000E-6	-7.750000E-7	3.497000E-4	4.100000E-6	0.000000E+0	0.000000E+0	1.964247E-4	2.976042E-9	0.000000E+0	0.000000E+0	1.004022E+1	0.000000E+0	3.000000E+0
24-Apr-25	15:21:19	-0.000000E+0	2.013850E+0	-9.000000E-5	9.015000E-6	-7.750000E-7	3.503500E-4	4.400000E-6	0.000000E+0	0.000000E+0	1.964247E-4	2.976042E-9	0.000000E+0	0.000000E+0	1.004022E+1	0.000000E+0	3.000000E+0
24-Apr-25	15:21:19	-0.000000E+0	2.022815E+0	-9.000000E-5	8.950000E-6	-7.650000E-7	3.503000E-4	4.100000E-6	0.000000E+0	0.000000E+0	1.964247E-4	2.976042E-9	0.000000E+0	0.000000E+0	1.004022E+1	0.000000E+0	3.000000E+0
24-Apr-25	15:21:20	-0.000000E+0	2.033600E+0	-9.000000E-5	9.065000E-6	-7.850000E-7	3.506000E-4	3.850000E-6	0.000000E+0	0.000000E+0	1.964247E-4	2.976042E-9	0.000000E+0	0.000000E+0	1.004022E+1	0.000000E+0	3.000000E+0
24-Apr-25	15:21:20	-0.000000E+0	2.043830E+0	-9.000000E-5	9.045000E-6	-7.250000E-7	3.499000E-4	4.500000E-6	0.000000E+0	0.000000E+0	1.964247E-4	2.976042E-9	0.000000E+0	0.000000E+0	1.004022E+1	0.000000E+0	3.000000E+0
24-Apr-25	15:21:21	-0.000000E+0	2.053690E+0	-9.000000E-5	9.020000E-6	-6.850000E-7	3.500000E-4	4.250000E-6	0.000000E+0	0.000000E+0	1.964247E-4	2.976042E-9	0.000000E+0	0.000000E+0	1.004022E+1	0.000000E+0	3.000000E+0
24-Apr-25	15:21:21	-0.000000E+0	2.061745E+0	-9.000000E-5	8.920000E-6	-7.400000E-7	3.498500E-4	3.700000E-6	0.000000E+0	0.000000E+0	1.964247E-4	2.976042E-9	0.000000E+0	0.000000E+0	1.004022E+1	0.000000E+0	3.000000E+0
24-Apr-25	15:21:22	-0.000000E+0	2.075235E+0	-9.000000E-5	8.840000E-6	-7.200000E-7	3.501500E-4	4.300000E-6	0.000000E+0	0.000000E+0	1.964247E-4	2.976042E-9	0.000000E+0	0.000000E+0	1.004022E+1	0.000000E+0	3.000000E+0
24-Apr-25	15:21:23	-0.000000E+0	2.085130E+0	-9.000000E-5	8.930000E-6	-6.700000E-7	3.497000E-4	4.100000E-6	0.000000E+0	0.000000E+0	1.964247E-4	2.976042E-9	0.000000E+0	0.000000E+0	1.004022E+1	0.000000E+0	3.000000E+0
24-Apr-25	15:21:23	-0.000000E+0	2.094275E+0	-9.000000E-5	8.875000E-6	-7.500000E-7	3.502500E-4	3.950000E-6	0.000000E+0	0.000000E+0	1.964247E-4	2.976042E-9	0.000000E+0	0.000000E+0	1.004022E+1	0.000000E+0	3.000000E+0
24-Apr-25	15:21:24	-0.000000E+0	2.103395E+0	-9.000000E-5	8.965000E-6	-7.200000E-7	3.501500E-4	4.650000E-6	0.000000E+0	0.000000E+0	1.964247E-4	2.976042E-9	0.000000E+0	0.000000E+0	1.004022E+1	0.000000E+0	3.000000E+0
24-Apr-25	15:21:24	-0.000000E+0	2.114210E+0	-9.000000E-5	8.900000E-6	-7.450000E-7	3.501500E-4	3.700000E-6	0.000000E+0	0.000000E+0	1.964247E-4	2.976042E-9	0.000000E+0	0.000000E+0	1.004022E+1	0.000000E+0	3.000000E+0
24-Apr-25	15:21:25	-0.000000E+0	2.122255E+0	-9.000000E-5	8.885000E-6	-7.000000E-7	3.506500E-4	3.800000E-6	0.000000E+0	0.000000E+0	1.964247E-4	2.976042E-9	0.000000E+0	0.000000E+0	1.004022E+1	0.000000E+0	3.000000E+0
24-Apr-25	15:21:25	-0.000000E+0	2.131280E+0	-9.000000E-5	8.850000E-6	-8.100000E-7	3.498000E-4	3.600000E-6	0.000000E+0	0.000000E+0	1.964247E-4	2.976042E-9	0.000000E+0	0.000000E+0	1.004022E+1	0.000000E+0	3.000000E+0
24-Apr-25	15:21:26	-0.000000E+0	2.140255E+0	-9.000000E-5	8.820000E-6	-7.600000E-7	3.499500E-4	3.650000E-6	0.000000E+0	0.000000E+0	1.964247E-4	2.976042E-9	0.000000E+0	0.000000E+0	1.004022E+1	0.000000E+0	3.000000E+0
24-Apr-25	15:21:26	-0.000000E+0	2.150150E+0	-9.000000E-5	8.830000E-6	-6.950000E-7	3.501500E-4	4.200000E-6	0.000000E+0	0.000000E+0	1.964247E-4	2.976042E-9	0.000000E+0	0.000000E+0	1.004022E+1	0.000000E+0	3.000000E+0
24-Apr-25	15:21:27	-0.000000E+0	2.160015E+0	-9.000000E-5	8.840000E-6	-7.000000E-7	3.501500E-4	4.300000E-6	0.000000E+0	0.000000E+0	1.964247E-4	2.976042E-9	0.000000E+0	0.000000E+0	1.004022E+1	0.000000E+0	3.000000E+0
24-Apr-25	15:21:27	-0.000000E+0	2.170175E+0	-9.000000E-5	8.775000E-6	-6.800000E-7	3.502500E-4	4.050000E-6	0.000000E+0	0.000000E+0	1.964247E-4	2.976042E-9	0.000000E+0	0.000000E+0	1.004022E+1	0.000000E+0	3.000000E+0
24-Apr-25	15:21:28	-0.000000E+0	2.180105E+0	-9.000000E-5	8.765000E-6	-7.400000E-7	3.493500E-4	4.100000E-6	0.000000E+0	0.000000E+0	1.964247E-4	2.976042E-9	0.000000E+0	0.000000E+0	1.004022E+1	0.000000E+0	3.000000E+0
24-Apr-25	15:21:28	-0.000000E+0	2.189075E+0	-9.000000E-5	8.670000E-6	-6.450000E-7	3.505000E-4	3.750000E-6	0.000000E+0	0.000000E+0	1.964247E-4	2.976042E-9	0.000000E+0	0.000000E+0	1.004022E+1	0.000000E+0	3.000000E+0
24-Apr-25	15:21:29	-0.000000E+0	2.198085E+0	-9.000000E-5	8.640000E-6	-5.950000E-7	3.504000E-4	3.900000E-6	0.000000E+0	0.000000E+0	1.964247E-4	2.976042E-9	0.000000E+0	0.000000E+0	1.004022E+1	0.000000E+0	3.000000E+0
24-Apr-25	15:21:29	-0.000000E+0	2.207070E+0	-9.000000E-5	8.710000E-6	-7.500000E-7	3.504000E-4	3.850000E-6	0.000000E+0	0.000000E+0	1.964247E-4	2.976042E-9	0.000000E+0	0.000000E+0	1.004022E+1	0.000000E+0	3.000000E+0
24-Apr-25	15:21:30	-0.000000E+0	2.216920E+0	-9.000000E-5	8.630000E-6	-7.150000E-7	3.505000E-4	4.200000E-6	0.000000E+0	0.000000E+0	1.964247E-4	2.976042E-9	0.000000E+0	0.000000E+0	1.004022E+1	0.000000E+0	3.000000E+0
24-Apr-25	15:21:30	-0.000000E+0	2.225030E+0	-9.000000E-5	8.650000E-6	-6.400000E-7	3.497500E-4	4.250000E-6	0.000000E+0	0.000000E+0	1.964247E-4	2.976042E-9	0.000000E+0	0.000000E+0	1.004022E+1	0.000000E+0	3.000000E+0
24-Apr-25	15:21:31	-0.000000E+0	2.234005E+0	-9.000000E-5	8.610000E-6	-7.050000E-7	3.508500E-4	3.900000E-6	0.000000E+0	0.000000E+0	1.964247E-4	2.976042E-9	0.000000E+0	0.000000E+0	1.004022E+1	0.000000E+0	3.000000E+0
24-Apr-25	15:21:31	-0.000000E+0	2.242975E+0	-9.000000E-5	8.630000E-6	-7.200000E-7	3.507500E-4	4.250000E-6	0.000000E+0	0.000000E+0	1.964247E-4	2.976042E-9	0.000000E+0	0.000000E+0	1.004022E+1	0.000000E+0	3.000000E+0
24-Apr-25	15:21:32	-0.000000E+0	2.251955E+0	-9.000000E-5	8.545000E-6	-6.800000E-7	3.501000E-4	4.300000E-6	0.000000E+0	0.000000E+0	1.964247E-4	2.976042E-9	0.000000E+0	0.000000E+0	1.004022E+1	0.000000E+0	3.000000E+0
24-Apr-25	15:21:33	-0.000000E+0	2.260935E+0	-9.000000E-5	8.500000E-6	-7.350000E-7	3.506500E-4	4.200000E-6	0.000000E+0	0.000000E+0	1.964247E-4	2.976042E-9	0.000000E+0	0.000000E+0	1.004022E+1	0.000000E+0	3.000000E+0
24-Apr-25	15:21:33	-0.000000E+0	2.272935E+0	-9.000000E-5	8.560000E-6	-6.900000E-7	3.505500E-4	3.950000E-6	0.000000E+0	0.000000E+0	1.964247E-4	2.976042E-9	0.000000E+0	0.000000E+0	1.004022E+1	0.000000E+0	3.000000E+0
24-Apr-25	15:21:34	-0.000000E+0	2.281920E+0	-9.000000E-5	8.535000E-6	-7.300000E-7	3.508000E-4	4.500000E-6	0.000000E+0	0.000000E+0	1.964247E-4	2.976042E-9	0.000000E+0	0.000000E+0	1.004022E+1	0.000000E+0	3.000000E+0
24-Apr-25	15:21:34	-0.000000E+0	2.290920E+0	-9.000000E-5	8.510000E-6	-7.900000E-7	3.502000E-4	3.850000E-6	0.000000E+0	0.000000E+0	1.964247E-4	2.976042E-9	0.000000E+0	0.000000E+0	1.004022E+1	0.000000E+0	3.000000E+0
24-Apr-25	15:21:35	-0.000000E+0	2.299905E+0	-9.000000E-5	8.450000E-6	-7.400000E-7	3.502500E-4	4.050000E-6	0.000000E+0	0.000000E+0	1.964247E-4	2.976042E-9	0.000000E+0	0.000000E+0	1.004022E+1	0.000000E+0	3.000000E+0
24-Apr-25	15:21:35	-0.000000E+0	2.308880E+0	-9.000000E-5	8.540000E-6	-7.100000E-7	3.508500E-4	4.150000E-6	0.000000E+0	0.000000E+0	1.964247E-4	2.976042E-9	0.000000E+0	0.000000E+0	1.004022E+1	0.000000E+0	3.000000E+0
24-Apr-25	15:21:36	-0.000000E+0	2.317860E+0	-9.000000E-5	8.445000E-6	-6.750000E-7	3.511000E-4	3.900000E-6	0.000000E+0	0.000000E+0	1.964247E-4	2.976042E-9	0.000000E+0	0.000000E+0	1.004022E+1	0.000000E+0	3.000000E+0
24-Apr-25	15:21:36	-0.000000E+0	2.327800E+0	-9.000000E-5	8.395000E-6	-6.900000E-7	3.507500E-4	3.900000E-6	0.000000E+0	0.000000E+0	1.964247E-4	2.976042E-9	0.000000E+0	0.000000E+0	1.004022E+1	0.000000E+0	3.000000E+0
24-Apr-25	15:21:37	-0.000000E+0	2.336755E+0	-9.000000E-5	8.365000E-6	-6.650000E-7	3.511000E-4	4.000000E-6	0.000000E+0	0.000000E+0	1.964247E-4	2.976042E-9	0.000000E+0	0.000000E+0	1.004022E+1	0.000000E+0	3.000000E+0
24-Apr-25	15:21:37	-0.000000E+0	2.345755E+0	-9.000000E-5	8.380000E-6	-6.600000E-7	3.504500E-4	4.100000E-6	0.000000E+0	0.000000E+0	1.964247E-4	2.976042E-9	0.000000E+0	0.000000E+0	1.004022E+1	0.000000E+0	3.000000E+0
24-Apr-25	15:21:38	-0.000000E+0	2.358310E+0	-9.000000E-5	8.425000E-6	-6.400000E-7	3.506500E-4	3.500000E-6	0.000000E+0	0.000000E+0	1.964247E-4	2.976042E-9	0.000000E+0	0.000000E+0	1.004022E+1	0.000000E+0	3.000000E+0
24-Apr-25	15:21:38	-0.000000E+0	2.367315E+0	-9.000000E-5	8.405000E-6	-6.750000E-7	3.505000E-4	4.500000E-6	0.000000E+0	0.000000E+0	1.964247E-4	2.976042E-9	0.000000E+0	0.000000E+0	1.004022E+1	0.000000E+0	3.000000E+0
24-Apr-25	15:21:39	-0.000000E+0	2.376320E+0	-9.000000E-5	8.420000E-6	-6.600000E-7	3.510500E-4	4.350000E-6	0.000000E+0	0.000000E+0	1.964247E-4	2.976042E-9	0.000000E+0	0.000000E+0	1.004022E+1	0.000000E+0	3.000000E+0
24-Apr-25	15:21:40	-0.000000E+0	2.385285E+0	-9.000000E-5	8.380000E-6	-6.850000E-7	3.511000E-4	3.800000E-6	0.000000E+0	0.000000E+0	1.964247E-4	2.976042E-9	0.000000E+0	0.000000E+0	1.004022E+1	0.000000E+0	3.000000E+0
24-Apr-25	15:21:40	-0.000000E+0	2.397280E+0	-9.000000E-5	8.340000E-6	-6.900000E-7	3.510500E-4	4.350000E-6	0.000000E+0	0.000000E+0	1.964247E-4	2.976042E-9	0.000000E+0	0.000000E+0	1.004022E+1	0.000000E+0	3.000000E+0
24-Apr-25	15:21:41	-0.000000E+0	2.406260E+0	-9.000000E-5	8.305000E-6	-7.050000E-7	3.509500E-4	3.700000E-6	0.000000E+0	0.000000E+0	1.964247E-4	2.976042E-9	0.000000E+0	0.000000E+0	1.004022E+1	0.000000E+0	3.000000E+0
24-Apr-25	15:21:41	-0.000000E+0	2.415255E+0	-9.000000E-5	8.245000E-6	-7.000000E-7	3.517000E-4	4.100000E-6	0.000000E+0	0.000000E+0	1.964247E-4	2.976042E-9	0.000000E+0	0.000000E+0	1.004022E+1	0.000000E+0	3.000000E+0
24-Apr-25	15:21:42	-0.000000E+0	2.424245E+0	-9.000000E-5	8.220000E-6	-6.800000E-7	3.509000E-4	4.200000E-6	0.000000E+0	0.000000E+0	1.964247E-4	2.976042E-9	0.000000E+0	0.000000E+0	1.004022E+1	0.000000E+0	3.000000E+0
24-Apr-25	15:21:42	-0.000000E+0	2.434120E+0	-9.000000E-5	8.225000E-6	-6.750000E-7	3.512500E-4	3.950000E-6	0.000000E+0	0.000000E+0	1.964247E-4	2.976042E-9	0.000000E+0	0.000000E+0	1.004022E+1	0.000000E+0	3.000000E+0
24-Apr-25	15:21:43	-0.000000E+0	2.443115E+0	-9.000000E-5	8.240000E-6	-6.300000E-7	3.512000E-4	4.650000E-6	0.000000E+0	0.000000E+0	1.964247E-4	2.976042E-9	0.000000E+0	0.000000E+0	1.004022E+1	0.000000E+0	3.000000E+0
24-Apr-25	15:21:43	-0.000000E+0	2.452970E+0	-9.000000E-5	8.235000E-6	-6.850000E-7	3.510500E-4	4.500000E-6	0.000000E+0	0.000000E+0	1.964247E-4	2.976042E-9	0.000000E+0	0.000000E+0	1.004022E+1	0.000000E+0	3.000000E+0
24-Apr-25	15:21:44	-0.000000E+0	2.461970E+0	-9.000000E-5	8.145000E-6	-7.150000E-7	3.507500E-4	2.400000E-6	0.000000E+0	0.000000E+0	1.964247E-4	2.976042E-9	0.000000E+0	0.000000E+0	1.004022E+1	0.000000E+0	3.000000E+0
24-Apr-25	15:21:44	-0.000000E+0	2.470075E+0	-9.000000E-5	8.155000E-6	-6.600000E-7	3.512500E-4	3.950000E-6	0.000000E+0	0.000000E+0	1.964247E-4	2.976042E-9	0.000000E+0	0.000000E+0	1.004022E+1	0.000000E+0	3.000000E+0
24-Apr-25	15:21:45	-0.000000E+0	2.479050E+0	-9.000000E-5	8.150000E-6	-5.850000E-7	3.517500E-4	4.650000E-6	0.000000E+0	0.000000E+0	1.964247E-4	2.976042E-9	0.000000E+0	0.000000E+0	1.004022E+1	0.000000E+0	3.000000E+0
24-Apr-25	15:21:45	-0.000000E+0	2.488935E+0	-9.000000E-5	8.125000E-6	-6.600000E-7	3.508500E-4	3.650000E-6	0.000000E+0	0.000000E+0	1.964247E-4	2.976042E-9	0.000000E+0	0.000000E+0	1.004022E+1	0.000000E+0	3.000000E+0
24-Apr-25	15:21:46	-0.000000E+0	2.497015E+0	-9.000000E-5	8.115000E-6	-6.800000E-7	3.508500E-4	3.850000E-6	0.000000E+0	0.000000E+0	1.964247E-4	2.976042E-9	0.000000E+0	0.000000E+0	1.004022E+1	0.000000E+0	3.000000E+0
24-Apr-25	15:21:46	-0.000000E+0	2.506000E+0	-9.000000E-5	8.105000E-6	-6.700000E-7	3.511500E-4	4.350000E-6	0.000000E+0	0.000000E+0	1.964247E-4	2.976042E-9	0.000000E+0	0.000000E+0	1.004022E+1	0.000000E+0	3.000000E+0
24-Apr-25	15:21:47	-0.000000E+0	2.514115E+0	-9.000000E-5	8.065000E-6	-6.450000E-7	3.504000E-4	2.550000E-6	0.000000E+0	0.000000E+0	1.964247E-4	2.976042E-9	0.000000E+0	0.000000E+0	1.004022E+1	0.000000E+0	3.000000E+0
24-Apr-25	15:21:47	-0.000000E+0	2.523090E+0	-9.000000E-5	8.030000E-6	-5.600000E-7	3.509000E-4	3.950000E-6	0.000000E+0	0.000000E+0	1.964247E-4	2.976042E-9	0.000000E+0	0.000000E+0	1.004022E+1	0.000000E+0	3.000000E+0
24-Apr-25	15:21:48	-0.000000E+0	2.532060E+0	-9.000000E-5	8.060000E-6	-6.250000E-7	3.515500E-4	4.350000E-6	0.000000E+0	0.000000E+0	1.964247E-4	2.976042E-9	0.000000E+0	0.000000E+0	1.004022E+1	0.000000E+0	3.000000E+0
24-Apr-25	15:21:48	-0.000000E+0	2.540175E+0	-9.000000E-5	8.015000E-6	-6.000000E-7	3.515000E-4	4.500000E-6	0.000000E+0	0.000000E+0	1.964247E-4	2.976042E-9	0.000000E+0	0.000000E+0	1.004022E+1	0.000000E+0	3.000000E+0
24-Apr-25	15:21:49	-0.000000E+0	2.549125E+0	-9.000000E-5	7.955000E-6	-6.700000E-7	3.517000E-4	4.350000E-6	0.000000E+0	0.000000E+0	1.964247E-4	2.976042E-9	0.000000E+0	0.000000E+0	1.004022E+1	0.000000E+0	3.000000E+0
24-Apr-25	15:21:49	-0.000000E+0	2.562040E+0	-9.000000E-5	8.005000E-6	-6.150000E-7	3.515500E-4	4.250000E-6	0.000000E+0	0.000000E+0	1.964247E-4	2.976042E-9	0.000000E+0	0.000000E+0	1.004022E+1	0.000000E+0	3.000000E+0
24-Apr-25	15:21:50	-0.000000E+0	2.574625E+0	-9.000000E-5	7.950000E-6	-6.950000E-7	3.509000E-4	3.800000E-6	0.000000E+0	0.000000E+0	1.964247E-4	2.976042E-9	0.000000E+0	0.000000E+0	1.004022E+1	0.000000E+0	3.000000E+0
24-Apr-25	15:21:50	-0.000000E+0	2.583580E+0	-9.000000E-5	7.985000E-6	-6.800000E-7	3.516000E-4	3.950000E-6	0.000000E+0	0.000000E+0	1.964247E-4	2.976042E-9	0.000000E+0	0.000000E+0	1.004022E+1	0.000000E+0	3.000000E+0
24-Apr-25	15:21:51	-0.000000E+0	2.592595E+0	-9.000000E-5	7.940000E-6	-6.750000E-7	3.509500E-4	4.800000E-6	0.000000E+0	0.000000E+0	1.964247E-4	2.976042E-9	0.000000E+0	0.000000E+0	1.004022E+1	0.000000E+0	3.000000E+0
24-Apr-25	15:21:51	-0.000000E+0	2.600675E+0	-9.000000E-5	7.875000E-6	-6.850000E-7	3.517000E-4	3.500000E-6	0.000000E+0	0.000000E+0	1.964247E-4	2.976042E-9	0.000000E+0	0.000000E+0	1.004022E+1	0.000000E+0	3.000000E+0
24-Apr-25	15:21:52	-0.000000E+0	2.609680E+0	-9.000000E-5	7.960000E-6	-6.300000E-7	3.515000E-4	4.350000E-6	0.000000E+0	0.000000E+0	1.964247E-4	2.976042E-9	0.000000E+0	0.000000E+0	1.004022E+1	0.000000E+0	3.000000E+0
24-Apr-25	15:21:52	-0.000000E+0	2.618630E+0	-9.000000E-5	7.925000E-6	-6.050000E-7	3.514000E-4	3.800000E-6	0.000000E+0	0.000000E+0	1.964247E-4	2.976042E-9	0.000000E+0	0.000000E+0	1.004022E+1	0.000000E+0	3.000000E+0
24-Apr-25	15:21:53	-0.000000E+0	2.626725E+0	-9.000000E-5	7.865000E-6	-5.900000E-7	3.514000E-4	4.300000E-6	0.000000E+0	0.000000E+0	1.964247E-4	2.976042E-9	0.000000E+0	0.000000E+0	1.004022E+1	0.000000E+0	3.000000E+0
24-Apr-25	15:21:53	-0.000000E+0	2.635705E+0	-9.000000E-5	7.855000E-6	-5.800000E-7	3.517000E-4	3.950000E-6	0.000000E+0	0.000000E+0	1.964247E-4	2.976042E-9	0.000000E+0	0.000000E+0	1.004022E+1	0.000000E+0	3.000000E+0
24-Apr-25	15:21:54	-0.000000E+0	2.648575E+0	-9.000000E-5	7.915000E-6	-6.950000E-7	3.509000E-4	3.950000E-6	0.000000E+0	0.000000E+0	1.964247E-4	2.976042E-9	0.000000E+0	0.000000E+0	1.004022E+1	0.000000E+0	3.000000E+0
24-Apr-25	15:21:54	-0.000000E+0	2.656680E+0	-9.000000E-5	7.875000E-6	-7.050000E-7	3.522500E-4	3.500000E-6	0.000000E+0	0.000000E+0	1.964247E-4	2.976042E-9	0.000000E+0	0.000000E+0	1.004022E+1	0.000000E+0	3.000000E+0
24-Apr-25	15:21:55	-0.000000E+0	2.664770E+0	-9.000000E-5	7.760000E-6	-6.700000E-7	3.516500E-4	3.900000E-6	0.000000E+0	0.000000E+0	1.964247E-4	2.976042E-9	0.000000E+0	0.000000E+0	1.004022E+1	0.000000E+0	3.000000E+0
24-Apr-25	15:21:55	-0.000000E+0	2.673740E+0	-9.000000E-5	7.655000E-6	-6.800000E-7	3.511500E-4	3.800000E-6	0.000000E+0	0.000000E+0	1.964247E-4	2.976042E-9	0.000000E+0	0.000000E+0	1.004022E+1	0.000000E+0	3.000000E+0
24-Apr-25	15:21:56	-0.000000E+0	2.682680E+0	-9.000000E-5	7.725000E-6	-6.500000E-7	3.515500E-4	3.950000E-6	0.000000E+0	0.000000E+0	1.964247E-4	2.976042E-9	0.000000E+0	0.000000E+0	1.004022E+1	0.000000E+0	3.000000E+0
24-Apr-25	15:21:56	-0.000000E+0	2.692790E+0	-9.000000E-5	7.770000E-6	-6.900000E-7	3.516000E-4	3.600000E-6	0.000000E+0	0.000000E+0	1.964247E-4	2.976042E-9	0.000000E+0	0.000000E+0	1.004022E+1	0.000000E+0	3.000000E+0
24-Apr-25	15:21:57	-0.000000E+0	2.701680E+0	-9.000000E-5	7.725000E-6	-6.300000E-7	3.517500E-4	3.850000E-6	0.000000E+0	0.000000E+0	1.964247E-4	2.976042E-9	0.000000E+0	0.000000E+0	1.004022E+1	0.000000E+0	3.000000E+0
24-Apr-25	15:21:58	-0.000000E+0	2.714975E+0	-9.000000E-5	7.690000E-6	-6.450000E-7	3.515500E-4	4.950000E-6	0.000000E+0	0.000000E+0	1.964247E-4	2.976042E-9	0.000000E+0	0.000000E+0	1.004022E+1	0.000000E+0	3.000000E+0
24-Apr-25	15:21:58	-0.000000E+0	2.723805E+0	-9.000000E-5	7.700000E-6	-6.250000E-7	3.520000E-4	4.000000E-6	0.000000E+0	0.000000E+0	1.964247E-4	2.976042E-9	0.000000E+0	0.000000E+0	1.004022E+1	0.000000E+0	3.000000E+0
24-Apr-25	15:21:59	-0.000000E+0	2.733495E+0	-9.000000E-5	7.625000E-6	-6.800000E-7	3.521500E-4	4.100000E-6	0.000000E+0	0.000000E+0	1.964247E-4	2.976042E-9	0.000000E+0	0.000000E+0	1.004022E+1	0.000000E+0	3.000000E+0
24-Apr-25	15:21:59	-0.000000E+0	2.741400E+0	-9.000000E-5	7.635000E-6	-7.050000E-7	3.522500E-4	3.950000E-6	0.000000E+0	0.000000E+0	1.964247E-4	2.976042E-9	0.000000E+0	0.000000E+0	1.004022E+1	0.000000E+0	3.000000E+0
24-Apr-25	15:22:00	-0.000000E+0	2.750150E+0	-9.000000E-5	7.615000E-6	-6.750000E-7	3.520000E-4	4.500000E-6	0.000000E+0	0.000000E+0	1.964247E-4	2.976042E-9	0.000000E+0	0.000000E+0	1.004022E+1	0.000000E+0	3.000000E+0
24-Apr-25	15:22:00	-0.000000E+0	2.758015E+0	-9.000000E-5	7.630000E-6	-6.200000E-7	3.518000E-4	3.950000E-6	0.000000E+0	0.000000E+0	1.964247E-4	2.976042E-9	0.000000E+0	0.000000E+0	1.004022E+1	0.000000E+0	3.000000E+0
24-Apr-25	15:22:01	-0.000000E+0	2.767590E+0	-9.000000E-5	7.575000E-6	-5.450000E-7	3.523500E-4	4.150000E-6	0.000000E+0	0.000000E+0	1.964247E-4	2.976042E-9	0.000000E+0	0.000000E+0	1.004022E+1	0.000000E+0	3.000000E+0
24-Apr-25	15:22:01	-0.000000E+0	2.776410E+0	-9.000000E-5	7.655000E-6	-5.550000E-7	3.520500E-4	4.150000E-6	0.000000E+0	0.000000E+0	1.964247E-4	2.976042E-9	0.000000E+0	0.000000E+0	1.004022E+1	0.000000E+0	3.000000E+0
24-Apr-25	15:22:02	-0.000000E+0	2.785205E+0	-9.000000E-5	7.565000E-6	-5.850000E-7	3.524000E-4	4.500000E-6	0.000000E+0	0.000000E+0	1.964247E-4	2.976042E-9	0.000000E+0	0.000000E+0	1.004022E+1	0.000000E+0	3.000000E+0
24-Apr-25	15:22:02	-0.000000E+0	2.792985E+0	-9.000000E-5	7.565000E-6	-5.800000E-7	3.518500E-4	4.200000E-6	0.000000E+0	0.000000E+0	1.964247E-4	2.976042E-9	0.000000E+0	0.000000E+0	1.004022E+1	0.000000E+0	3.000000E+0
24-Apr-25	15:22:03	-0.000000E+0	2.801595E+0	-9.000000E-5	7.540000E-6	-6.100000E-7	3.523000E-4	4.350000E-6	0.000000E+0	0.000000E+0	1.964247E-4	2.976042E-9	0.000000E+0	0.000000E+0	1.004022E+1	0.000000E+0	3.000000E+0
24-Apr-25	15:22:03	-0.000000E+0	2.809310E+0	-9.000000E-5	7.515000E-6	-6.150000E-7	3.521000E-4	4.150000E-6	0.000000E+0	0.000000E+0	1.964247E-4	2.976042E-9	0.000000E+0	0.000000E+0	1.004022E+1	0.000000E+0	3.000000E+0
24-Apr-25	15:22:04	-0.000000E+0	2.819585E+0	-9.000000E-5	7.480000E-6	-5.850000E-7	3.521000E-4	4.700000E-6	0.000000E+0	0.000000E+0	1.964247E-4	2.976042E-9	0.000000E+0	0.000000E+0	1.004022E+1	0.000000E+0	3.000000E+0
24-Apr-25	15:22:04	-0.000000E+0	2.831530E+0	-9.000000E-5	7.430000E-6	-6.000000E-7	3.519000E-4	4.100000E-6	0.000000E+0	0.000000E+0	1.964247E-4	2.976042E-9	0.000000E+0	0.000000E+0	1.004022E+1	0.000000E+0	3.000000E+0
24-Apr-25	15:22:05	-0.000000E+0	2.840020E+0	-9.000000E-5	7.440000E-6	-6.400000E-7	3.519500E-4	4.100000E-6	0.000000E+0	0.000000E+0	1.964247E-4	2.976042E-9	0.000000E+0	0.000000E+0	1.004022E+1	0.000000E+0	3.000000E+0
24-Apr-25	15:22:06	-0.000000E+0	2.851320E+0	-9.000000E-5	7.360000E-6	-6.150000E-7	3.521000E-4	4.100000E-6	0.000000E+0	0.000000E+0	1.964247E-4	2.976042E-9	0.000000E+0	0.000000E+0	1.004022E+1	0.000000E+0	3.000000E+0
24-Apr-25	15:22:06	-0.000000E+0	2.859760E+0	-9.000000E-5	7.375000E-6	-6.000000E-7	3.521500E-4	3.950000E-6	0.000000E+0	0.000000E+0	1.964247E-4	2.976042E-9	0.000000E+0	0.000000E+0	1.004022E+1	0.000000E+0	3.000000E+0
24-Apr-25	15:22:07	-0.000000E+0	2.869020E+0	-9.000000E-5	7.385000E-6	-6.250000E-7	3.522000E-4	3.500000E-6	0.000000E+0	0.000000E+0	1.964247E-4	2.976042E-9	0.000000E+0	0.000000E+0	1.004022E+1	0.000000E+0	3.000000E+0
24-Apr-25	15:22:07	-0.000000E+0	2.878240E+0	-9.000000E-5	7.300000E-6	-5.600000E-7	3.522500E-4	4.200000E-6	0.000000E+0	0.000000E+0	1.964247E-4	2.976042E-9	0.000000E+0	0.000000E+0	1.004022E+1	0.000000E+0	3.000000E+0
24-Apr-25	15:22:08	-0.000000E+0	2.886750E+0	-9.000000E-5	7.325000E-6	-6.450000E-7	3.521000E-4	4.200000E-6	0.000000E+0	0.000000E+0	1.964247E-4	2.976042E-9	0.000000E+0	0.000000E+0	1.004022E+1	0.000000E+0	3.000000E+0
24-Apr-25	15:22:08	-0.000000E+0	2.896055E+0	-9.000000E-5	7.360000E-6	-6.450000E-7	3.523000E-4	3.750000E-6	0.000000E+0	0.000000E+0	1.964247E-4	2.976042E-9	0.000000E+0	0.000000E+0	1.004022E+1	0.000000E+0	3.000000E+0
24-Apr-25	15:22:09	-0.000000E+0	2.904360E+0	-9.000000E-5	7.295000E-6	-6.600000E-7	3.524000E-4	4.150000E-6	0.000000E+0	0.000000E+0	1.964247E-4	2.976042E-9	0.000000E+0	0.000000E+0	1.004022E+1	0.000000E+0	3.000000E+0
24-Apr-25	15:22:09	-0.000000E+0	2.914315E+0	-9.000000E-5	7.310000E-6	-6.100000E-7	3.525500E-4	4.300000E-6	0.000000E+0	0.000000E+0	1.964247E-4	2.976042E-9	0.000000E+0	0.000000E+0	1.004022E+1	0.000000E+0	3.000000E+0
24-Apr-25	15:22:10	-0.000000E+0	2.922585E+0	-9.000000E-5	7.205000E-6	-5.400000E-7	3.523500E-4	3.950000E-6	0.000000E+0	0.000000E+0	1.964247E-4	2.976042E-9	0.000000E+0	0.000000E+0	1.004022E+1	0.000000E+0	3.000000E+0
24-Apr-25	15:22:10	-0.000000E+0	2.931640E+0	-9.000000E-5	7.195000E-6	-5.800000E-7	3.522500E-4	4.100000E-6	0.000000E+0	0.000000E+0	1.964247E-4	2.976042E-9	0.000000E+0	0.000000E+0	1.004022E+1	0.000000E+0	3.000000E+0
24-Apr-25	15:22:11	-0.000000E+0	2.939845E+0	-9.000000E-5	7.200000E-6	-6.600000E-7	3.522500E-4	4.350000E-6	0.000000E+0	0.000000E+0	1.964247E-4	2.976042E-9	0.000000E+0	0.000000E+0	1.004022E+1	0.000000E+0	3.000000E+0
24-Apr-25	15:22:11	-0.000000E+0	2.947215E+0	-9.000000E-5	7.310000E-6	-6.150000E-7	3.525500E-4	4.250000E-6	0.000000E+0	0.000000E+0	1.964247E-4	2.976042E-9	0.000000E+0	0.000000E+0	1.004022E+1	0.000000E+0	3.000000E+0
24-Apr-25	15:22:12	-0.000000E+0	2.955380E+0	-9.000000E-5	7.190000E-6	-5.450000E-7	3.525000E-4	4.200000E-6	0.000000E+0	0.000000E+0	1.964247E-4	2.976042E-9	0.000000E+0	0.000000E+0	1.004022E+1	0.000000E+0	3.000000E+0
24-Apr-25	15:22:12	-0.000000E+0	2.964335E+0	-9.000000E-5	7.260000E-6	-6.150000E-7	3.518000E-4	4.250000E-6	0.000000E+0	0.000000E+0	1.964247E-4	2.976042E-9	0.000000E+0	0.000000E+0	1.004022E+1	0.000000E+0	3.000000E+0
24-Apr-25	15:22:13	-0.000000E+0	2.972445E+0	-9.000000E-5	7.195000E-6	-5.800000E-7	3.523000E-4	3.500000E-6	0.000000E+0	0.000000E+0	1.964247E-4	2.976042E-9	0.000000E+0	0.000000E+0	1.004022E+1	0.000000E+0	3.000000E+0
24-Apr-25	15:22:14	-0.000000E+0	2.980545E+0	-9.000000E-5	7.220000E-6	-5.300000E-7	3.529000E-4	4.150000E-6	0.000000E+0	0.000000E+0	1.964247E-4	2.976042E-9	0.000000E+0	0.000000E+0	1.004022E+1	0.000000E+0	3.000000E+0
24-Apr-25	15:22:14	-0.000000E+0	2.991965E+0	-9.000000E-5	7.100000E-6	-5.900000E-7	3.526500E-4	4.300000E-6	0.000000E+0	0.000000E+0	1.964247E-4	2.976042E-9	0.000000E+0	0.000000E+0	1.004022E+1	0.000000E+0	3.000000E+0
24-Apr-25	15:22:15	-0.000000E+0	3.001760E+0	-9.000000E-5	7.145000E-6	-6.650000E-7	3.523500E-4	4.100000E-6	0.000000E+0	0.000000E+0	1.964247E-4	2.976042E-9	0.000000E+0	0.000000E+0	1.004022E+1	0.000000E+0	3.000000E+0
24-Apr-25	15:22:15	-0.000000E+0	3.008975E+0	-9.000000E-5	7.100000E-6	-6.100000E-7	3.528000E-4	3.800000E-6	0.000000E+0	0.000000E+0	1.964247E-4	2.976042E-9	0.000000E+0	0.000000E+0	1.004022E+1	0.000000E+0	3.000000E+0
24-Apr-25	15:22:16	-0.000000E+0	3.019345E+0	-9.000000E-5	7.030000E-6	-5.600000E-7	3.525500E-4	4.350000E-6	0.000000E+0	0.000000E+0	1.964247E-4	2.976042E-9	0.000000E+0	0.000000E+0	1.004022E+1	0.000000E+0	3.000000E+0
24-Apr-25	15:22:16	-0.000000E+0	3.027300E+0	-9.000000E-5	7.090000E-6	-5.600000E-7	3.528500E-4	4.250000E-6	0.000000E+0	0.000000E+0	1.964247E-4	2.976042E-9	0.000000E+0	0.000000E+0	1.004022E+1	0.000000E+0	3.000000E+0
24-Apr-25	15:22:17	-0.000000E+0	3.034460E+0	-9.000000E-5	7.045000E-6	-5.450000E-7	3.530000E-4	4.300000E-6	0.000000E+0	0.000000E+0	1.964247E-4	2.976042E-9	0.000000E+0	0.000000E+0	1.004022E+1	0.000000E+0	3.000000E+0
24-Apr-25	15:22:17	-0.000000E+0	3.043165E+0	-9.000000E-5	7.015000E-6	-5.050000E-7	3.524000E-4	3.650000E-6	0.000000E+0	0.000000E+0	1.964247E-4	2.976042E-9	0.000000E+0	0.000000E+0	1.004022E+1	0.000000E+0	3.000000E+0
24-Apr-25	15:22:18	-0.000000E+0	3.050265E+0	-9.000000E-5	7.000000E-6	-5.750000E-7	3.525500E-4	3.900000E-6	0.000000E+0	0.000000E+0	1.964247E-4	2.976042E-9	0.000000E+0	0.000000E+0	1.004022E+1	0.000000E+0	3.000000E+0
24-Apr-25	15:22:18	-0.000000E+0	3.058135E+0	-9.000000E-5	7.045000E-6	-5.800000E-7	3.526500E-4	4.100000E-6	0.000000E+0	0.000000E+0	1.964247E-4	2.976042E-9	0.000000E+0	0.000000E+0	1.004022E+1	0.000000E+0	3.000000E+0
24-Apr-25	15:22:19	-0.000000E+0	3.065990E+0	-9.000000E-5	7.050000E-6	-5.200000E-7	3.524500E-4	4.650000E-6	0.000000E+0	0.000000E+0	1.964247E-4	2.976042E-9	0.000000E+0	0.000000E+0	1.004022E+1	0.000000E+0	3.000000E+0
24-Apr-25	15:22:19	-0.000000E+0	3.073805E+0	-9.000000E-5	6.930000E-6	-5.150000E-7	3.536000E-4	4.100000E-6	0.000000E+0	0.000000E+0	1.964247E-4	2.976042E-9	0.000000E+0	0.000000E+0	1.004022E+1	0.000000E+0	3.000000E+0
24-Apr-25	15:22:20	-0.000000E+0	3.081600E+0	-9.000000E-5	7.065000E-6	-5.900000E-7	3.528500E-4	3.750000E-6	0.000000E+0	0.000000E+0	1.964247E-4	2.976042E-9	0.000000E+0	0.000000E+0	1.004022E+1	0.000000E+0	3.000000E+0
24-Apr-25	15:22:21	-0.000000E+0	3.089395E+0	-9.000000E-5	7.050000E-6	-5.550000E-7	3.528000E-4	4.100000E-6	0.000000E+0	0.000000E+0	1.964247E-4	2.976042E-9	0.000000E+0	0.000000E+0	1.004022E+1	0.000000E+0	3.000000E+0
24-Apr-25	15:22:21	-0.000000E+0	3.100525E+0	-9.000000E-5	6.965000E-6	-5.300000E-7	3.536500E-4	4.400000E-6	0.000000E+0	0.000000E+0	1.964247E-4	2.976042E-9	0.000000E+0	0.000000E+0	1.004022E+1	0.000000E+0	3.000000E+0
24-Apr-25	15:22:22	-0.000000E+0	3.107480E+0	-9.000000E-5	6.975000E-6	-6.550000E-7	3.529500E-4	3.450000E-6	0.000000E+0	0.000000E+0	1.964247E-4	2.976042E-9	0.000000E+0	0.000000E+0	1.004022E+1	0.000000E+0	3.000000E+0
24-Apr-25	15:22:22	-0.000000E+0	3.115195E+0	-9.000000E-5	6.885000E-6	-6.200000E-7	3.531000E-4	3.800000E-6	0.000000E+0	0.000000E+0	1.964247E-4	2.976042E-9	0.000000E+0	0.000000E+0	1.004022E+1	0.000000E+0	3.000000E+0
24-Apr-25	15:22:23	-0.000000E+0	3.123645E+0	-9.000000E-5	6.860000E-6	-5.400000E-7	3.528000E-4	4.100000E-6	0.000000E+0	0.000000E+0	1.964247E-4	2.976042E-9	0.000000E+0	0.000000E+0	1.004022E+1	0.000000E+0	3.000000E+0
24-Apr-25	15:22:23	-0.000000E+0	3.131305E+0	-9.000000E-5	6.805000E-6	-5.600000E-7	3.531500E-4	3.850000E-6	0.000000E+0	0.000000E+0	1.964247E-4	2.976042E-9	0.000000E+0	0.000000E+0	1.004022E+1	0.000000E+0	3.000000E+0
24-Apr-25	15:22:24	-0.000000E+0	3.138935E+0	-9.000000E-5	6.925000E-6	-5.200000E-7	3.531000E-4	4.150000E-6	0.000000E+0	0.000000E+0	1.964247E-4	2.976042E-9	0.000000E+0	0.000000E+0	1.004022E+1	0.000000E+0	3.000000E+0
24-Apr-25	15:22:24	-0.000000E+0	3.146555E+0	-9.000000E-5	6.865000E-6	-4.600000E-7	3.524500E-4	4.150000E-6	0.000000E+0	0.000000E+0	1.964247E-4	2.976042E-9	0.000000E+0	0.000000E+0	1.004022E+1	0.000000E+0	3.000000E+0
24-Apr-25	15:22:25	-0.000000E+0	3.154145E+0	-9.000000E-5	6.790000E-6	-5.200000E-7	3.527000E-4	4.800000E-6	0.000000E+0	0.000000E+0	1.964247E-4	2.976042E-9	0.000000E+0	0.000000E+0	1.004022E+1	0.000000E+0	3.000000E+0
24-Apr-25	15:22:25	-0.000000E+0	3.161710E+0	-9.000000E-5	6.790000E-6	-4.850000E-7	3.533500E-4	3.700000E-6	0.000000E+0	0.000000E+0	1.964247E-4	2.976042E-9	0.000000E+0	0.000000E+0	1.004022E+1	0.000000E+0	3.000000E+0
24-Apr-25	15:22:26	-0.000000E+0	3.169265E+0	-9.000000E-5	6.785000E-6	-5.150000E-7	3.528500E-4	3.900000E-6	0.000000E+0	0.000000E+0	1.964247E-4	2.976042E-9	0.000000E+0	0.000000E+0	1.004022E+1	0.000000E+0	3.000000E+0
24-Apr-25	15:22:26	-0.000000E+0	3.176805E+0	-9.000000E-5	6.740000E-6	-5.950000E-7	3.525000E-4	4.150000E-6	0.000000E+0	0.000000E+0	1.964247E-4	2.976042E-9	0.000000E+0	0.000000E+0	1.004022E+1	0.000000E+0	3.000000E+0
24-Apr-25	15:22:27	-0.000000E+0	3.184305E+0	-9.000000E-5	6.785000E-6	-4.450000E-7	3.530500E-4	3.550000E-6	0.000000E+0	0.000000E+0	1.964247E-4	2.976042E-9	0.000000E+0	0.000000E+0	1.004022E+1	0.000000E+0	3.000000E+0
24-Apr-25	15:22:27	-0.000000E+0	3.191800E+0	-9.000000E-5	6.710000E-6	-5.900000E-7	3.535000E-4	4.250000E-6	0.000000E+0	0.000000E+0	1.964247E-4	2.976042E-9	0.000000E+0	0.000000E+0	1.004022E+1	0.000000E+0	3.000000E+0
24-Apr-25	15:22:28	-0.000000E+0	3.199265E+0	-9.000000E-5	6.800000E-6	-5.400000E-7	3.529500E-4	3.650000E-6	0.000000E+0	0.000000E+0	1.964247E-4	2.976042E-9	0.000000E+0	0.000000E+0	1.004022E+1	0.000000E+0	3.000000E+0
24-Apr-25	15:22:28	-0.000000E+0	3.208940E+0	-9.000000E-5	6.780000E-6	-5.650000E-7	3.536000E-4	4.300000E-6	0.000000E+0	0.000000E+0	1.964247E-4	2.976042E-9	0.000000E+0	0.000000E+0	1.004022E+1	0.000000E+0	3.000000E+0
24-Apr-25	15:22:29	-0.000000E+0	3.216365E+0	-9.000000E-5	6.825000E-6	-6.100000E-7	3.534500E-4	3.850000E-6	0.000000E+0	0.000000E+0	1.964247E-4	2.976042E-9	0.000000E+0	0.000000E+0	1.004022E+1	0.000000E+0	3.000000E+0
24-Apr-25	15:22:29	-0.000000E+0	3.223760E+0	-9.000000E-5	6.665000E-6	-5.750000E-7	3.535500E-4	3.350000E-6	0.000000E+0	0.000000E+0	1.964247E-4	2.976042E-9	0.000000E+0	0.000000E+0	1.004022E+1	0.000000E+0	3.000000E+0
24-Apr-25	15:22:30	-0.000000E+0	3.230385E+0	-9.000000E-5	6.700000E-6	-6.350000E-7	3.534000E-4	3.950000E-6	0.000000E+0	0.000000E+0	1.964247E-4	2.976042E-9	0.000000E+0	0.000000E+0	1.004022E+1	0.000000E+0	3.000000E+0
24-Apr-25	15:22:30	-0.000000E+0	3.239205E+0	-9.000000E-5	6.795000E-6	-5.450000E-7	3.532500E-4	4.300000E-6	0.000000E+0	0.000000E+0	1.964247E-4	2.976042E-9	0.000000E+0	0.000000E+0	1.004022E+1	0.000000E+0	3.000000E+0
24-Apr-25	15:22:31	-0.000000E+0	3.247510E+0	-9.000000E-5	6.770000E-6	-5.650000E-7	3.531500E-4	4.250000E-6	0.000000E+0	0.000000E+0	1.964247E-4	2.976042E-9	0.000000E+0	0.000000E+0	1.004022E+1	0.000000E+0	3.000000E+0
24-Apr-25	15:22:31	-0.000000E+0	3.254090E+0	-9.000000E-5	6.735000E-6	-5.350000E-7	3.536500E-4	4.300000E-6	0.000000E+0	0.000000E+0	1.964247E-4	2.976042E-9	0.000000E+0	0.000000E+0	1.004022E+1	0.000000E+0	3.000000E+0
24-Apr-25	15:22:32	-0.000000E+0	3.261370E+0	-9.000000E-5	6.695000E-6	-5.250000E-7	3.536000E-4	3.850000E-6	0.000000E+0	0.000000E+0	1.964247E-4	2.976042E-9	0.000000E+0	0.000000E+0	1.004022E+1	0.000000E+0	3.000000E+0
24-Apr-25	15:22:33	-0.000000E+0	3.271795E+0	-9.000000E-5	6.650000E-6	-5.900000E-7	3.535000E-4	4.150000E-6	0.000000E+0	0.000000E+0	1.964247E-4	2.976042E-9	0.000000E+0	0.000000E+0	1.004022E+1	0.000000E+0	3.000000E+0
24-Apr-25	15:22:33	-0.000000E+0	3.278910E+0	-9.000000E-5	6.575000E-6	-5.350000E-7	3.533000E-4	4.350000E-6	0.000000E+0	0.000000E+0	1.964247E-4	2.976042E-9	0.000000E+0	0.000000E+0	1.004022E+1	0.000000E+0	3.000000E+0
24-Apr-25	15:22:33	-0.000000E+0	3.286000E+0	-9.000000E-5	6.600000E-6	-5.300000E-7	3.532500E-4	3.800000E-6	0.000000E+0	0.000000E+0	1.964247E-4	2.976042E-9	0.000000E+0	0.000000E+0	1.004022E+1	0.000000E+0	3.000000E+0
24-Apr-25	15:22:34	-0.000000E+0	3.292595E+0	-9.000000E-5	6.635000E-6	-5.150000E-7	3.529000E-4	4.150000E-6	0.000000E+0	0.000000E+0	1.964247E-4	2.976042E-9	0.000000E+0	0.000000E+0	1.004022E+1	0.000000E+0	3.000000E+0
24-Apr-25	15:22:34	-0.000000E+0	3.299660E+0	-9.000000E-5	6.650000E-6	-5.150000E-7	3.533000E-4	4.350000E-6	0.000000E+0	0.000000E+0	1.964247E-4	2.976042E-9	0.000000E+0	0.000000E+0	1.004022E+1	0.000000E+0	3.000000E+0
24-Apr-25	15:22:35	-0.000000E+0	3.306825E+0	-9.000000E-5	6.570000E-6	-5.450000E-7	3.532500E-4	4.000000E-6	0.000000E+0	0.000000E+0	1.964247E-4	2.976042E-9	0.000000E+0	0.000000E+0	1.004022E+1	0.000000E+0	3.000000E+0
24-Apr-25	15:22:35	-0.000000E+0	3.313955E+0	-9.000000E-5	6.550000E-6	-5.700000E-7	3.532500E-4	4.350000E-6	0.000000E+0	0.000000E+0	1.964247E-4	2.976042E-9	0.000000E+0	0.000000E+0	1.004022E+1	0.000000E+0	3.000000E+0
24-Apr-25	15:22:36	-0.000000E+0	3.320350E+0	-9.000000E-5	6.530000E-6	-5.600000E-7	3.536500E-4	3.950000E-6	0.000000E+0	0.000000E+0	1.964247E-4	2.976042E-9	0.000000E+0	0.000000E+0	1.004022E+1	0.000000E+0	3.000000E+0
24-Apr-25	15:22:36	-0.000000E+0	3.327445E+0	-9.000000E-5	6.530000E-6	-5.750000E-7	3.531000E-4	3.950000E-6	0.000000E+0	0.000000E+0	1.964247E-4	2.976042E-9	0.000000E+0	0.000000E+0	1.004022E+1	0.000000E+0	3.000000E+0
24-Apr-25	15:22:37	-0.000000E+0	3.335480E+0	-9.000000E-5	6.585000E-6	-5.050000E-7	3.535000E-4	4.250000E-6	0.000000E+0	0.000000E+0	1.964247E-4	2.976042E-9	0.000000E+0	0.000000E+0	1.004022E+1	0.000000E+0	3.000000E+0
24-Apr-25	15:22:38	-0.000000E+0	3.343245E+0	-9.000000E-5	6.540000E-6	-4.600000E-7	3.531500E-4	3.100000E-6	0.000000E+0	0.000000E+0	1.964247E-4	2.976042E-9	0.000000E+0	0.000000E+0	1.004022E+1	0.000000E+0	3.000000E+0
24-Apr-25	15:22:38	-0.000000E+0	3.350270E+0	-9.000000E-5	6.535000E-6	-5.250000E-7	3.535500E-4	4.250000E-6	0.000000E+0	0.000000E+0	1.964247E-4	2.976042E-9	0.000000E+0	0.000000E+0	1.004022E+1	0.000000E+0	3.000000E+0
24-Apr-25	15:22:39	-0.000000E+0	3.357280E+0	-9.000000E-5	6.490000E-6	-5.050000E-7	3.534500E-4	4.650000E-6	0.000000E+0	0.000000E+0	1.964247E-4	2.976042E-9	0.000000E+0	0.000000E+0	1.004022E+1	0.000000E+0	3.000000E+0
24-Apr-25	15:22:39	-0.000000E+0	3.367045E+0	-9.000000E-5	6.495000E-6	-4.900000E-7	3.536000E-4	4.250000E-6	0.000000E+0	0.000000E+0	1.964247E-4	2.976042E-9	0.000000E+0	0.000000E+0	1.004022E+1	0.000000E+0	3.000000E+0
24-Apr-25	15:22:40	-0.000000E+0	3.374715E+0	-9.000000E-5	6.500000E-6	-4.750000E-7	3.535500E-4	4.300000E-6	0.000000E+0	0.000000E+0	1.964247E-4	2.976042E-9	0.000000E+0	0.000000E+0	1.004022E+1	0.000000E+0	3.000000E+0
24-Apr-25	15:22:40	-0.000000E+0	3.381650E+0	-9.000000E-5	6.465000E-6	-4.900000E-7	3.535000E-4	4.100000E-6	0.000000E+0	0.000000E+0	1.964247E-4	2.976042E-9	0.000000E+0	0.000000E+0	1.004022E+1	0.000000E+0	3.000000E+0
24-Apr-25	15:22:41	-0.000000E+0	3.387885E+0	-9.000000E-5	6.460000E-6	-4.950000E-7	3.540000E-4	4.400000E-6	0.000000E+0	0.000000E+0	1.964247E-4	2.976042E-9	0.000000E+0	0.000000E+0	1.004022E+1	0.000000E+0	3.000000E+0
24-Apr-25	15:22:41	-0.000000E+0	3.394805E+0	-9.000000E-5	6.415000E-6	-4.050000E-7	3.538000E-4	3.800000E-6	0.000000E+0	0.000000E+0	1.964247E-4	2.976042E-9	0.000000E+0	0.000000E+0	1.004022E+1	0.000000E+0	3.000000E+0
24-Apr-25	15:22:42	-0.000000E+0	3.403275E+0	-9.000000E-5	6.410000E-6	-5.200000E-7	3.540000E-4	4.000000E-6	0.000000E+0	0.000000E+0	1.964247E-4	2.976042E-9	0.000000E+0	0.000000E+0	1.004022E+1	0.000000E+0	3.000000E+0
24-Apr-25	15:22:42	-0.000000E+0	3.410815E+0	-9.000000E-5	6.440000E-6	-5.650000E-7	3.534500E-4	3.800000E-6	0.000000E+0	0.000000E+0	1.964247E-4	2.976042E-9	0.000000E+0	0.000000E+0	1.004022E+1	0.000000E+0	3.000000E+0
24-Apr-25	15:22:43	-0.000000E+0	3.417660E+0	-9.000000E-5	6.430000E-6	-5.700000E-7	3.535500E-4	4.500000E-6	0.000000E+0	0.000000E+0	1.964247E-4	2.976042E-9	0.000000E+0	0.000000E+0	1.004022E+1	0.000000E+0	3.000000E+0
24-Apr-25	15:22:43	-0.000000E+0	3.424485E+0	-9.000000E-5	6.385000E-6	-5.750000E-7	3.534500E-4	3.650000E-6	0.000000E+0	0.000000E+0	1.964247E-4	2.976042E-9	0.000000E+0	0.000000E+0	1.004022E+1	0.000000E+0	3.000000E+0
24-Apr-25	15:22:44	-0.000000E+0	3.431960E+0	-9.000000E-5	6.380000E-6	-5.600000E-7	3.541000E-4	3.800000E-6	0.000000E+0	0.000000E+0	1.964247E-4	2.976042E-9	0.000000E+0	0.000000E+0	1.004022E+1	0.000000E+0	3.000000E+0
24-Apr-25	15:22:45	-0.000000E+0	3.442115E+0	-9.000000E-5	6.420000E-6	-5.100000E-7	3.538000E-4	3.800000E-6	0.000000E+0	0.000000E+0	1.964247E-4	2.976042E-9	0.000000E+0	0.000000E+0	1.004022E+1	0.000000E+0	3.000000E+0
24-Apr-25	15:22:45	-0.000000E+0	3.451780E+0	-9.000000E-5	6.465000E-6	-5.400000E-7	3.543500E-4	4.300000E-6	0.000000E+0	0.000000E+0	1.964247E-4	2.976042E-9	0.000000E+0	0.000000E+0	1.004022E+1	0.000000E+0	3.000000E+0
24-Apr-25	15:22:46	-0.000000E+0	3.458490E+0	-9.000000E-5	6.470000E-6	-5.550000E-7	3.537000E-4	3.950000E-6	0.000000E+0	0.000000E+0	1.964247E-4	2.976042E-9	0.000000E+0	0.000000E+0	1.004022E+1	0.000000E+0	3.000000E+0
24-Apr-25	15:22:46	-0.000000E+0	3.465195E+0	-9.000000E-5	6.405000E-6	-4.800000E-7	3.536500E-4	3.850000E-6	0.000000E+0	0.000000E+0	1.964247E-4	2.976042E-9	0.000000E+0	0.000000E+0	1.004022E+1	0.000000E+0	3.000000E+0
24-Apr-25	15:22:47	-0.000000E+0	3.472545E+0	-9.000000E-5	6.325000E-6	-5.050000E-7	3.543000E-4	4.350000E-6	0.000000E+0	0.000000E+0	1.964247E-4	2.976042E-9	0.000000E+0	0.000000E+0	1.004022E+1	0.000000E+0	3.000000E+0
24-Apr-25	15:22:47	-0.000000E+0	3.479220E+0	-9.000000E-5	6.340000E-6	-5.250000E-7	3.535500E-4	4.350000E-6	0.000000E+0	0.000000E+0	1.964247E-4	2.976042E-9	0.000000E+0	0.000000E+0	1.004022E+1	0.000000E+0	3.000000E+0
24-Apr-25	15:22:48	-0.000000E+0	3.485850E+0	-9.000000E-5	6.325000E-6	-5.550000E-7	3.537500E-4	4.250000E-6	0.000000E+0	0.000000E+0	1.964247E-4	2.976042E-9	0.000000E+0	0.000000E+0	1.004022E+1	0.000000E+0	3.000000E+0
24-Apr-25	15:22:48	-0.000000E+0	3.492480E+0	-9.000000E-5	6.325000E-6	-5.050000E-7	3.533000E-4	4.150000E-6	0.000000E+0	0.000000E+0	1.964247E-4	2.976042E-9	0.000000E+0	0.000000E+0	1.004022E+1	0.000000E+0	3.000000E+0
24-Apr-25	15:22:49	-0.000000E+0	3.498410E+0	-9.000000E-5	6.405000E-6	-4.400000E-7	3.538500E-4	3.350000E-6	0.000000E+0	0.000000E+0	1.964247E-4	2.976042E-9	0.000000E+0	0.000000E+0	1.004022E+1	0.000000E+0	3.000000E+0
24-Apr-25	15:22:49	-0.000000E+0	3.504995E+0	-9.000000E-5	6.270000E-6	-4.900000E-7	3.541000E-4	4.200000E-6	0.000000E+0	0.000000E+0	1.964247E-4	2.976042E-9	0.000000E+0	0.000000E+0	1.004022E+1	0.000000E+0	3.000000E+0
24-Apr-25	15:22:50	-0.000000E+0	3.510915E+0	-9.000000E-5	6.220000E-6	-5.550000E-7	3.547500E-4	3.750000E-6	0.000000E+0	0.000000E+0	1.964247E-4	2.976042E-9	0.000000E+0	0.000000E+0	1.004022E+1	0.000000E+0	3.000000E+0
24-Apr-25	15:22:50	-0.000000E+0	3.517455E+0	-9.000000E-5	6.190000E-6	-5.850000E-7	3.544000E-4	3.950000E-6	0.000000E+0	0.000000E+0	1.964247E-4	2.976042E-9	0.000000E+0	0.000000E+0	1.004022E+1	0.000000E+0	3.000000E+0
24-Apr-25	15:22:51	-0.000000E+0	3.523335E+0	-9.000000E-5	6.170000E-6	-5.700000E-7	3.539500E-4	4.350000E-6	0.000000E+0	0.000000E+0	1.964247E-4	2.976042E-9	0.000000E+0	0.000000E+0	1.004022E+1	0.000000E+0	3.000000E+0
24-Apr-25	15:22:51	-0.000000E+0	3.529845E+0	-9.000000E-5	6.115000E-6	-5.300000E-7	3.536500E-4	4.350000E-6	0.000000E+0	0.000000E+0	1.964247E-4	2.976042E-9	0.000000E+0	0.000000E+0	1.004022E+1	0.000000E+0	3.000000E+0
24-Apr-25	15:22:52	-0.000000E+0	3.538500E+0	-9.000000E-5	6.255000E-6	-4.800000E-7	3.537500E-4	3.600000E-6	0.000000E+0	0.000000E+0	1.964247E-4	2.976042E-9	0.000000E+0	0.000000E+0	1.004022E+1	0.000000E+0	3.000000E+0
24-Apr-25	15:22:53	-0.000000E+0	3.544965E+0	-9.000000E-5	6.230000E-6	-5.250000E-7	3.542500E-4	4.800000E-6	0.000000E+0	0.000000E+0	1.964247E-4	2.976042E-9	0.000000E+0	0.000000E+0	1.004022E+1	0.000000E+0	3.000000E+0
24-Apr-25	15:22:53	-0.000000E+0	3.552065E+0	-9.000000E-5	6.150000E-6	-5.150000E-7	3.542000E-4	3.900000E-6	0.000000E+0	0.000000E+0	1.964247E-4	2.976042E-9	0.000000E+0	0.000000E+0	1.004022E+1	0.000000E+0	3.000000E+0
24-Apr-25	15:22:54	-0.000000E+0	3.558485E+0	-9.000000E-5	6.225000E-6	-5.050000E-7	3.541000E-4	5.050000E-6	0.000000E+0	0.000000E+0	1.964247E-4	2.976042E-9	0.000000E+0	0.000000E+0	1.004022E+1	0.000000E+0	3.000000E+0
24-Apr-25	15:22:54	-0.000000E+0	3.564265E+0	-9.000000E-5	6.280000E-6	-4.800000E-7	3.545500E-4	4.450000E-6	0.000000E+0	0.000000E+0	1.964247E-4	2.976042E-9	0.000000E+0	0.000000E+0	1.004022E+1	0.000000E+0	3.000000E+0
24-Apr-25	15:22:54	-0.000000E+0	3.570665E+0	-9.000000E-5	6.190000E-6	-4.850000E-7	3.538500E-4	4.150000E-6	0.000000E+0	0.000000E+0	1.964247E-4	2.976042E-9	0.000000E+0	0.000000E+0	1.004022E+1	0.000000E+0	3.000000E+0
24-Apr-25	15:22:55	-0.000000E+0	3.577050E+0	-9.000000E-5	6.125000E-6	-5.200000E-7	3.545000E-4	4.250000E-6	0.000000E+0	0.000000E+0	1.964247E-4	2.976042E-9	0.000000E+0	0.000000E+0	1.004022E+1	0.000000E+0	3.000000E+0
24-Apr-25	15:22:56	-0.000000E+0	3.583390E+0	-9.000000E-5	6.220000E-6	-4.900000E-7	3.545000E-4	4.200000E-6	0.000000E+0	0.000000E+0	1.964247E-4	2.976042E-9	0.000000E+0	0.000000E+0	1.004022E+1	0.000000E+0	3.000000E+0
24-Apr-25	15:22:56	-0.000000E+0	3.589735E+0	-9.000000E-5	6.185000E-6	-5.000000E-7	3.536000E-4	3.900000E-6	0.000000E+0	0.000000E+0	1.964247E-4	2.976042E-9	0.000000E+0	0.000000E+0	1.004022E+1	0.000000E+0	3.000000E+0
24-Apr-25	15:22:56	-0.000000E+0	3.595430E+0	-9.000000E-5	6.145000E-6	-4.200000E-7	3.542000E-4	4.350000E-6	0.000000E+0	0.000000E+0	1.964247E-4	2.976042E-9	0.000000E+0	0.000000E+0	1.004022E+1	0.000000E+0	3.000000E+0
24-Apr-25	15:22:57	-0.000000E+0	3.601740E+0	-9.000000E-5	6.115000E-6	-4.900000E-7	3.541500E-4	3.950000E-6	0.000000E+0	0.000000E+0	1.964247E-4	2.976042E-9	0.000000E+0	0.000000E+0	1.004022E+1	0.000000E+0	3.000000E+0
24-Apr-25	15:22:57	-0.000000E+0	3.608035E+0	-9.000000E-5	6.125000E-6	-4.350000E-7	3.541000E-4	3.900000E-6	0.000000E+0	0.000000E+0	1.964247E-4	2.976042E-9	0.000000E+0	0.000000E+0	1.004022E+1	0.000000E+0	3.000000E+0
24-Apr-25	15:22:58	-0.000000E+0	3.614290E+0	-9.000000E-5	6.110000E-6	-4.650000E-7	3.545000E-4	4.150000E-6	0.000000E+0	0.000000E+0	1.964247E-4	2.976042E-9	0.000000E+0	0.000000E+0	1.004022E+1	0.000000E+0	3.000000E+0
24-Apr-25	15:22:59	-0.000000E+0	3.620540E+0	-9.000000E-5	6.100000E-6	-5.600000E-7	3.549500E-4	3.650000E-6	0.000000E+0	0.000000E+0	1.964247E-4	2.976042E-9	0.000000E+0	0.000000E+0	1.004022E+1	0.000000E+0	3.000000E+0
24-Apr-25	15:22:59	-0.000000E+0	3.628025E+0	-9.000000E-5	6.165000E-6	-6.350000E-7	3.538000E-4	4.300000E-6	0.000000E+0	0.000000E+0	1.964247E-4	2.976042E-9	0.000000E+0	0.000000E+0	1.004022E+1	0.000000E+0	3.000000E+0
24-Apr-25	15:23:00	-0.000000E+0	3.634230E+0	-9.000000E-5	6.025000E-6	-4.950000E-7	3.546500E-4	3.850000E-6	0.000000E+0	0.000000E+0	1.964247E-4	2.976042E-9	0.000000E+0	0.000000E+0	1.004022E+1	0.000000E+0	3.000000E+0
24-Apr-25	15:23:00	-0.000000E+0	3.640425E+0	-9.000000E-5	6.025000E-6	-4.300000E-7	3.537000E-4	4.750000E-6	0.000000E+0	0.000000E+0	1.964247E-4	2.976042E-9	0.000000E+0	0.000000E+0	1.004022E+1	0.000000E+0	3.000000E+0
24-Apr-25	15:23:01	-0.000000E+0	3.645990E+0	-9.000000E-5	6.075000E-6	-4.700000E-7	3.542000E-4	3.900000E-6	0.000000E+0	0.000000E+0	1.964247E-4	2.976042E-9	0.000000E+0	0.000000E+0	1.004022E+1	0.000000E+0	3.000000E+0
24-Apr-25	15:23:01	-0.000000E+0	3.652160E+0	-9.000000E-5	6.015000E-6	-5.050000E-7	3.540000E-4	3.800000E-6	0.000000E+0	0.000000E+0	1.964247E-4	2.976042E-9	0.000000E+0	0.000000E+0	1.004022E+1	0.000000E+0	3.000000E+0
24-Apr-25	15:23:01	-0.000000E+0	3.657795E+0	-9.000000E-5	6.025000E-6	-5.300000E-7	3.545000E-4	4.450000E-6	0.000000E+0	0.000000E+0	1.964247E-4	2.976042E-9	0.000000E+0	0.000000E+0	1.004022E+1	0.000000E+0	3.000000E+0
24-Apr-25	15:23:02	-0.000000E+0	3.664020E+0	-9.000000E-5	5.960000E-6	-4.900000E-7	3.548000E-4	4.100000E-6	0.000000E+0	0.000000E+0	1.964247E-4	2.976042E-9	0.000000E+0	0.000000E+0	1.004022E+1	0.000000E+0	3.000000E+0
24-Apr-25	15:23:02	-0.000000E+0	3.670125E+0	-9.000000E-5	6.130000E-6	-5.400000E-7	3.548000E-4	4.550000E-6	0.000000E+0	0.000000E+0	1.964247E-4	2.976042E-9	0.000000E+0	0.000000E+0	1.004022E+1	0.000000E+0	3.000000E+0
24-Apr-25	15:23:03	-0.000000E+0	3.676215E+0	-9.000000E-5	6.050000E-6	-4.950000E-7	3.541000E-4	4.300000E-6	0.000000E+0	0.000000E+0	1.964247E-4	2.976042E-9	0.000000E+0	0.000000E+0	1.004022E+1	0.000000E+0	3.000000E+0
24-Apr-25	15:23:03	-0.000000E+0	3.681690E+0	-9.000000E-5	6.020000E-6	-5.050000E-7	3.551000E-4	3.800000E-6	0.000000E+0	0.000000E+0	1.964247E-4	2.976042E-9	0.000000E+0	0.000000E+0	1.004022E+1	0.000000E+0	3.000000E+0
24-Apr-25	15:23:04	-0.000000E+0	3.689550E+0	-9.000000E-5	6.105000E-6	-4.850000E-7	3.544000E-4	4.500000E-6	0.000000E+0	0.000000E+0	1.964247E-4	2.976042E-9	0.000000E+0	0.000000E+0	1.004022E+1	0.000000E+0	3.000000E+0
24-Apr-25	15:23:05	-0.000000E+0	3.695590E+0	-9.000000E-5	6.040000E-6	-4.250000E-7	3.547500E-4	4.300000E-6	0.000000E+0	0.000000E+0	1.964247E-4	2.976042E-9	0.000000E+0	0.000000E+0	1.004022E+1	0.000000E+0	3.000000E+0
24-Apr-25	15:23:05	-0.000000E+0	3.702205E+0	-9.000000E-5	5.955000E-6	-4.150000E-7	3.544000E-4	4.100000E-6	0.000000E+0	0.000000E+0	1.964247E-4	2.976042E-9	0.000000E+0	0.000000E+0	1.004022E+1	0.000000E+0	3.000000E+0
24-Apr-25	15:23:06	-0.000000E+0	3.708220E+0	-9.000000E-5	6.000000E-6	-4.500000E-7	3.546000E-4	4.650000E-6	0.000000E+0	0.000000E+0	1.964247E-4	2.976042E-9	0.000000E+0	0.000000E+0	1.004022E+1	0.000000E+0	3.000000E+0
24-Apr-25	15:23:06	-0.000000E+0	3.713590E+0	-9.000000E-5	6.030000E-6	-5.150000E-7	3.541500E-4	3.600000E-6	0.000000E+0	0.000000E+0	1.964247E-4	2.976042E-9	0.000000E+0	0.000000E+0	1.004022E+1	0.000000E+0	3.000000E+0
24-Apr-25	15:23:07	-0.000000E+0	3.719545E+0	-9.000000E-5	5.995000E-6	-4.350000E-7	3.545500E-4	4.650000E-6	0.000000E+0	0.000000E+0	1.964247E-4	2.976042E-9	0.000000E+0	0.000000E+0	1.004022E+1	0.000000E+0	3.000000E+0
24-Apr-25	15:23:07	-0.000000E+0	3.725495E+0	-9.000000E-5	6.030000E-6	-4.700000E-7	3.548500E-4	4.100000E-6	0.000000E+0	0.000000E+0	1.964247E-4	2.976042E-9	0.000000E+0	0.000000E+0	1.004022E+1	0.000000E+0	3.000000E+0
24-Apr-25	15:23:08	-0.000000E+0	3.731425E+0	-9.000000E-5	5.955000E-6	-4.300000E-7	3.548500E-4	4.250000E-6	0.000000E+0	0.000000E+0	1.964247E-4	2.976042E-9	0.000000E+0	0.000000E+0	1.004022E+1	0.000000E+0	3.000000E+0
24-Apr-25	15:23:08	-0.000000E+0	3.737345E+0	-9.000000E-5	5.935000E-6	-4.550000E-7	3.542500E-4	4.250000E-6	0.000000E+0	0.000000E+0	1.964247E-4	2.976042E-9	0.000000E+0	0.000000E+0	1.004022E+1	0.000000E+0	3.000000E+0
24-Apr-25	15:23:09	-0.000000E+0	3.745795E+0	-9.000000E-5	6.000000E-6	-4.950000E-7	3.542500E-4	4.150000E-6	0.000000E+0	0.000000E+0	1.964247E-4	2.976042E-9	0.000000E+0	0.000000E+0	1.004022E+1	0.000000E+0	3.000000E+0
24-Apr-25	15:23:09	-0.000000E+0	3.751665E+0	-9.000000E-5	5.980000E-6	-4.850000E-7	3.541000E-4	4.300000E-6	0.000000E+0	0.000000E+0	1.964247E-4	2.976042E-9	0.000000E+0	0.000000E+0	1.004022E+1	0.000000E+0	3.000000E+0
24-Apr-25	15:23:10	-0.000000E+0	3.757520E+0	-9.000000E-5	5.945000E-6	-4.750000E-7	3.540500E-4	4.050000E-6	0.000000E+0	0.000000E+0	1.964247E-4	2.976042E-9	0.000000E+0	0.000000E+0	1.004022E+1	0.000000E+0	3.000000E+0
24-Apr-25	15:23:10	-0.000000E+0	3.763360E+0	-9.000000E-5	5.950000E-6	-4.800000E-7	3.545500E-4	4.500000E-6	0.000000E+0	0.000000E+0	1.964247E-4	2.976042E-9	0.000000E+0	0.000000E+0	1.004022E+1	0.000000E+0	3.000000E+0
24-Apr-25	15:23:11	-0.000000E+0	3.769185E+0	-9.000000E-5	5.900000E-6	-4.300000E-7	3.546500E-4	3.950000E-6	0.000000E+0	0.000000E+0	1.964247E-4	2.976042E-9	0.000000E+0	0.000000E+0	1.004022E+1	0.000000E+0	3.000000E+0
24-Apr-25	15:23:12	-0.000000E+0	3.775000E+0	-9.000000E-5	5.910000E-6	-4.350000E-7	3.547500E-4	4.000000E-6	0.000000E+0	0.000000E+0	1.964247E-4	2.976042E-9	0.000000E+0	0.000000E+0	1.004022E+1	0.000000E+0	3.000000E+0
24-Apr-25	15:23:12	-0.000000E+0	3.782525E+0	-9.000000E-5	5.890000E-6	-4.850000E-7	3.544000E-4	4.250000E-6	0.000000E+0	0.000000E+0	1.964247E-4	2.976042E-9	0.000000E+0	0.000000E+0	1.004022E+1	0.000000E+0	3.000000E+0
24-Apr-25	15:23:12	-0.000000E+0	3.788280E+0	-9.000000E-5	5.880000E-6	-4.650000E-7	3.544500E-4	4.050000E-6	0.000000E+0	0.000000E+0	1.964247E-4	2.976042E-9	0.000000E+0	0.000000E+0	1.004022E+1	0.000000E+0	3.000000E+0
24-Apr-25	15:23:13	-0.000000E+0	3.794040E+0	-9.000000E-5	5.870000E-6	-3.850000E-7	3.552500E-4	4.100000E-6	0.000000E+0	0.000000E+0	1.964247E-4	2.976042E-9	0.000000E+0	0.000000E+0	1.004022E+1	0.000000E+0	3.000000E+0
24-Apr-25	15:23:13	-0.000000E+0	3.799760E+0	-9.000000E-5	5.860000E-6	-5.100000E-7	3.551000E-4	4.500000E-6	0.000000E+0	0.000000E+0	1.964247E-4	2.976042E-9	0.000000E+0	0.000000E+0	1.004022E+1	0.000000E+0	3.000000E+0
24-Apr-25	15:23:14	-0.000000E+0	3.805470E+0	-9.000000E-5	5.865000E-6	-5.250000E-7	3.546500E-4	5.050000E-6	0.000000E+0	0.000000E+0	1.964247E-4	2.976042E-9	0.000000E+0	0.000000E+0	1.004022E+1	0.000000E+0	3.000000E+0
24-Apr-25	15:23:14	-0.000000E+0	3.811165E+0	-9.000000E-5	5.825000E-6	-4.100000E-7	3.544000E-4	4.200000E-6	0.000000E+0	0.000000E+0	1.964247E-4	2.976042E-9	0.000000E+0	0.000000E+0	1.004022E+1	0.000000E+0	3.000000E+0
24-Apr-25	15:23:15	-0.000000E+0	3.816855E+0	-9.000000E-5	5.850000E-6	-4.550000E-7	3.548000E-4	4.400000E-6	0.000000E+0	0.000000E+0	1.964247E-4	2.976042E-9	0.000000E+0	0.000000E+0	1.004022E+1	0.000000E+0	3.000000E+0
24-Apr-25	15:23:15	-0.000000E+0	3.821955E+0	-9.000000E-5	5.870000E-6	-4.550000E-7	3.545500E-4	4.000000E-6	0.000000E+0	0.000000E+0	1.964247E-4	2.976042E-9	0.000000E+0	0.000000E+0	1.004022E+1	0.000000E+0	3.000000E+0
24-Apr-25	15:23:16	-0.000000E+0	3.827600E+0	-9.000000E-5	5.925000E-6	-4.400000E-7	3.544500E-4	3.950000E-6	0.000000E+0	0.000000E+0	1.964247E-4	2.976042E-9	0.000000E+0	0.000000E+0	1.004022E+1	0.000000E+0	3.000000E+0
24-Apr-25	15:23:16	-0.000000E+0	3.833235E+0	-9.000000E-5	5.835000E-6	-4.150000E-7	3.551000E-4	4.250000E-6	0.000000E+0	0.000000E+0	1.964247E-4	2.976042E-9	0.000000E+0	0.000000E+0	1.004022E+1	0.000000E+0	3.000000E+0
24-Apr-25	15:23:17	-0.000000E+0	3.838860E+0	-9.000000E-5	5.880000E-6	-4.450000E-7	3.550500E-4	4.250000E-6	0.000000E+0	0.000000E+0	1.964247E-4	2.976042E-9	0.000000E+0	0.000000E+0	1.004022E+1	0.000000E+0	3.000000E+0
24-Apr-25	15:23:18	-0.000000E+0	3.843900E+0	-9.000000E-5	5.830000E-6	-3.750000E-7	3.544000E-4	4.100000E-6	0.000000E+0	0.000000E+0	1.964247E-4	2.976042E-9	0.000000E+0	0.000000E+0	1.004022E+1	0.000000E+0	3.000000E+0
24-Apr-25	15:23:18	-0.000000E+0	3.851925E+0	-9.000000E-5	5.795000E-6	-4.650000E-7	3.546500E-4	4.550000E-6	0.000000E+0	0.000000E+0	1.964247E-4	2.976042E-9	0.000000E+0	0.000000E+0	1.004022E+1	0.000000E+0	3.000000E+0
24-Apr-25	15:23:19	-0.000000E+0	3.857495E+0	-9.000000E-5	5.795000E-6	-4.850000E-7	3.551000E-4	3.650000E-6	0.000000E+0	0.000000E+0	1.964247E-4	2.976042E-9	0.000000E+0	0.000000E+0	1.004022E+1	0.000000E+0	3.000000E+0
24-Apr-25	15:23:19	-0.000000E+0	3.863030E+0	-9.000000E-5	5.780000E-6	-4.350000E-7	3.547000E-4	4.350000E-6	0.000000E+0	0.000000E+0	1.964247E-4	2.976042E-9	0.000000E+0	0.000000E+0	1.004022E+1	0.000000E+0	3.000000E+0
24-Apr-25	15:23:20	-0.000000E+0	3.868570E+0	-9.000000E-5	5.750000E-6	-4.700000E-7	3.548500E-4	3.700000E-6	0.000000E+0	0.000000E+0	1.964247E-4	2.976042E-9	0.000000E+0	0.000000E+0	1.004022E+1	0.000000E+0	3.000000E+0
24-Apr-25	15:23:20	-0.000000E+0	3.874095E+0	-9.000000E-5	5.790000E-6	-4.600000E-7	3.549500E-4	4.450000E-6	0.000000E+0	0.000000E+0	1.964247E-4	2.976042E-9	0.000000E+0	0.000000E+0	1.004022E+1	0.000000E+0	3.000000E+0
24-Apr-25	15:23:21	-0.000000E+0	3.879595E+0	-9.000000E-5	5.810000E-6	-5.200000E-7	3.546000E-4	4.200000E-6	0.000000E+0	0.000000E+0	1.964247E-4	2.976042E-9	0.000000E+0	0.000000E+0	1.004022E+1	0.000000E+0	3.000000E+0
24-Apr-25	15:23:21	-0.000000E+0	3.885085E+0	-9.000000E-5	5.785000E-6	-4.650000E-7	3.542500E-4	3.900000E-6	0.000000E+0	0.000000E+0	1.964247E-4	2.976042E-9	0.000000E+0	0.000000E+0	1.004022E+1	0.000000E+0	3.000000E+0
24-Apr-25	15:23:22	-0.000000E+0	3.890010E+0	-9.000000E-5	5.760000E-6	-4.850000E-7	3.553500E-4	3.650000E-6	0.000000E+0	0.000000E+0	1.964247E-4	2.976042E-9	0.000000E+0	0.000000E+0	1.004022E+1	0.000000E+0	3.000000E+0
24-Apr-25	15:23:22	-0.000000E+0	3.895455E+0	-9.000000E-5	5.765000E-6	-5.050000E-7	3.548000E-4	4.150000E-6	0.000000E+0	0.000000E+0	1.964247E-4	2.976042E-9	0.000000E+0	0.000000E+0	1.004022E+1	0.000000E+0	3.000000E+0
24-Apr-25	15:23:23	-0.000000E+0	3.900895E+0	-9.000000E-5	5.735000E-6	-5.000000E-7	3.550500E-4	3.850000E-6	0.000000E+0	0.000000E+0	1.964247E-4	2.976042E-9	0.000000E+0	0.000000E+0	1.004022E+1	0.000000E+0	3.000000E+0
24-Apr-25	15:23:23	-0.000000E+0	3.907400E+0	-9.000000E-5	5.780000E-6	-4.250000E-7	3.556500E-4	3.750000E-6	0.000000E+0	0.000000E+0	1.964247E-4	2.976042E-9	0.000000E+0	0.000000E+0	1.004022E+1	0.000000E+0	3.000000E+0
24-Apr-25	15:23:24	-0.000000E+0	3.912810E+0	-9.000000E-5	5.750000E-6	-4.250000E-7	3.546000E-4	4.350000E-6	0.000000E+0	0.000000E+0	1.964247E-4	2.976042E-9	0.000000E+0	0.000000E+0	1.004022E+1	0.000000E+0	3.000000E+0
24-Apr-25	15:23:24	-0.000000E+0	3.917665E+0	-9.000000E-5	5.750000E-6	-4.700000E-7	3.547500E-4	3.950000E-6	0.000000E+0	0.000000E+0	1.964247E-4	2.976042E-9	0.000000E+0	0.000000E+0	1.004022E+1	0.000000E+0	3.000000E+0
24-Apr-25	15:23:25	-0.000000E+0	3.923035E+0	-9.000000E-5	5.730000E-6	-4.700000E-7	3.549500E-4	3.900000E-6	0.000000E+0	0.000000E+0	1.964247E-4	2.976042E-9	0.000000E+0	0.000000E+0	1.004022E+1	0.000000E+0	3.000000E+0
24-Apr-25	15:23:25	-0.000000E+0	3.928385E+0	-9.000000E-5	5.690000E-6	-4.500000E-7	3.551000E-4	4.000000E-6	0.000000E+0	0.000000E+0	1.964247E-4	2.976042E-9	0.000000E+0	0.000000E+0	1.004022E+1	0.000000E+0	3.000000E+0
24-Apr-25	15:23:26	-0.000000E+0	3.936065E+0	-9.000000E-5	5.700000E-6	-4.500000E-7	3.559500E-4	4.250000E-6	0.000000E+0	0.000000E+0	1.964247E-4	2.976042E-9	0.000000E+0	0.000000E+0	1.004022E+1	0.000000E+0	3.000000E+0
24-Apr-25	15:23:26	-0.000000E+0	3.941915E+0	-9.000000E-5	5.645000E-6	-4.750000E-7	3.544000E-4	4.300000E-6	0.000000E+0	0.000000E+0	1.964247E-4	2.976042E-9	0.000000E+0	0.000000E+0	1.004022E+1	0.000000E+0	3.000000E+0
24-Apr-25	15:23:27	-0.000000E+0	3.946695E+0	-9.000000E-5	5.670000E-6	-4.700000E-7	3.549000E-4	3.950000E-6	0.000000E+0	0.000000E+0	1.964247E-4	2.976042E-9	0.000000E+0	0.000000E+0	1.004022E+1	0.000000E+0	3.000000E+0
24-Apr-25	15:23:27	-0.000000E+0	3.951980E+0	-9.000000E-5	5.665000E-6	-4.900000E-7	3.553000E-4	4.300000E-6	0.000000E+0	0.000000E+0	1.964247E-4	2.976042E-9	0.000000E+0	0.000000E+0	1.004022E+1	0.000000E+0	3.000000E+0
24-Apr-25	15:23:28	-0.000000E+0	3.959355E+0	-9.000000E-5	5.690000E-6	-4.900000E-7	3.547000E-4	4.050000E-6	0.000000E+0	0.000000E+0	1.964247E-4	2.976042E-9	0.000000E+0	0.000000E+0	1.004022E+1	0.000000E+0	3.000000E+0
24-Apr-25	15:23:28	-0.000000E+0	3.964620E+0	-9.000000E-5	5.685000E-6	-4.400000E-7	3.549500E-4	4.300000E-6	0.000000E+0	0.000000E+0	1.964247E-4	2.976042E-9	0.000000E+0	0.000000E+0	1.004022E+1	0.000000E+0	3.000000E+0
24-Apr-25	15:23:29	-0.000000E+0	3.969335E+0	-9.000000E-5	5.665000E-6	-4.250000E-7	3.552000E-4	4.250000E-6	0.000000E+0	0.000000E+0	1.964247E-4	2.976042E-9	0.000000E+0	0.000000E+0	1.004022E+1	0.000000E+0	3.000000E+0
24-Apr-25	15:23:30	-0.000000E+0	3.974035E+0	-9.000000E-5	5.715000E-6	-4.750000E-7	3.538000E-4	3.700000E-6	0.000000E+0	0.000000E+0	1.964247E-4	2.976042E-9	0.000000E+0	0.000000E+0	1.004022E+1	0.000000E+0	3.000000E+0
24-Apr-25	15:23:30	-0.000000E+0	3.980990E+0	-9.000000E-5	5.650000E-6	-4.650000E-7	3.553500E-4	4.250000E-6	0.000000E+0	0.000000E+0	1.964247E-4	2.976042E-9	0.000000E+0	0.000000E+0	1.004022E+1	0.000000E+0	3.000000E+0
24-Apr-25	15:23:31	-0.000000E+0	3.986170E+0	-9.000000E-5	5.645000E-6	-4.950000E-7	3.550000E-4	4.350000E-6	0.000000E+0	0.000000E+0	1.964247E-4	2.976042E-9	0.000000E+0	0.000000E+0	1.004022E+1	0.000000E+0	3.000000E+0
24-Apr-25	15:23:31	-0.000000E+0	3.993415E+0	-9.000000E-5	5.680000E-6	-4.200000E-7	3.551000E-4	4.150000E-6	0.000000E+0	0.000000E+0	1.964247E-4	2.976042E-9	0.000000E+0	0.000000E+0	1.004022E+1	0.000000E+0	3.000000E+0
24-Apr-25	15:23:32	-0.000000E+0	3.998560E+0	-9.000000E-5	5.660000E-6	-4.550000E-7	3.552500E-4	3.600000E-6	0.000000E+0	0.000000E+0	1.964247E-4	2.976042E-9	0.000000E+0	0.000000E+0	1.004022E+1	0.000000E+0	3.000000E+0
24-Apr-25	15:23:33	-0.000000E+0	4.006445E+0	-9.000000E-5	5.595000E-6	-4.350000E-7	3.553500E-4	4.100000E-6	0.000000E+0	0.000000E+0	1.964247E-4	2.976042E-9	0.000000E+0	0.000000E+0	1.004022E+1	0.000000E+0	3.000000E+0
24-Apr-25	15:23:33	-0.000000E+0	4.011555E+0	-9.000000E-5	5.625000E-6	-4.750000E-7	3.556500E-4	4.150000E-6	0.000000E+0	0.000000E+0	1.964247E-4	2.976042E-9	0.000000E+0	0.000000E+0	1.004022E+1	0.000000E+0	3.000000E+0
24-Apr-25	15:23:34	-0.000000E+0	4.018195E+0	-9.000000E-5	5.590000E-6	-4.600000E-7	3.552000E-4	3.900000E-6	0.000000E+0	0.000000E+0	1.964247E-4	2.976042E-9	0.000000E+0	0.000000E+0	1.004022E+1	0.000000E+0	3.000000E+0
24-Apr-25	15:23:34	-0.000000E+0	4.023290E+0	-9.000000E-5	5.615000E-6	-4.850000E-7	3.549500E-4	3.950000E-6	0.000000E+0	0.000000E+0	1.964247E-4	2.976042E-9	0.000000E+0	0.000000E+0	1.004022E+1	0.000000E+0	3.000000E+0
24-Apr-25	15:23:35	-0.000000E+0	4.028355E+0	-9.000000E-5	5.605000E-6	-4.550000E-7	3.553000E-4	4.250000E-6	0.000000E+0	0.000000E+0	1.964247E-4	2.976042E-9	0.000000E+0	0.000000E+0	1.004022E+1	0.000000E+0	3.000000E+0
24-Apr-25	15:23:35	-0.000000E+0	4.033395E+0	-9.000000E-5	5.580000E-6	-4.550000E-7	3.545500E-4	4.350000E-6	0.000000E+0	0.000000E+0	1.964247E-4	2.976042E-9	0.000000E+0	0.000000E+0	1.004022E+1	0.000000E+0	3.000000E+0
24-Apr-25	15:23:36	-0.000000E+0	4.038440E+0	-9.000000E-5	5.600000E-6	-4.750000E-7	3.552500E-4	4.100000E-6	0.000000E+0	0.000000E+0	1.964247E-4	2.976042E-9	0.000000E+0	0.000000E+0	1.004022E+1	0.000000E+0	3.000000E+0
24-Apr-25	15:23:36	-0.000000E+0	4.043465E+0	-9.000000E-5	5.600000E-6	-4.750000E-7	3.554000E-4	4.100000E-6	0.000000E+0	0.000000E+0	1.964247E-4	2.976042E-9	0.000000E+0	0.000000E+0	1.004022E+1	0.000000E+0	3.000000E+0
24-Apr-25	15:23:37	-0.000000E+0	4.048480E+0	-9.000000E-5	5.595000E-6	-4.550000E-7	3.552500E-4	3.800000E-6	0.000000E+0	0.000000E+0	1.964247E-4	2.976042E-9	0.000000E+0	0.000000E+0	1.004022E+1	0.000000E+0	3.000000E+0
24-Apr-25	15:23:37	-0.000000E+0	4.052980E+0	-9.000000E-5	5.560000E-6	-4.550000E-7	3.548000E-4	3.900000E-6	0.000000E+0	0.000000E+0	1.964247E-4	2.976042E-9	0.000000E+0	0.000000E+0	1.004022E+1	0.000000E+0	3.000000E+0
24-Apr-25	15:23:38	-0.000000E+0	4.058535E+0	-9.000000E-5	5.555000E-6	-4.300000E-7	3.550000E-4	4.750000E-6	0.000000E+0	0.000000E+0	1.964247E-4	2.976042E-9	0.000000E+0	0.000000E+0	1.004022E+1	0.000000E+0	3.000000E+0
24-Apr-25	15:23:38	-0.000000E+0	4.063585E+0	-9.000000E-5	5.575000E-6	-4.550000E-7	3.551000E-4	4.250000E-6	0.000000E+0	0.000000E+0	1.964247E-4	2.976042E-9	0.000000E+0	0.000000E+0	1.004022E+1	0.000000E+0	3.000000E+0
24-Apr-25	15:23:39	-0.000000E+0	4.068540E+0	-9.000000E-5	5.565000E-6	-3.800000E-7	3.558000E-4	3.750000E-6	0.000000E+0	0.000000E+0	1.964247E-4	2.976042E-9	0.000000E+0	0.000000E+0	1.004022E+1	0.000000E+0	3.000000E+0
24-Apr-25	15:23:39	-0.000000E+0	4.073480E+0	-9.000000E-5	5.560000E-6	-4.600000E-7	3.546500E-4	4.050000E-6	0.000000E+0	0.000000E+0	1.964247E-4	2.976042E-9	0.000000E+0	0.000000E+0	1.004022E+1	0.000000E+0	3.000000E+0
24-Apr-25	15:23:40	-0.000000E+0	4.078395E+0	-9.000000E-5	5.575000E-6	-4.650000E-7	3.555000E-4	4.750000E-6	0.000000E+0	0.000000E+0	1.964247E-4	2.976042E-9	0.000000E+0	0.000000E+0	1.004022E+1	0.000000E+0	3.000000E+0
24-Apr-25	15:23:40	-0.000000E+0	4.083295E+0	-9.000000E-5	5.570000E-6	-4.500000E-7	3.547500E-4	3.750000E-6	0.000000E+0	0.000000E+0	1.964247E-4	2.976042E-9	0.000000E+0	0.000000E+0	1.004022E+1	0.000000E+0	3.000000E+0
24-Apr-25	15:23:41	-0.000000E+0	4.090235E+0	-9.000000E-5	5.565000E-6	-4.550000E-7	3.549500E-4	3.800000E-6	0.000000E+0	0.000000E+0	1.964247E-4	2.976042E-9	0.000000E+0	0.000000E+0	1.004022E+1	0.000000E+0	3.000000E+0
24-Apr-25	15:23:42	-0.000000E+0	4.095685E+0	-9.000000E-5	5.570000E-6	-4.350000E-7	3.551000E-4	4.700000E-6	0.000000E+0	0.000000E+0	1.964247E-4	2.976042E-9	0.000000E+0	0.000000E+0	1.004022E+1	0.000000E+0	3.000000E+0
24-Apr-25	15:23:42	-0.000000E+0	4.101040E+0	-9.000000E-5	5.515000E-6	-4.350000E-7	3.557000E-4	4.100000E-6	0.000000E+0	0.000000E+0	1.964247E-4	2.976042E-9	0.000000E+0	0.000000E+0	1.004022E+1	0.000000E+0	3.000000E+0
24-Apr-25	15:23:43	-0.000000E+0	4.105880E+0	-9.000000E-5	5.550000E-6	-4.450000E-7	3.553500E-4	4.300000E-6	0.000000E+0	0.000000E+0	1.964247E-4	2.976042E-9	0.000000E+0	0.000000E+0	1.004022E+1	0.000000E+0	3.000000E+0
24-Apr-25	15:23:43	-0.000000E+0	4.111185E+0	-9.000000E-5	5.515000E-6	-4.600000E-7	3.544000E-4	2.450000E-6	0.000000E+0	0.000000E+0	1.964247E-4	2.976042E-9	0.000000E+0	0.000000E+0	1.004022E+1	0.000000E+0	3.000000E+0
24-Apr-25	15:23:44	-0.000000E+0	4.116000E+0	-9.000000E-5	5.480000E-6	-5.150000E-7	3.543500E-4	3.350000E-6	0.000000E+0	0.000000E+0	1.964247E-4	2.976042E-9	0.000000E+0	0.000000E+0	1.004022E+1	0.000000E+0	3.000000E+0
24-Apr-25	15:23:44	-0.000000E+0	4.121355E+0	-9.000000E-5	5.530000E-6	-4.750000E-7	3.553500E-4	4.750000E-6	0.000000E+0	0.000000E+0	1.964247E-4	2.976042E-9	0.000000E+0	0.000000E+0	1.004022E+1	0.000000E+0	3.000000E+0
24-Apr-25	15:23:45	-0.000000E+0	4.125655E+0	-9.000000E-5	5.540000E-6	-4.500000E-7	3.550000E-4	4.500000E-6	0.000000E+0	0.000000E+0	1.964247E-4	2.976042E-9	0.000000E+0	0.000000E+0	1.004022E+1	0.000000E+0	3.000000E+0
24-Apr-25	15:23:45	-0.000000E+0	4.130435E+0	-9.000000E-5	5.515000E-6	-4.400000E-7	3.556000E-4	4.800000E-6	0.000000E+0	0.000000E+0	1.964247E-4	2.976042E-9	0.000000E+0	0.000000E+0	1.004022E+1	0.000000E+0	3.000000E+0
24-Apr-25	15:23:46	-0.000000E+0	4.136690E+0	-9.000000E-5	5.555000E-6	-4.200000E-7	3.556000E-4	4.050000E-6	0.000000E+0	0.000000E+0	1.964247E-4	2.976042E-9	0.000000E+0	0.000000E+0	1.004022E+1	0.000000E+0	3.000000E+0
24-Apr-25	15:23:46	-0.000000E+0	4.141435E+0	-9.000000E-5	5.515000E-6	-4.450000E-7	3.563500E-4	4.100000E-6	0.000000E+0	0.000000E+0	1.964247E-4	2.976042E-9	0.000000E+0	0.000000E+0	1.004022E+1	0.000000E+0	3.000000E+0
24-Apr-25	15:23:47	-0.000000E+0	4.146160E+0	-9.000000E-5	5.535000E-6	-4.600000E-7	3.551000E-4	3.900000E-6	0.000000E+0	0.000000E+0	1.964247E-4	2.976042E-9	0.000000E+0	0.000000E+0	1.004022E+1	0.000000E+0	3.000000E+0
24-Apr-25	15:23:47	-0.000000E+0	4.150870E+0	-9.000000E-5	5.510000E-6	-4.800000E-7	3.546500E-4	4.100000E-6	0.000000E+0	0.000000E+0	1.964247E-4	2.976042E-9	0.000000E+0	0.000000E+0	1.004022E+1	0.000000E+0	3.000000E+0
24-Apr-25	15:23:48	-0.000000E+0	4.155100E+0	-9.000000E-5	5.535000E-6	-4.800000E-7	3.545500E-4	3.300000E-6	0.000000E+0	0.000000E+0	1.964247E-4	2.976042E-9	0.000000E+0	0.000000E+0	1.004022E+1	0.000000E+0	3.000000E+0
24-Apr-25	15:23:48	-0.000000E+0	4.159785E+0	-9.000000E-5	5.495000E-6	-4.800000E-7	3.556000E-4	4.000000E-6	0.000000E+0	0.000000E+0	1.964247E-4	2.976042E-9	0.000000E+0	0.000000E+0	1.004022E+1	0.000000E+0	3.000000E+0
24-Apr-25	15:23:49	-0.000000E+0	4.164460E+0	-9.000000E-5	5.495000E-6	-4.500000E-7	3.554500E-4	4.200000E-6	0.000000E+0	0.000000E+0	1.964247E-4	2.976042E-9	0.000000E+0	0.000000E+0	1.004022E+1	0.000000E+0	3.000000E+0
24-Apr-25	15:23:49	-0.000000E+0	4.168650E+0	-9.000000E-5	5.510000E-6	-4.350000E-7	3.556000E-4	3.800000E-6	0.000000E+0	0.000000E+0	1.964247E-4	2.976042E-9	0.000000E+0	0.000000E+0	1.004022E+1	0.000000E+0	3.000000E+0
24-Apr-25	15:23:50	-0.000000E+0	4.173295E+0	-9.000000E-5	5.490000E-6	-4.400000E-7	3.553500E-4	4.300000E-6	0.000000E+0	0.000000E+0	1.964247E-4	2.976042E-9	0.000000E+0	0.000000E+0	1.004022E+1	0.000000E+0	3.000000E+0
24-Apr-25	15:23:50	-0.000000E+0	4.177480E+0	-9.000000E-5	5.535000E-6	-4.100000E-7	3.560000E-4	4.100000E-6	0.000000E+0	0.000000E+0	1.964247E-4	2.976042E-9	0.000000E+0	0.000000E+0	1.004022E+1	0.000000E+0	3.000000E+0
24-Apr-25	15:23:51	-0.000000E+0	4.182100E+0	-9.000000E-5	5.505000E-6	-4.150000E-7	3.551000E-4	4.200000E-6	0.000000E+0	0.000000E+0	1.964247E-4	2.976042E-9	0.000000E+0	0.000000E+0	1.004022E+1	0.000000E+0	3.000000E+0
24-Apr-25	15:23:51	-0.000000E+0	4.186245E+0	-9.000000E-5	5.430000E-6	-4.200000E-7	3.548000E-4	3.950000E-6	0.000000E+0	0.000000E+0	1.964247E-4	2.976042E-9	0.000000E+0	0.000000E+0	1.004022E+1	0.000000E+0	3.000000E+0
24-Apr-25	15:23:52	-0.000000E+0	4.191285E+0	-9.000000E-5	5.450000E-6	-4.150000E-7	3.559500E-4	4.250000E-6	0.000000E+0	0.000000E+0	1.964247E-4	2.976042E-9	0.000000E+0	0.000000E+0	1.004022E+1	0.000000E+0	3.000000E+0
24-Apr-25	15:23:52	-0.000000E+0	4.195405E+0	-9.000000E-5	5.465000E-6	-4.300000E-7	3.559000E-4	3.600000E-6	0.000000E+0	0.000000E+0	1.964247E-4	2.976042E-9	0.000000E+0	0.000000E+0	1.004022E+1	0.000000E+0	3.000000E+0
24-Apr-25	15:23:53	-0.000000E+0	4.199980E+0	-9.000000E-5	5.470000E-6	-4.650000E-7	3.556500E-4	3.950000E-6	0.000000E+0	0.000000E+0	1.964247E-4	2.976042E-9	0.000000E+0	0.000000E+0	1.004022E+1	0.000000E+0	3.000000E+0
24-Apr-25	15:23:53	-0.000000E+0	4.204545E+0	-9.000000E-5	5.480000E-6	-4.500000E-7	3.560000E-4	4.150000E-6	0.000000E+0	0.000000E+0	1.964247E-4	2.976042E-9	0.000000E+0	0.000000E+0	1.004022E+1	0.000000E+0	3.000000E+0
24-Apr-25	15:23:54	-0.000000E+0	4.211040E+0	-9.000000E-5	5.465000E-6	-3.950000E-7	3.558000E-4	4.150000E-6	0.000000E+0	0.000000E+0	1.964247E-4	2.976042E-9	0.000000E+0	0.000000E+0	1.004022E+1	0.000000E+0	3.000000E+0
24-Apr-25	15:23:54	-0.000000E+0	4.216020E+0	-9.000000E-5	5.450000E-6	-4.000000E-7	3.554500E-4	5.150000E-6	0.000000E+0	0.000000E+0	1.964247E-4	2.976042E-9	0.000000E+0	0.000000E+0	1.004022E+1	0.000000E+0	3.000000E+0
24-Apr-25	15:23:55	-0.000000E+0	4.220535E+0	-9.000000E-5	5.425000E-6	-4.750000E-7	3.565000E-4	4.450000E-6	0.000000E+0	0.000000E+0	1.964247E-4	2.976042E-9	0.000000E+0	0.000000E+0	1.004022E+1	0.000000E+0	3.000000E+0
24-Apr-25	15:23:55	-0.000000E+0	4.224585E+0	-9.000000E-5	5.475000E-6	-4.650000E-7	3.562000E-4	4.350000E-6	0.000000E+0	0.000000E+0	1.964247E-4	2.976042E-9	0.000000E+0	0.000000E+0	1.004022E+1	0.000000E+0	3.000000E+0
24-Apr-25	15:23:56	-0.000000E+0	4.229080E+0	-9.000000E-5	5.475000E-6	-4.700000E-7	3.555000E-4	4.350000E-6	0.000000E+0	0.000000E+0	1.964247E-4	2.976042E-9	0.000000E+0	0.000000E+0	1.004022E+1	0.000000E+0	3.000000E+0
24-Apr-25	15:23:57	-0.000000E+0	4.233545E+0	-9.000000E-5	5.480000E-6	-4.400000E-7	3.558000E-4	3.550000E-6	0.000000E+0	0.000000E+0	1.964247E-4	2.976042E-9	0.000000E+0	0.000000E+0	1.004022E+1	0.000000E+0	3.000000E+0
24-Apr-25	15:23:57	-0.000000E+0	4.240285E+0	-9.000000E-5	5.440000E-6	-4.750000E-7	3.549500E-4	4.350000E-6	0.000000E+0	0.000000E+0	1.964247E-4	2.976042E-9	0.000000E+0	0.000000E+0	1.004022E+1	0.000000E+0	3.000000E+0
24-Apr-25	15:23:58	-0.000000E+0	4.245690E+0	-9.000000E-5	5.450000E-6	-4.450000E-7	3.552500E-4	3.100000E-6	0.000000E+0	0.000000E+0	1.964247E-4	2.976042E-9	0.000000E+0	0.000000E+0	1.004022E+1	0.000000E+0	3.000000E+0
24-Apr-25	15:23:58	-0.000000E+0	4.250105E+0	-9.000000E-5	5.455000E-6	-4.400000E-7	3.558500E-4	4.150000E-6	0.000000E+0	0.000000E+0	1.964247E-4	2.976042E-9	0.000000E+0	0.000000E+0	1.004022E+1	0.000000E+0	3.000000E+0
24-Apr-25	15:23:59	-0.000000E+0	4.254515E+0	-9.000000E-5	5.465000E-6	-4.400000E-7	3.546500E-4	4.050000E-6	0.000000E+0	0.000000E+0	1.964247E-4	2.976042E-9	0.000000E+0	0.000000E+0	1.004022E+1	0.000000E+0	3.000000E+0
24-Apr-25	15:23:59	-0.000000E+0	4.258470E+0	-9.000000E-5	5.415000E-6	-4.450000E-7	3.558500E-4	4.300000E-6	0.000000E+0	0.000000E+0	1.964247E-4	2.976042E-9	0.000000E+0	0.000000E+0	1.004022E+1	0.000000E+0	3.000000E+0
24-Apr-25	15:24:00	-0.000000E+0	4.262860E+0	-9.000000E-5	5.415000E-6	-4.000000E-7	3.556000E-4	4.100000E-6	0.000000E+0	0.000000E+0	1.964247E-4	2.976042E-9	0.000000E+0	0.000000E+0	1.004022E+1	0.000000E+0	3.000000E+0
24-Apr-25	15:24:00	-0.000000E+0	4.268100E+0	-9.000000E-5	5.450000E-6	-4.250000E-7	3.552000E-4	4.300000E-6	0.000000E+0	0.000000E+0	1.964247E-4	2.976042E-9	0.000000E+0	0.000000E+0	1.004022E+1	0.000000E+0	3.000000E+0
24-Apr-25	15:24:01	-0.000000E+0	4.272455E+0	-9.000000E-5	5.440000E-6	-4.250000E-7	3.556000E-4	4.350000E-6	0.000000E+0	0.000000E+0	1.964247E-4	2.976042E-9	0.000000E+0	0.000000E+0	1.004022E+1	0.000000E+0	3.000000E+0
24-Apr-25	15:24:01	-0.000000E+0	4.278175E+0	-9.000000E-5	5.380000E-6	-4.400000E-7	3.552500E-4	3.850000E-6	0.000000E+0	0.000000E+0	1.964247E-4	2.976042E-9	0.000000E+0	0.000000E+0	1.004022E+1	0.000000E+0	3.000000E+0
24-Apr-25	15:24:02	-0.000000E+0	4.282570E+0	-9.000000E-5	5.385000E-6	-4.550000E-7	3.551500E-4	3.850000E-6	0.000000E+0	0.000000E+0	1.964247E-4	2.976042E-9	0.000000E+0	0.000000E+0	1.004022E+1	0.000000E+0	3.000000E+0
24-Apr-25	15:24:03	-0.000000E+0	4.288610E+0	-9.000000E-5	5.450000E-6	-4.300000E-7	3.552000E-4	4.300000E-6	0.000000E+0	0.000000E+0	1.964247E-4	2.976042E-9	0.000000E+0	0.000000E+0	1.004022E+1	0.000000E+0	3.000000E+0
24-Apr-25	15:24:03	-0.000000E+0	4.292470E+0	-9.000000E-5	5.440000E-6	-4.250000E-7	3.566500E-4	3.800000E-6	0.000000E+0	0.000000E+0	1.964247E-4	2.976042E-9	0.000000E+0	0.000000E+0	1.004022E+1	0.000000E+0	3.000000E+0
24-Apr-25	15:24:03	-0.000000E+0	4.296335E+0	-9.000000E-5	5.425000E-6	-4.300000E-7	3.562500E-4	4.300000E-6	0.000000E+0	0.000000E+0	1.964247E-4	2.976042E-9	0.000000E+0	0.000000E+0	1.004022E+1	0.000000E+0	3.000000E+0
24-Apr-25	15:24:04	-0.000000E+0	4.300600E+0	-9.000000E-5	5.390000E-6	-4.000000E-7	3.553000E-4	4.150000E-6	0.000000E+0	0.000000E+0	1.964247E-4	2.976042E-9	0.000000E+0	0.000000E+0	1.004022E+1	0.000000E+0	3.000000E+0
24-Apr-25	15:24:05	-0.000000E+0	4.305445E+0	-9.000000E-5	5.360000E-6	-4.500000E-7	3.556500E-4	4.250000E-6	0.000000E+0	0.000000E+0	1.964247E-4	2.976042E-9	0.000000E+0	0.000000E+0	1.004022E+1	0.000000E+0	3.000000E+0
24-Apr-25	15:24:05	-0.000000E+0	4.310535E+0	-9.000000E-5	5.385000E-6	-4.850000E-7	3.561000E-4	3.800000E-6	0.000000E+0	0.000000E+0	1.964247E-4	2.976042E-9	0.000000E+0	0.000000E+0	1.004022E+1	0.000000E+0	3.000000E+0
24-Apr-25	15:24:06	-0.000000E+0	4.315200E+0	-9.000000E-5	5.425000E-6	-4.450000E-7	3.557000E-4	4.050000E-6	0.000000E+0	0.000000E+0	1.964247E-4	2.976042E-9	0.000000E+0	0.000000E+0	1.004022E+1	0.000000E+0	3.000000E+0
24-Apr-25	15:24:06	-0.000000E+0	4.319410E+0	-9.000000E-5	5.405000E-6	-4.300000E-7	3.557500E-4	4.250000E-6	0.000000E+0	0.000000E+0	1.964247E-4	2.976042E-9	0.000000E+0	0.000000E+0	1.004022E+1	0.000000E+0	3.000000E+0
24-Apr-25	15:24:07	-0.000000E+0	4.323610E+0	-9.000000E-5	5.400000E-6	-4.500000E-7	3.562000E-4	4.000000E-6	0.000000E+0	0.000000E+0	1.964247E-4	2.976042E-9	0.000000E+0	0.000000E+0	1.004022E+1	0.000000E+0	3.000000E+0
24-Apr-25	15:24:07	-0.000000E+0	4.329470E+0	-9.000000E-5	5.420000E-6	-4.150000E-7	3.564000E-4	4.550000E-6	0.000000E+0	0.000000E+0	1.964247E-4	2.976042E-9	0.000000E+0	0.000000E+0	1.004022E+1	0.000000E+0	3.000000E+0
24-Apr-25	15:24:08	-0.000000E+0	4.333655E+0	-9.000000E-5	5.380000E-6	-4.500000E-7	3.559500E-4	4.250000E-6	0.000000E+0	0.000000E+0	1.964247E-4	2.976042E-9	0.000000E+0	0.000000E+0	1.004022E+1	0.000000E+0	3.000000E+0
24-Apr-25	15:24:09	-0.000000E+0	4.339195E+0	-9.000000E-5	5.340000E-6	-4.400000E-7	3.558000E-4	4.700000E-6	0.000000E+0	0.000000E+0	1.964247E-4	2.976042E-9	0.000000E+0	0.000000E+0	1.004022E+1	0.000000E+0	3.000000E+0
24-Apr-25	15:24:09	-0.000000E+0	4.343765E+0	-9.000000E-5	5.315000E-6	-4.300000E-7	3.558500E-4	5.100000E-6	0.000000E+0	0.000000E+0	1.964247E-4	2.976042E-9	0.000000E+0	0.000000E+0	1.004022E+1	0.000000E+0	3.000000E+0
24-Apr-25	15:24:10	-0.000000E+0	4.349555E+0	-9.000000E-5	5.345000E-6	-4.400000E-7	3.555500E-4	4.250000E-6	0.000000E+0	0.000000E+0	1.964247E-4	2.976042E-9	0.000000E+0	0.000000E+0	1.004022E+1	0.000000E+0	3.000000E+0
24-Apr-25	15:24:10	-0.000000E+0	4.353670E+0	-9.000000E-5	5.330000E-6	-4.400000E-7	3.559000E-4	4.250000E-6	0.000000E+0	0.000000E+0	1.964247E-4	2.976042E-9	0.000000E+0	0.000000E+0	1.004022E+1	0.000000E+0	3.000000E+0
24-Apr-25	15:24:11	-0.000000E+0	4.358175E+0	-9.000000E-5	5.360000E-6	-4.250000E-7	3.553500E-4	4.250000E-6	0.000000E+0	0.000000E+0	1.964247E-4	2.976042E-9	0.000000E+0	0.000000E+0	1.004022E+1	0.000000E+0	3.000000E+0
24-Apr-25	15:24:11	-0.000000E+0	4.362280E+0	-9.000000E-5	5.395000E-6	-4.250000E-7	3.562000E-4	4.000000E-6	0.000000E+0	0.000000E+0	1.964247E-4	2.976042E-9	0.000000E+0	0.000000E+0	1.004022E+1	0.000000E+0	3.000000E+0
24-Apr-25	15:24:12	-0.000000E+0	4.366375E+0	-9.000000E-5	5.330000E-6	-4.000000E-7	3.558000E-4	4.000000E-6	0.000000E+0	0.000000E+0	1.964247E-4	2.976042E-9	0.000000E+0	0.000000E+0	1.004022E+1	0.000000E+0	3.000000E+0
24-Apr-25	15:24:12	-0.000000E+0	4.370440E+0	-9.000000E-5	5.375000E-6	-4.350000E-7	3.563000E-4	4.550000E-6	0.000000E+0	0.000000E+0	1.964247E-4	2.976042E-9	0.000000E+0	0.000000E+0	1.004022E+1	0.000000E+0	3.000000E+0
24-Apr-25	15:24:13	-0.000000E+0	4.374555E+0	-9.000000E-5	5.355000E-6	-4.300000E-7	3.558500E-4	4.300000E-6	0.000000E+0	0.000000E+0	1.964247E-4	2.976042E-9	0.000000E+0	0.000000E+0	1.004022E+1	0.000000E+0	3.000000E+0
24-Apr-25	15:24:13	-0.000000E+0	4.378260E+0	-9.000000E-5	5.335000E-6	-4.250000E-7	3.562500E-4	3.850000E-6	0.000000E+0	0.000000E+0	1.964247E-4	2.976042E-9	0.000000E+0	0.000000E+0	1.004022E+1	0.000000E+0	3.000000E+0
24-Apr-25	15:24:14	-0.000000E+0	4.381895E+0	-9.000000E-5	5.350000E-6	-4.200000E-7	3.564000E-4	4.300000E-6	0.000000E+0	0.000000E+0	1.964247E-4	2.976042E-9	0.000000E+0	0.000000E+0	1.004022E+1	0.000000E+0	3.000000E+0
24-Apr-25	15:24:14	-0.000000E+0	4.382495E+0	-9.000000E-5	5.365000E-6	-4.400000E-7	3.559500E-4	3.900000E-6	0.000000E+0	0.000000E+0	1.964247E-4	2.976042E-9	0.000000E+0	0.000000E+0	1.004022E+1	0.000000E+0	3.000000E+0
24-Apr-25	15:24:15	-0.000000E+0	4.389550E+0	-9.000000E-5	5.360000E-6	-4.600000E-7	3.564500E-4	4.100000E-6	0.000000E+0	0.000000E+0	1.964247E-4	2.976042E-9	0.000000E+0	0.000000E+0	1.004022E+1	0.000000E+0	3.000000E+0
24-Apr-25	15:24:15	-0.000000E+0	4.393140E+0	-9.000000E-5	5.310000E-6	-4.300000E-7	3.561000E-4	3.650000E-6	0.000000E+0	0.000000E+0	1.964247E-4	2.976042E-9	0.000000E+0	0.000000E+0	1.004022E+1	0.000000E+0	3.000000E+0
24-Apr-25	15:24:16	-0.000000E+0	4.396730E+0	-9.000000E-5	5.330000E-6	-4.250000E-7	3.557500E-4	4.150000E-6	0.000000E+0	0.000000E+0	1.964247E-4	2.976042E-9	0.000000E+0	0.000000E+0	1.004022E+1	0.000000E+0	3.000000E+0
24-Apr-25	15:24:16	-0.000000E+0	4.400310E+0	-9.000000E-5	5.340000E-6	-4.500000E-7	3.558000E-4	3.650000E-6	0.000000E+0	0.000000E+0	1.964247E-4	2.976042E-9	0.000000E+0	0.000000E+0	1.004022E+1	0.000000E+0	3.000000E+0
24-Apr-25	15:24:17	-0.000000E+0	4.403885E+0	-9.000000E-5	5.325000E-6	-4.250000E-7	3.559000E-4	4.350000E-6	0.000000E+0	0.000000E+0	1.964247E-4	2.976042E-9	0.000000E+0	0.000000E+0	1.004022E+1	0.000000E+0	3.000000E+0
24-Apr-25	15:24:17	-0.000000E+0	4.407840E+0	-9.000000E-5	5.335000E-6	-4.100000E-7	3.559500E-4	3.950000E-6	0.000000E+0	0.000000E+0	1.964247E-4	2.976042E-9	0.000000E+0	0.000000E+0	1.004022E+1	0.000000E+0	3.000000E+0
24-Apr-25	15:24:18	-0.000000E+0	4.411390E+0	-9.000000E-5	5.330000E-6	-4.250000E-7	3.558000E-4	4.400000E-6	0.000000E+0	0.000000E+0	1.964247E-4	2.976042E-9	0.000000E+0	0.000000E+0	1.004022E+1	0.000000E+0	3.000000E+0
24-Apr-25	15:24:18	-0.000000E+0	4.414935E+0	-9.000000E-5	5.275000E-6	-3.950000E-7	3.562000E-4	3.700000E-6	0.000000E+0	0.000000E+0	1.964247E-4	2.976042E-9	0.000000E+0	0.000000E+0	1.004022E+1	0.000000E+0	3.000000E+0
24-Apr-25	15:24:18	-0.000000E+0	4.418915E+0	-9.000000E-5	5.335000E-6	-3.800000E-7	3.561500E-4	4.000000E-6	0.000000E+0	0.000000E+0	1.964247E-4	2.976042E-9	0.000000E+0	0.000000E+0	1.004022E+1	0.000000E+0	3.000000E+0
24-Apr-25	15:24:19	-0.000000E+0	4.422510E+0	-9.000000E-5	5.315000E-6	-4.150000E-7	3.556500E-4	3.950000E-6	0.000000E+0	0.000000E+0	1.964247E-4	2.976042E-9	0.000000E+0	0.000000E+0	1.004022E+1	0.000000E+0	3.000000E+0
24-Apr-25	15:24:19	-0.000000E+0	4.423450E+0	-9.000000E-5	5.310000E-6	-4.700000E-7	3.560500E-4	4.350000E-6	0.000000E+0	0.000000E+0	1.964247E-4	2.976042E-9	0.000000E+0	0.000000E+0	1.004022E+1	0.000000E+0	3.000000E+0
24-Apr-25	15:24:20	-0.000000E+0	4.430310E+0	-9.000000E-5	5.360000E-6	-4.300000E-7	3.562000E-4	4.200000E-6	0.000000E+0	0.000000E+0	1.964247E-4	2.976042E-9	0.000000E+0	0.000000E+0	1.004022E+1	0.000000E+0	3.000000E+0
24-Apr-25	15:24:21	-0.000000E+0	4.434965E+0	-9.000000E-5	5.325000E-6	-4.450000E-7	3.555500E-4	4.250000E-6	0.000000E+0	0.000000E+0	1.964247E-4	2.976042E-9	0.000000E+0	0.000000E+0	1.004022E+1	0.000000E+0	3.000000E+0
24-Apr-25	15:24:21	-0.000000E+0	4.435925E+0	-9.000000E-5	5.300000E-6	-4.800000E-7	3.562500E-4	3.950000E-6	0.000000E+0	0.000000E+0	1.964247E-4	2.976042E-9	0.000000E+0	0.000000E+0	1.004022E+1	0.000000E+0	3.000000E+0
24-Apr-25	15:24:22	-0.000000E+0	4.442305E+0	-9.000000E-5	5.335000E-6	-4.650000E-7	3.559000E-4	4.050000E-6	0.000000E+0	0.000000E+0	1.964247E-4	2.976042E-9	0.000000E+0	0.000000E+0	1.004022E+1	0.000000E+0	3.000000E+0
24-Apr-25	15:24:22	-0.000000E+0	4.446150E+0	-9.000000E-5	5.305000E-6	-4.350000E-7	3.561000E-4	4.550000E-6	0.000000E+0	0.000000E+0	1.964247E-4	2.976042E-9	0.000000E+0	0.000000E+0	1.004022E+1	0.000000E+0	3.000000E+0
24-Apr-25	15:24:23	-0.000000E+0	4.450365E+0	-9.000000E-5	5.300000E-6	-4.150000E-7	3.559000E-4	4.450000E-6	0.000000E+0	0.000000E+0	1.964247E-4	2.976042E-9	0.000000E+0	0.000000E+0	1.004022E+1	0.000000E+0	3.000000E+0
24-Apr-25	15:24:23	-0.000000E+0	4.455015E+0	-9.000000E-5	5.325000E-6	-4.650000E-7	3.563500E-4	4.200000E-6	0.000000E+0	0.000000E+0	1.964247E-4	2.976042E-9	0.000000E+0	0.000000E+0	1.004022E+1	0.000000E+0	3.000000E+0
24-Apr-25	15:24:24	-0.000000E+0	4.459665E+0	-9.000000E-5	5.335000E-6	-4.350000E-7	3.557000E-4	4.100000E-6	0.000000E+0	0.000000E+0	1.964247E-4	2.976042E-9	0.000000E+0	0.000000E+0	1.004022E+1	0.000000E+0	3.000000E+0
24-Apr-25	15:24:24	-0.000000E+0	4.463835E+0	-9.000000E-5	5.300000E-6	-4.200000E-7	3.565500E-4	4.250000E-6	0.000000E+0	0.000000E+0	1.964247E-4	2.976042E-9	0.000000E+0	0.000000E+0	1.004022E+1	0.000000E+0	3.000000E+0
24-Apr-25	15:24:25	-0.000000E+0	4.467245E+0	-9.000000E-5	5.275000E-6	-4.350000E-7	3.565000E-4	4.250000E-6	0.000000E+0	0.000000E+0	1.964247E-4	2.976042E-9	0.000000E+0	0.000000E+0	1.004022E+1	0.000000E+0	3.000000E+0
24-Apr-25	15:24:25	-0.000000E+0	4.471765E+0	-9.000000E-5	5.280000E-6	-4.050000E-7	3.554500E-4	4.600000E-6	0.000000E+0	0.000000E+0	1.964247E-4	2.976042E-9	0.000000E+0	0.000000E+0	1.004022E+1	0.000000E+0	3.000000E+0
24-Apr-25	15:24:26	-0.000000E+0	4.475900E+0	-9.000000E-5	5.320000E-6	-4.050000E-7	3.566500E-4	4.500000E-6	0.000000E+0	0.000000E+0	1.964247E-4	2.976042E-9	0.000000E+0	0.000000E+0	1.004022E+1	0.000000E+0	3.000000E+0
24-Apr-25	15:24:26	-0.000000E+0	4.479650E+0	-9.000000E-5	5.330000E-6	-4.300000E-7	3.553000E-4	4.200000E-6	0.000000E+0	0.000000E+0	1.964247E-4	2.976042E-9	0.000000E+0	0.000000E+0	1.004022E+1	0.000000E+0	3.000000E+0
24-Apr-25	15:24:27	-0.000000E+0	4.483745E+0	-9.000000E-5	5.310000E-6	-4.000000E-7	3.565000E-4	4.200000E-6	0.000000E+0	0.000000E+0	1.964247E-4	2.976042E-9	0.000000E+0	0.000000E+0	1.004022E+1	0.000000E+0	3.000000E+0
24-Apr-25	15:24:27	-0.000000E+0	4.484670E+0	-9.000000E-5	5.310000E-6	-4.000000E-7	3.558000E-4	4.250000E-6	0.000000E+0	0.000000E+0	1.964247E-4	2.976042E-9	0.000000E+0	0.000000E+0	1.004022E+1	0.000000E+0	3.000000E+0
24-Apr-25	15:24:28	-0.000000E+0	4.490825E+0	-9.000000E-5	5.310000E-6	-3.750000E-7	3.555000E-4	4.100000E-6	0.000000E+0	0.000000E+0	1.964247E-4	2.976042E-9	0.000000E+0	0.000000E+0	1.004022E+1	0.000000E+0	3.000000E+0
24-Apr-25	15:24:28	-0.000000E+0	4.494530E+0	-9.000000E-5	5.340000E-6	-3.850000E-7	3.558000E-4	3.250000E-6	0.000000E+0	0.000000E+0	1.964247E-4	2.976042E-9	0.000000E+0	0.000000E+0	1.004022E+1	0.000000E+0	3.000000E+0
24-Apr-25	15:24:29	-0.000000E+0	4.498580E+0	-9.000000E-5	5.310000E-6	-3.800000E-7	3.559000E-4	4.300000E-6	0.000000E+0	0.000000E+0	1.964247E-4	2.976042E-9	0.000000E+0	0.000000E+0	1.004022E+1	0.000000E+0	3.000000E+0
24-Apr-25	15:24:30	-0.000000E+0	4.503070E+0	-9.000000E-5	5.310000E-6	-4.100000E-7	3.555000E-4	4.550000E-6	0.000000E+0	0.000000E+0	1.964247E-4	2.976042E-9	0.000000E+0	0.000000E+0	1.004022E+1	0.000000E+0	3.000000E+0
24-Apr-25	15:24:30	-0.000000E+0	4.507525E+0	-9.000000E-5	5.290000E-6	-4.550000E-7	3.564000E-4	3.750000E-6	0.000000E+0	0.000000E+0	1.964247E-4	2.976042E-9	0.000000E+0	0.000000E+0	1.004022E+1	0.000000E+0	3.000000E+0
24-Apr-25	15:24:31	-0.000000E+0	4.508050E+0	-9.000000E-5	5.280000E-6	-3.950000E-7	3.566500E-4	4.000000E-6	0.000000E+0	0.000000E+0	1.964247E-4	2.976042E-9	0.000000E+0	0.000000E+0	1.004022E+1	0.000000E+0	3.000000E+0
24-Apr-25	15:24:31	-0.000000E+0	4.514830E+0	-9.000000E-5	5.330000E-6	-4.150000E-7	3.564000E-4	4.100000E-6	0.000000E+0	0.000000E+0	1.964247E-4	2.976042E-9	0.000000E+0	0.000000E+0	1.004022E+1	0.000000E+0	3.000000E+0
24-Apr-25	15:24:32	-0.000000E+0	4.519185E+0	-9.000000E-5	5.310000E-6	-4.400000E-7	3.564500E-4	4.650000E-6	0.000000E+0	0.000000E+0	1.964247E-4	2.976042E-9	0.000000E+0	0.000000E+0	1.004022E+1	0.000000E+0	3.000000E+0
24-Apr-25	15:24:32	-0.000000E+0	4.523160E+0	-9.000000E-5	5.275000E-6	-4.700000E-7	3.562000E-4	4.000000E-6	0.000000E+0	0.000000E+0	1.964247E-4	2.976042E-9	0.000000E+0	0.000000E+0	1.004022E+1	0.000000E+0	3.000000E+0
24-Apr-25	15:24:33	-0.000000E+0	4.526840E+0	-9.000000E-5	5.275000E-6	-4.400000E-7	3.559500E-4	4.000000E-6	0.000000E+0	0.000000E+0	1.964247E-4	2.976042E-9	0.000000E+0	0.000000E+0	1.004022E+1	0.000000E+0	3.000000E+0
24-Apr-25	15:24:33	-0.000000E+0	4.528495E+0	-9.000000E-5	5.260000E-6	-4.150000E-7	3.559000E-4	4.450000E-6	0.000000E+0	0.000000E+0	1.964247E-4	2.976042E-9	0.000000E+0	0.000000E+0	1.004022E+1	0.000000E+0	3.000000E+0
24-Apr-25	15:24:34	-0.000000E+0	4.534795E+0	-9.000000E-5	5.285000E-6	-4.400000E-7	3.565000E-4	4.150000E-6	0.000000E+0	0.000000E+0	1.964247E-4	2.976042E-9	0.000000E+0	0.000000E+0	1.004022E+1	0.000000E+0	3.000000E+0
24-Apr-25	15:24:34	-0.000000E+0	4.538010E+0	-9.000000E-5	5.280000E-6	-4.050000E-7	3.564500E-4	3.750000E-6	0.000000E+0	0.000000E+0	1.964247E-4	2.976042E-9	0.000000E+0	0.000000E+0	1.004022E+1	0.000000E+0	3.000000E+0
24-Apr-25	15:24:35	-0.000000E+0	4.542400E+0	-9.000000E-5	5.280000E-6	-4.500000E-7	3.562000E-4	4.400000E-6	0.000000E+0	0.000000E+0	1.964247E-4	2.976042E-9	0.000000E+0	0.000000E+0	1.004022E+1	0.000000E+0	3.000000E+0
24-Apr-25	15:24:36	-0.000000E+0	4.546295E+0	-9.000000E-5	5.300000E-6	-4.500000E-7	3.563000E-4	4.300000E-6	0.000000E+0	0.000000E+0	1.964247E-4	2.976042E-9	0.000000E+0	0.000000E+0	1.004022E+1	0.000000E+0	3.000000E+0
24-Apr-25	15:24:36	-0.000000E+0	4.549835E+0	-9.000000E-5	5.295000E-6	-4.300000E-7	3.565000E-4	3.850000E-6	0.000000E+0	0.000000E+0	1.964247E-4	2.976042E-9	0.000000E+0	0.000000E+0	1.004022E+1	0.000000E+0	3.000000E+0
24-Apr-25	15:24:37	-0.000000E+0	4.553715E+0	-9.000000E-5	5.295000E-6	-4.000000E-7	3.562000E-4	4.000000E-6	0.000000E+0	0.000000E+0	1.964247E-4	2.976042E-9	0.000000E+0	0.000000E+0	1.004022E+1	0.000000E+0	3.000000E+0
24-Apr-25	15:24:37	-0.000000E+0	4.557565E+0	-9.000000E-5	5.285000E-6	-4.500000E-7	3.568500E-4	4.400000E-6	0.000000E+0	0.000000E+0	1.964247E-4	2.976042E-9	0.000000E+0	0.000000E+0	1.004022E+1	0.000000E+0	3.000000E+0
24-Apr-25	15:24:38	-0.000000E+0	4.560730E+0	-9.000000E-5	5.265000E-6	-4.300000E-7	3.564000E-4	4.350000E-6	0.000000E+0	0.000000E+0	1.964247E-4	2.976042E-9	0.000000E+0	0.000000E+0	1.004022E+1	0.000000E+0	3.000000E+0
24-Apr-25	15:24:38	-0.000000E+0	4.563880E+0	-9.000000E-5	5.240000E-6	-3.900000E-7	3.566500E-4	4.200000E-6	0.000000E+0	0.000000E+0	1.964247E-4	2.976042E-9	0.000000E+0	0.000000E+0	1.004022E+1	0.000000E+0	3.000000E+0
24-Apr-25	15:24:39	-0.000000E+0	4.567370E+0	-9.000000E-5	5.285000E-6	-4.100000E-7	3.563000E-4	4.700000E-6	0.000000E+0	0.000000E+0	1.964247E-4	2.976042E-9	0.000000E+0	0.000000E+0	1.004022E+1	0.000000E+0	3.000000E+0
24-Apr-25	15:24:39	-0.000000E+0	4.570860E+0	-9.000000E-5	5.300000E-6	-4.300000E-7	3.562000E-4	4.800000E-6	0.000000E+0	0.000000E+0	1.964247E-4	2.976042E-9	0.000000E+0	0.000000E+0	1.004022E+1	0.000000E+0	3.000000E+0
24-Apr-25	15:24:40	-0.000000E+0	4.574035E+0	-9.000000E-5	5.305000E-6	-4.400000E-7	3.558500E-4	4.100000E-6	0.000000E+0	0.000000E+0	1.964247E-4	2.976042E-9	0.000000E+0	0.000000E+0	1.004022E+1	0.000000E+0	3.000000E+0
24-Apr-25	15:24:40	-0.000000E+0	4.577545E+0	-9.000000E-5	5.295000E-6	-4.300000E-7	3.563500E-4	5.150000E-6	0.000000E+0	0.000000E+0	1.964247E-4	2.976042E-9	0.000000E+0	0.000000E+0	1.004022E+1	0.000000E+0	3.000000E+0
24-Apr-25	15:24:41	-0.000000E+0	4.580995E+0	-9.000000E-5	5.275000E-6	-3.900000E-7	3.568000E-4	4.200000E-6	0.000000E+0	0.000000E+0	1.964247E-4	2.976042E-9	0.000000E+0	0.000000E+0	1.004022E+1	0.000000E+0	3.000000E+0
24-Apr-25	15:24:41	-0.000000E+0	4.584785E+0	-9.000000E-5	5.210000E-6	-3.850000E-7	3.558000E-4	4.700000E-6	0.000000E+0	0.000000E+0	1.964247E-4	2.976042E-9	0.000000E+0	0.000000E+0	1.004022E+1	0.000000E+0	3.000000E+0
24-Apr-25	15:24:42	-0.000000E+0	4.588550E+0	-9.000000E-5	5.270000E-6	-4.150000E-7	3.562500E-4	4.050000E-6	0.000000E+0	0.000000E+0	1.964247E-4	2.976042E-9	0.000000E+0	0.000000E+0	1.004022E+1	0.000000E+0	3.000000E+0
24-Apr-25	15:24:42	-0.000000E+0	4.592640E+0	-9.000000E-5	5.305000E-6	-3.850000E-7	3.558500E-4	3.950000E-6	0.000000E+0	0.000000E+0	1.964247E-4	2.976042E-9	0.000000E+0	0.000000E+0	1.004022E+1	0.000000E+0	3.000000E+0
24-Apr-25	15:24:43	-0.000000E+0	4.596385E+0	-9.000000E-5	5.315000E-6	-4.200000E-7	3.562500E-4	4.900000E-6	0.000000E+0	0.000000E+0	1.964247E-4	2.976042E-9	0.000000E+0	0.000000E+0	1.004022E+1	0.000000E+0	3.000000E+0
24-Apr-25	15:24:43	-0.000000E+0	4.599435E+0	-9.000000E-5	5.300000E-6	-4.400000E-7	3.561500E-4	4.550000E-6	0.000000E+0	0.000000E+0	1.964247E-4	2.976042E-9	0.000000E+0	0.000000E+0	1.004022E+1	0.000000E+0	3.000000E+0
24-Apr-25	15:24:44	-0.000000E+0	4.603150E+0	-9.000000E-5	5.300000E-6	-3.950000E-7	3.563500E-4	3.650000E-6	0.000000E+0	0.000000E+0	1.964247E-4	2.976042E-9	0.000000E+0	0.000000E+0	1.004022E+1	0.000000E+0	3.000000E+0
24-Apr-25	15:24:44	-0.000000E+0	4.606900E+0	-9.000000E-5	5.335000E-6	-4.100000E-7	3.568000E-4	3.900000E-6	0.000000E+0	0.000000E+0	1.964247E-4	2.976042E-9	0.000000E+0	0.000000E+0	1.004022E+1	0.000000E+0	3.000000E+0
24-Apr-25	15:24:45	-0.000000E+0	4.607430E+0	-9.000000E-5	5.275000E-6	-4.100000E-7	3.563500E-4	3.950000E-6	0.000000E+0	0.000000E+0	1.964247E-4	2.976042E-9	0.000000E+0	0.000000E+0	1.004022E+1	0.000000E+0	3.000000E+0
24-Apr-25	15:24:45	-0.000000E+0	4.613335E+0	-9.000000E-5	5.240000E-6	-4.100000E-7	3.559500E-4	3.550000E-6	0.000000E+0	0.000000E+0	1.964247E-4	2.976042E-9	0.000000E+0	0.000000E+0	1.004022E+1	0.000000E+0	3.000000E+0
24-Apr-25	15:24:46	-0.000000E+0	4.616355E+0	-9.000000E-5	5.235000E-6	-4.000000E-7	3.552000E-4	3.600000E-6	0.000000E+0	0.000000E+0	1.964247E-4	2.976042E-9	0.000000E+0	0.000000E+0	1.004022E+1	0.000000E+0	3.000000E+0
24-Apr-25	15:24:46	-0.000000E+0	4.620015E+0	-9.000000E-5	5.280000E-6	-4.200000E-7	3.563500E-4	4.350000E-6	0.000000E+0	0.000000E+0	1.964247E-4	2.976042E-9	0.000000E+0	0.000000E+0	1.004022E+1	0.000000E+0	3.000000E+0
24-Apr-25	15:24:47	-0.000000E+0	4.620505E+0	-9.000000E-5	5.295000E-6	-4.050000E-7	3.565500E-4	4.000000E-6	0.000000E+0	0.000000E+0	1.964247E-4	2.976042E-9	0.000000E+0	0.000000E+0	1.004022E+1	0.000000E+0	3.000000E+0
24-Apr-25	15:24:47	-0.000000E+0	4.626640E+0	-9.000000E-5	5.260000E-6	-4.100000E-7	3.568000E-4	4.350000E-6	0.000000E+0	0.000000E+0	1.964247E-4	2.976042E-9	0.000000E+0	0.000000E+0	1.004022E+1	0.000000E+0	3.000000E+0
24-Apr-25	15:24:48	-0.000000E+0	4.629620E+0	-9.000000E-5	5.280000E-6	-4.550000E-7	3.562000E-4	4.200000E-6	0.000000E+0	0.000000E+0	1.964247E-4	2.976042E-9	0.000000E+0	0.000000E+0	1.004022E+1	0.000000E+0	3.000000E+0
24-Apr-25	15:24:48	-0.000000E+0	4.630835E+0	-9.000000E-5	5.275000E-6	-3.850000E-7	3.559500E-4	4.100000E-6	0.000000E+0	0.000000E+0	1.964247E-4	2.976042E-9	0.000000E+0	0.000000E+0	1.004022E+1	0.000000E+0	3.000000E+0
24-Apr-25	15:24:49	-0.000000E+0	4.636640E+0	-9.000000E-5	5.265000E-6	-4.250000E-7	3.568000E-4	4.100000E-6	0.000000E+0	0.000000E+0	1.964247E-4	2.976042E-9	0.000000E+0	0.000000E+0	1.004022E+1	0.000000E+0	3.000000E+0
24-Apr-25	15:24:49	-0.000000E+0	4.639580E+0	-9.000000E-5	5.280000E-6	-4.200000E-7	3.566000E-4	4.200000E-6	0.000000E+0	0.000000E+0	1.964247E-4	2.976042E-9	0.000000E+0	0.000000E+0	1.004022E+1	0.000000E+0	3.000000E+0
24-Apr-25	15:24:50	-0.000000E+0	4.643825E+0	-9.000000E-5	5.310000E-6	-4.150000E-7	3.560000E-4	4.050000E-6	0.000000E+0	0.000000E+0	1.964247E-4	2.976042E-9	0.000000E+0	0.000000E+0	1.004022E+1	0.000000E+0	3.000000E+0
24-Apr-25	15:24:51	-0.000000E+0	4.647400E+0	-9.000000E-5	5.255000E-6	-4.450000E-7	3.563500E-4	4.250000E-6	0.000000E+0	0.000000E+0	1.964247E-4	2.976042E-9	0.000000E+0	0.000000E+0	1.004022E+1	0.000000E+0	3.000000E+0
24-Apr-25	15:24:51	-0.000000E+0	4.650635E+0	-9.000000E-5	5.290000E-6	-4.050000E-7	3.561500E-4	4.250000E-6	0.000000E+0	0.000000E+0	1.964247E-4	2.976042E-9	0.000000E+0	0.000000E+0	1.004022E+1	0.000000E+0	3.000000E+0
24-Apr-25	15:24:51	-0.000000E+0	4.653550E+0	-9.000000E-5	5.285000E-6	-4.000000E-7	3.562000E-4	4.550000E-6	0.000000E+0	0.000000E+0	1.964247E-4	2.976042E-9	0.000000E+0	0.000000E+0	1.004022E+1	0.000000E+0	3.000000E+0
24-Apr-25	15:24:52	-0.000000E+0	4.656445E+0	-9.000000E-5	5.315000E-6	-4.650000E-7	3.564000E-4	4.950000E-6	0.000000E+0	0.000000E+0	1.964247E-4	2.976042E-9	0.000000E+0	0.000000E+0	1.004022E+1	0.000000E+0	3.000000E+0
24-Apr-25	15:24:52	-0.000000E+0	4.660065E+0	-9.000000E-5	5.260000E-6	-4.450000E-7	3.563000E-4	4.100000E-6	0.000000E+0	0.000000E+0	1.964247E-4	2.976042E-9	0.000000E+0	0.000000E+0	1.004022E+1	0.000000E+0	3.000000E+0
24-Apr-25	15:24:53	-0.000000E+0	4.662955E+0	-9.000000E-5	5.240000E-6	-4.100000E-7	3.566000E-4	4.250000E-6	0.000000E+0	0.000000E+0	1.964247E-4	2.976042E-9	0.000000E+0	0.000000E+0	1.004022E+1	0.000000E+0	3.000000E+0
24-Apr-25	15:24:53	-0.000000E+0	4.666470E+0	-9.000000E-5	5.260000E-6	-4.200000E-7	3.567000E-4	4.200000E-6	0.000000E+0	0.000000E+0	1.964247E-4	2.976042E-9	0.000000E+0	0.000000E+0	1.004022E+1	0.000000E+0	3.000000E+0
24-Apr-25	15:24:54	-0.000000E+0	4.669665E+0	-9.000000E-5	5.255000E-6	-4.000000E-7	3.570000E-4	4.350000E-6	0.000000E+0	0.000000E+0	1.964247E-4	2.976042E-9	0.000000E+0	0.000000E+0	1.004022E+1	0.000000E+0	3.000000E+0
24-Apr-25	15:24:55	-0.000000E+0	4.673795E+0	-9.000000E-5	5.235000E-6	-4.100000E-7	3.568000E-4	4.500000E-6	0.000000E+0	0.000000E+0	1.964247E-4	2.976042E-9	0.000000E+0	0.000000E+0	1.004022E+1	0.000000E+0	3.000000E+0
24-Apr-25	15:24:55	-0.000000E+0	4.676940E+0	-9.000000E-5	5.285000E-6	-4.400000E-7	3.563000E-4	4.600000E-6	0.000000E+0	0.000000E+0	1.964247E-4	2.976042E-9	0.000000E+0	0.000000E+0	1.004022E+1	0.000000E+0	3.000000E+0
24-Apr-25	15:24:56	-0.000000E+0	4.680725E+0	-9.000000E-5	5.210000E-6	-3.800000E-7	3.561000E-4	4.350000E-6	0.000000E+0	0.000000E+0	1.964247E-4	2.976042E-9	0.000000E+0	0.000000E+0	1.004022E+1	0.000000E+0	3.000000E+0
24-Apr-25	15:24:56	-0.000000E+0	4.683905E+0	-9.000000E-5	5.265000E-6	-3.450000E-7	3.561000E-4	3.900000E-6	0.000000E+0	0.000000E+0	1.964247E-4	2.976042E-9	0.000000E+0	0.000000E+0	1.004022E+1	0.000000E+0	3.000000E+0
24-Apr-25	15:24:57	-0.000000E+0	4.687410E+0	-9.000000E-5	5.260000E-6	-4.450000E-7	3.562500E-4	4.500000E-6	0.000000E+0	0.000000E+0	1.964247E-4	2.976042E-9	0.000000E+0	0.000000E+0	1.004022E+1	0.000000E+0	3.000000E+0
24-Apr-25	15:24:57	-0.000000E+0	4.690215E+0	-9.000000E-5	5.255000E-6	-4.750000E-7	3.562000E-4	4.100000E-6	0.000000E+0	0.000000E+0	1.964247E-4	2.976042E-9	0.000000E+0	0.000000E+0	1.004022E+1	0.000000E+0	3.000000E+0
24-Apr-25	15:24:58	-0.000000E+0	4.690680E+0	-9.000000E-5	5.220000E-6	-4.300000E-7	3.565000E-4	3.650000E-6	0.000000E+0	0.000000E+0	1.964247E-4	2.976042E-9	0.000000E+0	0.000000E+0	1.004022E+1	0.000000E+0	3.000000E+0
24-Apr-25	15:24:58	-0.000000E+0	4.696115E+0	-9.000000E-5	5.235000E-6	-4.250000E-7	3.561000E-4	4.150000E-6	0.000000E+0	0.000000E+0	1.964247E-4	2.976042E-9	0.000000E+0	0.000000E+0	1.004022E+1	0.000000E+0	3.000000E+0
24-Apr-25	15:24:59	-0.000000E+0	4.699195E+0	-9.000000E-5	5.235000E-6	-3.900000E-7	3.565000E-4	4.650000E-6	0.000000E+0	0.000000E+0	1.964247E-4	2.976042E-9	0.000000E+0	0.000000E+0	1.004022E+1	0.000000E+0	3.000000E+0
24-Apr-25	15:24:59	-0.000000E+0	4.702290E+0	-9.000000E-5	5.290000E-6	-4.000000E-7	3.562000E-4	4.050000E-6	0.000000E+0	0.000000E+0	1.964247E-4	2.976042E-9	0.000000E+0	0.000000E+0	1.004022E+1	0.000000E+0	3.000000E+0
24-Apr-25	15:25:00	-0.000000E+0	4.702740E+0	-9.000000E-5	5.280000E-6	-4.350000E-7	3.564500E-4	3.850000E-6	0.000000E+0	0.000000E+0	1.964247E-4	2.976042E-9	0.000000E+0	0.000000E+0	1.004022E+1	0.000000E+0	3.000000E+0
24-Apr-25	15:25:00	-0.000000E+0	4.708115E+0	-9.000000E-5	5.255000E-6	-4.500000E-7	3.567000E-4	4.500000E-6	0.000000E+0	0.000000E+0	1.964247E-4	2.976042E-9	0.000000E+0	0.000000E+0	1.004022E+1	0.000000E+0	3.000000E+0
24-Apr-25	15:25:01	-0.000000E+0	4.711535E+0	-9.000000E-5	5.225000E-6	-4.000000E-7	3.565500E-4	4.000000E-6	0.000000E+0	0.000000E+0	1.964247E-4	2.976042E-9	0.000000E+0	0.000000E+0	1.004022E+1	0.000000E+0	3.000000E+0
24-Apr-25	15:25:01	-0.000000E+0	4.712310E+0	-9.000000E-5	5.245000E-6	-4.050000E-7	3.566500E-4	4.100000E-6	0.000000E+0	0.000000E+0	1.964247E-4	2.976042E-9	0.000000E+0	0.000000E+0	1.004022E+1	0.000000E+0	3.000000E+0
24-Apr-25	15:25:02	-0.000000E+0	4.717670E+0	-9.000000E-5	5.270000E-6	-4.250000E-7	3.566500E-4	4.300000E-6	0.000000E+0	0.000000E+0	1.964247E-4	2.976042E-9	0.000000E+0	0.000000E+0	1.004022E+1	0.000000E+0	3.000000E+0
24-Apr-25	15:25:02	-0.000000E+0	4.720705E+0	-9.000000E-5	5.260000E-6	-4.350000E-7	3.562000E-4	4.650000E-6	0.000000E+0	0.000000E+0	1.964247E-4	2.976042E-9	0.000000E+0	0.000000E+0	1.004022E+1	0.000000E+0	3.000000E+0
24-Apr-25	15:25:03	-0.000000E+0	4.723425E+0	-9.000000E-5	5.225000E-6	-4.200000E-7	3.562000E-4	4.100000E-6	0.000000E+0	0.000000E+0	1.964247E-4	2.976042E-9	0.000000E+0	0.000000E+0	1.004022E+1	0.000000E+0	3.000000E+0
24-Apr-25	15:25:03	-0.000000E+0	4.726735E+0	-9.000000E-5	5.265000E-6	-3.800000E-7	3.568000E-4	4.100000E-6	0.000000E+0	0.000000E+0	1.964247E-4	2.976042E-9	0.000000E+0	0.000000E+0	1.004022E+1	0.000000E+0	3.000000E+0
24-Apr-25	15:25:04	-0.000000E+0	4.729750E+0	-9.000000E-5	5.265000E-6	-4.000000E-7	3.567500E-4	3.800000E-6	0.000000E+0	0.000000E+0	1.964247E-4	2.976042E-9	0.000000E+0	0.000000E+0	1.004022E+1	0.000000E+0	3.000000E+0
24-Apr-25	15:25:04	-0.000000E+0	4.732740E+0	-9.000000E-5	5.265000E-6	-3.850000E-7	3.561500E-4	4.100000E-6	0.000000E+0	0.000000E+0	1.964247E-4	2.976042E-9	0.000000E+0	0.000000E+0	1.004022E+1	0.000000E+0	3.000000E+0
24-Apr-25	15:25:05	-0.000000E+0	4.736030E+0	-9.000000E-5	5.245000E-6	-4.100000E-7	3.560500E-4	3.650000E-6	0.000000E+0	0.000000E+0	1.964247E-4	2.976042E-9	0.000000E+0	0.000000E+0	1.004022E+1	0.000000E+0	3.000000E+0
24-Apr-25	15:25:05	-0.000000E+0	4.738995E+0	-9.000000E-5	5.260000E-6	-4.000000E-7	3.562000E-4	4.500000E-6	0.000000E+0	0.000000E+0	1.964247E-4	2.976042E-9	0.000000E+0	0.000000E+0	1.004022E+1	0.000000E+0	3.000000E+0
24-Apr-25	15:25:06	-0.000000E+0	4.739435E+0	-9.000000E-5	5.315000E-6	-4.300000E-7	3.561500E-4	4.250000E-6	0.000000E+0	0.000000E+0	1.964247E-4	2.976042E-9	0.000000E+0	0.000000E+0	1.004022E+1	0.000000E+0	3.000000E+0
24-Apr-25	15:25:06	-0.000000E+0	4.744620E+0	-9.000000E-5	5.315000E-6	-4.350000E-7	3.565000E-4	4.300000E-6	0.000000E+0	0.000000E+0	1.964247E-4	2.976042E-9	0.000000E+0	0.000000E+0	1.004022E+1	0.000000E+0	3.000000E+0
24-Apr-25	15:25:07	-0.000000E+0	4.746975E+0	-9.000000E-5	5.260000E-6	-4.650000E-7	3.559000E-4	3.800000E-6	0.000000E+0	0.000000E+0	1.964247E-4	2.976042E-9	0.000000E+0	0.000000E+0	1.004022E+1	0.000000E+0	3.000000E+0
24-Apr-25	15:25:07	-0.000000E+0	4.749190E+0	-9.000000E-5	5.255000E-6	-4.300000E-7	3.565500E-4	4.250000E-6	0.000000E+0	0.000000E+0	1.964247E-4	2.976042E-9	0.000000E+0	0.000000E+0	1.004022E+1	0.000000E+0	3.000000E+0
24-Apr-25	15:25:08	-0.000000E+0	4.749780E+0	-9.000000E-5	5.265000E-6	-3.850000E-7	3.562500E-4	3.950000E-6	0.000000E+0	0.000000E+0	1.964247E-4	2.976042E-9	0.000000E+0	0.000000E+0	1.004022E+1	0.000000E+0	3.000000E+0
24-Apr-25	15:25:08	-0.000000E+0	4.754345E+0	-9.000000E-5	5.275000E-6	-3.850000E-7	3.571000E-4	3.950000E-6	0.000000E+0	0.000000E+0	1.964247E-4	2.976042E-9	0.000000E+0	0.000000E+0	1.004022E+1	0.000000E+0	3.000000E+0
24-Apr-25	15:25:09	-0.000000E+0	4.757300E+0	-9.000000E-5	5.225000E-6	-4.150000E-7	3.563500E-4	3.600000E-6	0.000000E+0	0.000000E+0	1.964247E-4	2.976042E-9	0.000000E+0	0.000000E+0	1.004022E+1	0.000000E+0	3.000000E+0
24-Apr-25	15:25:09	-0.000000E+0	4.757920E+0	-9.000000E-5	5.250000E-6	-4.300000E-7	3.556500E-4	4.300000E-6	0.000000E+0	0.000000E+0	1.964247E-4	2.976042E-9	0.000000E+0	0.000000E+0	1.004022E+1	0.000000E+0	3.000000E+0
24-Apr-25	15:25:10	-0.000000E+0	4.762440E+0	-9.000000E-5	5.240000E-6	-4.200000E-7	3.565000E-4	4.250000E-6	0.000000E+0	0.000000E+0	1.964247E-4	2.976042E-9	0.000000E+0	0.000000E+0	1.004022E+1	0.000000E+0	3.000000E+0
24-Apr-25	15:25:10	-0.000000E+0	4.764380E+0	-9.000000E-5	5.210000E-6	-3.850000E-7	3.566500E-4	4.250000E-6	0.000000E+0	0.000000E+0	1.964247E-4	2.976042E-9	0.000000E+0	0.000000E+0	1.004022E+1	0.000000E+0	3.000000E+0
24-Apr-25	15:25:11	-0.000000E+0	4.766785E+0	-9.000000E-5	5.215000E-6	-3.750000E-7	3.559000E-4	3.900000E-6	0.000000E+0	0.000000E+0	1.964247E-4	2.976042E-9	0.000000E+0	0.000000E+0	1.004022E+1	0.000000E+0	3.000000E+0
24-Apr-25	15:25:11	-0.000000E+0	4.769195E+0	-9.000000E-5	5.245000E-6	-3.400000E-7	3.562000E-4	4.500000E-6	0.000000E+0	0.000000E+0	1.964247E-4	2.976042E-9	0.000000E+0	0.000000E+0	1.004022E+1	0.000000E+0	3.000000E+0
24-Apr-25	15:25:12	-0.000000E+0	4.771565E+0	-9.000000E-5	5.205000E-6	-3.900000E-7	3.563500E-4	4.550000E-6	0.000000E+0	0.000000E+0	1.964247E-4	2.976042E-9	0.000000E+0	0.000000E+0	1.004022E+1	0.000000E+0	3.000000E+0
24-Apr-25	15:25:12	-0.000000E+0	4.773720E+0	-9.000000E-5	5.225000E-6	-5.100000E-7	3.563500E-4	3.900000E-6	0.000000E+0	0.000000E+0	1.964247E-4	2.976042E-9	0.000000E+0	0.000000E+0	1.004022E+1	0.000000E+0	3.000000E+0
24-Apr-25	15:25:13	-0.000000E+0	4.776575E+0	-9.000000E-5	5.285000E-6	-4.400000E-7	3.567000E-4	4.150000E-6	0.000000E+0	0.000000E+0	1.964247E-4	2.976042E-9	0.000000E+0	0.000000E+0	1.004022E+1	0.000000E+0	3.000000E+0
24-Apr-25	15:25:13	-0.000000E+0	4.779220E+0	-9.000000E-5	5.260000E-6	-4.200000E-7	3.568500E-4	3.950000E-6	0.000000E+0	0.000000E+0	1.964247E-4	2.976042E-9	0.000000E+0	0.000000E+0	1.004022E+1	0.000000E+0	3.000000E+0
24-Apr-25	15:25:14	-0.000000E+0	4.781385E+0	-9.000000E-5	5.220000E-6	-4.200000E-7	3.569000E-4	4.100000E-6	0.000000E+0	0.000000E+0	1.964247E-4	2.976042E-9	0.000000E+0	0.000000E+0	1.004022E+1	0.000000E+0	3.000000E+0
24-Apr-25	15:25:14	-0.000000E+0	4.783505E+0	-9.000000E-5	5.225000E-6	-4.700000E-7	3.566500E-4	4.200000E-6	0.000000E+0	0.000000E+0	1.964247E-4	2.976042E-9	0.000000E+0	0.000000E+0	1.004022E+1	0.000000E+0	3.000000E+0
24-Apr-25	15:25:15	-0.000000E+0	4.785885E+0	-9.000000E-5	5.220000E-6	-4.700000E-7	3.563000E-4	4.200000E-6	0.000000E+0	0.000000E+0	1.964247E-4	2.976042E-9	0.000000E+0	0.000000E+0	1.004022E+1	0.000000E+0	3.000000E+0
24-Apr-25	15:25:15	-0.000000E+0	4.787805E+0	-9.000000E-5	5.270000E-6	-4.050000E-7	3.562500E-4	4.350000E-6	0.000000E+0	0.000000E+0	1.964247E-4	2.976042E-9	0.000000E+0	0.000000E+0	1.004022E+1	0.000000E+0	3.000000E+0
24-Apr-25	15:25:16	-0.000000E+0	4.788365E+0	-9.000000E-5	5.260000E-6	-4.100000E-7	3.565000E-4	3.850000E-6	0.000000E+0	0.000000E+0	1.964247E-4	2.976042E-9	0.000000E+0	0.000000E+0	1.004022E+1	0.000000E+0	3.000000E+0
24-Apr-25	15:25:16	-0.000000E+0	4.792705E+0	-9.000000E-5	5.300000E-6	-4.150000E-7	3.568000E-4	4.200000E-6	0.000000E+0	0.000000E+0	1.964247E-4	2.976042E-9	0.000000E+0	0.000000E+0	1.004022E+1	0.000000E+0	3.000000E+0
24-Apr-25	15:25:17	-0.000000E+0	4.794795E+0	-9.000000E-5	5.280000E-6	-4.400000E-7	3.568500E-4	4.650000E-6	0.000000E+0	0.000000E+0	1.964247E-4	2.976042E-9	0.000000E+0	0.000000E+0	1.004022E+1	0.000000E+0	3.000000E+0
24-Apr-25	15:25:17	-0.000000E+0	4.797120E+0	-9.000000E-5	5.275000E-6	-4.300000E-7	3.551500E-4	5.300000E-6	0.000000E+0	0.000000E+0	1.964247E-4	2.976042E-9	0.000000E+0	0.000000E+0	1.004022E+1	0.000000E+0	3.000000E+0
24-Apr-25	15:25:18	-0.000000E+0	4.799185E+0	-9.000000E-5	5.245000E-6	-4.300000E-7	3.567500E-4	4.000000E-6	0.000000E+0	0.000000E+0	1.964247E-4	2.976042E-9	0.000000E+0	0.000000E+0	1.004022E+1	0.000000E+0	3.000000E+0
24-Apr-25	15:25:18	-0.000000E+0	4.801715E+0	-9.000000E-5	5.260000E-6	-4.350000E-7	3.555000E-4	3.500000E-6	0.000000E+0	0.000000E+0	1.964247E-4	2.976042E-9	0.000000E+0	0.000000E+0	1.004022E+1	0.000000E+0	3.000000E+0
24-Apr-25	15:25:19	-0.000000E+0	4.803865E+0	-9.000000E-5	5.295000E-6	-4.600000E-7	3.563500E-4	4.000000E-6	0.000000E+0	0.000000E+0	1.964247E-4	2.976042E-9	0.000000E+0	0.000000E+0	1.004022E+1	0.000000E+0	3.000000E+0
24-Apr-25	15:25:19	-0.000000E+0	4.806390E+0	-9.000000E-5	5.245000E-6	-4.100000E-7	3.567500E-4	3.900000E-6	0.000000E+0	0.000000E+0	1.964247E-4	2.976042E-9	0.000000E+0	0.000000E+0	1.004022E+1	0.000000E+0	3.000000E+0
24-Apr-25	15:25:20	-0.000000E+0	4.808665E+0	-9.000000E-5	5.235000E-6	-4.350000E-7	3.563000E-4	4.250000E-6	0.000000E+0	0.000000E+0	1.964247E-4	2.976042E-9	0.000000E+0	0.000000E+0	1.004022E+1	0.000000E+0	3.000000E+0
24-Apr-25	15:25:20	-0.000000E+0	4.811160E+0	-9.000000E-5	5.225000E-6	-4.450000E-7	3.569000E-4	3.950000E-6	0.000000E+0	0.000000E+0	1.964247E-4	2.976042E-9	0.000000E+0	0.000000E+0	1.004022E+1	0.000000E+0	3.000000E+0
24-Apr-25	15:25:21	-0.000000E+0	4.813205E+0	-9.000000E-5	5.230000E-6	-4.150000E-7	3.566000E-4	4.200000E-6	0.000000E+0	0.000000E+0	1.964247E-4	2.976042E-9	0.000000E+0	0.000000E+0	1.004022E+1	0.000000E+0	3.000000E+0
24-Apr-25	15:25:21	-0.000000E+0	4.815685E+0	-9.000000E-5	5.260000E-6	-4.450000E-7	3.563000E-4	4.050000E-6	0.000000E+0	0.000000E+0	1.964247E-4	2.976042E-9	0.000000E+0	0.000000E+0	1.004022E+1	0.000000E+0	3.000000E+0
24-Apr-25	15:25:22	-0.000000E+0	4.817695E+0	-9.000000E-5	5.255000E-6	-4.150000E-7	3.565000E-4	3.750000E-6	0.000000E+0	0.000000E+0	1.964247E-4	2.976042E-9	0.000000E+0	0.000000E+0	1.004022E+1	0.000000E+0	3.000000E+0
24-Apr-25	15:25:22	-0.000000E+0	4.819955E+0	-9.000000E-5	5.250000E-6	-4.250000E-7	3.567500E-4	4.600000E-6	0.000000E+0	0.000000E+0	1.964247E-4	2.976042E-9	0.000000E+0	0.000000E+0	1.004022E+1	0.000000E+0	3.000000E+0
24-Apr-25	15:25:23	-0.000000E+0	4.821975E+0	-9.000000E-5	5.260000E-6	-4.050000E-7	3.563500E-4	4.500000E-6	0.000000E+0	0.000000E+0	1.964247E-4	2.976042E-9	0.000000E+0	0.000000E+0	1.004022E+1	0.000000E+0	3.000000E+0
24-Apr-25	15:25:23	-0.000000E+0	4.823975E+0	-9.000000E-5	5.255000E-6	-4.100000E-7	3.568000E-4	4.250000E-6	0.000000E+0	0.000000E+0	1.964247E-4	2.976042E-9	0.000000E+0	0.000000E+0	1.004022E+1	0.000000E+0	3.000000E+0
24-Apr-25	15:25:24	-0.000000E+0	4.826420E+0	-9.000000E-5	5.270000E-6	-3.950000E-7	3.568000E-4	4.100000E-6	0.000000E+0	0.000000E+0	1.964247E-4	2.976042E-9	0.000000E+0	0.000000E+0	1.004022E+1	0.000000E+0	3.000000E+0
24-Apr-25	15:25:24	-0.000000E+0	4.828480E+0	-9.000000E-5	5.245000E-6	-4.150000E-7	3.563500E-4	3.900000E-6	0.000000E+0	0.000000E+0	1.964247E-4	2.976042E-9	0.000000E+0	0.000000E+0	1.004022E+1	0.000000E+0	3.000000E+0
24-Apr-25	15:25:25	-0.000000E+0	4.830480E+0	-9.000000E-5	5.270000E-6	-4.400000E-7	3.565000E-4	3.700000E-6	0.000000E+0	0.000000E+0	1.964247E-4	2.976042E-9	0.000000E+0	0.000000E+0	1.004022E+1	0.000000E+0	3.000000E+0
24-Apr-25	15:25:25	-0.000000E+0	4.830810E+0	-9.000000E-5	5.310000E-6	-4.500000E-7	3.569500E-4	4.000000E-6	0.000000E+0	0.000000E+0	1.964247E-4	2.976042E-9	0.000000E+0	0.000000E+0	1.004022E+1	0.000000E+0	3.000000E+0
24-Apr-25	15:25:26	-0.000000E+0	4.834670E+0	-9.000000E-5	5.325000E-6	-4.050000E-7	3.563500E-4	4.550000E-6	0.000000E+0	0.000000E+0	1.964247E-4	2.976042E-9	0.000000E+0	0.000000E+0	1.004022E+1	0.000000E+0	3.000000E+0
24-Apr-25	15:25:26	-0.000000E+0	4.836865E+0	-9.000000E-5	5.285000E-6	-4.050000E-7	3.569500E-4	4.300000E-6	0.000000E+0	0.000000E+0	1.964247E-4	2.976042E-9	0.000000E+0	0.000000E+0	1.004022E+1	0.000000E+0	3.000000E+0
24-Apr-25	15:25:27	-0.000000E+0	4.839045E+0	-9.000000E-5	5.275000E-6	-4.200000E-7	3.561000E-4	4.350000E-6	0.000000E+0	0.000000E+0	1.964247E-4	2.976042E-9	0.000000E+0	0.000000E+0	1.004022E+1	0.000000E+0	3.000000E+0
24-Apr-25	15:25:27	-0.000000E+0	4.839360E+0	-9.000000E-5	5.290000E-6	-4.750000E-7	3.565500E-4	4.650000E-6	0.000000E+0	0.000000E+0	1.964247E-4	2.976042E-9	0.000000E+0	0.000000E+0	1.004022E+1	0.000000E+0	3.000000E+0
24-Apr-25	15:25:27	-0.000000E+0	4.842970E+0	-9.000000E-5	5.285000E-6	-4.350000E-7	3.568000E-4	4.200000E-6	0.000000E+0	0.000000E+0	1.964247E-4	2.976042E-9	0.000000E+0	0.000000E+0	1.004022E+1	0.000000E+0	3.000000E+0
24-Apr-25	15:25:28	-0.000000E+0	4.845135E+0	-9.000000E-5	5.285000E-6	-4.250000E-7	3.563500E-4	4.000000E-6	0.000000E+0	0.000000E+0	1.964247E-4	2.976042E-9	0.000000E+0	0.000000E+0	1.004022E+1	0.000000E+0	3.000000E+0
24-Apr-25	15:25:28	-0.000000E+0	4.847070E+0	-9.000000E-5	5.265000E-6	-4.550000E-7	3.566000E-4	4.600000E-6	0.000000E+0	0.000000E+0	1.964247E-4	2.976042E-9	0.000000E+0	0.000000E+0	1.004022E+1	0.000000E+0	3.000000E+0
24-Apr-25	15:25:29	-0.000000E+0	4.849450E+0	-9.000000E-5	5.225000E-6	-4.450000E-7	3.564500E-4	4.650000E-6	0.000000E+0	0.000000E+0	1.964247E-4	2.976042E-9	0.000000E+0	0.000000E+0	1.004022E+1	0.000000E+0	3.000000E+0
24-Apr-25	15:25:29	-0.000000E+0	4.851385E+0	-9.000000E-5	5.260000E-6	-4.500000E-7	3.571500E-4	3.850000E-6	0.000000E+0	0.000000E+0	1.964247E-4	2.976042E-9	0.000000E+0	0.000000E+0	1.004022E+1	0.000000E+0	3.000000E+0
24-Apr-25	15:25:30	-0.000000E+0	4.851705E+0	-9.000000E-5	5.300000E-6	-4.200000E-7	3.568000E-4	4.250000E-6	0.000000E+0	0.000000E+0	1.964247E-4	2.976042E-9	0.000000E+0	0.000000E+0	1.004022E+1	0.000000E+0	3.000000E+0
24-Apr-25	15:25:30	-0.000000E+0	4.855470E+0	-9.000000E-5	5.305000E-6	-4.300000E-7	3.568000E-4	4.000000E-6	0.000000E+0	0.000000E+0	1.964247E-4	2.976042E-9	0.000000E+0	0.000000E+0	1.004022E+1	0.000000E+0	3.000000E+0
24-Apr-25	15:25:31	-0.000000E+0	4.857375E+0	-9.000000E-5	5.295000E-6	-4.150000E-7	3.565000E-4	4.550000E-6	0.000000E+0	0.000000E+0	1.964247E-4	2.976042E-9	0.000000E+0	0.000000E+0	1.004022E+1	0.000000E+0	3.000000E+0
24-Apr-25	15:25:31	-0.000000E+0	4.859295E+0	-9.000000E-5	5.265000E-6	-3.700000E-7	3.567500E-4	3.950000E-6	0.000000E+0	0.000000E+0	1.964247E-4	2.976042E-9	0.000000E+0	0.000000E+0	1.004022E+1	0.000000E+0	3.000000E+0
24-Apr-25	15:25:32	-0.000000E+0	4.859865E+0	-9.000000E-5	5.280000E-6	-3.950000E-7	3.569500E-4	3.850000E-6	0.000000E+0	0.000000E+0	1.964247E-4	2.976042E-9	0.000000E+0	0.000000E+0	1.004022E+1	0.000000E+0	3.000000E+0
24-Apr-25	15:25:32	-0.000000E+0	4.863595E+0	-9.000000E-5	5.300000E-6	-4.400000E-7	3.565000E-4	3.950000E-6	0.000000E+0	0.000000E+0	1.964247E-4	2.976042E-9	0.000000E+0	0.000000E+0	1.004022E+1	0.000000E+0	3.000000E+0
24-Apr-25	15:25:33	-0.000000E+0	4.865485E+0	-9.000000E-5	5.260000E-6	-4.250000E-7	3.567500E-4	4.150000E-6	0.000000E+0	0.000000E+0	1.964247E-4	2.976042E-9	0.000000E+0	0.000000E+0	1.004022E+1	0.000000E+0	3.000000E+0
24-Apr-25	15:25:33	-0.000000E+0	4.867370E+0	-9.000000E-5	5.250000E-6	-4.650000E-7	3.562500E-4	4.050000E-6	0.000000E+0	0.000000E+0	1.964247E-4	2.976042E-9	0.000000E+0	0.000000E+0	1.004022E+1	0.000000E+0	3.000000E+0
24-Apr-25	15:25:34	-0.000000E+0	4.869240E+0	-9.000000E-5	5.270000E-6	-4.350000E-7	3.566500E-4	3.950000E-6	0.000000E+0	0.000000E+0	1.964247E-4	2.976042E-9	0.000000E+0	0.000000E+0	1.004022E+1	0.000000E+0	3.000000E+0
24-Apr-25	15:25:34	-0.000000E+0	4.871165E+0	-9.000000E-5	5.260000E-6	-4.150000E-7	3.565000E-4	4.000000E-6	0.000000E+0	0.000000E+0	1.964247E-4	2.976042E-9	0.000000E+0	0.000000E+0	1.004022E+1	0.000000E+0	3.000000E+0
24-Apr-25	15:25:35	-0.000000E+0	4.873275E+0	-9.000000E-5	5.245000E-6	-4.100000E-7	3.562000E-4	4.500000E-6	0.000000E+0	0.000000E+0	1.964247E-4	2.976042E-9	0.000000E+0	0.000000E+0	1.004022E+1	0.000000E+0	3.000000E+0
24-Apr-25	15:25:35	-0.000000E+0	4.873565E+0	-9.000000E-5	5.275000E-6	-3.950000E-7	3.565500E-4	4.450000E-6	0.000000E+0	0.000000E+0	1.964247E-4	2.976042E-9	0.000000E+0	0.000000E+0	1.004022E+1	0.000000E+0	3.000000E+0
24-Apr-25	15:25:36	-0.000000E+0	4.877000E+0	-9.000000E-5	5.295000E-6	-4.450000E-7	3.566000E-4	3.550000E-6	0.000000E+0	0.000000E+0	1.964247E-4	2.976042E-9	0.000000E+0	0.000000E+0	1.004022E+1	0.000000E+0	3.000000E+0
24-Apr-25	15:25:36	-0.000000E+0	4.879055E+0	-9.000000E-5	5.325000E-6	-4.500000E-7	3.563000E-4	4.300000E-6	0.000000E+0	0.000000E+0	1.964247E-4	2.976042E-9	0.000000E+0	0.000000E+0	1.004022E+1	0.000000E+0	3.000000E+0
24-Apr-25	15:25:36	-0.000000E+0	4.880910E+0	-9.000000E-5	5.285000E-6	-4.600000E-7	3.568500E-4	3.950000E-6	0.000000E+0	0.000000E+0	1.964247E-4	2.976042E-9	0.000000E+0	0.000000E+0	1.004022E+1	0.000000E+0	3.000000E+0
24-Apr-25	15:25:37	-0.000000E+0	4.883370E+0	-9.000000E-5	5.265000E-6	-4.100000E-7	3.569000E-4	4.100000E-6	0.000000E+0	0.000000E+0	1.964247E-4	2.976042E-9	0.000000E+0	0.000000E+0	1.004022E+1	0.000000E+0	3.000000E+0
24-Apr-25	15:25:38	-0.000000E+0	4.885215E+0	-9.000000E-5	5.280000E-6	-4.050000E-7	3.568000E-4	4.100000E-6	0.000000E+0	0.000000E+0	1.964247E-4	2.976042E-9	0.000000E+0	0.000000E+0	1.004022E+1	0.000000E+0	3.000000E+0
24-Apr-25	15:25:38	-0.000000E+0	4.887530E+0	-9.000000E-5	5.280000E-6	-4.400000E-7	3.568000E-4	3.650000E-6	0.000000E+0	0.000000E+0	1.964247E-4	2.976042E-9	0.000000E+0	0.000000E+0	1.004022E+1	0.000000E+0	3.000000E+0
24-Apr-25	15:25:39	-0.000000E+0	4.889770E+0	-9.000000E-5	5.260000E-6	-4.650000E-7	3.564000E-4	4.400000E-6	0.000000E+0	0.000000E+0	1.964247E-4	2.976042E-9	0.000000E+0	0.000000E+0	1.004022E+1	0.000000E+0	3.000000E+0
24-Apr-25	15:25:39	-0.000000E+0	4.891595E+0	-9.000000E-5	5.290000E-6	-4.650000E-7	3.570500E-4	2.900000E-6	0.000000E+0	0.000000E+0	1.964247E-4	2.976042E-9	0.000000E+0	0.000000E+0	1.004022E+1	0.000000E+0	3.000000E+0
24-Apr-25	15:25:40	-0.000000E+0	4.893610E+0	-9.000000E-5	5.295000E-6	-4.200000E-7	3.565000E-4	4.050000E-6	0.000000E+0	0.000000E+0	1.964247E-4	2.976042E-9	0.000000E+0	0.000000E+0	1.004022E+1	0.000000E+0	3.000000E+0
24-Apr-25	15:25:40	-0.000000E+0	4.895645E+0	-9.000000E-5	5.280000E-6	-3.950000E-7	3.569500E-4	4.200000E-6	0.000000E+0	0.000000E+0	1.964247E-4	2.976042E-9	0.000000E+0	0.000000E+0	1.004022E+1	0.000000E+0	3.000000E+0
24-Apr-25	15:25:41	-0.000000E+0	4.897485E+0	-9.000000E-5	5.290000E-6	-4.350000E-7	3.563500E-4	3.950000E-6	0.000000E+0	0.000000E+0	1.964247E-4	2.976042E-9	0.000000E+0	0.000000E+0	1.004022E+1	0.000000E+0	3.000000E+0
24-Apr-25	15:25:41	-0.000000E+0	4.899285E+0	-9.000000E-5	5.255000E-6	-4.450000E-7	3.573500E-4	4.650000E-6	0.000000E+0	0.000000E+0	1.964247E-4	2.976042E-9	0.000000E+0	0.000000E+0	1.004022E+1	0.000000E+0	3.000000E+0
24-Apr-25	15:25:42	-0.000000E+0	4.901680E+0	-9.000000E-5	5.265000E-6	-4.500000E-7	3.567000E-4	4.150000E-6	0.000000E+0	0.000000E+0	1.964247E-4	2.976042E-9	0.000000E+0	0.000000E+0	1.004022E+1	0.000000E+0	3.000000E+0
24-Apr-25	15:25:42	-0.000000E+0	4.903470E+0	-9.000000E-5	5.265000E-6	-4.450000E-7	3.569500E-4	3.850000E-6	0.000000E+0	0.000000E+0	1.964247E-4	2.976042E-9	0.000000E+0	0.000000E+0	1.004022E+1	0.000000E+0	3.000000E+0
24-Apr-25	15:25:43	-0.000000E+0	4.905680E+0	-9.000000E-5	5.260000E-6	-4.300000E-7	3.571000E-4	3.950000E-6	0.000000E+0	0.000000E+0	1.964247E-4	2.976042E-9	0.000000E+0	0.000000E+0	1.004022E+1	0.000000E+0	3.000000E+0
24-Apr-25	15:25:43	-0.000000E+0	4.907880E+0	-9.000000E-5	5.290000E-6	-4.400000E-7	3.564500E-4	4.100000E-6	0.000000E+0	0.000000E+0	1.964247E-4	2.976042E-9	0.000000E+0	0.000000E+0	1.004022E+1	0.000000E+0	3.000000E+0
24-Apr-25	15:25:44	-0.000000E+0	4.909645E+0	-9.000000E-5	5.230000E-6	-4.150000E-7	3.568500E-4	4.400000E-6	0.000000E+0	0.000000E+0	1.964247E-4	2.976042E-9	0.000000E+0	0.000000E+0	1.004022E+1	0.000000E+0	3.000000E+0
24-Apr-25	15:25:44	-0.000000E+0	4.911405E+0	-9.000000E-5	5.240000E-6	-4.150000E-7	3.565000E-4	3.900000E-6	0.000000E+0	0.000000E+0	1.964247E-4	2.976042E-9	0.000000E+0	0.000000E+0	1.004022E+1	0.000000E+0	3.000000E+0
24-Apr-25	15:25:45	-0.000000E+0	4.913570E+0	-9.000000E-5	5.295000E-6	-4.000000E-7	3.568000E-4	4.050000E-6	0.000000E+0	0.000000E+0	1.964247E-4	2.976042E-9	0.000000E+0	0.000000E+0	1.004022E+1	0.000000E+0	3.000000E+0
24-Apr-25	15:25:45	-0.000000E+0	4.915320E+0	-9.000000E-5	5.315000E-6	-4.150000E-7	3.572000E-4	4.300000E-6	0.000000E+0	0.000000E+0	1.964247E-4	2.976042E-9	0.000000E+0	0.000000E+0	1.004022E+1	0.000000E+0	3.000000E+0
24-Apr-25	15:25:46	-0.000000E+0	4.917270E+0	-9.000000E-5	5.315000E-6	-4.700000E-7	3.569500E-4	4.100000E-6	0.000000E+0	0.000000E+0	1.964247E-4	2.976042E-9	0.000000E+0	0.000000E+0	1.004022E+1	0.000000E+0	3.000000E+0
24-Apr-25	15:25:46	-0.000000E+0	4.919025E+0	-9.000000E-5	5.280000E-6	-4.450000E-7	3.568000E-4	4.450000E-6	0.000000E+0	0.000000E+0	1.964247E-4	2.976042E-9	0.000000E+0	0.000000E+0	1.004022E+1	0.000000E+0	3.000000E+0
24-Apr-25	15:25:47	-0.000000E+0	4.921355E+0	-9.000000E-5	5.250000E-6	-4.750000E-7	3.566500E-4	4.600000E-6	0.000000E+0	0.000000E+0	1.964247E-4	2.976042E-9	0.000000E+0	0.000000E+0	1.004022E+1	0.000000E+0	3.000000E+0
24-Apr-25	15:25:47	-0.000000E+0	4.923125E+0	-9.000000E-5	5.260000E-6	-4.550000E-7	3.570500E-4	3.850000E-6	0.000000E+0	0.000000E+0	1.964247E-4	2.976042E-9	0.000000E+0	0.000000E+0	1.004022E+1	0.000000E+0	3.000000E+0
24-Apr-25	15:25:48	-0.000000E+0	4.925235E+0	-9.000000E-5	5.290000E-6	-4.200000E-7	3.562500E-4	4.200000E-6	0.000000E+0	0.000000E+0	1.964247E-4	2.976042E-9	0.000000E+0	0.000000E+0	1.004022E+1	0.000000E+0	3.000000E+0
24-Apr-25	15:25:48	-0.000000E+0	4.926945E+0	-9.000000E-5	5.290000E-6	-4.350000E-7	3.565000E-4	4.500000E-6	0.000000E+0	0.000000E+0	1.964247E-4	2.976042E-9	0.000000E+0	0.000000E+0	1.004022E+1	0.000000E+0	3.000000E+0
24-Apr-25	15:25:49	-0.000000E+0	4.929060E+0	-9.000000E-5	5.255000E-6	-4.550000E-7	3.570500E-4	3.850000E-6	0.000000E+0	0.000000E+0	1.964247E-4	2.976042E-9	0.000000E+0	0.000000E+0	1.004022E+1	0.000000E+0	3.000000E+0
24-Apr-25	15:25:49	-0.000000E+0	4.930775E+0	-9.000000E-5	5.280000E-6	-4.700000E-7	3.561500E-4	3.850000E-6	0.000000E+0	0.000000E+0	1.964247E-4	2.976042E-9	0.000000E+0	0.000000E+0	1.004022E+1	0.000000E+0	3.000000E+0
24-Apr-25	15:25:50	-0.000000E+0	4.931055E+0	-9.000000E-5	5.300000E-6	-4.400000E-7	3.564500E-4	4.450000E-6	0.000000E+0	0.000000E+0	1.964247E-4	2.976042E-9	0.000000E+0	0.000000E+0	1.004022E+1	0.000000E+0	3.000000E+0
24-Apr-25	15:25:50	-0.000000E+0	4.934190E+0	-9.000000E-5	5.315000E-6	-4.150000E-7	3.566500E-4	3.800000E-6	0.000000E+0	0.000000E+0	1.964247E-4	2.976042E-9	0.000000E+0	0.000000E+0	1.004022E+1	0.000000E+0	3.000000E+0
24-Apr-25	15:25:50	-0.000000E+0	4.936085E+0	-9.000000E-5	5.305000E-6	-3.700000E-7	3.562000E-4	3.400000E-6	0.000000E+0	0.000000E+0	1.964247E-4	2.976042E-9	0.000000E+0	0.000000E+0	1.004022E+1	0.000000E+0	3.000000E+0
24-Apr-25	15:25:51	-0.000000E+0	4.937800E+0	-9.000000E-5	5.325000E-6	-3.850000E-7	3.572500E-4	3.450000E-6	0.000000E+0	0.000000E+0	1.964247E-4	2.976042E-9	0.000000E+0	0.000000E+0	1.004022E+1	0.000000E+0	3.000000E+0
24-Apr-25	15:25:52	-0.000000E+0	4.939875E+0	-9.000000E-5	5.310000E-6	-4.050000E-7	3.564500E-4	3.750000E-6	0.000000E+0	0.000000E+0	1.964247E-4	2.976042E-9	0.000000E+0	0.000000E+0	1.004022E+1	0.000000E+0	3.000000E+0
24-Apr-25	15:25:52	-0.000000E+0	4.941745E+0	-9.000000E-5	5.310000E-6	-4.250000E-7	3.573500E-4	4.300000E-6	0.000000E+0	0.000000E+0	1.964247E-4	2.976042E-9	0.000000E+0	0.000000E+0	1.004022E+1	0.000000E+0	3.000000E+0
24-Apr-25	15:25:53	-0.000000E+0	4.943790E+0	-9.000000E-5	5.295000E-6	-4.050000E-7	3.566500E-4	3.800000E-6	0.000000E+0	0.000000E+0	1.964247E-4	2.976042E-9	0.000000E+0	0.000000E+0	1.004022E+1	0.000000E+0	3.000000E+0
24-Apr-25	15:25:53	-0.000000E+0	4.945825E+0	-9.000000E-5	5.265000E-6	-4.000000E-7	3.565500E-4	3.850000E-6	0.000000E+0	0.000000E+0	1.964247E-4	2.976042E-9	0.000000E+0	0.000000E+0	1.004022E+1	0.000000E+0	3.000000E+0
24-Apr-25	15:25:54	-0.000000E+0	4.947475E+0	-9.000000E-5	5.325000E-6	-4.100000E-7	3.567500E-4	3.850000E-6	0.000000E+0	0.000000E+0	1.964247E-4	2.976042E-9	0.000000E+0	0.000000E+0	1.004022E+1	0.000000E+0	3.000000E+0
24-Apr-25	15:25:54	-0.000000E+0	4.947760E+0	-9.000000E-5	5.325000E-6	-4.200000E-7	3.566500E-4	4.100000E-6	0.000000E+0	0.000000E+0	1.964247E-4	2.976042E-9	0.000000E+0	0.000000E+0	1.004022E+1	0.000000E+0	3.000000E+0
24-Apr-25	15:25:55	-0.000000E+0	4.950995E+0	-9.000000E-5	5.295000E-6	-4.300000E-7	3.573500E-4	3.650000E-6	0.000000E+0	0.000000E+0	1.964247E-4	2.976042E-9	0.000000E+0	0.000000E+0	1.004022E+1	0.000000E+0	3.000000E+0
24-Apr-25	15:25:55	-0.000000E+0	4.952815E+0	-9.000000E-5	5.295000E-6	-4.500000E-7	3.565000E-4	4.450000E-6	0.000000E+0	0.000000E+0	1.964247E-4	2.976042E-9	0.000000E+0	0.000000E+0	1.004022E+1	0.000000E+0	3.000000E+0
24-Apr-25	15:25:56	-0.000000E+0	4.954625E+0	-9.000000E-5	5.290000E-6	-4.500000E-7	3.563500E-4	5.050000E-6	0.000000E+0	0.000000E+0	1.964247E-4	2.976042E-9	0.000000E+0	0.000000E+0	1.004022E+1	0.000000E+0	3.000000E+0
24-Apr-25	15:25:56	-0.000000E+0	4.956635E+0	-9.000000E-5	5.305000E-6	-4.400000E-7	3.570500E-4	3.950000E-6	0.000000E+0	0.000000E+0	1.964247E-4	2.976042E-9	0.000000E+0	0.000000E+0	1.004022E+1	0.000000E+0	3.000000E+0
24-Apr-25	15:25:57	-0.000000E+0	4.958475E+0	-9.000000E-5	5.260000E-6	-4.250000E-7	3.572000E-4	4.100000E-6	0.000000E+0	0.000000E+0	1.964247E-4	2.976042E-9	0.000000E+0	0.000000E+0	1.004022E+1	0.000000E+0	3.000000E+0
24-Apr-25	15:25:57	-0.000000E+0	4.960310E+0	-9.000000E-5	5.290000E-6	-4.400000E-7	3.569000E-4	3.950000E-6	0.000000E+0	0.000000E+0	1.964247E-4	2.976042E-9	0.000000E+0	0.000000E+0	1.004022E+1	0.000000E+0	3.000000E+0
24-Apr-25	15:25:58	-0.000000E+0	4.962295E+0	-9.000000E-5	5.295000E-6	-3.800000E-7	3.570000E-4	4.200000E-6	0.000000E+0	0.000000E+0	1.964247E-4	2.976042E-9	0.000000E+0	0.000000E+0	1.004022E+1	0.000000E+0	3.000000E+0
24-Apr-25	15:25:58	-0.000000E+0	4.964070E+0	-9.000000E-5	5.285000E-6	-4.100000E-7	3.568500E-4	4.550000E-6	0.000000E+0	0.000000E+0	1.964247E-4	2.976042E-9	0.000000E+0	0.000000E+0	1.004022E+1	0.000000E+0	3.000000E+0
24-Apr-25	15:25:59	-0.000000E+0	4.966100E+0	-9.000000E-5	5.310000E-6	-4.100000E-7	3.557500E-4	4.350000E-6	0.000000E+0	0.000000E+0	1.964247E-4	2.976042E-9	0.000000E+0	0.000000E+0	1.004022E+1	0.000000E+0	3.000000E+0
24-Apr-25	15:25:59	-0.000000E+0	4.966345E+0	-9.000000E-5	5.295000E-6	-4.550000E-7	3.571000E-4	4.450000E-6	0.000000E+0	0.000000E+0	1.964247E-4	2.976042E-9	0.000000E+0	0.000000E+0	1.004022E+1	0.000000E+0	3.000000E+0
24-Apr-25	15:26:00	-0.000000E+0	4.969660E+0	-9.000000E-5	5.305000E-6	-4.450000E-7	3.570500E-4	4.600000E-6	0.000000E+0	0.000000E+0	1.964247E-4	2.976042E-9	0.000000E+0	0.000000E+0	1.004022E+1	0.000000E+0	3.000000E+0
24-Apr-25	15:26:00	-0.000000E+0	4.971245E+0	-9.000000E-5	5.305000E-6	-4.450000E-7	3.566000E-4	4.250000E-6	0.000000E+0	0.000000E+0	1.964247E-4	2.976042E-9	0.000000E+0	0.000000E+0	1.004022E+1	0.000000E+0	3.000000E+0
24-Apr-25	15:26:01	-0.000000E+0	4.973005E+0	-9.000000E-5	5.295000E-6	-4.750000E-7	3.567500E-4	4.150000E-6	0.000000E+0	0.000000E+0	1.964247E-4	2.976042E-9	0.000000E+0	0.000000E+0	1.004022E+1	0.000000E+0	3.000000E+0
24-Apr-25	15:26:01	-0.000000E+0	4.974605E+0	-9.000000E-5	5.285000E-6	-4.550000E-7	3.571000E-4	4.400000E-6	0.000000E+0	0.000000E+0	1.964247E-4	2.976042E-9	0.000000E+0	0.000000E+0	1.004022E+1	0.000000E+0	3.000000E+0
24-Apr-25	15:26:02	-0.000000E+0	4.976575E+0	-9.000000E-5	5.310000E-6	-4.750000E-7	3.566000E-4	4.100000E-6	0.000000E+0	0.000000E+0	1.964247E-4	2.976042E-9	0.000000E+0	0.000000E+0	1.004022E+1	0.000000E+0	3.000000E+0
24-Apr-25	15:26:02	-0.000000E+0	4.978135E+0	-9.000000E-5	5.295000E-6	-4.150000E-7	3.569500E-4	3.900000E-6	0.000000E+0	0.000000E+0	1.964247E-4	2.976042E-9	0.000000E+0	0.000000E+0	1.004022E+1	0.000000E+0	3.000000E+0
24-Apr-25	15:26:03	-0.000000E+0	4.980235E+0	-9.000000E-5	5.270000E-6	-4.300000E-7	3.563000E-4	4.400000E-6	0.000000E+0	0.000000E+0	1.964247E-4	2.976042E-9	0.000000E+0	0.000000E+0	1.004022E+1	0.000000E+0	3.000000E+0
24-Apr-25	15:26:03	-0.000000E+0	4.981970E+0	-9.000000E-5	5.305000E-6	-4.050000E-7	3.571500E-4	4.500000E-6	0.000000E+0	0.000000E+0	1.964247E-4	2.976042E-9	0.000000E+0	0.000000E+0	1.004022E+1	0.000000E+0	3.000000E+0
24-Apr-25	15:26:04	-0.000000E+0	4.982235E+0	-9.000000E-5	5.360000E-6	-4.150000E-7	3.570500E-4	3.950000E-6	0.000000E+0	0.000000E+0	1.964247E-4	2.976042E-9	0.000000E+0	0.000000E+0	1.004022E+1	0.000000E+0	3.000000E+0
24-Apr-25	15:26:04	-0.000000E+0	4.985245E+0	-9.000000E-5	5.325000E-6	-4.400000E-7	3.570000E-4	4.350000E-6	0.000000E+0	0.000000E+0	1.964247E-4	2.976042E-9	0.000000E+0	0.000000E+0	1.004022E+1	0.000000E+0	3.000000E+0
24-Apr-25	15:26:05	-0.000000E+0	4.986825E+0	-9.000000E-5	5.355000E-6	-4.250000E-7	3.571500E-4	4.000000E-6	0.000000E+0	0.000000E+0	1.964247E-4	2.976042E-9	0.000000E+0	0.000000E+0	1.004022E+1	0.000000E+0	3.000000E+0
24-Apr-25	15:26:05	-0.000000E+0	4.988410E+0	-9.000000E-5	5.325000E-6	-3.950000E-7	3.569500E-4	3.800000E-6	0.000000E+0	0.000000E+0	1.964247E-4	2.976042E-9	0.000000E+0	0.000000E+0	1.004022E+1	0.000000E+0	3.000000E+0
24-Apr-25	15:26:06	-0.000000E+0	4.988820E+0	-9.000000E-5	5.335000E-6	-4.200000E-7	3.568500E-4	3.650000E-6	0.000000E+0	0.000000E+0	1.964247E-4	2.976042E-9	0.000000E+0	0.000000E+0	1.004022E+1	0.000000E+0	3.000000E+0
24-Apr-25	15:26:06	-0.000000E+0	4.991530E+0	-9.000000E-5	5.340000E-6	-4.300000E-7	3.569000E-4	4.150000E-6	0.000000E+0	0.000000E+0	1.964247E-4	2.976042E-9	0.000000E+0	0.000000E+0	1.004022E+1	0.000000E+0	3.000000E+0
24-Apr-25	15:26:06	-0.000000E+0	4.993235E+0	-9.000000E-5	5.325000E-6	-4.250000E-7	3.574000E-4	2.900000E-6	0.000000E+0	0.000000E+0	1.964247E-4	2.976042E-9	0.000000E+0	0.000000E+0	1.004022E+1	0.000000E+0	3.000000E+0
24-Apr-25	15:26:07	-0.000000E+0	4.994760E+0	-9.000000E-5	5.300000E-6	-4.250000E-7	3.568000E-4	4.800000E-6	0.000000E+0	0.000000E+0	1.964247E-4	2.976042E-9	0.000000E+0	0.000000E+0	1.004022E+1	0.000000E+0	3.000000E+0
24-Apr-25	15:26:07	-0.000000E+0	4.996285E+0	-9.000000E-5	5.325000E-6	-4.100000E-7	3.575500E-4	3.950000E-6	0.000000E+0	0.000000E+0	1.964247E-4	2.976042E-9	0.000000E+0	0.000000E+0	1.004022E+1	0.000000E+0	3.000000E+0
24-Apr-25	15:26:08	-0.000000E+0	4.998145E+0	-9.000000E-5	5.290000E-6	-4.250000E-7	3.568000E-4	3.950000E-6	0.000000E+0	0.000000E+0	1.964247E-4	2.976042E-9	0.000000E+0	0.000000E+0	1.004022E+1	0.000000E+0	3.000000E+0
24-Apr-25	15:26:08	-0.000000E+0	4.999650E+0	-9.000000E-5	5.255000E-6	-4.050000E-7	3.568000E-4	3.950000E-6	0.000000E+0	0.000000E+0	1.964247E-4	2.976042E-9	0.000000E+0	0.000000E+0	1.004022E+1	0.000000E+0	3.000000E+0
24-Apr-25	15:26:09	-0.000000E+0	5.001320E+0	-9.000000E-5	5.285000E-6	-3.750000E-7	3.567000E-4	4.400000E-6	0.000000E+0	0.000000E+0	1.964247E-4	2.976042E-9	0.000000E+0	0.000000E+0	1.004022E+1	0.000000E+0	3.000000E+0
24-Apr-25	15:26:09	-0.000000E+0	5.002825E+0	-9.000000E-5	5.360000E-6	-3.900000E-7	3.567500E-4	4.050000E-6	0.000000E+0	0.000000E+0	1.964247E-4	2.976042E-9	0.000000E+0	0.000000E+0	1.004022E+1	0.000000E+0	3.000000E+0
24-Apr-25	15:26:10	-0.000000E+0	5.004685E+0	-9.000000E-5	5.335000E-6	-4.300000E-7	3.576000E-4	3.950000E-6	0.000000E+0	0.000000E+0	1.964247E-4	2.976042E-9	0.000000E+0	0.000000E+0	1.004022E+1	0.000000E+0	3.000000E+0
24-Apr-25	15:26:10	-0.000000E+0	5.005255E+0	-9.000000E-5	5.315000E-6	-4.200000E-7	3.570500E-4	4.200000E-6	0.000000E+0	0.000000E+0	1.964247E-4	2.976042E-9	0.000000E+0	0.000000E+0	1.004022E+1	0.000000E+0	3.000000E+0
24-Apr-25	15:26:11	-0.000000E+0	5.008200E+0	-9.000000E-5	5.305000E-6	-4.150000E-7	3.566500E-4	3.750000E-6	0.000000E+0	0.000000E+0	1.964247E-4	2.976042E-9	0.000000E+0	0.000000E+0	1.004022E+1	0.000000E+0	3.000000E+0
24-Apr-25	15:26:11	-0.000000E+0	5.009900E+0	-9.000000E-5	5.265000E-6	-4.050000E-7	3.567500E-4	3.800000E-6	0.000000E+0	0.000000E+0	1.964247E-4	2.976042E-9	0.000000E+0	0.000000E+0	1.004022E+1	0.000000E+0	3.000000E+0
24-Apr-25	15:26:12	-0.000000E+0	5.011395E+0	-9.000000E-5	5.290000E-6	-4.100000E-7	3.568000E-4	4.100000E-6	0.000000E+0	0.000000E+0	1.964247E-4	2.976042E-9	0.000000E+0	0.000000E+0	1.004022E+1	0.000000E+0	3.000000E+0
24-Apr-25	15:26:12	-0.000000E+0	5.012895E+0	-9.000000E-5	5.290000E-6	-4.500000E-7	3.570500E-4	4.250000E-6	0.000000E+0	0.000000E+0	1.964247E-4	2.976042E-9	0.000000E+0	0.000000E+0	1.004022E+1	0.000000E+0	3.000000E+0
24-Apr-25	15:26:13	-0.000000E+0	5.014720E+0	-9.000000E-5	5.300000E-6	-4.350000E-7	3.571500E-4	4.100000E-6	0.000000E+0	0.000000E+0	1.964247E-4	2.976042E-9	0.000000E+0	0.000000E+0	1.004022E+1	0.000000E+0	3.000000E+0
24-Apr-25	15:26:13	-0.000000E+0	5.016225E+0	-9.000000E-5	5.300000E-6	-4.100000E-7	3.570000E-4	3.950000E-6	0.000000E+0	0.000000E+0	1.964247E-4	2.976042E-9	0.000000E+0	0.000000E+0	1.004022E+1	0.000000E+0	3.000000E+0
24-Apr-25	15:26:14	-0.000000E+0	5.017715E+0	-9.000000E-5	5.340000E-6	-4.200000E-7	3.567000E-4	4.650000E-6	0.000000E+0	0.000000E+0	1.964247E-4	2.976042E-9	0.000000E+0	0.000000E+0	1.004022E+1	0.000000E+0	3.000000E+0
24-Apr-25	15:26:14	-0.000000E+0	5.019550E+0	-9.000000E-5	5.285000E-6	-4.150000E-7	3.572000E-4	4.200000E-6	0.000000E+0	0.000000E+0	1.964247E-4	2.976042E-9	0.000000E+0	0.000000E+0	1.004022E+1	0.000000E+0	3.000000E+0
24-Apr-25	15:26:15	-0.000000E+0	5.021050E+0	-9.000000E-5	5.320000E-6	-4.100000E-7	3.573000E-4	4.100000E-6	0.000000E+0	0.000000E+0	1.964247E-4	2.976042E-9	0.000000E+0	0.000000E+0	1.004022E+1	0.000000E+0	3.000000E+0
24-Apr-25	15:26:15	-0.000000E+0	5.021305E+0	-9.000000E-5	5.340000E-6	-4.300000E-7	3.569000E-4	4.200000E-6	0.000000E+0	0.000000E+0	1.964247E-4	2.976042E-9	0.000000E+0	0.000000E+0	1.004022E+1	0.000000E+0	3.000000E+0
24-Apr-25	15:26:16	-0.000000E+0	5.024105E+0	-9.000000E-5	5.310000E-6	-4.200000E-7	3.570500E-4	3.800000E-6	0.000000E+0	0.000000E+0	1.964247E-4	2.976042E-9	0.000000E+0	0.000000E+0	1.004022E+1	0.000000E+0	3.000000E+0
24-Apr-25	15:26:16	-0.000000E+0	5.025805E+0	-9.000000E-5	5.330000E-6	-4.400000E-7	3.568000E-4	4.250000E-6	0.000000E+0	0.000000E+0	1.964247E-4	2.976042E-9	0.000000E+0	0.000000E+0	1.004022E+1	0.000000E+0	3.000000E+0
24-Apr-25	15:26:17	-0.000000E+0	5.027325E+0	-9.000000E-5	5.315000E-6	-4.200000E-7	3.569500E-4	4.250000E-6	0.000000E+0	0.000000E+0	1.964247E-4	2.976042E-9	0.000000E+0	0.000000E+0	1.004022E+1	0.000000E+0	3.000000E+0
24-Apr-25	15:26:17	-0.000000E+0	5.029345E+0	-9.000000E-5	5.290000E-6	-4.650000E-7	3.573500E-4	4.200000E-6	0.000000E+0	0.000000E+0	1.964247E-4	2.976042E-9	0.000000E+0	0.000000E+0	1.004022E+1	0.000000E+0	3.000000E+0
24-Apr-25	15:26:18	-0.000000E+0	5.030870E+0	-9.000000E-5	5.335000E-6	-4.300000E-7	3.569500E-4	3.950000E-6	0.000000E+0	0.000000E+0	1.964247E-4	2.976042E-9	0.000000E+0	0.000000E+0	1.004022E+1	0.000000E+0	3.000000E+0
24-Apr-25	15:26:18	-0.000000E+0	5.032560E+0	-9.000000E-5	5.320000E-6	-4.350000E-7	3.566000E-4	4.500000E-6	0.000000E+0	0.000000E+0	1.964247E-4	2.976042E-9	0.000000E+0	0.000000E+0	1.004022E+1	0.000000E+0	3.000000E+0
24-Apr-25	15:26:19	-0.000000E+0	5.034105E+0	-9.000000E-5	5.290000E-6	-4.100000E-7	3.568000E-4	4.450000E-6	0.000000E+0	0.000000E+0	1.964247E-4	2.976042E-9	0.000000E+0	0.000000E+0	1.004022E+1	0.000000E+0	3.000000E+0
24-Apr-25	15:26:19	-0.000000E+0	5.035645E+0	-9.000000E-5	5.300000E-6	-4.100000E-7	3.572000E-4	4.800000E-6	0.000000E+0	0.000000E+0	1.964247E-4	2.976042E-9	0.000000E+0	0.000000E+0	1.004022E+1	0.000000E+0	3.000000E+0
24-Apr-25	15:26:20	-0.000000E+0	5.037195E+0	-9.000000E-5	5.330000E-6	-4.200000E-7	3.571500E-4	4.500000E-6	0.000000E+0	0.000000E+0	1.964247E-4	2.976042E-9	0.000000E+0	0.000000E+0	1.004022E+1	0.000000E+0	3.000000E+0
24-Apr-25	15:26:20	-0.000000E+0	5.039175E+0	-9.000000E-5	5.315000E-6	-4.050000E-7	3.568000E-4	4.150000E-6	0.000000E+0	0.000000E+0	1.964247E-4	2.976042E-9	0.000000E+0	0.000000E+0	1.004022E+1	0.000000E+0	3.000000E+0
24-Apr-25	15:26:21	-0.000000E+0	5.040915E+0	-9.000000E-5	5.330000E-6	-4.350000E-7	3.570500E-4	4.050000E-6	0.000000E+0	0.000000E+0	1.964247E-4	2.976042E-9	0.000000E+0	0.000000E+0	1.004022E+1	0.000000E+0	3.000000E+0
24-Apr-25	15:26:21	-0.000000E+0	5.042855E+0	-9.000000E-5	5.340000E-6	-4.300000E-7	3.569000E-4	4.250000E-6	0.000000E+0	0.000000E+0	1.964247E-4	2.976042E-9	0.000000E+0	0.000000E+0	1.004022E+1	0.000000E+0	3.000000E+0
24-Apr-25	15:26:22	-0.000000E+0	5.044795E+0	-9.000000E-5	5.315000E-6	-4.200000E-7	3.567500E-4	3.850000E-6	0.000000E+0	0.000000E+0	1.964247E-4	2.976042E-9	0.000000E+0	0.000000E+0	1.004022E+1	0.000000E+0	3.000000E+0
24-Apr-25	15:26:22	-0.000000E+0	5.046420E+0	-9.000000E-5	5.350000E-6	-4.250000E-7	3.570500E-4	4.350000E-6	0.000000E+0	0.000000E+0	1.964247E-4	2.976042E-9	0.000000E+0	0.000000E+0	1.004022E+1	0.000000E+0	3.000000E+0
24-Apr-25	15:26:23	-0.000000E+0	5.048565E+0	-9.000000E-5	5.335000E-6	-4.250000E-7	3.567500E-4	4.100000E-6	0.000000E+0	0.000000E+0	1.964247E-4	2.976042E-9	0.000000E+0	0.000000E+0	1.004022E+1	0.000000E+0	3.000000E+0
24-Apr-25	15:26:23	-0.000000E+0	5.048850E+0	-9.000000E-5	5.315000E-6	-4.050000E-7	3.568000E-4	4.250000E-6	0.000000E+0	0.000000E+0	1.964247E-4	2.976042E-9	0.000000E+0	0.000000E+0	1.004022E+1	0.000000E+0	3.000000E+0
24-Apr-25	15:26:24	-0.000000E+0	5.052215E+0	-9.000000E-5	5.375000E-6	-4.050000E-7	3.571500E-4	5.150000E-6	0.000000E+0	0.000000E+0	1.964247E-4	2.976042E-9	0.000000E+0	0.000000E+0	1.004022E+1	0.000000E+0	3.000000E+0
24-Apr-25	15:26:24	-0.000000E+0	5.053875E+0	-9.000000E-5	5.350000E-6	-4.250000E-7	3.569500E-4	3.750000E-6	0.000000E+0	0.000000E+0	1.964247E-4	2.976042E-9	0.000000E+0	0.000000E+0	1.004022E+1	0.000000E+0	3.000000E+0
24-Apr-25	15:26:25	-0.000000E+0	5.055790E+0	-9.000000E-5	5.330000E-6	-3.950000E-7	3.568000E-4	4.300000E-6	0.000000E+0	0.000000E+0	1.964247E-4	2.976042E-9	0.000000E+0	0.000000E+0	1.004022E+1	0.000000E+0	3.000000E+0
24-Apr-25	15:26:25	-0.000000E+0	5.057455E+0	-9.000000E-5	5.310000E-6	-3.900000E-7	3.567000E-4	3.950000E-6	0.000000E+0	0.000000E+0	1.964247E-4	2.976042E-9	0.000000E+0	0.000000E+0	1.004022E+1	0.000000E+0	3.000000E+0
24-Apr-25	15:26:26	-0.000000E+0	5.059525E+0	-9.000000E-5	5.325000E-6	-4.350000E-7	3.569500E-4	4.800000E-6	0.000000E+0	0.000000E+0	1.964247E-4	2.976042E-9	0.000000E+0	0.000000E+0	1.004022E+1	0.000000E+0	3.000000E+0
24-Apr-25	15:26:26	-0.000000E+0	5.061240E+0	-9.000000E-5	5.355000E-6	-4.150000E-7	3.571500E-4	4.000000E-6	0.000000E+0	0.000000E+0	1.964247E-4	2.976042E-9	0.000000E+0	0.000000E+0	1.004022E+1	0.000000E+0	3.000000E+0
24-Apr-25	15:26:27	-0.000000E+0	5.063530E+0	-9.000000E-5	5.345000E-6	-3.950000E-7	3.574500E-4	3.950000E-6	0.000000E+0	0.000000E+0	1.964247E-4	2.976042E-9	0.000000E+0	0.000000E+0	1.004022E+1	0.000000E+0	3.000000E+0
24-Apr-25	15:26:27	-0.000000E+0	5.065245E+0	-9.000000E-5	5.330000E-6	-4.200000E-7	3.572000E-4	4.450000E-6	0.000000E+0	0.000000E+0	1.964247E-4	2.976042E-9	0.000000E+0	0.000000E+0	1.004022E+1	0.000000E+0	3.000000E+0
24-Apr-25	15:26:28	-0.000000E+0	5.067365E+0	-9.000000E-5	5.345000E-6	-4.250000E-7	3.567500E-4	4.350000E-6	0.000000E+0	0.000000E+0	1.964247E-4	2.976042E-9	0.000000E+0	0.000000E+0	1.004022E+1	0.000000E+0	3.000000E+0
24-Apr-25	15:26:28	-0.000000E+0	5.069505E+0	-9.000000E-5	5.350000E-6	-4.150000E-7	3.571500E-4	4.600000E-6	0.000000E+0	0.000000E+0	1.964247E-4	2.976042E-9	0.000000E+0	0.000000E+0	1.004022E+1	0.000000E+0	3.000000E+0
24-Apr-25	15:26:29	-0.000000E+0	5.071250E+0	-9.000000E-5	5.350000E-6	-4.450000E-7	3.569000E-4	4.350000E-6	0.000000E+0	0.000000E+0	1.964247E-4	2.976042E-9	0.000000E+0	0.000000E+0	1.004022E+1	0.000000E+0	3.000000E+0
24-Apr-25	15:26:29	-0.000000E+0	5.073045E+0	-9.000000E-5	5.355000E-6	-5.000000E-7	3.570000E-4	3.550000E-6	0.000000E+0	0.000000E+0	1.964247E-4	2.976042E-9	0.000000E+0	0.000000E+0	1.004022E+1	0.000000E+0	3.000000E+0
24-Apr-25	15:26:30	-0.000000E+0	5.074975E+0	-9.000000E-5	5.380000E-6	-4.850000E-7	3.561500E-4	4.100000E-6	0.000000E+0	0.000000E+0	1.964247E-4	2.976042E-9	0.000000E+0	0.000000E+0	1.004022E+1	0.000000E+0	3.000000E+0
24-Apr-25	15:26:30	-0.000000E+0	5.076710E+0	-9.000000E-5	5.375000E-6	-4.350000E-7	3.572000E-4	4.400000E-6	0.000000E+0	0.000000E+0	1.964247E-4	2.976042E-9	0.000000E+0	0.000000E+0	1.004022E+1	0.000000E+0	3.000000E+0
24-Apr-25	15:26:31	-0.000000E+0	5.078435E+0	-9.000000E-5	5.370000E-6	-4.450000E-7	3.570500E-4	3.900000E-6	0.000000E+0	0.000000E+0	1.964247E-4	2.976042E-9	0.000000E+0	0.000000E+0	1.004022E+1	0.000000E+0	3.000000E+0
24-Apr-25	15:26:31	-0.000000E+0	5.080595E+0	-9.000000E-5	5.340000E-6	-4.250000E-7	3.566500E-4	4.500000E-6	0.000000E+0	0.000000E+0	1.964247E-4	2.976042E-9	0.000000E+0	0.000000E+0	1.004022E+1	0.000000E+0	3.000000E+0
24-Apr-25	15:26:32	-0.000000E+0	5.082300E+0	-9.000000E-5	5.335000E-6	-4.150000E-7	3.578000E-4	3.950000E-6	0.000000E+0	0.000000E+0	1.964247E-4	2.976042E-9	0.000000E+0	0.000000E+0	1.004022E+1	0.000000E+0	3.000000E+0
24-Apr-25	15:26:32	-0.000000E+0	5.084000E+0	-9.000000E-5	5.325000E-6	-4.500000E-7	3.573500E-4	4.500000E-6	0.000000E+0	0.000000E+0	1.964247E-4	2.976042E-9	0.000000E+0	0.000000E+0	1.004022E+1	0.000000E+0	3.000000E+0
24-Apr-25	15:26:33	-0.000000E+0	5.084295E+0	-9.000000E-5	5.380000E-6	-4.900000E-7	3.572000E-4	3.900000E-6	0.000000E+0	0.000000E+0	1.964247E-4	2.976042E-9	0.000000E+0	0.000000E+0	1.004022E+1	0.000000E+0	3.000000E+0
24-Apr-25	15:26:33	-0.000000E+0	5.087585E+0	-9.000000E-5	5.355000E-6	-4.400000E-7	3.568000E-4	4.200000E-6	0.000000E+0	0.000000E+0	1.964247E-4	2.976042E-9	0.000000E+0	0.000000E+0	1.004022E+1	0.000000E+0	3.000000E+0
24-Apr-25	15:26:34	-0.000000E+0	5.089455E+0	-9.000000E-5	5.280000E-6	-4.650000E-7	3.572000E-4	4.250000E-6	0.000000E+0	0.000000E+0	1.964247E-4	2.976042E-9	0.000000E+0	0.000000E+0	1.004022E+1	0.000000E+0	3.000000E+0
24-Apr-25	15:26:34	-0.000000E+0	5.091345E+0	-9.000000E-5	5.290000E-6	-4.500000E-7	3.570500E-4	4.450000E-6	0.000000E+0	0.000000E+0	1.964247E-4	2.976042E-9	0.000000E+0	0.000000E+0	1.004022E+1	0.000000E+0	3.000000E+0
24-Apr-25	15:26:35	-0.000000E+0	5.091615E+0	-9.000000E-5	5.345000E-6	-4.500000E-7	3.568500E-4	4.350000E-6	0.000000E+0	0.000000E+0	1.964247E-4	2.976042E-9	0.000000E+0	0.000000E+0	1.004022E+1	0.000000E+0	3.000000E+0
24-Apr-25	15:26:35	-0.000000E+0	5.094705E+0	-9.000000E-5	5.315000E-6	-4.200000E-7	3.568500E-4	4.050000E-6	0.000000E+0	0.000000E+0	1.964247E-4	2.976042E-9	0.000000E+0	0.000000E+0	1.004022E+1	0.000000E+0	3.000000E+0
24-Apr-25	15:26:36	-0.000000E+0	5.096570E+0	-9.000000E-5	5.325000E-6	-4.350000E-7	3.570000E-4	4.000000E-6	0.000000E+0	0.000000E+0	1.964247E-4	2.976042E-9	0.000000E+0	0.000000E+0	1.004022E+1	0.000000E+0	3.000000E+0
24-Apr-25	15:26:36	-0.000000E+0	5.098235E+0	-9.000000E-5	5.335000E-6	-4.250000E-7	3.570500E-4	3.850000E-6	0.000000E+0	0.000000E+0	1.964247E-4	2.976042E-9	0.000000E+0	0.000000E+0	1.004022E+1	0.000000E+0	3.000000E+0
24-Apr-25	15:26:37	-0.000000E+0	5.100310E+0	-9.000000E-5	5.385000E-6	-4.450000E-7	3.566500E-4	3.950000E-6	0.000000E+0	0.000000E+0	1.964247E-4	2.976042E-9	0.000000E+0	0.000000E+0	1.004022E+1	0.000000E+0	3.000000E+0
24-Apr-25	15:26:37	-0.000000E+0	5.101960E+0	-9.000000E-5	5.365000E-6	-4.500000E-7	3.565000E-4	4.200000E-6	0.000000E+0	0.000000E+0	1.964247E-4	2.976042E-9	0.000000E+0	0.000000E+0	1.004022E+1	0.000000E+0	3.000000E+0
24-Apr-25	15:26:37	-0.000000E+0	5.102245E+0	-9.000000E-5	5.305000E-6	-4.050000E-7	3.574000E-4	3.850000E-6	0.000000E+0	0.000000E+0	1.964247E-4	2.976042E-9	0.000000E+0	0.000000E+0	1.004022E+1	0.000000E+0	3.000000E+0
24-Apr-25	15:26:38	-0.000000E+0	5.105450E+0	-9.000000E-5	5.300000E-6	-4.000000E-7	3.570500E-4	4.250000E-6	0.000000E+0	0.000000E+0	1.964247E-4	2.976042E-9	0.000000E+0	0.000000E+0	1.004022E+1	0.000000E+0	3.000000E+0
24-Apr-25	15:26:38	-0.000000E+0	5.107100E+0	-9.000000E-5	5.355000E-6	-4.200000E-7	3.572500E-4	4.150000E-6	0.000000E+0	0.000000E+0	1.964247E-4	2.976042E-9	0.000000E+0	0.000000E+0	1.004022E+1	0.000000E+0	3.000000E+0
24-Apr-25	15:26:39	-0.000000E+0	5.109110E+0	-9.000000E-5	5.360000E-6	-4.150000E-7	3.570000E-4	4.200000E-6	0.000000E+0	0.000000E+0	1.964247E-4	2.976042E-9	0.000000E+0	0.000000E+0	1.004022E+1	0.000000E+0	3.000000E+0
24-Apr-25	15:26:39	-0.000000E+0	5.109360E+0	-9.000000E-5	5.355000E-6	-4.000000E-7	3.576000E-4	4.100000E-6	0.000000E+0	0.000000E+0	1.964247E-4	2.976042E-9	0.000000E+0	0.000000E+0	1.004022E+1	0.000000E+0	3.000000E+0
24-Apr-25	15:26:40	-0.000000E+0	5.112355E+0	-9.000000E-5	5.355000E-6	-3.950000E-7	3.566500E-4	3.800000E-6	0.000000E+0	0.000000E+0	1.964247E-4	2.976042E-9	0.000000E+0	0.000000E+0	1.004022E+1	0.000000E+0	3.000000E+0
24-Apr-25	15:26:40	-0.000000E+0	5.114160E+0	-9.000000E-5	5.325000E-6	-4.600000E-7	3.572000E-4	4.350000E-6	0.000000E+0	0.000000E+0	1.964247E-4	2.976042E-9	0.000000E+0	0.000000E+0	1.004022E+1	0.000000E+0	3.000000E+0
24-Apr-25	15:26:41	-0.000000E+0	5.115795E+0	-9.000000E-5	5.380000E-6	-4.350000E-7	3.569500E-4	4.650000E-6	0.000000E+0	0.000000E+0	1.964247E-4	2.976042E-9	0.000000E+0	0.000000E+0	1.004022E+1	0.000000E+0	3.000000E+0
24-Apr-25	15:26:41	-0.000000E+0	5.117990E+0	-9.000000E-5	5.350000E-6	-4.000000E-7	3.569500E-4	3.800000E-6	0.000000E+0	0.000000E+0	1.964247E-4	2.976042E-9	0.000000E+0	0.000000E+0	1.004022E+1	0.000000E+0	3.000000E+0
24-Apr-25	15:26:42	-0.000000E+0	5.119595E+0	-9.000000E-5	5.340000E-6	-4.250000E-7	3.568000E-4	4.100000E-6	0.000000E+0	0.000000E+0	1.964247E-4	2.976042E-9	0.000000E+0	0.000000E+0	1.004022E+1	0.000000E+0	3.000000E+0
24-Apr-25	15:26:42	-0.000000E+0	5.121360E+0	-9.000000E-5	5.370000E-6	-4.350000E-7	3.572000E-4	4.000000E-6	0.000000E+0	0.000000E+0	1.964247E-4	2.976042E-9	0.000000E+0	0.000000E+0	1.004022E+1	0.000000E+0	3.000000E+0
24-Apr-25	15:26:43	-0.000000E+0	5.122960E+0	-9.000000E-5	5.370000E-6	-4.500000E-7	3.571500E-4	4.200000E-6	0.000000E+0	0.000000E+0	1.964247E-4	2.976042E-9	0.000000E+0	0.000000E+0	1.004022E+1	0.000000E+0	3.000000E+0
24-Apr-25	15:26:43	-0.000000E+0	5.124960E+0	-9.000000E-5	5.375000E-6	-4.400000E-7	3.570000E-4	4.800000E-6	0.000000E+0	0.000000E+0	1.964247E-4	2.976042E-9	0.000000E+0	0.000000E+0	1.004022E+1	0.000000E+0	3.000000E+0
24-Apr-25	15:26:44	-0.000000E+0	5.125370E+0	-9.000000E-5	5.365000E-6	-4.150000E-7	3.572000E-4	4.500000E-6	0.000000E+0	0.000000E+0	1.964247E-4	2.976042E-9	0.000000E+0	0.000000E+0	1.004022E+1	0.000000E+0	3.000000E+0
24-Apr-25	15:26:44	-0.000000E+0	5.128290E+0	-9.000000E-5	5.300000E-6	-4.250000E-7	3.572000E-4	4.100000E-6	0.000000E+0	0.000000E+0	1.964247E-4	2.976042E-9	0.000000E+0	0.000000E+0	1.004022E+1	0.000000E+0	3.000000E+0
24-Apr-25	15:26:45	-0.000000E+0	5.130555E+0	-9.000000E-5	5.295000E-6	-4.350000E-7	3.570000E-4	4.150000E-6	0.000000E+0	0.000000E+0	1.964247E-4	2.976042E-9	0.000000E+0	0.000000E+0	1.004022E+1	0.000000E+0	3.000000E+0
24-Apr-25	15:26:46	-0.000000E+0	5.132650E+0	-9.000000E-5	5.315000E-6	-4.150000E-7	3.577000E-4	4.350000E-6	0.000000E+0	0.000000E+0	1.964247E-4	2.976042E-9	0.000000E+0	0.000000E+0	1.004022E+1	0.000000E+0	3.000000E+0
24-Apr-25	15:26:46	-0.000000E+0	5.134395E+0	-9.000000E-5	5.385000E-6	-4.700000E-7	3.571500E-4	3.800000E-6	0.000000E+0	0.000000E+0	1.964247E-4	2.976042E-9	0.000000E+0	0.000000E+0	1.004022E+1	0.000000E+0	3.000000E+0
24-Apr-25	15:26:47	-0.000000E+0	5.135980E+0	-9.000000E-5	5.350000E-6	-4.500000E-7	3.573500E-4	4.100000E-6	0.000000E+0	0.000000E+0	1.964247E-4	2.976042E-9	0.000000E+0	0.000000E+0	1.004022E+1	0.000000E+0	3.000000E+0
24-Apr-25	15:26:47	-0.000000E+0	5.137545E+0	-9.000000E-5	5.355000E-6	-4.350000E-7	3.572500E-4	4.400000E-6	0.000000E+0	0.000000E+0	1.964247E-4	2.976042E-9	0.000000E+0	0.000000E+0	1.004022E+1	0.000000E+0	3.000000E+0
24-Apr-25	15:26:47	-0.000000E+0	5.137790E+0	-9.000000E-5	5.345000E-6	-4.400000E-7	3.571000E-4	3.950000E-6	0.000000E+0	0.000000E+0	1.964247E-4	2.976042E-9	0.000000E+0	0.000000E+0	1.004022E+1	0.000000E+0	3.000000E+0
24-Apr-25	15:26:48	-0.000000E+0	5.140645E+0	-9.000000E-5	5.350000E-6	-4.250000E-7	3.572000E-4	4.150000E-6	0.000000E+0	0.000000E+0	1.964247E-4	2.976042E-9	0.000000E+0	0.000000E+0	1.004022E+1	0.000000E+0	3.000000E+0
24-Apr-25	15:26:48	-0.000000E+0	5.142360E+0	-9.000000E-5	5.330000E-6	-4.400000E-7	3.563000E-4	4.200000E-6	0.000000E+0	0.000000E+0	1.964247E-4	2.976042E-9	0.000000E+0	0.000000E+0	1.004022E+1	0.000000E+0	3.000000E+0
24-Apr-25	15:26:49	-0.000000E+0	5.141975E+0	-9.000000E-5	5.315000E-6	-4.200000E-7	3.569500E-4	4.050000E-6	0.000000E+0	0.000000E+0	1.964247E-4	2.976042E-9	0.000000E+0	0.000000E+0	1.004022E+1	0.000000E+0	3.000000E+0
24-Apr-25	15:26:49	-0.000000E+0	5.134460E+0	-9.000000E-5	5.380000E-6	-4.450000E-7	3.569000E-4	3.500000E-6	0.000000E+0	0.000000E+0	1.964247E-4	2.976042E-9	0.000000E+0	0.000000E+0	1.004022E+1	0.000000E+0	3.000000E+0
24-Apr-25	15:26:50	-0.000000E+0	5.126375E+0	-9.000000E-5	5.355000E-6	-4.500000E-7	3.569500E-4	4.250000E-6	0.000000E+0	0.000000E+0	1.964247E-4	2.976042E-9	0.000000E+0	0.000000E+0	1.004022E+1	0.000000E+0	3.000000E+0
24-Apr-25	15:26:50	-0.000000E+0	5.117410E+0	-9.000000E-5	5.320000E-6	-4.300000E-7	3.573000E-4	4.500000E-6	0.000000E+0	0.000000E+0	1.964247E-4	2.976042E-9	0.000000E+0	0.000000E+0	1.004022E+1	0.000000E+0	3.000000E+0
24-Apr-25	15:26:51	-0.000000E+0	5.108265E+0	-9.000000E-5	5.335000E-6	-4.350000E-7	3.573500E-4	4.250000E-6	0.000000E+0	0.000000E+0	1.964247E-4	2.976042E-9	0.000000E+0	0.000000E+0	1.004022E+1	0.000000E+0	3.000000E+0
24-Apr-25	15:26:52	-0.000000E+0	5.094610E+0	-9.000000E-5	5.280000E-6	-4.300000E-7	3.571000E-4	4.200000E-6	0.000000E+0	0.000000E+0	1.964247E-4	2.976042E-9	0.000000E+0	0.000000E+0	1.004022E+1	0.000000E+0	3.000000E+0
24-Apr-25	15:26:52	-0.000000E+0	5.084725E+0	-9.000000E-5	5.245000E-6	-4.150000E-7	3.573500E-4	4.350000E-6	0.000000E+0	0.000000E+0	1.964247E-4	2.976042E-9	0.000000E+0	0.000000E+0	1.004022E+1	0.000000E+0	3.000000E+0
24-Apr-25	15:26:53	-0.000000E+0	5.075750E+0	-9.000000E-5	5.200000E-6	-4.300000E-7	3.569500E-4	4.450000E-6	0.000000E+0	0.000000E+0	1.964247E-4	2.976042E-9	0.000000E+0	0.000000E+0	1.004022E+1	0.000000E+0	3.000000E+0
24-Apr-25	15:26:53	-0.000000E+0	5.065565E+0	-9.000000E-5	5.195000E-6	-4.550000E-7	3.570000E-4	4.250000E-6	0.000000E+0	0.000000E+0	1.964247E-4	2.976042E-9	0.000000E+0	0.000000E+0	1.004022E+1	0.000000E+0	3.000000E+0
24-Apr-25	15:26:54	-0.000000E+0	5.052065E+0	-9.000000E-5	5.195000E-6	-4.300000E-7	3.569500E-4	4.050000E-6	0.000000E+0	0.000000E+0	1.964247E-4	2.976042E-9	0.000000E+0	0.000000E+0	1.004022E+1	0.000000E+0	3.000000E+0
24-Apr-25	15:26:55	-0.000000E+0	5.043090E+0	-9.000000E-5	5.170000E-6	-4.450000E-7	3.570500E-4	4.050000E-6	0.000000E+0	0.000000E+0	1.964247E-4	2.976042E-9	0.000000E+0	0.000000E+0	1.004022E+1	0.000000E+0	3.000000E+0
24-Apr-25	15:26:55	-0.000000E+0	5.034110E+0	-9.000000E-5	5.190000E-6	-4.400000E-7	3.574000E-4	3.550000E-6	0.000000E+0	0.000000E+0	1.964247E-4	2.976042E-9	0.000000E+0	0.000000E+0	1.004022E+1	0.000000E+0	3.000000E+0
24-Apr-25	15:26:56	-0.000000E+0	5.025140E+0	-9.000000E-5	5.210000E-6	-4.250000E-7	3.568000E-4	4.450000E-6	0.000000E+0	0.000000E+0	1.964247E-4	2.976042E-9	0.000000E+0	0.000000E+0	1.004022E+1	0.000000E+0	3.000000E+0
24-Apr-25	15:26:56	-0.000000E+0	5.016130E+0	-9.000000E-5	5.110000E-6	-4.400000E-7	3.572000E-4	4.350000E-6	0.000000E+0	0.000000E+0	1.964247E-4	2.976042E-9	0.000000E+0	0.000000E+0	1.004022E+1	0.000000E+0	3.000000E+0
24-Apr-25	15:26:57	-0.000000E+0	5.002330E+0	-9.000000E-5	5.110000E-6	-3.750000E-7	3.571000E-4	4.500000E-6	0.000000E+0	0.000000E+0	1.964247E-4	2.976042E-9	0.000000E+0	0.000000E+0	1.004022E+1	0.000000E+0	3.000000E+0
24-Apr-25	15:26:57	-0.000000E+0	4.993330E+0	-9.000000E-5	5.110000E-6	-3.900000E-7	3.569500E-4	4.150000E-6	0.000000E+0	0.000000E+0	1.964247E-4	2.976042E-9	0.000000E+0	0.000000E+0	1.004022E+1	0.000000E+0	3.000000E+0
24-Apr-25	15:26:58	-0.000000E+0	4.983470E+0	-9.000000E-5	5.130000E-6	-3.850000E-7	3.568500E-4	4.050000E-6	0.000000E+0	0.000000E+0	1.964247E-4	2.976042E-9	0.000000E+0	0.000000E+0	1.004022E+1	0.000000E+0	3.000000E+0
24-Apr-25	15:26:58	-0.000000E+0	4.974485E+0	-9.000000E-5	5.110000E-6	-4.100000E-7	3.572000E-4	4.000000E-6	0.000000E+0	0.000000E+0	1.964247E-4	2.976042E-9	0.000000E+0	0.000000E+0	1.004022E+1	0.000000E+0	3.000000E+0
24-Apr-25	15:26:59	-0.000000E+0	4.964585E+0	-9.000000E-5	5.130000E-6	-4.200000E-7	3.575000E-4	4.250000E-6	0.000000E+0	0.000000E+0	1.964247E-4	2.976042E-9	0.000000E+0	0.000000E+0	1.004022E+1	0.000000E+0	3.000000E+0
24-Apr-25	15:27:00	-0.000000E+0	4.950820E+0	-9.000000E-5	5.070000E-6	-4.250000E-7	3.570000E-4	3.900000E-6	0.000000E+0	0.000000E+0	1.964247E-4	2.976042E-9	0.000000E+0	0.000000E+0	1.004022E+1	0.000000E+0	3.000000E+0
24-Apr-25	15:27:00	-0.000000E+0	4.940925E+0	-9.000000E-5	5.045000E-6	-3.600000E-7	3.569000E-4	4.750000E-6	0.000000E+0	0.000000E+0	1.964247E-4	2.976042E-9	0.000000E+0	0.000000E+0	1.004022E+1	0.000000E+0	3.000000E+0
24-Apr-25	15:27:01	-0.000000E+0	4.931940E+0	-9.000000E-5	5.030000E-6	-3.700000E-7	3.573500E-4	3.650000E-6	0.000000E+0	0.000000E+0	1.964247E-4	2.976042E-9	0.000000E+0	0.000000E+0	1.004022E+1	0.000000E+0	3.000000E+0
24-Apr-25	15:27:01	-0.000000E+0	4.923835E+0	-9.000000E-5	5.045000E-6	-3.800000E-7	3.572000E-4	4.100000E-6	0.000000E+0	0.000000E+0	1.964247E-4	2.976042E-9	0.000000E+0	0.000000E+0	1.004022E+1	0.000000E+0	3.000000E+0
24-Apr-25	15:27:02	-0.000000E+0	4.914840E+0	-9.000000E-5	5.010000E-6	-4.100000E-7	3.566500E-4	4.200000E-6	0.000000E+0	0.000000E+0	1.964247E-4	2.976042E-9	0.000000E+0	0.000000E+0	1.004022E+1	0.000000E+0	3.000000E+0
24-Apr-25	15:27:02	-0.000000E+0	4.905840E+0	-9.000000E-5	5.050000E-6	-4.200000E-7	3.572000E-4	4.150000E-6	0.000000E+0	0.000000E+0	1.964247E-4	2.976042E-9	0.000000E+0	0.000000E+0	1.004022E+1	0.000000E+0	3.000000E+0
24-Apr-25	15:27:03	-0.000000E+0	4.896550E+0	-9.000000E-5	5.035000E-6	-4.050000E-7	3.576500E-4	3.900000E-6	0.000000E+0	0.000000E+0	1.964247E-4	2.976042E-9	0.000000E+0	0.000000E+0	1.004022E+1	0.000000E+0	3.000000E+0
24-Apr-25	15:27:03	-0.000000E+0	4.888620E+0	-9.000000E-5	4.990000E-6	-3.500000E-7	3.578500E-4	4.200000E-6	0.000000E+0	0.000000E+0	1.964247E-4	2.976042E-9	0.000000E+0	0.000000E+0	1.004022E+1	0.000000E+0	3.000000E+0
24-Apr-25	15:27:04	-0.000000E+0	4.879490E+0	-9.000000E-5	5.000000E-6	-4.000000E-7	3.572000E-4	4.850000E-6	0.000000E+0	0.000000E+0	1.964247E-4	2.976042E-9	0.000000E+0	0.000000E+0	1.004022E+1	0.000000E+0	3.000000E+0
24-Apr-25	15:27:04	-0.000000E+0	4.866900E+0	-9.000000E-5	4.970000E-6	-4.200000E-7	3.571000E-4	4.450000E-6	0.000000E+0	0.000000E+0	1.964247E-4	2.976042E-9	0.000000E+0	0.000000E+0	1.004022E+1	0.000000E+0	3.000000E+0
24-Apr-25	15:27:05	-0.000000E+0	4.857900E+0	-9.000000E-5	4.975000E-6	-4.300000E-7	3.572000E-4	3.850000E-6	0.000000E+0	0.000000E+0	1.964247E-4	2.976042E-9	0.000000E+0	0.000000E+0	1.004022E+1	0.000000E+0	3.000000E+0
24-Apr-25	15:27:05	-0.000000E+0	4.848910E+0	-9.000000E-5	4.950000E-6	-3.850000E-7	3.568000E-4	4.350000E-6	0.000000E+0	0.000000E+0	1.964247E-4	2.976042E-9	0.000000E+0	0.000000E+0	1.004022E+1	0.000000E+0	3.000000E+0
24-Apr-25	15:27:06	-0.000000E+0	4.840810E+0	-9.000000E-5	4.915000E-6	-3.800000E-7	3.568000E-4	4.250000E-6	0.000000E+0	0.000000E+0	1.964247E-4	2.976042E-9	0.000000E+0	0.000000E+0	1.004022E+1	0.000000E+0	3.000000E+0
24-Apr-25	15:27:06	-0.000000E+0	4.831845E+0	-9.000000E-5	4.910000E-6	-3.950000E-7	3.570000E-4	4.200000E-6	0.000000E+0	0.000000E+0	1.964247E-4	2.976042E-9	0.000000E+0	0.000000E+0	1.004022E+1	0.000000E+0	3.000000E+0
24-Apr-25	15:27:07	-0.000000E+0	4.821050E+0	-9.000000E-5	4.905000E-6	-3.900000E-7	3.574000E-4	4.150000E-6	0.000000E+0	0.000000E+0	1.964247E-4	2.976042E-9	0.000000E+0	0.000000E+0	1.004022E+1	0.000000E+0	3.000000E+0
24-Apr-25	15:27:07	-0.000000E+0	4.812050E+0	-9.000000E-5	4.920000E-6	-3.750000E-7	3.575500E-4	4.600000E-6	0.000000E+0	0.000000E+0	1.964247E-4	2.976042E-9	0.000000E+0	0.000000E+0	1.004022E+1	0.000000E+0	3.000000E+0
24-Apr-25	15:27:08	-0.000000E+0	4.803065E+0	-9.000000E-5	4.915000E-6	-4.050000E-7	3.572000E-4	4.600000E-6	0.000000E+0	0.000000E+0	1.964247E-4	2.976042E-9	0.000000E+0	0.000000E+0	1.004022E+1	0.000000E+0	3.000000E+0
24-Apr-25	15:27:09	-0.000000E+0	4.791115E+0	-9.000000E-5	4.915000E-6	-4.300000E-7	3.568000E-4	4.250000E-6	0.000000E+0	0.000000E+0	1.964247E-4	2.976042E-9	0.000000E+0	0.000000E+0	1.004022E+1	0.000000E+0	3.000000E+0
24-Apr-25	15:27:09	-0.000000E+0	4.783000E+0	-9.000000E-5	4.860000E-6	-3.900000E-7	3.568500E-4	3.800000E-6	0.000000E+0	0.000000E+0	1.964247E-4	2.976042E-9	0.000000E+0	0.000000E+0	1.004022E+1	0.000000E+0	3.000000E+0
24-Apr-25	15:27:10	-0.000000E+0	4.774020E+0	-9.000000E-5	4.880000E-6	-3.600000E-7	3.572500E-4	4.500000E-6	0.000000E+0	0.000000E+0	1.964247E-4	2.976042E-9	0.000000E+0	0.000000E+0	1.004022E+1	0.000000E+0	3.000000E+0
24-Apr-25	15:27:10	-0.000000E+0	4.765025E+0	-9.000000E-5	4.870000E-6	-3.600000E-7	3.564500E-4	4.000000E-6	0.000000E+0	0.000000E+0	1.964247E-4	2.976042E-9	0.000000E+0	0.000000E+0	1.004022E+1	0.000000E+0	3.000000E+0
24-Apr-25	15:27:11	-0.000000E+0	4.756020E+0	-9.000000E-5	4.895000E-6	-3.650000E-7	3.568000E-4	4.250000E-6	0.000000E+0	0.000000E+0	1.964247E-4	2.976042E-9	0.000000E+0	0.000000E+0	1.004022E+1	0.000000E+0	3.000000E+0
24-Apr-25	15:27:11	-0.000000E+0	4.747040E+0	-9.000000E-5	4.890000E-6	-3.950000E-7	3.564000E-4	3.700000E-6	0.000000E+0	0.000000E+0	1.964247E-4	2.976042E-9	0.000000E+0	0.000000E+0	1.004022E+1	0.000000E+0	3.000000E+0
24-Apr-25	15:27:12	-0.000000E+0	4.733570E+0	-9.000000E-5	4.865000E-6	-3.950000E-7	3.567500E-4	4.450000E-6	0.000000E+0	0.000000E+0	1.964247E-4	2.976042E-9	0.000000E+0	0.000000E+0	1.004022E+1	0.000000E+0	3.000000E+0
24-Apr-25	15:27:13	-0.000000E+0	4.719920E+0	-9.000000E-5	4.880000E-6	-3.550000E-7	3.565000E-4	4.500000E-6	0.000000E+0	0.000000E+0	1.964247E-4	2.976042E-9	0.000000E+0	0.000000E+0	1.004022E+1	0.000000E+0	3.000000E+0
24-Apr-25	15:27:13	-0.000000E+0	4.710775E+0	-9.000000E-5	4.850000E-6	-3.750000E-7	3.562500E-4	3.800000E-6	0.000000E+0	0.000000E+0	1.964247E-4	2.976042E-9	0.000000E+0	0.000000E+0	1.004022E+1	0.000000E+0	3.000000E+0
24-Apr-25	15:27:14	-0.000000E+0	4.698205E+0	-9.000000E-5	4.870000E-6	-3.450000E-7	3.573500E-4	4.400000E-6	0.000000E+0	0.000000E+0	1.964247E-4	2.976042E-9	0.000000E+0	0.000000E+0	1.004022E+1	0.000000E+0	3.000000E+0
24-Apr-25	15:27:14	-0.000000E+0	4.689220E+0	-9.000000E-5	4.825000E-6	-3.900000E-7	3.565500E-4	4.300000E-6	0.000000E+0	0.000000E+0	1.964247E-4	2.976042E-9	0.000000E+0	0.000000E+0	1.004022E+1	0.000000E+0	3.000000E+0
24-Apr-25	15:27:15	-0.000000E+0	4.676325E+0	-9.000000E-5	4.780000E-6	-4.000000E-7	3.565000E-4	4.100000E-6	0.000000E+0	0.000000E+0	1.964247E-4	2.976042E-9	0.000000E+0	0.000000E+0	1.004022E+1	0.000000E+0	3.000000E+0
24-Apr-25	15:27:16	-0.000000E+0	4.662830E+0	-9.000000E-5	4.815000E-6	-3.800000E-7	3.566500E-4	4.350000E-6	0.000000E+0	0.000000E+0	1.964247E-4	2.976042E-9	0.000000E+0	0.000000E+0	1.004022E+1	0.000000E+0	3.000000E+0
24-Apr-25	15:27:16	-0.000000E+0	4.654755E+0	-9.000000E-5	4.830000E-6	-3.800000E-7	3.566500E-4	4.200000E-6	0.000000E+0	0.000000E+0	1.964247E-4	2.976042E-9	0.000000E+0	0.000000E+0	1.004022E+1	0.000000E+0	3.000000E+0
24-Apr-25	15:27:17	-0.000000E+0	4.646685E+0	-9.000000E-5	4.775000E-6	-4.050000E-7	3.568500E-4	4.500000E-6	0.000000E+0	0.000000E+0	1.964247E-4	2.976042E-9	0.000000E+0	0.000000E+0	1.004022E+1	0.000000E+0	3.000000E+0
24-Apr-25	15:27:17	-0.000000E+0	4.637685E+0	-9.000000E-5	4.790000E-6	-4.100000E-7	3.568500E-4	3.950000E-6	0.000000E+0	0.000000E+0	1.964247E-4	2.976042E-9	0.000000E+0	0.000000E+0	1.004022E+1	0.000000E+0	3.000000E+0
24-Apr-25	15:27:18	-0.000000E+0	4.624795E+0	-9.000000E-5	4.810000E-6	-3.850000E-7	3.571000E-4	4.400000E-6	0.000000E+0	0.000000E+0	1.964247E-4	2.976042E-9	0.000000E+0	0.000000E+0	1.004022E+1	0.000000E+0	3.000000E+0
24-Apr-25	15:27:18	-0.000000E+0	4.616680E+0	-9.000000E-5	4.775000E-6	-3.750000E-7	3.570500E-4	3.900000E-6	0.000000E+0	0.000000E+0	1.964247E-4	2.976042E-9	0.000000E+0	0.000000E+0	1.004022E+1	0.000000E+0	3.000000E+0
24-Apr-25	15:27:19	-0.000000E+0	4.608625E+0	-9.000000E-5	4.760000E-6	-3.450000E-7	3.570500E-4	4.400000E-6	0.000000E+0	0.000000E+0	1.964247E-4	2.976042E-9	0.000000E+0	0.000000E+0	1.004022E+1	0.000000E+0	3.000000E+0
24-Apr-25	15:27:19	-0.000000E+0	4.599640E+0	-9.000000E-5	4.810000E-6	-3.750000E-7	3.569000E-4	4.250000E-6	0.000000E+0	0.000000E+0	1.964247E-4	2.976042E-9	0.000000E+0	0.000000E+0	1.004022E+1	0.000000E+0	3.000000E+0
24-Apr-25	15:27:20	-0.000000E+0	4.591535E+0	-9.000000E-5	4.785000E-6	-3.600000E-7	3.567500E-4	3.800000E-6	0.000000E+0	0.000000E+0	1.964247E-4	2.976042E-9	0.000000E+0	0.000000E+0	1.004022E+1	0.000000E+0	3.000000E+0
24-Apr-25	15:27:20	-0.000000E+0	4.582545E+0	-9.000000E-5	4.770000E-6	-4.050000E-7	3.564000E-4	4.050000E-6	0.000000E+0	0.000000E+0	1.964247E-4	2.976042E-9	0.000000E+0	0.000000E+0	1.004022E+1	0.000000E+0	3.000000E+0
24-Apr-25	15:27:21	-0.000000E+0	4.573545E+0	-9.000000E-5	4.750000E-6	-3.650000E-7	3.568000E-4	3.650000E-6	0.000000E+0	0.000000E+0	1.964247E-4	2.976042E-9	0.000000E+0	0.000000E+0	1.004022E+1	0.000000E+0	3.000000E+0
24-Apr-25	15:27:21	-0.000000E+0	4.564555E+0	-9.000000E-5	4.745000E-6	-3.650000E-7	3.571500E-4	3.950000E-6	0.000000E+0	0.000000E+0	1.964247E-4	2.976042E-9	0.000000E+0	0.000000E+0	1.004022E+1	0.000000E+0	3.000000E+0
24-Apr-25	15:27:22	-0.000000E+0	4.551080E+0	-9.000000E-5	4.750000E-6	-4.050000E-7	3.567000E-4	4.250000E-6	0.000000E+0	0.000000E+0	1.964247E-4	2.976042E-9	0.000000E+0	0.000000E+0	1.004022E+1	0.000000E+0	3.000000E+0
24-Apr-25	15:27:23	-0.000000E+0	4.542090E+0	-9.000000E-5	4.765000E-6	-3.700000E-7	3.569000E-4	3.900000E-6	0.000000E+0	0.000000E+0	1.964247E-4	2.976042E-9	0.000000E+0	0.000000E+0	1.004022E+1	0.000000E+0	3.000000E+0
24-Apr-25	15:27:23	-0.000000E+0	4.530985E+0	-9.000000E-5	4.765000E-6	-3.700000E-7	3.567000E-4	4.100000E-6	0.000000E+0	0.000000E+0	1.964247E-4	2.976042E-9	0.000000E+0	0.000000E+0	1.004022E+1	0.000000E+0	3.000000E+0
24-Apr-25	15:27:23	-0.000000E+0	4.522900E+0	-9.000000E-5	4.750000E-6	-4.100000E-7	3.570000E-4	4.300000E-6	0.000000E+0	0.000000E+0	1.964247E-4	2.976042E-9	0.000000E+0	0.000000E+0	1.004022E+1	0.000000E+0	3.000000E+0
24-Apr-25	15:27:24	-0.000000E+0	4.513900E+0	-9.000000E-5	4.790000E-6	-3.650000E-7	3.569000E-4	3.900000E-6	0.000000E+0	0.000000E+0	1.964247E-4	2.976042E-9	0.000000E+0	0.000000E+0	1.004022E+1	0.000000E+0	3.000000E+0
24-Apr-25	15:27:25	-0.000000E+0	4.501345E+0	-9.000000E-5	4.780000E-6	-3.950000E-7	3.570000E-4	4.350000E-6	0.000000E+0	0.000000E+0	1.964247E-4	2.976042E-9	0.000000E+0	0.000000E+0	1.004022E+1	0.000000E+0	3.000000E+0
24-Apr-25	15:27:25	-0.000000E+0	4.491435E+0	-9.000000E-5	4.795000E-6	-3.850000E-7	3.567500E-4	3.650000E-6	0.000000E+0	0.000000E+0	1.964247E-4	2.976042E-9	0.000000E+0	0.000000E+0	1.004022E+1	0.000000E+0	3.000000E+0
24-Apr-25	15:27:26	-0.000000E+0	4.482440E+0	-9.000000E-5	4.790000E-6	-3.550000E-7	3.564500E-4	4.150000E-6	0.000000E+0	0.000000E+0	1.964247E-4	2.976042E-9	0.000000E+0	0.000000E+0	1.004022E+1	0.000000E+0	3.000000E+0
24-Apr-25	15:27:26	-0.000000E+0	4.473460E+0	-9.000000E-5	4.805000E-6	-3.550000E-7	3.564500E-4	4.150000E-6	0.000000E+0	0.000000E+0	1.964247E-4	2.976042E-9	0.000000E+0	0.000000E+0	1.004022E+1	0.000000E+0	3.000000E+0
24-Apr-25	15:27:27	-0.000000E+0	4.459700E+0	-9.000000E-5	4.765000E-6	-4.300000E-7	3.566500E-4	4.000000E-6	0.000000E+0	0.000000E+0	1.964247E-4	2.976042E-9	0.000000E+0	0.000000E+0	1.004022E+1	0.000000E+0	3.000000E+0
24-Apr-25	15:27:28	-0.000000E+0	4.450695E+0	-9.000000E-5	4.765000E-6	-3.800000E-7	3.573500E-4	3.950000E-6	0.000000E+0	0.000000E+0	1.964247E-4	2.976042E-9	0.000000E+0	0.000000E+0	1.004022E+1	0.000000E+0	3.000000E+0
24-Apr-25	15:27:28	-0.000000E+0	4.441715E+0	-9.000000E-5	4.735000E-6	-3.850000E-7	3.565000E-4	4.250000E-6	0.000000E+0	0.000000E+0	1.964247E-4	2.976042E-9	0.000000E+0	0.000000E+0	1.004022E+1	0.000000E+0	3.000000E+0
24-Apr-25	15:27:29	-0.000000E+0	4.432710E+0	-9.000000E-5	4.745000E-6	-3.850000E-7	3.570000E-4	4.350000E-6	0.000000E+0	0.000000E+0	1.964247E-4	2.976042E-9	0.000000E+0	0.000000E+0	1.004022E+1	0.000000E+0	3.000000E+0
24-Apr-25	15:27:29	-0.000000E+0	4.424620E+0	-9.000000E-5	4.735000E-6	-3.800000E-7	3.566500E-4	4.400000E-6	0.000000E+0	0.000000E+0	1.964247E-4	2.976042E-9	0.000000E+0	0.000000E+0	1.004022E+1	0.000000E+0	3.000000E+0
24-Apr-25	15:27:29	-0.000000E+0	4.415655E+0	-9.000000E-5	4.750000E-6	-4.150000E-7	3.569500E-4	4.650000E-6	0.000000E+0	0.000000E+0	1.964247E-4	2.976042E-9	0.000000E+0	0.000000E+0	1.004022E+1	0.000000E+0	3.000000E+0
24-Apr-25	15:27:30	-0.000000E+0	4.406650E+0	-9.000000E-5	4.755000E-6	-3.900000E-7	3.568000E-4	3.650000E-6	0.000000E+0	0.000000E+0	1.964247E-4	2.976042E-9	0.000000E+0	0.000000E+0	1.004022E+1	0.000000E+0	3.000000E+0
24-Apr-25	15:27:31	-0.000000E+0	4.397655E+0	-9.000000E-5	4.775000E-6	-3.600000E-7	3.568000E-4	4.150000E-6	0.000000E+0	0.000000E+0	1.964247E-4	2.976042E-9	0.000000E+0	0.000000E+0	1.004022E+1	0.000000E+0	3.000000E+0
24-Apr-25	15:27:31	-0.000000E+0	4.387775E+0	-9.000000E-5	4.735000E-6	-3.600000E-7	3.563000E-4	4.050000E-6	0.000000E+0	0.000000E+0	1.964247E-4	2.976042E-9	0.000000E+0	0.000000E+0	1.004022E+1	0.000000E+0	3.000000E+0
24-Apr-25	15:27:32	-0.000000E+0	4.378780E+0	-9.000000E-5	4.715000E-6	-4.300000E-7	3.565000E-4	3.950000E-6	0.000000E+0	0.000000E+0	1.964247E-4	2.976042E-9	0.000000E+0	0.000000E+0	1.004022E+1	0.000000E+0	3.000000E+0
24-Apr-25	15:27:32	-0.000000E+0	4.367990E+0	-9.000000E-5	4.730000E-6	-4.200000E-7	3.565000E-4	3.650000E-6	0.000000E+0	0.000000E+0	1.964247E-4	2.976042E-9	0.000000E+0	0.000000E+0	1.004022E+1	0.000000E+0	3.000000E+0
24-Apr-25	15:27:33	-0.000000E+0	4.359020E+0	-9.000000E-5	4.745000E-6	-4.000000E-7	3.564500E-4	3.950000E-6	0.000000E+0	0.000000E+0	1.964247E-4	2.976042E-9	0.000000E+0	0.000000E+0	1.004022E+1	0.000000E+0	3.000000E+0
24-Apr-25	15:27:33	-0.000000E+0	4.350015E+0	-9.000000E-5	4.755000E-6	-3.600000E-7	3.559000E-4	4.450000E-6	0.000000E+0	0.000000E+0	1.964247E-4	2.976042E-9	0.000000E+0	0.000000E+0	1.004022E+1	0.000000E+0	3.000000E+0
24-Apr-25	15:27:34	-0.000000E+0	4.339085E+0	-9.000000E-5	4.770000E-6	-3.750000E-7	3.559500E-4	4.200000E-6	0.000000E+0	0.000000E+0	1.964247E-4	2.976042E-9	0.000000E+0	0.000000E+0	1.004022E+1	0.000000E+0	3.000000E+0
24-Apr-25	15:27:35	-0.000000E+0	4.329185E+0	-9.000000E-5	4.730000E-6	-3.800000E-7	3.562000E-4	4.350000E-6	0.000000E+0	0.000000E+0	1.964247E-4	2.976042E-9	0.000000E+0	0.000000E+0	1.004022E+1	0.000000E+0	3.000000E+0
24-Apr-25	15:27:35	-0.000000E+0	4.316480E+0	-9.000000E-5	4.735000E-6	-3.950000E-7	3.566500E-4	3.850000E-6	0.000000E+0	0.000000E+0	1.964247E-4	2.976042E-9	0.000000E+0	0.000000E+0	1.004022E+1	0.000000E+0	3.000000E+0
24-Apr-25	15:27:36	-0.000000E+0	4.307495E+0	-9.000000E-5	4.740000E-6	-3.550000E-7	3.564500E-4	4.250000E-6	0.000000E+0	0.000000E+0	1.964247E-4	2.976042E-9	0.000000E+0	0.000000E+0	1.004022E+1	0.000000E+0	3.000000E+0
24-Apr-25	15:27:36	-0.000000E+0	4.297290E+0	-9.000000E-5	4.755000E-6	-3.400000E-7	3.565000E-4	4.100000E-6	0.000000E+0	0.000000E+0	1.964247E-4	2.976042E-9	0.000000E+0	0.000000E+0	1.004022E+1	0.000000E+0	3.000000E+0
24-Apr-25	15:27:37	-0.000000E+0	4.288295E+0	-9.000000E-5	4.730000E-6	-3.850000E-7	3.560500E-4	4.500000E-6	0.000000E+0	0.000000E+0	1.964247E-4	2.976042E-9	0.000000E+0	0.000000E+0	1.004022E+1	0.000000E+0	3.000000E+0
24-Apr-25	15:27:37	-0.000000E+0	4.279295E+0	-9.000000E-5	4.745000E-6	-3.700000E-7	3.562500E-4	4.450000E-6	0.000000E+0	0.000000E+0	1.964247E-4	2.976042E-9	0.000000E+0	0.000000E+0	1.004022E+1	0.000000E+0	3.000000E+0
24-Apr-25	15:27:38	-0.000000E+0	4.270335E+0	-9.000000E-5	4.790000E-6	-3.850000E-7	3.561500E-4	4.400000E-6	0.000000E+0	0.000000E+0	1.964247E-4	2.976042E-9	0.000000E+0	0.000000E+0	1.004022E+1	0.000000E+0	3.000000E+0
24-Apr-25	15:27:38	-0.000000E+0	4.261340E+0	-9.000000E-5	4.725000E-6	-3.150000E-7	3.569000E-4	4.400000E-6	0.000000E+0	0.000000E+0	1.964247E-4	2.976042E-9	0.000000E+0	0.000000E+0	1.004022E+1	0.000000E+0	3.000000E+0
24-Apr-25	15:27:39	-0.000000E+0	4.252335E+0	-9.000000E-5	4.735000E-6	-3.750000E-7	3.565000E-4	4.350000E-6	0.000000E+0	0.000000E+0	1.964247E-4	2.976042E-9	0.000000E+0	0.000000E+0	1.004022E+1	0.000000E+0	3.000000E+0
24-Apr-25	15:27:39	-0.000000E+0	4.241535E+0	-9.000000E-5	4.745000E-6	-3.800000E-7	3.561500E-4	4.250000E-6	0.000000E+0	0.000000E+0	1.964247E-4	2.976042E-9	0.000000E+0	0.000000E+0	1.004022E+1	0.000000E+0	3.000000E+0
24-Apr-25	15:27:40	-0.000000E+0	4.233465E+0	-9.000000E-5	4.750000E-6	-3.200000E-7	3.566000E-4	3.950000E-6	0.000000E+0	0.000000E+0	1.964247E-4	2.976042E-9	0.000000E+0	0.000000E+0	1.004022E+1	0.000000E+0	3.000000E+0
24-Apr-25	15:27:40	-0.000000E+0	4.224180E+0	-9.000000E-5	4.725000E-6	-3.900000E-7	3.561000E-4	4.550000E-6	0.000000E+0	0.000000E+0	1.964247E-4	2.976042E-9	0.000000E+0	0.000000E+0	1.004022E+1	0.000000E+0	3.000000E+0
24-Apr-25	15:27:41	-0.000000E+0	4.212490E+0	-9.000000E-5	4.765000E-6	-4.250000E-7	3.566500E-4	3.900000E-6	0.000000E+0	0.000000E+0	1.964247E-4	2.976042E-9	0.000000E+0	0.000000E+0	1.004022E+1	0.000000E+0	3.000000E+0
24-Apr-25	15:27:41	-0.000000E+0	4.202590E+0	-9.000000E-5	4.760000E-6	-4.050000E-7	3.562000E-4	4.300000E-6	0.000000E+0	0.000000E+0	1.964247E-4	2.976042E-9	0.000000E+0	0.000000E+0	1.004022E+1	0.000000E+0	3.000000E+0
24-Apr-25	15:27:42	-0.000000E+0	4.193600E+0	-9.000000E-5	4.765000E-6	-4.050000E-7	3.562000E-4	4.250000E-6	0.000000E+0	0.000000E+0	1.964247E-4	2.976042E-9	0.000000E+0	0.000000E+0	1.004022E+1	0.000000E+0	3.000000E+0
24-Apr-25	15:27:42	-0.000000E+0	4.184620E+0	-9.000000E-5	4.760000E-6	-3.900000E-7	3.567500E-4	4.450000E-6	0.000000E+0	0.000000E+0	1.964247E-4	2.976042E-9	0.000000E+0	0.000000E+0	1.004022E+1	0.000000E+0	3.000000E+0
24-Apr-25	15:27:43	-0.000000E+0	4.175630E+0	-9.000000E-5	4.745000E-6	-4.050000E-7	3.558500E-4	3.800000E-6	0.000000E+0	0.000000E+0	1.964247E-4	2.976042E-9	0.000000E+0	0.000000E+0	1.004022E+1	0.000000E+0	3.000000E+0
24-Apr-25	15:27:43	-0.000000E+0	4.165735E+0	-9.000000E-5	4.765000E-6	-3.750000E-7	3.565000E-4	4.700000E-6	0.000000E+0	0.000000E+0	1.964247E-4	2.976042E-9	0.000000E+0	0.000000E+0	1.004022E+1	0.000000E+0	3.000000E+0
24-Apr-25	15:27:44	-0.000000E+0	4.156750E+0	-9.000000E-5	4.800000E-6	-3.600000E-7	3.564500E-4	3.950000E-6	0.000000E+0	0.000000E+0	1.964247E-4	2.976042E-9	0.000000E+0	0.000000E+0	1.004022E+1	0.000000E+0	3.000000E+0
24-Apr-25	15:27:44	-0.000000E+0	4.148620E+0	-9.000000E-5	4.760000E-6	-3.950000E-7	3.563500E-4	4.350000E-6	0.000000E+0	0.000000E+0	1.964247E-4	2.976042E-9	0.000000E+0	0.000000E+0	1.004022E+1	0.000000E+0	3.000000E+0
24-Apr-25	15:27:45	-0.000000E+0	4.140555E+0	-9.000000E-5	4.790000E-6	-4.200000E-7	3.568500E-4	3.950000E-6	0.000000E+0	0.000000E+0	1.964247E-4	2.976042E-9	0.000000E+0	0.000000E+0	1.004022E+1	0.000000E+0	3.000000E+0
24-Apr-25	15:27:45	-0.000000E+0	4.130685E+0	-9.000000E-5	4.780000E-6	-4.250000E-7	3.560500E-4	4.150000E-6	0.000000E+0	0.000000E+0	1.964247E-4	2.976042E-9	0.000000E+0	0.000000E+0	1.004022E+1	0.000000E+0	3.000000E+0
24-Apr-25	15:27:46	-0.000000E+0	4.121690E+0	-9.000000E-5	4.845000E-6	-4.200000E-7	3.563000E-4	4.600000E-6	0.000000E+0	0.000000E+0	1.964247E-4	2.976042E-9	0.000000E+0	0.000000E+0	1.004022E+1	0.000000E+0	3.000000E+0
24-Apr-25	15:27:46	-0.000000E+0	4.112695E+0	-9.000000E-5	4.780000E-6	-3.950000E-7	3.563000E-4	4.200000E-6	0.000000E+0	0.000000E+0	1.964247E-4	2.976042E-9	0.000000E+0	0.000000E+0	1.004022E+1	0.000000E+0	3.000000E+0
24-Apr-25	15:27:47	-0.000000E+0	4.104600E+0	-9.000000E-5	4.740000E-6	-3.600000E-7	3.562500E-4	4.400000E-6	0.000000E+0	0.000000E+0	1.964247E-4	2.976042E-9	0.000000E+0	0.000000E+0	1.004022E+1	0.000000E+0	3.000000E+0
24-Apr-25	15:27:47	-0.000000E+0	4.095605E+0	-9.000000E-5	4.765000E-6	-3.800000E-7	3.560000E-4	4.050000E-6	0.000000E+0	0.000000E+0	1.964247E-4	2.976042E-9	0.000000E+0	0.000000E+0	1.004022E+1	0.000000E+0	3.000000E+0
24-Apr-25	15:27:48	-0.000000E+0	4.086635E+0	-9.000000E-5	4.775000E-6	-4.200000E-7	3.556500E-4	4.100000E-6	0.000000E+0	0.000000E+0	1.964247E-4	2.976042E-9	0.000000E+0	0.000000E+0	1.004022E+1	0.000000E+0	3.000000E+0
24-Apr-25	15:27:48	-0.000000E+0	4.078540E+0	-9.000000E-5	4.825000E-6	-3.850000E-7	3.558500E-4	4.500000E-6	0.000000E+0	0.000000E+0	1.964247E-4	2.976042E-9	0.000000E+0	0.000000E+0	1.004022E+1	0.000000E+0	3.000000E+0
24-Apr-25	15:27:49	-0.000000E+0	4.069550E+0	-9.000000E-5	4.805000E-6	-3.600000E-7	3.562500E-4	3.950000E-6	0.000000E+0	0.000000E+0	1.964247E-4	2.976042E-9	0.000000E+0	0.000000E+0	1.004022E+1	0.000000E+0	3.000000E+0
24-Apr-25	15:27:49	-0.000000E+0	4.060550E+0	-9.000000E-5	4.805000E-6	-3.850000E-7	3.554000E-4	4.750000E-6	0.000000E+0	0.000000E+0	1.964247E-4	2.976042E-9	0.000000E+0	0.000000E+0	1.004022E+1	0.000000E+0	3.000000E+0
24-Apr-25	15:27:50	-0.000000E+0	4.052460E+0	-9.000000E-5	4.805000E-6	-3.600000E-7	3.561500E-4	4.150000E-6	0.000000E+0	0.000000E+0	1.964247E-4	2.976042E-9	0.000000E+0	0.000000E+0	1.004022E+1	0.000000E+0	3.000000E+0
24-Apr-25	15:27:50	-0.000000E+0	4.043470E+0	-9.000000E-5	4.855000E-6	-3.800000E-7	3.558500E-4	4.350000E-6	0.000000E+0	0.000000E+0	1.964247E-4	2.976042E-9	0.000000E+0	0.000000E+0	1.004022E+1	0.000000E+0	3.000000E+0
24-Apr-25	15:27:51	-0.000000E+0	4.034505E+0	-9.000000E-5	4.845000E-6	-3.950000E-7	3.560000E-4	4.300000E-6	0.000000E+0	0.000000E+0	1.964247E-4	2.976042E-9	0.000000E+0	0.000000E+0	1.004022E+1	0.000000E+0	3.000000E+0
24-Apr-25	15:27:51	-0.000000E+0	4.026400E+0	-9.000000E-5	4.820000E-6	-3.600000E-7	3.563000E-4	4.500000E-6	0.000000E+0	0.000000E+0	1.964247E-4	2.976042E-9	0.000000E+0	0.000000E+0	1.004022E+1	0.000000E+0	3.000000E+0
24-Apr-25	15:27:52	-0.000000E+0	4.017250E+0	-9.000000E-5	4.795000E-6	-3.850000E-7	3.560500E-4	4.400000E-6	0.000000E+0	0.000000E+0	1.964247E-4	2.976042E-9	0.000000E+0	0.000000E+0	1.004022E+1	0.000000E+0	3.000000E+0
24-Apr-25	15:27:53	-0.000000E+0	4.004510E+0	-9.000000E-5	4.805000E-6	-3.750000E-7	3.558000E-4	4.500000E-6	0.000000E+0	0.000000E+0	1.964247E-4	2.976042E-9	0.000000E+0	0.000000E+0	1.004022E+1	0.000000E+0	3.000000E+0
24-Apr-25	15:27:53	-0.000000E+0	3.992840E+0	-9.000000E-5	4.840000E-6	-4.300000E-7	3.564000E-4	4.500000E-6	0.000000E+0	0.000000E+0	1.964247E-4	2.976042E-9	0.000000E+0	0.000000E+0	1.004022E+1	0.000000E+0	3.000000E+0
24-Apr-25	15:27:54	-0.000000E+0	3.983855E+0	-9.000000E-5	4.845000E-6	-3.600000E-7	3.553500E-4	4.400000E-6	0.000000E+0	0.000000E+0	1.964247E-4	2.976042E-9	0.000000E+0	0.000000E+0	1.004022E+1	0.000000E+0	3.000000E+0
24-Apr-25	15:27:54	-0.000000E+0	3.974875E+0	-9.000000E-5	4.840000E-6	-3.700000E-7	3.557500E-4	4.350000E-6	0.000000E+0	0.000000E+0	1.964247E-4	2.976042E-9	0.000000E+0	0.000000E+0	1.004022E+1	0.000000E+0	3.000000E+0
24-Apr-25	15:27:55	-0.000000E+0	3.965855E+0	-9.000000E-5	4.875000E-6	-3.300000E-7	3.567500E-4	4.000000E-6	0.000000E+0	0.000000E+0	1.964247E-4	2.976042E-9	0.000000E+0	0.000000E+0	1.004022E+1	0.000000E+0	3.000000E+0
24-Apr-25	15:27:55	-0.000000E+0	3.956870E+0	-9.000000E-5	4.840000E-6	-3.850000E-7	3.558000E-4	4.500000E-6	0.000000E+0	0.000000E+0	1.964247E-4	2.976042E-9	0.000000E+0	0.000000E+0	1.004022E+1	0.000000E+0	3.000000E+0
24-Apr-25	15:27:56	-0.000000E+0	3.947890E+0	-9.000000E-5	4.845000E-6	-4.250000E-7	3.561000E-4	4.500000E-6	0.000000E+0	0.000000E+0	1.964247E-4	2.976042E-9	0.000000E+0	0.000000E+0	1.004022E+1	0.000000E+0	3.000000E+0
24-Apr-25	15:27:56	-0.000000E+0	3.938920E+0	-9.000000E-5	4.875000E-6	-3.450000E-7	3.555500E-4	3.800000E-6	0.000000E+0	0.000000E+0	1.964247E-4	2.976042E-9	0.000000E+0	0.000000E+0	1.004022E+1	0.000000E+0	3.000000E+0
24-Apr-25	15:27:56	-0.000000E+0	3.930815E+0	-9.000000E-5	4.830000E-6	-3.800000E-7	3.557000E-4	4.000000E-6	0.000000E+0	0.000000E+0	1.964247E-4	2.976042E-9	0.000000E+0	0.000000E+0	1.004022E+1	0.000000E+0	3.000000E+0
24-Apr-25	15:27:57	-0.000000E+0	3.921825E+0	-9.000000E-5	4.875000E-6	-4.300000E-7	3.556000E-4	3.950000E-6	0.000000E+0	0.000000E+0	1.964247E-4	2.976042E-9	0.000000E+0	0.000000E+0	1.004022E+1	0.000000E+0	3.000000E+0
24-Apr-25	15:27:58	-0.000000E+0	3.911785E+0	-9.000000E-5	4.885000E-6	-4.250000E-7	3.556000E-4	4.300000E-6	0.000000E+0	0.000000E+0	1.964247E-4	2.976042E-9	0.000000E+0	0.000000E+0	1.004022E+1	0.000000E+0	3.000000E+0
24-Apr-25	15:27:58	-0.000000E+0	3.900855E+0	-9.000000E-5	4.870000E-6	-3.850000E-7	3.561000E-4	4.150000E-6	0.000000E+0	0.000000E+0	1.964247E-4	2.976042E-9	0.000000E+0	0.000000E+0	1.004022E+1	0.000000E+0	3.000000E+0
24-Apr-25	15:27:59	-0.000000E+0	3.891860E+0	-9.000000E-5	4.855000E-6	-3.900000E-7	3.555500E-4	3.950000E-6	0.000000E+0	0.000000E+0	1.964247E-4	2.976042E-9	0.000000E+0	0.000000E+0	1.004022E+1	0.000000E+0	3.000000E+0
24-Apr-25	15:27:59	-0.000000E+0	3.881970E+0	-9.000000E-5	4.850000E-6	-4.250000E-7	3.555000E-4	4.000000E-6	0.000000E+0	0.000000E+0	1.964247E-4	2.976042E-9	0.000000E+0	0.000000E+0	1.004022E+1	0.000000E+0	3.000000E+0
24-Apr-25	15:28:00	-0.000000E+0	3.873875E+0	-9.000000E-5	4.875000E-6	-3.850000E-7	3.554000E-4	3.850000E-6	0.000000E+0	0.000000E+0	1.964247E-4	2.976042E-9	0.000000E+0	0.000000E+0	1.004022E+1	0.000000E+0	3.000000E+0
24-Apr-25	15:28:00	-0.000000E+0	3.864885E+0	-9.000000E-5	4.835000E-6	-3.900000E-7	3.559500E-4	4.200000E-6	0.000000E+0	0.000000E+0	1.964247E-4	2.976042E-9	0.000000E+0	0.000000E+0	1.004022E+1	0.000000E+0	3.000000E+0
24-Apr-25	15:28:01	-0.000000E+0	3.855895E+0	-9.000000E-5	4.810000E-6	-3.900000E-7	3.560500E-4	3.950000E-6	0.000000E+0	0.000000E+0	1.964247E-4	2.976042E-9	0.000000E+0	0.000000E+0	1.004022E+1	0.000000E+0	3.000000E+0
24-Apr-25	15:28:01	-0.000000E+0	3.846920E+0	-9.000000E-5	4.880000E-6	-4.150000E-7	3.553000E-4	4.400000E-6	0.000000E+0	0.000000E+0	1.964247E-4	2.976042E-9	0.000000E+0	0.000000E+0	1.004022E+1	0.000000E+0	3.000000E+0
24-Apr-25	15:28:02	-0.000000E+0	3.837925E+0	-9.000000E-5	4.875000E-6	-3.950000E-7	3.551000E-4	4.100000E-6	0.000000E+0	0.000000E+0	1.964247E-4	2.976042E-9	0.000000E+0	0.000000E+0	1.004022E+1	0.000000E+0	3.000000E+0
24-Apr-25	15:28:02	-0.000000E+0	3.828920E+0	-9.000000E-5	4.875000E-6	-3.900000E-7	3.553500E-4	4.300000E-6	0.000000E+0	0.000000E+0	1.964247E-4	2.976042E-9	0.000000E+0	0.000000E+0	1.004022E+1	0.000000E+0	3.000000E+0
24-Apr-25	15:28:03	-0.000000E+0	3.819035E+0	-9.000000E-5	4.915000E-6	-3.650000E-7	3.558000E-4	4.200000E-6	0.000000E+0	0.000000E+0	1.964247E-4	2.976042E-9	0.000000E+0	0.000000E+0	1.004022E+1	0.000000E+0	3.000000E+0
24-Apr-25	15:28:03	-0.000000E+0	3.810055E+0	-9.000000E-5	4.925000E-6	-3.850000E-7	3.557500E-4	4.250000E-6	0.000000E+0	0.000000E+0	1.964247E-4	2.976042E-9	0.000000E+0	0.000000E+0	1.004022E+1	0.000000E+0	3.000000E+0
24-Apr-25	15:28:04	-0.000000E+0	3.796410E+0	-9.000000E-5	4.870000E-6	-3.900000E-7	3.554500E-4	4.400000E-6	0.000000E+0	0.000000E+0	1.964247E-4	2.976042E-9	0.000000E+0	0.000000E+0	1.004022E+1	0.000000E+0	3.000000E+0
24-Apr-25	15:28:05	-0.000000E+0	3.786375E+0	-9.000000E-5	4.940000E-6	-4.000000E-7	3.558500E-4	4.100000E-6	0.000000E+0	0.000000E+0	1.964247E-4	2.976042E-9	0.000000E+0	0.000000E+0	1.004022E+1	0.000000E+0	3.000000E+0
24-Apr-25	15:28:05	-0.000000E+0	3.777370E+0	-9.000000E-5	4.925000E-6	-3.900000E-7	3.553500E-4	4.050000E-6	0.000000E+0	0.000000E+0	1.964247E-4	2.976042E-9	0.000000E+0	0.000000E+0	1.004022E+1	0.000000E+0	3.000000E+0
24-Apr-25	15:28:06	-0.000000E+0	3.766600E+0	-9.000000E-5	4.950000E-6	-3.450000E-7	3.548000E-4	4.300000E-6	0.000000E+0	0.000000E+0	1.964247E-4	2.976042E-9	0.000000E+0	0.000000E+0	1.004022E+1	0.000000E+0	3.000000E+0
24-Apr-25	15:28:06	-0.000000E+0	3.758500E+0	-9.000000E-5	4.925000E-6	-3.950000E-7	3.556000E-4	4.250000E-6	0.000000E+0	0.000000E+0	1.964247E-4	2.976042E-9	0.000000E+0	0.000000E+0	1.004022E+1	0.000000E+0	3.000000E+0
24-Apr-25	15:28:07	-0.000000E+0	3.748630E+0	-9.000000E-5	4.930000E-6	-3.600000E-7	3.555000E-4	4.800000E-6	0.000000E+0	0.000000E+0	1.964247E-4	2.976042E-9	0.000000E+0	0.000000E+0	1.004022E+1	0.000000E+0	3.000000E+0
24-Apr-25	15:28:07	-0.000000E+0	3.736930E+0	-9.000000E-5	4.925000E-6	-3.700000E-7	3.553500E-4	4.350000E-6	0.000000E+0	0.000000E+0	1.964247E-4	2.976042E-9	0.000000E+0	0.000000E+0	1.004022E+1	0.000000E+0	3.000000E+0
24-Apr-25	15:28:08	-0.000000E+0	3.727040E+0	-9.000000E-5	4.945000E-6	-4.000000E-7	3.556000E-4	4.100000E-6	0.000000E+0	0.000000E+0	1.964247E-4	2.976042E-9	0.000000E+0	0.000000E+0	1.004022E+1	0.000000E+0	3.000000E+0
24-Apr-25	15:28:08	-0.000000E+0	3.718055E+0	-9.000000E-5	4.945000E-6	-4.050000E-7	3.550000E-4	4.050000E-6	0.000000E+0	0.000000E+0	1.964247E-4	2.976042E-9	0.000000E+0	0.000000E+0	1.004022E+1	0.000000E+0	3.000000E+0
24-Apr-25	15:28:09	-0.000000E+0	3.709075E+0	-9.000000E-5	4.905000E-6	-3.900000E-7	3.552500E-4	4.000000E-6	0.000000E+0	0.000000E+0	1.964247E-4	2.976042E-9	0.000000E+0	0.000000E+0	1.004022E+1	0.000000E+0	3.000000E+0
24-Apr-25	15:28:09	-0.000000E+0	3.700080E+0	-9.000000E-5	4.905000E-6	-4.250000E-7	3.552500E-4	4.250000E-6	0.000000E+0	0.000000E+0	1.964247E-4	2.976042E-9	0.000000E+0	0.000000E+0	1.004022E+1	0.000000E+0	3.000000E+0
24-Apr-25	15:28:10	-0.000000E+0	3.691100E+0	-9.000000E-5	4.985000E-6	-4.550000E-7	3.558500E-4	4.300000E-6	0.000000E+0	0.000000E+0	1.964247E-4	2.976042E-9	0.000000E+0	0.000000E+0	1.004022E+1	0.000000E+0	3.000000E+0
24-Apr-25	15:28:10	-0.000000E+0	3.679400E+0	-9.000000E-5	4.995000E-6	-3.800000E-7	3.551000E-4	4.350000E-6	0.000000E+0	0.000000E+0	1.964247E-4	2.976042E-9	0.000000E+0	0.000000E+0	1.004022E+1	0.000000E+0	3.000000E+0
24-Apr-25	15:28:11	-0.000000E+0	3.671310E+0	-9.000000E-5	4.980000E-6	-3.900000E-7	3.552500E-4	4.100000E-6	0.000000E+0	0.000000E+0	1.964247E-4	2.976042E-9	0.000000E+0	0.000000E+0	1.004022E+1	0.000000E+0	3.000000E+0
24-Apr-25	15:28:12	-0.000000E+0	3.662320E+0	-9.000000E-5	4.950000E-6	-4.050000E-7	3.552000E-4	4.400000E-6	0.000000E+0	0.000000E+0	1.964247E-4	2.976042E-9	0.000000E+0	0.000000E+0	1.004022E+1	0.000000E+0	3.000000E+0
24-Apr-25	15:28:12	-0.000000E+0	3.649465E+0	-9.000000E-5	4.980000E-6	-3.900000E-7	3.553500E-4	4.150000E-6	0.000000E+0	0.000000E+0	1.964247E-4	2.976042E-9	0.000000E+0	0.000000E+0	1.004022E+1	0.000000E+0	3.000000E+0
24-Apr-25	15:28:13	-0.000000E+0	3.634910E+0	-9.000000E-5	5.005000E-6	-3.850000E-7	3.553500E-4	3.700000E-6	0.000000E+0	0.000000E+0	1.964247E-4	2.976042E-9	0.000000E+0	0.000000E+0	1.004022E+1	0.000000E+0	3.000000E+0
24-Apr-25	15:28:14	-0.000000E+0	3.620370E+0	-9.000000E-5	5.020000E-6	-3.700000E-7	3.546500E-4	4.350000E-6	0.000000E+0	0.000000E+0	1.964247E-4	2.976042E-9	0.000000E+0	0.000000E+0	1.004022E+1	0.000000E+0	3.000000E+0
24-Apr-25	15:28:14	-0.000000E+0	3.608550E+0	-9.000000E-5	5.000000E-6	-3.800000E-7	3.546500E-4	4.550000E-6	0.000000E+0	0.000000E+0	1.964247E-4	2.976042E-9	0.000000E+0	0.000000E+0	1.004022E+1	0.000000E+0	3.000000E+0
24-Apr-25	15:28:15	-0.000000E+0	3.599410E+0	-9.000000E-5	4.975000E-6	-3.950000E-7	3.551000E-4	4.250000E-6	0.000000E+0	0.000000E+0	1.964247E-4	2.976042E-9	0.000000E+0	0.000000E+0	1.004022E+1	0.000000E+0	3.000000E+0
24-Apr-25	15:28:15	-0.000000E+0	3.590410E+0	-9.000000E-5	5.025000E-6	-3.450000E-7	3.549000E-4	4.500000E-6	0.000000E+0	0.000000E+0	1.964247E-4	2.976042E-9	0.000000E+0	0.000000E+0	1.004022E+1	0.000000E+0	3.000000E+0
24-Apr-25	15:28:16	-0.000000E+0	3.581405E+0	-9.000000E-5	5.035000E-6	-3.750000E-7	3.552500E-4	4.100000E-6	0.000000E+0	0.000000E+0	1.964247E-4	2.976042E-9	0.000000E+0	0.000000E+0	1.004022E+1	0.000000E+0	3.000000E+0
24-Apr-25	15:28:16	-0.000000E+0	3.572420E+0	-9.000000E-5	5.045000E-6	-3.900000E-7	3.546500E-4	4.100000E-6	0.000000E+0	0.000000E+0	1.964247E-4	2.976042E-9	0.000000E+0	0.000000E+0	1.004022E+1	0.000000E+0	3.000000E+0
24-Apr-25	15:28:17	-0.000000E+0	3.563445E+0	-9.000000E-5	5.040000E-6	-4.300000E-7	3.552500E-4	4.100000E-6	0.000000E+0	0.000000E+0	1.964247E-4	2.976042E-9	0.000000E+0	0.000000E+0	1.004022E+1	0.000000E+0	3.000000E+0
24-Apr-25	15:28:18	-0.000000E+0	3.550870E+0	-9.000000E-5	5.065000E-6	-4.050000E-7	3.549500E-4	3.950000E-6	0.000000E+0	0.000000E+0	1.964247E-4	2.976042E-9	0.000000E+0	0.000000E+0	1.004022E+1	0.000000E+0	3.000000E+0
24-Apr-25	15:28:18	-0.000000E+0	3.541875E+0	-9.000000E-5	5.035000E-6	-3.800000E-7	3.548000E-4	4.500000E-6	0.000000E+0	0.000000E+0	1.964247E-4	2.976042E-9	0.000000E+0	0.000000E+0	1.004022E+1	0.000000E+0	3.000000E+0
24-Apr-25	15:28:19	-0.000000E+0	3.532885E+0	-9.000000E-5	5.015000E-6	-4.100000E-7	3.546500E-4	3.950000E-6	0.000000E+0	0.000000E+0	1.964247E-4	2.976042E-9	0.000000E+0	0.000000E+0	1.004022E+1	0.000000E+0	3.000000E+0
24-Apr-25	15:28:19	-0.000000E+0	3.523900E+0	-9.000000E-5	5.035000E-6	-4.150000E-7	3.551500E-4	4.200000E-6	0.000000E+0	0.000000E+0	1.964247E-4	2.976042E-9	0.000000E+0	0.000000E+0	1.004022E+1	0.000000E+0	3.000000E+0
24-Apr-25	15:28:20	-0.000000E+0	3.515820E+0	-9.000000E-5	5.055000E-6	-4.150000E-7	3.550000E-4	3.800000E-6	0.000000E+0	0.000000E+0	1.964247E-4	2.976042E-9	0.000000E+0	0.000000E+0	1.004022E+1	0.000000E+0	3.000000E+0
24-Apr-25	15:28:20	-0.000000E+0	3.506835E+0	-9.000000E-5	5.085000E-6	-4.250000E-7	3.556000E-4	3.850000E-6	0.000000E+0	0.000000E+0	1.964247E-4	2.976042E-9	0.000000E+0	0.000000E+0	1.004022E+1	0.000000E+0	3.000000E+0
24-Apr-25	15:28:21	-0.000000E+0	3.498725E+0	-9.000000E-5	5.095000E-6	-4.250000E-7	3.552000E-4	4.200000E-6	0.000000E+0	0.000000E+0	1.964247E-4	2.976042E-9	0.000000E+0	0.000000E+0	1.004022E+1	0.000000E+0	3.000000E+0
24-Apr-25	15:28:21	-0.000000E+0	3.489735E+0	-9.000000E-5	5.085000E-6	-4.350000E-7	3.549500E-4	4.250000E-6	0.000000E+0	0.000000E+0	1.964247E-4	2.976042E-9	0.000000E+0	0.000000E+0	1.004022E+1	0.000000E+0	3.000000E+0
24-Apr-25	15:28:22	-0.000000E+0	3.480740E+0	-9.000000E-5	5.100000E-6	-4.150000E-7	3.549500E-4	3.950000E-6	0.000000E+0	0.000000E+0	1.964247E-4	2.976042E-9	0.000000E+0	0.000000E+0	1.004022E+1	0.000000E+0	3.000000E+0
24-Apr-25	15:28:22	-0.000000E+0	3.471765E+0	-9.000000E-5	5.105000E-6	-4.350000E-7	3.551500E-4	3.850000E-6	0.000000E+0	0.000000E+0	1.964247E-4	2.976042E-9	0.000000E+0	0.000000E+0	1.004022E+1	0.000000E+0	3.000000E+0
24-Apr-25	15:28:23	-0.000000E+0	3.462780E+0	-9.000000E-5	5.165000E-6	-3.950000E-7	3.547500E-4	4.350000E-6	0.000000E+0	0.000000E+0	1.964247E-4	2.976042E-9	0.000000E+0	0.000000E+0	1.004022E+1	0.000000E+0	3.000000E+0
24-Apr-25	15:28:23	-0.000000E+0	3.451670E+0	-9.000000E-5	5.135000E-6	-4.450000E-7	3.552000E-4	4.450000E-6	0.000000E+0	0.000000E+0	1.964247E-4	2.976042E-9	0.000000E+0	0.000000E+0	1.004022E+1	0.000000E+0	3.000000E+0
24-Apr-25	15:28:24	-0.000000E+0	3.442685E+0	-9.000000E-5	5.115000E-6	-4.100000E-7	3.548000E-4	4.250000E-6	0.000000E+0	0.000000E+0	1.964247E-4	2.976042E-9	0.000000E+0	0.000000E+0	1.004022E+1	0.000000E+0	3.000000E+0
24-Apr-25	15:28:24	-0.000000E+0	3.433705E+0	-9.000000E-5	5.130000E-6	-4.050000E-7	3.548500E-4	4.050000E-6	0.000000E+0	0.000000E+0	1.964247E-4	2.976042E-9	0.000000E+0	0.000000E+0	1.004022E+1	0.000000E+0	3.000000E+0
24-Apr-25	15:28:25	-0.000000E+0	3.424715E+0	-9.000000E-5	5.120000E-6	-4.000000E-7	3.548000E-4	4.300000E-6	0.000000E+0	0.000000E+0	1.964247E-4	2.976042E-9	0.000000E+0	0.000000E+0	1.004022E+1	0.000000E+0	3.000000E+0
24-Apr-25	15:28:25	-0.000000E+0	3.414805E+0	-9.000000E-5	5.105000E-6	-4.050000E-7	3.551000E-4	4.350000E-6	0.000000E+0	0.000000E+0	1.964247E-4	2.976042E-9	0.000000E+0	0.000000E+0	1.004022E+1	0.000000E+0	3.000000E+0
24-Apr-25	15:28:26	-0.000000E+0	3.405815E+0	-9.000000E-5	5.095000E-6	-3.800000E-7	3.543000E-4	4.450000E-6	0.000000E+0	0.000000E+0	1.964247E-4	2.976042E-9	0.000000E+0	0.000000E+0	1.004022E+1	0.000000E+0	3.000000E+0
24-Apr-25	15:28:26	-0.000000E+0	3.396820E+0	-9.000000E-5	5.120000E-6	-4.050000E-7	3.548000E-4	4.300000E-6	0.000000E+0	0.000000E+0	1.964247E-4	2.976042E-9	0.000000E+0	0.000000E+0	1.004022E+1	0.000000E+0	3.000000E+0
24-Apr-25	15:28:27	-0.000000E+0	3.388720E+0	-9.000000E-5	5.135000E-6	-4.100000E-7	3.550500E-4	4.250000E-6	0.000000E+0	0.000000E+0	1.964247E-4	2.976042E-9	0.000000E+0	0.000000E+0	1.004022E+1	0.000000E+0	3.000000E+0
24-Apr-25	15:28:27	-0.000000E+0	3.379750E+0	-9.000000E-5	5.155000E-6	-3.650000E-7	3.550500E-4	3.500000E-6	0.000000E+0	0.000000E+0	1.964247E-4	2.976042E-9	0.000000E+0	0.000000E+0	1.004022E+1	0.000000E+0	3.000000E+0
24-Apr-25	15:28:28	-0.000000E+0	3.371670E+0	-9.000000E-5	5.160000E-6	-3.300000E-7	3.547000E-4	4.850000E-6	0.000000E+0	0.000000E+0	1.964247E-4	2.976042E-9	0.000000E+0	0.000000E+0	1.004022E+1	0.000000E+0	3.000000E+0
24-Apr-25	15:28:28	-0.000000E+0	3.362675E+0	-9.000000E-5	5.205000E-6	-3.550000E-7	3.549500E-4	3.900000E-6	0.000000E+0	0.000000E+0	1.964247E-4	2.976042E-9	0.000000E+0	0.000000E+0	1.004022E+1	0.000000E+0	3.000000E+0
24-Apr-25	15:28:29	-0.000000E+0	3.353690E+0	-9.000000E-5	5.210000E-6	-4.150000E-7	3.548000E-4	4.250000E-6	0.000000E+0	0.000000E+0	1.964247E-4	2.976042E-9	0.000000E+0	0.000000E+0	1.004022E+1	0.000000E+0	3.000000E+0
24-Apr-25	15:28:29	-0.000000E+0	3.343800E+0	-9.000000E-5	5.195000E-6	-4.200000E-7	3.550000E-4	4.350000E-6	0.000000E+0	0.000000E+0	1.964247E-4	2.976042E-9	0.000000E+0	0.000000E+0	1.004022E+1	0.000000E+0	3.000000E+0
24-Apr-25	15:28:30	-0.000000E+0	3.334790E+0	-9.000000E-5	5.200000E-6	-4.600000E-7	3.544000E-4	4.000000E-6	0.000000E+0	0.000000E+0	1.964247E-4	2.976042E-9	0.000000E+0	0.000000E+0	1.004022E+1	0.000000E+0	3.000000E+0
24-Apr-25	15:28:30	-0.000000E+0	3.324930E+0	-9.000000E-5	5.205000E-6	-4.450000E-7	3.545500E-4	3.950000E-6	0.000000E+0	0.000000E+0	1.964247E-4	2.976042E-9	0.000000E+0	0.000000E+0	1.004022E+1	0.000000E+0	3.000000E+0
24-Apr-25	15:28:31	-0.000000E+0	3.314885E+0	-9.000000E-5	5.225000E-6	-4.200000E-7	3.545000E-4	4.400000E-6	0.000000E+0	0.000000E+0	1.964247E-4	2.976042E-9	0.000000E+0	0.000000E+0	1.004022E+1	0.000000E+0	3.000000E+0
24-Apr-25	15:28:31	-0.000000E+0	3.305880E+0	-9.000000E-5	5.225000E-6	-4.500000E-7	3.542500E-4	4.250000E-6	0.000000E+0	0.000000E+0	1.964247E-4	2.976042E-9	0.000000E+0	0.000000E+0	1.004022E+1	0.000000E+0	3.000000E+0
24-Apr-25	15:28:32	-0.000000E+0	3.296740E+0	-9.000000E-5	5.230000E-6	-3.750000E-7	3.551000E-4	4.250000E-6	0.000000E+0	0.000000E+0	1.964247E-4	2.976042E-9	0.000000E+0	0.000000E+0	1.004022E+1	0.000000E+0	3.000000E+0
24-Apr-25	15:28:32	-0.000000E+0	3.286845E+0	-9.000000E-5	5.265000E-6	-4.600000E-7	3.544500E-4	4.300000E-6	0.000000E+0	0.000000E+0	1.964247E-4	2.976042E-9	0.000000E+0	0.000000E+0	1.004022E+1	0.000000E+0	3.000000E+0
24-Apr-25	15:28:33	-0.000000E+0	3.276095E+0	-9.000000E-5	5.250000E-6	-4.250000E-7	3.545000E-4	4.350000E-6	0.000000E+0	0.000000E+0	1.964247E-4	2.976042E-9	0.000000E+0	0.000000E+0	1.004022E+1	0.000000E+0	3.000000E+0
24-Apr-25	15:28:33	-0.000000E+0	3.267985E+0	-9.000000E-5	5.215000E-6	-4.350000E-7	3.546000E-4	4.100000E-6	0.000000E+0	0.000000E+0	1.964247E-4	2.976042E-9	0.000000E+0	0.000000E+0	1.004022E+1	0.000000E+0	3.000000E+0
24-Apr-25	15:28:34	-0.000000E+0	3.258995E+0	-9.000000E-5	5.255000E-6	-4.250000E-7	3.545500E-4	3.950000E-6	0.000000E+0	0.000000E+0	1.964247E-4	2.976042E-9	0.000000E+0	0.000000E+0	1.004022E+1	0.000000E+0	3.000000E+0
24-Apr-25	15:28:35	-0.000000E+0	3.245365E+0	-9.000000E-5	5.260000E-6	-4.750000E-7	3.549500E-4	4.250000E-6	0.000000E+0	0.000000E+0	1.964247E-4	2.976042E-9	0.000000E+0	0.000000E+0	1.004022E+1	0.000000E+0	3.000000E+0
24-Apr-25	15:28:35	-0.000000E+0	3.235330E+0	-9.000000E-5	5.285000E-6	-4.350000E-7	3.544000E-4	4.200000E-6	0.000000E+0	0.000000E+0	1.964247E-4	2.976042E-9	0.000000E+0	0.000000E+0	1.004022E+1	0.000000E+0	3.000000E+0
24-Apr-25	15:28:36	-0.000000E+0	3.226325E+0	-9.000000E-5	5.285000E-6	-4.550000E-7	3.547000E-4	3.700000E-6	0.000000E+0	0.000000E+0	1.964247E-4	2.976042E-9	0.000000E+0	0.000000E+0	1.004022E+1	0.000000E+0	3.000000E+0
24-Apr-25	15:28:36	-0.000000E+0	3.214630E+0	-9.000000E-5	5.220000E-6	-4.200000E-7	3.544000E-4	4.350000E-6	0.000000E+0	0.000000E+0	1.964247E-4	2.976042E-9	0.000000E+0	0.000000E+0	1.004022E+1	0.000000E+0	3.000000E+0
24-Apr-25	15:28:37	-0.000000E+0	3.205640E+0	-9.000000E-5	5.260000E-6	-4.400000E-7	3.544000E-4	3.950000E-6	0.000000E+0	0.000000E+0	1.964247E-4	2.976042E-9	0.000000E+0	0.000000E+0	1.004022E+1	0.000000E+0	3.000000E+0
24-Apr-25	15:28:37	-0.000000E+0	3.195460E+0	-9.000000E-5	5.325000E-6	-4.250000E-7	3.549000E-4	3.100000E-6	0.000000E+0	0.000000E+0	1.964247E-4	2.976042E-9	0.000000E+0	0.000000E+0	1.004022E+1	0.000000E+0	3.000000E+0
24-Apr-25	15:28:38	-0.000000E+0	3.186485E+0	-9.000000E-5	5.335000E-6	-3.850000E-7	3.542500E-4	5.000000E-6	0.000000E+0	0.000000E+0	1.964247E-4	2.976042E-9	0.000000E+0	0.000000E+0	1.004022E+1	0.000000E+0	3.000000E+0
24-Apr-25	15:28:38	-0.000000E+0	3.177500E+0	-9.000000E-5	5.320000E-6	-4.100000E-7	3.541000E-4	4.200000E-6	0.000000E+0	0.000000E+0	1.964247E-4	2.976042E-9	0.000000E+0	0.000000E+0	1.004022E+1	0.000000E+0	3.000000E+0
24-Apr-25	15:28:39	-0.000000E+0	3.168485E+0	-9.000000E-5	5.345000E-6	-4.100000E-7	3.542500E-4	4.200000E-6	0.000000E+0	0.000000E+0	1.964247E-4	2.976042E-9	0.000000E+0	0.000000E+0	1.004022E+1	0.000000E+0	3.000000E+0
24-Apr-25	15:28:39	-0.000000E+0	3.159805E+0	-9.000000E-5	5.340000E-6	-4.100000E-7	3.545000E-4	4.500000E-6	0.000000E+0	0.000000E+0	1.964247E-4	2.976042E-9	0.000000E+0	0.000000E+0	1.004022E+1	0.000000E+0	3.000000E+0
24-Apr-25	15:28:40	-0.000000E+0	3.150815E+0	-9.000000E-5	5.340000E-6	-4.100000E-7	3.544000E-4	4.800000E-6	0.000000E+0	0.000000E+0	1.964247E-4	2.976042E-9	0.000000E+0	0.000000E+0	1.004022E+1	0.000000E+0	3.000000E+0
24-Apr-25	15:28:41	-0.000000E+0	3.141840E+0	-9.000000E-5	5.340000E-6	-4.350000E-7	3.545000E-4	4.250000E-6	0.000000E+0	0.000000E+0	1.964247E-4	2.976042E-9	0.000000E+0	0.000000E+0	1.004022E+1	0.000000E+0	3.000000E+0
24-Apr-25	15:28:41	-0.000000E+0	3.131640E+0	-9.000000E-5	5.335000E-6	-4.150000E-7	3.541000E-4	3.800000E-6	0.000000E+0	0.000000E+0	1.964247E-4	2.976042E-9	0.000000E+0	0.000000E+0	1.004022E+1	0.000000E+0	3.000000E+0
24-Apr-25	15:28:41	-0.000000E+0	3.122655E+0	-9.000000E-5	5.345000E-6	-4.100000E-7	3.543000E-4	3.950000E-6	0.000000E+0	0.000000E+0	1.964247E-4	2.976042E-9	0.000000E+0	0.000000E+0	1.004022E+1	0.000000E+0	3.000000E+0
24-Apr-25	15:28:42	-0.000000E+0	3.113640E+0	-9.000000E-5	5.400000E-6	-4.700000E-7	3.542000E-4	3.950000E-6	0.000000E+0	0.000000E+0	1.964247E-4	2.976042E-9	0.000000E+0	0.000000E+0	1.004022E+1	0.000000E+0	3.000000E+0
24-Apr-25	15:28:43	-0.000000E+0	3.104655E+0	-9.000000E-5	5.470000E-6	-4.200000E-7	3.543000E-4	3.250000E-6	0.000000E+0	0.000000E+0	1.964247E-4	2.976042E-9	0.000000E+0	0.000000E+0	1.004022E+1	0.000000E+0	3.000000E+0
24-Apr-25	15:28:43	-0.000000E+0	3.094780E+0	-9.000000E-5	5.405000E-6	-4.400000E-7	3.544500E-4	3.800000E-6	0.000000E+0	0.000000E+0	1.964247E-4	2.976042E-9	0.000000E+0	0.000000E+0	1.004022E+1	0.000000E+0	3.000000E+0
24-Apr-25	15:28:44	-0.000000E+0	3.084005E+0	-9.000000E-5	5.390000E-6	-4.400000E-7	3.544000E-4	3.950000E-6	0.000000E+0	0.000000E+0	1.964247E-4	2.976042E-9	0.000000E+0	0.000000E+0	1.004022E+1	0.000000E+0	3.000000E+0
24-Apr-25	15:28:44	-0.000000E+0	3.073945E+0	-9.000000E-5	5.425000E-6	-4.150000E-7	3.546000E-4	4.850000E-6	0.000000E+0	0.000000E+0	1.964247E-4	2.976042E-9	0.000000E+0	0.000000E+0	1.004022E+1	0.000000E+0	3.000000E+0
24-Apr-25	15:28:45	-0.000000E+0	3.059260E+0	-9.000000E-5	5.435000E-6	-4.250000E-7	3.537000E-4	4.250000E-6	0.000000E+0	0.000000E+0	1.964247E-4	2.976042E-9	0.000000E+0	0.000000E+0	1.004022E+1	0.000000E+0	3.000000E+0
24-Apr-25	15:28:46	-0.000000E+0	3.047415E+0	-9.000000E-5	5.450000E-6	-4.500000E-7	3.539500E-4	3.950000E-6	0.000000E+0	0.000000E+0	1.964247E-4	2.976042E-9	0.000000E+0	0.000000E+0	1.004022E+1	0.000000E+0	3.000000E+0
24-Apr-25	15:28:46	-0.000000E+0	3.038430E+0	-9.000000E-5	5.480000E-6	-4.350000E-7	3.541500E-4	3.800000E-6	0.000000E+0	0.000000E+0	1.964247E-4	2.976042E-9	0.000000E+0	0.000000E+0	1.004022E+1	0.000000E+0	3.000000E+0
24-Apr-25	15:28:47	-0.000000E+0	3.029435E+0	-9.000000E-5	5.455000E-6	-4.250000E-7	3.542000E-4	3.650000E-6	0.000000E+0	0.000000E+0	1.964247E-4	2.976042E-9	0.000000E+0	0.000000E+0	1.004022E+1	0.000000E+0	3.000000E+0
24-Apr-25	15:28:47	-0.000000E+0	3.016900E+0	-9.000000E-5	5.465000E-6	-3.800000E-7	3.538500E-4	3.850000E-6	0.000000E+0	0.000000E+0	1.964247E-4	2.976042E-9	0.000000E+0	0.000000E+0	1.004022E+1	0.000000E+0	3.000000E+0
24-Apr-25	15:28:48	-0.000000E+0	3.008800E+0	-9.000000E-5	5.500000E-6	-3.950000E-7	3.544000E-4	4.250000E-6	0.000000E+0	0.000000E+0	1.964247E-4	2.976042E-9	0.000000E+0	0.000000E+0	1.004022E+1	0.000000E+0	3.000000E+0
24-Apr-25	15:28:48	-0.000000E+0	2.999830E+0	-9.000000E-5	5.445000E-6	-4.100000E-7	3.544000E-4	4.150000E-6	0.000000E+0	0.000000E+0	1.964247E-4	2.976042E-9	0.000000E+0	0.000000E+0	1.004022E+1	0.000000E+0	3.000000E+0
24-Apr-25	15:28:49	-0.000000E+0	2.990850E+0	-9.000000E-5	5.450000E-6	-4.400000E-7	3.541000E-4	4.400000E-6	0.000000E+0	0.000000E+0	1.964247E-4	2.976042E-9	0.000000E+0	0.000000E+0	1.004022E+1	0.000000E+0	3.000000E+0
24-Apr-25	15:28:49	-0.000000E+0	2.981860E+0	-9.000000E-5	5.475000E-6	-4.600000E-7	3.540500E-4	4.100000E-6	0.000000E+0	0.000000E+0	1.964247E-4	2.976042E-9	0.000000E+0	0.000000E+0	1.004022E+1	0.000000E+0	3.000000E+0
24-Apr-25	15:28:50	-0.000000E+0	2.971660E+0	-9.000000E-5	5.490000E-6	-4.550000E-7	3.538500E-4	3.800000E-6	0.000000E+0	0.000000E+0	1.964247E-4	2.976042E-9	0.000000E+0	0.000000E+0	1.004022E+1	0.000000E+0	3.000000E+0
24-Apr-25	15:28:50	-0.000000E+0	2.961765E+0	-9.000000E-5	5.515000E-6	-4.100000E-7	3.539500E-4	3.900000E-6	0.000000E+0	0.000000E+0	1.964247E-4	2.976042E-9	0.000000E+0	0.000000E+0	1.004022E+1	0.000000E+0	3.000000E+0
24-Apr-25	15:28:51	-0.000000E+0	2.952805E+0	-9.000000E-5	5.540000E-6	-4.350000E-7	3.539500E-4	4.250000E-6	0.000000E+0	0.000000E+0	1.964247E-4	2.976042E-9	0.000000E+0	0.000000E+0	1.004022E+1	0.000000E+0	3.000000E+0
24-Apr-25	15:28:52	-0.000000E+0	2.943795E+0	-9.000000E-5	5.515000E-6	-4.050000E-7	3.538500E-4	4.350000E-6	0.000000E+0	0.000000E+0	1.964247E-4	2.976042E-9	0.000000E+0	0.000000E+0	1.004022E+1	0.000000E+0	3.000000E+0
24-Apr-25	15:28:52	-0.000000E+0	2.932100E+0	-9.000000E-5	5.530000E-6	-3.750000E-7	3.538000E-4	3.900000E-6	0.000000E+0	0.000000E+0	1.964247E-4	2.976042E-9	0.000000E+0	0.000000E+0	1.004022E+1	0.000000E+0	3.000000E+0
24-Apr-25	15:28:53	-0.000000E+0	2.923110E+0	-9.000000E-5	5.535000E-6	-4.350000E-7	3.531500E-4	3.650000E-6	0.000000E+0	0.000000E+0	1.964247E-4	2.976042E-9	0.000000E+0	0.000000E+0	1.004022E+1	0.000000E+0	3.000000E+0
24-Apr-25	15:28:53	-0.000000E+0	2.915040E+0	-9.000000E-5	5.545000E-6	-4.350000E-7	3.538500E-4	4.250000E-6	0.000000E+0	0.000000E+0	1.964247E-4	2.976042E-9	0.000000E+0	0.000000E+0	1.004022E+1	0.000000E+0	3.000000E+0
24-Apr-25	15:28:54	-0.000000E+0	2.904105E+0	-9.000000E-5	5.570000E-6	-4.450000E-7	3.536500E-4	4.100000E-6	0.000000E+0	0.000000E+0	1.964247E-4	2.976042E-9	0.000000E+0	0.000000E+0	1.004022E+1	0.000000E+0	3.000000E+0
24-Apr-25	15:28:54	-0.000000E+0	2.894080E+0	-9.000000E-5	5.535000E-6	-5.000000E-7	3.532500E-4	4.050000E-6	0.000000E+0	0.000000E+0	1.964247E-4	2.976042E-9	0.000000E+0	0.000000E+0	1.004022E+1	0.000000E+0	3.000000E+0
24-Apr-25	15:28:55	-0.000000E+0	2.885065E+0	-9.000000E-5	5.570000E-6	-4.800000E-7	3.540500E-4	4.000000E-6	0.000000E+0	0.000000E+0	1.964247E-4	2.976042E-9	0.000000E+0	0.000000E+0	1.004022E+1	0.000000E+0	3.000000E+0
24-Apr-25	15:28:55	-0.000000E+0	2.877140E+0	-9.000000E-5	5.610000E-6	-4.850000E-7	3.541000E-4	3.700000E-6	0.000000E+0	0.000000E+0	1.964247E-4	2.976042E-9	0.000000E+0	0.000000E+0	1.004022E+1	0.000000E+0	3.000000E+0
24-Apr-25	15:28:56	-0.000000E+0	2.868290E+0	-9.000000E-5	5.550000E-6	-4.500000E-7	3.543000E-4	4.200000E-6	0.000000E+0	0.000000E+0	1.964247E-4	2.976042E-9	0.000000E+0	0.000000E+0	1.004022E+1	0.000000E+0	3.000000E+0
24-Apr-25	15:28:56	-0.000000E+0	2.857205E+0	-9.000000E-5	5.610000E-6	-4.350000E-7	3.534000E-4	4.650000E-6	0.000000E+0	0.000000E+0	1.964247E-4	2.976042E-9	0.000000E+0	0.000000E+0	1.004022E+1	0.000000E+0	3.000000E+0
24-Apr-25	15:28:57	-0.000000E+0	2.848215E+0	-9.000000E-5	5.625000E-6	-4.650000E-7	3.539500E-4	4.150000E-6	0.000000E+0	0.000000E+0	1.964247E-4	2.976042E-9	0.000000E+0	0.000000E+0	1.004022E+1	0.000000E+0	3.000000E+0
24-Apr-25	15:28:57	-0.000000E+0	2.839325E+0	-9.000000E-5	5.640000E-6	-4.900000E-7	3.536500E-4	4.100000E-6	0.000000E+0	0.000000E+0	1.964247E-4	2.976042E-9	0.000000E+0	0.000000E+0	1.004022E+1	0.000000E+0	3.000000E+0
24-Apr-25	15:28:58	-0.000000E+0	2.826625E+0	-9.000000E-5	5.685000E-6	-4.550000E-7	3.535000E-4	4.250000E-6	0.000000E+0	0.000000E+0	1.964247E-4	2.976042E-9	0.000000E+0	0.000000E+0	1.004022E+1	0.000000E+0	3.000000E+0
24-Apr-25	15:28:59	-0.000000E+0	2.813010E+0	-9.000000E-5	5.650000E-6	-4.600000E-7	3.536000E-4	4.050000E-6	0.000000E+0	0.000000E+0	1.964247E-4	2.976042E-9	0.000000E+0	0.000000E+0	1.004022E+1	0.000000E+0	3.000000E+0
24-Apr-25	15:28:59	-0.000000E+0	2.804035E+0	-9.000000E-5	5.640000E-6	-4.600000E-7	3.536500E-4	4.350000E-6	0.000000E+0	0.000000E+0	1.964247E-4	2.976042E-9	0.000000E+0	0.000000E+0	1.004022E+1	0.000000E+0	3.000000E+0
24-Apr-25	15:29:00	-0.000000E+0	2.795185E+0	-9.000000E-5	5.630000E-6	-4.350000E-7	3.533500E-4	3.650000E-6	0.000000E+0	0.000000E+0	1.964247E-4	2.976042E-9	0.000000E+0	0.000000E+0	1.004022E+1	0.000000E+0	3.000000E+0
24-Apr-25	15:29:00	-0.000000E+0	2.786200E+0	-9.000000E-5	5.655000E-6	-4.750000E-7	3.536500E-4	4.000000E-6	0.000000E+0	0.000000E+0	1.964247E-4	2.976042E-9	0.000000E+0	0.000000E+0	1.004022E+1	0.000000E+0	3.000000E+0
24-Apr-25	15:29:01	-0.000000E+0	2.777200E+0	-9.000000E-5	5.715000E-6	-4.950000E-7	3.536500E-4	4.050000E-6	0.000000E+0	0.000000E+0	1.964247E-4	2.976042E-9	0.000000E+0	0.000000E+0	1.004022E+1	0.000000E+0	3.000000E+0
24-Apr-25	15:29:01	-0.000000E+0	2.765225E+0	-9.000000E-5	5.730000E-6	-4.700000E-7	3.532000E-4	3.700000E-6	0.000000E+0	0.000000E+0	1.964247E-4	2.976042E-9	0.000000E+0	0.000000E+0	1.004022E+1	0.000000E+0	3.000000E+0
24-Apr-25	15:29:02	-0.000000E+0	2.756240E+0	-9.000000E-5	5.725000E-6	-4.900000E-7	3.542000E-4	4.000000E-6	0.000000E+0	0.000000E+0	1.964247E-4	2.976042E-9	0.000000E+0	0.000000E+0	1.004022E+1	0.000000E+0	3.000000E+0
24-Apr-25	15:29:02	-0.000000E+0	2.748150E+0	-9.000000E-5	5.790000E-6	-5.050000E-7	3.538000E-4	4.100000E-6	0.000000E+0	0.000000E+0	1.964247E-4	2.976042E-9	0.000000E+0	0.000000E+0	1.004022E+1	0.000000E+0	3.000000E+0
24-Apr-25	15:29:03	-0.000000E+0	2.740025E+0	-9.000000E-5	5.745000E-6	-4.900000E-7	3.538000E-4	4.400000E-6	0.000000E+0	0.000000E+0	1.964247E-4	2.976042E-9	0.000000E+0	0.000000E+0	1.004022E+1	0.000000E+0	3.000000E+0
24-Apr-25	15:29:03	-0.000000E+0	2.731045E+0	-9.000000E-5	5.750000E-6	-4.700000E-7	3.532500E-4	3.800000E-6	0.000000E+0	0.000000E+0	1.964247E-4	2.976042E-9	0.000000E+0	0.000000E+0	1.004022E+1	0.000000E+0	3.000000E+0
24-Apr-25	15:29:04	-0.000000E+0	2.722080E+0	-9.000000E-5	5.755000E-6	-5.100000E-7	3.536500E-4	4.300000E-6	0.000000E+0	0.000000E+0	1.964247E-4	2.976042E-9	0.000000E+0	0.000000E+0	1.004022E+1	0.000000E+0	3.000000E+0
24-Apr-25	15:29:04	-0.000000E+0	2.713085E+0	-9.000000E-5	5.745000E-6	-4.850000E-7	3.532500E-4	3.900000E-6	0.000000E+0	0.000000E+0	1.964247E-4	2.976042E-9	0.000000E+0	0.000000E+0	1.004022E+1	0.000000E+0	3.000000E+0
24-Apr-25	15:29:05	-0.000000E+0	2.704110E+0	-9.000000E-5	5.730000E-6	-4.500000E-7	3.534500E-4	4.100000E-6	0.000000E+0	0.000000E+0	1.964247E-4	2.976042E-9	0.000000E+0	0.000000E+0	1.004022E+1	0.000000E+0	3.000000E+0
24-Apr-25	15:29:06	-0.000000E+0	2.691200E+0	-9.000000E-5	5.770000E-6	-4.950000E-7	3.530500E-4	3.250000E-6	0.000000E+0	0.000000E+0	1.964247E-4	2.976042E-9	0.000000E+0	0.000000E+0	1.004022E+1	0.000000E+0	3.000000E+0
24-Apr-25	15:29:06	-0.000000E+0	2.682220E+0	-9.000000E-5	5.765000E-6	-5.050000E-7	3.534500E-4	4.350000E-6	0.000000E+0	0.000000E+0	1.964247E-4	2.976042E-9	0.000000E+0	0.000000E+0	1.004022E+1	0.000000E+0	3.000000E+0
24-Apr-25	15:29:07	-0.000000E+0	2.673525E+0	-9.000000E-5	5.785000E-6	-4.850000E-7	3.526500E-4	3.350000E-6	0.000000E+0	0.000000E+0	1.964247E-4	2.976042E-9	0.000000E+0	0.000000E+0	1.004022E+1	0.000000E+0	3.000000E+0
24-Apr-25	15:29:07	-0.000000E+0	2.664545E+0	-9.000000E-5	5.770000E-6	-4.450000E-7	3.528000E-4	4.550000E-6	0.000000E+0	0.000000E+0	1.964247E-4	2.976042E-9	0.000000E+0	0.000000E+0	1.004022E+1	0.000000E+0	3.000000E+0
24-Apr-25	15:29:08	-0.000000E+0	2.655245E+0	-9.000000E-5	5.770000E-6	-4.650000E-7	3.539500E-4	4.100000E-6	0.000000E+0	0.000000E+0	1.964247E-4	2.976042E-9	0.000000E+0	0.000000E+0	1.004022E+1	0.000000E+0	3.000000E+0
24-Apr-25	15:29:08	-0.000000E+0	2.646220E+0	-9.000000E-5	5.800000E-6	-4.750000E-7	3.527500E-4	4.800000E-6	0.000000E+0	0.000000E+0	1.964247E-4	2.976042E-9	0.000000E+0	0.000000E+0	1.004022E+1	0.000000E+0	3.000000E+0
24-Apr-25	15:29:09	-0.000000E+0	2.637215E+0	-9.000000E-5	5.770000E-6	-4.550000E-7	3.534500E-4	4.650000E-6	0.000000E+0	0.000000E+0	1.964247E-4	2.976042E-9	0.000000E+0	0.000000E+0	1.004022E+1	0.000000E+0	3.000000E+0
24-Apr-25	15:29:09	-0.000000E+0	2.628245E+0	-9.000000E-5	5.810000E-6	-4.550000E-7	3.533500E-4	3.850000E-6	0.000000E+0	0.000000E+0	1.964247E-4	2.976042E-9	0.000000E+0	0.000000E+0	1.004022E+1	0.000000E+0	3.000000E+0
24-Apr-25	15:29:09	-0.000000E+0	2.620165E+0	-9.000000E-5	5.845000E-6	-5.100000E-7	3.531000E-4	3.950000E-6	0.000000E+0	0.000000E+0	1.964247E-4	2.976042E-9	0.000000E+0	0.000000E+0	1.004022E+1	0.000000E+0	3.000000E+0
24-Apr-25	15:29:10	-0.000000E+0	2.611195E+0	-9.000000E-5	5.835000E-6	-4.850000E-7	3.532500E-4	4.250000E-6	0.000000E+0	0.000000E+0	1.964247E-4	2.976042E-9	0.000000E+0	0.000000E+0	1.004022E+1	0.000000E+0	3.000000E+0
24-Apr-25	15:29:11	-0.000000E+0	2.602185E+0	-9.000000E-5	5.800000E-6	-4.850000E-7	3.533500E-4	3.850000E-6	0.000000E+0	0.000000E+0	1.964247E-4	2.976042E-9	0.000000E+0	0.000000E+0	1.004022E+1	0.000000E+0	3.000000E+0
24-Apr-25	15:29:11	-0.000000E+0	2.589595E+0	-9.000000E-5	5.885000E-6	-4.700000E-7	3.533500E-4	4.400000E-6	0.000000E+0	0.000000E+0	1.964247E-4	2.976042E-9	0.000000E+0	0.000000E+0	1.004022E+1	0.000000E+0	3.000000E+0
24-Apr-25	15:29:12	-0.000000E+0	2.579410E+0	-9.000000E-5	5.905000E-6	-4.500000E-7	3.524500E-4	4.100000E-6	0.000000E+0	0.000000E+0	1.964247E-4	2.976042E-9	0.000000E+0	0.000000E+0	1.004022E+1	0.000000E+0	3.000000E+0
24-Apr-25	15:29:13	-0.000000E+0	2.566845E+0	-9.000000E-5	5.830000E-6	-4.800000E-7	3.535500E-4	4.100000E-6	0.000000E+0	0.000000E+0	1.964247E-4	2.976042E-9	0.000000E+0	0.000000E+0	1.004022E+1	0.000000E+0	3.000000E+0
24-Apr-25	15:29:13	-0.000000E+0	2.556935E+0	-9.000000E-5	5.880000E-6	-4.850000E-7	3.533500E-4	4.300000E-6	0.000000E+0	0.000000E+0	1.964247E-4	2.976042E-9	0.000000E+0	0.000000E+0	1.004022E+1	0.000000E+0	3.000000E+0
24-Apr-25	15:29:14	-0.000000E+0	2.547940E+0	-9.000000E-5	5.930000E-6	-4.500000E-7	3.529500E-4	4.250000E-6	0.000000E+0	0.000000E+0	1.964247E-4	2.976042E-9	0.000000E+0	0.000000E+0	1.004022E+1	0.000000E+0	3.000000E+0
24-Apr-25	15:29:14	-0.000000E+0	2.538075E+0	-9.000000E-5	5.910000E-6	-4.450000E-7	3.522500E-4	3.950000E-6	0.000000E+0	0.000000E+0	1.964247E-4	2.976042E-9	0.000000E+0	0.000000E+0	1.004022E+1	0.000000E+0	3.000000E+0
24-Apr-25	15:29:15	-0.000000E+0	2.526390E+0	-9.000000E-5	5.910000E-6	-4.650000E-7	3.532000E-4	4.150000E-6	0.000000E+0	0.000000E+0	1.964247E-4	2.976042E-9	0.000000E+0	0.000000E+0	1.004022E+1	0.000000E+0	3.000000E+0
24-Apr-25	15:29:15	-0.000000E+0	2.517425E+0	-9.000000E-5	5.975000E-6	-4.800000E-7	3.535500E-4	4.350000E-6	0.000000E+0	0.000000E+0	1.964247E-4	2.976042E-9	0.000000E+0	0.000000E+0	1.004022E+1	0.000000E+0	3.000000E+0
24-Apr-25	15:29:16	-0.000000E+0	2.507510E+0	-9.000000E-5	5.925000E-6	-4.650000E-7	3.525500E-4	4.100000E-6	0.000000E+0	0.000000E+0	1.964247E-4	2.976042E-9	0.000000E+0	0.000000E+0	1.004022E+1	0.000000E+0	3.000000E+0
24-Apr-25	15:29:17	-0.000000E+0	2.494630E+0	-9.000000E-5	5.935000E-6	-4.450000E-7	3.531500E-4	4.750000E-6	0.000000E+0	0.000000E+0	1.964247E-4	2.976042E-9	0.000000E+0	0.000000E+0	1.004022E+1	0.000000E+0	3.000000E+0
24-Apr-25	15:29:17	-0.000000E+0	2.484725E+0	-9.000000E-5	5.970000E-6	-5.000000E-7	3.531500E-4	3.700000E-6	0.000000E+0	0.000000E+0	1.964247E-4	2.976042E-9	0.000000E+0	0.000000E+0	1.004022E+1	0.000000E+0	3.000000E+0
24-Apr-25	15:29:18	-0.000000E+0	2.475750E+0	-9.000000E-5	5.950000E-6	-4.800000E-7	3.531000E-4	4.750000E-6	0.000000E+0	0.000000E+0	1.964247E-4	2.976042E-9	0.000000E+0	0.000000E+0	1.004022E+1	0.000000E+0	3.000000E+0
24-Apr-25	15:29:18	-0.000000E+0	2.467650E+0	-9.000000E-5	5.985000E-6	-4.550000E-7	3.531000E-4	3.950000E-6	0.000000E+0	0.000000E+0	1.964247E-4	2.976042E-9	0.000000E+0	0.000000E+0	1.004022E+1	0.000000E+0	3.000000E+0
24-Apr-25	15:29:19	-0.000000E+0	2.458635E+0	-9.000000E-5	5.975000E-6	-5.050000E-7	3.524000E-4	5.100000E-6	0.000000E+0	0.000000E+0	1.964247E-4	2.976042E-9	0.000000E+0	0.000000E+0	1.004022E+1	0.000000E+0	3.000000E+0
24-Apr-25	15:29:19	-0.000000E+0	2.448755E+0	-9.000000E-5	5.985000E-6	-4.800000E-7	3.529000E-4	4.100000E-6	0.000000E+0	0.000000E+0	1.964247E-4	2.976042E-9	0.000000E+0	0.000000E+0	1.004022E+1	0.000000E+0	3.000000E+0
24-Apr-25	15:29:20	-0.000000E+0	2.438880E+0	-9.000000E-5	6.030000E-6	-4.650000E-7	3.531000E-4	4.000000E-6	0.000000E+0	0.000000E+0	1.964247E-4	2.976042E-9	0.000000E+0	0.000000E+0	1.004022E+1	0.000000E+0	3.000000E+0
24-Apr-25	15:29:20	-0.000000E+0	2.429005E+0	-9.000000E-5	6.015000E-6	-4.950000E-7	3.533500E-4	4.850000E-6	0.000000E+0	0.000000E+0	1.964247E-4	2.976042E-9	0.000000E+0	0.000000E+0	1.004022E+1	0.000000E+0	3.000000E+0
24-Apr-25	15:29:21	-0.000000E+0	2.420925E+0	-9.000000E-5	6.045000E-6	-4.950000E-7	3.531000E-4	4.250000E-6	0.000000E+0	0.000000E+0	1.964247E-4	2.976042E-9	0.000000E+0	0.000000E+0	1.004022E+1	0.000000E+0	3.000000E+0
24-Apr-25	15:29:21	-0.000000E+0	2.410110E+0	-9.000000E-5	6.025000E-6	-4.950000E-7	3.527000E-4	4.650000E-6	0.000000E+0	0.000000E+0	1.964247E-4	2.976042E-9	0.000000E+0	0.000000E+0	1.004022E+1	0.000000E+0	3.000000E+0
24-Apr-25	15:29:22	-0.000000E+0	2.402030E+0	-9.000000E-5	6.040000E-6	-4.950000E-7	3.529000E-4	4.450000E-6	0.000000E+0	0.000000E+0	1.964247E-4	2.976042E-9	0.000000E+0	0.000000E+0	1.004022E+1	0.000000E+0	3.000000E+0
24-Apr-25	15:29:22	-0.000000E+0	2.393045E+0	-9.000000E-5	6.065000E-6	-4.800000E-7	3.528500E-4	4.200000E-6	0.000000E+0	0.000000E+0	1.964247E-4	2.976042E-9	0.000000E+0	0.000000E+0	1.004022E+1	0.000000E+0	3.000000E+0
24-Apr-25	15:29:23	-0.000000E+0	2.384050E+0	-9.000000E-5	6.090000E-6	-4.700000E-7	3.528500E-4	3.600000E-6	0.000000E+0	0.000000E+0	1.964247E-4	2.976042E-9	0.000000E+0	0.000000E+0	1.004022E+1	0.000000E+0	3.000000E+0
24-Apr-25	15:29:23	-0.000000E+0	2.375055E+0	-9.000000E-5	6.105000E-6	-4.950000E-7	3.530500E-4	4.000000E-6	0.000000E+0	0.000000E+0	1.964247E-4	2.976042E-9	0.000000E+0	0.000000E+0	1.004022E+1	0.000000E+0	3.000000E+0
24-Apr-25	15:29:24	-0.000000E+0	2.366050E+0	-9.000000E-5	6.105000E-6	-4.850000E-7	3.526500E-4	3.950000E-6	0.000000E+0	0.000000E+0	1.964247E-4	2.976042E-9	0.000000E+0	0.000000E+0	1.004022E+1	0.000000E+0	3.000000E+0
24-Apr-25	15:29:24	-0.000000E+0	2.357965E+0	-9.000000E-5	6.120000E-6	-5.000000E-7	3.530000E-4	3.750000E-6	0.000000E+0	0.000000E+0	1.964247E-4	2.976042E-9	0.000000E+0	0.000000E+0	1.004022E+1	0.000000E+0	3.000000E+0
24-Apr-25	15:29:25	-0.000000E+0	2.348990E+0	-9.000000E-5	6.140000E-6	-5.350000E-7	3.529500E-4	4.250000E-6	0.000000E+0	0.000000E+0	1.964247E-4	2.976042E-9	0.000000E+0	0.000000E+0	1.004022E+1	0.000000E+0	3.000000E+0
24-Apr-25	15:29:25	-0.000000E+0	2.340595E+0	-9.000000E-5	6.160000E-6	-5.200000E-7	3.529500E-4	4.500000E-6	0.000000E+0	0.000000E+0	1.964247E-4	2.976042E-9	0.000000E+0	0.000000E+0	1.004022E+1	0.000000E+0	3.000000E+0
24-Apr-25	15:29:26	-0.000000E+0	2.331780E+0	-9.000000E-5	6.150000E-6	-4.800000E-7	3.531000E-4	4.300000E-6	0.000000E+0	0.000000E+0	1.964247E-4	2.976042E-9	0.000000E+0	0.000000E+0	1.004022E+1	0.000000E+0	3.000000E+0
24-Apr-25	15:29:26	-0.000000E+0	2.323505E+0	-9.000000E-5	6.115000E-6	-4.800000E-7	3.528500E-4	3.650000E-6	0.000000E+0	0.000000E+0	1.964247E-4	2.976042E-9	0.000000E+0	0.000000E+0	1.004022E+1	0.000000E+0	3.000000E+0
24-Apr-25	15:29:27	-0.000000E+0	2.314505E+0	-9.000000E-5	6.090000E-6	-5.050000E-7	3.529500E-4	4.150000E-6	0.000000E+0	0.000000E+0	1.964247E-4	2.976042E-9	0.000000E+0	0.000000E+0	1.004022E+1	0.000000E+0	3.000000E+0
24-Apr-25	15:29:27	-0.000000E+0	2.304625E+0	-9.000000E-5	6.145000E-6	-4.950000E-7	3.525500E-4	3.950000E-6	0.000000E+0	0.000000E+0	1.964247E-4	2.976042E-9	0.000000E+0	0.000000E+0	1.004022E+1	0.000000E+0	3.000000E+0
24-Apr-25	15:29:28	-0.000000E+0	2.295625E+0	-9.000000E-5	6.170000E-6	-4.850000E-7	3.517500E-4	4.300000E-6	0.000000E+0	0.000000E+0	1.964247E-4	2.976042E-9	0.000000E+0	0.000000E+0	1.004022E+1	0.000000E+0	3.000000E+0
24-Apr-25	15:29:28	-0.000000E+0	2.286655E+0	-9.000000E-5	6.265000E-6	-4.600000E-7	3.530500E-4	3.500000E-6	0.000000E+0	0.000000E+0	1.964247E-4	2.976042E-9	0.000000E+0	0.000000E+0	1.004022E+1	0.000000E+0	3.000000E+0
24-Apr-25	15:29:29	-0.000000E+0	2.277655E+0	-9.000000E-5	6.195000E-6	-5.100000E-7	3.523500E-4	4.250000E-6	0.000000E+0	0.000000E+0	1.964247E-4	2.976042E-9	0.000000E+0	0.000000E+0	1.004022E+1	0.000000E+0	3.000000E+0
24-Apr-25	15:29:29	-0.000000E+0	2.268630E+0	-9.000000E-5	6.140000E-6	-5.550000E-7	3.526500E-4	3.700000E-6	0.000000E+0	0.000000E+0	1.964247E-4	2.976042E-9	0.000000E+0	0.000000E+0	1.004022E+1	0.000000E+0	3.000000E+0
24-Apr-25	15:29:30	-0.000000E+0	2.260565E+0	-9.000000E-5	6.160000E-6	-5.450000E-7	3.528000E-4	4.250000E-6	0.000000E+0	0.000000E+0	1.964247E-4	2.976042E-9	0.000000E+0	0.000000E+0	1.004022E+1	0.000000E+0	3.000000E+0
24-Apr-25	15:29:30	-0.000000E+0	2.251575E+0	-9.000000E-5	6.225000E-6	-5.300000E-7	3.525500E-4	3.900000E-6	0.000000E+0	0.000000E+0	1.964247E-4	2.976042E-9	0.000000E+0	0.000000E+0	1.004022E+1	0.000000E+0	3.000000E+0
24-Apr-25	15:29:31	-0.000000E+0	2.242605E+0	-9.000000E-5	6.200000E-6	-5.050000E-7	3.529500E-4	4.100000E-6	0.000000E+0	0.000000E+0	1.964247E-4	2.976042E-9	0.000000E+0	0.000000E+0	1.004022E+1	0.000000E+0	3.000000E+0
24-Apr-25	15:29:31	-0.000000E+0	2.230020E+0	-9.000000E-5	6.260000E-6	-4.650000E-7	3.524000E-4	4.250000E-6	0.000000E+0	0.000000E+0	1.964247E-4	2.976042E-9	0.000000E+0	0.000000E+0	1.004022E+1	0.000000E+0	3.000000E+0
24-Apr-25	15:29:32	-0.000000E+0	2.221015E+0	-9.000000E-5	6.240000E-6	-5.050000E-7	3.527000E-4	4.300000E-6	0.000000E+0	0.000000E+0	1.964247E-4	2.976042E-9	0.000000E+0	0.000000E+0	1.004022E+1	0.000000E+0	3.000000E+0
24-Apr-25	15:29:32	-0.000000E+0	2.212935E+0	-9.000000E-5	6.220000E-6	-4.650000E-7	3.530000E-4	4.000000E-6	0.000000E+0	0.000000E+0	1.964247E-4	2.976042E-9	0.000000E+0	0.000000E+0	1.004022E+1	0.000000E+0	3.000000E+0
24-Apr-25	15:29:33	-0.000000E+0	2.204855E+0	-9.000000E-5	6.290000E-6	-4.450000E-7	3.522500E-4	4.050000E-6	0.000000E+0	0.000000E+0	1.964247E-4	2.976042E-9	0.000000E+0	0.000000E+0	1.004022E+1	0.000000E+0	3.000000E+0
24-Apr-25	15:29:33	-0.000000E+0	2.195565E+0	-9.000000E-5	6.310000E-6	-4.800000E-7	3.524000E-4	4.100000E-6	0.000000E+0	0.000000E+0	1.964247E-4	2.976042E-9	0.000000E+0	0.000000E+0	1.004022E+1	0.000000E+0	3.000000E+0
24-Apr-25	15:29:34	-0.000000E+0	2.182980E+0	-9.000000E-5	6.300000E-6	-5.050000E-7	3.529000E-4	3.700000E-6	0.000000E+0	0.000000E+0	1.964247E-4	2.976042E-9	0.000000E+0	0.000000E+0	1.004022E+1	0.000000E+0	3.000000E+0
24-Apr-25	15:29:34	-0.000000E+0	2.173970E+0	-9.000000E-5	6.280000E-6	-5.250000E-7	3.524500E-4	4.300000E-6	0.000000E+0	0.000000E+0	1.964247E-4	2.976042E-9	0.000000E+0	0.000000E+0	1.004022E+1	0.000000E+0	3.000000E+0
24-Apr-25	15:29:35	-0.000000E+0	2.164990E+0	-9.000000E-5	6.280000E-6	-5.300000E-7	3.519000E-4	4.400000E-6	0.000000E+0	0.000000E+0	1.964247E-4	2.976042E-9	0.000000E+0	0.000000E+0	1.004022E+1	0.000000E+0	3.000000E+0
24-Apr-25	15:29:35	-0.000000E+0	2.156005E+0	-9.000000E-5	6.310000E-6	-5.100000E-7	3.522000E-4	3.500000E-6	0.000000E+0	0.000000E+0	1.964247E-4	2.976042E-9	0.000000E+0	0.000000E+0	1.004022E+1	0.000000E+0	3.000000E+0
24-Apr-25	15:29:36	-0.000000E+0	2.147925E+0	-9.000000E-5	6.355000E-6	-5.000000E-7	3.525500E-4	3.500000E-6	0.000000E+0	0.000000E+0	1.964247E-4	2.976042E-9	0.000000E+0	0.000000E+0	1.004022E+1	0.000000E+0	3.000000E+0
24-Apr-25	15:29:36	-0.000000E+0	2.138950E+0	-9.000000E-5	6.310000E-6	-5.250000E-7	3.518000E-4	4.250000E-6	0.000000E+0	0.000000E+0	1.964247E-4	2.976042E-9	0.000000E+0	0.000000E+0	1.004022E+1	0.000000E+0	3.000000E+0
24-Apr-25	15:29:37	-0.000000E+0	2.129945E+0	-9.000000E-5	6.320000E-6	-4.950000E-7	3.523000E-4	3.900000E-6	0.000000E+0	0.000000E+0	1.964247E-4	2.976042E-9	0.000000E+0	0.000000E+0	1.004022E+1	0.000000E+0	3.000000E+0
24-Apr-25	15:29:37	-0.000000E+0	2.121850E+0	-9.000000E-5	6.310000E-6	-5.000000E-7	3.523500E-4	4.300000E-6	0.000000E+0	0.000000E+0	1.964247E-4	2.976042E-9	0.000000E+0	0.000000E+0	1.004022E+1	0.000000E+0	3.000000E+0
24-Apr-25	15:29:38	-0.000000E+0	2.112860E+0	-9.000000E-5	6.330000E-6	-4.850000E-7	3.526000E-4	4.650000E-6	0.000000E+0	0.000000E+0	1.964247E-4	2.976042E-9	0.000000E+0	0.000000E+0	1.004022E+1	0.000000E+0	3.000000E+0
24-Apr-25	15:29:38	-0.000000E+0	2.103875E+0	-9.000000E-5	6.360000E-6	-5.100000E-7	3.521000E-4	4.200000E-6	0.000000E+0	0.000000E+0	1.964247E-4	2.976042E-9	0.000000E+0	0.000000E+0	1.004022E+1	0.000000E+0	3.000000E+0
24-Apr-25	15:29:39	-0.000000E+0	2.091290E+0	-9.000000E-5	6.380000E-6	-4.900000E-7	3.531000E-4	4.050000E-6	0.000000E+0	0.000000E+0	1.964247E-4	2.976042E-9	0.000000E+0	0.000000E+0	1.004022E+1	0.000000E+0	3.000000E+0
24-Apr-25	15:29:40	-0.000000E+0	2.077635E+0	-9.000000E-5	6.375000E-6	-5.300000E-7	3.524000E-4	3.650000E-6	0.000000E+0	0.000000E+0	1.964247E-4	2.976042E-9	0.000000E+0	0.000000E+0	1.004022E+1	0.000000E+0	3.000000E+0
24-Apr-25	15:29:40	-0.000000E+0	2.068500E+0	-9.000000E-5	6.425000E-6	-5.300000E-7	3.522000E-4	4.300000E-6	0.000000E+0	0.000000E+0	1.964247E-4	2.976042E-9	0.000000E+0	0.000000E+0	1.004022E+1	0.000000E+0	3.000000E+0
24-Apr-25	15:29:41	-0.000000E+0	2.058605E+0	-9.000000E-5	6.465000E-6	-5.250000E-7	3.525000E-4	4.700000E-6	0.000000E+0	0.000000E+0	1.964247E-4	2.976042E-9	0.000000E+0	0.000000E+0	1.004022E+1	0.000000E+0	3.000000E+0
24-Apr-25	15:29:41	-0.000000E+0	2.049655E+0	-9.000000E-5	6.450000E-6	-4.900000E-7	3.522500E-4	3.950000E-6	0.000000E+0	0.000000E+0	1.964247E-4	2.976042E-9	0.000000E+0	0.000000E+0	1.004022E+1	0.000000E+0	3.000000E+0
24-Apr-25	15:29:42	-0.000000E+0	2.040655E+0	-9.000000E-5	6.475000E-6	-4.450000E-7	3.521000E-4	4.300000E-6	0.000000E+0	0.000000E+0	1.964247E-4	2.976042E-9	0.000000E+0	0.000000E+0	1.004022E+1	0.000000E+0	3.000000E+0
24-Apr-25	15:29:42	-0.000000E+0	2.030760E+0	-9.000000E-5	6.445000E-6	-5.200000E-7	3.523000E-4	3.900000E-6	0.000000E+0	0.000000E+0	1.964247E-4	2.976042E-9	0.000000E+0	0.000000E+0	1.004022E+1	0.000000E+0	3.000000E+0
24-Apr-25	15:29:43	-0.000000E+0	2.021765E+0	-9.000000E-5	6.370000E-6	-5.800000E-7	3.521500E-4	3.500000E-6	0.000000E+0	0.000000E+0	1.964247E-4	2.976042E-9	0.000000E+0	0.000000E+0	1.004022E+1	0.000000E+0	3.000000E+0
24-Apr-25	15:29:44	-0.000000E+0	2.011875E+0	-9.000000E-5	6.450000E-6	-5.250000E-7	3.526000E-4	4.150000E-6	0.000000E+0	0.000000E+0	1.964247E-4	2.976042E-9	0.000000E+0	0.000000E+0	1.004022E+1	0.000000E+0	3.000000E+0
24-Apr-25	15:29:44	-0.000000E+0	1.999295E+0	-9.000000E-5	6.465000E-6	-5.300000E-7	3.520500E-4	3.650000E-6	0.000000E+0	0.000000E+0	1.964247E-4	2.976042E-9	0.000000E+0	0.000000E+0	1.004022E+1	0.000000E+0	3.000000E+0
24-Apr-25	15:29:45	-0.000000E+0	1.991045E+0	-9.000000E-5	6.500000E-6	-5.500000E-7	3.521000E-4	4.100000E-6	0.000000E+0	0.000000E+0	1.964247E-4	2.976042E-9	0.000000E+0	0.000000E+0	1.004022E+1	0.000000E+0	3.000000E+0
24-Apr-25	15:29:45	-0.000000E+0	1.980980E+0	-9.000000E-5	6.520000E-6	-5.300000E-7	3.521500E-4	4.200000E-6	0.000000E+0	0.000000E+0	1.964247E-4	2.976042E-9	0.000000E+0	0.000000E+0	1.004022E+1	0.000000E+0	3.000000E+0
24-Apr-25	15:29:46	-0.000000E+0	1.972030E+0	-9.000000E-5	6.530000E-6	-5.300000E-7	3.525500E-4	4.050000E-6	0.000000E+0	0.000000E+0	1.964247E-4	2.976042E-9	0.000000E+0	0.000000E+0	1.004022E+1	0.000000E+0	3.000000E+0
24-Apr-25	15:29:46	-0.000000E+0	1.963020E+0	-9.000000E-5	6.515000E-6	-5.850000E-7	3.522500E-4	3.900000E-6	0.000000E+0	0.000000E+0	1.964247E-4	2.976042E-9	0.000000E+0	0.000000E+0	1.004022E+1	0.000000E+0	3.000000E+0
24-Apr-25	15:29:47	-0.000000E+0	1.954080E+0	-9.000000E-5	6.520000E-6	-5.400000E-7	3.522500E-4	3.900000E-6	0.000000E+0	0.000000E+0	1.964247E-4	2.976042E-9	0.000000E+0	0.000000E+0	1.004022E+1	0.000000E+0	3.000000E+0
24-Apr-25	15:29:47	-0.000000E+0	1.944155E+0	-9.000000E-5	6.575000E-6	-5.350000E-7	3.518500E-4	4.000000E-6	0.000000E+0	0.000000E+0	1.964247E-4	2.976042E-9	0.000000E+0	0.000000E+0	1.004022E+1	0.000000E+0	3.000000E+0
24-Apr-25	15:29:48	-0.000000E+0	1.935155E+0	-9.000000E-5	6.555000E-6	-5.100000E-7	3.521000E-4	3.800000E-6	0.000000E+0	0.000000E+0	1.964247E-4	2.976042E-9	0.000000E+0	0.000000E+0	1.004022E+1	0.000000E+0	3.000000E+0
24-Apr-25	15:29:48	-0.000000E+0	1.927060E+0	-9.000000E-5	6.570000E-6	-4.700000E-7	3.519500E-4	4.800000E-6	0.000000E+0	0.000000E+0	1.964247E-4	2.976042E-9	0.000000E+0	0.000000E+0	1.004022E+1	0.000000E+0	3.000000E+0
24-Apr-25	15:29:49	-0.000000E+0	1.915370E+0	-9.000000E-5	6.575000E-6	-5.500000E-7	3.519500E-4	4.550000E-6	0.000000E+0	0.000000E+0	1.964247E-4	2.976042E-9	0.000000E+0	0.000000E+0	1.004022E+1	0.000000E+0	3.000000E+0
24-Apr-25	15:29:49	-0.000000E+0	1.905345E+0	-9.000000E-5	6.650000E-6	-5.550000E-7	3.521500E-4	4.500000E-6	0.000000E+0	0.000000E+0	1.964247E-4	2.976042E-9	0.000000E+0	0.000000E+0	1.004022E+1	0.000000E+0	3.000000E+0
24-Apr-25	15:29:50	-0.000000E+0	1.895280E+0	-9.000000E-5	6.690000E-6	-5.600000E-7	3.521000E-4	4.150000E-6	0.000000E+0	0.000000E+0	1.964247E-4	2.976042E-9	0.000000E+0	0.000000E+0	1.004022E+1	0.000000E+0	3.000000E+0
24-Apr-25	15:29:50	-0.000000E+0	1.886255E+0	-9.000000E-5	6.680000E-6	-5.000000E-7	3.524000E-4	4.350000E-6	0.000000E+0	0.000000E+0	1.964247E-4	2.976042E-9	0.000000E+0	0.000000E+0	1.004022E+1	0.000000E+0	3.000000E+0
24-Apr-25	15:29:51	-0.000000E+0	1.877295E+0	-9.000000E-5	6.645000E-6	-5.350000E-7	3.517000E-4	3.800000E-6	0.000000E+0	0.000000E+0	1.964247E-4	2.976042E-9	0.000000E+0	0.000000E+0	1.004022E+1	0.000000E+0	3.000000E+0
24-Apr-25	15:29:51	-0.000000E+0	1.868320E+0	-9.000000E-5	6.620000E-6	-5.000000E-7	3.521000E-4	3.900000E-6	0.000000E+0	0.000000E+0	1.964247E-4	2.976042E-9	0.000000E+0	0.000000E+0	1.004022E+1	0.000000E+0	3.000000E+0
24-Apr-25	15:29:52	-0.000000E+0	1.859345E+0	-9.000000E-5	6.625000E-6	-5.100000E-7	3.520000E-4	3.800000E-6	0.000000E+0	0.000000E+0	1.964247E-4	2.976042E-9	0.000000E+0	0.000000E+0	1.004022E+1	0.000000E+0	3.000000E+0
24-Apr-25	15:29:52	-0.000000E+0	1.850335E+0	-9.000000E-5	6.610000E-6	-5.350000E-7	3.517500E-4	4.050000E-6	0.000000E+0	0.000000E+0	1.964247E-4	2.976042E-9	0.000000E+0	0.000000E+0	1.004022E+1	0.000000E+0	3.000000E+0
24-Apr-25	15:29:53	-0.000000E+0	1.842245E+0	-9.000000E-5	6.680000E-6	-5.350000E-7	3.519500E-4	4.150000E-6	0.000000E+0	0.000000E+0	1.964247E-4	2.976042E-9	0.000000E+0	0.000000E+0	1.004022E+1	0.000000E+0	3.000000E+0
24-Apr-25	15:29:53	-0.000000E+0	1.833250E+0	-9.000000E-5	6.695000E-6	-5.250000E-7	3.523500E-4	3.600000E-6	0.000000E+0	0.000000E+0	1.964247E-4	2.976042E-9	0.000000E+0	0.000000E+0	1.004022E+1	0.000000E+0	3.000000E+0
24-Apr-25	15:29:54	-0.000000E+0	1.824275E+0	-9.000000E-5	6.690000E-6	-5.400000E-7	3.518000E-4	4.100000E-6	0.000000E+0	0.000000E+0	1.964247E-4	2.976042E-9	0.000000E+0	0.000000E+0	1.004022E+1	0.000000E+0	3.000000E+0
24-Apr-25	15:29:54	-0.000000E+0	1.814390E+0	-9.000000E-5	6.695000E-6	-5.550000E-7	3.518000E-4	3.650000E-6	0.000000E+0	0.000000E+0	1.964247E-4	2.976042E-9	0.000000E+0	0.000000E+0	1.004022E+1	0.000000E+0	3.000000E+0
24-Apr-25	15:29:55	-0.000000E+0	1.805405E+0	-9.000000E-5	6.725000E-6	-5.700000E-7	3.521500E-4	3.850000E-6	0.000000E+0	0.000000E+0	1.964247E-4	2.976042E-9	0.000000E+0	0.000000E+0	1.004022E+1	0.000000E+0	3.000000E+0
24-Apr-25	15:29:55	-0.000000E+0	1.796390E+0	-9.000000E-5	6.790000E-6	-5.600000E-7	3.518000E-4	4.250000E-6	0.000000E+0	0.000000E+0	1.964247E-4	2.976042E-9	0.000000E+0	0.000000E+0	1.004022E+1	0.000000E+0	3.000000E+0
24-Apr-25	15:29:56	-0.000000E+0	1.787410E+0	-9.000000E-5	6.750000E-6	-5.600000E-7	3.521000E-4	4.150000E-6	0.000000E+0	0.000000E+0	1.964247E-4	2.976042E-9	0.000000E+0	0.000000E+0	1.004022E+1	0.000000E+0	3.000000E+0
24-Apr-25	15:29:56	-0.000000E+0	1.778425E+0	-9.000000E-5	6.770000E-6	-4.950000E-7	3.519500E-4	4.000000E-6	0.000000E+0	0.000000E+0	1.964247E-4	2.976042E-9	0.000000E+0	0.000000E+0	1.004022E+1	0.000000E+0	3.000000E+0
24-Apr-25	15:29:57	-0.000000E+0	1.769440E+0	-9.000000E-5	6.790000E-6	-4.600000E-7	3.515500E-4	4.450000E-6	0.000000E+0	0.000000E+0	1.964247E-4	2.976042E-9	0.000000E+0	0.000000E+0	1.004022E+1	0.000000E+0	3.000000E+0
24-Apr-25	15:29:57	-0.000000E+0	1.760465E+0	-9.000000E-5	6.780000E-6	-5.350000E-7	3.517500E-4	4.150000E-6	0.000000E+0	0.000000E+0	1.964247E-4	2.976042E-9	0.000000E+0	0.000000E+0	1.004022E+1	0.000000E+0	3.000000E+0
24-Apr-25	15:29:58	-0.000000E+0	1.751460E+0	-9.000000E-5	6.825000E-6	-5.750000E-7	3.515500E-4	4.250000E-6	0.000000E+0	0.000000E+0	1.964247E-4	2.976042E-9	0.000000E+0	0.000000E+0	1.004022E+1	0.000000E+0	3.000000E+0
24-Apr-25	15:29:58	-0.000000E+0	1.743355E+0	-9.000000E-5	6.795000E-6	-5.750000E-7	3.517000E-4	4.100000E-6	0.000000E+0	0.000000E+0	1.964247E-4	2.976042E-9	0.000000E+0	0.000000E+0	1.004022E+1	0.000000E+0	3.000000E+0
24-Apr-25	15:29:59	-0.000000E+0	1.734370E+0	-9.000000E-5	6.815000E-6	-5.700000E-7	3.523500E-4	4.050000E-6	0.000000E+0	0.000000E+0	1.964247E-4	2.976042E-9	0.000000E+0	0.000000E+0	1.004022E+1	0.000000E+0	3.000000E+0
24-Apr-25	15:30:00	-0.000000E+0	1.721785E+0	-9.000000E-5	6.820000E-6	-5.450000E-7	3.517500E-4	4.300000E-6	0.000000E+0	0.000000E+0	1.964247E-4	2.976042E-9	0.000000E+0	0.000000E+0	1.004022E+1	0.000000E+0	3.000000E+0
24-Apr-25	15:30:00	-0.000000E+0	1.712800E+0	-9.000000E-5	6.880000E-6	-5.250000E-7	3.520000E-4	3.800000E-6	0.000000E+0	0.000000E+0	1.964247E-4	2.976042E-9	0.000000E+0	0.000000E+0	1.004022E+1	0.000000E+0	3.000000E+0
24-Apr-25	15:30:01	-0.000000E+0	1.703785E+0	-9.000000E-5	6.895000E-6	-5.650000E-7	3.518500E-4	3.850000E-6	0.000000E+0	0.000000E+0	1.964247E-4	2.976042E-9	0.000000E+0	0.000000E+0	1.004022E+1	0.000000E+0	3.000000E+0
24-Apr-25	15:30:01	-0.000000E+0	1.695680E+0	-9.000000E-5	6.850000E-6	-5.650000E-7	3.515500E-4	3.650000E-6	0.000000E+0	0.000000E+0	1.964247E-4	2.976042E-9	0.000000E+0	0.000000E+0	1.004022E+1	0.000000E+0	3.000000E+0
24-Apr-25	15:30:01	-0.000000E+0	1.686720E+0	-9.000000E-5	6.865000E-6	-5.550000E-7	3.525500E-4	3.500000E-6	0.000000E+0	0.000000E+0	1.964247E-4	2.976042E-9	0.000000E+0	0.000000E+0	1.004022E+1	0.000000E+0	3.000000E+0
24-Apr-25	15:30:02	-0.000000E+0	1.677740E+0	-9.000000E-5	6.910000E-6	-5.850000E-7	3.517000E-4	4.350000E-6	0.000000E+0	0.000000E+0	1.964247E-4	2.976042E-9	0.000000E+0	0.000000E+0	1.004022E+1	0.000000E+0	3.000000E+0
24-Apr-25	15:30:02	-0.000000E+0	1.669670E+0	-9.000000E-5	6.895000E-6	-6.200000E-7	3.520500E-4	4.500000E-6	0.000000E+0	0.000000E+0	1.964247E-4	2.976042E-9	0.000000E+0	0.000000E+0	1.004022E+1	0.000000E+0	3.000000E+0
24-Apr-25	15:30:03	-0.000000E+0	1.660670E+0	-9.000000E-5	6.920000E-6	-5.950000E-7	3.519000E-4	4.000000E-6	0.000000E+0	0.000000E+0	1.964247E-4	2.976042E-9	0.000000E+0	0.000000E+0	1.004022E+1	0.000000E+0	3.000000E+0
24-Apr-25	15:30:03	-0.000000E+0	1.652570E+0	-9.000000E-5	6.940000E-6	-5.550000E-7	3.516500E-4	4.100000E-6	0.000000E+0	0.000000E+0	1.964247E-4	2.976042E-9	0.000000E+0	0.000000E+0	1.004022E+1	0.000000E+0	3.000000E+0
24-Apr-25	15:30:04	-0.000000E+0	1.643585E+0	-9.000000E-5	7.020000E-6	-5.200000E-7	3.516500E-4	4.000000E-6	0.000000E+0	0.000000E+0	1.964247E-4	2.976042E-9	0.000000E+0	0.000000E+0	1.004022E+1	0.000000E+0	3.000000E+0
24-Apr-25	15:30:05	-0.000000E+0	1.630700E+0	-9.000000E-5	6.985000E-6	-5.100000E-7	3.521000E-4	4.250000E-6	0.000000E+0	0.000000E+0	1.964247E-4	2.976042E-9	0.000000E+0	0.000000E+0	1.004022E+1	0.000000E+0	3.000000E+0
24-Apr-25	15:30:05	-0.000000E+0	1.620820E+0	-9.000000E-5	7.040000E-6	-6.050000E-7	3.515000E-4	4.550000E-6	0.000000E+0	0.000000E+0	1.964247E-4	2.976042E-9	0.000000E+0	0.000000E+0	1.004022E+1	0.000000E+0	3.000000E+0
24-Apr-25	15:30:06	-0.000000E+0	1.611810E+0	-9.000000E-5	7.030000E-6	-6.250000E-7	3.514000E-4	4.100000E-6	0.000000E+0	0.000000E+0	1.964247E-4	2.976042E-9	0.000000E+0	0.000000E+0	1.004022E+1	0.000000E+0	3.000000E+0
24-Apr-25	15:30:06	-0.000000E+0	1.602775E+0	-9.000000E-5	7.010000E-6	-5.850000E-7	3.518000E-4	4.400000E-6	0.000000E+0	0.000000E+0	1.964247E-4	2.976042E-9	0.000000E+0	0.000000E+0	1.004022E+1	0.000000E+0	3.000000E+0
24-Apr-25	15:30:07	-0.000000E+0	1.593820E+0	-9.000000E-5	7.005000E-6	-5.700000E-7	3.514000E-4	3.750000E-6	0.000000E+0	0.000000E+0	1.964247E-4	2.976042E-9	0.000000E+0	0.000000E+0	1.004022E+1	0.000000E+0	3.000000E+0
24-Apr-25	15:30:07	-0.000000E+0	1.584830E+0	-9.000000E-5	7.050000E-6	-5.500000E-7	3.512000E-4	4.600000E-6	0.000000E+0	0.000000E+0	1.964247E-4	2.976042E-9	0.000000E+0	0.000000E+0	1.004022E+1	0.000000E+0	3.000000E+0
24-Apr-25	15:30:08	-0.000000E+0	1.572260E+0	-9.000000E-5	7.090000E-6	-6.200000E-7	3.509000E-4	3.950000E-6	0.000000E+0	0.000000E+0	1.964247E-4	2.976042E-9	0.000000E+0	0.000000E+0	1.004022E+1	0.000000E+0	3.000000E+0
24-Apr-25	15:30:08	-0.000000E+0	1.562340E+0	-9.000000E-5	7.090000E-6	-5.450000E-7	3.512500E-4	4.350000E-6	0.000000E+0	0.000000E+0	1.964247E-4	2.976042E-9	0.000000E+0	0.000000E+0	1.004022E+1	0.000000E+0	3.000000E+0
24-Apr-25	15:30:09	-0.000000E+0	1.553355E+0	-9.000000E-5	7.145000E-6	-5.750000E-7	3.515500E-4	4.050000E-6	0.000000E+0	0.000000E+0	1.964247E-4	2.976042E-9	0.000000E+0	0.000000E+0	1.004022E+1	0.000000E+0	3.000000E+0
24-Apr-25	15:30:09	-0.000000E+0	1.544370E+0	-9.000000E-5	7.165000E-6	-5.850000E-7	3.514500E-4	3.850000E-6	0.000000E+0	0.000000E+0	1.964247E-4	2.976042E-9	0.000000E+0	0.000000E+0	1.004022E+1	0.000000E+0	3.000000E+0
24-Apr-25	15:30:10	-0.000000E+0	1.535380E+0	-9.000000E-5	7.170000E-6	-5.750000E-7	3.512000E-4	4.050000E-6	0.000000E+0	0.000000E+0	1.964247E-4	2.976042E-9	0.000000E+0	0.000000E+0	1.004022E+1	0.000000E+0	3.000000E+0
24-Apr-25	15:30:10	-0.000000E+0	1.525480E+0	-9.000000E-5	7.165000E-6	-5.800000E-7	3.509000E-4	4.100000E-6	0.000000E+0	0.000000E+0	1.964247E-4	2.976042E-9	0.000000E+0	0.000000E+0	1.004022E+1	0.000000E+0	3.000000E+0
24-Apr-25	15:30:11	-0.000000E+0	1.516475E+0	-9.000000E-5	7.165000E-6	-5.900000E-7	3.509500E-4	4.050000E-6	0.000000E+0	0.000000E+0	1.964247E-4	2.976042E-9	0.000000E+0	0.000000E+0	1.004022E+1	0.000000E+0	3.000000E+0
24-Apr-25	15:30:11	-0.000000E+0	1.508415E+0	-9.000000E-5	7.205000E-6	-6.100000E-7	3.515500E-4	4.650000E-6	0.000000E+0	0.000000E+0	1.964247E-4	2.976042E-9	0.000000E+0	0.000000E+0	1.004022E+1	0.000000E+0	3.000000E+0
24-Apr-25	15:30:12	-0.000000E+0	1.499500E+0	-9.000000E-5	7.225000E-6	-5.950000E-7	3.510500E-4	4.100000E-6	0.000000E+0	0.000000E+0	1.964247E-4	2.976042E-9	0.000000E+0	0.000000E+0	1.004022E+1	0.000000E+0	3.000000E+0
24-Apr-25	15:30:13	-0.000000E+0	1.486630E+0	-9.000000E-5	7.255000E-6	-5.800000E-7	3.510000E-4	3.500000E-6	0.000000E+0	0.000000E+0	1.964247E-4	2.976042E-9	0.000000E+0	0.000000E+0	1.004022E+1	0.000000E+0	3.000000E+0
24-Apr-25	15:30:13	-0.000000E+0	1.477665E+0	-9.000000E-5	7.175000E-6	-5.950000E-7	3.512500E-4	4.150000E-6	0.000000E+0	0.000000E+0	1.964247E-4	2.976042E-9	0.000000E+0	0.000000E+0	1.004022E+1	0.000000E+0	3.000000E+0
24-Apr-25	15:30:14	-0.000000E+0	1.469550E+0	-9.000000E-5	7.180000E-6	-6.000000E-7	3.505500E-4	4.250000E-6	0.000000E+0	0.000000E+0	1.964247E-4	2.976042E-9	0.000000E+0	0.000000E+0	1.004022E+1	0.000000E+0	3.000000E+0
24-Apr-25	15:30:14	-0.000000E+0	1.456945E+0	-9.000000E-5	7.255000E-6	-6.050000E-7	3.510500E-4	4.250000E-6	0.000000E+0	0.000000E+0	1.964247E-4	2.976042E-9	0.000000E+0	0.000000E+0	1.004022E+1	0.000000E+0	3.000000E+0
24-Apr-25	15:30:15	-0.000000E+0	1.443180E+0	-9.000000E-5	7.285000E-6	-6.300000E-7	3.510500E-4	4.250000E-6	0.000000E+0	0.000000E+0	1.964247E-4	2.976042E-9	0.000000E+0	0.000000E+0	1.004022E+1	0.000000E+0	3.000000E+0
24-Apr-25	15:30:16	-0.000000E+0	1.434210E+0	-9.000000E-5	7.275000E-6	-6.100000E-7	3.511500E-4	4.400000E-6	0.000000E+0	0.000000E+0	1.964247E-4	2.976042E-9	0.000000E+0	0.000000E+0	1.004022E+1	0.000000E+0	3.000000E+0
24-Apr-25	15:30:16	-0.000000E+0	1.424315E+0	-9.000000E-5	7.305000E-6	-6.000000E-7	3.507500E-4	4.150000E-6	0.000000E+0	0.000000E+0	1.964247E-4	2.976042E-9	0.000000E+0	0.000000E+0	1.004022E+1	0.000000E+0	3.000000E+0
24-Apr-25	15:30:17	-0.000000E+0	1.415300E+0	-9.000000E-5	7.310000E-6	-5.600000E-7	3.512500E-4	3.950000E-6	0.000000E+0	0.000000E+0	1.964247E-4	2.976042E-9	0.000000E+0	0.000000E+0	1.004022E+1	0.000000E+0	3.000000E+0
24-Apr-25	15:30:17	-0.000000E+0	1.406325E+0	-9.000000E-5	7.345000E-6	-5.800000E-7	3.512500E-4	4.500000E-6	0.000000E+0	0.000000E+0	1.964247E-4	2.976042E-9	0.000000E+0	0.000000E+0	1.004022E+1	0.000000E+0	3.000000E+0
24-Apr-25	15:30:18	-0.000000E+0	1.397350E+0	-9.000000E-5	7.325000E-6	-6.250000E-7	3.507000E-4	4.350000E-6	0.000000E+0	0.000000E+0	1.964247E-4	2.976042E-9	0.000000E+0	0.000000E+0	1.004022E+1	0.000000E+0	3.000000E+0
24-Apr-25	15:30:18	-0.000000E+0	1.386580E+0	-9.000000E-5	7.325000E-6	-5.650000E-7	3.511000E-4	3.500000E-6	0.000000E+0	0.000000E+0	1.964247E-4	2.976042E-9	0.000000E+0	0.000000E+0	1.004022E+1	0.000000E+0	3.000000E+0
24-Apr-25	15:30:19	-0.000000E+0	1.373070E+0	-9.000000E-5	7.295000E-6	-6.400000E-7	3.507500E-4	4.250000E-6	0.000000E+0	0.000000E+0	1.964247E-4	2.976042E-9	0.000000E+0	0.000000E+0	1.004022E+1	0.000000E+0	3.000000E+0
24-Apr-25	15:30:19	-0.000000E+0	1.364080E+0	-9.000000E-5	7.350000E-6	-7.000000E-7	3.514000E-4	3.900000E-6	0.000000E+0	0.000000E+0	1.964247E-4	2.976042E-9	0.000000E+0	0.000000E+0	1.004022E+1	0.000000E+0	3.000000E+0
24-Apr-25	15:30:20	-0.000000E+0	1.355095E+0	-9.000000E-5	7.370000E-6	-6.700000E-7	3.511500E-4	3.500000E-6	0.000000E+0	0.000000E+0	1.964247E-4	2.976042E-9	0.000000E+0	0.000000E+0	1.004022E+1	0.000000E+0	3.000000E+0
24-Apr-25	15:30:20	-0.000000E+0	1.346125E+0	-9.000000E-5	7.430000E-6	-5.750000E-7	3.508500E-4	4.100000E-6	0.000000E+0	0.000000E+0	1.964247E-4	2.976042E-9	0.000000E+0	0.000000E+0	1.004022E+1	0.000000E+0	3.000000E+0
24-Apr-25	15:30:21	-0.000000E+0	1.337115E+0	-9.000000E-5	7.410000E-6	-6.100000E-7	3.513000E-4	3.900000E-6	0.000000E+0	0.000000E+0	1.964247E-4	2.976042E-9	0.000000E+0	0.000000E+0	1.004022E+1	0.000000E+0	3.000000E+0
24-Apr-25	15:30:21	-0.000000E+0	1.328110E+0	-9.000000E-5	7.425000E-6	-6.050000E-7	3.514000E-4	4.100000E-6	0.000000E+0	0.000000E+0	1.964247E-4	2.976042E-9	0.000000E+0	0.000000E+0	1.004022E+1	0.000000E+0	3.000000E+0
24-Apr-25	15:30:22	-0.000000E+0	1.319090E+0	-9.000000E-5	7.415000E-6	-6.100000E-7	3.511000E-4	4.100000E-6	0.000000E+0	0.000000E+0	1.964247E-4	2.976042E-9	0.000000E+0	0.000000E+0	1.004022E+1	0.000000E+0	3.000000E+0
24-Apr-25	15:30:23	-0.000000E+0	1.310145E+0	-9.000000E-5	7.400000E-6	-5.750000E-7	3.510500E-4	4.400000E-6	0.000000E+0	0.000000E+0	1.964247E-4	2.976042E-9	0.000000E+0	0.000000E+0	1.004022E+1	0.000000E+0	3.000000E+0
24-Apr-25	15:30:23	-0.000000E+0	1.299965E+0	-9.000000E-5	7.435000E-6	-6.100000E-7	3.508500E-4	4.650000E-6	0.000000E+0	0.000000E+0	1.964247E-4	2.976042E-9	0.000000E+0	0.000000E+0	1.004022E+1	0.000000E+0	3.000000E+0
24-Apr-25	15:30:24	-0.000000E+0	1.291155E+0	-9.000000E-5	7.435000E-6	-5.900000E-7	3.509000E-4	3.550000E-6	0.000000E+0	0.000000E+0	1.964247E-4	2.976042E-9	0.000000E+0	0.000000E+0	1.004022E+1	0.000000E+0	3.000000E+0
24-Apr-25	15:30:24	-0.000000E+0	1.280210E+0	-9.000000E-5	7.475000E-6	-6.000000E-7	3.507000E-4	3.700000E-6	0.000000E+0	0.000000E+0	1.964247E-4	2.976042E-9	0.000000E+0	0.000000E+0	1.004022E+1	0.000000E+0	3.000000E+0
24-Apr-25	15:30:25	-0.000000E+0	1.271185E+0	-9.000000E-5	7.480000E-6	-6.050000E-7	3.508500E-4	3.300000E-6	0.000000E+0	0.000000E+0	1.964247E-4	2.976042E-9	0.000000E+0	0.000000E+0	1.004022E+1	0.000000E+0	3.000000E+0
24-Apr-25	15:30:25	-0.000000E+0	1.262230E+0	-9.000000E-5	7.480000E-6	-6.300000E-7	3.511000E-4	3.800000E-6	0.000000E+0	0.000000E+0	1.964247E-4	2.976042E-9	0.000000E+0	0.000000E+0	1.004022E+1	0.000000E+0	3.000000E+0
24-Apr-25	15:30:26	-0.000000E+0	1.254125E+0	-9.000000E-5	7.455000E-6	-6.300000E-7	3.509500E-4	4.300000E-6	0.000000E+0	0.000000E+0	1.964247E-4	2.976042E-9	0.000000E+0	0.000000E+0	1.004022E+1	0.000000E+0	3.000000E+0
24-Apr-25	15:30:26	-0.000000E+0	1.245150E+0	-9.000000E-5	7.495000E-6	-5.950000E-7	3.503500E-4	4.650000E-6	0.000000E+0	0.000000E+0	1.964247E-4	2.976042E-9	0.000000E+0	0.000000E+0	1.004022E+1	0.000000E+0	3.000000E+0
24-Apr-25	15:30:27	-0.000000E+0	1.236140E+0	-9.000000E-5	7.505000E-6	-6.050000E-7	3.511000E-4	4.150000E-6	0.000000E+0	0.000000E+0	1.964247E-4	2.976042E-9	0.000000E+0	0.000000E+0	1.004022E+1	0.000000E+0	3.000000E+0
24-Apr-25	15:30:27	-0.000000E+0	1.227150E+0	-9.000000E-5	7.565000E-6	-6.000000E-7	3.509500E-4	3.650000E-6	0.000000E+0	0.000000E+0	1.964247E-4	2.976042E-9	0.000000E+0	0.000000E+0	1.004022E+1	0.000000E+0	3.000000E+0
24-Apr-25	15:30:28	-0.000000E+0	1.218150E+0	-9.000000E-5	7.575000E-6	-6.050000E-7	3.504000E-4	4.150000E-6	0.000000E+0	0.000000E+0	1.964247E-4	2.976042E-9	0.000000E+0	0.000000E+0	1.004022E+1	0.000000E+0	3.000000E+0
24-Apr-25	15:30:28	-0.000000E+0	1.209170E+0	-9.000000E-5	7.570000E-6	-6.250000E-7	3.508500E-4	4.050000E-6	0.000000E+0	0.000000E+0	1.964247E-4	2.976042E-9	0.000000E+0	0.000000E+0	1.004022E+1	0.000000E+0	3.000000E+0
24-Apr-25	15:30:29	-0.000000E+0	1.199325E+0	-9.000000E-5	7.610000E-6	-6.450000E-7	3.511000E-4	4.150000E-6	0.000000E+0	0.000000E+0	1.964247E-4	2.976042E-9	0.000000E+0	0.000000E+0	1.004022E+1	0.000000E+0	3.000000E+0
24-Apr-25	15:30:29	-0.000000E+0	1.191210E+0	-9.000000E-5	7.635000E-6	-6.400000E-7	3.507500E-4	4.200000E-6	0.000000E+0	0.000000E+0	1.964247E-4	2.976042E-9	0.000000E+0	0.000000E+0	1.004022E+1	0.000000E+0	3.000000E+0
24-Apr-25	15:30:30	-0.000000E+0	1.182210E+0	-9.000000E-5	7.655000E-6	-6.100000E-7	3.509500E-4	3.950000E-6	0.000000E+0	0.000000E+0	1.964247E-4	2.976042E-9	0.000000E+0	0.000000E+0	1.004022E+1	0.000000E+0	3.000000E+0
24-Apr-25	15:30:30	-0.000000E+0	1.173210E+0	-9.000000E-5	7.665000E-6	-5.950000E-7	3.508000E-4	4.250000E-6	0.000000E+0	0.000000E+0	1.964247E-4	2.976042E-9	0.000000E+0	0.000000E+0	1.004022E+1	0.000000E+0	3.000000E+0
24-Apr-25	15:30:31	-0.000000E+0	1.164210E+0	-9.000000E-5	7.725000E-6	-6.400000E-7	3.509000E-4	3.950000E-6	0.000000E+0	0.000000E+0	1.964247E-4	2.976042E-9	0.000000E+0	0.000000E+0	1.004022E+1	0.000000E+0	3.000000E+0
24-Apr-25	15:30:31	-0.000000E+0	1.155235E+0	-9.000000E-5	7.715000E-6	-6.250000E-7	3.508000E-4	4.300000E-6	0.000000E+0	0.000000E+0	1.964247E-4	2.976042E-9	0.000000E+0	0.000000E+0	1.004022E+1	0.000000E+0	3.000000E+0
24-Apr-25	15:30:32	-0.000000E+0	1.147140E+0	-9.000000E-5	7.665000E-6	-5.900000E-7	3.504500E-4	4.500000E-6	0.000000E+0	0.000000E+0	1.964247E-4	2.976042E-9	0.000000E+0	0.000000E+0	1.004022E+1	0.000000E+0	3.000000E+0
24-Apr-25	15:30:32	-0.000000E+0	1.138140E+0	-9.000000E-5	7.665000E-6	-5.900000E-7	3.509500E-4	3.900000E-6	0.000000E+0	0.000000E+0	1.964247E-4	2.976042E-9	0.000000E+0	0.000000E+0	1.004022E+1	0.000000E+0	3.000000E+0
24-Apr-25	15:30:33	-0.000000E+0	1.129100E+0	-9.000000E-5	7.665000E-6	-6.250000E-7	3.506500E-4	4.050000E-6	0.000000E+0	0.000000E+0	1.964247E-4	2.976042E-9	0.000000E+0	0.000000E+0	1.004022E+1	0.000000E+0	3.000000E+0
24-Apr-25	15:30:33	-0.000000E+0	1.120145E+0	-9.000000E-5	7.725000E-6	-6.200000E-7	3.505000E-4	3.700000E-6	0.000000E+0	0.000000E+0	1.964247E-4	2.976042E-9	0.000000E+0	0.000000E+0	1.004022E+1	0.000000E+0	3.000000E+0
24-Apr-25	15:30:34	-0.000000E+0	1.111160E+0	-9.000000E-5	7.735000E-6	-6.550000E-7	3.505500E-4	4.050000E-6	0.000000E+0	0.000000E+0	1.964247E-4	2.976042E-9	0.000000E+0	0.000000E+0	1.004022E+1	0.000000E+0	3.000000E+0
24-Apr-25	15:30:34	-0.000000E+0	1.099205E+0	-9.000000E-5	7.745000E-6	-6.600000E-7	3.504000E-4	4.900000E-6	0.000000E+0	0.000000E+0	1.964247E-4	2.976042E-9	0.000000E+0	0.000000E+0	1.004022E+1	0.000000E+0	3.000000E+0
24-Apr-25	15:30:35	-0.000000E+0	1.089285E+0	-9.000000E-5	7.790000E-6	-6.400000E-7	3.504000E-4	3.650000E-6	0.000000E+0	0.000000E+0	1.964247E-4	2.976042E-9	0.000000E+0	0.000000E+0	1.004022E+1	0.000000E+0	3.000000E+0
24-Apr-25	15:30:35	-0.000000E+0	1.080310E+0	-9.000000E-5	7.800000E-6	-6.500000E-7	3.509000E-4	3.900000E-6	0.000000E+0	0.000000E+0	1.964247E-4	2.976042E-9	0.000000E+0	0.000000E+0	1.004022E+1	0.000000E+0	3.000000E+0
24-Apr-25	15:30:36	-0.000000E+0	1.072210E+0	-9.000000E-5	7.825000E-6	-6.400000E-7	3.504000E-4	4.000000E-6	0.000000E+0	0.000000E+0	1.964247E-4	2.976042E-9	0.000000E+0	0.000000E+0	1.004022E+1	0.000000E+0	3.000000E+0
24-Apr-25	15:30:36	-0.000000E+0	1.064125E+0	-9.000000E-5	7.805000E-6	-6.250000E-7	3.501500E-4	4.500000E-6	0.000000E+0	0.000000E+0	1.964247E-4	2.976042E-9	0.000000E+0	0.000000E+0	1.004022E+1	0.000000E+0	3.000000E+0
24-Apr-25	15:30:37	-0.000000E+0	1.055165E+0	-9.000000E-5	7.815000E-6	-6.450000E-7	3.504000E-4	4.150000E-6	0.000000E+0	0.000000E+0	1.964247E-4	2.976042E-9	0.000000E+0	0.000000E+0	1.004022E+1	0.000000E+0	3.000000E+0
24-Apr-25	15:30:37	-0.000000E+0	1.042380E+0	-9.000000E-5	7.830000E-6	-6.100000E-7	3.511000E-4	4.300000E-6	0.000000E+0	0.000000E+0	1.964247E-4	2.976042E-9	0.000000E+0	0.000000E+0	1.004022E+1	0.000000E+0	3.000000E+0
24-Apr-25	15:30:38	-0.000000E+0	1.034140E+0	-9.000000E-5	7.875000E-6	-6.000000E-7	3.501000E-4	4.550000E-6	0.000000E+0	0.000000E+0	1.964247E-4	2.976042E-9	0.000000E+0	0.000000E+0	1.004022E+1	0.000000E+0	3.000000E+0
24-Apr-25	15:30:38	-0.000000E+0	1.026085E+0	-9.000000E-5	7.880000E-6	-6.450000E-7	3.500000E-4	4.500000E-6	0.000000E+0	0.000000E+0	1.964247E-4	2.976042E-9	0.000000E+0	0.000000E+0	1.004022E+1	0.000000E+0	3.000000E+0
24-Apr-25	15:30:39	-0.000000E+0	1.017395E+0	-9.000000E-5	7.880000E-6	-6.850000E-7	3.508500E-4	4.050000E-6	0.000000E+0	0.000000E+0	1.964247E-4	2.976042E-9	0.000000E+0	0.000000E+0	1.004022E+1	0.000000E+0	3.000000E+0
24-Apr-25	15:30:39	-0.000000E+0	1.008125E+0	-9.000000E-5	7.895000E-6	-6.450000E-7	3.500500E-4	3.850000E-6	0.000000E+0	0.000000E+0	1.964247E-4	2.976042E-9	0.000000E+0	0.000000E+0	1.004022E+1	0.000000E+0	3.000000E+0
24-Apr-25	15:30:40	-0.000000E+0	9.982200E-1	-9.000000E-5	7.885000E-6	-6.600000E-7	3.503500E-4	4.000000E-6	0.000000E+0	0.000000E+0	1.964247E-4	2.976042E-9	0.000000E+0	0.000000E+0	1.004022E+1	0.000000E+0	3.000000E+0
24-Apr-25	15:30:40	-0.000000E+0	9.901250E-1	-9.000000E-5	7.855000E-6	-6.550000E-7	3.506000E-4	3.500000E-6	0.000000E+0	0.000000E+0	1.964247E-4	2.976042E-9	0.000000E+0	0.000000E+0	1.004022E+1	0.000000E+0	3.000000E+0
24-Apr-25	15:30:41	-0.000000E+0	9.811300E-1	-9.000000E-5	7.910000E-6	-6.350000E-7	3.502500E-4	3.750000E-6	0.000000E+0	0.000000E+0	1.964247E-4	2.976042E-9	0.000000E+0	0.000000E+0	1.004022E+1	0.000000E+0	3.000000E+0
24-Apr-25	15:30:41	-0.000000E+0	9.721400E-1	-9.000000E-5	7.955000E-6	-6.300000E-7	3.509500E-4	4.100000E-6	0.000000E+0	0.000000E+0	1.964247E-4	2.976042E-9	0.000000E+0	0.000000E+0	1.004022E+1	0.000000E+0	3.000000E+0
24-Apr-25	15:30:42	-0.000000E+0	9.631750E-1	-9.000000E-5	7.925000E-6	-6.150000E-7	3.501000E-4	4.450000E-6	0.000000E+0	0.000000E+0	1.964247E-4	2.976042E-9	0.000000E+0	0.000000E+0	1.004022E+1	0.000000E+0	3.000000E+0
24-Apr-25	15:30:42	-0.000000E+0	9.541650E-1	-9.000000E-5	7.960000E-6	-6.350000E-7	3.503500E-4	3.900000E-6	0.000000E+0	0.000000E+0	1.964247E-4	2.976042E-9	0.000000E+0	0.000000E+0	1.004022E+1	0.000000E+0	3.000000E+0
24-Apr-25	15:30:43	-0.000000E+0	9.451450E-1	-9.000000E-5	7.975000E-6	-6.450000E-7	3.505000E-4	3.650000E-6	0.000000E+0	0.000000E+0	1.964247E-4	2.976042E-9	0.000000E+0	0.000000E+0	1.004022E+1	0.000000E+0	3.000000E+0
24-Apr-25	15:30:43	-0.000000E+0	9.361650E-1	-9.000000E-5	7.980000E-6	-6.350000E-7	3.503000E-4	4.250000E-6	0.000000E+0	0.000000E+0	1.964247E-4	2.976042E-9	0.000000E+0	0.000000E+0	1.004022E+1	0.000000E+0	3.000000E+0
24-Apr-25	15:30:44	-0.000000E+0	9.253900E-1	-9.000000E-5	8.005000E-6	-6.350000E-7	3.505000E-4	3.950000E-6	0.000000E+0	0.000000E+0	1.964247E-4	2.976042E-9	0.000000E+0	0.000000E+0	1.004022E+1	0.000000E+0	3.000000E+0
24-Apr-25	15:30:45	-0.000000E+0	9.125200E-1	-9.000000E-5	8.010000E-6	-6.350000E-7	3.504000E-4	4.600000E-6	0.000000E+0	0.000000E+0	1.964247E-4	2.976042E-9	0.000000E+0	0.000000E+0	1.004022E+1	0.000000E+0	3.000000E+0
24-Apr-25	15:30:45	-0.000000E+0	8.999100E-1	-9.000000E-5	8.020000E-6	-6.400000E-7	3.504000E-4	4.200000E-6	0.000000E+0	0.000000E+0	1.964247E-4	2.976042E-9	0.000000E+0	0.000000E+0	1.004022E+1	0.000000E+0	3.000000E+0
24-Apr-25	15:30:46	-0.000000E+0	8.909400E-1	-9.000000E-5	8.000000E-6	-6.400000E-7	3.503000E-4	4.450000E-6	0.000000E+0	0.000000E+0	1.964247E-4	2.976042E-9	0.000000E+0	0.000000E+0	1.004022E+1	0.000000E+0	3.000000E+0
24-Apr-25	15:30:46	-0.000000E+0	8.819450E-1	-9.000000E-5	8.040000E-6	-6.400000E-7	3.508500E-4	3.650000E-6	0.000000E+0	0.000000E+0	1.964247E-4	2.976042E-9	0.000000E+0	0.000000E+0	1.004022E+1	0.000000E+0	3.000000E+0
24-Apr-25	15:30:47	-0.000000E+0	8.738750E-1	-9.000000E-5	8.020000E-6	-6.550000E-7	3.501000E-4	3.950000E-6	0.000000E+0	0.000000E+0	1.964247E-4	2.976042E-9	0.000000E+0	0.000000E+0	1.004022E+1	0.000000E+0	3.000000E+0
24-Apr-25	15:30:47	-0.000000E+0	8.648800E-1	-9.000000E-5	8.070000E-6	-6.550000E-7	3.505500E-4	4.650000E-6	0.000000E+0	0.000000E+0	1.964247E-4	2.976042E-9	0.000000E+0	0.000000E+0	1.004022E+1	0.000000E+0	3.000000E+0
24-Apr-25	15:30:48	-0.000000E+0	8.558750E-1	-9.000000E-5	8.035000E-6	-6.350000E-7	3.507000E-4	3.850000E-6	0.000000E+0	0.000000E+0	1.964247E-4	2.976042E-9	0.000000E+0	0.000000E+0	1.004022E+1	0.000000E+0	3.000000E+0
24-Apr-25	15:30:48	-0.000000E+0	8.468550E-1	-9.000000E-5	8.065000E-6	-6.150000E-7	3.502500E-4	4.300000E-6	0.000000E+0	0.000000E+0	1.964247E-4	2.976042E-9	0.000000E+0	0.000000E+0	1.004022E+1	0.000000E+0	3.000000E+0
24-Apr-25	15:30:49	-0.000000E+0	8.387900E-1	-9.000000E-5	8.075000E-6	-6.450000E-7	3.504000E-4	4.250000E-6	0.000000E+0	0.000000E+0	1.964247E-4	2.976042E-9	0.000000E+0	0.000000E+0	1.004022E+1	0.000000E+0	3.000000E+0
24-Apr-25	15:30:49	-0.000000E+0	8.298000E-1	-9.000000E-5	8.125000E-6	-6.600000E-7	3.499000E-4	4.150000E-6	0.000000E+0	0.000000E+0	1.964247E-4	2.976042E-9	0.000000E+0	0.000000E+0	1.004022E+1	0.000000E+0	3.000000E+0
24-Apr-25	15:30:50	-0.000000E+0	8.208350E-1	-9.000000E-5	8.105000E-6	-6.550000E-7	3.500500E-4	4.400000E-6	0.000000E+0	0.000000E+0	1.964247E-4	2.976042E-9	0.000000E+0	0.000000E+0	1.004022E+1	0.000000E+0	3.000000E+0
24-Apr-25	15:30:50	-0.000000E+0	8.127400E-1	-9.000000E-5	8.120000E-6	-6.750000E-7	3.501000E-4	4.100000E-6	0.000000E+0	0.000000E+0	1.964247E-4	2.976042E-9	0.000000E+0	0.000000E+0	1.004022E+1	0.000000E+0	3.000000E+0
24-Apr-25	15:30:51	-0.000000E+0	8.046100E-1	-9.000000E-5	8.110000E-6	-6.500000E-7	3.502000E-4	4.350000E-6	0.000000E+0	0.000000E+0	1.964247E-4	2.976042E-9	0.000000E+0	0.000000E+0	1.004022E+1	0.000000E+0	3.000000E+0
24-Apr-25	15:30:51	-0.000000E+0	7.953350E-1	-9.000000E-5	8.135000E-6	-6.550000E-7	3.496000E-4	4.500000E-6	0.000000E+0	0.000000E+0	1.964247E-4	2.976042E-9	0.000000E+0	0.000000E+0	1.004022E+1	0.000000E+0	3.000000E+0
24-Apr-25	15:30:52	-0.000000E+0	7.836400E-1	-9.000000E-5	8.155000E-6	-6.650000E-7	3.500000E-4	3.950000E-6	0.000000E+0	0.000000E+0	1.964247E-4	2.976042E-9	0.000000E+0	0.000000E+0	1.004022E+1	0.000000E+0	3.000000E+0
24-Apr-25	15:30:52	-0.000000E+0	7.746550E-1	-9.000000E-5	8.165000E-6	-6.450000E-7	3.503500E-4	4.000000E-6	0.000000E+0	0.000000E+0	1.964247E-4	2.976042E-9	0.000000E+0	0.000000E+0	1.004022E+1	0.000000E+0	3.000000E+0
24-Apr-25	15:30:53	-0.000000E+0	7.656650E-1	-9.000000E-5	8.180000E-6	-6.500000E-7	3.498500E-4	3.850000E-6	0.000000E+0	0.000000E+0	1.964247E-4	2.976042E-9	0.000000E+0	0.000000E+0	1.004022E+1	0.000000E+0	3.000000E+0
24-Apr-25	15:30:53	-0.000000E+0	7.575150E-1	-9.000000E-5	8.200000E-6	-6.250000E-7	3.498500E-4	4.250000E-6	0.000000E+0	0.000000E+0	1.964247E-4	2.976042E-9	0.000000E+0	0.000000E+0	1.004022E+1	0.000000E+0	3.000000E+0
24-Apr-25	15:30:54	-0.000000E+0	7.485550E-1	-9.000000E-5	8.160000E-6	-6.250000E-7	3.501500E-4	4.000000E-6	0.000000E+0	0.000000E+0	1.964247E-4	2.976042E-9	0.000000E+0	0.000000E+0	1.004022E+1	0.000000E+0	3.000000E+0
24-Apr-25	15:30:54	-0.000000E+0	7.377800E-1	-9.000000E-5	8.170000E-6	-6.150000E-7	3.501500E-4	4.150000E-6	0.000000E+0	0.000000E+0	1.964247E-4	2.976042E-9	0.000000E+0	0.000000E+0	1.004022E+1	0.000000E+0	3.000000E+0
24-Apr-25	15:30:55	-0.000000E+0	7.297000E-1	-9.000000E-5	8.230000E-6	-6.600000E-7	3.501500E-4	3.800000E-6	0.000000E+0	0.000000E+0	1.964247E-4	2.976042E-9	0.000000E+0	0.000000E+0	1.004022E+1	0.000000E+0	3.000000E+0
24-Apr-25	15:30:55	-0.000000E+0	7.216400E-1	-9.000000E-5	8.260000E-6	-6.750000E-7	3.498500E-4	4.250000E-6	0.000000E+0	0.000000E+0	1.964247E-4	2.976042E-9	0.000000E+0	0.000000E+0	1.004022E+1	0.000000E+0	3.000000E+0
24-Apr-25	15:30:56	-0.000000E+0	7.126350E-1	-9.000000E-5	8.240000E-6	-6.500000E-7	3.500000E-4	4.250000E-6	0.000000E+0	0.000000E+0	1.964247E-4	2.976042E-9	0.000000E+0	0.000000E+0	1.004022E+1	0.000000E+0	3.000000E+0
24-Apr-25	15:30:56	-0.000000E+0	7.036300E-1	-9.000000E-5	8.265000E-6	-6.400000E-7	3.497000E-4	4.000000E-6	0.000000E+0	0.000000E+0	1.964247E-4	2.976042E-9	0.000000E+0	0.000000E+0	1.004022E+1	0.000000E+0	3.000000E+0
24-Apr-25	15:30:57	-0.000000E+0	6.946600E-1	-9.000000E-5	8.275000E-6	-6.600000E-7	3.504000E-4	4.050000E-6	0.000000E+0	0.000000E+0	1.964247E-4	2.976042E-9	0.000000E+0	0.000000E+0	1.004022E+1	0.000000E+0	3.000000E+0
24-Apr-25	15:30:57	-0.000000E+0	6.856800E-1	-9.000000E-5	8.255000E-6	-6.550000E-7	3.498000E-4	4.950000E-6	0.000000E+0	0.000000E+0	1.964247E-4	2.976042E-9	0.000000E+0	0.000000E+0	1.004022E+1	0.000000E+0	3.000000E+0
24-Apr-25	15:30:58	-0.000000E+0	6.767050E-1	-9.000000E-5	8.250000E-6	-6.600000E-7	3.500000E-4	4.100000E-6	0.000000E+0	0.000000E+0	1.964247E-4	2.976042E-9	0.000000E+0	0.000000E+0	1.004022E+1	0.000000E+0	3.000000E+0
24-Apr-25	15:30:59	-0.000000E+0	6.659000E-1	-9.000000E-5	8.265000E-6	-6.350000E-7	3.495500E-4	4.400000E-6	0.000000E+0	0.000000E+0	1.964247E-4	2.976042E-9	0.000000E+0	0.000000E+0	1.004022E+1	0.000000E+0	3.000000E+0
24-Apr-25	15:30:59	-0.000000E+0	6.539100E-1	-9.000000E-5	8.295000E-6	-6.750000E-7	3.501500E-4	4.250000E-6	0.000000E+0	0.000000E+0	1.964247E-4	2.976042E-9	0.000000E+0	0.000000E+0	1.004022E+1	0.000000E+0	3.000000E+0
24-Apr-25	15:30:59	-0.000000E+0	6.458000E-1	-9.000000E-5	8.290000E-6	-6.850000E-7	3.498000E-4	4.000000E-6	0.000000E+0	0.000000E+0	1.964247E-4	2.976042E-9	0.000000E+0	0.000000E+0	1.004022E+1	0.000000E+0	3.000000E+0
24-Apr-25	15:31:00	-0.000000E+0	6.368450E-1	-9.000000E-5	8.305000E-6	-6.700000E-7	3.498000E-4	4.100000E-6	0.000000E+0	0.000000E+0	1.964247E-4	2.976042E-9	0.000000E+0	0.000000E+0	1.004022E+1	0.000000E+0	3.000000E+0
24-Apr-25	15:31:00	-0.000000E+0	6.278550E-1	-9.000000E-5	8.345000E-6	-6.750000E-7	3.498500E-4	3.800000E-6	0.000000E+0	0.000000E+0	1.964247E-4	2.976042E-9	0.000000E+0	0.000000E+0	1.004022E+1	0.000000E+0	3.000000E+0
24-Apr-25	15:31:01	-0.000000E+0	6.197800E-1	-9.000000E-5	8.350000E-6	-6.750000E-7	3.498000E-4	3.850000E-6	0.000000E+0	0.000000E+0	1.964247E-4	2.976042E-9	0.000000E+0	0.000000E+0	1.004022E+1	0.000000E+0	3.000000E+0
24-Apr-25	15:31:01	-0.000000E+0	6.107550E-1	-9.000000E-5	8.395000E-6	-6.550000E-7	3.500000E-4	4.200000E-6	0.000000E+0	0.000000E+0	1.964247E-4	2.976042E-9	0.000000E+0	0.000000E+0	1.004022E+1	0.000000E+0	3.000000E+0
24-Apr-25	15:31:02	-0.000000E+0	6.017900E-1	-9.000000E-5	8.380000E-6	-6.650000E-7	3.497500E-4	3.950000E-6	0.000000E+0	0.000000E+0	1.964247E-4	2.976042E-9	0.000000E+0	0.000000E+0	1.004022E+1	0.000000E+0	3.000000E+0
24-Apr-25	15:31:02	-0.000000E+0	5.927850E-1	-9.000000E-5	8.380000E-6	-7.050000E-7	3.495500E-4	3.950000E-6	0.000000E+0	0.000000E+0	1.964247E-4	2.976042E-9	0.000000E+0	0.000000E+0	1.004022E+1	0.000000E+0	3.000000E+0
24-Apr-25	15:31:03	-0.000000E+0	5.829200E-1	-9.000000E-5	8.410000E-6	-6.650000E-7	3.497500E-4	4.050000E-6	0.000000E+0	0.000000E+0	1.964247E-4	2.976042E-9	0.000000E+0	0.000000E+0	1.004022E+1	0.000000E+0	3.000000E+0
24-Apr-25	15:31:03	-0.000000E+0	5.739000E-1	-9.000000E-5	8.420000E-6	-6.600000E-7	3.498500E-4	4.100000E-6	0.000000E+0	0.000000E+0	1.964247E-4	2.976042E-9	0.000000E+0	0.000000E+0	1.004022E+1	0.000000E+0	3.000000E+0
24-Apr-25	15:31:04	-0.000000E+0	5.648950E-1	-9.000000E-5	8.430000E-6	-6.500000E-7	3.502000E-4	4.400000E-6	0.000000E+0	0.000000E+0	1.964247E-4	2.976042E-9	0.000000E+0	0.000000E+0	1.004022E+1	0.000000E+0	3.000000E+0
24-Apr-25	15:31:05	-0.000000E+0	5.523300E-1	-9.000000E-5	8.450000E-6	-6.900000E-7	3.497000E-4	4.850000E-6	0.000000E+0	0.000000E+0	1.964247E-4	2.976042E-9	0.000000E+0	0.000000E+0	1.004022E+1	0.000000E+0	3.000000E+0
24-Apr-25	15:31:05	-0.000000E+0	5.415600E-1	-9.000000E-5	8.440000E-6	-6.900000E-7	3.498500E-4	4.250000E-6	0.000000E+0	0.000000E+0	1.964247E-4	2.976042E-9	0.000000E+0	0.000000E+0	1.004022E+1	0.000000E+0	3.000000E+0
24-Apr-25	15:31:06	-0.000000E+0	5.322850E-1	-9.000000E-5	8.460000E-6	-7.100000E-7	3.502000E-4	4.100000E-6	0.000000E+0	0.000000E+0	1.964247E-4	2.976042E-9	0.000000E+0	0.000000E+0	1.004022E+1	0.000000E+0	3.000000E+0
24-Apr-25	15:31:06	-0.000000E+0	5.232950E-1	-9.000000E-5	8.490000E-6	-6.900000E-7	3.493500E-4	3.950000E-6	0.000000E+0	0.000000E+0	1.964247E-4	2.976042E-9	0.000000E+0	0.000000E+0	1.004022E+1	0.000000E+0	3.000000E+0
24-Apr-25	15:31:07	-0.000000E+0	5.142850E-1	-9.000000E-5	8.505000E-6	-6.550000E-7	3.496500E-4	3.950000E-6	0.000000E+0	0.000000E+0	1.964247E-4	2.976042E-9	0.000000E+0	0.000000E+0	1.004022E+1	0.000000E+0	3.000000E+0
24-Apr-25	15:31:07	-0.000000E+0	5.053050E-1	-9.000000E-5	8.520000E-6	-6.450000E-7	3.495500E-4	3.700000E-6	0.000000E+0	0.000000E+0	1.964247E-4	2.976042E-9	0.000000E+0	0.000000E+0	1.004022E+1	0.000000E+0	3.000000E+0
24-Apr-25	15:31:08	-0.000000E+0	4.972150E-1	-9.000000E-5	8.540000E-6	-6.750000E-7	3.495000E-4	4.200000E-6	0.000000E+0	0.000000E+0	1.964247E-4	2.976042E-9	0.000000E+0	0.000000E+0	1.004022E+1	0.000000E+0	3.000000E+0
24-Apr-25	15:31:08	-0.000000E+0	4.882500E-1	-9.000000E-5	8.560000E-6	-6.850000E-7	3.499000E-4	4.150000E-6	0.000000E+0	0.000000E+0	1.964247E-4	2.976042E-9	0.000000E+0	0.000000E+0	1.004022E+1	0.000000E+0	3.000000E+0
24-Apr-25	15:31:09	-0.000000E+0	4.783400E-1	-9.000000E-5	8.545000E-6	-6.950000E-7	3.495500E-4	4.350000E-6	0.000000E+0	0.000000E+0	1.964247E-4	2.976042E-9	0.000000E+0	0.000000E+0	1.004022E+1	0.000000E+0	3.000000E+0
24-Apr-25	15:31:09	-0.000000E+0	4.692950E-1	-9.000000E-5	8.575000E-6	-6.750000E-7	3.496500E-4	4.600000E-6	0.000000E+0	0.000000E+0	1.964247E-4	2.976042E-9	0.000000E+0	0.000000E+0	1.004022E+1	0.000000E+0	3.000000E+0
24-Apr-25	15:31:10	-0.000000E+0	4.603500E-1	-9.000000E-5	8.590000E-6	-6.900000E-7	3.498000E-4	5.100000E-6	0.000000E+0	0.000000E+0	1.964247E-4	2.976042E-9	0.000000E+0	0.000000E+0	1.004022E+1	0.000000E+0	3.000000E+0
24-Apr-25	15:31:11	-0.000000E+0	4.495700E-1	-9.000000E-5	8.630000E-6	-6.750000E-7	3.500000E-4	3.800000E-6	0.000000E+0	0.000000E+0	1.964247E-4	2.976042E-9	0.000000E+0	0.000000E+0	1.004022E+1	0.000000E+0	3.000000E+0
24-Apr-25	15:31:11	-0.000000E+0	4.358000E-1	-9.000000E-5	8.680000E-6	-6.500000E-7	3.495000E-4	3.650000E-6	0.000000E+0	0.000000E+0	1.964247E-4	2.976042E-9	0.000000E+0	0.000000E+0	1.004022E+1	0.000000E+0	3.000000E+0
24-Apr-25	15:31:12	-0.000000E+0	4.267750E-1	-9.000000E-5	8.675000E-6	-6.650000E-7	3.498500E-4	4.100000E-6	0.000000E+0	0.000000E+0	1.964247E-4	2.976042E-9	0.000000E+0	0.000000E+0	1.004022E+1	0.000000E+0	3.000000E+0
24-Apr-25	15:31:12	-0.000000E+0	4.177950E-1	-9.000000E-5	8.700000E-6	-6.650000E-7	3.493000E-4	3.950000E-6	0.000000E+0	0.000000E+0	1.964247E-4	2.976042E-9	0.000000E+0	0.000000E+0	1.004022E+1	0.000000E+0	3.000000E+0
24-Apr-25	15:31:13	-0.000000E+0	4.096950E-1	-9.000000E-5	8.685000E-6	-6.750000E-7	3.497000E-4	3.950000E-6	0.000000E+0	0.000000E+0	1.964247E-4	2.976042E-9	0.000000E+0	0.000000E+0	1.004022E+1	0.000000E+0	3.000000E+0
24-Apr-25	15:31:13	-0.000000E+0	4.007050E-1	-9.000000E-5	8.670000E-6	-7.000000E-7	3.494000E-4	4.500000E-6	0.000000E+0	0.000000E+0	1.964247E-4	2.976042E-9	0.000000E+0	0.000000E+0	1.004022E+1	0.000000E+0	3.000000E+0
24-Apr-25	15:31:14	-0.000000E+0	3.917150E-1	-9.000000E-5	8.700000E-6	-6.950000E-7	3.495500E-4	3.900000E-6	0.000000E+0	0.000000E+0	1.964247E-4	2.976042E-9	0.000000E+0	0.000000E+0	1.004022E+1	0.000000E+0	3.000000E+0
24-Apr-25	15:31:14	-0.000000E+0	3.780400E-1	-9.000000E-5	8.705000E-6	-7.050000E-7	3.494500E-4	4.350000E-6	0.000000E+0	0.000000E+0	1.964247E-4	2.976042E-9	0.000000E+0	0.000000E+0	1.004022E+1	0.000000E+0	3.000000E+0
24-Apr-25	15:31:15	-0.000000E+0	3.689000E-1	-9.000000E-5	8.740000E-6	-6.800000E-7	3.497000E-4	4.100000E-6	0.000000E+0	0.000000E+0	1.964247E-4	2.976042E-9	0.000000E+0	0.000000E+0	1.004022E+1	0.000000E+0	3.000000E+0
24-Apr-25	15:31:15	-0.000000E+0	3.608250E-1	-9.000000E-5	8.770000E-6	-6.700000E-7	3.498500E-4	4.100000E-6	0.000000E+0	0.000000E+0	1.964247E-4	2.976042E-9	0.000000E+0	0.000000E+0	1.004022E+1	0.000000E+0	3.000000E+0
24-Apr-25	15:31:16	-0.000000E+0	3.518450E-1	-9.000000E-5	8.800000E-6	-6.450000E-7	3.497500E-4	4.000000E-6	0.000000E+0	0.000000E+0	1.964247E-4	2.976042E-9	0.000000E+0	0.000000E+0	1.004022E+1	0.000000E+0	3.000000E+0
24-Apr-25	15:31:16	-0.000000E+0	3.428900E-1	-9.000000E-5	8.790000E-6	-6.600000E-7	3.496500E-4	4.550000E-6	0.000000E+0	0.000000E+0	1.964247E-4	2.976042E-9	0.000000E+0	0.000000E+0	1.004022E+1	0.000000E+0	3.000000E+0
24-Apr-25	15:31:17	-0.000000E+0	3.338800E-1	-9.000000E-5	8.810000E-6	-6.850000E-7	3.493500E-4	3.800000E-6	0.000000E+0	0.000000E+0	1.964247E-4	2.976042E-9	0.000000E+0	0.000000E+0	1.004022E+1	0.000000E+0	3.000000E+0
24-Apr-25	15:31:17	-0.000000E+0	3.239900E-1	-9.000000E-5	8.860000E-6	-7.200000E-7	3.490500E-4	3.950000E-6	0.000000E+0	0.000000E+0	1.964247E-4	2.976042E-9	0.000000E+0	0.000000E+0	1.004022E+1	0.000000E+0	3.000000E+0
24-Apr-25	15:31:18	-0.000000E+0	3.149950E-1	-9.000000E-5	8.875000E-6	-7.000000E-7	3.498000E-4	4.450000E-6	0.000000E+0	0.000000E+0	1.964247E-4	2.976042E-9	0.000000E+0	0.000000E+0	1.004022E+1	0.000000E+0	3.000000E+0
24-Apr-25	15:31:19	-0.000000E+0	3.051250E-1	-9.000000E-5	8.870000E-6	-6.900000E-7	3.497000E-4	4.100000E-6	0.000000E+0	0.000000E+0	1.964247E-4	2.976042E-9	0.000000E+0	0.000000E+0	1.004022E+1	0.000000E+0	3.000000E+0
24-Apr-25	15:31:19	-0.000000E+0	2.925400E-1	-9.000000E-5	8.865000E-6	-6.950000E-7	3.495000E-4	4.600000E-6	0.000000E+0	0.000000E+0	1.964247E-4	2.976042E-9	0.000000E+0	0.000000E+0	1.004022E+1	0.000000E+0	3.000000E+0
24-Apr-25	15:31:20	-0.000000E+0	2.841100E-1	-9.000000E-5	8.880000E-6	-7.050000E-7	3.491000E-4	3.800000E-6	0.000000E+0	0.000000E+0	1.964247E-4	2.976042E-9	0.000000E+0	0.000000E+0	1.004022E+1	0.000000E+0	3.000000E+0
24-Apr-25	15:31:20	-0.000000E+0	2.760450E-1	-9.000000E-5	8.940000E-6	-7.200000E-7	3.500500E-4	3.950000E-6	0.000000E+0	0.000000E+0	1.964247E-4	2.976042E-9	0.000000E+0	0.000000E+0	1.004022E+1	0.000000E+0	3.000000E+0
24-Apr-25	15:31:21	-0.000000E+0	2.670550E-1	-9.000000E-5	8.980000E-6	-7.350000E-7	3.490500E-4	4.250000E-6	0.000000E+0	0.000000E+0	1.964247E-4	2.976042E-9	0.000000E+0	0.000000E+0	1.004022E+1	0.000000E+0	3.000000E+0
24-Apr-25	15:31:21	-0.000000E+0	2.571850E-1	-9.000000E-5	8.970000E-6	-7.500000E-7	3.492500E-4	3.800000E-6	0.000000E+0	0.000000E+0	1.964247E-4	2.976042E-9	0.000000E+0	0.000000E+0	1.004022E+1	0.000000E+0	3.000000E+0
24-Apr-25	15:31:22	-0.000000E+0	2.473150E-1	-9.000000E-5	8.985000E-6	-7.600000E-7	3.491500E-4	4.250000E-6	0.000000E+0	0.000000E+0	1.964247E-4	2.976042E-9	0.000000E+0	0.000000E+0	1.004022E+1	0.000000E+0	3.000000E+0
24-Apr-25	15:31:22	-0.000000E+0	2.364850E-1	-9.000000E-5	8.970000E-6	-7.500000E-7	3.495500E-4	4.550000E-6	0.000000E+0	0.000000E+0	1.964247E-4	2.976042E-9	0.000000E+0	0.000000E+0	1.004022E+1	0.000000E+0	3.000000E+0
24-Apr-25	15:31:23	-0.000000E+0	2.275100E-1	-9.000000E-5	8.985000E-6	-7.150000E-7	3.493500E-4	4.550000E-6	0.000000E+0	0.000000E+0	1.964247E-4	2.976042E-9	0.000000E+0	0.000000E+0	1.004022E+1	0.000000E+0	3.000000E+0
24-Apr-25	15:31:23	-0.000000E+0	2.185250E-1	-9.000000E-5	9.025000E-6	-7.200000E-7	3.488000E-4	3.900000E-6	0.000000E+0	0.000000E+0	1.964247E-4	2.976042E-9	0.000000E+0	0.000000E+0	1.004022E+1	0.000000E+0	3.000000E+0
24-Apr-25	15:31:24	-0.000000E+0	2.050350E-1	-9.000000E-5	9.025000E-6	-7.050000E-7	3.491500E-4	4.100000E-6	0.000000E+0	0.000000E+0	1.964247E-4	2.976042E-9	0.000000E+0	0.000000E+0	1.004022E+1	0.000000E+0	3.000000E+0
24-Apr-25	15:31:25	-0.000000E+0	1.960200E-1	-9.000000E-5	9.035000E-6	-7.400000E-7	3.496000E-4	3.950000E-6	0.000000E+0	0.000000E+0	1.964247E-4	2.976042E-9	0.000000E+0	0.000000E+0	1.004022E+1	0.000000E+0	3.000000E+0
24-Apr-25	15:31:25	-0.000000E+0	1.870150E-1	-9.000000E-5	9.100000E-6	-7.600000E-7	3.494000E-4	4.050000E-6	0.000000E+0	0.000000E+0	1.964247E-4	2.976042E-9	0.000000E+0	0.000000E+0	1.004022E+1	0.000000E+0	3.000000E+0
24-Apr-25	15:31:26	-0.000000E+0	1.741550E-1	-9.000000E-5	9.110000E-6	-7.950000E-7	3.494500E-4	4.200000E-6	0.000000E+0	0.000000E+0	1.964247E-4	2.976042E-9	0.000000E+0	0.000000E+0	1.004022E+1	0.000000E+0	3.000000E+0
24-Apr-25	15:31:26	-0.000000E+0	1.642700E-1	-9.000000E-5	9.135000E-6	-7.500000E-7	3.494500E-4	3.850000E-6	0.000000E+0	0.000000E+0	1.964247E-4	2.976042E-9	0.000000E+0	0.000000E+0	1.004022E+1	0.000000E+0	3.000000E+0
24-Apr-25	15:31:27	-0.000000E+0	1.552850E-1	-9.000000E-5	9.145000E-6	-7.400000E-7	3.492000E-4	4.550000E-6	0.000000E+0	0.000000E+0	1.964247E-4	2.976042E-9	0.000000E+0	0.000000E+0	1.004022E+1	0.000000E+0	3.000000E+0
24-Apr-25	15:31:27	-0.000000E+0	1.463100E-1	-9.000000E-5	9.120000E-6	-7.600000E-7	3.494000E-4	3.900000E-6	0.000000E+0	0.000000E+0	1.964247E-4	2.976042E-9	0.000000E+0	0.000000E+0	1.004022E+1	0.000000E+0	3.000000E+0
24-Apr-25	15:31:28	-0.000000E+0	1.372750E-1	-9.000000E-5	9.180000E-6	-7.400000E-7	3.490000E-4	3.950000E-6	0.000000E+0	0.000000E+0	1.964247E-4	2.976042E-9	0.000000E+0	0.000000E+0	1.004022E+1	0.000000E+0	3.000000E+0
24-Apr-25	15:31:28	-0.000000E+0	1.283300E-1	-9.000000E-5	9.215000E-6	-7.550000E-7	3.492000E-4	4.050000E-6	0.000000E+0	0.000000E+0	1.964247E-4	2.976042E-9	0.000000E+0	0.000000E+0	1.004022E+1	0.000000E+0	3.000000E+0
24-Apr-25	15:31:29	-0.000000E+0	1.184350E-1	-9.000000E-5	9.195000E-6	-7.600000E-7	3.492500E-4	3.950000E-6	0.000000E+0	0.000000E+0	1.964247E-4	2.976042E-9	0.000000E+0	0.000000E+0	1.004022E+1	0.000000E+0	3.000000E+0
24-Apr-25	15:31:29	-0.000000E+0	1.094550E-1	-9.000000E-5	9.215000E-6	-7.550000E-7	3.488500E-4	3.500000E-6	0.000000E+0	0.000000E+0	1.964247E-4	2.976042E-9	0.000000E+0	0.000000E+0	1.004022E+1	0.000000E+0	3.000000E+0
24-Apr-25	15:31:30	-0.000000E+0	9.833500E-2	-9.000000E-5	9.210000E-6	-7.900000E-7	3.489000E-4	3.650000E-6	0.000000E+0	0.000000E+0	1.964247E-4	2.976042E-9	0.000000E+0	0.000000E+0	1.004022E+1	0.000000E+0	3.000000E+0
24-Apr-25	15:31:31	-0.000000E+0	8.843000E-2	-9.000000E-5	9.235000E-6	-7.300000E-7	3.487500E-4	4.150000E-6	0.000000E+0	0.000000E+0	1.964247E-4	2.976042E-9	0.000000E+0	0.000000E+0	1.004022E+1	0.000000E+0	3.000000E+0
24-Apr-25	15:31:31	-0.000000E+0	7.945000E-2	-9.000000E-5	9.260000E-6	-7.300000E-7	3.494500E-4	4.750000E-6	0.000000E+0	0.000000E+0	1.964247E-4	2.976042E-9	0.000000E+0	0.000000E+0	1.004022E+1	0.000000E+0	3.000000E+0
24-Apr-25	15:31:32	-0.000000E+0	7.047000E-2	-9.000000E-5	9.290000E-6	-7.450000E-7	3.491000E-4	4.000000E-6	0.000000E+0	0.000000E+0	1.964247E-4	2.976042E-9	0.000000E+0	0.000000E+0	1.004022E+1	0.000000E+0	3.000000E+0
24-Apr-25	15:31:32	-0.000000E+0	5.791000E-2	-9.000000E-5	9.335000E-6	-7.450000E-7	3.489000E-4	4.250000E-6	0.000000E+0	0.000000E+0	1.964247E-4	2.976042E-9	0.000000E+0	0.000000E+0	1.004022E+1	0.000000E+0	3.000000E+0
24-Apr-25	15:31:33	-0.000000E+0	4.620000E-2	-9.000000E-5	9.345000E-6	-7.750000E-7	3.492500E-4	4.500000E-6	0.000000E+0	0.000000E+0	1.964247E-4	2.976042E-9	0.000000E+0	0.000000E+0	1.004022E+1	0.000000E+0	3.000000E+0
24-Apr-25	15:31:34	-0.000000E+0	3.718500E-2	-9.000000E-5	9.375000E-6	-7.700000E-7	3.484500E-4	4.200000E-6	0.000000E+0	0.000000E+0	1.964247E-4	2.976042E-9	0.000000E+0	0.000000E+0	1.004022E+1	0.000000E+0	3.000000E+0
24-Apr-25	15:31:34	-0.000000E+0	2.609000E-2	-9.000000E-5	9.405000E-6	-7.600000E-7	3.481500E-4	4.100000E-6	0.000000E+0	0.000000E+0	1.964247E-4	2.976042E-9	0.000000E+0	0.000000E+0	1.004022E+1	0.000000E+0	3.000000E+0
24-Apr-25	15:31:34	-0.000000E+0	1.711500E-2	-9.000000E-5	9.450000E-6	-8.000000E-7	3.489000E-4	4.300000E-6	0.000000E+0	0.000000E+0	1.964247E-4	2.976042E-9	0.000000E+0	0.000000E+0	1.004022E+1	0.000000E+0	3.000000E+0
24-Apr-25	15:31:35	-0.000000E+0	8.105000E-3	-9.000000E-5	9.475000E-6	-8.000000E-7	3.486500E-4	4.350000E-6	0.000000E+0	0.000000E+0	1.964247E-4	2.976042E-9	0.000000E+0	0.000000E+0	1.004022E+1	0.000000E+0	3.000000E+0
24-Apr-25	15:31:35	-0.000000E+0	-8.600000E-4	-9.000000E-5	9.500000E-6	-7.500000E-7	3.490000E-4	4.150000E-6	0.000000E+0	0.000000E+0	1.964247E-4	2.976042E-9	0.000000E+0	0.000000E+0	1.004022E+1	0.000000E+0	3.000000E+0
24-Apr-25	15:31:36	-0.000000E+0	-9.780000E-3	-9.000000E-5	9.495000E-6	-7.600000E-7	3.490000E-4	4.000000E-6	0.000000E+0	0.000000E+0	1.964247E-4	2.976042E-9	0.000000E+0	0.000000E+0	1.004022E+1	0.000000E+0	3.000000E+0
24-Apr-25	15:31:37	-0.000000E+0	-1.963500E-2	-9.000000E-5	9.520000E-6	-7.450000E-7	3.487000E-4	4.200000E-6	0.000000E+0	0.000000E+0	1.964247E-4	2.976042E-9	0.000000E+0	0.000000E+0	1.004022E+1	0.000000E+0	3.000000E+0
24-Apr-25	15:31:37	-0.000000E+0	-3.128000E-2	-9.000000E-5	9.520000E-6	-7.900000E-7	3.484000E-4	3.950000E-6	0.000000E+0	0.000000E+0	1.964247E-4	2.976042E-9	0.000000E+0	0.000000E+0	1.004022E+1	0.000000E+0	3.000000E+0
24-Apr-25	15:31:38	-0.000000E+0	-4.028500E-2	-9.000000E-5	9.595000E-6	-7.550000E-7	3.490500E-4	3.950000E-6	0.000000E+0	0.000000E+0	1.964247E-4	2.976042E-9	0.000000E+0	0.000000E+0	1.004022E+1	0.000000E+0	3.000000E+0
24-Apr-25	15:31:38	-0.000000E+0	-4.838500E-2	-9.000000E-5	9.685000E-6	-7.450000E-7	3.480000E-4	3.900000E-6	0.000000E+0	0.000000E+0	1.964247E-4	2.976042E-9	0.000000E+0	0.000000E+0	1.004022E+1	0.000000E+0	3.000000E+0
24-Apr-25	15:31:39	-0.000000E+0	-5.737500E-2	-9.000000E-5	9.755000E-6	-7.700000E-7	3.483500E-4	4.150000E-6	0.000000E+0	0.000000E+0	1.964247E-4	2.976042E-9	0.000000E+0	0.000000E+0	1.004022E+1	0.000000E+0	3.000000E+0
24-Apr-25	15:31:39	-0.000000E+0	-6.904000E-2	-9.000000E-5	9.775000E-6	-7.350000E-7	3.483500E-4	3.750000E-6	0.000000E+0	0.000000E+0	1.964247E-4	2.976042E-9	0.000000E+0	0.000000E+0	1.004022E+1	0.000000E+0	3.000000E+0
24-Apr-25	15:31:40	-0.000000E+0	-7.802000E-2	-9.000000E-5	9.820000E-6	-7.850000E-7	3.482000E-4	4.450000E-6	0.000000E+0	0.000000E+0	1.964247E-4	2.976042E-9	0.000000E+0	0.000000E+0	1.004022E+1	0.000000E+0	3.000000E+0
24-Apr-25	15:31:40	-0.000000E+0	-8.703000E-2	-9.000000E-5	9.880000E-6	-7.800000E-7	3.485000E-4	4.500000E-6	0.000000E+0	0.000000E+0	1.964247E-4	2.976042E-9	0.000000E+0	0.000000E+0	1.004022E+1	0.000000E+0	3.000000E+0
24-Apr-25	15:31:41	-0.000000E+0	-9.602500E-2	-9.000000E-5	9.910000E-6	-7.900000E-7	3.488500E-4	3.800000E-6	0.000000E+0	0.000000E+0	1.964247E-4	2.976042E-9	0.000000E+0	0.000000E+0	1.004022E+1	0.000000E+0	3.000000E+0
24-Apr-25	15:31:41	-0.000000E+0	-1.050050E-1	-9.000000E-5	9.975000E-6	-7.700000E-7	3.486500E-4	4.250000E-6	0.000000E+0	0.000000E+0	1.964247E-4	2.976042E-9	0.000000E+0	0.000000E+0	1.004022E+1	0.000000E+0	3.000000E+0
24-Apr-25	15:31:42	-0.000000E+0	-1.130900E-1	-9.000000E-5	9.980000E-6	-8.100000E-7	3.483500E-4	3.900000E-6	0.000000E+0	0.000000E+0	1.964247E-4	2.976042E-9	0.000000E+0	0.000000E+0	1.004022E+1	0.000000E+0	3.000000E+0
24-Apr-25	15:31:42	-0.000000E+0	-1.220800E-1	-9.000000E-5	9.985000E-6	-8.250000E-7	3.481500E-4	4.400000E-6	0.000000E+0	0.000000E+0	1.964247E-4	2.976042E-9	0.000000E+0	0.000000E+0	1.004022E+1	0.000000E+0	3.000000E+0
24-Apr-25	15:31:43	-0.000000E+0	-1.346400E-1	-9.000000E-5	1.007000E-5	-8.400000E-7	3.481500E-4	3.800000E-6	0.000000E+0	0.000000E+0	1.964247E-4	2.976042E-9	0.000000E+0	0.000000E+0	1.004022E+1	0.000000E+0	3.000000E+0
24-Apr-25	15:31:44	-0.000000E+0	-1.475450E-1	-9.000000E-5	1.010000E-5	-8.150000E-7	3.479500E-4	3.750000E-6	0.000000E+0	0.000000E+0	1.964247E-4	2.976042E-9	0.000000E+0	0.000000E+0	1.004022E+1	0.000000E+0	3.000000E+0
24-Apr-25	15:31:44	-0.000000E+0	-1.565350E-1	-9.000000E-5	1.012500E-5	-8.400000E-7	3.482000E-4	4.200000E-6	0.000000E+0	0.000000E+0	1.964247E-4	2.976042E-9	0.000000E+0	0.000000E+0	1.004022E+1	0.000000E+0	3.000000E+0
24-Apr-25	15:31:45	-0.000000E+0	-1.646300E-1	-9.000000E-5	1.013500E-5	-8.200000E-7	3.480500E-4	3.950000E-6	0.000000E+0	0.000000E+0	1.964247E-4	2.976042E-9	0.000000E+0	0.000000E+0	1.004022E+1	0.000000E+0	3.000000E+0
24-Apr-25	15:31:45	-0.000000E+0	-1.736000E-1	-9.000000E-5	1.015000E-5	-8.250000E-7	3.483000E-4	4.400000E-6	0.000000E+0	0.000000E+0	1.964247E-4	2.976042E-9	0.000000E+0	0.000000E+0	1.004022E+1	0.000000E+0	3.000000E+0
24-Apr-25	15:31:46	-0.000000E+0	-1.826200E-1	-9.000000E-5	1.019000E-5	-8.050000E-7	3.482000E-4	4.000000E-6	0.000000E+0	0.000000E+0	1.964247E-4	2.976042E-9	0.000000E+0	0.000000E+0	1.004022E+1	0.000000E+0	3.000000E+0
24-Apr-25	15:31:46	-0.000000E+0	-1.916300E-1	-9.000000E-5	1.021000E-5	-7.800000E-7	3.482500E-4	4.500000E-6	0.000000E+0	0.000000E+0	1.964247E-4	2.976042E-9	0.000000E+0	0.000000E+0	1.004022E+1	0.000000E+0	3.000000E+0
24-Apr-25	15:31:47	-0.000000E+0	-1.997000E-1	-9.000000E-5	1.024000E-5	-8.100000E-7	3.480000E-4	3.800000E-6	0.000000E+0	0.000000E+0	1.964247E-4	2.976042E-9	0.000000E+0	0.000000E+0	1.004022E+1	0.000000E+0	3.000000E+0
24-Apr-25	15:31:47	-0.000000E+0	-2.086750E-1	-9.000000E-5	1.020500E-5	-7.850000E-7	3.484500E-4	4.200000E-6	0.000000E+0	0.000000E+0	1.964247E-4	2.976042E-9	0.000000E+0	0.000000E+0	1.004022E+1	0.000000E+0	3.000000E+0
24-Apr-25	15:31:48	-0.000000E+0	-2.176500E-1	-9.000000E-5	1.028000E-5	-8.200000E-7	3.481500E-4	3.900000E-6	0.000000E+0	0.000000E+0	1.964247E-4	2.976042E-9	0.000000E+0	0.000000E+0	1.004022E+1	0.000000E+0	3.000000E+0
24-Apr-25	15:31:48	-0.000000E+0	-2.293350E-1	-9.000000E-5	1.030500E-5	-8.450000E-7	3.480000E-4	3.950000E-6	0.000000E+0	0.000000E+0	1.964247E-4	2.976042E-9	0.000000E+0	0.000000E+0	1.004022E+1	0.000000E+0	3.000000E+0
24-Apr-25	15:31:49	-0.000000E+0	-2.395450E-1	-9.000000E-5	1.034500E-5	-8.250000E-7	3.481500E-4	4.450000E-6	0.000000E+0	0.000000E+0	1.964247E-4	2.976042E-9	0.000000E+0	0.000000E+0	1.004022E+1	0.000000E+0	3.000000E+0
24-Apr-25	15:31:49	-0.000000E+0	-2.485050E-1	-9.000000E-5	1.033500E-5	-8.200000E-7	3.479500E-4	3.750000E-6	0.000000E+0	0.000000E+0	1.964247E-4	2.976042E-9	0.000000E+0	0.000000E+0	1.004022E+1	0.000000E+0	3.000000E+0
24-Apr-25	15:31:50	-0.000000E+0	-2.575150E-1	-9.000000E-5	1.036500E-5	-8.650000E-7	3.483000E-4	3.700000E-6	0.000000E+0	0.000000E+0	1.964247E-4	2.976042E-9	0.000000E+0	0.000000E+0	1.004022E+1	0.000000E+0	3.000000E+0
24-Apr-25	15:31:50	-0.000000E+0	-2.655800E-1	-9.000000E-5	1.039500E-5	-8.600000E-7	3.479500E-4	3.950000E-6	0.000000E+0	0.000000E+0	1.964247E-4	2.976042E-9	0.000000E+0	0.000000E+0	1.004022E+1	0.000000E+0	3.000000E+0
24-Apr-25	15:31:51	-0.000000E+0	-2.745650E-1	-9.000000E-5	1.042500E-5	-8.850000E-7	3.480500E-4	3.900000E-6	0.000000E+0	0.000000E+0	1.964247E-4	2.976042E-9	0.000000E+0	0.000000E+0	1.004022E+1	0.000000E+0	3.000000E+0
24-Apr-25	15:31:51	-0.000000E+0	-2.835850E-1	-9.000000E-5	1.045500E-5	-8.600000E-7	3.477000E-4	3.900000E-6	0.000000E+0	0.000000E+0	1.964247E-4	2.976042E-9	0.000000E+0	0.000000E+0	1.004022E+1	0.000000E+0	3.000000E+0
24-Apr-25	15:31:52	-0.000000E+0	-2.925800E-1	-9.000000E-5	1.060000E-5	-8.450000E-7	3.482000E-4	4.050000E-6	0.000000E+0	0.000000E+0	1.964247E-4	2.976042E-9	0.000000E+0	0.000000E+0	1.004022E+1	0.000000E+0	3.000000E+0
24-Apr-25	15:31:52	-0.000000E+0	-3.015700E-1	-9.000000E-5	1.057500E-5	-8.600000E-7	3.484000E-4	4.300000E-6	0.000000E+0	0.000000E+0	1.964247E-4	2.976042E-9	0.000000E+0	0.000000E+0	1.004022E+1	0.000000E+0	3.000000E+0
24-Apr-25	15:31:53	-0.000000E+0	-3.114400E-1	-9.000000E-5	1.058000E-5	-8.900000E-7	3.478500E-4	4.250000E-6	0.000000E+0	0.000000E+0	1.964247E-4	2.976042E-9	0.000000E+0	0.000000E+0	1.004022E+1	0.000000E+0	3.000000E+0
24-Apr-25	15:31:53	-0.000000E+0	-3.204050E-1	-9.000000E-5	1.061000E-5	-8.750000E-7	3.479500E-4	4.050000E-6	0.000000E+0	0.000000E+0	1.964247E-4	2.976042E-9	0.000000E+0	0.000000E+0	1.004022E+1	0.000000E+0	3.000000E+0
24-Apr-25	15:31:54	-0.000000E+0	-3.294450E-1	-9.000000E-5	1.062000E-5	-8.400000E-7	3.478500E-4	4.100000E-6	0.000000E+0	0.000000E+0	1.964247E-4	2.976042E-9	0.000000E+0	0.000000E+0	1.004022E+1	0.000000E+0	3.000000E+0
24-Apr-25	15:31:54	-0.000000E+0	-3.384150E-1	-9.000000E-5	1.068500E-5	-8.650000E-7	3.478500E-4	4.500000E-6	0.000000E+0	0.000000E+0	1.964247E-4	2.976042E-9	0.000000E+0	0.000000E+0	1.004022E+1	0.000000E+0	3.000000E+0
24-Apr-25	15:31:55	-0.000000E+0	-3.483150E-1	-9.000000E-5	1.073000E-5	-8.700000E-7	3.479000E-4	3.950000E-6	0.000000E+0	0.000000E+0	1.964247E-4	2.976042E-9	0.000000E+0	0.000000E+0	1.004022E+1	0.000000E+0	3.000000E+0
24-Apr-25	15:31:55	-0.000000E+0	-3.573050E-1	-9.000000E-5	1.076500E-5	-8.750000E-7	3.480000E-4	4.100000E-6	0.000000E+0	0.000000E+0	1.964247E-4	2.976042E-9	0.000000E+0	0.000000E+0	1.004022E+1	0.000000E+0	3.000000E+0
24-Apr-25	15:31:56	-0.000000E+0	-3.662800E-1	-9.000000E-5	1.078000E-5	-8.600000E-7	3.480500E-4	4.000000E-6	0.000000E+0	0.000000E+0	1.964247E-4	2.976042E-9	0.000000E+0	0.000000E+0	1.004022E+1	0.000000E+0	3.000000E+0
24-Apr-25	15:31:56	-0.000000E+0	-3.753350E-1	-9.000000E-5	1.084500E-5	-8.850000E-7	3.479500E-4	3.700000E-6	0.000000E+0	0.000000E+0	1.964247E-4	2.976042E-9	0.000000E+0	0.000000E+0	1.004022E+1	0.000000E+0	3.000000E+0
24-Apr-25	15:31:57	-0.000000E+0	-3.843350E-1	-9.000000E-5	1.087500E-5	-9.150000E-7	3.479000E-4	3.950000E-6	0.000000E+0	0.000000E+0	1.964247E-4	2.976042E-9	0.000000E+0	0.000000E+0	1.004022E+1	0.000000E+0	3.000000E+0
24-Apr-25	15:31:57	-0.000000E+0	-3.923800E-1	-9.000000E-5	1.087500E-5	-8.800000E-7	3.475500E-4	4.300000E-6	0.000000E+0	0.000000E+0	1.964247E-4	2.976042E-9	0.000000E+0	0.000000E+0	1.004022E+1	0.000000E+0	3.000000E+0
24-Apr-25	15:31:58	-0.000000E+0	-4.013700E-1	-9.000000E-5	1.089000E-5	-8.350000E-7	3.475500E-4	3.950000E-6	0.000000E+0	0.000000E+0	1.964247E-4	2.976042E-9	0.000000E+0	0.000000E+0	1.004022E+1	0.000000E+0	3.000000E+0
24-Apr-25	15:31:58	-0.000000E+0	-4.103300E-1	-9.000000E-5	1.094500E-5	-8.550000E-7	3.475500E-4	4.100000E-6	0.000000E+0	0.000000E+0	1.964247E-4	2.976042E-9	0.000000E+0	0.000000E+0	1.004022E+1	0.000000E+0	3.000000E+0
24-Apr-25	15:31:59	-0.000000E+0	-4.193100E-1	-9.000000E-5	1.098000E-5	-8.800000E-7	3.477000E-4	4.250000E-6	0.000000E+0	0.000000E+0	1.964247E-4	2.976042E-9	0.000000E+0	0.000000E+0	1.004022E+1	0.000000E+0	3.000000E+0
24-Apr-25	15:31:59	-0.000000E+0	-4.274250E-1	-9.000000E-5	1.101000E-5	-9.050000E-7	3.477500E-4	3.950000E-6	0.000000E+0	0.000000E+0	1.964247E-4	2.976042E-9	0.000000E+0	0.000000E+0	1.004022E+1	0.000000E+0	3.000000E+0
24-Apr-25	15:32:00	-0.000000E+0	-4.364000E-1	-9.000000E-5	1.101500E-5	-9.300000E-7	3.473500E-4	4.150000E-6	0.000000E+0	0.000000E+0	1.964247E-4	2.976042E-9	0.000000E+0	0.000000E+0	1.004022E+1	0.000000E+0	3.000000E+0
24-Apr-25	15:32:00	-0.000000E+0	-4.454100E-1	-9.000000E-5	1.103000E-5	-8.900000E-7	3.475000E-4	3.850000E-6	0.000000E+0	0.000000E+0	1.964247E-4	2.976042E-9	0.000000E+0	0.000000E+0	1.004022E+1	0.000000E+0	3.000000E+0
24-Apr-25	15:32:01	-0.000000E+0	-4.543800E-1	-9.000000E-5	1.106500E-5	-9.050000E-7	3.477000E-4	4.100000E-6	0.000000E+0	0.000000E+0	1.964247E-4	2.976042E-9	0.000000E+0	0.000000E+0	1.004022E+1	0.000000E+0	3.000000E+0
24-Apr-25	15:32:01	-0.000000E+0	-4.633550E-1	-9.000000E-5	1.111500E-5	-9.100000E-7	3.478000E-4	4.150000E-6	0.000000E+0	0.000000E+0	1.964247E-4	2.976042E-9	0.000000E+0	0.000000E+0	1.004022E+1	0.000000E+0	3.000000E+0
24-Apr-25	15:32:02	-0.000000E+0	-4.723800E-1	-9.000000E-5	1.117500E-5	-9.150000E-7	3.480000E-4	4.250000E-6	0.000000E+0	0.000000E+0	1.964247E-4	2.976042E-9	0.000000E+0	0.000000E+0	1.004022E+1	0.000000E+0	3.000000E+0
24-Apr-25	15:32:02	-0.000000E+0	-4.804650E-1	-9.000000E-5	1.119000E-5	-9.800000E-7	3.473500E-4	4.050000E-6	0.000000E+0	0.000000E+0	1.964247E-4	2.976042E-9	0.000000E+0	0.000000E+0	1.004022E+1	0.000000E+0	3.000000E+0
24-Apr-25	15:32:03	-0.000000E+0	-4.894450E-1	-9.000000E-5	1.121500E-5	-9.100000E-7	3.475500E-4	3.800000E-6	0.000000E+0	0.000000E+0	1.964247E-4	2.976042E-9	0.000000E+0	0.000000E+0	1.004022E+1	0.000000E+0	3.000000E+0
24-Apr-25	15:32:03	-0.000000E+0	-4.984200E-1	-9.000000E-5	1.124500E-5	-9.050000E-7	3.471500E-4	3.650000E-6	0.000000E+0	0.000000E+0	1.964247E-4	2.976042E-9	0.000000E+0	0.000000E+0	1.004022E+1	0.000000E+0	3.000000E+0
24-Apr-25	15:32:04	-0.000000E+0	-5.073900E-1	-9.000000E-5	1.127500E-5	-9.200000E-7	3.470500E-4	3.800000E-6	0.000000E+0	0.000000E+0	1.964247E-4	2.976042E-9	0.000000E+0	0.000000E+0	1.004022E+1	0.000000E+0	3.000000E+0
24-Apr-25	15:32:04	-0.000000E+0	-5.164000E-1	-9.000000E-5	1.132000E-5	-8.950000E-7	3.470000E-4	3.750000E-6	0.000000E+0	0.000000E+0	1.964247E-4	2.976042E-9	0.000000E+0	0.000000E+0	1.004022E+1	0.000000E+0	3.000000E+0
24-Apr-25	15:32:05	-0.000000E+0	-5.263000E-1	-9.000000E-5	1.138500E-5	-9.300000E-7	3.481500E-4	4.050000E-6	0.000000E+0	0.000000E+0	1.964247E-4	2.976042E-9	0.000000E+0	0.000000E+0	1.004022E+1	0.000000E+0	3.000000E+0
24-Apr-25	15:32:05	-0.000000E+0	-5.361950E-1	-9.000000E-5	1.140500E-5	-9.500000E-7	3.472500E-4	3.950000E-6	0.000000E+0	0.000000E+0	1.964247E-4	2.976042E-9	0.000000E+0	0.000000E+0	1.004022E+1	0.000000E+0	3.000000E+0
24-Apr-25	15:32:06	-0.000000E+0	-5.451750E-1	-9.000000E-5	1.143000E-5	-9.300000E-7	3.476000E-4	4.450000E-6	0.000000E+0	0.000000E+0	1.964247E-4	2.976042E-9	0.000000E+0	0.000000E+0	1.004022E+1	0.000000E+0	3.000000E+0
24-Apr-25	15:32:06	-0.000000E+0	-5.553550E-1	-9.000000E-5	1.145000E-5	-9.000000E-7	3.467000E-4	3.850000E-6	0.000000E+0	0.000000E+0	1.964247E-4	2.976042E-9	0.000000E+0	0.000000E+0	1.004022E+1	0.000000E+0	3.000000E+0
24-Apr-25	15:32:07	-0.000000E+0	-5.634800E-1	-9.000000E-5	1.145500E-5	-9.450000E-7	3.467500E-4	4.100000E-6	0.000000E+0	0.000000E+0	1.964247E-4	2.976042E-9	0.000000E+0	0.000000E+0	1.004022E+1	0.000000E+0	3.000000E+0
24-Apr-25	15:32:08	-0.000000E+0	-5.760750E-1	-9.000000E-5	1.150000E-5	-9.750000E-7	3.477000E-4	3.950000E-6	0.000000E+0	0.000000E+0	1.964247E-4	2.976042E-9	0.000000E+0	0.000000E+0	1.004022E+1	0.000000E+0	3.000000E+0
24-Apr-25	15:32:08	-0.000000E+0	-5.859450E-1	-9.000000E-5	1.157000E-5	-9.450000E-7	3.477000E-4	4.100000E-6	0.000000E+0	0.000000E+0	1.964247E-4	2.976042E-9	0.000000E+0	0.000000E+0	1.004022E+1	0.000000E+0	3.000000E+0
24-Apr-25	15:32:09	-0.000000E+0	-5.949200E-1	-9.000000E-5	1.158500E-5	-9.200000E-7	3.467000E-4	4.150000E-6	0.000000E+0	0.000000E+0	1.964247E-4	2.976042E-9	0.000000E+0	0.000000E+0	1.004022E+1	0.000000E+0	3.000000E+0
24-Apr-25	15:32:09	-0.000000E+0	-6.038850E-1	-9.000000E-5	1.162500E-5	-9.300000E-7	3.468500E-4	3.400000E-6	0.000000E+0	0.000000E+0	1.964247E-4	2.976042E-9	0.000000E+0	0.000000E+0	1.004022E+1	0.000000E+0	3.000000E+0
24-Apr-25	15:32:10	-0.000000E+0	-6.120150E-1	-9.000000E-5	1.166500E-5	-9.300000E-7	3.471000E-4	4.250000E-6	0.000000E+0	0.000000E+0	1.964247E-4	2.976042E-9	0.000000E+0	0.000000E+0	1.004022E+1	0.000000E+0	3.000000E+0
24-Apr-25	15:32:10	-0.000000E+0	-6.209950E-1	-9.000000E-5	1.169000E-5	-9.550000E-7	3.474500E-4	3.900000E-6	0.000000E+0	0.000000E+0	1.964247E-4	2.976042E-9	0.000000E+0	0.000000E+0	1.004022E+1	0.000000E+0	3.000000E+0
24-Apr-25	15:32:10	-0.000000E+0	-6.290700E-1	-9.000000E-5	1.171000E-5	-9.500000E-7	3.473000E-4	3.950000E-6	0.000000E+0	0.000000E+0	1.964247E-4	2.976042E-9	0.000000E+0	0.000000E+0	1.004022E+1	0.000000E+0	3.000000E+0
24-Apr-25	15:32:11	-0.000000E+0	-6.380650E-1	-9.000000E-5	1.174000E-5	-9.500000E-7	3.474500E-4	3.650000E-6	0.000000E+0	0.000000E+0	1.964247E-4	2.976042E-9	0.000000E+0	0.000000E+0	1.004022E+1	0.000000E+0	3.000000E+0
24-Apr-25	15:32:12	-0.000000E+0	-6.470650E-1	-9.000000E-5	1.181500E-5	-9.350000E-7	3.470000E-4	4.100000E-6	0.000000E+0	0.000000E+0	1.964247E-4	2.976042E-9	0.000000E+0	0.000000E+0	1.004022E+1	0.000000E+0	3.000000E+0
24-Apr-25	15:32:12	-0.000000E+0	-6.560650E-1	-9.000000E-5	1.183000E-5	-9.650000E-7	3.469500E-4	4.150000E-6	0.000000E+0	0.000000E+0	1.964247E-4	2.976042E-9	0.000000E+0	0.000000E+0	1.004022E+1	0.000000E+0	3.000000E+0
24-Apr-25	15:32:13	-0.000000E+0	-6.650800E-1	-9.000000E-5	1.184000E-5	-9.450000E-7	3.470000E-4	4.100000E-6	0.000000E+0	0.000000E+0	1.964247E-4	2.976042E-9	0.000000E+0	0.000000E+0	1.004022E+1	0.000000E+0	3.000000E+0
24-Apr-25	15:32:13	-0.000000E+0	-6.749300E-1	-9.000000E-5	1.188000E-5	-9.650000E-7	3.460500E-4	4.250000E-6	0.000000E+0	0.000000E+0	1.964247E-4	2.976042E-9	0.000000E+0	0.000000E+0	1.004022E+1	0.000000E+0	3.000000E+0
24-Apr-25	15:32:13	-0.000000E+0	-6.830400E-1	-9.000000E-5	1.191000E-5	-9.650000E-7	3.467500E-4	3.950000E-6	0.000000E+0	0.000000E+0	1.964247E-4	2.976042E-9	0.000000E+0	0.000000E+0	1.004022E+1	0.000000E+0	3.000000E+0
24-Apr-25	15:32:14	-0.000000E+0	-6.920050E-1	-9.000000E-5	1.194000E-5	-9.650000E-7	3.470000E-4	4.100000E-6	0.000000E+0	0.000000E+0	1.964247E-4	2.976042E-9	0.000000E+0	0.000000E+0	1.004022E+1	0.000000E+0	3.000000E+0
24-Apr-25	15:32:14	-0.000000E+0	-7.010250E-1	-9.000000E-5	1.198500E-5	-9.650000E-7	3.465000E-4	4.150000E-6	0.000000E+0	0.000000E+0	1.964247E-4	2.976042E-9	0.000000E+0	0.000000E+0	1.004022E+1	0.000000E+0	3.000000E+0
24-Apr-25	15:32:15	-0.000000E+0	-7.100100E-1	-9.000000E-5	1.203500E-5	-9.850000E-7	3.461500E-4	3.650000E-6	0.000000E+0	0.000000E+0	1.964247E-4	2.976042E-9	0.000000E+0	0.000000E+0	1.004022E+1	0.000000E+0	3.000000E+0
24-Apr-25	15:32:15	-0.000000E+0	-7.181150E-1	-9.000000E-5	1.208000E-5	-9.950000E-7	3.465500E-4	3.800000E-6	0.000000E+0	0.000000E+0	1.964247E-4	2.976042E-9	0.000000E+0	0.000000E+0	1.004022E+1	0.000000E+0	3.000000E+0
24-Apr-25	15:32:16	-0.000000E+0	-7.270950E-1	-9.000000E-5	1.211000E-5	-1.010000E-6	3.464500E-4	3.250000E-6	0.000000E+0	0.000000E+0	1.964247E-4	2.976042E-9	0.000000E+0	0.000000E+0	1.004022E+1	0.000000E+0	3.000000E+0
24-Apr-25	15:32:17	-0.000000E+0	-7.361000E-1	-9.000000E-5	1.214000E-5	-1.015000E-6	3.460000E-4	3.650000E-6	0.000000E+0	0.000000E+0	1.964247E-4	2.976042E-9	0.000000E+0	0.000000E+0	1.004022E+1	0.000000E+0	3.000000E+0
24-Apr-25	15:32:17	-0.000000E+0	-7.488550E-1	-9.000000E-5	1.217000E-5	-1.005000E-6	3.466500E-4	4.100000E-6	0.000000E+0	0.000000E+0	1.964247E-4	2.976042E-9	0.000000E+0	0.000000E+0	1.004022E+1	0.000000E+0	3.000000E+0
24-Apr-25	15:32:18	-0.000000E+0	-7.625200E-1	-9.000000E-5	1.221500E-5	-9.800000E-7	3.468500E-4	3.950000E-6	0.000000E+0	0.000000E+0	1.964247E-4	2.976042E-9	0.000000E+0	0.000000E+0	1.004022E+1	0.000000E+0	3.000000E+0
24-Apr-25	15:32:18	-0.000000E+0	-7.714750E-1	-9.000000E-5	1.229000E-5	-1.025000E-6	3.465500E-4	4.700000E-6	0.000000E+0	0.000000E+0	1.964247E-4	2.976042E-9	0.000000E+0	0.000000E+0	1.004022E+1	0.000000E+0	3.000000E+0
24-Apr-25	15:32:19	-0.000000E+0	-7.813400E-1	-9.000000E-5	1.233500E-5	-1.065000E-6	3.466500E-4	4.800000E-6	0.000000E+0	0.000000E+0	1.964247E-4	2.976042E-9	0.000000E+0	0.000000E+0	1.004022E+1	0.000000E+0	3.000000E+0
24-Apr-25	15:32:19	-0.000000E+0	-7.903150E-1	-9.000000E-5	1.236000E-5	-1.045000E-6	3.462000E-4	4.100000E-6	0.000000E+0	0.000000E+0	1.964247E-4	2.976042E-9	0.000000E+0	0.000000E+0	1.004022E+1	0.000000E+0	3.000000E+0
24-Apr-25	15:32:20	-0.000000E+0	-7.984050E-1	-9.000000E-5	1.244000E-5	-1.005000E-6	3.460500E-4	3.400000E-6	0.000000E+0	0.000000E+0	1.964247E-4	2.976042E-9	0.000000E+0	0.000000E+0	1.004022E+1	0.000000E+0	3.000000E+0
24-Apr-25	15:32:20	-0.000000E+0	-8.065200E-1	-9.000000E-5	1.247500E-5	-1.000000E-6	3.455000E-4	3.900000E-6	0.000000E+0	0.000000E+0	1.964247E-4	2.976042E-9	0.000000E+0	0.000000E+0	1.004022E+1	0.000000E+0	3.000000E+0
24-Apr-25	15:32:21	-0.000000E+0	-8.154750E-1	-9.000000E-5	1.252500E-5	-1.030000E-6	3.464500E-4	3.950000E-6	0.000000E+0	0.000000E+0	1.964247E-4	2.976042E-9	0.000000E+0	0.000000E+0	1.004022E+1	0.000000E+0	3.000000E+0
24-Apr-25	15:32:21	-0.000000E+0	-8.244900E-1	-9.000000E-5	1.253500E-5	-1.020000E-6	3.465000E-4	4.750000E-6	0.000000E+0	0.000000E+0	1.964247E-4	2.976042E-9	0.000000E+0	0.000000E+0	1.004022E+1	0.000000E+0	3.000000E+0
24-Apr-25	15:32:22	-0.000000E+0	-8.327000E-1	-9.000000E-5	1.255500E-5	-1.030000E-6	3.465500E-4	4.350000E-6	0.000000E+0	0.000000E+0	1.964247E-4	2.976042E-9	0.000000E+0	0.000000E+0	1.004022E+1	0.000000E+0	3.000000E+0
24-Apr-25	15:32:22	-0.000000E+0	-8.409400E-1	-9.000000E-5	1.263000E-5	-1.070000E-6	3.466500E-4	4.250000E-6	0.000000E+0	0.000000E+0	1.964247E-4	2.976042E-9	0.000000E+0	0.000000E+0	1.004022E+1	0.000000E+0	3.000000E+0
24-Apr-25	15:32:23	-0.000000E+0	-8.499650E-1	-9.000000E-5	1.262500E-5	-1.045000E-6	3.461500E-4	4.500000E-6	0.000000E+0	0.000000E+0	1.964247E-4	2.976042E-9	0.000000E+0	0.000000E+0	1.004022E+1	0.000000E+0	3.000000E+0
24-Apr-25	15:32:24	-0.000000E+0	-8.625200E-1	-9.000000E-5	1.267000E-5	-1.020000E-6	3.456000E-4	4.400000E-6	0.000000E+0	0.000000E+0	1.964247E-4	2.976042E-9	0.000000E+0	0.000000E+0	1.004022E+1	0.000000E+0	3.000000E+0
24-Apr-25	15:32:24	-0.000000E+0	-8.732950E-1	-9.000000E-5	1.275000E-5	-1.030000E-6	3.465000E-4	4.900000E-6	0.000000E+0	0.000000E+0	1.964247E-4	2.976042E-9	0.000000E+0	0.000000E+0	1.004022E+1	0.000000E+0	3.000000E+0
24-Apr-25	15:32:25	-0.000000E+0	-8.822500E-1	-9.000000E-5	1.277000E-5	-1.015000E-6	3.461500E-4	3.900000E-6	0.000000E+0	0.000000E+0	1.964247E-4	2.976042E-9	0.000000E+0	0.000000E+0	1.004022E+1	0.000000E+0	3.000000E+0
24-Apr-25	15:32:25	-0.000000E+0	-8.912700E-1	-9.000000E-5	1.278000E-5	-1.035000E-6	3.458500E-4	4.250000E-6	0.000000E+0	0.000000E+0	1.964247E-4	2.976042E-9	0.000000E+0	0.000000E+0	1.004022E+1	0.000000E+0	3.000000E+0
24-Apr-25	15:32:26	-0.000000E+0	-9.002750E-1	-9.000000E-5	1.284500E-5	-1.035000E-6	3.465500E-4	3.900000E-6	0.000000E+0	0.000000E+0	1.964247E-4	2.976042E-9	0.000000E+0	0.000000E+0	1.004022E+1	0.000000E+0	3.000000E+0
24-Apr-25	15:32:26	-0.000000E+0	-9.092550E-1	-9.000000E-5	1.285500E-5	-1.050000E-6	3.457500E-4	4.050000E-6	0.000000E+0	0.000000E+0	1.964247E-4	2.976042E-9	0.000000E+0	0.000000E+0	1.004022E+1	0.000000E+0	3.000000E+0
24-Apr-25	15:32:27	-0.000000E+0	-9.193050E-1	-9.000000E-5	1.288000E-5	-1.050000E-6	3.463000E-4	5.050000E-6	0.000000E+0	0.000000E+0	1.964247E-4	2.976042E-9	0.000000E+0	0.000000E+0	1.004022E+1	0.000000E+0	3.000000E+0
24-Apr-25	15:32:27	-0.000000E+0	-9.275250E-1	-9.000000E-5	1.289500E-5	-1.040000E-6	3.463000E-4	3.800000E-6	0.000000E+0	0.000000E+0	1.964247E-4	2.976042E-9	0.000000E+0	0.000000E+0	1.004022E+1	0.000000E+0	3.000000E+0
24-Apr-25	15:32:28	-0.000000E+0	-9.365400E-1	-9.000000E-5	1.295500E-5	-1.030000E-6	3.459000E-4	2.550000E-6	0.000000E+0	0.000000E+0	1.964247E-4	2.976042E-9	0.000000E+0	0.000000E+0	1.004022E+1	0.000000E+0	3.000000E+0
24-Apr-25	15:32:28	-0.000000E+0	-9.454200E-1	-9.000000E-5	1.297000E-5	-1.050000E-6	3.460500E-4	4.850000E-6	0.000000E+0	0.000000E+0	1.964247E-4	2.976042E-9	0.000000E+0	0.000000E+0	1.004022E+1	0.000000E+0	3.000000E+0
24-Apr-25	15:32:29	-0.000000E+0	-9.542450E-1	-9.000000E-5	1.300500E-5	-1.075000E-6	3.462500E-4	3.850000E-6	0.000000E+0	0.000000E+0	1.964247E-4	2.976042E-9	0.000000E+0	0.000000E+0	1.004022E+1	0.000000E+0	3.000000E+0
24-Apr-25	15:32:29	-0.000000E+0	-9.632050E-1	-9.000000E-5	1.304000E-5	-1.065000E-6	3.459500E-4	4.400000E-6	0.000000E+0	0.000000E+0	1.964247E-4	2.976042E-9	0.000000E+0	0.000000E+0	1.004022E+1	0.000000E+0	3.000000E+0
24-Apr-25	15:32:30	-0.000000E+0	-9.712800E-1	-9.000000E-5	1.305500E-5	-1.100000E-6	3.457500E-4	4.200000E-6	0.000000E+0	0.000000E+0	1.964247E-4	2.976042E-9	0.000000E+0	0.000000E+0	1.004022E+1	0.000000E+0	3.000000E+0
24-Apr-25	15:32:30	-0.000000E+0	-9.802600E-1	-9.000000E-5	1.309000E-5	-1.095000E-6	3.456000E-4	3.800000E-6	0.000000E+0	0.000000E+0	1.964247E-4	2.976042E-9	0.000000E+0	0.000000E+0	1.004022E+1	0.000000E+0	3.000000E+0
24-Apr-25	15:32:31	-0.000000E+0	-9.886550E-1	-9.000000E-5	1.313500E-5	-1.080000E-6	3.463500E-4	4.400000E-6	0.000000E+0	0.000000E+0	1.964247E-4	2.976042E-9	0.000000E+0	0.000000E+0	1.004022E+1	0.000000E+0	3.000000E+0
24-Apr-25	15:32:31	-0.000000E+0	-9.976450E-1	-9.000000E-5	1.320500E-5	-1.075000E-6	3.462000E-4	4.300000E-6	0.000000E+0	0.000000E+0	1.964247E-4	2.976042E-9	0.000000E+0	0.000000E+0	1.004022E+1	0.000000E+0	3.000000E+0
24-Apr-25	15:32:32	-0.000000E+0	-1.006625E+0	-9.000000E-5	1.323500E-5	-1.090000E-6	3.458500E-4	3.100000E-6	0.000000E+0	0.000000E+0	1.964247E-4	2.976042E-9	0.000000E+0	0.000000E+0	1.004022E+1	0.000000E+0	3.000000E+0
24-Apr-25	15:32:32	-0.000000E+0	-1.018315E+0	-9.000000E-5	1.323500E-5	-1.090000E-6	3.467000E-4	3.650000E-6	0.000000E+0	0.000000E+0	1.964247E-4	2.976042E-9	0.000000E+0	0.000000E+0	1.004022E+1	0.000000E+0	3.000000E+0
24-Apr-25	15:32:33	-0.000000E+0	-1.027305E+0	-9.000000E-5	1.330000E-5	-1.060000E-6	3.460500E-4	5.200000E-6	0.000000E+0	0.000000E+0	1.964247E-4	2.976042E-9	0.000000E+0	0.000000E+0	1.004022E+1	0.000000E+0	3.000000E+0
24-Apr-25	15:32:33	-0.000000E+0	-1.035410E+0	-9.000000E-5	1.333500E-5	-1.055000E-6	3.460000E-4	3.550000E-6	0.000000E+0	0.000000E+0	1.964247E-4	2.976042E-9	0.000000E+0	0.000000E+0	1.004022E+1	0.000000E+0	3.000000E+0
24-Apr-25	15:32:34	-0.000000E+0	-1.044440E+0	-9.000000E-5	1.337500E-5	-1.060000E-6	3.453000E-4	4.000000E-6	0.000000E+0	0.000000E+0	1.964247E-4	2.976042E-9	0.000000E+0	0.000000E+0	1.004022E+1	0.000000E+0	3.000000E+0
24-Apr-25	15:32:34	-0.000000E+0	-1.057120E+0	-9.000000E-5	1.340000E-5	-1.105000E-6	3.453000E-4	3.400000E-6	0.000000E+0	0.000000E+0	1.964247E-4	2.976042E-9	0.000000E+0	0.000000E+0	1.004022E+1	0.000000E+0	3.000000E+0
24-Apr-25	15:32:35	-0.000000E+0	-1.068955E+0	-9.000000E-5	1.345500E-5	-1.100000E-6	3.464500E-4	4.400000E-6	0.000000E+0	0.000000E+0	1.964247E-4	2.976042E-9	0.000000E+0	0.000000E+0	1.004022E+1	0.000000E+0	3.000000E+0
24-Apr-25	15:32:35	-0.000000E+0	-1.077945E+0	-9.000000E-5	1.346500E-5	-1.140000E-6	3.444500E-4	4.800000E-6	0.000000E+0	0.000000E+0	1.964247E-4	2.976042E-9	0.000000E+0	0.000000E+0	1.004022E+1	0.000000E+0	3.000000E+0
24-Apr-25	15:32:36	-0.000000E+0	-1.086960E+0	-9.000000E-5	1.351000E-5	-1.115000E-6	3.451500E-4	3.850000E-6	0.000000E+0	0.000000E+0	1.964247E-4	2.976042E-9	0.000000E+0	0.000000E+0	1.004022E+1	0.000000E+0	3.000000E+0
24-Apr-25	15:32:37	-0.000000E+0	-1.100430E+0	-9.000000E-5	1.355000E-5	-1.095000E-6	3.457500E-4	4.250000E-6	0.000000E+0	0.000000E+0	1.964247E-4	2.976042E-9	0.000000E+0	0.000000E+0	1.004022E+1	0.000000E+0	3.000000E+0
24-Apr-25	15:32:37	-0.000000E+0	-1.108560E+0	-9.000000E-5	1.357500E-5	-1.080000E-6	3.454500E-4	3.800000E-6	0.000000E+0	0.000000E+0	1.964247E-4	2.976042E-9	0.000000E+0	0.000000E+0	1.004022E+1	0.000000E+0	3.000000E+0
24-Apr-25	15:32:38	-0.000000E+0	-1.117530E+0	-9.000000E-5	1.365000E-5	-1.080000E-6	3.458000E-4	3.750000E-6	0.000000E+0	0.000000E+0	1.964247E-4	2.976042E-9	0.000000E+0	0.000000E+0	1.004022E+1	0.000000E+0	3.000000E+0
24-Apr-25	15:32:38	-0.000000E+0	-1.128655E+0	-9.000000E-5	1.370500E-5	-1.095000E-6	3.460000E-4	5.800000E-6	0.000000E+0	0.000000E+0	1.964247E-4	2.976042E-9	0.000000E+0	0.000000E+0	1.004022E+1	0.000000E+0	3.000000E+0
24-Apr-25	15:32:39	-0.000000E+0	-1.137670E+0	-9.000000E-5	1.370500E-5	-1.115000E-6	3.451500E-4	3.000000E-6	0.000000E+0	0.000000E+0	1.964247E-4	2.976042E-9	0.000000E+0	0.000000E+0	1.004022E+1	0.000000E+0	3.000000E+0
24-Apr-25	15:32:39	-0.000000E+0	-1.146630E+0	-9.000000E-5	1.374000E-5	-1.145000E-6	3.432500E-4	3.100000E-6	0.000000E+0	0.000000E+0	1.964247E-4	2.976042E-9	0.000000E+0	0.000000E+0	1.004022E+1	0.000000E+0	3.000000E+0
24-Apr-25	15:32:40	-0.000000E+0	-1.155620E+0	-9.000000E-5	1.376000E-5	-1.150000E-6	3.446500E-4	4.450000E-6	0.000000E+0	0.000000E+0	1.964247E-4	2.976042E-9	0.000000E+0	0.000000E+0	1.004022E+1	0.000000E+0	3.000000E+0
24-Apr-25	15:32:40	-0.000000E+0	-1.164580E+0	-9.000000E-5	1.381000E-5	-1.155000E-6	3.441500E-4	4.250000E-6	0.000000E+0	0.000000E+0	1.964247E-4	2.976042E-9	0.000000E+0	0.000000E+0	1.004022E+1	0.000000E+0	3.000000E+0
24-Apr-25	15:32:41	-0.000000E+0	-1.174470E+0	-9.000000E-5	1.386000E-5	-1.110000E-6	3.452500E-4	3.950000E-6	0.000000E+0	0.000000E+0	1.964247E-4	2.976042E-9	0.000000E+0	0.000000E+0	1.004022E+1	0.000000E+0	3.000000E+0
24-Apr-25	15:32:42	-0.000000E+0	-1.187365E+0	-9.000000E-5	1.395000E-5	-1.145000E-6	3.453500E-4	4.000000E-6	0.000000E+0	0.000000E+0	1.964247E-4	2.976042E-9	0.000000E+0	0.000000E+0	1.004022E+1	0.000000E+0	3.000000E+0
24-Apr-25	15:32:42	-0.000000E+0	-1.196345E+0	-9.000000E-5	1.393500E-5	-1.135000E-6	3.444000E-4	3.600000E-6	0.000000E+0	0.000000E+0	1.964247E-4	2.976042E-9	0.000000E+0	0.000000E+0	1.004022E+1	0.000000E+0	3.000000E+0
24-Apr-25	15:32:43	-0.000000E+0	-1.208955E+0	-9.000000E-5	1.400000E-5	-1.170000E-6	3.460000E-4	4.250000E-6	0.000000E+0	0.000000E+0	1.964247E-4	2.976042E-9	0.000000E+0	0.000000E+0	1.004022E+1	0.000000E+0	3.000000E+0
24-Apr-25	15:32:43	-0.000000E+0	-1.221855E+0	-9.000000E-5	1.406000E-5	-1.160000E-6	3.454500E-4	3.950000E-6	0.000000E+0	0.000000E+0	1.964247E-4	2.976042E-9	0.000000E+0	0.000000E+0	1.004022E+1	0.000000E+0	3.000000E+0
24-Apr-25	15:32:44	-0.000000E+0	-1.229950E+0	-9.000000E-5	1.411500E-5	-1.180000E-6	3.449000E-4	3.550000E-6	0.000000E+0	0.000000E+0	1.964247E-4	2.976042E-9	0.000000E+0	0.000000E+0	1.004022E+1	0.000000E+0	3.000000E+0
24-Apr-25	15:32:45	-0.000000E+0	-1.238935E+0	-9.000000E-5	1.416500E-5	-1.150000E-6	3.447500E-4	4.650000E-6	0.000000E+0	0.000000E+0	1.964247E-4	2.976042E-9	0.000000E+0	0.000000E+0	1.004022E+1	0.000000E+0	3.000000E+0
24-Apr-25	15:32:45	-0.000000E+0	-1.252390E+0	-9.000000E-5	1.420000E-5	-1.140000E-6	3.455000E-4	4.650000E-6	0.000000E+0	0.000000E+0	1.964247E-4	2.976042E-9	0.000000E+0	0.000000E+0	1.004022E+1	0.000000E+0	3.000000E+0
24-Apr-25	15:32:46	-0.000000E+0	-1.264965E+0	-9.000000E-5	1.423000E-5	-1.165000E-6	3.450000E-4	3.600000E-6	0.000000E+0	0.000000E+0	1.964247E-4	2.976042E-9	0.000000E+0	0.000000E+0	1.004022E+1	0.000000E+0	3.000000E+0
24-Apr-25	15:32:46	-0.000000E+0	-1.273390E+0	-9.000000E-5	1.425500E-5	-1.170000E-6	3.444500E-4	3.800000E-6	0.000000E+0	0.000000E+0	1.964247E-4	2.976042E-9	0.000000E+0	0.000000E+0	1.004022E+1	0.000000E+0	3.000000E+0
24-Apr-25	15:32:47	-0.000000E+0	-1.282375E+0	-9.000000E-5	1.431000E-5	-1.190000E-6	3.443500E-4	5.600000E-6	0.000000E+0	0.000000E+0	1.964247E-4	2.976042E-9	0.000000E+0	0.000000E+0	1.004022E+1	0.000000E+0	3.000000E+0
24-Apr-25	15:32:48	-0.000000E+0	-1.295885E+0	-9.000000E-5	1.439500E-5	-1.175000E-6	3.442000E-4	3.650000E-6	0.000000E+0	0.000000E+0	1.964247E-4	2.976042E-9	0.000000E+0	0.000000E+0	1.004022E+1	0.000000E+0	3.000000E+0
24-Apr-25	15:32:48	-0.000000E+0	-1.307535E+0	-9.000000E-5	1.438000E-5	-1.165000E-6	3.445000E-4	4.950000E-6	0.000000E+0	0.000000E+0	1.964247E-4	2.976042E-9	0.000000E+0	0.000000E+0	1.004022E+1	0.000000E+0	3.000000E+0
24-Apr-25	15:32:49	-0.000000E+0	-1.315670E+0	-9.000000E-5	1.437500E-5	-1.150000E-6	3.457500E-4	4.000000E-6	0.000000E+0	0.000000E+0	1.964247E-4	2.976042E-9	0.000000E+0	0.000000E+0	1.004022E+1	0.000000E+0	3.000000E+0
24-Apr-25	15:32:49	-0.000000E+0	-1.324690E+0	-9.000000E-5	1.442000E-5	-1.135000E-6	3.447000E-4	4.100000E-6	0.000000E+0	0.000000E+0	1.964247E-4	2.976042E-9	0.000000E+0	0.000000E+0	1.004022E+1	0.000000E+0	3.000000E+0
24-Apr-25	15:32:50	-0.000000E+0	-1.333655E+0	-9.000000E-5	1.450000E-5	-1.125000E-6	3.447500E-4	4.200000E-6	0.000000E+0	0.000000E+0	1.964247E-4	2.976042E-9	0.000000E+0	0.000000E+0	1.004022E+1	0.000000E+0	3.000000E+0
24-Apr-25	15:32:50	-0.000000E+0	-1.342625E+0	-9.000000E-5	1.452500E-5	-1.170000E-6	3.426000E-4	3.250000E-6	0.000000E+0	0.000000E+0	1.964247E-4	2.976042E-9	0.000000E+0	0.000000E+0	1.004022E+1	0.000000E+0	3.000000E+0
24-Apr-25	15:32:51	-0.000000E+0	-1.352640E+0	-9.000000E-5	1.457000E-5	-1.195000E-6	3.458000E-4	4.450000E-6	0.000000E+0	0.000000E+0	1.964247E-4	2.976042E-9	0.000000E+0	0.000000E+0	1.004022E+1	0.000000E+0	3.000000E+0
24-Apr-25	15:32:51	-0.000000E+0	-1.361785E+0	-9.000000E-5	1.460000E-5	-1.175000E-6	3.456000E-4	4.150000E-6	0.000000E+0	0.000000E+0	1.964247E-4	2.976042E-9	0.000000E+0	0.000000E+0	1.004022E+1	0.000000E+0	3.000000E+0
24-Apr-25	15:32:52	-0.000000E+0	-1.370795E+0	-9.000000E-5	1.463000E-5	-1.190000E-6	3.448500E-4	4.050000E-6	0.000000E+0	0.000000E+0	1.964247E-4	2.976042E-9	0.000000E+0	0.000000E+0	1.004022E+1	0.000000E+0	3.000000E+0
24-Apr-25	15:32:52	-0.000000E+0	-1.379775E+0	-9.000000E-5	1.467000E-5	-1.220000E-6	3.447500E-4	4.650000E-6	0.000000E+0	0.000000E+0	1.964247E-4	2.976042E-9	0.000000E+0	0.000000E+0	1.004022E+1	0.000000E+0	3.000000E+0
24-Apr-25	15:32:53	-0.000000E+0	-1.388750E+0	-9.000000E-5	1.468000E-5	-1.200000E-6	3.441500E-4	3.800000E-6	0.000000E+0	0.000000E+0	1.964247E-4	2.976042E-9	0.000000E+0	0.000000E+0	1.004022E+1	0.000000E+0	3.000000E+0
24-Apr-25	15:32:53	-0.000000E+0	-1.397750E+0	-9.000000E-5	1.471500E-5	-1.195000E-6	3.440000E-4	4.100000E-6	0.000000E+0	0.000000E+0	1.964247E-4	2.976042E-9	0.000000E+0	0.000000E+0	1.004022E+1	0.000000E+0	3.000000E+0
24-Apr-25	15:32:54	-0.000000E+0	-1.405835E+0	-9.000000E-5	1.475000E-5	-1.210000E-6	3.446000E-4	3.250000E-6	0.000000E+0	0.000000E+0	1.964247E-4	2.976042E-9	0.000000E+0	0.000000E+0	1.004022E+1	0.000000E+0	3.000000E+0
24-Apr-25	15:32:54	-0.000000E+0	-1.414860E+0	-9.000000E-5	1.477500E-5	-1.205000E-6	3.447500E-4	4.100000E-6	0.000000E+0	0.000000E+0	1.964247E-4	2.976042E-9	0.000000E+0	0.000000E+0	1.004022E+1	0.000000E+0	3.000000E+0
24-Apr-25	15:32:55	-0.000000E+0	-1.425645E+0	-9.000000E-5	1.479000E-5	-1.195000E-6	3.453500E-4	3.450000E-6	0.000000E+0	0.000000E+0	1.964247E-4	2.976042E-9	0.000000E+0	0.000000E+0	1.004022E+1	0.000000E+0	3.000000E+0
24-Apr-25	15:32:55	-0.000000E+0	-1.434625E+0	-9.000000E-5	1.489500E-5	-1.155000E-6	3.434500E-4	4.500000E-6	0.000000E+0	0.000000E+0	1.964247E-4	2.976042E-9	0.000000E+0	0.000000E+0	1.004022E+1	0.000000E+0	3.000000E+0
24-Apr-25	15:32:56	-0.000000E+0	-1.444520E+0	-9.000000E-5	1.489500E-5	-1.215000E-6	3.455500E-4	4.350000E-6	0.000000E+0	0.000000E+0	1.964247E-4	2.976042E-9	0.000000E+0	0.000000E+0	1.004022E+1	0.000000E+0	3.000000E+0
24-Apr-25	15:32:56	-0.000000E+0	-1.453480E+0	-9.000000E-5	1.493000E-5	-1.240000E-6	3.445500E-4	2.900000E-6	0.000000E+0	0.000000E+0	1.964247E-4	2.976042E-9	0.000000E+0	0.000000E+0	1.004022E+1	0.000000E+0	3.000000E+0
24-Apr-25	15:32:57	-0.000000E+0	-1.463440E+0	-9.000000E-5	1.498500E-5	-1.210000E-6	3.443000E-4	3.600000E-6	0.000000E+0	0.000000E+0	1.964247E-4	2.976042E-9	0.000000E+0	0.000000E+0	1.004022E+1	0.000000E+0	3.000000E+0
24-Apr-25	15:32:58	-0.000000E+0	-1.473300E+0	-9.000000E-5	1.501500E-5	-1.225000E-6	3.441500E-4	4.100000E-6	0.000000E+0	0.000000E+0	1.964247E-4	2.976042E-9	0.000000E+0	0.000000E+0	1.004022E+1	0.000000E+0	3.000000E+0
24-Apr-25	15:32:58	-0.000000E+0	-1.482300E+0	-9.000000E-5	1.503000E-5	-1.215000E-6	3.442000E-4	4.050000E-6	0.000000E+0	0.000000E+0	1.964247E-4	2.976042E-9	0.000000E+0	0.000000E+0	1.004022E+1	0.000000E+0	3.000000E+0
24-Apr-25	15:32:59	-0.000000E+0	-1.491285E+0	-9.000000E-5	1.508500E-5	-1.220000E-6	3.449000E-4	2.100000E-6	0.000000E+0	0.000000E+0	1.964247E-4	2.976042E-9	0.000000E+0	0.000000E+0	1.004022E+1	0.000000E+0	3.000000E+0
24-Apr-25	15:32:59	-0.000000E+0	-1.500290E+0	-9.000000E-5	1.509000E-5	-1.205000E-6	3.442500E-4	3.250000E-6	0.000000E+0	0.000000E+0	1.964247E-4	2.976042E-9	0.000000E+0	0.000000E+0	1.004022E+1	0.000000E+0	3.000000E+0
24-Apr-25	15:33:00	-0.000000E+0	-1.511195E+0	-9.000000E-5	1.515000E-5	-1.215000E-6	3.444500E-4	4.250000E-6	0.000000E+0	0.000000E+0	1.964247E-4	2.976042E-9	0.000000E+0	0.000000E+0	1.004022E+1	0.000000E+0	3.000000E+0
24-Apr-25	15:33:00	-0.000000E+0	-1.520225E+0	-9.000000E-5	1.517500E-5	-1.250000E-6	3.435000E-4	4.350000E-6	0.000000E+0	0.000000E+0	1.964247E-4	2.976042E-9	0.000000E+0	0.000000E+0	1.004022E+1	0.000000E+0	3.000000E+0
24-Apr-25	15:33:01	-0.000000E+0	-1.530085E+0	-9.000000E-5	1.521500E-5	-1.245000E-6	3.446000E-4	4.200000E-6	0.000000E+0	0.000000E+0	1.964247E-4	2.976042E-9	0.000000E+0	0.000000E+0	1.004022E+1	0.000000E+0	3.000000E+0
24-Apr-25	15:33:01	-0.000000E+0	-1.539070E+0	-9.000000E-5	1.525500E-5	-1.245000E-6	3.439000E-4	4.500000E-6	0.000000E+0	0.000000E+0	1.964247E-4	2.976042E-9	0.000000E+0	0.000000E+0	1.004022E+1	0.000000E+0	3.000000E+0
24-Apr-25	15:33:02	-0.000000E+0	-1.548030E+0	-9.000000E-5	1.525000E-5	-1.225000E-6	3.445500E-4	4.450000E-6	0.000000E+0	0.000000E+0	1.964247E-4	2.976042E-9	0.000000E+0	0.000000E+0	1.004022E+1	0.000000E+0	3.000000E+0
24-Apr-25	15:33:02	-0.000000E+0	-1.557070E+0	-9.000000E-5	1.533500E-5	-1.235000E-6	3.446000E-4	3.900000E-6	0.000000E+0	0.000000E+0	1.964247E-4	2.976042E-9	0.000000E+0	0.000000E+0	1.004022E+1	0.000000E+0	3.000000E+0
24-Apr-25	15:33:03	-0.000000E+0	-1.566025E+0	-9.000000E-5	1.537000E-5	-1.240000E-6	3.435500E-4	4.050000E-6	0.000000E+0	0.000000E+0	1.964247E-4	2.976042E-9	0.000000E+0	0.000000E+0	1.004022E+1	0.000000E+0	3.000000E+0
24-Apr-25	15:33:03	-0.000000E+0	-1.575020E+0	-9.000000E-5	1.540500E-5	-1.265000E-6	3.439000E-4	3.950000E-6	0.000000E+0	0.000000E+0	1.964247E-4	2.976042E-9	0.000000E+0	0.000000E+0	1.004022E+1	0.000000E+0	3.000000E+0
24-Apr-25	15:33:04	-0.000000E+0	-1.583995E+0	-9.000000E-5	1.541000E-5	-1.245000E-6	3.436500E-4	4.700000E-6	0.000000E+0	0.000000E+0	1.964247E-4	2.976042E-9	0.000000E+0	0.000000E+0	1.004022E+1	0.000000E+0	3.000000E+0
24-Apr-25	15:33:04	-0.000000E+0	-1.595660E+0	-9.000000E-5	1.541000E-5	-1.275000E-6	3.450500E-4	4.800000E-6	0.000000E+0	0.000000E+0	1.964247E-4	2.976042E-9	0.000000E+0	0.000000E+0	1.004022E+1	0.000000E+0	3.000000E+0
24-Apr-25	15:33:05	-0.000000E+0	-1.604705E+0	-9.000000E-5	1.545000E-5	-1.230000E-6	3.439000E-4	4.500000E-6	0.000000E+0	0.000000E+0	1.964247E-4	2.976042E-9	0.000000E+0	0.000000E+0	1.004022E+1	0.000000E+0	3.000000E+0
24-Apr-25	15:33:05	-0.000000E+0	-1.613680E+0	-9.000000E-5	1.547500E-5	-1.260000E-6	3.443500E-4	4.200000E-6	0.000000E+0	0.000000E+0	1.964247E-4	2.976042E-9	0.000000E+0	0.000000E+0	1.004022E+1	0.000000E+0	3.000000E+0
24-Apr-25	15:33:06	-0.000000E+0	-1.622645E+0	-9.000000E-5	1.552000E-5	-1.280000E-6	3.433000E-4	4.000000E-6	0.000000E+0	0.000000E+0	1.964247E-4	2.976042E-9	0.000000E+0	0.000000E+0	1.004022E+1	0.000000E+0	3.000000E+0
24-Apr-25	15:33:06	-0.000000E+0	-1.632520E+0	-9.000000E-5	1.557000E-5	-1.235000E-6	3.435500E-4	3.800000E-6	0.000000E+0	0.000000E+0	1.964247E-4	2.976042E-9	0.000000E+0	0.000000E+0	1.004022E+1	0.000000E+0	3.000000E+0
24-Apr-25	15:33:07	-0.000000E+0	-1.641490E+0	-9.000000E-5	1.561000E-5	-1.270000E-6	3.433500E-4	3.550000E-6	0.000000E+0	0.000000E+0	1.964247E-4	2.976042E-9	0.000000E+0	0.000000E+0	1.004022E+1	0.000000E+0	3.000000E+0
24-Apr-25	15:33:07	-0.000000E+0	-1.650500E+0	-9.000000E-5	1.564000E-5	-1.260000E-6	3.438500E-4	4.050000E-6	0.000000E+0	0.000000E+0	1.964247E-4	2.976042E-9	0.000000E+0	0.000000E+0	1.004022E+1	0.000000E+0	3.000000E+0
24-Apr-25	15:33:08	-0.000000E+0	-1.659500E+0	-9.000000E-5	1.565000E-5	-1.260000E-6	3.438000E-4	4.250000E-6	0.000000E+0	0.000000E+0	1.964247E-4	2.976042E-9	0.000000E+0	0.000000E+0	1.004022E+1	0.000000E+0	3.000000E+0
24-Apr-25	15:33:09	-0.000000E+0	-1.668475E+0	-9.000000E-5	1.568500E-5	-1.290000E-6	3.441500E-4	4.500000E-6	0.000000E+0	0.000000E+0	1.964247E-4	2.976042E-9	0.000000E+0	0.000000E+0	1.004022E+1	0.000000E+0	3.000000E+0
24-Apr-25	15:33:09	-0.000000E+0	-1.681385E+0	-9.000000E-5	1.573000E-5	-1.265000E-6	3.433000E-4	3.950000E-6	0.000000E+0	0.000000E+0	1.964247E-4	2.976042E-9	0.000000E+0	0.000000E+0	1.004022E+1	0.000000E+0	3.000000E+0
24-Apr-25	15:33:10	-0.000000E+0	-1.690360E+0	-9.000000E-5	1.575500E-5	-1.295000E-6	3.441500E-4	4.050000E-6	0.000000E+0	0.000000E+0	1.964247E-4	2.976042E-9	0.000000E+0	0.000000E+0	1.004022E+1	0.000000E+0	3.000000E+0
24-Apr-25	15:33:10	-0.000000E+0	-1.699415E+0	-9.000000E-5	1.576500E-5	-1.310000E-6	3.432000E-4	4.500000E-6	0.000000E+0	0.000000E+0	1.964247E-4	2.976042E-9	0.000000E+0	0.000000E+0	1.004022E+1	0.000000E+0	3.000000E+0
24-Apr-25	15:33:11	-0.000000E+0	-1.708370E+0	-9.000000E-5	1.582000E-5	-1.335000E-6	3.438500E-4	3.950000E-6	0.000000E+0	0.000000E+0	1.964247E-4	2.976042E-9	0.000000E+0	0.000000E+0	1.004022E+1	0.000000E+0	3.000000E+0
24-Apr-25	15:33:11	-0.000000E+0	-1.717350E+0	-9.000000E-5	1.588000E-5	-1.295000E-6	3.438500E-4	4.100000E-6	0.000000E+0	0.000000E+0	1.964247E-4	2.976042E-9	0.000000E+0	0.000000E+0	1.004022E+1	0.000000E+0	3.000000E+0
24-Apr-25	15:33:12	-0.000000E+0	-1.725400E+0	-9.000000E-5	1.592500E-5	-1.295000E-6	3.434000E-4	3.650000E-6	0.000000E+0	0.000000E+0	1.964247E-4	2.976042E-9	0.000000E+0	0.000000E+0	1.004022E+1	0.000000E+0	3.000000E+0
24-Apr-25	15:33:12	-0.000000E+0	-1.733485E+0	-9.000000E-5	1.596500E-5	-1.320000E-6	3.438000E-4	4.050000E-6	0.000000E+0	0.000000E+0	1.964247E-4	2.976042E-9	0.000000E+0	0.000000E+0	1.004022E+1	0.000000E+0	3.000000E+0
24-Apr-25	15:33:13	-0.000000E+0	-1.742475E+0	-9.000000E-5	1.596000E-5	-1.275000E-6	3.434500E-4	3.800000E-6	0.000000E+0	0.000000E+0	1.964247E-4	2.976042E-9	0.000000E+0	0.000000E+0	1.004022E+1	0.000000E+0	3.000000E+0
24-Apr-25	15:33:13	-0.000000E+0	-1.751505E+0	-9.000000E-5	1.601000E-5	-1.280000E-6	3.432500E-4	4.550000E-6	0.000000E+0	0.000000E+0	1.964247E-4	2.976042E-9	0.000000E+0	0.000000E+0	1.004022E+1	0.000000E+0	3.000000E+0
24-Apr-25	15:33:13	-0.000000E+0	-1.760450E+0	-9.000000E-5	1.603500E-5	-1.300000E-6	3.434000E-4	2.750000E-6	0.000000E+0	0.000000E+0	1.964247E-4	2.976042E-9	0.000000E+0	0.000000E+0	1.004022E+1	0.000000E+0	3.000000E+0
24-Apr-25	15:33:14	-0.000000E+0	-1.768540E+0	-9.000000E-5	1.609000E-5	-1.315000E-6	3.427000E-4	4.350000E-6	0.000000E+0	0.000000E+0	1.964247E-4	2.976042E-9	0.000000E+0	0.000000E+0	1.004022E+1	0.000000E+0	3.000000E+0
24-Apr-25	15:33:14	-0.000000E+0	-1.776640E+0	-9.000000E-5	1.609000E-5	-1.335000E-6	3.434000E-4	4.150000E-6	0.000000E+0	0.000000E+0	1.964247E-4	2.976042E-9	0.000000E+0	0.000000E+0	1.004022E+1	0.000000E+0	3.000000E+0
24-Apr-25	15:33:15	-0.000000E+0	-1.785610E+0	-9.000000E-5	1.611500E-5	-1.345000E-6	3.436000E-4	3.800000E-6	0.000000E+0	0.000000E+0	1.964247E-4	2.976042E-9	0.000000E+0	0.000000E+0	1.004022E+1	0.000000E+0	3.000000E+0
24-Apr-25	15:33:15	-0.000000E+0	-1.794670E+0	-9.000000E-5	1.615500E-5	-1.340000E-6	3.433500E-4	4.100000E-6	0.000000E+0	0.000000E+0	1.964247E-4	2.976042E-9	0.000000E+0	0.000000E+0	1.004022E+1	0.000000E+0	3.000000E+0
24-Apr-25	15:33:16	-0.000000E+0	-1.803615E+0	-9.000000E-5	1.617500E-5	-1.340000E-6	3.436500E-4	4.150000E-6	0.000000E+0	0.000000E+0	1.964247E-4	2.976042E-9	0.000000E+0	0.000000E+0	1.004022E+1	0.000000E+0	3.000000E+0
24-Apr-25	15:33:17	-0.000000E+0	-1.812765E+0	-9.000000E-5	1.619000E-5	-1.340000E-6	3.428000E-4	4.800000E-6	0.000000E+0	0.000000E+0	1.964247E-4	2.976042E-9	0.000000E+0	0.000000E+0	1.004022E+1	0.000000E+0	3.000000E+0
24-Apr-25	15:33:17	-0.000000E+0	-1.825470E+0	-9.000000E-5	1.624500E-5	-1.350000E-6	3.429500E-4	3.800000E-6	0.000000E+0	0.000000E+0	1.964247E-4	2.976042E-9	0.000000E+0	0.000000E+0	1.004022E+1	0.000000E+0	3.000000E+0
24-Apr-25	15:33:18	-0.000000E+0	-1.834475E+0	-9.000000E-5	1.627000E-5	-1.335000E-6	3.434500E-4	3.500000E-6	0.000000E+0	0.000000E+0	1.964247E-4	2.976042E-9	0.000000E+0	0.000000E+0	1.004022E+1	0.000000E+0	3.000000E+0
24-Apr-25	15:33:18	-0.000000E+0	-1.843495E+0	-9.000000E-5	1.629000E-5	-1.295000E-6	3.437000E-4	4.500000E-6	0.000000E+0	0.000000E+0	1.964247E-4	2.976042E-9	0.000000E+0	0.000000E+0	1.004022E+1	0.000000E+0	3.000000E+0
24-Apr-25	15:33:19	-0.000000E+0	-1.851570E+0	-9.000000E-5	1.630000E-5	-1.335000E-6	3.431000E-4	4.000000E-6	0.000000E+0	0.000000E+0	1.964247E-4	2.976042E-9	0.000000E+0	0.000000E+0	1.004022E+1	0.000000E+0	3.000000E+0
24-Apr-25	15:33:19	-0.000000E+0	-1.860575E+0	-9.000000E-5	1.639500E-5	-1.355000E-6	3.434500E-4	3.900000E-6	0.000000E+0	0.000000E+0	1.964247E-4	2.976042E-9	0.000000E+0	0.000000E+0	1.004022E+1	0.000000E+0	3.000000E+0
24-Apr-25	15:33:20	-0.000000E+0	-1.869555E+0	-9.000000E-5	1.639500E-5	-1.310000E-6	3.433000E-4	4.350000E-6	0.000000E+0	0.000000E+0	1.964247E-4	2.976042E-9	0.000000E+0	0.000000E+0	1.004022E+1	0.000000E+0	3.000000E+0
24-Apr-25	15:33:20	-0.000000E+0	-1.877650E+0	-9.000000E-5	1.639000E-5	-1.315000E-6	3.433000E-4	4.150000E-6	0.000000E+0	0.000000E+0	1.964247E-4	2.976042E-9	0.000000E+0	0.000000E+0	1.004022E+1	0.000000E+0	3.000000E+0
24-Apr-25	15:33:21	-0.000000E+0	-1.886980E+0	-9.000000E-5	1.643500E-5	-1.355000E-6	3.429500E-4	3.950000E-6	0.000000E+0	0.000000E+0	1.964247E-4	2.976042E-9	0.000000E+0	0.000000E+0	1.004022E+1	0.000000E+0	3.000000E+0
24-Apr-25	15:33:21	-0.000000E+0	-1.900470E+0	-9.000000E-5	1.653000E-5	-1.370000E-6	3.434500E-4	3.950000E-6	0.000000E+0	0.000000E+0	1.964247E-4	2.976042E-9	0.000000E+0	0.000000E+0	1.004022E+1	0.000000E+0	3.000000E+0
24-Apr-25	15:33:22	-0.000000E+0	-1.910330E+0	-9.000000E-5	1.655500E-5	-1.340000E-6	3.435500E-4	4.250000E-6	0.000000E+0	0.000000E+0	1.964247E-4	2.976042E-9	0.000000E+0	0.000000E+0	1.004022E+1	0.000000E+0	3.000000E+0
24-Apr-25	15:33:22	-0.000000E+0	-1.920200E+0	-9.000000E-5	1.658000E-5	-1.330000E-6	3.433000E-4	3.150000E-6	0.000000E+0	0.000000E+0	1.964247E-4	2.976042E-9	0.000000E+0	0.000000E+0	1.004022E+1	0.000000E+0	3.000000E+0
24-Apr-25	15:33:23	-0.000000E+0	-1.929180E+0	-9.000000E-5	1.657500E-5	-1.335000E-6	3.431000E-4	3.800000E-6	0.000000E+0	0.000000E+0	1.964247E-4	2.976042E-9	0.000000E+0	0.000000E+0	1.004022E+1	0.000000E+0	3.000000E+0
24-Apr-25	15:33:24	-0.000000E+0	-1.939090E+0	-9.000000E-5	1.663000E-5	-1.375000E-6	3.431000E-4	4.500000E-6	0.000000E+0	0.000000E+0	1.964247E-4	2.976042E-9	0.000000E+0	0.000000E+0	1.004022E+1	0.000000E+0	3.000000E+0
24-Apr-25	15:33:24	-0.000000E+0	-1.951040E+0	-9.000000E-5	1.668500E-5	-1.395000E-6	3.432000E-4	3.500000E-6	0.000000E+0	0.000000E+0	1.964247E-4	2.976042E-9	0.000000E+0	0.000000E+0	1.004022E+1	0.000000E+0	3.000000E+0
24-Apr-25	15:33:25	-0.000000E+0	-1.959910E+0	-9.000000E-5	1.665000E-5	-1.390000E-6	3.430500E-4	3.950000E-6	0.000000E+0	0.000000E+0	1.964247E-4	2.976042E-9	0.000000E+0	0.000000E+0	1.004022E+1	0.000000E+0	3.000000E+0
24-Apr-25	15:33:25	-0.000000E+0	-1.969915E+0	-9.000000E-5	1.668500E-5	-1.360000E-6	3.429000E-4	4.100000E-6	0.000000E+0	0.000000E+0	1.964247E-4	2.976042E-9	0.000000E+0	0.000000E+0	1.004022E+1	0.000000E+0	3.000000E+0
24-Apr-25	15:33:26	-0.000000E+0	-1.978925E+0	-9.000000E-5	1.673000E-5	-1.345000E-6	3.427500E-4	4.100000E-6	0.000000E+0	0.000000E+0	1.964247E-4	2.976042E-9	0.000000E+0	0.000000E+0	1.004022E+1	0.000000E+0	3.000000E+0
24-Apr-25	15:33:26	-0.000000E+0	-1.987960E+0	-9.000000E-5	1.677000E-5	-1.330000E-6	3.428500E-4	4.050000E-6	0.000000E+0	0.000000E+0	1.964247E-4	2.976042E-9	0.000000E+0	0.000000E+0	1.004022E+1	0.000000E+0	3.000000E+0
24-Apr-25	15:33:27	-0.000000E+0	-1.996900E+0	-9.000000E-5	1.682500E-5	-1.385000E-6	3.435000E-4	4.050000E-6	0.000000E+0	0.000000E+0	1.964247E-4	2.976042E-9	0.000000E+0	0.000000E+0	1.004022E+1	0.000000E+0	3.000000E+0
24-Apr-25	15:33:27	-0.000000E+0	-2.005900E+0	-9.000000E-5	1.681000E-5	-1.375000E-6	3.424500E-4	3.400000E-6	0.000000E+0	0.000000E+0	1.964247E-4	2.976042E-9	0.000000E+0	0.000000E+0	1.004022E+1	0.000000E+0	3.000000E+0
24-Apr-25	15:33:28	-0.000000E+0	-2.013970E+0	-9.000000E-5	1.688000E-5	-1.385000E-6	3.426000E-4	3.650000E-6	0.000000E+0	0.000000E+0	1.964247E-4	2.976042E-9	0.000000E+0	0.000000E+0	1.004022E+1	0.000000E+0	3.000000E+0
24-Apr-25	15:33:28	-0.000000E+0	-2.025655E+0	-9.000000E-5	1.690500E-5	-1.325000E-6	3.424500E-4	4.100000E-6	0.000000E+0	0.000000E+0	1.964247E-4	2.976042E-9	0.000000E+0	0.000000E+0	1.004022E+1	0.000000E+0	3.000000E+0
24-Apr-25	15:33:29	-0.000000E+0	-2.038265E+0	-9.000000E-5	1.691500E-5	-1.395000E-6	3.433000E-4	3.250000E-6	0.000000E+0	0.000000E+0	1.964247E-4	2.976042E-9	0.000000E+0	0.000000E+0	1.004022E+1	0.000000E+0	3.000000E+0
24-Apr-25	15:33:29	-0.000000E+0	-2.046645E+0	-9.000000E-5	1.700000E-5	-1.380000E-6	3.429000E-4	4.350000E-6	0.000000E+0	0.000000E+0	1.964247E-4	2.976042E-9	0.000000E+0	0.000000E+0	1.004022E+1	0.000000E+0	3.000000E+0
24-Apr-25	15:33:30	-0.000000E+0	-2.054455E+0	-9.000000E-5	1.704000E-5	-1.395000E-6	3.430000E-4	4.100000E-6	0.000000E+0	0.000000E+0	1.964247E-4	2.976042E-9	0.000000E+0	0.000000E+0	1.004022E+1	0.000000E+0	3.000000E+0
24-Apr-25	15:33:30	-0.000000E+0	-2.063720E+0	-9.000000E-5	1.701500E-5	-1.375000E-6	3.426500E-4	4.400000E-6	0.000000E+0	0.000000E+0	1.964247E-4	2.976042E-9	0.000000E+0	0.000000E+0	1.004022E+1	0.000000E+0	3.000000E+0
24-Apr-25	15:33:31	-0.000000E+0	-2.074545E+0	-9.000000E-5	1.706500E-5	-1.385000E-6	3.426000E-4	4.000000E-6	0.000000E+0	0.000000E+0	1.964247E-4	2.976042E-9	0.000000E+0	0.000000E+0	1.004022E+1	0.000000E+0	3.000000E+0
24-Apr-25	15:33:32	-0.000000E+0	-2.088035E+0	-9.000000E-5	1.710000E-5	-1.410000E-6	3.426000E-4	4.300000E-6	0.000000E+0	0.000000E+0	1.964247E-4	2.976042E-9	0.000000E+0	0.000000E+0	1.004022E+1	0.000000E+0	3.000000E+0
24-Apr-25	15:33:32	-0.000000E+0	-2.097015E+0	-9.000000E-5	1.710500E-5	-1.405000E-6	3.422000E-4	3.500000E-6	0.000000E+0	0.000000E+0	1.964247E-4	2.976042E-9	0.000000E+0	0.000000E+0	1.004022E+1	0.000000E+0	3.000000E+0
24-Apr-25	15:33:33	-0.000000E+0	-2.107045E+0	-9.000000E-5	1.712500E-5	-1.420000E-6	3.428000E-4	3.950000E-6	0.000000E+0	0.000000E+0	1.964247E-4	2.976042E-9	0.000000E+0	0.000000E+0	1.004022E+1	0.000000E+0	3.000000E+0
24-Apr-25	15:33:33	-0.000000E+0	-2.115245E+0	-9.000000E-5	1.719000E-5	-1.385000E-6	3.422500E-4	4.200000E-6	0.000000E+0	0.000000E+0	1.964247E-4	2.976042E-9	0.000000E+0	0.000000E+0	1.004022E+1	0.000000E+0	3.000000E+0
24-Apr-25	15:33:34	-0.000000E+0	-2.123355E+0	-9.000000E-5	1.720500E-5	-1.420000E-6	3.426000E-4	3.650000E-6	0.000000E+0	0.000000E+0	1.964247E-4	2.976042E-9	0.000000E+0	0.000000E+0	1.004022E+1	0.000000E+0	3.000000E+0
24-Apr-25	15:33:34	-0.000000E+0	-2.132365E+0	-9.000000E-5	1.719500E-5	-1.385000E-6	3.421500E-4	3.200000E-6	0.000000E+0	0.000000E+0	1.964247E-4	2.976042E-9	0.000000E+0	0.000000E+0	1.004022E+1	0.000000E+0	3.000000E+0
24-Apr-25	15:33:35	-0.000000E+0	-2.140415E+0	-9.000000E-5	1.723000E-5	-1.415000E-6	3.425000E-4	3.700000E-6	0.000000E+0	0.000000E+0	1.964247E-4	2.976042E-9	0.000000E+0	0.000000E+0	1.004022E+1	0.000000E+0	3.000000E+0
24-Apr-25	15:33:35	-0.000000E+0	-2.149435E+0	-9.000000E-5	1.724000E-5	-1.405000E-6	3.424500E-4	3.750000E-6	0.000000E+0	0.000000E+0	1.964247E-4	2.976042E-9	0.000000E+0	0.000000E+0	1.004022E+1	0.000000E+0	3.000000E+0
24-Apr-25	15:33:36	-0.000000E+0	-2.158415E+0	-9.000000E-5	1.732500E-5	-1.380000E-6	3.426000E-4	4.300000E-6	0.000000E+0	0.000000E+0	1.964247E-4	2.976042E-9	0.000000E+0	0.000000E+0	1.004022E+1	0.000000E+0	3.000000E+0
24-Apr-25	15:33:36	-0.000000E+0	-2.167435E+0	-9.000000E-5	1.738000E-5	-1.445000E-6	3.426000E-4	4.100000E-6	0.000000E+0	0.000000E+0	1.964247E-4	2.976042E-9	0.000000E+0	0.000000E+0	1.004022E+1	0.000000E+0	3.000000E+0
24-Apr-25	15:33:37	-0.000000E+0	-2.176440E+0	-9.000000E-5	1.740000E-5	-1.460000E-6	3.428500E-4	4.250000E-6	0.000000E+0	0.000000E+0	1.964247E-4	2.976042E-9	0.000000E+0	0.000000E+0	1.004022E+1	0.000000E+0	3.000000E+0
24-Apr-25	15:33:37	-0.000000E+0	-2.185415E+0	-9.000000E-5	1.742500E-5	-1.420000E-6	3.422000E-4	3.700000E-6	0.000000E+0	0.000000E+0	1.964247E-4	2.976042E-9	0.000000E+0	0.000000E+0	1.004022E+1	0.000000E+0	3.000000E+0
24-Apr-25	15:33:38	-0.000000E+0	-2.195310E+0	-9.000000E-5	1.745000E-5	-1.410000E-6	3.426500E-4	3.950000E-6	0.000000E+0	0.000000E+0	1.964247E-4	2.976042E-9	0.000000E+0	0.000000E+0	1.004022E+1	0.000000E+0	3.000000E+0
24-Apr-25	15:33:38	-0.000000E+0	-2.204260E+0	-9.000000E-5	1.747000E-5	-1.425000E-6	3.423500E-4	4.050000E-6	0.000000E+0	0.000000E+0	1.964247E-4	2.976042E-9	0.000000E+0	0.000000E+0	1.004022E+1	0.000000E+0	3.000000E+0
24-Apr-25	15:33:39	-0.000000E+0	-2.218095E+0	-9.000000E-5	1.753000E-5	-1.445000E-6	3.428000E-4	3.550000E-6	0.000000E+0	0.000000E+0	1.964247E-4	2.976042E-9	0.000000E+0	0.000000E+0	1.004022E+1	0.000000E+0	3.000000E+0
24-Apr-25	15:33:40	-0.000000E+0	-2.227980E+0	-9.000000E-5	1.754000E-5	-1.445000E-6	3.430500E-4	4.150000E-6	0.000000E+0	0.000000E+0	1.964247E-4	2.976042E-9	0.000000E+0	0.000000E+0	1.004022E+1	0.000000E+0	3.000000E+0
24-Apr-25	15:33:40	-0.000000E+0	-2.236980E+0	-9.000000E-5	1.751500E-5	-1.455000E-6	3.427500E-4	4.100000E-6	0.000000E+0	0.000000E+0	1.964247E-4	2.976042E-9	0.000000E+0	0.000000E+0	1.004022E+1	0.000000E+0	3.000000E+0
24-Apr-25	15:33:40	-0.000000E+0	-2.245065E+0	-9.000000E-5	1.758000E-5	-1.445000E-6	3.426000E-4	3.900000E-6	0.000000E+0	0.000000E+0	1.964247E-4	2.976042E-9	0.000000E+0	0.000000E+0	1.004022E+1	0.000000E+0	3.000000E+0
24-Apr-25	15:33:41	-0.000000E+0	-2.253150E+0	-9.000000E-5	1.763000E-5	-1.440000E-6	3.424500E-4	3.950000E-6	0.000000E+0	0.000000E+0	1.964247E-4	2.976042E-9	0.000000E+0	0.000000E+0	1.004022E+1	0.000000E+0	3.000000E+0
24-Apr-25	15:33:41	-0.000000E+0	-2.262175E+0	-9.000000E-5	1.765500E-5	-1.455000E-6	3.423500E-4	3.500000E-6	0.000000E+0	0.000000E+0	1.964247E-4	2.976042E-9	0.000000E+0	0.000000E+0	1.004022E+1	0.000000E+0	3.000000E+0
24-Apr-25	15:33:42	-0.000000E+0	-2.270300E+0	-9.000000E-5	1.764000E-5	-1.470000E-6	3.425000E-4	3.950000E-6	0.000000E+0	0.000000E+0	1.964247E-4	2.976042E-9	0.000000E+0	0.000000E+0	1.004022E+1	0.000000E+0	3.000000E+0
24-Apr-25	15:33:42	-0.000000E+0	-2.280170E+0	-9.000000E-5	1.771000E-5	-1.465000E-6	3.424500E-4	4.100000E-6	0.000000E+0	0.000000E+0	1.964247E-4	2.976042E-9	0.000000E+0	0.000000E+0	1.004022E+1	0.000000E+0	3.000000E+0
24-Apr-25	15:33:43	-0.000000E+0	-2.290940E+0	-9.000000E-5	1.773500E-5	-1.485000E-6	3.424500E-4	3.750000E-6	0.000000E+0	0.000000E+0	1.964247E-4	2.976042E-9	0.000000E+0	0.000000E+0	1.004022E+1	0.000000E+0	3.000000E+0
24-Apr-25	15:33:44	-0.000000E+0	-2.303620E+0	-9.000000E-5	1.775000E-5	-1.465000E-6	3.420000E-4	3.650000E-6	0.000000E+0	0.000000E+0	1.964247E-4	2.976042E-9	0.000000E+0	0.000000E+0	1.004022E+1	0.000000E+0	3.000000E+0
24-Apr-25	15:33:44	-0.000000E+0	-2.316390E+0	-9.000000E-5	1.778500E-5	-1.465000E-6	3.419500E-4	3.650000E-6	0.000000E+0	0.000000E+0	1.964247E-4	2.976042E-9	0.000000E+0	0.000000E+0	1.004022E+1	0.000000E+0	3.000000E+0
24-Apr-25	15:33:45	-0.000000E+0	-2.325380E+0	-9.000000E-5	1.782500E-5	-1.470000E-6	3.422000E-4	3.850000E-6	0.000000E+0	0.000000E+0	1.964247E-4	2.976042E-9	0.000000E+0	0.000000E+0	1.004022E+1	0.000000E+0	3.000000E+0
24-Apr-25	15:33:46	-0.000000E+0	-2.334340E+0	-9.000000E-5	1.786000E-5	-1.480000E-6	3.426000E-4	3.650000E-6	0.000000E+0	0.000000E+0	1.964247E-4	2.976042E-9	0.000000E+0	0.000000E+0	1.004022E+1	0.000000E+0	3.000000E+0
24-Apr-25	15:33:46	-0.000000E+0	-2.344235E+0	-9.000000E-5	1.789500E-5	-1.470000E-6	3.423500E-4	3.850000E-6	0.000000E+0	0.000000E+0	1.964247E-4	2.976042E-9	0.000000E+0	0.000000E+0	1.004022E+1	0.000000E+0	3.000000E+0
24-Apr-25	15:33:47	-0.000000E+0	-2.353195E+0	-9.000000E-5	1.789000E-5	-1.460000E-6	3.419500E-4	3.650000E-6	0.000000E+0	0.000000E+0	1.964247E-4	2.976042E-9	0.000000E+0	0.000000E+0	1.004022E+1	0.000000E+0	3.000000E+0
24-Apr-25	15:33:47	-0.000000E+0	-2.363140E+0	-9.000000E-5	1.797500E-5	-1.460000E-6	3.424000E-4	4.050000E-6	0.000000E+0	0.000000E+0	1.964247E-4	2.976042E-9	0.000000E+0	0.000000E+0	1.004022E+1	0.000000E+0	3.000000E+0
24-Apr-25	15:33:48	-0.000000E+0	-2.371200E+0	-9.000000E-5	1.797500E-5	-1.455000E-6	3.423500E-4	4.100000E-6	0.000000E+0	0.000000E+0	1.964247E-4	2.976042E-9	0.000000E+0	0.000000E+0	1.004022E+1	0.000000E+0	3.000000E+0
24-Apr-25	15:33:48	-0.000000E+0	-2.380180E+0	-9.000000E-5	1.801000E-5	-1.480000E-6	3.426000E-4	4.100000E-6	0.000000E+0	0.000000E+0	1.964247E-4	2.976042E-9	0.000000E+0	0.000000E+0	1.004022E+1	0.000000E+0	3.000000E+0
24-Apr-25	15:33:49	-0.000000E+0	-2.389170E+0	-9.000000E-5	1.802000E-5	-1.480000E-6	3.420000E-4	4.100000E-6	0.000000E+0	0.000000E+0	1.964247E-4	2.976042E-9	0.000000E+0	0.000000E+0	1.004022E+1	0.000000E+0	3.000000E+0
24-Apr-25	15:33:49	-0.000000E+0	-2.398135E+0	-9.000000E-5	1.805000E-5	-1.495000E-6	3.423000E-4	4.050000E-6	0.000000E+0	0.000000E+0	1.964247E-4	2.976042E-9	0.000000E+0	0.000000E+0	1.004022E+1	0.000000E+0	3.000000E+0
24-Apr-25	15:33:50	-0.000000E+0	-2.407160E+0	-9.000000E-5	1.810000E-5	-1.485000E-6	3.425000E-4	4.150000E-6	0.000000E+0	0.000000E+0	1.964247E-4	2.976042E-9	0.000000E+0	0.000000E+0	1.004022E+1	0.000000E+0	3.000000E+0
24-Apr-25	15:33:50	-0.000000E+0	-2.417345E+0	-9.000000E-5	1.808000E-5	-1.495000E-6	3.419000E-4	3.700000E-6	0.000000E+0	0.000000E+0	1.964247E-4	2.976042E-9	0.000000E+0	0.000000E+0	1.004022E+1	0.000000E+0	3.000000E+0
24-Apr-25	15:33:51	-0.000000E+0	-2.427230E+0	-9.000000E-5	1.814500E-5	-1.475000E-6	3.423500E-4	3.700000E-6	0.000000E+0	0.000000E+0	1.964247E-4	2.976042E-9	0.000000E+0	0.000000E+0	1.004022E+1	0.000000E+0	3.000000E+0
24-Apr-25	15:33:51	-0.000000E+0	-2.436205E+0	-9.000000E-5	1.822500E-5	-1.495000E-6	3.417500E-4	4.150000E-6	0.000000E+0	0.000000E+0	1.964247E-4	2.976042E-9	0.000000E+0	0.000000E+0	1.004022E+1	0.000000E+0	3.000000E+0
24-Apr-25	15:33:52	-0.000000E+0	-2.446105E+0	-9.000000E-5	1.821000E-5	-1.485000E-6	3.416500E-4	3.850000E-6	0.000000E+0	0.000000E+0	1.964247E-4	2.976042E-9	0.000000E+0	0.000000E+0	1.004022E+1	0.000000E+0	3.000000E+0
24-Apr-25	15:33:52	-0.000000E+0	-2.455160E+0	-9.000000E-5	1.822000E-5	-1.485000E-6	3.417500E-4	3.800000E-6	0.000000E+0	0.000000E+0	1.964247E-4	2.976042E-9	0.000000E+0	0.000000E+0	1.004022E+1	0.000000E+0	3.000000E+0
24-Apr-25	15:33:53	-0.000000E+0	-2.464120E+0	-9.000000E-5	1.822000E-5	-1.495000E-6	3.413500E-4	3.900000E-6	0.000000E+0	0.000000E+0	1.964247E-4	2.976042E-9	0.000000E+0	0.000000E+0	1.004022E+1	0.000000E+0	3.000000E+0
24-Apr-25	15:33:53	-0.000000E+0	-2.476665E+0	-9.000000E-5	1.824500E-5	-1.475000E-6	3.418000E-4	4.000000E-6	0.000000E+0	0.000000E+0	1.964247E-4	2.976042E-9	0.000000E+0	0.000000E+0	1.004022E+1	0.000000E+0	3.000000E+0
24-Apr-25	15:33:54	-0.000000E+0	-2.485945E+0	-9.000000E-5	1.830000E-5	-1.490000E-6	3.422000E-4	3.800000E-6	0.000000E+0	0.000000E+0	1.964247E-4	2.976042E-9	0.000000E+0	0.000000E+0	1.004022E+1	0.000000E+0	3.000000E+0
24-Apr-25	15:33:54	-0.000000E+0	-2.494015E+0	-9.000000E-5	1.831000E-5	-1.470000E-6	3.419000E-4	3.800000E-6	0.000000E+0	0.000000E+0	1.964247E-4	2.976042E-9	0.000000E+0	0.000000E+0	1.004022E+1	0.000000E+0	3.000000E+0
24-Apr-25	15:33:55	-0.000000E+0	-2.503050E+0	-9.000000E-5	1.836000E-5	-1.510000E-6	3.421000E-4	3.650000E-6	0.000000E+0	0.000000E+0	1.964247E-4	2.976042E-9	0.000000E+0	0.000000E+0	1.004022E+1	0.000000E+0	3.000000E+0
24-Apr-25	15:33:56	-0.000000E+0	-2.516500E+0	-9.000000E-5	1.842000E-5	-1.505000E-6	3.419000E-4	3.950000E-6	0.000000E+0	0.000000E+0	1.964247E-4	2.976042E-9	0.000000E+0	0.000000E+0	1.004022E+1	0.000000E+0	3.000000E+0
24-Apr-25	15:33:56	-0.000000E+0	-2.526415E+0	-9.000000E-5	1.842500E-5	-1.500000E-6	3.419000E-4	4.350000E-6	0.000000E+0	0.000000E+0	1.964247E-4	2.976042E-9	0.000000E+0	0.000000E+0	1.004022E+1	0.000000E+0	3.000000E+0
24-Apr-25	15:33:57	-0.000000E+0	-2.535525E+0	-9.000000E-5	1.841000E-5	-1.545000E-6	3.418000E-4	3.450000E-6	0.000000E+0	0.000000E+0	1.964247E-4	2.976042E-9	0.000000E+0	0.000000E+0	1.004022E+1	0.000000E+0	3.000000E+0
24-Apr-25	15:33:57	-0.000000E+0	-2.545590E+0	-9.000000E-5	1.845000E-5	-1.560000E-6	3.419500E-4	3.550000E-6	0.000000E+0	0.000000E+0	1.964247E-4	2.976042E-9	0.000000E+0	0.000000E+0	1.004022E+1	0.000000E+0	3.000000E+0
24-Apr-25	15:33:58	-0.000000E+0	-2.555525E+0	-9.000000E-5	1.850500E-5	-1.555000E-6	3.422500E-4	4.050000E-6	0.000000E+0	0.000000E+0	1.964247E-4	2.976042E-9	0.000000E+0	0.000000E+0	1.004022E+1	0.000000E+0	3.000000E+0
24-Apr-25	15:33:58	-0.000000E+0	-2.564470E+0	-9.000000E-5	1.851000E-5	-1.510000E-6	3.414500E-4	4.350000E-6	0.000000E+0	0.000000E+0	1.964247E-4	2.976042E-9	0.000000E+0	0.000000E+0	1.004022E+1	0.000000E+0	3.000000E+0
24-Apr-25	15:33:59	-0.000000E+0	-2.572575E+0	-9.000000E-5	1.854500E-5	-1.520000E-6	3.409000E-4	3.750000E-6	0.000000E+0	0.000000E+0	1.964247E-4	2.976042E-9	0.000000E+0	0.000000E+0	1.004022E+1	0.000000E+0	3.000000E+0
24-Apr-25	15:33:59	-0.000000E+0	-2.581525E+0	-9.000000E-5	1.856500E-5	-1.530000E-6	3.420000E-4	4.450000E-6	0.000000E+0	0.000000E+0	1.964247E-4	2.976042E-9	0.000000E+0	0.000000E+0	1.004022E+1	0.000000E+0	3.000000E+0
24-Apr-25	15:34:00	-0.000000E+0	-2.590535E+0	-9.000000E-5	1.861000E-5	-1.505000E-6	3.420500E-4	3.950000E-6	0.000000E+0	0.000000E+0	1.964247E-4	2.976042E-9	0.000000E+0	0.000000E+0	1.004022E+1	0.000000E+0	3.000000E+0
24-Apr-25	15:34:00	-0.000000E+0	-2.599555E+0	-9.000000E-5	1.865000E-5	-1.520000E-6	3.420000E-4	3.900000E-6	0.000000E+0	0.000000E+0	1.964247E-4	2.976042E-9	0.000000E+0	0.000000E+0	1.004022E+1	0.000000E+0	3.000000E+0
24-Apr-25	15:34:01	-0.000000E+0	-2.608530E+0	-9.000000E-5	1.865500E-5	-1.515000E-6	3.417000E-4	4.100000E-6	0.000000E+0	0.000000E+0	1.964247E-4	2.976042E-9	0.000000E+0	0.000000E+0	1.004022E+1	0.000000E+0	3.000000E+0
24-Apr-25	15:34:01	-0.000000E+0	-2.616630E+0	-9.000000E-5	1.864500E-5	-1.520000E-6	3.415500E-4	3.500000E-6	0.000000E+0	0.000000E+0	1.964247E-4	2.976042E-9	0.000000E+0	0.000000E+0	1.004022E+1	0.000000E+0	3.000000E+0
24-Apr-25	15:34:02	-0.000000E+0	-2.625630E+0	-9.000000E-5	1.870500E-5	-1.540000E-6	3.421000E-4	4.550000E-6	0.000000E+0	0.000000E+0	1.964247E-4	2.976042E-9	0.000000E+0	0.000000E+0	1.004022E+1	0.000000E+0	3.000000E+0
24-Apr-25	15:34:02	-0.000000E+0	-2.634615E+0	-9.000000E-5	1.869500E-5	-1.515000E-6	3.418000E-4	3.700000E-6	0.000000E+0	0.000000E+0	1.964247E-4	2.976042E-9	0.000000E+0	0.000000E+0	1.004022E+1	0.000000E+0	3.000000E+0
24-Apr-25	15:34:03	-0.000000E+0	-2.643640E+0	-9.000000E-5	1.877000E-5	-1.495000E-6	3.415500E-4	3.750000E-6	0.000000E+0	0.000000E+0	1.964247E-4	2.976042E-9	0.000000E+0	0.000000E+0	1.004022E+1	0.000000E+0	3.000000E+0
24-Apr-25	15:34:03	-0.000000E+0	-2.652660E+0	-9.000000E-5	1.876500E-5	-1.530000E-6	3.416500E-4	3.800000E-6	0.000000E+0	0.000000E+0	1.964247E-4	2.976042E-9	0.000000E+0	0.000000E+0	1.004022E+1	0.000000E+0	3.000000E+0
24-Apr-25	15:34:04	-0.000000E+0	-2.661635E+0	-9.000000E-5	1.875500E-5	-1.555000E-6	3.415500E-4	3.550000E-6	0.000000E+0	0.000000E+0	1.964247E-4	2.976042E-9	0.000000E+0	0.000000E+0	1.004022E+1	0.000000E+0	3.000000E+0
24-Apr-25	15:34:04	-0.000000E+0	-2.671480E+0	-9.000000E-5	1.879000E-5	-1.550000E-6	3.426500E-4	4.300000E-6	0.000000E+0	0.000000E+0	1.964247E-4	2.976042E-9	0.000000E+0	0.000000E+0	1.004022E+1	0.000000E+0	3.000000E+0
24-Apr-25	15:34:05	-0.000000E+0	-2.680425E+0	-9.000000E-5	1.884000E-5	-1.565000E-6	3.415000E-4	4.550000E-6	0.000000E+0	0.000000E+0	1.964247E-4	2.976042E-9	0.000000E+0	0.000000E+0	1.004022E+1	0.000000E+0	3.000000E+0
24-Apr-25	15:34:05	-0.000000E+0	-2.690270E+0	-9.000000E-5	1.886000E-5	-1.550000E-6	3.414500E-4	3.800000E-6	0.000000E+0	0.000000E+0	1.964247E-4	2.976042E-9	0.000000E+0	0.000000E+0	1.004022E+1	0.000000E+0	3.000000E+0
24-Apr-25	15:34:06	-0.000000E+0	-2.699340E+0	-9.000000E-5	1.884500E-5	-1.575000E-6	3.417500E-4	4.250000E-6	0.000000E+0	0.000000E+0	1.964247E-4	2.976042E-9	0.000000E+0	0.000000E+0	1.004022E+1	0.000000E+0	3.000000E+0
24-Apr-25	15:34:07	-0.000000E+0	-2.709110E+0	-9.000000E-5	1.890000E-5	-1.565000E-6	3.412000E-4	4.500000E-6	0.000000E+0	0.000000E+0	1.964247E-4	2.976042E-9	0.000000E+0	0.000000E+0	1.004022E+1	0.000000E+0	3.000000E+0
24-Apr-25	15:34:07	-0.000000E+0	-2.721655E+0	-9.000000E-5	1.897500E-5	-1.515000E-6	3.415000E-4	4.200000E-6	0.000000E+0	0.000000E+0	1.964247E-4	2.976042E-9	0.000000E+0	0.000000E+0	1.004022E+1	0.000000E+0	3.000000E+0
24-Apr-25	15:34:08	-0.000000E+0	-2.733995E+0	-9.000000E-5	1.898500E-5	-1.550000E-6	3.409000E-4	3.800000E-6	0.000000E+0	0.000000E+0	1.964247E-4	2.976042E-9	0.000000E+0	0.000000E+0	1.004022E+1	0.000000E+0	3.000000E+0
24-Apr-25	15:34:08	-0.000000E+0	-2.742785E+0	-9.000000E-5	1.898500E-5	-1.600000E-6	3.417500E-4	4.100000E-6	0.000000E+0	0.000000E+0	1.964247E-4	2.976042E-9	0.000000E+0	0.000000E+0	1.004022E+1	0.000000E+0	3.000000E+0
24-Apr-25	15:34:09	-0.000000E+0	-2.751540E+0	-9.000000E-5	1.897500E-5	-1.595000E-6	3.419000E-4	3.500000E-6	0.000000E+0	0.000000E+0	1.964247E-4	2.976042E-9	0.000000E+0	0.000000E+0	1.004022E+1	0.000000E+0	3.000000E+0
24-Apr-25	15:34:09	-0.000000E+0	-2.760300E+0	-9.000000E-5	1.902500E-5	-1.575000E-6	3.415000E-4	4.250000E-6	0.000000E+0	0.000000E+0	1.964247E-4	2.976042E-9	0.000000E+0	0.000000E+0	1.004022E+1	0.000000E+0	3.000000E+0
24-Apr-25	15:34:10	-0.000000E+0	-2.769020E+0	-9.000000E-5	1.908000E-5	-1.590000E-6	3.411500E-4	4.200000E-6	0.000000E+0	0.000000E+0	1.964247E-4	2.976042E-9	0.000000E+0	0.000000E+0	1.004022E+1	0.000000E+0	3.000000E+0
24-Apr-25	15:34:10	-0.000000E+0	-2.776840E+0	-9.000000E-5	1.913000E-5	-1.565000E-6	3.415500E-4	4.250000E-6	0.000000E+0	0.000000E+0	1.964247E-4	2.976042E-9	0.000000E+0	0.000000E+0	1.004022E+1	0.000000E+0	3.000000E+0
24-Apr-25	15:34:11	-0.000000E+0	-2.784660E+0	-9.000000E-5	1.913500E-5	-1.575000E-6	3.423000E-4	4.050000E-6	0.000000E+0	0.000000E+0	1.964247E-4	2.976042E-9	0.000000E+0	0.000000E+0	1.004022E+1	0.000000E+0	3.000000E+0
24-Apr-25	15:34:11	-0.000000E+0	-2.793305E+0	-9.000000E-5	1.913500E-5	-1.580000E-6	3.414000E-4	4.050000E-6	0.000000E+0	0.000000E+0	1.964247E-4	2.976042E-9	0.000000E+0	0.000000E+0	1.004022E+1	0.000000E+0	3.000000E+0
24-Apr-25	15:34:12	-0.000000E+0	-2.801060E+0	-9.000000E-5	1.914000E-5	-1.595000E-6	3.417500E-4	4.100000E-6	0.000000E+0	0.000000E+0	1.964247E-4	2.976042E-9	0.000000E+0	0.000000E+0	1.004022E+1	0.000000E+0	3.000000E+0
24-Apr-25	15:34:12	-0.000000E+0	-2.809660E+0	-9.000000E-5	1.917500E-5	-1.575000E-6	3.414500E-4	3.800000E-6	0.000000E+0	0.000000E+0	1.964247E-4	2.976042E-9	0.000000E+0	0.000000E+0	1.004022E+1	0.000000E+0	3.000000E+0
24-Apr-25	15:34:13	-0.000000E+0	-2.818240E+0	-9.000000E-5	1.920000E-5	-1.580000E-6	3.413500E-4	4.400000E-6	0.000000E+0	0.000000E+0	1.964247E-4	2.976042E-9	0.000000E+0	0.000000E+0	1.004022E+1	0.000000E+0	3.000000E+0
24-Apr-25	15:34:13	-0.000000E+0	-2.826790E+0	-9.000000E-5	1.917000E-5	-1.575000E-6	3.415500E-4	5.100000E-6	0.000000E+0	0.000000E+0	1.964247E-4	2.976042E-9	0.000000E+0	0.000000E+0	1.004022E+1	0.000000E+0	3.000000E+0
24-Apr-25	15:34:14	-0.000000E+0	-2.834460E+0	-9.000000E-5	1.919500E-5	-1.540000E-6	3.413500E-4	4.200000E-6	0.000000E+0	0.000000E+0	1.964247E-4	2.976042E-9	0.000000E+0	0.000000E+0	1.004022E+1	0.000000E+0	3.000000E+0
24-Apr-25	15:34:14	-0.000000E+0	-2.842970E+0	-9.000000E-5	1.924000E-5	-1.555000E-6	3.421500E-4	4.150000E-6	0.000000E+0	0.000000E+0	1.964247E-4	2.976042E-9	0.000000E+0	0.000000E+0	1.004022E+1	0.000000E+0	3.000000E+0
24-Apr-25	15:34:15	-0.000000E+0	-2.851450E+0	-9.000000E-5	1.922000E-5	-1.580000E-6	3.412000E-4	4.250000E-6	0.000000E+0	0.000000E+0	1.964247E-4	2.976042E-9	0.000000E+0	0.000000E+0	1.004022E+1	0.000000E+0	3.000000E+0
24-Apr-25	15:34:15	-0.000000E+0	-2.860755E+0	-9.000000E-5	1.926500E-5	-1.590000E-6	3.421000E-4	4.250000E-6	0.000000E+0	0.000000E+0	1.964247E-4	2.976042E-9	0.000000E+0	0.000000E+0	1.004022E+1	0.000000E+0	3.000000E+0
24-Apr-25	15:34:16	-0.000000E+0	-2.868335E+0	-9.000000E-5	1.935000E-5	-1.600000E-6	3.418000E-4	4.400000E-6	0.000000E+0	0.000000E+0	1.964247E-4	2.976042E-9	0.000000E+0	0.000000E+0	1.004022E+1	0.000000E+0	3.000000E+0
24-Apr-25	15:34:16	-0.000000E+0	-2.876740E+0	-9.000000E-5	1.936500E-5	-1.605000E-6	3.412000E-4	4.350000E-6	0.000000E+0	0.000000E+0	1.964247E-4	2.976042E-9	0.000000E+0	0.000000E+0	1.004022E+1	0.000000E+0	3.000000E+0
24-Apr-25	15:34:17	-0.000000E+0	-2.887080E+0	-9.000000E-5	1.931500E-5	-1.585000E-6	3.415000E-4	4.100000E-6	0.000000E+0	0.000000E+0	1.964247E-4	2.976042E-9	0.000000E+0	0.000000E+0	1.004022E+1	0.000000E+0	3.000000E+0
24-Apr-25	15:34:17	-0.000000E+0	-2.896275E+0	-9.000000E-5	1.935000E-5	-1.570000E-6	3.415000E-4	3.950000E-6	0.000000E+0	0.000000E+0	1.964247E-4	2.976042E-9	0.000000E+0	0.000000E+0	1.004022E+1	0.000000E+0	3.000000E+0
24-Apr-25	15:34:18	-0.000000E+0	-2.903775E+0	-9.000000E-5	1.938500E-5	-1.585000E-6	3.417500E-4	4.250000E-6	0.000000E+0	0.000000E+0	1.964247E-4	2.976042E-9	0.000000E+0	0.000000E+0	1.004022E+1	0.000000E+0	3.000000E+0
24-Apr-25	15:34:18	-0.000000E+0	-2.912895E+0	-9.000000E-5	1.943500E-5	-1.595000E-6	3.416000E-4	4.200000E-6	0.000000E+0	0.000000E+0	1.964247E-4	2.976042E-9	0.000000E+0	0.000000E+0	1.004022E+1	0.000000E+0	3.000000E+0
24-Apr-25	15:34:19	-0.000000E+0	-2.925450E+0	-9.000000E-5	1.945500E-5	-1.605000E-6	3.412500E-4	3.400000E-6	0.000000E+0	0.000000E+0	1.964247E-4	2.976042E-9	0.000000E+0	0.000000E+0	1.004022E+1	0.000000E+0	3.000000E+0
24-Apr-25	15:34:20	-0.000000E+0	-2.933555E+0	-9.000000E-5	1.949000E-5	-1.590000E-6	3.409000E-4	4.100000E-6	0.000000E+0	0.000000E+0	1.964247E-4	2.976042E-9	0.000000E+0	0.000000E+0	1.004022E+1	0.000000E+0	3.000000E+0
24-Apr-25	15:34:20	-0.000000E+0	-2.941780E+0	-9.000000E-5	1.948500E-5	-1.590000E-6	3.413500E-4	3.900000E-6	0.000000E+0	0.000000E+0	1.964247E-4	2.976042E-9	0.000000E+0	0.000000E+0	1.004022E+1	0.000000E+0	3.000000E+0
24-Apr-25	15:34:21	-0.000000E+0	-2.953505E+0	-9.000000E-5	1.950500E-5	-1.590000E-6	3.413000E-4	3.800000E-6	0.000000E+0	0.000000E+0	1.964247E-4	2.976042E-9	0.000000E+0	0.000000E+0	1.004022E+1	0.000000E+0	3.000000E+0
24-Apr-25	15:34:21	-0.000000E+0	-2.961670E+0	-9.000000E-5	1.953000E-5	-1.605000E-6	3.411500E-4	4.250000E-6	0.000000E+0	0.000000E+0	1.964247E-4	2.976042E-9	0.000000E+0	0.000000E+0	1.004022E+1	0.000000E+0	3.000000E+0
24-Apr-25	15:34:22	-0.000000E+0	-2.973060E+0	-9.000000E-5	1.955500E-5	-1.595000E-6	3.420500E-4	4.200000E-6	0.000000E+0	0.000000E+0	1.964247E-4	2.976042E-9	0.000000E+0	0.000000E+0	1.004022E+1	0.000000E+0	3.000000E+0
24-Apr-25	15:34:22	-0.000000E+0	-2.981185E+0	-9.000000E-5	1.957500E-5	-1.610000E-6	3.413500E-4	3.950000E-6	0.000000E+0	0.000000E+0	1.964247E-4	2.976042E-9	0.000000E+0	0.000000E+0	1.004022E+1	0.000000E+0	3.000000E+0
24-Apr-25	15:34:23	-0.000000E+0	-2.989265E+0	-9.000000E-5	1.959500E-5	-1.585000E-6	3.416500E-4	3.700000E-6	0.000000E+0	0.000000E+0	1.964247E-4	2.976042E-9	0.000000E+0	0.000000E+0	1.004022E+1	0.000000E+0	3.000000E+0
24-Apr-25	15:34:24	-0.000000E+0	-2.998135E+0	-9.000000E-5	1.959000E-5	-1.605000E-6	3.416000E-4	3.850000E-6	0.000000E+0	0.000000E+0	1.964247E-4	2.976042E-9	0.000000E+0	0.000000E+0	1.004022E+1	0.000000E+0	3.000000E+0
24-Apr-25	15:34:24	-0.000000E+0	-3.006170E+0	-9.000000E-5	1.964500E-5	-1.585000E-6	3.414000E-4	3.900000E-6	0.000000E+0	0.000000E+0	1.964247E-4	2.976042E-9	0.000000E+0	0.000000E+0	1.004022E+1	0.000000E+0	3.000000E+0
24-Apr-25	15:34:25	-0.000000E+0	-3.014170E+0	-9.000000E-5	1.963000E-5	-1.610000E-6	3.411000E-4	4.100000E-6	0.000000E+0	0.000000E+0	1.964247E-4	2.976042E-9	0.000000E+0	0.000000E+0	1.004022E+1	0.000000E+0	3.000000E+0
24-Apr-25	15:34:25	-0.000000E+0	-3.024000E+0	-9.000000E-5	1.968500E-5	-1.590000E-6	3.411500E-4	3.450000E-6	0.000000E+0	0.000000E+0	1.964247E-4	2.976042E-9	0.000000E+0	0.000000E+0	1.004022E+1	0.000000E+0	3.000000E+0
24-Apr-25	15:34:26	-0.000000E+0	-3.031825E+0	-9.000000E-5	1.971000E-5	-1.600000E-6	3.413500E-4	3.950000E-6	0.000000E+0	0.000000E+0	1.964247E-4	2.976042E-9	0.000000E+0	0.000000E+0	1.004022E+1	0.000000E+0	3.000000E+0
24-Apr-25	15:34:26	-0.000000E+0	-3.038845E+0	-9.000000E-5	1.971500E-5	-1.605000E-6	3.412500E-4	3.800000E-6	0.000000E+0	0.000000E+0	1.964247E-4	2.976042E-9	0.000000E+0	0.000000E+0	1.004022E+1	0.000000E+0	3.000000E+0
24-Apr-25	15:34:27	-0.000000E+0	-3.047035E+0	-9.000000E-5	1.975500E-5	-1.600000E-6	3.412000E-4	4.250000E-6	0.000000E+0	0.000000E+0	1.964247E-4	2.976042E-9	0.000000E+0	0.000000E+0	1.004022E+1	0.000000E+0	3.000000E+0
24-Apr-25	15:34:27	-0.000000E+0	-3.054930E+0	-9.000000E-5	1.978000E-5	-1.620000E-6	3.410500E-4	4.150000E-6	0.000000E+0	0.000000E+0	1.964247E-4	2.976042E-9	0.000000E+0	0.000000E+0	1.004022E+1	0.000000E+0	3.000000E+0
24-Apr-25	15:34:28	-0.000000E+0	-3.062800E+0	-9.000000E-5	1.974500E-5	-1.620000E-6	3.406500E-4	3.600000E-6	0.000000E+0	0.000000E+0	1.964247E-4	2.976042E-9	0.000000E+0	0.000000E+0	1.004022E+1	0.000000E+0	3.000000E+0
24-Apr-25	15:34:28	-0.000000E+0	-3.070655E+0	-9.000000E-5	1.975000E-5	-1.640000E-6	3.411500E-4	3.450000E-6	0.000000E+0	0.000000E+0	1.964247E-4	2.976042E-9	0.000000E+0	0.000000E+0	1.004022E+1	0.000000E+0	3.000000E+0
24-Apr-25	15:34:29	-0.000000E+0	-3.078495E+0	-9.000000E-5	1.979000E-5	-1.625000E-6	3.413000E-4	4.100000E-6	0.000000E+0	0.000000E+0	1.964247E-4	2.976042E-9	0.000000E+0	0.000000E+0	1.004022E+1	0.000000E+0	3.000000E+0
24-Apr-25	15:34:29	-0.000000E+0	-3.087075E+0	-9.000000E-5	1.981000E-5	-1.590000E-6	3.412000E-4	3.950000E-6	0.000000E+0	0.000000E+0	1.964247E-4	2.976042E-9	0.000000E+0	0.000000E+0	1.004022E+1	0.000000E+0	3.000000E+0
24-Apr-25	15:34:30	-0.000000E+0	-3.094845E+0	-9.000000E-5	1.981000E-5	-1.635000E-6	3.415000E-4	4.100000E-6	0.000000E+0	0.000000E+0	1.964247E-4	2.976042E-9	0.000000E+0	0.000000E+0	1.004022E+1	0.000000E+0	3.000000E+0
24-Apr-25	15:34:30	-0.000000E+0	-3.101825E+0	-9.000000E-5	1.986000E-5	-1.630000E-6	3.413500E-4	3.850000E-6	0.000000E+0	0.000000E+0	1.964247E-4	2.976042E-9	0.000000E+0	0.000000E+0	1.004022E+1	0.000000E+0	3.000000E+0
24-Apr-25	15:34:31	-0.000000E+0	-3.109555E+0	-9.000000E-5	1.989000E-5	-1.595000E-6	3.417000E-4	3.850000E-6	0.000000E+0	0.000000E+0	1.964247E-4	2.976042E-9	0.000000E+0	0.000000E+0	1.004022E+1	0.000000E+0	3.000000E+0
24-Apr-25	15:34:32	-0.000000E+0	-3.120340E+0	-9.000000E-5	1.987500E-5	-1.615000E-6	3.408000E-4	3.800000E-6	0.000000E+0	0.000000E+0	1.964247E-4	2.976042E-9	0.000000E+0	0.000000E+0	1.004022E+1	0.000000E+0	3.000000E+0
24-Apr-25	15:34:32	-0.000000E+0	-3.132100E+0	-9.000000E-5	1.989000E-5	-1.590000E-6	3.410000E-4	4.150000E-6	0.000000E+0	0.000000E+0	1.964247E-4	2.976042E-9	0.000000E+0	0.000000E+0	1.004022E+1	0.000000E+0	3.000000E+0
24-Apr-25	15:34:33	-0.000000E+0	-3.142815E+0	-9.000000E-5	1.994500E-5	-1.630000E-6	3.407000E-4	3.950000E-6	0.000000E+0	0.000000E+0	1.964247E-4	2.976042E-9	0.000000E+0	0.000000E+0	1.004022E+1	0.000000E+0	3.000000E+0
24-Apr-25	15:34:33	-0.000000E+0	-3.150445E+0	-9.000000E-5	1.992000E-5	-1.665000E-6	3.410500E-4	3.950000E-6	0.000000E+0	0.000000E+0	1.964247E-4	2.976042E-9	0.000000E+0	0.000000E+0	1.004022E+1	0.000000E+0	3.000000E+0
24-Apr-25	15:34:34	-0.000000E+0	-3.158040E+0	-9.000000E-5	1.991500E-5	-1.655000E-6	3.411500E-4	3.950000E-6	0.000000E+0	0.000000E+0	1.964247E-4	2.976042E-9	0.000000E+0	0.000000E+0	1.004022E+1	0.000000E+0	3.000000E+0
24-Apr-25	15:34:34	-0.000000E+0	-3.167375E+0	-9.000000E-5	1.995000E-5	-1.655000E-6	3.412500E-4	3.600000E-6	0.000000E+0	0.000000E+0	1.964247E-4	2.976042E-9	0.000000E+0	0.000000E+0	1.004022E+1	0.000000E+0	3.000000E+0
24-Apr-25	15:34:35	-0.000000E+0	-3.174915E+0	-9.000000E-5	1.999500E-5	-1.645000E-6	3.413500E-4	4.100000E-6	0.000000E+0	0.000000E+0	1.964247E-4	2.976042E-9	0.000000E+0	0.000000E+0	1.004022E+1	0.000000E+0	3.000000E+0
24-Apr-25	15:34:35	-0.000000E+0	-3.182430E+0	-9.000000E-5	2.001500E-5	-1.630000E-6	3.412000E-4	3.400000E-6	0.000000E+0	0.000000E+0	1.964247E-4	2.976042E-9	0.000000E+0	0.000000E+0	1.004022E+1	0.000000E+0	3.000000E+0
24-Apr-25	15:34:36	-0.000000E+0	-3.189940E+0	-9.000000E-5	2.000500E-5	-1.630000E-6	3.409000E-4	4.150000E-6	0.000000E+0	0.000000E+0	1.964247E-4	2.976042E-9	0.000000E+0	0.000000E+0	1.004022E+1	0.000000E+0	3.000000E+0
24-Apr-25	15:34:36	-0.000000E+0	-3.196695E+0	-9.000000E-5	2.004000E-5	-1.675000E-6	3.407500E-4	3.800000E-6	0.000000E+0	0.000000E+0	1.964247E-4	2.976042E-9	0.000000E+0	0.000000E+0	1.004022E+1	0.000000E+0	3.000000E+0
24-Apr-25	15:34:37	-0.000000E+0	-3.206390E+0	-9.000000E-5	2.007000E-5	-1.655000E-6	3.409500E-4	3.800000E-6	0.000000E+0	0.000000E+0	1.964247E-4	2.976042E-9	0.000000E+0	0.000000E+0	1.004022E+1	0.000000E+0	3.000000E+0
24-Apr-25	15:34:38	-0.000000E+0	-3.214555E+0	-9.000000E-5	2.012000E-5	-1.615000E-6	3.408000E-4	4.000000E-6	0.000000E+0	0.000000E+0	1.964247E-4	2.976042E-9	0.000000E+0	0.000000E+0	1.004022E+1	0.000000E+0	3.000000E+0
24-Apr-25	15:34:38	-0.000000E+0	-3.221960E+0	-9.000000E-5	2.013000E-5	-1.685000E-6	3.411500E-4	4.050000E-6	0.000000E+0	0.000000E+0	1.964247E-4	2.976042E-9	0.000000E+0	0.000000E+0	1.004022E+1	0.000000E+0	3.000000E+0
24-Apr-25	15:34:39	-0.000000E+0	-3.230845E+0	-9.000000E-5	2.014500E-5	-1.610000E-6	3.405500E-4	4.150000E-6	0.000000E+0	0.000000E+0	1.964247E-4	2.976042E-9	0.000000E+0	0.000000E+0	1.004022E+1	0.000000E+0	3.000000E+0
24-Apr-25	15:34:39	-0.000000E+0	-3.242135E+0	-9.000000E-5	2.012500E-5	-1.640000E-6	3.412500E-4	3.800000E-6	0.000000E+0	0.000000E+0	1.964247E-4	2.976042E-9	0.000000E+0	0.000000E+0	1.004022E+1	0.000000E+0	3.000000E+0
24-Apr-25	15:34:40	-0.000000E+0	-3.249460E+0	-9.000000E-5	2.014500E-5	-1.660000E-6	3.412500E-4	3.950000E-6	0.000000E+0	0.000000E+0	1.964247E-4	2.976042E-9	0.000000E+0	0.000000E+0	1.004022E+1	0.000000E+0	3.000000E+0
24-Apr-25	15:34:40	-0.000000E+0	-3.257495E+0	-9.000000E-5	2.020000E-5	-1.620000E-6	3.409000E-4	3.950000E-6	0.000000E+0	0.000000E+0	1.964247E-4	2.976042E-9	0.000000E+0	0.000000E+0	1.004022E+1	0.000000E+0	3.000000E+0
24-Apr-25	15:34:41	-0.000000E+0	-3.264780E+0	-9.000000E-5	2.022000E-5	-1.640000E-6	3.409500E-4	3.450000E-6	0.000000E+0	0.000000E+0	1.964247E-4	2.976042E-9	0.000000E+0	0.000000E+0	1.004022E+1	0.000000E+0	3.000000E+0
24-Apr-25	15:34:41	-0.000000E+0	-3.272070E+0	-9.000000E-5	2.019500E-5	-1.675000E-6	3.406500E-4	3.800000E-6	0.000000E+0	0.000000E+0	1.964247E-4	2.976042E-9	0.000000E+0	0.000000E+0	1.004022E+1	0.000000E+0	3.000000E+0
24-Apr-25	15:34:42	-0.000000E+0	-3.279315E+0	-9.000000E-5	2.014000E-5	-1.650000E-6	3.407000E-4	3.350000E-6	0.000000E+0	0.000000E+0	1.964247E-4	2.976042E-9	0.000000E+0	0.000000E+0	1.004022E+1	0.000000E+0	3.000000E+0
24-Apr-25	15:34:42	-0.000000E+0	-3.285825E+0	-9.000000E-5	2.020500E-5	-1.665000E-6	3.408000E-4	3.800000E-6	0.000000E+0	0.000000E+0	1.964247E-4	2.976042E-9	0.000000E+0	0.000000E+0	1.004022E+1	0.000000E+0	3.000000E+0
24-Apr-25	15:34:43	-0.000000E+0	-3.292300E+0	-9.000000E-5	2.020500E-5	-1.690000E-6	3.408500E-4	3.950000E-6	0.000000E+0	0.000000E+0	1.964247E-4	2.976042E-9	0.000000E+0	0.000000E+0	1.004022E+1	0.000000E+0	3.000000E+0
24-Apr-25	15:34:43	-0.000000E+0	-3.299475E+0	-9.000000E-5	2.020500E-5	-1.720000E-6	3.415000E-4	3.900000E-6	0.000000E+0	0.000000E+0	1.964247E-4	2.976042E-9	0.000000E+0	0.000000E+0	1.004022E+1	0.000000E+0	3.000000E+0
24-Apr-25	15:34:44	-0.000000E+0	-3.305930E+0	-9.000000E-5	2.027000E-5	-1.690000E-6	3.413500E-4	4.300000E-6	0.000000E+0	0.000000E+0	1.964247E-4	2.976042E-9	0.000000E+0	0.000000E+0	1.004022E+1	0.000000E+0	3.000000E+0
24-Apr-25	15:34:44	-0.000000E+0	-3.313065E+0	-9.000000E-5	2.028500E-5	-1.625000E-6	3.406500E-4	4.350000E-6	0.000000E+0	0.000000E+0	1.964247E-4	2.976042E-9	0.000000E+0	0.000000E+0	1.004022E+1	0.000000E+0	3.000000E+0
24-Apr-25	15:34:45	-0.000000E+0	-3.320190E+0	-9.000000E-5	2.028500E-5	-1.615000E-6	3.411500E-4	3.950000E-6	0.000000E+0	0.000000E+0	1.964247E-4	2.976042E-9	0.000000E+0	0.000000E+0	1.004022E+1	0.000000E+0	3.000000E+0
24-Apr-25	15:34:45	-0.000000E+0	-3.327310E+0	-9.000000E-5	2.028500E-5	-1.650000E-6	3.409000E-4	4.300000E-6	0.000000E+0	0.000000E+0	1.964247E-4	2.976042E-9	0.000000E+0	0.000000E+0	1.004022E+1	0.000000E+0	3.000000E+0
24-Apr-25	15:34:46	-0.000000E+0	-3.333695E+0	-9.000000E-5	2.030000E-5	-1.700000E-6	3.412500E-4	3.900000E-6	0.000000E+0	0.000000E+0	1.964247E-4	2.976042E-9	0.000000E+0	0.000000E+0	1.004022E+1	0.000000E+0	3.000000E+0
24-Apr-25	15:34:46	-0.000000E+0	-3.340755E+0	-9.000000E-5	2.034000E-5	-1.700000E-6	3.408500E-4	4.200000E-6	0.000000E+0	0.000000E+0	1.964247E-4	2.976042E-9	0.000000E+0	0.000000E+0	1.004022E+1	0.000000E+0	3.000000E+0
24-Apr-25	15:34:47	-0.000000E+0	-3.347820E+0	-9.000000E-5	2.034500E-5	-1.660000E-6	3.409000E-4	3.650000E-6	0.000000E+0	0.000000E+0	1.964247E-4	2.976042E-9	0.000000E+0	0.000000E+0	1.004022E+1	0.000000E+0	3.000000E+0
24-Apr-25	15:34:47	-0.000000E+0	-3.356255E+0	-9.000000E-5	2.034500E-5	-1.695000E-6	3.414500E-4	4.350000E-6	0.000000E+0	0.000000E+0	1.964247E-4	2.976042E-9	0.000000E+0	0.000000E+0	1.004022E+1	0.000000E+0	3.000000E+0
24-Apr-25	15:34:48	-0.000000E+0	-3.366170E+0	-9.000000E-5	2.040000E-5	-1.670000E-6	3.415000E-4	3.500000E-6	0.000000E+0	0.000000E+0	1.964247E-4	2.976042E-9	0.000000E+0	0.000000E+0	1.004022E+1	0.000000E+0	3.000000E+0
24-Apr-25	15:34:49	-0.000000E+0	-3.376040E+0	-9.000000E-5	2.039500E-5	-1.665000E-6	3.410000E-4	4.250000E-6	0.000000E+0	0.000000E+0	1.964247E-4	2.976042E-9	0.000000E+0	0.000000E+0	1.004022E+1	0.000000E+0	3.000000E+0
24-Apr-25	15:34:49	-0.000000E+0	-3.382980E+0	-9.000000E-5	2.041500E-5	-1.690000E-6	3.410500E-4	3.750000E-6	0.000000E+0	0.000000E+0	1.964247E-4	2.976042E-9	0.000000E+0	0.000000E+0	1.004022E+1	0.000000E+0	3.000000E+0
24-Apr-25	15:34:50	-0.000000E+0	-3.389910E+0	-9.000000E-5	2.043500E-5	-1.695000E-6	3.410500E-4	4.350000E-6	0.000000E+0	0.000000E+0	1.964247E-4	2.976042E-9	0.000000E+0	0.000000E+0	1.004022E+1	0.000000E+0	3.000000E+0
24-Apr-25	15:34:51	-0.000000E+0	-3.400285E+0	-9.000000E-5	2.049000E-5	-1.680000E-6	3.410500E-4	4.200000E-6	0.000000E+0	0.000000E+0	1.964247E-4	2.976042E-9	0.000000E+0	0.000000E+0	1.004022E+1	0.000000E+0	3.000000E+0
24-Apr-25	15:34:51	-0.000000E+0	-3.407165E+0	-9.000000E-5	2.045500E-5	-1.675000E-6	3.409000E-4	4.500000E-6	0.000000E+0	0.000000E+0	1.964247E-4	2.976042E-9	0.000000E+0	0.000000E+0	1.004022E+1	0.000000E+0	3.000000E+0
24-Apr-25	15:34:52	-0.000000E+0	-3.414005E+0	-9.000000E-5	2.046500E-5	-1.660000E-6	3.402500E-4	3.700000E-6	0.000000E+0	0.000000E+0	1.964247E-4	2.976042E-9	0.000000E+0	0.000000E+0	1.004022E+1	0.000000E+0	3.000000E+0
24-Apr-25	15:34:52	-0.000000E+0	-3.422430E+0	-9.000000E-5	2.049500E-5	-1.675000E-6	3.406500E-4	5.000000E-6	0.000000E+0	0.000000E+0	1.964247E-4	2.976042E-9	0.000000E+0	0.000000E+0	1.004022E+1	0.000000E+0	3.000000E+0
24-Apr-25	15:34:53	-0.000000E+0	-3.429240E+0	-9.000000E-5	2.050000E-5	-1.715000E-6	3.405500E-4	4.150000E-6	0.000000E+0	0.000000E+0	1.964247E-4	2.976042E-9	0.000000E+0	0.000000E+0	1.004022E+1	0.000000E+0	3.000000E+0
24-Apr-25	15:34:53	-0.000000E+0	-3.436030E+0	-9.000000E-5	2.051500E-5	-1.675000E-6	3.405000E-4	3.750000E-6	0.000000E+0	0.000000E+0	1.964247E-4	2.976042E-9	0.000000E+0	0.000000E+0	1.004022E+1	0.000000E+0	3.000000E+0
24-Apr-25	15:34:54	-0.000000E+0	-3.446180E+0	-9.000000E-5	2.056000E-5	-1.685000E-6	3.409000E-4	3.500000E-6	0.000000E+0	0.000000E+0	1.964247E-4	2.976042E-9	0.000000E+0	0.000000E+0	1.004022E+1	0.000000E+0	3.000000E+0
24-Apr-25	15:34:54	-0.000000E+0	-3.453610E+0	-9.000000E-5	2.056500E-5	-1.705000E-6	3.413500E-4	3.900000E-6	0.000000E+0	0.000000E+0	1.964247E-4	2.976042E-9	0.000000E+0	0.000000E+0	1.004022E+1	0.000000E+0	3.000000E+0
24-Apr-25	15:34:55	-0.000000E+0	-3.460330E+0	-9.000000E-5	2.058500E-5	-1.675000E-6	3.407000E-4	3.850000E-6	0.000000E+0	0.000000E+0	1.964247E-4	2.976042E-9	0.000000E+0	0.000000E+0	1.004022E+1	0.000000E+0	3.000000E+0
24-Apr-25	15:34:55	-0.000000E+0	-3.467030E+0	-9.000000E-5	2.057000E-5	-1.665000E-6	3.406500E-4	3.850000E-6	0.000000E+0	0.000000E+0	1.964247E-4	2.976042E-9	0.000000E+0	0.000000E+0	1.004022E+1	0.000000E+0	3.000000E+0
24-Apr-25	15:34:56	-0.000000E+0	-3.473715E+0	-9.000000E-5	2.055000E-5	-1.655000E-6	3.407500E-4	3.700000E-6	0.000000E+0	0.000000E+0	1.964247E-4	2.976042E-9	0.000000E+0	0.000000E+0	1.004022E+1	0.000000E+0	3.000000E+0
24-Apr-25	15:34:56	-0.000000E+0	-3.480385E+0	-9.000000E-5	2.062500E-5	-1.685000E-6	3.412500E-4	3.800000E-6	0.000000E+0	0.000000E+0	1.964247E-4	2.976042E-9	0.000000E+0	0.000000E+0	1.004022E+1	0.000000E+0	3.000000E+0
24-Apr-25	15:34:57	-0.000000E+0	-3.487925E+0	-9.000000E-5	2.062500E-5	-1.725000E-6	3.411000E-4	3.300000E-6	0.000000E+0	0.000000E+0	1.964247E-4	2.976042E-9	0.000000E+0	0.000000E+0	1.004022E+1	0.000000E+0	3.000000E+0
24-Apr-25	15:34:57	-0.000000E+0	-3.493880E+0	-9.000000E-5	2.063000E-5	-1.680000E-6	3.409500E-4	4.050000E-6	0.000000E+0	0.000000E+0	1.964247E-4	2.976042E-9	0.000000E+0	0.000000E+0	1.004022E+1	0.000000E+0	3.000000E+0
24-Apr-25	15:34:58	-0.000000E+0	-3.500480E+0	-9.000000E-5	2.060500E-5	-1.660000E-6	3.406500E-4	4.000000E-6	0.000000E+0	0.000000E+0	1.964247E-4	2.976042E-9	0.000000E+0	0.000000E+0	1.004022E+1	0.000000E+0	3.000000E+0
24-Apr-25	15:34:58	-0.000000E+0	-3.507085E+0	-9.000000E-5	2.064000E-5	-1.680000E-6	3.402500E-4	3.650000E-6	0.000000E+0	0.000000E+0	1.964247E-4	2.976042E-9	0.000000E+0	0.000000E+0	1.004022E+1	0.000000E+0	3.000000E+0
24-Apr-25	15:34:59	-0.000000E+0	-3.513655E+0	-9.000000E-5	2.062000E-5	-1.705000E-6	3.402500E-4	5.200000E-6	0.000000E+0	0.000000E+0	1.964247E-4	2.976042E-9	0.000000E+0	0.000000E+0	1.004022E+1	0.000000E+0	3.000000E+0
24-Apr-25	15:34:59	-0.000000E+0	-3.519440E+0	-9.000000E-5	2.060500E-5	-1.710000E-6	3.407000E-4	4.200000E-6	0.000000E+0	0.000000E+0	1.964247E-4	2.976042E-9	0.000000E+0	0.000000E+0	1.004022E+1	0.000000E+0	3.000000E+0
24-Apr-25	15:35:00	-0.000000E+0	-3.526070E+0	-9.000000E-5	2.061500E-5	-1.715000E-6	3.407500E-4	4.500000E-6	0.000000E+0	0.000000E+0	1.964247E-4	2.976042E-9	0.000000E+0	0.000000E+0	1.004022E+1	0.000000E+0	3.000000E+0
24-Apr-25	15:35:01	-0.000000E+0	-3.535200E+0	-9.000000E-5	2.070000E-5	-1.705000E-6	3.410500E-4	4.100000E-6	0.000000E+0	0.000000E+0	1.964247E-4	2.976042E-9	0.000000E+0	0.000000E+0	1.004022E+1	0.000000E+0	3.000000E+0
24-Apr-25	15:35:01	-0.000000E+0	-3.541025E+0	-9.000000E-5	2.070500E-5	-1.695000E-6	3.409000E-4	3.950000E-6	0.000000E+0	0.000000E+0	1.964247E-4	2.976042E-9	0.000000E+0	0.000000E+0	1.004022E+1	0.000000E+0	3.000000E+0
24-Apr-25	15:35:02	-0.000000E+0	-3.547500E+0	-9.000000E-5	2.074500E-5	-1.655000E-6	3.411000E-4	4.350000E-6	0.000000E+0	0.000000E+0	1.964247E-4	2.976042E-9	0.000000E+0	0.000000E+0	1.004022E+1	0.000000E+0	3.000000E+0
24-Apr-25	15:35:02	-0.000000E+0	-3.556755E+0	-9.000000E-5	2.073000E-5	-1.680000E-6	3.410500E-4	3.800000E-6	0.000000E+0	0.000000E+0	1.964247E-4	2.976042E-9	0.000000E+0	0.000000E+0	1.004022E+1	0.000000E+0	3.000000E+0
24-Apr-25	15:35:03	-0.000000E+0	-3.563830E+0	-9.000000E-5	2.073500E-5	-1.695000E-6	3.412500E-4	4.450000E-6	0.000000E+0	0.000000E+0	1.964247E-4	2.976042E-9	0.000000E+0	0.000000E+0	1.004022E+1	0.000000E+0	3.000000E+0
24-Apr-25	15:35:03	-0.000000E+0	-3.572155E+0	-9.000000E-5	2.074000E-5	-1.700000E-6	3.412000E-4	4.350000E-6	0.000000E+0	0.000000E+0	1.964247E-4	2.976042E-9	0.000000E+0	0.000000E+0	1.004022E+1	0.000000E+0	3.000000E+0
24-Apr-25	15:35:04	-0.000000E+0	-3.578530E+0	-9.000000E-5	2.075500E-5	-1.695000E-6	3.408500E-4	3.450000E-6	0.000000E+0	0.000000E+0	1.964247E-4	2.976042E-9	0.000000E+0	0.000000E+0	1.004022E+1	0.000000E+0	3.000000E+0
24-Apr-25	15:35:05	-0.000000E+0	-3.584890E+0	-9.000000E-5	2.080000E-5	-1.680000E-6	3.405000E-4	3.950000E-6	0.000000E+0	0.000000E+0	1.964247E-4	2.976042E-9	0.000000E+0	0.000000E+0	1.004022E+1	0.000000E+0	3.000000E+0
24-Apr-25	15:35:05	-0.000000E+0	-3.593220E+0	-9.000000E-5	2.076500E-5	-1.705000E-6	3.406500E-4	3.500000E-6	0.000000E+0	0.000000E+0	1.964247E-4	2.976042E-9	0.000000E+0	0.000000E+0	1.004022E+1	0.000000E+0	3.000000E+0
24-Apr-25	15:35:06	-0.000000E+0	-3.601550E+0	-9.000000E-5	2.079500E-5	-1.705000E-6	3.409000E-4	4.100000E-6	0.000000E+0	0.000000E+0	1.964247E-4	2.976042E-9	0.000000E+0	0.000000E+0	1.004022E+1	0.000000E+0	3.000000E+0
24-Apr-25	15:35:06	-0.000000E+0	-3.607205E+0	-9.000000E-5	2.083000E-5	-1.760000E-6	3.407500E-4	3.650000E-6	0.000000E+0	0.000000E+0	1.964247E-4	2.976042E-9	0.000000E+0	0.000000E+0	1.004022E+1	0.000000E+0	3.000000E+0
24-Apr-25	15:35:07	-0.000000E+0	-3.613480E+0	-9.000000E-5	2.083500E-5	-1.745000E-6	3.409000E-4	4.450000E-6	0.000000E+0	0.000000E+0	1.964247E-4	2.976042E-9	0.000000E+0	0.000000E+0	1.004022E+1	0.000000E+0	3.000000E+0
24-Apr-25	15:35:07	-0.000000E+0	-3.619755E+0	-9.000000E-5	2.084500E-5	-1.725000E-6	3.407500E-4	4.200000E-6	0.000000E+0	0.000000E+0	1.964247E-4	2.976042E-9	0.000000E+0	0.000000E+0	1.004022E+1	0.000000E+0	3.000000E+0
24-Apr-25	15:35:08	-0.000000E+0	-3.625990E+0	-9.000000E-5	2.086000E-5	-1.730000E-6	3.409000E-4	4.100000E-6	0.000000E+0	0.000000E+0	1.964247E-4	2.976042E-9	0.000000E+0	0.000000E+0	1.004022E+1	0.000000E+0	3.000000E+0
24-Apr-25	15:35:08	-0.000000E+0	-3.632220E+0	-9.000000E-5	2.087500E-5	-1.750000E-6	3.409000E-4	4.350000E-6	0.000000E+0	0.000000E+0	1.964247E-4	2.976042E-9	0.000000E+0	0.000000E+0	1.004022E+1	0.000000E+0	3.000000E+0
24-Apr-25	15:35:09	-0.000000E+0	-3.641620E+0	-9.000000E-5	2.090000E-5	-1.720000E-6	3.409000E-4	4.000000E-6	0.000000E+0	0.000000E+0	1.964247E-4	2.976042E-9	0.000000E+0	0.000000E+0	1.004022E+1	0.000000E+0	3.000000E+0
24-Apr-25	15:35:10	-0.000000E+0	-3.647920E+0	-9.000000E-5	2.087000E-5	-1.690000E-6	3.406500E-4	3.950000E-6	0.000000E+0	0.000000E+0	1.964247E-4	2.976042E-9	0.000000E+0	0.000000E+0	1.004022E+1	0.000000E+0	3.000000E+0
24-Apr-25	15:35:10	-0.000000E+0	-3.653985E+0	-9.000000E-5	2.092000E-5	-1.735000E-6	3.408500E-4	3.700000E-6	0.000000E+0	0.000000E+0	1.964247E-4	2.976042E-9	0.000000E+0	0.000000E+0	1.004022E+1	0.000000E+0	3.000000E+0
24-Apr-25	15:35:11	-0.000000E+0	-3.660015E+0	-9.000000E-5	2.093500E-5	-1.735000E-6	3.408500E-4	3.950000E-6	0.000000E+0	0.000000E+0	1.964247E-4	2.976042E-9	0.000000E+0	0.000000E+0	1.004022E+1	0.000000E+0	3.000000E+0
24-Apr-25	15:35:11	-0.000000E+0	-3.666250E+0	-9.000000E-5	2.092000E-5	-1.730000E-6	3.410500E-4	3.950000E-6	0.000000E+0	0.000000E+0	1.964247E-4	2.976042E-9	0.000000E+0	0.000000E+0	1.004022E+1	0.000000E+0	3.000000E+0
24-Apr-25	15:35:11	-0.000000E+0	-3.671755E+0	-9.000000E-5	2.090000E-5	-1.755000E-6	3.404000E-4	4.100000E-6	0.000000E+0	0.000000E+0	1.964247E-4	2.976042E-9	0.000000E+0	0.000000E+0	1.004022E+1	0.000000E+0	3.000000E+0
24-Apr-25	15:35:12	-0.000000E+0	-3.677940E+0	-9.000000E-5	2.093500E-5	-1.760000E-6	3.409500E-4	3.800000E-6	0.000000E+0	0.000000E+0	1.964247E-4	2.976042E-9	0.000000E+0	0.000000E+0	1.004022E+1	0.000000E+0	3.000000E+0
24-Apr-25	15:35:13	-0.000000E+0	-3.684625E+0	-9.000000E-5	2.096000E-5	-1.700000E-6	3.406500E-4	3.650000E-6	0.000000E+0	0.000000E+0	1.964247E-4	2.976042E-9	0.000000E+0	0.000000E+0	1.004022E+1	0.000000E+0	3.000000E+0
24-Apr-25	15:35:13	-0.000000E+0	-3.691290E+0	-9.000000E-5	2.094500E-5	-1.685000E-6	3.410000E-4	3.850000E-6	0.000000E+0	0.000000E+0	1.964247E-4	2.976042E-9	0.000000E+0	0.000000E+0	1.004022E+1	0.000000E+0	3.000000E+0
24-Apr-25	15:35:14	-0.000000E+0	-3.697935E+0	-9.000000E-5	2.096000E-5	-1.705000E-6	3.405000E-4	3.750000E-6	0.000000E+0	0.000000E+0	1.964247E-4	2.976042E-9	0.000000E+0	0.000000E+0	1.004022E+1	0.000000E+0	3.000000E+0
24-Apr-25	15:35:14	-0.000000E+0	-3.703940E+0	-9.000000E-5	2.098500E-5	-1.720000E-6	3.407500E-4	3.800000E-6	0.000000E+0	0.000000E+0	1.964247E-4	2.976042E-9	0.000000E+0	0.000000E+0	1.004022E+1	0.000000E+0	3.000000E+0
24-Apr-25	15:35:15	-0.000000E+0	-3.710555E+0	-9.000000E-5	2.101000E-5	-1.715000E-6	3.406000E-4	4.600000E-6	0.000000E+0	0.000000E+0	1.964247E-4	2.976042E-9	0.000000E+0	0.000000E+0	1.004022E+1	0.000000E+0	3.000000E+0
24-Apr-25	15:35:15	-0.000000E+0	-3.715940E+0	-9.000000E-5	2.104000E-5	-1.715000E-6	3.407500E-4	4.100000E-6	0.000000E+0	0.000000E+0	1.964247E-4	2.976042E-9	0.000000E+0	0.000000E+0	1.004022E+1	0.000000E+0	3.000000E+0
24-Apr-25	15:35:16	-0.000000E+0	-3.721905E+0	-9.000000E-5	2.101500E-5	-1.695000E-6	3.405000E-4	3.850000E-6	0.000000E+0	0.000000E+0	1.964247E-4	2.976042E-9	0.000000E+0	0.000000E+0	1.004022E+1	0.000000E+0	3.000000E+0
24-Apr-25	15:35:16	-0.000000E+0	-3.729215E+0	-9.000000E-5	2.102500E-5	-1.725000E-6	3.405000E-4	4.200000E-6	0.000000E+0	0.000000E+0	1.964247E-4	2.976042E-9	0.000000E+0	0.000000E+0	1.004022E+1	0.000000E+0	3.000000E+0
24-Apr-25	15:35:17	-0.000000E+0	-3.734555E+0	-9.000000E-5	2.104500E-5	-1.720000E-6	3.407500E-4	4.050000E-6	0.000000E+0	0.000000E+0	1.964247E-4	2.976042E-9	0.000000E+0	0.000000E+0	1.004022E+1	0.000000E+0	3.000000E+0
24-Apr-25	15:35:17	-0.000000E+0	-3.740465E+0	-9.000000E-5	2.105500E-5	-1.700000E-6	3.412000E-4	3.850000E-6	0.000000E+0	0.000000E+0	1.964247E-4	2.976042E-9	0.000000E+0	0.000000E+0	1.004022E+1	0.000000E+0	3.000000E+0
24-Apr-25	15:35:18	-0.000000E+0	-3.746355E+0	-9.000000E-5	2.109000E-5	-1.705000E-6	3.406500E-4	3.500000E-6	0.000000E+0	0.000000E+0	1.964247E-4	2.976042E-9	0.000000E+0	0.000000E+0	1.004022E+1	0.000000E+0	3.000000E+0
24-Apr-25	15:35:18	-0.000000E+0	-3.752235E+0	-9.000000E-5	2.105000E-5	-1.715000E-6	3.405500E-4	4.450000E-6	0.000000E+0	0.000000E+0	1.964247E-4	2.976042E-9	0.000000E+0	0.000000E+0	1.004022E+1	0.000000E+0	3.000000E+0
24-Apr-25	15:35:19	-0.000000E+0	-3.758110E+0	-9.000000E-5	2.104000E-5	-1.725000E-6	3.407500E-4	4.100000E-6	0.000000E+0	0.000000E+0	1.964247E-4	2.976042E-9	0.000000E+0	0.000000E+0	1.004022E+1	0.000000E+0	3.000000E+0
24-Apr-25	15:35:19	-0.000000E+0	-3.763950E+0	-9.000000E-5	2.108000E-5	-1.750000E-6	3.407500E-4	3.650000E-6	0.000000E+0	0.000000E+0	1.964247E-4	2.976042E-9	0.000000E+0	0.000000E+0	1.004022E+1	0.000000E+0	3.000000E+0
24-Apr-25	15:35:20	-0.000000E+0	-3.769775E+0	-9.000000E-5	2.110500E-5	-1.740000E-6	3.407500E-4	4.000000E-6	0.000000E+0	0.000000E+0	1.964247E-4	2.976042E-9	0.000000E+0	0.000000E+0	1.004022E+1	0.000000E+0	3.000000E+0
24-Apr-25	15:35:20	-0.000000E+0	-3.775020E+0	-9.000000E-5	2.110500E-5	-1.715000E-6	3.407000E-4	3.950000E-6	0.000000E+0	0.000000E+0	1.964247E-4	2.976042E-9	0.000000E+0	0.000000E+0	1.004022E+1	0.000000E+0	3.000000E+0
24-Apr-25	15:35:21	-0.000000E+0	-3.780800E+0	-9.000000E-5	2.112500E-5	-1.770000E-6	3.406500E-4	4.450000E-6	0.000000E+0	0.000000E+0	1.964247E-4	2.976042E-9	0.000000E+0	0.000000E+0	1.004022E+1	0.000000E+0	3.000000E+0
24-Apr-25	15:35:21	-0.000000E+0	-3.786560E+0	-9.000000E-5	2.107500E-5	-1.755000E-6	3.403500E-4	4.400000E-6	0.000000E+0	0.000000E+0	1.964247E-4	2.976042E-9	0.000000E+0	0.000000E+0	1.004022E+1	0.000000E+0	3.000000E+0
24-Apr-25	15:35:22	-0.000000E+0	-3.794620E+0	-9.000000E-5	2.113000E-5	-1.785000E-6	3.401000E-4	4.150000E-6	0.000000E+0	0.000000E+0	1.964247E-4	2.976042E-9	0.000000E+0	0.000000E+0	1.004022E+1	0.000000E+0	3.000000E+0
24-Apr-25	15:35:22	-0.000000E+0	-3.800365E+0	-9.000000E-5	2.113500E-5	-1.765000E-6	3.411500E-4	3.650000E-6	0.000000E+0	0.000000E+0	1.964247E-4	2.976042E-9	0.000000E+0	0.000000E+0	1.004022E+1	0.000000E+0	3.000000E+0
24-Apr-25	15:35:23	-0.000000E+0	-3.807330E+0	-9.000000E-5	2.120500E-5	-1.720000E-6	3.398500E-4	3.550000E-6	0.000000E+0	0.000000E+0	1.964247E-4	2.976042E-9	0.000000E+0	0.000000E+0	1.004022E+1	0.000000E+0	3.000000E+0
24-Apr-25	15:35:23	-0.000000E+0	-3.812945E+0	-9.000000E-5	2.114000E-5	-1.690000E-6	3.405500E-4	3.950000E-6	0.000000E+0	0.000000E+0	1.964247E-4	2.976042E-9	0.000000E+0	0.000000E+0	1.004022E+1	0.000000E+0	3.000000E+0
24-Apr-25	15:35:24	-0.000000E+0	-3.818620E+0	-9.000000E-5	2.116500E-5	-1.695000E-6	3.407500E-4	3.900000E-6	0.000000E+0	0.000000E+0	1.964247E-4	2.976042E-9	0.000000E+0	0.000000E+0	1.004022E+1	0.000000E+0	3.000000E+0
24-Apr-25	15:35:24	-0.000000E+0	-3.824265E+0	-9.000000E-5	2.120000E-5	-1.755000E-6	3.414000E-4	3.950000E-6	0.000000E+0	0.000000E+0	1.964247E-4	2.976042E-9	0.000000E+0	0.000000E+0	1.004022E+1	0.000000E+0	3.000000E+0
24-Apr-25	15:35:25	-0.000000E+0	-3.829915E+0	-9.000000E-5	2.121500E-5	-1.730000E-6	3.406500E-4	3.650000E-6	0.000000E+0	0.000000E+0	1.964247E-4	2.976042E-9	0.000000E+0	0.000000E+0	1.004022E+1	0.000000E+0	3.000000E+0
24-Apr-25	15:35:26	-0.000000E+0	-3.835545E+0	-9.000000E-5	2.121500E-5	-1.745000E-6	3.414000E-4	4.200000E-6	0.000000E+0	0.000000E+0	1.964247E-4	2.976042E-9	0.000000E+0	0.000000E+0	1.004022E+1	0.000000E+0	3.000000E+0
24-Apr-25	15:35:26	-0.000000E+0	-3.841725E+0	-9.000000E-5	2.120000E-5	-1.720000E-6	3.406500E-4	4.150000E-6	0.000000E+0	0.000000E+0	1.964247E-4	2.976042E-9	0.000000E+0	0.000000E+0	1.004022E+1	0.000000E+0	3.000000E+0
24-Apr-25	15:35:27	-0.000000E+0	-3.847520E+0	-9.000000E-5	2.125500E-5	-1.755000E-6	3.409000E-4	4.250000E-6	0.000000E+0	0.000000E+0	1.964247E-4	2.976042E-9	0.000000E+0	0.000000E+0	1.004022E+1	0.000000E+0	3.000000E+0
24-Apr-25	15:35:27	-0.000000E+0	-3.853105E+0	-9.000000E-5	2.122500E-5	-1.720000E-6	3.410000E-4	3.400000E-6	0.000000E+0	0.000000E+0	1.964247E-4	2.976042E-9	0.000000E+0	0.000000E+0	1.004022E+1	0.000000E+0	3.000000E+0
24-Apr-25	15:35:27	-0.000000E+0	-3.858675E+0	-9.000000E-5	2.128000E-5	-1.695000E-6	3.410000E-4	4.150000E-6	0.000000E+0	0.000000E+0	1.964247E-4	2.976042E-9	0.000000E+0	0.000000E+0	1.004022E+1	0.000000E+0	3.000000E+0
24-Apr-25	15:35:28	-0.000000E+0	-3.863670E+0	-9.000000E-5	2.125500E-5	-1.740000E-6	3.411500E-4	3.500000E-6	0.000000E+0	0.000000E+0	1.964247E-4	2.976042E-9	0.000000E+0	0.000000E+0	1.004022E+1	0.000000E+0	3.000000E+0
24-Apr-25	15:35:29	-0.000000E+0	-3.869200E+0	-9.000000E-5	2.123000E-5	-1.755000E-6	3.404500E-4	4.100000E-6	0.000000E+0	0.000000E+0	1.964247E-4	2.976042E-9	0.000000E+0	0.000000E+0	1.004022E+1	0.000000E+0	3.000000E+0
24-Apr-25	15:35:29	-0.000000E+0	-3.877480E+0	-9.000000E-5	2.131500E-5	-1.735000E-6	3.407500E-4	3.600000E-6	0.000000E+0	0.000000E+0	1.964247E-4	2.976042E-9	0.000000E+0	0.000000E+0	1.004022E+1	0.000000E+0	3.000000E+0
24-Apr-25	15:35:30	-0.000000E+0	-3.883535E+0	-9.000000E-5	2.126500E-5	-1.725000E-6	3.407500E-4	4.150000E-6	0.000000E+0	0.000000E+0	1.964247E-4	2.976042E-9	0.000000E+0	0.000000E+0	1.004022E+1	0.000000E+0	3.000000E+0
24-Apr-25	15:35:30	-0.000000E+0	-3.889005E+0	-9.000000E-5	2.125000E-5	-1.755000E-6	3.409500E-4	4.000000E-6	0.000000E+0	0.000000E+0	1.964247E-4	2.976042E-9	0.000000E+0	0.000000E+0	1.004022E+1	0.000000E+0	3.000000E+0
24-Apr-25	15:35:31	-0.000000E+0	-3.894465E+0	-9.000000E-5	2.129500E-5	-1.760000E-6	3.407000E-4	3.950000E-6	0.000000E+0	0.000000E+0	1.964247E-4	2.976042E-9	0.000000E+0	0.000000E+0	1.004022E+1	0.000000E+0	3.000000E+0
24-Apr-25	15:35:32	-0.000000E+0	-3.902810E+0	-9.000000E-5	2.128500E-5	-1.755000E-6	3.409000E-4	4.100000E-6	0.000000E+0	0.000000E+0	1.964247E-4	2.976042E-9	0.000000E+0	0.000000E+0	1.004022E+1	0.000000E+0	3.000000E+0
24-Apr-25	15:35:32	-0.000000E+0	-3.908765E+0	-9.000000E-5	2.128000E-5	-1.750000E-6	3.406000E-4	4.200000E-6	0.000000E+0	0.000000E+0	1.964247E-4	2.976042E-9	0.000000E+0	0.000000E+0	1.004022E+1	0.000000E+0	3.000000E+0
24-Apr-25	15:35:33	-0.000000E+0	-3.914170E+0	-9.000000E-5	2.129500E-5	-1.735000E-6	3.403000E-4	4.050000E-6	0.000000E+0	0.000000E+0	1.964247E-4	2.976042E-9	0.000000E+0	0.000000E+0	1.004022E+1	0.000000E+0	3.000000E+0
24-Apr-25	15:35:33	-0.000000E+0	-3.920115E+0	-9.000000E-5	2.130500E-5	-1.745000E-6	3.406500E-4	3.800000E-6	0.000000E+0	0.000000E+0	1.964247E-4	2.976042E-9	0.000000E+0	0.000000E+0	1.004022E+1	0.000000E+0	3.000000E+0
24-Apr-25	15:35:34	-0.000000E+0	-3.926745E+0	-9.000000E-5	2.128000E-5	-1.780000E-6	3.404000E-4	4.350000E-6	0.000000E+0	0.000000E+0	1.964247E-4	2.976042E-9	0.000000E+0	0.000000E+0	1.004022E+1	0.000000E+0	3.000000E+0
24-Apr-25	15:35:34	-0.000000E+0	-3.931915E+0	-9.000000E-5	2.130500E-5	-1.730000E-6	3.410500E-4	4.050000E-6	0.000000E+0	0.000000E+0	1.964247E-4	2.976042E-9	0.000000E+0	0.000000E+0	1.004022E+1	0.000000E+0	3.000000E+0
24-Apr-25	15:35:35	-0.000000E+0	-3.937255E+0	-9.000000E-5	2.129500E-5	-1.760000E-6	3.405500E-4	4.100000E-6	0.000000E+0	0.000000E+0	1.964247E-4	2.976042E-9	0.000000E+0	0.000000E+0	1.004022E+1	0.000000E+0	3.000000E+0
24-Apr-25	15:35:35	-0.000000E+0	-3.942125E+0	-9.000000E-5	2.134000E-5	-1.760000E-6	3.403500E-4	3.850000E-6	0.000000E+0	0.000000E+0	1.964247E-4	2.976042E-9	0.000000E+0	0.000000E+0	1.004022E+1	0.000000E+0	3.000000E+0
24-Apr-25	15:35:36	-0.000000E+0	-3.946810E+0	-9.000000E-5	2.137500E-5	-1.730000E-6	3.406000E-4	4.150000E-6	0.000000E+0	0.000000E+0	1.964247E-4	2.976042E-9	0.000000E+0	0.000000E+0	1.004022E+1	0.000000E+0	3.000000E+0
24-Apr-25	15:35:36	-0.000000E+0	-3.952280E+0	-9.000000E-5	2.136500E-5	-1.710000E-6	3.409000E-4	3.900000E-6	0.000000E+0	0.000000E+0	1.964247E-4	2.976042E-9	0.000000E+0	0.000000E+0	1.004022E+1	0.000000E+0	3.000000E+0
24-Apr-25	15:35:37	-0.000000E+0	-3.957465E+0	-9.000000E-5	2.133000E-5	-1.740000E-6	3.407500E-4	4.200000E-6	0.000000E+0	0.000000E+0	1.964247E-4	2.976042E-9	0.000000E+0	0.000000E+0	1.004022E+1	0.000000E+0	3.000000E+0
24-Apr-25	15:35:37	-0.000000E+0	-3.962815E+0	-9.000000E-5	2.137500E-5	-1.775000E-6	3.409000E-4	4.450000E-6	0.000000E+0	0.000000E+0	1.964247E-4	2.976042E-9	0.000000E+0	0.000000E+0	1.004022E+1	0.000000E+0	3.000000E+0
24-Apr-25	15:35:38	-0.000000E+0	-3.970150E+0	-9.000000E-5	2.137500E-5	-1.755000E-6	3.409500E-4	4.250000E-6	0.000000E+0	0.000000E+0	1.964247E-4	2.976042E-9	0.000000E+0	0.000000E+0	1.004022E+1	0.000000E+0	3.000000E+0
24-Apr-25	15:35:38	-0.000000E+0	-3.975380E+0	-9.000000E-5	2.138500E-5	-1.770000E-6	3.406500E-4	3.900000E-6	0.000000E+0	0.000000E+0	1.964247E-4	2.976042E-9	0.000000E+0	0.000000E+0	1.004022E+1	0.000000E+0	3.000000E+0
24-Apr-25	15:35:39	-0.000000E+0	-3.980600E+0	-9.000000E-5	2.137000E-5	-1.770000E-6	3.406500E-4	4.050000E-6	0.000000E+0	0.000000E+0	1.964247E-4	2.976042E-9	0.000000E+0	0.000000E+0	1.004022E+1	0.000000E+0	3.000000E+0
24-Apr-25	15:35:39	-0.000000E+0	-3.985800E+0	-9.000000E-5	2.143000E-5	-1.745000E-6	3.406500E-4	3.800000E-6	0.000000E+0	0.000000E+0	1.964247E-4	2.976042E-9	0.000000E+0	0.000000E+0	1.004022E+1	0.000000E+0	3.000000E+0
24-Apr-25	15:35:40	-0.000000E+0	-3.990990E+0	-9.000000E-5	2.141000E-5	-1.730000E-6	3.417000E-4	3.550000E-6	0.000000E+0	0.000000E+0	1.964247E-4	2.976042E-9	0.000000E+0	0.000000E+0	1.004022E+1	0.000000E+0	3.000000E+0
24-Apr-25	15:35:40	-0.000000E+0	-3.996140E+0	-9.000000E-5	2.137500E-5	-1.755000E-6	3.407500E-4	3.950000E-6	0.000000E+0	0.000000E+0	1.964247E-4	2.976042E-9	0.000000E+0	0.000000E+0	1.004022E+1	0.000000E+0	3.000000E+0
24-Apr-25	15:35:41	-0.000000E+0	-4.001310E+0	-9.000000E-5	2.140500E-5	-1.810000E-6	3.412000E-4	4.050000E-6	0.000000E+0	0.000000E+0	1.964247E-4	2.976042E-9	0.000000E+0	0.000000E+0	1.004022E+1	0.000000E+0	3.000000E+0
24-Apr-25	15:35:41	-0.000000E+0	-4.005940E+0	-9.000000E-5	2.142000E-5	-1.785000E-6	3.405500E-4	3.950000E-6	0.000000E+0	0.000000E+0	1.964247E-4	2.976042E-9	0.000000E+0	0.000000E+0	1.004022E+1	0.000000E+0	3.000000E+0
24-Apr-25	15:35:42	-0.000000E+0	-4.011055E+0	-9.000000E-5	2.142500E-5	-1.745000E-6	3.411500E-4	3.800000E-6	0.000000E+0	0.000000E+0	1.964247E-4	2.976042E-9	0.000000E+0	0.000000E+0	1.004022E+1	0.000000E+0	3.000000E+0
24-Apr-25	15:35:42	-0.000000E+0	-4.015655E+0	-9.000000E-5	2.141000E-5	-1.720000E-6	3.411000E-4	4.250000E-6	0.000000E+0	0.000000E+0	1.964247E-4	2.976042E-9	0.000000E+0	0.000000E+0	1.004022E+1	0.000000E+0	3.000000E+0
24-Apr-25	15:35:43	-0.000000E+0	-4.020750E+0	-9.000000E-5	2.140000E-5	-1.765000E-6	3.410500E-4	4.100000E-6	0.000000E+0	0.000000E+0	1.964247E-4	2.976042E-9	0.000000E+0	0.000000E+0	1.004022E+1	0.000000E+0	3.000000E+0
24-Apr-25	15:35:44	-0.000000E+0	-4.028020E+0	-9.000000E-5	2.143500E-5	-1.775000E-6	3.408500E-4	4.000000E-6	0.000000E+0	0.000000E+0	1.964247E-4	2.976042E-9	0.000000E+0	0.000000E+0	1.004022E+1	0.000000E+0	3.000000E+0
24-Apr-25	15:35:44	-0.000000E+0	-4.035095E+0	-9.000000E-5	2.143000E-5	-1.745000E-6	3.404000E-4	3.900000E-6	0.000000E+0	0.000000E+0	1.964247E-4	2.976042E-9	0.000000E+0	0.000000E+0	1.004022E+1	0.000000E+0	3.000000E+0
24-Apr-25	15:35:45	-0.000000E+0	-4.040135E+0	-9.000000E-5	2.148000E-5	-1.765000E-6	3.406500E-4	4.150000E-6	0.000000E+0	0.000000E+0	1.964247E-4	2.976042E-9	0.000000E+0	0.000000E+0	1.004022E+1	0.000000E+0	3.000000E+0
24-Apr-25	15:35:45	-0.000000E+0	-4.045165E+0	-9.000000E-5	2.145000E-5	-1.785000E-6	3.409000E-4	4.500000E-6	0.000000E+0	0.000000E+0	1.964247E-4	2.976042E-9	0.000000E+0	0.000000E+0	1.004022E+1	0.000000E+0	3.000000E+0
24-Apr-25	15:35:46	-0.000000E+0	-4.052835E+0	-9.000000E-5	2.146500E-5	-1.755000E-6	3.403500E-4	4.100000E-6	0.000000E+0	0.000000E+0	1.964247E-4	2.976042E-9	0.000000E+0	0.000000E+0	1.004022E+1	0.000000E+0	3.000000E+0
24-Apr-25	15:35:47	-0.000000E+0	-4.058310E+0	-9.000000E-5	2.146500E-5	-1.730000E-6	3.410000E-4	4.100000E-6	0.000000E+0	0.000000E+0	1.964247E-4	2.976042E-9	0.000000E+0	0.000000E+0	1.004022E+1	0.000000E+0	3.000000E+0
24-Apr-25	15:35:47	-0.000000E+0	-4.064270E+0	-9.000000E-5	2.146000E-5	-1.755000E-6	3.409000E-4	3.900000E-6	0.000000E+0	0.000000E+0	1.964247E-4	2.976042E-9	0.000000E+0	0.000000E+0	1.004022E+1	0.000000E+0	3.000000E+0
24-Apr-25	15:35:48	-0.000000E+0	-4.069220E+0	-9.000000E-5	2.145500E-5	-1.755000E-6	3.407500E-4	4.500000E-6	0.000000E+0	0.000000E+0	1.964247E-4	2.976042E-9	0.000000E+0	0.000000E+0	1.004022E+1	0.000000E+0	3.000000E+0
24-Apr-25	15:35:48	-0.000000E+0	-4.074155E+0	-9.000000E-5	2.147500E-5	-1.790000E-6	3.409000E-4	3.500000E-6	0.000000E+0	0.000000E+0	1.964247E-4	2.976042E-9	0.000000E+0	0.000000E+0	1.004022E+1	0.000000E+0	3.000000E+0
24-Apr-25	15:35:49	-0.000000E+0	-4.081050E+0	-9.000000E-5	2.147000E-5	-1.710000E-6	3.411000E-4	4.100000E-6	0.000000E+0	0.000000E+0	1.964247E-4	2.976042E-9	0.000000E+0	0.000000E+0	1.004022E+1	0.000000E+0	3.000000E+0
24-Apr-25	15:35:50	-0.000000E+0	-4.088065E+0	-9.000000E-5	2.150500E-5	-1.755000E-6	3.409500E-4	3.800000E-6	0.000000E+0	0.000000E+0	1.964247E-4	2.976042E-9	0.000000E+0	0.000000E+0	1.004022E+1	0.000000E+0	3.000000E+0
24-Apr-25	15:35:50	-0.000000E+0	-4.092965E+0	-9.000000E-5	2.151500E-5	-1.760000E-6	3.402500E-4	3.950000E-6	0.000000E+0	0.000000E+0	1.964247E-4	2.976042E-9	0.000000E+0	0.000000E+0	1.004022E+1	0.000000E+0	3.000000E+0
24-Apr-25	15:35:51	-0.000000E+0	-4.098320E+0	-9.000000E-5	2.152500E-5	-1.760000E-6	3.408000E-4	3.550000E-6	0.000000E+0	0.000000E+0	1.964247E-4	2.976042E-9	0.000000E+0	0.000000E+0	1.004022E+1	0.000000E+0	3.000000E+0
24-Apr-25	15:35:51	-0.000000E+0	-4.103175E+0	-9.000000E-5	2.151500E-5	-1.760000E-6	3.406500E-4	4.000000E-6	0.000000E+0	0.000000E+0	1.964247E-4	2.976042E-9	0.000000E+0	0.000000E+0	1.004022E+1	0.000000E+0	3.000000E+0
24-Apr-25	15:35:52	-0.000000E+0	-4.108490E+0	-9.000000E-5	2.147500E-5	-1.800000E-6	3.407500E-4	3.900000E-6	0.000000E+0	0.000000E+0	1.964247E-4	2.976042E-9	0.000000E+0	0.000000E+0	1.004022E+1	0.000000E+0	3.000000E+0
24-Apr-25	15:35:52	-0.000000E+0	-4.115395E+0	-9.000000E-5	2.157500E-5	-1.775000E-6	3.410000E-4	3.550000E-6	0.000000E+0	0.000000E+0	1.964247E-4	2.976042E-9	0.000000E+0	0.000000E+0	1.004022E+1	0.000000E+0	3.000000E+0
24-Apr-25	15:35:53	-0.000000E+0	-4.119725E+0	-9.000000E-5	2.156000E-5	-1.800000E-6	3.407500E-4	4.050000E-6	0.000000E+0	0.000000E+0	1.964247E-4	2.976042E-9	0.000000E+0	0.000000E+0	1.004022E+1	0.000000E+0	3.000000E+0
24-Apr-25	15:35:54	-0.000000E+0	-4.124515E+0	-9.000000E-5	2.156500E-5	-1.775000E-6	3.409000E-4	4.100000E-6	0.000000E+0	0.000000E+0	1.964247E-4	2.976042E-9	0.000000E+0	0.000000E+0	1.004022E+1	0.000000E+0	3.000000E+0
24-Apr-25	15:35:54	-0.000000E+0	-4.130725E+0	-9.000000E-5	2.158500E-5	-1.785000E-6	3.416000E-4	4.350000E-6	0.000000E+0	0.000000E+0	1.964247E-4	2.976042E-9	0.000000E+0	0.000000E+0	1.004022E+1	0.000000E+0	3.000000E+0
24-Apr-25	15:35:55	-0.000000E+0	-4.135495E+0	-9.000000E-5	2.158500E-5	-1.770000E-6	3.400500E-4	3.850000E-6	0.000000E+0	0.000000E+0	1.964247E-4	2.976042E-9	0.000000E+0	0.000000E+0	1.004022E+1	0.000000E+0	3.000000E+0
24-Apr-25	15:35:55	-0.000000E+0	-4.141255E+0	-9.000000E-5	2.159500E-5	-1.775000E-6	3.410500E-4	3.800000E-6	0.000000E+0	0.000000E+0	1.964247E-4	2.976042E-9	0.000000E+0	0.000000E+0	1.004022E+1	0.000000E+0	3.000000E+0
24-Apr-25	15:35:56	-0.000000E+0	-4.147940E+0	-9.000000E-5	2.158000E-5	-1.760000E-6	3.410500E-4	3.900000E-6	0.000000E+0	0.000000E+0	1.964247E-4	2.976042E-9	0.000000E+0	0.000000E+0	1.004022E+1	0.000000E+0	3.000000E+0
24-Apr-25	15:35:57	-0.000000E+0	-4.155030E+0	-9.000000E-5	2.160500E-5	-1.735000E-6	3.413500E-4	3.350000E-6	0.000000E+0	0.000000E+0	1.964247E-4	2.976042E-9	0.000000E+0	0.000000E+0	1.004022E+1	0.000000E+0	3.000000E+0
24-Apr-25	15:35:57	-0.000000E+0	-4.160320E+0	-9.000000E-5	2.162000E-5	-1.760000E-6	3.406000E-4	3.950000E-6	0.000000E+0	0.000000E+0	1.964247E-4	2.976042E-9	0.000000E+0	0.000000E+0	1.004022E+1	0.000000E+0	3.000000E+0
24-Apr-25	15:35:58	-0.000000E+0	-4.164835E+0	-9.000000E-5	2.159000E-5	-1.760000E-6	3.410500E-4	4.250000E-6	0.000000E+0	0.000000E+0	1.964247E-4	2.976042E-9	0.000000E+0	0.000000E+0	1.004022E+1	0.000000E+0	3.000000E+0
24-Apr-25	15:35:58	-0.000000E+0	-4.169495E+0	-9.000000E-5	2.160500E-5	-1.740000E-6	3.407500E-4	3.400000E-6	0.000000E+0	0.000000E+0	1.964247E-4	2.976042E-9	0.000000E+0	0.000000E+0	1.004022E+1	0.000000E+0	3.000000E+0
24-Apr-25	15:35:59	-0.000000E+0	-4.174155E+0	-9.000000E-5	2.162500E-5	-1.785000E-6	3.412500E-4	4.000000E-6	0.000000E+0	0.000000E+0	1.964247E-4	2.976042E-9	0.000000E+0	0.000000E+0	1.004022E+1	0.000000E+0	3.000000E+0
24-Apr-25	15:35:59	-0.000000E+0	-4.179400E+0	-9.000000E-5	2.163000E-5	-1.750000E-6	3.411000E-4	3.850000E-6	0.000000E+0	0.000000E+0	1.964247E-4	2.976042E-9	0.000000E+0	0.000000E+0	1.004022E+1	0.000000E+0	3.000000E+0
24-Apr-25	15:36:00	-0.000000E+0	-4.183940E+0	-9.000000E-5	2.162500E-5	-1.725000E-6	3.412000E-4	3.600000E-6	0.000000E+0	0.000000E+0	1.964247E-4	2.976042E-9	0.000000E+0	0.000000E+0	1.004022E+1	0.000000E+0	3.000000E+0
24-Apr-25	15:36:00	-0.000000E+0	-4.188550E+0	-9.000000E-5	2.162000E-5	-1.750000E-6	3.408500E-4	4.150000E-6	0.000000E+0	0.000000E+0	1.964247E-4	2.976042E-9	0.000000E+0	0.000000E+0	1.004022E+1	0.000000E+0	3.000000E+0
24-Apr-25	15:36:01	-0.000000E+0	-4.194115E+0	-9.000000E-5	2.162000E-5	-1.765000E-6	3.400500E-4	3.900000E-6	0.000000E+0	0.000000E+0	1.964247E-4	2.976042E-9	0.000000E+0	0.000000E+0	1.004022E+1	0.000000E+0	3.000000E+0
24-Apr-25	15:36:01	-0.000000E+0	-4.198710E+0	-9.000000E-5	2.165500E-5	-1.760000E-6	3.408500E-4	3.950000E-6	0.000000E+0	0.000000E+0	1.964247E-4	2.976042E-9	0.000000E+0	0.000000E+0	1.004022E+1	0.000000E+0	3.000000E+0
24-Apr-25	15:36:02	-0.000000E+0	-4.202800E+0	-9.000000E-5	2.164000E-5	-1.770000E-6	3.405000E-4	4.050000E-6	0.000000E+0	0.000000E+0	1.964247E-4	2.976042E-9	0.000000E+0	0.000000E+0	1.004022E+1	0.000000E+0	3.000000E+0
24-Apr-25	15:36:02	-0.000000E+0	-4.207350E+0	-9.000000E-5	2.162500E-5	-1.745000E-6	3.404500E-4	3.950000E-6	0.000000E+0	0.000000E+0	1.964247E-4	2.976042E-9	0.000000E+0	0.000000E+0	1.004022E+1	0.000000E+0	3.000000E+0
24-Apr-25	15:36:03	-0.000000E+0	-4.211880E+0	-9.000000E-5	2.165000E-5	-1.750000E-6	3.405000E-4	3.950000E-6	0.000000E+0	0.000000E+0	1.964247E-4	2.976042E-9	0.000000E+0	0.000000E+0	1.004022E+1	0.000000E+0	3.000000E+0
24-Apr-25	15:36:03	-0.000000E+0	-4.216395E+0	-9.000000E-5	2.164500E-5	-1.780000E-6	3.409000E-4	4.150000E-6	0.000000E+0	0.000000E+0	1.964247E-4	2.976042E-9	0.000000E+0	0.000000E+0	1.004022E+1	0.000000E+0	3.000000E+0
24-Apr-25	15:36:04	-0.000000E+0	-4.220915E+0	-9.000000E-5	2.162000E-5	-1.785000E-6	3.408000E-4	4.350000E-6	0.000000E+0	0.000000E+0	1.964247E-4	2.976042E-9	0.000000E+0	0.000000E+0	1.004022E+1	0.000000E+0	3.000000E+0
24-Apr-25	15:36:04	-0.000000E+0	-4.224950E+0	-9.000000E-5	2.166000E-5	-1.785000E-6	3.409000E-4	3.950000E-6	0.000000E+0	0.000000E+0	1.964247E-4	2.976042E-9	0.000000E+0	0.000000E+0	1.004022E+1	0.000000E+0	3.000000E+0
24-Apr-25	15:36:05	-0.000000E+0	-4.229430E+0	-9.000000E-5	2.167000E-5	-1.775000E-6	3.409000E-4	3.250000E-6	0.000000E+0	0.000000E+0	1.964247E-4	2.976042E-9	0.000000E+0	0.000000E+0	1.004022E+1	0.000000E+0	3.000000E+0
24-Apr-25	15:36:05	-0.000000E+0	-4.233900E+0	-9.000000E-5	2.164500E-5	-1.765000E-6	3.410500E-4	3.850000E-6	0.000000E+0	0.000000E+0	1.964247E-4	2.976042E-9	0.000000E+0	0.000000E+0	1.004022E+1	0.000000E+0	3.000000E+0
24-Apr-25	15:36:06	-0.000000E+0	-4.237915E+0	-9.000000E-5	2.164500E-5	-1.765000E-6	3.406500E-4	3.650000E-6	0.000000E+0	0.000000E+0	1.964247E-4	2.976042E-9	0.000000E+0	0.000000E+0	1.004022E+1	0.000000E+0	3.000000E+0
24-Apr-25	15:36:06	-0.000000E+0	-4.242350E+0	-9.000000E-5	2.167000E-5	-1.755000E-6	3.409500E-4	4.000000E-6	0.000000E+0	0.000000E+0	1.964247E-4	2.976042E-9	0.000000E+0	0.000000E+0	1.004022E+1	0.000000E+0	3.000000E+0
24-Apr-25	15:36:07	-0.000000E+0	-4.246790E+0	-9.000000E-5	2.166500E-5	-1.760000E-6	3.409000E-4	4.650000E-6	0.000000E+0	0.000000E+0	1.964247E-4	2.976042E-9	0.000000E+0	0.000000E+0	1.004022E+1	0.000000E+0	3.000000E+0
24-Apr-25	15:36:07	-0.000000E+0	-4.252095E+0	-9.000000E-5	2.167500E-5	-1.745000E-6	3.408000E-4	4.400000E-6	0.000000E+0	0.000000E+0	1.964247E-4	2.976042E-9	0.000000E+0	0.000000E+0	1.004022E+1	0.000000E+0	3.000000E+0
24-Apr-25	15:36:08	-0.000000E+0	-4.256480E+0	-9.000000E-5	2.167500E-5	-1.745000E-6	3.409500E-4	3.500000E-6	0.000000E+0	0.000000E+0	1.964247E-4	2.976042E-9	0.000000E+0	0.000000E+0	1.004022E+1	0.000000E+0	3.000000E+0
24-Apr-25	15:36:08	-0.000000E+0	-4.260440E+0	-9.000000E-5	2.168000E-5	-1.765000E-6	3.409500E-4	3.450000E-6	0.000000E+0	0.000000E+0	1.964247E-4	2.976042E-9	0.000000E+0	0.000000E+0	1.004022E+1	0.000000E+0	3.000000E+0
24-Apr-25	15:36:09	-0.000000E+0	-4.264380E+0	-9.000000E-5	2.169000E-5	-1.760000E-6	3.410500E-4	3.500000E-6	0.000000E+0	0.000000E+0	1.964247E-4	2.976042E-9	0.000000E+0	0.000000E+0	1.004022E+1	0.000000E+0	3.000000E+0
24-Apr-25	15:36:09	-0.000000E+0	-4.268745E+0	-9.000000E-5	2.169000E-5	-1.735000E-6	3.409000E-4	4.150000E-6	0.000000E+0	0.000000E+0	1.964247E-4	2.976042E-9	0.000000E+0	0.000000E+0	1.004022E+1	0.000000E+0	3.000000E+0
24-Apr-25	15:36:10	-0.000000E+0	-4.273100E+0	-9.000000E-5	2.167500E-5	-1.770000E-6	3.407000E-4	4.500000E-6	0.000000E+0	0.000000E+0	1.964247E-4	2.976042E-9	0.000000E+0	0.000000E+0	1.004022E+1	0.000000E+0	3.000000E+0
24-Apr-25	15:36:10	-0.000000E+0	-4.277445E+0	-9.000000E-5	2.167000E-5	-1.790000E-6	3.413500E-4	3.800000E-6	0.000000E+0	0.000000E+0	1.964247E-4	2.976042E-9	0.000000E+0	0.000000E+0	1.004022E+1	0.000000E+0	3.000000E+0
24-Apr-25	15:36:11	-0.000000E+0	-4.281360E+0	-9.000000E-5	2.170000E-5	-1.800000E-6	3.410000E-4	4.100000E-6	0.000000E+0	0.000000E+0	1.964247E-4	2.976042E-9	0.000000E+0	0.000000E+0	1.004022E+1	0.000000E+0	3.000000E+0
24-Apr-25	15:36:11	-0.000000E+0	-4.285665E+0	-9.000000E-5	2.173000E-5	-1.780000E-6	3.409000E-4	4.100000E-6	0.000000E+0	0.000000E+0	1.964247E-4	2.976042E-9	0.000000E+0	0.000000E+0	1.004022E+1	0.000000E+0	3.000000E+0
24-Apr-25	15:36:12	-0.000000E+0	-4.290405E+0	-9.000000E-5	2.170000E-5	-1.750000E-6	3.412000E-4	4.250000E-6	0.000000E+0	0.000000E+0	1.964247E-4	2.976042E-9	0.000000E+0	0.000000E+0	1.004022E+1	0.000000E+0	3.000000E+0
24-Apr-25	15:36:12	-0.000000E+0	-4.294855E+0	-9.000000E-5	2.169000E-5	-1.750000E-6	3.413500E-4	3.250000E-6	0.000000E+0	0.000000E+0	1.964247E-4	2.976042E-9	0.000000E+0	0.000000E+0	1.004022E+1	0.000000E+0	3.000000E+0
24-Apr-25	15:36:13	-0.000000E+0	-4.298705E+0	-9.000000E-5	2.171000E-5	-1.755000E-6	3.410500E-4	3.700000E-6	0.000000E+0	0.000000E+0	1.964247E-4	2.976042E-9	0.000000E+0	0.000000E+0	1.004022E+1	0.000000E+0	3.000000E+0
24-Apr-25	15:36:13	-0.000000E+0	-4.302550E+0	-9.000000E-5	2.172000E-5	-1.760000E-6	3.401000E-4	3.550000E-6	0.000000E+0	0.000000E+0	1.964247E-4	2.976042E-9	0.000000E+0	0.000000E+0	1.004022E+1	0.000000E+0	3.000000E+0
24-Apr-25	15:36:14	-0.000000E+0	-4.306800E+0	-9.000000E-5	2.169500E-5	-1.765000E-6	3.405000E-4	3.500000E-6	0.000000E+0	0.000000E+0	1.964247E-4	2.976042E-9	0.000000E+0	0.000000E+0	1.004022E+1	0.000000E+0	3.000000E+0
24-Apr-25	15:36:14	-0.000000E+0	-4.312320E+0	-9.000000E-5	2.173500E-5	-1.775000E-6	3.412000E-4	4.250000E-6	0.000000E+0	0.000000E+0	1.964247E-4	2.976042E-9	0.000000E+0	0.000000E+0	1.004022E+1	0.000000E+0	3.000000E+0
24-Apr-25	15:36:15	-0.000000E+0	-4.316970E+0	-9.000000E-5	2.174000E-5	-1.805000E-6	3.411500E-4	4.100000E-6	0.000000E+0	0.000000E+0	1.964247E-4	2.976042E-9	0.000000E+0	0.000000E+0	1.004022E+1	0.000000E+0	3.000000E+0
24-Apr-25	15:36:15	-0.000000E+0	-4.321180E+0	-9.000000E-5	2.173500E-5	-1.800000E-6	3.409000E-4	3.800000E-6	0.000000E+0	0.000000E+0	1.964247E-4	2.976042E-9	0.000000E+0	0.000000E+0	1.004022E+1	0.000000E+0	3.000000E+0
24-Apr-25	15:36:16	-0.000000E+0	-4.325380E+0	-9.000000E-5	2.172000E-5	-1.780000E-6	3.412000E-4	3.850000E-6	0.000000E+0	0.000000E+0	1.964247E-4	2.976042E-9	0.000000E+0	0.000000E+0	1.004022E+1	0.000000E+0	3.000000E+0
24-Apr-25	15:36:16	-0.000000E+0	-4.331395E+0	-9.000000E-5	2.174500E-5	-1.780000E-6	3.402000E-4	4.250000E-6	0.000000E+0	0.000000E+0	1.964247E-4	2.976042E-9	0.000000E+0	0.000000E+0	1.004022E+1	0.000000E+0	3.000000E+0
24-Apr-25	15:36:17	-0.000000E+0	-4.335555E+0	-9.000000E-5	2.175500E-5	-1.790000E-6	3.403500E-4	3.400000E-6	0.000000E+0	0.000000E+0	1.964247E-4	2.976042E-9	0.000000E+0	0.000000E+0	1.004022E+1	0.000000E+0	3.000000E+0
24-Apr-25	15:36:17	-0.000000E+0	-4.339290E+0	-9.000000E-5	2.177500E-5	-1.790000E-6	3.406000E-4	4.700000E-6	0.000000E+0	0.000000E+0	1.964247E-4	2.976042E-9	0.000000E+0	0.000000E+0	1.004022E+1	0.000000E+0	3.000000E+0
24-Apr-25	15:36:18	-0.000000E+0	-4.343020E+0	-9.000000E-5	2.175500E-5	-1.800000E-6	3.407000E-4	3.700000E-6	0.000000E+0	0.000000E+0	1.964247E-4	2.976042E-9	0.000000E+0	0.000000E+0	1.004022E+1	0.000000E+0	3.000000E+0
24-Apr-25	15:36:18	-0.000000E+0	-4.347150E+0	-9.000000E-5	2.173500E-5	-1.775000E-6	3.410500E-4	3.650000E-6	0.000000E+0	0.000000E+0	1.964247E-4	2.976042E-9	0.000000E+0	0.000000E+0	1.004022E+1	0.000000E+0	3.000000E+0
24-Apr-25	15:36:19	-0.000000E+0	-4.352100E+0	-9.000000E-5	2.170500E-5	-1.765000E-6	3.408500E-4	3.800000E-6	0.000000E+0	0.000000E+0	1.964247E-4	2.976042E-9	0.000000E+0	0.000000E+0	1.004022E+1	0.000000E+0	3.000000E+0
24-Apr-25	15:36:20	-0.000000E+0	-4.357845E+0	-9.000000E-5	2.175500E-5	-1.795000E-6	3.408000E-4	3.900000E-6	0.000000E+0	0.000000E+0	1.964247E-4	2.976042E-9	0.000000E+0	0.000000E+0	1.004022E+1	0.000000E+0	3.000000E+0
24-Apr-25	15:36:20	-0.000000E+0	-4.362085E+0	-9.000000E-5	2.174500E-5	-1.805000E-6	3.407000E-4	3.650000E-6	0.000000E+0	0.000000E+0	1.964247E-4	2.976042E-9	0.000000E+0	0.000000E+0	1.004022E+1	0.000000E+0	3.000000E+0
24-Apr-25	15:36:21	-0.000000E+0	-4.367405E+0	-9.000000E-5	2.176000E-5	-1.820000E-6	3.404000E-4	3.600000E-6	0.000000E+0	0.000000E+0	1.964247E-4	2.976042E-9	0.000000E+0	0.000000E+0	1.004022E+1	0.000000E+0	3.000000E+0
24-Apr-25	15:36:22	-0.000000E+0	-4.372680E+0	-9.000000E-5	2.174500E-5	-1.745000E-6	3.409000E-4	3.400000E-6	0.000000E+0	0.000000E+0	1.964247E-4	2.976042E-9	0.000000E+0	0.000000E+0	1.004022E+1	0.000000E+0	3.000000E+0
24-Apr-25	15:36:22	-0.000000E+0	-4.377135E+0	-9.000000E-5	2.177000E-5	-1.770000E-6	3.410500E-4	3.850000E-6	0.000000E+0	0.000000E+0	1.964247E-4	2.976042E-9	0.000000E+0	0.000000E+0	1.004022E+1	0.000000E+0	3.000000E+0
24-Apr-25	15:36:23	-0.000000E+0	-4.381575E+0	-9.000000E-5	2.178500E-5	-1.795000E-6	3.406500E-4	4.250000E-6	0.000000E+0	0.000000E+0	1.964247E-4	2.976042E-9	0.000000E+0	0.000000E+0	1.004022E+1	0.000000E+0	3.000000E+0
24-Apr-25	15:36:23	-0.000000E+0	-4.385345E+0	-9.000000E-5	2.175500E-5	-1.795000E-6	3.412000E-4	4.650000E-6	0.000000E+0	0.000000E+0	1.964247E-4	2.976042E-9	0.000000E+0	0.000000E+0	1.004022E+1	0.000000E+0	3.000000E+0
24-Apr-25	15:36:23	-0.000000E+0	-4.385900E+0	-9.000000E-5	2.178500E-5	-1.815000E-6	3.410500E-4	4.150000E-6	0.000000E+0	0.000000E+0	1.964247E-4	2.976042E-9	0.000000E+0	0.000000E+0	1.004022E+1	0.000000E+0	3.000000E+0
24-Apr-25	15:36:24	-0.000000E+0	-4.392560E+0	-9.000000E-5	2.182500E-5	-1.805000E-6	3.411000E-4	4.100000E-6	0.000000E+0	0.000000E+0	1.964247E-4	2.976042E-9	0.000000E+0	0.000000E+0	1.004022E+1	0.000000E+0	3.000000E+0
24-Apr-25	15:36:24	-0.000000E+0	-4.396155E+0	-9.000000E-5	2.173000E-5	-1.800000E-6	3.409000E-4	4.150000E-6	0.000000E+0	0.000000E+0	1.964247E-4	2.976042E-9	0.000000E+0	0.000000E+0	1.004022E+1	0.000000E+0	3.000000E+0
24-Apr-25	15:36:25	-0.000000E+0	-4.400125E+0	-9.000000E-5	2.182000E-5	-1.785000E-6	3.406500E-4	3.650000E-6	0.000000E+0	0.000000E+0	1.964247E-4	2.976042E-9	0.000000E+0	0.000000E+0	1.004022E+1	0.000000E+0	3.000000E+0
24-Apr-25	15:36:25	-0.000000E+0	-4.403695E+0	-9.000000E-5	2.181000E-5	-1.800000E-6	3.412000E-4	3.500000E-6	0.000000E+0	0.000000E+0	1.964247E-4	2.976042E-9	0.000000E+0	0.000000E+0	1.004022E+1	0.000000E+0	3.000000E+0
24-Apr-25	15:36:26	-0.000000E+0	-4.407385E+0	-9.000000E-5	2.181000E-5	-1.750000E-6	3.404000E-4	4.100000E-6	0.000000E+0	0.000000E+0	1.964247E-4	2.976042E-9	0.000000E+0	0.000000E+0	1.004022E+1	0.000000E+0	3.000000E+0
24-Apr-25	15:36:26	-0.000000E+0	-4.411340E+0	-9.000000E-5	2.177500E-5	-1.740000E-6	3.411000E-4	4.200000E-6	0.000000E+0	0.000000E+0	1.964247E-4	2.976042E-9	0.000000E+0	0.000000E+0	1.004022E+1	0.000000E+0	3.000000E+0
24-Apr-25	15:36:27	-0.000000E+0	-4.415655E+0	-9.000000E-5	2.183500E-5	-1.790000E-6	3.412000E-4	3.650000E-6	0.000000E+0	0.000000E+0	1.964247E-4	2.976042E-9	0.000000E+0	0.000000E+0	1.004022E+1	0.000000E+0	3.000000E+0
24-Apr-25	15:36:27	-0.000000E+0	-4.419200E+0	-9.000000E-5	2.185500E-5	-1.790000E-6	3.413000E-4	3.700000E-6	0.000000E+0	0.000000E+0	1.964247E-4	2.976042E-9	0.000000E+0	0.000000E+0	1.004022E+1	0.000000E+0	3.000000E+0
24-Apr-25	15:36:28	-0.000000E+0	-4.423110E+0	-9.000000E-5	2.186500E-5	-1.795000E-6	3.412000E-4	4.500000E-6	0.000000E+0	0.000000E+0	1.964247E-4	2.976042E-9	0.000000E+0	0.000000E+0	1.004022E+1	0.000000E+0	3.000000E+0
24-Apr-25	15:36:28	-0.000000E+0	-4.426620E+0	-9.000000E-5	2.183000E-5	-1.835000E-6	3.407500E-4	3.600000E-6	0.000000E+0	0.000000E+0	1.964247E-4	2.976042E-9	0.000000E+0	0.000000E+0	1.004022E+1	0.000000E+0	3.000000E+0
24-Apr-25	15:36:29	-0.000000E+0	-4.430135E+0	-9.000000E-5	2.181000E-5	-1.825000E-6	3.409500E-4	3.900000E-6	0.000000E+0	0.000000E+0	1.964247E-4	2.976042E-9	0.000000E+0	0.000000E+0	1.004022E+1	0.000000E+0	3.000000E+0
24-Apr-25	15:36:29	-0.000000E+0	-4.434410E+0	-9.000000E-5	2.182500E-5	-1.815000E-6	3.414000E-4	4.250000E-6	0.000000E+0	0.000000E+0	1.964247E-4	2.976042E-9	0.000000E+0	0.000000E+0	1.004022E+1	0.000000E+0	3.000000E+0
24-Apr-25	15:36:30	-0.000000E+0	-4.437880E+0	-9.000000E-5	2.182500E-5	-1.810000E-6	3.413500E-4	4.000000E-6	0.000000E+0	0.000000E+0	1.964247E-4	2.976042E-9	0.000000E+0	0.000000E+0	1.004022E+1	0.000000E+0	3.000000E+0
24-Apr-25	15:36:30	-0.000000E+0	-4.441750E+0	-9.000000E-5	2.185000E-5	-1.780000E-6	3.416000E-4	4.250000E-6	0.000000E+0	0.000000E+0	1.964247E-4	2.976042E-9	0.000000E+0	0.000000E+0	1.004022E+1	0.000000E+0	3.000000E+0
24-Apr-25	15:36:31	-0.000000E+0	-4.445220E+0	-9.000000E-5	2.184000E-5	-1.785000E-6	3.406500E-4	3.900000E-6	0.000000E+0	0.000000E+0	1.964247E-4	2.976042E-9	0.000000E+0	0.000000E+0	1.004022E+1	0.000000E+0	3.000000E+0
24-Apr-25	15:36:31	-0.000000E+0	-4.446570E+0	-9.000000E-5	2.186000E-5	-1.800000E-6	3.407000E-4	4.000000E-6	0.000000E+0	0.000000E+0	1.964247E-4	2.976042E-9	0.000000E+0	0.000000E+0	1.004022E+1	0.000000E+0	3.000000E+0
24-Apr-25	15:36:32	-0.000000E+0	-4.453325E+0	-9.000000E-5	2.187000E-5	-1.795000E-6	3.409000E-4	4.200000E-6	0.000000E+0	0.000000E+0	1.964247E-4	2.976042E-9	0.000000E+0	0.000000E+0	1.004022E+1	0.000000E+0	3.000000E+0
24-Apr-25	15:36:32	-0.000000E+0	-4.457595E+0	-9.000000E-5	2.187000E-5	-1.800000E-6	3.411500E-4	4.050000E-6	0.000000E+0	0.000000E+0	1.964247E-4	2.976042E-9	0.000000E+0	0.000000E+0	1.004022E+1	0.000000E+0	3.000000E+0
24-Apr-25	15:36:33	-0.000000E+0	-4.461005E+0	-9.000000E-5	2.182500E-5	-1.810000E-6	3.410500E-4	4.000000E-6	0.000000E+0	0.000000E+0	1.964247E-4	2.976042E-9	0.000000E+0	0.000000E+0	1.004022E+1	0.000000E+0	3.000000E+0
24-Apr-25	15:36:33	-0.000000E+0	-4.464795E+0	-9.000000E-5	2.187500E-5	-1.780000E-6	3.407500E-4	3.400000E-6	0.000000E+0	0.000000E+0	1.964247E-4	2.976042E-9	0.000000E+0	0.000000E+0	1.004022E+1	0.000000E+0	3.000000E+0
24-Apr-25	15:36:34	-0.000000E+0	-4.468935E+0	-9.000000E-5	2.188500E-5	-1.760000E-6	3.411000E-4	3.650000E-6	0.000000E+0	0.000000E+0	1.964247E-4	2.976042E-9	0.000000E+0	0.000000E+0	1.004022E+1	0.000000E+0	3.000000E+0
24-Apr-25	15:36:34	-0.000000E+0	-4.473080E+0	-9.000000E-5	2.184500E-5	-1.765000E-6	3.410000E-4	4.200000E-6	0.000000E+0	0.000000E+0	1.964247E-4	2.976042E-9	0.000000E+0	0.000000E+0	1.004022E+1	0.000000E+0	3.000000E+0
24-Apr-25	15:36:35	-0.000000E+0	-4.473710E+0	-9.000000E-5	2.185000E-5	-1.765000E-6	3.407000E-4	4.150000E-6	0.000000E+0	0.000000E+0	1.964247E-4	2.976042E-9	0.000000E+0	0.000000E+0	1.004022E+1	0.000000E+0	3.000000E+0
24-Apr-25	15:36:35	-0.000000E+0	-4.479965E+0	-9.000000E-5	2.188000E-5	-1.755000E-6	3.406500E-4	4.100000E-6	0.000000E+0	0.000000E+0	1.964247E-4	2.976042E-9	0.000000E+0	0.000000E+0	1.004022E+1	0.000000E+0	3.000000E+0
24-Apr-25	15:36:36	-0.000000E+0	-4.483330E+0	-9.000000E-5	2.190000E-5	-1.770000E-6	3.405000E-4	3.900000E-6	0.000000E+0	0.000000E+0	1.964247E-4	2.976042E-9	0.000000E+0	0.000000E+0	1.004022E+1	0.000000E+0	3.000000E+0
24-Apr-25	15:36:36	-0.000000E+0	-4.486700E+0	-9.000000E-5	2.190000E-5	-1.775000E-6	3.410000E-4	3.650000E-6	0.000000E+0	0.000000E+0	1.964247E-4	2.976042E-9	0.000000E+0	0.000000E+0	1.004022E+1	0.000000E+0	3.000000E+0
24-Apr-25	15:36:37	-0.000000E+0	-4.490410E+0	-9.000000E-5	2.188500E-5	-1.780000E-6	3.412000E-4	4.350000E-6	0.000000E+0	0.000000E+0	1.964247E-4	2.976042E-9	0.000000E+0	0.000000E+0	1.004022E+1	0.000000E+0	3.000000E+0
24-Apr-25	15:36:37	-0.000000E+0	-4.493740E+0	-9.000000E-5	2.189000E-5	-1.745000E-6	3.409000E-4	3.650000E-6	0.000000E+0	0.000000E+0	1.964247E-4	2.976042E-9	0.000000E+0	0.000000E+0	1.004022E+1	0.000000E+0	3.000000E+0
24-Apr-25	15:36:38	-0.000000E+0	-4.497055E+0	-9.000000E-5	2.188500E-5	-1.755000E-6	3.407500E-4	3.950000E-6	0.000000E+0	0.000000E+0	1.964247E-4	2.976042E-9	0.000000E+0	0.000000E+0	1.004022E+1	0.000000E+0	3.000000E+0
24-Apr-25	15:36:38	-0.000000E+0	-4.497610E+0	-9.000000E-5	2.186000E-5	-1.790000E-6	3.411500E-4	4.250000E-6	0.000000E+0	0.000000E+0	1.964247E-4	2.976042E-9	0.000000E+0	0.000000E+0	1.004022E+1	0.000000E+0	3.000000E+0
24-Apr-25	15:36:38	-0.000000E+0	-4.503685E+0	-9.000000E-5	2.186000E-5	-1.800000E-6	3.410000E-4	3.900000E-6	0.000000E+0	0.000000E+0	1.964247E-4	2.976042E-9	0.000000E+0	0.000000E+0	1.004022E+1	0.000000E+0	3.000000E+0
24-Apr-25	15:36:39	-0.000000E+0	-4.506985E+0	-9.000000E-5	2.184000E-5	-1.860000E-6	3.408000E-4	4.150000E-6	0.000000E+0	0.000000E+0	1.964247E-4	2.976042E-9	0.000000E+0	0.000000E+0	1.004022E+1	0.000000E+0	3.000000E+0
24-Apr-25	15:36:39	-0.000000E+0	-4.510270E+0	-9.000000E-5	2.188000E-5	-1.820000E-6	3.413000E-4	3.750000E-6	0.000000E+0	0.000000E+0	1.964247E-4	2.976042E-9	0.000000E+0	0.000000E+0	1.004022E+1	0.000000E+0	3.000000E+0
24-Apr-25	15:36:40	-0.000000E+0	-4.513905E+0	-9.000000E-5	2.189500E-5	-1.785000E-6	3.410500E-4	3.650000E-6	0.000000E+0	0.000000E+0	1.964247E-4	2.976042E-9	0.000000E+0	0.000000E+0	1.004022E+1	0.000000E+0	3.000000E+0
24-Apr-25	15:36:40	-0.000000E+0	-4.517565E+0	-9.000000E-5	2.188500E-5	-1.765000E-6	3.410500E-4	3.850000E-6	0.000000E+0	0.000000E+0	1.964247E-4	2.976042E-9	0.000000E+0	0.000000E+0	1.004022E+1	0.000000E+0	3.000000E+0
24-Apr-25	15:36:41	-0.000000E+0	-4.518470E+0	-9.000000E-5	2.190000E-5	-1.800000E-6	3.410500E-4	4.350000E-6	0.000000E+0	0.000000E+0	1.964247E-4	2.976042E-9	0.000000E+0	0.000000E+0	1.004022E+1	0.000000E+0	3.000000E+0
24-Apr-25	15:36:41	-0.000000E+0	-4.524905E+0	-9.000000E-5	2.190500E-5	-1.805000E-6	3.413500E-4	4.350000E-6	0.000000E+0	0.000000E+0	1.964247E-4	2.976042E-9	0.000000E+0	0.000000E+0	1.004022E+1	0.000000E+0	3.000000E+0
24-Apr-25	15:36:42	-0.000000E+0	-4.528125E+0	-9.000000E-5	2.192500E-5	-1.750000E-6	3.414500E-4	3.900000E-6	0.000000E+0	0.000000E+0	1.964247E-4	2.976042E-9	0.000000E+0	0.000000E+0	1.004022E+1	0.000000E+0	3.000000E+0
24-Apr-25	15:36:42	-0.000000E+0	-4.529755E+0	-9.000000E-5	2.192000E-5	-1.800000E-6	3.410000E-4	3.800000E-6	0.000000E+0	0.000000E+0	1.964247E-4	2.976042E-9	0.000000E+0	0.000000E+0	1.004022E+1	0.000000E+0	3.000000E+0
24-Apr-25	15:36:43	-0.000000E+0	-4.535670E+0	-9.000000E-5	2.187000E-5	-1.795000E-6	3.412500E-4	3.700000E-6	0.000000E+0	0.000000E+0	1.964247E-4	2.976042E-9	0.000000E+0	0.000000E+0	1.004022E+1	0.000000E+0	3.000000E+0
24-Apr-25	15:36:43	-0.000000E+0	-4.539595E+0	-9.000000E-5	2.187000E-5	-1.790000E-6	3.407500E-4	4.250000E-6	0.000000E+0	0.000000E+0	1.964247E-4	2.976042E-9	0.000000E+0	0.000000E+0	1.004022E+1	0.000000E+0	3.000000E+0
24-Apr-25	15:36:44	-0.000000E+0	-4.543500E+0	-9.000000E-5	2.188500E-5	-1.770000E-6	3.412000E-4	3.800000E-6	0.000000E+0	0.000000E+0	1.964247E-4	2.976042E-9	0.000000E+0	0.000000E+0	1.004022E+1	0.000000E+0	3.000000E+0
24-Apr-25	15:36:44	-0.000000E+0	-4.544025E+0	-9.000000E-5	2.187500E-5	-1.740000E-6	3.411000E-4	3.800000E-6	0.000000E+0	0.000000E+0	1.964247E-4	2.976042E-9	0.000000E+0	0.000000E+0	1.004022E+1	0.000000E+0	3.000000E+0
24-Apr-25	15:36:45	-0.000000E+0	-4.549875E+0	-9.000000E-5	2.187500E-5	-1.720000E-6	3.410500E-4	3.950000E-6	0.000000E+0	0.000000E+0	1.964247E-4	2.976042E-9	0.000000E+0	0.000000E+0	1.004022E+1	0.000000E+0	3.000000E+0
24-Apr-25	15:36:45	-0.000000E+0	-4.553535E+0	-9.000000E-5	2.191500E-5	-1.780000E-6	3.413500E-4	4.400000E-6	0.000000E+0	0.000000E+0	1.964247E-4	2.976042E-9	0.000000E+0	0.000000E+0	1.004022E+1	0.000000E+0	3.000000E+0
24-Apr-25	15:36:46	-0.000000E+0	-4.557045E+0	-9.000000E-5	2.192500E-5	-1.800000E-6	3.409500E-4	3.900000E-6	0.000000E+0	0.000000E+0	1.964247E-4	2.976042E-9	0.000000E+0	0.000000E+0	1.004022E+1	0.000000E+0	3.000000E+0
24-Apr-25	15:36:46	-0.000000E+0	-4.560200E+0	-9.000000E-5	2.187500E-5	-1.780000E-6	3.405500E-4	4.100000E-6	0.000000E+0	0.000000E+0	1.964247E-4	2.976042E-9	0.000000E+0	0.000000E+0	1.004022E+1	0.000000E+0	3.000000E+0
24-Apr-25	15:36:47	-0.000000E+0	-4.564050E+0	-9.000000E-5	2.190500E-5	-1.790000E-6	3.411000E-4	4.500000E-6	0.000000E+0	0.000000E+0	1.964247E-4	2.976042E-9	0.000000E+0	0.000000E+0	1.004022E+1	0.000000E+0	3.000000E+0
24-Apr-25	15:36:47	-0.000000E+0	-4.564220E+0	-9.000000E-5	2.194000E-5	-1.795000E-6	3.408500E-4	4.150000E-6	0.000000E+0	0.000000E+0	1.964247E-4	2.976042E-9	0.000000E+0	0.000000E+0	1.004022E+1	0.000000E+0	3.000000E+0
24-Apr-25	15:36:48	-0.000000E+0	-4.570330E+0	-9.000000E-5	2.193000E-5	-1.755000E-6	3.404500E-4	4.150000E-6	0.000000E+0	0.000000E+0	1.964247E-4	2.976042E-9	0.000000E+0	0.000000E+0	1.004022E+1	0.000000E+0	3.000000E+0
24-Apr-25	15:36:48	-0.000000E+0	-4.573845E+0	-9.000000E-5	2.193500E-5	-1.745000E-6	3.404000E-4	3.800000E-6	0.000000E+0	0.000000E+0	1.964247E-4	2.976042E-9	0.000000E+0	0.000000E+0	1.004022E+1	0.000000E+0	3.000000E+0
24-Apr-25	15:36:49	-0.000000E+0	-4.575090E+0	-9.000000E-5	2.193000E-5	-1.800000E-6	3.411500E-4	3.700000E-6	0.000000E+0	0.000000E+0	1.964247E-4	2.976042E-9	0.000000E+0	0.000000E+0	1.004022E+1	0.000000E+0	3.000000E+0
24-Apr-25	15:36:49	-0.000000E+0	-4.581155E+0	-9.000000E-5	2.194500E-5	-1.795000E-6	3.410500E-4	3.650000E-6	0.000000E+0	0.000000E+0	1.964247E-4	2.976042E-9	0.000000E+0	0.000000E+0	1.004022E+1	0.000000E+0	3.000000E+0
24-Apr-25	15:36:50	-0.000000E+0	-4.584260E+0	-9.000000E-5	2.194000E-5	-1.760000E-6	3.408000E-4	3.650000E-6	0.000000E+0	0.000000E+0	1.964247E-4	2.976042E-9	0.000000E+0	0.000000E+0	1.004022E+1	0.000000E+0	3.000000E+0
24-Apr-25	15:36:50	-0.000000E+0	-4.587680E+0	-9.000000E-5	2.195500E-5	-1.800000E-6	3.408500E-4	4.650000E-6	0.000000E+0	0.000000E+0	1.964247E-4	2.976042E-9	0.000000E+0	0.000000E+0	1.004022E+1	0.000000E+0	3.000000E+0
24-Apr-25	15:36:51	-0.000000E+0	-4.588525E+0	-9.000000E-5	2.192000E-5	-1.790000E-6	3.408500E-4	4.600000E-6	0.000000E+0	0.000000E+0	1.964247E-4	2.976042E-9	0.000000E+0	0.000000E+0	1.004022E+1	0.000000E+0	3.000000E+0
24-Apr-25	15:36:51	-0.000000E+0	-4.594500E+0	-9.000000E-5	2.192000E-5	-1.785000E-6	3.415000E-4	4.350000E-6	0.000000E+0	0.000000E+0	1.964247E-4	2.976042E-9	0.000000E+0	0.000000E+0	1.004022E+1	0.000000E+0	3.000000E+0
24-Apr-25	15:36:52	-0.000000E+0	-4.597570E+0	-9.000000E-5	2.190000E-5	-1.790000E-6	3.410000E-4	4.250000E-6	0.000000E+0	0.000000E+0	1.964247E-4	2.976042E-9	0.000000E+0	0.000000E+0	1.004022E+1	0.000000E+0	3.000000E+0
24-Apr-25	15:36:52	-0.000000E+0	-4.600670E+0	-9.000000E-5	2.194000E-5	-1.780000E-6	3.410500E-4	3.650000E-6	0.000000E+0	0.000000E+0	1.964247E-4	2.976042E-9	0.000000E+0	0.000000E+0	1.004022E+1	0.000000E+0	3.000000E+0
24-Apr-25	15:36:53	-0.000000E+0	-4.604105E+0	-9.000000E-5	2.196000E-5	-1.775000E-6	3.413000E-4	3.700000E-6	0.000000E+0	0.000000E+0	1.964247E-4	2.976042E-9	0.000000E+0	0.000000E+0	1.004022E+1	0.000000E+0	3.000000E+0
24-Apr-25	15:36:53	-0.000000E+0	-4.607475E+0	-9.000000E-5	2.191500E-5	-1.775000E-6	3.410500E-4	3.800000E-6	0.000000E+0	0.000000E+0	1.964247E-4	2.976042E-9	0.000000E+0	0.000000E+0	1.004022E+1	0.000000E+0	3.000000E+0
24-Apr-25	15:36:54	-0.000000E+0	-4.610170E+0	-9.000000E-5	2.185500E-5	-1.840000E-6	3.410500E-4	4.350000E-6	0.000000E+0	0.000000E+0	1.964247E-4	2.976042E-9	0.000000E+0	0.000000E+0	1.004022E+1	0.000000E+0	3.000000E+0
24-Apr-25	15:36:54	-0.000000E+0	-4.613845E+0	-9.000000E-5	2.191500E-5	-1.805000E-6	3.410500E-4	4.050000E-6	0.000000E+0	0.000000E+0	1.964247E-4	2.976042E-9	0.000000E+0	0.000000E+0	1.004022E+1	0.000000E+0	3.000000E+0
24-Apr-25	15:36:55	-0.000000E+0	-4.616845E+0	-9.000000E-5	2.196500E-5	-1.800000E-6	3.415000E-4	3.900000E-6	0.000000E+0	0.000000E+0	1.964247E-4	2.976042E-9	0.000000E+0	0.000000E+0	1.004022E+1	0.000000E+0	3.000000E+0
24-Apr-25	15:36:55	-0.000000E+0	-4.620175E+0	-9.000000E-5	2.195000E-5	-1.820000E-6	3.408500E-4	4.000000E-6	0.000000E+0	0.000000E+0	1.964247E-4	2.976042E-9	0.000000E+0	0.000000E+0	1.004022E+1	0.000000E+0	3.000000E+0
24-Apr-25	15:36:56	-0.000000E+0	-4.623155E+0	-9.000000E-5	2.195000E-5	-1.835000E-6	3.412500E-4	4.200000E-6	0.000000E+0	0.000000E+0	1.964247E-4	2.976042E-9	0.000000E+0	0.000000E+0	1.004022E+1	0.000000E+0	3.000000E+0
24-Apr-25	15:36:56	-0.000000E+0	-4.626255E+0	-9.000000E-5	2.193500E-5	-1.820000E-6	3.407500E-4	4.400000E-6	0.000000E+0	0.000000E+0	1.964247E-4	2.976042E-9	0.000000E+0	0.000000E+0	1.004022E+1	0.000000E+0	3.000000E+0
24-Apr-25	15:36:57	-0.000000E+0	-4.629225E+0	-9.000000E-5	2.192000E-5	-1.810000E-6	3.412000E-4	4.000000E-6	0.000000E+0	0.000000E+0	1.964247E-4	2.976042E-9	0.000000E+0	0.000000E+0	1.004022E+1	0.000000E+0	3.000000E+0
24-Apr-25	15:36:57	-0.000000E+0	-4.629705E+0	-9.000000E-5	2.190000E-5	-1.785000E-6	3.409000E-4	4.600000E-6	0.000000E+0	0.000000E+0	1.964247E-4	2.976042E-9	0.000000E+0	0.000000E+0	1.004022E+1	0.000000E+0	3.000000E+0
24-Apr-25	15:36:57	-0.000000E+0	-4.635460E+0	-9.000000E-5	2.193000E-5	-1.770000E-6	3.412000E-4	4.200000E-6	0.000000E+0	0.000000E+0	1.964247E-4	2.976042E-9	0.000000E+0	0.000000E+0	1.004022E+1	0.000000E+0	3.000000E+0
24-Apr-25	15:36:58	-0.000000E+0	-4.638400E+0	-9.000000E-5	2.196500E-5	-1.785000E-6	3.413500E-4	3.500000E-6	0.000000E+0	0.000000E+0	1.964247E-4	2.976042E-9	0.000000E+0	0.000000E+0	1.004022E+1	0.000000E+0	3.000000E+0
24-Apr-25	15:36:58	-0.000000E+0	-4.641340E+0	-9.000000E-5	2.194000E-5	-1.775000E-6	3.411000E-4	4.100000E-6	0.000000E+0	0.000000E+0	1.964247E-4	2.976042E-9	0.000000E+0	0.000000E+0	1.004022E+1	0.000000E+0	3.000000E+0
24-Apr-25	15:36:59	-0.000000E+0	-4.642150E+0	-9.000000E-5	2.194000E-5	-1.775000E-6	3.419000E-4	4.150000E-6	0.000000E+0	0.000000E+0	1.964247E-4	2.976042E-9	0.000000E+0	0.000000E+0	1.004022E+1	0.000000E+0	3.000000E+0
24-Apr-25	15:36:59	-0.000000E+0	-4.647560E+0	-9.000000E-5	2.193000E-5	-1.765000E-6	3.406500E-4	4.300000E-6	0.000000E+0	0.000000E+0	1.964247E-4	2.976042E-9	0.000000E+0	0.000000E+0	1.004022E+1	0.000000E+0	3.000000E+0
24-Apr-25	15:37:00	-0.000000E+0	-4.651210E+0	-9.000000E-5	2.195000E-5	-1.785000E-6	3.410500E-4	4.100000E-6	0.000000E+0	0.000000E+0	1.964247E-4	2.976042E-9	0.000000E+0	0.000000E+0	1.004022E+1	0.000000E+0	3.000000E+0
24-Apr-25	15:37:00	-0.000000E+0	-4.654110E+0	-9.000000E-5	2.190500E-5	-1.825000E-6	3.411000E-4	3.950000E-6	0.000000E+0	0.000000E+0	1.964247E-4	2.976042E-9	0.000000E+0	0.000000E+0	1.004022E+1	0.000000E+0	3.000000E+0
24-Apr-25	15:37:01	-0.000000E+0	-4.657000E+0	-9.000000E-5	2.190500E-5	-1.850000E-6	3.406500E-4	4.050000E-6	0.000000E+0	0.000000E+0	1.964247E-4	2.976042E-9	0.000000E+0	0.000000E+0	1.004022E+1	0.000000E+0	3.000000E+0
24-Apr-25	15:37:01	-0.000000E+0	-4.660535E+0	-9.000000E-5	2.191000E-5	-1.855000E-6	3.413000E-4	3.350000E-6	0.000000E+0	0.000000E+0	1.964247E-4	2.976042E-9	0.000000E+0	0.000000E+0	1.004022E+1	0.000000E+0	3.000000E+0
24-Apr-25	15:37:02	-0.000000E+0	-4.661015E+0	-9.000000E-5	2.197000E-5	-1.795000E-6	3.420000E-4	3.850000E-6	0.000000E+0	0.000000E+0	1.964247E-4	2.976042E-9	0.000000E+0	0.000000E+0	1.004022E+1	0.000000E+0	3.000000E+0
24-Apr-25	15:37:02	-0.000000E+0	-4.666320E+0	-9.000000E-5	2.194500E-5	-1.805000E-6	3.417500E-4	3.250000E-6	0.000000E+0	0.000000E+0	1.964247E-4	2.976042E-9	0.000000E+0	0.000000E+0	1.004022E+1	0.000000E+0	3.000000E+0
24-Apr-25	15:37:03	-0.000000E+0	-4.669180E+0	-9.000000E-5	2.193000E-5	-1.820000E-6	3.413500E-4	4.100000E-6	0.000000E+0	0.000000E+0	1.964247E-4	2.976042E-9	0.000000E+0	0.000000E+0	1.004022E+1	0.000000E+0	3.000000E+0
24-Apr-25	15:37:03	-0.000000E+0	-4.672345E+0	-9.000000E-5	2.192500E-5	-1.870000E-6	3.423500E-4	3.600000E-6	0.000000E+0	0.000000E+0	1.964247E-4	2.976042E-9	0.000000E+0	0.000000E+0	1.004022E+1	0.000000E+0	3.000000E+0
24-Apr-25	15:37:04	-0.000000E+0	-4.675195E+0	-9.000000E-5	2.189000E-5	-1.850000E-6	3.408000E-4	4.100000E-6	0.000000E+0	0.000000E+0	1.964247E-4	2.976042E-9	0.000000E+0	0.000000E+0	1.004022E+1	0.000000E+0	3.000000E+0
24-Apr-25	15:37:04	-0.000000E+0	-4.678130E+0	-9.000000E-5	2.195000E-5	-1.820000E-6	3.410500E-4	4.800000E-6	0.000000E+0	0.000000E+0	1.964247E-4	2.976042E-9	0.000000E+0	0.000000E+0	1.004022E+1	0.000000E+0	3.000000E+0
24-Apr-25	15:37:05	-0.000000E+0	-4.681280E+0	-9.000000E-5	2.201000E-5	-1.825000E-6	3.410500E-4	4.000000E-6	0.000000E+0	0.000000E+0	1.964247E-4	2.976042E-9	0.000000E+0	0.000000E+0	1.004022E+1	0.000000E+0	3.000000E+0
24-Apr-25	15:37:05	-0.000000E+0	-4.684735E+0	-9.000000E-5	2.197000E-5	-1.850000E-6	3.415000E-4	3.950000E-6	0.000000E+0	0.000000E+0	1.964247E-4	2.976042E-9	0.000000E+0	0.000000E+0	1.004022E+1	0.000000E+0	3.000000E+0
24-Apr-25	15:37:06	-0.000000E+0	-4.687550E+0	-9.000000E-5	2.191000E-5	-1.795000E-6	3.410000E-4	3.200000E-6	0.000000E+0	0.000000E+0	1.964247E-4	2.976042E-9	0.000000E+0	0.000000E+0	1.004022E+1	0.000000E+0	3.000000E+0
24-Apr-25	15:37:06	-0.000000E+0	-4.690720E+0	-9.000000E-5	2.195000E-5	-1.825000E-6	3.412000E-4	4.050000E-6	0.000000E+0	0.000000E+0	1.964247E-4	2.976042E-9	0.000000E+0	0.000000E+0	1.004022E+1	0.000000E+0	3.000000E+0
24-Apr-25	15:37:07	-0.000000E+0	-4.693270E+0	-9.000000E-5	2.197000E-5	-1.815000E-6	3.411000E-4	3.550000E-6	0.000000E+0	0.000000E+0	1.964247E-4	2.976042E-9	0.000000E+0	0.000000E+0	1.004022E+1	0.000000E+0	3.000000E+0
24-Apr-25	15:37:07	-0.000000E+0	-4.696375E+0	-9.000000E-5	2.196000E-5	-1.780000E-6	3.413500E-4	4.150000E-6	0.000000E+0	0.000000E+0	1.964247E-4	2.976042E-9	0.000000E+0	0.000000E+0	1.004022E+1	0.000000E+0	3.000000E+0
24-Apr-25	15:37:08	-0.000000E+0	-4.699765E+0	-9.000000E-5	2.195000E-5	-1.765000E-6	3.415000E-4	3.900000E-6	0.000000E+0	0.000000E+0	1.964247E-4	2.976042E-9	0.000000E+0	0.000000E+0	1.004022E+1	0.000000E+0	3.000000E+0
24-Apr-25	15:37:08	-0.000000E+0	-4.701165E+0	-9.000000E-5	2.198000E-5	-1.775000E-6	3.415000E-4	3.150000E-6	0.000000E+0	0.000000E+0	1.964247E-4	2.976042E-9	0.000000E+0	0.000000E+0	1.004022E+1	0.000000E+0	3.000000E+0
24-Apr-25	15:37:09	-0.000000E+0	-4.706225E+0	-9.000000E-5	2.195000E-5	-1.810000E-6	3.410000E-4	2.950000E-6	0.000000E+0	0.000000E+0	1.964247E-4	2.976042E-9	0.000000E+0	0.000000E+0	1.004022E+1	0.000000E+0	3.000000E+0
24-Apr-25	15:37:09	-0.000000E+0	-4.709590E+0	-9.000000E-5	2.195000E-5	-1.790000E-6	3.412000E-4	3.950000E-6	0.000000E+0	0.000000E+0	1.964247E-4	2.976042E-9	0.000000E+0	0.000000E+0	1.004022E+1	0.000000E+0	3.000000E+0
24-Apr-25	15:37:10	-0.000000E+0	-4.712335E+0	-9.000000E-5	2.198000E-5	-1.800000E-6	3.414500E-4	3.850000E-6	0.000000E+0	0.000000E+0	1.964247E-4	2.976042E-9	0.000000E+0	0.000000E+0	1.004022E+1	0.000000E+0	3.000000E+0
24-Apr-25	15:37:10	-0.000000E+0	-4.713150E+0	-9.000000E-5	2.196000E-5	-1.740000E-6	3.412000E-4	4.400000E-6	0.000000E+0	0.000000E+0	1.964247E-4	2.976042E-9	0.000000E+0	0.000000E+0	1.004022E+1	0.000000E+0	3.000000E+0
24-Apr-25	15:37:11	-0.000000E+0	-4.718215E+0	-9.000000E-5	2.199000E-5	-1.795000E-6	3.410500E-4	3.950000E-6	0.000000E+0	0.000000E+0	1.964247E-4	2.976042E-9	0.000000E+0	0.000000E+0	1.004022E+1	0.000000E+0	3.000000E+0
24-Apr-25	15:37:11	-0.000000E+0	-4.721545E+0	-9.000000E-5	2.202000E-5	-1.775000E-6	3.407000E-4	3.850000E-6	0.000000E+0	0.000000E+0	1.964247E-4	2.976042E-9	0.000000E+0	0.000000E+0	1.004022E+1	0.000000E+0	3.000000E+0
24-Apr-25	15:37:12	-0.000000E+0	-4.724265E+0	-9.000000E-5	2.194500E-5	-1.820000E-6	3.414000E-4	3.950000E-6	0.000000E+0	0.000000E+0	1.964247E-4	2.976042E-9	0.000000E+0	0.000000E+0	1.004022E+1	0.000000E+0	3.000000E+0
24-Apr-25	15:37:12	-0.000000E+0	-4.726985E+0	-9.000000E-5	2.196000E-5	-1.815000E-6	3.412000E-4	3.850000E-6	0.000000E+0	0.000000E+0	1.964247E-4	2.976042E-9	0.000000E+0	0.000000E+0	1.004022E+1	0.000000E+0	3.000000E+0
24-Apr-25	15:37:13	-0.000000E+0	-4.729985E+0	-9.000000E-5	2.198500E-5	-1.765000E-6	3.408500E-4	3.800000E-6	0.000000E+0	0.000000E+0	1.964247E-4	2.976042E-9	0.000000E+0	0.000000E+0	1.004022E+1	0.000000E+0	3.000000E+0
24-Apr-25	15:37:13	-0.000000E+0	-4.730435E+0	-9.000000E-5	2.193000E-5	-1.840000E-6	3.415500E-4	4.250000E-6	0.000000E+0	0.000000E+0	1.964247E-4	2.976042E-9	0.000000E+0	0.000000E+0	1.004022E+1	0.000000E+0	3.000000E+0
24-Apr-25	15:37:14	-0.000000E+0	-4.735955E+0	-9.000000E-5	2.197000E-5	-1.785000E-6	3.410500E-4	3.800000E-6	0.000000E+0	0.000000E+0	1.964247E-4	2.976042E-9	0.000000E+0	0.000000E+0	1.004022E+1	0.000000E+0	3.000000E+0
24-Apr-25	15:37:14	-0.000000E+0	-4.738645E+0	-9.000000E-5	2.200500E-5	-1.825000E-6	3.419000E-4	4.400000E-6	0.000000E+0	0.000000E+0	1.964247E-4	2.976042E-9	0.000000E+0	0.000000E+0	1.004022E+1	0.000000E+0	3.000000E+0
24-Apr-25	15:37:14	-0.000000E+0	-4.741320E+0	-9.000000E-5	2.198000E-5	-1.795000E-6	3.413000E-4	4.100000E-6	0.000000E+0	0.000000E+0	1.964247E-4	2.976042E-9	0.000000E+0	0.000000E+0	1.004022E+1	0.000000E+0	3.000000E+0
24-Apr-25	15:37:15	-0.000000E+0	-4.742050E+0	-9.000000E-5	2.195000E-5	-1.820000E-6	3.411000E-4	3.650000E-6	0.000000E+0	0.000000E+0	1.964247E-4	2.976042E-9	0.000000E+0	0.000000E+0	1.004022E+1	0.000000E+0	3.000000E+0
24-Apr-25	15:37:16	-0.000000E+0	-4.746925E+0	-9.000000E-5	2.193000E-5	-1.795000E-6	3.413500E-4	3.400000E-6	0.000000E+0	0.000000E+0	1.964247E-4	2.976042E-9	0.000000E+0	0.000000E+0	1.004022E+1	0.000000E+0	3.000000E+0
24-Apr-25	15:37:16	-0.000000E+0	-4.750440E+0	-9.000000E-5	2.196500E-5	-1.730000E-6	3.416500E-4	4.200000E-6	0.000000E+0	0.000000E+0	1.964247E-4	2.976042E-9	0.000000E+0	0.000000E+0	1.004022E+1	0.000000E+0	3.000000E+0
24-Apr-25	15:37:16	-0.000000E+0	-4.753180E+0	-9.000000E-5	2.195000E-5	-1.820000E-6	3.410500E-4	4.350000E-6	0.000000E+0	0.000000E+0	1.964247E-4	2.976042E-9	0.000000E+0	0.000000E+0	1.004022E+1	0.000000E+0	3.000000E+0
24-Apr-25	15:37:17	-0.000000E+0	-4.755795E+0	-9.000000E-5	2.198500E-5	-1.800000E-6	3.412000E-4	4.050000E-6	0.000000E+0	0.000000E+0	1.964247E-4	2.976042E-9	0.000000E+0	0.000000E+0	1.004022E+1	0.000000E+0	3.000000E+0
24-Apr-25	15:37:17	-0.000000E+0	-4.758420E+0	-9.000000E-5	2.200500E-5	-1.785000E-6	3.418000E-4	3.800000E-6	0.000000E+0	0.000000E+0	1.964247E-4	2.976042E-9	0.000000E+0	0.000000E+0	1.004022E+1	0.000000E+0	3.000000E+0
24-Apr-25	15:37:18	-0.000000E+0	-4.758870E+0	-9.000000E-5	2.200000E-5	-1.755000E-6	3.406500E-4	3.950000E-6	0.000000E+0	0.000000E+0	1.964247E-4	2.976042E-9	0.000000E+0	0.000000E+0	1.004022E+1	0.000000E+0	3.000000E+0
24-Apr-25	15:37:18	-0.000000E+0	-4.763955E+0	-9.000000E-5	2.203500E-5	-1.755000E-6	3.413500E-4	4.100000E-6	0.000000E+0	0.000000E+0	1.964247E-4	2.976042E-9	0.000000E+0	0.000000E+0	1.004022E+1	0.000000E+0	3.000000E+0
24-Apr-25	15:37:19	-0.000000E+0	-4.767520E+0	-9.000000E-5	2.190500E-5	-1.780000E-6	3.409000E-4	4.100000E-6	0.000000E+0	0.000000E+0	1.964247E-4	2.976042E-9	0.000000E+0	0.000000E+0	1.004022E+1	0.000000E+0	3.000000E+0
24-Apr-25	15:37:19	-0.000000E+0	-4.768515E+0	-9.000000E-5	2.195000E-5	-1.865000E-6	3.413500E-4	4.100000E-6	0.000000E+0	0.000000E+0	1.964247E-4	2.976042E-9	0.000000E+0	0.000000E+0	1.004022E+1	0.000000E+0	3.000000E+0
24-Apr-25	15:37:20	-0.000000E+0	-4.773285E+0	-9.000000E-5	2.196000E-5	-1.770000E-6	3.411000E-4	4.150000E-6	0.000000E+0	0.000000E+0	1.964247E-4	2.976042E-9	0.000000E+0	0.000000E+0	1.004022E+1	0.000000E+0	3.000000E+0
24-Apr-25	15:37:20	-0.000000E+0	-4.776415E+0	-9.000000E-5	2.202000E-5	-1.790000E-6	3.422000E-4	4.950000E-6	0.000000E+0	0.000000E+0	1.964247E-4	2.976042E-9	0.000000E+0	0.000000E+0	1.004022E+1	0.000000E+0	3.000000E+0
24-Apr-25	15:37:21	-0.000000E+0	-4.777415E+0	-9.000000E-5	2.198500E-5	-1.770000E-6	3.413000E-4	3.750000E-6	0.000000E+0	0.000000E+0	1.964247E-4	2.976042E-9	0.000000E+0	0.000000E+0	1.004022E+1	0.000000E+0	3.000000E+0
24-Apr-25	15:37:22	-0.000000E+0	-4.782215E+0	-9.000000E-5	2.195500E-5	-1.770000E-6	3.411000E-4	3.950000E-6	0.000000E+0	0.000000E+0	1.964247E-4	2.976042E-9	0.000000E+0	0.000000E+0	1.004022E+1	0.000000E+0	3.000000E+0
24-Apr-25	15:37:22	-0.000000E+0	-4.785350E+0	-9.000000E-5	2.198000E-5	-1.795000E-6	3.414000E-4	3.800000E-6	0.000000E+0	0.000000E+0	1.964247E-4	2.976042E-9	0.000000E+0	0.000000E+0	1.004022E+1	0.000000E+0	3.000000E+0
24-Apr-25	15:37:23	-0.000000E+0	-4.788455E+0	-9.000000E-5	2.198500E-5	-1.825000E-6	3.413500E-4	3.900000E-6	0.000000E+0	0.000000E+0	1.964247E-4	2.976042E-9	0.000000E+0	0.000000E+0	1.004022E+1	0.000000E+0	3.000000E+0
24-Apr-25	15:37:23	-0.000000E+0	-4.789145E+0	-9.000000E-5	2.199000E-5	-1.860000E-6	3.412500E-4	4.250000E-6	0.000000E+0	0.000000E+0	1.964247E-4	2.976042E-9	0.000000E+0	0.000000E+0	1.004022E+1	0.000000E+0	3.000000E+0
24-Apr-25	15:37:24	-0.000000E+0	-4.794905E+0	-9.000000E-5	2.198500E-5	-1.820000E-6	3.413000E-4	4.150000E-6	0.000000E+0	0.000000E+0	1.964247E-4	2.976042E-9	0.000000E+0	0.000000E+0	1.004022E+1	0.000000E+0	3.000000E+0
24-Apr-25	15:37:24	-0.000000E+0	-4.797425E+0	-9.000000E-5	2.203000E-5	-1.825000E-6	3.410500E-4	3.850000E-6	0.000000E+0	0.000000E+0	1.964247E-4	2.976042E-9	0.000000E+0	0.000000E+0	1.004022E+1	0.000000E+0	3.000000E+0
24-Apr-25	15:37:25	-0.000000E+0	-4.797840E+0	-9.000000E-5	2.201500E-5	-1.855000E-6	3.410500E-4	3.750000E-6	0.000000E+0	0.000000E+0	1.964247E-4	2.976042E-9	0.000000E+0	0.000000E+0	1.004022E+1	0.000000E+0	3.000000E+0
24-Apr-25	15:37:25	-0.000000E+0	-4.802440E+0	-9.000000E-5	2.199500E-5	-1.785000E-6	3.412000E-4	4.200000E-6	0.000000E+0	0.000000E+0	1.964247E-4	2.976042E-9	0.000000E+0	0.000000E+0	1.004022E+1	0.000000E+0	3.000000E+0
24-Apr-25	15:37:26	-0.000000E+0	-4.805230E+0	-9.000000E-5	2.202000E-5	-1.790000E-6	3.410500E-4	4.100000E-6	0.000000E+0	0.000000E+0	1.964247E-4	2.976042E-9	0.000000E+0	0.000000E+0	1.004022E+1	0.000000E+0	3.000000E+0
24-Apr-25	15:37:26	-0.000000E+0	-4.807730E+0	-9.000000E-5	2.204000E-5	-1.805000E-6	3.417000E-4	3.950000E-6	0.000000E+0	0.000000E+0	1.964247E-4	2.976042E-9	0.000000E+0	0.000000E+0	1.004022E+1	0.000000E+0	3.000000E+0
24-Apr-25	15:37:27	-0.000000E+0	-4.810200E+0	-9.000000E-5	2.203000E-5	-1.810000E-6	3.420500E-4	3.350000E-6	0.000000E+0	0.000000E+0	1.964247E-4	2.976042E-9	0.000000E+0	0.000000E+0	1.004022E+1	0.000000E+0	3.000000E+0
24-Apr-25	15:37:27	-0.000000E+0	-4.813220E+0	-9.000000E-5	2.202500E-5	-1.795000E-6	3.416000E-4	3.700000E-6	0.000000E+0	0.000000E+0	1.964247E-4	2.976042E-9	0.000000E+0	0.000000E+0	1.004022E+1	0.000000E+0	3.000000E+0
24-Apr-25	15:37:28	-0.000000E+0	-4.813625E+0	-9.000000E-5	2.197000E-5	-1.785000E-6	3.410500E-4	4.000000E-6	0.000000E+0	0.000000E+0	1.964247E-4	2.976042E-9	0.000000E+0	0.000000E+0	1.004022E+1	0.000000E+0	3.000000E+0
24-Apr-25	15:37:28	-0.000000E+0	-4.818150E+0	-9.000000E-5	2.205000E-5	-1.820000E-6	3.415000E-4	3.900000E-6	0.000000E+0	0.000000E+0	1.964247E-4	2.976042E-9	0.000000E+0	0.000000E+0	1.004022E+1	0.000000E+0	3.000000E+0
24-Apr-25	15:37:28	-0.000000E+0	-4.820650E+0	-9.000000E-5	2.210000E-5	-1.855000E-6	3.415000E-4	4.500000E-6	0.000000E+0	0.000000E+0	1.964247E-4	2.976042E-9	0.000000E+0	0.000000E+0	1.004022E+1	0.000000E+0	3.000000E+0
24-Apr-25	15:37:29	-0.000000E+0	-4.823420E+0	-9.000000E-5	2.204000E-5	-1.770000E-6	3.415000E-4	4.350000E-6	0.000000E+0	0.000000E+0	1.964247E-4	2.976042E-9	0.000000E+0	0.000000E+0	1.004022E+1	0.000000E+0	3.000000E+0
24-Apr-25	15:37:29	-0.000000E+0	-4.825855E+0	-9.000000E-5	2.194500E-5	-1.810000E-6	3.416000E-4	4.100000E-6	0.000000E+0	0.000000E+0	1.964247E-4	2.976042E-9	0.000000E+0	0.000000E+0	1.004022E+1	0.000000E+0	3.000000E+0
24-Apr-25	15:37:30	-0.000000E+0	-4.828295E+0	-9.000000E-5	2.195500E-5	-1.805000E-6	3.417500E-4	3.750000E-6	0.000000E+0	0.000000E+0	1.964247E-4	2.976042E-9	0.000000E+0	0.000000E+0	1.004022E+1	0.000000E+0	3.000000E+0
24-Apr-25	15:37:30	-0.000000E+0	-4.830715E+0	-9.000000E-5	2.199500E-5	-1.800000E-6	3.412000E-4	3.900000E-6	0.000000E+0	0.000000E+0	1.964247E-4	2.976042E-9	0.000000E+0	0.000000E+0	1.004022E+1	0.000000E+0	3.000000E+0
24-Apr-25	15:37:31	-0.000000E+0	-4.831105E+0	-9.000000E-5	2.202000E-5	-1.815000E-6	3.413500E-4	4.050000E-6	0.000000E+0	0.000000E+0	1.964247E-4	2.976042E-9	0.000000E+0	0.000000E+0	1.004022E+1	0.000000E+0	3.000000E+0
24-Apr-25	15:37:31	-0.000000E+0	-4.835540E+0	-9.000000E-5	2.202000E-5	-1.795000E-6	3.414500E-4	3.800000E-6	0.000000E+0	0.000000E+0	1.964247E-4	2.976042E-9	0.000000E+0	0.000000E+0	1.004022E+1	0.000000E+0	3.000000E+0
24-Apr-25	15:37:32	-0.000000E+0	-4.837960E+0	-9.000000E-5	2.200500E-5	-1.815000E-6	3.413500E-4	3.450000E-6	0.000000E+0	0.000000E+0	1.964247E-4	2.976042E-9	0.000000E+0	0.000000E+0	1.004022E+1	0.000000E+0	3.000000E+0
24-Apr-25	15:37:32	-0.000000E+0	-4.840620E+0	-9.000000E-5	2.197500E-5	-1.780000E-6	3.408500E-4	3.750000E-6	0.000000E+0	0.000000E+0	1.964247E-4	2.976042E-9	0.000000E+0	0.000000E+0	1.004022E+1	0.000000E+0	3.000000E+0
24-Apr-25	15:37:33	-0.000000E+0	-4.843070E+0	-9.000000E-5	2.199500E-5	-1.840000E-6	3.409000E-4	3.900000E-6	0.000000E+0	0.000000E+0	1.964247E-4	2.976042E-9	0.000000E+0	0.000000E+0	1.004022E+1	0.000000E+0	3.000000E+0
24-Apr-25	15:37:33	-0.000000E+0	-4.846030E+0	-9.000000E-5	2.203500E-5	-1.805000E-6	3.414500E-4	4.250000E-6	0.000000E+0	0.000000E+0	1.964247E-4	2.976042E-9	0.000000E+0	0.000000E+0	1.004022E+1	0.000000E+0	3.000000E+0
24-Apr-25	15:37:34	-0.000000E+0	-4.848415E+0	-9.000000E-5	2.201500E-5	-1.800000E-6	3.416500E-4	3.850000E-6	0.000000E+0	0.000000E+0	1.964247E-4	2.976042E-9	0.000000E+0	0.000000E+0	1.004022E+1	0.000000E+0	3.000000E+0
24-Apr-25	15:37:34	-0.000000E+0	-4.851325E+0	-9.000000E-5	2.201000E-5	-1.850000E-6	3.414000E-4	4.150000E-6	0.000000E+0	0.000000E+0	1.964247E-4	2.976042E-9	0.000000E+0	0.000000E+0	1.004022E+1	0.000000E+0	3.000000E+0
24-Apr-25	15:37:35	-0.000000E+0	-4.854200E+0	-9.000000E-5	2.201000E-5	-1.830000E-6	3.414500E-4	3.900000E-6	0.000000E+0	0.000000E+0	1.964247E-4	2.976042E-9	0.000000E+0	0.000000E+0	1.004022E+1	0.000000E+0	3.000000E+0
24-Apr-25	15:37:35	-0.000000E+0	-4.856555E+0	-9.000000E-5	2.204000E-5	-1.820000E-6	3.411000E-4	3.850000E-6	0.000000E+0	0.000000E+0	1.964247E-4	2.976042E-9	0.000000E+0	0.000000E+0	1.004022E+1	0.000000E+0	3.000000E+0
24-Apr-25	15:37:36	-0.000000E+0	-4.859425E+0	-9.000000E-5	2.199500E-5	-1.750000E-6	3.416000E-4	4.250000E-6	0.000000E+0	0.000000E+0	1.964247E-4	2.976042E-9	0.000000E+0	0.000000E+0	1.004022E+1	0.000000E+0	3.000000E+0
24-Apr-25	15:37:36	-0.000000E+0	-4.861775E+0	-9.000000E-5	2.198000E-5	-1.805000E-6	3.413500E-4	4.050000E-6	0.000000E+0	0.000000E+0	1.964247E-4	2.976042E-9	0.000000E+0	0.000000E+0	1.004022E+1	0.000000E+0	3.000000E+0
24-Apr-25	15:37:37	-0.000000E+0	-4.864370E+0	-9.000000E-5	2.195500E-5	-1.805000E-6	3.414500E-4	3.950000E-6	0.000000E+0	0.000000E+0	1.964247E-4	2.976042E-9	0.000000E+0	0.000000E+0	1.004022E+1	0.000000E+0	3.000000E+0
24-Apr-25	15:37:37	-0.000000E+0	-4.864765E+0	-9.000000E-5	2.202500E-5	-1.790000E-6	3.415000E-4	4.250000E-6	0.000000E+0	0.000000E+0	1.964247E-4	2.976042E-9	0.000000E+0	0.000000E+0	1.004022E+1	0.000000E+0	3.000000E+0
24-Apr-25	15:37:38	-0.000000E+0	-4.869120E+0	-9.000000E-5	2.205000E-5	-1.790000E-6	3.412000E-4	4.100000E-6	0.000000E+0	0.000000E+0	1.964247E-4	2.976042E-9	0.000000E+0	0.000000E+0	1.004022E+1	0.000000E+0	3.000000E+0
24-Apr-25	15:37:38	-0.000000E+0	-4.871945E+0	-9.000000E-5	2.204500E-5	-1.845000E-6	3.416000E-4	3.650000E-6	0.000000E+0	0.000000E+0	1.964247E-4	2.976042E-9	0.000000E+0	0.000000E+0	1.004022E+1	0.000000E+0	3.000000E+0
24-Apr-25	15:37:39	-0.000000E+0	-4.874245E+0	-9.000000E-5	2.207000E-5	-1.805000E-6	3.416500E-4	3.950000E-6	0.000000E+0	0.000000E+0	1.964247E-4	2.976042E-9	0.000000E+0	0.000000E+0	1.004022E+1	0.000000E+0	3.000000E+0
24-Apr-25	15:37:39	-0.000000E+0	-4.875135E+0	-9.000000E-5	2.203000E-5	-1.835000E-6	3.412000E-4	4.050000E-6	0.000000E+0	0.000000E+0	1.964247E-4	2.976042E-9	0.000000E+0	0.000000E+0	1.004022E+1	0.000000E+0	3.000000E+0
24-Apr-25	15:37:40	-0.000000E+0	-4.879345E+0	-9.000000E-5	2.203000E-5	-1.850000E-6	3.411500E-4	4.550000E-6	0.000000E+0	0.000000E+0	1.964247E-4	2.976042E-9	0.000000E+0	0.000000E+0	1.004022E+1	0.000000E+0	3.000000E+0
24-Apr-25	15:37:40	-0.000000E+0	-4.881645E+0	-9.000000E-5	2.202500E-5	-1.805000E-6	3.415000E-4	3.550000E-6	0.000000E+0	0.000000E+0	1.964247E-4	2.976042E-9	0.000000E+0	0.000000E+0	1.004022E+1	0.000000E+0	3.000000E+0
24-Apr-25	15:37:41	-0.000000E+0	-4.883920E+0	-9.000000E-5	2.200000E-5	-1.770000E-6	3.418000E-4	3.800000E-6	0.000000E+0	0.000000E+0	1.964247E-4	2.976042E-9	0.000000E+0	0.000000E+0	1.004022E+1	0.000000E+0	3.000000E+0
24-Apr-25	15:37:41	-0.000000E+0	-4.886465E+0	-9.000000E-5	2.201500E-5	-1.790000E-6	3.416000E-4	4.100000E-6	0.000000E+0	0.000000E+0	1.964247E-4	2.976042E-9	0.000000E+0	0.000000E+0	1.004022E+1	0.000000E+0	3.000000E+0
24-Apr-25	15:37:41	-0.000000E+0	-4.888730E+0	-9.000000E-5	2.202500E-5	-1.765000E-6	3.415500E-4	3.450000E-6	0.000000E+0	0.000000E+0	1.964247E-4	2.976042E-9	0.000000E+0	0.000000E+0	1.004022E+1	0.000000E+0	3.000000E+0
24-Apr-25	15:37:42	-0.000000E+0	-4.890995E+0	-9.000000E-5	2.202000E-5	-1.790000E-6	3.411000E-4	4.100000E-6	0.000000E+0	0.000000E+0	1.964247E-4	2.976042E-9	0.000000E+0	0.000000E+0	1.004022E+1	0.000000E+0	3.000000E+0
24-Apr-25	15:37:42	-0.000000E+0	-4.891355E+0	-9.000000E-5	2.199500E-5	-1.800000E-6	3.413000E-4	4.150000E-6	0.000000E+0	0.000000E+0	1.964247E-4	2.976042E-9	0.000000E+0	0.000000E+0	1.004022E+1	0.000000E+0	3.000000E+0
24-Apr-25	15:37:43	-0.000000E+0	-4.895580E+0	-9.000000E-5	2.202000E-5	-1.800000E-6	3.413500E-4	3.650000E-6	0.000000E+0	0.000000E+0	1.964247E-4	2.976042E-9	0.000000E+0	0.000000E+0	1.004022E+1	0.000000E+0	3.000000E+0
24-Apr-25	15:37:43	-0.000000E+0	-4.898070E+0	-9.000000E-5	2.202000E-5	-1.790000E-6	3.414500E-4	4.200000E-6	0.000000E+0	0.000000E+0	1.964247E-4	2.976042E-9	0.000000E+0	0.000000E+0	1.004022E+1	0.000000E+0	3.000000E+0
24-Apr-25	15:37:44	-0.000000E+0	-4.900310E+0	-9.000000E-5	2.201500E-5	-1.785000E-6	3.419500E-4	4.050000E-6	0.000000E+0	0.000000E+0	1.964247E-4	2.976042E-9	0.000000E+0	0.000000E+0	1.004022E+1	0.000000E+0	3.000000E+0
24-Apr-25	15:37:44	-0.000000E+0	-4.903030E+0	-9.000000E-5	2.204000E-5	-1.785000E-6	3.413500E-4	4.150000E-6	0.000000E+0	0.000000E+0	1.964247E-4	2.976042E-9	0.000000E+0	0.000000E+0	1.004022E+1	0.000000E+0	3.000000E+0
24-Apr-25	15:37:45	-0.000000E+0	-4.905505E+0	-9.000000E-5	2.206000E-5	-1.805000E-6	3.414000E-4	4.150000E-6	0.000000E+0	0.000000E+0	1.964247E-4	2.976042E-9	0.000000E+0	0.000000E+0	1.004022E+1	0.000000E+0	3.000000E+0
24-Apr-25	15:37:45	-0.000000E+0	-4.908200E+0	-9.000000E-5	2.206500E-5	-1.815000E-6	3.416500E-4	4.550000E-6	0.000000E+0	0.000000E+0	1.964247E-4	2.976042E-9	0.000000E+0	0.000000E+0	1.004022E+1	0.000000E+0	3.000000E+0
24-Apr-25	15:37:46	-0.000000E+0	-4.910455E+0	-9.000000E-5	2.202000E-5	-1.790000E-6	3.414000E-4	4.250000E-6	0.000000E+0	0.000000E+0	1.964247E-4	2.976042E-9	0.000000E+0	0.000000E+0	1.004022E+1	0.000000E+0	3.000000E+0
24-Apr-25	15:37:46	-0.000000E+0	-4.913205E+0	-9.000000E-5	2.200500E-5	-1.780000E-6	3.416000E-4	3.750000E-6	0.000000E+0	0.000000E+0	1.964247E-4	2.976042E-9	0.000000E+0	0.000000E+0	1.004022E+1	0.000000E+0	3.000000E+0
24-Apr-25	15:37:47	-0.000000E+0	-4.913550E+0	-9.000000E-5	2.207000E-5	-1.790000E-6	3.409000E-4	4.200000E-6	0.000000E+0	0.000000E+0	1.964247E-4	2.976042E-9	0.000000E+0	0.000000E+0	1.004022E+1	0.000000E+0	3.000000E+0
24-Apr-25	15:37:47	-0.000000E+0	-4.917820E+0	-9.000000E-5	2.201000E-5	-1.815000E-6	3.418500E-4	4.250000E-6	0.000000E+0	0.000000E+0	1.964247E-4	2.976042E-9	0.000000E+0	0.000000E+0	1.004022E+1	0.000000E+0	3.000000E+0
24-Apr-25	15:37:48	-0.000000E+0	-4.920240E+0	-9.000000E-5	2.202000E-5	-1.835000E-6	3.416000E-4	3.400000E-6	0.000000E+0	0.000000E+0	1.964247E-4	2.976042E-9	0.000000E+0	0.000000E+0	1.004022E+1	0.000000E+0	3.000000E+0
24-Apr-25	15:37:48	-0.000000E+0	-4.922415E+0	-9.000000E-5	2.205000E-5	-1.810000E-6	3.417500E-4	4.350000E-6	0.000000E+0	0.000000E+0	1.964247E-4	2.976042E-9	0.000000E+0	0.000000E+0	1.004022E+1	0.000000E+0	3.000000E+0
24-Apr-25	15:37:49	-0.000000E+0	-4.922820E+0	-9.000000E-5	2.203500E-5	-1.755000E-6	3.414000E-4	4.200000E-6	0.000000E+0	0.000000E+0	1.964247E-4	2.976042E-9	0.000000E+0	0.000000E+0	1.004022E+1	0.000000E+0	3.000000E+0
24-Apr-25	15:37:49	-0.000000E+0	-4.927080E+0	-9.000000E-5	2.204000E-5	-1.780000E-6	3.415000E-4	4.200000E-6	0.000000E+0	0.000000E+0	1.964247E-4	2.976042E-9	0.000000E+0	0.000000E+0	1.004022E+1	0.000000E+0	3.000000E+0
24-Apr-25	15:37:50	-0.000000E+0	-4.929225E+0	-9.000000E-5	2.203500E-5	-1.810000E-6	3.415000E-4	4.350000E-6	0.000000E+0	0.000000E+0	1.964247E-4	2.976042E-9	0.000000E+0	0.000000E+0	1.004022E+1	0.000000E+0	3.000000E+0
24-Apr-25	15:37:50	-0.000000E+0	-4.931860E+0	-9.000000E-5	2.201000E-5	-1.795000E-6	3.416000E-4	4.100000E-6	0.000000E+0	0.000000E+0	1.964247E-4	2.976042E-9	0.000000E+0	0.000000E+0	1.004022E+1	0.000000E+0	3.000000E+0
24-Apr-25	15:37:51	-0.000000E+0	-4.934015E+0	-9.000000E-5	2.201500E-5	-1.880000E-6	3.413500E-4	4.100000E-6	0.000000E+0	0.000000E+0	1.964247E-4	2.976042E-9	0.000000E+0	0.000000E+0	1.004022E+1	0.000000E+0	3.000000E+0
24-Apr-25	15:37:51	-0.000000E+0	-4.936150E+0	-9.000000E-5	2.204500E-5	-1.820000E-6	3.417500E-4	3.700000E-6	0.000000E+0	0.000000E+0	1.964247E-4	2.976042E-9	0.000000E+0	0.000000E+0	1.004022E+1	0.000000E+0	3.000000E+0
24-Apr-25	15:37:52	-0.000000E+0	-4.936500E+0	-9.000000E-5	2.203000E-5	-1.785000E-6	3.419000E-4	4.100000E-6	0.000000E+0	0.000000E+0	1.964247E-4	2.976042E-9	0.000000E+0	0.000000E+0	1.004022E+1	0.000000E+0	3.000000E+0
24-Apr-25	15:37:52	-0.000000E+0	-4.940440E+0	-9.000000E-5	2.207500E-5	-1.800000E-6	3.416000E-4	3.900000E-6	0.000000E+0	0.000000E+0	1.964247E-4	2.976042E-9	0.000000E+0	0.000000E+0	1.004022E+1	0.000000E+0	3.000000E+0
24-Apr-25	15:37:53	-0.000000E+0	-4.943055E+0	-9.000000E-5	2.204000E-5	-1.820000E-6	3.416000E-4	3.950000E-6	0.000000E+0	0.000000E+0	1.964247E-4	2.976042E-9	0.000000E+0	0.000000E+0	1.004022E+1	0.000000E+0	3.000000E+0
24-Apr-25	15:37:53	-0.000000E+0	-4.945175E+0	-9.000000E-5	2.199500E-5	-1.790000E-6	3.414500E-4	4.100000E-6	0.000000E+0	0.000000E+0	1.964247E-4	2.976042E-9	0.000000E+0	0.000000E+0	1.004022E+1	0.000000E+0	3.000000E+0
24-Apr-25	15:37:54	-0.000000E+0	-4.945750E+0	-9.000000E-5	2.205000E-5	-1.790000E-6	3.416000E-4	4.100000E-6	0.000000E+0	0.000000E+0	1.964247E-4	2.976042E-9	0.000000E+0	0.000000E+0	1.004022E+1	0.000000E+0	3.000000E+0
24-Apr-25	15:37:54	-0.000000E+0	-4.949395E+0	-9.000000E-5	2.207000E-5	-1.795000E-6	3.415000E-4	4.050000E-6	0.000000E+0	0.000000E+0	1.964247E-4	2.976042E-9	0.000000E+0	0.000000E+0	1.004022E+1	0.000000E+0	3.000000E+0
24-Apr-25	15:37:55	-0.000000E+0	-4.951965E+0	-9.000000E-5	2.204500E-5	-1.820000E-6	3.414000E-4	4.000000E-6	0.000000E+0	0.000000E+0	1.964247E-4	2.976042E-9	0.000000E+0	0.000000E+0	1.004022E+1	0.000000E+0	3.000000E+0
24-Apr-25	15:37:55	-0.000000E+0	-4.954505E+0	-9.000000E-5	2.205000E-5	-1.770000E-6	3.415000E-4	4.000000E-6	0.000000E+0	0.000000E+0	1.964247E-4	2.976042E-9	0.000000E+0	0.000000E+0	1.004022E+1	0.000000E+0	3.000000E+0
24-Apr-25	15:37:56	-0.000000E+0	-4.956580E+0	-9.000000E-5	2.207500E-5	-1.790000E-6	3.413000E-4	3.950000E-6	0.000000E+0	0.000000E+0	1.964247E-4	2.976042E-9	0.000000E+0	0.000000E+0	1.004022E+1	0.000000E+0	3.000000E+0
24-Apr-25	15:37:56	-0.000000E+0	-4.959210E+0	-9.000000E-5	2.209000E-5	-1.800000E-6	3.420500E-4	4.150000E-6	0.000000E+0	0.000000E+0	1.964247E-4	2.976042E-9	0.000000E+0	0.000000E+0	1.004022E+1	0.000000E+0	3.000000E+0
24-Apr-25	15:37:57	-0.000000E+0	-4.961725E+0	-9.000000E-5	2.203000E-5	-1.805000E-6	3.413500E-4	3.800000E-6	0.000000E+0	0.000000E+0	1.964247E-4	2.976042E-9	0.000000E+0	0.000000E+0	1.004022E+1	0.000000E+0	3.000000E+0
24-Apr-25	15:37:57	-0.000000E+0	-4.963795E+0	-9.000000E-5	2.205000E-5	-1.820000E-6	3.416000E-4	4.000000E-6	0.000000E+0	0.000000E+0	1.964247E-4	2.976042E-9	0.000000E+0	0.000000E+0	1.004022E+1	0.000000E+0	3.000000E+0
24-Apr-25	15:37:58	-0.000000E+0	-4.966060E+0	-9.000000E-5	2.205000E-5	-1.820000E-6	3.415000E-4	3.400000E-6	0.000000E+0	0.000000E+0	1.964247E-4	2.976042E-9	0.000000E+0	0.000000E+0	1.004022E+1	0.000000E+0	3.000000E+0
24-Apr-25	15:37:58	-0.000000E+0	-4.966415E+0	-9.000000E-5	2.208000E-5	-1.820000E-6	3.414000E-4	4.150000E-6	0.000000E+0	0.000000E+0	1.964247E-4	2.976042E-9	0.000000E+0	0.000000E+0	1.004022E+1	0.000000E+0	3.000000E+0
24-Apr-25	15:37:59	-0.000000E+0	-4.970630E+0	-9.000000E-5	2.204000E-5	-1.835000E-6	3.415000E-4	3.950000E-6	0.000000E+0	0.000000E+0	1.964247E-4	2.976042E-9	0.000000E+0	0.000000E+0	1.004022E+1	0.000000E+0	3.000000E+0
24-Apr-25	15:37:59	-0.000000E+0	-4.972660E+0	-9.000000E-5	2.205000E-5	-1.810000E-6	3.411500E-4	4.450000E-6	0.000000E+0	0.000000E+0	1.964247E-4	2.976042E-9	0.000000E+0	0.000000E+0	1.004022E+1	0.000000E+0	3.000000E+0
24-Apr-25	15:38:00	-0.000000E+0	-4.974690E+0	-9.000000E-5	2.211000E-5	-1.810000E-6	3.413500E-4	4.250000E-6	0.000000E+0	0.000000E+0	1.964247E-4	2.976042E-9	0.000000E+0	0.000000E+0	1.004022E+1	0.000000E+0	3.000000E+0
24-Apr-25	15:38:00	-0.000000E+0	-4.975470E+0	-9.000000E-5	2.204000E-5	-1.810000E-6	3.413000E-4	3.900000E-6	0.000000E+0	0.000000E+0	1.964247E-4	2.976042E-9	0.000000E+0	0.000000E+0	1.004022E+1	0.000000E+0	3.000000E+0
24-Apr-25	15:38:01	-0.000000E+0	-4.979180E+0	-9.000000E-5	2.203500E-5	-1.830000E-6	3.410500E-4	3.500000E-6	0.000000E+0	0.000000E+0	1.964247E-4	2.976042E-9	0.000000E+0	0.000000E+0	1.004022E+1	0.000000E+0	3.000000E+0
24-Apr-25	15:38:01	-0.000000E+0	-4.981185E+0	-9.000000E-5	2.205500E-5	-1.805000E-6	3.416000E-4	3.450000E-6	0.000000E+0	0.000000E+0	1.964247E-4	2.976042E-9	0.000000E+0	0.000000E+0	1.004022E+1	0.000000E+0	3.000000E+0
24-Apr-25	15:38:01	-0.000000E+0	-4.983190E+0	-9.000000E-5	2.210500E-5	-1.860000E-6	3.415500E-4	4.500000E-6	0.000000E+0	0.000000E+0	1.964247E-4	2.976042E-9	0.000000E+0	0.000000E+0	1.004022E+1	0.000000E+0	3.000000E+0
24-Apr-25	15:38:02	-0.000000E+0	-4.985440E+0	-9.000000E-5	2.206000E-5	-1.855000E-6	3.412500E-4	3.550000E-6	0.000000E+0	0.000000E+0	1.964247E-4	2.976042E-9	0.000000E+0	0.000000E+0	1.004022E+1	0.000000E+0	3.000000E+0
24-Apr-25	15:38:02	-0.000000E+0	-4.987460E+0	-9.000000E-5	2.208000E-5	-1.820000E-6	3.412000E-4	4.100000E-6	0.000000E+0	0.000000E+0	1.964247E-4	2.976042E-9	0.000000E+0	0.000000E+0	1.004022E+1	0.000000E+0	3.000000E+0
24-Apr-25	15:38:03	-0.000000E+0	-4.988250E+0	-9.000000E-5	2.206000E-5	-1.825000E-6	3.417000E-4	3.900000E-6	0.000000E+0	0.000000E+0	1.964247E-4	2.976042E-9	0.000000E+0	0.000000E+0	1.004022E+1	0.000000E+0	3.000000E+0
24-Apr-25	15:38:03	-0.000000E+0	-4.991925E+0	-9.000000E-5	2.205500E-5	-1.815000E-6	3.417500E-4	3.550000E-6	0.000000E+0	0.000000E+0	1.964247E-4	2.976042E-9	0.000000E+0	0.000000E+0	1.004022E+1	0.000000E+0	3.000000E+0
24-Apr-25	15:38:04	-0.000000E+0	-4.994335E+0	-9.000000E-5	2.205500E-5	-1.790000E-6	3.412500E-4	3.950000E-6	0.000000E+0	0.000000E+0	1.964247E-4	2.976042E-9	0.000000E+0	0.000000E+0	1.004022E+1	0.000000E+0	3.000000E+0
24-Apr-25	15:38:04	-0.000000E+0	-4.996310E+0	-9.000000E-5	2.204000E-5	-1.790000E-6	3.418000E-4	3.800000E-6	0.000000E+0	0.000000E+0	1.964247E-4	2.976042E-9	0.000000E+0	0.000000E+0	1.004022E+1	0.000000E+0	3.000000E+0
24-Apr-25	15:38:05	-0.000000E+0	-4.996670E+0	-9.000000E-5	2.209000E-5	-1.790000E-6	3.414000E-4	4.050000E-6	0.000000E+0	0.000000E+0	1.964247E-4	2.976042E-9	0.000000E+0	0.000000E+0	1.004022E+1	0.000000E+0	3.000000E+0
24-Apr-25	15:38:05	-0.000000E+0	-5.000305E+0	-9.000000E-5	2.208000E-5	-1.800000E-6	3.418500E-4	4.000000E-6	0.000000E+0	0.000000E+0	1.964247E-4	2.976042E-9	0.000000E+0	0.000000E+0	1.004022E+1	0.000000E+0	3.000000E+0
24-Apr-25	15:38:06	-0.000000E+0	-5.002255E+0	-9.000000E-5	2.204000E-5	-1.775000E-6	3.413500E-4	3.950000E-6	0.000000E+0	0.000000E+0	1.964247E-4	2.976042E-9	0.000000E+0	0.000000E+0	1.004022E+1	0.000000E+0	3.000000E+0
24-Apr-25	15:38:06	-0.000000E+0	-5.004625E+0	-9.000000E-5	2.205500E-5	-1.795000E-6	3.414000E-4	4.350000E-6	0.000000E+0	0.000000E+0	1.964247E-4	2.976042E-9	0.000000E+0	0.000000E+0	1.004022E+1	0.000000E+0	3.000000E+0
24-Apr-25	15:38:07	-0.000000E+0	-5.006570E+0	-9.000000E-5	2.205000E-5	-1.785000E-6	3.415000E-4	4.100000E-6	0.000000E+0	0.000000E+0	1.964247E-4	2.976042E-9	0.000000E+0	0.000000E+0	1.004022E+1	0.000000E+0	3.000000E+0
24-Apr-25	15:38:07	-0.000000E+0	-5.008935E+0	-9.000000E-5	2.205000E-5	-1.840000E-6	3.420500E-4	4.100000E-6	0.000000E+0	0.000000E+0	1.964247E-4	2.976042E-9	0.000000E+0	0.000000E+0	1.004022E+1	0.000000E+0	3.000000E+0
24-Apr-25	15:38:08	-0.000000E+0	-5.009250E+0	-9.000000E-5	2.204500E-5	-1.800000E-6	3.420500E-4	3.900000E-6	0.000000E+0	0.000000E+0	1.964247E-4	2.976042E-9	0.000000E+0	0.000000E+0	1.004022E+1	0.000000E+0	3.000000E+0
24-Apr-25	15:38:08	-0.000000E+0	-5.012775E+0	-9.000000E-5	2.205000E-5	-1.800000E-6	3.415500E-4	3.600000E-6	0.000000E+0	0.000000E+0	1.964247E-4	2.976042E-9	0.000000E+0	0.000000E+0	1.004022E+1	0.000000E+0	3.000000E+0
24-Apr-25	15:38:09	-0.000000E+0	-5.014690E+0	-9.000000E-5	2.204500E-5	-1.790000E-6	3.416000E-4	4.250000E-6	0.000000E+0	0.000000E+0	1.964247E-4	2.976042E-9	0.000000E+0	0.000000E+0	1.004022E+1	0.000000E+0	3.000000E+0
24-Apr-25	15:38:09	-0.000000E+0	-5.016815E+0	-9.000000E-5	2.203000E-5	-1.775000E-6	3.414000E-4	4.350000E-6	0.000000E+0	0.000000E+0	1.964247E-4	2.976042E-9	0.000000E+0	0.000000E+0	1.004022E+1	0.000000E+0	3.000000E+0
24-Apr-25	15:38:10	-0.000000E+0	-5.018735E+0	-9.000000E-5	2.203000E-5	-1.755000E-6	3.413500E-4	4.350000E-6	0.000000E+0	0.000000E+0	1.964247E-4	2.976042E-9	0.000000E+0	0.000000E+0	1.004022E+1	0.000000E+0	3.000000E+0
24-Apr-25	15:38:10	-0.000000E+0	-5.020725E+0	-9.000000E-5	2.208000E-5	-1.775000E-6	3.416000E-4	4.300000E-6	0.000000E+0	0.000000E+0	1.964247E-4	2.976042E-9	0.000000E+0	0.000000E+0	1.004022E+1	0.000000E+0	3.000000E+0
24-Apr-25	15:38:11	-0.000000E+0	-5.022620E+0	-9.000000E-5	2.210500E-5	-1.805000E-6	3.413000E-4	4.100000E-6	0.000000E+0	0.000000E+0	1.964247E-4	2.976042E-9	0.000000E+0	0.000000E+0	1.004022E+1	0.000000E+0	3.000000E+0
24-Apr-25	15:38:11	-0.000000E+0	-5.022925E+0	-9.000000E-5	2.209500E-5	-1.790000E-6	3.417500E-4	3.800000E-6	0.000000E+0	0.000000E+0	1.964247E-4	2.976042E-9	0.000000E+0	0.000000E+0	1.004022E+1	0.000000E+0	3.000000E+0
24-Apr-25	15:38:11	-0.000000E+0	-5.026390E+0	-9.000000E-5	2.207000E-5	-1.790000E-6	3.415000E-4	3.650000E-6	0.000000E+0	0.000000E+0	1.964247E-4	2.976042E-9	0.000000E+0	0.000000E+0	1.004022E+1	0.000000E+0	3.000000E+0
24-Apr-25	15:38:12	-0.000000E+0	-5.028255E+0	-9.000000E-5	2.206500E-5	-1.780000E-6	3.417500E-4	3.750000E-6	0.000000E+0	0.000000E+0	1.964247E-4	2.976042E-9	0.000000E+0	0.000000E+0	1.004022E+1	0.000000E+0	3.000000E+0
24-Apr-25	15:38:12	-0.000000E+0	-5.030345E+0	-9.000000E-5	2.209000E-5	-1.725000E-6	3.422000E-4	4.100000E-6	0.000000E+0	0.000000E+0	1.964247E-4	2.976042E-9	0.000000E+0	0.000000E+0	1.004022E+1	0.000000E+0	3.000000E+0
24-Apr-25	15:38:13	-0.000000E+0	-5.030855E+0	-9.000000E-5	2.209500E-5	-1.740000E-6	3.419000E-4	3.700000E-6	0.000000E+0	0.000000E+0	1.964247E-4	2.976042E-9	0.000000E+0	0.000000E+0	1.004022E+1	0.000000E+0	3.000000E+0
24-Apr-25	15:38:13	-0.000000E+0	-5.034270E+0	-9.000000E-5	2.213000E-5	-1.760000E-6	3.415500E-4	4.250000E-6	0.000000E+0	0.000000E+0	1.964247E-4	2.976042E-9	0.000000E+0	0.000000E+0	1.004022E+1	0.000000E+0	3.000000E+0
24-Apr-25	15:38:14	-0.000000E+0	-5.036325E+0	-9.000000E-5	2.209000E-5	-1.760000E-6	3.417500E-4	4.250000E-6	0.000000E+0	0.000000E+0	1.964247E-4	2.976042E-9	0.000000E+0	0.000000E+0	1.004022E+1	0.000000E+0	3.000000E+0
24-Apr-25	15:38:14	-0.000000E+0	-5.038180E+0	-9.000000E-5	2.210500E-5	-1.755000E-6	3.414000E-4	4.500000E-6	0.000000E+0	0.000000E+0	1.964247E-4	2.976042E-9	0.000000E+0	0.000000E+0	1.004022E+1	0.000000E+0	3.000000E+0
24-Apr-25	15:38:15	-0.000000E+0	-5.040245E+0	-9.000000E-5	2.201500E-5	-1.900000E-6	3.418000E-4	4.150000E-6	0.000000E+0	0.000000E+0	1.964247E-4	2.976042E-9	0.000000E+0	0.000000E+0	1.004022E+1	0.000000E+0	3.000000E+0
24-Apr-25	15:38:15	-0.000000E+0	-5.042070E+0	-9.000000E-5	2.204000E-5	-1.890000E-6	3.416500E-4	4.450000E-6	0.000000E+0	0.000000E+0	1.964247E-4	2.976042E-9	0.000000E+0	0.000000E+0	1.004022E+1	0.000000E+0	3.000000E+0
24-Apr-25	15:38:16	-0.000000E+0	-5.042790E+0	-9.000000E-5	2.203500E-5	-1.840000E-6	3.408500E-4	3.550000E-6	0.000000E+0	0.000000E+0	1.964247E-4	2.976042E-9	0.000000E+0	0.000000E+0	1.004022E+1	0.000000E+0	3.000000E+0
24-Apr-25	15:38:16	-0.000000E+0	-5.046140E+0	-9.000000E-5	2.206500E-5	-1.845000E-6	3.420000E-4	3.400000E-6	0.000000E+0	0.000000E+0	1.964247E-4	2.976042E-9	0.000000E+0	0.000000E+0	1.004022E+1	0.000000E+0	3.000000E+0
24-Apr-25	15:38:17	-0.000000E+0	-5.048435E+0	-9.000000E-5	2.209500E-5	-1.820000E-6	3.403500E-4	3.900000E-6	0.000000E+0	0.000000E+0	1.964247E-4	2.976042E-9	0.000000E+0	0.000000E+0	1.004022E+1	0.000000E+0	3.000000E+0
24-Apr-25	15:38:17	-0.000000E+0	-5.050045E+0	-9.000000E-5	2.203500E-5	-1.875000E-6	3.417500E-4	3.750000E-6	0.000000E+0	0.000000E+0	1.964247E-4	2.976042E-9	0.000000E+0	0.000000E+0	1.004022E+1	0.000000E+0	3.000000E+0
24-Apr-25	15:38:18	-0.000000E+0	-5.050545E+0	-9.000000E-5	2.202500E-5	-1.855000E-6	3.418500E-4	4.100000E-6	0.000000E+0	0.000000E+0	1.964247E-4	2.976042E-9	0.000000E+0	0.000000E+0	1.004022E+1	0.000000E+0	3.000000E+0
24-Apr-25	15:38:18	-0.000000E+0	-5.053670E+0	-9.000000E-5	2.206000E-5	-1.825000E-6	3.414500E-4	3.750000E-6	0.000000E+0	0.000000E+0	1.964247E-4	2.976042E-9	0.000000E+0	0.000000E+0	1.004022E+1	0.000000E+0	3.000000E+0
24-Apr-25	15:38:19	-0.000000E+0	-5.055865E+0	-9.000000E-5	2.211000E-5	-1.815000E-6	3.419000E-4	3.800000E-6	0.000000E+0	0.000000E+0	1.964247E-4	2.976042E-9	0.000000E+0	0.000000E+0	1.004022E+1	0.000000E+0	3.000000E+0
24-Apr-25	15:38:19	-0.000000E+0	-5.057670E+0	-9.000000E-5	2.211500E-5	-1.860000E-6	3.416500E-4	3.650000E-6	0.000000E+0	0.000000E+0	1.964247E-4	2.976042E-9	0.000000E+0	0.000000E+0	1.004022E+1	0.000000E+0	3.000000E+0
24-Apr-25	15:38:20	-0.000000E+0	-5.059660E+0	-9.000000E-5	2.211000E-5	-1.780000E-6	3.416000E-4	3.950000E-6	0.000000E+0	0.000000E+0	1.964247E-4	2.976042E-9	0.000000E+0	0.000000E+0	1.004022E+1	0.000000E+0	3.000000E+0
24-Apr-25	15:38:20	-0.000000E+0	-5.061450E+0	-9.000000E-5	2.206000E-5	-1.770000E-6	3.418500E-4	4.250000E-6	0.000000E+0	0.000000E+0	1.964247E-4	2.976042E-9	0.000000E+0	0.000000E+0	1.004022E+1	0.000000E+0	3.000000E+0
24-Apr-25	15:38:21	-0.000000E+0	-5.063230E+0	-9.000000E-5	2.205500E-5	-1.800000E-6	3.417500E-4	4.000000E-6	0.000000E+0	0.000000E+0	1.964247E-4	2.976042E-9	0.000000E+0	0.000000E+0	1.004022E+1	0.000000E+0	3.000000E+0
24-Apr-25	15:38:21	-0.000000E+0	-5.063525E+0	-9.000000E-5	2.209000E-5	-1.820000E-6	3.417000E-4	3.900000E-6	0.000000E+0	0.000000E+0	1.964247E-4	2.976042E-9	0.000000E+0	0.000000E+0	1.004022E+1	0.000000E+0	3.000000E+0
24-Apr-25	15:38:21	-0.000000E+0	-5.066855E+0	-9.000000E-5	2.210000E-5	-1.805000E-6	3.416000E-4	3.600000E-6	0.000000E+0	0.000000E+0	1.964247E-4	2.976042E-9	0.000000E+0	0.000000E+0	1.004022E+1	0.000000E+0	3.000000E+0
24-Apr-25	15:38:22	-0.000000E+0	-5.068820E+0	-9.000000E-5	2.209000E-5	-1.800000E-6	3.412000E-4	4.300000E-6	0.000000E+0	0.000000E+0	1.964247E-4	2.976042E-9	0.000000E+0	0.000000E+0	1.004022E+1	0.000000E+0	3.000000E+0
24-Apr-25	15:38:22	-0.000000E+0	-5.070755E+0	-9.000000E-5	2.209000E-5	-1.805000E-6	3.413500E-4	4.150000E-6	0.000000E+0	0.000000E+0	1.964247E-4	2.976042E-9	0.000000E+0	0.000000E+0	1.004022E+1	0.000000E+0	3.000000E+0
24-Apr-25	15:38:23	-0.000000E+0	-5.072510E+0	-9.000000E-5	2.209000E-5	-1.775000E-6	3.422000E-4	3.900000E-6	0.000000E+0	0.000000E+0	1.964247E-4	2.976042E-9	0.000000E+0	0.000000E+0	1.004022E+1	0.000000E+0	3.000000E+0
24-Apr-25	15:38:23	-0.000000E+0	-5.074260E+0	-9.000000E-5	2.214500E-5	-1.825000E-6	3.417500E-4	4.500000E-6	0.000000E+0	0.000000E+0	1.964247E-4	2.976042E-9	0.000000E+0	0.000000E+0	1.004022E+1	0.000000E+0	3.000000E+0
24-Apr-25	15:38:24	-0.000000E+0	-5.074545E+0	-9.000000E-5	2.215000E-5	-1.845000E-6	3.424000E-4	3.950000E-6	0.000000E+0	0.000000E+0	1.964247E-4	2.976042E-9	0.000000E+0	0.000000E+0	1.004022E+1	0.000000E+0	3.000000E+0
24-Apr-25	15:38:24	-0.000000E+0	-5.077745E+0	-9.000000E-5	2.210000E-5	-1.810000E-6	3.416500E-4	3.500000E-6	0.000000E+0	0.000000E+0	1.964247E-4	2.976042E-9	0.000000E+0	0.000000E+0	1.004022E+1	0.000000E+0	3.000000E+0
24-Apr-25	15:38:25	-0.000000E+0	-5.079855E+0	-9.000000E-5	2.210000E-5	-1.800000E-6	3.414500E-4	4.050000E-6	0.000000E+0	0.000000E+0	1.964247E-4	2.976042E-9	0.000000E+0	0.000000E+0	1.004022E+1	0.000000E+0	3.000000E+0
24-Apr-25	15:38:25	-0.000000E+0	-5.081955E+0	-9.000000E-5	2.205500E-5	-1.745000E-6	3.416000E-4	3.800000E-6	0.000000E+0	0.000000E+0	1.964247E-4	2.976042E-9	0.000000E+0	0.000000E+0	1.004022E+1	0.000000E+0	3.000000E+0
24-Apr-25	15:38:26	-0.000000E+0	-5.082245E+0	-9.000000E-5	2.211000E-5	-1.760000E-6	3.422500E-4	3.950000E-6	0.000000E+0	0.000000E+0	1.964247E-4	2.976042E-9	0.000000E+0	0.000000E+0	1.004022E+1	0.000000E+0	3.000000E+0
24-Apr-25	15:38:26	-0.000000E+0	-5.086040E+0	-9.000000E-5	2.213500E-5	-1.845000E-6	3.416500E-4	3.450000E-6	0.000000E+0	0.000000E+0	1.964247E-4	2.976042E-9	0.000000E+0	0.000000E+0	1.004022E+1	0.000000E+0	3.000000E+0
24-Apr-25	15:38:27	-0.000000E+0	-5.087750E+0	-9.000000E-5	2.209000E-5	-1.840000E-6	3.423500E-4	4.250000E-6	0.000000E+0	0.000000E+0	1.964247E-4	2.976042E-9	0.000000E+0	0.000000E+0	1.004022E+1	0.000000E+0	3.000000E+0
24-Apr-25	15:38:27	-0.000000E+0	-5.088195E+0	-9.000000E-5	2.210500E-5	-1.825000E-6	3.416000E-4	3.400000E-6	0.000000E+0	0.000000E+0	1.964247E-4	2.976042E-9	0.000000E+0	0.000000E+0	1.004022E+1	0.000000E+0	3.000000E+0
24-Apr-25	15:38:28	-0.000000E+0	-5.091320E+0	-9.000000E-5	2.212000E-5	-1.820000E-6	3.419500E-4	3.400000E-6	0.000000E+0	0.000000E+0	1.964247E-4	2.976042E-9	0.000000E+0	0.000000E+0	1.004022E+1	0.000000E+0	3.000000E+0
24-Apr-25	15:38:28	-0.000000E+0	-5.093220E+0	-9.000000E-5	2.210000E-5	-1.775000E-6	3.417000E-4	3.550000E-6	0.000000E+0	0.000000E+0	1.964247E-4	2.976042E-9	0.000000E+0	0.000000E+0	1.004022E+1	0.000000E+0	3.000000E+0
24-Apr-25	15:38:29	-0.000000E+0	-5.095280E+0	-9.000000E-5	2.208000E-5	-1.780000E-6	3.416000E-4	4.050000E-6	0.000000E+0	0.000000E+0	1.964247E-4	2.976042E-9	0.000000E+0	0.000000E+0	1.004022E+1	0.000000E+0	3.000000E+0
24-Apr-25	15:38:29	-0.000000E+0	-5.096965E+0	-9.000000E-5	2.208500E-5	-1.785000E-6	3.424500E-4	3.650000E-6	0.000000E+0	0.000000E+0	1.964247E-4	2.976042E-9	0.000000E+0	0.000000E+0	1.004022E+1	0.000000E+0	3.000000E+0
24-Apr-25	15:38:30	-0.000000E+0	-5.098705E+0	-9.000000E-5	2.209500E-5	-1.765000E-6	3.419500E-4	4.350000E-6	0.000000E+0	0.000000E+0	1.964247E-4	2.976042E-9	0.000000E+0	0.000000E+0	1.004022E+1	0.000000E+0	3.000000E+0
24-Apr-25	15:38:30	-0.000000E+0	-5.098965E+0	-9.000000E-5	2.213000E-5	-1.780000E-6	3.417500E-4	3.800000E-6	0.000000E+0	0.000000E+0	1.964247E-4	2.976042E-9	0.000000E+0	0.000000E+0	1.004022E+1	0.000000E+0	3.000000E+0
24-Apr-25	15:38:31	-0.000000E+0	-5.102410E+0	-9.000000E-5	2.210000E-5	-1.800000E-6	3.414500E-4	4.200000E-6	0.000000E+0	0.000000E+0	1.964247E-4	2.976042E-9	0.000000E+0	0.000000E+0	1.004022E+1	0.000000E+0	3.000000E+0
24-Apr-25	15:38:31	-0.000000E+0	-5.104070E+0	-9.000000E-5	2.211000E-5	-1.805000E-6	3.413000E-4	3.750000E-6	0.000000E+0	0.000000E+0	1.964247E-4	2.976042E-9	0.000000E+0	0.000000E+0	1.004022E+1	0.000000E+0	3.000000E+0
24-Apr-25	15:38:32	-0.000000E+0	-5.105705E+0	-9.000000E-5	2.209500E-5	-1.815000E-6	3.413500E-4	4.100000E-6	0.000000E+0	0.000000E+0	1.964247E-4	2.976042E-9	0.000000E+0	0.000000E+0	1.004022E+1	0.000000E+0	3.000000E+0
24-Apr-25	15:38:32	-0.000000E+0	-5.106170E+0	-9.000000E-5	2.206000E-5	-1.880000E-6	3.414500E-4	3.650000E-6	0.000000E+0	0.000000E+0	1.964247E-4	2.976042E-9	0.000000E+0	0.000000E+0	1.004022E+1	0.000000E+0	3.000000E+0
24-Apr-25	15:38:33	-0.000000E+0	-5.109370E+0	-9.000000E-5	2.208500E-5	-1.795000E-6	3.410500E-4	4.200000E-6	0.000000E+0	0.000000E+0	1.964247E-4	2.976042E-9	0.000000E+0	0.000000E+0	1.004022E+1	0.000000E+0	3.000000E+0
24-Apr-25	15:38:33	-0.000000E+0	-5.111190E+0	-9.000000E-5	2.208000E-5	-1.825000E-6	3.414500E-4	3.950000E-6	0.000000E+0	0.000000E+0	1.964247E-4	2.976042E-9	0.000000E+0	0.000000E+0	1.004022E+1	0.000000E+0	3.000000E+0
24-Apr-25	15:38:34	-0.000000E+0	-5.112825E+0	-9.000000E-5	2.206500E-5	-1.795000E-6	3.418500E-4	3.650000E-6	0.000000E+0	0.000000E+0	1.964247E-4	2.976042E-9	0.000000E+0	0.000000E+0	1.004022E+1	0.000000E+0	3.000000E+0
24-Apr-25	15:38:34	-0.000000E+0	-5.114480E+0	-9.000000E-5	2.216000E-5	-1.810000E-6	3.414000E-4	3.850000E-6	0.000000E+0	0.000000E+0	1.964247E-4	2.976042E-9	0.000000E+0	0.000000E+0	1.004022E+1	0.000000E+0	3.000000E+0
24-Apr-25	15:38:35	-0.000000E+0	-5.116500E+0	-9.000000E-5	2.217000E-5	-1.880000E-6	3.413500E-4	3.600000E-6	0.000000E+0	0.000000E+0	1.964247E-4	2.976042E-9	0.000000E+0	0.000000E+0	1.004022E+1	0.000000E+0	3.000000E+0
24-Apr-25	15:38:35	-0.000000E+0	-5.116760E+0	-9.000000E-5	2.216000E-5	-1.865000E-6	3.412000E-4	3.650000E-6	0.000000E+0	0.000000E+0	1.964247E-4	2.976042E-9	0.000000E+0	0.000000E+0	1.004022E+1	0.000000E+0	3.000000E+0
24-Apr-25	15:38:36	-0.000000E+0	-5.119735E+0	-9.000000E-5	2.212000E-5	-1.875000E-6	3.419000E-4	4.950000E-6	0.000000E+0	0.000000E+0	1.964247E-4	2.976042E-9	0.000000E+0	0.000000E+0	1.004022E+1	0.000000E+0	3.000000E+0
24-Apr-25	15:38:36	-0.000000E+0	-5.121330E+0	-9.000000E-5	2.211500E-5	-1.800000E-6	3.415000E-4	4.550000E-6	0.000000E+0	0.000000E+0	1.964247E-4	2.976042E-9	0.000000E+0	0.000000E+0	1.004022E+1	0.000000E+0	3.000000E+0
24-Apr-25	15:38:36	-0.000000E+0	-5.123115E+0	-9.000000E-5	2.214500E-5	-1.810000E-6	3.410000E-4	4.250000E-6	0.000000E+0	0.000000E+0	1.964247E-4	2.976042E-9	0.000000E+0	0.000000E+0	1.004022E+1	0.000000E+0	3.000000E+0
24-Apr-25	15:38:37	-0.000000E+0	-5.124710E+0	-9.000000E-5	2.209500E-5	-1.785000E-6	3.411500E-4	3.450000E-6	0.000000E+0	0.000000E+0	1.964247E-4	2.976042E-9	0.000000E+0	0.000000E+0	1.004022E+1	0.000000E+0	3.000000E+0
24-Apr-25	15:38:37	-0.000000E+0	-5.126305E+0	-9.000000E-5	2.211000E-5	-1.840000E-6	3.418500E-4	4.050000E-6	0.000000E+0	0.000000E+0	1.964247E-4	2.976042E-9	0.000000E+0	0.000000E+0	1.004022E+1	0.000000E+0	3.000000E+0
24-Apr-25	15:38:38	-0.000000E+0	-5.128260E+0	-9.000000E-5	2.210000E-5	-1.815000E-6	3.416000E-4	4.200000E-6	0.000000E+0	0.000000E+0	1.964247E-4	2.976042E-9	0.000000E+0	0.000000E+0	1.004022E+1	0.000000E+0	3.000000E+0
24-Apr-25	15:38:38	-0.000000E+0	-5.129900E+0	-9.000000E-5	2.208000E-5	-1.790000E-6	3.414000E-4	4.150000E-6	0.000000E+0	0.000000E+0	1.964247E-4	2.976042E-9	0.000000E+0	0.000000E+0	1.004022E+1	0.000000E+0	3.000000E+0
24-Apr-25	15:38:39	-0.000000E+0	-5.131460E+0	-9.000000E-5	2.209000E-5	-1.835000E-6	3.417500E-4	4.450000E-6	0.000000E+0	0.000000E+0	1.964247E-4	2.976042E-9	0.000000E+0	0.000000E+0	1.004022E+1	0.000000E+0	3.000000E+0
24-Apr-25	15:38:39	-0.000000E+0	-5.133045E+0	-9.000000E-5	2.210500E-5	-1.850000E-6	3.419500E-4	3.800000E-6	0.000000E+0	0.000000E+0	1.964247E-4	2.976042E-9	0.000000E+0	0.000000E+0	1.004022E+1	0.000000E+0	3.000000E+0
24-Apr-25	15:38:40	-0.000000E+0	-5.134795E+0	-9.000000E-5	2.213500E-5	-1.770000E-6	3.416000E-4	3.950000E-6	0.000000E+0	0.000000E+0	1.964247E-4	2.976042E-9	0.000000E+0	0.000000E+0	1.004022E+1	0.000000E+0	3.000000E+0
24-Apr-25	15:38:40	-0.000000E+0	-5.136705E+0	-9.000000E-5	2.216500E-5	-1.785000E-6	3.419000E-4	3.950000E-6	0.000000E+0	0.000000E+0	1.964247E-4	2.976042E-9	0.000000E+0	0.000000E+0	1.004022E+1	0.000000E+0	3.000000E+0
24-Apr-25	15:38:41	-0.000000E+0	-5.138260E+0	-9.000000E-5	2.209000E-5	-1.775000E-6	3.419000E-4	4.350000E-6	0.000000E+0	0.000000E+0	1.964247E-4	2.976042E-9	0.000000E+0	0.000000E+0	1.004022E+1	0.000000E+0	3.000000E+0
24-Apr-25	15:38:41	-0.000000E+0	-5.139980E+0	-9.000000E-5	2.210000E-5	-1.860000E-6	3.420000E-4	3.850000E-6	0.000000E+0	0.000000E+0	1.964247E-4	2.976042E-9	0.000000E+0	0.000000E+0	1.004022E+1	0.000000E+0	3.000000E+0
24-Apr-25	15:38:42	-0.000000E+0	-5.140415E+0	-9.000000E-5	2.218500E-5	-1.795000E-6	3.413500E-4	3.350000E-6	0.000000E+0	0.000000E+0	1.964247E-4	2.976042E-9	0.000000E+0	0.000000E+0	1.004022E+1	0.000000E+0	3.000000E+0
24-Apr-25	15:38:42	-0.000000E+0	-5.141455E+0	-9.000000E-5	2.214500E-5	-1.825000E-6	3.413500E-4	4.400000E-6	0.000000E+0	0.000000E+0	1.964247E-4	2.976042E-9	0.000000E+0	0.000000E+0	1.004022E+1	0.000000E+0	3.000000E+0
24-Apr-25	15:38:43	-0.000000E+0	-5.133975E+0	-9.000000E-5	2.207500E-5	-1.805000E-6	3.421500E-4	4.350000E-6	0.000000E+0	0.000000E+0	1.964247E-4	2.976042E-9	0.000000E+0	0.000000E+0	1.004022E+1	0.000000E+0	3.000000E+0
24-Apr-25	15:38:43	-0.000000E+0	-5.125925E+0	-9.000000E-5	2.209000E-5	-1.810000E-6	3.414000E-4	3.600000E-6	0.000000E+0	0.000000E+0	1.964247E-4	2.976042E-9	0.000000E+0	0.000000E+0	1.004022E+1	0.000000E+0	3.000000E+0
24-Apr-25	15:38:44	-0.000000E+0	-5.116800E+0	-9.000000E-5	2.215000E-5	-1.805000E-6	3.415000E-4	4.150000E-6	0.000000E+0	0.000000E+0	1.964247E-4	2.976042E-9	0.000000E+0	0.000000E+0	1.004022E+1	0.000000E+0	3.000000E+0
24-Apr-25	15:38:44	-0.000000E+0	-5.106805E+0	-9.000000E-5	2.217000E-5	-1.800000E-6	3.416000E-4	3.950000E-6	0.000000E+0	0.000000E+0	1.964247E-4	2.976042E-9	0.000000E+0	0.000000E+0	1.004022E+1	0.000000E+0	3.000000E+0
24-Apr-25	15:38:45	-0.000000E+0	-5.097785E+0	-9.000000E-5	2.218000E-5	-1.800000E-6	3.416500E-4	4.450000E-6	0.000000E+0	0.000000E+0	1.964247E-4	2.976042E-9	0.000000E+0	0.000000E+0	1.004022E+1	0.000000E+0	3.000000E+0
24-Apr-25	15:38:45	-0.000000E+0	-5.089665E+0	-9.000000E-5	2.224500E-5	-1.805000E-6	3.415500E-4	3.800000E-6	0.000000E+0	0.000000E+0	1.964247E-4	2.976042E-9	0.000000E+0	0.000000E+0	1.004022E+1	0.000000E+0	3.000000E+0
24-Apr-25	15:38:46	-0.000000E+0	-5.080670E+0	-9.000000E-5	2.222500E-5	-1.780000E-6	3.417000E-4	3.800000E-6	0.000000E+0	0.000000E+0	1.964247E-4	2.976042E-9	0.000000E+0	0.000000E+0	1.004022E+1	0.000000E+0	3.000000E+0
24-Apr-25	15:38:46	-0.000000E+0	-5.070770E+0	-9.000000E-5	2.226500E-5	-1.820000E-6	3.420500E-4	4.100000E-6	0.000000E+0	0.000000E+0	1.964247E-4	2.976042E-9	0.000000E+0	0.000000E+0	1.004022E+1	0.000000E+0	3.000000E+0
24-Apr-25	15:38:47	-0.000000E+0	-5.061830E+0	-9.000000E-5	2.225500E-5	-1.810000E-6	3.427000E-4	4.850000E-6	0.000000E+0	0.000000E+0	1.964247E-4	2.976042E-9	0.000000E+0	0.000000E+0	1.004022E+1	0.000000E+0	3.000000E+0
24-Apr-25	15:38:48	-0.000000E+0	-5.048315E+0	-9.000000E-5	2.223500E-5	-1.805000E-6	3.412000E-4	3.950000E-6	0.000000E+0	0.000000E+0	1.964247E-4	2.976042E-9	0.000000E+0	0.000000E+0	1.004022E+1	0.000000E+0	3.000000E+0
24-Apr-25	15:38:48	-0.000000E+0	-5.038260E+0	-9.000000E-5	2.228500E-5	-1.850000E-6	3.415000E-4	3.050000E-6	0.000000E+0	0.000000E+0	1.964247E-4	2.976042E-9	0.000000E+0	0.000000E+0	1.004022E+1	0.000000E+0	3.000000E+0
24-Apr-25	15:38:49	-0.000000E+0	-5.028235E+0	-9.000000E-5	2.229000E-5	-1.835000E-6	3.415000E-4	3.650000E-6	0.000000E+0	0.000000E+0	1.964247E-4	2.976042E-9	0.000000E+0	0.000000E+0	1.004022E+1	0.000000E+0	3.000000E+0
24-Apr-25	15:38:49	-0.000000E+0	-5.019285E+0	-9.000000E-5	2.235000E-5	-1.835000E-6	3.414500E-4	4.050000E-6	0.000000E+0	0.000000E+0	1.964247E-4	2.976042E-9	0.000000E+0	0.000000E+0	1.004022E+1	0.000000E+0	3.000000E+0
24-Apr-25	15:38:50	-0.000000E+0	-5.010320E+0	-9.000000E-5	2.234500E-5	-1.845000E-6	3.417500E-4	4.350000E-6	0.000000E+0	0.000000E+0	1.964247E-4	2.976042E-9	0.000000E+0	0.000000E+0	1.004022E+1	0.000000E+0	3.000000E+0
24-Apr-25	15:38:50	-0.000000E+0	-5.001300E+0	-9.000000E-5	2.236500E-5	-1.785000E-6	3.415000E-4	3.800000E-6	0.000000E+0	0.000000E+0	1.964247E-4	2.976042E-9	0.000000E+0	0.000000E+0	1.004022E+1	0.000000E+0	3.000000E+0
24-Apr-25	15:38:51	-0.000000E+0	-4.992275E+0	-9.000000E-5	2.236500E-5	-1.805000E-6	3.412000E-4	4.250000E-6	0.000000E+0	0.000000E+0	1.964247E-4	2.976042E-9	0.000000E+0	0.000000E+0	1.004022E+1	0.000000E+0	3.000000E+0
24-Apr-25	15:38:51	-0.000000E+0	-4.983340E+0	-9.000000E-5	2.237000E-5	-1.805000E-6	3.407500E-4	4.150000E-6	0.000000E+0	0.000000E+0	1.964247E-4	2.976042E-9	0.000000E+0	0.000000E+0	1.004022E+1	0.000000E+0	3.000000E+0
24-Apr-25	15:38:52	-0.000000E+0	-4.971635E+0	-9.000000E-5	2.239000E-5	-1.805000E-6	3.410500E-4	4.500000E-6	0.000000E+0	0.000000E+0	1.964247E-4	2.976042E-9	0.000000E+0	0.000000E+0	1.004022E+1	0.000000E+0	3.000000E+0
24-Apr-25	15:38:52	-0.000000E+0	-4.963555E+0	-9.000000E-5	2.239500E-5	-1.810000E-6	3.416500E-4	3.800000E-6	0.000000E+0	0.000000E+0	1.964247E-4	2.976042E-9	0.000000E+0	0.000000E+0	1.004022E+1	0.000000E+0	3.000000E+0
24-Apr-25	15:38:53	-0.000000E+0	-4.954560E+0	-9.000000E-5	2.240000E-5	-1.805000E-6	3.412500E-4	3.800000E-6	0.000000E+0	0.000000E+0	1.964247E-4	2.976042E-9	0.000000E+0	0.000000E+0	1.004022E+1	0.000000E+0	3.000000E+0
24-Apr-25	15:38:53	-0.000000E+0	-4.946465E+0	-9.000000E-5	2.242000E-5	-1.845000E-6	3.417500E-4	3.750000E-6	0.000000E+0	0.000000E+0	1.964247E-4	2.976042E-9	0.000000E+0	0.000000E+0	1.004022E+1	0.000000E+0	3.000000E+0
24-Apr-25	15:38:54	-0.000000E+0	-4.937535E+0	-9.000000E-5	2.245000E-5	-1.865000E-6	3.412500E-4	4.250000E-6	0.000000E+0	0.000000E+0	1.964247E-4	2.976042E-9	0.000000E+0	0.000000E+0	1.004022E+1	0.000000E+0	3.000000E+0
24-Apr-25	15:38:54	-0.000000E+0	-4.927645E+0	-9.000000E-5	2.242500E-5	-1.855000E-6	3.408000E-4	4.100000E-6	0.000000E+0	0.000000E+0	1.964247E-4	2.976042E-9	0.000000E+0	0.000000E+0	1.004022E+1	0.000000E+0	3.000000E+0
24-Apr-25	15:38:55	-0.000000E+0	-4.918715E+0	-9.000000E-5	2.246000E-5	-1.840000E-6	3.405000E-4	4.000000E-6	0.000000E+0	0.000000E+0	1.964247E-4	2.976042E-9	0.000000E+0	0.000000E+0	1.004022E+1	0.000000E+0	3.000000E+0
24-Apr-25	15:38:55	-0.000000E+0	-4.909675E+0	-9.000000E-5	2.249500E-5	-1.815000E-6	3.410500E-4	3.950000E-6	0.000000E+0	0.000000E+0	1.964247E-4	2.976042E-9	0.000000E+0	0.000000E+0	1.004022E+1	0.000000E+0	3.000000E+0
24-Apr-25	15:38:56	-0.000000E+0	-4.900355E+0	-9.000000E-5	2.245500E-5	-1.745000E-6	3.413500E-4	3.650000E-6	0.000000E+0	0.000000E+0	1.964247E-4	2.976042E-9	0.000000E+0	0.000000E+0	1.004022E+1	0.000000E+0	3.000000E+0
24-Apr-25	15:38:56	-0.000000E+0	-4.891345E+0	-9.000000E-5	2.248500E-5	-1.815000E-6	3.407500E-4	5.300000E-6	0.000000E+0	0.000000E+0	1.964247E-4	2.976042E-9	0.000000E+0	0.000000E+0	1.004022E+1	0.000000E+0	3.000000E+0
24-Apr-25	15:38:57	-0.000000E+0	-4.883430E+0	-9.000000E-5	2.254000E-5	-1.860000E-6	3.408000E-4	4.450000E-6	0.000000E+0	0.000000E+0	1.964247E-4	2.976042E-9	0.000000E+0	0.000000E+0	1.004022E+1	0.000000E+0	3.000000E+0
24-Apr-25	15:38:58	-0.000000E+0	-4.874260E+0	-9.000000E-5	2.254500E-5	-1.850000E-6	3.412500E-4	3.450000E-6	0.000000E+0	0.000000E+0	1.964247E-4	2.976042E-9	0.000000E+0	0.000000E+0	1.004022E+1	0.000000E+0	3.000000E+0
24-Apr-25	15:38:58	-0.000000E+0	-4.862590E+0	-9.000000E-5	2.256500E-5	-1.800000E-6	3.400500E-4	4.250000E-6	0.000000E+0	0.000000E+0	1.964247E-4	2.976042E-9	0.000000E+0	0.000000E+0	1.004022E+1	0.000000E+0	3.000000E+0
24-Apr-25	15:38:59	-0.000000E+0	-4.853580E+0	-9.000000E-5	2.252000E-5	-1.830000E-6	3.412500E-4	3.500000E-6	0.000000E+0	0.000000E+0	1.964247E-4	2.976042E-9	0.000000E+0	0.000000E+0	1.004022E+1	0.000000E+0	3.000000E+0
24-Apr-25	15:38:59	-0.000000E+0	-4.844575E+0	-9.000000E-5	2.249500E-5	-1.855000E-6	3.407500E-4	4.350000E-6	0.000000E+0	0.000000E+0	1.964247E-4	2.976042E-9	0.000000E+0	0.000000E+0	1.004022E+1	0.000000E+0	3.000000E+0
24-Apr-25	15:39:00	-0.000000E+0	-4.835625E+0	-9.000000E-5	2.254000E-5	-1.855000E-6	3.412000E-4	4.150000E-6	0.000000E+0	0.000000E+0	1.964247E-4	2.976042E-9	0.000000E+0	0.000000E+0	1.004022E+1	0.000000E+0	3.000000E+0
24-Apr-25	15:39:00	-0.000000E+0	-4.825755E+0	-9.000000E-5	2.257500E-5	-1.895000E-6	3.407500E-4	4.100000E-6	0.000000E+0	0.000000E+0	1.964247E-4	2.976042E-9	0.000000E+0	0.000000E+0	1.004022E+1	0.000000E+0	3.000000E+0
24-Apr-25	15:39:01	-0.000000E+0	-4.816770E+0	-9.000000E-5	2.255500E-5	-1.875000E-6	3.404500E-4	4.050000E-6	0.000000E+0	0.000000E+0	1.964247E-4	2.976042E-9	0.000000E+0	0.000000E+0	1.004022E+1	0.000000E+0	3.000000E+0
24-Apr-25	15:39:01	-0.000000E+0	-4.807740E+0	-9.000000E-5	2.256000E-5	-1.885000E-6	3.399500E-4	3.450000E-6	0.000000E+0	0.000000E+0	1.964247E-4	2.976042E-9	0.000000E+0	0.000000E+0	1.004022E+1	0.000000E+0	3.000000E+0
24-Apr-25	15:39:02	-0.000000E+0	-4.798750E+0	-9.000000E-5	2.261000E-5	-1.885000E-6	3.404500E-4	3.950000E-6	0.000000E+0	0.000000E+0	1.964247E-4	2.976042E-9	0.000000E+0	0.000000E+0	1.004022E+1	0.000000E+0	3.000000E+0
24-Apr-25	15:39:03	-0.000000E+0	-4.786170E+0	-9.000000E-5	2.255000E-5	-1.900000E-6	3.407000E-4	4.750000E-6	0.000000E+0	0.000000E+0	1.964247E-4	2.976042E-9	0.000000E+0	0.000000E+0	1.004022E+1	0.000000E+0	3.000000E+0
24-Apr-25	15:39:03	-0.000000E+0	-4.771520E+0	-9.000000E-5	2.258000E-5	-1.880000E-6	3.406500E-4	3.500000E-6	0.000000E+0	0.000000E+0	1.964247E-4	2.976042E-9	0.000000E+0	0.000000E+0	1.004022E+1	0.000000E+0	3.000000E+0
24-Apr-25	15:39:04	-0.000000E+0	-4.759800E+0	-9.000000E-5	2.263000E-5	-1.875000E-6	3.407500E-4	4.250000E-6	0.000000E+0	0.000000E+0	1.964247E-4	2.976042E-9	0.000000E+0	0.000000E+0	1.004022E+1	0.000000E+0	3.000000E+0
24-Apr-25	15:39:04	-0.000000E+0	-4.751745E+0	-9.000000E-5	2.261500E-5	-1.860000E-6	3.399000E-4	4.550000E-6	0.000000E+0	0.000000E+0	1.964247E-4	2.976042E-9	0.000000E+0	0.000000E+0	1.004022E+1	0.000000E+0	3.000000E+0
24-Apr-25	15:39:05	-0.000000E+0	-4.742775E+0	-9.000000E-5	2.260000E-5	-1.860000E-6	3.408000E-4	3.900000E-6	0.000000E+0	0.000000E+0	1.964247E-4	2.976042E-9	0.000000E+0	0.000000E+0	1.004022E+1	0.000000E+0	3.000000E+0
24-Apr-25	15:39:05	-0.000000E+0	-4.731165E+0	-9.000000E-5	2.259500E-5	-1.885000E-6	3.407500E-4	4.500000E-6	0.000000E+0	0.000000E+0	1.964247E-4	2.976042E-9	0.000000E+0	0.000000E+0	1.004022E+1	0.000000E+0	3.000000E+0
24-Apr-25	15:39:06	-0.000000E+0	-4.723050E+0	-9.000000E-5	2.261500E-5	-1.870000E-6	3.404000E-4	4.000000E-6	0.000000E+0	0.000000E+0	1.964247E-4	2.976042E-9	0.000000E+0	0.000000E+0	1.004022E+1	0.000000E+0	3.000000E+0
24-Apr-25	15:39:06	-0.000000E+0	-4.713695E+0	-9.000000E-5	2.262500E-5	-1.810000E-6	3.405500E-4	3.850000E-6	0.000000E+0	0.000000E+0	1.964247E-4	2.976042E-9	0.000000E+0	0.000000E+0	1.004022E+1	0.000000E+0	3.000000E+0
24-Apr-25	15:39:07	-0.000000E+0	-4.705040E+0	-9.000000E-5	2.262500E-5	-1.860000E-6	3.402000E-4	3.450000E-6	0.000000E+0	0.000000E+0	1.964247E-4	2.976042E-9	0.000000E+0	0.000000E+0	1.004022E+1	0.000000E+0	3.000000E+0
24-Apr-25	15:39:07	-0.000000E+0	-4.696020E+0	-9.000000E-5	2.264500E-5	-1.880000E-6	3.402000E-4	4.100000E-6	0.000000E+0	0.000000E+0	1.964247E-4	2.976042E-9	0.000000E+0	0.000000E+0	1.004022E+1	0.000000E+0	3.000000E+0
24-Apr-25	15:39:08	-0.000000E+0	-4.687070E+0	-9.000000E-5	2.267000E-5	-1.885000E-6	3.405500E-4	4.550000E-6	0.000000E+0	0.000000E+0	1.964247E-4	2.976042E-9	0.000000E+0	0.000000E+0	1.004022E+1	0.000000E+0	3.000000E+0
24-Apr-25	15:39:08	-0.000000E+0	-4.676885E+0	-9.000000E-5	2.266500E-5	-1.835000E-6	3.406500E-4	4.650000E-6	0.000000E+0	0.000000E+0	1.964247E-4	2.976042E-9	0.000000E+0	0.000000E+0	1.004022E+1	0.000000E+0	3.000000E+0
24-Apr-25	15:39:09	-0.000000E+0	-4.667830E+0	-9.000000E-5	2.267500E-5	-1.825000E-6	3.403500E-4	3.950000E-6	0.000000E+0	0.000000E+0	1.964247E-4	2.976042E-9	0.000000E+0	0.000000E+0	1.004022E+1	0.000000E+0	3.000000E+0
24-Apr-25	15:39:09	-0.000000E+0	-4.657995E+0	-9.000000E-5	2.266500E-5	-1.865000E-6	3.403000E-4	3.750000E-6	0.000000E+0	0.000000E+0	1.964247E-4	2.976042E-9	0.000000E+0	0.000000E+0	1.004022E+1	0.000000E+0	3.000000E+0
24-Apr-25	15:39:10	-0.000000E+0	-4.649035E+0	-9.000000E-5	2.264500E-5	-1.860000E-6	3.397500E-4	3.800000E-6	0.000000E+0	0.000000E+0	1.964247E-4	2.976042E-9	0.000000E+0	0.000000E+0	1.004022E+1	0.000000E+0	3.000000E+0
24-Apr-25	15:39:11	-0.000000E+0	-4.638265E+0	-9.000000E-5	2.267500E-5	-1.860000E-6	3.403000E-4	3.950000E-6	0.000000E+0	0.000000E+0	1.964247E-4	2.976042E-9	0.000000E+0	0.000000E+0	1.004022E+1	0.000000E+0	3.000000E+0
24-Apr-25	15:39:11	-0.000000E+0	-4.629270E+0	-9.000000E-5	2.267500E-5	-1.875000E-6	3.405000E-4	4.100000E-6	0.000000E+0	0.000000E+0	1.964247E-4	2.976042E-9	0.000000E+0	0.000000E+0	1.004022E+1	0.000000E+0	3.000000E+0
24-Apr-25	15:39:12	-0.000000E+0	-4.616335E+0	-9.000000E-5	2.269500E-5	-1.890000E-6	3.408500E-4	4.000000E-6	0.000000E+0	0.000000E+0	1.964247E-4	2.976042E-9	0.000000E+0	0.000000E+0	1.004022E+1	0.000000E+0	3.000000E+0
24-Apr-25	15:39:12	-0.000000E+0	-4.607370E+0	-9.000000E-5	2.272500E-5	-1.835000E-6	3.406500E-4	4.050000E-6	0.000000E+0	0.000000E+0	1.964247E-4	2.976042E-9	0.000000E+0	0.000000E+0	1.004022E+1	0.000000E+0	3.000000E+0
24-Apr-25	15:39:13	-0.000000E+0	-4.595680E+0	-9.000000E-5	2.266000E-5	-1.825000E-6	3.400500E-4	3.850000E-6	0.000000E+0	0.000000E+0	1.964247E-4	2.976042E-9	0.000000E+0	0.000000E+0	1.004022E+1	0.000000E+0	3.000000E+0
24-Apr-25	15:39:13	-0.000000E+0	-4.585835E+0	-9.000000E-5	2.269500E-5	-1.875000E-6	3.407000E-4	3.650000E-6	0.000000E+0	0.000000E+0	1.964247E-4	2.976042E-9	0.000000E+0	0.000000E+0	1.004022E+1	0.000000E+0	3.000000E+0
24-Apr-25	15:39:14	-0.000000E+0	-4.577725E+0	-9.000000E-5	2.273500E-5	-1.880000E-6	3.400500E-4	3.950000E-6	0.000000E+0	0.000000E+0	1.964247E-4	2.976042E-9	0.000000E+0	0.000000E+0	1.004022E+1	0.000000E+0	3.000000E+0
24-Apr-25	15:39:14	-0.000000E+0	-4.569635E+0	-9.000000E-5	2.271000E-5	-1.870000E-6	3.403500E-4	3.650000E-6	0.000000E+0	0.000000E+0	1.964247E-4	2.976042E-9	0.000000E+0	0.000000E+0	1.004022E+1	0.000000E+0	3.000000E+0
24-Apr-25	15:39:15	-0.000000E+0	-4.560660E+0	-9.000000E-5	2.273000E-5	-1.830000E-6	3.401500E-4	3.500000E-6	0.000000E+0	0.000000E+0	1.964247E-4	2.976042E-9	0.000000E+0	0.000000E+0	1.004022E+1	0.000000E+0	3.000000E+0
24-Apr-25	15:39:15	-0.000000E+0	-4.551700E+0	-9.000000E-5	2.267500E-5	-1.860000E-6	3.402500E-4	3.500000E-6	0.000000E+0	0.000000E+0	1.964247E-4	2.976042E-9	0.000000E+0	0.000000E+0	1.004022E+1	0.000000E+0	3.000000E+0
24-Apr-25	15:39:16	-0.000000E+0	-4.542775E+0	-9.000000E-5	2.269500E-5	-1.795000E-6	3.399000E-4	3.500000E-6	0.000000E+0	0.000000E+0	1.964247E-4	2.976042E-9	0.000000E+0	0.000000E+0	1.004022E+1	0.000000E+0	3.000000E+0
24-Apr-25	15:39:16	-0.000000E+0	-4.534090E+0	-9.000000E-5	2.271000E-5	-1.850000E-6	3.402000E-4	4.100000E-6	0.000000E+0	0.000000E+0	1.964247E-4	2.976042E-9	0.000000E+0	0.000000E+0	1.004022E+1	0.000000E+0	3.000000E+0
24-Apr-25	15:39:17	-0.000000E+0	-4.524175E+0	-9.000000E-5	2.269500E-5	-1.890000E-6	3.393000E-4	4.050000E-6	0.000000E+0	0.000000E+0	1.964247E-4	2.976042E-9	0.000000E+0	0.000000E+0	1.004022E+1	0.000000E+0	3.000000E+0
24-Apr-25	15:39:18	-0.000000E+0	-4.514090E+0	-9.000000E-5	2.270000E-5	-1.910000E-6	3.398000E-4	3.500000E-6	0.000000E+0	0.000000E+0	1.964247E-4	2.976042E-9	0.000000E+0	0.000000E+0	1.004022E+1	0.000000E+0	3.000000E+0
24-Apr-25	15:39:18	-0.000000E+0	-4.504040E+0	-9.000000E-5	2.273500E-5	-1.885000E-6	3.401000E-4	4.050000E-6	0.000000E+0	0.000000E+0	1.964247E-4	2.976042E-9	0.000000E+0	0.000000E+0	1.004022E+1	0.000000E+0	3.000000E+0
24-Apr-25	15:39:19	-0.000000E+0	-4.495090E+0	-9.000000E-5	2.271500E-5	-1.905000E-6	3.399000E-4	4.350000E-6	0.000000E+0	0.000000E+0	1.964247E-4	2.976042E-9	0.000000E+0	0.000000E+0	1.004022E+1	0.000000E+0	3.000000E+0
24-Apr-25	15:39:19	-0.000000E+0	-4.485155E+0	-9.000000E-5	2.270000E-5	-1.900000E-6	3.397500E-4	3.850000E-6	0.000000E+0	0.000000E+0	1.964247E-4	2.976042E-9	0.000000E+0	0.000000E+0	1.004022E+1	0.000000E+0	3.000000E+0
24-Apr-25	15:39:20	-0.000000E+0	-4.476180E+0	-9.000000E-5	2.266000E-5	-1.930000E-6	3.397500E-4	4.100000E-6	0.000000E+0	0.000000E+0	1.964247E-4	2.976042E-9	0.000000E+0	0.000000E+0	1.004022E+1	0.000000E+0	3.000000E+0
24-Apr-25	15:39:20	-0.000000E+0	-4.466275E+0	-9.000000E-5	2.272500E-5	-1.880000E-6	3.399000E-4	4.450000E-6	0.000000E+0	0.000000E+0	1.964247E-4	2.976042E-9	0.000000E+0	0.000000E+0	1.004022E+1	0.000000E+0	3.000000E+0
24-Apr-25	15:39:21	-0.000000E+0	-4.457305E+0	-9.000000E-5	2.273500E-5	-1.845000E-6	3.402000E-4	4.400000E-6	0.000000E+0	0.000000E+0	1.964247E-4	2.976042E-9	0.000000E+0	0.000000E+0	1.004022E+1	0.000000E+0	3.000000E+0
24-Apr-25	15:39:21	-0.000000E+0	-4.449215E+0	-9.000000E-5	2.273500E-5	-1.825000E-6	3.398000E-4	3.450000E-6	0.000000E+0	0.000000E+0	1.964247E-4	2.976042E-9	0.000000E+0	0.000000E+0	1.004022E+1	0.000000E+0	3.000000E+0
24-Apr-25	15:39:22	-0.000000E+0	-4.440275E+0	-9.000000E-5	2.271500E-5	-1.840000E-6	3.403000E-4	3.500000E-6	0.000000E+0	0.000000E+0	1.964247E-4	2.976042E-9	0.000000E+0	0.000000E+0	1.004022E+1	0.000000E+0	3.000000E+0
24-Apr-25	15:39:22	-0.000000E+0	-4.431185E+0	-9.000000E-5	2.273000E-5	-1.860000E-6	3.399500E-4	4.250000E-6	0.000000E+0	0.000000E+0	1.964247E-4	2.976042E-9	0.000000E+0	0.000000E+0	1.004022E+1	0.000000E+0	3.000000E+0
24-Apr-25	15:39:23	-0.000000E+0	-4.422230E+0	-9.000000E-5	2.272500E-5	-1.905000E-6	3.400500E-4	3.600000E-6	0.000000E+0	0.000000E+0	1.964247E-4	2.976042E-9	0.000000E+0	0.000000E+0	1.004022E+1	0.000000E+0	3.000000E+0
24-Apr-25	15:39:23	-0.000000E+0	-4.413205E+0	-9.000000E-5	2.268500E-5	-1.910000E-6	3.400500E-4	3.500000E-6	0.000000E+0	0.000000E+0	1.964247E-4	2.976042E-9	0.000000E+0	0.000000E+0	1.004022E+1	0.000000E+0	3.000000E+0
24-Apr-25	15:39:24	-0.000000E+0	-4.401565E+0	-9.000000E-5	2.273500E-5	-1.900000E-6	3.406500E-4	3.950000E-6	0.000000E+0	0.000000E+0	1.964247E-4	2.976042E-9	0.000000E+0	0.000000E+0	1.004022E+1	0.000000E+0	3.000000E+0
24-Apr-25	15:39:24	-0.000000E+0	-4.392590E+0	-9.000000E-5	2.274500E-5	-1.910000E-6	3.398000E-4	4.300000E-6	0.000000E+0	0.000000E+0	1.964247E-4	2.976042E-9	0.000000E+0	0.000000E+0	1.004022E+1	0.000000E+0	3.000000E+0
24-Apr-25	15:39:25	-0.000000E+0	-4.383530E+0	-9.000000E-5	2.274500E-5	-1.855000E-6	3.401000E-4	3.250000E-6	0.000000E+0	0.000000E+0	1.964247E-4	2.976042E-9	0.000000E+0	0.000000E+0	1.004022E+1	0.000000E+0	3.000000E+0
24-Apr-25	15:39:25	-0.000000E+0	-4.373700E+0	-9.000000E-5	2.273000E-5	-1.895000E-6	3.407500E-4	4.350000E-6	0.000000E+0	0.000000E+0	1.964247E-4	2.976042E-9	0.000000E+0	0.000000E+0	1.004022E+1	0.000000E+0	3.000000E+0
24-Apr-25	15:39:26	-0.000000E+0	-4.364720E+0	-9.000000E-5	2.278000E-5	-1.905000E-6	3.398500E-4	4.650000E-6	0.000000E+0	0.000000E+0	1.964247E-4	2.976042E-9	0.000000E+0	0.000000E+0	1.004022E+1	0.000000E+0	3.000000E+0
24-Apr-25	15:39:26	-0.000000E+0	-4.355750E+0	-9.000000E-5	2.277000E-5	-1.850000E-6	3.405000E-4	3.900000E-6	0.000000E+0	0.000000E+0	1.964247E-4	2.976042E-9	0.000000E+0	0.000000E+0	1.004022E+1	0.000000E+0	3.000000E+0
24-Apr-25	15:39:27	-0.000000E+0	-4.347685E+0	-9.000000E-5	2.273000E-5	-1.825000E-6	3.397000E-4	4.200000E-6	0.000000E+0	0.000000E+0	1.964247E-4	2.976042E-9	0.000000E+0	0.000000E+0	1.004022E+1	0.000000E+0	3.000000E+0
24-Apr-25	15:39:27	-0.000000E+0	-4.337735E+0	-9.000000E-5	2.273000E-5	-1.865000E-6	3.399500E-4	3.900000E-6	0.000000E+0	0.000000E+0	1.964247E-4	2.976042E-9	0.000000E+0	0.000000E+0	1.004022E+1	0.000000E+0	3.000000E+0
24-Apr-25	15:39:28	-0.000000E+0	-4.327565E+0	-9.000000E-5	2.269500E-5	-1.890000E-6	3.397500E-4	4.000000E-6	0.000000E+0	0.000000E+0	1.964247E-4	2.976042E-9	0.000000E+0	0.000000E+0	1.004022E+1	0.000000E+0	3.000000E+0
24-Apr-25	15:39:28	-0.000000E+0	-4.318580E+0	-9.000000E-5	2.278500E-5	-1.875000E-6	3.400000E-4	3.950000E-6	0.000000E+0	0.000000E+0	1.964247E-4	2.976042E-9	0.000000E+0	0.000000E+0	1.004022E+1	0.000000E+0	3.000000E+0
24-Apr-25	15:39:29	-0.000000E+0	-4.309590E+0	-9.000000E-5	2.276000E-5	-1.885000E-6	3.400000E-4	3.850000E-6	0.000000E+0	0.000000E+0	1.964247E-4	2.976042E-9	0.000000E+0	0.000000E+0	1.004022E+1	0.000000E+0	3.000000E+0
24-Apr-25	15:39:29	-0.000000E+0	-4.300580E+0	-9.000000E-5	2.271500E-5	-1.830000E-6	3.397000E-4	3.550000E-6	0.000000E+0	0.000000E+0	1.964247E-4	2.976042E-9	0.000000E+0	0.000000E+0	1.004022E+1	0.000000E+0	3.000000E+0
24-Apr-25	15:39:30	-0.000000E+0	-4.291560E+0	-9.000000E-5	2.268500E-5	-1.845000E-6	3.405500E-4	3.950000E-6	0.000000E+0	0.000000E+0	1.964247E-4	2.976042E-9	0.000000E+0	0.000000E+0	1.004022E+1	0.000000E+0	3.000000E+0
24-Apr-25	15:39:30	-0.000000E+0	-4.283450E+0	-9.000000E-5	2.269000E-5	-1.870000E-6	3.396500E-4	3.400000E-6	0.000000E+0	0.000000E+0	1.964247E-4	2.976042E-9	0.000000E+0	0.000000E+0	1.004022E+1	0.000000E+0	3.000000E+0
24-Apr-25	15:39:31	-0.000000E+0	-4.274515E+0	-9.000000E-5	2.272000E-5	-1.840000E-6	3.395500E-4	4.250000E-6	0.000000E+0	0.000000E+0	1.964247E-4	2.976042E-9	0.000000E+0	0.000000E+0	1.004022E+1	0.000000E+0	3.000000E+0
24-Apr-25	15:39:31	-0.000000E+0	-4.264635E+0	-9.000000E-5	2.273500E-5	-1.820000E-6	3.395000E-4	3.800000E-6	0.000000E+0	0.000000E+0	1.964247E-4	2.976042E-9	0.000000E+0	0.000000E+0	1.004022E+1	0.000000E+0	3.000000E+0
24-Apr-25	15:39:32	-0.000000E+0	-4.254760E+0	-9.000000E-5	2.267000E-5	-1.850000E-6	3.393500E-4	3.750000E-6	0.000000E+0	0.000000E+0	1.964247E-4	2.976042E-9	0.000000E+0	0.000000E+0	1.004022E+1	0.000000E+0	3.000000E+0
24-Apr-25	15:39:33	-0.000000E+0	-4.241090E+0	-9.000000E-5	2.268000E-5	-1.890000E-6	3.399000E-4	3.800000E-6	0.000000E+0	0.000000E+0	1.964247E-4	2.976042E-9	0.000000E+0	0.000000E+0	1.004022E+1	0.000000E+0	3.000000E+0
24-Apr-25	15:39:33	-0.000000E+0	-4.232860E+0	-9.000000E-5	2.270500E-5	-1.825000E-6	3.396000E-4	3.750000E-6	0.000000E+0	0.000000E+0	1.964247E-4	2.976042E-9	0.000000E+0	0.000000E+0	1.004022E+1	0.000000E+0	3.000000E+0
24-Apr-25	15:39:34	-0.000000E+0	-4.223875E+0	-9.000000E-5	2.272500E-5	-1.840000E-6	3.399000E-4	4.600000E-6	0.000000E+0	0.000000E+0	1.964247E-4	2.976042E-9	0.000000E+0	0.000000E+0	1.004022E+1	0.000000E+0	3.000000E+0
24-Apr-25	15:39:34	-0.000000E+0	-4.214895E+0	-9.000000E-5	2.279000E-5	-1.915000E-6	3.395000E-4	3.900000E-6	0.000000E+0	0.000000E+0	1.964247E-4	2.976042E-9	0.000000E+0	0.000000E+0	1.004022E+1	0.000000E+0	3.000000E+0
24-Apr-25	15:39:35	-0.000000E+0	-4.205925E+0	-9.000000E-5	2.276000E-5	-1.880000E-6	3.395500E-4	4.300000E-6	0.000000E+0	0.000000E+0	1.964247E-4	2.976042E-9	0.000000E+0	0.000000E+0	1.004022E+1	0.000000E+0	3.000000E+0
24-Apr-25	15:39:35	-0.000000E+0	-4.196930E+0	-9.000000E-5	2.268500E-5	-1.875000E-6	3.396000E-4	4.050000E-6	0.000000E+0	0.000000E+0	1.964247E-4	2.976042E-9	0.000000E+0	0.000000E+0	1.004022E+1	0.000000E+0	3.000000E+0
24-Apr-25	15:39:36	-0.000000E+0	-4.184360E+0	-9.000000E-5	2.276000E-5	-1.920000E-6	3.398500E-4	4.600000E-6	0.000000E+0	0.000000E+0	1.964247E-4	2.976042E-9	0.000000E+0	0.000000E+0	1.004022E+1	0.000000E+0	3.000000E+0
24-Apr-25	15:39:37	-0.000000E+0	-4.175415E+0	-9.000000E-5	2.275000E-5	-1.875000E-6	3.400500E-4	3.600000E-6	0.000000E+0	0.000000E+0	1.964247E-4	2.976042E-9	0.000000E+0	0.000000E+0	1.004022E+1	0.000000E+0	3.000000E+0
24-Apr-25	15:39:37	-0.000000E+0	-4.162900E+0	-9.000000E-5	2.272000E-5	-1.870000E-6	3.400500E-4	4.150000E-6	0.000000E+0	0.000000E+0	1.964247E-4	2.976042E-9	0.000000E+0	0.000000E+0	1.004022E+1	0.000000E+0	3.000000E+0
24-Apr-25	15:39:38	-0.000000E+0	-4.153810E+0	-9.000000E-5	2.270000E-5	-1.870000E-6	3.395500E-4	4.050000E-6	0.000000E+0	0.000000E+0	1.964247E-4	2.976042E-9	0.000000E+0	0.000000E+0	1.004022E+1	0.000000E+0	3.000000E+0
24-Apr-25	15:39:38	-0.000000E+0	-4.145725E+0	-9.000000E-5	2.269000E-5	-1.855000E-6	3.402500E-4	4.100000E-6	0.000000E+0	0.000000E+0	1.964247E-4	2.976042E-9	0.000000E+0	0.000000E+0	1.004022E+1	0.000000E+0	3.000000E+0
24-Apr-25	15:39:39	-0.000000E+0	-4.136695E+0	-9.000000E-5	2.267500E-5	-1.840000E-6	3.397500E-4	4.200000E-6	0.000000E+0	0.000000E+0	1.964247E-4	2.976042E-9	0.000000E+0	0.000000E+0	1.004022E+1	0.000000E+0	3.000000E+0
24-Apr-25	15:39:39	-0.000000E+0	-4.127740E+0	-9.000000E-5	2.272500E-5	-1.830000E-6	3.397500E-4	4.350000E-6	0.000000E+0	0.000000E+0	1.964247E-4	2.976042E-9	0.000000E+0	0.000000E+0	1.004022E+1	0.000000E+0	3.000000E+0
24-Apr-25	15:39:40	-0.000000E+0	-4.119615E+0	-9.000000E-5	2.269500E-5	-1.815000E-6	3.400500E-4	4.100000E-6	0.000000E+0	0.000000E+0	1.964247E-4	2.976042E-9	0.000000E+0	0.000000E+0	1.004022E+1	0.000000E+0	3.000000E+0
24-Apr-25	15:39:40	-0.000000E+0	-4.110695E+0	-9.000000E-5	2.271500E-5	-1.850000E-6	3.395500E-4	4.000000E-6	0.000000E+0	0.000000E+0	1.964247E-4	2.976042E-9	0.000000E+0	0.000000E+0	1.004022E+1	0.000000E+0	3.000000E+0
24-Apr-25	15:39:40	-0.000000E+0	-4.102500E+0	-9.000000E-5	2.272500E-5	-1.835000E-6	3.400500E-4	3.950000E-6	0.000000E+0	0.000000E+0	1.964247E-4	2.976042E-9	0.000000E+0	0.000000E+0	1.004022E+1	0.000000E+0	3.000000E+0
24-Apr-25	15:39:41	-0.000000E+0	-4.093535E+0	-9.000000E-5	2.268000E-5	-1.845000E-6	3.394000E-4	3.950000E-6	0.000000E+0	0.000000E+0	1.964247E-4	2.976042E-9	0.000000E+0	0.000000E+0	1.004022E+1	0.000000E+0	3.000000E+0
24-Apr-25	15:39:41	-0.000000E+0	-4.084555E+0	-9.000000E-5	2.270500E-5	-1.895000E-6	3.401500E-4	3.950000E-6	0.000000E+0	0.000000E+0	1.964247E-4	2.976042E-9	0.000000E+0	0.000000E+0	1.004022E+1	0.000000E+0	3.000000E+0
24-Apr-25	15:39:42	-0.000000E+0	-4.075565E+0	-9.000000E-5	2.274000E-5	-1.855000E-6	3.396500E-4	3.650000E-6	0.000000E+0	0.000000E+0	1.964247E-4	2.976042E-9	0.000000E+0	0.000000E+0	1.004022E+1	0.000000E+0	3.000000E+0
24-Apr-25	15:39:43	-0.000000E+0	-4.066620E+0	-9.000000E-5	2.271000E-5	-1.790000E-6	3.396500E-4	4.200000E-6	0.000000E+0	0.000000E+0	1.964247E-4	2.976042E-9	0.000000E+0	0.000000E+0	1.004022E+1	0.000000E+0	3.000000E+0
24-Apr-25	15:39:43	-0.000000E+0	-4.055500E+0	-9.000000E-5	2.269000E-5	-1.780000E-6	3.392000E-4	4.250000E-6	0.000000E+0	0.000000E+0	1.964247E-4	2.976042E-9	0.000000E+0	0.000000E+0	1.004022E+1	0.000000E+0	3.000000E+0
24-Apr-25	15:39:44	-0.000000E+0	-4.045610E+0	-9.000000E-5	2.270000E-5	-1.865000E-6	3.395500E-4	3.850000E-6	0.000000E+0	0.000000E+0	1.964247E-4	2.976042E-9	0.000000E+0	0.000000E+0	1.004022E+1	0.000000E+0	3.000000E+0
24-Apr-25	15:39:44	-0.000000E+0	-4.033025E+0	-9.000000E-5	2.269000E-5	-1.860000E-6	3.386000E-4	2.300000E-6	0.000000E+0	0.000000E+0	1.964247E-4	2.976042E-9	0.000000E+0	0.000000E+0	1.004022E+1	0.000000E+0	3.000000E+0
24-Apr-25	15:39:45	-0.000000E+0	-4.024030E+0	-9.000000E-5	2.269500E-5	-1.885000E-6	3.398000E-4	3.400000E-6	0.000000E+0	0.000000E+0	1.964247E-4	2.976042E-9	0.000000E+0	0.000000E+0	1.004022E+1	0.000000E+0	3.000000E+0
24-Apr-25	15:39:45	-0.000000E+0	-4.015090E+0	-9.000000E-5	2.267500E-5	-1.880000E-6	3.401000E-4	3.900000E-6	0.000000E+0	0.000000E+0	1.964247E-4	2.976042E-9	0.000000E+0	0.000000E+0	1.004022E+1	0.000000E+0	3.000000E+0
24-Apr-25	15:39:46	-0.000000E+0	-4.005725E+0	-9.000000E-5	2.265500E-5	-1.890000E-6	3.401500E-4	3.450000E-6	0.000000E+0	0.000000E+0	1.964247E-4	2.976042E-9	0.000000E+0	0.000000E+0	1.004022E+1	0.000000E+0	3.000000E+0
24-Apr-25	15:39:46	-0.000000E+0	-3.997705E+0	-9.000000E-5	2.262000E-5	-1.865000E-6	3.406500E-4	2.850000E-6	0.000000E+0	0.000000E+0	1.964247E-4	2.976042E-9	0.000000E+0	0.000000E+0	1.004022E+1	0.000000E+0	3.000000E+0
24-Apr-25	15:39:47	-0.000000E+0	-3.989580E+0	-9.000000E-5	2.262500E-5	-1.805000E-6	3.403500E-4	4.800000E-6	0.000000E+0	0.000000E+0	1.964247E-4	2.976042E-9	0.000000E+0	0.000000E+0	1.004022E+1	0.000000E+0	3.000000E+0
24-Apr-25	15:39:47	-0.000000E+0	-3.980660E+0	-9.000000E-5	2.261500E-5	-1.785000E-6	3.391500E-4	3.550000E-6	0.000000E+0	0.000000E+0	1.964247E-4	2.976042E-9	0.000000E+0	0.000000E+0	1.004022E+1	0.000000E+0	3.000000E+0
24-Apr-25	15:39:48	-0.000000E+0	-3.970770E+0	-9.000000E-5	2.266000E-5	-1.830000E-6	3.401000E-4	3.250000E-6	0.000000E+0	0.000000E+0	1.964247E-4	2.976042E-9	0.000000E+0	0.000000E+0	1.004022E+1	0.000000E+0	3.000000E+0
24-Apr-25	15:39:48	-0.000000E+0	-3.961755E+0	-9.000000E-5	2.267500E-5	-1.875000E-6	3.396000E-4	4.050000E-6	0.000000E+0	0.000000E+0	1.964247E-4	2.976042E-9	0.000000E+0	0.000000E+0	1.004022E+1	0.000000E+0	3.000000E+0
24-Apr-25	15:39:49	-0.000000E+0	-3.951835E+0	-9.000000E-5	2.264000E-5	-1.865000E-6	3.390500E-4	4.000000E-6	0.000000E+0	0.000000E+0	1.964247E-4	2.976042E-9	0.000000E+0	0.000000E+0	1.004022E+1	0.000000E+0	3.000000E+0
24-Apr-25	15:39:49	-0.000000E+0	-3.943780E+0	-9.000000E-5	2.267000E-5	-1.870000E-6	3.390500E-4	4.450000E-6	0.000000E+0	0.000000E+0	1.964247E-4	2.976042E-9	0.000000E+0	0.000000E+0	1.004022E+1	0.000000E+0	3.000000E+0
24-Apr-25	15:39:50	-0.000000E+0	-3.935650E+0	-9.000000E-5	2.270000E-5	-1.885000E-6	3.395500E-4	3.250000E-6	0.000000E+0	0.000000E+0	1.964247E-4	2.976042E-9	0.000000E+0	0.000000E+0	1.004022E+1	0.000000E+0	3.000000E+0
24-Apr-25	15:39:50	-0.000000E+0	-3.926715E+0	-9.000000E-5	2.263000E-5	-1.900000E-6	3.395000E-4	3.800000E-6	0.000000E+0	0.000000E+0	1.964247E-4	2.976042E-9	0.000000E+0	0.000000E+0	1.004022E+1	0.000000E+0	3.000000E+0
24-Apr-25	15:39:51	-0.000000E+0	-3.917690E+0	-9.000000E-5	2.259500E-5	-1.880000E-6	3.392000E-4	3.950000E-6	0.000000E+0	0.000000E+0	1.964247E-4	2.976042E-9	0.000000E+0	0.000000E+0	1.004022E+1	0.000000E+0	3.000000E+0
24-Apr-25	15:39:51	-0.000000E+0	-3.906760E+0	-9.000000E-5	2.264000E-5	-1.845000E-6	3.402500E-4	4.100000E-6	0.000000E+0	0.000000E+0	1.964247E-4	2.976042E-9	0.000000E+0	0.000000E+0	1.004022E+1	0.000000E+0	3.000000E+0
24-Apr-25	15:39:52	-0.000000E+0	-3.896725E+0	-9.000000E-5	2.263000E-5	-1.790000E-6	3.392000E-4	3.750000E-6	0.000000E+0	0.000000E+0	1.964247E-4	2.976042E-9	0.000000E+0	0.000000E+0	1.004022E+1	0.000000E+0	3.000000E+0
24-Apr-25	15:39:52	-0.000000E+0	-3.887730E+0	-9.000000E-5	2.261000E-5	-1.840000E-6	3.389000E-4	3.950000E-6	0.000000E+0	0.000000E+0	1.964247E-4	2.976042E-9	0.000000E+0	0.000000E+0	1.004022E+1	0.000000E+0	3.000000E+0
24-Apr-25	15:39:53	-0.000000E+0	-3.878800E+0	-9.000000E-5	2.264000E-5	-1.900000E-6	3.395500E-4	3.250000E-6	0.000000E+0	0.000000E+0	1.964247E-4	2.976042E-9	0.000000E+0	0.000000E+0	1.004022E+1	0.000000E+0	3.000000E+0
24-Apr-25	15:39:53	-0.000000E+0	-3.869775E+0	-9.000000E-5	2.262000E-5	-1.875000E-6	3.392000E-4	3.650000E-6	0.000000E+0	0.000000E+0	1.964247E-4	2.976042E-9	0.000000E+0	0.000000E+0	1.004022E+1	0.000000E+0	3.000000E+0
24-Apr-25	15:39:54	-0.000000E+0	-3.859855E+0	-9.000000E-5	2.257500E-5	-1.845000E-6	3.393500E-4	3.850000E-6	0.000000E+0	0.000000E+0	1.964247E-4	2.976042E-9	0.000000E+0	0.000000E+0	1.004022E+1	0.000000E+0	3.000000E+0
24-Apr-25	15:39:55	-0.000000E+0	-3.850925E+0	-9.000000E-5	2.258000E-5	-1.860000E-6	3.397000E-4	4.150000E-6	0.000000E+0	0.000000E+0	1.964247E-4	2.976042E-9	0.000000E+0	0.000000E+0	1.004022E+1	0.000000E+0	3.000000E+0
24-Apr-25	15:39:55	-0.000000E+0	-3.838340E+0	-9.000000E-5	2.259000E-5	-1.845000E-6	3.387500E-4	4.200000E-6	0.000000E+0	0.000000E+0	1.964247E-4	2.976042E-9	0.000000E+0	0.000000E+0	1.004022E+1	0.000000E+0	3.000000E+0
24-Apr-25	15:39:56	-0.000000E+0	-3.829355E+0	-9.000000E-5	2.253000E-5	-1.835000E-6	3.395000E-4	3.950000E-6	0.000000E+0	0.000000E+0	1.964247E-4	2.976042E-9	0.000000E+0	0.000000E+0	1.004022E+1	0.000000E+0	3.000000E+0
24-Apr-25	15:39:56	-0.000000E+0	-3.820360E+0	-9.000000E-5	2.257000E-5	-1.835000E-6	3.395000E-4	4.100000E-6	0.000000E+0	0.000000E+0	1.964247E-4	2.976042E-9	0.000000E+0	0.000000E+0	1.004022E+1	0.000000E+0	3.000000E+0
24-Apr-25	15:39:57	-0.000000E+0	-3.811960E+0	-9.000000E-5	2.259000E-5	-1.850000E-6	3.393500E-4	4.700000E-6	0.000000E+0	0.000000E+0	1.964247E-4	2.976042E-9	0.000000E+0	0.000000E+0	1.004022E+1	0.000000E+0	3.000000E+0
24-Apr-25	15:39:57	-0.000000E+0	-3.803905E+0	-9.000000E-5	2.252500E-5	-1.880000E-6	3.397500E-4	4.950000E-6	0.000000E+0	0.000000E+0	1.964247E-4	2.976042E-9	0.000000E+0	0.000000E+0	1.004022E+1	0.000000E+0	3.000000E+0
24-Apr-25	15:39:58	-0.000000E+0	-3.793130E+0	-9.000000E-5	2.254500E-5	-1.870000E-6	3.393500E-4	3.750000E-6	0.000000E+0	0.000000E+0	1.964247E-4	2.976042E-9	0.000000E+0	0.000000E+0	1.004022E+1	0.000000E+0	3.000000E+0
24-Apr-25	15:39:58	-0.000000E+0	-3.784240E+0	-9.000000E-5	2.258500E-5	-1.880000E-6	3.392500E-4	3.650000E-6	0.000000E+0	0.000000E+0	1.964247E-4	2.976042E-9	0.000000E+0	0.000000E+0	1.004022E+1	0.000000E+0	3.000000E+0
24-Apr-25	15:39:59	-0.000000E+0	-3.775160E+0	-9.000000E-5	2.260500E-5	-1.895000E-6	3.386500E-4	3.650000E-6	0.000000E+0	0.000000E+0	1.964247E-4	2.976042E-9	0.000000E+0	0.000000E+0	1.004022E+1	0.000000E+0	3.000000E+0
24-Apr-25	15:39:59	-0.000000E+0	-3.765250E+0	-9.000000E-5	2.254000E-5	-1.840000E-6	3.394500E-4	3.800000E-6	0.000000E+0	0.000000E+0	1.964247E-4	2.976042E-9	0.000000E+0	0.000000E+0	1.004022E+1	0.000000E+0	3.000000E+0
24-Apr-25	15:40:00	-0.000000E+0	-3.757150E+0	-9.000000E-5	2.250000E-5	-1.840000E-6	3.392000E-4	3.700000E-6	0.000000E+0	0.000000E+0	1.964247E-4	2.976042E-9	0.000000E+0	0.000000E+0	1.004022E+1	0.000000E+0	3.000000E+0
24-Apr-25	15:40:00	-0.000000E+0	-3.748155E+0	-9.000000E-5	2.250000E-5	-1.830000E-6	3.397000E-4	4.100000E-6	0.000000E+0	0.000000E+0	1.964247E-4	2.976042E-9	0.000000E+0	0.000000E+0	1.004022E+1	0.000000E+0	3.000000E+0
24-Apr-25	15:40:01	-0.000000E+0	-3.739175E+0	-9.000000E-5	2.256500E-5	-1.870000E-6	3.390000E-4	3.400000E-6	0.000000E+0	0.000000E+0	1.964247E-4	2.976042E-9	0.000000E+0	0.000000E+0	1.004022E+1	0.000000E+0	3.000000E+0
24-Apr-25	15:40:01	-0.000000E+0	-3.730175E+0	-9.000000E-5	2.260000E-5	-1.885000E-6	3.388000E-4	3.900000E-6	0.000000E+0	0.000000E+0	1.964247E-4	2.976042E-9	0.000000E+0	0.000000E+0	1.004022E+1	0.000000E+0	3.000000E+0
24-Apr-25	15:40:02	-0.000000E+0	-3.721160E+0	-9.000000E-5	2.252000E-5	-1.860000E-6	3.391000E-4	3.650000E-6	0.000000E+0	0.000000E+0	1.964247E-4	2.976042E-9	0.000000E+0	0.000000E+0	1.004022E+1	0.000000E+0	3.000000E+0
24-Apr-25	15:40:02	-0.000000E+0	-3.712175E+0	-9.000000E-5	2.250000E-5	-1.845000E-6	3.388000E-4	3.750000E-6	0.000000E+0	0.000000E+0	1.964247E-4	2.976042E-9	0.000000E+0	0.000000E+0	1.004022E+1	0.000000E+0	3.000000E+0
24-Apr-25	15:40:03	-0.000000E+0	-3.702315E+0	-9.000000E-5	2.249500E-5	-1.815000E-6	3.394500E-4	3.900000E-6	0.000000E+0	0.000000E+0	1.964247E-4	2.976042E-9	0.000000E+0	0.000000E+0	1.004022E+1	0.000000E+0	3.000000E+0
24-Apr-25	15:40:03	-0.000000E+0	-3.693350E+0	-9.000000E-5	2.252500E-5	-1.825000E-6	3.391500E-4	3.350000E-6	0.000000E+0	0.000000E+0	1.964247E-4	2.976042E-9	0.000000E+0	0.000000E+0	1.004022E+1	0.000000E+0	3.000000E+0
24-Apr-25	15:40:04	-0.000000E+0	-3.684390E+0	-9.000000E-5	2.251500E-5	-1.820000E-6	3.390500E-4	3.750000E-6	0.000000E+0	0.000000E+0	1.964247E-4	2.976042E-9	0.000000E+0	0.000000E+0	1.004022E+1	0.000000E+0	3.000000E+0
24-Apr-25	15:40:04	-0.000000E+0	-3.675305E+0	-9.000000E-5	2.250500E-5	-1.790000E-6	3.394000E-4	4.450000E-6	0.000000E+0	0.000000E+0	1.964247E-4	2.976042E-9	0.000000E+0	0.000000E+0	1.004022E+1	0.000000E+0	3.000000E+0
24-Apr-25	15:40:05	-0.000000E+0	-3.664530E+0	-9.000000E-5	2.249500E-5	-1.835000E-6	3.392000E-4	4.250000E-6	0.000000E+0	0.000000E+0	1.964247E-4	2.976042E-9	0.000000E+0	0.000000E+0	1.004022E+1	0.000000E+0	3.000000E+0
24-Apr-25	15:40:05	-0.000000E+0	-3.656435E+0	-9.000000E-5	2.249000E-5	-1.865000E-6	3.401000E-4	4.150000E-6	0.000000E+0	0.000000E+0	1.964247E-4	2.976042E-9	0.000000E+0	0.000000E+0	1.004022E+1	0.000000E+0	3.000000E+0
24-Apr-25	15:40:06	-0.000000E+0	-3.647160E+0	-9.000000E-5	2.249500E-5	-1.855000E-6	3.396000E-4	4.400000E-6	0.000000E+0	0.000000E+0	1.964247E-4	2.976042E-9	0.000000E+0	0.000000E+0	1.004022E+1	0.000000E+0	3.000000E+0
24-Apr-25	15:40:07	-0.000000E+0	-3.634605E+0	-9.000000E-5	2.247000E-5	-1.810000E-6	3.396500E-4	3.950000E-6	0.000000E+0	0.000000E+0	1.964247E-4	2.976042E-9	0.000000E+0	0.000000E+0	1.004022E+1	0.000000E+0	3.000000E+0
24-Apr-25	15:40:07	-0.000000E+0	-3.621110E+0	-9.000000E-5	2.250000E-5	-1.825000E-6	3.391000E-4	4.100000E-6	0.000000E+0	0.000000E+0	1.964247E-4	2.976042E-9	0.000000E+0	0.000000E+0	1.004022E+1	0.000000E+0	3.000000E+0
24-Apr-25	15:40:08	-0.000000E+0	-3.612140E+0	-9.000000E-5	2.250000E-5	-1.850000E-6	3.385000E-4	4.850000E-6	0.000000E+0	0.000000E+0	1.964247E-4	2.976042E-9	0.000000E+0	0.000000E+0	1.004022E+1	0.000000E+0	3.000000E+0
24-Apr-25	15:40:08	-0.000000E+0	-3.599260E+0	-9.000000E-5	2.245500E-5	-1.820000E-6	3.392500E-4	3.750000E-6	0.000000E+0	0.000000E+0	1.964247E-4	2.976042E-9	0.000000E+0	0.000000E+0	1.004022E+1	0.000000E+0	3.000000E+0
24-Apr-25	15:40:09	-0.000000E+0	-3.590310E+0	-9.000000E-5	2.239500E-5	-1.875000E-6	3.393500E-4	4.250000E-6	0.000000E+0	0.000000E+0	1.964247E-4	2.976042E-9	0.000000E+0	0.000000E+0	1.004022E+1	0.000000E+0	3.000000E+0
24-Apr-25	15:40:10	-0.000000E+0	-3.581250E+0	-9.000000E-5	2.240000E-5	-1.885000E-6	3.403000E-4	5.500000E-6	0.000000E+0	0.000000E+0	1.964247E-4	2.976042E-9	0.000000E+0	0.000000E+0	1.004022E+1	0.000000E+0	3.000000E+0
24-Apr-25	15:40:10	-0.000000E+0	-3.571385E+0	-9.000000E-5	2.246000E-5	-1.875000E-6	3.394000E-4	4.400000E-6	0.000000E+0	0.000000E+0	1.964247E-4	2.976042E-9	0.000000E+0	0.000000E+0	1.004022E+1	0.000000E+0	3.000000E+0
24-Apr-25	15:40:11	-0.000000E+0	-3.562380E+0	-9.000000E-5	2.242500E-5	-1.875000E-6	3.389000E-4	3.450000E-6	0.000000E+0	0.000000E+0	1.964247E-4	2.976042E-9	0.000000E+0	0.000000E+0	1.004022E+1	0.000000E+0	3.000000E+0
24-Apr-25	15:40:11	-0.000000E+0	-3.553400E+0	-9.000000E-5	2.242000E-5	-1.855000E-6	3.388000E-4	4.200000E-6	0.000000E+0	0.000000E+0	1.964247E-4	2.976042E-9	0.000000E+0	0.000000E+0	1.004022E+1	0.000000E+0	3.000000E+0
24-Apr-25	15:40:12	-0.000000E+0	-3.543515E+0	-9.000000E-5	2.239000E-5	-1.815000E-6	3.395000E-4	3.650000E-6	0.000000E+0	0.000000E+0	1.964247E-4	2.976042E-9	0.000000E+0	0.000000E+0	1.004022E+1	0.000000E+0	3.000000E+0
24-Apr-25	15:40:12	-0.000000E+0	-3.534495E+0	-9.000000E-5	2.238000E-5	-1.800000E-6	3.394000E-4	3.950000E-6	0.000000E+0	0.000000E+0	1.964247E-4	2.976042E-9	0.000000E+0	0.000000E+0	1.004022E+1	0.000000E+0	3.000000E+0
24-Apr-25	15:40:13	-0.000000E+0	-3.525525E+0	-9.000000E-5	2.242000E-5	-1.840000E-6	3.405000E-4	4.450000E-6	0.000000E+0	0.000000E+0	1.964247E-4	2.976042E-9	0.000000E+0	0.000000E+0	1.004022E+1	0.000000E+0	3.000000E+0
24-Apr-25	15:40:13	-0.000000E+0	-3.514765E+0	-9.000000E-5	2.244000E-5	-1.850000E-6	3.396500E-4	3.300000E-6	0.000000E+0	0.000000E+0	1.964247E-4	2.976042E-9	0.000000E+0	0.000000E+0	1.004022E+1	0.000000E+0	3.000000E+0
24-Apr-25	15:40:14	-0.000000E+0	-3.505790E+0	-9.000000E-5	2.243000E-5	-1.835000E-6	3.391000E-4	3.950000E-6	0.000000E+0	0.000000E+0	1.964247E-4	2.976042E-9	0.000000E+0	0.000000E+0	1.004022E+1	0.000000E+0	3.000000E+0
24-Apr-25	15:40:14	-0.000000E+0	-3.497710E+0	-9.000000E-5	2.234000E-5	-1.790000E-6	3.396000E-4	4.000000E-6	0.000000E+0	0.000000E+0	1.964247E-4	2.976042E-9	0.000000E+0	0.000000E+0	1.004022E+1	0.000000E+0	3.000000E+0
24-Apr-25	15:40:15	-0.000000E+0	-3.488715E+0	-9.000000E-5	2.231500E-5	-1.805000E-6	3.384500E-4	4.200000E-6	0.000000E+0	0.000000E+0	1.964247E-4	2.976042E-9	0.000000E+0	0.000000E+0	1.004022E+1	0.000000E+0	3.000000E+0
24-Apr-25	15:40:15	-0.000000E+0	-3.477905E+0	-9.000000E-5	2.238000E-5	-1.790000E-6	3.389000E-4	2.950000E-6	0.000000E+0	0.000000E+0	1.964247E-4	2.976042E-9	0.000000E+0	0.000000E+0	1.004022E+1	0.000000E+0	3.000000E+0
24-Apr-25	15:40:16	-0.000000E+0	-3.468920E+0	-9.000000E-5	2.241500E-5	-1.750000E-6	3.390500E-4	3.750000E-6	0.000000E+0	0.000000E+0	1.964247E-4	2.976042E-9	0.000000E+0	0.000000E+0	1.004022E+1	0.000000E+0	3.000000E+0
24-Apr-25	15:40:16	-0.000000E+0	-3.459950E+0	-9.000000E-5	2.243000E-5	-1.800000E-6	3.389000E-4	2.950000E-6	0.000000E+0	0.000000E+0	1.964247E-4	2.976042E-9	0.000000E+0	0.000000E+0	1.004022E+1	0.000000E+0	3.000000E+0
24-Apr-25	15:40:17	-0.000000E+0	-3.450965E+0	-9.000000E-5	2.233000E-5	-1.855000E-6	3.392000E-4	4.050000E-6	0.000000E+0	0.000000E+0	1.964247E-4	2.976042E-9	0.000000E+0	0.000000E+0	1.004022E+1	0.000000E+0	3.000000E+0
24-Apr-25	15:40:17	-0.000000E+0	-3.441970E+0	-9.000000E-5	2.234500E-5	-1.860000E-6	3.394500E-4	3.750000E-6	0.000000E+0	0.000000E+0	1.964247E-4	2.976042E-9	0.000000E+0	0.000000E+0	1.004022E+1	0.000000E+0	3.000000E+0
24-Apr-25	15:40:18	-0.000000E+0	-3.432960E+0	-9.000000E-5	2.230000E-5	-1.830000E-6	3.399500E-4	4.200000E-6	0.000000E+0	0.000000E+0	1.964247E-4	2.976042E-9	0.000000E+0	0.000000E+0	1.004022E+1	0.000000E+0	3.000000E+0
24-Apr-25	15:40:18	-0.000000E+0	-3.424930E+0	-9.000000E-5	2.227500E-5	-1.825000E-6	3.393000E-4	3.800000E-6	0.000000E+0	0.000000E+0	1.964247E-4	2.976042E-9	0.000000E+0	0.000000E+0	1.004022E+1	0.000000E+0	3.000000E+0
24-Apr-25	15:40:19	-0.000000E+0	-3.415940E+0	-9.000000E-5	2.229000E-5	-1.845000E-6	3.386000E-4	4.750000E-6	0.000000E+0	0.000000E+0	1.964247E-4	2.976042E-9	0.000000E+0	0.000000E+0	1.004022E+1	0.000000E+0	3.000000E+0
24-Apr-25	15:40:19	-0.000000E+0	-3.407020E+0	-9.000000E-5	2.232000E-5	-1.825000E-6	3.396500E-4	4.100000E-6	0.000000E+0	0.000000E+0	1.964247E-4	2.976042E-9	0.000000E+0	0.000000E+0	1.004022E+1	0.000000E+0	3.000000E+0
24-Apr-25	15:40:20	-0.000000E+0	-3.397975E+0	-9.000000E-5	2.228000E-5	-1.820000E-6	3.398000E-4	3.700000E-6	0.000000E+0	0.000000E+0	1.964247E-4	2.976042E-9	0.000000E+0	0.000000E+0	1.004022E+1	0.000000E+0	3.000000E+0
24-Apr-25	15:40:20	-0.000000E+0	-3.388955E+0	-9.000000E-5	2.232500E-5	-1.845000E-6	3.392500E-4	3.000000E-6	0.000000E+0	0.000000E+0	1.964247E-4	2.976042E-9	0.000000E+0	0.000000E+0	1.004022E+1	0.000000E+0	3.000000E+0
24-Apr-25	15:40:21	-0.000000E+0	-3.379950E+0	-9.000000E-5	2.235500E-5	-1.820000E-6	3.393500E-4	3.950000E-6	0.000000E+0	0.000000E+0	1.964247E-4	2.976042E-9	0.000000E+0	0.000000E+0	1.004022E+1	0.000000E+0	3.000000E+0
24-Apr-25	15:40:21	-0.000000E+0	-3.370065E+0	-9.000000E-5	2.232500E-5	-1.795000E-6	3.397000E-4	4.250000E-6	0.000000E+0	0.000000E+0	1.964247E-4	2.976042E-9	0.000000E+0	0.000000E+0	1.004022E+1	0.000000E+0	3.000000E+0
24-Apr-25	15:40:22	-0.000000E+0	-3.361080E+0	-9.000000E-5	2.225500E-5	-1.850000E-6	3.399000E-4	3.800000E-6	0.000000E+0	0.000000E+0	1.964247E-4	2.976042E-9	0.000000E+0	0.000000E+0	1.004022E+1	0.000000E+0	3.000000E+0
24-Apr-25	15:40:22	-0.000000E+0	-3.352995E+0	-9.000000E-5	2.226500E-5	-1.845000E-6	3.398000E-4	3.500000E-6	0.000000E+0	0.000000E+0	1.964247E-4	2.976042E-9	0.000000E+0	0.000000E+0	1.004022E+1	0.000000E+0	3.000000E+0
24-Apr-25	15:40:23	-0.000000E+0	-3.344865E+0	-9.000000E-5	2.228500E-5	-1.840000E-6	3.401500E-4	3.450000E-6	0.000000E+0	0.000000E+0	1.964247E-4	2.976042E-9	0.000000E+0	0.000000E+0	1.004022E+1	0.000000E+0	3.000000E+0
24-Apr-25	15:40:23	-0.000000E+0	-3.335900E+0	-9.000000E-5	2.222500E-5	-1.860000E-6	3.394500E-4	4.100000E-6	0.000000E+0	0.000000E+0	1.964247E-4	2.976042E-9	0.000000E+0	0.000000E+0	1.004022E+1	0.000000E+0	3.000000E+0
24-Apr-25	15:40:24	-0.000000E+0	-3.326900E+0	-9.000000E-5	2.221000E-5	-1.855000E-6	3.383500E-4	4.200000E-6	0.000000E+0	0.000000E+0	1.964247E-4	2.976042E-9	0.000000E+0	0.000000E+0	1.004022E+1	0.000000E+0	3.000000E+0
24-Apr-25	15:40:24	-0.000000E+0	-3.317940E+0	-9.000000E-5	2.224000E-5	-1.800000E-6	3.391000E-4	4.350000E-6	0.000000E+0	0.000000E+0	1.964247E-4	2.976042E-9	0.000000E+0	0.000000E+0	1.004022E+1	0.000000E+0	3.000000E+0
24-Apr-25	15:40:25	-0.000000E+0	-3.309720E+0	-9.000000E-5	2.223000E-5	-1.825000E-6	3.388000E-4	3.000000E-6	0.000000E+0	0.000000E+0	1.964247E-4	2.976042E-9	0.000000E+0	0.000000E+0	1.004022E+1	0.000000E+0	3.000000E+0
24-Apr-25	15:40:25	-0.000000E+0	-3.300875E+0	-9.000000E-5	2.221500E-5	-1.835000E-6	3.389000E-4	5.950000E-6	0.000000E+0	0.000000E+0	1.964247E-4	2.976042E-9	0.000000E+0	0.000000E+0	1.004022E+1	0.000000E+0	3.000000E+0
24-Apr-25	15:40:26	-0.000000E+0	-3.289765E+0	-9.000000E-5	2.221500E-5	-1.840000E-6	3.390500E-4	5.400000E-6	0.000000E+0	0.000000E+0	1.964247E-4	2.976042E-9	0.000000E+0	0.000000E+0	1.004022E+1	0.000000E+0	3.000000E+0
24-Apr-25	15:40:26	-0.000000E+0	-3.280780E+0	-9.000000E-5	2.218000E-5	-1.835000E-6	3.391500E-4	3.500000E-6	0.000000E+0	0.000000E+0	1.964247E-4	2.976042E-9	0.000000E+0	0.000000E+0	1.004022E+1	0.000000E+0	3.000000E+0
24-Apr-25	15:40:27	-0.000000E+0	-3.271790E+0	-9.000000E-5	2.218000E-5	-1.840000E-6	3.394500E-4	4.150000E-6	0.000000E+0	0.000000E+0	1.964247E-4	2.976042E-9	0.000000E+0	0.000000E+0	1.004022E+1	0.000000E+0	3.000000E+0
24-Apr-25	15:40:27	-0.000000E+0	-3.262795E+0	-9.000000E-5	2.218500E-5	-1.820000E-6	3.392000E-4	4.600000E-6	0.000000E+0	0.000000E+0	1.964247E-4	2.976042E-9	0.000000E+0	0.000000E+0	1.004022E+1	0.000000E+0	3.000000E+0
24-Apr-25	15:40:28	-0.000000E+0	-3.254700E+0	-9.000000E-5	2.220500E-5	-1.835000E-6	3.388000E-4	3.650000E-6	0.000000E+0	0.000000E+0	1.964247E-4	2.976042E-9	0.000000E+0	0.000000E+0	1.004022E+1	0.000000E+0	3.000000E+0
24-Apr-25	15:40:28	-0.000000E+0	-3.245695E+0	-9.000000E-5	2.220000E-5	-1.805000E-6	3.392000E-4	4.000000E-6	0.000000E+0	0.000000E+0	1.964247E-4	2.976042E-9	0.000000E+0	0.000000E+0	1.004022E+1	0.000000E+0	3.000000E+0
24-Apr-25	15:40:29	-0.000000E+0	-3.237625E+0	-9.000000E-5	2.218000E-5	-1.850000E-6	3.395000E-4	4.250000E-6	0.000000E+0	0.000000E+0	1.964247E-4	2.976042E-9	0.000000E+0	0.000000E+0	1.004022E+1	0.000000E+0	3.000000E+0
24-Apr-25	15:40:29	-0.000000E+0	-3.229575E+0	-9.000000E-5	2.216500E-5	-1.845000E-6	3.389500E-4	3.800000E-6	0.000000E+0	0.000000E+0	1.964247E-4	2.976042E-9	0.000000E+0	0.000000E+0	1.004022E+1	0.000000E+0	3.000000E+0
24-Apr-25	15:40:30	-0.000000E+0	-3.218825E+0	-9.000000E-5	2.211500E-5	-1.845000E-6	3.392500E-4	3.300000E-6	0.000000E+0	0.000000E+0	1.964247E-4	2.976042E-9	0.000000E+0	0.000000E+0	1.004022E+1	0.000000E+0	3.000000E+0
24-Apr-25	15:40:30	-0.000000E+0	-3.209545E+0	-9.000000E-5	2.215000E-5	-1.815000E-6	3.394000E-4	3.650000E-6	0.000000E+0	0.000000E+0	1.964247E-4	2.976042E-9	0.000000E+0	0.000000E+0	1.004022E+1	0.000000E+0	3.000000E+0
24-Apr-25	15:40:31	-0.000000E+0	-3.197790E+0	-9.000000E-5	2.210000E-5	-1.805000E-6	3.388000E-4	3.750000E-6	0.000000E+0	0.000000E+0	1.964247E-4	2.976042E-9	0.000000E+0	0.000000E+0	1.004022E+1	0.000000E+0	3.000000E+0
24-Apr-25	15:40:31	-0.000000E+0	-3.187940E+0	-9.000000E-5	2.212000E-5	-1.790000E-6	3.387000E-4	4.650000E-6	0.000000E+0	0.000000E+0	1.964247E-4	2.976042E-9	0.000000E+0	0.000000E+0	1.004022E+1	0.000000E+0	3.000000E+0
24-Apr-25	15:40:32	-0.000000E+0	-3.178925E+0	-9.000000E-5	2.212000E-5	-1.755000E-6	3.393500E-4	3.950000E-6	0.000000E+0	0.000000E+0	1.964247E-4	2.976042E-9	0.000000E+0	0.000000E+0	1.004022E+1	0.000000E+0	3.000000E+0
24-Apr-25	15:40:32	-0.000000E+0	-3.169975E+0	-9.000000E-5	2.209500E-5	-1.800000E-6	3.392000E-4	4.000000E-6	0.000000E+0	0.000000E+0	1.964247E-4	2.976042E-9	0.000000E+0	0.000000E+0	1.004022E+1	0.000000E+0	3.000000E+0
24-Apr-25	15:40:33	-0.000000E+0	-3.159180E+0	-9.000000E-5	2.208000E-5	-1.820000E-6	3.392500E-4	3.950000E-6	0.000000E+0	0.000000E+0	1.964247E-4	2.976042E-9	0.000000E+0	0.000000E+0	1.004022E+1	0.000000E+0	3.000000E+0
24-Apr-25	15:40:34	-0.000000E+0	-3.150145E+0	-9.000000E-5	2.212000E-5	-1.815000E-6	3.392500E-4	4.100000E-6	0.000000E+0	0.000000E+0	1.964247E-4	2.976042E-9	0.000000E+0	0.000000E+0	1.004022E+1	0.000000E+0	3.000000E+0
24-Apr-25	15:40:34	-0.000000E+0	-3.140315E+0	-9.000000E-5	2.208500E-5	-1.790000E-6	3.393000E-4	4.200000E-6	0.000000E+0	0.000000E+0	1.964247E-4	2.976042E-9	0.000000E+0	0.000000E+0	1.004022E+1	0.000000E+0	3.000000E+0
24-Apr-25	15:40:35	-0.000000E+0	-3.131300E+0	-9.000000E-5	2.204500E-5	-1.795000E-6	3.390000E-4	4.050000E-6	0.000000E+0	0.000000E+0	1.964247E-4	2.976042E-9	0.000000E+0	0.000000E+0	1.004022E+1	0.000000E+0	3.000000E+0
24-Apr-25	15:40:35	-0.000000E+0	-3.122345E+0	-9.000000E-5	2.207500E-5	-1.815000E-6	3.395000E-4	4.100000E-6	0.000000E+0	0.000000E+0	1.964247E-4	2.976042E-9	0.000000E+0	0.000000E+0	1.004022E+1	0.000000E+0	3.000000E+0
24-Apr-25	15:40:36	-0.000000E+0	-3.113350E+0	-9.000000E-5	2.210500E-5	-1.770000E-6	3.389000E-4	4.100000E-6	0.000000E+0	0.000000E+0	1.964247E-4	2.976042E-9	0.000000E+0	0.000000E+0	1.004022E+1	0.000000E+0	3.000000E+0
24-Apr-25	15:40:36	-0.000000E+0	-3.104345E+0	-9.000000E-5	2.209000E-5	-1.790000E-6	3.393500E-4	3.600000E-6	0.000000E+0	0.000000E+0	1.964247E-4	2.976042E-9	0.000000E+0	0.000000E+0	1.004022E+1	0.000000E+0	3.000000E+0
24-Apr-25	15:40:37	-0.000000E+0	-3.095370E+0	-9.000000E-5	2.208000E-5	-1.815000E-6	3.390500E-4	3.400000E-6	0.000000E+0	0.000000E+0	1.964247E-4	2.976042E-9	0.000000E+0	0.000000E+0	1.004022E+1	0.000000E+0	3.000000E+0
24-Apr-25	15:40:37	-0.000000E+0	-3.086385E+0	-9.000000E-5	2.206500E-5	-1.840000E-6	3.394000E-4	4.450000E-6	0.000000E+0	0.000000E+0	1.964247E-4	2.976042E-9	0.000000E+0	0.000000E+0	1.004022E+1	0.000000E+0	3.000000E+0
24-Apr-25	15:40:38	-0.000000E+0	-3.077445E+0	-9.000000E-5	2.206000E-5	-1.820000E-6	3.396500E-4	4.100000E-6	0.000000E+0	0.000000E+0	1.964247E-4	2.976042E-9	0.000000E+0	0.000000E+0	1.004022E+1	0.000000E+0	3.000000E+0
24-Apr-25	15:40:38	-0.000000E+0	-3.068445E+0	-9.000000E-5	2.201000E-5	-1.785000E-6	3.393500E-4	3.950000E-6	0.000000E+0	0.000000E+0	1.964247E-4	2.976042E-9	0.000000E+0	0.000000E+0	1.004022E+1	0.000000E+0	3.000000E+0
24-Apr-25	15:40:39	-0.000000E+0	-3.059445E+0	-9.000000E-5	2.201500E-5	-1.830000E-6	3.391500E-4	4.050000E-6	0.000000E+0	0.000000E+0	1.964247E-4	2.976042E-9	0.000000E+0	0.000000E+0	1.004022E+1	0.000000E+0	3.000000E+0
24-Apr-25	15:40:39	-0.000000E+0	-3.050460E+0	-9.000000E-5	2.202500E-5	-1.805000E-6	3.389000E-4	3.600000E-6	0.000000E+0	0.000000E+0	1.964247E-4	2.976042E-9	0.000000E+0	0.000000E+0	1.004022E+1	0.000000E+0	3.000000E+0
24-Apr-25	15:40:40	-0.000000E+0	-3.041520E+0	-9.000000E-5	2.203500E-5	-1.840000E-6	3.391500E-4	3.650000E-6	0.000000E+0	0.000000E+0	1.964247E-4	2.976042E-9	0.000000E+0	0.000000E+0	1.004022E+1	0.000000E+0	3.000000E+0
24-Apr-25	15:40:40	-0.000000E+0	-3.029870E+0	-9.000000E-5	2.204500E-5	-1.830000E-6	3.390500E-4	4.100000E-6	0.000000E+0	0.000000E+0	1.964247E-4	2.976042E-9	0.000000E+0	0.000000E+0	1.004022E+1	0.000000E+0	3.000000E+0
24-Apr-25	15:40:41	-0.000000E+0	-3.017185E+0	-9.000000E-5	2.197000E-5	-1.800000E-6	3.391000E-4	4.250000E-6	0.000000E+0	0.000000E+0	1.964247E-4	2.976042E-9	0.000000E+0	0.000000E+0	1.004022E+1	0.000000E+0	3.000000E+0
24-Apr-25	15:40:42	-0.000000E+0	-3.004570E+0	-9.000000E-5	2.195500E-5	-1.810000E-6	3.389000E-4	3.450000E-6	0.000000E+0	0.000000E+0	1.964247E-4	2.976042E-9	0.000000E+0	0.000000E+0	1.004022E+1	0.000000E+0	3.000000E+0
24-Apr-25	15:40:42	-0.000000E+0	-2.995560E+0	-9.000000E-5	2.197000E-5	-1.830000E-6	3.393500E-4	4.100000E-6	0.000000E+0	0.000000E+0	1.964247E-4	2.976042E-9	0.000000E+0	0.000000E+0	1.004022E+1	0.000000E+0	3.000000E+0
24-Apr-25	15:40:43	-0.000000E+0	-2.986575E+0	-9.000000E-5	2.197500E-5	-1.785000E-6	3.389500E-4	4.200000E-6	0.000000E+0	0.000000E+0	1.964247E-4	2.976042E-9	0.000000E+0	0.000000E+0	1.004022E+1	0.000000E+0	3.000000E+0
24-Apr-25	15:40:43	-0.000000E+0	-2.977610E+0	-9.000000E-5	2.194500E-5	-1.790000E-6	3.388500E-4	3.900000E-6	0.000000E+0	0.000000E+0	1.964247E-4	2.976042E-9	0.000000E+0	0.000000E+0	1.004022E+1	0.000000E+0	3.000000E+0
24-Apr-25	15:40:44	-0.000000E+0	-2.969485E+0	-9.000000E-5	2.192500E-5	-1.820000E-6	3.391500E-4	3.650000E-6	0.000000E+0	0.000000E+0	1.964247E-4	2.976042E-9	0.000000E+0	0.000000E+0	1.004022E+1	0.000000E+0	3.000000E+0
24-Apr-25	15:40:44	-0.000000E+0	-2.959570E+0	-9.000000E-5	2.191500E-5	-1.790000E-6	3.389500E-4	4.650000E-6	0.000000E+0	0.000000E+0	1.964247E-4	2.976042E-9	0.000000E+0	0.000000E+0	1.004022E+1	0.000000E+0	3.000000E+0
24-Apr-25	15:40:45	-0.000000E+0	-2.950295E+0	-9.000000E-5	2.191000E-5	-1.780000E-6	3.396000E-4	4.100000E-6	0.000000E+0	0.000000E+0	1.964247E-4	2.976042E-9	0.000000E+0	0.000000E+0	1.004022E+1	0.000000E+0	3.000000E+0
24-Apr-25	15:40:45	-0.000000E+0	-2.941310E+0	-9.000000E-5	2.192500E-5	-1.760000E-6	3.393500E-4	3.750000E-6	0.000000E+0	0.000000E+0	1.964247E-4	2.976042E-9	0.000000E+0	0.000000E+0	1.004022E+1	0.000000E+0	3.000000E+0
24-Apr-25	15:40:46	-0.000000E+0	-2.927875E+0	-9.000000E-5	2.194500E-5	-1.785000E-6	3.390000E-4	3.800000E-6	0.000000E+0	0.000000E+0	1.964247E-4	2.976042E-9	0.000000E+0	0.000000E+0	1.004022E+1	0.000000E+0	3.000000E+0
24-Apr-25	15:40:46	-0.000000E+0	-2.918650E+0	-9.000000E-5	2.191000E-5	-1.840000E-6	3.395500E-4	3.350000E-6	0.000000E+0	0.000000E+0	1.964247E-4	2.976042E-9	0.000000E+0	0.000000E+0	1.004022E+1	0.000000E+0	3.000000E+0
24-Apr-25	15:40:47	-0.000000E+0	-2.908630E+0	-9.000000E-5	2.191000E-5	-1.825000E-6	3.391500E-4	4.350000E-6	0.000000E+0	0.000000E+0	1.964247E-4	2.976042E-9	0.000000E+0	0.000000E+0	1.004022E+1	0.000000E+0	3.000000E+0
24-Apr-25	15:40:47	-0.000000E+0	-2.899670E+0	-9.000000E-5	2.190000E-5	-1.785000E-6	3.391500E-4	3.800000E-6	0.000000E+0	0.000000E+0	1.964247E-4	2.976042E-9	0.000000E+0	0.000000E+0	1.004022E+1	0.000000E+0	3.000000E+0
24-Apr-25	15:40:48	-0.000000E+0	-2.890655E+0	-9.000000E-5	2.187000E-5	-1.765000E-6	3.384000E-4	3.600000E-6	0.000000E+0	0.000000E+0	1.964247E-4	2.976042E-9	0.000000E+0	0.000000E+0	1.004022E+1	0.000000E+0	3.000000E+0
24-Apr-25	15:40:49	-0.000000E+0	-2.881725E+0	-9.000000E-5	2.188000E-5	-1.750000E-6	3.391000E-4	4.350000E-6	0.000000E+0	0.000000E+0	1.964247E-4	2.976042E-9	0.000000E+0	0.000000E+0	1.004022E+1	0.000000E+0	3.000000E+0
24-Apr-25	15:40:49	-0.000000E+0	-2.869075E+0	-9.000000E-5	2.183500E-5	-1.815000E-6	3.389500E-4	3.950000E-6	0.000000E+0	0.000000E+0	1.964247E-4	2.976042E-9	0.000000E+0	0.000000E+0	1.004022E+1	0.000000E+0	3.000000E+0
24-Apr-25	15:40:50	-0.000000E+0	-2.857280E+0	-9.000000E-5	2.184000E-5	-1.775000E-6	3.389500E-4	4.450000E-6	0.000000E+0	0.000000E+0	1.964247E-4	2.976042E-9	0.000000E+0	0.000000E+0	1.004022E+1	0.000000E+0	3.000000E+0
24-Apr-25	15:40:50	-0.000000E+0	-2.848280E+0	-9.000000E-5	2.180500E-5	-1.790000E-6	3.391000E-4	3.600000E-6	0.000000E+0	0.000000E+0	1.964247E-4	2.976042E-9	0.000000E+0	0.000000E+0	1.004022E+1	0.000000E+0	3.000000E+0
24-Apr-25	15:40:51	-0.000000E+0	-2.839370E+0	-9.000000E-5	2.181500E-5	-1.785000E-6	3.396000E-4	3.700000E-6	0.000000E+0	0.000000E+0	1.964247E-4	2.976042E-9	0.000000E+0	0.000000E+0	1.004022E+1	0.000000E+0	3.000000E+0
24-Apr-25	15:40:51	-0.000000E+0	-2.830195E+0	-9.000000E-5	2.182500E-5	-1.815000E-6	3.399000E-4	4.300000E-6	0.000000E+0	0.000000E+0	1.964247E-4	2.976042E-9	0.000000E+0	0.000000E+0	1.004022E+1	0.000000E+0	3.000000E+0
24-Apr-25	15:40:52	-0.000000E+0	-2.822365E+0	-9.000000E-5	2.184000E-5	-1.735000E-6	3.391500E-4	4.200000E-6	0.000000E+0	0.000000E+0	1.964247E-4	2.976042E-9	0.000000E+0	0.000000E+0	1.004022E+1	0.000000E+0	3.000000E+0
24-Apr-25	15:40:52	-0.000000E+0	-2.813075E+0	-9.000000E-5	2.179000E-5	-1.745000E-6	3.389000E-4	4.150000E-6	0.000000E+0	0.000000E+0	1.964247E-4	2.976042E-9	0.000000E+0	0.000000E+0	1.004022E+1	0.000000E+0	3.000000E+0
24-Apr-25	15:40:53	-0.000000E+0	-2.804225E+0	-9.000000E-5	2.181500E-5	-1.750000E-6	3.390000E-4	4.100000E-6	0.000000E+0	0.000000E+0	1.964247E-4	2.976042E-9	0.000000E+0	0.000000E+0	1.004022E+1	0.000000E+0	3.000000E+0
24-Apr-25	15:40:53	-0.000000E+0	-2.795990E+0	-9.000000E-5	2.180500E-5	-1.750000E-6	3.389000E-4	3.850000E-6	0.000000E+0	0.000000E+0	1.964247E-4	2.976042E-9	0.000000E+0	0.000000E+0	1.004022E+1	0.000000E+0	3.000000E+0
24-Apr-25	15:40:54	-0.000000E+0	-2.787015E+0	-9.000000E-5	2.178000E-5	-1.820000E-6	3.388500E-4	3.950000E-6	0.000000E+0	0.000000E+0	1.964247E-4	2.976042E-9	0.000000E+0	0.000000E+0	1.004022E+1	0.000000E+0	3.000000E+0
24-Apr-25	15:40:54	-0.000000E+0	-2.778910E+0	-9.000000E-5	2.177000E-5	-1.830000E-6	3.387000E-4	4.100000E-6	0.000000E+0	0.000000E+0	1.964247E-4	2.976042E-9	0.000000E+0	0.000000E+0	1.004022E+1	0.000000E+0	3.000000E+0
24-Apr-25	15:40:55	-0.000000E+0	-2.769895E+0	-9.000000E-5	2.178000E-5	-1.835000E-6	3.391500E-4	4.050000E-6	0.000000E+0	0.000000E+0	1.964247E-4	2.976042E-9	0.000000E+0	0.000000E+0	1.004022E+1	0.000000E+0	3.000000E+0
24-Apr-25	15:40:55	-0.000000E+0	-2.760930E+0	-9.000000E-5	2.173500E-5	-1.840000E-6	3.394500E-4	4.200000E-6	0.000000E+0	0.000000E+0	1.964247E-4	2.976042E-9	0.000000E+0	0.000000E+0	1.004022E+1	0.000000E+0	3.000000E+0
24-Apr-25	15:40:56	-0.000000E+0	-2.751065E+0	-9.000000E-5	2.172000E-5	-1.845000E-6	3.394500E-4	4.250000E-6	0.000000E+0	0.000000E+0	1.964247E-4	2.976042E-9	0.000000E+0	0.000000E+0	1.004022E+1	0.000000E+0	3.000000E+0
24-Apr-25	15:40:57	-0.000000E+0	-2.741205E+0	-9.000000E-5	2.175500E-5	-1.715000E-6	3.391500E-4	3.800000E-6	0.000000E+0	0.000000E+0	1.964247E-4	2.976042E-9	0.000000E+0	0.000000E+0	1.004022E+1	0.000000E+0	3.000000E+0
24-Apr-25	15:40:57	-0.000000E+0	-2.728425E+0	-9.000000E-5	2.170500E-5	-1.810000E-6	3.389000E-4	4.350000E-6	0.000000E+0	0.000000E+0	1.964247E-4	2.976042E-9	0.000000E+0	0.000000E+0	1.004022E+1	0.000000E+0	3.000000E+0
24-Apr-25	15:40:58	-0.000000E+0	-2.719285E+0	-9.000000E-5	2.170000E-5	-1.800000E-6	3.389500E-4	3.500000E-6	0.000000E+0	0.000000E+0	1.964247E-4	2.976042E-9	0.000000E+0	0.000000E+0	1.004022E+1	0.000000E+0	3.000000E+0
24-Apr-25	15:40:58	-0.000000E+0	-2.710305E+0	-9.000000E-5	2.166500E-5	-1.780000E-6	3.390500E-4	4.000000E-6	0.000000E+0	0.000000E+0	1.964247E-4	2.976042E-9	0.000000E+0	0.000000E+0	1.004022E+1	0.000000E+0	3.000000E+0
24-Apr-25	15:40:59	-0.000000E+0	-2.697730E+0	-9.000000E-5	2.162000E-5	-1.750000E-6	3.390500E-4	3.750000E-6	0.000000E+0	0.000000E+0	1.964247E-4	2.976042E-9	0.000000E+0	0.000000E+0	1.004022E+1	0.000000E+0	3.000000E+0
24-Apr-25	15:40:59	-0.000000E+0	-2.686945E+0	-9.000000E-5	2.162000E-5	-1.765000E-6	3.394000E-4	3.700000E-6	0.000000E+0	0.000000E+0	1.964247E-4	2.976042E-9	0.000000E+0	0.000000E+0	1.004022E+1	0.000000E+0	3.000000E+0
24-Apr-25	15:41:00	-0.000000E+0	-2.677940E+0	-9.000000E-5	2.161000E-5	-1.765000E-6	3.390000E-4	4.250000E-6	0.000000E+0	0.000000E+0	1.964247E-4	2.976042E-9	0.000000E+0	0.000000E+0	1.004022E+1	0.000000E+0	3.000000E+0
24-Apr-25	15:41:00	-0.000000E+0	-2.667215E+0	-9.000000E-5	2.166500E-5	-1.825000E-6	3.396000E-4	4.100000E-6	0.000000E+0	0.000000E+0	1.964247E-4	2.976042E-9	0.000000E+0	0.000000E+0	1.004022E+1	0.000000E+0	3.000000E+0
24-Apr-25	15:41:01	-0.000000E+0	-2.657045E+0	-9.000000E-5	2.163500E-5	-1.770000E-6	3.384500E-4	4.750000E-6	0.000000E+0	0.000000E+0	1.964247E-4	2.976042E-9	0.000000E+0	0.000000E+0	1.004022E+1	0.000000E+0	3.000000E+0
24-Apr-25	15:41:01	-0.000000E+0	-2.648975E+0	-9.000000E-5	2.162500E-5	-1.765000E-6	3.390500E-4	3.950000E-6	0.000000E+0	0.000000E+0	1.964247E-4	2.976042E-9	0.000000E+0	0.000000E+0	1.004022E+1	0.000000E+0	3.000000E+0
24-Apr-25	15:41:02	-0.000000E+0	-2.639935E+0	-9.000000E-5	2.159000E-5	-1.795000E-6	3.394000E-4	3.900000E-6	0.000000E+0	0.000000E+0	1.964247E-4	2.976042E-9	0.000000E+0	0.000000E+0	1.004022E+1	0.000000E+0	3.000000E+0
24-Apr-25	15:41:03	-0.000000E+0	-2.629110E+0	-9.000000E-5	2.160000E-5	-1.755000E-6	3.386500E-4	3.800000E-6	0.000000E+0	0.000000E+0	1.964247E-4	2.976042E-9	0.000000E+0	0.000000E+0	1.004022E+1	0.000000E+0	3.000000E+0
24-Apr-25	15:41:03	-0.000000E+0	-2.620145E+0	-9.000000E-5	2.156500E-5	-1.760000E-6	3.385500E-4	4.100000E-6	0.000000E+0	0.000000E+0	1.964247E-4	2.976042E-9	0.000000E+0	0.000000E+0	1.004022E+1	0.000000E+0	3.000000E+0
24-Apr-25	15:41:04	-0.000000E+0	-2.611125E+0	-9.000000E-5	2.157000E-5	-1.770000E-6	3.389000E-4	4.350000E-6	0.000000E+0	0.000000E+0	1.964247E-4	2.976042E-9	0.000000E+0	0.000000E+0	1.004022E+1	0.000000E+0	3.000000E+0
24-Apr-25	15:41:04	-0.000000E+0	-2.598590E+0	-9.000000E-5	2.156500E-5	-1.790000E-6	3.390000E-4	3.950000E-6	0.000000E+0	0.000000E+0	1.964247E-4	2.976042E-9	0.000000E+0	0.000000E+0	1.004022E+1	0.000000E+0	3.000000E+0
24-Apr-25	15:41:05	-0.000000E+0	-2.589380E+0	-9.000000E-5	2.155500E-5	-1.840000E-6	3.392500E-4	3.950000E-6	0.000000E+0	0.000000E+0	1.964247E-4	2.976042E-9	0.000000E+0	0.000000E+0	1.004022E+1	0.000000E+0	3.000000E+0
24-Apr-25	15:41:05	-0.000000E+0	-2.581150E+0	-9.000000E-5	2.160500E-5	-1.745000E-6	3.389500E-4	4.000000E-6	0.000000E+0	0.000000E+0	1.964247E-4	2.976042E-9	0.000000E+0	0.000000E+0	1.004022E+1	0.000000E+0	3.000000E+0
24-Apr-25	15:41:06	-0.000000E+0	-2.573080E+0	-9.000000E-5	2.162500E-5	-1.680000E-6	3.393500E-4	3.850000E-6	0.000000E+0	0.000000E+0	1.964247E-4	2.976042E-9	0.000000E+0	0.000000E+0	1.004022E+1	0.000000E+0	3.000000E+0
24-Apr-25	15:41:06	-0.000000E+0	-2.560505E+0	-9.000000E-5	2.150500E-5	-1.795000E-6	3.395000E-4	4.200000E-6	0.000000E+0	0.000000E+0	1.964247E-4	2.976042E-9	0.000000E+0	0.000000E+0	1.004022E+1	0.000000E+0	3.000000E+0
24-Apr-25	15:41:07	-0.000000E+0	-2.552425E+0	-9.000000E-5	2.149000E-5	-1.745000E-6	3.384500E-4	4.350000E-6	0.000000E+0	0.000000E+0	1.964247E-4	2.976042E-9	0.000000E+0	0.000000E+0	1.004022E+1	0.000000E+0	3.000000E+0
24-Apr-25	15:41:07	-0.000000E+0	-2.543415E+0	-9.000000E-5	2.147000E-5	-1.765000E-6	3.395000E-4	3.650000E-6	0.000000E+0	0.000000E+0	1.964247E-4	2.976042E-9	0.000000E+0	0.000000E+0	1.004022E+1	0.000000E+0	3.000000E+0
24-Apr-25	15:41:08	-0.000000E+0	-2.533530E+0	-9.000000E-5	2.149000E-5	-1.700000E-6	3.393500E-4	4.250000E-6	0.000000E+0	0.000000E+0	1.964247E-4	2.976042E-9	0.000000E+0	0.000000E+0	1.004022E+1	0.000000E+0	3.000000E+0
24-Apr-25	15:41:08	-0.000000E+0	-2.524530E+0	-9.000000E-5	2.152500E-5	-1.745000E-6	3.391000E-4	3.700000E-6	0.000000E+0	0.000000E+0	1.964247E-4	2.976042E-9	0.000000E+0	0.000000E+0	1.004022E+1	0.000000E+0	3.000000E+0
24-Apr-25	15:41:09	-0.000000E+0	-2.516465E+0	-9.000000E-5	2.152500E-5	-1.825000E-6	3.388500E-4	3.950000E-6	0.000000E+0	0.000000E+0	1.964247E-4	2.976042E-9	0.000000E+0	0.000000E+0	1.004022E+1	0.000000E+0	3.000000E+0
24-Apr-25	15:41:09	-0.000000E+0	-2.507475E+0	-9.000000E-5	2.151000E-5	-1.845000E-6	3.389500E-4	4.250000E-6	0.000000E+0	0.000000E+0	1.964247E-4	2.976042E-9	0.000000E+0	0.000000E+0	1.004022E+1	0.000000E+0	3.000000E+0
24-Apr-25	15:41:10	-0.000000E+0	-2.498475E+0	-9.000000E-5	2.146000E-5	-1.790000E-6	3.389500E-4	4.250000E-6	0.000000E+0	0.000000E+0	1.964247E-4	2.976042E-9	0.000000E+0	0.000000E+0	1.004022E+1	0.000000E+0	3.000000E+0
24-Apr-25	15:41:10	-0.000000E+0	-2.489470E+0	-9.000000E-5	2.146000E-5	-1.730000E-6	3.397500E-4	3.950000E-6	0.000000E+0	0.000000E+0	1.964247E-4	2.976042E-9	0.000000E+0	0.000000E+0	1.004022E+1	0.000000E+0	3.000000E+0
24-Apr-25	15:41:11	-0.000000E+0	-2.480520E+0	-9.000000E-5	2.148000E-5	-1.805000E-6	3.393000E-4	3.700000E-6	0.000000E+0	0.000000E+0	1.964247E-4	2.976042E-9	0.000000E+0	0.000000E+0	1.004022E+1	0.000000E+0	3.000000E+0
24-Apr-25	15:41:11	-0.000000E+0	-2.471550E+0	-9.000000E-5	2.148000E-5	-1.775000E-6	3.397500E-4	3.950000E-6	0.000000E+0	0.000000E+0	1.964247E-4	2.976042E-9	0.000000E+0	0.000000E+0	1.004022E+1	0.000000E+0	3.000000E+0
24-Apr-25	15:41:12	-0.000000E+0	-2.462605E+0	-9.000000E-5	2.142500E-5	-1.780000E-6	3.388000E-4	3.950000E-6	0.000000E+0	0.000000E+0	1.964247E-4	2.976042E-9	0.000000E+0	0.000000E+0	1.004022E+1	0.000000E+0	3.000000E+0
24-Apr-25	15:41:12	-0.000000E+0	-2.452695E+0	-9.000000E-5	2.144000E-5	-1.750000E-6	3.386500E-4	4.350000E-6	0.000000E+0	0.000000E+0	1.964247E-4	2.976042E-9	0.000000E+0	0.000000E+0	1.004022E+1	0.000000E+0	3.000000E+0
24-Apr-25	15:41:13	-0.000000E+0	-2.442480E+0	-9.000000E-5	2.143500E-5	-1.715000E-6	3.393500E-4	4.100000E-6	0.000000E+0	0.000000E+0	1.964247E-4	2.976042E-9	0.000000E+0	0.000000E+0	1.004022E+1	0.000000E+0	3.000000E+0
24-Apr-25	15:41:13	-0.000000E+0	-2.433495E+0	-9.000000E-5	2.144500E-5	-1.735000E-6	3.387000E-4	3.400000E-6	0.000000E+0	0.000000E+0	1.964247E-4	2.976042E-9	0.000000E+0	0.000000E+0	1.004022E+1	0.000000E+0	3.000000E+0
24-Apr-25	15:41:14	-0.000000E+0	-2.423585E+0	-9.000000E-5	2.141000E-5	-1.725000E-6	3.383500E-4	3.800000E-6	0.000000E+0	0.000000E+0	1.964247E-4	2.976042E-9	0.000000E+0	0.000000E+0	1.004022E+1	0.000000E+0	3.000000E+0
24-Apr-25	15:41:15	-0.000000E+0	-2.414635E+0	-9.000000E-5	2.140500E-5	-1.730000E-6	3.399500E-4	3.950000E-6	0.000000E+0	0.000000E+0	1.964247E-4	2.976042E-9	0.000000E+0	0.000000E+0	1.004022E+1	0.000000E+0	3.000000E+0
24-Apr-25	15:41:15	-0.000000E+0	-2.402935E+0	-9.000000E-5	2.139000E-5	-1.750000E-6	3.391500E-4	4.350000E-6	0.000000E+0	0.000000E+0	1.964247E-4	2.976042E-9	0.000000E+0	0.000000E+0	1.004022E+1	0.000000E+0	3.000000E+0
24-Apr-25	15:41:16	-0.000000E+0	-2.393925E+0	-9.000000E-5	2.141500E-5	-1.720000E-6	3.390000E-4	4.500000E-6	0.000000E+0	0.000000E+0	1.964247E-4	2.976042E-9	0.000000E+0	0.000000E+0	1.004022E+1	0.000000E+0	3.000000E+0
24-Apr-25	15:41:16	-0.000000E+0	-2.384980E+0	-9.000000E-5	2.134500E-5	-1.730000E-6	3.392000E-4	4.150000E-6	0.000000E+0	0.000000E+0	1.964247E-4	2.976042E-9	0.000000E+0	0.000000E+0	1.004022E+1	0.000000E+0	3.000000E+0
24-Apr-25	15:41:17	-0.000000E+0	-2.376850E+0	-9.000000E-5	2.131500E-5	-1.750000E-6	3.388000E-4	4.100000E-6	0.000000E+0	0.000000E+0	1.964247E-4	2.976042E-9	0.000000E+0	0.000000E+0	1.004022E+1	0.000000E+0	3.000000E+0
24-Apr-25	15:41:17	-0.000000E+0	-2.367940E+0	-9.000000E-5	2.131000E-5	-1.755000E-6	3.392500E-4	4.050000E-6	0.000000E+0	0.000000E+0	1.964247E-4	2.976042E-9	0.000000E+0	0.000000E+0	1.004022E+1	0.000000E+0	3.000000E+0
24-Apr-25	15:41:18	-0.000000E+0	-2.358895E+0	-9.000000E-5	2.134000E-5	-1.750000E-6	3.390000E-4	3.700000E-6	0.000000E+0	0.000000E+0	1.964247E-4	2.976042E-9	0.000000E+0	0.000000E+0	1.004022E+1	0.000000E+0	3.000000E+0
24-Apr-25	15:41:18	-0.000000E+0	-2.350790E+0	-9.000000E-5	2.131000E-5	-1.705000E-6	3.395000E-4	3.400000E-6	0.000000E+0	0.000000E+0	1.964247E-4	2.976042E-9	0.000000E+0	0.000000E+0	1.004022E+1	0.000000E+0	3.000000E+0
24-Apr-25	15:41:19	-0.000000E+0	-2.342725E+0	-9.000000E-5	2.132500E-5	-1.735000E-6	3.392500E-4	3.900000E-6	0.000000E+0	0.000000E+0	1.964247E-4	2.976042E-9	0.000000E+0	0.000000E+0	1.004022E+1	0.000000E+0	3.000000E+0
24-Apr-25	15:41:19	-0.000000E+0	-2.333420E+0	-9.000000E-5	2.132000E-5	-1.745000E-6	3.389000E-4	3.750000E-6	0.000000E+0	0.000000E+0	1.964247E-4	2.976042E-9	0.000000E+0	0.000000E+0	1.004022E+1	0.000000E+0	3.000000E+0
24-Apr-25	15:41:20	-0.000000E+0	-2.320880E+0	-9.000000E-5	2.121000E-5	-1.745000E-6	3.393500E-4	3.950000E-6	0.000000E+0	0.000000E+0	1.964247E-4	2.976042E-9	0.000000E+0	0.000000E+0	1.004022E+1	0.000000E+0	3.000000E+0
24-Apr-25	15:41:21	-0.000000E+0	-2.307385E+0	-9.000000E-5	2.126500E-5	-1.745000E-6	3.385000E-4	4.100000E-6	0.000000E+0	0.000000E+0	1.964247E-4	2.976042E-9	0.000000E+0	0.000000E+0	1.004022E+1	0.000000E+0	3.000000E+0
24-Apr-25	15:41:21	-0.000000E+0	-2.297500E+0	-9.000000E-5	2.124000E-5	-1.685000E-6	3.390000E-4	3.800000E-6	0.000000E+0	0.000000E+0	1.964247E-4	2.976042E-9	0.000000E+0	0.000000E+0	1.004022E+1	0.000000E+0	3.000000E+0
24-Apr-25	15:41:22	-0.000000E+0	-2.288555E+0	-9.000000E-5	2.123500E-5	-1.705000E-6	3.386000E-4	3.950000E-6	0.000000E+0	0.000000E+0	1.964247E-4	2.976042E-9	0.000000E+0	0.000000E+0	1.004022E+1	0.000000E+0	3.000000E+0
24-Apr-25	15:41:22	-0.000000E+0	-2.279285E+0	-9.000000E-5	2.124500E-5	-1.730000E-6	3.393500E-4	3.250000E-6	0.000000E+0	0.000000E+0	1.964247E-4	2.976042E-9	0.000000E+0	0.000000E+0	1.004022E+1	0.000000E+0	3.000000E+0
24-Apr-25	15:41:23	-0.000000E+0	-2.269410E+0	-9.000000E-5	2.122500E-5	-1.740000E-6	3.395500E-4	3.800000E-6	0.000000E+0	0.000000E+0	1.964247E-4	2.976042E-9	0.000000E+0	0.000000E+0	1.004022E+1	0.000000E+0	3.000000E+0
24-Apr-25	15:41:23	-0.000000E+0	-2.260395E+0	-9.000000E-5	2.122000E-5	-1.700000E-6	3.391000E-4	4.550000E-6	0.000000E+0	0.000000E+0	1.964247E-4	2.976042E-9	0.000000E+0	0.000000E+0	1.004022E+1	0.000000E+0	3.000000E+0
24-Apr-25	15:41:24	-0.000000E+0	-2.250475E+0	-9.000000E-5	2.118000E-5	-1.745000E-6	3.389500E-4	3.950000E-6	0.000000E+0	0.000000E+0	1.964247E-4	2.976042E-9	0.000000E+0	0.000000E+0	1.004022E+1	0.000000E+0	3.000000E+0
24-Apr-25	15:41:24	-0.000000E+0	-2.242395E+0	-9.000000E-5	2.115500E-5	-1.730000E-6	3.389500E-4	4.150000E-6	0.000000E+0	0.000000E+0	1.964247E-4	2.976042E-9	0.000000E+0	0.000000E+0	1.004022E+1	0.000000E+0	3.000000E+0
24-Apr-25	15:41:25	-0.000000E+0	-2.233390E+0	-9.000000E-5	2.120000E-5	-1.730000E-6	3.393500E-4	3.500000E-6	0.000000E+0	0.000000E+0	1.964247E-4	2.976042E-9	0.000000E+0	0.000000E+0	1.004022E+1	0.000000E+0	3.000000E+0
24-Apr-25	15:41:25	-0.000000E+0	-2.224435E+0	-9.000000E-5	2.119500E-5	-1.745000E-6	3.392000E-4	3.650000E-6	0.000000E+0	0.000000E+0	1.964247E-4	2.976042E-9	0.000000E+0	0.000000E+0	1.004022E+1	0.000000E+0	3.000000E+0
24-Apr-25	15:41:26	-0.000000E+0	-2.216295E+0	-9.000000E-5	2.115000E-5	-1.740000E-6	3.389000E-4	3.700000E-6	0.000000E+0	0.000000E+0	1.964247E-4	2.976042E-9	0.000000E+0	0.000000E+0	1.004022E+1	0.000000E+0	3.000000E+0
24-Apr-25	15:41:26	-0.000000E+0	-2.207315E+0	-9.000000E-5	2.115500E-5	-1.745000E-6	3.387500E-4	4.650000E-6	0.000000E+0	0.000000E+0	1.964247E-4	2.976042E-9	0.000000E+0	0.000000E+0	1.004022E+1	0.000000E+0	3.000000E+0
24-Apr-25	15:41:27	-0.000000E+0	-2.198320E+0	-9.000000E-5	2.116000E-5	-1.775000E-6	3.394500E-4	3.950000E-6	0.000000E+0	0.000000E+0	1.964247E-4	2.976042E-9	0.000000E+0	0.000000E+0	1.004022E+1	0.000000E+0	3.000000E+0
24-Apr-25	15:41:27	-0.000000E+0	-2.189375E+0	-9.000000E-5	2.113000E-5	-1.735000E-6	3.386000E-4	4.250000E-6	0.000000E+0	0.000000E+0	1.964247E-4	2.976042E-9	0.000000E+0	0.000000E+0	1.004022E+1	0.000000E+0	3.000000E+0
24-Apr-25	15:41:28	-0.000000E+0	-2.176770E+0	-9.000000E-5	2.106500E-5	-1.730000E-6	3.392000E-4	4.300000E-6	0.000000E+0	0.000000E+0	1.964247E-4	2.976042E-9	0.000000E+0	0.000000E+0	1.004022E+1	0.000000E+0	3.000000E+0
24-Apr-25	15:41:28	-0.000000E+0	-2.166885E+0	-9.000000E-5	2.109000E-5	-1.740000E-6	3.388500E-4	4.000000E-6	0.000000E+0	0.000000E+0	1.964247E-4	2.976042E-9	0.000000E+0	0.000000E+0	1.004022E+1	0.000000E+0	3.000000E+0
24-Apr-25	15:41:29	-0.000000E+0	-2.158760E+0	-9.000000E-5	2.110500E-5	-1.720000E-6	3.392000E-4	3.650000E-6	0.000000E+0	0.000000E+0	1.964247E-4	2.976042E-9	0.000000E+0	0.000000E+0	1.004022E+1	0.000000E+0	3.000000E+0
24-Apr-25	15:41:29	-0.000000E+0	-2.149775E+0	-9.000000E-5	2.110500E-5	-1.725000E-6	3.390500E-4	3.550000E-6	0.000000E+0	0.000000E+0	1.964247E-4	2.976042E-9	0.000000E+0	0.000000E+0	1.004022E+1	0.000000E+0	3.000000E+0
24-Apr-25	15:41:30	-0.000000E+0	-2.137065E+0	-9.000000E-5	2.109500E-5	-1.720000E-6	3.390500E-4	3.700000E-6	0.000000E+0	0.000000E+0	1.964247E-4	2.976042E-9	0.000000E+0	0.000000E+0	1.004022E+1	0.000000E+0	3.000000E+0
24-Apr-25	15:41:30	-0.000000E+0	-2.128820E+0	-9.000000E-5	2.109500E-5	-1.715000E-6	3.390500E-4	3.550000E-6	0.000000E+0	0.000000E+0	1.964247E-4	2.976042E-9	0.000000E+0	0.000000E+0	1.004022E+1	0.000000E+0	3.000000E+0
24-Apr-25	15:41:31	-0.000000E+0	-2.119805E+0	-9.000000E-5	2.109500E-5	-1.720000E-6	3.390500E-4	4.250000E-6	0.000000E+0	0.000000E+0	1.964247E-4	2.976042E-9	0.000000E+0	0.000000E+0	1.004022E+1	0.000000E+0	3.000000E+0
24-Apr-25	15:41:31	-0.000000E+0	-2.109930E+0	-9.000000E-5	2.106500E-5	-1.695000E-6	3.389000E-4	4.350000E-6	0.000000E+0	0.000000E+0	1.964247E-4	2.976042E-9	0.000000E+0	0.000000E+0	1.004022E+1	0.000000E+0	3.000000E+0
24-Apr-25	15:41:32	-0.000000E+0	-2.100985E+0	-9.000000E-5	2.105000E-5	-1.740000E-6	3.389000E-4	3.950000E-6	0.000000E+0	0.000000E+0	1.964247E-4	2.976042E-9	0.000000E+0	0.000000E+0	1.004022E+1	0.000000E+0	3.000000E+0
24-Apr-25	15:41:32	-0.000000E+0	-2.091985E+0	-9.000000E-5	2.103500E-5	-1.730000E-6	3.392500E-4	3.550000E-6	0.000000E+0	0.000000E+0	1.964247E-4	2.976042E-9	0.000000E+0	0.000000E+0	1.004022E+1	0.000000E+0	3.000000E+0
24-Apr-25	15:41:33	-0.000000E+0	-2.083045E+0	-9.000000E-5	2.106000E-5	-1.710000E-6	3.396500E-4	3.950000E-6	0.000000E+0	0.000000E+0	1.964247E-4	2.976042E-9	0.000000E+0	0.000000E+0	1.004022E+1	0.000000E+0	3.000000E+0
24-Apr-25	15:41:34	-0.000000E+0	-2.073135E+0	-9.000000E-5	2.099500E-5	-1.720000E-6	3.387500E-4	4.000000E-6	0.000000E+0	0.000000E+0	1.964247E-4	2.976042E-9	0.000000E+0	0.000000E+0	1.004022E+1	0.000000E+0	3.000000E+0
24-Apr-25	15:41:34	-0.000000E+0	-2.063225E+0	-9.000000E-5	2.099000E-5	-1.715000E-6	3.392500E-4	3.600000E-6	0.000000E+0	0.000000E+0	1.964247E-4	2.976042E-9	0.000000E+0	0.000000E+0	1.004022E+1	0.000000E+0	3.000000E+0
24-Apr-25	15:41:35	-0.000000E+0	-2.051535E+0	-9.000000E-5	2.104000E-5	-1.745000E-6	3.393500E-4	3.500000E-6	0.000000E+0	0.000000E+0	1.964247E-4	2.976042E-9	0.000000E+0	0.000000E+0	1.004022E+1	0.000000E+0	3.000000E+0
24-Apr-25	15:41:35	-0.000000E+0	-2.043430E+0	-9.000000E-5	2.098500E-5	-1.735000E-6	3.394500E-4	3.500000E-6	0.000000E+0	0.000000E+0	1.964247E-4	2.976042E-9	0.000000E+0	0.000000E+0	1.004022E+1	0.000000E+0	3.000000E+0
24-Apr-25	15:41:36	-0.000000E+0	-2.034450E+0	-9.000000E-5	2.102000E-5	-1.730000E-6	3.393500E-4	3.450000E-6	0.000000E+0	0.000000E+0	1.964247E-4	2.976042E-9	0.000000E+0	0.000000E+0	1.004022E+1	0.000000E+0	3.000000E+0
24-Apr-25	15:41:36	-0.000000E+0	-2.026350E+0	-9.000000E-5	2.103500E-5	-1.720000E-6	3.392000E-4	3.850000E-6	0.000000E+0	0.000000E+0	1.964247E-4	2.976042E-9	0.000000E+0	0.000000E+0	1.004022E+1	0.000000E+0	3.000000E+0
24-Apr-25	15:41:37	-0.000000E+0	-2.017360E+0	-9.000000E-5	2.095000E-5	-1.690000E-6	3.392000E-4	3.750000E-6	0.000000E+0	0.000000E+0	1.964247E-4	2.976042E-9	0.000000E+0	0.000000E+0	1.004022E+1	0.000000E+0	3.000000E+0
24-Apr-25	15:41:37	-0.000000E+0	-2.008985E+0	-9.000000E-5	2.092500E-5	-1.670000E-6	3.393000E-4	4.100000E-6	0.000000E+0	0.000000E+0	1.964247E-4	2.976042E-9	0.000000E+0	0.000000E+0	1.004022E+1	0.000000E+0	3.000000E+0
24-Apr-25	15:41:38	-0.000000E+0	-2.000000E+0	-9.000000E-5	2.093500E-5	-1.690000E-6	3.394500E-4	4.150000E-6	0.000000E+0	0.000000E+0	1.964247E-4	2.976042E-9	0.000000E+0	0.000000E+0	1.004022E+1	0.000000E+0	3.000000E+0
24-Apr-25	15:41:38	-0.000000E+0	-1.989220E+0	-9.000000E-5	2.093500E-5	-1.740000E-6	3.389500E-4	4.100000E-6	0.000000E+0	0.000000E+0	1.964247E-4	2.976042E-9	0.000000E+0	0.000000E+0	1.004022E+1	0.000000E+0	3.000000E+0
24-Apr-25	15:41:39	-0.000000E+0	-1.979170E+0	-9.000000E-5	2.093000E-5	-1.740000E-6	3.389000E-4	4.100000E-6	0.000000E+0	0.000000E+0	1.964247E-4	2.976042E-9	0.000000E+0	0.000000E+0	1.004022E+1	0.000000E+0	3.000000E+0
24-Apr-25	15:41:39	-0.000000E+0	-1.971235E+0	-9.000000E-5	2.093500E-5	-1.740000E-6	3.389000E-4	4.000000E-6	0.000000E+0	0.000000E+0	1.964247E-4	2.976042E-9	0.000000E+0	0.000000E+0	1.004022E+1	0.000000E+0	3.000000E+0
24-Apr-25	15:41:40	-0.000000E+0	-1.961955E+0	-9.000000E-5	2.090000E-5	-1.740000E-6	3.390500E-4	3.650000E-6	0.000000E+0	0.000000E+0	1.964247E-4	2.976042E-9	0.000000E+0	0.000000E+0	1.004022E+1	0.000000E+0	3.000000E+0
24-Apr-25	15:41:40	-0.000000E+0	-1.952975E+0	-9.000000E-5	2.085000E-5	-1.780000E-6	3.385500E-4	3.900000E-6	0.000000E+0	0.000000E+0	1.964247E-4	2.976042E-9	0.000000E+0	0.000000E+0	1.004022E+1	0.000000E+0	3.000000E+0
24-Apr-25	15:41:41	-0.000000E+0	-1.944880E+0	-9.000000E-5	2.077500E-5	-1.760000E-6	3.391000E-4	3.400000E-6	0.000000E+0	0.000000E+0	1.964247E-4	2.976042E-9	0.000000E+0	0.000000E+0	1.004022E+1	0.000000E+0	3.000000E+0
24-Apr-25	15:41:41	-0.000000E+0	-1.935010E+0	-9.000000E-5	2.078500E-5	-1.740000E-6	3.390000E-4	3.950000E-6	0.000000E+0	0.000000E+0	1.964247E-4	2.976042E-9	0.000000E+0	0.000000E+0	1.004022E+1	0.000000E+0	3.000000E+0
24-Apr-25	15:41:42	-0.000000E+0	-1.926000E+0	-9.000000E-5	2.080500E-5	-1.715000E-6	3.392000E-4	3.750000E-6	0.000000E+0	0.000000E+0	1.964247E-4	2.976042E-9	0.000000E+0	0.000000E+0	1.004022E+1	0.000000E+0	3.000000E+0
24-Apr-25	15:41:42	-0.000000E+0	-1.914320E+0	-9.000000E-5	2.081500E-5	-1.675000E-6	3.393500E-4	3.850000E-6	0.000000E+0	0.000000E+0	1.964247E-4	2.976042E-9	0.000000E+0	0.000000E+0	1.004022E+1	0.000000E+0	3.000000E+0
24-Apr-25	15:41:43	-0.000000E+0	-1.904170E+0	-9.000000E-5	2.084000E-5	-1.725000E-6	3.391000E-4	3.750000E-6	0.000000E+0	0.000000E+0	1.964247E-4	2.976042E-9	0.000000E+0	0.000000E+0	1.004022E+1	0.000000E+0	3.000000E+0
24-Apr-25	15:41:44	-0.000000E+0	-1.891640E+0	-9.000000E-5	2.076000E-5	-1.710000E-6	3.394000E-4	4.350000E-6	0.000000E+0	0.000000E+0	1.964247E-4	2.976042E-9	0.000000E+0	0.000000E+0	1.004022E+1	0.000000E+0	3.000000E+0
24-Apr-25	15:41:44	-0.000000E+0	-1.882580E+0	-9.000000E-5	2.073500E-5	-1.690000E-6	3.394500E-4	3.400000E-6	0.000000E+0	0.000000E+0	1.964247E-4	2.976042E-9	0.000000E+0	0.000000E+0	1.004022E+1	0.000000E+0	3.000000E+0
24-Apr-25	15:41:45	-0.000000E+0	-1.873575E+0	-9.000000E-5	2.071000E-5	-1.705000E-6	3.389500E-4	3.950000E-6	0.000000E+0	0.000000E+0	1.964247E-4	2.976042E-9	0.000000E+0	0.000000E+0	1.004022E+1	0.000000E+0	3.000000E+0
24-Apr-25	15:41:45	-0.000000E+0	-1.864610E+0	-9.000000E-5	2.075500E-5	-1.705000E-6	3.394500E-4	3.400000E-6	0.000000E+0	0.000000E+0	1.964247E-4	2.976042E-9	0.000000E+0	0.000000E+0	1.004022E+1	0.000000E+0	3.000000E+0
24-Apr-25	15:41:46	-0.000000E+0	-1.855575E+0	-9.000000E-5	2.074500E-5	-1.740000E-6	3.392000E-4	3.650000E-6	0.000000E+0	0.000000E+0	1.964247E-4	2.976042E-9	0.000000E+0	0.000000E+0	1.004022E+1	0.000000E+0	3.000000E+0
24-Apr-25	15:41:46	-0.000000E+0	-1.846650E+0	-9.000000E-5	2.071500E-5	-1.730000E-6	3.390500E-4	4.200000E-6	0.000000E+0	0.000000E+0	1.964247E-4	2.976042E-9	0.000000E+0	0.000000E+0	1.004022E+1	0.000000E+0	3.000000E+0
24-Apr-25	15:41:47	-0.000000E+0	-1.837610E+0	-9.000000E-5	2.072000E-5	-1.700000E-6	3.391500E-4	3.750000E-6	0.000000E+0	0.000000E+0	1.964247E-4	2.976042E-9	0.000000E+0	0.000000E+0	1.004022E+1	0.000000E+0	3.000000E+0
24-Apr-25	15:41:47	-0.000000E+0	-1.828625E+0	-9.000000E-5	2.071000E-5	-1.680000E-6	3.397000E-4	3.950000E-6	0.000000E+0	0.000000E+0	1.964247E-4	2.976042E-9	0.000000E+0	0.000000E+0	1.004022E+1	0.000000E+0	3.000000E+0
24-Apr-25	15:41:48	-0.000000E+0	-1.820545E+0	-9.000000E-5	2.072000E-5	-1.670000E-6	3.392500E-4	4.000000E-6	0.000000E+0	0.000000E+0	1.964247E-4	2.976042E-9	0.000000E+0	0.000000E+0	1.004022E+1	0.000000E+0	3.000000E+0
24-Apr-25	15:41:48	-0.000000E+0	-1.812475E+0	-9.000000E-5	2.068500E-5	-1.690000E-6	3.391500E-4	3.650000E-6	0.000000E+0	0.000000E+0	1.964247E-4	2.976042E-9	0.000000E+0	0.000000E+0	1.004022E+1	0.000000E+0	3.000000E+0
24-Apr-25	15:41:49	-0.000000E+0	-1.803485E+0	-9.000000E-5	2.066000E-5	-1.680000E-6	3.382000E-4	4.100000E-6	0.000000E+0	0.000000E+0	1.964247E-4	2.976042E-9	0.000000E+0	0.000000E+0	1.004022E+1	0.000000E+0	3.000000E+0
24-Apr-25	15:41:49	-0.000000E+0	-1.795420E+0	-9.000000E-5	2.063500E-5	-1.680000E-6	3.384500E-4	4.300000E-6	0.000000E+0	0.000000E+0	1.964247E-4	2.976042E-9	0.000000E+0	0.000000E+0	1.004022E+1	0.000000E+0	3.000000E+0
24-Apr-25	15:41:50	-0.000000E+0	-1.786390E+0	-9.000000E-5	2.063000E-5	-1.655000E-6	3.391000E-4	3.350000E-6	0.000000E+0	0.000000E+0	1.964247E-4	2.976042E-9	0.000000E+0	0.000000E+0	1.004022E+1	0.000000E+0	3.000000E+0
24-Apr-25	15:41:50	-0.000000E+0	-1.775620E+0	-9.000000E-5	2.062500E-5	-1.685000E-6	3.392500E-4	3.650000E-6	0.000000E+0	0.000000E+0	1.964247E-4	2.976042E-9	0.000000E+0	0.000000E+0	1.004022E+1	0.000000E+0	3.000000E+0
24-Apr-25	15:41:51	-0.000000E+0	-1.766615E+0	-9.000000E-5	2.060500E-5	-1.700000E-6	3.396500E-4	3.750000E-6	0.000000E+0	0.000000E+0	1.964247E-4	2.976042E-9	0.000000E+0	0.000000E+0	1.004022E+1	0.000000E+0	3.000000E+0
24-Apr-25	15:41:51	-0.000000E+0	-1.757640E+0	-9.000000E-5	2.064500E-5	-1.740000E-6	3.395500E-4	3.950000E-6	0.000000E+0	0.000000E+0	1.964247E-4	2.976042E-9	0.000000E+0	0.000000E+0	1.004022E+1	0.000000E+0	3.000000E+0
24-Apr-25	15:41:52	-0.000000E+0	-1.748640E+0	-9.000000E-5	2.065500E-5	-1.705000E-6	3.394500E-4	3.650000E-6	0.000000E+0	0.000000E+0	1.964247E-4	2.976042E-9	0.000000E+0	0.000000E+0	1.004022E+1	0.000000E+0	3.000000E+0
24-Apr-25	15:41:52	-0.000000E+0	-1.740545E+0	-9.000000E-5	2.059500E-5	-1.680000E-6	3.385500E-4	4.400000E-6	0.000000E+0	0.000000E+0	1.964247E-4	2.976042E-9	0.000000E+0	0.000000E+0	1.004022E+1	0.000000E+0	3.000000E+0
24-Apr-25	15:41:53	-0.000000E+0	-1.731560E+0	-9.000000E-5	2.058000E-5	-1.700000E-6	3.394000E-4	3.850000E-6	0.000000E+0	0.000000E+0	1.964247E-4	2.976042E-9	0.000000E+0	0.000000E+0	1.004022E+1	0.000000E+0	3.000000E+0
24-Apr-25	15:41:53	-0.000000E+0	-1.722315E+0	-9.000000E-5	2.055500E-5	-1.675000E-6	3.391000E-4	3.750000E-6	0.000000E+0	0.000000E+0	1.964247E-4	2.976042E-9	0.000000E+0	0.000000E+0	1.004022E+1	0.000000E+0	3.000000E+0
24-Apr-25	15:41:54	-0.000000E+0	-1.713325E+0	-9.000000E-5	2.050000E-5	-1.690000E-6	3.392000E-4	3.950000E-6	0.000000E+0	0.000000E+0	1.964247E-4	2.976042E-9	0.000000E+0	0.000000E+0	1.004022E+1	0.000000E+0	3.000000E+0
24-Apr-25	15:41:54	-0.000000E+0	-1.700755E+0	-9.000000E-5	2.055000E-5	-1.690000E-6	3.393000E-4	3.800000E-6	0.000000E+0	0.000000E+0	1.964247E-4	2.976042E-9	0.000000E+0	0.000000E+0	1.004022E+1	0.000000E+0	3.000000E+0
24-Apr-25	15:41:55	-0.000000E+0	-1.690825E+0	-9.000000E-5	2.054000E-5	-1.680000E-6	3.392500E-4	3.950000E-6	0.000000E+0	0.000000E+0	1.964247E-4	2.976042E-9	0.000000E+0	0.000000E+0	1.004022E+1	0.000000E+0	3.000000E+0
24-Apr-25	15:41:55	-0.000000E+0	-1.682750E+0	-9.000000E-5	2.050500E-5	-1.690000E-6	3.395500E-4	3.800000E-6	0.000000E+0	0.000000E+0	1.964247E-4	2.976042E-9	0.000000E+0	0.000000E+0	1.004022E+1	0.000000E+0	3.000000E+0
24-Apr-25	15:41:56	-0.000000E+0	-1.673765E+0	-9.000000E-5	2.054500E-5	-1.715000E-6	3.393500E-4	4.250000E-6	0.000000E+0	0.000000E+0	1.964247E-4	2.976042E-9	0.000000E+0	0.000000E+0	1.004022E+1	0.000000E+0	3.000000E+0
24-Apr-25	15:41:56	-0.000000E+0	-1.664795E+0	-9.000000E-5	2.045500E-5	-1.685000E-6	3.386500E-4	3.750000E-6	0.000000E+0	0.000000E+0	1.964247E-4	2.976042E-9	0.000000E+0	0.000000E+0	1.004022E+1	0.000000E+0	3.000000E+0
24-Apr-25	15:41:57	-0.000000E+0	-1.656400E+0	-9.000000E-5	2.041000E-5	-1.665000E-6	3.394500E-4	3.800000E-6	0.000000E+0	0.000000E+0	1.964247E-4	2.976042E-9	0.000000E+0	0.000000E+0	1.004022E+1	0.000000E+0	3.000000E+0
24-Apr-25	15:41:57	-0.000000E+0	-1.647410E+0	-9.000000E-5	2.045500E-5	-1.685000E-6	3.393500E-4	3.950000E-6	0.000000E+0	0.000000E+0	1.964247E-4	2.976042E-9	0.000000E+0	0.000000E+0	1.004022E+1	0.000000E+0	3.000000E+0
24-Apr-25	15:41:58	-0.000000E+0	-1.637485E+0	-9.000000E-5	2.046500E-5	-1.695000E-6	3.393500E-4	4.350000E-6	0.000000E+0	0.000000E+0	1.964247E-4	2.976042E-9	0.000000E+0	0.000000E+0	1.004022E+1	0.000000E+0	3.000000E+0
24-Apr-25	15:41:58	-0.000000E+0	-1.625840E+0	-9.000000E-5	2.045500E-5	-1.695000E-6	3.398500E-4	4.200000E-6	0.000000E+0	0.000000E+0	1.964247E-4	2.976042E-9	0.000000E+0	0.000000E+0	1.004022E+1	0.000000E+0	3.000000E+0
24-Apr-25	15:41:59	-0.000000E+0	-1.615985E+0	-9.000000E-5	2.041500E-5	-1.650000E-6	3.395500E-4	4.250000E-6	0.000000E+0	0.000000E+0	1.964247E-4	2.976042E-9	0.000000E+0	0.000000E+0	1.004022E+1	0.000000E+0	3.000000E+0
24-Apr-25	15:41:59	-0.000000E+0	-1.607000E+0	-9.000000E-5	2.045000E-5	-1.670000E-6	3.396000E-4	3.800000E-6	0.000000E+0	0.000000E+0	1.964247E-4	2.976042E-9	0.000000E+0	0.000000E+0	1.004022E+1	0.000000E+0	3.000000E+0
24-Apr-25	15:42:00	-0.000000E+0	-1.597980E+0	-9.000000E-5	2.046000E-5	-1.685000E-6	3.395500E-4	3.400000E-6	0.000000E+0	0.000000E+0	1.964247E-4	2.976042E-9	0.000000E+0	0.000000E+0	1.004022E+1	0.000000E+0	3.000000E+0
24-Apr-25	15:42:01	-0.000000E+0	-1.585100E+0	-9.000000E-5	2.042000E-5	-1.690000E-6	3.395000E-4	4.400000E-6	0.000000E+0	0.000000E+0	1.964247E-4	2.976042E-9	0.000000E+0	0.000000E+0	1.004022E+1	0.000000E+0	3.000000E+0
24-Apr-25	15:42:02	-0.000000E+0	-1.570755E+0	-9.000000E-5	2.037000E-5	-1.625000E-6	3.393500E-4	4.100000E-6	0.000000E+0	0.000000E+0	1.964247E-4	2.976042E-9	0.000000E+0	0.000000E+0	1.004022E+1	0.000000E+0	3.000000E+0
24-Apr-25	15:42:02	-0.000000E+0	-1.557885E+0	-9.000000E-5	2.034500E-5	-1.695000E-6	3.401000E-4	4.950000E-6	0.000000E+0	0.000000E+0	1.964247E-4	2.976042E-9	0.000000E+0	0.000000E+0	1.004022E+1	0.000000E+0	3.000000E+0
24-Apr-25	15:42:03	-0.000000E+0	-1.549760E+0	-9.000000E-5	2.034500E-5	-1.690000E-6	3.397000E-4	3.850000E-6	0.000000E+0	0.000000E+0	1.964247E-4	2.976042E-9	0.000000E+0	0.000000E+0	1.004022E+1	0.000000E+0	3.000000E+0
24-Apr-25	15:42:03	-0.000000E+0	-1.541670E+0	-9.000000E-5	2.031500E-5	-1.710000E-6	3.399500E-4	4.100000E-6	0.000000E+0	0.000000E+0	1.964247E-4	2.976042E-9	0.000000E+0	0.000000E+0	1.004022E+1	0.000000E+0	3.000000E+0
24-Apr-25	15:42:04	-0.000000E+0	-1.532740E+0	-9.000000E-5	2.036000E-5	-1.695000E-6	3.399000E-4	4.500000E-6	0.000000E+0	0.000000E+0	1.964247E-4	2.976042E-9	0.000000E+0	0.000000E+0	1.004022E+1	0.000000E+0	3.000000E+0
24-Apr-25	15:42:04	-0.000000E+0	-1.523760E+0	-9.000000E-5	2.030000E-5	-1.635000E-6	3.396500E-4	4.250000E-6	0.000000E+0	0.000000E+0	1.964247E-4	2.976042E-9	0.000000E+0	0.000000E+0	1.004022E+1	0.000000E+0	3.000000E+0
24-Apr-25	15:42:05	-0.000000E+0	-1.514880E+0	-9.000000E-5	2.022000E-5	-1.650000E-6	3.397000E-4	4.100000E-6	0.000000E+0	0.000000E+0	1.964247E-4	2.976042E-9	0.000000E+0	0.000000E+0	1.004022E+1	0.000000E+0	3.000000E+0
24-Apr-25	15:42:05	-0.000000E+0	-1.502320E+0	-9.000000E-5	2.028000E-5	-1.700000E-6	3.390500E-4	3.550000E-6	0.000000E+0	0.000000E+0	1.964247E-4	2.976042E-9	0.000000E+0	0.000000E+0	1.004022E+1	0.000000E+0	3.000000E+0
24-Apr-25	15:42:06	-0.000000E+0	-1.493350E+0	-9.000000E-5	2.024000E-5	-1.635000E-6	3.395000E-4	4.100000E-6	0.000000E+0	0.000000E+0	1.964247E-4	2.976042E-9	0.000000E+0	0.000000E+0	1.004022E+1	0.000000E+0	3.000000E+0
24-Apr-25	15:42:06	-0.000000E+0	-1.485110E+0	-9.000000E-5	2.033500E-5	-1.650000E-6	3.395000E-4	3.750000E-6	0.000000E+0	0.000000E+0	1.964247E-4	2.976042E-9	0.000000E+0	0.000000E+0	1.004022E+1	0.000000E+0	3.000000E+0
24-Apr-25	15:42:07	-0.000000E+0	-1.477130E+0	-9.000000E-5	2.029500E-5	-1.710000E-6	3.392000E-4	3.600000E-6	0.000000E+0	0.000000E+0	1.964247E-4	2.976042E-9	0.000000E+0	0.000000E+0	1.004022E+1	0.000000E+0	3.000000E+0
24-Apr-25	15:42:07	-0.000000E+0	-1.466045E+0	-9.000000E-5	2.021500E-5	-1.725000E-6	3.390500E-4	3.700000E-6	0.000000E+0	0.000000E+0	1.964247E-4	2.976042E-9	0.000000E+0	0.000000E+0	1.004022E+1	0.000000E+0	3.000000E+0
24-Apr-25	15:42:08	-0.000000E+0	-1.456150E+0	-9.000000E-5	2.018000E-5	-1.615000E-6	3.395000E-4	3.950000E-6	0.000000E+0	0.000000E+0	1.964247E-4	2.976042E-9	0.000000E+0	0.000000E+0	1.004022E+1	0.000000E+0	3.000000E+0
24-Apr-25	15:42:09	-0.000000E+0	-1.443420E+0	-9.000000E-5	2.029500E-5	-1.615000E-6	3.395500E-4	4.100000E-6	0.000000E+0	0.000000E+0	1.964247E-4	2.976042E-9	0.000000E+0	0.000000E+0	1.004022E+1	0.000000E+0	3.000000E+0
24-Apr-25	15:42:09	-0.000000E+0	-1.433410E+0	-9.000000E-5	2.029000E-5	-1.665000E-6	3.392000E-4	3.700000E-6	0.000000E+0	0.000000E+0	1.964247E-4	2.976042E-9	0.000000E+0	0.000000E+0	1.004022E+1	0.000000E+0	3.000000E+0
24-Apr-25	15:42:10	-0.000000E+0	-1.424425E+0	-9.000000E-5	2.015000E-5	-1.645000E-6	3.393000E-4	4.050000E-6	0.000000E+0	0.000000E+0	1.964247E-4	2.976042E-9	0.000000E+0	0.000000E+0	1.004022E+1	0.000000E+0	3.000000E+0
24-Apr-25	15:42:10	-0.000000E+0	-1.416350E+0	-9.000000E-5	2.015000E-5	-1.660000E-6	3.397000E-4	3.650000E-6	0.000000E+0	0.000000E+0	1.964247E-4	2.976042E-9	0.000000E+0	0.000000E+0	1.004022E+1	0.000000E+0	3.000000E+0
24-Apr-25	15:42:11	-0.000000E+0	-1.407305E+0	-9.000000E-5	2.010500E-5	-1.625000E-6	3.401000E-4	4.350000E-6	0.000000E+0	0.000000E+0	1.964247E-4	2.976042E-9	0.000000E+0	0.000000E+0	1.004022E+1	0.000000E+0	3.000000E+0
24-Apr-25	15:42:11	-0.000000E+0	-1.398355E+0	-9.000000E-5	2.014500E-5	-1.615000E-6	3.399000E-4	3.700000E-6	0.000000E+0	0.000000E+0	1.964247E-4	2.976042E-9	0.000000E+0	0.000000E+0	1.004022E+1	0.000000E+0	3.000000E+0
24-Apr-25	15:42:12	-0.000000E+0	-1.388420E+0	-9.000000E-5	2.013500E-5	-1.660000E-6	3.395000E-4	4.050000E-6	0.000000E+0	0.000000E+0	1.964247E-4	2.976042E-9	0.000000E+0	0.000000E+0	1.004022E+1	0.000000E+0	3.000000E+0
24-Apr-25	15:42:12	-0.000000E+0	-1.379440E+0	-9.000000E-5	2.008000E-5	-1.605000E-6	3.395500E-4	4.250000E-6	0.000000E+0	0.000000E+0	1.964247E-4	2.976042E-9	0.000000E+0	0.000000E+0	1.004022E+1	0.000000E+0	3.000000E+0
24-Apr-25	15:42:13	-0.000000E+0	-1.370470E+0	-9.000000E-5	2.002000E-5	-1.665000E-6	3.398000E-4	4.550000E-6	0.000000E+0	0.000000E+0	1.964247E-4	2.976042E-9	0.000000E+0	0.000000E+0	1.004022E+1	0.000000E+0	3.000000E+0
24-Apr-25	15:42:13	-0.000000E+0	-1.361445E+0	-9.000000E-5	2.005000E-5	-1.660000E-6	3.400000E-4	3.500000E-6	0.000000E+0	0.000000E+0	1.964247E-4	2.976042E-9	0.000000E+0	0.000000E+0	1.004022E+1	0.000000E+0	3.000000E+0
24-Apr-25	15:42:14	-0.000000E+0	-1.353370E+0	-9.000000E-5	2.009500E-5	-1.625000E-6	3.397500E-4	4.300000E-6	0.000000E+0	0.000000E+0	1.964247E-4	2.976042E-9	0.000000E+0	0.000000E+0	1.004022E+1	0.000000E+0	3.000000E+0
24-Apr-25	15:42:14	-0.000000E+0	-1.344430E+0	-9.000000E-5	2.006000E-5	-1.615000E-6	3.395500E-4	4.300000E-6	0.000000E+0	0.000000E+0	1.964247E-4	2.976042E-9	0.000000E+0	0.000000E+0	1.004022E+1	0.000000E+0	3.000000E+0
24-Apr-25	15:42:15	-0.000000E+0	-1.336330E+0	-9.000000E-5	2.000500E-5	-1.645000E-6	3.391000E-4	4.500000E-6	0.000000E+0	0.000000E+0	1.964247E-4	2.976042E-9	0.000000E+0	0.000000E+0	1.004022E+1	0.000000E+0	3.000000E+0
24-Apr-25	15:42:15	-0.000000E+0	-1.327390E+0	-9.000000E-5	1.999000E-5	-1.670000E-6	3.402000E-4	4.150000E-6	0.000000E+0	0.000000E+0	1.964247E-4	2.976042E-9	0.000000E+0	0.000000E+0	1.004022E+1	0.000000E+0	3.000000E+0
24-Apr-25	15:42:16	-0.000000E+0	-1.319280E+0	-9.000000E-5	1.999000E-5	-1.675000E-6	3.397000E-4	3.600000E-6	0.000000E+0	0.000000E+0	1.964247E-4	2.976042E-9	0.000000E+0	0.000000E+0	1.004022E+1	0.000000E+0	3.000000E+0
24-Apr-25	15:42:16	-0.000000E+0	-1.311120E+0	-9.000000E-5	1.991000E-5	-1.650000E-6	3.400000E-4	4.250000E-6	0.000000E+0	0.000000E+0	1.964247E-4	2.976042E-9	0.000000E+0	0.000000E+0	1.004022E+1	0.000000E+0	3.000000E+0
24-Apr-25	15:42:16	-0.000000E+0	-1.302180E+0	-9.000000E-5	1.991000E-5	-1.600000E-6	3.395000E-4	4.200000E-6	0.000000E+0	0.000000E+0	1.964247E-4	2.976042E-9	0.000000E+0	0.000000E+0	1.004022E+1	0.000000E+0	3.000000E+0
24-Apr-25	15:42:17	-0.000000E+0	-1.293175E+0	-9.000000E-5	1.994000E-5	-1.610000E-6	3.397500E-4	3.650000E-6	0.000000E+0	0.000000E+0	1.964247E-4	2.976042E-9	0.000000E+0	0.000000E+0	1.004022E+1	0.000000E+0	3.000000E+0
24-Apr-25	15:42:17	-0.000000E+0	-1.284190E+0	-9.000000E-5	1.998000E-5	-1.645000E-6	3.400500E-4	4.200000E-6	0.000000E+0	0.000000E+0	1.964247E-4	2.976042E-9	0.000000E+0	0.000000E+0	1.004022E+1	0.000000E+0	3.000000E+0
24-Apr-25	15:42:18	-0.000000E+0	-1.275200E+0	-9.000000E-5	1.995500E-5	-1.640000E-6	3.401500E-4	3.900000E-6	0.000000E+0	0.000000E+0	1.964247E-4	2.976042E-9	0.000000E+0	0.000000E+0	1.004022E+1	0.000000E+0	3.000000E+0
24-Apr-25	15:42:18	-0.000000E+0	-1.267100E+0	-9.000000E-5	1.990000E-5	-1.625000E-6	3.399000E-4	4.200000E-6	0.000000E+0	0.000000E+0	1.964247E-4	2.976042E-9	0.000000E+0	0.000000E+0	1.004022E+1	0.000000E+0	3.000000E+0
24-Apr-25	15:42:19	-0.000000E+0	-1.258090E+0	-9.000000E-5	1.992000E-5	-1.595000E-6	3.399500E-4	3.700000E-6	0.000000E+0	0.000000E+0	1.964247E-4	2.976042E-9	0.000000E+0	0.000000E+0	1.004022E+1	0.000000E+0	3.000000E+0
24-Apr-25	15:42:19	-0.000000E+0	-1.249125E+0	-9.000000E-5	1.991500E-5	-1.655000E-6	3.393500E-4	3.700000E-6	0.000000E+0	0.000000E+0	1.964247E-4	2.976042E-9	0.000000E+0	0.000000E+0	1.004022E+1	0.000000E+0	3.000000E+0
24-Apr-25	15:42:20	-0.000000E+0	-1.240135E+0	-9.000000E-5	1.992000E-5	-1.640000E-6	3.402500E-4	3.550000E-6	0.000000E+0	0.000000E+0	1.964247E-4	2.976042E-9	0.000000E+0	0.000000E+0	1.004022E+1	0.000000E+0	3.000000E+0
24-Apr-25	15:42:20	-0.000000E+0	-1.232110E+0	-9.000000E-5	1.986500E-5	-1.605000E-6	3.399000E-4	4.100000E-6	0.000000E+0	0.000000E+0	1.964247E-4	2.976042E-9	0.000000E+0	0.000000E+0	1.004022E+1	0.000000E+0	3.000000E+0
24-Apr-25	15:42:21	-0.000000E+0	-1.223050E+0	-9.000000E-5	1.984000E-5	-1.645000E-6	3.397500E-4	4.100000E-6	0.000000E+0	0.000000E+0	1.964247E-4	2.976042E-9	0.000000E+0	0.000000E+0	1.004022E+1	0.000000E+0	3.000000E+0
24-Apr-25	15:42:21	-0.000000E+0	-1.213015E+0	-9.000000E-5	1.978500E-5	-1.555000E-6	3.398500E-4	3.950000E-6	0.000000E+0	0.000000E+0	1.964247E-4	2.976042E-9	0.000000E+0	0.000000E+0	1.004022E+1	0.000000E+0	3.000000E+0
24-Apr-25	15:42:22	-0.000000E+0	-1.203900E+0	-9.000000E-5	1.979000E-5	-1.575000E-6	3.402000E-4	3.900000E-6	0.000000E+0	0.000000E+0	1.964247E-4	2.976042E-9	0.000000E+0	0.000000E+0	1.004022E+1	0.000000E+0	3.000000E+0
24-Apr-25	15:42:22	-0.000000E+0	-1.194885E+0	-9.000000E-5	1.976000E-5	-1.585000E-6	3.395500E-4	3.950000E-6	0.000000E+0	0.000000E+0	1.964247E-4	2.976042E-9	0.000000E+0	0.000000E+0	1.004022E+1	0.000000E+0	3.000000E+0
24-Apr-25	15:42:23	-0.000000E+0	-1.185935E+0	-9.000000E-5	1.977500E-5	-1.625000E-6	3.395500E-4	4.250000E-6	0.000000E+0	0.000000E+0	1.964247E-4	2.976042E-9	0.000000E+0	0.000000E+0	1.004022E+1	0.000000E+0	3.000000E+0
24-Apr-25	15:42:23	-0.000000E+0	-1.177815E+0	-9.000000E-5	1.975000E-5	-1.635000E-6	3.392000E-4	4.350000E-6	0.000000E+0	0.000000E+0	1.964247E-4	2.976042E-9	0.000000E+0	0.000000E+0	1.004022E+1	0.000000E+0	3.000000E+0
24-Apr-25	15:42:24	-0.000000E+0	-1.168820E+0	-9.000000E-5	1.970000E-5	-1.600000E-6	3.397500E-4	3.750000E-6	0.000000E+0	0.000000E+0	1.964247E-4	2.976042E-9	0.000000E+0	0.000000E+0	1.004022E+1	0.000000E+0	3.000000E+0
24-Apr-25	15:42:25	-0.000000E+0	-1.159830E+0	-9.000000E-5	1.971000E-5	-1.590000E-6	3.402000E-4	3.950000E-6	0.000000E+0	0.000000E+0	1.964247E-4	2.976042E-9	0.000000E+0	0.000000E+0	1.004022E+1	0.000000E+0	3.000000E+0
24-Apr-25	15:42:25	-0.000000E+0	-1.147285E+0	-9.000000E-5	1.966000E-5	-1.575000E-6	3.393500E-4	3.400000E-6	0.000000E+0	0.000000E+0	1.964247E-4	2.976042E-9	0.000000E+0	0.000000E+0	1.004022E+1	0.000000E+0	3.000000E+0
24-Apr-25	15:42:26	-0.000000E+0	-1.138365E+0	-9.000000E-5	1.968000E-5	-1.605000E-6	3.402000E-4	3.900000E-6	0.000000E+0	0.000000E+0	1.964247E-4	2.976042E-9	0.000000E+0	0.000000E+0	1.004022E+1	0.000000E+0	3.000000E+0
24-Apr-25	15:42:26	-0.000000E+0	-1.129300E+0	-9.000000E-5	1.966500E-5	-1.590000E-6	3.390000E-4	3.650000E-6	0.000000E+0	0.000000E+0	1.964247E-4	2.976042E-9	0.000000E+0	0.000000E+0	1.004022E+1	0.000000E+0	3.000000E+0
24-Apr-25	15:42:27	-0.000000E+0	-1.120310E+0	-9.000000E-5	1.965000E-5	-1.590000E-6	3.398500E-4	3.750000E-6	0.000000E+0	0.000000E+0	1.964247E-4	2.976042E-9	0.000000E+0	0.000000E+0	1.004022E+1	0.000000E+0	3.000000E+0
24-Apr-25	15:42:27	-0.000000E+0	-1.111285E+0	-9.000000E-5	1.966000E-5	-1.615000E-6	3.400500E-4	3.800000E-6	0.000000E+0	0.000000E+0	1.964247E-4	2.976042E-9	0.000000E+0	0.000000E+0	1.004022E+1	0.000000E+0	3.000000E+0
24-Apr-25	15:42:28	-0.000000E+0	-1.103225E+0	-9.000000E-5	1.962500E-5	-1.620000E-6	3.398000E-4	3.700000E-6	0.000000E+0	0.000000E+0	1.964247E-4	2.976042E-9	0.000000E+0	0.000000E+0	1.004022E+1	0.000000E+0	3.000000E+0
24-Apr-25	15:42:28	-0.000000E+0	-1.094230E+0	-9.000000E-5	1.961000E-5	-1.620000E-6	3.398500E-4	3.950000E-6	0.000000E+0	0.000000E+0	1.964247E-4	2.976042E-9	0.000000E+0	0.000000E+0	1.004022E+1	0.000000E+0	3.000000E+0
24-Apr-25	15:42:29	-0.000000E+0	-1.081630E+0	-9.000000E-5	1.958500E-5	-1.660000E-6	3.401000E-4	4.100000E-6	0.000000E+0	0.000000E+0	1.964247E-4	2.976042E-9	0.000000E+0	0.000000E+0	1.004022E+1	0.000000E+0	3.000000E+0
24-Apr-25	15:42:29	-0.000000E+0	-1.072630E+0	-9.000000E-5	1.953500E-5	-1.625000E-6	3.403000E-4	4.300000E-6	0.000000E+0	0.000000E+0	1.964247E-4	2.976042E-9	0.000000E+0	0.000000E+0	1.004022E+1	0.000000E+0	3.000000E+0
24-Apr-25	15:42:30	-0.000000E+0	-1.062760E+0	-9.000000E-5	1.954500E-5	-1.595000E-6	3.400500E-4	3.750000E-6	0.000000E+0	0.000000E+0	1.964247E-4	2.976042E-9	0.000000E+0	0.000000E+0	1.004022E+1	0.000000E+0	3.000000E+0
24-Apr-25	15:42:30	-0.000000E+0	-1.053780E+0	-9.000000E-5	1.956000E-5	-1.605000E-6	3.401000E-4	4.200000E-6	0.000000E+0	0.000000E+0	1.964247E-4	2.976042E-9	0.000000E+0	0.000000E+0	1.004022E+1	0.000000E+0	3.000000E+0
24-Apr-25	15:42:31	-0.000000E+0	-1.045710E+0	-9.000000E-5	1.961000E-5	-1.620000E-6	3.397500E-4	3.800000E-6	0.000000E+0	0.000000E+0	1.964247E-4	2.976042E-9	0.000000E+0	0.000000E+0	1.004022E+1	0.000000E+0	3.000000E+0
24-Apr-25	15:42:31	-0.000000E+0	-1.036735E+0	-9.000000E-5	1.956000E-5	-1.615000E-6	3.400500E-4	4.300000E-6	0.000000E+0	0.000000E+0	1.964247E-4	2.976042E-9	0.000000E+0	0.000000E+0	1.004022E+1	0.000000E+0	3.000000E+0
24-Apr-25	15:42:32	-0.000000E+0	-1.027670E+0	-9.000000E-5	1.955000E-5	-1.620000E-6	3.396500E-4	4.050000E-6	0.000000E+0	0.000000E+0	1.964247E-4	2.976042E-9	0.000000E+0	0.000000E+0	1.004022E+1	0.000000E+0	3.000000E+0
24-Apr-25	15:42:32	-0.000000E+0	-1.017805E+0	-9.000000E-5	1.951500E-5	-1.585000E-6	3.400500E-4	3.650000E-6	0.000000E+0	0.000000E+0	1.964247E-4	2.976042E-9	0.000000E+0	0.000000E+0	1.004022E+1	0.000000E+0	3.000000E+0
24-Apr-25	15:42:33	-0.000000E+0	-1.007630E+0	-9.000000E-5	1.951000E-5	-1.605000E-6	3.401500E-4	3.650000E-6	0.000000E+0	0.000000E+0	1.964247E-4	2.976042E-9	0.000000E+0	0.000000E+0	1.004022E+1	0.000000E+0	3.000000E+0
24-Apr-25	15:42:33	-0.000000E+0	-9.986650E-1	-9.000000E-5	1.945000E-5	-1.580000E-6	3.397000E-4	3.950000E-6	0.000000E+0	0.000000E+0	1.964247E-4	2.976042E-9	0.000000E+0	0.000000E+0	1.004022E+1	0.000000E+0	3.000000E+0
24-Apr-25	15:42:34	-0.000000E+0	-9.896850E-1	-9.000000E-5	1.940000E-5	-1.535000E-6	3.396000E-4	3.800000E-6	0.000000E+0	0.000000E+0	1.964247E-4	2.976042E-9	0.000000E+0	0.000000E+0	1.004022E+1	0.000000E+0	3.000000E+0
24-Apr-25	15:42:35	-0.000000E+0	-9.806400E-1	-9.000000E-5	1.941500E-5	-1.575000E-6	3.400500E-4	4.100000E-6	0.000000E+0	0.000000E+0	1.964247E-4	2.976042E-9	0.000000E+0	0.000000E+0	1.004022E+1	0.000000E+0	3.000000E+0
24-Apr-25	15:42:35	-0.000000E+0	-9.680850E-1	-9.000000E-5	1.941000E-5	-1.655000E-6	3.402000E-4	3.400000E-6	0.000000E+0	0.000000E+0	1.964247E-4	2.976042E-9	0.000000E+0	0.000000E+0	1.004022E+1	0.000000E+0	3.000000E+0
24-Apr-25	15:42:36	-0.000000E+0	-9.582250E-1	-9.000000E-5	1.944000E-5	-1.550000E-6	3.401500E-4	3.700000E-6	0.000000E+0	0.000000E+0	1.964247E-4	2.976042E-9	0.000000E+0	0.000000E+0	1.004022E+1	0.000000E+0	3.000000E+0
24-Apr-25	15:42:36	-0.000000E+0	-9.480750E-1	-9.000000E-5	1.942000E-5	-1.525000E-6	3.406500E-4	3.950000E-6	0.000000E+0	0.000000E+0	1.964247E-4	2.976042E-9	0.000000E+0	0.000000E+0	1.004022E+1	0.000000E+0	3.000000E+0
24-Apr-25	15:42:37	-0.000000E+0	-9.392050E-1	-9.000000E-5	1.934000E-5	-1.565000E-6	3.396000E-4	4.350000E-6	0.000000E+0	0.000000E+0	1.964247E-4	2.976042E-9	0.000000E+0	0.000000E+0	1.004022E+1	0.000000E+0	3.000000E+0
24-Apr-25	15:42:37	-0.000000E+0	-9.312650E-1	-9.000000E-5	1.927500E-5	-1.565000E-6	3.400000E-4	4.500000E-6	0.000000E+0	0.000000E+0	1.964247E-4	2.976042E-9	0.000000E+0	0.000000E+0	1.004022E+1	0.000000E+0	3.000000E+0
24-Apr-25	15:42:38	-0.000000E+0	-9.222800E-1	-9.000000E-5	1.933000E-5	-1.585000E-6	3.399000E-4	4.050000E-6	0.000000E+0	0.000000E+0	1.964247E-4	2.976042E-9	0.000000E+0	0.000000E+0	1.004022E+1	0.000000E+0	3.000000E+0
24-Apr-25	15:42:38	-0.000000E+0	-9.132650E-1	-9.000000E-5	1.943000E-5	-1.615000E-6	3.401500E-4	4.250000E-6	0.000000E+0	0.000000E+0	1.964247E-4	2.976042E-9	0.000000E+0	0.000000E+0	1.004022E+1	0.000000E+0	3.000000E+0
24-Apr-25	15:42:39	-0.000000E+0	-9.042950E-1	-9.000000E-5	1.941500E-5	-1.655000E-6	3.404500E-4	3.950000E-6	0.000000E+0	0.000000E+0	1.964247E-4	2.976042E-9	0.000000E+0	0.000000E+0	1.004022E+1	0.000000E+0	3.000000E+0
24-Apr-25	15:42:39	-0.000000E+0	-8.953050E-1	-9.000000E-5	1.936000E-5	-1.625000E-6	3.395500E-4	4.050000E-6	0.000000E+0	0.000000E+0	1.964247E-4	2.976042E-9	0.000000E+0	0.000000E+0	1.004022E+1	0.000000E+0	3.000000E+0
24-Apr-25	15:42:40	-0.000000E+0	-8.862800E-1	-9.000000E-5	1.932500E-5	-1.585000E-6	3.400500E-4	4.000000E-6	0.000000E+0	0.000000E+0	1.964247E-4	2.976042E-9	0.000000E+0	0.000000E+0	1.004022E+1	0.000000E+0	3.000000E+0
24-Apr-25	15:42:40	-0.000000E+0	-8.770200E-1	-9.000000E-5	1.926000E-5	-1.555000E-6	3.399000E-4	4.050000E-6	0.000000E+0	0.000000E+0	1.964247E-4	2.976042E-9	0.000000E+0	0.000000E+0	1.004022E+1	0.000000E+0	3.000000E+0
24-Apr-25	15:42:41	-0.000000E+0	-8.653550E-1	-9.000000E-5	1.931000E-5	-1.570000E-6	3.402000E-4	4.000000E-6	0.000000E+0	0.000000E+0	1.964247E-4	2.976042E-9	0.000000E+0	0.000000E+0	1.004022E+1	0.000000E+0	3.000000E+0
24-Apr-25	15:42:41	-0.000000E+0	-8.564000E-1	-9.000000E-5	1.933000E-5	-1.525000E-6	3.398500E-4	3.700000E-6	0.000000E+0	0.000000E+0	1.964247E-4	2.976042E-9	0.000000E+0	0.000000E+0	1.004022E+1	0.000000E+0	3.000000E+0
24-Apr-25	15:42:42	-0.000000E+0	-8.461800E-1	-9.000000E-5	1.929000E-5	-1.545000E-6	3.402000E-4	4.050000E-6	0.000000E+0	0.000000E+0	1.964247E-4	2.976042E-9	0.000000E+0	0.000000E+0	1.004022E+1	0.000000E+0	3.000000E+0
24-Apr-25	15:42:42	-0.000000E+0	-8.371950E-1	-9.000000E-5	1.931500E-5	-1.565000E-6	3.402000E-4	3.550000E-6	0.000000E+0	0.000000E+0	1.964247E-4	2.976042E-9	0.000000E+0	0.000000E+0	1.004022E+1	0.000000E+0	3.000000E+0
24-Apr-25	15:42:43	-0.000000E+0	-8.282100E-1	-9.000000E-5	1.924500E-5	-1.630000E-6	3.400500E-4	3.950000E-6	0.000000E+0	0.000000E+0	1.964247E-4	2.976042E-9	0.000000E+0	0.000000E+0	1.004022E+1	0.000000E+0	3.000000E+0
24-Apr-25	15:42:43	-0.000000E+0	-8.183300E-1	-9.000000E-5	1.926500E-5	-1.615000E-6	3.399500E-4	3.800000E-6	0.000000E+0	0.000000E+0	1.964247E-4	2.976042E-9	0.000000E+0	0.000000E+0	1.004022E+1	0.000000E+0	3.000000E+0
24-Apr-25	15:42:44	-0.000000E+0	-8.093700E-1	-9.000000E-5	1.923000E-5	-1.560000E-6	3.397000E-4	3.900000E-6	0.000000E+0	0.000000E+0	1.964247E-4	2.976042E-9	0.000000E+0	0.000000E+0	1.004022E+1	0.000000E+0	3.000000E+0
24-Apr-25	15:42:44	-0.000000E+0	-8.003850E-1	-9.000000E-5	1.926500E-5	-1.550000E-6	3.401500E-4	4.100000E-6	0.000000E+0	0.000000E+0	1.964247E-4	2.976042E-9	0.000000E+0	0.000000E+0	1.004022E+1	0.000000E+0	3.000000E+0
24-Apr-25	15:42:45	-0.000000E+0	-7.904850E-1	-9.000000E-5	1.917000E-5	-1.610000E-6	3.404000E-4	3.650000E-6	0.000000E+0	0.000000E+0	1.964247E-4	2.976042E-9	0.000000E+0	0.000000E+0	1.004022E+1	0.000000E+0	3.000000E+0
24-Apr-25	15:42:46	-0.000000E+0	-7.778950E-1	-9.000000E-5	1.920500E-5	-1.555000E-6	3.403000E-4	4.050000E-6	0.000000E+0	0.000000E+0	1.964247E-4	2.976042E-9	0.000000E+0	0.000000E+0	1.004022E+1	0.000000E+0	3.000000E+0
24-Apr-25	15:42:47	-0.000000E+0	-7.634200E-1	-9.000000E-5	1.912500E-5	-1.545000E-6	3.403000E-4	4.250000E-6	0.000000E+0	0.000000E+0	1.964247E-4	2.976042E-9	0.000000E+0	0.000000E+0	1.004022E+1	0.000000E+0	3.000000E+0
24-Apr-25	15:42:47	-0.000000E+0	-7.533800E-1	-9.000000E-5	1.913000E-5	-1.580000E-6	3.396500E-4	3.800000E-6	0.000000E+0	0.000000E+0	1.964247E-4	2.976042E-9	0.000000E+0	0.000000E+0	1.004022E+1	0.000000E+0	3.000000E+0
24-Apr-25	15:42:48	-0.000000E+0	-7.452600E-1	-9.000000E-5	1.909000E-5	-1.575000E-6	3.400500E-4	3.900000E-6	0.000000E+0	0.000000E+0	1.964247E-4	2.976042E-9	0.000000E+0	0.000000E+0	1.004022E+1	0.000000E+0	3.000000E+0
24-Apr-25	15:42:48	-0.000000E+0	-7.362750E-1	-9.000000E-5	1.908500E-5	-1.565000E-6	3.402500E-4	3.650000E-6	0.000000E+0	0.000000E+0	1.964247E-4	2.976042E-9	0.000000E+0	0.000000E+0	1.004022E+1	0.000000E+0	3.000000E+0
24-Apr-25	15:42:49	-0.000000E+0	-7.236950E-1	-9.000000E-5	1.911500E-5	-1.580000E-6	3.403000E-4	3.900000E-6	0.000000E+0	0.000000E+0	1.964247E-4	2.976042E-9	0.000000E+0	0.000000E+0	1.004022E+1	0.000000E+0	3.000000E+0
24-Apr-25	15:42:49	-0.000000E+0	-7.135050E-1	-9.000000E-5	1.912500E-5	-1.615000E-6	3.399500E-4	3.800000E-6	0.000000E+0	0.000000E+0	1.964247E-4	2.976042E-9	0.000000E+0	0.000000E+0	1.004022E+1	0.000000E+0	3.000000E+0
24-Apr-25	15:42:50	-0.000000E+0	-7.053850E-1	-9.000000E-5	1.908500E-5	-1.605000E-6	3.401500E-4	4.100000E-6	0.000000E+0	0.000000E+0	1.964247E-4	2.976042E-9	0.000000E+0	0.000000E+0	1.004022E+1	0.000000E+0	3.000000E+0
24-Apr-25	15:42:50	-0.000000E+0	-6.963800E-1	-9.000000E-5	1.904000E-5	-1.565000E-6	3.402500E-4	4.100000E-6	0.000000E+0	0.000000E+0	1.964247E-4	2.976042E-9	0.000000E+0	0.000000E+0	1.004022E+1	0.000000E+0	3.000000E+0
24-Apr-25	15:42:51	-0.000000E+0	-6.874000E-1	-9.000000E-5	1.909000E-5	-1.545000E-6	3.402000E-4	3.800000E-6	0.000000E+0	0.000000E+0	1.964247E-4	2.976042E-9	0.000000E+0	0.000000E+0	1.004022E+1	0.000000E+0	3.000000E+0
24-Apr-25	15:42:51	-0.000000E+0	-6.784500E-1	-9.000000E-5	1.908000E-5	-1.560000E-6	3.397500E-4	3.700000E-6	0.000000E+0	0.000000E+0	1.964247E-4	2.976042E-9	0.000000E+0	0.000000E+0	1.004022E+1	0.000000E+0	3.000000E+0
24-Apr-25	15:42:52	-0.000000E+0	-6.694600E-1	-9.000000E-5	1.905500E-5	-1.555000E-6	3.405000E-4	3.550000E-6	0.000000E+0	0.000000E+0	1.964247E-4	2.976042E-9	0.000000E+0	0.000000E+0	1.004022E+1	0.000000E+0	3.000000E+0
24-Apr-25	15:42:52	-0.000000E+0	-6.568600E-1	-9.000000E-5	1.906500E-5	-1.565000E-6	3.401000E-4	4.150000E-6	0.000000E+0	0.000000E+0	1.964247E-4	2.976042E-9	0.000000E+0	0.000000E+0	1.004022E+1	0.000000E+0	3.000000E+0
24-Apr-25	15:42:53	-0.000000E+0	-6.478450E-1	-9.000000E-5	1.901000E-5	-1.530000E-6	3.406500E-4	3.550000E-6	0.000000E+0	0.000000E+0	1.964247E-4	2.976042E-9	0.000000E+0	0.000000E+0	1.004022E+1	0.000000E+0	3.000000E+0
24-Apr-25	15:42:54	-0.000000E+0	-6.361950E-1	-9.000000E-5	1.892500E-5	-1.575000E-6	3.397500E-4	3.950000E-6	0.000000E+0	0.000000E+0	1.964247E-4	2.976042E-9	0.000000E+0	0.000000E+0	1.004022E+1	0.000000E+0	3.000000E+0
24-Apr-25	15:42:54	-0.000000E+0	-6.272050E-1	-9.000000E-5	1.894500E-5	-1.560000E-6	3.407500E-4	4.350000E-6	0.000000E+0	0.000000E+0	1.964247E-4	2.976042E-9	0.000000E+0	0.000000E+0	1.004022E+1	0.000000E+0	3.000000E+0
24-Apr-25	15:42:55	-0.000000E+0	-6.182400E-1	-9.000000E-5	1.893500E-5	-1.650000E-6	3.405000E-4	3.850000E-6	0.000000E+0	0.000000E+0	1.964247E-4	2.976042E-9	0.000000E+0	0.000000E+0	1.004022E+1	0.000000E+0	3.000000E+0
24-Apr-25	15:42:55	-0.000000E+0	-6.062100E-1	-9.000000E-5	1.888000E-5	-1.550000E-6	3.401000E-4	4.000000E-6	0.000000E+0	0.000000E+0	1.964247E-4	2.976042E-9	0.000000E+0	0.000000E+0	1.004022E+1	0.000000E+0	3.000000E+0
24-Apr-25	15:42:56	-0.000000E+0	-5.945650E-1	-9.000000E-5	1.892500E-5	-1.450000E-6	3.399000E-4	4.500000E-6	0.000000E+0	0.000000E+0	1.964247E-4	2.976042E-9	0.000000E+0	0.000000E+0	1.004022E+1	0.000000E+0	3.000000E+0
24-Apr-25	15:42:56	-0.000000E+0	-5.855750E-1	-9.000000E-5	1.893500E-5	-1.450000E-6	3.406500E-4	4.100000E-6	0.000000E+0	0.000000E+0	1.964247E-4	2.976042E-9	0.000000E+0	0.000000E+0	1.004022E+1	0.000000E+0	3.000000E+0
24-Apr-25	15:42:57	-0.000000E+0	-5.766200E-1	-9.000000E-5	1.891000E-5	-1.510000E-6	3.403500E-4	3.550000E-6	0.000000E+0	0.000000E+0	1.964247E-4	2.976042E-9	0.000000E+0	0.000000E+0	1.004022E+1	0.000000E+0	3.000000E+0
24-Apr-25	15:42:58	-0.000000E+0	-5.631250E-1	-9.000000E-5	1.886000E-5	-1.585000E-6	3.403000E-4	3.850000E-6	0.000000E+0	0.000000E+0	1.964247E-4	2.976042E-9	0.000000E+0	0.000000E+0	1.004022E+1	0.000000E+0	3.000000E+0
24-Apr-25	15:42:58	-0.000000E+0	-5.492900E-1	-9.000000E-5	1.890000E-5	-1.545000E-6	3.405500E-4	3.650000E-6	0.000000E+0	0.000000E+0	1.964247E-4	2.976042E-9	0.000000E+0	0.000000E+0	1.004022E+1	0.000000E+0	3.000000E+0
24-Apr-25	15:42:59	-0.000000E+0	-5.412350E-1	-9.000000E-5	1.889500E-5	-1.525000E-6	3.405000E-4	4.500000E-6	0.000000E+0	0.000000E+0	1.964247E-4	2.976042E-9	0.000000E+0	0.000000E+0	1.004022E+1	0.000000E+0	3.000000E+0
24-Apr-25	15:42:59	-0.000000E+0	-5.322150E-1	-9.000000E-5	1.887000E-5	-1.610000E-6	3.403500E-4	4.350000E-6	0.000000E+0	0.000000E+0	1.964247E-4	2.976042E-9	0.000000E+0	0.000000E+0	1.004022E+1	0.000000E+0	3.000000E+0
24-Apr-25	15:43:00	-0.000000E+0	-5.241600E-1	-9.000000E-5	1.876000E-5	-1.580000E-6	3.404500E-4	4.150000E-6	0.000000E+0	0.000000E+0	1.964247E-4	2.976042E-9	0.000000E+0	0.000000E+0	1.004022E+1	0.000000E+0	3.000000E+0
24-Apr-25	15:43:00	-0.000000E+0	-5.151450E-1	-9.000000E-5	1.879500E-5	-1.485000E-6	3.403500E-4	3.850000E-6	0.000000E+0	0.000000E+0	1.964247E-4	2.976042E-9	0.000000E+0	0.000000E+0	1.004022E+1	0.000000E+0	3.000000E+0
24-Apr-25	15:43:01	-0.000000E+0	-5.052450E-1	-9.000000E-5	1.880000E-5	-1.505000E-6	3.400500E-4	3.800000E-6	0.000000E+0	0.000000E+0	1.964247E-4	2.976042E-9	0.000000E+0	0.000000E+0	1.004022E+1	0.000000E+0	3.000000E+0
24-Apr-25	15:43:01	-0.000000E+0	-4.942000E-1	-9.000000E-5	1.879000E-5	-1.505000E-6	3.404500E-4	4.150000E-6	0.000000E+0	0.000000E+0	1.964247E-4	2.976042E-9	0.000000E+0	0.000000E+0	1.004022E+1	0.000000E+0	3.000000E+0
24-Apr-25	15:43:02	-0.000000E+0	-4.851950E-1	-9.000000E-5	1.882500E-5	-1.485000E-6	3.400500E-4	3.800000E-6	0.000000E+0	0.000000E+0	1.964247E-4	2.976042E-9	0.000000E+0	0.000000E+0	1.004022E+1	0.000000E+0	3.000000E+0
24-Apr-25	15:43:03	-0.000000E+0	-4.762750E-1	-9.000000E-5	1.876000E-5	-1.585000E-6	3.407500E-4	4.500000E-6	0.000000E+0	0.000000E+0	1.964247E-4	2.976042E-9	0.000000E+0	0.000000E+0	1.004022E+1	0.000000E+0	3.000000E+0
24-Apr-25	15:43:03	-0.000000E+0	-4.663300E-1	-9.000000E-5	1.873500E-5	-1.450000E-6	3.403500E-4	3.950000E-6	0.000000E+0	0.000000E+0	1.964247E-4	2.976042E-9	0.000000E+0	0.000000E+0	1.004022E+1	0.000000E+0	3.000000E+0
24-Apr-25	15:43:04	-0.000000E+0	-4.573300E-1	-9.000000E-5	1.872000E-5	-1.510000E-6	3.404500E-4	4.250000E-6	0.000000E+0	0.000000E+0	1.964247E-4	2.976042E-9	0.000000E+0	0.000000E+0	1.004022E+1	0.000000E+0	3.000000E+0
24-Apr-25	15:43:04	-0.000000E+0	-4.474950E-1	-9.000000E-5	1.869500E-5	-1.580000E-6	3.406500E-4	3.800000E-6	0.000000E+0	0.000000E+0	1.964247E-4	2.976042E-9	0.000000E+0	0.000000E+0	1.004022E+1	0.000000E+0	3.000000E+0
24-Apr-25	15:43:05	-0.000000E+0	-4.393650E-1	-9.000000E-5	1.867000E-5	-1.525000E-6	3.404000E-4	3.700000E-6	0.000000E+0	0.000000E+0	1.964247E-4	2.976042E-9	0.000000E+0	0.000000E+0	1.004022E+1	0.000000E+0	3.000000E+0
24-Apr-25	15:43:05	-0.000000E+0	-4.313050E-1	-9.000000E-5	1.867500E-5	-1.490000E-6	3.405000E-4	4.200000E-6	0.000000E+0	0.000000E+0	1.964247E-4	2.976042E-9	0.000000E+0	0.000000E+0	1.004022E+1	0.000000E+0	3.000000E+0
24-Apr-25	15:43:06	-0.000000E+0	-4.223150E-1	-9.000000E-5	1.869000E-5	-1.525000E-6	3.406500E-4	3.900000E-6	0.000000E+0	0.000000E+0	1.964247E-4	2.976042E-9	0.000000E+0	0.000000E+0	1.004022E+1	0.000000E+0	3.000000E+0
24-Apr-25	15:43:06	-0.000000E+0	-4.132950E-1	-9.000000E-5	1.872000E-5	-1.465000E-6	3.406500E-4	4.050000E-6	0.000000E+0	0.000000E+0	1.964247E-4	2.976042E-9	0.000000E+0	0.000000E+0	1.004022E+1	0.000000E+0	3.000000E+0
24-Apr-25	15:43:06	-0.000000E+0	-4.043200E-1	-9.000000E-5	1.862500E-5	-1.455000E-6	3.406500E-4	4.200000E-6	0.000000E+0	0.000000E+0	1.964247E-4	2.976042E-9	0.000000E+0	0.000000E+0	1.004022E+1	0.000000E+0	3.000000E+0
24-Apr-25	15:43:07	-0.000000E+0	-3.962700E-1	-9.000000E-5	1.859500E-5	-1.510000E-6	3.399500E-4	3.600000E-6	0.000000E+0	0.000000E+0	1.964247E-4	2.976042E-9	0.000000E+0	0.000000E+0	1.004022E+1	0.000000E+0	3.000000E+0
24-Apr-25	15:43:07	-0.000000E+0	-3.882000E-1	-9.000000E-5	1.866500E-5	-1.545000E-6	3.405000E-4	3.900000E-6	0.000000E+0	0.000000E+0	1.964247E-4	2.976042E-9	0.000000E+0	0.000000E+0	1.004022E+1	0.000000E+0	3.000000E+0
24-Apr-25	15:43:08	-0.000000E+0	-3.792250E-1	-9.000000E-5	1.864500E-5	-1.505000E-6	3.406000E-4	3.800000E-6	0.000000E+0	0.000000E+0	1.964247E-4	2.976042E-9	0.000000E+0	0.000000E+0	1.004022E+1	0.000000E+0	3.000000E+0
24-Apr-25	15:43:08	-0.000000E+0	-3.701900E-1	-9.000000E-5	1.858500E-5	-1.515000E-6	3.402000E-4	3.700000E-6	0.000000E+0	0.000000E+0	1.964247E-4	2.976042E-9	0.000000E+0	0.000000E+0	1.004022E+1	0.000000E+0	3.000000E+0
24-Apr-25	15:43:09	-0.000000E+0	-3.611850E-1	-9.000000E-5	1.856500E-5	-1.525000E-6	3.405000E-4	3.650000E-6	0.000000E+0	0.000000E+0	1.964247E-4	2.976042E-9	0.000000E+0	0.000000E+0	1.004022E+1	0.000000E+0	3.000000E+0
24-Apr-25	15:43:09	-0.000000E+0	-3.522100E-1	-9.000000E-5	1.855000E-5	-1.525000E-6	3.407500E-4	3.800000E-6	0.000000E+0	0.000000E+0	1.964247E-4	2.976042E-9	0.000000E+0	0.000000E+0	1.004022E+1	0.000000E+0	3.000000E+0
24-Apr-25	15:43:10	-0.000000E+0	-3.432100E-1	-9.000000E-5	1.856000E-5	-1.535000E-6	3.408500E-4	3.750000E-6	0.000000E+0	0.000000E+0	1.964247E-4	2.976042E-9	0.000000E+0	0.000000E+0	1.004022E+1	0.000000E+0	3.000000E+0
24-Apr-25	15:43:10	-0.000000E+0	-3.333350E-1	-9.000000E-5	1.861500E-5	-1.575000E-6	3.405000E-4	4.350000E-6	0.000000E+0	0.000000E+0	1.964247E-4	2.976042E-9	0.000000E+0	0.000000E+0	1.004022E+1	0.000000E+0	3.000000E+0
24-Apr-25	15:43:11	-0.000000E+0	-3.241800E-1	-9.000000E-5	1.852000E-5	-1.520000E-6	3.401000E-4	3.500000E-6	0.000000E+0	0.000000E+0	1.964247E-4	2.976042E-9	0.000000E+0	0.000000E+0	1.004022E+1	0.000000E+0	3.000000E+0
24-Apr-25	15:43:12	-0.000000E+0	-3.123300E-1	-9.000000E-5	1.854500E-5	-1.565000E-6	3.403500E-4	4.250000E-6	0.000000E+0	0.000000E+0	1.964247E-4	2.976042E-9	0.000000E+0	0.000000E+0	1.004022E+1	0.000000E+0	3.000000E+0
24-Apr-25	15:43:12	-0.000000E+0	-3.024600E-1	-9.000000E-5	1.855500E-5	-1.570000E-6	3.407500E-4	4.050000E-6	0.000000E+0	0.000000E+0	1.964247E-4	2.976042E-9	0.000000E+0	0.000000E+0	1.004022E+1	0.000000E+0	3.000000E+0
24-Apr-25	15:43:13	-0.000000E+0	-2.934900E-1	-9.000000E-5	1.847000E-5	-1.500000E-6	3.407500E-4	3.500000E-6	0.000000E+0	0.000000E+0	1.964247E-4	2.976042E-9	0.000000E+0	0.000000E+0	1.004022E+1	0.000000E+0	3.000000E+0
24-Apr-25	15:43:13	-0.000000E+0	-2.854100E-1	-9.000000E-5	1.846500E-5	-1.500000E-6	3.406500E-4	3.800000E-6	0.000000E+0	0.000000E+0	1.964247E-4	2.976042E-9	0.000000E+0	0.000000E+0	1.004022E+1	0.000000E+0	3.000000E+0
24-Apr-25	15:43:14	-0.000000E+0	-2.773000E-1	-9.000000E-5	1.844500E-5	-1.480000E-6	3.404500E-4	4.450000E-6	0.000000E+0	0.000000E+0	1.964247E-4	2.976042E-9	0.000000E+0	0.000000E+0	1.004022E+1	0.000000E+0	3.000000E+0
24-Apr-25	15:43:14	-0.000000E+0	-2.691800E-1	-9.000000E-5	1.845500E-5	-1.500000E-6	3.409500E-4	4.100000E-6	0.000000E+0	0.000000E+0	1.964247E-4	2.976042E-9	0.000000E+0	0.000000E+0	1.004022E+1	0.000000E+0	3.000000E+0
24-Apr-25	15:43:15	-0.000000E+0	-2.602000E-1	-9.000000E-5	1.851500E-5	-1.540000E-6	3.406500E-4	3.800000E-6	0.000000E+0	0.000000E+0	1.964247E-4	2.976042E-9	0.000000E+0	0.000000E+0	1.004022E+1	0.000000E+0	3.000000E+0
24-Apr-25	15:43:15	-0.000000E+0	-2.473450E-1	-9.000000E-5	1.841500E-5	-1.540000E-6	3.408000E-4	3.350000E-6	0.000000E+0	0.000000E+0	1.964247E-4	2.976042E-9	0.000000E+0	0.000000E+0	1.004022E+1	0.000000E+0	3.000000E+0
24-Apr-25	15:43:16	-0.000000E+0	-2.347850E-1	-9.000000E-5	1.840500E-5	-1.500000E-6	3.405000E-4	3.750000E-6	0.000000E+0	0.000000E+0	1.964247E-4	2.976042E-9	0.000000E+0	0.000000E+0	1.004022E+1	0.000000E+0	3.000000E+0
24-Apr-25	15:43:16	-0.000000E+0	-2.257400E-1	-9.000000E-5	1.837500E-5	-1.540000E-6	3.407500E-4	4.100000E-6	0.000000E+0	0.000000E+0	1.964247E-4	2.976042E-9	0.000000E+0	0.000000E+0	1.004022E+1	0.000000E+0	3.000000E+0
24-Apr-25	15:43:17	-0.000000E+0	-2.168050E-1	-9.000000E-5	1.838500E-5	-1.505000E-6	3.407500E-4	3.800000E-6	0.000000E+0	0.000000E+0	1.964247E-4	2.976042E-9	0.000000E+0	0.000000E+0	1.004022E+1	0.000000E+0	3.000000E+0
24-Apr-25	15:43:17	-0.000000E+0	-2.087100E-1	-9.000000E-5	1.836500E-5	-1.495000E-6	3.406000E-4	4.250000E-6	0.000000E+0	0.000000E+0	1.964247E-4	2.976042E-9	0.000000E+0	0.000000E+0	1.004022E+1	0.000000E+0	3.000000E+0
24-Apr-25	15:43:18	-0.000000E+0	-1.997600E-1	-9.000000E-5	1.839000E-5	-1.510000E-6	3.409500E-4	3.800000E-6	0.000000E+0	0.000000E+0	1.964247E-4	2.976042E-9	0.000000E+0	0.000000E+0	1.004022E+1	0.000000E+0	3.000000E+0
24-Apr-25	15:43:18	-0.000000E+0	-1.907800E-1	-9.000000E-5	1.831500E-5	-1.485000E-6	3.406000E-4	4.000000E-6	0.000000E+0	0.000000E+0	1.964247E-4	2.976042E-9	0.000000E+0	0.000000E+0	1.004022E+1	0.000000E+0	3.000000E+0
24-Apr-25	15:43:19	-0.000000E+0	-1.817850E-1	-9.000000E-5	1.829500E-5	-1.500000E-6	3.414000E-4	3.850000E-6	0.000000E+0	0.000000E+0	1.964247E-4	2.976042E-9	0.000000E+0	0.000000E+0	1.004022E+1	0.000000E+0	3.000000E+0
24-Apr-25	15:43:19	-0.000000E+0	-1.736400E-1	-9.000000E-5	1.829000E-5	-1.490000E-6	3.417500E-4	3.250000E-6	0.000000E+0	0.000000E+0	1.964247E-4	2.976042E-9	0.000000E+0	0.000000E+0	1.004022E+1	0.000000E+0	3.000000E+0
24-Apr-25	15:43:20	-0.000000E+0	-1.646850E-1	-9.000000E-5	1.829000E-5	-1.540000E-6	3.408500E-4	4.150000E-6	0.000000E+0	0.000000E+0	1.964247E-4	2.976042E-9	0.000000E+0	0.000000E+0	1.004022E+1	0.000000E+0	3.000000E+0
24-Apr-25	15:43:20	-0.000000E+0	-1.538800E-1	-9.000000E-5	1.825000E-5	-1.520000E-6	3.408000E-4	4.100000E-6	0.000000E+0	0.000000E+0	1.964247E-4	2.976042E-9	0.000000E+0	0.000000E+0	1.004022E+1	0.000000E+0	3.000000E+0
24-Apr-25	15:43:21	-0.000000E+0	-1.446150E-1	-9.000000E-5	1.822000E-5	-1.480000E-6	3.406500E-4	3.650000E-6	0.000000E+0	0.000000E+0	1.964247E-4	2.976042E-9	0.000000E+0	0.000000E+0	1.004022E+1	0.000000E+0	3.000000E+0
24-Apr-25	15:43:22	-0.000000E+0	-1.320050E-1	-9.000000E-5	1.814500E-5	-1.510000E-6	3.405000E-4	4.050000E-6	0.000000E+0	0.000000E+0	1.964247E-4	2.976042E-9	0.000000E+0	0.000000E+0	1.004022E+1	0.000000E+0	3.000000E+0
24-Apr-25	15:43:22	-0.000000E+0	-1.230200E-1	-9.000000E-5	1.818500E-5	-1.495000E-6	3.410500E-4	4.250000E-6	0.000000E+0	0.000000E+0	1.964247E-4	2.976042E-9	0.000000E+0	0.000000E+0	1.004022E+1	0.000000E+0	3.000000E+0
24-Apr-25	15:43:23	-0.000000E+0	-1.140550E-1	-9.000000E-5	1.811500E-5	-1.535000E-6	3.407500E-4	3.700000E-6	0.000000E+0	0.000000E+0	1.964247E-4	2.976042E-9	0.000000E+0	0.000000E+0	1.004022E+1	0.000000E+0	3.000000E+0
24-Apr-25	15:43:23	-0.000000E+0	-1.041800E-1	-9.000000E-5	1.811000E-5	-1.495000E-6	3.407500E-4	4.100000E-6	0.000000E+0	0.000000E+0	1.964247E-4	2.976042E-9	0.000000E+0	0.000000E+0	1.004022E+1	0.000000E+0	3.000000E+0
24-Apr-25	15:43:24	-0.000000E+0	-9.520000E-2	-9.000000E-5	1.811500E-5	-1.480000E-6	3.408500E-4	4.500000E-6	0.000000E+0	0.000000E+0	1.964247E-4	2.976042E-9	0.000000E+0	0.000000E+0	1.004022E+1	0.000000E+0	3.000000E+0
24-Apr-25	15:43:24	-0.000000E+0	-8.605500E-2	-9.000000E-5	1.801000E-5	-1.415000E-6	3.409000E-4	3.950000E-6	0.000000E+0	0.000000E+0	1.964247E-4	2.976042E-9	0.000000E+0	0.000000E+0	1.004022E+1	0.000000E+0	3.000000E+0
24-Apr-25	15:43:25	-0.000000E+0	-7.704500E-2	-9.000000E-5	1.805000E-5	-1.480000E-6	3.409000E-4	3.800000E-6	0.000000E+0	0.000000E+0	1.964247E-4	2.976042E-9	0.000000E+0	0.000000E+0	1.004022E+1	0.000000E+0	3.000000E+0
24-Apr-25	15:43:25	-0.000000E+0	-6.703500E-2	-9.000000E-5	1.805000E-5	-1.415000E-6	3.412500E-4	3.650000E-6	0.000000E+0	0.000000E+0	1.964247E-4	2.976042E-9	0.000000E+0	0.000000E+0	1.004022E+1	0.000000E+0	3.000000E+0
24-Apr-25	15:43:26	-0.000000E+0	-5.804000E-2	-9.000000E-5	1.800000E-5	-1.460000E-6	3.410500E-4	3.950000E-6	0.000000E+0	0.000000E+0	1.964247E-4	2.976042E-9	0.000000E+0	0.000000E+0	1.004022E+1	0.000000E+0	3.000000E+0
24-Apr-25	15:43:26	-0.000000E+0	-4.998500E-2	-9.000000E-5	1.800500E-5	-1.460000E-6	3.405000E-4	4.150000E-6	0.000000E+0	0.000000E+0	1.964247E-4	2.976042E-9	0.000000E+0	0.000000E+0	1.004022E+1	0.000000E+0	3.000000E+0
24-Apr-25	15:43:27	-0.000000E+0	-4.184500E-2	-9.000000E-5	1.797000E-5	-1.465000E-6	3.410500E-4	4.100000E-6	0.000000E+0	0.000000E+0	1.964247E-4	2.976042E-9	0.000000E+0	0.000000E+0	1.004022E+1	0.000000E+0	3.000000E+0
24-Apr-25	15:43:27	-0.000000E+0	-3.288500E-2	-9.000000E-5	1.800000E-5	-1.470000E-6	3.411000E-4	3.950000E-6	0.000000E+0	0.000000E+0	1.964247E-4	2.976042E-9	0.000000E+0	0.000000E+0	1.004022E+1	0.000000E+0	3.000000E+0
24-Apr-25	15:43:28	-0.000000E+0	-2.390000E-2	-9.000000E-5	1.796000E-5	-1.415000E-6	3.410500E-4	3.950000E-6	0.000000E+0	0.000000E+0	1.964247E-4	2.976042E-9	0.000000E+0	0.000000E+0	1.004022E+1	0.000000E+0	3.000000E+0
24-Apr-25	15:43:28	-0.000000E+0	-1.494000E-2	-9.000000E-5	1.793000E-5	-1.420000E-6	3.409000E-4	3.950000E-6	0.000000E+0	0.000000E+0	1.964247E-4	2.976042E-9	0.000000E+0	0.000000E+0	1.004022E+1	0.000000E+0	3.000000E+0
24-Apr-25	15:43:29	-0.000000E+0	-6.875000E-3	-9.000000E-5	1.786000E-5	-1.470000E-6	3.409500E-4	3.750000E-6	0.000000E+0	0.000000E+0	1.964247E-4	2.976042E-9	0.000000E+0	0.000000E+0	1.004022E+1	0.000000E+0	3.000000E+0
24-Apr-25	15:43:29	-0.000000E+0	2.030000E-3	-9.000000E-5	1.782000E-5	-1.500000E-6	3.408000E-4	4.050000E-6	0.000000E+0	0.000000E+0	1.964247E-4	2.976042E-9	0.000000E+0	0.000000E+0	1.004022E+1	0.000000E+0	3.000000E+0
24-Apr-25	15:43:30	-0.000000E+0	1.099500E-2	-9.000000E-5	1.785000E-5	-1.480000E-6	3.410500E-4	3.650000E-6	0.000000E+0	0.000000E+0	1.964247E-4	2.976042E-9	0.000000E+0	0.000000E+0	1.004022E+1	0.000000E+0	3.000000E+0
24-Apr-25	15:43:30	-0.000000E+0	1.909000E-2	-9.000000E-5	1.783500E-5	-1.505000E-6	3.405000E-4	3.550000E-6	0.000000E+0	0.000000E+0	1.964247E-4	2.976042E-9	0.000000E+0	0.000000E+0	1.004022E+1	0.000000E+0	3.000000E+0
24-Apr-25	15:43:31	-0.000000E+0	2.809000E-2	-9.000000E-5	1.784000E-5	-1.495000E-6	3.410500E-4	3.950000E-6	0.000000E+0	0.000000E+0	1.964247E-4	2.976042E-9	0.000000E+0	0.000000E+0	1.004022E+1	0.000000E+0	3.000000E+0
24-Apr-25	15:43:31	-0.000000E+0	3.706000E-2	-9.000000E-5	1.773000E-5	-1.535000E-6	3.410500E-4	4.350000E-6	0.000000E+0	0.000000E+0	1.964247E-4	2.976042E-9	0.000000E+0	0.000000E+0	1.004022E+1	0.000000E+0	3.000000E+0
24-Apr-25	15:43:32	-0.000000E+0	4.963500E-2	-9.000000E-5	1.772500E-5	-1.495000E-6	3.409000E-4	3.850000E-6	0.000000E+0	0.000000E+0	1.964247E-4	2.976042E-9	0.000000E+0	0.000000E+0	1.004022E+1	0.000000E+0	3.000000E+0
24-Apr-25	15:43:32	-0.000000E+0	5.869000E-2	-9.000000E-5	1.766000E-5	-1.455000E-6	3.407000E-4	4.150000E-6	0.000000E+0	0.000000E+0	1.964247E-4	2.976042E-9	0.000000E+0	0.000000E+0	1.004022E+1	0.000000E+0	3.000000E+0
24-Apr-25	15:43:33	-0.000000E+0	6.676000E-2	-9.000000E-5	1.765000E-5	-1.455000E-6	3.412500E-4	4.100000E-6	0.000000E+0	0.000000E+0	1.964247E-4	2.976042E-9	0.000000E+0	0.000000E+0	1.004022E+1	0.000000E+0	3.000000E+0
24-Apr-25	15:43:33	-0.000000E+0	7.575000E-2	-9.000000E-5	1.756000E-5	-1.435000E-6	3.413000E-4	4.050000E-6	0.000000E+0	0.000000E+0	1.964247E-4	2.976042E-9	0.000000E+0	0.000000E+0	1.004022E+1	0.000000E+0	3.000000E+0
24-Apr-25	15:43:34	-0.000000E+0	8.486000E-2	-9.000000E-5	1.754000E-5	-1.445000E-6	3.416000E-4	4.100000E-6	0.000000E+0	0.000000E+0	1.964247E-4	2.976042E-9	0.000000E+0	0.000000E+0	1.004022E+1	0.000000E+0	3.000000E+0
24-Apr-25	15:43:34	-0.000000E+0	9.400000E-2	-9.000000E-5	1.753000E-5	-1.445000E-6	3.414500E-4	3.800000E-6	0.000000E+0	0.000000E+0	1.964247E-4	2.976042E-9	0.000000E+0	0.000000E+0	1.004022E+1	0.000000E+0	3.000000E+0
24-Apr-25	15:43:35	-0.000000E+0	1.048200E-1	-9.000000E-5	1.751500E-5	-1.420000E-6	3.416000E-4	4.100000E-6	0.000000E+0	0.000000E+0	1.964247E-4	2.976042E-9	0.000000E+0	0.000000E+0	1.004022E+1	0.000000E+0	3.000000E+0
24-Apr-25	15:43:35	-0.000000E+0	1.137900E-1	-9.000000E-5	1.743500E-5	-1.440000E-6	3.411500E-4	3.950000E-6	0.000000E+0	0.000000E+0	1.964247E-4	2.976042E-9	0.000000E+0	0.000000E+0	1.004022E+1	0.000000E+0	3.000000E+0
24-Apr-25	15:43:36	-0.000000E+0	1.227800E-1	-9.000000E-5	1.742500E-5	-1.415000E-6	3.415000E-4	4.000000E-6	0.000000E+0	0.000000E+0	1.964247E-4	2.976042E-9	0.000000E+0	0.000000E+0	1.004022E+1	0.000000E+0	3.000000E+0
24-Apr-25	15:43:37	-0.000000E+0	1.344650E-1	-9.000000E-5	1.735000E-5	-1.435000E-6	3.413000E-4	4.100000E-6	0.000000E+0	0.000000E+0	1.964247E-4	2.976042E-9	0.000000E+0	0.000000E+0	1.004022E+1	0.000000E+0	3.000000E+0
24-Apr-25	15:43:37	-0.000000E+0	1.434200E-1	-9.000000E-5	1.734000E-5	-1.435000E-6	3.416500E-4	4.000000E-6	0.000000E+0	0.000000E+0	1.964247E-4	2.976042E-9	0.000000E+0	0.000000E+0	1.004022E+1	0.000000E+0	3.000000E+0
24-Apr-25	15:43:38	-0.000000E+0	1.524650E-1	-9.000000E-5	1.733500E-5	-1.425000E-6	3.415000E-4	3.650000E-6	0.000000E+0	0.000000E+0	1.964247E-4	2.976042E-9	0.000000E+0	0.000000E+0	1.004022E+1	0.000000E+0	3.000000E+0
24-Apr-25	15:43:38	-0.000000E+0	1.633800E-1	-9.000000E-5	1.733000E-5	-1.430000E-6	3.415000E-4	3.800000E-6	0.000000E+0	0.000000E+0	1.964247E-4	2.976042E-9	0.000000E+0	0.000000E+0	1.004022E+1	0.000000E+0	3.000000E+0
24-Apr-25	15:43:39	-0.000000E+0	1.733900E-1	-9.000000E-5	1.731000E-5	-1.415000E-6	3.414500E-4	4.400000E-6	0.000000E+0	0.000000E+0	1.964247E-4	2.976042E-9	0.000000E+0	0.000000E+0	1.004022E+1	0.000000E+0	3.000000E+0
24-Apr-25	15:43:39	-0.000000E+0	1.814600E-1	-9.000000E-5	1.725000E-5	-1.400000E-6	3.422000E-4	3.800000E-6	0.000000E+0	0.000000E+0	1.964247E-4	2.976042E-9	0.000000E+0	0.000000E+0	1.004022E+1	0.000000E+0	3.000000E+0
24-Apr-25	15:43:40	-0.000000E+0	1.913350E-1	-9.000000E-5	1.726000E-5	-1.445000E-6	3.413000E-4	4.000000E-6	0.000000E+0	0.000000E+0	1.964247E-4	2.976042E-9	0.000000E+0	0.000000E+0	1.004022E+1	0.000000E+0	3.000000E+0
24-Apr-25	15:43:40	-0.000000E+0	2.012700E-1	-9.000000E-5	1.719500E-5	-1.375000E-6	3.420000E-4	4.300000E-6	0.000000E+0	0.000000E+0	1.964247E-4	2.976042E-9	0.000000E+0	0.000000E+0	1.004022E+1	0.000000E+0	3.000000E+0
24-Apr-25	15:43:41	-0.000000E+0	2.111500E-1	-9.000000E-5	1.715000E-5	-1.425000E-6	3.421500E-4	3.250000E-6	0.000000E+0	0.000000E+0	1.964247E-4	2.976042E-9	0.000000E+0	0.000000E+0	1.004022E+1	0.000000E+0	3.000000E+0
24-Apr-25	15:43:41	-0.000000E+0	2.192500E-1	-9.000000E-5	1.713000E-5	-1.420000E-6	3.418500E-4	4.100000E-6	0.000000E+0	0.000000E+0	1.964247E-4	2.976042E-9	0.000000E+0	0.000000E+0	1.004022E+1	0.000000E+0	3.000000E+0
24-Apr-25	15:43:42	-0.000000E+0	2.283700E-1	-9.000000E-5	1.707000E-5	-1.455000E-6	3.420500E-4	4.100000E-6	0.000000E+0	0.000000E+0	1.964247E-4	2.976042E-9	0.000000E+0	0.000000E+0	1.004022E+1	0.000000E+0	3.000000E+0
24-Apr-25	15:43:42	-0.000000E+0	2.411150E-1	-9.000000E-5	1.705500E-5	-1.380000E-6	3.419000E-4	3.950000E-6	0.000000E+0	0.000000E+0	1.964247E-4	2.976042E-9	0.000000E+0	0.000000E+0	1.004022E+1	0.000000E+0	3.000000E+0
24-Apr-25	15:43:43	-0.000000E+0	2.501150E-1	-9.000000E-5	1.702500E-5	-1.375000E-6	3.420500E-4	3.950000E-6	0.000000E+0	0.000000E+0	1.964247E-4	2.976042E-9	0.000000E+0	0.000000E+0	1.004022E+1	0.000000E+0	3.000000E+0
24-Apr-25	15:43:44	-0.000000E+0	2.591050E-1	-9.000000E-5	1.703500E-5	-1.365000E-6	3.417500E-4	3.900000E-6	0.000000E+0	0.000000E+0	1.964247E-4	2.976042E-9	0.000000E+0	0.000000E+0	1.004022E+1	0.000000E+0	3.000000E+0
24-Apr-25	15:43:44	-0.000000E+0	2.716800E-1	-9.000000E-5	1.703000E-5	-1.370000E-6	3.420000E-4	4.150000E-6	0.000000E+0	0.000000E+0	1.964247E-4	2.976042E-9	0.000000E+0	0.000000E+0	1.004022E+1	0.000000E+0	3.000000E+0
24-Apr-25	15:43:45	-0.000000E+0	2.818350E-1	-9.000000E-5	1.691500E-5	-1.390000E-6	3.420500E-4	4.200000E-6	0.000000E+0	0.000000E+0	1.964247E-4	2.976042E-9	0.000000E+0	0.000000E+0	1.004022E+1	0.000000E+0	3.000000E+0
24-Apr-25	15:43:45	-0.000000E+0	2.908350E-1	-9.000000E-5	1.681000E-5	-1.365000E-6	3.417500E-4	4.000000E-6	0.000000E+0	0.000000E+0	1.964247E-4	2.976042E-9	0.000000E+0	0.000000E+0	1.004022E+1	0.000000E+0	3.000000E+0
24-Apr-25	15:43:46	-0.000000E+0	2.997050E-1	-9.000000E-5	1.680000E-5	-1.370000E-6	3.419000E-4	4.050000E-6	0.000000E+0	0.000000E+0	1.964247E-4	2.976042E-9	0.000000E+0	0.000000E+0	1.004022E+1	0.000000E+0	3.000000E+0
24-Apr-25	15:43:46	-0.000000E+0	3.086650E-1	-9.000000E-5	1.679500E-5	-1.375000E-6	3.421000E-4	3.850000E-6	0.000000E+0	0.000000E+0	1.964247E-4	2.976042E-9	0.000000E+0	0.000000E+0	1.004022E+1	0.000000E+0	3.000000E+0
24-Apr-25	15:43:47	-0.000000E+0	3.178050E-1	-9.000000E-5	1.677000E-5	-1.420000E-6	3.421500E-4	3.500000E-6	0.000000E+0	0.000000E+0	1.964247E-4	2.976042E-9	0.000000E+0	0.000000E+0	1.004022E+1	0.000000E+0	3.000000E+0
24-Apr-25	15:43:47	-0.000000E+0	3.267450E-1	-9.000000E-5	1.669500E-5	-1.385000E-6	3.429000E-4	4.050000E-6	0.000000E+0	0.000000E+0	1.964247E-4	2.976042E-9	0.000000E+0	0.000000E+0	1.004022E+1	0.000000E+0	3.000000E+0
24-Apr-25	15:43:48	-0.000000E+0	3.357800E-1	-9.000000E-5	1.668500E-5	-1.335000E-6	3.424500E-4	3.800000E-6	0.000000E+0	0.000000E+0	1.964247E-4	2.976042E-9	0.000000E+0	0.000000E+0	1.004022E+1	0.000000E+0	3.000000E+0
24-Apr-25	15:43:48	-0.000000E+0	3.456500E-1	-9.000000E-5	1.666000E-5	-1.425000E-6	3.423500E-4	4.250000E-6	0.000000E+0	0.000000E+0	1.964247E-4	2.976042E-9	0.000000E+0	0.000000E+0	1.004022E+1	0.000000E+0	3.000000E+0
24-Apr-25	15:43:49	-0.000000E+0	3.546500E-1	-9.000000E-5	1.669000E-5	-1.360000E-6	3.421500E-4	4.150000E-6	0.000000E+0	0.000000E+0	1.964247E-4	2.976042E-9	0.000000E+0	0.000000E+0	1.004022E+1	0.000000E+0	3.000000E+0
24-Apr-25	15:43:49	-0.000000E+0	3.636200E-1	-9.000000E-5	1.663000E-5	-1.355000E-6	3.422000E-4	4.100000E-6	0.000000E+0	0.000000E+0	1.964247E-4	2.976042E-9	0.000000E+0	0.000000E+0	1.004022E+1	0.000000E+0	3.000000E+0
24-Apr-25	15:43:50	-0.000000E+0	3.761550E-1	-9.000000E-5	1.655000E-5	-1.340000E-6	3.424000E-4	4.300000E-6	0.000000E+0	0.000000E+0	1.964247E-4	2.976042E-9	0.000000E+0	0.000000E+0	1.004022E+1	0.000000E+0	3.000000E+0
24-Apr-25	15:43:51	-0.000000E+0	3.860900E-1	-9.000000E-5	1.652000E-5	-1.330000E-6	3.423500E-4	4.400000E-6	0.000000E+0	0.000000E+0	1.964247E-4	2.976042E-9	0.000000E+0	0.000000E+0	1.004022E+1	0.000000E+0	3.000000E+0
24-Apr-25	15:43:51	-0.000000E+0	3.941800E-1	-9.000000E-5	1.654500E-5	-1.325000E-6	3.415500E-4	4.650000E-6	0.000000E+0	0.000000E+0	1.964247E-4	2.976042E-9	0.000000E+0	0.000000E+0	1.004022E+1	0.000000E+0	3.000000E+0
24-Apr-25	15:43:51	-0.000000E+0	4.031750E-1	-9.000000E-5	1.656000E-5	-1.305000E-6	3.421000E-4	3.650000E-6	0.000000E+0	0.000000E+0	1.964247E-4	2.976042E-9	0.000000E+0	0.000000E+0	1.004022E+1	0.000000E+0	3.000000E+0
24-Apr-25	15:43:52	-0.000000E+0	4.112700E-1	-9.000000E-5	1.650500E-5	-1.320000E-6	3.423500E-4	3.700000E-6	0.000000E+0	0.000000E+0	1.964247E-4	2.976042E-9	0.000000E+0	0.000000E+0	1.004022E+1	0.000000E+0	3.000000E+0
24-Apr-25	15:43:52	-0.000000E+0	4.202500E-1	-9.000000E-5	1.640500E-5	-1.345000E-6	3.425500E-4	3.950000E-6	0.000000E+0	0.000000E+0	1.964247E-4	2.976042E-9	0.000000E+0	0.000000E+0	1.004022E+1	0.000000E+0	3.000000E+0
24-Apr-25	15:43:53	-0.000000E+0	4.292600E-1	-9.000000E-5	1.639500E-5	-1.345000E-6	3.425500E-4	4.000000E-6	0.000000E+0	0.000000E+0	1.964247E-4	2.976042E-9	0.000000E+0	0.000000E+0	1.004022E+1	0.000000E+0	3.000000E+0
24-Apr-25	15:43:53	-0.000000E+0	4.382550E-1	-9.000000E-5	1.631500E-5	-1.350000E-6	3.424000E-4	3.900000E-6	0.000000E+0	0.000000E+0	1.964247E-4	2.976042E-9	0.000000E+0	0.000000E+0	1.004022E+1	0.000000E+0	3.000000E+0
24-Apr-25	15:43:54	-0.000000E+0	4.472500E-1	-9.000000E-5	1.629500E-5	-1.295000E-6	3.422500E-4	4.050000E-6	0.000000E+0	0.000000E+0	1.964247E-4	2.976042E-9	0.000000E+0	0.000000E+0	1.004022E+1	0.000000E+0	3.000000E+0
24-Apr-25	15:43:55	-0.000000E+0	4.601150E-1	-9.000000E-5	1.628500E-5	-1.320000E-6	3.423000E-4	3.650000E-6	0.000000E+0	0.000000E+0	1.964247E-4	2.976042E-9	0.000000E+0	0.000000E+0	1.004022E+1	0.000000E+0	3.000000E+0
24-Apr-25	15:43:55	-0.000000E+0	4.690750E-1	-9.000000E-5	1.626000E-5	-1.340000E-6	3.424000E-4	3.800000E-6	0.000000E+0	0.000000E+0	1.964247E-4	2.976042E-9	0.000000E+0	0.000000E+0	1.004022E+1	0.000000E+0	3.000000E+0
24-Apr-25	15:43:56	-0.000000E+0	4.789900E-1	-9.000000E-5	1.623000E-5	-1.300000E-6	3.425000E-4	4.050000E-6	0.000000E+0	0.000000E+0	1.964247E-4	2.976042E-9	0.000000E+0	0.000000E+0	1.004022E+1	0.000000E+0	3.000000E+0
24-Apr-25	15:43:56	-0.000000E+0	4.888900E-1	-9.000000E-5	1.616000E-5	-1.305000E-6	3.426000E-4	4.450000E-6	0.000000E+0	0.000000E+0	1.964247E-4	2.976042E-9	0.000000E+0	0.000000E+0	1.004022E+1	0.000000E+0	3.000000E+0
24-Apr-25	15:43:57	-0.000000E+0	4.978550E-1	-9.000000E-5	1.610500E-5	-1.290000E-6	3.427000E-4	3.700000E-6	0.000000E+0	0.000000E+0	1.964247E-4	2.976042E-9	0.000000E+0	0.000000E+0	1.004022E+1	0.000000E+0	3.000000E+0
24-Apr-25	15:43:57	-0.000000E+0	5.095150E-1	-9.000000E-5	1.609000E-5	-1.325000E-6	3.426000E-4	3.950000E-6	0.000000E+0	0.000000E+0	1.964247E-4	2.976042E-9	0.000000E+0	0.000000E+0	1.004022E+1	0.000000E+0	3.000000E+0
24-Apr-25	15:43:58	-0.000000E+0	5.185300E-1	-9.000000E-5	1.601000E-5	-1.360000E-6	3.425500E-4	4.200000E-6	0.000000E+0	0.000000E+0	1.964247E-4	2.976042E-9	0.000000E+0	0.000000E+0	1.004022E+1	0.000000E+0	3.000000E+0
24-Apr-25	15:43:58	-0.000000E+0	5.267750E-1	-9.000000E-5	1.599500E-5	-1.315000E-6	3.422000E-4	3.800000E-6	0.000000E+0	0.000000E+0	1.964247E-4	2.976042E-9	0.000000E+0	0.000000E+0	1.004022E+1	0.000000E+0	3.000000E+0
24-Apr-25	15:43:59	-0.000000E+0	5.347300E-1	-9.000000E-5	1.599000E-5	-1.290000E-6	3.428500E-4	4.200000E-6	0.000000E+0	0.000000E+0	1.964247E-4	2.976042E-9	0.000000E+0	0.000000E+0	1.004022E+1	0.000000E+0	3.000000E+0
24-Apr-25	15:43:59	-0.000000E+0	5.439800E-1	-9.000000E-5	1.596500E-5	-1.305000E-6	3.425000E-4	3.750000E-6	0.000000E+0	0.000000E+0	1.964247E-4	2.976042E-9	0.000000E+0	0.000000E+0	1.004022E+1	0.000000E+0	3.000000E+0
24-Apr-25	15:44:00	-0.000000E+0	5.529700E-1	-9.000000E-5	1.595500E-5	-1.300000E-6	3.429000E-4	4.200000E-6	0.000000E+0	0.000000E+0	1.964247E-4	2.976042E-9	0.000000E+0	0.000000E+0	1.004022E+1	0.000000E+0	3.000000E+0
24-Apr-25	15:44:00	-0.000000E+0	5.619250E-1	-9.000000E-5	1.590000E-5	-1.280000E-6	3.420500E-4	5.000000E-6	0.000000E+0	0.000000E+0	1.964247E-4	2.976042E-9	0.000000E+0	0.000000E+0	1.004022E+1	0.000000E+0	3.000000E+0
24-Apr-25	15:44:01	-0.000000E+0	5.707550E-1	-9.000000E-5	1.587000E-5	-1.315000E-6	3.433500E-4	4.100000E-6	0.000000E+0	0.000000E+0	1.964247E-4	2.976042E-9	0.000000E+0	0.000000E+0	1.004022E+1	0.000000E+0	3.000000E+0
24-Apr-25	15:44:01	-0.000000E+0	5.799250E-1	-9.000000E-5	1.583500E-5	-1.345000E-6	3.428000E-4	3.800000E-6	0.000000E+0	0.000000E+0	1.964247E-4	2.976042E-9	0.000000E+0	0.000000E+0	1.004022E+1	0.000000E+0	3.000000E+0
24-Apr-25	15:44:02	-0.000000E+0	5.880150E-1	-9.000000E-5	1.581000E-5	-1.295000E-6	3.426500E-4	3.500000E-6	0.000000E+0	0.000000E+0	1.964247E-4	2.976042E-9	0.000000E+0	0.000000E+0	1.004022E+1	0.000000E+0	3.000000E+0
24-Apr-25	15:44:02	-0.000000E+0	5.961100E-1	-9.000000E-5	1.580500E-5	-1.305000E-6	3.427500E-4	3.950000E-6	0.000000E+0	0.000000E+0	1.964247E-4	2.976042E-9	0.000000E+0	0.000000E+0	1.004022E+1	0.000000E+0	3.000000E+0
24-Apr-25	15:44:03	-0.000000E+0	6.050700E-1	-9.000000E-5	1.581500E-5	-1.325000E-6	3.432000E-4	4.250000E-6	0.000000E+0	0.000000E+0	1.964247E-4	2.976042E-9	0.000000E+0	0.000000E+0	1.004022E+1	0.000000E+0	3.000000E+0
24-Apr-25	15:44:04	-0.000000E+0	6.176850E-1	-9.000000E-5	1.573500E-5	-1.310000E-6	3.427500E-4	4.350000E-6	0.000000E+0	0.000000E+0	1.964247E-4	2.976042E-9	0.000000E+0	0.000000E+0	1.004022E+1	0.000000E+0	3.000000E+0
24-Apr-25	15:44:04	-0.000000E+0	6.287650E-1	-9.000000E-5	1.570500E-5	-1.275000E-6	3.436000E-4	3.750000E-6	0.000000E+0	0.000000E+0	1.964247E-4	2.976042E-9	0.000000E+0	0.000000E+0	1.004022E+1	0.000000E+0	3.000000E+0
24-Apr-25	15:44:05	-0.000000E+0	6.395200E-1	-9.000000E-5	1.566500E-5	-1.295000E-6	3.433000E-4	3.650000E-6	0.000000E+0	0.000000E+0	1.964247E-4	2.976042E-9	0.000000E+0	0.000000E+0	1.004022E+1	0.000000E+0	3.000000E+0
24-Apr-25	15:44:05	-0.000000E+0	6.485250E-1	-9.000000E-5	1.564000E-5	-1.245000E-6	3.429000E-4	4.450000E-6	0.000000E+0	0.000000E+0	1.964247E-4	2.976042E-9	0.000000E+0	0.000000E+0	1.004022E+1	0.000000E+0	3.000000E+0
24-Apr-25	15:44:06	-0.000000E+0	6.565550E-1	-9.000000E-5	1.567500E-5	-1.225000E-6	3.428500E-4	4.200000E-6	0.000000E+0	0.000000E+0	1.964247E-4	2.976042E-9	0.000000E+0	0.000000E+0	1.004022E+1	0.000000E+0	3.000000E+0
24-Apr-25	15:44:06	-0.000000E+0	6.646900E-1	-9.000000E-5	1.556000E-5	-1.210000E-6	3.433500E-4	4.450000E-6	0.000000E+0	0.000000E+0	1.964247E-4	2.976042E-9	0.000000E+0	0.000000E+0	1.004022E+1	0.000000E+0	3.000000E+0
24-Apr-25	15:44:07	-0.000000E+0	6.736850E-1	-9.000000E-5	1.553000E-5	-1.245000E-6	3.432000E-4	4.100000E-6	0.000000E+0	0.000000E+0	1.964247E-4	2.976042E-9	0.000000E+0	0.000000E+0	1.004022E+1	0.000000E+0	3.000000E+0
24-Apr-25	15:44:07	-0.000000E+0	6.826800E-1	-9.000000E-5	1.547000E-5	-1.245000E-6	3.437000E-4	3.700000E-6	0.000000E+0	0.000000E+0	1.964247E-4	2.976042E-9	0.000000E+0	0.000000E+0	1.004022E+1	0.000000E+0	3.000000E+0
24-Apr-25	15:44:08	-0.000000E+0	6.916550E-1	-9.000000E-5	1.542500E-5	-1.275000E-6	3.437500E-4	3.950000E-6	0.000000E+0	0.000000E+0	1.964247E-4	2.976042E-9	0.000000E+0	0.000000E+0	1.004022E+1	0.000000E+0	3.000000E+0
24-Apr-25	15:44:08	-0.000000E+0	7.006400E-1	-9.000000E-5	1.537000E-5	-1.250000E-6	3.432000E-4	3.950000E-6	0.000000E+0	0.000000E+0	1.964247E-4	2.976042E-9	0.000000E+0	0.000000E+0	1.004022E+1	0.000000E+0	3.000000E+0
24-Apr-25	15:44:09	-0.000000E+0	7.096050E-1	-9.000000E-5	1.533000E-5	-1.260000E-6	3.436500E-4	3.950000E-6	0.000000E+0	0.000000E+0	1.964247E-4	2.976042E-9	0.000000E+0	0.000000E+0	1.004022E+1	0.000000E+0	3.000000E+0
24-Apr-25	15:44:09	-0.000000E+0	7.204050E-1	-9.000000E-5	1.530500E-5	-1.295000E-6	3.433500E-4	4.000000E-6	0.000000E+0	0.000000E+0	1.964247E-4	2.976042E-9	0.000000E+0	0.000000E+0	1.004022E+1	0.000000E+0	3.000000E+0
24-Apr-25	15:44:10	-0.000000E+0	7.332700E-1	-9.000000E-5	1.528500E-5	-1.250000E-6	3.429500E-4	3.850000E-6	0.000000E+0	0.000000E+0	1.964247E-4	2.976042E-9	0.000000E+0	0.000000E+0	1.004022E+1	0.000000E+0	3.000000E+0
24-Apr-25	15:44:10	-0.000000E+0	7.422450E-1	-9.000000E-5	1.523000E-5	-1.225000E-6	3.435000E-4	4.100000E-6	0.000000E+0	0.000000E+0	1.964247E-4	2.976042E-9	0.000000E+0	0.000000E+0	1.004022E+1	0.000000E+0	3.000000E+0
24-Apr-25	15:44:11	-0.000000E+0	7.511950E-1	-9.000000E-5	1.511000E-5	-1.240000E-6	3.436000E-4	4.100000E-6	0.000000E+0	0.000000E+0	1.964247E-4	2.976042E-9	0.000000E+0	0.000000E+0	1.004022E+1	0.000000E+0	3.000000E+0
24-Apr-25	15:44:11	-0.000000E+0	7.602150E-1	-9.000000E-5	1.506000E-5	-1.265000E-6	3.440500E-4	3.750000E-6	0.000000E+0	0.000000E+0	1.964247E-4	2.976042E-9	0.000000E+0	0.000000E+0	1.004022E+1	0.000000E+0	3.000000E+0
24-Apr-25	15:44:12	-0.000000E+0	7.688950E-1	-9.000000E-5	1.503000E-5	-1.230000E-6	3.433000E-4	4.100000E-6	0.000000E+0	0.000000E+0	1.964247E-4	2.976042E-9	0.000000E+0	0.000000E+0	1.004022E+1	0.000000E+0	3.000000E+0
24-Apr-25	15:44:12	-0.000000E+0	7.782000E-1	-9.000000E-5	1.496500E-5	-1.205000E-6	3.440500E-4	3.600000E-6	0.000000E+0	0.000000E+0	1.964247E-4	2.976042E-9	0.000000E+0	0.000000E+0	1.004022E+1	0.000000E+0	3.000000E+0
24-Apr-25	15:44:13	-0.000000E+0	7.862950E-1	-9.000000E-5	1.493000E-5	-1.235000E-6	3.435500E-4	3.750000E-6	0.000000E+0	0.000000E+0	1.964247E-4	2.976042E-9	0.000000E+0	0.000000E+0	1.004022E+1	0.000000E+0	3.000000E+0
24-Apr-25	15:44:13	-0.000000E+0	7.952700E-1	-9.000000E-5	1.496000E-5	-1.225000E-6	3.436500E-4	3.600000E-6	0.000000E+0	0.000000E+0	1.964247E-4	2.976042E-9	0.000000E+0	0.000000E+0	1.004022E+1	0.000000E+0	3.000000E+0
24-Apr-25	15:44:14	-0.000000E+0	8.042500E-1	-9.000000E-5	1.491500E-5	-1.235000E-6	3.436000E-4	4.150000E-6	0.000000E+0	0.000000E+0	1.964247E-4	2.976042E-9	0.000000E+0	0.000000E+0	1.004022E+1	0.000000E+0	3.000000E+0
24-Apr-25	15:44:14	-0.000000E+0	8.141950E-1	-9.000000E-5	1.488000E-5	-1.220000E-6	3.439000E-4	3.500000E-6	0.000000E+0	0.000000E+0	1.964247E-4	2.976042E-9	0.000000E+0	0.000000E+0	1.004022E+1	0.000000E+0	3.000000E+0
24-Apr-25	15:44:15	-0.000000E+0	8.231600E-1	-9.000000E-5	1.481000E-5	-1.235000E-6	3.438000E-4	3.400000E-6	0.000000E+0	0.000000E+0	1.964247E-4	2.976042E-9	0.000000E+0	0.000000E+0	1.004022E+1	0.000000E+0	3.000000E+0
24-Apr-25	15:44:15	-0.000000E+0	8.330400E-1	-9.000000E-5	1.478500E-5	-1.205000E-6	3.439500E-4	4.400000E-6	0.000000E+0	0.000000E+0	1.964247E-4	2.976042E-9	0.000000E+0	0.000000E+0	1.004022E+1	0.000000E+0	3.000000E+0
24-Apr-25	15:44:16	-0.000000E+0	8.420300E-1	-9.000000E-5	1.475500E-5	-1.160000E-6	3.439000E-4	3.650000E-6	0.000000E+0	0.000000E+0	1.964247E-4	2.976042E-9	0.000000E+0	0.000000E+0	1.004022E+1	0.000000E+0	3.000000E+0
24-Apr-25	15:44:16	-0.000000E+0	8.500950E-1	-9.000000E-5	1.478000E-5	-1.205000E-6	3.442500E-4	3.200000E-6	0.000000E+0	0.000000E+0	1.964247E-4	2.976042E-9	0.000000E+0	0.000000E+0	1.004022E+1	0.000000E+0	3.000000E+0
24-Apr-25	15:44:17	-0.000000E+0	8.591200E-1	-9.000000E-5	1.471500E-5	-1.220000E-6	3.440500E-4	4.100000E-6	0.000000E+0	0.000000E+0	1.964247E-4	2.976042E-9	0.000000E+0	0.000000E+0	1.004022E+1	0.000000E+0	3.000000E+0
24-Apr-25	15:44:17	-0.000000E+0	8.672050E-1	-9.000000E-5	1.464500E-5	-1.175000E-6	3.440500E-4	3.700000E-6	0.000000E+0	0.000000E+0	1.964247E-4	2.976042E-9	0.000000E+0	0.000000E+0	1.004022E+1	0.000000E+0	3.000000E+0
24-Apr-25	15:44:18	-0.000000E+0	8.761900E-1	-9.000000E-5	1.462000E-5	-1.165000E-6	3.446000E-4	4.250000E-6	0.000000E+0	0.000000E+0	1.964247E-4	2.976042E-9	0.000000E+0	0.000000E+0	1.004022E+1	0.000000E+0	3.000000E+0
24-Apr-25	15:44:18	-0.000000E+0	8.851750E-1	-9.000000E-5	1.457000E-5	-1.185000E-6	3.447000E-4	4.500000E-6	0.000000E+0	0.000000E+0	1.964247E-4	2.976042E-9	0.000000E+0	0.000000E+0	1.004022E+1	0.000000E+0	3.000000E+0
24-Apr-25	15:44:19	-0.000000E+0	8.950600E-1	-9.000000E-5	1.457500E-5	-1.195000E-6	3.441000E-4	3.800000E-6	0.000000E+0	0.000000E+0	1.964247E-4	2.976042E-9	0.000000E+0	0.000000E+0	1.004022E+1	0.000000E+0	3.000000E+0
24-Apr-25	15:44:19	-0.000000E+0	9.040350E-1	-9.000000E-5	1.455500E-5	-1.215000E-6	3.451500E-4	4.400000E-6	0.000000E+0	0.000000E+0	1.964247E-4	2.976042E-9	0.000000E+0	0.000000E+0	1.004022E+1	0.000000E+0	3.000000E+0
24-Apr-25	15:44:20	-0.000000E+0	9.130650E-1	-9.000000E-5	1.451000E-5	-1.205000E-6	3.440500E-4	4.550000E-6	0.000000E+0	0.000000E+0	1.964247E-4	2.976042E-9	0.000000E+0	0.000000E+0	1.004022E+1	0.000000E+0	3.000000E+0
24-Apr-25	15:44:20	-0.000000E+0	9.220150E-1	-9.000000E-5	1.448500E-5	-1.160000E-6	3.436000E-4	3.750000E-6	0.000000E+0	0.000000E+0	1.964247E-4	2.976042E-9	0.000000E+0	0.000000E+0	1.004022E+1	0.000000E+0	3.000000E+0
24-Apr-25	15:44:21	-0.000000E+0	9.313050E-1	-9.000000E-5	1.452000E-5	-1.170000E-6	3.447000E-4	3.950000E-6	0.000000E+0	0.000000E+0	1.964247E-4	2.976042E-9	0.000000E+0	0.000000E+0	1.004022E+1	0.000000E+0	3.000000E+0
24-Apr-25	15:44:21	-0.000000E+0	9.402650E-1	-9.000000E-5	1.443500E-5	-1.210000E-6	3.442000E-4	4.100000E-6	0.000000E+0	0.000000E+0	1.964247E-4	2.976042E-9	0.000000E+0	0.000000E+0	1.004022E+1	0.000000E+0	3.000000E+0
24-Apr-25	15:44:22	-0.000000E+0	9.528650E-1	-9.000000E-5	1.437000E-5	-1.160000E-6	3.441000E-4	3.650000E-6	0.000000E+0	0.000000E+0	1.964247E-4	2.976042E-9	0.000000E+0	0.000000E+0	1.004022E+1	0.000000E+0	3.000000E+0
24-Apr-25	15:44:23	-0.000000E+0	9.636650E-1	-9.000000E-5	1.431500E-5	-1.215000E-6	3.443000E-4	4.000000E-6	0.000000E+0	0.000000E+0	1.964247E-4	2.976042E-9	0.000000E+0	0.000000E+0	1.004022E+1	0.000000E+0	3.000000E+0
24-Apr-25	15:44:23	-0.000000E+0	9.726400E-1	-9.000000E-5	1.429500E-5	-1.225000E-6	3.447500E-4	4.300000E-6	0.000000E+0	0.000000E+0	1.964247E-4	2.976042E-9	0.000000E+0	0.000000E+0	1.004022E+1	0.000000E+0	3.000000E+0
24-Apr-25	15:44:24	-0.000000E+0	9.855100E-1	-9.000000E-5	1.426500E-5	-1.155000E-6	3.441000E-4	4.100000E-6	0.000000E+0	0.000000E+0	1.964247E-4	2.976042E-9	0.000000E+0	0.000000E+0	1.004022E+1	0.000000E+0	3.000000E+0
24-Apr-25	15:44:25	-0.000000E+0	9.945100E-1	-9.000000E-5	1.424000E-5	-1.160000E-6	3.450000E-4	4.000000E-6	0.000000E+0	0.000000E+0	1.964247E-4	2.976042E-9	0.000000E+0	0.000000E+0	1.004022E+1	0.000000E+0	3.000000E+0
24-Apr-25	15:44:25	-0.000000E+0	1.007120E+0	-9.000000E-5	1.418000E-5	-1.150000E-6	3.442500E-4	4.000000E-6	0.000000E+0	0.000000E+0	1.964247E-4	2.976042E-9	0.000000E+0	0.000000E+0	1.004022E+1	0.000000E+0	3.000000E+0
24-Apr-25	15:44:26	-0.000000E+0	1.019675E+0	-9.000000E-5	1.414500E-5	-1.140000E-6	3.449500E-4	3.450000E-6	0.000000E+0	0.000000E+0	1.964247E-4	2.976042E-9	0.000000E+0	0.000000E+0	1.004022E+1	0.000000E+0	3.000000E+0
24-Apr-25	15:44:26	-0.000000E+0	1.028665E+0	-9.000000E-5	1.408500E-5	-1.105000E-6	3.453000E-4	3.250000E-6	0.000000E+0	0.000000E+0	1.964247E-4	2.976042E-9	0.000000E+0	0.000000E+0	1.004022E+1	0.000000E+0	3.000000E+0
24-Apr-25	15:44:27	-0.000000E+0	1.038840E+0	-9.000000E-5	1.408000E-5	-1.145000E-6	3.437500E-4	3.900000E-6	0.000000E+0	0.000000E+0	1.964247E-4	2.976042E-9	0.000000E+0	0.000000E+0	1.004022E+1	0.000000E+0	3.000000E+0
24-Apr-25	15:44:27	-0.000000E+0	1.047825E+0	-9.000000E-5	1.406500E-5	-1.155000E-6	3.443000E-4	4.500000E-6	0.000000E+0	0.000000E+0	1.964247E-4	2.976042E-9	0.000000E+0	0.000000E+0	1.004022E+1	0.000000E+0	3.000000E+0
24-Apr-25	15:44:28	-0.000000E+0	1.057735E+0	-9.000000E-5	1.397500E-5	-1.145000E-6	3.453500E-4	3.400000E-6	0.000000E+0	0.000000E+0	1.964247E-4	2.976042E-9	0.000000E+0	0.000000E+0	1.004022E+1	0.000000E+0	3.000000E+0
24-Apr-25	15:44:28	-0.000000E+0	1.066685E+0	-9.000000E-5	1.392000E-5	-1.150000E-6	3.449000E-4	3.850000E-6	0.000000E+0	0.000000E+0	1.964247E-4	2.976042E-9	0.000000E+0	0.000000E+0	1.004022E+1	0.000000E+0	3.000000E+0
24-Apr-25	15:44:29	-0.000000E+0	1.075700E+0	-9.000000E-5	1.388500E-5	-1.130000E-6	3.451500E-4	4.250000E-6	0.000000E+0	0.000000E+0	1.964247E-4	2.976042E-9	0.000000E+0	0.000000E+0	1.004022E+1	0.000000E+0	3.000000E+0
24-Apr-25	15:44:30	-0.000000E+0	1.084660E+0	-9.000000E-5	1.385500E-5	-1.165000E-6	3.448000E-4	4.450000E-6	0.000000E+0	0.000000E+0	1.964247E-4	2.976042E-9	0.000000E+0	0.000000E+0	1.004022E+1	0.000000E+0	3.000000E+0
24-Apr-25	15:44:30	-0.000000E+0	1.094560E+0	-9.000000E-5	1.382000E-5	-1.170000E-6	3.449500E-4	4.250000E-6	0.000000E+0	0.000000E+0	1.964247E-4	2.976042E-9	0.000000E+0	0.000000E+0	1.004022E+1	0.000000E+0	3.000000E+0
24-Apr-25	15:44:31	-0.000000E+0	1.103720E+0	-9.000000E-5	1.380500E-5	-1.160000E-6	3.454500E-4	3.800000E-6	0.000000E+0	0.000000E+0	1.964247E-4	2.976042E-9	0.000000E+0	0.000000E+0	1.004022E+1	0.000000E+0	3.000000E+0
24-Apr-25	15:44:31	-0.000000E+0	1.112820E+0	-9.000000E-5	1.375000E-5	-1.135000E-6	3.446500E-4	4.350000E-6	0.000000E+0	0.000000E+0	1.964247E-4	2.976042E-9	0.000000E+0	0.000000E+0	1.004022E+1	0.000000E+0	3.000000E+0
24-Apr-25	15:44:32	-0.000000E+0	1.121800E+0	-9.000000E-5	1.367500E-5	-1.110000E-6	3.452000E-4	4.050000E-6	0.000000E+0	0.000000E+0	1.964247E-4	2.976042E-9	0.000000E+0	0.000000E+0	1.004022E+1	0.000000E+0	3.000000E+0
24-Apr-25	15:44:32	-0.000000E+0	1.129835E+0	-9.000000E-5	1.366500E-5	-1.055000E-6	3.444500E-4	3.700000E-6	0.000000E+0	0.000000E+0	1.964247E-4	2.976042E-9	0.000000E+0	0.000000E+0	1.004022E+1	0.000000E+0	3.000000E+0
24-Apr-25	15:44:32	-0.000000E+0	1.138875E+0	-9.000000E-5	1.368000E-5	-1.165000E-6	3.456000E-4	4.200000E-6	0.000000E+0	0.000000E+0	1.964247E-4	2.976042E-9	0.000000E+0	0.000000E+0	1.004022E+1	0.000000E+0	3.000000E+0
24-Apr-25	15:44:33	-0.000000E+0	1.146980E+0	-9.000000E-5	1.362500E-5	-1.215000E-6	3.450000E-4	3.950000E-6	0.000000E+0	0.000000E+0	1.964247E-4	2.976042E-9	0.000000E+0	0.000000E+0	1.004022E+1	0.000000E+0	3.000000E+0
24-Apr-25	15:44:34	-0.000000E+0	1.155960E+0	-9.000000E-5	1.360500E-5	-1.110000E-6	3.453000E-4	4.200000E-6	0.000000E+0	0.000000E+0	1.964247E-4	2.976042E-9	0.000000E+0	0.000000E+0	1.004022E+1	0.000000E+0	3.000000E+0
24-Apr-25	15:44:34	-0.000000E+0	1.169460E+0	-9.000000E-5	1.353500E-5	-1.095000E-6	3.454000E-4	4.100000E-6	0.000000E+0	0.000000E+0	1.964247E-4	2.976042E-9	0.000000E+0	0.000000E+0	1.004022E+1	0.000000E+0	3.000000E+0
24-Apr-25	15:44:35	-0.000000E+0	1.179330E+0	-9.000000E-5	1.355500E-5	-1.090000E-6	3.451500E-4	4.150000E-6	0.000000E+0	0.000000E+0	1.964247E-4	2.976042E-9	0.000000E+0	0.000000E+0	1.004022E+1	0.000000E+0	3.000000E+0
24-Apr-25	15:44:35	-0.000000E+0	1.187440E+0	-9.000000E-5	1.351500E-5	-1.115000E-6	3.453000E-4	3.850000E-6	0.000000E+0	0.000000E+0	1.964247E-4	2.976042E-9	0.000000E+0	0.000000E+0	1.004022E+1	0.000000E+0	3.000000E+0
24-Apr-25	15:44:36	-0.000000E+0	1.196435E+0	-9.000000E-5	1.345500E-5	-1.105000E-6	3.457000E-4	3.700000E-6	0.000000E+0	0.000000E+0	1.964247E-4	2.976042E-9	0.000000E+0	0.000000E+0	1.004022E+1	0.000000E+0	3.000000E+0
24-Apr-25	15:44:36	-0.000000E+0	1.205420E+0	-9.000000E-5	1.339000E-5	-1.075000E-6	3.457500E-4	4.100000E-6	0.000000E+0	0.000000E+0	1.964247E-4	2.976042E-9	0.000000E+0	0.000000E+0	1.004022E+1	0.000000E+0	3.000000E+0
24-Apr-25	15:44:37	-0.000000E+0	1.214380E+0	-9.000000E-5	1.338000E-5	-1.115000E-6	3.459000E-4	4.050000E-6	0.000000E+0	0.000000E+0	1.964247E-4	2.976042E-9	0.000000E+0	0.000000E+0	1.004022E+1	0.000000E+0	3.000000E+0
24-Apr-25	15:44:37	-0.000000E+0	1.227120E+0	-9.000000E-5	1.333000E-5	-1.065000E-6	3.458500E-4	4.000000E-6	0.000000E+0	0.000000E+0	1.964247E-4	2.976042E-9	0.000000E+0	0.000000E+0	1.004022E+1	0.000000E+0	3.000000E+0
24-Apr-25	15:44:38	-0.000000E+0	1.237155E+0	-9.000000E-5	1.329500E-5	-1.095000E-6	3.457500E-4	3.900000E-6	0.000000E+0	0.000000E+0	1.964247E-4	2.976042E-9	0.000000E+0	0.000000E+0	1.004022E+1	0.000000E+0	3.000000E+0
24-Apr-25	15:44:38	-0.000000E+0	1.246150E+0	-9.000000E-5	1.326500E-5	-1.100000E-6	3.451500E-4	4.400000E-6	0.000000E+0	0.000000E+0	1.964247E-4	2.976042E-9	0.000000E+0	0.000000E+0	1.004022E+1	0.000000E+0	3.000000E+0
24-Apr-25	15:44:39	-0.000000E+0	1.255120E+0	-9.000000E-5	1.325500E-5	-1.040000E-6	3.456000E-4	3.650000E-6	0.000000E+0	0.000000E+0	1.964247E-4	2.976042E-9	0.000000E+0	0.000000E+0	1.004022E+1	0.000000E+0	3.000000E+0
24-Apr-25	15:44:39	-0.000000E+0	1.264125E+0	-9.000000E-5	1.318000E-5	-1.060000E-6	3.455000E-4	4.650000E-6	0.000000E+0	0.000000E+0	1.964247E-4	2.976042E-9	0.000000E+0	0.000000E+0	1.004022E+1	0.000000E+0	3.000000E+0
24-Apr-25	15:44:40	-0.000000E+0	1.273100E+0	-9.000000E-5	1.311000E-5	-1.105000E-6	3.457000E-4	4.250000E-6	0.000000E+0	0.000000E+0	1.964247E-4	2.976042E-9	0.000000E+0	0.000000E+0	1.004022E+1	0.000000E+0	3.000000E+0
24-Apr-25	15:44:41	-0.000000E+0	1.283005E+0	-9.000000E-5	1.312500E-5	-1.080000E-6	3.458500E-4	4.050000E-6	0.000000E+0	0.000000E+0	1.964247E-4	2.976042E-9	0.000000E+0	0.000000E+0	1.004022E+1	0.000000E+0	3.000000E+0
24-Apr-25	15:44:41	-0.000000E+0	1.296455E+0	-9.000000E-5	1.309000E-5	-1.080000E-6	3.457500E-4	4.400000E-6	0.000000E+0	0.000000E+0	1.964247E-4	2.976042E-9	0.000000E+0	0.000000E+0	1.004022E+1	0.000000E+0	3.000000E+0
24-Apr-25	15:44:42	-0.000000E+0	1.305440E+0	-9.000000E-5	1.302500E-5	-1.055000E-6	3.454500E-4	4.200000E-6	0.000000E+0	0.000000E+0	1.964247E-4	2.976042E-9	0.000000E+0	0.000000E+0	1.004022E+1	0.000000E+0	3.000000E+0
24-Apr-25	15:44:42	-0.000000E+0	1.313505E+0	-9.000000E-5	1.300000E-5	-1.000000E-6	3.453000E-4	3.850000E-6	0.000000E+0	0.000000E+0	1.964247E-4	2.976042E-9	0.000000E+0	0.000000E+0	1.004022E+1	0.000000E+0	3.000000E+0
24-Apr-25	15:44:43	-0.000000E+0	1.322505E+0	-9.000000E-5	1.298000E-5	-1.010000E-6	3.454500E-4	3.550000E-6	0.000000E+0	0.000000E+0	1.964247E-4	2.976042E-9	0.000000E+0	0.000000E+0	1.004022E+1	0.000000E+0	3.000000E+0
24-Apr-25	15:44:43	-0.000000E+0	1.331490E+0	-9.000000E-5	1.294500E-5	-1.020000E-6	3.459500E-4	3.800000E-6	0.000000E+0	0.000000E+0	1.964247E-4	2.976042E-9	0.000000E+0	0.000000E+0	1.004022E+1	0.000000E+0	3.000000E+0
24-Apr-25	15:44:44	-0.000000E+0	1.340530E+0	-9.000000E-5	1.293500E-5	-1.055000E-6	3.454000E-4	3.950000E-6	0.000000E+0	0.000000E+0	1.964247E-4	2.976042E-9	0.000000E+0	0.000000E+0	1.004022E+1	0.000000E+0	3.000000E+0
24-Apr-25	15:44:44	-0.000000E+0	1.349475E+0	-9.000000E-5	1.292500E-5	-1.000000E-6	3.460000E-4	3.550000E-6	0.000000E+0	0.000000E+0	1.964247E-4	2.976042E-9	0.000000E+0	0.000000E+0	1.004022E+1	0.000000E+0	3.000000E+0
24-Apr-25	15:44:45	-0.000000E+0	1.362365E+0	-9.000000E-5	1.285500E-5	-1.095000E-6	3.459000E-4	3.500000E-6	0.000000E+0	0.000000E+0	1.964247E-4	2.976042E-9	0.000000E+0	0.000000E+0	1.004022E+1	0.000000E+0	3.000000E+0
24-Apr-25	15:44:46	-0.000000E+0	1.371350E+0	-9.000000E-5	1.278000E-5	-1.065000E-6	3.461500E-4	3.650000E-6	0.000000E+0	0.000000E+0	1.964247E-4	2.976042E-9	0.000000E+0	0.000000E+0	1.004022E+1	0.000000E+0	3.000000E+0
24-Apr-25	15:44:46	-0.000000E+0	1.383955E+0	-9.000000E-5	1.275000E-5	-1.005000E-6	3.466000E-4	3.950000E-6	0.000000E+0	0.000000E+0	1.964247E-4	2.976042E-9	0.000000E+0	0.000000E+0	1.004022E+1	0.000000E+0	3.000000E+0
24-Apr-25	15:44:47	-0.000000E+0	1.393825E+0	-9.000000E-5	1.279000E-5	-1.075000E-6	3.458000E-4	4.650000E-6	0.000000E+0	0.000000E+0	1.964247E-4	2.976042E-9	0.000000E+0	0.000000E+0	1.004022E+1	0.000000E+0	3.000000E+0
24-Apr-25	15:44:47	-0.000000E+0	1.401890E+0	-9.000000E-5	1.265000E-5	-9.800000E-7	3.463000E-4	3.750000E-6	0.000000E+0	0.000000E+0	1.964247E-4	2.976042E-9	0.000000E+0	0.000000E+0	1.004022E+1	0.000000E+0	3.000000E+0
24-Apr-25	15:44:48	-0.000000E+0	1.413715E+0	-9.000000E-5	1.267500E-5	-1.015000E-6	3.462500E-4	4.150000E-6	0.000000E+0	0.000000E+0	1.964247E-4	2.976042E-9	0.000000E+0	0.000000E+0	1.004022E+1	0.000000E+0	3.000000E+0
24-Apr-25	15:44:48	-0.000000E+0	1.423780E+0	-9.000000E-5	1.260500E-5	-9.750000E-7	3.463000E-4	4.100000E-6	0.000000E+0	0.000000E+0	1.964247E-4	2.976042E-9	0.000000E+0	0.000000E+0	1.004022E+1	0.000000E+0	3.000000E+0
24-Apr-25	15:44:49	-0.000000E+0	1.432780E+0	-9.000000E-5	1.254000E-5	-9.550000E-7	3.463000E-4	3.450000E-6	0.000000E+0	0.000000E+0	1.964247E-4	2.976042E-9	0.000000E+0	0.000000E+0	1.004022E+1	0.000000E+0	3.000000E+0
24-Apr-25	15:44:49	-0.000000E+0	1.441740E+0	-9.000000E-5	1.251500E-5	-1.005000E-6	3.461500E-4	4.100000E-6	0.000000E+0	0.000000E+0	1.964247E-4	2.976042E-9	0.000000E+0	0.000000E+0	1.004022E+1	0.000000E+0	3.000000E+0
24-Apr-25	15:44:50	-0.000000E+0	1.450740E+0	-9.000000E-5	1.248000E-5	-9.950000E-7	3.464500E-4	4.500000E-6	0.000000E+0	0.000000E+0	1.964247E-4	2.976042E-9	0.000000E+0	0.000000E+0	1.004022E+1	0.000000E+0	3.000000E+0
24-Apr-25	15:44:50	-0.000000E+0	1.461475E+0	-9.000000E-5	1.247500E-5	-1.055000E-6	3.458500E-4	3.600000E-6	0.000000E+0	0.000000E+0	1.964247E-4	2.976042E-9	0.000000E+0	0.000000E+0	1.004022E+1	0.000000E+0	3.000000E+0
24-Apr-25	15:44:51	-0.000000E+0	1.470510E+0	-9.000000E-5	1.245500E-5	-1.060000E-6	3.459500E-4	4.350000E-6	0.000000E+0	0.000000E+0	1.964247E-4	2.976042E-9	0.000000E+0	0.000000E+0	1.004022E+1	0.000000E+0	3.000000E+0
24-Apr-25	15:44:51	-0.000000E+0	1.478570E+0	-9.000000E-5	1.243500E-5	-1.025000E-6	3.461500E-4	4.300000E-6	0.000000E+0	0.000000E+0	1.964247E-4	2.976042E-9	0.000000E+0	0.000000E+0	1.004022E+1	0.000000E+0	3.000000E+0
24-Apr-25	15:44:52	-0.000000E+0	1.487560E+0	-9.000000E-5	1.233500E-5	-9.950000E-7	3.467500E-4	3.500000E-6	0.000000E+0	0.000000E+0	1.964247E-4	2.976042E-9	0.000000E+0	0.000000E+0	1.004022E+1	0.000000E+0	3.000000E+0
24-Apr-25	15:44:52	-0.000000E+0	1.496520E+0	-9.000000E-5	1.233500E-5	-9.900000E-7	3.471500E-4	4.000000E-6	0.000000E+0	0.000000E+0	1.964247E-4	2.976042E-9	0.000000E+0	0.000000E+0	1.004022E+1	0.000000E+0	3.000000E+0
24-Apr-25	15:44:53	-0.000000E+0	1.504620E+0	-9.000000E-5	1.232500E-5	-1.015000E-6	3.462500E-4	4.300000E-6	0.000000E+0	0.000000E+0	1.964247E-4	2.976042E-9	0.000000E+0	0.000000E+0	1.004022E+1	0.000000E+0	3.000000E+0
24-Apr-25	15:44:54	-0.000000E+0	1.513525E+0	-9.000000E-5	1.229500E-5	-9.500000E-7	3.467000E-4	4.150000E-6	0.000000E+0	0.000000E+0	1.964247E-4	2.976042E-9	0.000000E+0	0.000000E+0	1.004022E+1	0.000000E+0	3.000000E+0
24-Apr-25	15:44:54	-0.000000E+0	1.526400E+0	-9.000000E-5	1.218500E-5	-1.005000E-6	3.467500E-4	4.050000E-6	0.000000E+0	0.000000E+0	1.964247E-4	2.976042E-9	0.000000E+0	0.000000E+0	1.004022E+1	0.000000E+0	3.000000E+0
24-Apr-25	15:44:55	-0.000000E+0	1.534495E+0	-9.000000E-5	1.217500E-5	-1.005000E-6	3.466000E-4	4.250000E-6	0.000000E+0	0.000000E+0	1.964247E-4	2.976042E-9	0.000000E+0	0.000000E+0	1.004022E+1	0.000000E+0	3.000000E+0
24-Apr-25	15:44:55	-0.000000E+0	1.542590E+0	-9.000000E-5	1.218000E-5	-9.900000E-7	3.467500E-4	3.400000E-6	0.000000E+0	0.000000E+0	1.964247E-4	2.976042E-9	0.000000E+0	0.000000E+0	1.004022E+1	0.000000E+0	3.000000E+0
24-Apr-25	15:44:56	-0.000000E+0	1.551590E+0	-9.000000E-5	1.218500E-5	-1.040000E-6	3.461500E-4	4.400000E-6	0.000000E+0	0.000000E+0	1.964247E-4	2.976042E-9	0.000000E+0	0.000000E+0	1.004022E+1	0.000000E+0	3.000000E+0
24-Apr-25	15:44:56	-0.000000E+0	1.564200E+0	-9.000000E-5	1.206500E-5	-9.750000E-7	3.464000E-4	4.200000E-6	0.000000E+0	0.000000E+0	1.964247E-4	2.976042E-9	0.000000E+0	0.000000E+0	1.004022E+1	0.000000E+0	3.000000E+0
24-Apr-25	15:44:57	-0.000000E+0	1.573155E+0	-9.000000E-5	1.208000E-5	-1.000000E-6	3.477000E-4	4.600000E-6	0.000000E+0	0.000000E+0	1.964247E-4	2.976042E-9	0.000000E+0	0.000000E+0	1.004022E+1	0.000000E+0	3.000000E+0
24-Apr-25	15:44:57	-0.000000E+0	1.582155E+0	-9.000000E-5	1.204500E-5	-9.800000E-7	3.468000E-4	4.050000E-6	0.000000E+0	0.000000E+0	1.964247E-4	2.976042E-9	0.000000E+0	0.000000E+0	1.004022E+1	0.000000E+0	3.000000E+0
24-Apr-25	15:44:58	-0.000000E+0	1.591125E+0	-9.000000E-5	1.201000E-5	-9.950000E-7	3.476500E-4	4.250000E-6	0.000000E+0	0.000000E+0	1.964247E-4	2.976042E-9	0.000000E+0	0.000000E+0	1.004022E+1	0.000000E+0	3.000000E+0
24-Apr-25	15:44:58	-0.000000E+0	1.600115E+0	-9.000000E-5	1.199000E-5	-1.000000E-6	3.467500E-4	3.950000E-6	0.000000E+0	0.000000E+0	1.964247E-4	2.976042E-9	0.000000E+0	0.000000E+0	1.004022E+1	0.000000E+0	3.000000E+0
24-Apr-25	15:44:59	-0.000000E+0	1.611810E+0	-9.000000E-5	1.192500E-5	-9.500000E-7	3.475500E-4	4.400000E-6	0.000000E+0	0.000000E+0	1.964247E-4	2.976042E-9	0.000000E+0	0.000000E+0	1.004022E+1	0.000000E+0	3.000000E+0
24-Apr-25	15:44:59	-0.000000E+0	1.620815E+0	-9.000000E-5	1.189500E-5	-9.200000E-7	3.470500E-4	4.500000E-6	0.000000E+0	0.000000E+0	1.964247E-4	2.976042E-9	0.000000E+0	0.000000E+0	1.004022E+1	0.000000E+0	3.000000E+0
24-Apr-25	15:45:00	-0.000000E+0	1.629800E+0	-9.000000E-5	1.187500E-5	-9.850000E-7	3.463000E-4	4.200000E-6	0.000000E+0	0.000000E+0	1.964247E-4	2.976042E-9	0.000000E+0	0.000000E+0	1.004022E+1	0.000000E+0	3.000000E+0
24-Apr-25	15:45:00	-0.000000E+0	1.637865E+0	-9.000000E-5	1.186500E-5	-9.700000E-7	3.462500E-4	3.350000E-6	0.000000E+0	0.000000E+0	1.964247E-4	2.976042E-9	0.000000E+0	0.000000E+0	1.004022E+1	0.000000E+0	3.000000E+0
24-Apr-25	15:45:01	-0.000000E+0	1.646880E+0	-9.000000E-5	1.184000E-5	-9.800000E-7	3.474500E-4	3.700000E-6	0.000000E+0	0.000000E+0	1.964247E-4	2.976042E-9	0.000000E+0	0.000000E+0	1.004022E+1	0.000000E+0	3.000000E+0
24-Apr-25	15:45:01	-0.000000E+0	1.657800E+0	-9.000000E-5	1.180500E-5	-9.700000E-7	3.470000E-4	4.250000E-6	0.000000E+0	0.000000E+0	1.964247E-4	2.976042E-9	0.000000E+0	0.000000E+0	1.004022E+1	0.000000E+0	3.000000E+0
24-Apr-25	15:45:02	-0.000000E+0	1.666045E+0	-9.000000E-5	1.176000E-5	-9.650000E-7	3.466500E-4	4.550000E-6	0.000000E+0	0.000000E+0	1.964247E-4	2.976042E-9	0.000000E+0	0.000000E+0	1.004022E+1	0.000000E+0	3.000000E+0
24-Apr-25	15:45:03	-0.000000E+0	1.675910E+0	-9.000000E-5	1.174000E-5	-9.450000E-7	3.473000E-4	4.500000E-6	0.000000E+0	0.000000E+0	1.964247E-4	2.976042E-9	0.000000E+0	0.000000E+0	1.004022E+1	0.000000E+0	3.000000E+0
24-Apr-25	15:45:03	-0.000000E+0	1.688505E+0	-9.000000E-5	1.167500E-5	-9.300000E-7	3.478500E-4	4.050000E-6	0.000000E+0	0.000000E+0	1.964247E-4	2.976042E-9	0.000000E+0	0.000000E+0	1.004022E+1	0.000000E+0	3.000000E+0
24-Apr-25	15:45:04	-0.000000E+0	1.703020E+0	-9.000000E-5	1.161500E-5	-9.150000E-7	3.475500E-4	4.250000E-6	0.000000E+0	0.000000E+0	1.964247E-4	2.976042E-9	0.000000E+0	0.000000E+0	1.004022E+1	0.000000E+0	3.000000E+0
24-Apr-25	15:45:05	-0.000000E+0	1.715770E+0	-9.000000E-5	1.159500E-5	-9.400000E-7	3.475500E-4	4.150000E-6	0.000000E+0	0.000000E+0	1.964247E-4	2.976042E-9	0.000000E+0	0.000000E+0	1.004022E+1	0.000000E+0	3.000000E+0
24-Apr-25	15:45:05	-0.000000E+0	1.723845E+0	-9.000000E-5	1.155500E-5	-9.300000E-7	3.470500E-4	3.800000E-6	0.000000E+0	0.000000E+0	1.964247E-4	2.976042E-9	0.000000E+0	0.000000E+0	1.004022E+1	0.000000E+0	3.000000E+0
24-Apr-25	15:45:06	-0.000000E+0	1.732810E+0	-9.000000E-5	1.151000E-5	-9.350000E-7	3.472500E-4	4.250000E-6	0.000000E+0	0.000000E+0	1.964247E-4	2.976042E-9	0.000000E+0	0.000000E+0	1.004022E+1	0.000000E+0	3.000000E+0
24-Apr-25	15:45:06	-0.000000E+0	1.742720E+0	-9.000000E-5	1.147000E-5	-9.250000E-7	3.473500E-4	4.350000E-6	0.000000E+0	0.000000E+0	1.964247E-4	2.976042E-9	0.000000E+0	0.000000E+0	1.004022E+1	0.000000E+0	3.000000E+0
24-Apr-25	15:45:07	-0.000000E+0	1.751740E+0	-9.000000E-5	1.143500E-5	-9.150000E-7	3.479500E-4	4.250000E-6	0.000000E+0	0.000000E+0	1.964247E-4	2.976042E-9	0.000000E+0	0.000000E+0	1.004022E+1	0.000000E+0	3.000000E+0
24-Apr-25	15:45:07	-0.000000E+0	1.760720E+0	-9.000000E-5	1.145000E-5	-8.850000E-7	3.478500E-4	3.400000E-6	0.000000E+0	0.000000E+0	1.964247E-4	2.976042E-9	0.000000E+0	0.000000E+0	1.004022E+1	0.000000E+0	3.000000E+0
24-Apr-25	15:45:08	-0.000000E+0	1.769705E+0	-9.000000E-5	1.142500E-5	-9.200000E-7	3.471500E-4	4.250000E-6	0.000000E+0	0.000000E+0	1.964247E-4	2.976042E-9	0.000000E+0	0.000000E+0	1.004022E+1	0.000000E+0	3.000000E+0
24-Apr-25	15:45:08	-0.000000E+0	1.778695E+0	-9.000000E-5	1.141000E-5	-9.300000E-7	3.481500E-4	4.250000E-6	0.000000E+0	0.000000E+0	1.964247E-4	2.976042E-9	0.000000E+0	0.000000E+0	1.004022E+1	0.000000E+0	3.000000E+0
24-Apr-25	15:45:09	-0.000000E+0	1.787645E+0	-9.000000E-5	1.135000E-5	-9.150000E-7	3.479000E-4	3.500000E-6	0.000000E+0	0.000000E+0	1.964247E-4	2.976042E-9	0.000000E+0	0.000000E+0	1.004022E+1	0.000000E+0	3.000000E+0
24-Apr-25	15:45:09	-0.000000E+0	1.796630E+0	-9.000000E-5	1.130500E-5	-8.750000E-7	3.474500E-4	4.250000E-6	0.000000E+0	0.000000E+0	1.964247E-4	2.976042E-9	0.000000E+0	0.000000E+0	1.004022E+1	0.000000E+0	3.000000E+0
24-Apr-25	15:45:10	-0.000000E+0	1.805645E+0	-9.000000E-5	1.126500E-5	-8.600000E-7	3.478500E-4	4.200000E-6	0.000000E+0	0.000000E+0	1.964247E-4	2.976042E-9	0.000000E+0	0.000000E+0	1.004022E+1	0.000000E+0	3.000000E+0
24-Apr-25	15:45:11	-0.000000E+0	1.818390E+0	-9.000000E-5	1.121000E-5	-9.000000E-7	3.478500E-4	4.150000E-6	0.000000E+0	0.000000E+0	1.964247E-4	2.976042E-9	0.000000E+0	0.000000E+0	1.004022E+1	0.000000E+0	3.000000E+0
24-Apr-25	15:45:11	-0.000000E+0	1.830210E+0	-9.000000E-5	1.118000E-5	-9.150000E-7	3.479500E-4	3.850000E-6	0.000000E+0	0.000000E+0	1.964247E-4	2.976042E-9	0.000000E+0	0.000000E+0	1.004022E+1	0.000000E+0	3.000000E+0
24-Apr-25	15:45:12	-0.000000E+0	1.839165E+0	-9.000000E-5	1.118000E-5	-9.100000E-7	3.479500E-4	4.100000E-6	0.000000E+0	0.000000E+0	1.964247E-4	2.976042E-9	0.000000E+0	0.000000E+0	1.004022E+1	0.000000E+0	3.000000E+0
24-Apr-25	15:45:12	-0.000000E+0	1.848170E+0	-9.000000E-5	1.114500E-5	-9.150000E-7	3.477000E-4	4.200000E-6	0.000000E+0	0.000000E+0	1.964247E-4	2.976042E-9	0.000000E+0	0.000000E+0	1.004022E+1	0.000000E+0	3.000000E+0
24-Apr-25	15:45:13	-0.000000E+0	1.857145E+0	-9.000000E-5	1.113000E-5	-9.300000E-7	3.481500E-4	4.200000E-6	0.000000E+0	0.000000E+0	1.964247E-4	2.976042E-9	0.000000E+0	0.000000E+0	1.004022E+1	0.000000E+0	3.000000E+0
24-Apr-25	15:45:13	-0.000000E+0	1.866160E+0	-9.000000E-5	1.110000E-5	-8.750000E-7	3.475500E-4	4.250000E-6	0.000000E+0	0.000000E+0	1.964247E-4	2.976042E-9	0.000000E+0	0.000000E+0	1.004022E+1	0.000000E+0	3.000000E+0
24-Apr-25	15:45:14	-0.000000E+0	1.875120E+0	-9.000000E-5	1.105000E-5	-9.200000E-7	3.480500E-4	3.900000E-6	0.000000E+0	0.000000E+0	1.964247E-4	2.976042E-9	0.000000E+0	0.000000E+0	1.004022E+1	0.000000E+0	3.000000E+0
24-Apr-25	15:45:14	-0.000000E+0	1.884985E+0	-9.000000E-5	1.102500E-5	-9.050000E-7	3.483500E-4	3.750000E-6	0.000000E+0	0.000000E+0	1.964247E-4	2.976042E-9	0.000000E+0	0.000000E+0	1.004022E+1	0.000000E+0	3.000000E+0
24-Apr-25	15:45:15	-0.000000E+0	1.894015E+0	-9.000000E-5	1.099500E-5	-8.950000E-7	3.479500E-4	4.250000E-6	0.000000E+0	0.000000E+0	1.964247E-4	2.976042E-9	0.000000E+0	0.000000E+0	1.004022E+1	0.000000E+0	3.000000E+0
24-Apr-25	15:45:15	-0.000000E+0	1.903005E+0	-9.000000E-5	1.094500E-5	-8.800000E-7	3.481500E-4	4.400000E-6	0.000000E+0	0.000000E+0	1.964247E-4	2.976042E-9	0.000000E+0	0.000000E+0	1.004022E+1	0.000000E+0	3.000000E+0
24-Apr-25	15:45:16	-0.000000E+0	1.911985E+0	-9.000000E-5	1.098000E-5	-8.850000E-7	3.480000E-4	4.800000E-6	0.000000E+0	0.000000E+0	1.964247E-4	2.976042E-9	0.000000E+0	0.000000E+0	1.004022E+1	0.000000E+0	3.000000E+0
24-Apr-25	15:45:16	-0.000000E+0	1.923070E+0	-9.000000E-5	1.090000E-5	-9.100000E-7	3.482000E-4	3.950000E-6	0.000000E+0	0.000000E+0	1.964247E-4	2.976042E-9	0.000000E+0	0.000000E+0	1.004022E+1	0.000000E+0	3.000000E+0
24-Apr-25	15:45:17	-0.000000E+0	1.932960E+0	-9.000000E-5	1.087500E-5	-8.800000E-7	3.481000E-4	4.100000E-6	0.000000E+0	0.000000E+0	1.964247E-4	2.976042E-9	0.000000E+0	0.000000E+0	1.004022E+1	0.000000E+0	3.000000E+0
24-Apr-25	15:45:17	-0.000000E+0	1.941065E+0	-9.000000E-5	1.086000E-5	-8.650000E-7	3.482500E-4	4.100000E-6	0.000000E+0	0.000000E+0	1.964247E-4	2.976042E-9	0.000000E+0	0.000000E+0	1.004022E+1	0.000000E+0	3.000000E+0
24-Apr-25	15:45:18	-0.000000E+0	1.950065E+0	-9.000000E-5	1.081000E-5	-8.800000E-7	3.480500E-4	4.350000E-6	0.000000E+0	0.000000E+0	1.964247E-4	2.976042E-9	0.000000E+0	0.000000E+0	1.004022E+1	0.000000E+0	3.000000E+0
24-Apr-25	15:45:18	-0.000000E+0	1.958140E+0	-9.000000E-5	1.080000E-5	-8.700000E-7	3.484000E-4	4.050000E-6	0.000000E+0	0.000000E+0	1.964247E-4	2.976042E-9	0.000000E+0	0.000000E+0	1.004022E+1	0.000000E+0	3.000000E+0
24-Apr-25	15:45:19	-0.000000E+0	1.967130E+0	-9.000000E-5	1.077500E-5	-8.300000E-7	3.488500E-4	4.150000E-6	0.000000E+0	0.000000E+0	1.964247E-4	2.976042E-9	0.000000E+0	0.000000E+0	1.004022E+1	0.000000E+0	3.000000E+0
24-Apr-25	15:45:19	-0.000000E+0	1.977020E+0	-9.000000E-5	1.070500E-5	-8.300000E-7	3.481500E-4	4.000000E-6	0.000000E+0	0.000000E+0	1.964247E-4	2.976042E-9	0.000000E+0	0.000000E+0	1.004022E+1	0.000000E+0	3.000000E+0
24-Apr-25	15:45:20	-0.000000E+0	1.985955E+0	-9.000000E-5	1.071500E-5	-8.300000E-7	3.484000E-4	4.250000E-6	0.000000E+0	0.000000E+0	1.964247E-4	2.976042E-9	0.000000E+0	0.000000E+0	1.004022E+1	0.000000E+0	3.000000E+0
24-Apr-25	15:45:20	-0.000000E+0	1.995000E+0	-9.000000E-5	1.070500E-5	-8.600000E-7	3.483000E-4	4.350000E-6	0.000000E+0	0.000000E+0	1.964247E-4	2.976042E-9	0.000000E+0	0.000000E+0	1.004022E+1	0.000000E+0	3.000000E+0
24-Apr-25	15:45:21	-0.000000E+0	2.003960E+0	-9.000000E-5	1.065500E-5	-8.550000E-7	3.482000E-4	4.050000E-6	0.000000E+0	0.000000E+0	1.964247E-4	2.976042E-9	0.000000E+0	0.000000E+0	1.004022E+1	0.000000E+0	3.000000E+0
24-Apr-25	15:45:21	-0.000000E+0	2.012045E+0	-9.000000E-5	1.062000E-5	-8.700000E-7	3.485500E-4	4.100000E-6	0.000000E+0	0.000000E+0	1.964247E-4	2.976042E-9	0.000000E+0	0.000000E+0	1.004022E+1	0.000000E+0	3.000000E+0
24-Apr-25	15:45:22	-0.000000E+0	2.020140E+0	-9.000000E-5	1.056000E-5	-8.750000E-7	3.483000E-4	4.200000E-6	0.000000E+0	0.000000E+0	1.964247E-4	2.976042E-9	0.000000E+0	0.000000E+0	1.004022E+1	0.000000E+0	3.000000E+0
24-Apr-25	15:45:22	-0.000000E+0	2.029140E+0	-9.000000E-5	1.055000E-5	-8.600000E-7	3.481000E-4	3.950000E-6	0.000000E+0	0.000000E+0	1.964247E-4	2.976042E-9	0.000000E+0	0.000000E+0	1.004022E+1	0.000000E+0	3.000000E+0
24-Apr-25	15:45:23	-0.000000E+0	2.038140E+0	-9.000000E-5	1.055000E-5	-8.550000E-7	3.481000E-4	4.250000E-6	0.000000E+0	0.000000E+0	1.964247E-4	2.976042E-9	0.000000E+0	0.000000E+0	1.004022E+1	0.000000E+0	3.000000E+0
24-Apr-25	15:45:23	-0.000000E+0	2.047135E+0	-9.000000E-5	1.049500E-5	-8.550000E-7	3.480000E-4	4.100000E-6	0.000000E+0	0.000000E+0	1.964247E-4	2.976042E-9	0.000000E+0	0.000000E+0	1.004022E+1	0.000000E+0	3.000000E+0
24-Apr-25	15:45:24	-0.000000E+0	2.059985E+0	-9.000000E-5	1.050000E-5	-8.700000E-7	3.490000E-4	4.600000E-6	0.000000E+0	0.000000E+0	1.964247E-4	2.976042E-9	0.000000E+0	0.000000E+0	1.004022E+1	0.000000E+0	3.000000E+0
24-Apr-25	15:45:24	-0.000000E+0	2.068940E+0	-9.000000E-5	1.044500E-5	-8.400000E-7	3.484000E-4	4.350000E-6	0.000000E+0	0.000000E+0	1.964247E-4	2.976042E-9	0.000000E+0	0.000000E+0	1.004022E+1	0.000000E+0	3.000000E+0
24-Apr-25	15:45:25	-0.000000E+0	2.077925E+0	-9.000000E-5	1.047000E-5	-8.750000E-7	3.488500E-4	3.700000E-6	0.000000E+0	0.000000E+0	1.964247E-4	2.976042E-9	0.000000E+0	0.000000E+0	1.004022E+1	0.000000E+0	3.000000E+0
24-Apr-25	15:45:25	-0.000000E+0	2.088725E+0	-9.000000E-5	1.041000E-5	-8.450000E-7	3.489000E-4	3.500000E-6	0.000000E+0	0.000000E+0	1.964247E-4	2.976042E-9	0.000000E+0	0.000000E+0	1.004022E+1	0.000000E+0	3.000000E+0
24-Apr-25	15:45:26	-0.000000E+0	2.097750E+0	-9.000000E-5	1.038500E-5	-8.500000E-7	3.488000E-4	3.950000E-6	0.000000E+0	0.000000E+0	1.964247E-4	2.976042E-9	0.000000E+0	0.000000E+0	1.004022E+1	0.000000E+0	3.000000E+0
24-Apr-25	15:45:27	-0.000000E+0	2.108820E+0	-9.000000E-5	1.033500E-5	-8.550000E-7	3.491500E-4	3.800000E-6	0.000000E+0	0.000000E+0	1.964247E-4	2.976042E-9	0.000000E+0	0.000000E+0	1.004022E+1	0.000000E+0	3.000000E+0
24-Apr-25	15:45:27	-0.000000E+0	2.119585E+0	-9.000000E-5	1.027000E-5	-8.350000E-7	3.485000E-4	3.950000E-6	0.000000E+0	0.000000E+0	1.964247E-4	2.976042E-9	0.000000E+0	0.000000E+0	1.004022E+1	0.000000E+0	3.000000E+0
24-Apr-25	15:45:28	-0.000000E+0	2.128585E+0	-9.000000E-5	1.025500E-5	-8.350000E-7	3.487500E-4	4.300000E-6	0.000000E+0	0.000000E+0	1.964247E-4	2.976042E-9	0.000000E+0	0.000000E+0	1.004022E+1	0.000000E+0	3.000000E+0
24-Apr-25	15:45:28	-0.000000E+0	2.137585E+0	-9.000000E-5	1.015000E-5	-8.450000E-7	3.492500E-4	4.100000E-6	0.000000E+0	0.000000E+0	1.964247E-4	2.976042E-9	0.000000E+0	0.000000E+0	1.004022E+1	0.000000E+0	3.000000E+0
24-Apr-25	15:45:29	-0.000000E+0	2.147615E+0	-9.000000E-5	1.011500E-5	-8.100000E-7	3.488500E-4	3.900000E-6	0.000000E+0	0.000000E+0	1.964247E-4	2.976042E-9	0.000000E+0	0.000000E+0	1.004022E+1	0.000000E+0	3.000000E+0
24-Apr-25	15:45:29	-0.000000E+0	2.156745E+0	-9.000000E-5	1.013000E-5	-7.900000E-7	3.488000E-4	3.800000E-6	0.000000E+0	0.000000E+0	1.964247E-4	2.976042E-9	0.000000E+0	0.000000E+0	1.004022E+1	0.000000E+0	3.000000E+0
24-Apr-25	15:45:30	-0.000000E+0	2.167510E+0	-9.000000E-5	1.009000E-5	-8.050000E-7	3.492000E-4	4.300000E-6	0.000000E+0	0.000000E+0	1.964247E-4	2.976042E-9	0.000000E+0	0.000000E+0	1.004022E+1	0.000000E+0	3.000000E+0
24-Apr-25	15:45:30	-0.000000E+0	2.176510E+0	-9.000000E-5	1.008000E-5	-8.400000E-7	3.494500E-4	3.850000E-6	0.000000E+0	0.000000E+0	1.964247E-4	2.976042E-9	0.000000E+0	0.000000E+0	1.004022E+1	0.000000E+0	3.000000E+0
24-Apr-25	15:45:31	-0.000000E+0	2.186395E+0	-9.000000E-5	1.008500E-5	-8.050000E-7	3.491000E-4	4.300000E-6	0.000000E+0	0.000000E+0	1.964247E-4	2.976042E-9	0.000000E+0	0.000000E+0	1.004022E+1	0.000000E+0	3.000000E+0
24-Apr-25	15:45:32	-0.000000E+0	2.199265E+0	-9.000000E-5	1.003500E-5	-8.400000E-7	3.493000E-4	4.250000E-6	0.000000E+0	0.000000E+0	1.964247E-4	2.976042E-9	0.000000E+0	0.000000E+0	1.004022E+1	0.000000E+0	3.000000E+0
24-Apr-25	15:45:32	-0.000000E+0	2.207365E+0	-9.000000E-5	1.001500E-5	-8.250000E-7	3.493500E-4	4.300000E-6	0.000000E+0	0.000000E+0	1.964247E-4	2.976042E-9	0.000000E+0	0.000000E+0	1.004022E+1	0.000000E+0	3.000000E+0
24-Apr-25	15:45:32	-0.000000E+0	2.215450E+0	-9.000000E-5	9.970000E-6	-8.000000E-7	3.492500E-4	3.950000E-6	0.000000E+0	0.000000E+0	1.964247E-4	2.976042E-9	0.000000E+0	0.000000E+0	1.004022E+1	0.000000E+0	3.000000E+0
24-Apr-25	15:45:33	-0.000000E+0	2.224445E+0	-9.000000E-5	9.915000E-6	-7.650000E-7	3.492000E-4	4.250000E-6	0.000000E+0	0.000000E+0	1.964247E-4	2.976042E-9	0.000000E+0	0.000000E+0	1.004022E+1	0.000000E+0	3.000000E+0
24-Apr-25	15:45:33	-0.000000E+0	2.232530E+0	-9.000000E-5	9.885000E-6	-7.950000E-7	3.491500E-4	3.700000E-6	0.000000E+0	0.000000E+0	1.964247E-4	2.976042E-9	0.000000E+0	0.000000E+0	1.004022E+1	0.000000E+0	3.000000E+0
24-Apr-25	15:45:34	-0.000000E+0	2.240605E+0	-9.000000E-5	9.900000E-6	-8.350000E-7	3.492000E-4	3.950000E-6	0.000000E+0	0.000000E+0	1.964247E-4	2.976042E-9	0.000000E+0	0.000000E+0	1.004022E+1	0.000000E+0	3.000000E+0
24-Apr-25	15:45:35	-0.000000E+0	2.249575E+0	-9.000000E-5	9.880000E-6	-7.700000E-7	3.493000E-4	4.100000E-6	0.000000E+0	0.000000E+0	1.964247E-4	2.976042E-9	0.000000E+0	0.000000E+0	1.004022E+1	0.000000E+0	3.000000E+0
24-Apr-25	15:45:35	-0.000000E+0	2.262165E+0	-9.000000E-5	9.865000E-6	-7.700000E-7	3.496500E-4	4.350000E-6	0.000000E+0	0.000000E+0	1.964247E-4	2.976042E-9	0.000000E+0	0.000000E+0	1.004022E+1	0.000000E+0	3.000000E+0
24-Apr-25	15:45:36	-0.000000E+0	2.271150E+0	-9.000000E-5	9.810000E-6	-7.800000E-7	3.494500E-4	4.200000E-6	0.000000E+0	0.000000E+0	1.964247E-4	2.976042E-9	0.000000E+0	0.000000E+0	1.004022E+1	0.000000E+0	3.000000E+0
24-Apr-25	15:45:36	-0.000000E+0	2.279270E+0	-9.000000E-5	9.805000E-6	-8.050000E-7	3.497000E-4	3.900000E-6	0.000000E+0	0.000000E+0	1.964247E-4	2.976042E-9	0.000000E+0	0.000000E+0	1.004022E+1	0.000000E+0	3.000000E+0
24-Apr-25	15:45:36	-0.000000E+0	2.287345E+0	-9.000000E-5	9.760000E-6	-8.250000E-7	3.497000E-4	4.300000E-6	0.000000E+0	0.000000E+0	1.964247E-4	2.976042E-9	0.000000E+0	0.000000E+0	1.004022E+1	0.000000E+0	3.000000E+0
24-Apr-25	15:45:37	-0.000000E+0	2.296325E+0	-9.000000E-5	9.710000E-6	-7.500000E-7	3.492500E-4	3.850000E-6	0.000000E+0	0.000000E+0	1.964247E-4	2.976042E-9	0.000000E+0	0.000000E+0	1.004022E+1	0.000000E+0	3.000000E+0
24-Apr-25	15:45:37	-0.000000E+0	2.304440E+0	-9.000000E-5	9.720000E-6	-7.300000E-7	3.497000E-4	4.200000E-6	0.000000E+0	0.000000E+0	1.964247E-4	2.976042E-9	0.000000E+0	0.000000E+0	1.004022E+1	0.000000E+0	3.000000E+0
24-Apr-25	15:45:38	-0.000000E+0	2.312500E+0	-9.000000E-5	9.700000E-6	-7.800000E-7	3.494000E-4	3.500000E-6	0.000000E+0	0.000000E+0	1.964247E-4	2.976042E-9	0.000000E+0	0.000000E+0	1.004022E+1	0.000000E+0	3.000000E+0
24-Apr-25	15:45:38	-0.000000E+0	2.321520E+0	-9.000000E-5	9.700000E-6	-7.950000E-7	3.493500E-4	4.100000E-6	0.000000E+0	0.000000E+0	1.964247E-4	2.976042E-9	0.000000E+0	0.000000E+0	1.004022E+1	0.000000E+0	3.000000E+0
24-Apr-25	15:45:39	-0.000000E+0	2.330500E+0	-9.000000E-5	9.660000E-6	-7.800000E-7	3.495500E-4	4.100000E-6	0.000000E+0	0.000000E+0	1.964247E-4	2.976042E-9	0.000000E+0	0.000000E+0	1.004022E+1	0.000000E+0	3.000000E+0
24-Apr-25	15:45:39	-0.000000E+0	2.338580E+0	-9.000000E-5	9.590000E-6	-7.350000E-7	3.498000E-4	4.200000E-6	0.000000E+0	0.000000E+0	1.964247E-4	2.976042E-9	0.000000E+0	0.000000E+0	1.004022E+1	0.000000E+0	3.000000E+0
24-Apr-25	15:45:40	-0.000000E+0	2.347545E+0	-9.000000E-5	9.585000E-6	-7.550000E-7	3.497000E-4	4.500000E-6	0.000000E+0	0.000000E+0	1.964247E-4	2.976042E-9	0.000000E+0	0.000000E+0	1.004022E+1	0.000000E+0	3.000000E+0
24-Apr-25	15:45:40	-0.000000E+0	2.355645E+0	-9.000000E-5	9.525000E-6	-7.800000E-7	3.495000E-4	4.300000E-6	0.000000E+0	0.000000E+0	1.964247E-4	2.976042E-9	0.000000E+0	0.000000E+0	1.004022E+1	0.000000E+0	3.000000E+0
24-Apr-25	15:45:41	-0.000000E+0	2.364620E+0	-9.000000E-5	9.520000E-6	-8.050000E-7	3.494500E-4	4.050000E-6	0.000000E+0	0.000000E+0	1.964247E-4	2.976042E-9	0.000000E+0	0.000000E+0	1.004022E+1	0.000000E+0	3.000000E+0
24-Apr-25	15:45:41	-0.000000E+0	2.373640E+0	-9.000000E-5	9.485000E-6	-7.400000E-7	3.502000E-4	4.250000E-6	0.000000E+0	0.000000E+0	1.964247E-4	2.976042E-9	0.000000E+0	0.000000E+0	1.004022E+1	0.000000E+0	3.000000E+0
24-Apr-25	15:45:42	-0.000000E+0	2.382600E+0	-9.000000E-5	9.455000E-6	-7.450000E-7	3.499500E-4	4.350000E-6	0.000000E+0	0.000000E+0	1.964247E-4	2.976042E-9	0.000000E+0	0.000000E+0	1.004022E+1	0.000000E+0	3.000000E+0
24-Apr-25	15:45:42	-0.000000E+0	2.391625E+0	-9.000000E-5	9.450000E-6	-7.300000E-7	3.501000E-4	4.350000E-6	0.000000E+0	0.000000E+0	1.964247E-4	2.976042E-9	0.000000E+0	0.000000E+0	1.004022E+1	0.000000E+0	3.000000E+0
24-Apr-25	15:45:43	-0.000000E+0	2.400575E+0	-9.000000E-5	9.450000E-6	-7.500000E-7	3.496500E-4	3.700000E-6	0.000000E+0	0.000000E+0	1.964247E-4	2.976042E-9	0.000000E+0	0.000000E+0	1.004022E+1	0.000000E+0	3.000000E+0
24-Apr-25	15:45:43	-0.000000E+0	2.409880E+0	-9.000000E-5	9.415000E-6	-7.600000E-7	3.497500E-4	3.700000E-6	0.000000E+0	0.000000E+0	1.964247E-4	2.976042E-9	0.000000E+0	0.000000E+0	1.004022E+1	0.000000E+0	3.000000E+0
24-Apr-25	15:45:44	-0.000000E+0	2.419800E+0	-9.000000E-5	9.400000E-6	-7.800000E-7	3.498000E-4	3.850000E-6	0.000000E+0	0.000000E+0	1.964247E-4	2.976042E-9	0.000000E+0	0.000000E+0	1.004022E+1	0.000000E+0	3.000000E+0
24-Apr-25	15:45:44	-0.000000E+0	2.427870E+0	-9.000000E-5	9.370000E-6	-7.850000E-7	3.501500E-4	3.550000E-6	0.000000E+0	0.000000E+0	1.964247E-4	2.976042E-9	0.000000E+0	0.000000E+0	1.004022E+1	0.000000E+0	3.000000E+0
24-Apr-25	15:45:45	-0.000000E+0	2.436825E+0	-9.000000E-5	9.325000E-6	-7.850000E-7	3.502500E-4	3.800000E-6	0.000000E+0	0.000000E+0	1.964247E-4	2.976042E-9	0.000000E+0	0.000000E+0	1.004022E+1	0.000000E+0	3.000000E+0
24-Apr-25	15:45:45	-0.000000E+0	2.445815E+0	-9.000000E-5	9.330000E-6	-7.700000E-7	3.499500E-4	4.350000E-6	0.000000E+0	0.000000E+0	1.964247E-4	2.976042E-9	0.000000E+0	0.000000E+0	1.004022E+1	0.000000E+0	3.000000E+0
24-Apr-25	15:45:46	-0.000000E+0	2.456590E+0	-9.000000E-5	9.290000E-6	-7.750000E-7	3.496500E-4	4.350000E-6	0.000000E+0	0.000000E+0	1.964247E-4	2.976042E-9	0.000000E+0	0.000000E+0	1.004022E+1	0.000000E+0	3.000000E+0
24-Apr-25	15:45:46	-0.000000E+0	2.465580E+0	-9.000000E-5	9.265000E-6	-7.450000E-7	3.498000E-4	4.250000E-6	0.000000E+0	0.000000E+0	1.964247E-4	2.976042E-9	0.000000E+0	0.000000E+0	1.004022E+1	0.000000E+0	3.000000E+0
24-Apr-25	15:45:47	-0.000000E+0	2.473690E+0	-9.000000E-5	9.245000E-6	-7.550000E-7	3.507500E-4	4.250000E-6	0.000000E+0	0.000000E+0	1.964247E-4	2.976042E-9	0.000000E+0	0.000000E+0	1.004022E+1	0.000000E+0	3.000000E+0
24-Apr-25	15:45:47	-0.000000E+0	2.481760E+0	-9.000000E-5	9.200000E-6	-7.650000E-7	3.500500E-4	3.800000E-6	0.000000E+0	0.000000E+0	1.964247E-4	2.976042E-9	0.000000E+0	0.000000E+0	1.004022E+1	0.000000E+0	3.000000E+0
24-Apr-25	15:45:48	-0.000000E+0	2.490775E+0	-9.000000E-5	9.160000E-6	-7.500000E-7	3.502500E-4	4.400000E-6	0.000000E+0	0.000000E+0	1.964247E-4	2.976042E-9	0.000000E+0	0.000000E+0	1.004022E+1	0.000000E+0	3.000000E+0
24-Apr-25	15:45:48	-0.000000E+0	2.499740E+0	-9.000000E-5	9.120000E-6	-7.500000E-7	3.503000E-4	4.300000E-6	0.000000E+0	0.000000E+0	1.964247E-4	2.976042E-9	0.000000E+0	0.000000E+0	1.004022E+1	0.000000E+0	3.000000E+0
24-Apr-25	15:45:49	-0.000000E+0	2.508760E+0	-9.000000E-5	9.115000E-6	-7.800000E-7	3.505500E-4	4.000000E-6	0.000000E+0	0.000000E+0	1.964247E-4	2.976042E-9	0.000000E+0	0.000000E+0	1.004022E+1	0.000000E+0	3.000000E+0
24-Apr-25	15:45:49	-0.000000E+0	2.517735E+0	-9.000000E-5	9.110000E-6	-7.350000E-7	3.504000E-4	4.100000E-6	0.000000E+0	0.000000E+0	1.964247E-4	2.976042E-9	0.000000E+0	0.000000E+0	1.004022E+1	0.000000E+0	3.000000E+0
24-Apr-25	15:45:50	-0.000000E+0	2.528505E+0	-9.000000E-5	9.000000E-6	-7.300000E-7	3.504500E-4	4.200000E-6	0.000000E+0	0.000000E+0	1.964247E-4	2.976042E-9	0.000000E+0	0.000000E+0	1.004022E+1	0.000000E+0	3.000000E+0
24-Apr-25	15:45:51	-0.000000E+0	2.537500E+0	-9.000000E-5	9.020000E-6	-6.900000E-7	3.507000E-4	4.300000E-6	0.000000E+0	0.000000E+0	1.964247E-4	2.976042E-9	0.000000E+0	0.000000E+0	1.004022E+1	0.000000E+0	3.000000E+0
24-Apr-25	15:45:51	-0.000000E+0	2.551280E+0	-9.000000E-5	8.990000E-6	-7.300000E-7	3.504500E-4	3.800000E-6	0.000000E+0	0.000000E+0	1.964247E-4	2.976042E-9	0.000000E+0	0.000000E+0	1.004022E+1	0.000000E+0	3.000000E+0
24-Apr-25	15:45:52	-0.000000E+0	2.565030E+0	-9.000000E-5	8.965000E-6	-7.250000E-7	3.503500E-4	4.100000E-6	0.000000E+0	0.000000E+0	1.964247E-4	2.976042E-9	0.000000E+0	0.000000E+0	1.004022E+1	0.000000E+0	3.000000E+0
24-Apr-25	15:45:52	-0.000000E+0	2.573155E+0	-9.000000E-5	8.945000E-6	-7.300000E-7	3.502500E-4	3.950000E-6	0.000000E+0	0.000000E+0	1.964247E-4	2.976042E-9	0.000000E+0	0.000000E+0	1.004022E+1	0.000000E+0	3.000000E+0
24-Apr-25	15:45:53	-0.000000E+0	2.582115E+0	-9.000000E-5	8.900000E-6	-7.250000E-7	3.503500E-4	3.750000E-6	0.000000E+0	0.000000E+0	1.964247E-4	2.976042E-9	0.000000E+0	0.000000E+0	1.004022E+1	0.000000E+0	3.000000E+0
24-Apr-25	15:45:54	-0.000000E+0	2.592900E+0	-9.000000E-5	8.895000E-6	-7.500000E-7	3.508000E-4	3.950000E-6	0.000000E+0	0.000000E+0	1.964247E-4	2.976042E-9	0.000000E+0	0.000000E+0	1.004022E+1	0.000000E+0	3.000000E+0
24-Apr-25	15:45:54	-0.000000E+0	2.601890E+0	-9.000000E-5	8.905000E-6	-7.550000E-7	3.505000E-4	3.950000E-6	0.000000E+0	0.000000E+0	1.964247E-4	2.976042E-9	0.000000E+0	0.000000E+0	1.004022E+1	0.000000E+0	3.000000E+0
24-Apr-25	15:45:55	-0.000000E+0	2.610895E+0	-9.000000E-5	8.865000E-6	-7.600000E-7	3.508500E-4	3.950000E-6	0.000000E+0	0.000000E+0	1.964247E-4	2.976042E-9	0.000000E+0	0.000000E+0	1.004022E+1	0.000000E+0	3.000000E+0
24-Apr-25	15:45:55	-0.000000E+0	2.620775E+0	-9.000000E-5	8.840000E-6	-7.150000E-7	3.505500E-4	4.250000E-6	0.000000E+0	0.000000E+0	1.964247E-4	2.976042E-9	0.000000E+0	0.000000E+0	1.004022E+1	0.000000E+0	3.000000E+0
24-Apr-25	15:45:56	-0.000000E+0	2.629715E+0	-9.000000E-5	8.800000E-6	-7.150000E-7	3.505000E-4	4.100000E-6	0.000000E+0	0.000000E+0	1.964247E-4	2.976042E-9	0.000000E+0	0.000000E+0	1.004022E+1	0.000000E+0	3.000000E+0
24-Apr-25	15:45:56	-0.000000E+0	2.638690E+0	-9.000000E-5	8.795000E-6	-7.000000E-7	3.511000E-4	4.100000E-6	0.000000E+0	0.000000E+0	1.964247E-4	2.976042E-9	0.000000E+0	0.000000E+0	1.004022E+1	0.000000E+0	3.000000E+0
24-Apr-25	15:45:57	-0.000000E+0	2.646760E+0	-9.000000E-5	8.785000E-6	-7.200000E-7	3.508000E-4	4.350000E-6	0.000000E+0	0.000000E+0	1.964247E-4	2.976042E-9	0.000000E+0	0.000000E+0	1.004022E+1	0.000000E+0	3.000000E+0
24-Apr-25	15:45:57	-0.000000E+0	2.655700E+0	-9.000000E-5	8.755000E-6	-6.900000E-7	3.505500E-4	3.350000E-6	0.000000E+0	0.000000E+0	1.964247E-4	2.976042E-9	0.000000E+0	0.000000E+0	1.004022E+1	0.000000E+0	3.000000E+0
24-Apr-25	15:45:58	-0.000000E+0	2.664630E+0	-9.000000E-5	8.710000E-6	-7.100000E-7	3.505500E-4	4.500000E-6	0.000000E+0	0.000000E+0	1.964247E-4	2.976042E-9	0.000000E+0	0.000000E+0	1.004022E+1	0.000000E+0	3.000000E+0
24-Apr-25	15:45:58	-0.000000E+0	2.672630E+0	-9.000000E-5	8.670000E-6	-6.500000E-7	3.509500E-4	4.150000E-6	0.000000E+0	0.000000E+0	1.964247E-4	2.976042E-9	0.000000E+0	0.000000E+0	1.004022E+1	0.000000E+0	3.000000E+0
24-Apr-25	15:45:58	-0.000000E+0	2.681495E+0	-9.000000E-5	8.675000E-6	-6.750000E-7	3.505500E-4	3.800000E-6	0.000000E+0	0.000000E+0	1.964247E-4	2.976042E-9	0.000000E+0	0.000000E+0	1.004022E+1	0.000000E+0	3.000000E+0
24-Apr-25	15:45:59	-0.000000E+0	2.689475E+0	-9.000000E-5	8.655000E-6	-6.900000E-7	3.509500E-4	3.950000E-6	0.000000E+0	0.000000E+0	1.964247E-4	2.976042E-9	0.000000E+0	0.000000E+0	1.004022E+1	0.000000E+0	3.000000E+0
24-Apr-25	15:46:00	-0.000000E+0	2.698300E+0	-9.000000E-5	8.645000E-6	-7.050000E-7	3.505000E-4	4.300000E-6	0.000000E+0	0.000000E+0	1.964247E-4	2.976042E-9	0.000000E+0	0.000000E+0	1.004022E+1	0.000000E+0	3.000000E+0
24-Apr-25	15:46:00	-0.000000E+0	2.710900E+0	-9.000000E-5	8.565000E-6	-6.750000E-7	3.509500E-4	4.350000E-6	0.000000E+0	0.000000E+0	1.964247E-4	2.976042E-9	0.000000E+0	0.000000E+0	1.004022E+1	0.000000E+0	3.000000E+0
24-Apr-25	15:46:01	-0.000000E+0	2.718785E+0	-9.000000E-5	8.565000E-6	-6.950000E-7	3.510000E-4	3.800000E-6	0.000000E+0	0.000000E+0	1.964247E-4	2.976042E-9	0.000000E+0	0.000000E+0	1.004022E+1	0.000000E+0	3.000000E+0
24-Apr-25	15:46:01	-0.000000E+0	2.727525E+0	-9.000000E-5	8.565000E-6	-6.900000E-7	3.507000E-4	4.700000E-6	0.000000E+0	0.000000E+0	1.964247E-4	2.976042E-9	0.000000E+0	0.000000E+0	1.004022E+1	0.000000E+0	3.000000E+0
24-Apr-25	15:46:02	-0.000000E+0	2.735360E+0	-9.000000E-5	8.540000E-6	-6.550000E-7	3.512500E-4	3.600000E-6	0.000000E+0	0.000000E+0	1.964247E-4	2.976042E-9	0.000000E+0	0.000000E+0	1.004022E+1	0.000000E+0	3.000000E+0
24-Apr-25	15:46:02	-0.000000E+0	2.743185E+0	-9.000000E-5	8.560000E-6	-6.250000E-7	3.505000E-4	4.250000E-6	0.000000E+0	0.000000E+0	1.964247E-4	2.976042E-9	0.000000E+0	0.000000E+0	1.004022E+1	0.000000E+0	3.000000E+0
24-Apr-25	15:46:03	-0.000000E+0	2.751855E+0	-9.000000E-5	8.520000E-6	-5.700000E-7	3.512000E-4	3.950000E-6	0.000000E+0	0.000000E+0	1.964247E-4	2.976042E-9	0.000000E+0	0.000000E+0	1.004022E+1	0.000000E+0	3.000000E+0
24-Apr-25	15:46:03	-0.000000E+0	2.764820E+0	-9.000000E-5	8.470000E-6	-6.600000E-7	3.513000E-4	3.950000E-6	0.000000E+0	0.000000E+0	1.964247E-4	2.976042E-9	0.000000E+0	0.000000E+0	1.004022E+1	0.000000E+0	3.000000E+0
24-Apr-25	15:46:04	-0.000000E+0	2.778010E+0	-9.000000E-5	8.460000E-6	-7.600000E-7	3.508500E-4	3.650000E-6	0.000000E+0	0.000000E+0	1.964247E-4	2.976042E-9	0.000000E+0	0.000000E+0	1.004022E+1	0.000000E+0	3.000000E+0
24-Apr-25	15:46:05	-0.000000E+0	2.786580E+0	-9.000000E-5	8.480000E-6	-6.300000E-7	3.512500E-4	4.350000E-6	0.000000E+0	0.000000E+0	1.964247E-4	2.976042E-9	0.000000E+0	0.000000E+0	1.004022E+1	0.000000E+0	3.000000E+0
24-Apr-25	15:46:05	-0.000000E+0	2.795110E+0	-9.000000E-5	8.395000E-6	-7.150000E-7	3.511500E-4	4.250000E-6	0.000000E+0	0.000000E+0	1.964247E-4	2.976042E-9	0.000000E+0	0.000000E+0	1.004022E+1	0.000000E+0	3.000000E+0
24-Apr-25	15:46:06	-0.000000E+0	2.803640E+0	-9.000000E-5	8.365000E-6	-6.650000E-7	3.518000E-4	4.500000E-6	0.000000E+0	0.000000E+0	1.964247E-4	2.976042E-9	0.000000E+0	0.000000E+0	1.004022E+1	0.000000E+0	3.000000E+0
24-Apr-25	15:46:06	-0.000000E+0	2.812140E+0	-9.000000E-5	8.355000E-6	-6.350000E-7	3.512500E-4	4.400000E-6	0.000000E+0	0.000000E+0	1.964247E-4	2.976042E-9	0.000000E+0	0.000000E+0	1.004022E+1	0.000000E+0	3.000000E+0
24-Apr-25	15:46:07	-0.000000E+0	2.820600E+0	-9.000000E-5	8.275000E-6	-6.800000E-7	3.513000E-4	4.400000E-6	0.000000E+0	0.000000E+0	1.964247E-4	2.976042E-9	0.000000E+0	0.000000E+0	1.004022E+1	0.000000E+0	3.000000E+0
24-Apr-25	15:46:07	-0.000000E+0	2.829045E+0	-9.000000E-5	8.245000E-6	-7.050000E-7	3.513500E-4	3.500000E-6	0.000000E+0	0.000000E+0	1.964247E-4	2.976042E-9	0.000000E+0	0.000000E+0	1.004022E+1	0.000000E+0	3.000000E+0
24-Apr-25	15:46:07	-0.000000E+0	2.836625E+0	-9.000000E-5	8.230000E-6	-6.800000E-7	3.517500E-4	3.800000E-6	0.000000E+0	0.000000E+0	1.964247E-4	2.976042E-9	0.000000E+0	0.000000E+0	1.004022E+1	0.000000E+0	3.000000E+0
24-Apr-25	15:46:08	-0.000000E+0	2.845020E+0	-9.000000E-5	8.225000E-6	-6.800000E-7	3.517000E-4	4.050000E-6	0.000000E+0	0.000000E+0	1.964247E-4	2.976042E-9	0.000000E+0	0.000000E+0	1.004022E+1	0.000000E+0	3.000000E+0
24-Apr-25	15:46:08	-0.000000E+0	2.852555E+0	-9.000000E-5	8.220000E-6	-6.500000E-7	3.521000E-4	4.300000E-6	0.000000E+0	0.000000E+0	1.964247E-4	2.976042E-9	0.000000E+0	0.000000E+0	1.004022E+1	0.000000E+0	3.000000E+0
24-Apr-25	15:46:09	-0.000000E+0	2.860935E+0	-9.000000E-5	8.180000E-6	-6.450000E-7	3.517500E-4	3.900000E-6	0.000000E+0	0.000000E+0	1.964247E-4	2.976042E-9	0.000000E+0	0.000000E+0	1.004022E+1	0.000000E+0	3.000000E+0
24-Apr-25	15:46:09	-0.000000E+0	2.869260E+0	-9.000000E-5	8.170000E-6	-7.000000E-7	3.514500E-4	3.700000E-6	0.000000E+0	0.000000E+0	1.964247E-4	2.976042E-9	0.000000E+0	0.000000E+0	1.004022E+1	0.000000E+0	3.000000E+0
24-Apr-25	15:46:10	-0.000000E+0	2.876730E+0	-9.000000E-5	8.170000E-6	-6.700000E-7	3.517000E-4	4.250000E-6	0.000000E+0	0.000000E+0	1.964247E-4	2.976042E-9	0.000000E+0	0.000000E+0	1.004022E+1	0.000000E+0	3.000000E+0
24-Apr-25	15:46:10	-0.000000E+0	2.885010E+0	-9.000000E-5	8.140000E-6	-6.500000E-7	3.512500E-4	4.350000E-6	0.000000E+0	0.000000E+0	1.964247E-4	2.976042E-9	0.000000E+0	0.000000E+0	1.004022E+1	0.000000E+0	3.000000E+0
24-Apr-25	15:46:11	-0.000000E+0	2.894100E+0	-9.000000E-5	8.120000E-6	-5.850000E-7	3.515500E-4	3.950000E-6	0.000000E+0	0.000000E+0	1.964247E-4	2.976042E-9	0.000000E+0	0.000000E+0	1.004022E+1	0.000000E+0	3.000000E+0
24-Apr-25	15:46:11	-0.000000E+0	2.902330E+0	-9.000000E-5	8.115000E-6	-6.650000E-7	3.518000E-4	3.950000E-6	0.000000E+0	0.000000E+0	1.964247E-4	2.976042E-9	0.000000E+0	0.000000E+0	1.004022E+1	0.000000E+0	3.000000E+0
24-Apr-25	15:46:12	-0.000000E+0	2.910555E+0	-9.000000E-5	8.075000E-6	-6.900000E-7	3.513500E-4	4.150000E-6	0.000000E+0	0.000000E+0	1.964247E-4	2.976042E-9	0.000000E+0	0.000000E+0	1.004022E+1	0.000000E+0	3.000000E+0
24-Apr-25	15:46:12	-0.000000E+0	2.918750E+0	-9.000000E-5	8.035000E-6	-6.250000E-7	3.522500E-4	4.400000E-6	0.000000E+0	0.000000E+0	1.964247E-4	2.976042E-9	0.000000E+0	0.000000E+0	1.004022E+1	0.000000E+0	3.000000E+0
24-Apr-25	15:46:13	-0.000000E+0	2.926920E+0	-9.000000E-5	8.025000E-6	-6.500000E-7	3.514500E-4	4.700000E-6	0.000000E+0	0.000000E+0	1.964247E-4	2.976042E-9	0.000000E+0	0.000000E+0	1.004022E+1	0.000000E+0	3.000000E+0
24-Apr-25	15:46:13	-0.000000E+0	2.934240E+0	-9.000000E-5	8.020000E-6	-6.450000E-7	3.517000E-4	3.950000E-6	0.000000E+0	0.000000E+0	1.964247E-4	2.976042E-9	0.000000E+0	0.000000E+0	1.004022E+1	0.000000E+0	3.000000E+0
24-Apr-25	15:46:14	-0.000000E+0	2.941560E+0	-9.000000E-5	8.010000E-6	-6.250000E-7	3.516000E-4	4.050000E-6	0.000000E+0	0.000000E+0	1.964247E-4	2.976042E-9	0.000000E+0	0.000000E+0	1.004022E+1	0.000000E+0	3.000000E+0
24-Apr-25	15:46:14	-0.000000E+0	2.949645E+0	-9.000000E-5	8.005000E-6	-6.200000E-7	3.512500E-4	4.300000E-6	0.000000E+0	0.000000E+0	1.964247E-4	2.976042E-9	0.000000E+0	0.000000E+0	1.004022E+1	0.000000E+0	3.000000E+0
24-Apr-25	15:46:15	-0.000000E+0	2.957725E+0	-9.000000E-5	7.975000E-6	-6.350000E-7	3.517000E-4	4.100000E-6	0.000000E+0	0.000000E+0	1.964247E-4	2.976042E-9	0.000000E+0	0.000000E+0	1.004022E+1	0.000000E+0	3.000000E+0
24-Apr-25	15:46:15	-0.000000E+0	2.965785E+0	-9.000000E-5	7.900000E-6	-6.350000E-7	3.520000E-4	4.100000E-6	0.000000E+0	0.000000E+0	1.964247E-4	2.976042E-9	0.000000E+0	0.000000E+0	1.004022E+1	0.000000E+0	3.000000E+0
24-Apr-25	15:46:16	-0.000000E+0	2.973020E+0	-9.000000E-5	7.925000E-6	-6.350000E-7	3.518500E-4	4.150000E-6	0.000000E+0	0.000000E+0	1.964247E-4	2.976042E-9	0.000000E+0	0.000000E+0	1.004022E+1	0.000000E+0	3.000000E+0
24-Apr-25	15:46:16	-0.000000E+0	2.981020E+0	-9.000000E-5	7.920000E-6	-6.200000E-7	3.519000E-4	3.450000E-6	0.000000E+0	0.000000E+0	1.964247E-4	2.976042E-9	0.000000E+0	0.000000E+0	1.004022E+1	0.000000E+0	3.000000E+0
24-Apr-25	15:46:17	-0.000000E+0	2.993125E+0	-9.000000E-5	7.875000E-6	-6.300000E-7	3.514500E-4	3.950000E-6	0.000000E+0	0.000000E+0	1.964247E-4	2.976042E-9	0.000000E+0	0.000000E+0	1.004022E+1	0.000000E+0	3.000000E+0
24-Apr-25	15:46:18	-0.000000E+0	3.001870E+0	-9.000000E-5	7.855000E-6	-6.600000E-7	3.521500E-4	4.200000E-6	0.000000E+0	0.000000E+0	1.964247E-4	2.976042E-9	0.000000E+0	0.000000E+0	1.004022E+1	0.000000E+0	3.000000E+0
24-Apr-25	15:46:18	-0.000000E+0	3.009660E+0	-9.000000E-5	7.870000E-6	-6.350000E-7	3.516000E-4	4.150000E-6	0.000000E+0	0.000000E+0	1.964247E-4	2.976042E-9	0.000000E+0	0.000000E+0	1.004022E+1	0.000000E+0	3.000000E+0
24-Apr-25	15:46:19	-0.000000E+0	3.016770E+0	-9.000000E-5	7.840000E-6	-5.900000E-7	3.520500E-4	3.800000E-6	0.000000E+0	0.000000E+0	1.964247E-4	2.976042E-9	0.000000E+0	0.000000E+0	1.004022E+1	0.000000E+0	3.000000E+0
24-Apr-25	15:46:19	-0.000000E+0	3.024915E+0	-9.000000E-5	7.830000E-6	-6.300000E-7	3.519500E-4	3.750000E-6	0.000000E+0	0.000000E+0	1.964247E-4	2.976042E-9	0.000000E+0	0.000000E+0	1.004022E+1	0.000000E+0	3.000000E+0
24-Apr-25	15:46:20	-0.000000E+0	3.033555E+0	-9.000000E-5	7.845000E-6	-6.250000E-7	3.518500E-4	4.350000E-6	0.000000E+0	0.000000E+0	1.964247E-4	2.976042E-9	0.000000E+0	0.000000E+0	1.004022E+1	0.000000E+0	3.000000E+0
24-Apr-25	15:46:20	-0.000000E+0	3.041380E+0	-9.000000E-5	7.745000E-6	-6.650000E-7	3.520500E-4	4.100000E-6	0.000000E+0	0.000000E+0	1.964247E-4	2.976042E-9	0.000000E+0	0.000000E+0	1.004022E+1	0.000000E+0	3.000000E+0
24-Apr-25	15:46:21	-0.000000E+0	3.049190E+0	-9.000000E-5	7.675000E-6	-6.800000E-7	3.518000E-4	4.150000E-6	0.000000E+0	0.000000E+0	1.964247E-4	2.976042E-9	0.000000E+0	0.000000E+0	1.004022E+1	0.000000E+0	3.000000E+0
24-Apr-25	15:46:21	-0.000000E+0	3.058540E+0	-9.000000E-5	7.745000E-6	-6.000000E-7	3.512500E-4	3.550000E-6	0.000000E+0	0.000000E+0	1.964247E-4	2.976042E-9	0.000000E+0	0.000000E+0	1.004022E+1	0.000000E+0	3.000000E+0
24-Apr-25	15:46:22	-0.000000E+0	3.066310E+0	-9.000000E-5	7.750000E-6	-6.050000E-7	3.522500E-4	4.050000E-6	0.000000E+0	0.000000E+0	1.964247E-4	2.976042E-9	0.000000E+0	0.000000E+0	1.004022E+1	0.000000E+0	3.000000E+0
24-Apr-25	15:46:22	-0.000000E+0	3.074060E+0	-9.000000E-5	7.685000E-6	-6.400000E-7	3.522000E-4	3.950000E-6	0.000000E+0	0.000000E+0	1.964247E-4	2.976042E-9	0.000000E+0	0.000000E+0	1.004022E+1	0.000000E+0	3.000000E+0
24-Apr-25	15:46:23	-0.000000E+0	3.080995E+0	-9.000000E-5	7.670000E-6	-6.500000E-7	3.522500E-4	4.200000E-6	0.000000E+0	0.000000E+0	1.964247E-4	2.976042E-9	0.000000E+0	0.000000E+0	1.004022E+1	0.000000E+0	3.000000E+0
24-Apr-25	15:46:23	-0.000000E+0	3.088705E+0	-9.000000E-5	7.650000E-6	-6.200000E-7	3.524000E-4	4.100000E-6	0.000000E+0	0.000000E+0	1.964247E-4	2.976042E-9	0.000000E+0	0.000000E+0	1.004022E+1	0.000000E+0	3.000000E+0
24-Apr-25	15:46:24	-0.000000E+0	3.096390E+0	-9.000000E-5	7.645000E-6	-6.150000E-7	3.514500E-4	3.350000E-6	0.000000E+0	0.000000E+0	1.964247E-4	2.976042E-9	0.000000E+0	0.000000E+0	1.004022E+1	0.000000E+0	3.000000E+0
24-Apr-25	15:46:24	-0.000000E+0	3.104035E+0	-9.000000E-5	7.640000E-6	-6.600000E-7	3.520500E-4	3.800000E-6	0.000000E+0	0.000000E+0	1.964247E-4	2.976042E-9	0.000000E+0	0.000000E+0	1.004022E+1	0.000000E+0	3.000000E+0
24-Apr-25	15:46:25	-0.000000E+0	3.111665E+0	-9.000000E-5	7.610000E-6	-6.350000E-7	3.519500E-4	3.950000E-6	0.000000E+0	0.000000E+0	1.964247E-4	2.976042E-9	0.000000E+0	0.000000E+0	1.004022E+1	0.000000E+0	3.000000E+0
24-Apr-25	15:46:25	-0.000000E+0	3.120030E+0	-9.000000E-5	7.590000E-6	-6.150000E-7	3.525500E-4	4.100000E-6	0.000000E+0	0.000000E+0	1.964247E-4	2.976042E-9	0.000000E+0	0.000000E+0	1.004022E+1	0.000000E+0	3.000000E+0
24-Apr-25	15:46:26	-0.000000E+0	3.127615E+0	-9.000000E-5	7.590000E-6	-6.350000E-7	3.518000E-4	4.050000E-6	0.000000E+0	0.000000E+0	1.964247E-4	2.976042E-9	0.000000E+0	0.000000E+0	1.004022E+1	0.000000E+0	3.000000E+0
24-Apr-25	15:46:26	-0.000000E+0	3.134430E+0	-9.000000E-5	7.575000E-6	-6.400000E-7	3.520000E-4	3.900000E-6	0.000000E+0	0.000000E+0	1.964247E-4	2.976042E-9	0.000000E+0	0.000000E+0	1.004022E+1	0.000000E+0	3.000000E+0
24-Apr-25	15:46:27	-0.000000E+0	3.141980E+0	-9.000000E-5	7.515000E-6	-5.900000E-7	3.525000E-4	4.500000E-6	0.000000E+0	0.000000E+0	1.964247E-4	2.976042E-9	0.000000E+0	0.000000E+0	1.004022E+1	0.000000E+0	3.000000E+0
24-Apr-25	15:46:27	-0.000000E+0	3.149500E+0	-9.000000E-5	7.490000E-6	-5.200000E-7	3.524000E-4	4.050000E-6	0.000000E+0	0.000000E+0	1.964247E-4	2.976042E-9	0.000000E+0	0.000000E+0	1.004022E+1	0.000000E+0	3.000000E+0
24-Apr-25	15:46:28	-0.000000E+0	3.157005E+0	-9.000000E-5	7.460000E-6	-5.850000E-7	3.518000E-4	4.250000E-6	0.000000E+0	0.000000E+0	1.964247E-4	2.976042E-9	0.000000E+0	0.000000E+0	1.004022E+1	0.000000E+0	3.000000E+0
24-Apr-25	15:46:28	-0.000000E+0	3.164470E+0	-9.000000E-5	7.495000E-6	-6.500000E-7	3.520500E-4	4.350000E-6	0.000000E+0	0.000000E+0	1.964247E-4	2.976042E-9	0.000000E+0	0.000000E+0	1.004022E+1	0.000000E+0	3.000000E+0
24-Apr-25	15:46:29	-0.000000E+0	3.171185E+0	-9.000000E-5	7.485000E-6	-6.250000E-7	3.518500E-4	4.500000E-6	0.000000E+0	0.000000E+0	1.964247E-4	2.976042E-9	0.000000E+0	0.000000E+0	1.004022E+1	0.000000E+0	3.000000E+0
24-Apr-25	15:46:29	-0.000000E+0	3.178625E+0	-9.000000E-5	7.450000E-6	-5.950000E-7	3.520000E-4	4.150000E-6	0.000000E+0	0.000000E+0	1.964247E-4	2.976042E-9	0.000000E+0	0.000000E+0	1.004022E+1	0.000000E+0	3.000000E+0
24-Apr-25	15:46:30	-0.000000E+0	3.186050E+0	-9.000000E-5	7.395000E-6	-6.150000E-7	3.520500E-4	4.650000E-6	0.000000E+0	0.000000E+0	1.964247E-4	2.976042E-9	0.000000E+0	0.000000E+0	1.004022E+1	0.000000E+0	3.000000E+0
24-Apr-25	15:46:30	-0.000000E+0	3.193435E+0	-9.000000E-5	7.450000E-6	-6.400000E-7	3.520500E-4	4.200000E-6	0.000000E+0	0.000000E+0	1.964247E-4	2.976042E-9	0.000000E+0	0.000000E+0	1.004022E+1	0.000000E+0	3.000000E+0
24-Apr-25	15:46:31	-0.000000E+0	3.200075E+0	-9.000000E-5	7.435000E-6	-6.200000E-7	3.524500E-4	4.250000E-6	0.000000E+0	0.000000E+0	1.964247E-4	2.976042E-9	0.000000E+0	0.000000E+0	1.004022E+1	0.000000E+0	3.000000E+0
24-Apr-25	15:46:31	-0.000000E+0	3.207435E+0	-9.000000E-5	7.445000E-6	-5.900000E-7	3.523500E-4	4.850000E-6	0.000000E+0	0.000000E+0	1.964247E-4	2.976042E-9	0.000000E+0	0.000000E+0	1.004022E+1	0.000000E+0	3.000000E+0
24-Apr-25	15:46:32	-0.000000E+0	3.214760E+0	-9.000000E-5	7.415000E-6	-6.100000E-7	3.529500E-4	4.250000E-6	0.000000E+0	0.000000E+0	1.964247E-4	2.976042E-9	0.000000E+0	0.000000E+0	1.004022E+1	0.000000E+0	3.000000E+0
24-Apr-25	15:46:32	-0.000000E+0	3.224980E+0	-9.000000E-5	7.400000E-6	-5.850000E-7	3.530000E-4	3.650000E-6	0.000000E+0	0.000000E+0	1.964247E-4	2.976042E-9	0.000000E+0	0.000000E+0	1.004022E+1	0.000000E+0	3.000000E+0
24-Apr-25	15:46:33	-0.000000E+0	3.233000E+0	-9.000000E-5	7.350000E-6	-5.850000E-7	3.524500E-4	4.250000E-6	0.000000E+0	0.000000E+0	1.964247E-4	2.976042E-9	0.000000E+0	0.000000E+0	1.004022E+1	0.000000E+0	3.000000E+0
24-Apr-25	15:46:33	-0.000000E+0	3.239535E+0	-9.000000E-5	7.325000E-6	-5.650000E-7	3.525500E-4	4.250000E-6	0.000000E+0	0.000000E+0	1.964247E-4	2.976042E-9	0.000000E+0	0.000000E+0	1.004022E+1	0.000000E+0	3.000000E+0
24-Apr-25	15:46:34	-0.000000E+0	3.246790E+0	-9.000000E-5	7.285000E-6	-5.800000E-7	3.526500E-4	3.950000E-6	0.000000E+0	0.000000E+0	1.964247E-4	2.976042E-9	0.000000E+0	0.000000E+0	1.004022E+1	0.000000E+0	3.000000E+0
24-Apr-25	15:46:34	-0.000000E+0	3.253990E+0	-9.000000E-5	7.315000E-6	-5.550000E-7	3.527500E-4	4.300000E-6	0.000000E+0	0.000000E+0	1.964247E-4	2.976042E-9	0.000000E+0	0.000000E+0	1.004022E+1	0.000000E+0	3.000000E+0
24-Apr-25	15:46:35	-0.000000E+0	3.260595E+0	-9.000000E-5	7.300000E-6	-5.100000E-7	3.523500E-4	4.650000E-6	0.000000E+0	0.000000E+0	1.964247E-4	2.976042E-9	0.000000E+0	0.000000E+0	1.004022E+1	0.000000E+0	3.000000E+0
24-Apr-25	15:46:35	-0.000000E+0	3.267645E+0	-9.000000E-5	7.310000E-6	-5.600000E-7	3.522500E-4	4.450000E-6	0.000000E+0	0.000000E+0	1.964247E-4	2.976042E-9	0.000000E+0	0.000000E+0	1.004022E+1	0.000000E+0	3.000000E+0
24-Apr-25	15:46:36	-0.000000E+0	3.274100E+0	-9.000000E-5	7.280000E-6	-5.850000E-7	3.528000E-4	4.350000E-6	0.000000E+0	0.000000E+0	1.964247E-4	2.976042E-9	0.000000E+0	0.000000E+0	1.004022E+1	0.000000E+0	3.000000E+0
24-Apr-25	15:46:36	-0.000000E+0	3.281495E+0	-9.000000E-5	7.225000E-6	-5.750000E-7	3.531000E-4	3.850000E-6	0.000000E+0	0.000000E+0	1.964247E-4	2.976042E-9	0.000000E+0	0.000000E+0	1.004022E+1	0.000000E+0	3.000000E+0
24-Apr-25	15:46:37	-0.000000E+0	3.288495E+0	-9.000000E-5	7.200000E-6	-5.850000E-7	3.531500E-4	3.600000E-6	0.000000E+0	0.000000E+0	1.964247E-4	2.976042E-9	0.000000E+0	0.000000E+0	1.004022E+1	0.000000E+0	3.000000E+0
24-Apr-25	15:46:37	-0.000000E+0	3.298550E+0	-9.000000E-5	7.190000E-6	-5.550000E-7	3.527000E-4	5.100000E-6	0.000000E+0	0.000000E+0	1.964247E-4	2.976042E-9	0.000000E+0	0.000000E+0	1.004022E+1	0.000000E+0	3.000000E+0
24-Apr-25	15:46:38	-0.000000E+0	3.305620E+0	-9.000000E-5	7.155000E-6	-5.650000E-7	3.527000E-4	4.500000E-6	0.000000E+0	0.000000E+0	1.964247E-4	2.976042E-9	0.000000E+0	0.000000E+0	1.004022E+1	0.000000E+0	3.000000E+0
24-Apr-25	15:46:38	-0.000000E+0	3.313370E+0	-9.000000E-5	7.215000E-6	-5.950000E-7	3.529000E-4	5.000000E-6	0.000000E+0	0.000000E+0	1.964247E-4	2.976042E-9	0.000000E+0	0.000000E+0	1.004022E+1	0.000000E+0	3.000000E+0
24-Apr-25	15:46:39	-0.000000E+0	3.320405E+0	-9.000000E-5	7.180000E-6	-5.850000E-7	3.529000E-4	4.400000E-6	0.000000E+0	0.000000E+0	1.964247E-4	2.976042E-9	0.000000E+0	0.000000E+0	1.004022E+1	0.000000E+0	3.000000E+0
24-Apr-25	15:46:39	-0.000000E+0	3.326715E+0	-9.000000E-5	7.120000E-6	-6.000000E-7	3.530000E-4	3.350000E-6	0.000000E+0	0.000000E+0	1.964247E-4	2.976042E-9	0.000000E+0	0.000000E+0	1.004022E+1	0.000000E+0	3.000000E+0
24-Apr-25	15:46:40	-0.000000E+0	3.333715E+0	-9.000000E-5	7.120000E-6	-5.850000E-7	3.524000E-4	3.800000E-6	0.000000E+0	0.000000E+0	1.964247E-4	2.976042E-9	0.000000E+0	0.000000E+0	1.004022E+1	0.000000E+0	3.000000E+0
24-Apr-25	15:46:41	-0.000000E+0	3.342060E+0	-9.000000E-5	7.095000E-6	-5.400000E-7	3.526000E-4	3.600000E-6	0.000000E+0	0.000000E+0	1.964247E-4	2.976042E-9	0.000000E+0	0.000000E+0	1.004022E+1	0.000000E+0	3.000000E+0
24-Apr-25	15:46:41	-0.000000E+0	3.349005E+0	-9.000000E-5	7.110000E-6	-5.300000E-7	3.529500E-4	4.500000E-6	0.000000E+0	0.000000E+0	1.964247E-4	2.976042E-9	0.000000E+0	0.000000E+0	1.004022E+1	0.000000E+0	3.000000E+0
24-Apr-25	15:46:42	-0.000000E+0	3.355935E+0	-9.000000E-5	7.140000E-6	-5.500000E-7	3.529500E-4	3.200000E-6	0.000000E+0	0.000000E+0	1.964247E-4	2.976042E-9	0.000000E+0	0.000000E+0	1.004022E+1	0.000000E+0	3.000000E+0
24-Apr-25	15:46:42	-0.000000E+0	3.363075E+0	-9.000000E-5	7.110000E-6	-6.100000E-7	3.527000E-4	3.800000E-6	0.000000E+0	0.000000E+0	1.964247E-4	2.976042E-9	0.000000E+0	0.000000E+0	1.004022E+1	0.000000E+0	3.000000E+0
24-Apr-25	15:46:42	-0.000000E+0	3.369030E+0	-9.000000E-5	7.075000E-6	-6.100000E-7	3.522500E-4	4.650000E-6	0.000000E+0	0.000000E+0	1.964247E-4	2.976042E-9	0.000000E+0	0.000000E+0	1.004022E+1	0.000000E+0	3.000000E+0
24-Apr-25	15:46:43	-0.000000E+0	3.376000E+0	-9.000000E-5	7.020000E-6	-5.100000E-7	3.530500E-4	3.650000E-6	0.000000E+0	0.000000E+0	1.964247E-4	2.976042E-9	0.000000E+0	0.000000E+0	1.004022E+1	0.000000E+0	3.000000E+0
24-Apr-25	15:46:44	-0.000000E+0	3.382965E+0	-9.000000E-5	7.050000E-6	-5.500000E-7	3.525000E-4	3.800000E-6	0.000000E+0	0.000000E+0	1.964247E-4	2.976042E-9	0.000000E+0	0.000000E+0	1.004022E+1	0.000000E+0	3.000000E+0
24-Apr-25	15:46:44	-0.000000E+0	3.391155E+0	-9.000000E-5	7.040000E-6	-6.200000E-7	3.528500E-4	4.350000E-6	0.000000E+0	0.000000E+0	1.964247E-4	2.976042E-9	0.000000E+0	0.000000E+0	1.004022E+1	0.000000E+0	3.000000E+0
24-Apr-25	15:46:45	-0.000000E+0	3.397960E+0	-9.000000E-5	7.000000E-6	-6.450000E-7	3.528000E-4	4.050000E-6	0.000000E+0	0.000000E+0	1.964247E-4	2.976042E-9	0.000000E+0	0.000000E+0	1.004022E+1	0.000000E+0	3.000000E+0
24-Apr-25	15:46:45	-0.000000E+0	3.404070E+0	-9.000000E-5	6.985000E-6	-5.800000E-7	3.531500E-4	3.950000E-6	0.000000E+0	0.000000E+0	1.964247E-4	2.976042E-9	0.000000E+0	0.000000E+0	1.004022E+1	0.000000E+0	3.000000E+0
24-Apr-25	15:46:46	-0.000000E+0	3.410850E+0	-9.000000E-5	6.965000E-6	-5.700000E-7	3.529500E-4	4.350000E-6	0.000000E+0	0.000000E+0	1.964247E-4	2.976042E-9	0.000000E+0	0.000000E+0	1.004022E+1	0.000000E+0	3.000000E+0
24-Apr-25	15:46:46	-0.000000E+0	3.418265E+0	-9.000000E-5	7.020000E-6	-5.700000E-7	3.530000E-4	3.950000E-6	0.000000E+0	0.000000E+0	1.964247E-4	2.976042E-9	0.000000E+0	0.000000E+0	1.004022E+1	0.000000E+0	3.000000E+0
24-Apr-25	15:46:47	-0.000000E+0	3.425665E+0	-9.000000E-5	6.990000E-6	-4.900000E-7	3.534500E-4	4.300000E-6	0.000000E+0	0.000000E+0	1.964247E-4	2.976042E-9	0.000000E+0	0.000000E+0	1.004022E+1	0.000000E+0	3.000000E+0
24-Apr-25	15:46:47	-0.000000E+0	3.431695E+0	-9.000000E-5	6.940000E-6	-5.800000E-7	3.529500E-4	4.500000E-6	0.000000E+0	0.000000E+0	1.964247E-4	2.976042E-9	0.000000E+0	0.000000E+0	1.004022E+1	0.000000E+0	3.000000E+0
24-Apr-25	15:46:48	-0.000000E+0	3.438380E+0	-9.000000E-5	6.940000E-6	-5.900000E-7	3.525000E-4	4.000000E-6	0.000000E+0	0.000000E+0	1.964247E-4	2.976042E-9	0.000000E+0	0.000000E+0	1.004022E+1	0.000000E+0	3.000000E+0
24-Apr-25	15:46:48	-0.000000E+0	3.445045E+0	-9.000000E-5	6.905000E-6	-5.600000E-7	3.531000E-4	3.450000E-6	0.000000E+0	0.000000E+0	1.964247E-4	2.976042E-9	0.000000E+0	0.000000E+0	1.004022E+1	0.000000E+0	3.000000E+0
24-Apr-25	15:46:49	-0.000000E+0	3.451035E+0	-9.000000E-5	6.955000E-6	-5.800000E-7	3.535000E-4	4.200000E-6	0.000000E+0	0.000000E+0	1.964247E-4	2.976042E-9	0.000000E+0	0.000000E+0	1.004022E+1	0.000000E+0	3.000000E+0
24-Apr-25	15:46:49	-0.000000E+0	3.457675E+0	-9.000000E-5	6.895000E-6	-5.950000E-7	3.529000E-4	3.550000E-6	0.000000E+0	0.000000E+0	1.964247E-4	2.976042E-9	0.000000E+0	0.000000E+0	1.004022E+1	0.000000E+0	3.000000E+0
24-Apr-25	15:46:50	-0.000000E+0	3.467150E+0	-9.000000E-5	6.890000E-6	-6.050000E-7	3.533500E-4	4.550000E-6	0.000000E+0	0.000000E+0	1.964247E-4	2.976042E-9	0.000000E+0	0.000000E+0	1.004022E+1	0.000000E+0	3.000000E+0
24-Apr-25	15:46:50	-0.000000E+0	3.473735E+0	-9.000000E-5	6.850000E-6	-5.550000E-7	3.534500E-4	4.050000E-6	0.000000E+0	0.000000E+0	1.964247E-4	2.976042E-9	0.000000E+0	0.000000E+0	1.004022E+1	0.000000E+0	3.000000E+0
24-Apr-25	15:46:51	-0.000000E+0	3.480955E+0	-9.000000E-5	6.825000E-6	-5.650000E-7	3.526500E-4	4.400000E-6	0.000000E+0	0.000000E+0	1.964247E-4	2.976042E-9	0.000000E+0	0.000000E+0	1.004022E+1	0.000000E+0	3.000000E+0
24-Apr-25	15:46:51	-0.000000E+0	3.487485E+0	-9.000000E-5	6.900000E-6	-5.750000E-7	3.533000E-4	3.800000E-6	0.000000E+0	0.000000E+0	1.964247E-4	2.976042E-9	0.000000E+0	0.000000E+0	1.004022E+1	0.000000E+0	3.000000E+0
24-Apr-25	15:46:52	-0.000000E+0	3.494015E+0	-9.000000E-5	6.850000E-6	-5.950000E-7	3.532500E-4	4.350000E-6	0.000000E+0	0.000000E+0	1.964247E-4	2.976042E-9	0.000000E+0	0.000000E+0	1.004022E+1	0.000000E+0	3.000000E+0
24-Apr-25	15:46:52	-0.000000E+0	3.499870E+0	-9.000000E-5	6.830000E-6	-5.550000E-7	3.540000E-4	4.250000E-6	0.000000E+0	0.000000E+0	1.964247E-4	2.976042E-9	0.000000E+0	0.000000E+0	1.004022E+1	0.000000E+0	3.000000E+0
24-Apr-25	15:46:53	-0.000000E+0	3.506360E+0	-9.000000E-5	6.850000E-6	-5.550000E-7	3.537500E-4	3.950000E-6	0.000000E+0	0.000000E+0	1.964247E-4	2.976042E-9	0.000000E+0	0.000000E+0	1.004022E+1	0.000000E+0	3.000000E+0
24-Apr-25	15:46:53	-0.000000E+0	3.513495E+0	-9.000000E-5	6.815000E-6	-6.100000E-7	3.534000E-4	4.300000E-6	0.000000E+0	0.000000E+0	1.964247E-4	2.976042E-9	0.000000E+0	0.000000E+0	1.004022E+1	0.000000E+0	3.000000E+0
24-Apr-25	15:46:54	-0.000000E+0	3.519945E+0	-9.000000E-5	6.770000E-6	-5.750000E-7	3.533000E-4	3.950000E-6	0.000000E+0	0.000000E+0	1.964247E-4	2.976042E-9	0.000000E+0	0.000000E+0	1.004022E+1	0.000000E+0	3.000000E+0
24-Apr-25	15:46:54	-0.000000E+0	3.526360E+0	-9.000000E-5	6.805000E-6	-5.750000E-7	3.532500E-4	4.500000E-6	0.000000E+0	0.000000E+0	1.964247E-4	2.976042E-9	0.000000E+0	0.000000E+0	1.004022E+1	0.000000E+0	3.000000E+0
24-Apr-25	15:46:55	-0.000000E+0	3.532125E+0	-9.000000E-5	6.785000E-6	-5.650000E-7	3.531000E-4	4.350000E-6	0.000000E+0	0.000000E+0	1.964247E-4	2.976042E-9	0.000000E+0	0.000000E+0	1.004022E+1	0.000000E+0	3.000000E+0
24-Apr-25	15:46:55	-0.000000E+0	3.538540E+0	-9.000000E-5	6.715000E-6	-5.650000E-7	3.535500E-4	4.350000E-6	0.000000E+0	0.000000E+0	1.964247E-4	2.976042E-9	0.000000E+0	0.000000E+0	1.004022E+1	0.000000E+0	3.000000E+0
24-Apr-25	15:46:56	-0.000000E+0	3.544910E+0	-9.000000E-5	6.700000E-6	-5.800000E-7	3.530500E-4	4.250000E-6	0.000000E+0	0.000000E+0	1.964247E-4	2.976042E-9	0.000000E+0	0.000000E+0	1.004022E+1	0.000000E+0	3.000000E+0
24-Apr-25	15:46:56	-0.000000E+0	3.551275E+0	-9.000000E-5	6.705000E-6	-5.450000E-7	3.524500E-4	4.350000E-6	0.000000E+0	0.000000E+0	1.964247E-4	2.976042E-9	0.000000E+0	0.000000E+0	1.004022E+1	0.000000E+0	3.000000E+0
24-Apr-25	15:46:57	-0.000000E+0	3.557085E+0	-9.000000E-5	6.705000E-6	-5.300000E-7	3.538000E-4	3.850000E-6	0.000000E+0	0.000000E+0	1.964247E-4	2.976042E-9	0.000000E+0	0.000000E+0	1.004022E+1	0.000000E+0	3.000000E+0
24-Apr-25	15:46:57	-0.000000E+0	3.563410E+0	-9.000000E-5	6.660000E-6	-5.300000E-7	3.533000E-4	4.050000E-6	0.000000E+0	0.000000E+0	1.964247E-4	2.976042E-9	0.000000E+0	0.000000E+0	1.004022E+1	0.000000E+0	3.000000E+0
24-Apr-25	15:46:58	-0.000000E+0	3.571070E+0	-9.000000E-5	6.655000E-6	-5.400000E-7	3.534000E-4	4.050000E-6	0.000000E+0	0.000000E+0	1.964247E-4	2.976042E-9	0.000000E+0	0.000000E+0	1.004022E+1	0.000000E+0	3.000000E+0
24-Apr-25	15:46:58	-0.000000E+0	3.577350E+0	-9.000000E-5	6.690000E-6	-5.400000E-7	3.534500E-4	4.350000E-6	0.000000E+0	0.000000E+0	1.964247E-4	2.976042E-9	0.000000E+0	0.000000E+0	1.004022E+1	0.000000E+0	3.000000E+0
24-Apr-25	15:46:59	-0.000000E+0	3.583625E+0	-9.000000E-5	6.705000E-6	-5.150000E-7	3.530500E-4	4.300000E-6	0.000000E+0	0.000000E+0	1.964247E-4	2.976042E-9	0.000000E+0	0.000000E+0	1.004022E+1	0.000000E+0	3.000000E+0
24-Apr-25	15:47:00	-0.000000E+0	3.593090E+0	-9.000000E-5	6.650000E-6	-5.450000E-7	3.541000E-4	4.050000E-6	0.000000E+0	0.000000E+0	1.964247E-4	2.976042E-9	0.000000E+0	0.000000E+0	1.004022E+1	0.000000E+0	3.000000E+0
24-Apr-25	15:47:00	-0.000000E+0	3.600040E+0	-9.000000E-5	6.655000E-6	-5.600000E-7	3.535500E-4	4.600000E-6	0.000000E+0	0.000000E+0	1.964247E-4	2.976042E-9	0.000000E+0	0.000000E+0	1.004022E+1	0.000000E+0	3.000000E+0
24-Apr-25	15:47:01	-0.000000E+0	3.605620E+0	-9.000000E-5	6.670000E-6	-5.650000E-7	3.539000E-4	4.000000E-6	0.000000E+0	0.000000E+0	1.964247E-4	2.976042E-9	0.000000E+0	0.000000E+0	1.004022E+1	0.000000E+0	3.000000E+0
24-Apr-25	15:47:01	-0.000000E+0	3.611800E+0	-9.000000E-5	6.640000E-6	-6.200000E-7	3.540000E-4	3.650000E-6	0.000000E+0	0.000000E+0	1.964247E-4	2.976042E-9	0.000000E+0	0.000000E+0	1.004022E+1	0.000000E+0	3.000000E+0
24-Apr-25	15:47:02	-0.000000E+0	3.617975E+0	-9.000000E-5	6.580000E-6	-5.600000E-7	3.537000E-4	3.800000E-6	0.000000E+0	0.000000E+0	1.964247E-4	2.976042E-9	0.000000E+0	0.000000E+0	1.004022E+1	0.000000E+0	3.000000E+0
24-Apr-25	15:47:02	-0.000000E+0	3.624730E+0	-9.000000E-5	6.595000E-6	-5.200000E-7	3.544000E-4	3.450000E-6	0.000000E+0	0.000000E+0	1.964247E-4	2.976042E-9	0.000000E+0	0.000000E+0	1.004022E+1	0.000000E+0	3.000000E+0
24-Apr-25	15:47:03	-0.000000E+0	3.630865E+0	-9.000000E-5	6.595000E-6	-5.050000E-7	3.538000E-4	3.500000E-6	0.000000E+0	0.000000E+0	1.964247E-4	2.976042E-9	0.000000E+0	0.000000E+0	1.004022E+1	0.000000E+0	3.000000E+0
24-Apr-25	15:47:03	-0.000000E+0	3.637000E+0	-9.000000E-5	6.585000E-6	-5.000000E-7	3.536000E-4	4.150000E-6	0.000000E+0	0.000000E+0	1.964247E-4	2.976042E-9	0.000000E+0	0.000000E+0	1.004022E+1	0.000000E+0	3.000000E+0
24-Apr-25	15:47:04	-0.000000E+0	3.646135E+0	-9.000000E-5	6.610000E-6	-5.450000E-7	3.541000E-4	4.250000E-6	0.000000E+0	0.000000E+0	1.964247E-4	2.976042E-9	0.000000E+0	0.000000E+0	1.004022E+1	0.000000E+0	3.000000E+0
24-Apr-25	15:47:04	-0.000000E+0	3.652805E+0	-9.000000E-5	6.570000E-6	-5.400000E-7	3.532500E-4	4.000000E-6	0.000000E+0	0.000000E+0	1.964247E-4	2.976042E-9	0.000000E+0	0.000000E+0	1.004022E+1	0.000000E+0	3.000000E+0
24-Apr-25	15:47:05	-0.000000E+0	3.658845E+0	-9.000000E-5	6.530000E-6	-5.500000E-7	3.536000E-4	4.400000E-6	0.000000E+0	0.000000E+0	1.964247E-4	2.976042E-9	0.000000E+0	0.000000E+0	1.004022E+1	0.000000E+0	3.000000E+0
24-Apr-25	15:47:05	-0.000000E+0	3.665470E+0	-9.000000E-5	6.555000E-6	-5.250000E-7	3.535500E-4	3.800000E-6	0.000000E+0	0.000000E+0	1.964247E-4	2.976042E-9	0.000000E+0	0.000000E+0	1.004022E+1	0.000000E+0	3.000000E+0
24-Apr-25	15:47:06	-0.000000E+0	3.671085E+0	-9.000000E-5	6.560000E-6	-5.150000E-7	3.537000E-4	4.300000E-6	0.000000E+0	0.000000E+0	1.964247E-4	2.976042E-9	0.000000E+0	0.000000E+0	1.004022E+1	0.000000E+0	3.000000E+0
24-Apr-25	15:47:07	-0.000000E+0	3.677075E+0	-9.000000E-5	6.530000E-6	-5.100000E-7	3.536500E-4	3.700000E-6	0.000000E+0	0.000000E+0	1.964247E-4	2.976042E-9	0.000000E+0	0.000000E+0	1.004022E+1	0.000000E+0	3.000000E+0
24-Apr-25	15:47:07	-0.000000E+0	3.683635E+0	-9.000000E-5	6.490000E-6	-5.000000E-7	3.537000E-4	4.350000E-6	0.000000E+0	0.000000E+0	1.964247E-4	2.976042E-9	0.000000E+0	0.000000E+0	1.004022E+1	0.000000E+0	3.000000E+0
24-Apr-25	15:47:08	-0.000000E+0	3.689585E+0	-9.000000E-5	6.480000E-6	-5.050000E-7	3.534000E-4	4.100000E-6	0.000000E+0	0.000000E+0	1.964247E-4	2.976042E-9	0.000000E+0	0.000000E+0	1.004022E+1	0.000000E+0	3.000000E+0
24-Apr-25	15:47:08	-0.000000E+0	3.695525E+0	-9.000000E-5	6.470000E-6	-4.850000E-7	3.538000E-4	4.500000E-6	0.000000E+0	0.000000E+0	1.964247E-4	2.976042E-9	0.000000E+0	0.000000E+0	1.004022E+1	0.000000E+0	3.000000E+0
24-Apr-25	15:47:09	-0.000000E+0	3.701460E+0	-9.000000E-5	6.470000E-6	-4.800000E-7	3.541000E-4	4.150000E-6	0.000000E+0	0.000000E+0	1.964247E-4	2.976042E-9	0.000000E+0	0.000000E+0	1.004022E+1	0.000000E+0	3.000000E+0
24-Apr-25	15:47:09	-0.000000E+0	3.707950E+0	-9.000000E-5	6.470000E-6	-5.050000E-7	3.537500E-4	4.200000E-6	0.000000E+0	0.000000E+0	1.964247E-4	2.976042E-9	0.000000E+0	0.000000E+0	1.004022E+1	0.000000E+0	3.000000E+0
24-Apr-25	15:47:10	-0.000000E+0	3.713830E+0	-9.000000E-5	6.465000E-6	-5.150000E-7	3.542500E-4	3.900000E-6	0.000000E+0	0.000000E+0	1.964247E-4	2.976042E-9	0.000000E+0	0.000000E+0	1.004022E+1	0.000000E+0	3.000000E+0
24-Apr-25	15:47:10	-0.000000E+0	3.719705E+0	-9.000000E-5	6.425000E-6	-4.900000E-7	3.545000E-4	4.650000E-6	0.000000E+0	0.000000E+0	1.964247E-4	2.976042E-9	0.000000E+0	0.000000E+0	1.004022E+1	0.000000E+0	3.000000E+0
24-Apr-25	15:47:11	-0.000000E+0	3.725560E+0	-9.000000E-5	6.410000E-6	-5.000000E-7	3.536500E-4	3.400000E-6	0.000000E+0	0.000000E+0	1.964247E-4	2.976042E-9	0.000000E+0	0.000000E+0	1.004022E+1	0.000000E+0	3.000000E+0
24-Apr-25	15:47:11	-0.000000E+0	3.730825E+0	-9.000000E-5	6.390000E-6	-5.200000E-7	3.542500E-4	3.700000E-6	0.000000E+0	0.000000E+0	1.964247E-4	2.976042E-9	0.000000E+0	0.000000E+0	1.004022E+1	0.000000E+0	3.000000E+0
24-Apr-25	15:47:12	-0.000000E+0	3.736650E+0	-9.000000E-5	6.385000E-6	-5.350000E-7	3.539000E-4	4.500000E-6	0.000000E+0	0.000000E+0	1.964247E-4	2.976042E-9	0.000000E+0	0.000000E+0	1.004022E+1	0.000000E+0	3.000000E+0
24-Apr-25	15:47:12	-0.000000E+0	3.741880E+0	-9.000000E-5	6.405000E-6	-5.000000E-7	3.537500E-4	4.500000E-6	0.000000E+0	0.000000E+0	1.964247E-4	2.976042E-9	0.000000E+0	0.000000E+0	1.004022E+1	0.000000E+0	3.000000E+0
24-Apr-25	15:47:12	-0.000000E+0	3.747650E+0	-9.000000E-5	6.415000E-6	-5.100000E-7	3.539000E-4	4.250000E-6	0.000000E+0	0.000000E+0	1.964247E-4	2.976042E-9	0.000000E+0	0.000000E+0	1.004022E+1	0.000000E+0	3.000000E+0
24-Apr-25	15:47:13	-0.000000E+0	3.753425E+0	-9.000000E-5	6.385000E-6	-5.000000E-7	3.537000E-4	3.950000E-6	0.000000E+0	0.000000E+0	1.964247E-4	2.976042E-9	0.000000E+0	0.000000E+0	1.004022E+1	0.000000E+0	3.000000E+0
24-Apr-25	15:47:13	-0.000000E+0	3.758615E+0	-9.000000E-5	6.380000E-6	-4.900000E-7	3.543000E-4	4.450000E-6	0.000000E+0	0.000000E+0	1.964247E-4	2.976042E-9	0.000000E+0	0.000000E+0	1.004022E+1	0.000000E+0	3.000000E+0
24-Apr-25	15:47:14	-0.000000E+0	3.764345E+0	-9.000000E-5	6.405000E-6	-5.100000E-7	3.542500E-4	4.500000E-6	0.000000E+0	0.000000E+0	1.964247E-4	2.976042E-9	0.000000E+0	0.000000E+0	1.004022E+1	0.000000E+0	3.000000E+0
24-Apr-25	15:47:14	-0.000000E+0	3.770065E+0	-9.000000E-5	6.340000E-6	-5.100000E-7	3.545000E-4	4.200000E-6	0.000000E+0	0.000000E+0	1.964247E-4	2.976042E-9	0.000000E+0	0.000000E+0	1.004022E+1	0.000000E+0	3.000000E+0
24-Apr-25	15:47:15	-0.000000E+0	3.775785E+0	-9.000000E-5	6.330000E-6	-5.050000E-7	3.537000E-4	3.850000E-6	0.000000E+0	0.000000E+0	1.964247E-4	2.976042E-9	0.000000E+0	0.000000E+0	1.004022E+1	0.000000E+0	3.000000E+0
24-Apr-25	15:47:16	-0.000000E+0	3.783835E+0	-9.000000E-5	6.370000E-6	-4.900000E-7	3.542000E-4	4.100000E-6	0.000000E+0	0.000000E+0	1.964247E-4	2.976042E-9	0.000000E+0	0.000000E+0	1.004022E+1	0.000000E+0	3.000000E+0
24-Apr-25	15:47:16	-0.000000E+0	3.792425E+0	-9.000000E-5	6.350000E-6	-4.850000E-7	3.546500E-4	4.600000E-6	0.000000E+0	0.000000E+0	1.964247E-4	2.976042E-9	0.000000E+0	0.000000E+0	1.004022E+1	0.000000E+0	3.000000E+0
24-Apr-25	15:47:17	-0.000000E+0	3.798080E+0	-9.000000E-5	6.370000E-6	-5.100000E-7	3.543000E-4	4.200000E-6	0.000000E+0	0.000000E+0	1.964247E-4	2.976042E-9	0.000000E+0	0.000000E+0	1.004022E+1	0.000000E+0	3.000000E+0
24-Apr-25	15:47:17	-0.000000E+0	3.804260E+0	-9.000000E-5	6.350000E-6	-5.000000E-7	3.542500E-4	4.550000E-6	0.000000E+0	0.000000E+0	1.964247E-4	2.976042E-9	0.000000E+0	0.000000E+0	1.004022E+1	0.000000E+0	3.000000E+0
24-Apr-25	15:47:18	-0.000000E+0	3.809875E+0	-9.000000E-5	6.335000E-6	-5.100000E-7	3.545000E-4	4.500000E-6	0.000000E+0	0.000000E+0	1.964247E-4	2.976042E-9	0.000000E+0	0.000000E+0	1.004022E+1	0.000000E+0	3.000000E+0
24-Apr-25	15:47:18	-0.000000E+0	3.814915E+0	-9.000000E-5	6.300000E-6	-4.950000E-7	3.541000E-4	4.500000E-6	0.000000E+0	0.000000E+0	1.964247E-4	2.976042E-9	0.000000E+0	0.000000E+0	1.004022E+1	0.000000E+0	3.000000E+0
24-Apr-25	15:47:19	-0.000000E+0	3.819925E+0	-9.000000E-5	6.255000E-6	-4.950000E-7	3.546000E-4	4.350000E-6	0.000000E+0	0.000000E+0	1.964247E-4	2.976042E-9	0.000000E+0	0.000000E+0	1.004022E+1	0.000000E+0	3.000000E+0
24-Apr-25	15:47:19	-0.000000E+0	3.825480E+0	-9.000000E-5	6.205000E-6	-5.100000E-7	3.545500E-4	3.950000E-6	0.000000E+0	0.000000E+0	1.964247E-4	2.976042E-9	0.000000E+0	0.000000E+0	1.004022E+1	0.000000E+0	3.000000E+0
24-Apr-25	15:47:20	-0.000000E+0	3.831020E+0	-9.000000E-5	6.225000E-6	-5.350000E-7	3.542500E-4	4.450000E-6	0.000000E+0	0.000000E+0	1.964247E-4	2.976042E-9	0.000000E+0	0.000000E+0	1.004022E+1	0.000000E+0	3.000000E+0
24-Apr-25	15:47:20	-0.000000E+0	3.836550E+0	-9.000000E-5	6.230000E-6	-5.300000E-7	3.536500E-4	4.400000E-6	0.000000E+0	0.000000E+0	1.964247E-4	2.976042E-9	0.000000E+0	0.000000E+0	1.004022E+1	0.000000E+0	3.000000E+0
24-Apr-25	15:47:21	-0.000000E+0	3.841505E+0	-9.000000E-5	6.245000E-6	-5.050000E-7	3.546500E-4	4.250000E-6	0.000000E+0	0.000000E+0	1.964247E-4	2.976042E-9	0.000000E+0	0.000000E+0	1.004022E+1	0.000000E+0	3.000000E+0
24-Apr-25	15:47:21	-0.000000E+0	3.846460E+0	-9.000000E-5	6.225000E-6	-4.950000E-7	3.538500E-4	3.950000E-6	0.000000E+0	0.000000E+0	1.964247E-4	2.976042E-9	0.000000E+0	0.000000E+0	1.004022E+1	0.000000E+0	3.000000E+0
24-Apr-25	15:47:22	-0.000000E+0	3.853230E+0	-9.000000E-5	6.240000E-6	-5.050000E-7	3.548000E-4	4.050000E-6	0.000000E+0	0.000000E+0	1.964247E-4	2.976042E-9	0.000000E+0	0.000000E+0	1.004022E+1	0.000000E+0	3.000000E+0
24-Apr-25	15:47:22	-0.000000E+0	3.858690E+0	-9.000000E-5	6.245000E-6	-5.650000E-7	3.544000E-4	3.850000E-6	0.000000E+0	0.000000E+0	1.964247E-4	2.976042E-9	0.000000E+0	0.000000E+0	1.004022E+1	0.000000E+0	3.000000E+0
24-Apr-25	15:47:23	-0.000000E+0	3.864140E+0	-9.000000E-5	6.190000E-6	-5.500000E-7	3.548000E-4	3.950000E-6	0.000000E+0	0.000000E+0	1.964247E-4	2.976042E-9	0.000000E+0	0.000000E+0	1.004022E+1	0.000000E+0	3.000000E+0
24-Apr-25	15:47:23	-0.000000E+0	3.869045E+0	-9.000000E-5	6.215000E-6	-5.250000E-7	3.538000E-4	4.300000E-6	0.000000E+0	0.000000E+0	1.964247E-4	2.976042E-9	0.000000E+0	0.000000E+0	1.004022E+1	0.000000E+0	3.000000E+0
24-Apr-25	15:47:24	-0.000000E+0	3.874465E+0	-9.000000E-5	6.190000E-6	-5.350000E-7	3.543500E-4	3.500000E-6	0.000000E+0	0.000000E+0	1.964247E-4	2.976042E-9	0.000000E+0	0.000000E+0	1.004022E+1	0.000000E+0	3.000000E+0
24-Apr-25	15:47:24	-0.000000E+0	3.881035E+0	-9.000000E-5	6.145000E-6	-5.100000E-7	3.544000E-4	3.850000E-6	0.000000E+0	0.000000E+0	1.964247E-4	2.976042E-9	0.000000E+0	0.000000E+0	1.004022E+1	0.000000E+0	3.000000E+0
24-Apr-25	15:47:25	-0.000000E+0	3.886520E+0	-9.000000E-5	6.130000E-6	-4.950000E-7	3.542500E-4	4.050000E-6	0.000000E+0	0.000000E+0	1.964247E-4	2.976042E-9	0.000000E+0	0.000000E+0	1.004022E+1	0.000000E+0	3.000000E+0
24-Apr-25	15:47:26	-0.000000E+0	3.892405E+0	-9.000000E-5	6.175000E-6	-4.450000E-7	3.544000E-4	4.550000E-6	0.000000E+0	0.000000E+0	1.964247E-4	2.976042E-9	0.000000E+0	0.000000E+0	1.004022E+1	0.000000E+0	3.000000E+0
24-Apr-25	15:47:26	-0.000000E+0	3.897770E+0	-9.000000E-5	6.175000E-6	-4.650000E-7	3.543000E-4	4.450000E-6	0.000000E+0	0.000000E+0	1.964247E-4	2.976042E-9	0.000000E+0	0.000000E+0	1.004022E+1	0.000000E+0	3.000000E+0
24-Apr-25	15:47:26	-0.000000E+0	3.903115E+0	-9.000000E-5	6.190000E-6	-4.950000E-7	3.548000E-4	4.150000E-6	0.000000E+0	0.000000E+0	1.964247E-4	2.976042E-9	0.000000E+0	0.000000E+0	1.004022E+1	0.000000E+0	3.000000E+0
24-Apr-25	15:47:27	-0.000000E+0	3.907890E+0	-9.000000E-5	6.170000E-6	-4.700000E-7	3.544500E-4	4.250000E-6	0.000000E+0	0.000000E+0	1.964247E-4	2.976042E-9	0.000000E+0	0.000000E+0	1.004022E+1	0.000000E+0	3.000000E+0
24-Apr-25	15:47:27	-0.000000E+0	3.913190E+0	-9.000000E-5	6.140000E-6	-4.900000E-7	3.546000E-4	3.950000E-6	0.000000E+0	0.000000E+0	1.964247E-4	2.976042E-9	0.000000E+0	0.000000E+0	1.004022E+1	0.000000E+0	3.000000E+0
24-Apr-25	15:47:28	-0.000000E+0	3.918495E+0	-9.000000E-5	6.155000E-6	-4.950000E-7	3.542500E-4	4.250000E-6	0.000000E+0	0.000000E+0	1.964247E-4	2.976042E-9	0.000000E+0	0.000000E+0	1.004022E+1	0.000000E+0	3.000000E+0
24-Apr-25	15:47:28	-0.000000E+0	3.923785E+0	-9.000000E-5	6.130000E-6	-4.950000E-7	3.542500E-4	3.500000E-6	0.000000E+0	0.000000E+0	1.964247E-4	2.976042E-9	0.000000E+0	0.000000E+0	1.004022E+1	0.000000E+0	3.000000E+0
24-Apr-25	15:47:29	-0.000000E+0	3.929560E+0	-9.000000E-5	6.125000E-6	-5.050000E-7	3.548000E-4	4.300000E-6	0.000000E+0	0.000000E+0	1.964247E-4	2.976042E-9	0.000000E+0	0.000000E+0	1.004022E+1	0.000000E+0	3.000000E+0
24-Apr-25	15:47:29	-0.000000E+0	3.934785E+0	-9.000000E-5	6.040000E-6	-5.400000E-7	3.545000E-4	4.100000E-6	0.000000E+0	0.000000E+0	1.964247E-4	2.976042E-9	0.000000E+0	0.000000E+0	1.004022E+1	0.000000E+0	3.000000E+0
24-Apr-25	15:47:30	-0.000000E+0	3.941145E+0	-9.000000E-5	6.080000E-6	-4.950000E-7	3.547500E-4	3.950000E-6	0.000000E+0	0.000000E+0	1.964247E-4	2.976042E-9	0.000000E+0	0.000000E+0	1.004022E+1	0.000000E+0	3.000000E+0
24-Apr-25	15:47:31	-0.000000E+0	3.946965E+0	-9.000000E-5	6.135000E-6	-4.750000E-7	3.544000E-4	3.900000E-6	0.000000E+0	0.000000E+0	1.964247E-4	2.976042E-9	0.000000E+0	0.000000E+0	1.004022E+1	0.000000E+0	3.000000E+0
24-Apr-25	15:47:31	-0.000000E+0	3.952170E+0	-9.000000E-5	6.055000E-6	-4.800000E-7	3.551500E-4	4.650000E-6	0.000000E+0	0.000000E+0	1.964247E-4	2.976042E-9	0.000000E+0	0.000000E+0	1.004022E+1	0.000000E+0	3.000000E+0
24-Apr-25	15:47:32	-0.000000E+0	3.957360E+0	-9.000000E-5	6.075000E-6	-5.250000E-7	3.550500E-4	4.100000E-6	0.000000E+0	0.000000E+0	1.964247E-4	2.976042E-9	0.000000E+0	0.000000E+0	1.004022E+1	0.000000E+0	3.000000E+0
24-Apr-25	15:47:32	-0.000000E+0	3.963030E+0	-9.000000E-5	6.090000E-6	-5.550000E-7	3.546000E-4	4.550000E-6	0.000000E+0	0.000000E+0	1.964247E-4	2.976042E-9	0.000000E+0	0.000000E+0	1.004022E+1	0.000000E+0	3.000000E+0
24-Apr-25	15:47:33	-0.000000E+0	3.968180E+0	-9.000000E-5	6.090000E-6	-5.200000E-7	3.548000E-4	3.700000E-6	0.000000E+0	0.000000E+0	1.964247E-4	2.976042E-9	0.000000E+0	0.000000E+0	1.004022E+1	0.000000E+0	3.000000E+0
24-Apr-25	15:47:33	-0.000000E+0	3.973305E+0	-9.000000E-5	6.070000E-6	-5.200000E-7	3.546500E-4	4.900000E-6	0.000000E+0	0.000000E+0	1.964247E-4	2.976042E-9	0.000000E+0	0.000000E+0	1.004022E+1	0.000000E+0	3.000000E+0
24-Apr-25	15:47:34	-0.000000E+0	3.978425E+0	-9.000000E-5	6.015000E-6	-4.650000E-7	3.543000E-4	4.500000E-6	0.000000E+0	0.000000E+0	1.964247E-4	2.976042E-9	0.000000E+0	0.000000E+0	1.004022E+1	0.000000E+0	3.000000E+0
24-Apr-25	15:47:34	-0.000000E+0	3.985565E+0	-9.000000E-5	6.070000E-6	-4.300000E-7	3.548500E-4	4.050000E-6	0.000000E+0	0.000000E+0	1.964247E-4	2.976042E-9	0.000000E+0	0.000000E+0	1.004022E+1	0.000000E+0	3.000000E+0
24-Apr-25	15:47:35	-0.000000E+0	3.990640E+0	-9.000000E-5	6.045000E-6	-4.450000E-7	3.551500E-4	4.000000E-6	0.000000E+0	0.000000E+0	1.964247E-4	2.976042E-9	0.000000E+0	0.000000E+0	1.004022E+1	0.000000E+0	3.000000E+0
24-Apr-25	15:47:35	-0.000000E+0	3.995700E+0	-9.000000E-5	6.035000E-6	-4.750000E-7	3.546000E-4	4.350000E-6	0.000000E+0	0.000000E+0	1.964247E-4	2.976042E-9	0.000000E+0	0.000000E+0	1.004022E+1	0.000000E+0	3.000000E+0
24-Apr-25	15:47:36	-0.000000E+0	4.000745E+0	-9.000000E-5	6.005000E-6	-4.800000E-7	3.549000E-4	4.350000E-6	0.000000E+0	0.000000E+0	1.964247E-4	2.976042E-9	0.000000E+0	0.000000E+0	1.004022E+1	0.000000E+0	3.000000E+0
24-Apr-25	15:47:37	-0.000000E+0	4.005780E+0	-9.000000E-5	6.040000E-6	-4.900000E-7	3.547500E-4	4.250000E-6	0.000000E+0	0.000000E+0	1.964247E-4	2.976042E-9	0.000000E+0	0.000000E+0	1.004022E+1	0.000000E+0	3.000000E+0
24-Apr-25	15:47:37	-0.000000E+0	4.012310E+0	-9.000000E-5	6.025000E-6	-4.950000E-7	3.553000E-4	3.800000E-6	0.000000E+0	0.000000E+0	1.964247E-4	2.976042E-9	0.000000E+0	0.000000E+0	1.004022E+1	0.000000E+0	3.000000E+0
24-Apr-25	15:47:38	-0.000000E+0	4.017400E+0	-9.000000E-5	6.015000E-6	-4.600000E-7	3.547500E-4	3.500000E-6	0.000000E+0	0.000000E+0	1.964247E-4	2.976042E-9	0.000000E+0	0.000000E+0	1.004022E+1	0.000000E+0	3.000000E+0
24-Apr-25	15:47:38	-0.000000E+0	4.022475E+0	-9.000000E-5	6.020000E-6	-4.900000E-7	3.548500E-4	4.650000E-6	0.000000E+0	0.000000E+0	1.964247E-4	2.976042E-9	0.000000E+0	0.000000E+0	1.004022E+1	0.000000E+0	3.000000E+0
24-Apr-25	15:47:39	-0.000000E+0	4.027445E+0	-9.000000E-5	6.000000E-6	-4.900000E-7	3.542500E-4	3.900000E-6	0.000000E+0	0.000000E+0	1.964247E-4	2.976042E-9	0.000000E+0	0.000000E+0	1.004022E+1	0.000000E+0	3.000000E+0
24-Apr-25	15:47:39	-0.000000E+0	4.032900E+0	-9.000000E-5	5.990000E-6	-4.950000E-7	3.549500E-4	3.600000E-6	0.000000E+0	0.000000E+0	1.964247E-4	2.976042E-9	0.000000E+0	0.000000E+0	1.004022E+1	0.000000E+0	3.000000E+0
24-Apr-25	15:47:40	-0.000000E+0	4.037840E+0	-9.000000E-5	5.990000E-6	-5.400000E-7	3.550500E-4	3.950000E-6	0.000000E+0	0.000000E+0	1.964247E-4	2.976042E-9	0.000000E+0	0.000000E+0	1.004022E+1	0.000000E+0	3.000000E+0
24-Apr-25	15:47:40	-0.000000E+0	4.042760E+0	-9.000000E-5	6.025000E-6	-5.100000E-7	3.546500E-4	4.150000E-6	0.000000E+0	0.000000E+0	1.964247E-4	2.976042E-9	0.000000E+0	0.000000E+0	1.004022E+1	0.000000E+0	3.000000E+0
24-Apr-25	15:47:41	-0.000000E+0	4.048655E+0	-9.000000E-5	5.980000E-6	-4.950000E-7	3.550000E-4	4.050000E-6	0.000000E+0	0.000000E+0	1.964247E-4	2.976042E-9	0.000000E+0	0.000000E+0	1.004022E+1	0.000000E+0	3.000000E+0
24-Apr-25	15:47:41	-0.000000E+0	4.053545E+0	-9.000000E-5	5.965000E-6	-4.850000E-7	3.545500E-4	4.450000E-6	0.000000E+0	0.000000E+0	1.964247E-4	2.976042E-9	0.000000E+0	0.000000E+0	1.004022E+1	0.000000E+0	3.000000E+0
24-Apr-25	15:47:42	-0.000000E+0	4.058425E+0	-9.000000E-5	5.930000E-6	-4.750000E-7	3.548000E-4	4.050000E-6	0.000000E+0	0.000000E+0	1.964247E-4	2.976042E-9	0.000000E+0	0.000000E+0	1.004022E+1	0.000000E+0	3.000000E+0
24-Apr-25	15:47:42	-0.000000E+0	4.062810E+0	-9.000000E-5	5.965000E-6	-5.050000E-7	3.546500E-4	3.950000E-6	0.000000E+0	0.000000E+0	1.964247E-4	2.976042E-9	0.000000E+0	0.000000E+0	1.004022E+1	0.000000E+0	3.000000E+0
24-Apr-25	15:47:43	-0.000000E+0	4.067670E+0	-9.000000E-5	5.950000E-6	-4.800000E-7	3.549500E-4	4.050000E-6	0.000000E+0	0.000000E+0	1.964247E-4	2.976042E-9	0.000000E+0	0.000000E+0	1.004022E+1	0.000000E+0	3.000000E+0
24-Apr-25	15:47:43	-0.000000E+0	4.072515E+0	-9.000000E-5	5.940000E-6	-4.750000E-7	3.550000E-4	4.350000E-6	0.000000E+0	0.000000E+0	1.964247E-4	2.976042E-9	0.000000E+0	0.000000E+0	1.004022E+1	0.000000E+0	3.000000E+0
24-Apr-25	15:47:44	-0.000000E+0	4.076855E+0	-9.000000E-5	5.960000E-6	-4.750000E-7	3.548000E-4	3.650000E-6	0.000000E+0	0.000000E+0	1.964247E-4	2.976042E-9	0.000000E+0	0.000000E+0	1.004022E+1	0.000000E+0	3.000000E+0
24-Apr-25	15:47:44	-0.000000E+0	4.081675E+0	-9.000000E-5	5.950000E-6	-5.250000E-7	3.551500E-4	4.450000E-6	0.000000E+0	0.000000E+0	1.964247E-4	2.976042E-9	0.000000E+0	0.000000E+0	1.004022E+1	0.000000E+0	3.000000E+0
24-Apr-25	15:47:45	-0.000000E+0	4.086485E+0	-9.000000E-5	5.950000E-6	-4.800000E-7	3.546500E-4	3.950000E-6	0.000000E+0	0.000000E+0	1.964247E-4	2.976042E-9	0.000000E+0	0.000000E+0	1.004022E+1	0.000000E+0	3.000000E+0
24-Apr-25	15:47:45	-0.000000E+0	4.092855E+0	-9.000000E-5	5.920000E-6	-4.450000E-7	3.553000E-4	4.000000E-6	0.000000E+0	0.000000E+0	1.964247E-4	2.976042E-9	0.000000E+0	0.000000E+0	1.004022E+1	0.000000E+0	3.000000E+0
24-Apr-25	15:47:46	-0.000000E+0	4.098085E+0	-9.000000E-5	5.915000E-6	-4.400000E-7	3.546000E-4	3.800000E-6	0.000000E+0	0.000000E+0	1.964247E-4	2.976042E-9	0.000000E+0	0.000000E+0	1.004022E+1	0.000000E+0	3.000000E+0
24-Apr-25	15:47:46	-0.000000E+0	4.102825E+0	-9.000000E-5	5.890000E-6	-4.700000E-7	3.549500E-4	3.700000E-6	0.000000E+0	0.000000E+0	1.964247E-4	2.976042E-9	0.000000E+0	0.000000E+0	1.004022E+1	0.000000E+0	3.000000E+0
24-Apr-25	15:47:47	-0.000000E+0	4.107575E+0	-9.000000E-5	5.910000E-6	-5.000000E-7	3.552500E-4	4.250000E-6	0.000000E+0	0.000000E+0	1.964247E-4	2.976042E-9	0.000000E+0	0.000000E+0	1.004022E+1	0.000000E+0	3.000000E+0
24-Apr-25	15:47:47	-0.000000E+0	4.112285E+0	-9.000000E-5	5.915000E-6	-4.750000E-7	3.551500E-4	4.100000E-6	0.000000E+0	0.000000E+0	1.964247E-4	2.976042E-9	0.000000E+0	0.000000E+0	1.004022E+1	0.000000E+0	3.000000E+0
24-Apr-25	15:47:48	-0.000000E+0	4.116985E+0	-9.000000E-5	5.885000E-6	-4.700000E-7	3.546500E-4	3.850000E-6	0.000000E+0	0.000000E+0	1.964247E-4	2.976042E-9	0.000000E+0	0.000000E+0	1.004022E+1	0.000000E+0	3.000000E+0
24-Apr-25	15:47:48	-0.000000E+0	4.122630E+0	-9.000000E-5	5.920000E-6	-4.550000E-7	3.551500E-4	3.950000E-6	0.000000E+0	0.000000E+0	1.964247E-4	2.976042E-9	0.000000E+0	0.000000E+0	1.004022E+1	0.000000E+0	3.000000E+0
24-Apr-25	15:47:49	-0.000000E+0	4.126845E+0	-9.000000E-5	5.910000E-6	-4.200000E-7	3.554500E-4	4.000000E-6	0.000000E+0	0.000000E+0	1.964247E-4	2.976042E-9	0.000000E+0	0.000000E+0	1.004022E+1	0.000000E+0	3.000000E+0
24-Apr-25	15:47:49	-0.000000E+0	4.131045E+0	-9.000000E-5	5.905000E-6	-4.450000E-7	3.552500E-4	4.350000E-6	0.000000E+0	0.000000E+0	1.964247E-4	2.976042E-9	0.000000E+0	0.000000E+0	1.004022E+1	0.000000E+0	3.000000E+0
24-Apr-25	15:47:50	-0.000000E+0	4.135695E+0	-9.000000E-5	5.895000E-6	-4.650000E-7	3.549500E-4	3.600000E-6	0.000000E+0	0.000000E+0	1.964247E-4	2.976042E-9	0.000000E+0	0.000000E+0	1.004022E+1	0.000000E+0	3.000000E+0
24-Apr-25	15:47:50	-0.000000E+0	4.140340E+0	-9.000000E-5	5.875000E-6	-4.800000E-7	3.556500E-4	3.800000E-6	0.000000E+0	0.000000E+0	1.964247E-4	2.976042E-9	0.000000E+0	0.000000E+0	1.004022E+1	0.000000E+0	3.000000E+0
24-Apr-25	15:47:51	-0.000000E+0	4.144990E+0	-9.000000E-5	5.860000E-6	-4.700000E-7	3.545500E-4	4.350000E-6	0.000000E+0	0.000000E+0	1.964247E-4	2.976042E-9	0.000000E+0	0.000000E+0	1.004022E+1	0.000000E+0	3.000000E+0
24-Apr-25	15:47:51	-0.000000E+0	4.149600E+0	-9.000000E-5	5.900000E-6	-5.150000E-7	3.551000E-4	3.800000E-6	0.000000E+0	0.000000E+0	1.964247E-4	2.976042E-9	0.000000E+0	0.000000E+0	1.004022E+1	0.000000E+0	3.000000E+0
24-Apr-25	15:47:52	-0.000000E+0	4.154655E+0	-9.000000E-5	5.865000E-6	-4.800000E-7	3.548000E-4	4.650000E-6	0.000000E+0	0.000000E+0	1.964247E-4	2.976042E-9	0.000000E+0	0.000000E+0	1.004022E+1	0.000000E+0	3.000000E+0
24-Apr-25	15:47:52	-0.000000E+0	4.159240E+0	-9.000000E-5	5.855000E-6	-4.300000E-7	3.551000E-4	3.800000E-6	0.000000E+0	0.000000E+0	1.964247E-4	2.976042E-9	0.000000E+0	0.000000E+0	1.004022E+1	0.000000E+0	3.000000E+0
24-Apr-25	15:47:53	-0.000000E+0	4.163830E+0	-9.000000E-5	5.865000E-6	-4.750000E-7	3.554500E-4	3.950000E-6	0.000000E+0	0.000000E+0	1.964247E-4	2.976042E-9	0.000000E+0	0.000000E+0	1.004022E+1	0.000000E+0	3.000000E+0
24-Apr-25	15:47:53	-0.000000E+0	4.168395E+0	-9.000000E-5	5.805000E-6	-4.600000E-7	3.556500E-4	4.450000E-6	0.000000E+0	0.000000E+0	1.964247E-4	2.976042E-9	0.000000E+0	0.000000E+0	1.004022E+1	0.000000E+0	3.000000E+0
24-Apr-25	15:47:54	-0.000000E+0	4.172940E+0	-9.000000E-5	5.830000E-6	-5.050000E-7	3.548000E-4	3.450000E-6	0.000000E+0	0.000000E+0	1.964247E-4	2.976042E-9	0.000000E+0	0.000000E+0	1.004022E+1	0.000000E+0	3.000000E+0
24-Apr-25	15:47:54	-0.000000E+0	4.177020E+0	-9.000000E-5	5.830000E-6	-4.700000E-7	3.549000E-4	4.100000E-6	0.000000E+0	0.000000E+0	1.964247E-4	2.976042E-9	0.000000E+0	0.000000E+0	1.004022E+1	0.000000E+0	3.000000E+0
24-Apr-25	15:47:55	-0.000000E+0	4.181535E+0	-9.000000E-5	5.800000E-6	-5.000000E-7	3.553500E-4	4.100000E-6	0.000000E+0	0.000000E+0	1.964247E-4	2.976042E-9	0.000000E+0	0.000000E+0	1.004022E+1	0.000000E+0	3.000000E+0
24-Apr-25	15:47:55	-0.000000E+0	4.186040E+0	-9.000000E-5	5.805000E-6	-5.050000E-7	3.552000E-4	4.400000E-6	0.000000E+0	0.000000E+0	1.964247E-4	2.976042E-9	0.000000E+0	0.000000E+0	1.004022E+1	0.000000E+0	3.000000E+0
24-Apr-25	15:47:56	-0.000000E+0	4.190965E+0	-9.000000E-5	5.775000E-6	-4.650000E-7	3.560000E-4	3.650000E-6	0.000000E+0	0.000000E+0	1.964247E-4	2.976042E-9	0.000000E+0	0.000000E+0	1.004022E+1	0.000000E+0	3.000000E+0
24-Apr-25	15:47:56	-0.000000E+0	4.195455E+0	-9.000000E-5	5.780000E-6	-4.850000E-7	3.550000E-4	4.250000E-6	0.000000E+0	0.000000E+0	1.964247E-4	2.976042E-9	0.000000E+0	0.000000E+0	1.004022E+1	0.000000E+0	3.000000E+0
24-Apr-25	15:47:57	-0.000000E+0	4.199985E+0	-9.000000E-5	5.775000E-6	-5.000000E-7	3.548000E-4	4.500000E-6	0.000000E+0	0.000000E+0	1.964247E-4	2.976042E-9	0.000000E+0	0.000000E+0	1.004022E+1	0.000000E+0	3.000000E+0
24-Apr-25	15:47:58	-0.000000E+0	4.205420E+0	-9.000000E-5	5.820000E-6	-4.550000E-7	3.556500E-4	4.350000E-6	0.000000E+0	0.000000E+0	1.964247E-4	2.976042E-9	0.000000E+0	0.000000E+0	1.004022E+1	0.000000E+0	3.000000E+0
24-Apr-25	15:47:58	-0.000000E+0	4.209855E+0	-9.000000E-5	5.820000E-6	-4.500000E-7	3.548000E-4	3.800000E-6	0.000000E+0	0.000000E+0	1.964247E-4	2.976042E-9	0.000000E+0	0.000000E+0	1.004022E+1	0.000000E+0	3.000000E+0
24-Apr-25	15:47:59	-0.000000E+0	4.214275E+0	-9.000000E-5	5.790000E-6	-4.850000E-7	3.551000E-4	4.400000E-6	0.000000E+0	0.000000E+0	1.964247E-4	2.976042E-9	0.000000E+0	0.000000E+0	1.004022E+1	0.000000E+0	3.000000E+0
24-Apr-25	15:47:59	-0.000000E+0	4.219585E+0	-9.000000E-5	5.805000E-6	-4.650000E-7	3.551500E-4	3.800000E-6	0.000000E+0	0.000000E+0	1.964247E-4	2.976042E-9	0.000000E+0	0.000000E+0	1.004022E+1	0.000000E+0	3.000000E+0
24-Apr-25	15:48:00	-0.000000E+0	4.224420E+0	-9.000000E-5	5.800000E-6	-4.450000E-7	3.559000E-4	4.800000E-6	0.000000E+0	0.000000E+0	1.964247E-4	2.976042E-9	0.000000E+0	0.000000E+0	1.004022E+1	0.000000E+0	3.000000E+0
24-Apr-25	15:48:00	-0.000000E+0	4.229240E+0	-9.000000E-5	5.770000E-6	-4.500000E-7	3.553500E-4	4.100000E-6	0.000000E+0	0.000000E+0	1.964247E-4	2.976042E-9	0.000000E+0	0.000000E+0	1.004022E+1	0.000000E+0	3.000000E+0
24-Apr-25	15:48:01	-0.000000E+0	4.233170E+0	-9.000000E-5	5.775000E-6	-4.850000E-7	3.548000E-4	4.100000E-6	0.000000E+0	0.000000E+0	1.964247E-4	2.976042E-9	0.000000E+0	0.000000E+0	1.004022E+1	0.000000E+0	3.000000E+0
24-Apr-25	15:48:02	-0.000000E+0	4.239340E+0	-9.000000E-5	5.760000E-6	-4.350000E-7	3.552500E-4	3.400000E-6	0.000000E+0	0.000000E+0	1.964247E-4	2.976042E-9	0.000000E+0	0.000000E+0	1.004022E+1	0.000000E+0	3.000000E+0
24-Apr-25	15:48:02	-0.000000E+0	4.244175E+0	-9.000000E-5	5.760000E-6	-4.450000E-7	3.561000E-4	4.950000E-6	0.000000E+0	0.000000E+0	1.964247E-4	2.976042E-9	0.000000E+0	0.000000E+0	1.004022E+1	0.000000E+0	3.000000E+0
24-Apr-25	15:48:02	-0.000000E+0	4.248500E+0	-9.000000E-5	5.765000E-6	-4.300000E-7	3.545500E-4	3.850000E-6	0.000000E+0	0.000000E+0	1.964247E-4	2.976042E-9	0.000000E+0	0.000000E+0	1.004022E+1	0.000000E+0	3.000000E+0
24-Apr-25	15:48:03	-0.000000E+0	4.252380E+0	-9.000000E-5	5.735000E-6	-4.250000E-7	3.558000E-4	3.900000E-6	0.000000E+0	0.000000E+0	1.964247E-4	2.976042E-9	0.000000E+0	0.000000E+0	1.004022E+1	0.000000E+0	3.000000E+0
24-Apr-25	15:48:03	-0.000000E+0	4.256680E+0	-9.000000E-5	5.780000E-6	-4.400000E-7	3.544000E-4	4.550000E-6	0.000000E+0	0.000000E+0	1.964247E-4	2.976042E-9	0.000000E+0	0.000000E+0	1.004022E+1	0.000000E+0	3.000000E+0
24-Apr-25	15:48:04	-0.000000E+0	4.260965E+0	-9.000000E-5	5.745000E-6	-4.700000E-7	3.556000E-4	3.950000E-6	0.000000E+0	0.000000E+0	1.964247E-4	2.976042E-9	0.000000E+0	0.000000E+0	1.004022E+1	0.000000E+0	3.000000E+0
24-Apr-25	15:48:04	-0.000000E+0	4.265245E+0	-9.000000E-5	5.750000E-6	-4.450000E-7	3.552500E-4	3.400000E-6	0.000000E+0	0.000000E+0	1.964247E-4	2.976042E-9	0.000000E+0	0.000000E+0	1.004022E+1	0.000000E+0	3.000000E+0
24-Apr-25	15:48:05	-0.000000E+0	4.269090E+0	-9.000000E-5	5.750000E-6	-4.800000E-7	3.553500E-4	4.100000E-6	0.000000E+0	0.000000E+0	1.964247E-4	2.976042E-9	0.000000E+0	0.000000E+0	1.004022E+1	0.000000E+0	3.000000E+0
24-Apr-25	15:48:05	-0.000000E+0	4.273410E+0	-9.000000E-5	5.710000E-6	-4.750000E-7	3.548000E-4	4.650000E-6	0.000000E+0	0.000000E+0	1.964247E-4	2.976042E-9	0.000000E+0	0.000000E+0	1.004022E+1	0.000000E+0	3.000000E+0
24-Apr-25	15:48:06	-0.000000E+0	4.277715E+0	-9.000000E-5	5.720000E-6	-4.700000E-7	3.558500E-4	4.600000E-6	0.000000E+0	0.000000E+0	1.964247E-4	2.976042E-9	0.000000E+0	0.000000E+0	1.004022E+1	0.000000E+0	3.000000E+0
24-Apr-25	15:48:06	-0.000000E+0	4.281525E+0	-9.000000E-5	5.755000E-6	-4.700000E-7	3.555000E-4	4.350000E-6	0.000000E+0	0.000000E+0	1.964247E-4	2.976042E-9	0.000000E+0	0.000000E+0	1.004022E+1	0.000000E+0	3.000000E+0
24-Apr-25	15:48:07	-0.000000E+0	4.286560E+0	-9.000000E-5	5.750000E-6	-4.350000E-7	3.558000E-4	4.500000E-6	0.000000E+0	0.000000E+0	1.964247E-4	2.976042E-9	0.000000E+0	0.000000E+0	1.004022E+1	0.000000E+0	3.000000E+0
24-Apr-25	15:48:07	-0.000000E+0	4.290760E+0	-9.000000E-5	5.710000E-6	-4.300000E-7	3.557000E-4	3.450000E-6	0.000000E+0	0.000000E+0	1.964247E-4	2.976042E-9	0.000000E+0	0.000000E+0	1.004022E+1	0.000000E+0	3.000000E+0
24-Apr-25	15:48:08	-0.000000E+0	4.294535E+0	-9.000000E-5	5.695000E-6	-4.300000E-7	3.551000E-4	4.100000E-6	0.000000E+0	0.000000E+0	1.964247E-4	2.976042E-9	0.000000E+0	0.000000E+0	1.004022E+1	0.000000E+0	3.000000E+0
24-Apr-25	15:48:08	-0.000000E+0	4.298710E+0	-9.000000E-5	5.685000E-6	-4.350000E-7	3.555500E-4	4.450000E-6	0.000000E+0	0.000000E+0	1.964247E-4	2.976042E-9	0.000000E+0	0.000000E+0	1.004022E+1	0.000000E+0	3.000000E+0
24-Apr-25	15:48:09	-0.000000E+0	4.302465E+0	-9.000000E-5	5.715000E-6	-4.300000E-7	3.551500E-4	4.000000E-6	0.000000E+0	0.000000E+0	1.964247E-4	2.976042E-9	0.000000E+0	0.000000E+0	1.004022E+1	0.000000E+0	3.000000E+0
24-Apr-25	15:48:09	-0.000000E+0	4.306630E+0	-9.000000E-5	5.685000E-6	-4.550000E-7	3.553500E-4	4.200000E-6	0.000000E+0	0.000000E+0	1.964247E-4	2.976042E-9	0.000000E+0	0.000000E+0	1.004022E+1	0.000000E+0	3.000000E+0
24-Apr-25	15:48:10	-0.000000E+0	4.310765E+0	-9.000000E-5	5.665000E-6	-4.850000E-7	3.558000E-4	4.350000E-6	0.000000E+0	0.000000E+0	1.964247E-4	2.976042E-9	0.000000E+0	0.000000E+0	1.004022E+1	0.000000E+0	3.000000E+0
24-Apr-25	15:48:10	-0.000000E+0	4.314875E+0	-9.000000E-5	5.680000E-6	-4.450000E-7	3.549000E-4	4.150000E-6	0.000000E+0	0.000000E+0	1.964247E-4	2.976042E-9	0.000000E+0	0.000000E+0	1.004022E+1	0.000000E+0	3.000000E+0
24-Apr-25	15:48:11	-0.000000E+0	4.319415E+0	-9.000000E-5	5.720000E-6	-4.500000E-7	3.553500E-4	2.950000E-6	0.000000E+0	0.000000E+0	1.964247E-4	2.976042E-9	0.000000E+0	0.000000E+0	1.004022E+1	0.000000E+0	3.000000E+0
24-Apr-25	15:48:12	-0.000000E+0	4.323525E+0	-9.000000E-5	5.675000E-6	-4.500000E-7	3.553500E-4	4.650000E-6	0.000000E+0	0.000000E+0	1.964247E-4	2.976042E-9	0.000000E+0	0.000000E+0	1.004022E+1	0.000000E+0	3.000000E+0
24-Apr-25	15:48:12	-0.000000E+0	4.328500E+0	-9.000000E-5	5.670000E-6	-4.550000E-7	3.554000E-4	4.150000E-6	0.000000E+0	0.000000E+0	1.964247E-4	2.976042E-9	0.000000E+0	0.000000E+0	1.004022E+1	0.000000E+0	3.000000E+0
24-Apr-25	15:48:13	-0.000000E+0	4.332505E+0	-9.000000E-5	5.685000E-6	-4.600000E-7	3.549000E-4	4.550000E-6	0.000000E+0	0.000000E+0	1.964247E-4	2.976042E-9	0.000000E+0	0.000000E+0	1.004022E+1	0.000000E+0	3.000000E+0
24-Apr-25	15:48:13	-0.000000E+0	4.336570E+0	-9.000000E-5	5.755000E-6	-4.150000E-7	3.553000E-4	4.200000E-6	0.000000E+0	0.000000E+0	1.964247E-4	2.976042E-9	0.000000E+0	0.000000E+0	1.004022E+1	0.000000E+0	3.000000E+0
24-Apr-25	15:48:14	-0.000000E+0	4.342765E+0	-9.000000E-5	5.670000E-6	-4.100000E-7	3.556000E-4	4.750000E-6	0.000000E+0	0.000000E+0	1.964247E-4	2.976042E-9	0.000000E+0	0.000000E+0	1.004022E+1	0.000000E+0	3.000000E+0
24-Apr-25	15:48:14	-0.000000E+0	4.348015E+0	-9.000000E-5	5.670000E-6	-4.400000E-7	3.556500E-4	3.750000E-6	0.000000E+0	0.000000E+0	1.964247E-4	2.976042E-9	0.000000E+0	0.000000E+0	1.004022E+1	0.000000E+0	3.000000E+0
24-Apr-25	15:48:15	-0.000000E+0	4.352040E+0	-9.000000E-5	5.660000E-6	-4.800000E-7	3.560500E-4	3.800000E-6	0.000000E+0	0.000000E+0	1.964247E-4	2.976042E-9	0.000000E+0	0.000000E+0	1.004022E+1	0.000000E+0	3.000000E+0
24-Apr-25	15:48:15	-0.000000E+0	4.356035E+0	-9.000000E-5	5.645000E-6	-4.850000E-7	3.561000E-4	4.350000E-6	0.000000E+0	0.000000E+0	1.964247E-4	2.976042E-9	0.000000E+0	0.000000E+0	1.004022E+1	0.000000E+0	3.000000E+0
24-Apr-25	15:48:16	-0.000000E+0	4.360105E+0	-9.000000E-5	5.635000E-6	-4.750000E-7	3.551500E-4	3.800000E-6	0.000000E+0	0.000000E+0	1.964247E-4	2.976042E-9	0.000000E+0	0.000000E+0	1.004022E+1	0.000000E+0	3.000000E+0
24-Apr-25	15:48:16	-0.000000E+0	4.364550E+0	-9.000000E-5	5.650000E-6	-5.100000E-7	3.551000E-4	4.400000E-6	0.000000E+0	0.000000E+0	1.964247E-4	2.976042E-9	0.000000E+0	0.000000E+0	1.004022E+1	0.000000E+0	3.000000E+0
24-Apr-25	15:48:17	-0.000000E+0	4.368135E+0	-9.000000E-5	5.615000E-6	-5.050000E-7	3.561000E-4	4.200000E-6	0.000000E+0	0.000000E+0	1.964247E-4	2.976042E-9	0.000000E+0	0.000000E+0	1.004022E+1	0.000000E+0	3.000000E+0
24-Apr-25	15:48:17	-0.000000E+0	4.371700E+0	-9.000000E-5	5.660000E-6	-5.250000E-7	3.556500E-4	4.550000E-6	0.000000E+0	0.000000E+0	1.964247E-4	2.976042E-9	0.000000E+0	0.000000E+0	1.004022E+1	0.000000E+0	3.000000E+0
24-Apr-25	15:48:18	-0.000000E+0	4.376035E+0	-9.000000E-5	5.670000E-6	-4.850000E-7	3.551500E-4	4.200000E-6	0.000000E+0	0.000000E+0	1.964247E-4	2.976042E-9	0.000000E+0	0.000000E+0	1.004022E+1	0.000000E+0	3.000000E+0
24-Apr-25	15:48:18	-0.000000E+0	4.379580E+0	-9.000000E-5	5.650000E-6	-4.600000E-7	3.557500E-4	4.450000E-6	0.000000E+0	0.000000E+0	1.964247E-4	2.976042E-9	0.000000E+0	0.000000E+0	1.004022E+1	0.000000E+0	3.000000E+0
24-Apr-25	15:48:19	-0.000000E+0	4.380160E+0	-9.000000E-5	5.670000E-6	-4.700000E-7	3.558500E-4	3.550000E-6	0.000000E+0	0.000000E+0	1.964247E-4	2.976042E-9	0.000000E+0	0.000000E+0	1.004022E+1	0.000000E+0	3.000000E+0
24-Apr-25	15:48:19	-0.000000E+0	4.387425E+0	-9.000000E-5	5.640000E-6	-4.650000E-7	3.561000E-4	4.100000E-6	0.000000E+0	0.000000E+0	1.964247E-4	2.976042E-9	0.000000E+0	0.000000E+0	1.004022E+1	0.000000E+0	3.000000E+0
24-Apr-25	15:48:20	-0.000000E+0	4.390945E+0	-9.000000E-5	5.620000E-6	-4.650000E-7	3.554500E-4	3.950000E-6	0.000000E+0	0.000000E+0	1.964247E-4	2.976042E-9	0.000000E+0	0.000000E+0	1.004022E+1	0.000000E+0	3.000000E+0
24-Apr-25	15:48:20	-0.000000E+0	4.394440E+0	-9.000000E-5	5.640000E-6	-4.600000E-7	3.557500E-4	3.800000E-6	0.000000E+0	0.000000E+0	1.964247E-4	2.976042E-9	0.000000E+0	0.000000E+0	1.004022E+1	0.000000E+0	3.000000E+0
24-Apr-25	15:48:21	-0.000000E+0	4.397930E+0	-9.000000E-5	5.630000E-6	-4.500000E-7	3.562000E-4	4.250000E-6	0.000000E+0	0.000000E+0	1.964247E-4	2.976042E-9	0.000000E+0	0.000000E+0	1.004022E+1	0.000000E+0	3.000000E+0
24-Apr-25	15:48:21	-0.000000E+0	4.402320E+0	-9.000000E-5	5.635000E-6	-4.500000E-7	3.552500E-4	4.350000E-6	0.000000E+0	0.000000E+0	1.964247E-4	2.976042E-9	0.000000E+0	0.000000E+0	1.004022E+1	0.000000E+0	3.000000E+0
24-Apr-25	15:48:22	-0.000000E+0	4.405790E+0	-9.000000E-5	5.610000E-6	-4.450000E-7	3.556500E-4	3.800000E-6	0.000000E+0	0.000000E+0	1.964247E-4	2.976042E-9	0.000000E+0	0.000000E+0	1.004022E+1	0.000000E+0	3.000000E+0
24-Apr-25	15:48:22	-0.000000E+0	4.410400E+0	-9.000000E-5	5.665000E-6	-4.600000E-7	3.558500E-4	4.100000E-6	0.000000E+0	0.000000E+0	1.964247E-4	2.976042E-9	0.000000E+0	0.000000E+0	1.004022E+1	0.000000E+0	3.000000E+0
24-Apr-25	15:48:23	-0.000000E+0	4.414245E+0	-9.000000E-5	5.660000E-6	-4.350000E-7	3.553500E-4	3.500000E-6	0.000000E+0	0.000000E+0	1.964247E-4	2.976042E-9	0.000000E+0	0.000000E+0	1.004022E+1	0.000000E+0	3.000000E+0
24-Apr-25	15:48:23	-0.000000E+0	4.418455E+0	-9.000000E-5	5.645000E-6	-4.400000E-7	3.553000E-4	4.950000E-6	0.000000E+0	0.000000E+0	1.964247E-4	2.976042E-9	0.000000E+0	0.000000E+0	1.004022E+1	0.000000E+0	3.000000E+0
24-Apr-25	15:48:24	-0.000000E+0	4.421510E+0	-9.000000E-5	5.615000E-6	-4.050000E-7	3.553500E-4	4.350000E-6	0.000000E+0	0.000000E+0	1.964247E-4	2.976042E-9	0.000000E+0	0.000000E+0	1.004022E+1	0.000000E+0	3.000000E+0
24-Apr-25	15:48:24	-0.000000E+0	4.425690E+0	-9.000000E-5	5.580000E-6	-4.100000E-7	3.556500E-4	4.250000E-6	0.000000E+0	0.000000E+0	1.964247E-4	2.976042E-9	0.000000E+0	0.000000E+0	1.004022E+1	0.000000E+0	3.000000E+0
24-Apr-25	15:48:25	-0.000000E+0	4.429235E+0	-9.000000E-5	5.625000E-6	-4.150000E-7	3.561000E-4	4.400000E-6	0.000000E+0	0.000000E+0	1.964247E-4	2.976042E-9	0.000000E+0	0.000000E+0	1.004022E+1	0.000000E+0	3.000000E+0
24-Apr-25	15:48:25	-0.000000E+0	4.429745E+0	-9.000000E-5	5.605000E-6	-4.400000E-7	3.561000E-4	4.300000E-6	0.000000E+0	0.000000E+0	1.964247E-4	2.976042E-9	0.000000E+0	0.000000E+0	1.004022E+1	0.000000E+0	3.000000E+0
24-Apr-25	15:48:26	-0.000000E+0	4.436035E+0	-9.000000E-5	5.600000E-6	-4.500000E-7	3.562500E-4	3.350000E-6	0.000000E+0	0.000000E+0	1.964247E-4	2.976042E-9	0.000000E+0	0.000000E+0	1.004022E+1	0.000000E+0	3.000000E+0
24-Apr-25	15:48:26	-0.000000E+0	4.439795E+0	-9.000000E-5	5.575000E-6	-4.300000E-7	3.558500E-4	4.450000E-6	0.000000E+0	0.000000E+0	1.964247E-4	2.976042E-9	0.000000E+0	0.000000E+0	1.004022E+1	0.000000E+0	3.000000E+0
24-Apr-25	15:48:27	-0.000000E+0	4.443540E+0	-9.000000E-5	5.585000E-6	-4.700000E-7	3.559500E-4	4.000000E-6	0.000000E+0	0.000000E+0	1.964247E-4	2.976042E-9	0.000000E+0	0.000000E+0	1.004022E+1	0.000000E+0	3.000000E+0
24-Apr-25	15:48:27	-0.000000E+0	4.447650E+0	-9.000000E-5	5.570000E-6	-4.250000E-7	3.558000E-4	3.450000E-6	0.000000E+0	0.000000E+0	1.964247E-4	2.976042E-9	0.000000E+0	0.000000E+0	1.004022E+1	0.000000E+0	3.000000E+0
24-Apr-25	15:48:28	-0.000000E+0	4.450995E+0	-9.000000E-5	5.545000E-6	-4.650000E-7	3.553500E-4	4.500000E-6	0.000000E+0	0.000000E+0	1.964247E-4	2.976042E-9	0.000000E+0	0.000000E+0	1.004022E+1	0.000000E+0	3.000000E+0
24-Apr-25	15:48:28	-0.000000E+0	4.454785E+0	-9.000000E-5	5.605000E-6	-4.450000E-7	3.561000E-4	3.550000E-6	0.000000E+0	0.000000E+0	1.964247E-4	2.976042E-9	0.000000E+0	0.000000E+0	1.004022E+1	0.000000E+0	3.000000E+0
24-Apr-25	15:48:29	-0.000000E+0	4.458170E+0	-9.000000E-5	5.605000E-6	-4.400000E-7	3.550000E-4	3.650000E-6	0.000000E+0	0.000000E+0	1.964247E-4	2.976042E-9	0.000000E+0	0.000000E+0	1.004022E+1	0.000000E+0	3.000000E+0
24-Apr-25	15:48:29	-0.000000E+0	4.461500E+0	-9.000000E-5	5.600000E-6	-4.650000E-7	3.557000E-4	4.100000E-6	0.000000E+0	0.000000E+0	1.964247E-4	2.976042E-9	0.000000E+0	0.000000E+0	1.004022E+1	0.000000E+0	3.000000E+0
24-Apr-25	15:48:30	-0.000000E+0	4.465175E+0	-9.000000E-5	5.570000E-6	-4.850000E-7	3.561500E-4	4.550000E-6	0.000000E+0	0.000000E+0	1.964247E-4	2.976042E-9	0.000000E+0	0.000000E+0	1.004022E+1	0.000000E+0	3.000000E+0
24-Apr-25	15:48:30	-0.000000E+0	4.469270E+0	-9.000000E-5	5.610000E-6	-4.550000E-7	3.558000E-4	3.950000E-6	0.000000E+0	0.000000E+0	1.964247E-4	2.976042E-9	0.000000E+0	0.000000E+0	1.004022E+1	0.000000E+0	3.000000E+0
24-Apr-25	15:48:31	-0.000000E+0	4.473735E+0	-9.000000E-5	5.560000E-6	-4.700000E-7	3.564000E-4	3.850000E-6	0.000000E+0	0.000000E+0	1.964247E-4	2.976042E-9	0.000000E+0	0.000000E+0	1.004022E+1	0.000000E+0	3.000000E+0
24-Apr-25	15:48:31	-0.000000E+0	4.477015E+0	-9.000000E-5	5.575000E-6	-4.550000E-7	3.552500E-4	3.750000E-6	0.000000E+0	0.000000E+0	1.964247E-4	2.976042E-9	0.000000E+0	0.000000E+0	1.004022E+1	0.000000E+0	3.000000E+0
24-Apr-25	15:48:32	-0.000000E+0	4.477555E+0	-9.000000E-5	5.570000E-6	-4.300000E-7	3.563000E-4	4.350000E-6	0.000000E+0	0.000000E+0	1.964247E-4	2.976042E-9	0.000000E+0	0.000000E+0	1.004022E+1	0.000000E+0	3.000000E+0
24-Apr-25	15:48:32	-0.000000E+0	4.483565E+0	-9.000000E-5	5.540000E-6	-4.100000E-7	3.563500E-4	4.500000E-6	0.000000E+0	0.000000E+0	1.964247E-4	2.976042E-9	0.000000E+0	0.000000E+0	1.004022E+1	0.000000E+0	3.000000E+0
24-Apr-25	15:48:33	-0.000000E+0	4.487180E+0	-9.000000E-5	5.570000E-6	-4.400000E-7	3.559500E-4	4.150000E-6	0.000000E+0	0.000000E+0	1.964247E-4	2.976042E-9	0.000000E+0	0.000000E+0	1.004022E+1	0.000000E+0	3.000000E+0
24-Apr-25	15:48:33	-0.000000E+0	4.490800E+0	-9.000000E-5	5.565000E-6	-4.750000E-7	3.561500E-4	4.300000E-6	0.000000E+0	0.000000E+0	1.964247E-4	2.976042E-9	0.000000E+0	0.000000E+0	1.004022E+1	0.000000E+0	3.000000E+0
24-Apr-25	15:48:34	-0.000000E+0	4.494410E+0	-9.000000E-5	5.560000E-6	-4.700000E-7	3.560500E-4	4.650000E-6	0.000000E+0	0.000000E+0	1.964247E-4	2.976042E-9	0.000000E+0	0.000000E+0	1.004022E+1	0.000000E+0	3.000000E+0
24-Apr-25	15:48:34	-0.000000E+0	4.498000E+0	-9.000000E-5	5.560000E-6	-4.350000E-7	3.557000E-4	4.250000E-6	0.000000E+0	0.000000E+0	1.964247E-4	2.976042E-9	0.000000E+0	0.000000E+0	1.004022E+1	0.000000E+0	3.000000E+0
24-Apr-25	15:48:35	-0.000000E+0	4.501270E+0	-9.000000E-5	5.560000E-6	-4.850000E-7	3.562000E-4	4.500000E-6	0.000000E+0	0.000000E+0	1.964247E-4	2.976042E-9	0.000000E+0	0.000000E+0	1.004022E+1	0.000000E+0	3.000000E+0
24-Apr-25	15:48:35	-0.000000E+0	4.504520E+0	-9.000000E-5	5.555000E-6	-4.550000E-7	3.560000E-4	3.800000E-6	0.000000E+0	0.000000E+0	1.964247E-4	2.976042E-9	0.000000E+0	0.000000E+0	1.004022E+1	0.000000E+0	3.000000E+0
24-Apr-25	15:48:36	-0.000000E+0	4.508070E+0	-9.000000E-5	5.575000E-6	-4.100000E-7	3.556500E-4	3.600000E-6	0.000000E+0	0.000000E+0	1.964247E-4	2.976042E-9	0.000000E+0	0.000000E+0	1.004022E+1	0.000000E+0	3.000000E+0
24-Apr-25	15:48:36	-0.000000E+0	4.511615E+0	-9.000000E-5	5.555000E-6	-4.300000E-7	3.561500E-4	3.750000E-6	0.000000E+0	0.000000E+0	1.964247E-4	2.976042E-9	0.000000E+0	0.000000E+0	1.004022E+1	0.000000E+0	3.000000E+0
24-Apr-25	15:48:37	-0.000000E+0	4.515160E+0	-9.000000E-5	5.560000E-6	-4.250000E-7	3.557000E-4	4.650000E-6	0.000000E+0	0.000000E+0	1.964247E-4	2.976042E-9	0.000000E+0	0.000000E+0	1.004022E+1	0.000000E+0	3.000000E+0
24-Apr-25	15:48:37	-0.000000E+0	4.519050E+0	-9.000000E-5	5.560000E-6	-4.550000E-7	3.558000E-4	3.800000E-6	0.000000E+0	0.000000E+0	1.964247E-4	2.976042E-9	0.000000E+0	0.000000E+0	1.004022E+1	0.000000E+0	3.000000E+0
24-Apr-25	15:48:38	-0.000000E+0	4.522220E+0	-9.000000E-5	5.540000E-6	-4.800000E-7	3.569500E-4	3.950000E-6	0.000000E+0	0.000000E+0	1.964247E-4	2.976042E-9	0.000000E+0	0.000000E+0	1.004022E+1	0.000000E+0	3.000000E+0
24-Apr-25	15:48:38	-0.000000E+0	4.525375E+0	-9.000000E-5	5.570000E-6	-4.650000E-7	3.559000E-4	3.950000E-6	0.000000E+0	0.000000E+0	1.964247E-4	2.976042E-9	0.000000E+0	0.000000E+0	1.004022E+1	0.000000E+0	3.000000E+0
24-Apr-25	15:48:38	-0.000000E+0	4.528640E+0	-9.000000E-5	5.550000E-6	-4.200000E-7	3.558000E-4	3.800000E-6	0.000000E+0	0.000000E+0	1.964247E-4	2.976042E-9	0.000000E+0	0.000000E+0	1.004022E+1	0.000000E+0	3.000000E+0
24-Apr-25	15:48:39	-0.000000E+0	4.531760E+0	-9.000000E-5	5.590000E-6	-3.350000E-7	3.555000E-4	3.800000E-6	0.000000E+0	0.000000E+0	1.964247E-4	2.976042E-9	0.000000E+0	0.000000E+0	1.004022E+1	0.000000E+0	3.000000E+0
24-Apr-25	15:48:39	-0.000000E+0	4.532275E+0	-9.000000E-5	5.545000E-6	-4.200000E-7	3.553500E-4	3.800000E-6	0.000000E+0	0.000000E+0	1.964247E-4	2.976042E-9	0.000000E+0	0.000000E+0	1.004022E+1	0.000000E+0	3.000000E+0
24-Apr-25	15:48:40	-0.000000E+0	4.538365E+0	-9.000000E-5	5.550000E-6	-4.550000E-7	3.559000E-4	4.500000E-6	0.000000E+0	0.000000E+0	1.964247E-4	2.976042E-9	0.000000E+0	0.000000E+0	1.004022E+1	0.000000E+0	3.000000E+0
24-Apr-25	15:48:40	-0.000000E+0	4.541470E+0	-9.000000E-5	5.555000E-6	-4.350000E-7	3.561000E-4	4.650000E-6	0.000000E+0	0.000000E+0	1.964247E-4	2.976042E-9	0.000000E+0	0.000000E+0	1.004022E+1	0.000000E+0	3.000000E+0
24-Apr-25	15:48:41	-0.000000E+0	4.545265E+0	-9.000000E-5	5.515000E-6	-4.350000E-7	3.561000E-4	4.050000E-6	0.000000E+0	0.000000E+0	1.964247E-4	2.976042E-9	0.000000E+0	0.000000E+0	1.004022E+1	0.000000E+0	3.000000E+0
24-Apr-25	15:48:41	-0.000000E+0	4.545765E+0	-9.000000E-5	5.530000E-6	-4.300000E-7	3.556500E-4	4.400000E-6	0.000000E+0	0.000000E+0	1.964247E-4	2.976042E-9	0.000000E+0	0.000000E+0	1.004022E+1	0.000000E+0	3.000000E+0
24-Apr-25	15:48:42	-0.000000E+0	4.551435E+0	-9.000000E-5	5.490000E-6	-4.150000E-7	3.551500E-4	4.400000E-6	0.000000E+0	0.000000E+0	1.964247E-4	2.976042E-9	0.000000E+0	0.000000E+0	1.004022E+1	0.000000E+0	3.000000E+0
24-Apr-25	15:48:42	-0.000000E+0	4.554850E+0	-9.000000E-5	5.540000E-6	-4.100000E-7	3.559500E-4	4.100000E-6	0.000000E+0	0.000000E+0	1.964247E-4	2.976042E-9	0.000000E+0	0.000000E+0	1.004022E+1	0.000000E+0	3.000000E+0
24-Apr-25	15:48:43	-0.000000E+0	4.558275E+0	-9.000000E-5	5.590000E-6	-4.200000E-7	3.559500E-4	4.200000E-6	0.000000E+0	0.000000E+0	1.964247E-4	2.976042E-9	0.000000E+0	0.000000E+0	1.004022E+1	0.000000E+0	3.000000E+0
24-Apr-25	15:48:43	-0.000000E+0	4.561670E+0	-9.000000E-5	5.535000E-6	-4.450000E-7	3.559500E-4	4.650000E-6	0.000000E+0	0.000000E+0	1.964247E-4	2.976042E-9	0.000000E+0	0.000000E+0	1.004022E+1	0.000000E+0	3.000000E+0
24-Apr-25	15:48:44	-0.000000E+0	4.564725E+0	-9.000000E-5	5.565000E-6	-4.050000E-7	3.562000E-4	4.550000E-6	0.000000E+0	0.000000E+0	1.964247E-4	2.976042E-9	0.000000E+0	0.000000E+0	1.004022E+1	0.000000E+0	3.000000E+0
24-Apr-25	15:48:44	-0.000000E+0	4.565250E+0	-9.000000E-5	5.550000E-6	-4.600000E-7	3.558500E-4	4.100000E-6	0.000000E+0	0.000000E+0	1.964247E-4	2.976042E-9	0.000000E+0	0.000000E+0	1.004022E+1	0.000000E+0	3.000000E+0
24-Apr-25	15:48:45	-0.000000E+0	4.571140E+0	-9.000000E-5	5.530000E-6	-4.300000E-7	3.558500E-4	4.100000E-6	0.000000E+0	0.000000E+0	1.964247E-4	2.976042E-9	0.000000E+0	0.000000E+0	1.004022E+1	0.000000E+0	3.000000E+0
24-Apr-25	15:48:45	-0.000000E+0	4.574205E+0	-9.000000E-5	5.535000E-6	-4.300000E-7	3.558500E-4	4.000000E-6	0.000000E+0	0.000000E+0	1.964247E-4	2.976042E-9	0.000000E+0	0.000000E+0	1.004022E+1	0.000000E+0	3.000000E+0
24-Apr-25	15:48:46	-0.000000E+0	4.577615E+0	-9.000000E-5	5.535000E-6	-4.600000E-7	3.560000E-4	4.650000E-6	0.000000E+0	0.000000E+0	1.964247E-4	2.976042E-9	0.000000E+0	0.000000E+0	1.004022E+1	0.000000E+0	3.000000E+0
24-Apr-25	15:48:46	-0.000000E+0	4.578430E+0	-9.000000E-5	5.540000E-6	-4.650000E-7	3.562500E-4	4.500000E-6	0.000000E+0	0.000000E+0	1.964247E-4	2.976042E-9	0.000000E+0	0.000000E+0	1.004022E+1	0.000000E+0	3.000000E+0
24-Apr-25	15:48:47	-0.000000E+0	4.583955E+0	-9.000000E-5	5.600000E-6	-4.650000E-7	3.563500E-4	4.100000E-6	0.000000E+0	0.000000E+0	1.964247E-4	2.976042E-9	0.000000E+0	0.000000E+0	1.004022E+1	0.000000E+0	3.000000E+0
24-Apr-25	15:48:47	-0.000000E+0	4.587295E+0	-9.000000E-5	5.570000E-6	-4.750000E-7	3.561500E-4	4.250000E-6	0.000000E+0	0.000000E+0	1.964247E-4	2.976042E-9	0.000000E+0	0.000000E+0	1.004022E+1	0.000000E+0	3.000000E+0
24-Apr-25	15:48:48	-0.000000E+0	4.590275E+0	-9.000000E-5	5.500000E-6	-4.600000E-7	3.560500E-4	4.200000E-6	0.000000E+0	0.000000E+0	1.964247E-4	2.976042E-9	0.000000E+0	0.000000E+0	1.004022E+1	0.000000E+0	3.000000E+0
24-Apr-25	15:48:48	-0.000000E+0	4.593915E+0	-9.000000E-5	5.515000E-6	-4.400000E-7	3.558000E-4	4.650000E-6	0.000000E+0	0.000000E+0	1.964247E-4	2.976042E-9	0.000000E+0	0.000000E+0	1.004022E+1	0.000000E+0	3.000000E+0
24-Apr-25	15:48:49	-0.000000E+0	4.597205E+0	-9.000000E-5	5.515000E-6	-4.850000E-7	3.560500E-4	4.400000E-6	0.000000E+0	0.000000E+0	1.964247E-4	2.976042E-9	0.000000E+0	0.000000E+0	1.004022E+1	0.000000E+0	3.000000E+0
24-Apr-25	15:48:49	-0.000000E+0	4.600805E+0	-9.000000E-5	5.520000E-6	-4.550000E-7	3.559500E-4	4.150000E-6	0.000000E+0	0.000000E+0	1.964247E-4	2.976042E-9	0.000000E+0	0.000000E+0	1.004022E+1	0.000000E+0	3.000000E+0
24-Apr-25	15:48:50	-0.000000E+0	4.603730E+0	-9.000000E-5	5.530000E-6	-4.250000E-7	3.563000E-4	4.150000E-6	0.000000E+0	0.000000E+0	1.964247E-4	2.976042E-9	0.000000E+0	0.000000E+0	1.004022E+1	0.000000E+0	3.000000E+0
24-Apr-25	15:48:50	-0.000000E+0	4.607000E+0	-9.000000E-5	5.555000E-6	-4.350000E-7	3.560000E-4	4.100000E-6	0.000000E+0	0.000000E+0	1.964247E-4	2.976042E-9	0.000000E+0	0.000000E+0	1.004022E+1	0.000000E+0	3.000000E+0
24-Apr-25	15:48:51	-0.000000E+0	4.607810E+0	-9.000000E-5	5.505000E-6	-4.300000E-7	3.554000E-4	3.900000E-6	0.000000E+0	0.000000E+0	1.964247E-4	2.976042E-9	0.000000E+0	0.000000E+0	1.004022E+1	0.000000E+0	3.000000E+0
24-Apr-25	15:48:51	-0.000000E+0	4.613180E+0	-9.000000E-5	5.445000E-6	-4.700000E-7	3.561500E-4	4.800000E-6	0.000000E+0	0.000000E+0	1.964247E-4	2.976042E-9	0.000000E+0	0.000000E+0	1.004022E+1	0.000000E+0	3.000000E+0
24-Apr-25	15:48:52	-0.000000E+0	4.616210E+0	-9.000000E-5	5.470000E-6	-4.700000E-7	3.563000E-4	3.950000E-6	0.000000E+0	0.000000E+0	1.964247E-4	2.976042E-9	0.000000E+0	0.000000E+0	1.004022E+1	0.000000E+0	3.000000E+0
24-Apr-25	15:48:52	-0.000000E+0	4.619425E+0	-9.000000E-5	5.540000E-6	-4.400000E-7	3.570000E-4	4.250000E-6	0.000000E+0	0.000000E+0	1.964247E-4	2.976042E-9	0.000000E+0	0.000000E+0	1.004022E+1	0.000000E+0	3.000000E+0
24-Apr-25	15:48:53	-0.000000E+0	4.620210E+0	-9.000000E-5	5.520000E-6	-4.500000E-7	3.561500E-4	3.800000E-6	0.000000E+0	0.000000E+0	1.964247E-4	2.976042E-9	0.000000E+0	0.000000E+0	1.004022E+1	0.000000E+0	3.000000E+0
24-Apr-25	15:48:53	-0.000000E+0	4.626175E+0	-9.000000E-5	5.485000E-6	-4.150000E-7	3.562500E-4	4.250000E-6	0.000000E+0	0.000000E+0	1.964247E-4	2.976042E-9	0.000000E+0	0.000000E+0	1.004022E+1	0.000000E+0	3.000000E+0
24-Apr-25	15:48:54	-0.000000E+0	4.630005E+0	-9.000000E-5	5.520000E-6	-4.200000E-7	3.562000E-4	4.000000E-6	0.000000E+0	0.000000E+0	1.964247E-4	2.976042E-9	0.000000E+0	0.000000E+0	1.004022E+1	0.000000E+0	3.000000E+0
24-Apr-25	15:48:54	-0.000000E+0	4.630480E+0	-9.000000E-5	5.535000E-6	-4.450000E-7	3.566000E-4	4.300000E-6	0.000000E+0	0.000000E+0	1.964247E-4	2.976042E-9	0.000000E+0	0.000000E+0	1.004022E+1	0.000000E+0	3.000000E+0
24-Apr-25	15:48:55	-0.000000E+0	4.636365E+0	-9.000000E-5	5.535000E-6	-4.750000E-7	3.561000E-4	4.300000E-6	0.000000E+0	0.000000E+0	1.964247E-4	2.976042E-9	0.000000E+0	0.000000E+0	1.004022E+1	0.000000E+0	3.000000E+0
24-Apr-25	15:48:55	-0.000000E+0	4.639855E+0	-9.000000E-5	5.485000E-6	-4.500000E-7	3.560000E-4	4.250000E-6	0.000000E+0	0.000000E+0	1.964247E-4	2.976042E-9	0.000000E+0	0.000000E+0	1.004022E+1	0.000000E+0	3.000000E+0
24-Apr-25	15:48:56	-0.000000E+0	4.640950E+0	-9.000000E-5	5.495000E-6	-4.550000E-7	3.564500E-4	3.950000E-6	0.000000E+0	0.000000E+0	1.964247E-4	2.976042E-9	0.000000E+0	0.000000E+0	1.004022E+1	0.000000E+0	3.000000E+0
24-Apr-25	15:48:56	-0.000000E+0	4.646895E+0	-9.000000E-5	5.475000E-6	-4.600000E-7	3.563500E-4	4.650000E-6	0.000000E+0	0.000000E+0	1.964247E-4	2.976042E-9	0.000000E+0	0.000000E+0	1.004022E+1	0.000000E+0	3.000000E+0
24-Apr-25	15:48:57	-0.000000E+0	4.649405E+0	-9.000000E-5	5.520000E-6	-4.450000E-7	3.563500E-4	4.100000E-6	0.000000E+0	0.000000E+0	1.964247E-4	2.976042E-9	0.000000E+0	0.000000E+0	1.004022E+1	0.000000E+0	3.000000E+0
24-Apr-25	15:48:57	-0.000000E+0	4.652850E+0	-9.000000E-5	5.510000E-6	-4.400000E-7	3.563500E-4	3.950000E-6	0.000000E+0	0.000000E+0	1.964247E-4	2.976042E-9	0.000000E+0	0.000000E+0	1.004022E+1	0.000000E+0	3.000000E+0
24-Apr-25	15:48:58	-0.000000E+0	4.655650E+0	-9.000000E-5	5.495000E-6	-4.350000E-7	3.561000E-4	4.400000E-6	0.000000E+0	0.000000E+0	1.964247E-4	2.976042E-9	0.000000E+0	0.000000E+0	1.004022E+1	0.000000E+0	3.000000E+0
24-Apr-25	15:48:58	-0.000000E+0	4.658755E+0	-9.000000E-5	5.430000E-6	-4.550000E-7	3.562000E-4	4.350000E-6	0.000000E+0	0.000000E+0	1.964247E-4	2.976042E-9	0.000000E+0	0.000000E+0	1.004022E+1	0.000000E+0	3.000000E+0
24-Apr-25	15:48:59	-0.000000E+0	4.662145E+0	-9.000000E-5	5.455000E-6	-4.250000E-7	3.563500E-4	4.150000E-6	0.000000E+0	0.000000E+0	1.964247E-4	2.976042E-9	0.000000E+0	0.000000E+0	1.004022E+1	0.000000E+0	3.000000E+0
24-Apr-25	15:48:59	-0.000000E+0	4.665030E+0	-9.000000E-5	5.480000E-6	-4.150000E-7	3.565500E-4	4.300000E-6	0.000000E+0	0.000000E+0	1.964247E-4	2.976042E-9	0.000000E+0	0.000000E+0	1.004022E+1	0.000000E+0	3.000000E+0
24-Apr-25	15:49:00	-0.000000E+0	4.668115E+0	-9.000000E-5	5.485000E-6	-4.600000E-7	3.562000E-4	4.400000E-6	0.000000E+0	0.000000E+0	1.964247E-4	2.976042E-9	0.000000E+0	0.000000E+0	1.004022E+1	0.000000E+0	3.000000E+0
24-Apr-25	15:49:00	-0.000000E+0	4.671505E+0	-9.000000E-5	5.515000E-6	-4.600000E-7	3.557000E-4	4.150000E-6	0.000000E+0	0.000000E+0	1.964247E-4	2.976042E-9	0.000000E+0	0.000000E+0	1.004022E+1	0.000000E+0	3.000000E+0
24-Apr-25	15:49:01	-0.000000E+0	4.675165E+0	-9.000000E-5	5.440000E-6	-4.000000E-7	3.563500E-4	4.050000E-6	0.000000E+0	0.000000E+0	1.964247E-4	2.976042E-9	0.000000E+0	0.000000E+0	1.004022E+1	0.000000E+0	3.000000E+0
24-Apr-25	15:49:02	-0.000000E+0	4.678525E+0	-9.000000E-5	5.480000E-6	-3.950000E-7	3.565000E-4	4.100000E-6	0.000000E+0	0.000000E+0	1.964247E-4	2.976042E-9	0.000000E+0	0.000000E+0	1.004022E+1	0.000000E+0	3.000000E+0
24-Apr-25	15:49:02	-0.000000E+0	4.681260E+0	-9.000000E-5	5.505000E-6	-4.250000E-7	3.561500E-4	4.200000E-6	0.000000E+0	0.000000E+0	1.964247E-4	2.976042E-9	0.000000E+0	0.000000E+0	1.004022E+1	0.000000E+0	3.000000E+0
24-Apr-25	15:49:03	-0.000000E+0	4.684605E+0	-9.000000E-5	5.520000E-6	-4.400000E-7	3.561000E-4	4.250000E-6	0.000000E+0	0.000000E+0	1.964247E-4	2.976042E-9	0.000000E+0	0.000000E+0	1.004022E+1	0.000000E+0	3.000000E+0
24-Apr-25	15:49:03	-0.000000E+0	4.687325E+0	-9.000000E-5	5.500000E-6	-4.100000E-7	3.566000E-4	4.700000E-6	0.000000E+0	0.000000E+0	1.964247E-4	2.976042E-9	0.000000E+0	0.000000E+0	1.004022E+1	0.000000E+0	3.000000E+0
24-Apr-25	15:49:04	-0.000000E+0	4.690030E+0	-9.000000E-5	5.515000E-6	-4.300000E-7	3.564000E-4	4.900000E-6	0.000000E+0	0.000000E+0	1.964247E-4	2.976042E-9	0.000000E+0	0.000000E+0	1.004022E+1	0.000000E+0	3.000000E+0
24-Apr-25	15:49:04	-0.000000E+0	4.693335E+0	-9.000000E-5	5.465000E-6	-4.400000E-7	3.559000E-4	4.250000E-6	0.000000E+0	0.000000E+0	1.964247E-4	2.976042E-9	0.000000E+0	0.000000E+0	1.004022E+1	0.000000E+0	3.000000E+0
24-Apr-25	15:49:04	-0.000000E+0	4.696425E+0	-9.000000E-5	5.450000E-6	-4.800000E-7	3.559500E-4	4.300000E-6	0.000000E+0	0.000000E+0	1.964247E-4	2.976042E-9	0.000000E+0	0.000000E+0	1.004022E+1	0.000000E+0	3.000000E+0
24-Apr-25	15:49:05	-0.000000E+0	4.699130E+0	-9.000000E-5	5.470000E-6	-4.550000E-7	3.568000E-4	4.350000E-6	0.000000E+0	0.000000E+0	1.964247E-4	2.976042E-9	0.000000E+0	0.000000E+0	1.004022E+1	0.000000E+0	3.000000E+0
24-Apr-25	15:49:05	-0.000000E+0	4.701800E+0	-9.000000E-5	5.485000E-6	-4.400000E-7	3.566000E-4	3.500000E-6	0.000000E+0	0.000000E+0	1.964247E-4	2.976042E-9	0.000000E+0	0.000000E+0	1.004022E+1	0.000000E+0	3.000000E+0
24-Apr-25	15:49:06	-0.000000E+0	4.704475E+0	-9.000000E-5	5.495000E-6	-4.450000E-7	3.563500E-4	4.550000E-6	0.000000E+0	0.000000E+0	1.964247E-4	2.976042E-9	0.000000E+0	0.000000E+0	1.004022E+1	0.000000E+0	3.000000E+0
24-Apr-25	15:49:06	-0.000000E+0	4.707180E+0	-9.000000E-5	5.475000E-6	-4.150000E-7	3.564500E-4	4.150000E-6	0.000000E+0	0.000000E+0	1.964247E-4	2.976042E-9	0.000000E+0	0.000000E+0	1.004022E+1	0.000000E+0	3.000000E+0
24-Apr-25	15:49:07	-0.000000E+0	4.707660E+0	-9.000000E-5	5.485000E-6	-4.200000E-7	3.565500E-4	4.250000E-6	0.000000E+0	0.000000E+0	1.964247E-4	2.976042E-9	0.000000E+0	0.000000E+0	1.004022E+1	0.000000E+0	3.000000E+0
24-Apr-25	15:49:07	-0.000000E+0	4.712855E+0	-9.000000E-5	5.485000E-6	-4.700000E-7	3.563500E-4	4.250000E-6	0.000000E+0	0.000000E+0	1.964247E-4	2.976042E-9	0.000000E+0	0.000000E+0	1.004022E+1	0.000000E+0	3.000000E+0
24-Apr-25	15:49:08	-0.000000E+0	4.715795E+0	-9.000000E-5	5.490000E-6	-5.250000E-7	3.562500E-4	4.500000E-6	0.000000E+0	0.000000E+0	1.964247E-4	2.976042E-9	0.000000E+0	0.000000E+0	1.004022E+1	0.000000E+0	3.000000E+0
24-Apr-25	15:49:08	-0.000000E+0	4.718430E+0	-9.000000E-5	5.500000E-6	-5.150000E-7	3.563500E-4	3.700000E-6	0.000000E+0	0.000000E+0	1.964247E-4	2.976042E-9	0.000000E+0	0.000000E+0	1.004022E+1	0.000000E+0	3.000000E+0
24-Apr-25	15:49:09	-0.000000E+0	4.718865E+0	-9.000000E-5	5.470000E-6	-4.000000E-7	3.560500E-4	4.450000E-6	0.000000E+0	0.000000E+0	1.964247E-4	2.976042E-9	0.000000E+0	0.000000E+0	1.004022E+1	0.000000E+0	3.000000E+0
24-Apr-25	15:49:09	-0.000000E+0	4.724255E+0	-9.000000E-5	5.430000E-6	-4.150000E-7	3.562500E-4	4.250000E-6	0.000000E+0	0.000000E+0	1.964247E-4	2.976042E-9	0.000000E+0	0.000000E+0	1.004022E+1	0.000000E+0	3.000000E+0
24-Apr-25	15:49:10	-0.000000E+0	4.727450E+0	-9.000000E-5	5.445000E-6	-4.200000E-7	3.563000E-4	4.200000E-6	0.000000E+0	0.000000E+0	1.964247E-4	2.976042E-9	0.000000E+0	0.000000E+0	1.004022E+1	0.000000E+0	3.000000E+0
24-Apr-25	15:49:10	-0.000000E+0	4.728460E+0	-9.000000E-5	5.425000E-6	-4.250000E-7	3.558000E-4	4.500000E-6	0.000000E+0	0.000000E+0	1.964247E-4	2.976042E-9	0.000000E+0	0.000000E+0	1.004022E+1	0.000000E+0	3.000000E+0
24-Apr-25	15:49:11	-0.000000E+0	4.733340E+0	-9.000000E-5	5.445000E-6	-4.550000E-7	3.565000E-4	4.400000E-6	0.000000E+0	0.000000E+0	1.964247E-4	2.976042E-9	0.000000E+0	0.000000E+0	1.004022E+1	0.000000E+0	3.000000E+0
24-Apr-25	15:49:11	-0.000000E+0	4.735925E+0	-9.000000E-5	5.475000E-6	-4.400000E-7	3.561000E-4	3.800000E-6	0.000000E+0	0.000000E+0	1.964247E-4	2.976042E-9	0.000000E+0	0.000000E+0	1.004022E+1	0.000000E+0	3.000000E+0
24-Apr-25	15:49:12	-0.000000E+0	4.738505E+0	-9.000000E-5	5.410000E-6	-4.650000E-7	3.566500E-4	4.350000E-6	0.000000E+0	0.000000E+0	1.964247E-4	2.976042E-9	0.000000E+0	0.000000E+0	1.004022E+1	0.000000E+0	3.000000E+0
24-Apr-25	15:49:12	-0.000000E+0	4.741090E+0	-9.000000E-5	5.455000E-6	-4.700000E-7	3.568000E-4	4.250000E-6	0.000000E+0	0.000000E+0	1.964247E-4	2.976042E-9	0.000000E+0	0.000000E+0	1.004022E+1	0.000000E+0	3.000000E+0
24-Apr-25	15:49:13	-0.000000E+0	4.744510E+0	-9.000000E-5	5.430000E-6	-4.650000E-7	3.565000E-4	4.300000E-6	0.000000E+0	0.000000E+0	1.964247E-4	2.976042E-9	0.000000E+0	0.000000E+0	1.004022E+1	0.000000E+0	3.000000E+0
24-Apr-25	15:49:13	-0.000000E+0	4.744935E+0	-9.000000E-5	5.460000E-6	-4.450000E-7	3.562000E-4	3.950000E-6	0.000000E+0	0.000000E+0	1.964247E-4	2.976042E-9	0.000000E+0	0.000000E+0	1.004022E+1	0.000000E+0	3.000000E+0
24-Apr-25	15:49:14	-0.000000E+0	4.749905E+0	-9.000000E-5	5.460000E-6	-4.550000E-7	3.562000E-4	4.150000E-6	0.000000E+0	0.000000E+0	1.964247E-4	2.976042E-9	0.000000E+0	0.000000E+0	1.004022E+1	0.000000E+0	3.000000E+0
24-Apr-25	15:49:14	-0.000000E+0	4.752275E+0	-9.000000E-5	5.455000E-6	-4.500000E-7	3.566500E-4	4.000000E-6	0.000000E+0	0.000000E+0	1.964247E-4	2.976042E-9	0.000000E+0	0.000000E+0	1.004022E+1	0.000000E+0	3.000000E+0
24-Apr-25	15:49:15	-0.000000E+0	4.753290E+0	-9.000000E-5	5.455000E-6	-4.650000E-7	3.563500E-4	4.250000E-6	0.000000E+0	0.000000E+0	1.964247E-4	2.976042E-9	0.000000E+0	0.000000E+0	1.004022E+1	0.000000E+0	3.000000E+0
24-Apr-25	15:49:15	-0.000000E+0	4.757240E+0	-9.000000E-5	5.465000E-6	-4.350000E-7	3.562500E-4	4.250000E-6	0.000000E+0	0.000000E+0	1.964247E-4	2.976042E-9	0.000000E+0	0.000000E+0	1.004022E+1	0.000000E+0	3.000000E+0
24-Apr-25	15:49:16	-0.000000E+0	4.759595E+0	-9.000000E-5	5.430000E-6	-4.450000E-7	3.561000E-4	4.200000E-6	0.000000E+0	0.000000E+0	1.964247E-4	2.976042E-9	0.000000E+0	0.000000E+0	1.004022E+1	0.000000E+0	3.000000E+0
24-Apr-25	15:49:16	-0.000000E+0	4.761725E+0	-9.000000E-5	5.435000E-6	-4.450000E-7	3.563500E-4	4.250000E-6	0.000000E+0	0.000000E+0	1.964247E-4	2.976042E-9	0.000000E+0	0.000000E+0	1.004022E+1	0.000000E+0	3.000000E+0
24-Apr-25	15:49:17	-0.000000E+0	4.762530E+0	-9.000000E-5	5.450000E-6	-4.500000E-7	3.560000E-4	4.200000E-6	0.000000E+0	0.000000E+0	1.964247E-4	2.976042E-9	0.000000E+0	0.000000E+0	1.004022E+1	0.000000E+0	3.000000E+0
24-Apr-25	15:49:17	-0.000000E+0	4.766865E+0	-9.000000E-5	5.435000E-6	-4.100000E-7	3.561500E-4	4.100000E-6	0.000000E+0	0.000000E+0	1.964247E-4	2.976042E-9	0.000000E+0	0.000000E+0	1.004022E+1	0.000000E+0	3.000000E+0
24-Apr-25	15:49:18	-0.000000E+0	4.768945E+0	-9.000000E-5	5.460000E-6	-4.500000E-7	3.560000E-4	3.950000E-6	0.000000E+0	0.000000E+0	1.964247E-4	2.976042E-9	0.000000E+0	0.000000E+0	1.004022E+1	0.000000E+0	3.000000E+0
24-Apr-25	15:49:18	-0.000000E+0	4.771505E+0	-9.000000E-5	5.440000E-6	-4.500000E-7	3.562000E-4	4.950000E-6	0.000000E+0	0.000000E+0	1.964247E-4	2.976042E-9	0.000000E+0	0.000000E+0	1.004022E+1	0.000000E+0	3.000000E+0
24-Apr-25	15:49:19	-0.000000E+0	4.773580E+0	-9.000000E-5	5.450000E-6	-4.200000E-7	3.557000E-4	3.250000E-6	0.000000E+0	0.000000E+0	1.964247E-4	2.976042E-9	0.000000E+0	0.000000E+0	1.004022E+1	0.000000E+0	3.000000E+0
24-Apr-25	15:49:19	-0.000000E+0	4.775960E+0	-9.000000E-5	5.490000E-6	-4.300000E-7	3.580500E-4	5.000000E-6	0.000000E+0	0.000000E+0	1.964247E-4	2.976042E-9	0.000000E+0	0.000000E+0	1.004022E+1	0.000000E+0	3.000000E+0
24-Apr-25	15:49:20	-0.000000E+0	4.778040E+0	-9.000000E-5	5.440000E-6	-4.250000E-7	3.559000E-4	3.900000E-6	0.000000E+0	0.000000E+0	1.964247E-4	2.976042E-9	0.000000E+0	0.000000E+0	1.004022E+1	0.000000E+0	3.000000E+0
24-Apr-25	15:49:20	-0.000000E+0	4.780100E+0	-9.000000E-5	5.440000E-6	-4.350000E-7	3.563000E-4	4.900000E-6	0.000000E+0	0.000000E+0	1.964247E-4	2.976042E-9	0.000000E+0	0.000000E+0	1.004022E+1	0.000000E+0	3.000000E+0
24-Apr-25	15:49:21	-0.000000E+0	4.782405E+0	-9.000000E-5	5.415000E-6	-3.800000E-7	3.567000E-4	5.950000E-6	0.000000E+0	0.000000E+0	1.964247E-4	2.976042E-9	0.000000E+0	0.000000E+0	1.004022E+1	0.000000E+0	3.000000E+0
24-Apr-25	15:49:21	-0.000000E+0	4.784440E+0	-9.000000E-5	5.430000E-6	-4.150000E-7	3.562500E-4	4.450000E-6	0.000000E+0	0.000000E+0	1.964247E-4	2.976042E-9	0.000000E+0	0.000000E+0	1.004022E+1	0.000000E+0	3.000000E+0
24-Apr-25	15:49:22	-0.000000E+0	4.786950E+0	-9.000000E-5	5.430000E-6	-4.550000E-7	3.565000E-4	3.450000E-6	0.000000E+0	0.000000E+0	1.964247E-4	2.976042E-9	0.000000E+0	0.000000E+0	1.004022E+1	0.000000E+0	3.000000E+0
24-Apr-25	15:49:22	-0.000000E+0	4.789005E+0	-9.000000E-5	5.405000E-6	-4.250000E-7	3.572000E-4	4.350000E-6	0.000000E+0	0.000000E+0	1.964247E-4	2.976042E-9	0.000000E+0	0.000000E+0	1.004022E+1	0.000000E+0	3.000000E+0
24-Apr-25	15:49:23	-0.000000E+0	4.791705E+0	-9.000000E-5	5.400000E-6	-4.350000E-7	3.562000E-4	4.050000E-6	0.000000E+0	0.000000E+0	1.964247E-4	2.976042E-9	0.000000E+0	0.000000E+0	1.004022E+1	0.000000E+0	3.000000E+0
24-Apr-25	15:49:23	-0.000000E+0	4.794180E+0	-9.000000E-5	5.430000E-6	-4.100000E-7	3.564500E-4	4.250000E-6	0.000000E+0	0.000000E+0	1.964247E-4	2.976042E-9	0.000000E+0	0.000000E+0	1.004022E+1	0.000000E+0	3.000000E+0
24-Apr-25	15:49:24	-0.000000E+0	4.796420E+0	-9.000000E-5	5.400000E-6	-4.150000E-7	3.564500E-4	4.200000E-6	0.000000E+0	0.000000E+0	1.964247E-4	2.976042E-9	0.000000E+0	0.000000E+0	1.004022E+1	0.000000E+0	3.000000E+0
24-Apr-25	15:49:24	-0.000000E+0	4.798955E+0	-9.000000E-5	5.455000E-6	-4.350000E-7	3.570000E-4	4.000000E-6	0.000000E+0	0.000000E+0	1.964247E-4	2.976042E-9	0.000000E+0	0.000000E+0	1.004022E+1	0.000000E+0	3.000000E+0
24-Apr-25	15:49:25	-0.000000E+0	4.799260E+0	-9.000000E-5	5.430000E-6	-4.200000E-7	3.563000E-4	4.500000E-6	0.000000E+0	0.000000E+0	1.964247E-4	2.976042E-9	0.000000E+0	0.000000E+0	1.004022E+1	0.000000E+0	3.000000E+0
24-Apr-25	15:49:25	-0.000000E+0	4.803400E+0	-9.000000E-5	5.410000E-6	-4.250000E-7	3.565500E-4	4.150000E-6	0.000000E+0	0.000000E+0	1.964247E-4	2.976042E-9	0.000000E+0	0.000000E+0	1.004022E+1	0.000000E+0	3.000000E+0
24-Apr-25	15:49:26	-0.000000E+0	4.805410E+0	-9.000000E-5	5.400000E-6	-4.500000E-7	3.563500E-4	4.250000E-6	0.000000E+0	0.000000E+0	1.964247E-4	2.976042E-9	0.000000E+0	0.000000E+0	1.004022E+1	0.000000E+0	3.000000E+0
24-Apr-25	15:49:26	-0.000000E+0	4.807615E+0	-9.000000E-5	5.405000E-6	-4.450000E-7	3.562000E-4	4.500000E-6	0.000000E+0	0.000000E+0	1.964247E-4	2.976042E-9	0.000000E+0	0.000000E+0	1.004022E+1	0.000000E+0	3.000000E+0
24-Apr-25	15:49:27	-0.000000E+0	4.809585E+0	-9.000000E-5	5.425000E-6	-4.500000E-7	3.568500E-4	3.850000E-6	0.000000E+0	0.000000E+0	1.964247E-4	2.976042E-9	0.000000E+0	0.000000E+0	1.004022E+1	0.000000E+0	3.000000E+0
24-Apr-25	15:49:27	-0.000000E+0	4.811575E+0	-9.000000E-5	5.440000E-6	-4.100000E-7	3.564000E-4	4.500000E-6	0.000000E+0	0.000000E+0	1.964247E-4	2.976042E-9	0.000000E+0	0.000000E+0	1.004022E+1	0.000000E+0	3.000000E+0
24-Apr-25	15:49:28	-0.000000E+0	4.813985E+0	-9.000000E-5	5.400000E-6	-4.200000E-7	3.566500E-4	4.450000E-6	0.000000E+0	0.000000E+0	1.964247E-4	2.976042E-9	0.000000E+0	0.000000E+0	1.004022E+1	0.000000E+0	3.000000E+0
24-Apr-25	15:49:28	-0.000000E+0	4.816630E+0	-9.000000E-5	5.395000E-6	-4.300000E-7	3.562500E-4	4.250000E-6	0.000000E+0	0.000000E+0	1.964247E-4	2.976042E-9	0.000000E+0	0.000000E+0	1.004022E+1	0.000000E+0	3.000000E+0
24-Apr-25	15:49:29	-0.000000E+0	4.818640E+0	-9.000000E-5	5.400000E-6	-4.600000E-7	3.569000E-4	3.800000E-6	0.000000E+0	0.000000E+0	1.964247E-4	2.976042E-9	0.000000E+0	0.000000E+0	1.004022E+1	0.000000E+0	3.000000E+0
24-Apr-25	15:49:29	-0.000000E+0	4.821010E+0	-9.000000E-5	5.385000E-6	-4.500000E-7	3.557000E-4	4.950000E-6	0.000000E+0	0.000000E+0	1.964247E-4	2.976042E-9	0.000000E+0	0.000000E+0	1.004022E+1	0.000000E+0	3.000000E+0
24-Apr-25	15:49:30	-0.000000E+0	4.822970E+0	-9.000000E-5	5.405000E-6	-4.350000E-7	3.565500E-4	4.500000E-6	0.000000E+0	0.000000E+0	1.964247E-4	2.976042E-9	0.000000E+0	0.000000E+0	1.004022E+1	0.000000E+0	3.000000E+0
24-Apr-25	15:49:30	-0.000000E+0	4.825330E+0	-9.000000E-5	5.385000E-6	-4.350000E-7	3.561000E-4	4.650000E-6	0.000000E+0	0.000000E+0	1.964247E-4	2.976042E-9	0.000000E+0	0.000000E+0	1.004022E+1	0.000000E+0	3.000000E+0
24-Apr-25	15:49:31	-0.000000E+0	4.827265E+0	-9.000000E-5	5.400000E-6	-4.850000E-7	3.563500E-4	4.300000E-6	0.000000E+0	0.000000E+0	1.964247E-4	2.976042E-9	0.000000E+0	0.000000E+0	1.004022E+1	0.000000E+0	3.000000E+0
24-Apr-25	15:49:31	-0.000000E+0	4.827575E+0	-9.000000E-5	5.415000E-6	-4.550000E-7	3.575500E-4	3.800000E-6	0.000000E+0	0.000000E+0	1.964247E-4	2.976042E-9	0.000000E+0	0.000000E+0	1.004022E+1	0.000000E+0	3.000000E+0
24-Apr-25	15:49:32	-0.000000E+0	4.831110E+0	-9.000000E-5	5.485000E-6	-3.750000E-7	3.561500E-4	4.250000E-6	0.000000E+0	0.000000E+0	1.964247E-4	2.976042E-9	0.000000E+0	0.000000E+0	1.004022E+1	0.000000E+0	3.000000E+0
24-Apr-25	15:49:32	-0.000000E+0	4.833245E+0	-9.000000E-5	5.490000E-6	-4.150000E-7	3.562500E-4	4.350000E-6	0.000000E+0	0.000000E+0	1.964247E-4	2.976042E-9	0.000000E+0	0.000000E+0	1.004022E+1	0.000000E+0	3.000000E+0
24-Apr-25	15:49:33	-0.000000E+0	4.835375E+0	-9.000000E-5	5.450000E-6	-4.700000E-7	3.563500E-4	3.800000E-6	0.000000E+0	0.000000E+0	1.964247E-4	2.976042E-9	0.000000E+0	0.000000E+0	1.004022E+1	0.000000E+0	3.000000E+0
24-Apr-25	15:49:33	-0.000000E+0	4.837495E+0	-9.000000E-5	5.410000E-6	-4.450000E-7	3.561500E-4	3.600000E-6	0.000000E+0	0.000000E+0	1.964247E-4	2.976042E-9	0.000000E+0	0.000000E+0	1.004022E+1	0.000000E+0	3.000000E+0
24-Apr-25	15:49:34	-0.000000E+0	4.839390E+0	-9.000000E-5	5.395000E-6	-4.450000E-7	3.568000E-4	4.300000E-6	0.000000E+0	0.000000E+0	1.964247E-4	2.976042E-9	0.000000E+0	0.000000E+0	1.004022E+1	0.000000E+0	3.000000E+0
24-Apr-25	15:49:34	-0.000000E+0	4.839705E+0	-9.000000E-5	5.410000E-6	-4.500000E-7	3.561500E-4	4.300000E-6	0.000000E+0	0.000000E+0	1.964247E-4	2.976042E-9	0.000000E+0	0.000000E+0	1.004022E+1	0.000000E+0	3.000000E+0
24-Apr-25	15:49:35	-0.000000E+0	4.843375E+0	-9.000000E-5	5.425000E-6	-4.800000E-7	3.564500E-4	4.000000E-6	0.000000E+0	0.000000E+0	1.964247E-4	2.976042E-9	0.000000E+0	0.000000E+0	1.004022E+1	0.000000E+0	3.000000E+0
24-Apr-25	15:49:35	-0.000000E+0	4.845260E+0	-9.000000E-5	5.420000E-6	-4.450000E-7	3.569000E-4	3.250000E-6	0.000000E+0	0.000000E+0	1.964247E-4	2.976042E-9	0.000000E+0	0.000000E+0	1.004022E+1	0.000000E+0	3.000000E+0
24-Apr-25	15:49:35	-0.000000E+0	4.847130E+0	-9.000000E-5	5.360000E-6	-5.000000E-7	3.566500E-4	4.150000E-6	0.000000E+0	0.000000E+0	1.964247E-4	2.976042E-9	0.000000E+0	0.000000E+0	1.004022E+1	0.000000E+0	3.000000E+0
24-Apr-25	15:49:36	-0.000000E+0	4.849015E+0	-9.000000E-5	5.360000E-6	-4.950000E-7	3.573500E-4	4.450000E-6	0.000000E+0	0.000000E+0	1.964247E-4	2.976042E-9	0.000000E+0	0.000000E+0	1.004022E+1	0.000000E+0	3.000000E+0
24-Apr-25	15:49:36	-0.000000E+0	4.850945E+0	-9.000000E-5	5.320000E-6	-5.100000E-7	3.572000E-4	4.200000E-6	0.000000E+0	0.000000E+0	1.964247E-4	2.976042E-9	0.000000E+0	0.000000E+0	1.004022E+1	0.000000E+0	3.000000E+0
24-Apr-25	15:49:37	-0.000000E+0	4.853000E+0	-9.000000E-5	5.345000E-6	-4.750000E-7	3.567000E-4	4.250000E-6	0.000000E+0	0.000000E+0	1.964247E-4	2.976042E-9	0.000000E+0	0.000000E+0	1.004022E+1	0.000000E+0	3.000000E+0
24-Apr-25	15:49:37	-0.000000E+0	4.854875E+0	-9.000000E-5	5.370000E-6	-4.600000E-7	3.559500E-4	3.950000E-6	0.000000E+0	0.000000E+0	1.964247E-4	2.976042E-9	0.000000E+0	0.000000E+0	1.004022E+1	0.000000E+0	3.000000E+0
24-Apr-25	15:49:38	-0.000000E+0	4.856735E+0	-9.000000E-5	5.410000E-6	-4.650000E-7	3.562000E-4	4.100000E-6	0.000000E+0	0.000000E+0	1.964247E-4	2.976042E-9	0.000000E+0	0.000000E+0	1.004022E+1	0.000000E+0	3.000000E+0
24-Apr-25	15:49:38	-0.000000E+0	4.859000E+0	-9.000000E-5	5.375000E-6	-4.300000E-7	3.567000E-4	4.000000E-6	0.000000E+0	0.000000E+0	1.964247E-4	2.976042E-9	0.000000E+0	0.000000E+0	1.004022E+1	0.000000E+0	3.000000E+0
24-Apr-25	15:49:39	-0.000000E+0	4.860845E+0	-9.000000E-5	5.395000E-6	-4.350000E-7	3.563500E-4	4.050000E-6	0.000000E+0	0.000000E+0	1.964247E-4	2.976042E-9	0.000000E+0	0.000000E+0	1.004022E+1	0.000000E+0	3.000000E+0
24-Apr-25	15:49:39	-0.000000E+0	4.861135E+0	-9.000000E-5	5.445000E-6	-4.150000E-7	3.568000E-4	4.000000E-6	0.000000E+0	0.000000E+0	1.964247E-4	2.976042E-9	0.000000E+0	0.000000E+0	1.004022E+1	0.000000E+0	3.000000E+0
24-Apr-25	15:49:40	-0.000000E+0	4.864505E+0	-9.000000E-5	5.385000E-6	-4.650000E-7	3.563500E-4	3.950000E-6	0.000000E+0	0.000000E+0	1.964247E-4	2.976042E-9	0.000000E+0	0.000000E+0	1.004022E+1	0.000000E+0	3.000000E+0
24-Apr-25	15:49:40	-0.000000E+0	4.866515E+0	-9.000000E-5	5.335000E-6	-4.750000E-7	3.565500E-4	4.350000E-6	0.000000E+0	0.000000E+0	1.964247E-4	2.976042E-9	0.000000E+0	0.000000E+0	1.004022E+1	0.000000E+0	3.000000E+0
24-Apr-25	15:49:41	-0.000000E+0	4.868335E+0	-9.000000E-5	5.395000E-6	-4.250000E-7	3.567000E-4	4.100000E-6	0.000000E+0	0.000000E+0	1.964247E-4	2.976042E-9	0.000000E+0	0.000000E+0	1.004022E+1	0.000000E+0	3.000000E+0
24-Apr-25	15:49:41	-0.000000E+0	4.870155E+0	-9.000000E-5	5.455000E-6	-4.150000E-7	3.565000E-4	3.950000E-6	0.000000E+0	0.000000E+0	1.964247E-4	2.976042E-9	0.000000E+0	0.000000E+0	1.004022E+1	0.000000E+0	3.000000E+0
24-Apr-25	15:49:42	-0.000000E+0	4.871970E+0	-9.000000E-5	5.440000E-6	-3.900000E-7	3.572000E-4	4.350000E-6	0.000000E+0	0.000000E+0	1.964247E-4	2.976042E-9	0.000000E+0	0.000000E+0	1.004022E+1	0.000000E+0	3.000000E+0
24-Apr-25	15:49:42	-0.000000E+0	4.873840E+0	-9.000000E-5	5.445000E-6	-3.650000E-7	3.565000E-4	3.700000E-6	0.000000E+0	0.000000E+0	1.964247E-4	2.976042E-9	0.000000E+0	0.000000E+0	1.004022E+1	0.000000E+0	3.000000E+0
24-Apr-25	15:49:42	-0.000000E+0	4.874110E+0	-9.000000E-5	5.475000E-6	-4.300000E-7	3.565000E-4	3.450000E-6	0.000000E+0	0.000000E+0	1.964247E-4	2.976042E-9	0.000000E+0	0.000000E+0	1.004022E+1	0.000000E+0	3.000000E+0
24-Apr-25	15:49:43	-0.000000E+0	4.877435E+0	-9.000000E-5	5.440000E-6	-4.300000E-7	3.567500E-4	3.650000E-6	0.000000E+0	0.000000E+0	1.964247E-4	2.976042E-9	0.000000E+0	0.000000E+0	1.004022E+1	0.000000E+0	3.000000E+0
24-Apr-25	15:49:43	-0.000000E+0	4.879415E+0	-9.000000E-5	5.395000E-6	-4.350000E-7	3.562000E-4	4.450000E-6	0.000000E+0	0.000000E+0	1.964247E-4	2.976042E-9	0.000000E+0	0.000000E+0	1.004022E+1	0.000000E+0	3.000000E+0
24-Apr-25	15:49:44	-0.000000E+0	4.881200E+0	-9.000000E-5	5.360000E-6	-4.750000E-7	3.559500E-4	4.650000E-6	0.000000E+0	0.000000E+0	1.964247E-4	2.976042E-9	0.000000E+0	0.000000E+0	1.004022E+1	0.000000E+0	3.000000E+0
24-Apr-25	15:49:44	-0.000000E+0	4.882975E+0	-9.000000E-5	5.385000E-6	-4.800000E-7	3.563500E-4	4.500000E-6	0.000000E+0	0.000000E+0	1.964247E-4	2.976042E-9	0.000000E+0	0.000000E+0	1.004022E+1	0.000000E+0	3.000000E+0
24-Apr-25	15:49:45	-0.000000E+0	4.884760E+0	-9.000000E-5	5.430000E-6	-4.650000E-7	3.559500E-4	3.600000E-6	0.000000E+0	0.000000E+0	1.964247E-4	2.976042E-9	0.000000E+0	0.000000E+0	1.004022E+1	0.000000E+0	3.000000E+0
24-Apr-25	15:49:45	-0.000000E+0	4.886530E+0	-9.000000E-5	5.445000E-6	-3.900000E-7	3.570500E-4	4.250000E-6	0.000000E+0	0.000000E+0	1.964247E-4	2.976042E-9	0.000000E+0	0.000000E+0	1.004022E+1	0.000000E+0	3.000000E+0
24-Apr-25	15:49:46	-0.000000E+0	4.886810E+0	-9.000000E-5	5.440000E-6	-4.300000E-7	3.565500E-4	3.950000E-6	0.000000E+0	0.000000E+0	1.964247E-4	2.976042E-9	0.000000E+0	0.000000E+0	1.004022E+1	0.000000E+0	3.000000E+0
24-Apr-25	15:49:46	-0.000000E+0	4.890050E+0	-9.000000E-5	5.395000E-6	-4.650000E-7	3.566500E-4	3.950000E-6	0.000000E+0	0.000000E+0	1.964247E-4	2.976042E-9	0.000000E+0	0.000000E+0	1.004022E+1	0.000000E+0	3.000000E+0
24-Apr-25	15:49:47	-0.000000E+0	4.892005E+0	-9.000000E-5	5.365000E-6	-4.500000E-7	3.565500E-4	3.400000E-6	0.000000E+0	0.000000E+0	1.964247E-4	2.976042E-9	0.000000E+0	0.000000E+0	1.004022E+1	0.000000E+0	3.000000E+0
24-Apr-25	15:49:47	-0.000000E+0	4.894205E+0	-9.000000E-5	5.375000E-6	-4.500000E-7	3.566500E-4	4.350000E-6	0.000000E+0	0.000000E+0	1.964247E-4	2.976042E-9	0.000000E+0	0.000000E+0	1.004022E+1	0.000000E+0	3.000000E+0
24-Apr-25	15:49:48	-0.000000E+0	4.895950E+0	-9.000000E-5	5.415000E-6	-4.450000E-7	3.567000E-4	4.300000E-6	0.000000E+0	0.000000E+0	1.964247E-4	2.976042E-9	0.000000E+0	0.000000E+0	1.004022E+1	0.000000E+0	3.000000E+0
24-Apr-25	15:49:48	-0.000000E+0	4.897695E+0	-9.000000E-5	5.400000E-6	-4.650000E-7	3.565000E-4	4.200000E-6	0.000000E+0	0.000000E+0	1.964247E-4	2.976042E-9	0.000000E+0	0.000000E+0	1.004022E+1	0.000000E+0	3.000000E+0
24-Apr-25	15:49:49	-0.000000E+0	4.897965E+0	-9.000000E-5	5.395000E-6	-4.500000E-7	3.573500E-4	4.250000E-6	0.000000E+0	0.000000E+0	1.964247E-4	2.976042E-9	0.000000E+0	0.000000E+0	1.004022E+1	0.000000E+0	3.000000E+0
24-Apr-25	15:49:49	-0.000000E+0	4.901320E+0	-9.000000E-5	5.385000E-6	-4.600000E-7	3.564500E-4	4.250000E-6	0.000000E+0	0.000000E+0	1.964247E-4	2.976042E-9	0.000000E+0	0.000000E+0	1.004022E+1	0.000000E+0	3.000000E+0
24-Apr-25	15:49:50	-0.000000E+0	4.903055E+0	-9.000000E-5	5.430000E-6	-3.950000E-7	3.561500E-4	4.200000E-6	0.000000E+0	0.000000E+0	1.964247E-4	2.976042E-9	0.000000E+0	0.000000E+0	1.004022E+1	0.000000E+0	3.000000E+0
24-Apr-25	15:49:50	-0.000000E+0	4.905155E+0	-9.000000E-5	5.395000E-6	-3.900000E-7	3.562000E-4	4.250000E-6	0.000000E+0	0.000000E+0	1.964247E-4	2.976042E-9	0.000000E+0	0.000000E+0	1.004022E+1	0.000000E+0	3.000000E+0
24-Apr-25	15:49:51	-0.000000E+0	4.905440E+0	-9.000000E-5	5.355000E-6	-4.500000E-7	3.562000E-4	3.800000E-6	0.000000E+0	0.000000E+0	1.964247E-4	2.976042E-9	0.000000E+0	0.000000E+0	1.004022E+1	0.000000E+0	3.000000E+0
24-Apr-25	15:49:51	-0.000000E+0	4.908580E+0	-9.000000E-5	5.385000E-6	-4.250000E-7	3.566500E-4	4.350000E-6	0.000000E+0	0.000000E+0	1.964247E-4	2.976042E-9	0.000000E+0	0.000000E+0	1.004022E+1	0.000000E+0	3.000000E+0
24-Apr-25	15:49:51	-0.000000E+0	4.910490E+0	-9.000000E-5	5.405000E-6	-4.500000E-7	3.571000E-4	4.100000E-6	0.000000E+0	0.000000E+0	1.964247E-4	2.976042E-9	0.000000E+0	0.000000E+0	1.004022E+1	0.000000E+0	3.000000E+0
24-Apr-25	15:49:52	-0.000000E+0	4.912175E+0	-9.000000E-5	5.410000E-6	-4.450000E-7	3.571000E-4	4.250000E-6	0.000000E+0	0.000000E+0	1.964247E-4	2.976042E-9	0.000000E+0	0.000000E+0	1.004022E+1	0.000000E+0	3.000000E+0
24-Apr-25	15:49:52	-0.000000E+0	4.913855E+0	-9.000000E-5	5.390000E-6	-4.500000E-7	3.565000E-4	4.050000E-6	0.000000E+0	0.000000E+0	1.964247E-4	2.976042E-9	0.000000E+0	0.000000E+0	1.004022E+1	0.000000E+0	3.000000E+0
24-Apr-25	15:49:53	-0.000000E+0	4.915550E+0	-9.000000E-5	5.365000E-6	-4.250000E-7	3.561500E-4	3.800000E-6	0.000000E+0	0.000000E+0	1.964247E-4	2.976042E-9	0.000000E+0	0.000000E+0	1.004022E+1	0.000000E+0	3.000000E+0
24-Apr-25	15:49:53	-0.000000E+0	4.917280E+0	-9.000000E-5	5.395000E-6	-4.200000E-7	3.559500E-4	3.800000E-6	0.000000E+0	0.000000E+0	1.964247E-4	2.976042E-9	0.000000E+0	0.000000E+0	1.004022E+1	0.000000E+0	3.000000E+0
24-Apr-25	15:49:54	-0.000000E+0	4.919140E+0	-9.000000E-5	5.425000E-6	-4.000000E-7	3.568000E-4	4.250000E-6	0.000000E+0	0.000000E+0	1.964247E-4	2.976042E-9	0.000000E+0	0.000000E+0	1.004022E+1	0.000000E+0	3.000000E+0
24-Apr-25	15:49:54	-0.000000E+0	4.921010E+0	-9.000000E-5	5.455000E-6	-4.000000E-7	3.564000E-4	4.450000E-6	0.000000E+0	0.000000E+0	1.964247E-4	2.976042E-9	0.000000E+0	0.000000E+0	1.004022E+1	0.000000E+0	3.000000E+0
24-Apr-25	15:49:55	-0.000000E+0	4.922675E+0	-9.000000E-5	5.420000E-6	-4.300000E-7	3.569500E-4	4.500000E-6	0.000000E+0	0.000000E+0	1.964247E-4	2.976042E-9	0.000000E+0	0.000000E+0	1.004022E+1	0.000000E+0	3.000000E+0
24-Apr-25	15:49:55	-0.000000E+0	4.924325E+0	-9.000000E-5	5.400000E-6	-4.650000E-7	3.570000E-4	4.100000E-6	0.000000E+0	0.000000E+0	1.964247E-4	2.976042E-9	0.000000E+0	0.000000E+0	1.004022E+1	0.000000E+0	3.000000E+0
24-Apr-25	15:49:56	-0.000000E+0	4.925980E+0	-9.000000E-5	5.470000E-6	-4.650000E-7	3.570500E-4	4.450000E-6	0.000000E+0	0.000000E+0	1.964247E-4	2.976042E-9	0.000000E+0	0.000000E+0	1.004022E+1	0.000000E+0	3.000000E+0
24-Apr-25	15:49:56	-0.000000E+0	4.927695E+0	-9.000000E-5	5.445000E-6	-4.500000E-7	3.568000E-4	3.950000E-6	0.000000E+0	0.000000E+0	1.964247E-4	2.976042E-9	0.000000E+0	0.000000E+0	1.004022E+1	0.000000E+0	3.000000E+0
24-Apr-25	15:49:57	-0.000000E+0	4.928140E+0	-9.000000E-5	5.400000E-6	-4.350000E-7	3.570500E-4	3.850000E-6	0.000000E+0	0.000000E+0	1.964247E-4	2.976042E-9	0.000000E+0	0.000000E+0	1.004022E+1	0.000000E+0	3.000000E+0
24-Apr-25	15:49:57	-0.000000E+0	4.930980E+0	-9.000000E-5	5.395000E-6	-4.300000E-7	3.561500E-4	4.400000E-6	0.000000E+0	0.000000E+0	1.964247E-4	2.976042E-9	0.000000E+0	0.000000E+0	1.004022E+1	0.000000E+0	3.000000E+0
24-Apr-25	15:49:58	-0.000000E+0	4.932820E+0	-9.000000E-5	5.370000E-6	-4.400000E-7	3.568000E-4	4.500000E-6	0.000000E+0	0.000000E+0	1.964247E-4	2.976042E-9	0.000000E+0	0.000000E+0	1.004022E+1	0.000000E+0	3.000000E+0
24-Apr-25	15:49:58	-0.000000E+0	4.934625E+0	-9.000000E-5	5.415000E-6	-4.550000E-7	3.563500E-4	5.000000E-6	0.000000E+0	0.000000E+0	1.964247E-4	2.976042E-9	0.000000E+0	0.000000E+0	1.004022E+1	0.000000E+0	3.000000E+0
24-Apr-25	15:49:58	-0.000000E+0	4.936255E+0	-9.000000E-5	5.375000E-6	-4.800000E-7	3.565000E-4	3.900000E-6	0.000000E+0	0.000000E+0	1.964247E-4	2.976042E-9	0.000000E+0	0.000000E+0	1.004022E+1	0.000000E+0	3.000000E+0
24-Apr-25	15:49:59	-0.000000E+0	4.937935E+0	-9.000000E-5	5.360000E-6	-4.150000E-7	3.558000E-4	4.350000E-6	0.000000E+0	0.000000E+0	1.964247E-4	2.976042E-9	0.000000E+0	0.000000E+0	1.004022E+1	0.000000E+0	3.000000E+0
24-Apr-25	15:49:59	-0.000000E+0	4.939730E+0	-9.000000E-5	5.360000E-6	-4.300000E-7	3.573500E-4	4.550000E-6	0.000000E+0	0.000000E+0	1.964247E-4	2.976042E-9	0.000000E+0	0.000000E+0	1.004022E+1	0.000000E+0	3.000000E+0
24-Apr-25	15:50:00	-0.000000E+0	4.941525E+0	-9.000000E-5	5.415000E-6	-4.350000E-7	3.566500E-4	3.900000E-6	0.000000E+0	0.000000E+0	1.964247E-4	2.976042E-9	0.000000E+0	0.000000E+0	1.004022E+1	0.000000E+0	3.000000E+0
24-Apr-25	15:50:00	-0.000000E+0	4.943120E+0	-9.000000E-5	5.415000E-6	-4.450000E-7	3.568500E-4	3.800000E-6	0.000000E+0	0.000000E+0	1.964247E-4	2.976042E-9	0.000000E+0	0.000000E+0	1.004022E+1	0.000000E+0	3.000000E+0
24-Apr-25	15:50:01	-0.000000E+0	4.945075E+0	-9.000000E-5	5.355000E-6	-4.450000E-7	3.570500E-4	4.100000E-6	0.000000E+0	0.000000E+0	1.964247E-4	2.976042E-9	0.000000E+0	0.000000E+0	1.004022E+1	0.000000E+0	3.000000E+0
24-Apr-25	15:50:01	-0.000000E+0	4.945520E+0	-9.000000E-5	5.365000E-6	-4.500000E-7	3.569500E-4	3.950000E-6	0.000000E+0	0.000000E+0	1.964247E-4	2.976042E-9	0.000000E+0	0.000000E+0	1.004022E+1	0.000000E+0	3.000000E+0
24-Apr-25	15:50:02	-0.000000E+0	4.948435E+0	-9.000000E-5	5.355000E-6	-4.750000E-7	3.568500E-4	4.450000E-6	0.000000E+0	0.000000E+0	1.964247E-4	2.976042E-9	0.000000E+0	0.000000E+0	1.004022E+1	0.000000E+0	3.000000E+0
24-Apr-25	15:50:02	-0.000000E+0	4.950025E+0	-9.000000E-5	5.360000E-6	-4.500000E-7	3.568500E-4	3.600000E-6	0.000000E+0	0.000000E+0	1.964247E-4	2.976042E-9	0.000000E+0	0.000000E+0	1.004022E+1	0.000000E+0	3.000000E+0
24-Apr-25	15:50:03	-0.000000E+0	4.951600E+0	-9.000000E-5	5.380000E-6	-4.350000E-7	3.565000E-4	3.800000E-6	0.000000E+0	0.000000E+0	1.964247E-4	2.976042E-9	0.000000E+0	0.000000E+0	1.004022E+1	0.000000E+0	3.000000E+0
24-Apr-25	15:50:03	-0.000000E+0	4.952220E+0	-9.000000E-5	5.340000E-6	-4.300000E-7	3.565500E-4	4.450000E-6	0.000000E+0	0.000000E+0	1.964247E-4	2.976042E-9	0.000000E+0	0.000000E+0	1.004022E+1	0.000000E+0	3.000000E+0
24-Apr-25	15:50:04	-0.000000E+0	4.955345E+0	-9.000000E-5	5.380000E-6	-4.850000E-7	3.567000E-4	3.950000E-6	0.000000E+0	0.000000E+0	1.964247E-4	2.976042E-9	0.000000E+0	0.000000E+0	1.004022E+1	0.000000E+0	3.000000E+0
24-Apr-25	15:50:04	-0.000000E+0	4.956910E+0	-9.000000E-5	5.380000E-6	-4.600000E-7	3.563500E-4	4.400000E-6	0.000000E+0	0.000000E+0	1.964247E-4	2.976042E-9	0.000000E+0	0.000000E+0	1.004022E+1	0.000000E+0	3.000000E+0
24-Apr-25	15:50:05	-0.000000E+0	4.958460E+0	-9.000000E-5	5.435000E-6	-3.750000E-7	3.566000E-4	3.950000E-6	0.000000E+0	0.000000E+0	1.964247E-4	2.976042E-9	0.000000E+0	0.000000E+0	1.004022E+1	0.000000E+0	3.000000E+0
24-Apr-25	15:50:05	-0.000000E+0	4.960030E+0	-9.000000E-5	5.435000E-6	-4.000000E-7	3.565000E-4	4.400000E-6	0.000000E+0	0.000000E+0	1.964247E-4	2.976042E-9	0.000000E+0	0.000000E+0	1.004022E+1	0.000000E+0	3.000000E+0
24-Apr-25	15:50:06	-0.000000E+0	4.961910E+0	-9.000000E-5	5.435000E-6	-4.000000E-7	3.566500E-4	3.900000E-6	0.000000E+0	0.000000E+0	1.964247E-4	2.976042E-9	0.000000E+0	0.000000E+0	1.004022E+1	0.000000E+0	3.000000E+0
24-Apr-25	15:50:06	-0.000000E+0	4.963290E+0	-9.000000E-5	5.375000E-6	-5.300000E-7	3.568000E-4	4.400000E-6	0.000000E+0	0.000000E+0	1.964247E-4	2.976042E-9	0.000000E+0	0.000000E+0	1.004022E+1	0.000000E+0	3.000000E+0
24-Apr-25	15:50:07	-0.000000E+0	4.965200E+0	-9.000000E-5	5.355000E-6	-4.350000E-7	3.576500E-4	4.600000E-6	0.000000E+0	0.000000E+0	1.964247E-4	2.976042E-9	0.000000E+0	0.000000E+0	1.004022E+1	0.000000E+0	3.000000E+0
24-Apr-25	15:50:07	-0.000000E+0	4.966795E+0	-9.000000E-5	5.330000E-6	-4.550000E-7	3.576500E-4	3.400000E-6	0.000000E+0	0.000000E+0	1.964247E-4	2.976042E-9	0.000000E+0	0.000000E+0	1.004022E+1	0.000000E+0	3.000000E+0
24-Apr-25	15:50:08	-0.000000E+0	4.968670E+0	-9.000000E-5	5.425000E-6	-3.650000E-7	3.561500E-4	3.600000E-6	0.000000E+0	0.000000E+0	1.964247E-4	2.976042E-9	0.000000E+0	0.000000E+0	1.004022E+1	0.000000E+0	3.000000E+0
24-Apr-25	15:50:08	-0.000000E+0	4.969065E+0	-9.000000E-5	5.425000E-6	-4.550000E-7	3.571500E-4	3.800000E-6	0.000000E+0	0.000000E+0	1.964247E-4	2.976042E-9	0.000000E+0	0.000000E+0	1.004022E+1	0.000000E+0	3.000000E+0
24-Apr-25	15:50:09	-0.000000E+0	4.972205E+0	-9.000000E-5	5.410000E-6	-4.450000E-7	3.570500E-4	4.250000E-6	0.000000E+0	0.000000E+0	1.964247E-4	2.976042E-9	0.000000E+0	0.000000E+0	1.004022E+1	0.000000E+0	3.000000E+0
24-Apr-25	15:50:09	-0.000000E+0	4.974060E+0	-9.000000E-5	5.420000E-6	-3.950000E-7	3.570500E-4	4.150000E-6	0.000000E+0	0.000000E+0	1.964247E-4	2.976042E-9	0.000000E+0	0.000000E+0	1.004022E+1	0.000000E+0	3.000000E+0
24-Apr-25	15:50:10	-0.000000E+0	4.974350E+0	-9.000000E-5	5.425000E-6	-4.300000E-7	3.568500E-4	3.700000E-6	0.000000E+0	0.000000E+0	1.964247E-4	2.976042E-9	0.000000E+0	0.000000E+0	1.004022E+1	0.000000E+0	3.000000E+0
24-Apr-25	15:50:10	-0.000000E+0	4.977475E+0	-9.000000E-5	5.390000E-6	-4.600000E-7	3.566000E-4	4.500000E-6	0.000000E+0	0.000000E+0	1.964247E-4	2.976042E-9	0.000000E+0	0.000000E+0	1.004022E+1	0.000000E+0	3.000000E+0
24-Apr-25	15:50:11	-0.000000E+0	4.978985E+0	-9.000000E-5	5.355000E-6	-4.400000E-7	3.568000E-4	4.800000E-6	0.000000E+0	0.000000E+0	1.964247E-4	2.976042E-9	0.000000E+0	0.000000E+0	1.004022E+1	0.000000E+0	3.000000E+0
24-Apr-25	15:50:11	-0.000000E+0	4.980815E+0	-9.000000E-5	5.375000E-6	-4.100000E-7	3.560500E-4	4.050000E-6	0.000000E+0	0.000000E+0	1.964247E-4	2.976042E-9	0.000000E+0	0.000000E+0	1.004022E+1	0.000000E+0	3.000000E+0
24-Apr-25	15:50:12	-0.000000E+0	4.982360E+0	-9.000000E-5	5.325000E-6	-4.800000E-7	3.564000E-4	3.800000E-6	0.000000E+0	0.000000E+0	1.964247E-4	2.976042E-9	0.000000E+0	0.000000E+0	1.004022E+1	0.000000E+0	3.000000E+0
24-Apr-25	15:50:12	-0.000000E+0	4.983855E+0	-9.000000E-5	5.345000E-6	-4.900000E-7	3.573500E-4	4.500000E-6	0.000000E+0	0.000000E+0	1.964247E-4	2.976042E-9	0.000000E+0	0.000000E+0	1.004022E+1	0.000000E+0	3.000000E+0
24-Apr-25	15:50:13	-0.000000E+0	4.985495E+0	-9.000000E-5	5.340000E-6	-4.400000E-7	3.567500E-4	3.950000E-6	0.000000E+0	0.000000E+0	1.964247E-4	2.976042E-9	0.000000E+0	0.000000E+0	1.004022E+1	0.000000E+0	3.000000E+0
24-Apr-25	15:50:13	-0.000000E+0	4.986970E+0	-9.000000E-5	5.350000E-6	-4.100000E-7	3.573500E-4	3.750000E-6	0.000000E+0	0.000000E+0	1.964247E-4	2.976042E-9	0.000000E+0	0.000000E+0	1.004022E+1	0.000000E+0	3.000000E+0
24-Apr-25	15:50:14	-0.000000E+0	4.988620E+0	-9.000000E-5	5.390000E-6	-3.950000E-7	3.576000E-4	3.800000E-6	0.000000E+0	0.000000E+0	1.964247E-4	2.976042E-9	0.000000E+0	0.000000E+0	1.004022E+1	0.000000E+0	3.000000E+0
24-Apr-25	15:50:14	-0.000000E+0	4.990235E+0	-9.000000E-5	5.385000E-6	-4.150000E-7	3.568000E-4	4.450000E-6	0.000000E+0	0.000000E+0	1.964247E-4	2.976042E-9	0.000000E+0	0.000000E+0	1.004022E+1	0.000000E+0	3.000000E+0
24-Apr-25	15:50:15	-0.000000E+0	4.991855E+0	-9.000000E-5	5.365000E-6	-4.150000E-7	3.568000E-4	3.950000E-6	0.000000E+0	0.000000E+0	1.964247E-4	2.976042E-9	0.000000E+0	0.000000E+0	1.004022E+1	0.000000E+0	3.000000E+0
24-Apr-25	15:50:15	-0.000000E+0	4.993320E+0	-9.000000E-5	5.330000E-6	-4.300000E-7	3.565000E-4	4.750000E-6	0.000000E+0	0.000000E+0	1.964247E-4	2.976042E-9	0.000000E+0	0.000000E+0	1.004022E+1	0.000000E+0	3.000000E+0
24-Apr-25	15:50:16	-0.000000E+0	4.994765E+0	-9.000000E-5	5.305000E-6	-4.100000E-7	3.568000E-4	4.200000E-6	0.000000E+0	0.000000E+0	1.964247E-4	2.976042E-9	0.000000E+0	0.000000E+0	1.004022E+1	0.000000E+0	3.000000E+0
24-Apr-25	15:50:16	-0.000000E+0	4.996425E+0	-9.000000E-5	5.340000E-6	-4.200000E-7	3.570500E-4	3.950000E-6	0.000000E+0	0.000000E+0	1.964247E-4	2.976042E-9	0.000000E+0	0.000000E+0	1.004022E+1	0.000000E+0	3.000000E+0
24-Apr-25	15:50:17	-0.000000E+0	4.997880E+0	-9.000000E-5	5.335000E-6	-3.950000E-7	3.569500E-4	4.200000E-6	0.000000E+0	0.000000E+0	1.964247E-4	2.976042E-9	0.000000E+0	0.000000E+0	1.004022E+1	0.000000E+0	3.000000E+0
24-Apr-25	15:50:17	-0.000000E+0	4.999810E+0	-9.000000E-5	5.365000E-6	-4.150000E-7	3.568500E-4	4.500000E-6	0.000000E+0	0.000000E+0	1.964247E-4	2.976042E-9	0.000000E+0	0.000000E+0	1.004022E+1	0.000000E+0	3.000000E+0
24-Apr-25	15:50:18	-0.000000E+0	5.001250E+0	-9.000000E-5	5.365000E-6	-4.650000E-7	3.572000E-4	4.000000E-6	0.000000E+0	0.000000E+0	1.964247E-4	2.976042E-9	0.000000E+0	0.000000E+0	1.004022E+1	0.000000E+0	3.000000E+0
24-Apr-25	15:50:18	-0.000000E+0	5.003165E+0	-9.000000E-5	5.360000E-6	-4.200000E-7	3.569500E-4	4.000000E-6	0.000000E+0	0.000000E+0	1.964247E-4	2.976042E-9	0.000000E+0	0.000000E+0	1.004022E+1	0.000000E+0	3.000000E+0
24-Apr-25	15:50:19	-0.000000E+0	5.004590E+0	-9.000000E-5	5.340000E-6	-4.300000E-7	3.562000E-4	4.100000E-6	0.000000E+0	0.000000E+0	1.964247E-4	2.976042E-9	0.000000E+0	0.000000E+0	1.004022E+1	0.000000E+0	3.000000E+0
24-Apr-25	15:50:19	-0.000000E+0	5.004825E+0	-9.000000E-5	5.355000E-6	-4.600000E-7	3.566000E-4	3.250000E-6	0.000000E+0	0.000000E+0	1.964247E-4	2.976042E-9	0.000000E+0	0.000000E+0	1.004022E+1	0.000000E+0	3.000000E+0
24-Apr-25	15:50:20	-0.000000E+0	5.007460E+0	-9.000000E-5	5.340000E-6	-4.600000E-7	3.560500E-4	4.300000E-6	0.000000E+0	0.000000E+0	1.964247E-4	2.976042E-9	0.000000E+0	0.000000E+0	1.004022E+1	0.000000E+0	3.000000E+0
24-Apr-25	15:50:20	-0.000000E+0	5.008935E+0	-9.000000E-5	5.330000E-6	-4.350000E-7	3.563500E-4	4.350000E-6	0.000000E+0	0.000000E+0	1.964247E-4	2.976042E-9	0.000000E+0	0.000000E+0	1.004022E+1	0.000000E+0	3.000000E+0
24-Apr-25	15:50:20	-0.000000E+0	5.010355E+0	-9.000000E-5	5.310000E-6	-4.300000E-7	3.569500E-4	3.800000E-6	0.000000E+0	0.000000E+0	1.964247E-4	2.976042E-9	0.000000E+0	0.000000E+0	1.004022E+1	0.000000E+0	3.000000E+0
24-Apr-25	15:50:21	-0.000000E+0	5.011785E+0	-9.000000E-5	5.300000E-6	-3.800000E-7	3.565500E-4	4.300000E-6	0.000000E+0	0.000000E+0	1.964247E-4	2.976042E-9	0.000000E+0	0.000000E+0	1.004022E+1	0.000000E+0	3.000000E+0
24-Apr-25	15:50:21	-0.000000E+0	5.013360E+0	-9.000000E-5	5.375000E-6	-4.050000E-7	3.560000E-4	5.050000E-6	0.000000E+0	0.000000E+0	1.964247E-4	2.976042E-9	0.000000E+0	0.000000E+0	1.004022E+1	0.000000E+0	3.000000E+0
24-Apr-25	15:50:22	-0.000000E+0	5.014945E+0	-9.000000E-5	5.345000E-6	-4.200000E-7	3.571500E-4	3.800000E-6	0.000000E+0	0.000000E+0	1.964247E-4	2.976042E-9	0.000000E+0	0.000000E+0	1.004022E+1	0.000000E+0	3.000000E+0
24-Apr-25	15:50:22	-0.000000E+0	5.016520E+0	-9.000000E-5	5.305000E-6	-4.100000E-7	3.565000E-4	3.850000E-6	0.000000E+0	0.000000E+0	1.964247E-4	2.976042E-9	0.000000E+0	0.000000E+0	1.004022E+1	0.000000E+0	3.000000E+0
24-Apr-25	15:50:23	-0.000000E+0	5.018320E+0	-9.000000E-5	5.385000E-6	-4.550000E-7	3.568000E-4	4.250000E-6	0.000000E+0	0.000000E+0	1.964247E-4	2.976042E-9	0.000000E+0	0.000000E+0	1.004022E+1	0.000000E+0	3.000000E+0
24-Apr-25	15:50:24	-0.000000E+0	5.019750E+0	-9.000000E-5	5.335000E-6	-4.850000E-7	3.569500E-4	4.800000E-6	0.000000E+0	0.000000E+0	1.964247E-4	2.976042E-9	0.000000E+0	0.000000E+0	1.004022E+1	0.000000E+0	3.000000E+0
24-Apr-25	15:50:24	-0.000000E+0	5.021490E+0	-9.000000E-5	5.375000E-6	-4.000000E-7	3.574500E-4	3.950000E-6	0.000000E+0	0.000000E+0	1.964247E-4	2.976042E-9	0.000000E+0	0.000000E+0	1.004022E+1	0.000000E+0	3.000000E+0
24-Apr-25	15:50:25	-0.000000E+0	5.023245E+0	-9.000000E-5	5.345000E-6	-4.150000E-7	3.564500E-4	3.800000E-6	0.000000E+0	0.000000E+0	1.964247E-4	2.976042E-9	0.000000E+0	0.000000E+0	1.004022E+1	0.000000E+0	3.000000E+0
24-Apr-25	15:50:25	-0.000000E+0	5.024665E+0	-9.000000E-5	5.330000E-6	-4.250000E-7	3.568000E-4	4.250000E-6	0.000000E+0	0.000000E+0	1.964247E-4	2.976042E-9	0.000000E+0	0.000000E+0	1.004022E+1	0.000000E+0	3.000000E+0
24-Apr-25	15:50:26	-0.000000E+0	5.025065E+0	-9.000000E-5	5.365000E-6	-4.350000E-7	3.569500E-4	4.800000E-6	0.000000E+0	0.000000E+0	1.964247E-4	2.976042E-9	0.000000E+0	0.000000E+0	1.004022E+1	0.000000E+0	3.000000E+0
24-Apr-25	15:50:26	-0.000000E+0	5.027690E+0	-9.000000E-5	5.325000E-6	-4.250000E-7	3.571500E-4	4.450000E-6	0.000000E+0	0.000000E+0	1.964247E-4	2.976042E-9	0.000000E+0	0.000000E+0	1.004022E+1	0.000000E+0	3.000000E+0
24-Apr-25	15:50:26	-0.000000E+0	5.029120E+0	-9.000000E-5	5.310000E-6	-3.900000E-7	3.571500E-4	4.250000E-6	0.000000E+0	0.000000E+0	1.964247E-4	2.976042E-9	0.000000E+0	0.000000E+0	1.004022E+1	0.000000E+0	3.000000E+0
24-Apr-25	15:50:27	-0.000000E+0	5.030885E+0	-9.000000E-5	5.320000E-6	-4.650000E-7	3.572000E-4	4.450000E-6	0.000000E+0	0.000000E+0	1.964247E-4	2.976042E-9	0.000000E+0	0.000000E+0	1.004022E+1	0.000000E+0	3.000000E+0
24-Apr-25	15:50:28	-0.000000E+0	5.031480E+0	-9.000000E-5	5.350000E-6	-4.150000E-7	3.566500E-4	3.950000E-6	0.000000E+0	0.000000E+0	1.964247E-4	2.976042E-9	0.000000E+0	0.000000E+0	1.004022E+1	0.000000E+0	3.000000E+0
24-Apr-25	15:50:28	-0.000000E+0	5.034490E+0	-9.000000E-5	5.305000E-6	-4.000000E-7	3.559000E-4	4.150000E-6	0.000000E+0	0.000000E+0	1.964247E-4	2.976042E-9	0.000000E+0	0.000000E+0	1.004022E+1	0.000000E+0	3.000000E+0
24-Apr-25	15:50:29	-0.000000E+0	5.035805E+0	-9.000000E-5	5.320000E-6	-4.050000E-7	3.574500E-4	3.800000E-6	0.000000E+0	0.000000E+0	1.964247E-4	2.976042E-9	0.000000E+0	0.000000E+0	1.004022E+1	0.000000E+0	3.000000E+0
24-Apr-25	15:50:29	-0.000000E+0	5.037600E+0	-9.000000E-5	5.390000E-6	-4.250000E-7	3.566500E-4	4.100000E-6	0.000000E+0	0.000000E+0	1.964247E-4	2.976042E-9	0.000000E+0	0.000000E+0	1.004022E+1	0.000000E+0	3.000000E+0
24-Apr-25	15:50:29	-0.000000E+0	5.039080E+0	-9.000000E-5	5.420000E-6	-4.450000E-7	3.572000E-4	4.150000E-6	0.000000E+0	0.000000E+0	1.964247E-4	2.976042E-9	0.000000E+0	0.000000E+0	1.004022E+1	0.000000E+0	3.000000E+0
24-Apr-25	15:50:30	-0.000000E+0	5.040565E+0	-9.000000E-5	5.395000E-6	-3.950000E-7	3.571000E-4	3.350000E-6	0.000000E+0	0.000000E+0	1.964247E-4	2.976042E-9	0.000000E+0	0.000000E+0	1.004022E+1	0.000000E+0	3.000000E+0
24-Apr-25	15:50:30	-0.000000E+0	5.040820E+0	-9.000000E-5	5.400000E-6	-4.200000E-7	3.564000E-4	4.100000E-6	0.000000E+0	0.000000E+0	1.964247E-4	2.976042E-9	0.000000E+0	0.000000E+0	1.004022E+1	0.000000E+0	3.000000E+0
24-Apr-25	15:50:31	-0.000000E+0	5.043750E+0	-9.000000E-5	5.370000E-6	-4.400000E-7	3.573000E-4	3.800000E-6	0.000000E+0	0.000000E+0	1.964247E-4	2.976042E-9	0.000000E+0	0.000000E+0	1.004022E+1	0.000000E+0	3.000000E+0
24-Apr-25	15:50:31	-0.000000E+0	5.045295E+0	-9.000000E-5	5.355000E-6	-4.300000E-7	3.572500E-4	4.250000E-6	0.000000E+0	0.000000E+0	1.964247E-4	2.976042E-9	0.000000E+0	0.000000E+0	1.004022E+1	0.000000E+0	3.000000E+0
24-Apr-25	15:50:32	-0.000000E+0	5.046845E+0	-9.000000E-5	5.365000E-6	-4.200000E-7	3.567000E-4	4.150000E-6	0.000000E+0	0.000000E+0	1.964247E-4	2.976042E-9	0.000000E+0	0.000000E+0	1.004022E+1	0.000000E+0	3.000000E+0
24-Apr-25	15:50:32	-0.000000E+0	5.047265E+0	-9.000000E-5	5.330000E-6	-4.350000E-7	3.566000E-4	3.650000E-6	0.000000E+0	0.000000E+0	1.964247E-4	2.976042E-9	0.000000E+0	0.000000E+0	1.004022E+1	0.000000E+0	3.000000E+0
24-Apr-25	15:50:33	-0.000000E+0	5.050430E+0	-9.000000E-5	5.395000E-6	-4.250000E-7	3.575000E-4	4.000000E-6	0.000000E+0	0.000000E+0	1.964247E-4	2.976042E-9	0.000000E+0	0.000000E+0	1.004022E+1	0.000000E+0	3.000000E+0
24-Apr-25	15:50:33	-0.000000E+0	5.052550E+0	-9.000000E-5	5.335000E-6	-4.150000E-7	3.569500E-4	3.800000E-6	0.000000E+0	0.000000E+0	1.964247E-4	2.976042E-9	0.000000E+0	0.000000E+0	1.004022E+1	0.000000E+0	3.000000E+0
24-Apr-25	15:50:34	-0.000000E+0	5.053000E+0	-9.000000E-5	5.300000E-6	-4.400000E-7	3.572500E-4	4.100000E-6	0.000000E+0	0.000000E+0	1.964247E-4	2.976042E-9	0.000000E+0	0.000000E+0	1.004022E+1	0.000000E+0	3.000000E+0
24-Apr-25	15:50:35	-0.000000E+0	5.056250E+0	-9.000000E-5	5.310000E-6	-4.100000E-7	3.566000E-4	4.150000E-6	0.000000E+0	0.000000E+0	1.964247E-4	2.976042E-9	0.000000E+0	0.000000E+0	1.004022E+1	0.000000E+0	3.000000E+0
24-Apr-25	15:50:35	-0.000000E+0	5.058200E+0	-9.000000E-5	5.310000E-6	-4.100000E-7	3.579000E-4	3.650000E-6	0.000000E+0	0.000000E+0	1.964247E-4	2.976042E-9	0.000000E+0	0.000000E+0	1.004022E+1	0.000000E+0	3.000000E+0
24-Apr-25	15:50:36	-0.000000E+0	5.058650E+0	-9.000000E-5	5.350000E-6	-4.600000E-7	3.570500E-4	4.300000E-6	0.000000E+0	0.000000E+0	1.964247E-4	2.976042E-9	0.000000E+0	0.000000E+0	1.004022E+1	0.000000E+0	3.000000E+0
24-Apr-25	15:50:36	-0.000000E+0	5.061615E+0	-9.000000E-5	5.350000E-6	-4.500000E-7	3.570500E-4	4.300000E-6	0.000000E+0	0.000000E+0	1.964247E-4	2.976042E-9	0.000000E+0	0.000000E+0	1.004022E+1	0.000000E+0	3.000000E+0
24-Apr-25	15:50:37	-0.000000E+0	5.063255E+0	-9.000000E-5	5.345000E-6	-4.050000E-7	3.572000E-4	4.000000E-6	0.000000E+0	0.000000E+0	1.964247E-4	2.976042E-9	0.000000E+0	0.000000E+0	1.004022E+1	0.000000E+0	3.000000E+0
24-Apr-25	15:50:37	-0.000000E+0	5.064940E+0	-9.000000E-5	5.335000E-6	-4.300000E-7	3.573000E-4	4.000000E-6	0.000000E+0	0.000000E+0	1.964247E-4	2.976042E-9	0.000000E+0	0.000000E+0	1.004022E+1	0.000000E+0	3.000000E+0
24-Apr-25	15:50:38	-0.000000E+0	5.066965E+0	-9.000000E-5	5.310000E-6	-4.350000E-7	3.571000E-4	4.350000E-6	0.000000E+0	0.000000E+0	1.964247E-4	2.976042E-9	0.000000E+0	0.000000E+0	1.004022E+1	0.000000E+0	3.000000E+0
24-Apr-25	15:50:38	-0.000000E+0	5.069175E+0	-9.000000E-5	5.325000E-6	-3.900000E-7	3.576000E-4	3.450000E-6	0.000000E+0	0.000000E+0	1.964247E-4	2.976042E-9	0.000000E+0	0.000000E+0	1.004022E+1	0.000000E+0	3.000000E+0
24-Apr-25	15:50:39	-0.000000E+0	5.070820E+0	-9.000000E-5	5.335000E-6	-4.250000E-7	3.568000E-4	4.000000E-6	0.000000E+0	0.000000E+0	1.964247E-4	2.976042E-9	0.000000E+0	0.000000E+0	1.004022E+1	0.000000E+0	3.000000E+0
24-Apr-25	15:50:39	-0.000000E+0	5.072485E+0	-9.000000E-5	5.285000E-6	-4.150000E-7	3.574500E-4	3.650000E-6	0.000000E+0	0.000000E+0	1.964247E-4	2.976042E-9	0.000000E+0	0.000000E+0	1.004022E+1	0.000000E+0	3.000000E+0
24-Apr-25	15:50:40	-0.000000E+0	5.074485E+0	-9.000000E-5	5.305000E-6	-4.000000E-7	3.566500E-4	3.800000E-6	0.000000E+0	0.000000E+0	1.964247E-4	2.976042E-9	0.000000E+0	0.000000E+0	1.004022E+1	0.000000E+0	3.000000E+0
24-Apr-25	15:50:40	-0.000000E+0	5.075935E+0	-9.000000E-5	5.325000E-6	-3.900000E-7	3.570500E-4	3.250000E-6	0.000000E+0	0.000000E+0	1.964247E-4	2.976042E-9	0.000000E+0	0.000000E+0	1.004022E+1	0.000000E+0	3.000000E+0
24-Apr-25	15:50:40	-0.000000E+0	5.077750E+0	-9.000000E-5	5.355000E-6	-4.100000E-7	3.580500E-4	4.100000E-6	0.000000E+0	0.000000E+0	1.964247E-4	2.976042E-9	0.000000E+0	0.000000E+0	1.004022E+1	0.000000E+0	3.000000E+0
24-Apr-25	15:50:41	-0.000000E+0	5.079375E+0	-9.000000E-5	5.365000E-6	-4.150000E-7	3.566000E-4	3.500000E-6	0.000000E+0	0.000000E+0	1.964247E-4	2.976042E-9	0.000000E+0	0.000000E+0	1.004022E+1	0.000000E+0	3.000000E+0
24-Apr-25	15:50:42	-0.000000E+0	5.081550E+0	-9.000000E-5	5.345000E-6	-4.550000E-7	3.570500E-4	4.250000E-6	0.000000E+0	0.000000E+0	1.964247E-4	2.976042E-9	0.000000E+0	0.000000E+0	1.004022E+1	0.000000E+0	3.000000E+0
24-Apr-25	15:50:42	-0.000000E+0	5.083575E+0	-9.000000E-5	5.290000E-6	-4.350000E-7	3.567500E-4	4.350000E-6	0.000000E+0	0.000000E+0	1.964247E-4	2.976042E-9	0.000000E+0	0.000000E+0	1.004022E+1	0.000000E+0	3.000000E+0
24-Apr-25	15:50:43	-0.000000E+0	5.085195E+0	-9.000000E-5	5.330000E-6	-4.350000E-7	3.575000E-4	4.200000E-6	0.000000E+0	0.000000E+0	1.964247E-4	2.976042E-9	0.000000E+0	0.000000E+0	1.004022E+1	0.000000E+0	3.000000E+0
24-Apr-25	15:50:43	-0.000000E+0	5.087155E+0	-9.000000E-5	5.365000E-6	-4.300000E-7	3.573500E-4	4.250000E-6	0.000000E+0	0.000000E+0	1.964247E-4	2.976042E-9	0.000000E+0	0.000000E+0	1.004022E+1	0.000000E+0	3.000000E+0
24-Apr-25	15:50:44	-0.000000E+0	5.088765E+0	-9.000000E-5	5.370000E-6	-4.200000E-7	3.563000E-4	3.750000E-6	0.000000E+0	0.000000E+0	1.964247E-4	2.976042E-9	0.000000E+0	0.000000E+0	1.004022E+1	0.000000E+0	3.000000E+0
24-Apr-25	15:50:44	-0.000000E+0	5.090405E+0	-9.000000E-5	5.330000E-6	-4.450000E-7	3.573500E-4	4.500000E-6	0.000000E+0	0.000000E+0	1.964247E-4	2.976042E-9	0.000000E+0	0.000000E+0	1.004022E+1	0.000000E+0	3.000000E+0
24-Apr-25	15:50:44	-0.000000E+0	5.092200E+0	-9.000000E-5	5.365000E-6	-3.950000E-7	3.574500E-4	5.500000E-6	0.000000E+0	0.000000E+0	1.964247E-4	2.976042E-9	0.000000E+0	0.000000E+0	1.004022E+1	0.000000E+0	3.000000E+0
24-Apr-25	15:50:45	-0.000000E+0	5.093795E+0	-9.000000E-5	5.335000E-6	-4.000000E-7	3.581000E-4	3.850000E-6	0.000000E+0	0.000000E+0	1.964247E-4	2.976042E-9	0.000000E+0	0.000000E+0	1.004022E+1	0.000000E+0	3.000000E+0
24-Apr-25	15:50:45	-0.000000E+0	5.095385E+0	-9.000000E-5	5.345000E-6	-4.250000E-7	3.571000E-4	3.750000E-6	0.000000E+0	0.000000E+0	1.964247E-4	2.976042E-9	0.000000E+0	0.000000E+0	1.004022E+1	0.000000E+0	3.000000E+0
24-Apr-25	15:50:46	-0.000000E+0	5.097320E+0	-9.000000E-5	5.380000E-6	-4.150000E-7	3.566500E-4	3.750000E-6	0.000000E+0	0.000000E+0	1.964247E-4	2.976042E-9	0.000000E+0	0.000000E+0	1.004022E+1	0.000000E+0	3.000000E+0
24-Apr-25	15:50:46	-0.000000E+0	5.098940E+0	-9.000000E-5	5.335000E-6	-4.100000E-7	3.578000E-4	4.100000E-6	0.000000E+0	0.000000E+0	1.964247E-4	2.976042E-9	0.000000E+0	0.000000E+0	1.004022E+1	0.000000E+0	3.000000E+0
24-Apr-25	15:50:47	-0.000000E+0	5.099170E+0	-9.000000E-5	5.320000E-6	-3.800000E-7	3.566500E-4	5.100000E-6	0.000000E+0	0.000000E+0	1.964247E-4	2.976042E-9	0.000000E+0	0.000000E+0	1.004022E+1	0.000000E+0	3.000000E+0
24-Apr-25	15:50:47	-0.000000E+0	5.102060E+0	-9.000000E-5	5.390000E-6	-3.600000E-7	3.570000E-4	3.700000E-6	0.000000E+0	0.000000E+0	1.964247E-4	2.976042E-9	0.000000E+0	0.000000E+0	1.004022E+1	0.000000E+0	3.000000E+0
24-Apr-25	15:50:48	-0.000000E+0	5.103790E+0	-9.000000E-5	5.405000E-6	-4.250000E-7	3.572000E-4	4.250000E-6	0.000000E+0	0.000000E+0	1.964247E-4	2.976042E-9	0.000000E+0	0.000000E+0	1.004022E+1	0.000000E+0	3.000000E+0
24-Apr-25	15:50:48	-0.000000E+0	5.105355E+0	-9.000000E-5	5.390000E-6	-4.400000E-7	3.563500E-4	4.550000E-6	0.000000E+0	0.000000E+0	1.964247E-4	2.976042E-9	0.000000E+0	0.000000E+0	1.004022E+1	0.000000E+0	3.000000E+0
24-Apr-25	15:50:49	-0.000000E+0	5.106905E+0	-9.000000E-5	5.350000E-6	-3.850000E-7	3.567000E-4	3.100000E-6	0.000000E+0	0.000000E+0	1.964247E-4	2.976042E-9	0.000000E+0	0.000000E+0	1.004022E+1	0.000000E+0	3.000000E+0
24-Apr-25	15:50:49	-0.000000E+0	5.108465E+0	-9.000000E-5	5.340000E-6	-3.800000E-7	3.562000E-4	4.650000E-6	0.000000E+0	0.000000E+0	1.964247E-4	2.976042E-9	0.000000E+0	0.000000E+0	1.004022E+1	0.000000E+0	3.000000E+0
24-Apr-25	15:50:50	-0.000000E+0	5.110000E+0	-9.000000E-5	5.360000E-6	-4.050000E-7	3.571500E-4	3.800000E-6	0.000000E+0	0.000000E+0	1.964247E-4	2.976042E-9	0.000000E+0	0.000000E+0	1.004022E+1	0.000000E+0	3.000000E+0
24-Apr-25	15:50:50	-0.000000E+0	5.111705E+0	-9.000000E-5	5.340000E-6	-4.050000E-7	3.582000E-4	5.100000E-6	0.000000E+0	0.000000E+0	1.964247E-4	2.976042E-9	0.000000E+0	0.000000E+0	1.004022E+1	0.000000E+0	3.000000E+0
24-Apr-25	15:50:51	-0.000000E+0	5.113270E+0	-9.000000E-5	5.320000E-6	-4.700000E-7	3.574000E-4	4.200000E-6	0.000000E+0	0.000000E+0	1.964247E-4	2.976042E-9	0.000000E+0	0.000000E+0	1.004022E+1	0.000000E+0	3.000000E+0
24-Apr-25	15:50:51	-0.000000E+0	5.115330E+0	-9.000000E-5	5.365000E-6	-4.650000E-7	3.573000E-4	4.100000E-6	0.000000E+0	0.000000E+0	1.964247E-4	2.976042E-9	0.000000E+0	0.000000E+0	1.004022E+1	0.000000E+0	3.000000E+0
24-Apr-25	15:50:52	-0.000000E+0	5.115570E+0	-9.000000E-5	5.330000E-6	-4.050000E-7	3.569500E-4	4.150000E-6	0.000000E+0	0.000000E+0	1.964247E-4	2.976042E-9	0.000000E+0	0.000000E+0	1.004022E+1	0.000000E+0	3.000000E+0
24-Apr-25	15:50:52	-0.000000E+0	5.118710E+0	-9.000000E-5	5.335000E-6	-3.900000E-7	3.577000E-4	4.000000E-6	0.000000E+0	0.000000E+0	1.964247E-4	2.976042E-9	0.000000E+0	0.000000E+0	1.004022E+1	0.000000E+0	3.000000E+0
24-Apr-25	15:50:53	-0.000000E+0	5.120720E+0	-9.000000E-5	5.285000E-6	-4.200000E-7	3.574500E-4	4.500000E-6	0.000000E+0	0.000000E+0	1.964247E-4	2.976042E-9	0.000000E+0	0.000000E+0	1.004022E+1	0.000000E+0	3.000000E+0
24-Apr-25	15:50:53	-0.000000E+0	5.121145E+0	-9.000000E-5	5.330000E-6	-4.400000E-7	3.568500E-4	4.300000E-6	0.000000E+0	0.000000E+0	1.964247E-4	2.976042E-9	0.000000E+0	0.000000E+0	1.004022E+1	0.000000E+0	3.000000E+0
24-Apr-25	15:50:54	-0.000000E+0	5.124300E+0	-9.000000E-5	5.365000E-6	-4.450000E-7	3.569000E-4	4.250000E-6	0.000000E+0	0.000000E+0	1.964247E-4	2.976042E-9	0.000000E+0	0.000000E+0	1.004022E+1	0.000000E+0	3.000000E+0
24-Apr-25	15:50:54	-0.000000E+0	5.125805E+0	-9.000000E-5	5.340000E-6	-4.650000E-7	3.569000E-4	5.200000E-6	0.000000E+0	0.000000E+0	1.964247E-4	2.976042E-9	0.000000E+0	0.000000E+0	1.004022E+1	0.000000E+0	3.000000E+0
24-Apr-25	15:50:55	-0.000000E+0	5.127290E+0	-9.000000E-5	5.290000E-6	-4.700000E-7	3.562500E-4	4.050000E-6	0.000000E+0	0.000000E+0	1.964247E-4	2.976042E-9	0.000000E+0	0.000000E+0	1.004022E+1	0.000000E+0	3.000000E+0
24-Apr-25	15:50:55	-0.000000E+0	5.128770E+0	-9.000000E-5	5.305000E-6	-4.300000E-7	3.580000E-4	4.300000E-6	0.000000E+0	0.000000E+0	1.964247E-4	2.976042E-9	0.000000E+0	0.000000E+0	1.004022E+1	0.000000E+0	3.000000E+0
24-Apr-25	15:50:56	-0.000000E+0	5.130590E+0	-9.000000E-5	5.300000E-6	-3.950000E-7	3.572000E-4	4.150000E-6	0.000000E+0	0.000000E+0	1.964247E-4	2.976042E-9	0.000000E+0	0.000000E+0	1.004022E+1	0.000000E+0	3.000000E+0
24-Apr-25	15:50:56	-0.000000E+0	5.132065E+0	-9.000000E-5	5.345000E-6	-4.200000E-7	3.575500E-4	3.750000E-6	0.000000E+0	0.000000E+0	1.964247E-4	2.976042E-9	0.000000E+0	0.000000E+0	1.004022E+1	0.000000E+0	3.000000E+0
24-Apr-25	15:50:57	-0.000000E+0	5.134020E+0	-9.000000E-5	5.310000E-6	-4.450000E-7	3.572500E-4	4.650000E-6	0.000000E+0	0.000000E+0	1.964247E-4	2.976042E-9	0.000000E+0	0.000000E+0	1.004022E+1	0.000000E+0	3.000000E+0
24-Apr-25	15:50:57	-0.000000E+0	5.135510E+0	-9.000000E-5	5.265000E-6	-4.500000E-7	3.568000E-4	4.000000E-6	0.000000E+0	0.000000E+0	1.964247E-4	2.976042E-9	0.000000E+0	0.000000E+0	1.004022E+1	0.000000E+0	3.000000E+0
24-Apr-25	15:50:58	-0.000000E+0	5.137350E+0	-9.000000E-5	5.360000E-6	-4.150000E-7	3.581500E-4	4.200000E-6	0.000000E+0	0.000000E+0	1.964247E-4	2.976042E-9	0.000000E+0	0.000000E+0	1.004022E+1	0.000000E+0	3.000000E+0
24-Apr-25	15:50:58	-0.000000E+0	5.139285E+0	-9.000000E-5	5.330000E-6	-4.300000E-7	3.573500E-4	4.200000E-6	0.000000E+0	0.000000E+0	1.964247E-4	2.976042E-9	0.000000E+0	0.000000E+0	1.004022E+1	0.000000E+0	3.000000E+0
24-Apr-25	15:50:59	-0.000000E+0	5.140895E+0	-9.000000E-5	5.310000E-6	-3.950000E-7	3.562500E-4	4.200000E-6	0.000000E+0	0.000000E+0	1.964247E-4	2.976042E-9	0.000000E+0	0.000000E+0	1.004022E+1	0.000000E+0	3.000000E+0
24-Apr-25	15:51:00	-0.000000E+0	5.142360E+0	-9.000000E-5	5.325000E-6	-4.450000E-7	3.568500E-4	5.300000E-6	0.000000E+0	0.000000E+0	1.964247E-4	2.976042E-9	0.000000E+0	0.000000E+0	1.004022E+1	0.000000E+0	3.000000E+0
24-Apr-25	15:51:00	-0.000000E+0	5.135375E+0	-9.000000E-5	5.280000E-6	-4.500000E-7	3.573500E-4	4.100000E-6	0.000000E+0	0.000000E+0	1.964247E-4	2.976042E-9	0.000000E+0	0.000000E+0	1.004022E+1	0.000000E+0	3.000000E+0
24-Apr-25	15:51:01	-0.000000E+0	5.126390E+0	-9.000000E-5	5.235000E-6	-4.200000E-7	3.572500E-4	4.200000E-6	0.000000E+0	0.000000E+0	1.964247E-4	2.976042E-9	0.000000E+0	0.000000E+0	1.004022E+1	0.000000E+0	3.000000E+0
24-Apr-25	15:51:01	-0.000000E+0	5.118295E+0	-9.000000E-5	5.250000E-6	-4.000000E-7	3.578000E-4	4.250000E-6	0.000000E+0	0.000000E+0	1.964247E-4	2.976042E-9	0.000000E+0	0.000000E+0	1.004022E+1	0.000000E+0	3.000000E+0
24-Apr-25	15:51:02	-0.000000E+0	5.109300E+0	-9.000000E-5	5.280000E-6	-4.250000E-7	3.570500E-4	4.400000E-6	0.000000E+0	0.000000E+0	1.964247E-4	2.976042E-9	0.000000E+0	0.000000E+0	1.004022E+1	0.000000E+0	3.000000E+0
24-Apr-25	15:51:02	-0.000000E+0	5.100305E+0	-9.000000E-5	5.240000E-6	-4.450000E-7	3.569000E-4	3.850000E-6	0.000000E+0	0.000000E+0	1.964247E-4	2.976042E-9	0.000000E+0	0.000000E+0	1.004022E+1	0.000000E+0	3.000000E+0
24-Apr-25	15:51:03	-0.000000E+0	5.091320E+0	-9.000000E-5	5.225000E-6	-4.600000E-7	3.576000E-4	4.550000E-6	0.000000E+0	0.000000E+0	1.964247E-4	2.976042E-9	0.000000E+0	0.000000E+0	1.004022E+1	0.000000E+0	3.000000E+0
24-Apr-25	15:51:03	-0.000000E+0	5.079350E+0	-9.000000E-5	5.210000E-6	-4.200000E-7	3.569000E-4	3.750000E-6	0.000000E+0	0.000000E+0	1.964247E-4	2.976042E-9	0.000000E+0	0.000000E+0	1.004022E+1	0.000000E+0	3.000000E+0
24-Apr-25	15:51:04	-0.000000E+0	5.069475E+0	-9.000000E-5	5.260000E-6	-3.750000E-7	3.570500E-4	4.150000E-6	0.000000E+0	0.000000E+0	1.964247E-4	2.976042E-9	0.000000E+0	0.000000E+0	1.004022E+1	0.000000E+0	3.000000E+0
24-Apr-25	15:51:04	-0.000000E+0	5.060465E+0	-9.000000E-5	5.200000E-6	-4.000000E-7	3.572000E-4	3.650000E-6	0.000000E+0	0.000000E+0	1.964247E-4	2.976042E-9	0.000000E+0	0.000000E+0	1.004022E+1	0.000000E+0	3.000000E+0
24-Apr-25	15:51:05	-0.000000E+0	5.051455E+0	-9.000000E-5	5.170000E-6	-4.150000E-7	3.565500E-4	3.700000E-6	0.000000E+0	0.000000E+0	1.964247E-4	2.976042E-9	0.000000E+0	0.000000E+0	1.004022E+1	0.000000E+0	3.000000E+0
24-Apr-25	15:51:05	-0.000000E+0	5.042490E+0	-9.000000E-5	5.160000E-6	-4.300000E-7	3.568500E-4	4.550000E-6	0.000000E+0	0.000000E+0	1.964247E-4	2.976042E-9	0.000000E+0	0.000000E+0	1.004022E+1	0.000000E+0	3.000000E+0
24-Apr-25	15:51:06	-0.000000E+0	5.032615E+0	-9.000000E-5	5.125000E-6	-4.200000E-7	3.576500E-4	4.300000E-6	0.000000E+0	0.000000E+0	1.964247E-4	2.976042E-9	0.000000E+0	0.000000E+0	1.004022E+1	0.000000E+0	3.000000E+0
24-Apr-25	15:51:06	-0.000000E+0	5.023615E+0	-9.000000E-5	5.155000E-6	-4.350000E-7	3.572000E-4	3.950000E-6	0.000000E+0	0.000000E+0	1.964247E-4	2.976042E-9	0.000000E+0	0.000000E+0	1.004022E+1	0.000000E+0	3.000000E+0
24-Apr-25	15:51:07	-0.000000E+0	5.014625E+0	-9.000000E-5	5.130000E-6	-3.950000E-7	3.572000E-4	4.350000E-6	0.000000E+0	0.000000E+0	1.964247E-4	2.976042E-9	0.000000E+0	0.000000E+0	1.004022E+1	0.000000E+0	3.000000E+0
24-Apr-25	15:51:08	-0.000000E+0	5.001115E+0	-9.000000E-5	5.110000E-6	-4.200000E-7	3.574000E-4	3.700000E-6	0.000000E+0	0.000000E+0	1.964247E-4	2.976042E-9	0.000000E+0	0.000000E+0	1.004022E+1	0.000000E+0	3.000000E+0
24-Apr-25	15:51:08	-0.000000E+0	4.990060E+0	-9.000000E-5	5.065000E-6	-4.500000E-7	3.572500E-4	3.850000E-6	0.000000E+0	0.000000E+0	1.964247E-4	2.976042E-9	0.000000E+0	0.000000E+0	1.004022E+1	0.000000E+0	3.000000E+0
24-Apr-25	15:51:09	-0.000000E+0	4.977470E+0	-9.000000E-5	5.020000E-6	-3.750000E-7	3.573500E-4	4.700000E-6	0.000000E+0	0.000000E+0	1.964247E-4	2.976042E-9	0.000000E+0	0.000000E+0	1.004022E+1	0.000000E+0	3.000000E+0
24-Apr-25	15:51:10	-0.000000E+0	4.965785E+0	-9.000000E-5	5.005000E-6	-3.700000E-7	3.570000E-4	4.450000E-6	0.000000E+0	0.000000E+0	1.964247E-4	2.976042E-9	0.000000E+0	0.000000E+0	1.004022E+1	0.000000E+0	3.000000E+0
24-Apr-25	15:51:10	-0.000000E+0	4.956800E+0	-9.000000E-5	5.065000E-6	-3.950000E-7	3.572000E-4	3.800000E-6	0.000000E+0	0.000000E+0	1.964247E-4	2.976042E-9	0.000000E+0	0.000000E+0	1.004022E+1	0.000000E+0	3.000000E+0
24-Apr-25	15:51:11	-0.000000E+0	4.947810E+0	-9.000000E-5	5.025000E-6	-3.650000E-7	3.572500E-4	3.950000E-6	0.000000E+0	0.000000E+0	1.964247E-4	2.976042E-9	0.000000E+0	0.000000E+0	1.004022E+1	0.000000E+0	3.000000E+0
24-Apr-25	15:51:11	-0.000000E+0	4.938820E+0	-9.000000E-5	4.995000E-6	-4.100000E-7	3.573500E-4	4.850000E-6	0.000000E+0	0.000000E+0	1.964247E-4	2.976042E-9	0.000000E+0	0.000000E+0	1.004022E+1	0.000000E+0	3.000000E+0
24-Apr-25	15:51:12	-0.000000E+0	4.929840E+0	-9.000000E-5	4.970000E-6	-4.050000E-7	3.570000E-4	4.250000E-6	0.000000E+0	0.000000E+0	1.964247E-4	2.976042E-9	0.000000E+0	0.000000E+0	1.004022E+1	0.000000E+0	3.000000E+0
24-Apr-25	15:51:12	-0.000000E+0	4.920835E+0	-9.000000E-5	4.985000E-6	-3.700000E-7	3.562000E-4	4.000000E-6	0.000000E+0	0.000000E+0	1.964247E-4	2.976042E-9	0.000000E+0	0.000000E+0	1.004022E+1	0.000000E+0	3.000000E+0
24-Apr-25	15:51:13	-0.000000E+0	4.911680E+0	-9.000000E-5	4.955000E-6	-4.400000E-7	3.573000E-4	4.100000E-6	0.000000E+0	0.000000E+0	1.964247E-4	2.976042E-9	0.000000E+0	0.000000E+0	1.004022E+1	0.000000E+0	3.000000E+0
24-Apr-25	15:51:13	-0.000000E+0	4.901640E+0	-9.000000E-5	5.010000E-6	-4.400000E-7	3.578000E-4	4.350000E-6	0.000000E+0	0.000000E+0	1.964247E-4	2.976042E-9	0.000000E+0	0.000000E+0	1.004022E+1	0.000000E+0	3.000000E+0
24-Apr-25	15:51:14	-0.000000E+0	4.892670E+0	-9.000000E-5	4.955000E-6	-4.150000E-7	3.572500E-4	4.250000E-6	0.000000E+0	0.000000E+0	1.964247E-4	2.976042E-9	0.000000E+0	0.000000E+0	1.004022E+1	0.000000E+0	3.000000E+0
24-Apr-25	15:51:14	-0.000000E+0	4.883690E+0	-9.000000E-5	4.945000E-6	-4.500000E-7	3.568500E-4	3.650000E-6	0.000000E+0	0.000000E+0	1.964247E-4	2.976042E-9	0.000000E+0	0.000000E+0	1.004022E+1	0.000000E+0	3.000000E+0
24-Apr-25	15:51:15	-0.000000E+0	4.874700E+0	-9.000000E-5	4.995000E-6	-4.150000E-7	3.568000E-4	4.500000E-6	0.000000E+0	0.000000E+0	1.964247E-4	2.976042E-9	0.000000E+0	0.000000E+0	1.004022E+1	0.000000E+0	3.000000E+0
24-Apr-25	15:51:15	-0.000000E+0	4.866580E+0	-9.000000E-5	4.995000E-6	-4.050000E-7	3.575500E-4	4.450000E-6	0.000000E+0	0.000000E+0	1.964247E-4	2.976042E-9	0.000000E+0	0.000000E+0	1.004022E+1	0.000000E+0	3.000000E+0
24-Apr-25	15:51:15	-0.000000E+0	4.858480E+0	-9.000000E-5	4.975000E-6	-3.700000E-7	3.574000E-4	3.700000E-6	0.000000E+0	0.000000E+0	1.964247E-4	2.976042E-9	0.000000E+0	0.000000E+0	1.004022E+1	0.000000E+0	3.000000E+0
24-Apr-25	15:51:16	-0.000000E+0	4.849515E+0	-9.000000E-5	4.910000E-6	-3.700000E-7	3.572000E-4	4.150000E-6	0.000000E+0	0.000000E+0	1.964247E-4	2.976042E-9	0.000000E+0	0.000000E+0	1.004022E+1	0.000000E+0	3.000000E+0
24-Apr-25	15:51:17	-0.000000E+0	4.839635E+0	-9.000000E-5	4.915000E-6	-3.950000E-7	3.568000E-4	4.200000E-6	0.000000E+0	0.000000E+0	1.964247E-4	2.976042E-9	0.000000E+0	0.000000E+0	1.004022E+1	0.000000E+0	3.000000E+0
24-Apr-25	15:51:17	-0.000000E+0	4.830640E+0	-9.000000E-5	4.950000E-6	-3.800000E-7	3.572000E-4	3.800000E-6	0.000000E+0	0.000000E+0	1.964247E-4	2.976042E-9	0.000000E+0	0.000000E+0	1.004022E+1	0.000000E+0	3.000000E+0
24-Apr-25	15:51:18	-0.000000E+0	4.820740E+0	-9.000000E-5	4.945000E-6	-3.650000E-7	3.572000E-4	4.500000E-6	0.000000E+0	0.000000E+0	1.964247E-4	2.976042E-9	0.000000E+0	0.000000E+0	1.004022E+1	0.000000E+0	3.000000E+0
24-Apr-25	15:51:18	-0.000000E+0	4.807850E+0	-9.000000E-5	4.900000E-6	-3.650000E-7	3.570500E-4	3.800000E-6	0.000000E+0	0.000000E+0	1.964247E-4	2.976042E-9	0.000000E+0	0.000000E+0	1.004022E+1	0.000000E+0	3.000000E+0
24-Apr-25	15:51:19	-0.000000E+0	4.797985E+0	-9.000000E-5	4.845000E-6	-4.200000E-7	3.566000E-4	4.400000E-6	0.000000E+0	0.000000E+0	1.964247E-4	2.976042E-9	0.000000E+0	0.000000E+0	1.004022E+1	0.000000E+0	3.000000E+0
24-Apr-25	15:51:19	-0.000000E+0	4.789000E+0	-9.000000E-5	4.850000E-6	-4.150000E-7	3.569500E-4	4.350000E-6	0.000000E+0	0.000000E+0	1.964247E-4	2.976042E-9	0.000000E+0	0.000000E+0	1.004022E+1	0.000000E+0	3.000000E+0
24-Apr-25	15:51:20	-0.000000E+0	4.776245E+0	-9.000000E-5	4.865000E-6	-4.050000E-7	3.564000E-4	4.450000E-6	0.000000E+0	0.000000E+0	1.964247E-4	2.976042E-9	0.000000E+0	0.000000E+0	1.004022E+1	0.000000E+0	3.000000E+0
24-Apr-25	15:51:21	-0.000000E+0	4.767100E+0	-9.000000E-5	4.860000E-6	-3.900000E-7	3.574500E-4	4.250000E-6	0.000000E+0	0.000000E+0	1.964247E-4	2.976042E-9	0.000000E+0	0.000000E+0	1.004022E+1	0.000000E+0	3.000000E+0
24-Apr-25	15:51:21	-0.000000E+0	4.757205E+0	-9.000000E-5	4.855000E-6	-3.800000E-7	3.577000E-4	4.200000E-6	0.000000E+0	0.000000E+0	1.964247E-4	2.976042E-9	0.000000E+0	0.000000E+0	1.004022E+1	0.000000E+0	3.000000E+0
24-Apr-25	15:51:22	-0.000000E+0	4.748240E+0	-9.000000E-5	4.865000E-6	-3.450000E-7	3.580500E-4	4.100000E-6	0.000000E+0	0.000000E+0	1.964247E-4	2.976042E-9	0.000000E+0	0.000000E+0	1.004022E+1	0.000000E+0	3.000000E+0
24-Apr-25	15:51:22	-0.000000E+0	4.740155E+0	-9.000000E-5	4.795000E-6	-3.950000E-7	3.567000E-4	4.000000E-6	0.000000E+0	0.000000E+0	1.964247E-4	2.976042E-9	0.000000E+0	0.000000E+0	1.004022E+1	0.000000E+0	3.000000E+0
24-Apr-25	15:51:23	-0.000000E+0	4.732070E+0	-9.000000E-5	4.835000E-6	-4.200000E-7	3.565000E-4	3.950000E-6	0.000000E+0	0.000000E+0	1.964247E-4	2.976042E-9	0.000000E+0	0.000000E+0	1.004022E+1	0.000000E+0	3.000000E+0
24-Apr-25	15:51:23	-0.000000E+0	4.723050E+0	-9.000000E-5	4.820000E-6	-3.750000E-7	3.579500E-4	3.850000E-6	0.000000E+0	0.000000E+0	1.964247E-4	2.976042E-9	0.000000E+0	0.000000E+0	1.004022E+1	0.000000E+0	3.000000E+0
24-Apr-25	15:51:24	-0.000000E+0	4.714060E+0	-9.000000E-5	4.805000E-6	-3.700000E-7	3.570000E-4	4.100000E-6	0.000000E+0	0.000000E+0	1.964247E-4	2.976042E-9	0.000000E+0	0.000000E+0	1.004022E+1	0.000000E+0	3.000000E+0
24-Apr-25	15:51:24	-0.000000E+0	4.705090E+0	-9.000000E-5	4.810000E-6	-3.950000E-7	3.569000E-4	3.800000E-6	0.000000E+0	0.000000E+0	1.964247E-4	2.976042E-9	0.000000E+0	0.000000E+0	1.004022E+1	0.000000E+0	3.000000E+0
24-Apr-25	15:51:25	-0.000000E+0	4.692505E+0	-9.000000E-5	4.745000E-6	-3.800000E-7	3.568500E-4	3.850000E-6	0.000000E+0	0.000000E+0	1.964247E-4	2.976042E-9	0.000000E+0	0.000000E+0	1.004022E+1	0.000000E+0	3.000000E+0
24-Apr-25	15:51:25	-0.000000E+0	4.683515E+0	-9.000000E-5	4.775000E-6	-3.300000E-7	3.574000E-4	4.250000E-6	0.000000E+0	0.000000E+0	1.964247E-4	2.976042E-9	0.000000E+0	0.000000E+0	1.004022E+1	0.000000E+0	3.000000E+0
24-Apr-25	15:51:26	-0.000000E+0	4.674500E+0	-9.000000E-5	4.775000E-6	-3.700000E-7	3.567000E-4	4.950000E-6	0.000000E+0	0.000000E+0	1.964247E-4	2.976042E-9	0.000000E+0	0.000000E+0	1.004022E+1	0.000000E+0	3.000000E+0
24-Apr-25	15:51:26	-0.000000E+0	4.665525E+0	-9.000000E-5	4.800000E-6	-3.750000E-7	3.564500E-4	4.300000E-6	0.000000E+0	0.000000E+0	1.964247E-4	2.976042E-9	0.000000E+0	0.000000E+0	1.004022E+1	0.000000E+0	3.000000E+0
24-Apr-25	15:51:27	-0.000000E+0	4.656545E+0	-9.000000E-5	4.835000E-6	-4.050000E-7	3.564500E-4	4.300000E-6	0.000000E+0	0.000000E+0	1.964247E-4	2.976042E-9	0.000000E+0	0.000000E+0	1.004022E+1	0.000000E+0	3.000000E+0
24-Apr-25	15:51:27	-0.000000E+0	4.647560E+0	-9.000000E-5	4.775000E-6	-3.950000E-7	3.566000E-4	3.250000E-6	0.000000E+0	0.000000E+0	1.964247E-4	2.976042E-9	0.000000E+0	0.000000E+0	1.004022E+1	0.000000E+0	3.000000E+0
24-Apr-25	15:51:28	-0.000000E+0	4.634975E+0	-9.000000E-5	4.745000E-6	-3.800000E-7	3.571000E-4	4.500000E-6	0.000000E+0	0.000000E+0	1.964247E-4	2.976042E-9	0.000000E+0	0.000000E+0	1.004022E+1	0.000000E+0	3.000000E+0
24-Apr-25	15:51:29	-0.000000E+0	4.623875E+0	-9.000000E-5	4.750000E-6	-3.800000E-7	3.562000E-4	3.500000E-6	0.000000E+0	0.000000E+0	1.964247E-4	2.976042E-9	0.000000E+0	0.000000E+0	1.004022E+1	0.000000E+0	3.000000E+0
24-Apr-25	15:51:29	-0.000000E+0	4.614880E+0	-9.000000E-5	4.775000E-6	-3.650000E-7	3.575500E-4	4.200000E-6	0.000000E+0	0.000000E+0	1.964247E-4	2.976042E-9	0.000000E+0	0.000000E+0	1.004022E+1	0.000000E+0	3.000000E+0
24-Apr-25	15:51:29	-0.000000E+0	4.606805E+0	-9.000000E-5	4.765000E-6	-3.600000E-7	3.569500E-4	4.550000E-6	0.000000E+0	0.000000E+0	1.964247E-4	2.976042E-9	0.000000E+0	0.000000E+0	1.004022E+1	0.000000E+0	3.000000E+0
24-Apr-25	15:51:30	-0.000000E+0	4.598720E+0	-9.000000E-5	4.785000E-6	-3.600000E-7	3.571000E-4	4.050000E-6	0.000000E+0	0.000000E+0	1.964247E-4	2.976042E-9	0.000000E+0	0.000000E+0	1.004022E+1	0.000000E+0	3.000000E+0
24-Apr-25	15:51:30	-0.000000E+0	4.589725E+0	-9.000000E-5	4.750000E-6	-3.650000E-7	3.568000E-4	4.750000E-6	0.000000E+0	0.000000E+0	1.964247E-4	2.976042E-9	0.000000E+0	0.000000E+0	1.004022E+1	0.000000E+0	3.000000E+0
24-Apr-25	15:51:31	-0.000000E+0	4.580705E+0	-9.000000E-5	4.705000E-6	-4.150000E-7	3.569000E-4	4.050000E-6	0.000000E+0	0.000000E+0	1.964247E-4	2.976042E-9	0.000000E+0	0.000000E+0	1.004022E+1	0.000000E+0	3.000000E+0
24-Apr-25	15:51:32	-0.000000E+0	4.570825E+0	-9.000000E-5	4.755000E-6	-4.150000E-7	3.568000E-4	3.700000E-6	0.000000E+0	0.000000E+0	1.964247E-4	2.976042E-9	0.000000E+0	0.000000E+0	1.004022E+1	0.000000E+0	3.000000E+0
24-Apr-25	15:51:32	-0.000000E+0	4.561850E+0	-9.000000E-5	4.735000E-6	-3.800000E-7	3.570500E-4	4.800000E-6	0.000000E+0	0.000000E+0	1.964247E-4	2.976042E-9	0.000000E+0	0.000000E+0	1.004022E+1	0.000000E+0	3.000000E+0
24-Apr-25	15:51:32	-0.000000E+0	4.553770E+0	-9.000000E-5	4.760000E-6	-3.850000E-7	3.569000E-4	4.350000E-6	0.000000E+0	0.000000E+0	1.964247E-4	2.976042E-9	0.000000E+0	0.000000E+0	1.004022E+1	0.000000E+0	3.000000E+0
24-Apr-25	15:51:33	-0.000000E+0	4.544780E+0	-9.000000E-5	4.715000E-6	-3.650000E-7	3.570500E-4	4.050000E-6	0.000000E+0	0.000000E+0	1.964247E-4	2.976042E-9	0.000000E+0	0.000000E+0	1.004022E+1	0.000000E+0	3.000000E+0
24-Apr-25	15:51:33	-0.000000E+0	4.535760E+0	-9.000000E-5	4.715000E-6	-3.850000E-7	3.570500E-4	4.000000E-6	0.000000E+0	0.000000E+0	1.964247E-4	2.976042E-9	0.000000E+0	0.000000E+0	1.004022E+1	0.000000E+0	3.000000E+0
24-Apr-25	15:51:34	-0.000000E+0	4.526770E+0	-9.000000E-5	4.700000E-6	-3.900000E-7	3.563500E-4	4.400000E-6	0.000000E+0	0.000000E+0	1.964247E-4	2.976042E-9	0.000000E+0	0.000000E+0	1.004022E+1	0.000000E+0	3.000000E+0
24-Apr-25	15:51:34	-0.000000E+0	4.517800E+0	-9.000000E-5	4.685000E-6	-3.850000E-7	3.565000E-4	4.600000E-6	0.000000E+0	0.000000E+0	1.964247E-4	2.976042E-9	0.000000E+0	0.000000E+0	1.004022E+1	0.000000E+0	3.000000E+0
24-Apr-25	15:51:35	-0.000000E+0	4.509715E+0	-9.000000E-5	4.725000E-6	-4.000000E-7	3.569500E-4	4.450000E-6	0.000000E+0	0.000000E+0	1.964247E-4	2.976042E-9	0.000000E+0	0.000000E+0	1.004022E+1	0.000000E+0	3.000000E+0
24-Apr-25	15:51:35	-0.000000E+0	4.500735E+0	-9.000000E-5	4.710000E-6	-3.250000E-7	3.562000E-4	4.350000E-6	0.000000E+0	0.000000E+0	1.964247E-4	2.976042E-9	0.000000E+0	0.000000E+0	1.004022E+1	0.000000E+0	3.000000E+0
24-Apr-25	15:51:36	-0.000000E+0	4.491720E+0	-9.000000E-5	4.700000E-6	-3.550000E-7	3.566500E-4	4.700000E-6	0.000000E+0	0.000000E+0	1.964247E-4	2.976042E-9	0.000000E+0	0.000000E+0	1.004022E+1	0.000000E+0	3.000000E+0
24-Apr-25	15:51:37	-0.000000E+0	4.481820E+0	-9.000000E-5	4.705000E-6	-3.900000E-7	3.565000E-4	4.100000E-6	0.000000E+0	0.000000E+0	1.964247E-4	2.976042E-9	0.000000E+0	0.000000E+0	1.004022E+1	0.000000E+0	3.000000E+0
24-Apr-25	15:51:37	-0.000000E+0	4.471940E+0	-9.000000E-5	4.740000E-6	-4.050000E-7	3.565000E-4	3.650000E-6	0.000000E+0	0.000000E+0	1.964247E-4	2.976042E-9	0.000000E+0	0.000000E+0	1.004022E+1	0.000000E+0	3.000000E+0
24-Apr-25	15:51:38	-0.000000E+0	4.462960E+0	-9.000000E-5	4.760000E-6	-4.250000E-7	3.573500E-4	4.600000E-6	0.000000E+0	0.000000E+0	1.964247E-4	2.976042E-9	0.000000E+0	0.000000E+0	1.004022E+1	0.000000E+0	3.000000E+0
24-Apr-25	15:51:38	-0.000000E+0	4.453985E+0	-9.000000E-5	4.735000E-6	-3.550000E-7	3.561000E-4	3.500000E-6	0.000000E+0	0.000000E+0	1.964247E-4	2.976042E-9	0.000000E+0	0.000000E+0	1.004022E+1	0.000000E+0	3.000000E+0
24-Apr-25	15:51:38	-0.000000E+0	4.445885E+0	-9.000000E-5	4.735000E-6	-3.650000E-7	3.565500E-4	3.650000E-6	0.000000E+0	0.000000E+0	1.964247E-4	2.976042E-9	0.000000E+0	0.000000E+0	1.004022E+1	0.000000E+0	3.000000E+0
24-Apr-25	15:51:39	-0.000000E+0	4.436885E+0	-9.000000E-5	4.690000E-6	-4.150000E-7	3.562000E-4	3.900000E-6	0.000000E+0	0.000000E+0	1.964247E-4	2.976042E-9	0.000000E+0	0.000000E+0	1.004022E+1	0.000000E+0	3.000000E+0
24-Apr-25	15:51:40	-0.000000E+0	4.426830E+0	-9.000000E-5	4.715000E-6	-3.800000E-7	3.563500E-4	4.100000E-6	0.000000E+0	0.000000E+0	1.964247E-4	2.976042E-9	0.000000E+0	0.000000E+0	1.004022E+1	0.000000E+0	3.000000E+0
24-Apr-25	15:51:40	-0.000000E+0	4.418015E+0	-9.000000E-5	4.705000E-6	-3.650000E-7	3.564000E-4	4.100000E-6	0.000000E+0	0.000000E+0	1.964247E-4	2.976042E-9	0.000000E+0	0.000000E+0	1.004022E+1	0.000000E+0	3.000000E+0
24-Apr-25	15:51:41	-0.000000E+0	4.408890E+0	-9.000000E-5	4.690000E-6	-3.750000E-7	3.567000E-4	4.150000E-6	0.000000E+0	0.000000E+0	1.964247E-4	2.976042E-9	0.000000E+0	0.000000E+0	1.004022E+1	0.000000E+0	3.000000E+0
24-Apr-25	15:51:41	-0.000000E+0	4.397950E+0	-9.000000E-5	4.715000E-6	-3.650000E-7	3.565000E-4	4.500000E-6	0.000000E+0	0.000000E+0	1.964247E-4	2.976042E-9	0.000000E+0	0.000000E+0	1.004022E+1	0.000000E+0	3.000000E+0
24-Apr-25	15:51:42	-0.000000E+0	4.388055E+0	-9.000000E-5	4.675000E-6	-3.500000E-7	3.568500E-4	4.300000E-6	0.000000E+0	0.000000E+0	1.964247E-4	2.976042E-9	0.000000E+0	0.000000E+0	1.004022E+1	0.000000E+0	3.000000E+0
24-Apr-25	15:51:42	-0.000000E+0	4.377255E+0	-9.000000E-5	4.695000E-6	-3.650000E-7	3.568500E-4	4.350000E-6	0.000000E+0	0.000000E+0	1.964247E-4	2.976042E-9	0.000000E+0	0.000000E+0	1.004022E+1	0.000000E+0	3.000000E+0
24-Apr-25	15:51:43	-0.000000E+0	4.368300E+0	-9.000000E-5	4.680000E-6	-3.900000E-7	3.566500E-4	3.950000E-6	0.000000E+0	0.000000E+0	1.964247E-4	2.976042E-9	0.000000E+0	0.000000E+0	1.004022E+1	0.000000E+0	3.000000E+0
24-Apr-25	15:51:43	-0.000000E+0	4.359300E+0	-9.000000E-5	4.715000E-6	-3.750000E-7	3.565500E-4	4.200000E-6	0.000000E+0	0.000000E+0	1.964247E-4	2.976042E-9	0.000000E+0	0.000000E+0	1.004022E+1	0.000000E+0	3.000000E+0
24-Apr-25	15:51:44	-0.000000E+0	4.350285E+0	-9.000000E-5	4.740000E-6	-3.950000E-7	3.558000E-4	4.500000E-6	0.000000E+0	0.000000E+0	1.964247E-4	2.976042E-9	0.000000E+0	0.000000E+0	1.004022E+1	0.000000E+0	3.000000E+0
24-Apr-25	15:51:44	-0.000000E+0	4.342195E+0	-9.000000E-5	4.740000E-6	-3.700000E-7	3.567500E-4	3.750000E-6	0.000000E+0	0.000000E+0	1.964247E-4	2.976042E-9	0.000000E+0	0.000000E+0	1.004022E+1	0.000000E+0	3.000000E+0
24-Apr-25	15:51:45	-0.000000E+0	4.333205E+0	-9.000000E-5	4.715000E-6	-3.900000E-7	3.568500E-4	4.200000E-6	0.000000E+0	0.000000E+0	1.964247E-4	2.976042E-9	0.000000E+0	0.000000E+0	1.004022E+1	0.000000E+0	3.000000E+0
24-Apr-25	15:51:45	-0.000000E+0	4.323030E+0	-9.000000E-5	4.745000E-6	-3.800000E-7	3.561500E-4	4.650000E-6	0.000000E+0	0.000000E+0	1.964247E-4	2.976042E-9	0.000000E+0	0.000000E+0	1.004022E+1	0.000000E+0	3.000000E+0
24-Apr-25	15:51:46	-0.000000E+0	4.314355E+0	-9.000000E-5	4.675000E-6	-3.450000E-7	3.561000E-4	4.200000E-6	0.000000E+0	0.000000E+0	1.964247E-4	2.976042E-9	0.000000E+0	0.000000E+0	1.004022E+1	0.000000E+0	3.000000E+0
24-Apr-25	15:51:46	-0.000000E+0	4.305355E+0	-9.000000E-5	4.710000E-6	-3.750000E-7	3.566500E-4	3.900000E-6	0.000000E+0	0.000000E+0	1.964247E-4	2.976042E-9	0.000000E+0	0.000000E+0	1.004022E+1	0.000000E+0	3.000000E+0
24-Apr-25	15:51:47	-0.000000E+0	4.296355E+0	-9.000000E-5	4.730000E-6	-4.000000E-7	3.569000E-4	4.250000E-6	0.000000E+0	0.000000E+0	1.964247E-4	2.976042E-9	0.000000E+0	0.000000E+0	1.004022E+1	0.000000E+0	3.000000E+0
24-Apr-25	15:51:47	-0.000000E+0	4.286160E+0	-9.000000E-5	4.715000E-6	-4.000000E-7	3.562000E-4	4.400000E-6	0.000000E+0	0.000000E+0	1.964247E-4	2.976042E-9	0.000000E+0	0.000000E+0	1.004022E+1	0.000000E+0	3.000000E+0
24-Apr-25	15:51:48	-0.000000E+0	4.276305E+0	-9.000000E-5	4.720000E-6	-3.500000E-7	3.562500E-4	4.100000E-6	0.000000E+0	0.000000E+0	1.964247E-4	2.976042E-9	0.000000E+0	0.000000E+0	1.004022E+1	0.000000E+0	3.000000E+0
24-Apr-25	15:51:48	-0.000000E+0	4.267295E+0	-9.000000E-5	4.740000E-6	-3.950000E-7	3.563000E-4	4.400000E-6	0.000000E+0	0.000000E+0	1.964247E-4	2.976042E-9	0.000000E+0	0.000000E+0	1.004022E+1	0.000000E+0	3.000000E+0
24-Apr-25	15:51:49	-0.000000E+0	4.257415E+0	-9.000000E-5	4.725000E-6	-3.900000E-7	3.565000E-4	3.500000E-6	0.000000E+0	0.000000E+0	1.964247E-4	2.976042E-9	0.000000E+0	0.000000E+0	1.004022E+1	0.000000E+0	3.000000E+0
24-Apr-25	15:51:50	-0.000000E+0	4.248410E+0	-9.000000E-5	4.730000E-6	-4.200000E-7	3.554500E-4	5.550000E-6	0.000000E+0	0.000000E+0	1.964247E-4	2.976042E-9	0.000000E+0	0.000000E+0	1.004022E+1	0.000000E+0	3.000000E+0
24-Apr-25	15:51:50	-0.000000E+0	4.238535E+0	-9.000000E-5	4.730000E-6	-3.800000E-7	3.561500E-4	4.200000E-6	0.000000E+0	0.000000E+0	1.964247E-4	2.976042E-9	0.000000E+0	0.000000E+0	1.004022E+1	0.000000E+0	3.000000E+0
24-Apr-25	15:51:51	-0.000000E+0	4.227590E+0	-9.000000E-5	4.695000E-6	-4.100000E-7	3.563000E-4	4.350000E-6	0.000000E+0	0.000000E+0	1.964247E-4	2.976042E-9	0.000000E+0	0.000000E+0	1.004022E+1	0.000000E+0	3.000000E+0
24-Apr-25	15:51:51	-0.000000E+0	4.217575E+0	-9.000000E-5	4.740000E-6	-3.900000E-7	3.566500E-4	4.100000E-6	0.000000E+0	0.000000E+0	1.964247E-4	2.976042E-9	0.000000E+0	0.000000E+0	1.004022E+1	0.000000E+0	3.000000E+0
24-Apr-25	15:51:52	-0.000000E+0	4.208580E+0	-9.000000E-5	4.730000E-6	-4.000000E-7	3.565500E-4	3.800000E-6	0.000000E+0	0.000000E+0	1.964247E-4	2.976042E-9	0.000000E+0	0.000000E+0	1.004022E+1	0.000000E+0	3.000000E+0
24-Apr-25	15:51:52	-0.000000E+0	4.199575E+0	-9.000000E-5	4.685000E-6	-3.800000E-7	3.562000E-4	4.100000E-6	0.000000E+0	0.000000E+0	1.964247E-4	2.976042E-9	0.000000E+0	0.000000E+0	1.004022E+1	0.000000E+0	3.000000E+0
24-Apr-25	15:51:53	-0.000000E+0	4.190565E+0	-9.000000E-5	4.700000E-6	-3.550000E-7	3.561000E-4	4.150000E-6	0.000000E+0	0.000000E+0	1.964247E-4	2.976042E-9	0.000000E+0	0.000000E+0	1.004022E+1	0.000000E+0	3.000000E+0
24-Apr-25	15:51:53	-0.000000E+0	4.182495E+0	-9.000000E-5	4.750000E-6	-3.800000E-7	3.559500E-4	4.200000E-6	0.000000E+0	0.000000E+0	1.964247E-4	2.976042E-9	0.000000E+0	0.000000E+0	1.004022E+1	0.000000E+0	3.000000E+0
24-Apr-25	15:51:54	-0.000000E+0	4.173515E+0	-9.000000E-5	4.690000E-6	-3.600000E-7	3.566000E-4	4.250000E-6	0.000000E+0	0.000000E+0	1.964247E-4	2.976042E-9	0.000000E+0	0.000000E+0	1.004022E+1	0.000000E+0	3.000000E+0
24-Apr-25	15:51:54	-0.000000E+0	4.161795E+0	-9.000000E-5	4.745000E-6	-3.750000E-7	3.559500E-4	4.100000E-6	0.000000E+0	0.000000E+0	1.964247E-4	2.976042E-9	0.000000E+0	0.000000E+0	1.004022E+1	0.000000E+0	3.000000E+0
24-Apr-25	15:51:55	-0.000000E+0	4.151900E+0	-9.000000E-5	4.745000E-6	-3.700000E-7	3.565000E-4	4.050000E-6	0.000000E+0	0.000000E+0	1.964247E-4	2.976042E-9	0.000000E+0	0.000000E+0	1.004022E+1	0.000000E+0	3.000000E+0
24-Apr-25	15:51:55	-0.000000E+0	4.142915E+0	-9.000000E-5	4.725000E-6	-3.650000E-7	3.554000E-4	3.550000E-6	0.000000E+0	0.000000E+0	1.964247E-4	2.976042E-9	0.000000E+0	0.000000E+0	1.004022E+1	0.000000E+0	3.000000E+0
24-Apr-25	15:51:56	-0.000000E+0	4.130055E+0	-9.000000E-5	4.745000E-6	-3.750000E-7	3.563000E-4	4.100000E-6	0.000000E+0	0.000000E+0	1.964247E-4	2.976042E-9	0.000000E+0	0.000000E+0	1.004022E+1	0.000000E+0	3.000000E+0
24-Apr-25	15:51:57	-0.000000E+0	4.121965E+0	-9.000000E-5	4.740000E-6	-3.450000E-7	3.562500E-4	3.800000E-6	0.000000E+0	0.000000E+0	1.964247E-4	2.976042E-9	0.000000E+0	0.000000E+0	1.004022E+1	0.000000E+0	3.000000E+0
24-Apr-25	15:51:57	-0.000000E+0	4.112950E+0	-9.000000E-5	4.695000E-6	-3.600000E-7	3.565000E-4	3.650000E-6	0.000000E+0	0.000000E+0	1.964247E-4	2.976042E-9	0.000000E+0	0.000000E+0	1.004022E+1	0.000000E+0	3.000000E+0
24-Apr-25	15:51:58	-0.000000E+0	4.102155E+0	-9.000000E-5	4.755000E-6	-3.900000E-7	3.565000E-4	4.500000E-6	0.000000E+0	0.000000E+0	1.964247E-4	2.976042E-9	0.000000E+0	0.000000E+0	1.004022E+1	0.000000E+0	3.000000E+0
24-Apr-25	15:51:58	-0.000000E+0	4.094075E+0	-9.000000E-5	4.760000E-6	-3.650000E-7	3.558500E-4	3.650000E-6	0.000000E+0	0.000000E+0	1.964247E-4	2.976042E-9	0.000000E+0	0.000000E+0	1.004022E+1	0.000000E+0	3.000000E+0
24-Apr-25	15:51:59	-0.000000E+0	4.085095E+0	-9.000000E-5	4.735000E-6	-3.700000E-7	3.564500E-4	4.250000E-6	0.000000E+0	0.000000E+0	1.964247E-4	2.976042E-9	0.000000E+0	0.000000E+0	1.004022E+1	0.000000E+0	3.000000E+0
24-Apr-25	15:51:59	-0.000000E+0	4.076115E+0	-9.000000E-5	4.725000E-6	-3.900000E-7	3.564500E-4	4.350000E-6	0.000000E+0	0.000000E+0	1.964247E-4	2.976042E-9	0.000000E+0	0.000000E+0	1.004022E+1	0.000000E+0	3.000000E+0
24-Apr-25	15:52:00	-0.000000E+0	4.064260E+0	-9.000000E-5	4.780000E-6	-4.050000E-7	3.555500E-4	4.850000E-6	0.000000E+0	0.000000E+0	1.964247E-4	2.976042E-9	0.000000E+0	0.000000E+0	1.004022E+1	0.000000E+0	3.000000E+0
24-Apr-25	15:52:00	-0.000000E+0	4.052420E+0	-9.000000E-5	4.795000E-6	-3.550000E-7	3.554000E-4	4.700000E-6	0.000000E+0	0.000000E+0	1.964247E-4	2.976042E-9	0.000000E+0	0.000000E+0	1.004022E+1	0.000000E+0	3.000000E+0
24-Apr-25	15:52:01	-0.000000E+0	4.042550E+0	-9.000000E-5	4.790000E-6	-3.700000E-7	3.563000E-4	4.250000E-6	0.000000E+0	0.000000E+0	1.964247E-4	2.976042E-9	0.000000E+0	0.000000E+0	1.004022E+1	0.000000E+0	3.000000E+0
24-Apr-25	15:52:01	-0.000000E+0	4.033580E+0	-9.000000E-5	4.795000E-6	-4.100000E-7	3.560000E-4	4.200000E-6	0.000000E+0	0.000000E+0	1.964247E-4	2.976042E-9	0.000000E+0	0.000000E+0	1.004022E+1	0.000000E+0	3.000000E+0
24-Apr-25	15:52:02	-0.000000E+0	4.024570E+0	-9.000000E-5	4.830000E-6	-3.950000E-7	3.556500E-4	3.900000E-6	0.000000E+0	0.000000E+0	1.964247E-4	2.976042E-9	0.000000E+0	0.000000E+0	1.004022E+1	0.000000E+0	3.000000E+0
24-Apr-25	15:52:03	-0.000000E+0	4.010935E+0	-9.000000E-5	4.780000E-6	-3.600000E-7	3.561000E-4	4.000000E-6	0.000000E+0	0.000000E+0	1.964247E-4	2.976042E-9	0.000000E+0	0.000000E+0	1.004022E+1	0.000000E+0	3.000000E+0
24-Apr-25	15:52:03	-0.000000E+0	4.000875E+0	-9.000000E-5	4.820000E-6	-3.500000E-7	3.559000E-4	3.650000E-6	0.000000E+0	0.000000E+0	1.964247E-4	2.976042E-9	0.000000E+0	0.000000E+0	1.004022E+1	0.000000E+0	3.000000E+0
24-Apr-25	15:52:04	-0.000000E+0	3.992805E+0	-9.000000E-5	4.815000E-6	-3.950000E-7	3.561000E-4	4.250000E-6	0.000000E+0	0.000000E+0	1.964247E-4	2.976042E-9	0.000000E+0	0.000000E+0	1.004022E+1	0.000000E+0	3.000000E+0
24-Apr-25	15:52:04	-0.000000E+0	3.983810E+0	-9.000000E-5	4.785000E-6	-4.150000E-7	3.559000E-4	4.000000E-6	0.000000E+0	0.000000E+0	1.964247E-4	2.976042E-9	0.000000E+0	0.000000E+0	1.004022E+1	0.000000E+0	3.000000E+0
24-Apr-25	15:52:05	-0.000000E+0	3.975730E+0	-9.000000E-5	4.770000E-6	-3.850000E-7	3.557500E-4	4.000000E-6	0.000000E+0	0.000000E+0	1.964247E-4	2.976042E-9	0.000000E+0	0.000000E+0	1.004022E+1	0.000000E+0	3.000000E+0
24-Apr-25	15:52:05	-0.000000E+0	3.965825E+0	-9.000000E-5	4.785000E-6	-3.500000E-7	3.556500E-4	4.300000E-6	0.000000E+0	0.000000E+0	1.964247E-4	2.976042E-9	0.000000E+0	0.000000E+0	1.004022E+1	0.000000E+0	3.000000E+0
24-Apr-25	15:52:06	-0.000000E+0	3.955040E+0	-9.000000E-5	4.820000E-6	-3.700000E-7	3.559000E-4	4.300000E-6	0.000000E+0	0.000000E+0	1.964247E-4	2.976042E-9	0.000000E+0	0.000000E+0	1.004022E+1	0.000000E+0	3.000000E+0
24-Apr-25	15:52:06	-0.000000E+0	3.946050E+0	-9.000000E-5	4.830000E-6	-3.900000E-7	3.560000E-4	3.900000E-6	0.000000E+0	0.000000E+0	1.964247E-4	2.976042E-9	0.000000E+0	0.000000E+0	1.004022E+1	0.000000E+0	3.000000E+0
24-Apr-25	15:52:07	-0.000000E+0	3.937980E+0	-9.000000E-5	4.840000E-6	-4.050000E-7	3.553500E-4	4.350000E-6	0.000000E+0	0.000000E+0	1.964247E-4	2.976042E-9	0.000000E+0	0.000000E+0	1.004022E+1	0.000000E+0	3.000000E+0
24-Apr-25	15:52:07	-0.000000E+0	3.928980E+0	-9.000000E-5	4.820000E-6	-4.000000E-7	3.559500E-4	4.000000E-6	0.000000E+0	0.000000E+0	1.964247E-4	2.976042E-9	0.000000E+0	0.000000E+0	1.004022E+1	0.000000E+0	3.000000E+0
24-Apr-25	15:52:08	-0.000000E+0	3.919990E+0	-9.000000E-5	4.815000E-6	-4.400000E-7	3.553500E-4	4.250000E-6	0.000000E+0	0.000000E+0	1.964247E-4	2.976042E-9	0.000000E+0	0.000000E+0	1.004022E+1	0.000000E+0	3.000000E+0
24-Apr-25	15:52:08	-0.000000E+0	3.910095E+0	-9.000000E-5	4.835000E-6	-3.800000E-7	3.556500E-4	4.100000E-6	0.000000E+0	0.000000E+0	1.964247E-4	2.976042E-9	0.000000E+0	0.000000E+0	1.004022E+1	0.000000E+0	3.000000E+0
24-Apr-25	15:52:09	-0.000000E+0	3.898415E+0	-9.000000E-5	4.875000E-6	-3.950000E-7	3.559500E-4	4.600000E-6	0.000000E+0	0.000000E+0	1.964247E-4	2.976042E-9	0.000000E+0	0.000000E+0	1.004022E+1	0.000000E+0	3.000000E+0
24-Apr-25	15:52:09	-0.000000E+0	3.888545E+0	-9.000000E-5	4.840000E-6	-3.800000E-7	3.554000E-4	4.050000E-6	0.000000E+0	0.000000E+0	1.964247E-4	2.976042E-9	0.000000E+0	0.000000E+0	1.004022E+1	0.000000E+0	3.000000E+0
24-Apr-25	15:52:10	-0.000000E+0	3.880130E+0	-9.000000E-5	4.820000E-6	-3.750000E-7	3.548500E-4	3.700000E-6	0.000000E+0	0.000000E+0	1.964247E-4	2.976042E-9	0.000000E+0	0.000000E+0	1.004022E+1	0.000000E+0	3.000000E+0
24-Apr-25	15:52:10	-0.000000E+0	3.871275E+0	-9.000000E-5	4.870000E-6	-4.100000E-7	3.561000E-4	4.350000E-6	0.000000E+0	0.000000E+0	1.964247E-4	2.976042E-9	0.000000E+0	0.000000E+0	1.004022E+1	0.000000E+0	3.000000E+0
24-Apr-25	15:52:11	-0.000000E+0	3.862450E+0	-9.000000E-5	4.865000E-6	-4.200000E-7	3.557500E-4	4.500000E-6	0.000000E+0	0.000000E+0	1.964247E-4	2.976042E-9	0.000000E+0	0.000000E+0	1.004022E+1	0.000000E+0	3.000000E+0
24-Apr-25	15:52:12	-0.000000E+0	3.853460E+0	-9.000000E-5	4.845000E-6	-3.550000E-7	3.559000E-4	4.100000E-6	0.000000E+0	0.000000E+0	1.964247E-4	2.976042E-9	0.000000E+0	0.000000E+0	1.004022E+1	0.000000E+0	3.000000E+0
24-Apr-25	15:52:12	-0.000000E+0	3.843285E+0	-9.000000E-5	4.855000E-6	-3.650000E-7	3.553000E-4	4.350000E-6	0.000000E+0	0.000000E+0	1.964247E-4	2.976042E-9	0.000000E+0	0.000000E+0	1.004022E+1	0.000000E+0	3.000000E+0
24-Apr-25	15:52:13	-0.000000E+0	3.833385E+0	-9.000000E-5	4.885000E-6	-4.050000E-7	3.558500E-4	3.950000E-6	0.000000E+0	0.000000E+0	1.964247E-4	2.976042E-9	0.000000E+0	0.000000E+0	1.004022E+1	0.000000E+0	3.000000E+0
24-Apr-25	15:52:13	-0.000000E+0	3.824380E+0	-9.000000E-5	4.890000E-6	-4.200000E-7	3.561000E-4	3.950000E-6	0.000000E+0	0.000000E+0	1.964247E-4	2.976042E-9	0.000000E+0	0.000000E+0	1.004022E+1	0.000000E+0	3.000000E+0
24-Apr-25	15:52:14	-0.000000E+0	3.815390E+0	-9.000000E-5	4.875000E-6	-4.150000E-7	3.556500E-4	4.150000E-6	0.000000E+0	0.000000E+0	1.964247E-4	2.976042E-9	0.000000E+0	0.000000E+0	1.004022E+1	0.000000E+0	3.000000E+0
24-Apr-25	15:52:14	-0.000000E+0	3.806400E+0	-9.000000E-5	4.865000E-6	-4.150000E-7	3.553500E-4	4.150000E-6	0.000000E+0	0.000000E+0	1.964247E-4	2.976042E-9	0.000000E+0	0.000000E+0	1.004022E+1	0.000000E+0	3.000000E+0
24-Apr-25	15:52:15	-0.000000E+0	3.796530E+0	-9.000000E-5	4.865000E-6	-3.550000E-7	3.553500E-4	4.350000E-6	0.000000E+0	0.000000E+0	1.964247E-4	2.976042E-9	0.000000E+0	0.000000E+0	1.004022E+1	0.000000E+0	3.000000E+0
24-Apr-25	15:52:15	-0.000000E+0	3.788435E+0	-9.000000E-5	4.900000E-6	-3.750000E-7	3.554500E-4	4.150000E-6	0.000000E+0	0.000000E+0	1.964247E-4	2.976042E-9	0.000000E+0	0.000000E+0	1.004022E+1	0.000000E+0	3.000000E+0
24-Apr-25	15:52:16	-0.000000E+0	3.780325E+0	-9.000000E-5	4.900000E-6	-4.050000E-7	3.550000E-4	4.200000E-6	0.000000E+0	0.000000E+0	1.964247E-4	2.976042E-9	0.000000E+0	0.000000E+0	1.004022E+1	0.000000E+0	3.000000E+0
24-Apr-25	15:52:16	-0.000000E+0	3.771330E+0	-9.000000E-5	4.900000E-6	-3.550000E-7	3.555000E-4	4.100000E-6	0.000000E+0	0.000000E+0	1.964247E-4	2.976042E-9	0.000000E+0	0.000000E+0	1.004022E+1	0.000000E+0	3.000000E+0
24-Apr-25	15:52:17	-0.000000E+0	3.762350E+0	-9.000000E-5	4.895000E-6	-3.700000E-7	3.557500E-4	4.150000E-6	0.000000E+0	0.000000E+0	1.964247E-4	2.976042E-9	0.000000E+0	0.000000E+0	1.004022E+1	0.000000E+0	3.000000E+0
24-Apr-25	15:52:17	-0.000000E+0	3.753375E+0	-9.000000E-5	4.910000E-6	-3.850000E-7	3.562000E-4	4.250000E-6	0.000000E+0	0.000000E+0	1.964247E-4	2.976042E-9	0.000000E+0	0.000000E+0	1.004022E+1	0.000000E+0	3.000000E+0
24-Apr-25	15:52:18	-0.000000E+0	3.743505E+0	-9.000000E-5	4.900000E-6	-4.250000E-7	3.556500E-4	3.900000E-6	0.000000E+0	0.000000E+0	1.964247E-4	2.976042E-9	0.000000E+0	0.000000E+0	1.004022E+1	0.000000E+0	3.000000E+0
24-Apr-25	15:52:18	-0.000000E+0	3.735405E+0	-9.000000E-5	4.920000E-6	-3.750000E-7	3.549500E-4	4.550000E-6	0.000000E+0	0.000000E+0	1.964247E-4	2.976042E-9	0.000000E+0	0.000000E+0	1.004022E+1	0.000000E+0	3.000000E+0
24-Apr-25	15:52:19	-0.000000E+0	3.722665E+0	-9.000000E-5	4.945000E-6	-3.750000E-7	3.554500E-4	4.200000E-6	0.000000E+0	0.000000E+0	1.964247E-4	2.976042E-9	0.000000E+0	0.000000E+0	1.004022E+1	0.000000E+0	3.000000E+0
24-Apr-25	15:52:20	-0.000000E+0	3.709915E+0	-9.000000E-5	4.930000E-6	-3.700000E-7	3.557500E-4	4.100000E-6	0.000000E+0	0.000000E+0	1.964247E-4	2.976042E-9	0.000000E+0	0.000000E+0	1.004022E+1	0.000000E+0	3.000000E+0
24-Apr-25	15:52:20	-0.000000E+0	3.697360E+0	-9.000000E-5	4.930000E-6	-3.850000E-7	3.555000E-4	4.300000E-6	0.000000E+0	0.000000E+0	1.964247E-4	2.976042E-9	0.000000E+0	0.000000E+0	1.004022E+1	0.000000E+0	3.000000E+0
24-Apr-25	15:52:21	-0.000000E+0	3.688335E+0	-9.000000E-5	4.970000E-6	-3.700000E-7	3.552500E-4	4.500000E-6	0.000000E+0	0.000000E+0	1.964247E-4	2.976042E-9	0.000000E+0	0.000000E+0	1.004022E+1	0.000000E+0	3.000000E+0
24-Apr-25	15:52:21	-0.000000E+0	3.676365E+0	-9.000000E-5	4.920000E-6	-3.700000E-7	3.553000E-4	4.250000E-6	0.000000E+0	0.000000E+0	1.964247E-4	2.976042E-9	0.000000E+0	0.000000E+0	1.004022E+1	0.000000E+0	3.000000E+0
24-Apr-25	15:52:22	-0.000000E+0	3.666470E+0	-9.000000E-5	4.960000E-6	-4.150000E-7	3.557000E-4	3.850000E-6	0.000000E+0	0.000000E+0	1.964247E-4	2.976042E-9	0.000000E+0	0.000000E+0	1.004022E+1	0.000000E+0	3.000000E+0
24-Apr-25	15:52:22	-0.000000E+0	3.658395E+0	-9.000000E-5	4.970000E-6	-4.000000E-7	3.558000E-4	4.000000E-6	0.000000E+0	0.000000E+0	1.964247E-4	2.976042E-9	0.000000E+0	0.000000E+0	1.004022E+1	0.000000E+0	3.000000E+0
24-Apr-25	15:52:23	-0.000000E+0	3.650310E+0	-9.000000E-5	4.960000E-6	-3.250000E-7	3.553500E-4	3.950000E-6	0.000000E+0	0.000000E+0	1.964247E-4	2.976042E-9	0.000000E+0	0.000000E+0	1.004022E+1	0.000000E+0	3.000000E+0
24-Apr-25	15:52:23	-0.000000E+0	3.641305E+0	-9.000000E-5	4.990000E-6	-3.550000E-7	3.553000E-4	4.100000E-6	0.000000E+0	0.000000E+0	1.964247E-4	2.976042E-9	0.000000E+0	0.000000E+0	1.004022E+1	0.000000E+0	3.000000E+0
24-Apr-25	15:52:24	-0.000000E+0	3.632325E+0	-9.000000E-5	4.950000E-6	-3.900000E-7	3.556000E-4	3.950000E-6	0.000000E+0	0.000000E+0	1.964247E-4	2.976042E-9	0.000000E+0	0.000000E+0	1.004022E+1	0.000000E+0	3.000000E+0
24-Apr-25	15:52:24	-0.000000E+0	3.623320E+0	-9.000000E-5	4.970000E-6	-3.850000E-7	3.555000E-4	3.750000E-6	0.000000E+0	0.000000E+0	1.964247E-4	2.976042E-9	0.000000E+0	0.000000E+0	1.004022E+1	0.000000E+0	3.000000E+0
24-Apr-25	15:52:25	-0.000000E+0	3.615245E+0	-9.000000E-5	4.965000E-6	-4.050000E-7	3.552500E-4	4.800000E-6	0.000000E+0	0.000000E+0	1.964247E-4	2.976042E-9	0.000000E+0	0.000000E+0	1.004022E+1	0.000000E+0	3.000000E+0
24-Apr-25	15:52:25	-0.000000E+0	3.605355E+0	-9.000000E-5	4.965000E-6	-3.950000E-7	3.555000E-4	3.950000E-6	0.000000E+0	0.000000E+0	1.964247E-4	2.976042E-9	0.000000E+0	0.000000E+0	1.004022E+1	0.000000E+0	3.000000E+0
24-Apr-25	15:52:26	-0.000000E+0	3.594395E+0	-9.000000E-5	5.010000E-6	-4.150000E-7	3.555000E-4	3.900000E-6	0.000000E+0	0.000000E+0	1.964247E-4	2.976042E-9	0.000000E+0	0.000000E+0	1.004022E+1	0.000000E+0	3.000000E+0
24-Apr-25	15:52:26	-0.000000E+0	3.587045E+0	-9.000000E-5	4.980000E-6	-4.100000E-7	3.552500E-4	4.100000E-6	0.000000E+0	0.000000E+0	1.964247E-4	2.976042E-9	0.000000E+0	0.000000E+0	1.004022E+1	0.000000E+0	3.000000E+0
24-Apr-25	15:52:27	-0.000000E+0	3.578070E+0	-9.000000E-5	5.030000E-6	-4.450000E-7	3.548000E-4	3.850000E-6	0.000000E+0	0.000000E+0	1.964247E-4	2.976042E-9	0.000000E+0	0.000000E+0	1.004022E+1	0.000000E+0	3.000000E+0
24-Apr-25	15:52:27	-0.000000E+0	3.569095E+0	-9.000000E-5	5.060000E-6	-4.050000E-7	3.556000E-4	4.700000E-6	0.000000E+0	0.000000E+0	1.964247E-4	2.976042E-9	0.000000E+0	0.000000E+0	1.004022E+1	0.000000E+0	3.000000E+0
24-Apr-25	15:52:28	-0.000000E+0	3.560125E+0	-9.000000E-5	5.060000E-6	-3.950000E-7	3.552500E-4	3.950000E-6	0.000000E+0	0.000000E+0	1.964247E-4	2.976042E-9	0.000000E+0	0.000000E+0	1.004022E+1	0.000000E+0	3.000000E+0
24-Apr-25	15:52:28	-0.000000E+0	3.551125E+0	-9.000000E-5	5.055000E-6	-4.000000E-7	3.553000E-4	4.350000E-6	0.000000E+0	0.000000E+0	1.964247E-4	2.976042E-9	0.000000E+0	0.000000E+0	1.004022E+1	0.000000E+0	3.000000E+0
24-Apr-25	15:52:29	-0.000000E+0	3.542135E+0	-9.000000E-5	5.075000E-6	-3.650000E-7	3.553500E-4	4.050000E-6	0.000000E+0	0.000000E+0	1.964247E-4	2.976042E-9	0.000000E+0	0.000000E+0	1.004022E+1	0.000000E+0	3.000000E+0
24-Apr-25	15:52:29	-0.000000E+0	3.533135E+0	-9.000000E-5	5.090000E-6	-3.850000E-7	3.547000E-4	4.200000E-6	0.000000E+0	0.000000E+0	1.964247E-4	2.976042E-9	0.000000E+0	0.000000E+0	1.004022E+1	0.000000E+0	3.000000E+0
24-Apr-25	15:52:30	-0.000000E+0	3.525035E+0	-9.000000E-5	5.060000E-6	-3.850000E-7	3.549500E-4	4.100000E-6	0.000000E+0	0.000000E+0	1.964247E-4	2.976042E-9	0.000000E+0	0.000000E+0	1.004022E+1	0.000000E+0	3.000000E+0
24-Apr-25	15:52:30	-0.000000E+0	3.516065E+0	-9.000000E-5	5.060000E-6	-3.800000E-7	3.547500E-4	4.050000E-6	0.000000E+0	0.000000E+0	1.964247E-4	2.976042E-9	0.000000E+0	0.000000E+0	1.004022E+1	0.000000E+0	3.000000E+0
24-Apr-25	15:52:31	-0.000000E+0	3.503315E+0	-9.000000E-5	5.070000E-6	-3.350000E-7	3.551000E-4	4.450000E-6	0.000000E+0	0.000000E+0	1.964247E-4	2.976042E-9	0.000000E+0	0.000000E+0	1.004022E+1	0.000000E+0	3.000000E+0
24-Apr-25	15:52:32	-0.000000E+0	3.493570E+0	-9.000000E-5	5.095000E-6	-3.950000E-7	3.554000E-4	4.100000E-6	0.000000E+0	0.000000E+0	1.964247E-4	2.976042E-9	0.000000E+0	0.000000E+0	1.004022E+1	0.000000E+0	3.000000E+0
24-Apr-25	15:52:32	-0.000000E+0	3.480680E+0	-9.000000E-5	5.060000E-6	-3.900000E-7	3.550000E-4	3.800000E-6	0.000000E+0	0.000000E+0	1.964247E-4	2.976042E-9	0.000000E+0	0.000000E+0	1.004022E+1	0.000000E+0	3.000000E+0
24-Apr-25	15:52:33	-0.000000E+0	3.468130E+0	-9.000000E-5	5.105000E-6	-4.200000E-7	3.548500E-4	3.600000E-6	0.000000E+0	0.000000E+0	1.964247E-4	2.976042E-9	0.000000E+0	0.000000E+0	1.004022E+1	0.000000E+0	3.000000E+0
24-Apr-25	15:52:33	-0.000000E+0	3.459140E+0	-9.000000E-5	5.100000E-6	-4.250000E-7	3.554000E-4	4.300000E-6	0.000000E+0	0.000000E+0	1.964247E-4	2.976042E-9	0.000000E+0	0.000000E+0	1.004022E+1	0.000000E+0	3.000000E+0
24-Apr-25	15:52:34	-0.000000E+0	3.450140E+0	-9.000000E-5	5.105000E-6	-3.900000E-7	3.550500E-4	4.650000E-6	0.000000E+0	0.000000E+0	1.964247E-4	2.976042E-9	0.000000E+0	0.000000E+0	1.004022E+1	0.000000E+0	3.000000E+0
24-Apr-25	15:52:34	-0.000000E+0	3.441125E+0	-9.000000E-5	5.085000E-6	-3.950000E-7	3.548000E-4	4.150000E-6	0.000000E+0	0.000000E+0	1.964247E-4	2.976042E-9	0.000000E+0	0.000000E+0	1.004022E+1	0.000000E+0	3.000000E+0
24-Apr-25	15:52:35	-0.000000E+0	3.432130E+0	-9.000000E-5	5.120000E-6	-3.850000E-7	3.545500E-4	4.400000E-6	0.000000E+0	0.000000E+0	1.964247E-4	2.976042E-9	0.000000E+0	0.000000E+0	1.004022E+1	0.000000E+0	3.000000E+0
24-Apr-25	15:52:36	-0.000000E+0	3.419285E+0	-9.000000E-5	5.105000E-6	-4.200000E-7	3.551000E-4	4.500000E-6	0.000000E+0	0.000000E+0	1.964247E-4	2.976042E-9	0.000000E+0	0.000000E+0	1.004022E+1	0.000000E+0	3.000000E+0
24-Apr-25	15:52:37	-0.000000E+0	3.404710E+0	-9.000000E-5	5.135000E-6	-4.050000E-7	3.551000E-4	3.650000E-6	0.000000E+0	0.000000E+0	1.964247E-4	2.976042E-9	0.000000E+0	0.000000E+0	1.004022E+1	0.000000E+0	3.000000E+0
24-Apr-25	15:52:37	-0.000000E+0	3.393750E+0	-9.000000E-5	5.170000E-6	-4.300000E-7	3.548000E-4	4.250000E-6	0.000000E+0	0.000000E+0	1.964247E-4	2.976042E-9	0.000000E+0	0.000000E+0	1.004022E+1	0.000000E+0	3.000000E+0
24-Apr-25	15:52:38	-0.000000E+0	3.384770E+0	-9.000000E-5	5.140000E-6	-4.600000E-7	3.543500E-4	3.850000E-6	0.000000E+0	0.000000E+0	1.964247E-4	2.976042E-9	0.000000E+0	0.000000E+0	1.004022E+1	0.000000E+0	3.000000E+0
24-Apr-25	15:52:38	-0.000000E+0	3.376695E+0	-9.000000E-5	5.140000E-6	-4.150000E-7	3.549500E-4	4.500000E-6	0.000000E+0	0.000000E+0	1.964247E-4	2.976042E-9	0.000000E+0	0.000000E+0	1.004022E+1	0.000000E+0	3.000000E+0
24-Apr-25	15:52:39	-0.000000E+0	3.367720E+0	-9.000000E-5	5.165000E-6	-4.450000E-7	3.546000E-4	3.700000E-6	0.000000E+0	0.000000E+0	1.964247E-4	2.976042E-9	0.000000E+0	0.000000E+0	1.004022E+1	0.000000E+0	3.000000E+0
24-Apr-25	15:52:39	-0.000000E+0	3.357815E+0	-9.000000E-5	5.140000E-6	-4.050000E-7	3.553500E-4	3.800000E-6	0.000000E+0	0.000000E+0	1.964247E-4	2.976042E-9	0.000000E+0	0.000000E+0	1.004022E+1	0.000000E+0	3.000000E+0
24-Apr-25	15:52:40	-0.000000E+0	3.348840E+0	-9.000000E-5	5.180000E-6	-4.100000E-7	3.553000E-4	3.750000E-6	0.000000E+0	0.000000E+0	1.964247E-4	2.976042E-9	0.000000E+0	0.000000E+0	1.004022E+1	0.000000E+0	3.000000E+0
24-Apr-25	15:52:40	-0.000000E+0	3.336235E+0	-9.000000E-5	5.175000E-6	-4.200000E-7	3.551000E-4	3.950000E-6	0.000000E+0	0.000000E+0	1.964247E-4	2.976042E-9	0.000000E+0	0.000000E+0	1.004022E+1	0.000000E+0	3.000000E+0
24-Apr-25	15:52:41	-0.000000E+0	3.327855E+0	-9.000000E-5	5.185000E-6	-3.950000E-7	3.545000E-4	4.100000E-6	0.000000E+0	0.000000E+0	1.964247E-4	2.976042E-9	0.000000E+0	0.000000E+0	1.004022E+1	0.000000E+0	3.000000E+0
24-Apr-25	15:52:41	-0.000000E+0	3.319030E+0	-9.000000E-5	5.190000E-6	-4.100000E-7	3.546500E-4	3.350000E-6	0.000000E+0	0.000000E+0	1.964247E-4	2.976042E-9	0.000000E+0	0.000000E+0	1.004022E+1	0.000000E+0	3.000000E+0
24-Apr-25	15:52:42	-0.000000E+0	3.311080E+0	-9.000000E-5	5.195000E-6	-3.750000E-7	3.546000E-4	4.100000E-6	0.000000E+0	0.000000E+0	1.964247E-4	2.976042E-9	0.000000E+0	0.000000E+0	1.004022E+1	0.000000E+0	3.000000E+0
24-Apr-25	15:52:42	-0.000000E+0	3.301785E+0	-9.000000E-5	5.220000E-6	-3.950000E-7	3.546000E-4	4.050000E-6	0.000000E+0	0.000000E+0	1.964247E-4	2.976042E-9	0.000000E+0	0.000000E+0	1.004022E+1	0.000000E+0	3.000000E+0
24-Apr-25	15:52:43	-0.000000E+0	3.291880E+0	-9.000000E-5	5.250000E-6	-4.150000E-7	3.541000E-4	4.000000E-6	0.000000E+0	0.000000E+0	1.964247E-4	2.976042E-9	0.000000E+0	0.000000E+0	1.004022E+1	0.000000E+0	3.000000E+0
24-Apr-25	15:52:43	-0.000000E+0	3.282005E+0	-9.000000E-5	5.225000E-6	-3.950000E-7	3.542000E-4	4.500000E-6	0.000000E+0	0.000000E+0	1.964247E-4	2.976042E-9	0.000000E+0	0.000000E+0	1.004022E+1	0.000000E+0	3.000000E+0
24-Apr-25	15:52:44	-0.000000E+0	3.272140E+0	-9.000000E-5	5.200000E-6	-4.400000E-7	3.548000E-4	3.500000E-6	0.000000E+0	0.000000E+0	1.964247E-4	2.976042E-9	0.000000E+0	0.000000E+0	1.004022E+1	0.000000E+0	3.000000E+0
24-Apr-25	15:52:44	-0.000000E+0	3.263135E+0	-9.000000E-5	5.240000E-6	-3.750000E-7	3.545500E-4	4.100000E-6	0.000000E+0	0.000000E+0	1.964247E-4	2.976042E-9	0.000000E+0	0.000000E+0	1.004022E+1	0.000000E+0	3.000000E+0
24-Apr-25	15:52:45	-0.000000E+0	3.255045E+0	-9.000000E-5	5.230000E-6	-3.550000E-7	3.541000E-4	3.900000E-6	0.000000E+0	0.000000E+0	1.964247E-4	2.976042E-9	0.000000E+0	0.000000E+0	1.004022E+1	0.000000E+0	3.000000E+0
24-Apr-25	15:52:45	-0.000000E+0	3.246045E+0	-9.000000E-5	5.265000E-6	-3.900000E-7	3.542500E-4	4.050000E-6	0.000000E+0	0.000000E+0	1.964247E-4	2.976042E-9	0.000000E+0	0.000000E+0	1.004022E+1	0.000000E+0	3.000000E+0
24-Apr-25	15:52:46	-0.000000E+0	3.237060E+0	-9.000000E-5	5.290000E-6	-4.150000E-7	3.545000E-4	4.200000E-6	0.000000E+0	0.000000E+0	1.964247E-4	2.976042E-9	0.000000E+0	0.000000E+0	1.004022E+1	0.000000E+0	3.000000E+0
24-Apr-25	15:52:46	-0.000000E+0	3.228070E+0	-9.000000E-5	5.265000E-6	-4.150000E-7	3.550000E-4	4.250000E-6	0.000000E+0	0.000000E+0	1.964247E-4	2.976042E-9	0.000000E+0	0.000000E+0	1.004022E+1	0.000000E+0	3.000000E+0
24-Apr-25	15:52:47	-0.000000E+0	3.219075E+0	-9.000000E-5	5.265000E-6	-4.400000E-7	3.540500E-4	4.300000E-6	0.000000E+0	0.000000E+0	1.964247E-4	2.976042E-9	0.000000E+0	0.000000E+0	1.004022E+1	0.000000E+0	3.000000E+0
24-Apr-25	15:52:47	-0.000000E+0	3.210970E+0	-9.000000E-5	5.275000E-6	-4.700000E-7	3.543000E-4	4.500000E-6	0.000000E+0	0.000000E+0	1.964247E-4	2.976042E-9	0.000000E+0	0.000000E+0	1.004022E+1	0.000000E+0	3.000000E+0
24-Apr-25	15:52:48	-0.000000E+0	3.202900E+0	-9.000000E-5	5.300000E-6	-4.500000E-7	3.543500E-4	4.500000E-6	0.000000E+0	0.000000E+0	1.964247E-4	2.976042E-9	0.000000E+0	0.000000E+0	1.004022E+1	0.000000E+0	3.000000E+0
24-Apr-25	15:52:48	-0.000000E+0	3.193910E+0	-9.000000E-5	5.315000E-6	-4.350000E-7	3.544000E-4	4.100000E-6	0.000000E+0	0.000000E+0	1.964247E-4	2.976042E-9	0.000000E+0	0.000000E+0	1.004022E+1	0.000000E+0	3.000000E+0
24-Apr-25	15:52:49	-0.000000E+0	3.184930E+0	-9.000000E-5	5.365000E-6	-3.800000E-7	3.537000E-4	4.500000E-6	0.000000E+0	0.000000E+0	1.964247E-4	2.976042E-9	0.000000E+0	0.000000E+0	1.004022E+1	0.000000E+0	3.000000E+0
24-Apr-25	15:52:49	-0.000000E+0	3.175945E+0	-9.000000E-5	5.305000E-6	-3.750000E-7	3.541000E-4	4.550000E-6	0.000000E+0	0.000000E+0	1.964247E-4	2.976042E-9	0.000000E+0	0.000000E+0	1.004022E+1	0.000000E+0	3.000000E+0
24-Apr-25	15:52:50	-0.000000E+0	3.166940E+0	-9.000000E-5	5.315000E-6	-4.200000E-7	3.537000E-4	4.500000E-6	0.000000E+0	0.000000E+0	1.964247E-4	2.976042E-9	0.000000E+0	0.000000E+0	1.004022E+1	0.000000E+0	3.000000E+0
24-Apr-25	15:52:50	-0.000000E+0	3.158840E+0	-9.000000E-5	5.330000E-6	-4.600000E-7	3.542000E-4	4.150000E-6	0.000000E+0	0.000000E+0	1.964247E-4	2.976042E-9	0.000000E+0	0.000000E+0	1.004022E+1	0.000000E+0	3.000000E+0
24-Apr-25	15:52:51	-0.000000E+0	3.149845E+0	-9.000000E-5	5.370000E-6	-4.350000E-7	3.547000E-4	4.250000E-6	0.000000E+0	0.000000E+0	1.964247E-4	2.976042E-9	0.000000E+0	0.000000E+0	1.004022E+1	0.000000E+0	3.000000E+0
24-Apr-25	15:52:51	-0.000000E+0	3.141770E+0	-9.000000E-5	5.365000E-6	-4.000000E-7	3.544500E-4	4.000000E-6	0.000000E+0	0.000000E+0	1.964247E-4	2.976042E-9	0.000000E+0	0.000000E+0	1.004022E+1	0.000000E+0	3.000000E+0
24-Apr-25	15:52:52	-0.000000E+0	3.132790E+0	-9.000000E-5	5.370000E-6	-4.050000E-7	3.539000E-4	4.200000E-6	0.000000E+0	0.000000E+0	1.964247E-4	2.976042E-9	0.000000E+0	0.000000E+0	1.004022E+1	0.000000E+0	3.000000E+0
24-Apr-25	15:52:52	-0.000000E+0	3.123795E+0	-9.000000E-5	5.410000E-6	-4.250000E-7	3.541000E-4	3.950000E-6	0.000000E+0	0.000000E+0	1.964247E-4	2.976042E-9	0.000000E+0	0.000000E+0	1.004022E+1	0.000000E+0	3.000000E+0
24-Apr-25	15:52:53	-0.000000E+0	3.114765E+0	-9.000000E-5	5.425000E-6	-4.300000E-7	3.539500E-4	3.050000E-6	0.000000E+0	0.000000E+0	1.964247E-4	2.976042E-9	0.000000E+0	0.000000E+0	1.004022E+1	0.000000E+0	3.000000E+0
24-Apr-25	15:52:53	-0.000000E+0	3.104895E+0	-9.000000E-5	5.455000E-6	-3.900000E-7	3.545500E-4	3.800000E-6	0.000000E+0	0.000000E+0	1.964247E-4	2.976042E-9	0.000000E+0	0.000000E+0	1.004022E+1	0.000000E+0	3.000000E+0
24-Apr-25	15:52:54	-0.000000E+0	3.095920E+0	-9.000000E-5	5.445000E-6	-4.450000E-7	3.539500E-4	4.000000E-6	0.000000E+0	0.000000E+0	1.964247E-4	2.976042E-9	0.000000E+0	0.000000E+0	1.004022E+1	0.000000E+0	3.000000E+0
24-Apr-25	15:52:54	-0.000000E+0	3.084840E+0	-9.000000E-5	5.420000E-6	-4.050000E-7	3.535500E-4	4.300000E-6	0.000000E+0	0.000000E+0	1.964247E-4	2.976042E-9	0.000000E+0	0.000000E+0	1.004022E+1	0.000000E+0	3.000000E+0
24-Apr-25	15:52:55	-0.000000E+0	3.074925E+0	-9.000000E-5	5.440000E-6	-4.500000E-7	3.544000E-4	4.300000E-6	0.000000E+0	0.000000E+0	1.964247E-4	2.976042E-9	0.000000E+0	0.000000E+0	1.004022E+1	0.000000E+0	3.000000E+0
24-Apr-25	15:52:55	-0.000000E+0	3.065045E+0	-9.000000E-5	5.420000E-6	-4.250000E-7	3.539500E-4	3.500000E-6	0.000000E+0	0.000000E+0	1.964247E-4	2.976042E-9	0.000000E+0	0.000000E+0	1.004022E+1	0.000000E+0	3.000000E+0
24-Apr-25	15:52:56	-0.000000E+0	3.056940E+0	-9.000000E-5	5.420000E-6	-4.500000E-7	3.543000E-4	4.250000E-6	0.000000E+0	0.000000E+0	1.964247E-4	2.976042E-9	0.000000E+0	0.000000E+0	1.004022E+1	0.000000E+0	3.000000E+0
24-Apr-25	15:52:57	-0.000000E+0	3.044210E+0	-9.000000E-5	5.445000E-6	-4.400000E-7	3.543000E-4	3.300000E-6	0.000000E+0	0.000000E+0	1.964247E-4	2.976042E-9	0.000000E+0	0.000000E+0	1.004022E+1	0.000000E+0	3.000000E+0
24-Apr-25	15:52:57	-0.000000E+0	3.034335E+0	-9.000000E-5	5.435000E-6	-4.400000E-7	3.542500E-4	4.150000E-6	0.000000E+0	0.000000E+0	1.964247E-4	2.976042E-9	0.000000E+0	0.000000E+0	1.004022E+1	0.000000E+0	3.000000E+0
24-Apr-25	15:52:58	-0.000000E+0	3.026380E+0	-9.000000E-5	5.480000E-6	-4.450000E-7	3.541500E-4	3.700000E-6	0.000000E+0	0.000000E+0	1.964247E-4	2.976042E-9	0.000000E+0	0.000000E+0	1.004022E+1	0.000000E+0	3.000000E+0
24-Apr-25	15:52:58	-0.000000E+0	3.017435E+0	-9.000000E-5	5.475000E-6	-4.400000E-7	3.541000E-4	3.950000E-6	0.000000E+0	0.000000E+0	1.964247E-4	2.976042E-9	0.000000E+0	0.000000E+0	1.004022E+1	0.000000E+0	3.000000E+0
24-Apr-25	15:52:59	-0.000000E+0	3.008435E+0	-9.000000E-5	5.475000E-6	-4.450000E-7	3.551500E-4	4.000000E-6	0.000000E+0	0.000000E+0	1.964247E-4	2.976042E-9	0.000000E+0	0.000000E+0	1.004022E+1	0.000000E+0	3.000000E+0
24-Apr-25	15:52:59	-0.000000E+0	2.998560E+0	-9.000000E-5	5.460000E-6	-4.150000E-7	3.534000E-4	4.950000E-6	0.000000E+0	0.000000E+0	1.964247E-4	2.976042E-9	0.000000E+0	0.000000E+0	1.004022E+1	0.000000E+0	3.000000E+0
24-Apr-25	15:53:00	-0.000000E+0	2.989600E+0	-9.000000E-5	5.490000E-6	-4.100000E-7	3.540000E-4	4.050000E-6	0.000000E+0	0.000000E+0	1.964247E-4	2.976042E-9	0.000000E+0	0.000000E+0	1.004022E+1	0.000000E+0	3.000000E+0
24-Apr-25	15:53:00	-0.000000E+0	2.980430E+0	-9.000000E-5	5.510000E-6	-4.950000E-7	3.540000E-4	4.250000E-6	0.000000E+0	0.000000E+0	1.964247E-4	2.976042E-9	0.000000E+0	0.000000E+0	1.004022E+1	0.000000E+0	3.000000E+0
24-Apr-25	15:53:01	-0.000000E+0	2.970545E+0	-9.000000E-5	5.560000E-6	-4.700000E-7	3.541000E-4	4.100000E-6	0.000000E+0	0.000000E+0	1.964247E-4	2.976042E-9	0.000000E+0	0.000000E+0	1.004022E+1	0.000000E+0	3.000000E+0
24-Apr-25	15:53:01	-0.000000E+0	2.962315E+0	-9.000000E-5	5.525000E-6	-4.300000E-7	3.538000E-4	3.750000E-6	0.000000E+0	0.000000E+0	1.964247E-4	2.976042E-9	0.000000E+0	0.000000E+0	1.004022E+1	0.000000E+0	3.000000E+0
24-Apr-25	15:53:02	-0.000000E+0	2.954360E+0	-9.000000E-5	5.510000E-6	-4.350000E-7	3.543500E-4	4.050000E-6	0.000000E+0	0.000000E+0	1.964247E-4	2.976042E-9	0.000000E+0	0.000000E+0	1.004022E+1	0.000000E+0	3.000000E+0
24-Apr-25	15:53:02	-0.000000E+0	2.945240E+0	-9.000000E-5	5.520000E-6	-4.400000E-7	3.535500E-4	4.450000E-6	0.000000E+0	0.000000E+0	1.964247E-4	2.976042E-9	0.000000E+0	0.000000E+0	1.004022E+1	0.000000E+0	3.000000E+0
24-Apr-25	15:53:03	-0.000000E+0	2.936260E+0	-9.000000E-5	5.565000E-6	-4.050000E-7	3.540000E-4	4.100000E-6	0.000000E+0	0.000000E+0	1.964247E-4	2.976042E-9	0.000000E+0	0.000000E+0	1.004022E+1	0.000000E+0	3.000000E+0
24-Apr-25	15:53:03	-0.000000E+0	2.928155E+0	-9.000000E-5	5.570000E-6	-3.800000E-7	3.535500E-4	4.300000E-6	0.000000E+0	0.000000E+0	1.964247E-4	2.976042E-9	0.000000E+0	0.000000E+0	1.004022E+1	0.000000E+0	3.000000E+0
24-Apr-25	15:53:04	-0.000000E+0	2.919155E+0	-9.000000E-5	5.545000E-6	-3.800000E-7	3.537000E-4	3.950000E-6	0.000000E+0	0.000000E+0	1.964247E-4	2.976042E-9	0.000000E+0	0.000000E+0	1.004022E+1	0.000000E+0	3.000000E+0
24-Apr-25	15:53:04	-0.000000E+0	2.910165E+0	-9.000000E-5	5.550000E-6	-4.350000E-7	3.539000E-4	4.250000E-6	0.000000E+0	0.000000E+0	1.964247E-4	2.976042E-9	0.000000E+0	0.000000E+0	1.004022E+1	0.000000E+0	3.000000E+0
24-Apr-25	15:53:05	-0.000000E+0	2.901200E+0	-9.000000E-5	5.570000E-6	-4.250000E-7	3.535000E-4	4.300000E-6	0.000000E+0	0.000000E+0	1.964247E-4	2.976042E-9	0.000000E+0	0.000000E+0	1.004022E+1	0.000000E+0	3.000000E+0
24-Apr-25	15:53:05	-0.000000E+0	2.892220E+0	-9.000000E-5	5.580000E-6	-4.550000E-7	3.539000E-4	4.250000E-6	0.000000E+0	0.000000E+0	1.964247E-4	2.976042E-9	0.000000E+0	0.000000E+0	1.004022E+1	0.000000E+0	3.000000E+0
24-Apr-25	15:53:06	-0.000000E+0	2.883205E+0	-9.000000E-5	5.610000E-6	-4.300000E-7	3.541000E-4	3.950000E-6	0.000000E+0	0.000000E+0	1.964247E-4	2.976042E-9	0.000000E+0	0.000000E+0	1.004022E+1	0.000000E+0	3.000000E+0
24-Apr-25	15:53:06	-0.000000E+0	2.873310E+0	-9.000000E-5	5.595000E-6	-3.900000E-7	3.542500E-4	4.850000E-6	0.000000E+0	0.000000E+0	1.964247E-4	2.976042E-9	0.000000E+0	0.000000E+0	1.004022E+1	0.000000E+0	3.000000E+0
24-Apr-25	15:53:07	-0.000000E+0	2.865215E+0	-9.000000E-5	5.610000E-6	-4.400000E-7	3.541500E-4	4.750000E-6	0.000000E+0	0.000000E+0	1.964247E-4	2.976042E-9	0.000000E+0	0.000000E+0	1.004022E+1	0.000000E+0	3.000000E+0
24-Apr-25	15:53:07	-0.000000E+0	2.856220E+0	-9.000000E-5	5.610000E-6	-3.950000E-7	3.536500E-4	4.100000E-6	0.000000E+0	0.000000E+0	1.964247E-4	2.976042E-9	0.000000E+0	0.000000E+0	1.004022E+1	0.000000E+0	3.000000E+0
24-Apr-25	15:53:08	-0.000000E+0	2.847250E+0	-9.000000E-5	5.660000E-6	-3.950000E-7	3.533500E-4	4.600000E-6	0.000000E+0	0.000000E+0	1.964247E-4	2.976042E-9	0.000000E+0	0.000000E+0	1.004022E+1	0.000000E+0	3.000000E+0
24-Apr-25	15:53:08	-0.000000E+0	2.838250E+0	-9.000000E-5	5.685000E-6	-4.450000E-7	3.539000E-4	4.150000E-6	0.000000E+0	0.000000E+0	1.964247E-4	2.976042E-9	0.000000E+0	0.000000E+0	1.004022E+1	0.000000E+0	3.000000E+0
24-Apr-25	15:53:09	-0.000000E+0	2.829250E+0	-9.000000E-5	5.665000E-6	-4.700000E-7	3.540000E-4	4.550000E-6	0.000000E+0	0.000000E+0	1.964247E-4	2.976042E-9	0.000000E+0	0.000000E+0	1.004022E+1	0.000000E+0	3.000000E+0
24-Apr-25	15:53:09	-0.000000E+0	2.817575E+0	-9.000000E-5	5.675000E-6	-4.600000E-7	3.526000E-4	4.600000E-6	0.000000E+0	0.000000E+0	1.964247E-4	2.976042E-9	0.000000E+0	0.000000E+0	1.004022E+1	0.000000E+0	3.000000E+0
24-Apr-25	15:53:10	-0.000000E+0	2.808600E+0	-9.000000E-5	5.655000E-6	-4.700000E-7	3.540000E-4	3.850000E-6	0.000000E+0	0.000000E+0	1.964247E-4	2.976042E-9	0.000000E+0	0.000000E+0	1.004022E+1	0.000000E+0	3.000000E+0
24-Apr-25	15:53:10	-0.000000E+0	2.797670E+0	-9.000000E-5	5.675000E-6	-4.700000E-7	3.542500E-4	3.900000E-6	0.000000E+0	0.000000E+0	1.964247E-4	2.976042E-9	0.000000E+0	0.000000E+0	1.004022E+1	0.000000E+0	3.000000E+0
24-Apr-25	15:53:11	-0.000000E+0	2.784925E+0	-9.000000E-5	5.675000E-6	-4.000000E-7	3.546000E-4	3.950000E-6	0.000000E+0	0.000000E+0	1.964247E-4	2.976042E-9	0.000000E+0	0.000000E+0	1.004022E+1	0.000000E+0	3.000000E+0
24-Apr-25	15:53:12	-0.000000E+0	2.775045E+0	-9.000000E-5	5.710000E-6	-4.500000E-7	3.534000E-4	4.350000E-6	0.000000E+0	0.000000E+0	1.964247E-4	2.976042E-9	0.000000E+0	0.000000E+0	1.004022E+1	0.000000E+0	3.000000E+0
24-Apr-25	15:53:12	-0.000000E+0	2.766925E+0	-9.000000E-5	5.750000E-6	-5.050000E-7	3.538500E-4	4.450000E-6	0.000000E+0	0.000000E+0	1.964247E-4	2.976042E-9	0.000000E+0	0.000000E+0	1.004022E+1	0.000000E+0	3.000000E+0
24-Apr-25	15:53:12	-0.000000E+0	2.757975E+0	-9.000000E-5	5.745000E-6	-4.950000E-7	3.536000E-4	5.200000E-6	0.000000E+0	0.000000E+0	1.964247E-4	2.976042E-9	0.000000E+0	0.000000E+0	1.004022E+1	0.000000E+0	3.000000E+0
24-Apr-25	15:53:13	-0.000000E+0	2.749875E+0	-9.000000E-5	5.705000E-6	-4.350000E-7	3.534000E-4	4.350000E-6	0.000000E+0	0.000000E+0	1.964247E-4	2.976042E-9	0.000000E+0	0.000000E+0	1.004022E+1	0.000000E+0	3.000000E+0
24-Apr-25	15:53:14	-0.000000E+0	2.740865E+0	-9.000000E-5	5.725000E-6	-4.250000E-7	3.534000E-4	3.900000E-6	0.000000E+0	0.000000E+0	1.964247E-4	2.976042E-9	0.000000E+0	0.000000E+0	1.004022E+1	0.000000E+0	3.000000E+0
24-Apr-25	15:53:14	-0.000000E+0	2.728135E+0	-9.000000E-5	5.730000E-6	-4.650000E-7	3.534500E-4	4.000000E-6	0.000000E+0	0.000000E+0	1.964247E-4	2.976042E-9	0.000000E+0	0.000000E+0	1.004022E+1	0.000000E+0	3.000000E+0
24-Apr-25	15:53:15	-0.000000E+0	2.719885E+0	-9.000000E-5	5.730000E-6	-4.700000E-7	3.535500E-4	4.200000E-6	0.000000E+0	0.000000E+0	1.964247E-4	2.976042E-9	0.000000E+0	0.000000E+0	1.004022E+1	0.000000E+0	3.000000E+0
24-Apr-25	15:53:15	-0.000000E+0	2.710920E+0	-9.000000E-5	5.750000E-6	-4.350000E-7	3.535500E-4	4.250000E-6	0.000000E+0	0.000000E+0	1.964247E-4	2.976042E-9	0.000000E+0	0.000000E+0	1.004022E+1	0.000000E+0	3.000000E+0
24-Apr-25	15:53:16	-0.000000E+0	2.702825E+0	-9.000000E-5	5.750000E-6	-4.300000E-7	3.534000E-4	4.000000E-6	0.000000E+0	0.000000E+0	1.964247E-4	2.976042E-9	0.000000E+0	0.000000E+0	1.004022E+1	0.000000E+0	3.000000E+0
24-Apr-25	15:53:16	-0.000000E+0	2.692920E+0	-9.000000E-5	5.815000E-6	-4.300000E-7	3.536000E-4	3.650000E-6	0.000000E+0	0.000000E+0	1.964247E-4	2.976042E-9	0.000000E+0	0.000000E+0	1.004022E+1	0.000000E+0	3.000000E+0
24-Apr-25	15:53:17	-0.000000E+0	2.683940E+0	-9.000000E-5	5.790000E-6	-5.100000E-7	3.535500E-4	3.750000E-6	0.000000E+0	0.000000E+0	1.964247E-4	2.976042E-9	0.000000E+0	0.000000E+0	1.004022E+1	0.000000E+0	3.000000E+0
24-Apr-25	15:53:17	-0.000000E+0	2.674940E+0	-9.000000E-5	5.815000E-6	-4.800000E-7	3.538500E-4	3.950000E-6	0.000000E+0	0.000000E+0	1.964247E-4	2.976042E-9	0.000000E+0	0.000000E+0	1.004022E+1	0.000000E+0	3.000000E+0
24-Apr-25	15:53:18	-0.000000E+0	2.665955E+0	-9.000000E-5	5.835000E-6	-4.400000E-7	3.535500E-4	3.600000E-6	0.000000E+0	0.000000E+0	1.964247E-4	2.976042E-9	0.000000E+0	0.000000E+0	1.004022E+1	0.000000E+0	3.000000E+0
24-Apr-25	15:53:18	-0.000000E+0	2.656970E+0	-9.000000E-5	5.845000E-6	-4.450000E-7	3.533000E-4	4.250000E-6	0.000000E+0	0.000000E+0	1.964247E-4	2.976042E-9	0.000000E+0	0.000000E+0	1.004022E+1	0.000000E+0	3.000000E+0
24-Apr-25	15:53:19	-0.000000E+0	2.648855E+0	-9.000000E-5	5.800000E-6	-4.600000E-7	3.538000E-4	4.300000E-6	0.000000E+0	0.000000E+0	1.964247E-4	2.976042E-9	0.000000E+0	0.000000E+0	1.004022E+1	0.000000E+0	3.000000E+0
24-Apr-25	15:53:19	-0.000000E+0	2.640750E+0	-9.000000E-5	5.840000E-6	-4.650000E-7	3.534000E-4	4.250000E-6	0.000000E+0	0.000000E+0	1.964247E-4	2.976042E-9	0.000000E+0	0.000000E+0	1.004022E+1	0.000000E+0	3.000000E+0
24-Apr-25	15:53:20	-0.000000E+0	2.631770E+0	-9.000000E-5	5.850000E-6	-4.850000E-7	3.534500E-4	3.800000E-6	0.000000E+0	0.000000E+0	1.964247E-4	2.976042E-9	0.000000E+0	0.000000E+0	1.004022E+1	0.000000E+0	3.000000E+0
24-Apr-25	15:53:20	-0.000000E+0	2.622795E+0	-9.000000E-5	5.860000E-6	-4.700000E-7	3.541000E-4	4.100000E-6	0.000000E+0	0.000000E+0	1.964247E-4	2.976042E-9	0.000000E+0	0.000000E+0	1.004022E+1	0.000000E+0	3.000000E+0
24-Apr-25	15:53:21	-0.000000E+0	2.613820E+0	-9.000000E-5	5.805000E-6	-4.250000E-7	3.534000E-4	4.500000E-6	0.000000E+0	0.000000E+0	1.964247E-4	2.976042E-9	0.000000E+0	0.000000E+0	1.004022E+1	0.000000E+0	3.000000E+0
24-Apr-25	15:53:21	-0.000000E+0	2.604825E+0	-9.000000E-5	5.860000E-6	-4.350000E-7	3.535500E-4	4.100000E-6	0.000000E+0	0.000000E+0	1.964247E-4	2.976042E-9	0.000000E+0	0.000000E+0	1.004022E+1	0.000000E+0	3.000000E+0
24-Apr-25	15:53:21	-0.000000E+0	2.596720E+0	-9.000000E-5	5.860000E-6	-4.500000E-7	3.538000E-4	4.150000E-6	0.000000E+0	0.000000E+0	1.964247E-4	2.976042E-9	0.000000E+0	0.000000E+0	1.004022E+1	0.000000E+0	3.000000E+0
24-Apr-25	15:53:22	-0.000000E+0	2.587740E+0	-9.000000E-5	5.910000E-6	-4.350000E-7	3.534500E-4	4.250000E-6	0.000000E+0	0.000000E+0	1.964247E-4	2.976042E-9	0.000000E+0	0.000000E+0	1.004022E+1	0.000000E+0	3.000000E+0
24-Apr-25	15:53:22	-0.000000E+0	2.578750E+0	-9.000000E-5	5.920000E-6	-4.700000E-7	3.531000E-4	3.950000E-6	0.000000E+0	0.000000E+0	1.964247E-4	2.976042E-9	0.000000E+0	0.000000E+0	1.004022E+1	0.000000E+0	3.000000E+0
24-Apr-25	15:53:23	-0.000000E+0	2.569765E+0	-9.000000E-5	5.920000E-6	-5.250000E-7	3.533500E-4	4.150000E-6	0.000000E+0	0.000000E+0	1.964247E-4	2.976042E-9	0.000000E+0	0.000000E+0	1.004022E+1	0.000000E+0	3.000000E+0
24-Apr-25	15:53:24	-0.000000E+0	2.557155E+0	-9.000000E-5	5.940000E-6	-4.900000E-7	3.536000E-4	4.000000E-6	0.000000E+0	0.000000E+0	1.964247E-4	2.976042E-9	0.000000E+0	0.000000E+0	1.004022E+1	0.000000E+0	3.000000E+0
24-Apr-25	15:53:24	-0.000000E+0	2.548160E+0	-9.000000E-5	5.915000E-6	-4.550000E-7	3.531000E-4	4.100000E-6	0.000000E+0	0.000000E+0	1.964247E-4	2.976042E-9	0.000000E+0	0.000000E+0	1.004022E+1	0.000000E+0	3.000000E+0
24-Apr-25	15:53:25	-0.000000E+0	2.537095E+0	-9.000000E-5	5.880000E-6	-5.100000E-7	3.527500E-4	4.250000E-6	0.000000E+0	0.000000E+0	1.964247E-4	2.976042E-9	0.000000E+0	0.000000E+0	1.004022E+1	0.000000E+0	3.000000E+0
24-Apr-25	15:53:25	-0.000000E+0	2.527220E+0	-9.000000E-5	5.900000E-6	-4.850000E-7	3.531000E-4	3.800000E-6	0.000000E+0	0.000000E+0	1.964247E-4	2.976042E-9	0.000000E+0	0.000000E+0	1.004022E+1	0.000000E+0	3.000000E+0
24-Apr-25	15:53:26	-0.000000E+0	2.516435E+0	-9.000000E-5	5.950000E-6	-4.750000E-7	3.529500E-4	4.100000E-6	0.000000E+0	0.000000E+0	1.964247E-4	2.976042E-9	0.000000E+0	0.000000E+0	1.004022E+1	0.000000E+0	3.000000E+0
24-Apr-25	15:53:26	-0.000000E+0	2.507430E+0	-9.000000E-5	5.935000E-6	-5.150000E-7	3.532500E-4	4.050000E-6	0.000000E+0	0.000000E+0	1.964247E-4	2.976042E-9	0.000000E+0	0.000000E+0	1.004022E+1	0.000000E+0	3.000000E+0
24-Apr-25	15:53:27	-0.000000E+0	2.498435E+0	-9.000000E-5	5.945000E-6	-5.250000E-7	3.538500E-4	3.900000E-6	0.000000E+0	0.000000E+0	1.964247E-4	2.976042E-9	0.000000E+0	0.000000E+0	1.004022E+1	0.000000E+0	3.000000E+0
24-Apr-25	15:53:27	-0.000000E+0	2.490350E+0	-9.000000E-5	5.970000E-6	-4.550000E-7	3.529500E-4	4.000000E-6	0.000000E+0	0.000000E+0	1.964247E-4	2.976042E-9	0.000000E+0	0.000000E+0	1.004022E+1	0.000000E+0	3.000000E+0
24-Apr-25	15:53:28	-0.000000E+0	2.482245E+0	-9.000000E-5	5.990000E-6	-5.450000E-7	3.525500E-4	4.100000E-6	0.000000E+0	0.000000E+0	1.964247E-4	2.976042E-9	0.000000E+0	0.000000E+0	1.004022E+1	0.000000E+0	3.000000E+0
24-Apr-25	15:53:29	-0.000000E+0	2.470575E+0	-9.000000E-5	5.985000E-6	-4.800000E-7	3.525500E-4	4.250000E-6	0.000000E+0	0.000000E+0	1.964247E-4	2.976042E-9	0.000000E+0	0.000000E+0	1.004022E+1	0.000000E+0	3.000000E+0
24-Apr-25	15:53:29	-0.000000E+0	2.460665E+0	-9.000000E-5	6.020000E-6	-4.450000E-7	3.529500E-4	3.750000E-6	0.000000E+0	0.000000E+0	1.964247E-4	2.976042E-9	0.000000E+0	0.000000E+0	1.004022E+1	0.000000E+0	3.000000E+0
24-Apr-25	15:53:30	-0.000000E+0	2.450630E+0	-9.000000E-5	5.960000E-6	-4.950000E-7	3.524000E-4	4.100000E-6	0.000000E+0	0.000000E+0	1.964247E-4	2.976042E-9	0.000000E+0	0.000000E+0	1.004022E+1	0.000000E+0	3.000000E+0
24-Apr-25	15:53:30	-0.000000E+0	2.440595E+0	-9.000000E-5	6.025000E-6	-5.650000E-7	3.532000E-4	3.800000E-6	0.000000E+0	0.000000E+0	1.964247E-4	2.976042E-9	0.000000E+0	0.000000E+0	1.004022E+1	0.000000E+0	3.000000E+0
24-Apr-25	15:53:31	-0.000000E+0	2.428035E+0	-9.000000E-5	6.075000E-6	-4.600000E-7	3.525000E-4	3.850000E-6	0.000000E+0	0.000000E+0	1.964247E-4	2.976042E-9	0.000000E+0	0.000000E+0	1.004022E+1	0.000000E+0	3.000000E+0
24-Apr-25	15:53:31	-0.000000E+0	2.418135E+0	-9.000000E-5	6.065000E-6	-4.450000E-7	3.527500E-4	4.050000E-6	0.000000E+0	0.000000E+0	1.964247E-4	2.976042E-9	0.000000E+0	0.000000E+0	1.004022E+1	0.000000E+0	3.000000E+0
24-Apr-25	15:53:32	-0.000000E+0	2.409145E+0	-9.000000E-5	6.075000E-6	-5.050000E-7	3.526000E-4	4.200000E-6	0.000000E+0	0.000000E+0	1.964247E-4	2.976042E-9	0.000000E+0	0.000000E+0	1.004022E+1	0.000000E+0	3.000000E+0
24-Apr-25	15:53:32	-0.000000E+0	2.400150E+0	-9.000000E-5	6.100000E-6	-4.950000E-7	3.536500E-4	4.400000E-6	0.000000E+0	0.000000E+0	1.964247E-4	2.976042E-9	0.000000E+0	0.000000E+0	1.004022E+1	0.000000E+0	3.000000E+0
24-Apr-25	15:53:33	-0.000000E+0	2.392055E+0	-9.000000E-5	6.105000E-6	-4.350000E-7	3.529000E-4	4.500000E-6	0.000000E+0	0.000000E+0	1.964247E-4	2.976042E-9	0.000000E+0	0.000000E+0	1.004022E+1	0.000000E+0	3.000000E+0
24-Apr-25	15:53:33	-0.000000E+0	2.383065E+0	-9.000000E-5	6.090000E-6	-4.400000E-7	3.528500E-4	4.100000E-6	0.000000E+0	0.000000E+0	1.964247E-4	2.976042E-9	0.000000E+0	0.000000E+0	1.004022E+1	0.000000E+0	3.000000E+0
24-Apr-25	15:53:34	-0.000000E+0	2.374085E+0	-9.000000E-5	6.105000E-6	-4.600000E-7	3.524000E-4	3.700000E-6	0.000000E+0	0.000000E+0	1.964247E-4	2.976042E-9	0.000000E+0	0.000000E+0	1.004022E+1	0.000000E+0	3.000000E+0
24-Apr-25	15:53:34	-0.000000E+0	2.364170E+0	-9.000000E-5	6.155000E-6	-4.100000E-7	3.529500E-4	3.950000E-6	0.000000E+0	0.000000E+0	1.964247E-4	2.976042E-9	0.000000E+0	0.000000E+0	1.004022E+1	0.000000E+0	3.000000E+0
24-Apr-25	15:53:35	-0.000000E+0	2.354145E+0	-9.000000E-5	6.110000E-6	-5.200000E-7	3.528000E-4	4.650000E-6	0.000000E+0	0.000000E+0	1.964247E-4	2.976042E-9	0.000000E+0	0.000000E+0	1.004022E+1	0.000000E+0	3.000000E+0
24-Apr-25	15:53:36	-0.000000E+0	2.343205E+0	-9.000000E-5	6.095000E-6	-4.850000E-7	3.525000E-4	3.500000E-6	0.000000E+0	0.000000E+0	1.964247E-4	2.976042E-9	0.000000E+0	0.000000E+0	1.004022E+1	0.000000E+0	3.000000E+0
24-Apr-25	15:53:36	-0.000000E+0	2.334230E+0	-9.000000E-5	6.175000E-6	-5.300000E-7	3.529500E-4	3.400000E-6	0.000000E+0	0.000000E+0	1.964247E-4	2.976042E-9	0.000000E+0	0.000000E+0	1.004022E+1	0.000000E+0	3.000000E+0
24-Apr-25	15:53:37	-0.000000E+0	2.325255E+0	-9.000000E-5	6.195000E-6	-5.350000E-7	3.521500E-4	3.850000E-6	0.000000E+0	0.000000E+0	1.964247E-4	2.976042E-9	0.000000E+0	0.000000E+0	1.004022E+1	0.000000E+0	3.000000E+0
24-Apr-25	15:53:37	-0.000000E+0	2.312640E+0	-9.000000E-5	6.175000E-6	-5.100000E-7	3.534000E-4	4.100000E-6	0.000000E+0	0.000000E+0	1.964247E-4	2.976042E-9	0.000000E+0	0.000000E+0	1.004022E+1	0.000000E+0	3.000000E+0
24-Apr-25	15:53:38	-0.000000E+0	2.302760E+0	-9.000000E-5	6.260000E-6	-5.400000E-7	3.522000E-4	4.500000E-6	0.000000E+0	0.000000E+0	1.964247E-4	2.976042E-9	0.000000E+0	0.000000E+0	1.004022E+1	0.000000E+0	3.000000E+0
24-Apr-25	15:53:38	-0.000000E+0	2.293750E+0	-9.000000E-5	6.195000E-6	-5.450000E-7	3.527000E-4	3.950000E-6	0.000000E+0	0.000000E+0	1.964247E-4	2.976042E-9	0.000000E+0	0.000000E+0	1.004022E+1	0.000000E+0	3.000000E+0
24-Apr-25	15:53:39	-0.000000E+0	2.284770E+0	-9.000000E-5	6.185000E-6	-5.100000E-7	3.526000E-4	4.450000E-6	0.000000E+0	0.000000E+0	1.964247E-4	2.976042E-9	0.000000E+0	0.000000E+0	1.004022E+1	0.000000E+0	3.000000E+0
24-Apr-25	15:53:39	-0.000000E+0	2.275755E+0	-9.000000E-5	6.205000E-6	-5.100000E-7	3.525000E-4	4.500000E-6	0.000000E+0	0.000000E+0	1.964247E-4	2.976042E-9	0.000000E+0	0.000000E+0	1.004022E+1	0.000000E+0	3.000000E+0
24-Apr-25	15:53:40	-0.000000E+0	2.267650E+0	-9.000000E-5	6.275000E-6	-4.800000E-7	3.522000E-4	4.100000E-6	0.000000E+0	0.000000E+0	1.964247E-4	2.976042E-9	0.000000E+0	0.000000E+0	1.004022E+1	0.000000E+0	3.000000E+0
24-Apr-25	15:53:40	-0.000000E+0	2.258655E+0	-9.000000E-5	6.285000E-6	-4.850000E-7	3.526000E-4	4.100000E-6	0.000000E+0	0.000000E+0	1.964247E-4	2.976042E-9	0.000000E+0	0.000000E+0	1.004022E+1	0.000000E+0	3.000000E+0
24-Apr-25	15:53:41	-0.000000E+0	2.248645E+0	-9.000000E-5	6.215000E-6	-4.800000E-7	3.529500E-4	3.700000E-6	0.000000E+0	0.000000E+0	1.964247E-4	2.976042E-9	0.000000E+0	0.000000E+0	1.004022E+1	0.000000E+0	3.000000E+0
24-Apr-25	15:53:41	-0.000000E+0	2.238760E+0	-9.000000E-5	6.275000E-6	-4.850000E-7	3.524500E-4	4.100000E-6	0.000000E+0	0.000000E+0	1.964247E-4	2.976042E-9	0.000000E+0	0.000000E+0	1.004022E+1	0.000000E+0	3.000000E+0
24-Apr-25	15:53:42	-0.000000E+0	2.228740E+0	-9.000000E-5	6.260000E-6	-5.350000E-7	3.524000E-4	3.400000E-6	0.000000E+0	0.000000E+0	1.964247E-4	2.976042E-9	0.000000E+0	0.000000E+0	1.004022E+1	0.000000E+0	3.000000E+0
24-Apr-25	15:53:43	-0.000000E+0	2.219740E+0	-9.000000E-5	6.215000E-6	-4.900000E-7	3.526500E-4	4.750000E-6	0.000000E+0	0.000000E+0	1.964247E-4	2.976042E-9	0.000000E+0	0.000000E+0	1.004022E+1	0.000000E+0	3.000000E+0
24-Apr-25	15:53:43	-0.000000E+0	2.209855E+0	-9.000000E-5	6.300000E-6	-5.200000E-7	3.528000E-4	4.200000E-6	0.000000E+0	0.000000E+0	1.964247E-4	2.976042E-9	0.000000E+0	0.000000E+0	1.004022E+1	0.000000E+0	3.000000E+0
24-Apr-25	15:53:43	-0.000000E+0	2.201765E+0	-9.000000E-5	6.290000E-6	-4.900000E-7	3.529000E-4	4.100000E-6	0.000000E+0	0.000000E+0	1.964247E-4	2.976042E-9	0.000000E+0	0.000000E+0	1.004022E+1	0.000000E+0	3.000000E+0
24-Apr-25	15:53:44	-0.000000E+0	2.192785E+0	-9.000000E-5	6.330000E-6	-5.100000E-7	3.522000E-4	4.150000E-6	0.000000E+0	0.000000E+0	1.964247E-4	2.976042E-9	0.000000E+0	0.000000E+0	1.004022E+1	0.000000E+0	3.000000E+0
24-Apr-25	15:53:45	-0.000000E+0	2.179140E+0	-9.000000E-5	6.355000E-6	-4.550000E-7	3.525500E-4	4.950000E-6	0.000000E+0	0.000000E+0	1.964247E-4	2.976042E-9	0.000000E+0	0.000000E+0	1.004022E+1	0.000000E+0	3.000000E+0
24-Apr-25	15:53:45	-0.000000E+0	2.169100E+0	-9.000000E-5	6.340000E-6	-4.650000E-7	3.528500E-4	4.650000E-6	0.000000E+0	0.000000E+0	1.964247E-4	2.976042E-9	0.000000E+0	0.000000E+0	1.004022E+1	0.000000E+0	3.000000E+0
24-Apr-25	15:53:46	-0.000000E+0	2.161015E+0	-9.000000E-5	6.400000E-6	-4.700000E-7	3.524000E-4	4.000000E-6	0.000000E+0	0.000000E+0	1.964247E-4	2.976042E-9	0.000000E+0	0.000000E+0	1.004022E+1	0.000000E+0	3.000000E+0
24-Apr-25	15:53:46	-0.000000E+0	2.152015E+0	-9.000000E-5	6.380000E-6	-5.000000E-7	3.526500E-4	4.300000E-6	0.000000E+0	0.000000E+0	1.964247E-4	2.976042E-9	0.000000E+0	0.000000E+0	1.004022E+1	0.000000E+0	3.000000E+0
24-Apr-25	15:53:47	-0.000000E+0	2.143050E+0	-9.000000E-5	6.355000E-6	-4.700000E-7	3.526500E-4	3.950000E-6	0.000000E+0	0.000000E+0	1.964247E-4	2.976042E-9	0.000000E+0	0.000000E+0	1.004022E+1	0.000000E+0	3.000000E+0
24-Apr-25	15:53:47	-0.000000E+0	2.132260E+0	-9.000000E-5	6.350000E-6	-4.950000E-7	3.531000E-4	4.250000E-6	0.000000E+0	0.000000E+0	1.964247E-4	2.976042E-9	0.000000E+0	0.000000E+0	1.004022E+1	0.000000E+0	3.000000E+0
24-Apr-25	15:53:48	-0.000000E+0	2.123235E+0	-9.000000E-5	6.360000E-6	-5.500000E-7	3.526500E-4	4.250000E-6	0.000000E+0	0.000000E+0	1.964247E-4	2.976042E-9	0.000000E+0	0.000000E+0	1.004022E+1	0.000000E+0	3.000000E+0
24-Apr-25	15:53:48	-0.000000E+0	2.115180E+0	-9.000000E-5	6.410000E-6	-5.750000E-7	3.522500E-4	4.150000E-6	0.000000E+0	0.000000E+0	1.964247E-4	2.976042E-9	0.000000E+0	0.000000E+0	1.004022E+1	0.000000E+0	3.000000E+0
24-Apr-25	15:53:49	-0.000000E+0	2.106170E+0	-9.000000E-5	6.400000E-6	-5.350000E-7	3.525500E-4	4.750000E-6	0.000000E+0	0.000000E+0	1.964247E-4	2.976042E-9	0.000000E+0	0.000000E+0	1.004022E+1	0.000000E+0	3.000000E+0
24-Apr-25	15:53:50	-0.000000E+0	2.093450E+0	-9.000000E-5	6.445000E-6	-5.050000E-7	3.521000E-4	3.800000E-6	0.000000E+0	0.000000E+0	1.964247E-4	2.976042E-9	0.000000E+0	0.000000E+0	1.004022E+1	0.000000E+0	3.000000E+0
24-Apr-25	15:53:50	-0.000000E+0	2.083400E+0	-9.000000E-5	6.470000E-6	-4.600000E-7	3.522500E-4	4.500000E-6	0.000000E+0	0.000000E+0	1.964247E-4	2.976042E-9	0.000000E+0	0.000000E+0	1.004022E+1	0.000000E+0	3.000000E+0
24-Apr-25	15:53:51	-0.000000E+0	2.074385E+0	-9.000000E-5	6.425000E-6	-5.050000E-7	3.524500E-4	4.250000E-6	0.000000E+0	0.000000E+0	1.964247E-4	2.976042E-9	0.000000E+0	0.000000E+0	1.004022E+1	0.000000E+0	3.000000E+0
24-Apr-25	15:53:51	-0.000000E+0	2.065420E+0	-9.000000E-5	6.455000E-6	-5.000000E-7	3.522500E-4	3.900000E-6	0.000000E+0	0.000000E+0	1.964247E-4	2.976042E-9	0.000000E+0	0.000000E+0	1.004022E+1	0.000000E+0	3.000000E+0
24-Apr-25	15:53:52	-0.000000E+0	2.054650E+0	-9.000000E-5	6.475000E-6	-5.650000E-7	3.521000E-4	4.350000E-6	0.000000E+0	0.000000E+0	1.964247E-4	2.976042E-9	0.000000E+0	0.000000E+0	1.004022E+1	0.000000E+0	3.000000E+0
24-Apr-25	15:53:52	-0.000000E+0	2.045660E+0	-9.000000E-5	6.535000E-6	-4.800000E-7	3.526500E-4	4.000000E-6	0.000000E+0	0.000000E+0	1.964247E-4	2.976042E-9	0.000000E+0	0.000000E+0	1.004022E+1	0.000000E+0	3.000000E+0
24-Apr-25	15:53:53	-0.000000E+0	2.036670E+0	-9.000000E-5	6.515000E-6	-4.850000E-7	3.517000E-4	4.300000E-6	0.000000E+0	0.000000E+0	1.964247E-4	2.976042E-9	0.000000E+0	0.000000E+0	1.004022E+1	0.000000E+0	3.000000E+0
24-Apr-25	15:53:53	-0.000000E+0	2.028565E+0	-9.000000E-5	6.555000E-6	-5.450000E-7	3.524500E-4	3.400000E-6	0.000000E+0	0.000000E+0	1.964247E-4	2.976042E-9	0.000000E+0	0.000000E+0	1.004022E+1	0.000000E+0	3.000000E+0
24-Apr-25	15:53:54	-0.000000E+0	2.020490E+0	-9.000000E-5	6.530000E-6	-5.550000E-7	3.519500E-4	3.950000E-6	0.000000E+0	0.000000E+0	1.964247E-4	2.976042E-9	0.000000E+0	0.000000E+0	1.004022E+1	0.000000E+0	3.000000E+0
24-Apr-25	15:53:54	-0.000000E+0	2.008510E+0	-9.000000E-5	6.510000E-6	-5.350000E-7	3.518000E-4	3.800000E-6	0.000000E+0	0.000000E+0	1.964247E-4	2.976042E-9	0.000000E+0	0.000000E+0	1.004022E+1	0.000000E+0	3.000000E+0
24-Apr-25	15:53:55	-0.000000E+0	1.996815E+0	-9.000000E-5	6.575000E-6	-5.450000E-7	3.525500E-4	3.100000E-6	0.000000E+0	0.000000E+0	1.964247E-4	2.976042E-9	0.000000E+0	0.000000E+0	1.004022E+1	0.000000E+0	3.000000E+0
24-Apr-25	15:53:55	-0.000000E+0	1.987800E+0	-9.000000E-5	6.560000E-6	-5.300000E-7	3.522000E-4	3.950000E-6	0.000000E+0	0.000000E+0	1.964247E-4	2.976042E-9	0.000000E+0	0.000000E+0	1.004022E+1	0.000000E+0	3.000000E+0
24-Apr-25	15:53:56	-0.000000E+0	1.978815E+0	-9.000000E-5	6.555000E-6	-4.750000E-7	3.524000E-4	4.250000E-6	0.000000E+0	0.000000E+0	1.964247E-4	2.976042E-9	0.000000E+0	0.000000E+0	1.004022E+1	0.000000E+0	3.000000E+0
24-Apr-25	15:53:57	-0.000000E+0	1.967145E+0	-9.000000E-5	6.570000E-6	-5.350000E-7	3.519000E-4	4.500000E-6	0.000000E+0	0.000000E+0	1.964247E-4	2.976042E-9	0.000000E+0	0.000000E+0	1.004022E+1	0.000000E+0	3.000000E+0
24-Apr-25	15:53:57	-0.000000E+0	1.958140E+0	-9.000000E-5	6.595000E-6	-5.450000E-7	3.518500E-4	3.500000E-6	0.000000E+0	0.000000E+0	1.964247E-4	2.976042E-9	0.000000E+0	0.000000E+0	1.004022E+1	0.000000E+0	3.000000E+0
24-Apr-25	15:53:58	-0.000000E+0	1.949175E+0	-9.000000E-5	6.595000E-6	-5.150000E-7	3.520000E-4	3.950000E-6	0.000000E+0	0.000000E+0	1.964247E-4	2.976042E-9	0.000000E+0	0.000000E+0	1.004022E+1	0.000000E+0	3.000000E+0
24-Apr-25	15:53:58	-0.000000E+0	1.940015E+0	-9.000000E-5	6.590000E-6	-5.650000E-7	3.517000E-4	4.800000E-6	0.000000E+0	0.000000E+0	1.964247E-4	2.976042E-9	0.000000E+0	0.000000E+0	1.004022E+1	0.000000E+0	3.000000E+0
24-Apr-25	15:53:59	-0.000000E+0	1.931020E+0	-9.000000E-5	6.605000E-6	-5.800000E-7	3.518500E-4	4.650000E-6	0.000000E+0	0.000000E+0	1.964247E-4	2.976042E-9	0.000000E+0	0.000000E+0	1.004022E+1	0.000000E+0	3.000000E+0
24-Apr-25	15:53:59	-0.000000E+0	1.920080E+0	-9.000000E-5	6.630000E-6	-5.800000E-7	3.525500E-4	3.800000E-6	0.000000E+0	0.000000E+0	1.964247E-4	2.976042E-9	0.000000E+0	0.000000E+0	1.004022E+1	0.000000E+0	3.000000E+0
24-Apr-25	15:54:00	-0.000000E+0	1.911090E+0	-9.000000E-5	6.665000E-6	-5.650000E-7	3.528000E-4	3.800000E-6	0.000000E+0	0.000000E+0	1.964247E-4	2.976042E-9	0.000000E+0	0.000000E+0	1.004022E+1	0.000000E+0	3.000000E+0
24-Apr-25	15:54:00	-0.000000E+0	1.901205E+0	-9.000000E-5	6.685000E-6	-5.500000E-7	3.529500E-4	4.250000E-6	0.000000E+0	0.000000E+0	1.964247E-4	2.976042E-9	0.000000E+0	0.000000E+0	1.004022E+1	0.000000E+0	3.000000E+0
24-Apr-25	15:54:01	-0.000000E+0	1.892160E+0	-9.000000E-5	6.680000E-6	-5.450000E-7	3.523000E-4	3.800000E-6	0.000000E+0	0.000000E+0	1.964247E-4	2.976042E-9	0.000000E+0	0.000000E+0	1.004022E+1	0.000000E+0	3.000000E+0
24-Apr-25	15:54:01	-0.000000E+0	1.883185E+0	-9.000000E-5	6.725000E-6	-5.600000E-7	3.519500E-4	3.850000E-6	0.000000E+0	0.000000E+0	1.964247E-4	2.976042E-9	0.000000E+0	0.000000E+0	1.004022E+1	0.000000E+0	3.000000E+0
24-Apr-25	15:54:02	-0.000000E+0	1.873310E+0	-9.000000E-5	6.755000E-6	-5.450000E-7	3.522500E-4	4.300000E-6	0.000000E+0	0.000000E+0	1.964247E-4	2.976042E-9	0.000000E+0	0.000000E+0	1.004022E+1	0.000000E+0	3.000000E+0
24-Apr-25	15:54:02	-0.000000E+0	1.864335E+0	-9.000000E-5	6.765000E-6	-5.450000E-7	3.519500E-4	4.500000E-6	0.000000E+0	0.000000E+0	1.964247E-4	2.976042E-9	0.000000E+0	0.000000E+0	1.004022E+1	0.000000E+0	3.000000E+0
24-Apr-25	15:54:03	-0.000000E+0	1.856250E+0	-9.000000E-5	6.750000E-6	-5.400000E-7	3.519000E-4	3.500000E-6	0.000000E+0	0.000000E+0	1.964247E-4	2.976042E-9	0.000000E+0	0.000000E+0	1.004022E+1	0.000000E+0	3.000000E+0
24-Apr-25	15:54:03	-0.000000E+0	1.847260E+0	-9.000000E-5	6.770000E-6	-5.300000E-7	3.517500E-4	4.250000E-6	0.000000E+0	0.000000E+0	1.964247E-4	2.976042E-9	0.000000E+0	0.000000E+0	1.004022E+1	0.000000E+0	3.000000E+0
24-Apr-25	15:54:04	-0.000000E+0	1.838265E+0	-9.000000E-5	6.795000E-6	-5.200000E-7	3.517000E-4	3.250000E-6	0.000000E+0	0.000000E+0	1.964247E-4	2.976042E-9	0.000000E+0	0.000000E+0	1.004022E+1	0.000000E+0	3.000000E+0
24-Apr-25	15:54:04	-0.000000E+0	1.829280E+0	-9.000000E-5	6.780000E-6	-5.250000E-7	3.518500E-4	3.800000E-6	0.000000E+0	0.000000E+0	1.964247E-4	2.976042E-9	0.000000E+0	0.000000E+0	1.004022E+1	0.000000E+0	3.000000E+0
24-Apr-25	15:54:05	-0.000000E+0	1.820285E+0	-9.000000E-5	6.780000E-6	-5.700000E-7	3.519000E-4	4.300000E-6	0.000000E+0	0.000000E+0	1.964247E-4	2.976042E-9	0.000000E+0	0.000000E+0	1.004022E+1	0.000000E+0	3.000000E+0
24-Apr-25	15:54:05	-0.000000E+0	1.812205E+0	-9.000000E-5	6.795000E-6	-5.300000E-7	3.519500E-4	4.050000E-6	0.000000E+0	0.000000E+0	1.964247E-4	2.976042E-9	0.000000E+0	0.000000E+0	1.004022E+1	0.000000E+0	3.000000E+0
24-Apr-25	15:54:06	-0.000000E+0	1.803205E+0	-9.000000E-5	6.810000E-6	-5.350000E-7	3.521000E-4	3.700000E-6	0.000000E+0	0.000000E+0	1.964247E-4	2.976042E-9	0.000000E+0	0.000000E+0	1.004022E+1	0.000000E+0	3.000000E+0
24-Apr-25	15:54:06	-0.000000E+0	1.794205E+0	-9.000000E-5	6.825000E-6	-5.500000E-7	3.518000E-4	3.650000E-6	0.000000E+0	0.000000E+0	1.964247E-4	2.976042E-9	0.000000E+0	0.000000E+0	1.004022E+1	0.000000E+0	3.000000E+0
24-Apr-25	15:54:07	-0.000000E+0	1.786110E+0	-9.000000E-5	6.815000E-6	-5.300000E-7	3.512000E-4	3.900000E-6	0.000000E+0	0.000000E+0	1.964247E-4	2.976042E-9	0.000000E+0	0.000000E+0	1.004022E+1	0.000000E+0	3.000000E+0
24-Apr-25	15:54:07	-0.000000E+0	1.777125E+0	-9.000000E-5	6.800000E-6	-5.400000E-7	3.518000E-4	3.800000E-6	0.000000E+0	0.000000E+0	1.964247E-4	2.976042E-9	0.000000E+0	0.000000E+0	1.004022E+1	0.000000E+0	3.000000E+0
24-Apr-25	15:54:08	-0.000000E+0	1.769045E+0	-9.000000E-5	6.830000E-6	-5.300000E-7	3.520000E-4	4.350000E-6	0.000000E+0	0.000000E+0	1.964247E-4	2.976042E-9	0.000000E+0	0.000000E+0	1.004022E+1	0.000000E+0	3.000000E+0
24-Apr-25	15:54:08	-0.000000E+0	1.760075E+0	-9.000000E-5	6.870000E-6	-5.600000E-7	3.517000E-4	4.250000E-6	0.000000E+0	0.000000E+0	1.964247E-4	2.976042E-9	0.000000E+0	0.000000E+0	1.004022E+1	0.000000E+0	3.000000E+0
24-Apr-25	15:54:09	-0.000000E+0	1.751045E+0	-9.000000E-5	6.865000E-6	-5.200000E-7	3.513500E-4	4.350000E-6	0.000000E+0	0.000000E+0	1.964247E-4	2.976042E-9	0.000000E+0	0.000000E+0	1.004022E+1	0.000000E+0	3.000000E+0
24-Apr-25	15:54:09	-0.000000E+0	1.742070E+0	-9.000000E-5	6.855000E-6	-5.750000E-7	3.520500E-4	4.600000E-6	0.000000E+0	0.000000E+0	1.964247E-4	2.976042E-9	0.000000E+0	0.000000E+0	1.004022E+1	0.000000E+0	3.000000E+0
24-Apr-25	15:54:10	-0.000000E+0	1.733075E+0	-9.000000E-5	6.880000E-6	-6.050000E-7	3.519000E-4	4.100000E-6	0.000000E+0	0.000000E+0	1.964247E-4	2.976042E-9	0.000000E+0	0.000000E+0	1.004022E+1	0.000000E+0	3.000000E+0
24-Apr-25	15:54:10	-0.000000E+0	1.724990E+0	-9.000000E-5	6.930000E-6	-5.950000E-7	3.512500E-4	4.800000E-6	0.000000E+0	0.000000E+0	1.964247E-4	2.976042E-9	0.000000E+0	0.000000E+0	1.004022E+1	0.000000E+0	3.000000E+0
24-Apr-25	15:54:11	-0.000000E+0	1.716005E+0	-9.000000E-5	6.935000E-6	-5.750000E-7	3.512000E-4	3.600000E-6	0.000000E+0	0.000000E+0	1.964247E-4	2.976042E-9	0.000000E+0	0.000000E+0	1.004022E+1	0.000000E+0	3.000000E+0
24-Apr-25	15:54:11	-0.000000E+0	1.703255E+0	-9.000000E-5	6.970000E-6	-5.400000E-7	3.517500E-4	3.950000E-6	0.000000E+0	0.000000E+0	1.964247E-4	2.976042E-9	0.000000E+0	0.000000E+0	1.004022E+1	0.000000E+0	3.000000E+0
24-Apr-25	15:54:12	-0.000000E+0	1.690515E+0	-9.000000E-5	6.980000E-6	-5.450000E-7	3.517500E-4	4.100000E-6	0.000000E+0	0.000000E+0	1.964247E-4	2.976042E-9	0.000000E+0	0.000000E+0	1.004022E+1	0.000000E+0	3.000000E+0
24-Apr-25	15:54:12	-0.000000E+0	1.680630E+0	-9.000000E-5	6.995000E-6	-5.800000E-7	3.516500E-4	4.200000E-6	0.000000E+0	0.000000E+0	1.964247E-4	2.976042E-9	0.000000E+0	0.000000E+0	1.004022E+1	0.000000E+0	3.000000E+0
24-Apr-25	15:54:13	-0.000000E+0	1.671660E+0	-9.000000E-5	7.030000E-6	-5.600000E-7	3.514000E-4	3.750000E-6	0.000000E+0	0.000000E+0	1.964247E-4	2.976042E-9	0.000000E+0	0.000000E+0	1.004022E+1	0.000000E+0	3.000000E+0
24-Apr-25	15:54:14	-0.000000E+0	1.661750E+0	-9.000000E-5	7.020000E-6	-5.400000E-7	3.518000E-4	4.500000E-6	0.000000E+0	0.000000E+0	1.964247E-4	2.976042E-9	0.000000E+0	0.000000E+0	1.004022E+1	0.000000E+0	3.000000E+0
24-Apr-25	15:54:14	-0.000000E+0	1.649020E+0	-9.000000E-5	7.050000E-6	-5.900000E-7	3.509500E-4	3.550000E-6	0.000000E+0	0.000000E+0	1.964247E-4	2.976042E-9	0.000000E+0	0.000000E+0	1.004022E+1	0.000000E+0	3.000000E+0
24-Apr-25	15:54:15	-0.000000E+0	1.636285E+0	-9.000000E-5	7.070000E-6	-5.350000E-7	3.514500E-4	4.250000E-6	0.000000E+0	0.000000E+0	1.964247E-4	2.976042E-9	0.000000E+0	0.000000E+0	1.004022E+1	0.000000E+0	3.000000E+0
24-Apr-25	15:54:15	-0.000000E+0	1.627300E+0	-9.000000E-5	7.040000E-6	-5.850000E-7	3.514500E-4	4.450000E-6	0.000000E+0	0.000000E+0	1.964247E-4	2.976042E-9	0.000000E+0	0.000000E+0	1.004022E+1	0.000000E+0	3.000000E+0
24-Apr-25	15:54:16	-0.000000E+0	1.617425E+0	-9.000000E-5	7.090000E-6	-5.750000E-7	3.513500E-4	3.900000E-6	0.000000E+0	0.000000E+0	1.964247E-4	2.976042E-9	0.000000E+0	0.000000E+0	1.004022E+1	0.000000E+0	3.000000E+0
24-Apr-25	15:54:17	-0.000000E+0	1.607490E+0	-9.000000E-5	7.105000E-6	-5.350000E-7	3.513000E-4	4.400000E-6	0.000000E+0	0.000000E+0	1.964247E-4	2.976042E-9	0.000000E+0	0.000000E+0	1.004022E+1	0.000000E+0	3.000000E+0
24-Apr-25	15:54:17	-0.000000E+0	1.598515E+0	-9.000000E-5	7.080000E-6	-6.100000E-7	3.518000E-4	4.200000E-6	0.000000E+0	0.000000E+0	1.964247E-4	2.976042E-9	0.000000E+0	0.000000E+0	1.004022E+1	0.000000E+0	3.000000E+0
24-Apr-25	15:54:18	-0.000000E+0	1.589530E+0	-9.000000E-5	7.090000E-6	-6.000000E-7	3.518000E-4	4.550000E-6	0.000000E+0	0.000000E+0	1.964247E-4	2.976042E-9	0.000000E+0	0.000000E+0	1.004022E+1	0.000000E+0	3.000000E+0
24-Apr-25	15:54:18	-0.000000E+0	1.580555E+0	-9.000000E-5	7.135000E-6	-5.750000E-7	3.514000E-4	4.900000E-6	0.000000E+0	0.000000E+0	1.964247E-4	2.976042E-9	0.000000E+0	0.000000E+0	1.004022E+1	0.000000E+0	3.000000E+0
24-Apr-25	15:54:19	-0.000000E+0	1.567655E+0	-9.000000E-5	7.150000E-6	-5.800000E-7	3.518000E-4	4.150000E-6	0.000000E+0	0.000000E+0	1.964247E-4	2.976042E-9	0.000000E+0	0.000000E+0	1.004022E+1	0.000000E+0	3.000000E+0
24-Apr-25	15:54:19	-0.000000E+0	1.559560E+0	-9.000000E-5	7.175000E-6	-5.950000E-7	3.518000E-4	3.650000E-6	0.000000E+0	0.000000E+0	1.964247E-4	2.976042E-9	0.000000E+0	0.000000E+0	1.004022E+1	0.000000E+0	3.000000E+0
24-Apr-25	15:54:20	-0.000000E+0	1.550560E+0	-9.000000E-5	7.155000E-6	-6.150000E-7	3.511000E-4	4.050000E-6	0.000000E+0	0.000000E+0	1.964247E-4	2.976042E-9	0.000000E+0	0.000000E+0	1.004022E+1	0.000000E+0	3.000000E+0
24-Apr-25	15:54:20	-0.000000E+0	1.540675E+0	-9.000000E-5	7.160000E-6	-6.100000E-7	3.510000E-4	4.650000E-6	0.000000E+0	0.000000E+0	1.964247E-4	2.976042E-9	0.000000E+0	0.000000E+0	1.004022E+1	0.000000E+0	3.000000E+0
24-Apr-25	15:54:21	-0.000000E+0	1.531690E+0	-9.000000E-5	7.145000E-6	-5.700000E-7	3.516000E-4	4.000000E-6	0.000000E+0	0.000000E+0	1.964247E-4	2.976042E-9	0.000000E+0	0.000000E+0	1.004022E+1	0.000000E+0	3.000000E+0
24-Apr-25	15:54:21	-0.000000E+0	1.519960E+0	-9.000000E-5	7.215000E-6	-5.900000E-7	3.514000E-4	4.600000E-6	0.000000E+0	0.000000E+0	1.964247E-4	2.976042E-9	0.000000E+0	0.000000E+0	1.004022E+1	0.000000E+0	3.000000E+0
24-Apr-25	15:54:22	-0.000000E+0	1.511020E+0	-9.000000E-5	7.260000E-6	-5.850000E-7	3.510000E-4	4.250000E-6	0.000000E+0	0.000000E+0	1.964247E-4	2.976042E-9	0.000000E+0	0.000000E+0	1.004022E+1	0.000000E+0	3.000000E+0
24-Apr-25	15:54:22	-0.000000E+0	1.502975E+0	-9.000000E-5	7.195000E-6	-6.050000E-7	3.517000E-4	2.900000E-6	0.000000E+0	0.000000E+0	1.964247E-4	2.976042E-9	0.000000E+0	0.000000E+0	1.004022E+1	0.000000E+0	3.000000E+0
24-Apr-25	15:54:23	-0.000000E+0	1.494015E+0	-9.000000E-5	7.180000E-6	-6.150000E-7	3.506500E-4	3.950000E-6	0.000000E+0	0.000000E+0	1.964247E-4	2.976042E-9	0.000000E+0	0.000000E+0	1.004022E+1	0.000000E+0	3.000000E+0
24-Apr-25	15:54:23	-0.000000E+0	1.484130E+0	-9.000000E-5	7.200000E-6	-6.150000E-7	3.511000E-4	3.900000E-6	0.000000E+0	0.000000E+0	1.964247E-4	2.976042E-9	0.000000E+0	0.000000E+0	1.004022E+1	0.000000E+0	3.000000E+0
24-Apr-25	15:54:24	-0.000000E+0	1.475145E+0	-9.000000E-5	7.235000E-6	-5.850000E-7	3.508500E-4	4.100000E-6	0.000000E+0	0.000000E+0	1.964247E-4	2.976042E-9	0.000000E+0	0.000000E+0	1.004022E+1	0.000000E+0	3.000000E+0
24-Apr-25	15:54:24	-0.000000E+0	1.466135E+0	-9.000000E-5	7.260000E-6	-6.250000E-7	3.513500E-4	4.000000E-6	0.000000E+0	0.000000E+0	1.964247E-4	2.976042E-9	0.000000E+0	0.000000E+0	1.004022E+1	0.000000E+0	3.000000E+0
24-Apr-25	15:54:25	-0.000000E+0	1.456265E+0	-9.000000E-5	7.290000E-6	-5.800000E-7	3.505500E-4	3.700000E-6	0.000000E+0	0.000000E+0	1.964247E-4	2.976042E-9	0.000000E+0	0.000000E+0	1.004022E+1	0.000000E+0	3.000000E+0
24-Apr-25	15:54:26	-0.000000E+0	1.446375E+0	-9.000000E-5	7.310000E-6	-6.100000E-7	3.509000E-4	4.250000E-6	0.000000E+0	0.000000E+0	1.964247E-4	2.976042E-9	0.000000E+0	0.000000E+0	1.004022E+1	0.000000E+0	3.000000E+0
24-Apr-25	15:54:26	-0.000000E+0	1.437385E+0	-9.000000E-5	7.315000E-6	-6.200000E-7	3.509500E-4	3.650000E-6	0.000000E+0	0.000000E+0	1.964247E-4	2.976042E-9	0.000000E+0	0.000000E+0	1.004022E+1	0.000000E+0	3.000000E+0
24-Apr-25	15:54:27	-0.000000E+0	1.428420E+0	-9.000000E-5	7.330000E-6	-5.450000E-7	3.508500E-4	4.050000E-6	0.000000E+0	0.000000E+0	1.964247E-4	2.976042E-9	0.000000E+0	0.000000E+0	1.004022E+1	0.000000E+0	3.000000E+0
24-Apr-25	15:54:27	-0.000000E+0	1.419390E+0	-9.000000E-5	7.340000E-6	-5.800000E-7	3.509000E-4	4.400000E-6	0.000000E+0	0.000000E+0	1.964247E-4	2.976042E-9	0.000000E+0	0.000000E+0	1.004022E+1	0.000000E+0	3.000000E+0
24-Apr-25	15:54:28	-0.000000E+0	1.411300E+0	-9.000000E-5	7.350000E-6	-6.300000E-7	3.509000E-4	4.350000E-6	0.000000E+0	0.000000E+0	1.964247E-4	2.976042E-9	0.000000E+0	0.000000E+0	1.004022E+1	0.000000E+0	3.000000E+0
24-Apr-25	15:54:28	-0.000000E+0	1.402325E+0	-9.000000E-5	7.330000E-6	-6.350000E-7	3.509000E-4	4.100000E-6	0.000000E+0	0.000000E+0	1.964247E-4	2.976042E-9	0.000000E+0	0.000000E+0	1.004022E+1	0.000000E+0	3.000000E+0
24-Apr-25	15:54:29	-0.000000E+0	1.393210E+0	-9.000000E-5	7.320000E-6	-5.700000E-7	3.521000E-4	3.750000E-6	0.000000E+0	0.000000E+0	1.964247E-4	2.976042E-9	0.000000E+0	0.000000E+0	1.004022E+1	0.000000E+0	3.000000E+0
24-Apr-25	15:54:29	-0.000000E+0	1.382280E+0	-9.000000E-5	7.385000E-6	-5.450000E-7	3.509000E-4	4.250000E-6	0.000000E+0	0.000000E+0	1.964247E-4	2.976042E-9	0.000000E+0	0.000000E+0	1.004022E+1	0.000000E+0	3.000000E+0
24-Apr-25	15:54:30	-0.000000E+0	1.373255E+0	-9.000000E-5	7.375000E-6	-5.900000E-7	3.504000E-4	4.200000E-6	0.000000E+0	0.000000E+0	1.964247E-4	2.976042E-9	0.000000E+0	0.000000E+0	1.004022E+1	0.000000E+0	3.000000E+0
24-Apr-25	15:54:30	-0.000000E+0	1.364275E+0	-9.000000E-5	7.435000E-6	-6.000000E-7	3.513000E-4	3.800000E-6	0.000000E+0	0.000000E+0	1.964247E-4	2.976042E-9	0.000000E+0	0.000000E+0	1.004022E+1	0.000000E+0	3.000000E+0
24-Apr-25	15:54:31	-0.000000E+0	1.354385E+0	-9.000000E-5	7.465000E-6	-6.150000E-7	3.509500E-4	4.000000E-6	0.000000E+0	0.000000E+0	1.964247E-4	2.976042E-9	0.000000E+0	0.000000E+0	1.004022E+1	0.000000E+0	3.000000E+0
24-Apr-25	15:54:31	-0.000000E+0	1.345415E+0	-9.000000E-5	7.430000E-6	-6.250000E-7	3.505000E-4	4.200000E-6	0.000000E+0	0.000000E+0	1.964247E-4	2.976042E-9	0.000000E+0	0.000000E+0	1.004022E+1	0.000000E+0	3.000000E+0
24-Apr-25	15:54:32	-0.000000E+0	1.331000E+0	-9.000000E-5	7.430000E-6	-6.000000E-7	3.512000E-4	3.500000E-6	0.000000E+0	0.000000E+0	1.964247E-4	2.976042E-9	0.000000E+0	0.000000E+0	1.004022E+1	0.000000E+0	3.000000E+0
24-Apr-25	15:54:32	-0.000000E+0	1.321995E+0	-9.000000E-5	7.450000E-6	-6.450000E-7	3.509500E-4	3.850000E-6	0.000000E+0	0.000000E+0	1.964247E-4	2.976042E-9	0.000000E+0	0.000000E+0	1.004022E+1	0.000000E+0	3.000000E+0
24-Apr-25	15:54:33	-0.000000E+0	1.312875E+0	-9.000000E-5	7.485000E-6	-5.950000E-7	3.504000E-4	4.150000E-6	0.000000E+0	0.000000E+0	1.964247E-4	2.976042E-9	0.000000E+0	0.000000E+0	1.004022E+1	0.000000E+0	3.000000E+0
24-Apr-25	15:54:34	-0.000000E+0	1.301935E+0	-9.000000E-5	7.490000E-6	-6.100000E-7	3.505500E-4	3.950000E-6	0.000000E+0	0.000000E+0	1.964247E-4	2.976042E-9	0.000000E+0	0.000000E+0	1.004022E+1	0.000000E+0	3.000000E+0
24-Apr-25	15:54:34	-0.000000E+0	1.292965E+0	-9.000000E-5	7.475000E-6	-6.300000E-7	3.510500E-4	3.800000E-6	0.000000E+0	0.000000E+0	1.964247E-4	2.976042E-9	0.000000E+0	0.000000E+0	1.004022E+1	0.000000E+0	3.000000E+0
24-Apr-25	15:54:35	-0.000000E+0	1.283080E+0	-9.000000E-5	7.550000E-6	-5.950000E-7	3.503000E-4	4.450000E-6	0.000000E+0	0.000000E+0	1.964247E-4	2.976042E-9	0.000000E+0	0.000000E+0	1.004022E+1	0.000000E+0	3.000000E+0
24-Apr-25	15:54:35	-0.000000E+0	1.270185E+0	-9.000000E-5	7.540000E-6	-6.300000E-7	3.510000E-4	4.200000E-6	0.000000E+0	0.000000E+0	1.964247E-4	2.976042E-9	0.000000E+0	0.000000E+0	1.004022E+1	0.000000E+0	3.000000E+0
24-Apr-25	15:54:36	-0.000000E+0	1.260310E+0	-9.000000E-5	7.560000E-6	-6.000000E-7	3.508500E-4	3.750000E-6	0.000000E+0	0.000000E+0	1.964247E-4	2.976042E-9	0.000000E+0	0.000000E+0	1.004022E+1	0.000000E+0	3.000000E+0
24-Apr-25	15:54:36	-0.000000E+0	1.251325E+0	-9.000000E-5	7.585000E-6	-5.900000E-7	3.510500E-4	3.650000E-6	0.000000E+0	0.000000E+0	1.964247E-4	2.976042E-9	0.000000E+0	0.000000E+0	1.004022E+1	0.000000E+0	3.000000E+0
24-Apr-25	15:54:37	-0.000000E+0	1.242335E+0	-9.000000E-5	7.630000E-6	-5.850000E-7	3.508500E-4	4.000000E-6	0.000000E+0	0.000000E+0	1.964247E-4	2.976042E-9	0.000000E+0	0.000000E+0	1.004022E+1	0.000000E+0	3.000000E+0
24-Apr-25	15:54:37	-0.000000E+0	1.233340E+0	-9.000000E-5	7.610000E-6	-6.200000E-7	3.505000E-4	3.950000E-6	0.000000E+0	0.000000E+0	1.964247E-4	2.976042E-9	0.000000E+0	0.000000E+0	1.004022E+1	0.000000E+0	3.000000E+0
24-Apr-25	15:54:38	-0.000000E+0	1.224320E+0	-9.000000E-5	7.625000E-6	-6.350000E-7	3.509500E-4	4.200000E-6	0.000000E+0	0.000000E+0	1.964247E-4	2.976042E-9	0.000000E+0	0.000000E+0	1.004022E+1	0.000000E+0	3.000000E+0
24-Apr-25	15:54:38	-0.000000E+0	1.214475E+0	-9.000000E-5	7.650000E-6	-5.650000E-7	3.506000E-4	4.050000E-6	0.000000E+0	0.000000E+0	1.964247E-4	2.976042E-9	0.000000E+0	0.000000E+0	1.004022E+1	0.000000E+0	3.000000E+0
24-Apr-25	15:54:39	-0.000000E+0	1.205490E+0	-9.000000E-5	7.625000E-6	-5.950000E-7	3.509000E-4	4.050000E-6	0.000000E+0	0.000000E+0	1.964247E-4	2.976042E-9	0.000000E+0	0.000000E+0	1.004022E+1	0.000000E+0	3.000000E+0
24-Apr-25	15:54:39	-0.000000E+0	1.196495E+0	-9.000000E-5	7.660000E-6	-6.300000E-7	3.504000E-4	4.300000E-6	0.000000E+0	0.000000E+0	1.964247E-4	2.976042E-9	0.000000E+0	0.000000E+0	1.004022E+1	0.000000E+0	3.000000E+0
24-Apr-25	15:54:40	-0.000000E+0	1.185690E+0	-9.000000E-5	7.710000E-6	-6.500000E-7	3.508500E-4	4.100000E-6	0.000000E+0	0.000000E+0	1.964247E-4	2.976042E-9	0.000000E+0	0.000000E+0	1.004022E+1	0.000000E+0	3.000000E+0
24-Apr-25	15:54:41	-0.000000E+0	1.177575E+0	-9.000000E-5	7.695000E-6	-6.000000E-7	3.510000E-4	4.200000E-6	0.000000E+0	0.000000E+0	1.964247E-4	2.976042E-9	0.000000E+0	0.000000E+0	1.004022E+1	0.000000E+0	3.000000E+0
24-Apr-25	15:54:41	-0.000000E+0	1.169505E+0	-9.000000E-5	7.715000E-6	-5.850000E-7	3.506500E-4	4.100000E-6	0.000000E+0	0.000000E+0	1.964247E-4	2.976042E-9	0.000000E+0	0.000000E+0	1.004022E+1	0.000000E+0	3.000000E+0
24-Apr-25	15:54:41	-0.000000E+0	1.160500E+0	-9.000000E-5	7.725000E-6	-5.850000E-7	3.506500E-4	3.950000E-6	0.000000E+0	0.000000E+0	1.964247E-4	2.976042E-9	0.000000E+0	0.000000E+0	1.004022E+1	0.000000E+0	3.000000E+0
24-Apr-25	15:54:42	-0.000000E+0	1.151540E+0	-9.000000E-5	7.725000E-6	-6.200000E-7	3.505500E-4	4.250000E-6	0.000000E+0	0.000000E+0	1.964247E-4	2.976042E-9	0.000000E+0	0.000000E+0	1.004022E+1	0.000000E+0	3.000000E+0
24-Apr-25	15:54:42	-0.000000E+0	1.142510E+0	-9.000000E-5	7.750000E-6	-6.050000E-7	3.504000E-4	4.500000E-6	0.000000E+0	0.000000E+0	1.964247E-4	2.976042E-9	0.000000E+0	0.000000E+0	1.004022E+1	0.000000E+0	3.000000E+0
24-Apr-25	15:54:43	-0.000000E+0	1.134405E+0	-9.000000E-5	7.755000E-6	-6.250000E-7	3.503500E-4	3.900000E-6	0.000000E+0	0.000000E+0	1.964247E-4	2.976042E-9	0.000000E+0	0.000000E+0	1.004022E+1	0.000000E+0	3.000000E+0
24-Apr-25	15:54:43	-0.000000E+0	1.125400E+0	-9.000000E-5	7.765000E-6	-6.200000E-7	3.505000E-4	4.100000E-6	0.000000E+0	0.000000E+0	1.964247E-4	2.976042E-9	0.000000E+0	0.000000E+0	1.004022E+1	0.000000E+0	3.000000E+0
24-Apr-25	15:54:44	-0.000000E+0	1.115395E+0	-9.000000E-5	7.775000E-6	-6.450000E-7	3.509500E-4	4.100000E-6	0.000000E+0	0.000000E+0	1.964247E-4	2.976042E-9	0.000000E+0	0.000000E+0	1.004022E+1	0.000000E+0	3.000000E+0
24-Apr-25	15:54:44	-0.000000E+0	1.106270E+0	-9.000000E-5	7.810000E-6	-6.250000E-7	3.506000E-4	3.950000E-6	0.000000E+0	0.000000E+0	1.964247E-4	2.976042E-9	0.000000E+0	0.000000E+0	1.004022E+1	0.000000E+0	3.000000E+0
24-Apr-25	15:54:45	-0.000000E+0	1.097295E+0	-9.000000E-5	7.815000E-6	-6.450000E-7	3.507000E-4	4.250000E-6	0.000000E+0	0.000000E+0	1.964247E-4	2.976042E-9	0.000000E+0	0.000000E+0	1.004022E+1	0.000000E+0	3.000000E+0
24-Apr-25	15:54:46	-0.000000E+0	1.084690E+0	-9.000000E-5	7.815000E-6	-6.150000E-7	3.508500E-4	3.700000E-6	0.000000E+0	0.000000E+0	1.964247E-4	2.976042E-9	0.000000E+0	0.000000E+0	1.004022E+1	0.000000E+0	3.000000E+0
24-Apr-25	15:54:47	-0.000000E+0	1.071055E+0	-9.000000E-5	7.885000E-6	-6.100000E-7	3.508500E-4	4.150000E-6	0.000000E+0	0.000000E+0	1.964247E-4	2.976042E-9	0.000000E+0	0.000000E+0	1.004022E+1	0.000000E+0	3.000000E+0
24-Apr-25	15:54:47	-0.000000E+0	1.061040E+0	-9.000000E-5	7.875000E-6	-6.450000E-7	3.508500E-4	4.550000E-6	0.000000E+0	0.000000E+0	1.964247E-4	2.976042E-9	0.000000E+0	0.000000E+0	1.004022E+1	0.000000E+0	3.000000E+0
24-Apr-25	15:54:48	-0.000000E+0	1.052945E+0	-9.000000E-5	7.920000E-6	-5.950000E-7	3.507000E-4	4.100000E-6	0.000000E+0	0.000000E+0	1.964247E-4	2.976042E-9	0.000000E+0	0.000000E+0	1.004022E+1	0.000000E+0	3.000000E+0
24-Apr-25	15:54:48	-0.000000E+0	1.040325E+0	-9.000000E-5	7.930000E-6	-6.550000E-7	3.505000E-4	3.800000E-6	0.000000E+0	0.000000E+0	1.964247E-4	2.976042E-9	0.000000E+0	0.000000E+0	1.004022E+1	0.000000E+0	3.000000E+0
24-Apr-25	15:54:49	-0.000000E+0	1.031350E+0	-9.000000E-5	7.925000E-6	-6.600000E-7	3.501500E-4	4.100000E-6	0.000000E+0	0.000000E+0	1.964247E-4	2.976042E-9	0.000000E+0	0.000000E+0	1.004022E+1	0.000000E+0	3.000000E+0
24-Apr-25	15:54:49	-0.000000E+0	1.021175E+0	-9.000000E-5	7.955000E-6	-6.200000E-7	3.501500E-4	4.450000E-6	0.000000E+0	0.000000E+0	1.964247E-4	2.976042E-9	0.000000E+0	0.000000E+0	1.004022E+1	0.000000E+0	3.000000E+0
24-Apr-25	15:54:50	-0.000000E+0	1.012190E+0	-9.000000E-5	7.985000E-6	-6.200000E-7	3.508500E-4	4.350000E-6	0.000000E+0	0.000000E+0	1.964247E-4	2.976042E-9	0.000000E+0	0.000000E+0	1.004022E+1	0.000000E+0	3.000000E+0
24-Apr-25	15:54:50	-0.000000E+0	1.003215E+0	-9.000000E-5	7.945000E-6	-6.800000E-7	3.498500E-4	4.300000E-6	0.000000E+0	0.000000E+0	1.964247E-4	2.976042E-9	0.000000E+0	0.000000E+0	1.004022E+1	0.000000E+0	3.000000E+0
24-Apr-25	15:54:51	-0.000000E+0	9.923900E-1	-9.000000E-5	8.000000E-6	-6.850000E-7	3.506500E-4	4.450000E-6	0.000000E+0	0.000000E+0	1.964247E-4	2.976042E-9	0.000000E+0	0.000000E+0	1.004022E+1	0.000000E+0	3.000000E+0
24-Apr-25	15:54:51	-0.000000E+0	9.834150E-1	-9.000000E-5	8.015000E-6	-6.600000E-7	3.501000E-4	3.750000E-6	0.000000E+0	0.000000E+0	1.964247E-4	2.976042E-9	0.000000E+0	0.000000E+0	1.004022E+1	0.000000E+0	3.000000E+0
24-Apr-25	15:54:52	-0.000000E+0	9.732200E-1	-9.000000E-5	8.015000E-6	-6.200000E-7	3.502000E-4	3.800000E-6	0.000000E+0	0.000000E+0	1.964247E-4	2.976042E-9	0.000000E+0	0.000000E+0	1.004022E+1	0.000000E+0	3.000000E+0
24-Apr-25	15:54:52	-0.000000E+0	9.651350E-1	-9.000000E-5	8.005000E-6	-6.750000E-7	3.502000E-4	4.100000E-6	0.000000E+0	0.000000E+0	1.964247E-4	2.976042E-9	0.000000E+0	0.000000E+0	1.004022E+1	0.000000E+0	3.000000E+0
24-Apr-25	15:54:53	-0.000000E+0	9.525300E-1	-9.000000E-5	8.055000E-6	-6.800000E-7	3.500000E-4	4.450000E-6	0.000000E+0	0.000000E+0	1.964247E-4	2.976042E-9	0.000000E+0	0.000000E+0	1.004022E+1	0.000000E+0	3.000000E+0
24-Apr-25	15:54:54	-0.000000E+0	9.426250E-1	-9.000000E-5	8.060000E-6	-6.800000E-7	3.505500E-4	3.950000E-6	0.000000E+0	0.000000E+0	1.964247E-4	2.976042E-9	0.000000E+0	0.000000E+0	1.004022E+1	0.000000E+0	3.000000E+0
24-Apr-25	15:54:54	-0.000000E+0	9.336550E-1	-9.000000E-5	8.075000E-6	-6.300000E-7	3.506500E-4	4.250000E-6	0.000000E+0	0.000000E+0	1.964247E-4	2.976042E-9	0.000000E+0	0.000000E+0	1.004022E+1	0.000000E+0	3.000000E+0
24-Apr-25	15:54:55	-0.000000E+0	9.255750E-1	-9.000000E-5	8.065000E-6	-6.450000E-7	3.502000E-4	4.300000E-6	0.000000E+0	0.000000E+0	1.964247E-4	2.976042E-9	0.000000E+0	0.000000E+0	1.004022E+1	0.000000E+0	3.000000E+0
24-Apr-25	15:54:55	-0.000000E+0	9.166200E-1	-9.000000E-5	8.095000E-6	-6.600000E-7	3.502500E-4	3.950000E-6	0.000000E+0	0.000000E+0	1.964247E-4	2.976042E-9	0.000000E+0	0.000000E+0	1.004022E+1	0.000000E+0	3.000000E+0
24-Apr-25	15:54:55	-0.000000E+0	9.085300E-1	-9.000000E-5	8.090000E-6	-6.850000E-7	3.495500E-4	4.150000E-6	0.000000E+0	0.000000E+0	1.964247E-4	2.976042E-9	0.000000E+0	0.000000E+0	1.004022E+1	0.000000E+0	3.000000E+0
24-Apr-25	15:54:56	-0.000000E+0	8.995000E-1	-9.000000E-5	8.095000E-6	-6.400000E-7	3.497500E-4	3.650000E-6	0.000000E+0	0.000000E+0	1.964247E-4	2.976042E-9	0.000000E+0	0.000000E+0	1.004022E+1	0.000000E+0	3.000000E+0
24-Apr-25	15:54:56	-0.000000E+0	8.905150E-1	-9.000000E-5	8.155000E-6	-5.950000E-7	3.504000E-4	3.850000E-6	0.000000E+0	0.000000E+0	1.964247E-4	2.976042E-9	0.000000E+0	0.000000E+0	1.004022E+1	0.000000E+0	3.000000E+0
24-Apr-25	15:54:57	-0.000000E+0	8.824350E-1	-9.000000E-5	8.160000E-6	-6.200000E-7	3.501000E-4	4.200000E-6	0.000000E+0	0.000000E+0	1.964247E-4	2.976042E-9	0.000000E+0	0.000000E+0	1.004022E+1	0.000000E+0	3.000000E+0
24-Apr-25	15:54:57	-0.000000E+0	8.734500E-1	-9.000000E-5	8.140000E-6	-6.450000E-7	3.497000E-4	3.950000E-6	0.000000E+0	0.000000E+0	1.964247E-4	2.976042E-9	0.000000E+0	0.000000E+0	1.004022E+1	0.000000E+0	3.000000E+0
24-Apr-25	15:54:58	-0.000000E+0	8.644600E-1	-9.000000E-5	8.160000E-6	-6.700000E-7	3.500000E-4	4.050000E-6	0.000000E+0	0.000000E+0	1.964247E-4	2.976042E-9	0.000000E+0	0.000000E+0	1.004022E+1	0.000000E+0	3.000000E+0
24-Apr-25	15:54:58	-0.000000E+0	8.563650E-1	-9.000000E-5	8.170000E-6	-6.850000E-7	3.502500E-4	4.100000E-6	0.000000E+0	0.000000E+0	1.964247E-4	2.976042E-9	0.000000E+0	0.000000E+0	1.004022E+1	0.000000E+0	3.000000E+0
24-Apr-25	15:54:59	-0.000000E+0	8.473400E-1	-9.000000E-5	8.195000E-6	-6.800000E-7	3.500500E-4	4.350000E-6	0.000000E+0	0.000000E+0	1.964247E-4	2.976042E-9	0.000000E+0	0.000000E+0	1.004022E+1	0.000000E+0	3.000000E+0
24-Apr-25	15:54:59	-0.000000E+0	8.383850E-1	-9.000000E-5	8.170000E-6	-6.750000E-7	3.494000E-4	4.200000E-6	0.000000E+0	0.000000E+0	1.964247E-4	2.976042E-9	0.000000E+0	0.000000E+0	1.004022E+1	0.000000E+0	3.000000E+0
24-Apr-25	15:55:00	-0.000000E+0	8.293800E-1	-9.000000E-5	8.200000E-6	-6.900000E-7	3.501500E-4	3.950000E-6	0.000000E+0	0.000000E+0	1.964247E-4	2.976042E-9	0.000000E+0	0.000000E+0	1.004022E+1	0.000000E+0	3.000000E+0
24-Apr-25	15:55:00	-0.000000E+0	8.204150E-1	-9.000000E-5	8.240000E-6	-6.600000E-7	3.504000E-4	3.800000E-6	0.000000E+0	0.000000E+0	1.964247E-4	2.976042E-9	0.000000E+0	0.000000E+0	1.004022E+1	0.000000E+0	3.000000E+0
24-Apr-25	15:55:01	-0.000000E+0	8.105050E-1	-9.000000E-5	8.230000E-6	-6.100000E-7	3.502000E-4	3.850000E-6	0.000000E+0	0.000000E+0	1.964247E-4	2.976042E-9	0.000000E+0	0.000000E+0	1.004022E+1	0.000000E+0	3.000000E+0
24-Apr-25	15:55:02	-0.000000E+0	7.993850E-1	-9.000000E-5	8.220000E-6	-6.650000E-7	3.499000E-4	3.900000E-6	0.000000E+0	0.000000E+0	1.964247E-4	2.976042E-9	0.000000E+0	0.000000E+0	1.004022E+1	0.000000E+0	3.000000E+0
24-Apr-25	15:55:02	-0.000000E+0	7.907250E-1	-9.000000E-5	8.200000E-6	-6.550000E-7	3.496500E-4	3.850000E-6	0.000000E+0	0.000000E+0	1.964247E-4	2.976042E-9	0.000000E+0	0.000000E+0	1.004022E+1	0.000000E+0	3.000000E+0
24-Apr-25	15:55:03	-0.000000E+0	7.814200E-1	-9.000000E-5	8.255000E-6	-6.850000E-7	3.501500E-4	3.450000E-6	0.000000E+0	0.000000E+0	1.964247E-4	2.976042E-9	0.000000E+0	0.000000E+0	1.004022E+1	0.000000E+0	3.000000E+0
24-Apr-25	15:55:03	-0.000000E+0	7.724450E-1	-9.000000E-5	8.265000E-6	-6.900000E-7	3.491500E-4	2.950000E-6	0.000000E+0	0.000000E+0	1.964247E-4	2.976042E-9	0.000000E+0	0.000000E+0	1.004022E+1	0.000000E+0	3.000000E+0
24-Apr-25	15:55:04	-0.000000E+0	7.634350E-1	-9.000000E-5	8.275000E-6	-6.800000E-7	3.503000E-4	4.350000E-6	0.000000E+0	0.000000E+0	1.964247E-4	2.976042E-9	0.000000E+0	0.000000E+0	1.004022E+1	0.000000E+0	3.000000E+0
24-Apr-25	15:55:04	-0.000000E+0	7.535250E-1	-9.000000E-5	8.275000E-6	-6.550000E-7	3.500000E-4	3.850000E-6	0.000000E+0	0.000000E+0	1.964247E-4	2.976042E-9	0.000000E+0	0.000000E+0	1.004022E+1	0.000000E+0	3.000000E+0
24-Apr-25	15:55:05	-0.000000E+0	7.445400E-1	-9.000000E-5	8.295000E-6	-6.500000E-7	3.499000E-4	3.900000E-6	0.000000E+0	0.000000E+0	1.964247E-4	2.976042E-9	0.000000E+0	0.000000E+0	1.004022E+1	0.000000E+0	3.000000E+0
24-Apr-25	15:55:05	-0.000000E+0	7.364700E-1	-9.000000E-5	8.300000E-6	-7.100000E-7	3.499500E-4	3.800000E-6	0.000000E+0	0.000000E+0	1.964247E-4	2.976042E-9	0.000000E+0	0.000000E+0	1.004022E+1	0.000000E+0	3.000000E+0
24-Apr-25	15:55:06	-0.000000E+0	7.239050E-1	-9.000000E-5	8.385000E-6	-6.800000E-7	3.495000E-4	4.050000E-6	0.000000E+0	0.000000E+0	1.964247E-4	2.976042E-9	0.000000E+0	0.000000E+0	1.004022E+1	0.000000E+0	3.000000E+0
24-Apr-25	15:55:06	-0.000000E+0	7.131100E-1	-9.000000E-5	8.365000E-6	-6.600000E-7	3.494500E-4	3.900000E-6	0.000000E+0	0.000000E+0	1.964247E-4	2.976042E-9	0.000000E+0	0.000000E+0	1.004022E+1	0.000000E+0	3.000000E+0
24-Apr-25	15:55:07	-0.000000E+0	7.041000E-1	-9.000000E-5	8.380000E-6	-6.700000E-7	3.504000E-4	3.450000E-6	0.000000E+0	0.000000E+0	1.964247E-4	2.976042E-9	0.000000E+0	0.000000E+0	1.004022E+1	0.000000E+0	3.000000E+0
24-Apr-25	15:55:07	-0.000000E+0	6.948450E-1	-9.000000E-5	8.345000E-6	-7.000000E-7	3.499500E-4	4.300000E-6	0.000000E+0	0.000000E+0	1.964247E-4	2.976042E-9	0.000000E+0	0.000000E+0	1.004022E+1	0.000000E+0	3.000000E+0
24-Apr-25	15:55:08	-0.000000E+0	6.858550E-1	-9.000000E-5	8.350000E-6	-7.200000E-7	3.498500E-4	4.250000E-6	0.000000E+0	0.000000E+0	1.964247E-4	2.976042E-9	0.000000E+0	0.000000E+0	1.004022E+1	0.000000E+0	3.000000E+0
24-Apr-25	15:55:08	-0.000000E+0	6.759800E-1	-9.000000E-5	8.370000E-6	-6.600000E-7	3.500000E-4	3.650000E-6	0.000000E+0	0.000000E+0	1.964247E-4	2.976042E-9	0.000000E+0	0.000000E+0	1.004022E+1	0.000000E+0	3.000000E+0
24-Apr-25	15:55:09	-0.000000E+0	6.660650E-1	-9.000000E-5	8.435000E-6	-6.750000E-7	3.492000E-4	4.150000E-6	0.000000E+0	0.000000E+0	1.964247E-4	2.976042E-9	0.000000E+0	0.000000E+0	1.004022E+1	0.000000E+0	3.000000E+0
24-Apr-25	15:55:10	-0.000000E+0	6.561550E-1	-9.000000E-5	8.405000E-6	-6.700000E-7	3.501000E-4	3.950000E-6	0.000000E+0	0.000000E+0	1.964247E-4	2.976042E-9	0.000000E+0	0.000000E+0	1.004022E+1	0.000000E+0	3.000000E+0
24-Apr-25	15:55:10	-0.000000E+0	6.472050E-1	-9.000000E-5	8.405000E-6	-7.100000E-7	3.500500E-4	3.600000E-6	0.000000E+0	0.000000E+0	1.964247E-4	2.976042E-9	0.000000E+0	0.000000E+0	1.004022E+1	0.000000E+0	3.000000E+0
24-Apr-25	15:55:11	-0.000000E+0	6.373300E-1	-9.000000E-5	8.365000E-6	-7.250000E-7	3.498500E-4	3.900000E-6	0.000000E+0	0.000000E+0	1.964247E-4	2.976042E-9	0.000000E+0	0.000000E+0	1.004022E+1	0.000000E+0	3.000000E+0
24-Apr-25	15:55:11	-0.000000E+0	6.289500E-1	-9.000000E-5	8.405000E-6	-6.900000E-7	3.492500E-4	3.750000E-6	0.000000E+0	0.000000E+0	1.964247E-4	2.976042E-9	0.000000E+0	0.000000E+0	1.004022E+1	0.000000E+0	3.000000E+0
24-Apr-25	15:55:12	-0.000000E+0	6.210150E-1	-9.000000E-5	8.430000E-6	-6.700000E-7	3.498000E-4	4.100000E-6	0.000000E+0	0.000000E+0	1.964247E-4	2.976042E-9	0.000000E+0	0.000000E+0	1.004022E+1	0.000000E+0	3.000000E+0
24-Apr-25	15:55:12	-0.000000E+0	6.118350E-1	-9.000000E-5	8.455000E-6	-7.150000E-7	3.496500E-4	3.700000E-6	0.000000E+0	0.000000E+0	1.964247E-4	2.976042E-9	0.000000E+0	0.000000E+0	1.004022E+1	0.000000E+0	3.000000E+0
24-Apr-25	15:55:13	-0.000000E+0	6.028700E-1	-9.000000E-5	8.490000E-6	-7.150000E-7	3.498500E-4	3.800000E-6	0.000000E+0	0.000000E+0	1.964247E-4	2.976042E-9	0.000000E+0	0.000000E+0	1.004022E+1	0.000000E+0	3.000000E+0
24-Apr-25	15:55:13	-0.000000E+0	5.938700E-1	-9.000000E-5	8.505000E-6	-7.050000E-7	3.497500E-4	4.100000E-6	0.000000E+0	0.000000E+0	1.964247E-4	2.976042E-9	0.000000E+0	0.000000E+0	1.004022E+1	0.000000E+0	3.000000E+0
24-Apr-25	15:55:14	-0.000000E+0	5.803900E-1	-9.000000E-5	8.495000E-6	-7.000000E-7	3.499000E-4	4.250000E-6	0.000000E+0	0.000000E+0	1.964247E-4	2.976042E-9	0.000000E+0	0.000000E+0	1.004022E+1	0.000000E+0	3.000000E+0
24-Apr-25	15:55:14	-0.000000E+0	5.713800E-1	-9.000000E-5	8.500000E-6	-6.950000E-7	3.498500E-4	4.050000E-6	0.000000E+0	0.000000E+0	1.964247E-4	2.976042E-9	0.000000E+0	0.000000E+0	1.004022E+1	0.000000E+0	3.000000E+0
24-Apr-25	15:55:15	-0.000000E+0	5.632500E-1	-9.000000E-5	8.540000E-6	-6.700000E-7	3.495500E-4	4.150000E-6	0.000000E+0	0.000000E+0	1.964247E-4	2.976042E-9	0.000000E+0	0.000000E+0	1.004022E+1	0.000000E+0	3.000000E+0
24-Apr-25	15:55:15	-0.000000E+0	5.543100E-1	-9.000000E-5	8.550000E-6	-6.700000E-7	3.501000E-4	3.650000E-6	0.000000E+0	0.000000E+0	1.964247E-4	2.976042E-9	0.000000E+0	0.000000E+0	1.004022E+1	0.000000E+0	3.000000E+0
24-Apr-25	15:55:16	-0.000000E+0	5.453200E-1	-9.000000E-5	8.530000E-6	-6.650000E-7	3.492500E-4	3.850000E-6	0.000000E+0	0.000000E+0	1.964247E-4	2.976042E-9	0.000000E+0	0.000000E+0	1.004022E+1	0.000000E+0	3.000000E+0
24-Apr-25	15:55:16	-0.000000E+0	5.363600E-1	-9.000000E-5	8.565000E-6	-7.250000E-7	3.496000E-4	4.200000E-6	0.000000E+0	0.000000E+0	1.964247E-4	2.976042E-9	0.000000E+0	0.000000E+0	1.004022E+1	0.000000E+0	3.000000E+0
24-Apr-25	15:55:17	-0.000000E+0	5.273550E-1	-9.000000E-5	8.600000E-6	-7.200000E-7	3.493500E-4	3.950000E-6	0.000000E+0	0.000000E+0	1.964247E-4	2.976042E-9	0.000000E+0	0.000000E+0	1.004022E+1	0.000000E+0	3.000000E+0
24-Apr-25	15:55:17	-0.000000E+0	5.183500E-1	-9.000000E-5	8.610000E-6	-7.250000E-7	3.499500E-4	3.600000E-6	0.000000E+0	0.000000E+0	1.964247E-4	2.976042E-9	0.000000E+0	0.000000E+0	1.004022E+1	0.000000E+0	3.000000E+0
24-Apr-25	15:55:18	-0.000000E+0	5.093650E-1	-9.000000E-5	8.665000E-6	-7.400000E-7	3.503000E-4	4.000000E-6	0.000000E+0	0.000000E+0	1.964247E-4	2.976042E-9	0.000000E+0	0.000000E+0	1.004022E+1	0.000000E+0	3.000000E+0
24-Apr-25	15:55:18	-0.000000E+0	5.013000E-1	-9.000000E-5	8.650000E-6	-7.000000E-7	3.495500E-4	4.050000E-6	0.000000E+0	0.000000E+0	1.964247E-4	2.976042E-9	0.000000E+0	0.000000E+0	1.004022E+1	0.000000E+0	3.000000E+0
24-Apr-25	15:55:19	-0.000000E+0	4.932000E-1	-9.000000E-5	8.660000E-6	-7.100000E-7	3.495500E-4	4.550000E-6	0.000000E+0	0.000000E+0	1.964247E-4	2.976042E-9	0.000000E+0	0.000000E+0	1.004022E+1	0.000000E+0	3.000000E+0
24-Apr-25	15:55:19	-0.000000E+0	4.842250E-1	-9.000000E-5	8.705000E-6	-7.500000E-7	3.497000E-4	4.500000E-6	0.000000E+0	0.000000E+0	1.964247E-4	2.976042E-9	0.000000E+0	0.000000E+0	1.004022E+1	0.000000E+0	3.000000E+0
24-Apr-25	15:55:20	-0.000000E+0	4.751850E-1	-9.000000E-5	8.670000E-6	-7.000000E-7	3.494500E-4	3.800000E-6	0.000000E+0	0.000000E+0	1.964247E-4	2.976042E-9	0.000000E+0	0.000000E+0	1.004022E+1	0.000000E+0	3.000000E+0
24-Apr-25	15:55:20	-0.000000E+0	4.650200E-1	-9.000000E-5	8.735000E-6	-6.650000E-7	3.493500E-4	4.500000E-6	0.000000E+0	0.000000E+0	1.964247E-4	2.976042E-9	0.000000E+0	0.000000E+0	1.004022E+1	0.000000E+0	3.000000E+0
24-Apr-25	15:55:21	-0.000000E+0	4.569200E-1	-9.000000E-5	8.735000E-6	-7.150000E-7	3.497000E-4	4.350000E-6	0.000000E+0	0.000000E+0	1.964247E-4	2.976042E-9	0.000000E+0	0.000000E+0	1.004022E+1	0.000000E+0	3.000000E+0
24-Apr-25	15:55:21	-0.000000E+0	4.479450E-1	-9.000000E-5	8.750000E-6	-7.250000E-7	3.493000E-4	4.150000E-6	0.000000E+0	0.000000E+0	1.964247E-4	2.976042E-9	0.000000E+0	0.000000E+0	1.004022E+1	0.000000E+0	3.000000E+0
24-Apr-25	15:55:22	-0.000000E+0	4.352300E-1	-9.000000E-5	8.730000E-6	-7.350000E-7	3.503000E-4	4.950000E-6	0.000000E+0	0.000000E+0	1.964247E-4	2.976042E-9	0.000000E+0	0.000000E+0	1.004022E+1	0.000000E+0	3.000000E+0
24-Apr-25	15:55:22	-0.000000E+0	4.251500E-1	-9.000000E-5	8.725000E-6	-6.950000E-7	3.491500E-4	4.500000E-6	0.000000E+0	0.000000E+0	1.964247E-4	2.976042E-9	0.000000E+0	0.000000E+0	1.004022E+1	0.000000E+0	3.000000E+0
24-Apr-25	15:55:23	-0.000000E+0	4.161650E-1	-9.000000E-5	8.740000E-6	-6.750000E-7	3.490000E-4	4.050000E-6	0.000000E+0	0.000000E+0	1.964247E-4	2.976042E-9	0.000000E+0	0.000000E+0	1.004022E+1	0.000000E+0	3.000000E+0
24-Apr-25	15:55:23	-0.000000E+0	4.062950E-1	-9.000000E-5	8.820000E-6	-7.100000E-7	3.495500E-4	4.100000E-6	0.000000E+0	0.000000E+0	1.964247E-4	2.976042E-9	0.000000E+0	0.000000E+0	1.004022E+1	0.000000E+0	3.000000E+0
24-Apr-25	15:55:24	-0.000000E+0	3.981850E-1	-9.000000E-5	8.860000E-6	-7.050000E-7	3.488500E-4	3.750000E-6	0.000000E+0	0.000000E+0	1.964247E-4	2.976042E-9	0.000000E+0	0.000000E+0	1.004022E+1	0.000000E+0	3.000000E+0
24-Apr-25	15:55:24	-0.000000E+0	3.892150E-1	-9.000000E-5	8.795000E-6	-7.350000E-7	3.495500E-4	4.100000E-6	0.000000E+0	0.000000E+0	1.964247E-4	2.976042E-9	0.000000E+0	0.000000E+0	1.004022E+1	0.000000E+0	3.000000E+0
24-Apr-25	15:55:25	-0.000000E+0	3.801550E-1	-9.000000E-5	8.820000E-6	-7.050000E-7	3.496500E-4	3.750000E-6	0.000000E+0	0.000000E+0	1.964247E-4	2.976042E-9	0.000000E+0	0.000000E+0	1.004022E+1	0.000000E+0	3.000000E+0
24-Apr-25	15:55:25	-0.000000E+0	3.711600E-1	-9.000000E-5	8.840000E-6	-6.900000E-7	3.495500E-4	4.100000E-6	0.000000E+0	0.000000E+0	1.964247E-4	2.976042E-9	0.000000E+0	0.000000E+0	1.004022E+1	0.000000E+0	3.000000E+0
24-Apr-25	15:55:26	-0.000000E+0	3.621850E-1	-9.000000E-5	8.835000E-6	-6.750000E-7	3.492500E-4	3.950000E-6	0.000000E+0	0.000000E+0	1.964247E-4	2.976042E-9	0.000000E+0	0.000000E+0	1.004022E+1	0.000000E+0	3.000000E+0
24-Apr-25	15:55:26	-0.000000E+0	3.523300E-1	-9.000000E-5	8.880000E-6	-7.350000E-7	3.492500E-4	3.900000E-6	0.000000E+0	0.000000E+0	1.964247E-4	2.976042E-9	0.000000E+0	0.000000E+0	1.004022E+1	0.000000E+0	3.000000E+0
24-Apr-25	15:55:27	-0.000000E+0	3.433550E-1	-9.000000E-5	8.900000E-6	-7.200000E-7	3.497500E-4	4.250000E-6	0.000000E+0	0.000000E+0	1.964247E-4	2.976042E-9	0.000000E+0	0.000000E+0	1.004022E+1	0.000000E+0	3.000000E+0
24-Apr-25	15:55:28	-0.000000E+0	3.343600E-1	-9.000000E-5	8.825000E-6	-7.200000E-7	3.498500E-4	3.950000E-6	0.000000E+0	0.000000E+0	1.964247E-4	2.976042E-9	0.000000E+0	0.000000E+0	1.004022E+1	0.000000E+0	3.000000E+0
24-Apr-25	15:55:28	-0.000000E+0	3.217650E-1	-9.000000E-5	8.885000E-6	-7.650000E-7	3.495000E-4	4.350000E-6	0.000000E+0	0.000000E+0	1.964247E-4	2.976042E-9	0.000000E+0	0.000000E+0	1.004022E+1	0.000000E+0	3.000000E+0
24-Apr-25	15:55:29	-0.000000E+0	3.124800E-1	-9.000000E-5	8.895000E-6	-7.050000E-7	3.494000E-4	3.950000E-6	0.000000E+0	0.000000E+0	1.964247E-4	2.976042E-9	0.000000E+0	0.000000E+0	1.004022E+1	0.000000E+0	3.000000E+0
24-Apr-25	15:55:29	-0.000000E+0	3.026000E-1	-9.000000E-5	8.980000E-6	-6.900000E-7	3.494000E-4	4.100000E-6	0.000000E+0	0.000000E+0	1.964247E-4	2.976042E-9	0.000000E+0	0.000000E+0	1.004022E+1	0.000000E+0	3.000000E+0
24-Apr-25	15:55:30	-0.000000E+0	2.936200E-1	-9.000000E-5	9.020000E-6	-7.150000E-7	3.497000E-4	4.100000E-6	0.000000E+0	0.000000E+0	1.964247E-4	2.976042E-9	0.000000E+0	0.000000E+0	1.004022E+1	0.000000E+0	3.000000E+0
24-Apr-25	15:55:30	-0.000000E+0	2.845950E-1	-9.000000E-5	9.030000E-6	-6.850000E-7	3.496000E-4	4.250000E-6	0.000000E+0	0.000000E+0	1.964247E-4	2.976042E-9	0.000000E+0	0.000000E+0	1.004022E+1	0.000000E+0	3.000000E+0
24-Apr-25	15:55:31	-0.000000E+0	2.765200E-1	-9.000000E-5	9.030000E-6	-7.600000E-7	3.493500E-4	4.650000E-6	0.000000E+0	0.000000E+0	1.964247E-4	2.976042E-9	0.000000E+0	0.000000E+0	1.004022E+1	0.000000E+0	3.000000E+0
24-Apr-25	15:55:31	-0.000000E+0	2.675300E-1	-9.000000E-5	9.065000E-6	-8.100000E-7	3.490500E-4	4.050000E-6	0.000000E+0	0.000000E+0	1.964247E-4	2.976042E-9	0.000000E+0	0.000000E+0	1.004022E+1	0.000000E+0	3.000000E+0
24-Apr-25	15:55:32	-0.000000E+0	2.593100E-1	-9.000000E-5	9.015000E-6	-7.200000E-7	3.495000E-4	4.300000E-6	0.000000E+0	0.000000E+0	1.964247E-4	2.976042E-9	0.000000E+0	0.000000E+0	1.004022E+1	0.000000E+0	3.000000E+0
24-Apr-25	15:55:32	-0.000000E+0	2.504800E-1	-9.000000E-5	9.025000E-6	-7.200000E-7	3.491000E-4	4.550000E-6	0.000000E+0	0.000000E+0	1.964247E-4	2.976042E-9	0.000000E+0	0.000000E+0	1.004022E+1	0.000000E+0	3.000000E+0
24-Apr-25	15:55:33	-0.000000E+0	2.405800E-1	-9.000000E-5	9.075000E-6	-7.600000E-7	3.494000E-4	4.800000E-6	0.000000E+0	0.000000E+0	1.964247E-4	2.976042E-9	0.000000E+0	0.000000E+0	1.004022E+1	0.000000E+0	3.000000E+0
24-Apr-25	15:55:33	-0.000000E+0	2.285800E-1	-9.000000E-5	9.090000E-6	-7.300000E-7	3.492000E-4	3.900000E-6	0.000000E+0	0.000000E+0	1.964247E-4	2.976042E-9	0.000000E+0	0.000000E+0	1.004022E+1	0.000000E+0	3.000000E+0
24-Apr-25	15:55:34	-0.000000E+0	2.187050E-1	-9.000000E-5	9.105000E-6	-7.300000E-7	3.494000E-4	4.100000E-6	0.000000E+0	0.000000E+0	1.964247E-4	2.976042E-9	0.000000E+0	0.000000E+0	1.004022E+1	0.000000E+0	3.000000E+0
24-Apr-25	15:55:35	-0.000000E+0	2.096950E-1	-9.000000E-5	9.130000E-6	-7.200000E-7	3.494500E-4	3.850000E-6	0.000000E+0	0.000000E+0	1.964247E-4	2.976042E-9	0.000000E+0	0.000000E+0	1.004022E+1	0.000000E+0	3.000000E+0
24-Apr-25	15:55:35	-0.000000E+0	1.970900E-1	-9.000000E-5	9.135000E-6	-7.600000E-7	3.490500E-4	3.800000E-6	0.000000E+0	0.000000E+0	1.964247E-4	2.976042E-9	0.000000E+0	0.000000E+0	1.004022E+1	0.000000E+0	3.000000E+0
24-Apr-25	15:55:36	-0.000000E+0	1.841850E-1	-9.000000E-5	9.185000E-6	-7.350000E-7	3.490000E-4	4.000000E-6	0.000000E+0	0.000000E+0	1.964247E-4	2.976042E-9	0.000000E+0	0.000000E+0	1.004022E+1	0.000000E+0	3.000000E+0
24-Apr-25	15:55:36	-0.000000E+0	1.752250E-1	-9.000000E-5	9.195000E-6	-7.300000E-7	3.491500E-4	4.000000E-6	0.000000E+0	0.000000E+0	1.964247E-4	2.976042E-9	0.000000E+0	0.000000E+0	1.004022E+1	0.000000E+0	3.000000E+0
24-Apr-25	15:55:37	-0.000000E+0	1.626600E-1	-9.000000E-5	9.210000E-6	-7.200000E-7	3.492500E-4	4.500000E-6	0.000000E+0	0.000000E+0	1.964247E-4	2.976042E-9	0.000000E+0	0.000000E+0	1.004022E+1	0.000000E+0	3.000000E+0
24-Apr-25	15:55:38	-0.000000E+0	1.536850E-1	-9.000000E-5	9.265000E-6	-7.700000E-7	3.493500E-4	3.800000E-6	0.000000E+0	0.000000E+0	1.964247E-4	2.976042E-9	0.000000E+0	0.000000E+0	1.004022E+1	0.000000E+0	3.000000E+0
24-Apr-25	15:55:38	-0.000000E+0	1.443650E-1	-9.000000E-5	9.255000E-6	-7.750000E-7	3.490500E-4	3.650000E-6	0.000000E+0	0.000000E+0	1.964247E-4	2.976042E-9	0.000000E+0	0.000000E+0	1.004022E+1	0.000000E+0	3.000000E+0
24-Apr-25	15:55:39	-0.000000E+0	1.355400E-1	-9.000000E-5	9.300000E-6	-7.250000E-7	3.489500E-4	3.950000E-6	0.000000E+0	0.000000E+0	1.964247E-4	2.976042E-9	0.000000E+0	0.000000E+0	1.004022E+1	0.000000E+0	3.000000E+0
24-Apr-25	15:55:39	-0.000000E+0	1.266850E-1	-9.000000E-5	9.325000E-6	-7.250000E-7	3.492000E-4	4.350000E-6	0.000000E+0	0.000000E+0	1.964247E-4	2.976042E-9	0.000000E+0	0.000000E+0	1.004022E+1	0.000000E+0	3.000000E+0
24-Apr-25	15:55:40	-0.000000E+0	1.174100E-1	-9.000000E-5	9.300000E-6	-7.000000E-7	3.490000E-4	3.650000E-6	0.000000E+0	0.000000E+0	1.964247E-4	2.976042E-9	0.000000E+0	0.000000E+0	1.004022E+1	0.000000E+0	3.000000E+0
24-Apr-25	15:55:40	-0.000000E+0	1.093250E-1	-9.000000E-5	9.315000E-6	-7.400000E-7	3.491000E-4	4.250000E-6	0.000000E+0	0.000000E+0	1.964247E-4	2.976042E-9	0.000000E+0	0.000000E+0	1.004022E+1	0.000000E+0	3.000000E+0
24-Apr-25	15:55:40	-0.000000E+0	1.012250E-1	-9.000000E-5	9.320000E-6	-7.500000E-7	3.488500E-4	4.100000E-6	0.000000E+0	0.000000E+0	1.964247E-4	2.976042E-9	0.000000E+0	0.000000E+0	1.004022E+1	0.000000E+0	3.000000E+0
24-Apr-25	15:55:41	-0.000000E+0	9.219000E-2	-9.000000E-5	9.360000E-6	-7.750000E-7	3.489000E-4	4.100000E-6	0.000000E+0	0.000000E+0	1.964247E-4	2.976042E-9	0.000000E+0	0.000000E+0	1.004022E+1	0.000000E+0	3.000000E+0
24-Apr-25	15:55:41	-0.000000E+0	8.322000E-2	-9.000000E-5	9.370000E-6	-8.000000E-7	3.489500E-4	4.300000E-6	0.000000E+0	0.000000E+0	1.964247E-4	2.976042E-9	0.000000E+0	0.000000E+0	1.004022E+1	0.000000E+0	3.000000E+0
24-Apr-25	15:55:42	-0.000000E+0	7.425000E-2	-9.000000E-5	9.330000E-6	-7.850000E-7	3.484000E-4	3.600000E-6	0.000000E+0	0.000000E+0	1.964247E-4	2.976042E-9	0.000000E+0	0.000000E+0	1.004022E+1	0.000000E+0	3.000000E+0
24-Apr-25	15:55:42	-0.000000E+0	6.615000E-2	-9.000000E-5	9.355000E-6	-7.450000E-7	3.487500E-4	4.500000E-6	0.000000E+0	0.000000E+0	1.964247E-4	2.976042E-9	0.000000E+0	0.000000E+0	1.004022E+1	0.000000E+0	3.000000E+0
24-Apr-25	15:55:43	-0.000000E+0	5.717500E-2	-9.000000E-5	9.375000E-6	-7.850000E-7	3.489500E-4	4.500000E-6	0.000000E+0	0.000000E+0	1.964247E-4	2.976042E-9	0.000000E+0	0.000000E+0	1.004022E+1	0.000000E+0	3.000000E+0
24-Apr-25	15:55:43	-0.000000E+0	4.845500E-2	-9.000000E-5	9.420000E-6	-7.700000E-7	3.487500E-4	3.750000E-6	0.000000E+0	0.000000E+0	1.964247E-4	2.976042E-9	0.000000E+0	0.000000E+0	1.004022E+1	0.000000E+0	3.000000E+0
24-Apr-25	15:55:44	-0.000000E+0	3.931000E-2	-9.000000E-5	9.445000E-6	-7.300000E-7	3.487000E-4	4.450000E-6	0.000000E+0	0.000000E+0	1.964247E-4	2.976042E-9	0.000000E+0	0.000000E+0	1.004022E+1	0.000000E+0	3.000000E+0
24-Apr-25	15:55:44	-0.000000E+0	3.018000E-2	-9.000000E-5	9.420000E-6	-7.400000E-7	3.488500E-4	4.200000E-6	0.000000E+0	0.000000E+0	1.964247E-4	2.976042E-9	0.000000E+0	0.000000E+0	1.004022E+1	0.000000E+0	3.000000E+0
24-Apr-25	15:55:45	-0.000000E+0	2.207500E-2	-9.000000E-5	9.465000E-6	-7.550000E-7	3.486000E-4	3.650000E-6	0.000000E+0	0.000000E+0	1.964247E-4	2.976042E-9	0.000000E+0	0.000000E+0	1.004022E+1	0.000000E+0	3.000000E+0
24-Apr-25	15:55:45	-0.000000E+0	1.219000E-2	-9.000000E-5	9.515000E-6	-7.400000E-7	3.489000E-4	3.850000E-6	0.000000E+0	0.000000E+0	1.964247E-4	2.976042E-9	0.000000E+0	0.000000E+0	1.004022E+1	0.000000E+0	3.000000E+0
24-Apr-25	15:55:46	-0.000000E+0	3.450000E-3	-9.000000E-5	9.515000E-6	-7.500000E-7	3.488500E-4	4.050000E-6	0.000000E+0	0.000000E+0	1.964247E-4	2.976042E-9	0.000000E+0	0.000000E+0	1.004022E+1	0.000000E+0	3.000000E+0
24-Apr-25	15:55:46	-0.000000E+0	1.500000E-5	-9.000000E-5	9.535000E-6	-7.700000E-7	3.491000E-4	4.100000E-6	0.000000E+0	0.000000E+0	1.964247E-4	2.976042E-9	0.000000E+0	0.000000E+0	1.004022E+1	0.000000E+0	3.000000E+0
24-Apr-25	15:55:47	-0.000000E+0	2.000000E-5	-9.000000E-5	9.530000E-6	-7.800000E-7	3.490000E-4	3.500000E-6	0.000000E+0	0.000000E+0	1.964247E-4	2.976042E-9	0.000000E+0	0.000000E+0	1.004022E+1	0.000000E+0	3.000000E+0
24-Apr-25	15:55:48	-0.000000E+0	2.500000E-5	-9.000000E-5	9.560000E-6	-8.050000E-7	3.483000E-4	3.950000E-6	0.000000E+0	0.000000E+0	1.964247E-4	2.976042E-9	0.000000E+0	0.000000E+0	1.004022E+1	0.000000E+0	3.000000E+0
24-Apr-25	15:55:48	-0.000000E+0	1.500000E-5	-9.000000E-5	9.595000E-6	-8.250000E-7	3.487000E-4	4.150000E-6	0.000000E+0	0.000000E+0	1.964247E-4	2.976042E-9	0.000000E+0	0.000000E+0	1.004022E+1	0.000000E+0	3.000000E+0
