! Date:	24-Apr-25
!Time:	20:07
! User Name:	Aditya
! Sample Name:	CBS_Pt
! Sample ID:	D51_SiO2 Substrate
! Current Source:	Keithley_6221_Delta
! LockIn Specifications:
!LockIn Input Voltage (V)=	
!LockIn Input Frequency (Hz)=	
!Time Constant for Zi LockIn  1st Harmonic (s)=	
!Time Constant for Zi LockIn 2nd Harmonic (s)=	
!Time Constant of SR7265=	
!Time Constant of SR7225=	
! Measuring Insturment 1:	
! Measuring Insturment 1:	
! U1, th1 (volts):	
! U2, th2 (volts):	
! U3, th3 (volts):	
! U4 , th4(volts):	
! U5, th5 (volts):	
! Comments:	


! 
! 
date	time	Hx (T)	Hy (T)	Hz (T)	U1	th1	U2 (V)	th2	Av_HP34420A_10points (V)	Std_HP34420A_10points	Std_DeltaVolatge	Std_DeltaVolatge	U5(V)	th5	Tcryo (K)	Tsample (K)	Heater Power (%)	
24-Apr-25	20:07:53	1.000000E-5	1.100000E-3	-8.000000E-5	-1.480000E-5	2.185000E-5	2.710000E-3	2.000000E-5	0.000000E+0	0.000000E+0	1.964247E-4	2.976042E-9	0.000000E+0	0.000000E+0	1.999959E+1	0.000000E+0	4.000000E+0
24-Apr-25	20:07:54	1.000000E-5	7.705000E-3	-8.000000E-5	-1.475000E-5	2.185000E-5	2.710000E-3	2.000000E-5	0.000000E+0	0.000000E+0	1.964247E-4	2.976042E-9	0.000000E+0	0.000000E+0	1.999959E+1	0.000000E+0	4.000000E+0
24-Apr-25	20:07:54	1.000000E-5	1.584500E-2	-8.000000E-5	-1.480000E-5	2.185000E-5	2.710000E-3	2.000000E-5	0.000000E+0	0.000000E+0	1.964247E-4	2.976042E-9	0.000000E+0	0.000000E+0	1.999959E+1	0.000000E+0	4.000000E+0
24-Apr-25	20:07:55	1.000000E-5	2.479500E-2	-8.000000E-5	-1.480000E-5	2.180000E-5	2.710000E-3	2.000000E-5	0.000000E+0	0.000000E+0	1.964247E-4	2.976042E-9	0.000000E+0	0.000000E+0	1.999959E+1	0.000000E+0	4.000000E+0
24-Apr-25	20:07:55	1.000000E-5	3.486500E-2	-8.000000E-5	-1.480000E-5	2.185000E-5	2.710000E-3	2.000000E-5	0.000000E+0	0.000000E+0	1.964247E-4	2.976042E-9	0.000000E+0	0.000000E+0	1.999959E+1	0.000000E+0	4.000000E+0
24-Apr-25	20:07:56	1.000000E-5	4.367000E-2	-8.000000E-5	-1.475000E-5	2.180000E-5	2.710000E-3	2.000000E-5	0.000000E+0	0.000000E+0	1.964247E-4	2.976042E-9	0.000000E+0	0.000000E+0	1.999959E+1	0.000000E+0	4.000000E+0
24-Apr-25	20:07:56	1.000000E-5	5.270500E-2	-8.000000E-5	-1.485000E-5	2.180000E-5	2.710000E-3	2.000000E-5	0.000000E+0	0.000000E+0	1.964247E-4	2.976042E-9	0.000000E+0	0.000000E+0	1.999959E+1	0.000000E+0	4.000000E+0
24-Apr-25	20:07:57	1.000000E-5	6.078000E-2	-8.000000E-5	-1.480000E-5	2.185000E-5	2.710000E-3	2.000000E-5	0.000000E+0	0.000000E+0	1.964247E-4	2.976042E-9	0.000000E+0	0.000000E+0	1.999959E+1	0.000000E+0	4.000000E+0
24-Apr-25	20:07:57	1.000000E-5	6.977500E-2	-8.000000E-5	-1.480000E-5	2.190000E-5	2.710000E-3	2.000000E-5	0.000000E+0	0.000000E+0	1.964247E-4	2.976042E-9	0.000000E+0	0.000000E+0	1.999959E+1	0.000000E+0	4.000000E+0
24-Apr-25	20:07:58	1.000000E-5	7.872500E-2	-8.000000E-5	-1.475000E-5	2.180000E-5	2.710000E-3	2.000000E-5	0.000000E+0	0.000000E+0	1.964247E-4	2.976042E-9	0.000000E+0	0.000000E+0	1.999959E+1	0.000000E+0	4.000000E+0
24-Apr-25	20:07:58	1.000000E-5	8.774500E-2	-8.000000E-5	-1.480000E-5	2.185000E-5	2.710000E-3	2.000000E-5	0.000000E+0	0.000000E+0	1.964247E-4	2.976042E-9	0.000000E+0	0.000000E+0	1.999959E+1	0.000000E+0	4.000000E+0
24-Apr-25	20:07:58	1.000000E-5	9.579500E-2	-8.000000E-5	-1.480000E-5	2.180000E-5	2.710000E-3	2.000000E-5	0.000000E+0	0.000000E+0	1.964247E-4	2.976042E-9	0.000000E+0	0.000000E+0	1.999959E+1	0.000000E+0	4.000000E+0
24-Apr-25	20:07:59	1.000000E-5	1.050000E-1	-8.000000E-5	-1.475000E-5	2.180000E-5	2.710000E-3	2.000000E-5	0.000000E+0	0.000000E+0	1.964247E-4	2.976042E-9	0.000000E+0	0.000000E+0	1.999959E+1	0.000000E+0	4.000000E+0
24-Apr-25	20:08:00	1.000000E-5	1.159200E-1	-8.000000E-5	-1.475000E-5	2.180000E-5	2.710000E-3	2.000000E-5	0.000000E+0	0.000000E+0	1.964247E-4	2.976042E-9	0.000000E+0	0.000000E+0	1.999959E+1	0.000000E+0	4.000000E+0
24-Apr-25	20:08:00	1.000000E-5	1.240100E-1	-8.000000E-5	-1.475000E-5	2.180000E-5	2.710000E-3	2.000000E-5	0.000000E+0	0.000000E+0	1.964247E-4	2.976042E-9	0.000000E+0	0.000000E+0	1.999959E+1	0.000000E+0	4.000000E+0
24-Apr-25	20:08:01	1.000000E-5	1.329900E-1	-8.000000E-5	-1.475000E-5	2.180000E-5	2.710000E-3	2.000000E-5	0.000000E+0	0.000000E+0	1.964247E-4	2.976042E-9	0.000000E+0	0.000000E+0	1.999959E+1	0.000000E+0	4.000000E+0
24-Apr-25	20:08:01	1.000000E-5	1.446600E-1	-8.000000E-5	-1.475000E-5	2.180000E-5	2.710000E-3	2.000000E-5	0.000000E+0	0.000000E+0	1.964247E-4	2.976042E-9	0.000000E+0	0.000000E+0	1.999959E+1	0.000000E+0	4.000000E+0
24-Apr-25	20:08:02	1.000000E-5	1.545750E-1	-8.000000E-5	-1.480000E-5	2.185000E-5	2.710000E-3	2.000000E-5	0.000000E+0	0.000000E+0	1.964247E-4	2.976042E-9	0.000000E+0	0.000000E+0	1.999959E+1	0.000000E+0	4.000000E+0
24-Apr-25	20:08:02	1.000000E-5	1.635300E-1	-8.000000E-5	-1.480000E-5	2.185000E-5	2.710000E-3	2.000000E-5	0.000000E+0	0.000000E+0	1.964247E-4	2.976042E-9	0.000000E+0	0.000000E+0	1.999959E+1	0.000000E+0	4.000000E+0
24-Apr-25	20:08:03	1.000000E-5	1.743150E-1	-8.000000E-5	-1.475000E-5	2.185000E-5	2.710000E-3	2.000000E-5	0.000000E+0	0.000000E+0	1.964247E-4	2.976042E-9	0.000000E+0	0.000000E+0	1.999959E+1	0.000000E+0	4.000000E+0
24-Apr-25	20:08:03	1.000000E-5	1.844500E-1	-8.000000E-5	-1.480000E-5	2.185000E-5	2.710000E-3	2.000000E-5	0.000000E+0	0.000000E+0	1.964247E-4	2.976042E-9	0.000000E+0	0.000000E+0	1.999959E+1	0.000000E+0	4.000000E+0
24-Apr-25	20:08:04	1.000000E-5	1.925650E-1	-8.000000E-5	-1.475000E-5	2.185000E-5	2.710000E-3	2.000000E-5	0.000000E+0	0.000000E+0	1.964247E-4	2.976042E-9	0.000000E+0	0.000000E+0	1.999959E+1	0.000000E+0	4.000000E+0
24-Apr-25	20:08:05	1.000000E-5	2.042900E-1	-8.000000E-5	-1.475000E-5	2.180000E-5	2.710000E-3	2.000000E-5	0.000000E+0	0.000000E+0	1.964247E-4	2.976042E-9	0.000000E+0	0.000000E+0	1.999959E+1	0.000000E+0	4.000000E+0
24-Apr-25	20:08:05	1.000000E-5	2.132700E-1	-8.000000E-5	-1.480000E-5	2.180000E-5	2.710000E-3	2.000000E-5	0.000000E+0	0.000000E+0	1.964247E-4	2.976042E-9	0.000000E+0	0.000000E+0	1.999959E+1	0.000000E+0	4.000000E+0
24-Apr-25	20:08:05	1.000000E-5	2.213600E-1	-8.000000E-5	-1.475000E-5	2.185000E-5	2.710000E-3	2.000000E-5	0.000000E+0	0.000000E+0	1.964247E-4	2.976042E-9	0.000000E+0	0.000000E+0	1.999959E+1	0.000000E+0	4.000000E+0
24-Apr-25	20:08:06	1.000000E-5	2.330150E-1	-8.000000E-5	-1.475000E-5	2.180000E-5	2.710000E-3	2.000000E-5	0.000000E+0	0.000000E+0	1.964247E-4	2.976042E-9	0.000000E+0	0.000000E+0	1.999959E+1	0.000000E+0	4.000000E+0
24-Apr-25	20:08:07	1.000000E-5	2.432100E-1	-8.000000E-5	-1.475000E-5	2.180000E-5	2.710000E-3	2.000000E-5	0.000000E+0	0.000000E+0	1.964247E-4	2.976042E-9	0.000000E+0	0.000000E+0	1.999959E+1	0.000000E+0	4.000000E+0
24-Apr-25	20:08:07	1.000000E-5	2.522550E-1	-8.000000E-5	-1.480000E-5	2.180000E-5	2.710000E-3	2.000000E-5	0.000000E+0	0.000000E+0	1.964247E-4	2.976042E-9	0.000000E+0	0.000000E+0	1.999959E+1	0.000000E+0	4.000000E+0
24-Apr-25	20:08:08	1.000000E-5	2.611700E-1	-8.000000E-5	-1.480000E-5	2.185000E-5	2.710000E-3	2.000000E-5	0.000000E+0	0.000000E+0	1.964247E-4	2.976042E-9	0.000000E+0	0.000000E+0	1.999959E+1	0.000000E+0	4.000000E+0
24-Apr-25	20:08:08	1.000000E-5	2.701950E-1	-8.000000E-5	-1.475000E-5	2.180000E-5	2.710000E-3	2.000000E-5	0.000000E+0	0.000000E+0	1.964247E-4	2.976042E-9	0.000000E+0	0.000000E+0	1.999959E+1	0.000000E+0	4.000000E+0
24-Apr-25	20:08:09	1.000000E-5	2.791350E-1	-8.000000E-5	-1.480000E-5	2.185000E-5	2.710000E-3	2.000000E-5	0.000000E+0	0.000000E+0	1.964247E-4	2.976042E-9	0.000000E+0	0.000000E+0	1.999959E+1	0.000000E+0	4.000000E+0
24-Apr-25	20:08:09	1.000000E-5	2.890600E-1	-8.000000E-5	-1.475000E-5	2.185000E-5	2.710000E-3	2.000000E-5	0.000000E+0	0.000000E+0	1.964247E-4	2.976042E-9	0.000000E+0	0.000000E+0	1.999959E+1	0.000000E+0	4.000000E+0
24-Apr-25	20:08:10	1.000000E-5	2.971500E-1	-8.000000E-5	-1.470000E-5	2.185000E-5	2.710000E-3	2.000000E-5	0.000000E+0	0.000000E+0	1.964247E-4	2.976042E-9	0.000000E+0	0.000000E+0	1.999959E+1	0.000000E+0	4.000000E+0
24-Apr-25	20:08:10	1.000000E-5	3.061300E-1	-8.000000E-5	-1.475000E-5	2.185000E-5	2.710000E-3	2.000000E-5	0.000000E+0	0.000000E+0	1.964247E-4	2.976042E-9	0.000000E+0	0.000000E+0	1.999959E+1	0.000000E+0	4.000000E+0
24-Apr-25	20:08:11	1.000000E-5	3.187000E-1	-8.000000E-5	-1.475000E-5	2.185000E-5	2.710000E-3	2.000000E-5	0.000000E+0	0.000000E+0	1.964247E-4	2.976042E-9	0.000000E+0	0.000000E+0	1.999959E+1	0.000000E+0	4.000000E+0
24-Apr-25	20:08:12	1.000000E-5	3.303950E-1	-8.000000E-5	-1.470000E-5	2.185000E-5	2.710000E-3	2.000000E-5	0.000000E+0	0.000000E+0	1.964247E-4	2.976042E-9	0.000000E+0	0.000000E+0	1.999959E+1	0.000000E+0	4.000000E+0
24-Apr-25	20:08:12	1.000000E-5	3.393850E-1	-8.000000E-5	-1.475000E-5	2.185000E-5	2.710000E-3	2.000000E-5	0.000000E+0	0.000000E+0	1.964247E-4	2.976042E-9	0.000000E+0	0.000000E+0	1.999959E+1	0.000000E+0	4.000000E+0
24-Apr-25	20:08:13	1.000000E-5	3.483650E-1	-8.000000E-5	-1.475000E-5	2.185000E-5	2.710000E-3	2.000000E-5	0.000000E+0	0.000000E+0	1.964247E-4	2.976042E-9	0.000000E+0	0.000000E+0	1.999959E+1	0.000000E+0	4.000000E+0
24-Apr-25	20:08:13	1.000000E-5	3.564200E-1	-8.000000E-5	-1.475000E-5	2.180000E-5	2.710000E-3	2.000000E-5	0.000000E+0	0.000000E+0	1.964247E-4	2.976042E-9	0.000000E+0	0.000000E+0	1.999959E+1	0.000000E+0	4.000000E+0
24-Apr-25	20:08:14	1.000000E-5	3.654200E-1	-8.000000E-5	-1.475000E-5	2.185000E-5	2.710000E-3	2.000000E-5	0.000000E+0	0.000000E+0	1.964247E-4	2.976042E-9	0.000000E+0	0.000000E+0	1.999959E+1	0.000000E+0	4.000000E+0
24-Apr-25	20:08:14	1.000000E-5	3.782800E-1	-8.000000E-5	-1.475000E-5	2.180000E-5	2.710000E-3	2.000000E-5	0.000000E+0	0.000000E+0	1.964247E-4	2.976042E-9	0.000000E+0	0.000000E+0	1.999959E+1	0.000000E+0	4.000000E+0
24-Apr-25	20:08:15	1.000000E-5	3.882250E-1	-8.000000E-5	-1.470000E-5	2.185000E-5	2.710000E-3	2.000000E-5	0.000000E+0	0.000000E+0	1.964247E-4	2.976042E-9	0.000000E+0	0.000000E+0	1.999959E+1	0.000000E+0	4.000000E+0
24-Apr-25	20:08:15	1.000000E-5	3.963150E-1	-8.000000E-5	-1.470000E-5	2.185000E-5	2.710000E-3	2.000000E-5	0.000000E+0	0.000000E+0	1.964247E-4	2.976042E-9	0.000000E+0	0.000000E+0	1.999959E+1	0.000000E+0	4.000000E+0
24-Apr-25	20:08:16	1.000000E-5	4.052750E-1	-8.000000E-5	-1.475000E-5	2.185000E-5	2.710000E-3	2.000000E-5	0.000000E+0	0.000000E+0	1.964247E-4	2.976042E-9	0.000000E+0	0.000000E+0	1.999959E+1	0.000000E+0	4.000000E+0
24-Apr-25	20:08:16	1.000000E-5	4.142650E-1	-8.000000E-5	-1.470000E-5	2.180000E-5	2.710000E-3	2.000000E-5	0.000000E+0	0.000000E+0	1.964247E-4	2.976042E-9	0.000000E+0	0.000000E+0	1.999959E+1	0.000000E+0	4.000000E+0
24-Apr-25	20:08:17	1.000000E-5	4.223500E-1	-8.000000E-5	-1.470000E-5	2.180000E-5	2.710000E-3	2.000000E-5	0.000000E+0	0.000000E+0	1.964247E-4	2.976042E-9	0.000000E+0	0.000000E+0	1.999959E+1	0.000000E+0	4.000000E+0
24-Apr-25	20:08:17	1.000000E-5	4.313500E-1	-8.000000E-5	-1.470000E-5	2.185000E-5	2.710000E-3	2.000000E-5	0.000000E+0	0.000000E+0	1.964247E-4	2.976042E-9	0.000000E+0	0.000000E+0	1.999959E+1	0.000000E+0	4.000000E+0
24-Apr-25	20:08:18	1.000000E-5	4.403550E-1	-8.000000E-5	-1.465000E-5	2.180000E-5	2.710000E-3	2.000000E-5	0.000000E+0	0.000000E+0	1.964247E-4	2.976042E-9	0.000000E+0	0.000000E+0	1.999959E+1	0.000000E+0	4.000000E+0
24-Apr-25	20:08:18	1.000000E-5	4.484400E-1	-8.000000E-5	-1.470000E-5	2.180000E-5	2.710000E-3	2.000000E-5	0.000000E+0	0.000000E+0	1.964247E-4	2.976042E-9	0.000000E+0	0.000000E+0	1.999959E+1	0.000000E+0	4.000000E+0
24-Apr-25	20:08:19	1.000000E-5	4.573850E-1	-8.000000E-5	-1.470000E-5	2.180000E-5	2.710000E-3	2.000000E-5	0.000000E+0	0.000000E+0	1.964247E-4	2.976042E-9	0.000000E+0	0.000000E+0	1.999959E+1	0.000000E+0	4.000000E+0
24-Apr-25	20:08:19	1.000000E-5	4.664100E-1	-8.000000E-5	-1.465000E-5	2.185000E-5	2.710000E-3	2.000000E-5	0.000000E+0	0.000000E+0	1.964247E-4	2.976042E-9	0.000000E+0	0.000000E+0	1.999959E+1	0.000000E+0	4.000000E+0
24-Apr-25	20:08:20	1.000000E-5	4.772000E-1	-8.000000E-5	-1.465000E-5	2.175000E-5	2.710000E-3	2.000000E-5	0.000000E+0	0.000000E+0	1.964247E-4	2.976042E-9	0.000000E+0	0.000000E+0	1.999959E+1	0.000000E+0	4.000000E+0
24-Apr-25	20:08:20	1.000000E-5	4.881500E-1	-8.000000E-5	-1.465000E-5	2.185000E-5	2.710000E-3	2.000000E-5	0.000000E+0	0.000000E+0	1.964247E-4	2.976042E-9	0.000000E+0	0.000000E+0	1.999959E+1	0.000000E+0	4.000000E+0
24-Apr-25	20:08:21	1.000000E-5	4.969750E-1	-8.000000E-5	-1.465000E-5	2.185000E-5	2.710000E-3	2.000000E-5	0.000000E+0	0.000000E+0	1.964247E-4	2.976042E-9	0.000000E+0	0.000000E+0	1.999959E+1	0.000000E+0	4.000000E+0
24-Apr-25	20:08:21	1.000000E-5	5.059350E-1	-8.000000E-5	-1.465000E-5	2.185000E-5	2.710000E-3	2.000000E-5	0.000000E+0	0.000000E+0	1.964247E-4	2.976042E-9	0.000000E+0	0.000000E+0	1.999959E+1	0.000000E+0	4.000000E+0
24-Apr-25	20:08:22	1.000000E-5	5.197300E-1	-8.000000E-5	-1.465000E-5	2.185000E-5	2.710000E-3	2.000000E-5	0.000000E+0	0.000000E+0	1.964247E-4	2.976042E-9	0.000000E+0	0.000000E+0	1.999959E+1	0.000000E+0	4.000000E+0
24-Apr-25	20:08:23	1.000000E-5	5.287250E-1	-8.000000E-5	-1.460000E-5	2.185000E-5	2.710000E-3	2.000000E-5	0.000000E+0	0.000000E+0	1.964247E-4	2.976042E-9	0.000000E+0	0.000000E+0	1.999959E+1	0.000000E+0	4.000000E+0
24-Apr-25	20:08:23	1.000000E-5	5.385950E-1	-8.000000E-5	-1.465000E-5	2.180000E-5	2.710000E-3	2.000000E-5	0.000000E+0	0.000000E+0	1.964247E-4	2.976042E-9	0.000000E+0	0.000000E+0	1.999959E+1	0.000000E+0	4.000000E+0
24-Apr-25	20:08:24	1.000000E-5	5.514600E-1	-8.000000E-5	4.500000E-6	2.030000E-5	2.710000E-3	2.000000E-5	0.000000E+0	0.000000E+0	1.964247E-4	2.976042E-9	0.000000E+0	0.000000E+0	1.999959E+1	0.000000E+0	4.000000E+0
24-Apr-25	20:08:25	1.000000E-5	5.640100E-1	-8.000000E-5	2.020000E-5	1.895000E-5	2.710000E-3	2.000000E-5	0.000000E+0	0.000000E+0	1.964247E-4	2.976042E-9	0.000000E+0	0.000000E+0	1.999959E+1	0.000000E+0	4.000000E+0
24-Apr-25	20:08:25	1.000000E-5	5.766550E-1	-8.000000E-5	2.030000E-5	1.895000E-5	2.710000E-3	2.000000E-5	0.000000E+0	0.000000E+0	1.964247E-4	2.976042E-9	0.000000E+0	0.000000E+0	1.999959E+1	0.000000E+0	4.000000E+0
24-Apr-25	20:08:26	1.000000E-5	5.895050E-1	-8.000000E-5	2.040000E-5	1.890000E-5	2.710000E-3	2.000000E-5	0.000000E+0	0.000000E+0	1.964247E-4	2.976042E-9	0.000000E+0	0.000000E+0	1.999959E+1	0.000000E+0	4.000000E+0
24-Apr-25	20:08:26	1.000000E-5	5.984950E-1	-8.000000E-5	2.045000E-5	1.890000E-5	2.710000E-3	2.000000E-5	0.000000E+0	0.000000E+0	1.964247E-4	2.976042E-9	0.000000E+0	0.000000E+0	1.999959E+1	0.000000E+0	4.000000E+0
24-Apr-25	20:08:27	1.000000E-5	6.074700E-1	-8.000000E-5	2.065000E-5	1.890000E-5	2.710000E-3	2.000000E-5	0.000000E+0	0.000000E+0	1.964247E-4	2.976042E-9	0.000000E+0	0.000000E+0	1.999959E+1	0.000000E+0	4.000000E+0
24-Apr-25	20:08:28	1.000000E-5	6.173700E-1	-8.000000E-5	2.070000E-5	1.890000E-5	2.710000E-3	2.000000E-5	0.000000E+0	0.000000E+0	1.964247E-4	2.976042E-9	0.000000E+0	0.000000E+0	1.999959E+1	0.000000E+0	4.000000E+0
24-Apr-25	20:08:28	1.000000E-5	6.263950E-1	-8.000000E-5	2.075000E-5	1.895000E-5	2.710000E-3	2.000000E-5	0.000000E+0	0.000000E+0	1.964247E-4	2.976042E-9	0.000000E+0	0.000000E+0	1.999959E+1	0.000000E+0	4.000000E+0
24-Apr-25	20:08:29	1.000000E-5	6.362300E-1	-8.000000E-5	2.075000E-5	1.890000E-5	2.710000E-3	2.000000E-5	0.000000E+0	0.000000E+0	1.964247E-4	2.976042E-9	0.000000E+0	0.000000E+0	1.999959E+1	0.000000E+0	4.000000E+0
24-Apr-25	20:08:29	1.000000E-5	6.479350E-1	-8.000000E-5	2.080000E-5	1.885000E-5	2.710000E-3	2.000000E-5	0.000000E+0	0.000000E+0	1.964247E-4	2.976042E-9	0.000000E+0	0.000000E+0	1.999959E+1	0.000000E+0	4.000000E+0
24-Apr-25	20:08:30	1.000000E-5	6.568750E-1	-8.000000E-5	2.085000E-5	1.885000E-5	2.710000E-3	2.000000E-5	0.000000E+0	0.000000E+0	1.964247E-4	2.976042E-9	0.000000E+0	0.000000E+0	1.999959E+1	0.000000E+0	4.000000E+0
24-Apr-25	20:08:30	1.000000E-5	6.650000E-1	-8.000000E-5	2.085000E-5	1.885000E-5	2.710000E-3	2.000000E-5	0.000000E+0	0.000000E+0	1.964247E-4	2.976042E-9	0.000000E+0	0.000000E+0	1.999959E+1	0.000000E+0	4.000000E+0
24-Apr-25	20:08:31	1.000000E-5	6.739950E-1	-8.000000E-5	2.095000E-5	1.890000E-5	2.710000E-3	2.000000E-5	0.000000E+0	0.000000E+0	1.964247E-4	2.976042E-9	0.000000E+0	0.000000E+0	1.999959E+1	0.000000E+0	4.000000E+0
24-Apr-25	20:08:31	1.000000E-5	6.841650E-1	-8.000000E-5	2.105000E-5	1.890000E-5	2.710000E-3	2.000000E-5	0.000000E+0	0.000000E+0	1.964247E-4	2.976042E-9	0.000000E+0	0.000000E+0	1.999959E+1	0.000000E+0	4.000000E+0
24-Apr-25	20:08:32	1.000000E-5	6.931400E-1	-8.000000E-5	2.105000E-5	1.885000E-5	2.710000E-3	2.000000E-5	0.000000E+0	0.000000E+0	1.964247E-4	2.976042E-9	0.000000E+0	0.000000E+0	1.999959E+1	0.000000E+0	4.000000E+0
24-Apr-25	20:08:32	1.000000E-5	7.021200E-1	-8.000000E-5	2.110000E-5	1.885000E-5	2.710000E-3	2.000000E-5	0.000000E+0	0.000000E+0	1.964247E-4	2.976042E-9	0.000000E+0	0.000000E+0	1.999959E+1	0.000000E+0	4.000000E+0
24-Apr-25	20:08:33	1.000000E-5	7.110950E-1	-8.000000E-5	2.130000E-5	1.885000E-5	2.710000E-3	2.000000E-5	0.000000E+0	0.000000E+0	1.964247E-4	2.976042E-9	0.000000E+0	0.000000E+0	1.999959E+1	0.000000E+0	4.000000E+0
24-Apr-25	20:08:33	1.000000E-5	7.199500E-1	-8.000000E-5	2.150000E-5	1.880000E-5	2.710000E-3	2.000000E-5	0.000000E+0	0.000000E+0	1.964247E-4	2.976042E-9	0.000000E+0	0.000000E+0	1.999959E+1	0.000000E+0	4.000000E+0
24-Apr-25	20:08:34	1.000000E-5	7.289150E-1	-8.000000E-5	2.175000E-5	1.885000E-5	2.710000E-3	2.000000E-5	0.000000E+0	0.000000E+0	1.964247E-4	2.976042E-9	0.000000E+0	0.000000E+0	1.999959E+1	0.000000E+0	4.000000E+0
24-Apr-25	20:08:34	1.000000E-5	7.380300E-1	-8.000000E-5	2.185000E-5	1.880000E-5	2.710000E-3	2.000000E-5	0.000000E+0	0.000000E+0	1.964247E-4	2.976042E-9	0.000000E+0	0.000000E+0	1.999959E+1	0.000000E+0	4.000000E+0
24-Apr-25	20:08:35	1.000000E-5	7.470200E-1	-8.000000E-5	2.185000E-5	1.875000E-5	2.710000E-3	2.000000E-5	0.000000E+0	0.000000E+0	1.964247E-4	2.976042E-9	0.000000E+0	0.000000E+0	1.999959E+1	0.000000E+0	4.000000E+0
24-Apr-25	20:08:35	1.000000E-5	7.560050E-1	-8.000000E-5	2.195000E-5	1.880000E-5	2.710000E-3	2.000000E-5	0.000000E+0	0.000000E+0	1.964247E-4	2.976042E-9	0.000000E+0	0.000000E+0	1.999959E+1	0.000000E+0	4.000000E+0
24-Apr-25	20:08:36	1.000000E-5	7.659300E-1	-8.000000E-5	2.195000E-5	1.880000E-5	2.710000E-3	2.000000E-5	0.000000E+0	0.000000E+0	1.964247E-4	2.976042E-9	0.000000E+0	0.000000E+0	1.999959E+1	0.000000E+0	4.000000E+0
24-Apr-25	20:08:36	1.000000E-5	7.749200E-1	-8.000000E-5	2.200000E-5	1.880000E-5	2.710000E-3	2.000000E-5	0.000000E+0	0.000000E+0	1.964247E-4	2.976042E-9	0.000000E+0	0.000000E+0	1.999959E+1	0.000000E+0	4.000000E+0
24-Apr-25	20:08:37	1.000000E-5	7.874600E-1	-8.000000E-5	2.215000E-5	1.880000E-5	2.710000E-3	2.000000E-5	0.000000E+0	0.000000E+0	1.964247E-4	2.976042E-9	0.000000E+0	0.000000E+0	1.999959E+1	0.000000E+0	4.000000E+0
24-Apr-25	20:08:38	1.000000E-5	7.964850E-1	-8.000000E-5	2.215000E-5	1.875000E-5	2.710000E-3	2.000000E-5	0.000000E+0	0.000000E+0	1.964247E-4	2.976042E-9	0.000000E+0	0.000000E+0	1.999959E+1	0.000000E+0	4.000000E+0
24-Apr-25	20:08:38	1.000000E-5	8.063600E-1	-8.000000E-5	2.225000E-5	1.875000E-5	2.710000E-3	2.000000E-5	0.000000E+0	0.000000E+0	1.964247E-4	2.976042E-9	0.000000E+0	0.000000E+0	1.999959E+1	0.000000E+0	4.000000E+0
24-Apr-25	20:08:39	1.000000E-5	8.153950E-1	-8.000000E-5	2.230000E-5	1.880000E-5	2.710000E-3	2.000000E-5	0.000000E+0	0.000000E+0	1.964247E-4	2.976042E-9	0.000000E+0	0.000000E+0	1.999959E+1	0.000000E+0	4.000000E+0
24-Apr-25	20:08:39	1.000000E-5	8.255500E-1	-8.000000E-5	2.235000E-5	1.875000E-5	2.710000E-3	2.000000E-5	0.000000E+0	0.000000E+0	1.964247E-4	2.976042E-9	0.000000E+0	0.000000E+0	1.999959E+1	0.000000E+0	4.000000E+0
24-Apr-25	20:08:40	1.000000E-5	8.342100E-1	-8.000000E-5	2.235000E-5	1.880000E-5	2.710000E-3	2.000000E-5	0.000000E+0	0.000000E+0	1.964247E-4	2.976042E-9	0.000000E+0	0.000000E+0	1.999959E+1	0.000000E+0	4.000000E+0
24-Apr-25	20:08:40	1.000000E-5	8.432000E-1	-8.000000E-5	2.240000E-5	1.875000E-5	2.710000E-3	2.000000E-5	0.000000E+0	0.000000E+0	1.964247E-4	2.976042E-9	0.000000E+0	0.000000E+0	1.999959E+1	0.000000E+0	4.000000E+0
24-Apr-25	20:08:41	1.000000E-5	8.521700E-1	-8.000000E-5	2.245000E-5	1.875000E-5	2.710000E-3	2.000000E-5	0.000000E+0	0.000000E+0	1.964247E-4	2.976042E-9	0.000000E+0	0.000000E+0	1.999959E+1	0.000000E+0	4.000000E+0
24-Apr-25	20:08:41	1.000000E-5	8.606100E-1	-8.000000E-5	2.260000E-5	1.880000E-5	2.710000E-3	2.000000E-5	0.000000E+0	0.000000E+0	1.964247E-4	2.976042E-9	0.000000E+0	0.000000E+0	1.999959E+1	0.000000E+0	4.000000E+0
24-Apr-25	20:08:42	1.000000E-5	8.694400E-1	-8.000000E-5	2.265000E-5	1.875000E-5	2.710000E-3	2.000000E-5	0.000000E+0	0.000000E+0	1.964247E-4	2.976042E-9	0.000000E+0	0.000000E+0	1.999959E+1	0.000000E+0	4.000000E+0
24-Apr-25	20:08:42	1.000000E-5	8.782750E-1	-8.000000E-5	2.265000E-5	1.875000E-5	2.710000E-3	2.000000E-5	0.000000E+0	0.000000E+0	1.964247E-4	2.976042E-9	0.000000E+0	0.000000E+0	1.999959E+1	0.000000E+0	4.000000E+0
24-Apr-25	20:08:43	1.000000E-5	8.872600E-1	-8.000000E-5	2.275000E-5	1.875000E-5	2.710000E-3	2.000000E-5	0.000000E+0	0.000000E+0	1.964247E-4	2.976042E-9	0.000000E+0	0.000000E+0	1.999959E+1	0.000000E+0	4.000000E+0
24-Apr-25	20:08:43	1.000000E-5	8.962500E-1	-8.000000E-5	2.280000E-5	1.875000E-5	2.710000E-3	2.000000E-5	0.000000E+0	0.000000E+0	1.964247E-4	2.976042E-9	0.000000E+0	0.000000E+0	1.999959E+1	0.000000E+0	4.000000E+0
24-Apr-25	20:08:44	1.000000E-5	9.055400E-1	-8.000000E-5	2.285000E-5	1.875000E-5	2.710000E-3	2.000000E-5	0.000000E+0	0.000000E+0	1.964247E-4	2.976042E-9	0.000000E+0	0.000000E+0	1.999959E+1	0.000000E+0	4.000000E+0
24-Apr-25	20:08:44	1.000000E-5	9.136500E-1	-8.000000E-5	2.300000E-5	1.870000E-5	2.710000E-3	2.000000E-5	0.000000E+0	0.000000E+0	1.964247E-4	2.976042E-9	0.000000E+0	0.000000E+0	1.999959E+1	0.000000E+0	4.000000E+0
24-Apr-25	20:08:45	1.000000E-5	9.261700E-1	-8.000000E-5	2.330000E-5	1.875000E-5	2.710000E-3	2.000000E-5	0.000000E+0	0.000000E+0	1.964247E-4	2.976042E-9	0.000000E+0	0.000000E+0	1.999959E+1	0.000000E+0	4.000000E+0
24-Apr-25	20:08:46	1.000000E-5	9.405400E-1	-8.000000E-5	2.390000E-5	1.870000E-5	2.710000E-3	2.000000E-5	0.000000E+0	0.000000E+0	1.964247E-4	2.976042E-9	0.000000E+0	0.000000E+0	1.999959E+1	0.000000E+0	4.000000E+0
24-Apr-25	20:08:46	1.000000E-5	9.504350E-1	-8.000000E-5	2.400000E-5	1.865000E-5	2.710000E-3	2.000000E-5	0.000000E+0	0.000000E+0	1.964247E-4	2.976042E-9	0.000000E+0	0.000000E+0	1.999959E+1	0.000000E+0	4.000000E+0
24-Apr-25	20:08:47	1.000000E-5	9.585700E-1	-8.000000E-5	2.405000E-5	1.865000E-5	2.710000E-3	2.000000E-5	0.000000E+0	0.000000E+0	1.964247E-4	2.976042E-9	0.000000E+0	0.000000E+0	1.999959E+1	0.000000E+0	4.000000E+0
24-Apr-25	20:08:47	1.000000E-5	9.675400E-1	-8.000000E-5	2.410000E-5	1.865000E-5	2.710000E-3	2.000000E-5	0.000000E+0	0.000000E+0	1.964247E-4	2.976042E-9	0.000000E+0	0.000000E+0	1.999959E+1	0.000000E+0	4.000000E+0
24-Apr-25	20:08:48	1.000000E-5	9.759000E-1	-8.000000E-5	2.420000E-5	1.860000E-5	2.710000E-3	2.000000E-5	0.000000E+0	0.000000E+0	1.964247E-4	2.976042E-9	0.000000E+0	0.000000E+0	1.999959E+1	0.000000E+0	4.000000E+0
24-Apr-25	20:08:48	1.000000E-5	9.884900E-1	-8.000000E-5	2.430000E-5	1.860000E-5	2.710000E-3	2.000000E-5	0.000000E+0	0.000000E+0	1.964247E-4	2.976042E-9	0.000000E+0	0.000000E+0	1.999959E+1	0.000000E+0	4.000000E+0
24-Apr-25	20:08:49	1.000000E-5	9.975000E-1	-8.000000E-5	2.430000E-5	1.860000E-5	2.710000E-3	2.000000E-5	0.000000E+0	0.000000E+0	1.964247E-4	2.976042E-9	0.000000E+0	0.000000E+0	1.999959E+1	0.000000E+0	4.000000E+0
24-Apr-25	20:08:49	1.000000E-5	1.007405E+0	-8.000000E-5	2.440000E-5	1.860000E-5	2.710000E-3	2.000000E-5	0.000000E+0	0.000000E+0	1.964247E-4	2.976042E-9	0.000000E+0	0.000000E+0	1.999959E+1	0.000000E+0	4.000000E+0
24-Apr-25	20:08:50	1.000000E-5	1.016365E+0	-8.000000E-5	2.445000E-5	1.865000E-5	2.710000E-3	2.000000E-5	0.000000E+0	0.000000E+0	1.964247E-4	2.976042E-9	0.000000E+0	0.000000E+0	1.999959E+1	0.000000E+0	4.000000E+0
24-Apr-25	20:08:51	1.000000E-5	1.027455E+0	-8.000000E-5	2.460000E-5	1.860000E-5	2.710000E-3	2.000000E-5	0.000000E+0	0.000000E+0	1.964247E-4	2.976042E-9	0.000000E+0	0.000000E+0	1.999959E+1	0.000000E+0	4.000000E+0
24-Apr-25	20:08:51	1.000000E-5	1.040005E+0	-8.000000E-5	2.470000E-5	1.855000E-5	2.710000E-3	2.000000E-5	0.000000E+0	0.000000E+0	1.964247E-4	2.976042E-9	0.000000E+0	0.000000E+0	1.999959E+1	0.000000E+0	4.000000E+0
24-Apr-25	20:08:52	1.000000E-5	1.052920E+0	-8.000000E-5	2.485000E-5	1.855000E-5	2.710000E-3	2.000000E-5	0.000000E+0	0.000000E+0	1.964247E-4	2.976042E-9	0.000000E+0	0.000000E+0	1.999959E+1	0.000000E+0	4.000000E+0
24-Apr-25	20:08:52	1.000000E-5	1.061015E+0	-8.000000E-5	2.485000E-5	1.860000E-5	2.710000E-3	2.000000E-5	0.000000E+0	0.000000E+0	1.964247E-4	2.976042E-9	0.000000E+0	0.000000E+0	1.999959E+1	0.000000E+0	4.000000E+0
24-Apr-25	20:08:53	1.000000E-5	1.069985E+0	-8.000000E-5	2.485000E-5	1.860000E-5	2.710000E-3	2.000000E-5	0.000000E+0	0.000000E+0	1.964247E-4	2.976042E-9	0.000000E+0	0.000000E+0	1.999959E+1	0.000000E+0	4.000000E+0
24-Apr-25	20:08:53	1.000000E-5	1.078960E+0	-8.000000E-5	2.490000E-5	1.855000E-5	2.710000E-3	2.000000E-5	0.000000E+0	0.000000E+0	1.964247E-4	2.976042E-9	0.000000E+0	0.000000E+0	1.999959E+1	0.000000E+0	4.000000E+0
24-Apr-25	20:08:54	1.000000E-5	1.088845E+0	-8.000000E-5	2.495000E-5	1.860000E-5	2.710000E-3	2.000000E-5	0.000000E+0	0.000000E+0	1.964247E-4	2.976042E-9	0.000000E+0	0.000000E+0	1.999959E+1	0.000000E+0	4.000000E+0
24-Apr-25	20:08:54	1.000000E-5	1.097840E+0	-8.000000E-5	2.505000E-5	1.860000E-5	2.710000E-3	2.000000E-5	0.000000E+0	0.000000E+0	1.964247E-4	2.976042E-9	0.000000E+0	0.000000E+0	1.999959E+1	0.000000E+0	4.000000E+0
24-Apr-25	20:08:55	1.000000E-5	1.105925E+0	-8.000000E-5	2.510000E-5	1.855000E-5	2.710000E-3	2.000000E-5	0.000000E+0	0.000000E+0	1.964247E-4	2.976042E-9	0.000000E+0	0.000000E+0	1.999959E+1	0.000000E+0	4.000000E+0
24-Apr-25	20:08:55	1.000000E-5	1.114885E+0	-8.000000E-5	2.520000E-5	1.855000E-5	2.710000E-3	2.000000E-5	0.000000E+0	0.000000E+0	1.964247E-4	2.976042E-9	0.000000E+0	0.000000E+0	1.999959E+1	0.000000E+0	4.000000E+0
24-Apr-25	20:08:56	1.000000E-5	1.125665E+0	-8.000000E-5	2.535000E-5	1.850000E-5	2.710000E-3	2.000000E-5	0.000000E+0	0.000000E+0	1.964247E-4	2.976042E-9	0.000000E+0	0.000000E+0	1.999959E+1	0.000000E+0	4.000000E+0
24-Apr-25	20:08:56	1.000000E-5	1.134665E+0	-8.000000E-5	2.540000E-5	1.850000E-5	2.710000E-3	2.000000E-5	0.000000E+0	0.000000E+0	1.964247E-4	2.976042E-9	0.000000E+0	0.000000E+0	1.999959E+1	0.000000E+0	4.000000E+0
24-Apr-25	20:08:57	1.000000E-5	1.143690E+0	-8.000000E-5	2.550000E-5	1.855000E-5	2.710000E-3	2.000000E-5	0.000000E+0	0.000000E+0	1.964247E-4	2.976042E-9	0.000000E+0	0.000000E+0	1.999959E+1	0.000000E+0	4.000000E+0
24-Apr-25	20:08:57	1.000000E-5	1.154750E+0	-8.000000E-5	2.555000E-5	1.850000E-5	2.710000E-3	2.000000E-5	0.000000E+0	0.000000E+0	1.964247E-4	2.976042E-9	0.000000E+0	0.000000E+0	1.999959E+1	0.000000E+0	4.000000E+0
24-Apr-25	20:08:58	1.000000E-5	1.162845E+0	-8.000000E-5	2.560000E-5	1.855000E-5	2.710000E-3	2.000000E-5	0.000000E+0	0.000000E+0	1.964247E-4	2.976042E-9	0.000000E+0	0.000000E+0	1.999959E+1	0.000000E+0	4.000000E+0
24-Apr-25	20:08:59	1.000000E-5	1.171825E+0	-8.000000E-5	2.570000E-5	1.850000E-5	2.710000E-3	2.000000E-5	0.000000E+0	0.000000E+0	1.964247E-4	2.976042E-9	0.000000E+0	0.000000E+0	1.999959E+1	0.000000E+0	4.000000E+0
24-Apr-25	20:08:59	1.000000E-5	1.183515E+0	-8.000000E-5	2.580000E-5	1.845000E-5	2.710000E-3	2.000000E-5	0.000000E+0	0.000000E+0	1.964247E-4	2.976042E-9	0.000000E+0	0.000000E+0	1.999959E+1	0.000000E+0	4.000000E+0
24-Apr-25	20:09:00	1.000000E-5	1.192545E+0	-8.000000E-5	2.585000E-5	1.845000E-5	2.710000E-3	2.000000E-5	0.000000E+0	0.000000E+0	1.964247E-4	2.976042E-9	0.000000E+0	0.000000E+0	1.999959E+1	0.000000E+0	4.000000E+0
24-Apr-25	20:09:00	1.000000E-5	1.200625E+0	-8.000000E-5	2.590000E-5	1.855000E-5	2.710000E-3	2.000000E-5	0.000000E+0	0.000000E+0	1.964247E-4	2.976042E-9	0.000000E+0	0.000000E+0	1.999959E+1	0.000000E+0	4.000000E+0
24-Apr-25	20:09:01	1.000000E-5	1.209580E+0	-8.000000E-5	2.590000E-5	1.845000E-5	2.710000E-3	2.000000E-5	0.000000E+0	0.000000E+0	1.964247E-4	2.976042E-9	0.000000E+0	0.000000E+0	1.999959E+1	0.000000E+0	4.000000E+0
24-Apr-25	20:09:01	1.000000E-5	1.218550E+0	-8.000000E-5	2.605000E-5	1.850000E-5	2.710000E-3	2.000000E-5	0.000000E+0	0.000000E+0	1.964247E-4	2.976042E-9	0.000000E+0	0.000000E+0	1.999959E+1	0.000000E+0	4.000000E+0
24-Apr-25	20:09:02	1.000000E-5	1.227545E+0	-8.000000E-5	2.610000E-5	1.845000E-5	2.710000E-3	2.000000E-5	0.000000E+0	0.000000E+0	1.964247E-4	2.976042E-9	0.000000E+0	0.000000E+0	1.999959E+1	0.000000E+0	4.000000E+0
24-Apr-25	20:09:02	1.000000E-5	1.236550E+0	-8.000000E-5	2.625000E-5	1.845000E-5	2.710000E-3	2.000000E-5	0.000000E+0	0.000000E+0	1.964247E-4	2.976042E-9	0.000000E+0	0.000000E+0	1.999959E+1	0.000000E+0	4.000000E+0
24-Apr-25	20:09:03	1.000000E-5	1.245840E+0	-8.000000E-5	2.630000E-5	1.845000E-5	2.710000E-3	2.000000E-5	0.000000E+0	0.000000E+0	1.964247E-4	2.976042E-9	0.000000E+0	0.000000E+0	1.999959E+1	0.000000E+0	4.000000E+0
24-Apr-25	20:09:03	1.000000E-5	1.255710E+0	-8.000000E-5	2.635000E-5	1.845000E-5	2.710000E-3	2.000000E-5	0.000000E+0	0.000000E+0	1.964247E-4	2.976042E-9	0.000000E+0	0.000000E+0	1.999959E+1	0.000000E+0	4.000000E+0
24-Apr-25	20:09:04	1.000000E-5	1.264690E+0	-8.000000E-5	2.640000E-5	1.845000E-5	2.710000E-3	2.000000E-5	0.000000E+0	0.000000E+0	1.964247E-4	2.976042E-9	0.000000E+0	0.000000E+0	1.999959E+1	0.000000E+0	4.000000E+0
24-Apr-25	20:09:04	1.000000E-5	1.273685E+0	-8.000000E-5	2.640000E-5	1.840000E-5	2.710000E-3	2.000000E-5	0.000000E+0	0.000000E+0	1.964247E-4	2.976042E-9	0.000000E+0	0.000000E+0	1.999959E+1	0.000000E+0	4.000000E+0
24-Apr-25	20:09:05	1.000000E-5	1.282680E+0	-8.000000E-5	2.650000E-5	1.835000E-5	2.710000E-3	2.000000E-5	0.000000E+0	0.000000E+0	1.964247E-4	2.976042E-9	0.000000E+0	0.000000E+0	1.999959E+1	0.000000E+0	4.000000E+0
24-Apr-25	20:09:05	1.000000E-5	1.291685E+0	-8.000000E-5	2.665000E-5	1.840000E-5	2.710000E-3	2.000000E-5	0.000000E+0	0.000000E+0	1.964247E-4	2.976042E-9	0.000000E+0	0.000000E+0	1.999959E+1	0.000000E+0	4.000000E+0
24-Apr-25	20:09:06	1.000000E-5	1.300645E+0	-8.000000E-5	2.675000E-5	1.835000E-5	2.710000E-3	2.000000E-5	0.000000E+0	0.000000E+0	1.964247E-4	2.976042E-9	0.000000E+0	0.000000E+0	1.999959E+1	0.000000E+0	4.000000E+0
24-Apr-25	20:09:06	1.000000E-5	1.314100E+0	-8.000000E-5	2.695000E-5	1.835000E-5	2.710000E-3	2.000000E-5	0.000000E+0	0.000000E+0	1.964247E-4	2.976042E-9	0.000000E+0	0.000000E+0	1.999959E+1	0.000000E+0	4.000000E+0
24-Apr-25	20:09:07	1.000000E-5	1.324280E+0	-8.000000E-5	2.710000E-5	1.840000E-5	2.710000E-3	2.000000E-5	0.000000E+0	0.000000E+0	1.964247E-4	2.976042E-9	0.000000E+0	0.000000E+0	1.999959E+1	0.000000E+0	4.000000E+0
24-Apr-25	20:09:07	1.000000E-5	1.332405E+0	-8.000000E-5	2.715000E-5	1.840000E-5	2.710000E-3	2.000000E-5	0.000000E+0	0.000000E+0	1.964247E-4	2.976042E-9	0.000000E+0	0.000000E+0	1.999959E+1	0.000000E+0	4.000000E+0
24-Apr-25	20:09:08	1.000000E-5	1.344065E+0	-8.000000E-5	2.720000E-5	1.835000E-5	2.710000E-3	2.000000E-5	0.000000E+0	0.000000E+0	1.964247E-4	2.976042E-9	0.000000E+0	0.000000E+0	1.999959E+1	0.000000E+0	4.000000E+0
24-Apr-25	20:09:09	1.000000E-5	1.353960E+0	-8.000000E-5	2.730000E-5	1.835000E-5	2.710000E-3	2.000000E-5	0.000000E+0	0.000000E+0	1.964247E-4	2.976042E-9	0.000000E+0	0.000000E+0	1.999959E+1	0.000000E+0	4.000000E+0
24-Apr-25	20:09:09	1.000000E-5	1.362920E+0	-8.000000E-5	2.735000E-5	1.840000E-5	2.710000E-3	2.000000E-5	0.000000E+0	0.000000E+0	1.964247E-4	2.976042E-9	0.000000E+0	0.000000E+0	1.999959E+1	0.000000E+0	4.000000E+0
24-Apr-25	20:09:10	1.000000E-5	1.371935E+0	-8.000000E-5	2.735000E-5	1.835000E-5	2.710000E-3	2.000000E-5	0.000000E+0	0.000000E+0	1.964247E-4	2.976042E-9	0.000000E+0	0.000000E+0	1.999959E+1	0.000000E+0	4.000000E+0
24-Apr-25	20:09:10	1.000000E-5	1.381855E+0	-8.000000E-5	2.745000E-5	1.835000E-5	2.710000E-3	2.000000E-5	0.000000E+0	0.000000E+0	1.964247E-4	2.976042E-9	0.000000E+0	0.000000E+0	1.999959E+1	0.000000E+0	4.000000E+0
24-Apr-25	20:09:11	1.000000E-5	1.390820E+0	-8.000000E-5	2.750000E-5	1.840000E-5	2.710000E-3	2.000000E-5	0.000000E+0	0.000000E+0	1.964247E-4	2.976042E-9	0.000000E+0	0.000000E+0	1.999959E+1	0.000000E+0	4.000000E+0
24-Apr-25	20:09:11	1.000000E-5	1.399795E+0	-8.000000E-5	2.760000E-5	1.830000E-5	2.710000E-3	2.000000E-5	0.000000E+0	0.000000E+0	1.964247E-4	2.976042E-9	0.000000E+0	0.000000E+0	1.999959E+1	0.000000E+0	4.000000E+0
24-Apr-25	20:09:12	1.000000E-5	1.408755E+0	-8.000000E-5	2.770000E-5	1.835000E-5	2.710000E-3	2.000000E-5	0.000000E+0	0.000000E+0	1.964247E-4	2.976042E-9	0.000000E+0	0.000000E+0	1.999959E+1	0.000000E+0	4.000000E+0
24-Apr-25	20:09:12	1.000000E-5	1.417735E+0	-8.000000E-5	2.775000E-5	1.835000E-5	2.710000E-3	2.000000E-5	0.000000E+0	0.000000E+0	1.964247E-4	2.976042E-9	0.000000E+0	0.000000E+0	1.999959E+1	0.000000E+0	4.000000E+0
24-Apr-25	20:09:13	1.000000E-5	1.426730E+0	-8.000000E-5	2.780000E-5	1.830000E-5	2.710000E-3	2.000000E-5	0.000000E+0	0.000000E+0	1.964247E-4	2.976042E-9	0.000000E+0	0.000000E+0	1.999959E+1	0.000000E+0	4.000000E+0
24-Apr-25	20:09:13	1.000000E-5	1.435745E+0	-8.000000E-5	2.790000E-5	1.830000E-5	2.710000E-3	2.000000E-5	0.000000E+0	0.000000E+0	1.964247E-4	2.976042E-9	0.000000E+0	0.000000E+0	1.999959E+1	0.000000E+0	4.000000E+0
24-Apr-25	20:09:14	1.000000E-5	1.444715E+0	-8.000000E-5	2.795000E-5	1.830000E-5	2.710000E-3	2.000000E-5	0.000000E+0	0.000000E+0	1.964247E-4	2.976042E-9	0.000000E+0	0.000000E+0	1.999959E+1	0.000000E+0	4.000000E+0
24-Apr-25	20:09:15	1.000000E-5	1.458320E+0	-8.000000E-5	2.810000E-5	1.835000E-5	2.710000E-3	2.000000E-5	0.000000E+0	0.000000E+0	1.964247E-4	2.976042E-9	0.000000E+0	0.000000E+0	1.999959E+1	0.000000E+0	4.000000E+0
24-Apr-25	20:09:15	1.000000E-5	1.471095E+0	-8.000000E-5	2.815000E-5	1.840000E-5	2.710000E-3	2.000000E-5	0.000000E+0	0.000000E+0	1.964247E-4	2.976042E-9	0.000000E+0	0.000000E+0	1.999959E+1	0.000000E+0	4.000000E+0
24-Apr-25	20:09:16	1.000000E-5	1.480070E+0	-8.000000E-5	2.820000E-5	1.830000E-5	2.710000E-3	2.000000E-5	0.000000E+0	0.000000E+0	1.964247E-4	2.976042E-9	0.000000E+0	0.000000E+0	1.999959E+1	0.000000E+0	4.000000E+0
24-Apr-25	20:09:16	1.000000E-5	1.489940E+0	-8.000000E-5	2.835000E-5	1.825000E-5	2.710000E-3	2.000000E-5	0.000000E+0	0.000000E+0	1.964247E-4	2.976042E-9	0.000000E+0	0.000000E+0	1.999959E+1	0.000000E+0	4.000000E+0
24-Apr-25	20:09:17	1.000000E-5	1.498910E+0	-8.000000E-5	2.840000E-5	1.830000E-5	2.710000E-3	2.000000E-5	0.000000E+0	0.000000E+0	1.964247E-4	2.976042E-9	0.000000E+0	0.000000E+0	1.999959E+1	0.000000E+0	4.000000E+0
24-Apr-25	20:09:17	1.000000E-5	1.507830E+0	-8.000000E-5	2.845000E-5	1.825000E-5	2.710000E-3	2.000000E-5	0.000000E+0	0.000000E+0	1.964247E-4	2.976042E-9	0.000000E+0	0.000000E+0	1.999959E+1	0.000000E+0	4.000000E+0
24-Apr-25	20:09:18	1.000000E-5	1.515880E+0	-8.000000E-5	2.850000E-5	1.825000E-5	2.710000E-3	2.000000E-5	0.000000E+0	0.000000E+0	1.964247E-4	2.976042E-9	0.000000E+0	0.000000E+0	1.999959E+1	0.000000E+0	4.000000E+0
24-Apr-25	20:09:18	1.000000E-5	1.524885E+0	-8.000000E-5	2.870000E-5	1.825000E-5	2.710000E-3	2.000000E-5	0.000000E+0	0.000000E+0	1.964247E-4	2.976042E-9	0.000000E+0	0.000000E+0	1.999959E+1	0.000000E+0	4.000000E+0
24-Apr-25	20:09:19	1.000000E-5	1.535095E+0	-8.000000E-5	2.880000E-5	1.825000E-5	2.710000E-3	2.000000E-5	0.000000E+0	0.000000E+0	1.964247E-4	2.976042E-9	0.000000E+0	0.000000E+0	1.999959E+1	0.000000E+0	4.000000E+0
24-Apr-25	20:09:19	1.000000E-5	1.543910E+0	-8.000000E-5	2.890000E-5	1.825000E-5	2.710000E-3	2.000000E-5	0.000000E+0	0.000000E+0	1.964247E-4	2.976042E-9	0.000000E+0	0.000000E+0	1.999959E+1	0.000000E+0	4.000000E+0
24-Apr-25	20:09:20	1.000000E-5	1.551865E+0	-8.000000E-5	2.895000E-5	1.825000E-5	2.710000E-3	2.000000E-5	0.000000E+0	0.000000E+0	1.964247E-4	2.976042E-9	0.000000E+0	0.000000E+0	1.999959E+1	0.000000E+0	4.000000E+0
24-Apr-25	20:09:20	1.000000E-5	1.561110E+0	-8.000000E-5	2.905000E-5	1.825000E-5	2.710000E-3	2.000000E-5	0.000000E+0	0.000000E+0	1.964247E-4	2.976042E-9	0.000000E+0	0.000000E+0	1.999959E+1	0.000000E+0	4.000000E+0
24-Apr-25	20:09:21	1.000000E-5	1.572855E+0	-8.000000E-5	2.910000E-5	1.825000E-5	2.710000E-3	2.000000E-5	0.000000E+0	0.000000E+0	1.964247E-4	2.976042E-9	0.000000E+0	0.000000E+0	1.999959E+1	0.000000E+0	4.000000E+0
24-Apr-25	20:09:21	1.000000E-5	1.581830E+0	-8.000000E-5	2.910000E-5	1.825000E-5	2.710000E-3	2.000000E-5	0.000000E+0	0.000000E+0	1.964247E-4	2.976042E-9	0.000000E+0	0.000000E+0	1.999959E+1	0.000000E+0	4.000000E+0
24-Apr-25	20:09:22	1.000000E-5	1.591705E+0	-8.000000E-5	2.920000E-5	1.810000E-5	2.710000E-3	2.000000E-5	0.000000E+0	0.000000E+0	1.964247E-4	2.976042E-9	0.000000E+0	0.000000E+0	1.999959E+1	0.000000E+0	4.000000E+0
24-Apr-25	20:09:23	1.000000E-5	1.603530E+0	-8.000000E-5	2.930000E-5	1.815000E-5	2.710000E-3	2.000000E-5	0.000000E+0	0.000000E+0	1.964247E-4	2.976042E-9	0.000000E+0	0.000000E+0	1.999959E+1	0.000000E+0	4.000000E+0
24-Apr-25	20:09:23	1.000000E-5	1.613595E+0	-8.000000E-5	2.930000E-5	1.820000E-5	2.710000E-3	2.000000E-5	0.000000E+0	0.000000E+0	1.964247E-4	2.976042E-9	0.000000E+0	0.000000E+0	1.999959E+1	0.000000E+0	4.000000E+0
24-Apr-25	20:09:24	1.000000E-5	1.622580E+0	-8.000000E-5	2.935000E-5	1.820000E-5	2.710000E-3	2.000000E-5	0.000000E+0	0.000000E+0	1.964247E-4	2.976042E-9	0.000000E+0	0.000000E+0	1.999959E+1	0.000000E+0	4.000000E+0
24-Apr-25	20:09:24	1.000000E-5	1.631540E+0	-8.000000E-5	2.940000E-5	1.820000E-5	2.710000E-3	2.000000E-5	0.000000E+0	0.000000E+0	1.964247E-4	2.976042E-9	0.000000E+0	0.000000E+0	1.999959E+1	0.000000E+0	4.000000E+0
24-Apr-25	20:09:25	1.000000E-5	1.640550E+0	-8.000000E-5	2.950000E-5	1.815000E-5	2.710000E-3	2.000000E-5	0.000000E+0	0.000000E+0	1.964247E-4	2.976042E-9	0.000000E+0	0.000000E+0	1.999959E+1	0.000000E+0	4.000000E+0
24-Apr-25	20:09:25	1.000000E-5	1.653130E+0	-8.000000E-5	2.960000E-5	1.815000E-5	2.710000E-3	2.000000E-5	0.000000E+0	0.000000E+0	1.964247E-4	2.976042E-9	0.000000E+0	0.000000E+0	1.999959E+1	0.000000E+0	4.000000E+0
24-Apr-25	20:09:26	1.000000E-5	1.662130E+0	-8.000000E-5	2.970000E-5	1.815000E-5	2.710000E-3	2.000000E-5	0.000000E+0	0.000000E+0	1.964247E-4	2.976042E-9	0.000000E+0	0.000000E+0	1.999959E+1	0.000000E+0	4.000000E+0
24-Apr-25	20:09:26	1.000000E-5	1.672015E+0	-8.000000E-5	2.980000E-5	1.815000E-5	2.710000E-3	2.000000E-5	0.000000E+0	0.000000E+0	1.964247E-4	2.976042E-9	0.000000E+0	0.000000E+0	1.999959E+1	0.000000E+0	4.000000E+0
24-Apr-25	20:09:27	1.000000E-5	1.680065E+0	-8.000000E-5	2.990000E-5	1.810000E-5	2.710000E-3	2.000000E-5	0.000000E+0	0.000000E+0	1.964247E-4	2.976042E-9	0.000000E+0	0.000000E+0	1.999959E+1	0.000000E+0	4.000000E+0
24-Apr-25	20:09:27	1.000000E-5	1.689055E+0	-8.000000E-5	2.990000E-5	1.820000E-5	2.710000E-3	2.000000E-5	0.000000E+0	0.000000E+0	1.964247E-4	2.976042E-9	0.000000E+0	0.000000E+0	1.999959E+1	0.000000E+0	4.000000E+0
24-Apr-25	20:09:28	1.000000E-5	1.697855E+0	-8.000000E-5	2.995000E-5	1.815000E-5	2.710000E-3	2.000000E-5	0.000000E+0	0.000000E+0	1.964247E-4	2.976042E-9	0.000000E+0	0.000000E+0	1.999959E+1	0.000000E+0	4.000000E+0
24-Apr-25	20:09:28	1.000000E-5	1.706110E+0	-8.000000E-5	3.005000E-5	1.815000E-5	2.710000E-3	2.000000E-5	0.000000E+0	0.000000E+0	1.964247E-4	2.976042E-9	0.000000E+0	0.000000E+0	1.999959E+1	0.000000E+0	4.000000E+0
24-Apr-25	20:09:29	1.000000E-5	1.715125E+0	-8.000000E-5	3.010000E-5	1.815000E-5	2.710000E-3	2.000000E-5	0.000000E+0	0.000000E+0	1.964247E-4	2.976042E-9	0.000000E+0	0.000000E+0	1.999959E+1	0.000000E+0	4.000000E+0
24-Apr-25	20:09:29	1.000000E-5	1.725015E+0	-8.000000E-5	3.020000E-5	1.815000E-5	2.710000E-3	2.000000E-5	0.000000E+0	0.000000E+0	1.964247E-4	2.976042E-9	0.000000E+0	0.000000E+0	1.999959E+1	0.000000E+0	4.000000E+0
24-Apr-25	20:09:30	1.000000E-5	1.734035E+0	-8.000000E-5	3.030000E-5	1.810000E-5	2.710000E-3	2.000000E-5	0.000000E+0	0.000000E+0	1.964247E-4	2.976042E-9	0.000000E+0	0.000000E+0	1.999959E+1	0.000000E+0	4.000000E+0
24-Apr-25	20:09:30	1.000000E-5	1.742990E+0	-8.000000E-5	3.030000E-5	1.810000E-5	2.710000E-3	2.000000E-5	0.000000E+0	0.000000E+0	1.964247E-4	2.976042E-9	0.000000E+0	0.000000E+0	1.999959E+1	0.000000E+0	4.000000E+0
24-Apr-25	20:09:31	1.000000E-5	1.751995E+0	-8.000000E-5	3.040000E-5	1.810000E-5	2.710000E-3	2.000000E-5	0.000000E+0	0.000000E+0	1.964247E-4	2.976042E-9	0.000000E+0	0.000000E+0	1.999959E+1	0.000000E+0	4.000000E+0
24-Apr-25	20:09:31	1.000000E-5	1.762195E+0	-8.000000E-5	3.045000E-5	1.810000E-5	2.710000E-3	2.000000E-5	0.000000E+0	0.000000E+0	1.964247E-4	2.976042E-9	0.000000E+0	0.000000E+0	1.999959E+1	0.000000E+0	4.000000E+0
24-Apr-25	20:09:32	1.000000E-5	1.772070E+0	-8.000000E-5	3.045000E-5	1.805000E-5	2.710000E-3	2.000000E-5	0.000000E+0	0.000000E+0	1.964247E-4	2.976042E-9	0.000000E+0	0.000000E+0	1.999959E+1	0.000000E+0	4.000000E+0
24-Apr-25	20:09:32	1.000000E-5	1.781050E+0	-8.000000E-5	3.060000E-5	1.805000E-5	2.710000E-3	2.000000E-5	0.000000E+0	0.000000E+0	1.964247E-4	2.976042E-9	0.000000E+0	0.000000E+0	1.999959E+1	0.000000E+0	4.000000E+0
24-Apr-25	20:09:33	1.000000E-5	1.790005E+0	-8.000000E-5	3.065000E-5	1.810000E-5	2.710000E-3	2.000000E-5	0.000000E+0	0.000000E+0	1.964247E-4	2.976042E-9	0.000000E+0	0.000000E+0	1.999959E+1	0.000000E+0	4.000000E+0
24-Apr-25	20:09:33	1.000000E-5	1.799930E+0	-8.000000E-5	3.070000E-5	1.810000E-5	2.710000E-3	2.000000E-5	0.000000E+0	0.000000E+0	1.964247E-4	2.976042E-9	0.000000E+0	0.000000E+0	1.999959E+1	0.000000E+0	4.000000E+0
24-Apr-25	20:09:34	1.000000E-5	1.808915E+0	-8.000000E-5	3.075000E-5	1.810000E-5	2.710000E-3	2.000000E-5	0.000000E+0	0.000000E+0	1.964247E-4	2.976042E-9	0.000000E+0	0.000000E+0	1.999959E+1	0.000000E+0	4.000000E+0
24-Apr-25	20:09:35	1.000000E-5	1.818790E+0	-8.000000E-5	3.080000E-5	1.805000E-5	2.710000E-3	2.000000E-5	0.000000E+0	0.000000E+0	1.964247E-4	2.976042E-9	0.000000E+0	0.000000E+0	1.999959E+1	0.000000E+0	4.000000E+0
24-Apr-25	20:09:35	1.000000E-5	1.830770E+0	-8.000000E-5	3.100000E-5	1.805000E-5	2.710000E-3	2.000000E-5	0.000000E+0	0.000000E+0	1.964247E-4	2.976042E-9	0.000000E+0	0.000000E+0	1.999959E+1	0.000000E+0	4.000000E+0
24-Apr-25	20:09:36	1.000000E-5	1.839570E+0	-8.000000E-5	3.100000E-5	1.810000E-5	2.710000E-3	2.000000E-5	0.000000E+0	0.000000E+0	1.964247E-4	2.976042E-9	0.000000E+0	0.000000E+0	1.999959E+1	0.000000E+0	4.000000E+0
24-Apr-25	20:09:36	1.000000E-5	1.848605E+0	-8.000000E-5	3.105000E-5	1.805000E-5	2.710000E-3	2.000000E-5	0.000000E+0	0.000000E+0	1.964247E-4	2.976042E-9	0.000000E+0	0.000000E+0	1.999959E+1	0.000000E+0	4.000000E+0
24-Apr-25	20:09:37	1.000000E-5	1.857745E+0	-8.000000E-5	3.110000E-5	1.805000E-5	2.710000E-3	2.000000E-5	0.000000E+0	0.000000E+0	1.964247E-4	2.976042E-9	0.000000E+0	0.000000E+0	1.999959E+1	0.000000E+0	4.000000E+0
24-Apr-25	20:09:37	1.000000E-5	1.867605E+0	-8.000000E-5	3.115000E-5	1.805000E-5	2.710000E-3	2.000000E-5	0.000000E+0	0.000000E+0	1.964247E-4	2.976042E-9	0.000000E+0	0.000000E+0	1.999959E+1	0.000000E+0	4.000000E+0
24-Apr-25	20:09:38	1.000000E-5	1.876600E+0	-8.000000E-5	3.120000E-5	1.800000E-5	2.710000E-3	2.000000E-5	0.000000E+0	0.000000E+0	1.964247E-4	2.976042E-9	0.000000E+0	0.000000E+0	1.999959E+1	0.000000E+0	4.000000E+0
24-Apr-25	20:09:38	1.000000E-5	1.885525E+0	-8.000000E-5	3.130000E-5	1.805000E-5	2.710000E-3	2.000000E-5	0.000000E+0	0.000000E+0	1.964247E-4	2.976042E-9	0.000000E+0	0.000000E+0	1.999959E+1	0.000000E+0	4.000000E+0
24-Apr-25	20:09:39	1.000000E-5	1.894555E+0	-8.000000E-5	3.135000E-5	1.805000E-5	2.710000E-3	2.000000E-5	0.000000E+0	0.000000E+0	1.964247E-4	2.976042E-9	0.000000E+0	0.000000E+0	1.999959E+1	0.000000E+0	4.000000E+0
24-Apr-25	20:09:39	1.000000E-5	1.902685E+0	-8.000000E-5	3.135000E-5	1.800000E-5	2.710000E-3	2.000000E-5	0.000000E+0	0.000000E+0	1.964247E-4	2.976042E-9	0.000000E+0	0.000000E+0	1.999959E+1	0.000000E+0	4.000000E+0
24-Apr-25	20:09:40	1.000000E-5	1.911655E+0	-8.000000E-5	3.135000E-5	1.800000E-5	2.710000E-3	2.000000E-5	0.000000E+0	0.000000E+0	1.964247E-4	2.976042E-9	0.000000E+0	0.000000E+0	1.999959E+1	0.000000E+0	4.000000E+0
24-Apr-25	20:09:40	1.000000E-5	1.920625E+0	-8.000000E-5	3.145000E-5	1.800000E-5	2.710000E-3	2.000000E-5	0.000000E+0	0.000000E+0	1.964247E-4	2.976042E-9	0.000000E+0	0.000000E+0	1.999959E+1	0.000000E+0	4.000000E+0
24-Apr-25	20:09:41	1.000000E-5	1.930550E+0	-8.000000E-5	3.150000E-5	1.805000E-5	2.710000E-3	2.000000E-5	0.000000E+0	0.000000E+0	1.964247E-4	2.976042E-9	0.000000E+0	0.000000E+0	1.999959E+1	0.000000E+0	4.000000E+0
24-Apr-25	20:09:41	1.000000E-5	1.939505E+0	-8.000000E-5	3.155000E-5	1.805000E-5	2.710000E-3	2.000000E-5	0.000000E+0	0.000000E+0	1.964247E-4	2.976042E-9	0.000000E+0	0.000000E+0	1.999959E+1	0.000000E+0	4.000000E+0
24-Apr-25	20:09:42	1.000000E-5	1.948545E+0	-8.000000E-5	3.165000E-5	1.800000E-5	2.710000E-3	2.000000E-5	0.000000E+0	0.000000E+0	1.964247E-4	2.976042E-9	0.000000E+0	0.000000E+0	1.999959E+1	0.000000E+0	4.000000E+0
24-Apr-25	20:09:42	1.000000E-5	1.958415E+0	-8.000000E-5	3.165000E-5	1.795000E-5	2.710000E-3	2.000000E-5	0.000000E+0	0.000000E+0	1.964247E-4	2.976042E-9	0.000000E+0	0.000000E+0	1.999959E+1	0.000000E+0	4.000000E+0
24-Apr-25	20:09:43	1.000000E-5	1.966495E+0	-8.000000E-5	3.170000E-5	1.795000E-5	2.710000E-3	2.000000E-5	0.000000E+0	0.000000E+0	1.964247E-4	2.976042E-9	0.000000E+0	0.000000E+0	1.999959E+1	0.000000E+0	4.000000E+0
24-Apr-25	20:09:43	1.000000E-5	1.976520E+0	-8.000000E-5	3.180000E-5	1.800000E-5	2.710000E-3	2.000000E-5	0.000000E+0	0.000000E+0	1.964247E-4	2.976042E-9	0.000000E+0	0.000000E+0	1.999959E+1	0.000000E+0	4.000000E+0
24-Apr-25	20:09:44	1.000000E-5	1.985645E+0	-8.000000E-5	3.190000E-5	1.800000E-5	2.710000E-3	2.000000E-5	0.000000E+0	0.000000E+0	1.964247E-4	2.976042E-9	0.000000E+0	0.000000E+0	1.999959E+1	0.000000E+0	4.000000E+0
24-Apr-25	20:09:44	1.000000E-5	1.994655E+0	-8.000000E-5	3.200000E-5	1.800000E-5	2.710000E-3	2.000000E-5	0.000000E+0	0.000000E+0	1.964247E-4	2.976042E-9	0.000000E+0	0.000000E+0	1.999959E+1	0.000000E+0	4.000000E+0
24-Apr-25	20:09:45	1.000000E-5	2.007245E+0	-8.000000E-5	3.200000E-5	1.800000E-5	2.710000E-3	2.000000E-5	0.000000E+0	0.000000E+0	1.964247E-4	2.976042E-9	0.000000E+0	0.000000E+0	1.999959E+1	0.000000E+0	4.000000E+0
24-Apr-25	20:09:45	1.000000E-5	2.016210E+0	-8.000000E-5	3.200000E-5	1.795000E-5	2.710000E-3	2.000000E-5	0.000000E+0	0.000000E+0	1.964247E-4	2.976042E-9	0.000000E+0	0.000000E+0	1.999959E+1	0.000000E+0	4.000000E+0
24-Apr-25	20:09:46	1.000000E-5	2.024330E+0	-8.000000E-5	3.210000E-5	1.790000E-5	2.710000E-3	2.000000E-5	0.000000E+0	0.000000E+0	1.964247E-4	2.976042E-9	0.000000E+0	0.000000E+0	1.999959E+1	0.000000E+0	4.000000E+0
24-Apr-25	20:09:47	1.000000E-5	2.034175E+0	-8.000000E-5	3.210000E-5	1.795000E-5	2.710000E-3	2.000000E-5	0.000000E+0	0.000000E+0	1.964247E-4	2.976042E-9	0.000000E+0	0.000000E+0	1.999959E+1	0.000000E+0	4.000000E+0
24-Apr-25	20:09:47	1.000000E-5	2.043195E+0	-8.000000E-5	3.220000E-5	1.795000E-5	2.710000E-3	2.000000E-5	0.000000E+0	0.000000E+0	1.964247E-4	2.976042E-9	0.000000E+0	0.000000E+0	1.999959E+1	0.000000E+0	4.000000E+0
24-Apr-25	20:09:48	1.000000E-5	2.052155E+0	-8.000000E-5	3.225000E-5	1.790000E-5	2.710000E-3	2.000000E-5	0.000000E+0	0.000000E+0	1.964247E-4	2.976042E-9	0.000000E+0	0.000000E+0	1.999959E+1	0.000000E+0	4.000000E+0
24-Apr-25	20:09:48	1.000000E-5	2.062355E+0	-8.000000E-5	3.235000E-5	1.795000E-5	2.710000E-3	2.000000E-5	0.000000E+0	0.000000E+0	1.964247E-4	2.976042E-9	0.000000E+0	0.000000E+0	1.999959E+1	0.000000E+0	4.000000E+0
24-Apr-25	20:09:49	1.000000E-5	2.071305E+0	-8.000000E-5	3.235000E-5	1.795000E-5	2.710000E-3	2.000000E-5	0.000000E+0	0.000000E+0	1.964247E-4	2.976042E-9	0.000000E+0	0.000000E+0	1.999959E+1	0.000000E+0	4.000000E+0
24-Apr-25	20:09:49	1.000000E-5	2.080295E+0	-8.000000E-5	3.240000E-5	1.790000E-5	2.710000E-3	2.000000E-5	0.000000E+0	0.000000E+0	1.964247E-4	2.976042E-9	0.000000E+0	0.000000E+0	1.999959E+1	0.000000E+0	4.000000E+0
24-Apr-25	20:09:49	1.000000E-5	2.088420E+0	-8.000000E-5	3.245000E-5	1.795000E-5	2.710000E-3	2.000000E-5	0.000000E+0	0.000000E+0	1.964247E-4	2.976042E-9	0.000000E+0	0.000000E+0	1.999959E+1	0.000000E+0	4.000000E+0
24-Apr-25	20:09:50	1.000000E-5	2.097415E+0	-8.000000E-5	3.245000E-5	1.790000E-5	2.710000E-3	2.000000E-5	0.000000E+0	0.000000E+0	1.964247E-4	2.976042E-9	0.000000E+0	0.000000E+0	1.999959E+1	0.000000E+0	4.000000E+0
24-Apr-25	20:09:51	1.000000E-5	2.108190E+0	-8.000000E-5	3.250000E-5	1.795000E-5	2.710000E-3	2.000000E-5	0.000000E+0	0.000000E+0	1.964247E-4	2.976042E-9	0.000000E+0	0.000000E+0	1.999959E+1	0.000000E+0	4.000000E+0
24-Apr-25	20:09:51	1.000000E-5	2.117150E+0	-8.000000E-5	3.260000E-5	1.795000E-5	2.710000E-3	2.000000E-5	0.000000E+0	0.000000E+0	1.964247E-4	2.976042E-9	0.000000E+0	0.000000E+0	1.999959E+1	0.000000E+0	4.000000E+0
24-Apr-25	20:09:52	1.000000E-5	2.126140E+0	-8.000000E-5	3.265000E-5	1.790000E-5	2.710000E-3	2.000000E-5	0.000000E+0	0.000000E+0	1.964247E-4	2.976042E-9	0.000000E+0	0.000000E+0	1.999959E+1	0.000000E+0	4.000000E+0
24-Apr-25	20:09:52	1.000000E-5	2.136350E+0	-8.000000E-5	3.265000E-5	1.790000E-5	2.710000E-3	2.000000E-5	0.000000E+0	0.000000E+0	1.964247E-4	2.976042E-9	0.000000E+0	0.000000E+0	1.999959E+1	0.000000E+0	4.000000E+0
24-Apr-25	20:09:53	1.000000E-5	2.148925E+0	-8.000000E-5	3.275000E-5	1.785000E-5	2.710000E-3	2.000000E-5	0.000000E+0	0.000000E+0	1.964247E-4	2.976042E-9	0.000000E+0	0.000000E+0	1.999959E+1	0.000000E+0	4.000000E+0
24-Apr-25	20:09:53	1.000000E-5	2.156995E+0	-8.000000E-5	3.280000E-5	1.790000E-5	2.710000E-3	2.000000E-5	0.000000E+0	0.000000E+0	1.964247E-4	2.976042E-9	0.000000E+0	0.000000E+0	1.999959E+1	0.000000E+0	4.000000E+0
24-Apr-25	20:09:54	1.000000E-5	2.165970E+0	-8.000000E-5	3.285000E-5	1.795000E-5	2.710000E-3	2.000000E-5	0.000000E+0	0.000000E+0	1.964247E-4	2.976042E-9	0.000000E+0	0.000000E+0	1.999959E+1	0.000000E+0	4.000000E+0
24-Apr-25	20:09:55	1.000000E-5	2.178725E+0	-8.000000E-5	3.285000E-5	1.790000E-5	2.710000E-3	2.000000E-5	0.000000E+0	0.000000E+0	1.964247E-4	2.976042E-9	0.000000E+0	0.000000E+0	1.999959E+1	0.000000E+0	4.000000E+0
24-Apr-25	20:09:55	1.000000E-5	2.189665E+0	-8.000000E-5	3.295000E-5	1.785000E-5	2.710000E-3	2.000000E-5	0.000000E+0	0.000000E+0	1.964247E-4	2.976042E-9	0.000000E+0	0.000000E+0	1.999959E+1	0.000000E+0	4.000000E+0
24-Apr-25	20:09:56	1.000000E-5	2.198630E+0	-8.000000E-5	3.295000E-5	1.790000E-5	2.710000E-3	2.000000E-5	0.000000E+0	0.000000E+0	1.964247E-4	2.976042E-9	0.000000E+0	0.000000E+0	1.999959E+1	0.000000E+0	4.000000E+0
24-Apr-25	20:09:56	1.000000E-5	2.208535E+0	-8.000000E-5	3.300000E-5	1.790000E-5	2.710000E-3	2.000000E-5	0.000000E+0	0.000000E+0	1.964247E-4	2.976042E-9	0.000000E+0	0.000000E+0	1.999959E+1	0.000000E+0	4.000000E+0
24-Apr-25	20:09:57	1.000000E-5	2.216585E+0	-8.000000E-5	3.305000E-5	1.785000E-5	2.710000E-3	2.000000E-5	0.000000E+0	0.000000E+0	1.964247E-4	2.976042E-9	0.000000E+0	0.000000E+0	1.999959E+1	0.000000E+0	4.000000E+0
24-Apr-25	20:09:57	1.000000E-5	2.225600E+0	-8.000000E-5	3.310000E-5	1.790000E-5	2.710000E-3	2.000000E-5	0.000000E+0	0.000000E+0	1.964247E-4	2.976042E-9	0.000000E+0	0.000000E+0	1.999959E+1	0.000000E+0	4.000000E+0
24-Apr-25	20:09:58	1.000000E-5	2.234585E+0	-8.000000E-5	3.315000E-5	1.790000E-5	2.710000E-3	2.000000E-5	0.000000E+0	0.000000E+0	1.964247E-4	2.976042E-9	0.000000E+0	0.000000E+0	1.999959E+1	0.000000E+0	4.000000E+0
24-Apr-25	20:09:58	1.000000E-5	2.243570E+0	-8.000000E-5	3.315000E-5	1.790000E-5	2.710000E-3	2.000000E-5	0.000000E+0	0.000000E+0	1.964247E-4	2.976042E-9	0.000000E+0	0.000000E+0	1.999959E+1	0.000000E+0	4.000000E+0
24-Apr-25	20:09:59	1.000000E-5	2.254490E+0	-8.000000E-5	3.320000E-5	1.790000E-5	2.710000E-3	2.000000E-5	0.000000E+0	0.000000E+0	1.964247E-4	2.976042E-9	0.000000E+0	0.000000E+0	1.999959E+1	0.000000E+0	4.000000E+0
24-Apr-25	20:09:59	1.000000E-5	2.263435E+0	-8.000000E-5	3.325000E-5	1.790000E-5	2.710000E-3	2.000000E-5	0.000000E+0	0.000000E+0	1.964247E-4	2.976042E-9	0.000000E+0	0.000000E+0	1.999959E+1	0.000000E+0	4.000000E+0
24-Apr-25	20:10:00	1.000000E-5	2.272295E+0	-8.000000E-5	3.325000E-5	1.785000E-5	2.710000E-3	2.000000E-5	0.000000E+0	0.000000E+0	1.964247E-4	2.976042E-9	0.000000E+0	0.000000E+0	1.999959E+1	0.000000E+0	4.000000E+0
24-Apr-25	20:10:00	1.000000E-5	2.280410E+0	-8.000000E-5	3.330000E-5	1.785000E-5	2.710000E-3	2.000000E-5	0.000000E+0	0.000000E+0	1.964247E-4	2.976042E-9	0.000000E+0	0.000000E+0	1.999959E+1	0.000000E+0	4.000000E+0
24-Apr-25	20:10:01	1.000000E-5	2.289410E+0	-8.000000E-5	3.335000E-5	1.785000E-5	2.710000E-3	2.000000E-5	0.000000E+0	0.000000E+0	1.964247E-4	2.976042E-9	0.000000E+0	0.000000E+0	1.999959E+1	0.000000E+0	4.000000E+0
24-Apr-25	20:10:01	1.000000E-5	2.299580E+0	-8.000000E-5	3.340000E-5	1.785000E-5	2.710000E-3	2.000000E-5	0.000000E+0	0.000000E+0	1.964247E-4	2.976042E-9	0.000000E+0	0.000000E+0	1.999959E+1	0.000000E+0	4.000000E+0
24-Apr-25	20:10:02	1.000000E-5	2.309300E+0	-8.000000E-5	3.345000E-5	1.790000E-5	2.710000E-3	2.000000E-5	0.000000E+0	0.000000E+0	1.964247E-4	2.976042E-9	0.000000E+0	0.000000E+0	1.999959E+1	0.000000E+0	4.000000E+0
24-Apr-25	20:10:03	1.000000E-5	2.322945E+0	-8.000000E-5	3.345000E-5	1.785000E-5	2.710000E-3	2.000000E-5	0.000000E+0	0.000000E+0	1.964247E-4	2.976042E-9	0.000000E+0	0.000000E+0	1.999959E+1	0.000000E+0	4.000000E+0
24-Apr-25	20:10:03	1.000000E-5	2.332860E+0	-8.000000E-5	3.350000E-5	1.785000E-5	2.710000E-3	2.000000E-5	0.000000E+0	0.000000E+0	1.964247E-4	2.976042E-9	0.000000E+0	0.000000E+0	1.999959E+1	0.000000E+0	4.000000E+0
24-Apr-25	20:10:04	1.000000E-5	2.342880E+0	-8.000000E-5	3.360000E-5	1.780000E-5	2.710000E-3	2.000000E-5	0.000000E+0	0.000000E+0	1.964247E-4	2.976042E-9	0.000000E+0	0.000000E+0	1.999959E+1	0.000000E+0	4.000000E+0
24-Apr-25	20:10:04	1.000000E-5	2.351730E+0	-8.000000E-5	3.365000E-5	1.780000E-5	2.710000E-3	2.000000E-5	0.000000E+0	0.000000E+0	1.964247E-4	2.976042E-9	0.000000E+0	0.000000E+0	1.999959E+1	0.000000E+0	4.000000E+0
24-Apr-25	20:10:05	1.000000E-5	2.360850E+0	-8.000000E-5	3.365000E-5	1.785000E-5	2.710000E-3	2.000000E-5	0.000000E+0	0.000000E+0	1.964247E-4	2.976042E-9	0.000000E+0	0.000000E+0	1.999959E+1	0.000000E+0	4.000000E+0
24-Apr-25	20:10:05	1.000000E-5	2.369700E+0	-8.000000E-5	3.365000E-5	1.780000E-5	2.710000E-3	2.000000E-5	0.000000E+0	0.000000E+0	1.964247E-4	2.976042E-9	0.000000E+0	0.000000E+0	1.999959E+1	0.000000E+0	4.000000E+0
24-Apr-25	20:10:06	1.000000E-5	2.378695E+0	-8.000000E-5	3.375000E-5	1.780000E-5	2.710000E-3	2.000000E-5	0.000000E+0	0.000000E+0	1.964247E-4	2.976042E-9	0.000000E+0	0.000000E+0	1.999959E+1	0.000000E+0	4.000000E+0
24-Apr-25	20:10:06	1.000000E-5	2.387825E+0	-8.000000E-5	3.375000E-5	1.775000E-5	2.710000E-3	2.000000E-5	0.000000E+0	0.000000E+0	1.964247E-4	2.976042E-9	0.000000E+0	0.000000E+0	1.999959E+1	0.000000E+0	4.000000E+0
24-Apr-25	20:10:07	1.000000E-5	2.395765E+0	-8.000000E-5	3.380000E-5	1.780000E-5	2.710000E-3	2.000000E-5	0.000000E+0	0.000000E+0	1.964247E-4	2.976042E-9	0.000000E+0	0.000000E+0	1.999959E+1	0.000000E+0	4.000000E+0
24-Apr-25	20:10:07	1.000000E-5	2.405045E+0	-8.000000E-5	3.385000E-5	1.780000E-5	2.710000E-3	2.000000E-5	0.000000E+0	0.000000E+0	1.964247E-4	2.976042E-9	0.000000E+0	0.000000E+0	1.999959E+1	0.000000E+0	4.000000E+0
24-Apr-25	20:10:08	1.000000E-5	2.413110E+0	-8.000000E-5	3.390000E-5	1.780000E-5	2.710000E-3	2.000000E-5	0.000000E+0	0.000000E+0	1.964247E-4	2.976042E-9	0.000000E+0	0.000000E+0	1.999959E+1	0.000000E+0	4.000000E+0
24-Apr-25	20:10:08	1.000000E-5	2.422130E+0	-8.000000E-5	3.395000E-5	1.780000E-5	2.710000E-3	2.000000E-5	0.000000E+0	0.000000E+0	1.964247E-4	2.976042E-9	0.000000E+0	0.000000E+0	1.999959E+1	0.000000E+0	4.000000E+0
24-Apr-25	20:10:09	1.000000E-5	2.431105E+0	-8.000000E-5	3.395000E-5	1.785000E-5	2.710000E-3	2.000000E-5	0.000000E+0	0.000000E+0	1.964247E-4	2.976042E-9	0.000000E+0	0.000000E+0	1.999959E+1	0.000000E+0	4.000000E+0
24-Apr-25	20:10:09	1.000000E-5	2.439205E+0	-8.000000E-5	3.395000E-5	1.780000E-5	2.710000E-3	2.000000E-5	0.000000E+0	0.000000E+0	1.964247E-4	2.976042E-9	0.000000E+0	0.000000E+0	1.999959E+1	0.000000E+0	4.000000E+0
24-Apr-25	20:10:10	1.000000E-5	2.448160E+0	-8.000000E-5	3.395000E-5	1.785000E-5	2.710000E-3	2.000000E-5	0.000000E+0	0.000000E+0	1.964247E-4	2.976042E-9	0.000000E+0	0.000000E+0	1.999959E+1	0.000000E+0	4.000000E+0
24-Apr-25	20:10:10	1.000000E-5	2.458045E+0	-8.000000E-5	3.400000E-5	1.780000E-5	2.710000E-3	2.000000E-5	0.000000E+0	0.000000E+0	1.964247E-4	2.976042E-9	0.000000E+0	0.000000E+0	1.999959E+1	0.000000E+0	4.000000E+0
24-Apr-25	20:10:11	1.000000E-5	2.467065E+0	-8.000000E-5	3.405000E-5	1.780000E-5	2.710000E-3	2.000000E-5	0.000000E+0	0.000000E+0	1.964247E-4	2.976042E-9	0.000000E+0	0.000000E+0	1.999959E+1	0.000000E+0	4.000000E+0
24-Apr-25	20:10:11	1.000000E-5	2.476055E+0	-8.000000E-5	3.400000E-5	1.780000E-5	2.710000E-3	2.000000E-5	0.000000E+0	0.000000E+0	1.964247E-4	2.976042E-9	0.000000E+0	0.000000E+0	1.999959E+1	0.000000E+0	4.000000E+0
24-Apr-25	20:10:12	1.000000E-5	2.486810E+0	-8.000000E-5	3.410000E-5	1.785000E-5	2.710000E-3	2.000000E-5	0.000000E+0	0.000000E+0	1.964247E-4	2.976042E-9	0.000000E+0	0.000000E+0	1.999959E+1	0.000000E+0	4.000000E+0
24-Apr-25	20:10:12	1.000000E-5	2.496705E+0	-8.000000E-5	3.415000E-5	1.780000E-5	2.710000E-3	2.000000E-5	0.000000E+0	0.000000E+0	1.964247E-4	2.976042E-9	0.000000E+0	0.000000E+0	1.999959E+1	0.000000E+0	4.000000E+0
24-Apr-25	20:10:13	1.000000E-5	2.506590E+0	-8.000000E-5	3.420000E-5	1.780000E-5	2.710000E-3	2.000000E-5	0.000000E+0	0.000000E+0	1.964247E-4	2.976042E-9	0.000000E+0	0.000000E+0	1.999959E+1	0.000000E+0	4.000000E+0
24-Apr-25	20:10:13	1.000000E-5	2.514695E+0	-8.000000E-5	3.420000E-5	1.780000E-5	2.710000E-3	2.000000E-5	0.000000E+0	0.000000E+0	1.964247E-4	2.976042E-9	0.000000E+0	0.000000E+0	1.999959E+1	0.000000E+0	4.000000E+0
24-Apr-25	20:10:14	1.000000E-5	2.527570E+0	-8.000000E-5	3.425000E-5	1.780000E-5	2.710000E-3	2.000000E-5	0.000000E+0	0.000000E+0	1.964247E-4	2.976042E-9	0.000000E+0	0.000000E+0	1.999959E+1	0.000000E+0	4.000000E+0
24-Apr-25	20:10:15	1.000000E-5	2.537450E+0	-8.000000E-5	3.425000E-5	1.770000E-5	2.710000E-3	2.000000E-5	0.000000E+0	0.000000E+0	1.964247E-4	2.976042E-9	0.000000E+0	0.000000E+0	1.999959E+1	0.000000E+0	4.000000E+0
24-Apr-25	20:10:15	1.000000E-5	2.546425E+0	-8.000000E-5	3.425000E-5	1.775000E-5	2.710000E-3	2.000000E-5	0.000000E+0	0.000000E+0	1.964247E-4	2.976042E-9	0.000000E+0	0.000000E+0	1.999959E+1	0.000000E+0	4.000000E+0
24-Apr-25	20:10:16	1.000000E-5	2.555430E+0	-8.000000E-5	3.430000E-5	1.780000E-5	2.710000E-3	2.000000E-5	0.000000E+0	0.000000E+0	1.964247E-4	2.976042E-9	0.000000E+0	0.000000E+0	1.999959E+1	0.000000E+0	4.000000E+0
24-Apr-25	20:10:16	1.000000E-5	2.568315E+0	-8.000000E-5	3.435000E-5	1.770000E-5	2.710000E-3	2.000000E-5	0.000000E+0	0.000000E+0	1.964247E-4	2.976042E-9	0.000000E+0	0.000000E+0	1.999959E+1	0.000000E+0	4.000000E+0
24-Apr-25	20:10:17	1.000000E-5	2.577275E+0	-8.000000E-5	3.435000E-5	1.775000E-5	2.710000E-3	2.000000E-5	0.000000E+0	0.000000E+0	1.964247E-4	2.976042E-9	0.000000E+0	0.000000E+0	1.999959E+1	0.000000E+0	4.000000E+0
24-Apr-25	20:10:17	1.000000E-5	2.587180E+0	-8.000000E-5	3.435000E-5	1.775000E-5	2.710000E-3	2.000000E-5	0.000000E+0	0.000000E+0	1.964247E-4	2.976042E-9	0.000000E+0	0.000000E+0	1.999959E+1	0.000000E+0	4.000000E+0
24-Apr-25	20:10:18	1.000000E-5	2.598390E+0	-8.000000E-5	3.440000E-5	1.775000E-5	2.710000E-3	2.000000E-5	0.000000E+0	0.000000E+0	1.964247E-4	2.976042E-9	0.000000E+0	0.000000E+0	1.999959E+1	0.000000E+0	4.000000E+0
24-Apr-25	20:10:18	1.000000E-5	2.606100E+0	-8.000000E-5	3.440000E-5	1.770000E-5	2.710000E-3	2.000000E-5	0.000000E+0	0.000000E+0	1.964247E-4	2.976042E-9	0.000000E+0	0.000000E+0	1.999959E+1	0.000000E+0	4.000000E+0
24-Apr-25	20:10:19	1.000000E-5	2.615170E+0	-8.000000E-5	3.445000E-5	1.770000E-5	2.710000E-3	2.000000E-5	0.000000E+0	0.000000E+0	1.964247E-4	2.976042E-9	0.000000E+0	0.000000E+0	1.999959E+1	0.000000E+0	4.000000E+0
24-Apr-25	20:10:19	1.000000E-5	2.626010E+0	-8.000000E-5	3.450000E-5	1.780000E-5	2.710000E-3	2.000000E-5	0.000000E+0	0.000000E+0	1.964247E-4	2.976042E-9	0.000000E+0	0.000000E+0	1.999959E+1	0.000000E+0	4.000000E+0
24-Apr-25	20:10:20	1.000000E-5	2.634120E+0	-8.000000E-5	3.450000E-5	1.775000E-5	2.710000E-3	2.000000E-5	0.000000E+0	0.000000E+0	1.964247E-4	2.976042E-9	0.000000E+0	0.000000E+0	1.999959E+1	0.000000E+0	4.000000E+0
24-Apr-25	20:10:20	1.000000E-5	2.642205E+0	-8.000000E-5	3.450000E-5	1.780000E-5	2.710000E-3	2.000000E-5	0.000000E+0	0.000000E+0	1.964247E-4	2.976042E-9	0.000000E+0	0.000000E+0	1.999959E+1	0.000000E+0	4.000000E+0
24-Apr-25	20:10:21	1.000000E-5	2.651475E+0	-8.000000E-5	3.455000E-5	1.780000E-5	2.710000E-3	2.000000E-5	0.000000E+0	0.000000E+0	1.964247E-4	2.976042E-9	0.000000E+0	0.000000E+0	1.999959E+1	0.000000E+0	4.000000E+0
24-Apr-25	20:10:21	1.000000E-5	2.660100E+0	-8.000000E-5	3.455000E-5	1.780000E-5	2.710000E-3	2.000000E-5	0.000000E+0	0.000000E+0	1.964247E-4	2.976042E-9	0.000000E+0	0.000000E+0	1.999959E+1	0.000000E+0	4.000000E+0
24-Apr-25	20:10:22	1.000000E-5	2.669320E+0	-8.000000E-5	3.460000E-5	1.780000E-5	2.710000E-3	2.000000E-5	0.000000E+0	0.000000E+0	1.964247E-4	2.976042E-9	0.000000E+0	0.000000E+0	1.999959E+1	0.000000E+0	4.000000E+0
24-Apr-25	20:10:22	1.000000E-5	2.677320E+0	-8.000000E-5	3.460000E-5	1.780000E-5	2.710000E-3	2.000000E-5	0.000000E+0	0.000000E+0	1.964247E-4	2.976042E-9	0.000000E+0	0.000000E+0	1.999959E+1	0.000000E+0	4.000000E+0
24-Apr-25	20:10:23	1.000000E-5	2.686040E+0	-8.000000E-5	3.465000E-5	1.780000E-5	2.710000E-3	2.000000E-5	0.000000E+0	0.000000E+0	1.964247E-4	2.976042E-9	0.000000E+0	0.000000E+0	1.999959E+1	0.000000E+0	4.000000E+0
24-Apr-25	20:10:24	1.000000E-5	2.697680E+0	-8.000000E-5	3.465000E-5	1.780000E-5	2.710000E-3	2.000000E-5	0.000000E+0	0.000000E+0	1.964247E-4	2.976042E-9	0.000000E+0	0.000000E+0	1.999959E+1	0.000000E+0	4.000000E+0
24-Apr-25	20:10:24	1.000000E-5	2.706475E+0	-8.000000E-5	3.460000E-5	1.775000E-5	2.710000E-3	2.000000E-5	0.000000E+0	0.000000E+0	1.964247E-4	2.976042E-9	0.000000E+0	0.000000E+0	1.999959E+1	0.000000E+0	4.000000E+0
24-Apr-25	20:10:24	1.000000E-5	2.715265E+0	-8.000000E-5	3.465000E-5	1.775000E-5	2.710000E-3	2.000000E-5	0.000000E+0	0.000000E+0	1.964247E-4	2.976042E-9	0.000000E+0	0.000000E+0	1.999959E+1	0.000000E+0	4.000000E+0
24-Apr-25	20:10:25	1.000000E-5	2.723145E+0	-8.000000E-5	3.470000E-5	1.775000E-5	2.710000E-3	2.000000E-5	0.000000E+0	0.000000E+0	1.964247E-4	2.976042E-9	0.000000E+0	0.000000E+0	1.999959E+1	0.000000E+0	4.000000E+0
24-Apr-25	20:10:25	1.000000E-5	2.731000E+0	-8.000000E-5	3.470000E-5	1.780000E-5	2.710000E-3	2.000000E-5	0.000000E+0	0.000000E+0	1.964247E-4	2.976042E-9	0.000000E+0	0.000000E+0	1.999959E+1	0.000000E+0	4.000000E+0
24-Apr-25	20:10:26	1.000000E-5	2.739710E+0	-8.000000E-5	3.475000E-5	1.775000E-5	2.710000E-3	2.000000E-5	0.000000E+0	0.000000E+0	1.964247E-4	2.976042E-9	0.000000E+0	0.000000E+0	1.999959E+1	0.000000E+0	4.000000E+0
24-Apr-25	20:10:26	1.000000E-5	2.747530E+0	-8.000000E-5	3.475000E-5	1.775000E-5	2.710000E-3	2.000000E-5	0.000000E+0	0.000000E+0	1.964247E-4	2.976042E-9	0.000000E+0	0.000000E+0	1.999959E+1	0.000000E+0	4.000000E+0
24-Apr-25	20:10:27	1.000000E-5	2.755340E+0	-8.000000E-5	3.475000E-5	1.775000E-5	2.710000E-3	2.000000E-5	0.000000E+0	0.000000E+0	1.964247E-4	2.976042E-9	0.000000E+0	0.000000E+0	1.999959E+1	0.000000E+0	4.000000E+0
24-Apr-25	20:10:27	1.000000E-5	2.763985E+0	-8.000000E-5	3.480000E-5	1.770000E-5	2.710000E-3	2.000000E-5	0.000000E+0	0.000000E+0	1.964247E-4	2.976042E-9	0.000000E+0	0.000000E+0	1.999959E+1	0.000000E+0	4.000000E+0
24-Apr-25	20:10:28	1.000000E-5	2.772590E+0	-8.000000E-5	3.480000E-5	1.765000E-5	2.710000E-3	2.000000E-5	0.000000E+0	0.000000E+0	1.964247E-4	2.976042E-9	0.000000E+0	0.000000E+0	1.999959E+1	0.000000E+0	4.000000E+0
24-Apr-25	20:10:28	1.000000E-5	2.781180E+0	-8.000000E-5	3.480000E-5	1.770000E-5	2.710000E-3	2.000000E-5	0.000000E+0	0.000000E+0	1.964247E-4	2.976042E-9	0.000000E+0	0.000000E+0	1.999959E+1	0.000000E+0	4.000000E+0
24-Apr-25	20:10:29	1.000000E-5	2.788890E+0	-8.000000E-5	3.485000E-5	1.775000E-5	2.710000E-3	2.000000E-5	0.000000E+0	0.000000E+0	1.964247E-4	2.976042E-9	0.000000E+0	0.000000E+0	1.999959E+1	0.000000E+0	4.000000E+0
24-Apr-25	20:10:29	1.000000E-5	2.797435E+0	-8.000000E-5	3.485000E-5	1.775000E-5	2.710000E-3	2.000000E-5	0.000000E+0	0.000000E+0	1.964247E-4	2.976042E-9	0.000000E+0	0.000000E+0	1.999959E+1	0.000000E+0	4.000000E+0
24-Apr-25	20:10:30	1.000000E-5	2.805955E+0	-8.000000E-5	3.485000E-5	1.775000E-5	2.710000E-3	2.000000E-5	0.000000E+0	0.000000E+0	1.964247E-4	2.976042E-9	0.000000E+0	0.000000E+0	1.999959E+1	0.000000E+0	4.000000E+0
24-Apr-25	20:10:30	1.000000E-5	2.814455E+0	-8.000000E-5	3.495000E-5	1.770000E-5	2.710000E-3	2.000000E-5	0.000000E+0	0.000000E+0	1.964247E-4	2.976042E-9	0.000000E+0	0.000000E+0	1.999959E+1	0.000000E+0	4.000000E+0
24-Apr-25	20:10:31	1.000000E-5	2.822080E+0	-8.000000E-5	3.615000E-5	1.765000E-5	2.710000E-3	2.000000E-5	0.000000E+0	0.000000E+0	1.964247E-4	2.976042E-9	0.000000E+0	0.000000E+0	1.999959E+1	0.000000E+0	4.000000E+0
24-Apr-25	20:10:31	1.000000E-5	2.830665E+0	-8.000000E-5	3.675000E-5	1.750000E-5	2.710000E-3	2.000000E-5	0.000000E+0	0.000000E+0	1.964247E-4	2.976042E-9	0.000000E+0	0.000000E+0	1.999959E+1	0.000000E+0	4.000000E+0
24-Apr-25	20:10:32	1.000000E-5	2.839225E+0	-8.000000E-5	3.675000E-5	1.755000E-5	2.710000E-3	2.000000E-5	0.000000E+0	0.000000E+0	1.964247E-4	2.976042E-9	0.000000E+0	0.000000E+0	1.999959E+1	0.000000E+0	4.000000E+0
24-Apr-25	20:10:32	1.000000E-5	2.846775E+0	-8.000000E-5	3.680000E-5	1.755000E-5	2.710000E-3	2.000000E-5	0.000000E+0	0.000000E+0	1.964247E-4	2.976042E-9	0.000000E+0	0.000000E+0	1.999959E+1	0.000000E+0	4.000000E+0
24-Apr-25	20:10:33	1.000000E-5	2.855155E+0	-8.000000E-5	3.680000E-5	1.755000E-5	2.710000E-3	2.000000E-5	0.000000E+0	0.000000E+0	1.964247E-4	2.976042E-9	0.000000E+0	0.000000E+0	1.999959E+1	0.000000E+0	4.000000E+0
24-Apr-25	20:10:33	1.000000E-5	2.862680E+0	-8.000000E-5	3.680000E-5	1.755000E-5	2.710000E-3	2.000000E-5	0.000000E+0	0.000000E+0	1.964247E-4	2.976042E-9	0.000000E+0	0.000000E+0	1.999959E+1	0.000000E+0	4.000000E+0
24-Apr-25	20:10:34	1.000000E-5	2.871005E+0	-8.000000E-5	3.680000E-5	1.755000E-5	2.710000E-3	2.000000E-5	0.000000E+0	0.000000E+0	1.964247E-4	2.976042E-9	0.000000E+0	0.000000E+0	1.999959E+1	0.000000E+0	4.000000E+0
24-Apr-25	20:10:34	1.000000E-5	2.879320E+0	-8.000000E-5	3.690000E-5	1.755000E-5	2.710000E-3	2.000000E-5	0.000000E+0	0.000000E+0	1.964247E-4	2.976042E-9	0.000000E+0	0.000000E+0	1.999959E+1	0.000000E+0	4.000000E+0
24-Apr-25	20:10:35	1.000000E-5	2.890085E+0	-8.000000E-5	3.690000E-5	1.755000E-5	2.710000E-3	2.000000E-5	0.000000E+0	0.000000E+0	1.964247E-4	2.976042E-9	0.000000E+0	0.000000E+0	1.999959E+1	0.000000E+0	4.000000E+0
24-Apr-25	20:10:35	1.000000E-5	2.898335E+0	-8.000000E-5	3.695000E-5	1.755000E-5	2.710000E-3	2.000000E-5	0.000000E+0	0.000000E+0	1.964247E-4	2.976042E-9	0.000000E+0	0.000000E+0	1.999959E+1	0.000000E+0	4.000000E+0
24-Apr-25	20:10:36	1.000000E-5	2.907375E+0	-8.000000E-5	3.695000E-5	1.755000E-5	2.710000E-3	2.000000E-5	0.000000E+0	0.000000E+0	1.964247E-4	2.976042E-9	0.000000E+0	0.000000E+0	1.999959E+1	0.000000E+0	4.000000E+0
24-Apr-25	20:10:36	1.000000E-5	2.915570E+0	-8.000000E-5	3.690000E-5	1.755000E-5	2.710000E-3	2.000000E-5	0.000000E+0	0.000000E+0	1.964247E-4	2.976042E-9	0.000000E+0	0.000000E+0	1.999959E+1	0.000000E+0	4.000000E+0
24-Apr-25	20:10:37	1.000000E-5	2.923740E+0	-8.000000E-5	3.690000E-5	1.755000E-5	2.710000E-3	2.000000E-5	0.000000E+0	0.000000E+0	1.964247E-4	2.976042E-9	0.000000E+0	0.000000E+0	1.999959E+1	0.000000E+0	4.000000E+0
24-Apr-25	20:10:37	1.000000E-5	2.931885E+0	-8.000000E-5	3.700000E-5	1.760000E-5	2.710000E-3	2.000000E-5	0.000000E+0	0.000000E+0	1.964247E-4	2.976042E-9	0.000000E+0	0.000000E+0	1.999959E+1	0.000000E+0	4.000000E+0
24-Apr-25	20:10:38	1.000000E-5	2.939205E+0	-8.000000E-5	3.700000E-5	1.755000E-5	2.710000E-3	2.000000E-5	0.000000E+0	0.000000E+0	1.964247E-4	2.976042E-9	0.000000E+0	0.000000E+0	1.999959E+1	0.000000E+0	4.000000E+0
24-Apr-25	20:10:38	1.000000E-5	2.946515E+0	-8.000000E-5	3.695000E-5	1.755000E-5	2.710000E-3	2.000000E-5	0.000000E+0	0.000000E+0	1.964247E-4	2.976042E-9	0.000000E+0	0.000000E+0	1.999959E+1	0.000000E+0	4.000000E+0
24-Apr-25	20:10:39	1.000000E-5	2.954595E+0	-8.000000E-5	3.705000E-5	1.755000E-5	2.710000E-3	2.000000E-5	0.000000E+0	0.000000E+0	1.964247E-4	2.976042E-9	0.000000E+0	0.000000E+0	1.999959E+1	0.000000E+0	4.000000E+0
24-Apr-25	20:10:39	1.000000E-5	2.962660E+0	-8.000000E-5	3.700000E-5	1.755000E-5	2.710000E-3	2.000000E-5	0.000000E+0	0.000000E+0	1.964247E-4	2.976042E-9	0.000000E+0	0.000000E+0	1.999959E+1	0.000000E+0	4.000000E+0
24-Apr-25	20:10:40	1.000000E-5	2.971515E+0	-8.000000E-5	3.705000E-5	1.755000E-5	2.710000E-3	2.000000E-5	0.000000E+0	0.000000E+0	1.964247E-4	2.976042E-9	0.000000E+0	0.000000E+0	1.999959E+1	0.000000E+0	4.000000E+0
24-Apr-25	20:10:40	1.000000E-5	2.979540E+0	-8.000000E-5	3.705000E-5	1.760000E-5	2.710000E-3	2.000000E-5	0.000000E+0	0.000000E+0	1.964247E-4	2.976042E-9	0.000000E+0	0.000000E+0	1.999959E+1	0.000000E+0	4.000000E+0
24-Apr-25	20:10:41	1.000000E-5	2.987520E+0	-8.000000E-5	3.705000E-5	1.755000E-5	2.710000E-3	2.000000E-5	0.000000E+0	0.000000E+0	1.964247E-4	2.976042E-9	0.000000E+0	0.000000E+0	1.999959E+1	0.000000E+0	4.000000E+0
24-Apr-25	20:10:41	1.000000E-5	2.995485E+0	-8.000000E-5	3.705000E-5	1.755000E-5	2.710000E-3	2.000000E-5	0.000000E+0	0.000000E+0	1.964247E-4	2.976042E-9	0.000000E+0	0.000000E+0	1.999959E+1	0.000000E+0	4.000000E+0
24-Apr-25	20:10:42	1.000000E-5	3.003425E+0	-8.000000E-5	3.715000E-5	1.755000E-5	2.710000E-3	2.000000E-5	0.000000E+0	0.000000E+0	1.964247E-4	2.976042E-9	0.000000E+0	0.000000E+0	1.999959E+1	0.000000E+0	4.000000E+0
24-Apr-25	20:10:42	1.000000E-5	3.011360E+0	-8.000000E-5	3.710000E-5	1.755000E-5	2.710000E-3	2.000000E-5	0.000000E+0	0.000000E+0	1.964247E-4	2.976042E-9	0.000000E+0	0.000000E+0	1.999959E+1	0.000000E+0	4.000000E+0
24-Apr-25	20:10:43	1.000000E-5	3.019270E+0	-8.000000E-5	3.715000E-5	1.755000E-5	2.710000E-3	2.000000E-5	0.000000E+0	0.000000E+0	1.964247E-4	2.976042E-9	0.000000E+0	0.000000E+0	1.999959E+1	0.000000E+0	4.000000E+0
24-Apr-25	20:10:43	1.000000E-5	3.027155E+0	-8.000000E-5	3.710000E-5	1.755000E-5	2.710000E-3	2.000000E-5	0.000000E+0	0.000000E+0	1.964247E-4	2.976042E-9	0.000000E+0	0.000000E+0	1.999959E+1	0.000000E+0	4.000000E+0
24-Apr-25	20:10:44	1.000000E-5	3.034225E+0	-8.000000E-5	3.715000E-5	1.755000E-5	2.710000E-3	2.000000E-5	0.000000E+0	0.000000E+0	1.964247E-4	2.976042E-9	0.000000E+0	0.000000E+0	1.999959E+1	0.000000E+0	4.000000E+0
24-Apr-25	20:10:44	1.000000E-5	3.043880E+0	-8.000000E-5	3.715000E-5	1.755000E-5	2.710000E-3	2.000000E-5	0.000000E+0	0.000000E+0	1.964247E-4	2.976042E-9	0.000000E+0	0.000000E+0	1.999959E+1	0.000000E+0	4.000000E+0
24-Apr-25	20:10:45	1.000000E-5	3.050910E+0	-8.000000E-5	3.720000E-5	1.755000E-5	2.710000E-3	2.000000E-5	0.000000E+0	0.000000E+0	1.964247E-4	2.976042E-9	0.000000E+0	0.000000E+0	1.999959E+1	0.000000E+0	4.000000E+0
24-Apr-25	20:10:45	1.000000E-5	3.057915E+0	-8.000000E-5	3.720000E-5	1.755000E-5	2.710000E-3	2.000000E-5	0.000000E+0	0.000000E+0	1.964247E-4	2.976042E-9	0.000000E+0	0.000000E+0	1.999959E+1	0.000000E+0	4.000000E+0
24-Apr-25	20:10:46	1.000000E-5	3.065685E+0	-8.000000E-5	3.725000E-5	1.755000E-5	2.710000E-3	2.000000E-5	0.000000E+0	0.000000E+0	1.964247E-4	2.976042E-9	0.000000E+0	0.000000E+0	1.999959E+1	0.000000E+0	4.000000E+0
24-Apr-25	20:10:46	1.000000E-5	3.073430E+0	-8.000000E-5	3.715000E-5	1.755000E-5	2.710000E-3	2.000000E-5	0.000000E+0	0.000000E+0	1.964247E-4	2.976042E-9	0.000000E+0	0.000000E+0	1.999959E+1	0.000000E+0	4.000000E+0
24-Apr-25	20:10:47	1.000000E-5	3.081155E+0	-8.000000E-5	3.710000E-5	1.755000E-5	2.710000E-3	2.000000E-5	0.000000E+0	0.000000E+0	1.964247E-4	2.976042E-9	0.000000E+0	0.000000E+0	1.999959E+1	0.000000E+0	4.000000E+0
24-Apr-25	20:10:47	1.000000E-5	3.091160E+0	-8.000000E-5	3.715000E-5	1.755000E-5	2.710000E-3	2.000000E-5	0.000000E+0	0.000000E+0	1.964247E-4	2.976042E-9	0.000000E+0	0.000000E+0	1.999959E+1	0.000000E+0	4.000000E+0
24-Apr-25	20:10:48	1.000000E-5	3.098820E+0	-8.000000E-5	3.720000E-5	1.755000E-5	2.710000E-3	2.000000E-5	0.000000E+0	0.000000E+0	1.964247E-4	2.976042E-9	0.000000E+0	0.000000E+0	1.999959E+1	0.000000E+0	4.000000E+0
24-Apr-25	20:10:48	1.000000E-5	3.105705E+0	-8.000000E-5	3.715000E-5	1.755000E-5	2.710000E-3	2.000000E-5	0.000000E+0	0.000000E+0	1.964247E-4	2.976042E-9	0.000000E+0	0.000000E+0	1.999959E+1	0.000000E+0	4.000000E+0
24-Apr-25	20:10:49	1.000000E-5	3.113320E+0	-8.000000E-5	3.720000E-5	1.755000E-5	2.710000E-3	2.000000E-5	0.000000E+0	0.000000E+0	1.964247E-4	2.976042E-9	0.000000E+0	0.000000E+0	1.999959E+1	0.000000E+0	4.000000E+0
24-Apr-25	20:10:49	1.000000E-5	3.120925E+0	-8.000000E-5	3.725000E-5	1.750000E-5	2.710000E-3	2.000000E-5	0.000000E+0	0.000000E+0	1.964247E-4	2.976042E-9	0.000000E+0	0.000000E+0	1.999959E+1	0.000000E+0	4.000000E+0
24-Apr-25	20:10:50	1.000000E-5	3.127770E+0	-8.000000E-5	3.730000E-5	1.755000E-5	2.710000E-3	2.000000E-5	0.000000E+0	0.000000E+0	1.964247E-4	2.976042E-9	0.000000E+0	0.000000E+0	1.999959E+1	0.000000E+0	4.000000E+0
24-Apr-25	20:10:50	1.000000E-5	3.135340E+0	-8.000000E-5	3.725000E-5	1.760000E-5	2.710000E-3	2.000000E-5	0.000000E+0	0.000000E+0	1.964247E-4	2.976042E-9	0.000000E+0	0.000000E+0	1.999959E+1	0.000000E+0	4.000000E+0
24-Apr-25	20:10:51	1.000000E-5	3.142870E+0	-8.000000E-5	3.725000E-5	1.750000E-5	2.710000E-3	2.000000E-5	0.000000E+0	0.000000E+0	1.964247E-4	2.976042E-9	0.000000E+0	0.000000E+0	1.999959E+1	0.000000E+0	4.000000E+0
24-Apr-25	20:10:51	1.000000E-5	3.150400E+0	-8.000000E-5	3.730000E-5	1.750000E-5	2.710000E-3	2.000000E-5	0.000000E+0	0.000000E+0	1.964247E-4	2.976042E-9	0.000000E+0	0.000000E+0	1.999959E+1	0.000000E+0	4.000000E+0
24-Apr-25	20:10:52	1.000000E-5	3.157885E+0	-8.000000E-5	3.725000E-5	1.760000E-5	2.710000E-3	2.000000E-5	0.000000E+0	0.000000E+0	1.964247E-4	2.976042E-9	0.000000E+0	0.000000E+0	1.999959E+1	0.000000E+0	4.000000E+0
24-Apr-25	20:10:52	1.000000E-5	3.166110E+0	-8.000000E-5	3.725000E-5	1.755000E-5	2.710000E-3	2.000000E-5	0.000000E+0	0.000000E+0	1.964247E-4	2.976042E-9	0.000000E+0	0.000000E+0	1.999959E+1	0.000000E+0	4.000000E+0
24-Apr-25	20:10:53	1.000000E-5	3.172820E+0	-8.000000E-5	3.725000E-5	1.755000E-5	2.710000E-3	2.000000E-5	0.000000E+0	0.000000E+0	1.964247E-4	2.976042E-9	0.000000E+0	0.000000E+0	1.999959E+1	0.000000E+0	4.000000E+0
24-Apr-25	20:10:53	1.000000E-5	3.180250E+0	-8.000000E-5	3.725000E-5	1.755000E-5	2.710000E-3	2.000000E-5	0.000000E+0	0.000000E+0	1.964247E-4	2.976042E-9	0.000000E+0	0.000000E+0	1.999959E+1	0.000000E+0	4.000000E+0
24-Apr-25	20:10:54	1.000000E-5	3.187675E+0	-8.000000E-5	3.730000E-5	1.755000E-5	2.710000E-3	2.000000E-5	0.000000E+0	0.000000E+0	1.964247E-4	2.976042E-9	0.000000E+0	0.000000E+0	1.999959E+1	0.000000E+0	4.000000E+0
24-Apr-25	20:10:54	1.000000E-5	3.195065E+0	-8.000000E-5	3.730000E-5	1.750000E-5	2.710000E-3	2.000000E-5	0.000000E+0	0.000000E+0	1.964247E-4	2.976042E-9	0.000000E+0	0.000000E+0	1.999959E+1	0.000000E+0	4.000000E+0
24-Apr-25	20:10:55	1.000000E-5	3.202455E+0	-8.000000E-5	3.730000E-5	1.755000E-5	2.710000E-3	2.000000E-5	0.000000E+0	0.000000E+0	1.964247E-4	2.976042E-9	0.000000E+0	0.000000E+0	1.999959E+1	0.000000E+0	4.000000E+0
24-Apr-25	20:10:56	1.000000E-5	3.212250E+0	-8.000000E-5	3.730000E-5	1.755000E-5	2.710000E-3	2.000000E-5	0.000000E+0	0.000000E+0	1.964247E-4	2.976042E-9	0.000000E+0	0.000000E+0	1.999959E+1	0.000000E+0	4.000000E+0
24-Apr-25	20:10:56	1.000000E-5	3.219570E+0	-8.000000E-5	3.730000E-5	1.760000E-5	2.710000E-3	2.000000E-5	0.000000E+0	0.000000E+0	1.964247E-4	2.976042E-9	0.000000E+0	0.000000E+0	1.999959E+1	0.000000E+0	4.000000E+0
24-Apr-25	20:10:56	1.000000E-5	3.226140E+0	-8.000000E-5	3.735000E-5	1.750000E-5	2.710000E-3	2.000000E-5	0.000000E+0	0.000000E+0	1.964247E-4	2.976042E-9	0.000000E+0	0.000000E+0	1.999959E+1	0.000000E+0	4.000000E+0
24-Apr-25	20:10:57	1.000000E-5	3.233410E+0	-8.000000E-5	3.740000E-5	1.750000E-5	2.710000E-3	2.000000E-5	0.000000E+0	0.000000E+0	1.964247E-4	2.976042E-9	0.000000E+0	0.000000E+0	1.999959E+1	0.000000E+0	4.000000E+0
24-Apr-25	20:10:57	1.000000E-5	3.239960E+0	-8.000000E-5	3.745000E-5	1.755000E-5	2.710000E-3	2.000000E-5	0.000000E+0	0.000000E+0	1.964247E-4	2.976042E-9	0.000000E+0	0.000000E+0	1.999959E+1	0.000000E+0	4.000000E+0
24-Apr-25	20:10:58	1.000000E-5	3.247190E+0	-8.000000E-5	3.745000E-5	1.755000E-5	2.710000E-3	2.000000E-5	0.000000E+0	0.000000E+0	1.964247E-4	2.976042E-9	0.000000E+0	0.000000E+0	1.999959E+1	0.000000E+0	4.000000E+0
24-Apr-25	20:10:59	1.000000E-5	3.254415E+0	-8.000000E-5	3.735000E-5	1.750000E-5	2.710000E-3	2.000000E-5	0.000000E+0	0.000000E+0	1.964247E-4	2.976042E-9	0.000000E+0	0.000000E+0	1.999959E+1	0.000000E+0	4.000000E+0
24-Apr-25	20:10:59	1.000000E-5	3.263295E+0	-8.000000E-5	3.740000E-5	1.750000E-5	2.710000E-3	2.000000E-5	0.000000E+0	0.000000E+0	1.964247E-4	2.976042E-9	0.000000E+0	0.000000E+0	1.999959E+1	0.000000E+0	4.000000E+0
24-Apr-25	20:11:00	1.000000E-5	3.272625E+0	-8.000000E-5	3.745000E-5	1.755000E-5	2.710000E-3	2.000000E-5	0.000000E+0	0.000000E+0	1.964247E-4	2.976042E-9	0.000000E+0	0.000000E+0	1.999959E+1	0.000000E+0	4.000000E+0
24-Apr-25	20:11:00	1.000000E-5	3.280480E+0	-8.000000E-5	3.740000E-5	1.750000E-5	2.710000E-3	2.000000E-5	0.000000E+0	0.000000E+0	1.964247E-4	2.976042E-9	0.000000E+0	0.000000E+0	1.999959E+1	0.000000E+0	4.000000E+0
24-Apr-25	20:11:01	1.000000E-5	3.287610E+0	-8.000000E-5	3.745000E-5	1.745000E-5	2.710000E-3	2.000000E-5	0.000000E+0	0.000000E+0	1.964247E-4	2.976042E-9	0.000000E+0	0.000000E+0	1.999959E+1	0.000000E+0	4.000000E+0
24-Apr-25	20:11:01	1.000000E-5	3.294715E+0	-8.000000E-5	3.750000E-5	1.750000E-5	2.710000E-3	2.000000E-5	0.000000E+0	0.000000E+0	1.964247E-4	2.976042E-9	0.000000E+0	0.000000E+0	1.999959E+1	0.000000E+0	4.000000E+0
24-Apr-25	20:11:02	1.000000E-5	3.301790E+0	-8.000000E-5	3.750000E-5	1.750000E-5	2.710000E-3	2.000000E-5	0.000000E+0	0.000000E+0	1.964247E-4	2.976042E-9	0.000000E+0	0.000000E+0	1.999959E+1	0.000000E+0	4.000000E+0
24-Apr-25	20:11:02	1.000000E-5	3.309550E+0	-8.000000E-5	3.750000E-5	1.755000E-5	2.710000E-3	2.000000E-5	0.000000E+0	0.000000E+0	1.964247E-4	2.976042E-9	0.000000E+0	0.000000E+0	1.999959E+1	0.000000E+0	4.000000E+0
24-Apr-25	20:11:03	1.000000E-5	3.317285E+0	-8.000000E-5	3.750000E-5	1.750000E-5	2.710000E-3	2.000000E-5	0.000000E+0	0.000000E+0	1.964247E-4	2.976042E-9	0.000000E+0	0.000000E+0	1.999959E+1	0.000000E+0	4.000000E+0
24-Apr-25	20:11:03	1.000000E-5	3.325710E+0	-8.000000E-5	3.750000E-5	1.755000E-5	2.710000E-3	2.000000E-5	0.000000E+0	0.000000E+0	1.964247E-4	2.976042E-9	0.000000E+0	0.000000E+0	1.999959E+1	0.000000E+0	4.000000E+0
24-Apr-25	20:11:04	1.000000E-5	3.332685E+0	-8.000000E-5	3.750000E-5	1.755000E-5	2.710000E-3	2.000000E-5	0.000000E+0	0.000000E+0	1.964247E-4	2.976042E-9	0.000000E+0	0.000000E+0	1.999959E+1	0.000000E+0	4.000000E+0
24-Apr-25	20:11:04	1.000000E-5	3.339675E+0	-8.000000E-5	3.745000E-5	1.750000E-5	2.710000E-3	2.000000E-5	0.000000E+0	0.000000E+0	1.964247E-4	2.976042E-9	0.000000E+0	0.000000E+0	1.999959E+1	0.000000E+0	4.000000E+0
24-Apr-25	20:11:05	1.000000E-5	3.346620E+0	-8.000000E-5	3.745000E-5	1.750000E-5	2.710000E-3	2.000000E-5	0.000000E+0	0.000000E+0	1.964247E-4	2.976042E-9	0.000000E+0	0.000000E+0	1.999959E+1	0.000000E+0	4.000000E+0
24-Apr-25	20:11:06	1.000000E-5	3.354475E+0	-8.000000E-5	3.750000E-5	1.755000E-5	2.710000E-3	2.000000E-5	0.000000E+0	0.000000E+0	1.964247E-4	2.976042E-9	0.000000E+0	0.000000E+0	1.999959E+1	0.000000E+0	4.000000E+0
24-Apr-25	20:11:06	1.000000E-5	3.361385E+0	-8.000000E-5	3.755000E-5	1.750000E-5	2.710000E-3	2.000000E-5	0.000000E+0	0.000000E+0	1.964247E-4	2.976042E-9	0.000000E+0	0.000000E+0	1.999959E+1	0.000000E+0	4.000000E+0
24-Apr-25	20:11:07	1.000000E-5	3.368165E+0	-8.000000E-5	3.755000E-5	1.760000E-5	2.720000E-3	2.000000E-5	0.000000E+0	0.000000E+0	1.964247E-4	2.976042E-9	0.000000E+0	0.000000E+0	1.999959E+1	0.000000E+0	4.000000E+0
24-Apr-25	20:11:07	1.000000E-5	3.375830E+0	-8.000000E-5	3.745000E-5	1.750000E-5	2.720000E-3	2.000000E-5	0.000000E+0	0.000000E+0	1.964247E-4	2.976042E-9	0.000000E+0	0.000000E+0	1.999959E+1	0.000000E+0	4.000000E+0
24-Apr-25	20:11:08	1.000000E-5	3.383365E+0	-8.000000E-5	3.750000E-5	1.750000E-5	2.710000E-3	2.000000E-5	0.000000E+0	0.000000E+0	1.964247E-4	2.976042E-9	0.000000E+0	0.000000E+0	1.999959E+1	0.000000E+0	4.000000E+0
24-Apr-25	20:11:08	1.000000E-5	3.390200E+0	-8.000000E-5	3.750000E-5	1.750000E-5	2.710000E-3	2.000000E-5	0.000000E+0	0.000000E+0	1.964247E-4	2.976042E-9	0.000000E+0	0.000000E+0	1.999959E+1	0.000000E+0	4.000000E+0
24-Apr-25	20:11:09	1.000000E-5	3.397005E+0	-8.000000E-5	3.750000E-5	1.750000E-5	2.710000E-3	2.000000E-5	0.000000E+0	0.000000E+0	1.964247E-4	2.976042E-9	0.000000E+0	0.000000E+0	1.999959E+1	0.000000E+0	4.000000E+0
24-Apr-25	20:11:09	1.000000E-5	3.403795E+0	-8.000000E-5	3.755000E-5	1.750000E-5	2.710000E-3	2.000000E-5	0.000000E+0	0.000000E+0	1.964247E-4	2.976042E-9	0.000000E+0	0.000000E+0	1.999959E+1	0.000000E+0	4.000000E+0
24-Apr-25	20:11:10	1.000000E-5	3.409890E+0	-8.000000E-5	3.755000E-5	1.750000E-5	2.720000E-3	2.000000E-5	0.000000E+0	0.000000E+0	1.964247E-4	2.976042E-9	0.000000E+0	0.000000E+0	1.999959E+1	0.000000E+0	4.000000E+0
24-Apr-25	20:11:10	1.000000E-5	3.416620E+0	-8.000000E-5	3.755000E-5	1.745000E-5	2.720000E-3	2.000000E-5	0.000000E+0	0.000000E+0	1.964247E-4	2.976042E-9	0.000000E+0	0.000000E+0	1.999959E+1	0.000000E+0	4.000000E+0
24-Apr-25	20:11:11	1.000000E-5	3.426145E+0	-8.000000E-5	3.750000E-5	1.755000E-5	2.720000E-3	2.000000E-5	0.000000E+0	0.000000E+0	1.964247E-4	2.976042E-9	0.000000E+0	0.000000E+0	1.999959E+1	0.000000E+0	4.000000E+0
24-Apr-25	20:11:11	1.000000E-5	3.432965E+0	-8.000000E-5	3.750000E-5	1.760000E-5	2.720000E-3	2.000000E-5	0.000000E+0	0.000000E+0	1.964247E-4	2.976042E-9	0.000000E+0	0.000000E+0	1.999959E+1	0.000000E+0	4.000000E+0
24-Apr-25	20:11:12	1.000000E-5	3.439655E+0	-8.000000E-5	3.750000E-5	1.750000E-5	2.720000E-3	2.000000E-5	0.000000E+0	0.000000E+0	1.964247E-4	2.976042E-9	0.000000E+0	0.000000E+0	1.999959E+1	0.000000E+0	4.000000E+0
24-Apr-25	20:11:13	1.000000E-5	3.448980E+0	-8.000000E-5	3.755000E-5	1.755000E-5	2.710000E-3	2.000000E-5	0.000000E+0	0.000000E+0	1.964247E-4	2.976042E-9	0.000000E+0	0.000000E+0	1.999959E+1	0.000000E+0	4.000000E+0
24-Apr-25	20:11:13	1.000000E-5	3.456285E+0	-8.000000E-5	3.755000E-5	1.755000E-5	2.710000E-3	2.000000E-5	0.000000E+0	0.000000E+0	1.964247E-4	2.976042E-9	0.000000E+0	0.000000E+0	1.999959E+1	0.000000E+0	4.000000E+0
24-Apr-25	20:11:14	1.000000E-5	3.462895E+0	-8.000000E-5	3.755000E-5	1.755000E-5	2.720000E-3	2.000000E-5	0.000000E+0	0.000000E+0	1.964247E-4	2.976042E-9	0.000000E+0	0.000000E+0	1.999959E+1	0.000000E+0	4.000000E+0
24-Apr-25	20:11:14	1.000000E-5	3.471020E+0	-8.000000E-5	3.755000E-5	1.755000E-5	2.720000E-3	2.000000E-5	0.000000E+0	0.000000E+0	1.964247E-4	2.976042E-9	0.000000E+0	0.000000E+0	1.999959E+1	0.000000E+0	4.000000E+0
24-Apr-25	20:11:15	1.000000E-5	3.478245E+0	-8.000000E-5	3.760000E-5	1.755000E-5	2.720000E-3	2.000000E-5	0.000000E+0	0.000000E+0	1.964247E-4	2.976042E-9	0.000000E+0	0.000000E+0	1.999959E+1	0.000000E+0	4.000000E+0
24-Apr-25	20:11:15	1.000000E-5	3.484790E+0	-8.000000E-5	3.760000E-5	1.745000E-5	2.710000E-3	2.000000E-5	0.000000E+0	0.000000E+0	1.964247E-4	2.976042E-9	0.000000E+0	0.000000E+0	1.999959E+1	0.000000E+0	4.000000E+0
24-Apr-25	20:11:16	1.000000E-5	3.491320E+0	-8.000000E-5	3.760000E-5	1.745000E-5	2.710000E-3	2.000000E-5	0.000000E+0	0.000000E+0	1.964247E-4	2.976042E-9	0.000000E+0	0.000000E+0	1.999959E+1	0.000000E+0	4.000000E+0
24-Apr-25	20:11:16	1.000000E-5	3.497835E+0	-8.000000E-5	3.765000E-5	1.745000E-5	2.720000E-3	2.000000E-5	0.000000E+0	0.000000E+0	1.964247E-4	2.976042E-9	0.000000E+0	0.000000E+0	1.999959E+1	0.000000E+0	4.000000E+0
24-Apr-25	20:11:17	1.000000E-5	3.504320E+0	-8.000000E-5	3.755000E-5	1.750000E-5	2.720000E-3	2.000000E-5	0.000000E+0	0.000000E+0	1.964247E-4	2.976042E-9	0.000000E+0	0.000000E+0	1.999959E+1	0.000000E+0	4.000000E+0
24-Apr-25	20:11:18	1.000000E-5	3.513505E+0	-8.000000E-5	3.755000E-5	1.745000E-5	2.720000E-3	2.000000E-5	0.000000E+0	0.000000E+0	1.964247E-4	2.976042E-9	0.000000E+0	0.000000E+0	1.999959E+1	0.000000E+0	4.000000E+0
24-Apr-25	20:11:18	1.000000E-5	3.523915E+0	-8.000000E-5	3.755000E-5	1.750000E-5	2.710000E-3	2.000000E-5	0.000000E+0	0.000000E+0	1.964247E-4	2.976042E-9	0.000000E+0	0.000000E+0	1.999959E+1	0.000000E+0	4.000000E+0
24-Apr-25	20:11:19	1.000000E-5	3.530980E+0	-8.000000E-5	3.750000E-5	1.750000E-5	2.710000E-3	2.000000E-5	0.000000E+0	0.000000E+0	1.964247E-4	2.976042E-9	0.000000E+0	0.000000E+0	1.999959E+1	0.000000E+0	4.000000E+0
24-Apr-25	20:11:19	1.000000E-5	3.537375E+0	-8.000000E-5	3.755000E-5	1.745000E-5	2.720000E-3	2.000000E-5	0.000000E+0	0.000000E+0	1.964247E-4	2.976042E-9	0.000000E+0	0.000000E+0	1.999959E+1	0.000000E+0	4.000000E+0
24-Apr-25	20:11:20	1.000000E-5	3.543755E+0	-8.000000E-5	3.760000E-5	1.745000E-5	2.720000E-3	2.000000E-5	0.000000E+0	0.000000E+0	1.964247E-4	2.976042E-9	0.000000E+0	0.000000E+0	1.999959E+1	0.000000E+0	4.000000E+0
24-Apr-25	20:11:20	1.000000E-5	3.550215E+0	-8.000000E-5	3.760000E-5	1.750000E-5	2.720000E-3	2.000000E-5	0.000000E+0	0.000000E+0	1.964247E-4	2.976042E-9	0.000000E+0	0.000000E+0	1.999959E+1	0.000000E+0	4.000000E+0
24-Apr-25	20:11:21	1.000000E-5	3.557280E+0	-8.000000E-5	3.765000E-5	1.755000E-5	2.720000E-3	2.000000E-5	0.000000E+0	0.000000E+0	1.964247E-4	2.976042E-9	0.000000E+0	0.000000E+0	1.999959E+1	0.000000E+0	4.000000E+0
24-Apr-25	20:11:21	1.000000E-5	3.563605E+0	-8.000000E-5	3.760000E-5	1.750000E-5	2.720000E-3	2.000000E-5	0.000000E+0	0.000000E+0	1.964247E-4	2.976042E-9	0.000000E+0	0.000000E+0	1.999959E+1	0.000000E+0	4.000000E+0
24-Apr-25	20:11:22	1.000000E-5	3.569715E+0	-8.000000E-5	3.765000E-5	1.745000E-5	2.720000E-3	2.000000E-5	0.000000E+0	0.000000E+0	1.964247E-4	2.976042E-9	0.000000E+0	0.000000E+0	1.999959E+1	0.000000E+0	4.000000E+0
24-Apr-25	20:11:22	1.000000E-5	3.575990E+0	-8.000000E-5	3.765000E-5	1.750000E-5	2.720000E-3	2.000000E-5	0.000000E+0	0.000000E+0	1.964247E-4	2.976042E-9	0.000000E+0	0.000000E+0	1.999959E+1	0.000000E+0	4.000000E+0
24-Apr-25	20:11:23	1.000000E-5	3.584350E+0	-8.000000E-5	3.765000E-5	1.750000E-5	2.720000E-3	2.000000E-5	0.000000E+0	0.000000E+0	1.964247E-4	2.976042E-9	0.000000E+0	0.000000E+0	1.999959E+1	0.000000E+0	4.000000E+0
24-Apr-25	20:11:23	1.000000E-5	3.590605E+0	-8.000000E-5	3.760000E-5	1.745000E-5	2.720000E-3	2.000000E-5	0.000000E+0	0.000000E+0	1.964247E-4	2.976042E-9	0.000000E+0	0.000000E+0	1.999959E+1	0.000000E+0	4.000000E+0
24-Apr-25	20:11:24	1.000000E-5	3.596810E+0	-8.000000E-5	3.770000E-5	1.750000E-5	2.720000E-3	2.000000E-5	0.000000E+0	0.000000E+0	1.964247E-4	2.976042E-9	0.000000E+0	0.000000E+0	1.999959E+1	0.000000E+0	4.000000E+0
24-Apr-25	20:11:24	1.000000E-5	3.603015E+0	-8.000000E-5	3.770000E-5	1.755000E-5	2.720000E-3	2.000000E-5	0.000000E+0	0.000000E+0	1.964247E-4	2.976042E-9	0.000000E+0	0.000000E+0	1.999959E+1	0.000000E+0	4.000000E+0
24-Apr-25	20:11:25	1.000000E-5	3.608575E+0	-8.000000E-5	3.775000E-5	1.750000E-5	2.720000E-3	2.000000E-5	0.000000E+0	0.000000E+0	1.964247E-4	2.976042E-9	0.000000E+0	0.000000E+0	1.999959E+1	0.000000E+0	4.000000E+0
24-Apr-25	20:11:26	1.000000E-5	3.614755E+0	-8.000000E-5	3.770000E-5	1.750000E-5	2.720000E-3	2.000000E-5	0.000000E+0	0.000000E+0	1.964247E-4	2.976042E-9	0.000000E+0	0.000000E+0	1.999959E+1	0.000000E+0	4.000000E+0
24-Apr-25	20:11:26	1.000000E-5	3.622760E+0	-8.000000E-5	3.770000E-5	1.750000E-5	2.720000E-3	2.000000E-5	0.000000E+0	0.000000E+0	1.964247E-4	2.976042E-9	0.000000E+0	0.000000E+0	1.999959E+1	0.000000E+0	4.000000E+0
24-Apr-25	20:11:27	1.000000E-5	3.628885E+0	-8.000000E-5	3.775000E-5	1.750000E-5	2.720000E-3	2.000000E-5	0.000000E+0	0.000000E+0	1.964247E-4	2.976042E-9	0.000000E+0	0.000000E+0	1.999959E+1	0.000000E+0	4.000000E+0
24-Apr-25	20:11:27	1.000000E-5	3.635000E+0	-8.000000E-5	3.770000E-5	1.750000E-5	2.720000E-3	2.000000E-5	0.000000E+0	0.000000E+0	1.964247E-4	2.976042E-9	0.000000E+0	0.000000E+0	1.999959E+1	0.000000E+0	4.000000E+0
24-Apr-25	20:11:28	1.000000E-5	3.641090E+0	-8.000000E-5	3.770000E-5	1.750000E-5	2.720000E-3	2.000000E-5	0.000000E+0	0.000000E+0	1.964247E-4	2.976042E-9	0.000000E+0	0.000000E+0	1.999959E+1	0.000000E+0	4.000000E+0
24-Apr-25	20:11:28	1.000000E-5	3.646560E+0	-8.000000E-5	3.775000E-5	1.750000E-5	2.720000E-3	2.000000E-5	0.000000E+0	0.000000E+0	1.964247E-4	2.976042E-9	0.000000E+0	0.000000E+0	1.999959E+1	0.000000E+0	4.000000E+0
24-Apr-25	20:11:29	1.000000E-5	3.652625E+0	-8.000000E-5	3.770000E-5	1.750000E-5	2.720000E-3	2.000000E-5	0.000000E+0	0.000000E+0	1.964247E-4	2.976042E-9	0.000000E+0	0.000000E+0	1.999959E+1	0.000000E+0	4.000000E+0
24-Apr-25	20:11:29	1.000000E-5	3.658675E+0	-8.000000E-5	3.770000E-5	1.750000E-5	2.720000E-3	2.000000E-5	0.000000E+0	0.000000E+0	1.964247E-4	2.976042E-9	0.000000E+0	0.000000E+0	1.999959E+1	0.000000E+0	4.000000E+0
24-Apr-25	20:11:30	1.000000E-5	3.665500E+0	-8.000000E-5	3.770000E-5	1.745000E-5	2.720000E-3	2.000000E-5	0.000000E+0	0.000000E+0	1.964247E-4	2.976042E-9	0.000000E+0	0.000000E+0	1.999959E+1	0.000000E+0	4.000000E+0
24-Apr-25	20:11:30	1.000000E-5	3.671510E+0	-8.000000E-5	3.770000E-5	1.745000E-5	2.720000E-3	2.000000E-5	0.000000E+0	0.000000E+0	1.964247E-4	2.976042E-9	0.000000E+0	0.000000E+0	1.999959E+1	0.000000E+0	4.000000E+0
24-Apr-25	20:11:31	1.000000E-5	3.676905E+0	-8.000000E-5	3.770000E-5	1.750000E-5	2.720000E-3	2.000000E-5	0.000000E+0	0.000000E+0	1.964247E-4	2.976042E-9	0.000000E+0	0.000000E+0	1.999959E+1	0.000000E+0	4.000000E+0
24-Apr-25	20:11:31	1.000000E-5	3.682780E+0	-8.000000E-5	3.770000E-5	1.750000E-5	2.720000E-3	2.000000E-5	0.000000E+0	0.000000E+0	1.964247E-4	2.976042E-9	0.000000E+0	0.000000E+0	1.999959E+1	0.000000E+0	4.000000E+0
24-Apr-25	20:11:32	1.000000E-5	3.688640E+0	-8.000000E-5	3.765000E-5	1.750000E-5	2.720000E-3	2.000000E-5	0.000000E+0	0.000000E+0	1.964247E-4	2.976042E-9	0.000000E+0	0.000000E+0	1.999959E+1	0.000000E+0	4.000000E+0
24-Apr-25	20:11:32	1.000000E-5	3.694580E+0	-8.000000E-5	3.770000E-5	1.745000E-5	2.720000E-3	2.000000E-5	0.000000E+0	0.000000E+0	1.964247E-4	2.976042E-9	0.000000E+0	0.000000E+0	1.999959E+1	0.000000E+0	4.000000E+0
24-Apr-25	20:11:33	1.000000E-5	3.700500E+0	-8.000000E-5	3.770000E-5	1.745000E-5	2.720000E-3	2.000000E-5	0.000000E+0	0.000000E+0	1.964247E-4	2.976042E-9	0.000000E+0	0.000000E+0	1.999959E+1	0.000000E+0	4.000000E+0
24-Apr-25	20:11:33	1.000000E-5	3.706400E+0	-8.000000E-5	3.775000E-5	1.750000E-5	2.720000E-3	2.000000E-5	0.000000E+0	0.000000E+0	1.964247E-4	2.976042E-9	0.000000E+0	0.000000E+0	1.999959E+1	0.000000E+0	4.000000E+0
24-Apr-25	20:11:34	1.000000E-5	3.712285E+0	-8.000000E-5	3.770000E-5	1.750000E-5	2.720000E-3	2.000000E-5	0.000000E+0	0.000000E+0	1.964247E-4	2.976042E-9	0.000000E+0	0.000000E+0	1.999959E+1	0.000000E+0	4.000000E+0
24-Apr-25	20:11:34	1.000000E-5	3.719325E+0	-8.000000E-5	3.775000E-5	1.750000E-5	2.720000E-3	2.000000E-5	0.000000E+0	0.000000E+0	1.964247E-4	2.976042E-9	0.000000E+0	0.000000E+0	1.999959E+1	0.000000E+0	4.000000E+0
24-Apr-25	20:11:35	1.000000E-5	3.724590E+0	-8.000000E-5	3.780000E-5	1.755000E-5	2.720000E-3	2.000000E-5	0.000000E+0	0.000000E+0	1.964247E-4	2.976042E-9	0.000000E+0	0.000000E+0	1.999959E+1	0.000000E+0	4.000000E+0
24-Apr-25	20:11:35	1.000000E-5	3.730420E+0	-8.000000E-5	3.775000E-5	1.760000E-5	2.720000E-3	2.000000E-5	0.000000E+0	0.000000E+0	1.964247E-4	2.976042E-9	0.000000E+0	0.000000E+0	1.999959E+1	0.000000E+0	4.000000E+0
24-Apr-25	20:11:36	1.000000E-5	3.736240E+0	-8.000000E-5	3.775000E-5	1.755000E-5	2.720000E-3	2.000000E-5	0.000000E+0	0.000000E+0	1.964247E-4	2.976042E-9	0.000000E+0	0.000000E+0	1.999959E+1	0.000000E+0	4.000000E+0
24-Apr-25	20:11:36	1.000000E-5	3.742135E+0	-8.000000E-5	3.780000E-5	1.745000E-5	2.720000E-3	2.000000E-5	0.000000E+0	0.000000E+0	1.964247E-4	2.976042E-9	0.000000E+0	0.000000E+0	1.999959E+1	0.000000E+0	4.000000E+0
24-Apr-25	20:11:37	1.000000E-5	3.748025E+0	-8.000000E-5	3.780000E-5	1.750000E-5	2.720000E-3	2.000000E-5	0.000000E+0	0.000000E+0	1.964247E-4	2.976042E-9	0.000000E+0	0.000000E+0	1.999959E+1	0.000000E+0	4.000000E+0
24-Apr-25	20:11:37	1.000000E-5	3.753690E+0	-8.000000E-5	3.775000E-5	1.750000E-5	2.720000E-3	2.000000E-5	0.000000E+0	0.000000E+0	1.964247E-4	2.976042E-9	0.000000E+0	0.000000E+0	1.999959E+1	0.000000E+0	4.000000E+0
24-Apr-25	20:11:38	1.000000E-5	3.758785E+0	-8.000000E-5	3.775000E-5	1.755000E-5	2.720000E-3	2.000000E-5	0.000000E+0	0.000000E+0	1.964247E-4	2.976042E-9	0.000000E+0	0.000000E+0	1.999959E+1	0.000000E+0	4.000000E+0
24-Apr-25	20:11:38	1.000000E-5	3.766405E+0	-8.000000E-5	3.780000E-5	1.750000E-5	2.720000E-3	2.000000E-5	0.000000E+0	0.000000E+0	1.964247E-4	2.976042E-9	0.000000E+0	0.000000E+0	1.999959E+1	0.000000E+0	4.000000E+0
24-Apr-25	20:11:39	1.000000E-5	3.772700E+0	-8.000000E-5	3.775000E-5	1.755000E-5	2.720000E-3	2.000000E-5	0.000000E+0	0.000000E+0	1.964247E-4	2.976042E-9	0.000000E+0	0.000000E+0	1.999959E+1	0.000000E+0	4.000000E+0
24-Apr-25	20:11:39	1.000000E-5	3.778395E+0	-8.000000E-5	3.770000E-5	1.750000E-5	2.720000E-3	2.000000E-5	0.000000E+0	0.000000E+0	1.964247E-4	2.976042E-9	0.000000E+0	0.000000E+0	1.999959E+1	0.000000E+0	4.000000E+0
24-Apr-25	20:11:40	1.000000E-5	3.784070E+0	-8.000000E-5	3.775000E-5	1.750000E-5	2.720000E-3	2.000000E-5	0.000000E+0	0.000000E+0	1.964247E-4	2.976042E-9	0.000000E+0	0.000000E+0	1.999959E+1	0.000000E+0	4.000000E+0
24-Apr-25	20:11:40	1.000000E-5	3.789745E+0	-8.000000E-5	3.775000E-5	1.750000E-5	2.720000E-3	2.000000E-5	0.000000E+0	0.000000E+0	1.964247E-4	2.976042E-9	0.000000E+0	0.000000E+0	1.999959E+1	0.000000E+0	4.000000E+0
24-Apr-25	20:11:41	1.000000E-5	3.795380E+0	-8.000000E-5	3.775000E-5	1.750000E-5	2.720000E-3	2.000000E-5	0.000000E+0	0.000000E+0	1.964247E-4	2.976042E-9	0.000000E+0	0.000000E+0	1.999959E+1	0.000000E+0	4.000000E+0
24-Apr-25	20:11:41	1.000000E-5	3.802125E+0	-8.000000E-5	3.775000E-5	1.750000E-5	2.720000E-3	2.000000E-5	0.000000E+0	0.000000E+0	1.964247E-4	2.976042E-9	0.000000E+0	0.000000E+0	1.999959E+1	0.000000E+0	4.000000E+0
24-Apr-25	20:11:42	1.000000E-5	3.807170E+0	-8.000000E-5	3.775000E-5	1.750000E-5	2.720000E-3	2.000000E-5	0.000000E+0	0.000000E+0	1.964247E-4	2.976042E-9	0.000000E+0	0.000000E+0	1.999959E+1	0.000000E+0	4.000000E+0
24-Apr-25	20:11:42	1.000000E-5	3.812770E+0	-8.000000E-5	3.785000E-5	1.750000E-5	2.720000E-3	2.000000E-5	0.000000E+0	0.000000E+0	1.964247E-4	2.976042E-9	0.000000E+0	0.000000E+0	1.999959E+1	0.000000E+0	4.000000E+0
24-Apr-25	20:11:43	1.000000E-5	3.818345E+0	-8.000000E-5	3.780000E-5	1.750000E-5	2.720000E-3	2.000000E-5	0.000000E+0	0.000000E+0	1.964247E-4	2.976042E-9	0.000000E+0	0.000000E+0	1.999959E+1	0.000000E+0	4.000000E+0
24-Apr-25	20:11:43	1.000000E-5	3.823900E+0	-8.000000E-5	3.775000E-5	1.740000E-5	2.720000E-3	2.000000E-5	0.000000E+0	0.000000E+0	1.964247E-4	2.976042E-9	0.000000E+0	0.000000E+0	1.999959E+1	0.000000E+0	4.000000E+0
24-Apr-25	20:11:44	1.000000E-5	3.829445E+0	-8.000000E-5	3.780000E-5	1.745000E-5	2.720000E-3	2.000000E-5	0.000000E+0	0.000000E+0	1.964247E-4	2.976042E-9	0.000000E+0	0.000000E+0	1.999959E+1	0.000000E+0	4.000000E+0
24-Apr-25	20:11:44	1.000000E-5	3.836065E+0	-8.000000E-5	3.775000E-5	1.750000E-5	2.720000E-3	2.000000E-5	0.000000E+0	0.000000E+0	1.964247E-4	2.976042E-9	0.000000E+0	0.000000E+0	1.999959E+1	0.000000E+0	4.000000E+0
24-Apr-25	20:11:45	1.000000E-5	3.841580E+0	-8.000000E-5	3.780000E-5	1.745000E-5	2.720000E-3	2.000000E-5	0.000000E+0	0.000000E+0	1.964247E-4	2.976042E-9	0.000000E+0	0.000000E+0	1.999959E+1	0.000000E+0	4.000000E+0
24-Apr-25	20:11:46	1.000000E-5	3.847075E+0	-8.000000E-5	3.780000E-5	1.745000E-5	2.720000E-3	2.000000E-5	0.000000E+0	0.000000E+0	1.964247E-4	2.976042E-9	0.000000E+0	0.000000E+0	1.999959E+1	0.000000E+0	4.000000E+0
24-Apr-25	20:11:46	1.000000E-5	3.853095E+0	-8.000000E-5	3.780000E-5	1.750000E-5	2.720000E-3	2.000000E-5	0.000000E+0	0.000000E+0	1.964247E-4	2.976042E-9	0.000000E+0	0.000000E+0	1.999959E+1	0.000000E+0	4.000000E+0
24-Apr-25	20:11:47	1.000000E-5	3.858560E+0	-8.000000E-5	3.780000E-5	1.750000E-5	2.720000E-3	2.000000E-5	0.000000E+0	0.000000E+0	1.964247E-4	2.976042E-9	0.000000E+0	0.000000E+0	1.999959E+1	0.000000E+0	4.000000E+0
24-Apr-25	20:11:47	1.000000E-5	3.864000E+0	-8.000000E-5	3.780000E-5	1.745000E-5	2.720000E-3	2.000000E-5	0.000000E+0	0.000000E+0	1.964247E-4	2.976042E-9	0.000000E+0	0.000000E+0	1.999959E+1	0.000000E+0	4.000000E+0
24-Apr-25	20:11:47	1.000000E-5	3.868880E+0	-8.000000E-5	3.780000E-5	1.740000E-5	2.720000E-3	2.000000E-5	0.000000E+0	0.000000E+0	1.964247E-4	2.976042E-9	0.000000E+0	0.000000E+0	1.999959E+1	0.000000E+0	4.000000E+0
24-Apr-25	20:11:48	1.000000E-5	3.874290E+0	-8.000000E-5	3.780000E-5	1.750000E-5	2.720000E-3	2.000000E-5	0.000000E+0	0.000000E+0	1.964247E-4	2.976042E-9	0.000000E+0	0.000000E+0	1.999959E+1	0.000000E+0	4.000000E+0
24-Apr-25	20:11:48	1.000000E-5	3.879680E+0	-8.000000E-5	3.780000E-5	1.750000E-5	2.720000E-3	2.000000E-5	0.000000E+0	0.000000E+0	1.964247E-4	2.976042E-9	0.000000E+0	0.000000E+0	1.999959E+1	0.000000E+0	4.000000E+0
24-Apr-25	20:11:49	1.000000E-5	3.885060E+0	-8.000000E-5	3.775000E-5	1.750000E-5	2.720000E-3	2.000000E-5	0.000000E+0	0.000000E+0	1.964247E-4	2.976042E-9	0.000000E+0	0.000000E+0	1.999959E+1	0.000000E+0	4.000000E+0
24-Apr-25	20:11:49	1.000000E-5	3.890440E+0	-8.000000E-5	3.775000E-5	1.750000E-5	2.720000E-3	2.000000E-5	0.000000E+0	0.000000E+0	1.964247E-4	2.976042E-9	0.000000E+0	0.000000E+0	1.999959E+1	0.000000E+0	4.000000E+0
24-Apr-25	20:11:50	1.000000E-5	3.895780E+0	-8.000000E-5	3.785000E-5	1.750000E-5	2.720000E-3	2.000000E-5	0.000000E+0	0.000000E+0	1.964247E-4	2.976042E-9	0.000000E+0	0.000000E+0	1.999959E+1	0.000000E+0	4.000000E+0
24-Apr-25	20:11:51	1.000000E-5	3.901115E+0	-8.000000E-5	3.785000E-5	1.745000E-5	2.720000E-3	2.000000E-5	0.000000E+0	0.000000E+0	1.964247E-4	2.976042E-9	0.000000E+0	0.000000E+0	1.999959E+1	0.000000E+0	4.000000E+0
24-Apr-25	20:11:51	1.000000E-5	3.906975E+0	-8.000000E-5	3.785000E-5	1.750000E-5	2.720000E-3	2.000000E-5	0.000000E+0	0.000000E+0	1.964247E-4	2.976042E-9	0.000000E+0	0.000000E+0	1.999959E+1	0.000000E+0	4.000000E+0
24-Apr-25	20:11:52	1.000000E-5	3.912270E+0	-8.000000E-5	3.785000E-5	1.750000E-5	2.720000E-3	2.000000E-5	0.000000E+0	0.000000E+0	1.964247E-4	2.976042E-9	0.000000E+0	0.000000E+0	1.999959E+1	0.000000E+0	4.000000E+0
24-Apr-25	20:11:52	1.000000E-5	3.918090E+0	-8.000000E-5	3.780000E-5	1.745000E-5	2.720000E-3	2.000000E-5	0.000000E+0	0.000000E+0	1.964247E-4	2.976042E-9	0.000000E+0	0.000000E+0	1.999959E+1	0.000000E+0	4.000000E+0
24-Apr-25	20:11:53	1.000000E-5	3.923970E+0	-8.000000E-5	3.780000E-5	1.750000E-5	2.720000E-3	2.000000E-5	0.000000E+0	0.000000E+0	1.964247E-4	2.976042E-9	0.000000E+0	0.000000E+0	1.999959E+1	0.000000E+0	4.000000E+0
24-Apr-25	20:11:53	1.000000E-5	3.929840E+0	-8.000000E-5	3.785000E-5	1.755000E-5	2.720000E-3	2.000000E-5	0.000000E+0	0.000000E+0	1.964247E-4	2.976042E-9	0.000000E+0	0.000000E+0	1.999959E+1	0.000000E+0	4.000000E+0
24-Apr-25	20:11:54	1.000000E-5	3.935070E+0	-8.000000E-5	3.780000E-5	1.750000E-5	2.720000E-3	2.000000E-5	0.000000E+0	0.000000E+0	1.964247E-4	2.976042E-9	0.000000E+0	0.000000E+0	1.999959E+1	0.000000E+0	4.000000E+0
24-Apr-25	20:11:54	1.000000E-5	3.940290E+0	-8.000000E-5	3.780000E-5	1.745000E-5	2.720000E-3	2.000000E-5	0.000000E+0	0.000000E+0	1.964247E-4	2.976042E-9	0.000000E+0	0.000000E+0	1.999959E+1	0.000000E+0	4.000000E+0
24-Apr-25	20:11:55	1.000000E-5	3.945495E+0	-8.000000E-5	3.785000E-5	1.745000E-5	2.720000E-3	2.000000E-5	0.000000E+0	0.000000E+0	1.964247E-4	2.976042E-9	0.000000E+0	0.000000E+0	1.999959E+1	0.000000E+0	4.000000E+0
24-Apr-25	20:11:55	1.000000E-5	3.952755E+0	-8.000000E-5	3.780000E-5	1.750000E-5	2.720000E-3	2.000000E-5	0.000000E+0	0.000000E+0	1.964247E-4	2.976042E-9	0.000000E+0	0.000000E+0	1.999959E+1	0.000000E+0	4.000000E+0
24-Apr-25	20:11:56	1.000000E-5	3.957925E+0	-8.000000E-5	3.780000E-5	1.745000E-5	2.720000E-3	2.000000E-5	0.000000E+0	0.000000E+0	1.964247E-4	2.976042E-9	0.000000E+0	0.000000E+0	1.999959E+1	0.000000E+0	4.000000E+0
24-Apr-25	20:11:56	1.000000E-5	3.963070E+0	-8.000000E-5	3.780000E-5	1.750000E-5	2.720000E-3	2.000000E-5	0.000000E+0	0.000000E+0	1.964247E-4	2.976042E-9	0.000000E+0	0.000000E+0	1.999959E+1	0.000000E+0	4.000000E+0
24-Apr-25	20:11:57	1.000000E-5	3.968195E+0	-8.000000E-5	3.780000E-5	1.745000E-5	2.720000E-3	2.000000E-5	0.000000E+0	0.000000E+0	1.964247E-4	2.976042E-9	0.000000E+0	0.000000E+0	1.999959E+1	0.000000E+0	4.000000E+0
24-Apr-25	20:11:57	1.000000E-5	3.973835E+0	-8.000000E-5	3.785000E-5	1.745000E-5	2.720000E-3	2.000000E-5	0.000000E+0	0.000000E+0	1.964247E-4	2.976042E-9	0.000000E+0	0.000000E+0	1.999959E+1	0.000000E+0	4.000000E+0
24-Apr-25	20:11:58	1.000000E-5	3.978515E+0	-8.000000E-5	3.785000E-5	1.745000E-5	2.720000E-3	2.000000E-5	0.000000E+0	0.000000E+0	1.964247E-4	2.976042E-9	0.000000E+0	0.000000E+0	1.999959E+1	0.000000E+0	4.000000E+0
24-Apr-25	20:11:58	1.000000E-5	3.983520E+0	-8.000000E-5	3.785000E-5	1.755000E-5	2.720000E-3	2.000000E-5	0.000000E+0	0.000000E+0	1.964247E-4	2.976042E-9	0.000000E+0	0.000000E+0	1.999959E+1	0.000000E+0	4.000000E+0
24-Apr-25	20:11:59	1.000000E-5	3.988600E+0	-8.000000E-5	3.775000E-5	1.750000E-5	2.720000E-3	2.000000E-5	0.000000E+0	0.000000E+0	1.964247E-4	2.976042E-9	0.000000E+0	0.000000E+0	1.999959E+1	0.000000E+0	4.000000E+0
24-Apr-25	20:11:59	1.000000E-5	3.993660E+0	-8.000000E-5	3.775000E-5	1.750000E-5	2.720000E-3	2.000000E-5	0.000000E+0	0.000000E+0	1.964247E-4	2.976042E-9	0.000000E+0	0.000000E+0	1.999959E+1	0.000000E+0	4.000000E+0
24-Apr-25	20:12:00	1.000000E-5	3.998210E+0	-8.000000E-5	3.780000E-5	1.745000E-5	2.720000E-3	2.000000E-5	0.000000E+0	0.000000E+0	1.964247E-4	2.976042E-9	0.000000E+0	0.000000E+0	1.999959E+1	0.000000E+0	4.000000E+0
24-Apr-25	20:12:00	1.000000E-5	4.003240E+0	-8.000000E-5	3.780000E-5	1.750000E-5	2.720000E-3	2.000000E-5	0.000000E+0	0.000000E+0	1.964247E-4	2.976042E-9	0.000000E+0	0.000000E+0	1.999959E+1	0.000000E+0	4.000000E+0
24-Apr-25	20:12:01	1.000000E-5	4.007920E+0	-8.000000E-5	3.785000E-5	1.740000E-5	2.720000E-3	2.000000E-5	0.000000E+0	0.000000E+0	1.964247E-4	2.976042E-9	0.000000E+0	0.000000E+0	1.999959E+1	0.000000E+0	4.000000E+0
24-Apr-25	20:12:01	1.000000E-5	4.012845E+0	-8.000000E-5	3.785000E-5	1.745000E-5	2.720000E-3	2.000000E-5	0.000000E+0	0.000000E+0	1.964247E-4	2.976042E-9	0.000000E+0	0.000000E+0	1.999959E+1	0.000000E+0	4.000000E+0
24-Apr-25	20:12:02	1.000000E-5	4.017255E+0	-8.000000E-5	3.785000E-5	1.750000E-5	2.720000E-3	2.000000E-5	0.000000E+0	0.000000E+0	1.964247E-4	2.976042E-9	0.000000E+0	0.000000E+0	1.999959E+1	0.000000E+0	4.000000E+0
24-Apr-25	20:12:02	1.000000E-5	4.022390E+0	-8.000000E-5	3.790000E-5	1.755000E-5	2.720000E-3	2.000000E-5	0.000000E+0	0.000000E+0	1.964247E-4	2.976042E-9	0.000000E+0	0.000000E+0	1.999959E+1	0.000000E+0	4.000000E+0
24-Apr-25	20:12:03	1.000000E-5	4.027345E+0	-8.000000E-5	3.780000E-5	1.750000E-5	2.720000E-3	2.000000E-5	0.000000E+0	0.000000E+0	1.964247E-4	2.976042E-9	0.000000E+0	0.000000E+0	1.999959E+1	0.000000E+0	4.000000E+0
24-Apr-25	20:12:03	1.000000E-5	4.032290E+0	-8.000000E-5	3.780000E-5	1.740000E-5	2.720000E-3	2.000000E-5	0.000000E+0	0.000000E+0	1.964247E-4	2.976042E-9	0.000000E+0	0.000000E+0	1.999959E+1	0.000000E+0	4.000000E+0
24-Apr-25	20:12:04	1.000000E-5	4.036740E+0	-8.000000E-5	3.785000E-5	1.740000E-5	2.720000E-3	2.000000E-5	0.000000E+0	0.000000E+0	1.964247E-4	2.976042E-9	0.000000E+0	0.000000E+0	1.999959E+1	0.000000E+0	4.000000E+0
24-Apr-25	20:12:04	1.000000E-5	4.041665E+0	-8.000000E-5	3.790000E-5	1.750000E-5	2.720000E-3	2.000000E-5	0.000000E+0	0.000000E+0	1.964247E-4	2.976042E-9	0.000000E+0	0.000000E+0	1.999959E+1	0.000000E+0	4.000000E+0
24-Apr-25	20:12:05	1.000000E-5	4.046570E+0	-8.000000E-5	3.780000E-5	1.755000E-5	2.720000E-3	2.000000E-5	0.000000E+0	0.000000E+0	1.964247E-4	2.976042E-9	0.000000E+0	0.000000E+0	1.999959E+1	0.000000E+0	4.000000E+0
24-Apr-25	20:12:05	1.000000E-5	4.051450E+0	-8.000000E-5	3.775000E-5	1.750000E-5	2.720000E-3	2.000000E-5	0.000000E+0	0.000000E+0	1.964247E-4	2.976042E-9	0.000000E+0	0.000000E+0	1.999959E+1	0.000000E+0	4.000000E+0
24-Apr-25	20:12:06	1.000000E-5	4.056825E+0	-8.000000E-5	3.775000E-5	1.740000E-5	2.720000E-3	2.000000E-5	0.000000E+0	0.000000E+0	1.964247E-4	2.976042E-9	0.000000E+0	0.000000E+0	1.999959E+1	0.000000E+0	4.000000E+0
24-Apr-25	20:12:06	1.000000E-5	4.061695E+0	-8.000000E-5	3.780000E-5	1.750000E-5	2.720000E-3	2.000000E-5	0.000000E+0	0.000000E+0	1.964247E-4	2.976042E-9	0.000000E+0	0.000000E+0	1.999959E+1	0.000000E+0	4.000000E+0
24-Apr-25	20:12:07	1.000000E-5	4.068475E+0	-8.000000E-5	3.780000E-5	1.750000E-5	2.720000E-3	2.000000E-5	0.000000E+0	0.000000E+0	1.964247E-4	2.976042E-9	0.000000E+0	0.000000E+0	1.999959E+1	0.000000E+0	4.000000E+0
24-Apr-25	20:12:07	1.000000E-5	4.072825E+0	-8.000000E-5	3.780000E-5	1.755000E-5	2.720000E-3	2.000000E-5	0.000000E+0	0.000000E+0	1.964247E-4	2.976042E-9	0.000000E+0	0.000000E+0	1.999959E+1	0.000000E+0	4.000000E+0
24-Apr-25	20:12:08	1.000000E-5	4.077705E+0	-8.000000E-5	3.780000E-5	1.750000E-5	2.720000E-3	2.000000E-5	0.000000E+0	0.000000E+0	1.964247E-4	2.976042E-9	0.000000E+0	0.000000E+0	1.999959E+1	0.000000E+0	4.000000E+0
24-Apr-25	20:12:09	1.000000E-5	4.084515E+0	-8.000000E-5	3.780000E-5	1.750000E-5	2.720000E-3	2.000000E-5	0.000000E+0	0.000000E+0	1.964247E-4	2.976042E-9	0.000000E+0	0.000000E+0	1.999959E+1	0.000000E+0	4.000000E+0
24-Apr-25	20:12:09	1.000000E-5	4.090240E+0	-8.000000E-5	3.785000E-5	1.750000E-5	2.720000E-3	2.000000E-5	0.000000E+0	0.000000E+0	1.964247E-4	2.976042E-9	0.000000E+0	0.000000E+0	1.999959E+1	0.000000E+0	4.000000E+0
24-Apr-25	20:12:10	1.000000E-5	4.095015E+0	-8.000000E-5	3.780000E-5	1.750000E-5	2.720000E-3	2.000000E-5	0.000000E+0	0.000000E+0	1.964247E-4	2.976042E-9	0.000000E+0	0.000000E+0	1.999959E+1	0.000000E+0	4.000000E+0
24-Apr-25	20:12:10	1.000000E-5	4.100245E+0	-8.000000E-5	3.780000E-5	1.750000E-5	2.720000E-3	2.000000E-5	0.000000E+0	0.000000E+0	1.964247E-4	2.976042E-9	0.000000E+0	0.000000E+0	1.999959E+1	0.000000E+0	4.000000E+0
24-Apr-25	20:12:11	1.000000E-5	4.104980E+0	-8.000000E-5	3.780000E-5	1.750000E-5	2.720000E-3	2.000000E-5	0.000000E+0	0.000000E+0	1.964247E-4	2.976042E-9	0.000000E+0	0.000000E+0	1.999959E+1	0.000000E+0	4.000000E+0
24-Apr-25	20:12:11	1.000000E-5	4.109225E+0	-8.000000E-5	3.780000E-5	1.750000E-5	2.720000E-3	2.000000E-5	0.000000E+0	0.000000E+0	1.964247E-4	2.976042E-9	0.000000E+0	0.000000E+0	1.999959E+1	0.000000E+0	4.000000E+0
24-Apr-25	20:12:12	1.000000E-5	4.113950E+0	-8.000000E-5	3.785000E-5	1.750000E-5	2.720000E-3	2.000000E-5	0.000000E+0	0.000000E+0	1.964247E-4	2.976042E-9	0.000000E+0	0.000000E+0	1.999959E+1	0.000000E+0	4.000000E+0
24-Apr-25	20:12:12	1.000000E-5	4.118635E+0	-8.000000E-5	3.785000E-5	1.750000E-5	2.720000E-3	2.000000E-5	0.000000E+0	0.000000E+0	1.964247E-4	2.976042E-9	0.000000E+0	0.000000E+0	1.999959E+1	0.000000E+0	4.000000E+0
24-Apr-25	20:12:13	1.000000E-5	4.123310E+0	-8.000000E-5	3.785000E-5	1.750000E-5	2.720000E-3	2.000000E-5	0.000000E+0	0.000000E+0	1.964247E-4	2.976042E-9	0.000000E+0	0.000000E+0	1.999959E+1	0.000000E+0	4.000000E+0
24-Apr-25	20:12:13	1.000000E-5	4.130000E+0	-8.000000E-5	3.780000E-5	1.745000E-5	2.720000E-3	2.000000E-5	0.000000E+0	0.000000E+0	1.964247E-4	2.976042E-9	0.000000E+0	0.000000E+0	1.999959E+1	0.000000E+0	4.000000E+0
24-Apr-25	20:12:14	1.000000E-5	4.134175E+0	-8.000000E-5	3.780000E-5	1.745000E-5	2.720000E-3	2.000000E-5	0.000000E+0	0.000000E+0	1.964247E-4	2.976042E-9	0.000000E+0	0.000000E+0	1.999959E+1	0.000000E+0	4.000000E+0
24-Apr-25	20:12:14	1.000000E-5	4.138830E+0	-8.000000E-5	3.785000E-5	1.750000E-5	2.720000E-3	2.000000E-5	0.000000E+0	0.000000E+0	1.964247E-4	2.976042E-9	0.000000E+0	0.000000E+0	1.999959E+1	0.000000E+0	4.000000E+0
24-Apr-25	20:12:15	1.000000E-5	4.143450E+0	-8.000000E-5	3.785000E-5	1.750000E-5	2.720000E-3	2.000000E-5	0.000000E+0	0.000000E+0	1.964247E-4	2.976042E-9	0.000000E+0	0.000000E+0	1.999959E+1	0.000000E+0	4.000000E+0
24-Apr-25	20:12:15	1.000000E-5	4.148055E+0	-8.000000E-5	3.785000E-5	1.750000E-5	2.720000E-3	2.000000E-5	0.000000E+0	0.000000E+0	1.964247E-4	2.976042E-9	0.000000E+0	0.000000E+0	1.999959E+1	0.000000E+0	4.000000E+0
24-Apr-25	20:12:16	1.000000E-5	4.152650E+0	-8.000000E-5	3.785000E-5	1.750000E-5	2.720000E-3	2.000000E-5	0.000000E+0	0.000000E+0	1.964247E-4	2.976042E-9	0.000000E+0	0.000000E+0	1.999959E+1	0.000000E+0	4.000000E+0
24-Apr-25	20:12:16	1.000000E-5	4.157235E+0	-8.000000E-5	3.775000E-5	1.745000E-5	2.720000E-3	2.000000E-5	0.000000E+0	0.000000E+0	1.964247E-4	2.976042E-9	0.000000E+0	0.000000E+0	1.999959E+1	0.000000E+0	4.000000E+0
24-Apr-25	20:12:17	1.000000E-5	4.161795E+0	-8.000000E-5	3.780000E-5	1.740000E-5	2.720000E-3	2.000000E-5	0.000000E+0	0.000000E+0	1.964247E-4	2.976042E-9	0.000000E+0	0.000000E+0	1.999959E+1	0.000000E+0	4.000000E+0
24-Apr-25	20:12:17	1.000000E-5	4.165905E+0	-8.000000E-5	3.785000E-5	1.745000E-5	2.720000E-3	2.000000E-5	0.000000E+0	0.000000E+0	1.964247E-4	2.976042E-9	0.000000E+0	0.000000E+0	1.999959E+1	0.000000E+0	4.000000E+0
24-Apr-25	20:12:18	1.000000E-5	4.169985E+0	-8.000000E-5	3.785000E-5	1.745000E-5	2.720000E-3	2.000000E-5	0.000000E+0	0.000000E+0	1.964247E-4	2.976042E-9	0.000000E+0	0.000000E+0	1.999959E+1	0.000000E+0	4.000000E+0
24-Apr-25	20:12:18	1.000000E-5	4.174525E+0	-8.000000E-5	3.790000E-5	1.750000E-5	2.720000E-3	2.000000E-5	0.000000E+0	0.000000E+0	1.964247E-4	2.976042E-9	0.000000E+0	0.000000E+0	1.999959E+1	0.000000E+0	4.000000E+0
24-Apr-25	20:12:19	1.000000E-5	4.178595E+0	-8.000000E-5	3.780000E-5	1.755000E-5	2.720000E-3	2.000000E-5	0.000000E+0	0.000000E+0	1.964247E-4	2.976042E-9	0.000000E+0	0.000000E+0	1.999959E+1	0.000000E+0	4.000000E+0
24-Apr-25	20:12:19	1.000000E-5	4.183095E+0	-8.000000E-5	3.780000E-5	1.755000E-5	2.720000E-3	2.000000E-5	0.000000E+0	0.000000E+0	1.964247E-4	2.976042E-9	0.000000E+0	0.000000E+0	1.999959E+1	0.000000E+0	4.000000E+0
24-Apr-25	20:12:20	1.000000E-5	4.187580E+0	-8.000000E-5	3.785000E-5	1.750000E-5	2.720000E-3	2.000000E-5	0.000000E+0	0.000000E+0	1.964247E-4	2.976042E-9	0.000000E+0	0.000000E+0	1.999959E+1	0.000000E+0	4.000000E+0
24-Apr-25	20:12:20	1.000000E-5	4.192065E+0	-8.000000E-5	3.780000E-5	1.745000E-5	2.720000E-3	2.000000E-5	0.000000E+0	0.000000E+0	1.964247E-4	2.976042E-9	0.000000E+0	0.000000E+0	1.999959E+1	0.000000E+0	4.000000E+0
24-Apr-25	20:12:21	1.000000E-5	4.196085E+0	-8.000000E-5	3.785000E-5	1.740000E-5	2.720000E-3	2.000000E-5	0.000000E+0	0.000000E+0	1.964247E-4	2.976042E-9	0.000000E+0	0.000000E+0	1.999959E+1	0.000000E+0	4.000000E+0
24-Apr-25	20:12:21	1.000000E-5	4.200530E+0	-8.000000E-5	3.785000E-5	1.745000E-5	2.720000E-3	2.000000E-5	0.000000E+0	0.000000E+0	1.964247E-4	2.976042E-9	0.000000E+0	0.000000E+0	1.999959E+1	0.000000E+0	4.000000E+0
24-Apr-25	20:12:22	1.000000E-5	4.204975E+0	-8.000000E-5	3.785000E-5	1.750000E-5	2.720000E-3	2.000000E-5	0.000000E+0	0.000000E+0	1.964247E-4	2.976042E-9	0.000000E+0	0.000000E+0	1.999959E+1	0.000000E+0	4.000000E+0
24-Apr-25	20:12:22	1.000000E-5	4.209845E+0	-8.000000E-5	3.780000E-5	1.745000E-5	2.720000E-3	2.000000E-5	0.000000E+0	0.000000E+0	1.964247E-4	2.976042E-9	0.000000E+0	0.000000E+0	1.999959E+1	0.000000E+0	4.000000E+0
24-Apr-25	20:12:23	1.000000E-5	4.214255E+0	-8.000000E-5	3.780000E-5	1.745000E-5	2.720000E-3	2.000000E-5	0.000000E+0	0.000000E+0	1.964247E-4	2.976042E-9	0.000000E+0	0.000000E+0	1.999959E+1	0.000000E+0	4.000000E+0
24-Apr-25	20:12:23	1.000000E-5	4.218655E+0	-8.000000E-5	3.785000E-5	1.750000E-5	2.720000E-3	2.000000E-5	0.000000E+0	0.000000E+0	1.964247E-4	2.976042E-9	0.000000E+0	0.000000E+0	1.999959E+1	0.000000E+0	4.000000E+0
24-Apr-25	20:12:24	1.000000E-5	4.224505E+0	-8.000000E-5	3.795000E-5	1.755000E-5	2.720000E-3	2.000000E-5	0.000000E+0	0.000000E+0	1.964247E-4	2.976042E-9	0.000000E+0	0.000000E+0	1.999959E+1	0.000000E+0	4.000000E+0
24-Apr-25	20:12:25	1.000000E-5	4.228880E+0	-8.000000E-5	3.785000E-5	1.755000E-5	2.720000E-3	2.000000E-5	0.000000E+0	0.000000E+0	1.964247E-4	2.976042E-9	0.000000E+0	0.000000E+0	1.999959E+1	0.000000E+0	4.000000E+0
24-Apr-25	20:12:25	1.000000E-5	4.233655E+0	-8.000000E-5	3.785000E-5	1.755000E-5	2.720000E-3	2.000000E-5	0.000000E+0	0.000000E+0	1.964247E-4	2.976042E-9	0.000000E+0	0.000000E+0	1.999959E+1	0.000000E+0	4.000000E+0
24-Apr-25	20:12:25	1.000000E-5	4.238000E+0	-8.000000E-5	3.785000E-5	1.750000E-5	2.720000E-3	2.000000E-5	0.000000E+0	0.000000E+0	1.964247E-4	2.976042E-9	0.000000E+0	0.000000E+0	1.999959E+1	0.000000E+0	4.000000E+0
24-Apr-25	20:12:26	1.000000E-5	4.241910E+0	-8.000000E-5	3.780000E-5	1.750000E-5	2.720000E-3	2.000000E-5	0.000000E+0	0.000000E+0	1.964247E-4	2.976042E-9	0.000000E+0	0.000000E+0	1.999959E+1	0.000000E+0	4.000000E+0
24-Apr-25	20:12:27	1.000000E-5	4.246240E+0	-8.000000E-5	3.780000E-5	1.745000E-5	2.720000E-3	2.000000E-5	0.000000E+0	0.000000E+0	1.964247E-4	2.976042E-9	0.000000E+0	0.000000E+0	1.999959E+1	0.000000E+0	4.000000E+0
24-Apr-25	20:12:27	1.000000E-5	4.250965E+0	-8.000000E-5	3.785000E-5	1.745000E-5	2.720000E-3	2.000000E-5	0.000000E+0	0.000000E+0	1.964247E-4	2.976042E-9	0.000000E+0	0.000000E+0	1.999959E+1	0.000000E+0	4.000000E+0
24-Apr-25	20:12:27	1.000000E-5	4.255265E+0	-8.000000E-5	3.780000E-5	1.750000E-5	2.720000E-3	2.000000E-5	0.000000E+0	0.000000E+0	1.964247E-4	2.976042E-9	0.000000E+0	0.000000E+0	1.999959E+1	0.000000E+0	4.000000E+0
24-Apr-25	20:12:28	1.000000E-5	4.259540E+0	-8.000000E-5	3.775000E-5	1.755000E-5	2.720000E-3	2.000000E-5	0.000000E+0	0.000000E+0	1.964247E-4	2.976042E-9	0.000000E+0	0.000000E+0	1.999959E+1	0.000000E+0	4.000000E+0
24-Apr-25	20:12:29	1.000000E-5	4.265920E+0	-8.000000E-5	3.785000E-5	1.745000E-5	2.720000E-3	2.000000E-5	0.000000E+0	0.000000E+0	1.964247E-4	2.976042E-9	0.000000E+0	0.000000E+0	1.999959E+1	0.000000E+0	4.000000E+0
24-Apr-25	20:12:29	1.000000E-5	4.271570E+0	-8.000000E-5	3.785000E-5	1.750000E-5	2.720000E-3	2.000000E-5	0.000000E+0	0.000000E+0	1.964247E-4	2.976042E-9	0.000000E+0	0.000000E+0	1.999959E+1	0.000000E+0	4.000000E+0
24-Apr-25	20:12:30	1.000000E-5	4.275385E+0	-8.000000E-5	3.785000E-5	1.750000E-5	2.720000E-3	2.000000E-5	0.000000E+0	0.000000E+0	1.964247E-4	2.976042E-9	0.000000E+0	0.000000E+0	1.999959E+1	0.000000E+0	4.000000E+0
24-Apr-25	20:12:30	1.000000E-5	4.279610E+0	-8.000000E-5	3.785000E-5	1.750000E-5	2.720000E-3	2.000000E-5	0.000000E+0	0.000000E+0	1.964247E-4	2.976042E-9	0.000000E+0	0.000000E+0	1.999959E+1	0.000000E+0	4.000000E+0
24-Apr-25	20:12:31	1.000000E-5	4.283825E+0	-8.000000E-5	3.780000E-5	1.755000E-5	2.720000E-3	2.000000E-5	0.000000E+0	0.000000E+0	1.964247E-4	2.976042E-9	0.000000E+0	0.000000E+0	1.999959E+1	0.000000E+0	4.000000E+0
24-Apr-25	20:12:31	1.000000E-5	4.288015E+0	-8.000000E-5	3.780000E-5	1.745000E-5	2.720000E-3	2.000000E-5	0.000000E+0	0.000000E+0	1.964247E-4	2.976042E-9	0.000000E+0	0.000000E+0	1.999959E+1	0.000000E+0	4.000000E+0
24-Apr-25	20:12:32	1.000000E-5	4.293865E+0	-8.000000E-5	3.785000E-5	1.745000E-5	2.720000E-3	2.000000E-5	0.000000E+0	0.000000E+0	1.964247E-4	2.976042E-9	0.000000E+0	0.000000E+0	1.999959E+1	0.000000E+0	4.000000E+0
24-Apr-25	20:12:33	1.000000E-5	4.299345E+0	-8.000000E-5	3.780000E-5	1.750000E-5	2.720000E-3	2.000000E-5	0.000000E+0	0.000000E+0	1.964247E-4	2.976042E-9	0.000000E+0	0.000000E+0	1.999959E+1	0.000000E+0	4.000000E+0
24-Apr-25	20:12:33	1.000000E-5	4.305655E+0	-8.000000E-5	3.785000E-5	1.750000E-5	2.720000E-3	2.000000E-5	0.000000E+0	0.000000E+0	1.964247E-4	2.976042E-9	0.000000E+0	0.000000E+0	1.999959E+1	0.000000E+0	4.000000E+0
24-Apr-25	20:12:34	1.000000E-5	4.309375E+0	-8.000000E-5	3.785000E-5	1.745000E-5	2.720000E-3	2.000000E-5	0.000000E+0	0.000000E+0	1.964247E-4	2.976042E-9	0.000000E+0	0.000000E+0	1.999959E+1	0.000000E+0	4.000000E+0
24-Apr-25	20:12:34	1.000000E-5	4.313490E+0	-8.000000E-5	3.780000E-5	1.750000E-5	2.720000E-3	2.000000E-5	0.000000E+0	0.000000E+0	1.964247E-4	2.976042E-9	0.000000E+0	0.000000E+0	1.999959E+1	0.000000E+0	4.000000E+0
24-Apr-25	20:12:35	1.000000E-5	4.317185E+0	-8.000000E-5	3.780000E-5	1.750000E-5	2.720000E-3	2.000000E-5	0.000000E+0	0.000000E+0	1.964247E-4	2.976042E-9	0.000000E+0	0.000000E+0	1.999959E+1	0.000000E+0	4.000000E+0
24-Apr-25	20:12:35	1.000000E-5	4.321285E+0	-8.000000E-5	3.780000E-5	1.750000E-5	2.720000E-3	2.000000E-5	0.000000E+0	0.000000E+0	1.964247E-4	2.976042E-9	0.000000E+0	0.000000E+0	1.999959E+1	0.000000E+0	4.000000E+0
24-Apr-25	20:12:36	1.000000E-5	4.326185E+0	-8.000000E-5	3.775000E-5	1.745000E-5	2.720000E-3	2.000000E-5	0.000000E+0	0.000000E+0	1.964247E-4	2.976042E-9	0.000000E+0	0.000000E+0	1.999959E+1	0.000000E+0	4.000000E+0
24-Apr-25	20:12:37	1.000000E-5	4.331615E+0	-8.000000E-5	3.785000E-5	1.750000E-5	2.720000E-3	2.000000E-5	0.000000E+0	0.000000E+0	1.964247E-4	2.976042E-9	0.000000E+0	0.000000E+0	1.999959E+1	0.000000E+0	4.000000E+0
24-Apr-25	20:12:37	1.000000E-5	4.335670E+0	-8.000000E-5	3.785000E-5	1.750000E-5	2.720000E-3	2.000000E-5	0.000000E+0	0.000000E+0	1.964247E-4	2.976042E-9	0.000000E+0	0.000000E+0	1.999959E+1	0.000000E+0	4.000000E+0
24-Apr-25	20:12:38	1.000000E-5	4.339635E+0	-8.000000E-5	3.780000E-5	1.750000E-5	2.720000E-3	2.000000E-5	0.000000E+0	0.000000E+0	1.964247E-4	2.976042E-9	0.000000E+0	0.000000E+0	1.999959E+1	0.000000E+0	4.000000E+0
24-Apr-25	20:12:38	1.000000E-5	4.343200E+0	-8.000000E-5	3.775000E-5	1.750000E-5	2.720000E-3	2.000000E-5	0.000000E+0	0.000000E+0	1.964247E-4	2.976042E-9	0.000000E+0	0.000000E+0	1.999959E+1	0.000000E+0	4.000000E+0
24-Apr-25	20:12:39	1.000000E-5	4.347220E+0	-8.000000E-5	3.780000E-5	1.750000E-5	2.720000E-3	2.000000E-5	0.000000E+0	0.000000E+0	1.964247E-4	2.976042E-9	0.000000E+0	0.000000E+0	1.999959E+1	0.000000E+0	4.000000E+0
24-Apr-25	20:12:39	1.000000E-5	4.351290E+0	-8.000000E-5	3.775000E-5	1.745000E-5	2.720000E-3	2.000000E-5	0.000000E+0	0.000000E+0	1.964247E-4	2.976042E-9	0.000000E+0	0.000000E+0	1.999959E+1	0.000000E+0	4.000000E+0
24-Apr-25	20:12:40	1.000000E-5	4.355345E+0	-8.000000E-5	3.780000E-5	1.755000E-5	2.720000E-3	2.000000E-5	0.000000E+0	0.000000E+0	1.964247E-4	2.976042E-9	0.000000E+0	0.000000E+0	1.999959E+1	0.000000E+0	4.000000E+0
24-Apr-25	20:12:40	1.000000E-5	4.359340E+0	-8.000000E-5	3.780000E-5	1.750000E-5	2.720000E-3	2.000000E-5	0.000000E+0	0.000000E+0	1.964247E-4	2.976042E-9	0.000000E+0	0.000000E+0	1.999959E+1	0.000000E+0	4.000000E+0
24-Apr-25	20:12:41	1.000000E-5	4.362920E+0	-8.000000E-5	3.780000E-5	1.740000E-5	2.720000E-3	2.000000E-5	0.000000E+0	0.000000E+0	1.964247E-4	2.976042E-9	0.000000E+0	0.000000E+0	1.999959E+1	0.000000E+0	4.000000E+0
24-Apr-25	20:12:41	1.000000E-5	4.363500E+0	-8.000000E-5	3.780000E-5	1.745000E-5	2.720000E-3	2.000000E-5	0.000000E+0	0.000000E+0	1.964247E-4	2.976042E-9	0.000000E+0	0.000000E+0	1.999959E+1	0.000000E+0	4.000000E+0
24-Apr-25	20:12:41	1.000000E-5	4.370030E+0	-8.000000E-5	3.780000E-5	1.745000E-5	2.720000E-3	2.000000E-5	0.000000E+0	0.000000E+0	1.964247E-4	2.976042E-9	0.000000E+0	0.000000E+0	1.999959E+1	0.000000E+0	4.000000E+0
24-Apr-25	20:12:42	1.000000E-5	4.373590E+0	-8.000000E-5	3.775000E-5	1.750000E-5	2.720000E-3	2.000000E-5	0.000000E+0	0.000000E+0	1.964247E-4	2.976042E-9	0.000000E+0	0.000000E+0	1.999959E+1	0.000000E+0	4.000000E+0
24-Apr-25	20:12:42	1.000000E-5	4.377530E+0	-8.000000E-5	3.775000E-5	1.750000E-5	2.720000E-3	2.000000E-5	0.000000E+0	0.000000E+0	1.964247E-4	2.976042E-9	0.000000E+0	0.000000E+0	1.999959E+1	0.000000E+0	4.000000E+0
24-Apr-25	20:12:43	1.000000E-5	4.378495E+0	-8.000000E-5	3.770000E-5	1.750000E-5	2.720000E-3	2.000000E-5	0.000000E+0	0.000000E+0	1.964247E-4	2.976042E-9	0.000000E+0	0.000000E+0	1.999959E+1	0.000000E+0	4.000000E+0
24-Apr-25	20:12:43	1.000000E-5	4.385470E+0	-8.000000E-5	3.775000E-5	1.750000E-5	2.720000E-3	2.000000E-5	0.000000E+0	0.000000E+0	1.964247E-4	2.976042E-9	0.000000E+0	0.000000E+0	1.999959E+1	0.000000E+0	4.000000E+0
24-Apr-25	20:12:44	1.000000E-5	4.388990E+0	-8.000000E-5	3.780000E-5	1.745000E-5	2.720000E-3	2.000000E-5	0.000000E+0	0.000000E+0	1.964247E-4	2.976042E-9	0.000000E+0	0.000000E+0	1.999959E+1	0.000000E+0	4.000000E+0
24-Apr-25	20:12:44	1.000000E-5	4.392510E+0	-8.000000E-5	3.780000E-5	1.745000E-5	2.720000E-3	2.000000E-5	0.000000E+0	0.000000E+0	1.964247E-4	2.976042E-9	0.000000E+0	0.000000E+0	1.999959E+1	0.000000E+0	4.000000E+0
24-Apr-25	20:12:45	1.000000E-5	4.396360E+0	-8.000000E-5	3.770000E-5	1.745000E-5	2.720000E-3	2.000000E-5	0.000000E+0	0.000000E+0	1.964247E-4	2.976042E-9	0.000000E+0	0.000000E+0	1.999959E+1	0.000000E+0	4.000000E+0
24-Apr-25	20:12:45	1.000000E-5	4.400225E+0	-8.000000E-5	3.775000E-5	1.745000E-5	2.720000E-3	2.000000E-5	0.000000E+0	0.000000E+0	1.964247E-4	2.976042E-9	0.000000E+0	0.000000E+0	1.999959E+1	0.000000E+0	4.000000E+0
24-Apr-25	20:12:46	1.000000E-5	4.401180E+0	-8.000000E-5	3.775000E-5	1.745000E-5	2.720000E-3	2.000000E-5	0.000000E+0	0.000000E+0	1.964247E-4	2.976042E-9	0.000000E+0	0.000000E+0	1.999959E+1	0.000000E+0	4.000000E+0
24-Apr-25	20:12:46	1.000000E-5	4.407535E+0	-8.000000E-5	3.780000E-5	1.750000E-5	2.720000E-3	2.000000E-5	0.000000E+0	0.000000E+0	1.964247E-4	2.976042E-9	0.000000E+0	0.000000E+0	1.999959E+1	0.000000E+0	4.000000E+0
24-Apr-25	20:12:47	1.000000E-5	4.410980E+0	-8.000000E-5	3.775000E-5	1.750000E-5	2.720000E-3	2.000000E-5	0.000000E+0	0.000000E+0	1.964247E-4	2.976042E-9	0.000000E+0	0.000000E+0	1.999959E+1	0.000000E+0	4.000000E+0
24-Apr-25	20:12:47	1.000000E-5	4.414795E+0	-8.000000E-5	3.770000E-5	1.745000E-5	2.720000E-3	2.000000E-5	0.000000E+0	0.000000E+0	1.964247E-4	2.976042E-9	0.000000E+0	0.000000E+0	1.999959E+1	0.000000E+0	4.000000E+0
24-Apr-25	20:12:48	1.000000E-5	4.418235E+0	-8.000000E-5	3.770000E-5	1.750000E-5	2.720000E-3	2.000000E-5	0.000000E+0	0.000000E+0	1.964247E-4	2.976042E-9	0.000000E+0	0.000000E+0	1.999959E+1	0.000000E+0	4.000000E+0
24-Apr-25	20:12:48	1.000000E-5	4.421795E+0	-8.000000E-5	3.775000E-5	1.760000E-5	2.720000E-3	2.000000E-5	0.000000E+0	0.000000E+0	1.964247E-4	2.976042E-9	0.000000E+0	0.000000E+0	1.999959E+1	0.000000E+0	4.000000E+0
24-Apr-25	20:12:49	1.000000E-5	4.425955E+0	-8.000000E-5	3.775000E-5	1.740000E-5	2.720000E-3	2.000000E-5	0.000000E+0	0.000000E+0	1.964247E-4	2.976042E-9	0.000000E+0	0.000000E+0	1.999959E+1	0.000000E+0	4.000000E+0
24-Apr-25	20:12:49	1.000000E-5	4.430105E+0	-8.000000E-5	3.775000E-5	1.740000E-5	2.720000E-3	2.000000E-5	0.000000E+0	0.000000E+0	1.964247E-4	2.976042E-9	0.000000E+0	0.000000E+0	1.999959E+1	0.000000E+0	4.000000E+0
24-Apr-25	20:12:50	1.000000E-5	4.433495E+0	-8.000000E-5	3.775000E-5	1.745000E-5	2.720000E-3	2.000000E-5	0.000000E+0	0.000000E+0	1.964247E-4	2.976042E-9	0.000000E+0	0.000000E+0	1.999959E+1	0.000000E+0	4.000000E+0
24-Apr-25	20:12:50	1.000000E-5	4.437615E+0	-8.000000E-5	3.775000E-5	1.750000E-5	2.720000E-3	2.000000E-5	0.000000E+0	0.000000E+0	1.964247E-4	2.976042E-9	0.000000E+0	0.000000E+0	1.999959E+1	0.000000E+0	4.000000E+0
24-Apr-25	20:12:51	1.000000E-5	4.441840E+0	-8.000000E-5	3.780000E-5	1.755000E-5	2.720000E-3	2.000000E-5	0.000000E+0	0.000000E+0	1.964247E-4	2.976042E-9	0.000000E+0	0.000000E+0	1.999959E+1	0.000000E+0	4.000000E+0
24-Apr-25	20:12:51	1.000000E-5	4.445215E+0	-8.000000E-5	3.775000E-5	1.750000E-5	2.720000E-3	2.000000E-5	0.000000E+0	0.000000E+0	1.964247E-4	2.976042E-9	0.000000E+0	0.000000E+0	1.999959E+1	0.000000E+0	4.000000E+0
24-Apr-25	20:12:52	1.000000E-5	4.449320E+0	-8.000000E-5	3.770000E-5	1.745000E-5	2.720000E-3	2.000000E-5	0.000000E+0	0.000000E+0	1.964247E-4	2.976042E-9	0.000000E+0	0.000000E+0	1.999959E+1	0.000000E+0	4.000000E+0
24-Apr-25	20:12:52	1.000000E-5	4.449865E+0	-8.000000E-5	3.770000E-5	1.745000E-5	2.720000E-3	2.000000E-5	0.000000E+0	0.000000E+0	1.964247E-4	2.976042E-9	0.000000E+0	0.000000E+0	1.999959E+1	0.000000E+0	4.000000E+0
24-Apr-25	20:12:53	1.000000E-5	4.455980E+0	-8.000000E-5	3.775000E-5	1.740000E-5	2.720000E-3	2.000000E-5	0.000000E+0	0.000000E+0	1.964247E-4	2.976042E-9	0.000000E+0	0.000000E+0	1.999959E+1	0.000000E+0	4.000000E+0
24-Apr-25	20:12:53	1.000000E-5	4.460040E+0	-8.000000E-5	3.780000E-5	1.750000E-5	2.720000E-3	2.000000E-5	0.000000E+0	0.000000E+0	1.964247E-4	2.976042E-9	0.000000E+0	0.000000E+0	1.999959E+1	0.000000E+0	4.000000E+0
24-Apr-25	20:12:54	1.000000E-5	4.463345E+0	-8.000000E-5	3.765000E-5	1.755000E-5	2.720000E-3	2.000000E-5	0.000000E+0	0.000000E+0	1.964247E-4	2.976042E-9	0.000000E+0	0.000000E+0	1.999959E+1	0.000000E+0	4.000000E+0
24-Apr-25	20:12:54	1.000000E-5	4.463950E+0	-8.000000E-5	3.770000E-5	1.750000E-5	2.720000E-3	2.000000E-5	0.000000E+0	0.000000E+0	1.964247E-4	2.976042E-9	0.000000E+0	0.000000E+0	1.999959E+1	0.000000E+0	4.000000E+0
24-Apr-25	20:12:55	1.000000E-5	4.470045E+0	-8.000000E-5	3.780000E-5	1.745000E-5	2.720000E-3	2.000000E-5	0.000000E+0	0.000000E+0	1.964247E-4	2.976042E-9	0.000000E+0	0.000000E+0	1.999959E+1	0.000000E+0	4.000000E+0
24-Apr-25	20:12:55	1.000000E-5	4.474430E+0	-8.000000E-5	3.775000E-5	1.750000E-5	2.720000E-3	2.000000E-5	0.000000E+0	0.000000E+0	1.964247E-4	2.976042E-9	0.000000E+0	0.000000E+0	1.999959E+1	0.000000E+0	4.000000E+0
24-Apr-25	20:12:56	1.000000E-5	4.476425E+0	-8.000000E-5	3.765000E-5	1.755000E-5	2.720000E-3	2.000000E-5	0.000000E+0	0.000000E+0	1.964247E-4	2.976042E-9	0.000000E+0	0.000000E+0	1.999959E+1	0.000000E+0	4.000000E+0
24-Apr-25	20:12:57	1.000000E-5	4.483865E+0	-8.000000E-5	3.770000E-5	1.745000E-5	2.720000E-3	2.000000E-5	0.000000E+0	0.000000E+0	1.964247E-4	2.976042E-9	0.000000E+0	0.000000E+0	1.999959E+1	0.000000E+0	4.000000E+0
24-Apr-25	20:12:57	1.000000E-5	4.488195E+0	-8.000000E-5	3.775000E-5	1.740000E-5	2.720000E-3	2.000000E-5	0.000000E+0	0.000000E+0	1.964247E-4	2.976042E-9	0.000000E+0	0.000000E+0	1.999959E+1	0.000000E+0	4.000000E+0
24-Apr-25	20:12:58	1.000000E-5	4.491555E+0	-8.000000E-5	3.775000E-5	1.745000E-5	2.720000E-3	2.000000E-5	0.000000E+0	0.000000E+0	1.964247E-4	2.976042E-9	0.000000E+0	0.000000E+0	1.999959E+1	0.000000E+0	4.000000E+0
24-Apr-25	20:12:58	1.000000E-5	4.495135E+0	-8.000000E-5	3.770000E-5	1.750000E-5	2.720000E-3	2.000000E-5	0.000000E+0	0.000000E+0	1.964247E-4	2.976042E-9	0.000000E+0	0.000000E+0	1.999959E+1	0.000000E+0	4.000000E+0
24-Apr-25	20:12:59	1.000000E-5	4.496380E+0	-8.000000E-5	3.765000E-5	1.745000E-5	2.720000E-3	2.000000E-5	0.000000E+0	0.000000E+0	1.964247E-4	2.976042E-9	0.000000E+0	0.000000E+0	1.999959E+1	0.000000E+0	4.000000E+0
24-Apr-25	20:12:59	1.000000E-5	4.502270E+0	-8.000000E-5	3.770000E-5	1.750000E-5	2.720000E-3	2.000000E-5	0.000000E+0	0.000000E+0	1.964247E-4	2.976042E-9	0.000000E+0	0.000000E+0	1.999959E+1	0.000000E+0	4.000000E+0
24-Apr-25	20:13:00	1.000000E-5	4.506180E+0	-8.000000E-5	3.775000E-5	1.755000E-5	2.720000E-3	2.000000E-5	0.000000E+0	0.000000E+0	1.964247E-4	2.976042E-9	0.000000E+0	0.000000E+0	1.999959E+1	0.000000E+0	4.000000E+0
24-Apr-25	20:13:00	1.000000E-5	4.507775E+0	-8.000000E-5	3.770000E-5	1.755000E-5	2.720000E-3	2.000000E-5	0.000000E+0	0.000000E+0	1.964247E-4	2.976042E-9	0.000000E+0	0.000000E+0	1.999959E+1	0.000000E+0	4.000000E+0
24-Apr-25	20:13:01	1.000000E-5	4.513610E+0	-8.000000E-5	3.765000E-5	1.750000E-5	2.720000E-3	2.000000E-5	0.000000E+0	0.000000E+0	1.964247E-4	2.976042E-9	0.000000E+0	0.000000E+0	1.999959E+1	0.000000E+0	4.000000E+0
24-Apr-25	20:13:01	1.000000E-5	4.517600E+0	-8.000000E-5	3.770000E-5	1.750000E-5	2.720000E-3	2.000000E-5	0.000000E+0	0.000000E+0	1.964247E-4	2.976042E-9	0.000000E+0	0.000000E+0	1.999959E+1	0.000000E+0	4.000000E+0
24-Apr-25	20:13:02	1.000000E-5	4.520755E+0	-8.000000E-5	3.765000E-5	1.745000E-5	2.720000E-3	2.000000E-5	0.000000E+0	0.000000E+0	1.964247E-4	2.976042E-9	0.000000E+0	0.000000E+0	1.999959E+1	0.000000E+0	4.000000E+0
24-Apr-25	20:13:02	1.000000E-5	4.521605E+0	-8.000000E-5	3.770000E-5	1.740000E-5	2.720000E-3	2.000000E-5	0.000000E+0	0.000000E+0	1.964247E-4	2.976042E-9	0.000000E+0	0.000000E+0	1.999959E+1	0.000000E+0	4.000000E+0
24-Apr-25	20:13:03	1.000000E-5	4.527375E+0	-8.000000E-5	3.765000E-5	1.750000E-5	2.720000E-3	2.000000E-5	0.000000E+0	0.000000E+0	1.964247E-4	2.976042E-9	0.000000E+0	0.000000E+0	1.999959E+1	0.000000E+0	4.000000E+0
24-Apr-25	20:13:03	1.000000E-5	4.531205E+0	-8.000000E-5	3.770000E-5	1.755000E-5	2.720000E-3	2.000000E-5	0.000000E+0	0.000000E+0	1.964247E-4	2.976042E-9	0.000000E+0	0.000000E+0	1.999959E+1	0.000000E+0	4.000000E+0
24-Apr-25	20:13:04	1.000000E-5	4.534780E+0	-8.000000E-5	3.765000E-5	1.750000E-5	2.720000E-3	2.000000E-5	0.000000E+0	0.000000E+0	1.964247E-4	2.976042E-9	0.000000E+0	0.000000E+0	1.999959E+1	0.000000E+0	4.000000E+0
24-Apr-25	20:13:04	1.000000E-5	4.537895E+0	-8.000000E-5	3.760000E-5	1.755000E-5	2.720000E-3	2.000000E-5	0.000000E+0	0.000000E+0	1.964247E-4	2.976042E-9	0.000000E+0	0.000000E+0	1.999959E+1	0.000000E+0	4.000000E+0
24-Apr-25	20:13:05	1.000000E-5	4.540995E+0	-8.000000E-5	3.765000E-5	1.745000E-5	2.720000E-3	2.000000E-5	0.000000E+0	0.000000E+0	1.964247E-4	2.976042E-9	0.000000E+0	0.000000E+0	1.999959E+1	0.000000E+0	4.000000E+0
24-Apr-25	20:13:05	1.000000E-5	4.541500E+0	-8.000000E-5	3.770000E-5	1.740000E-5	2.720000E-3	2.000000E-5	0.000000E+0	0.000000E+0	1.964247E-4	2.976042E-9	0.000000E+0	0.000000E+0	1.999959E+1	0.000000E+0	4.000000E+0
24-Apr-25	20:13:06	1.000000E-5	4.547875E+0	-8.000000E-5	3.770000E-5	1.750000E-5	2.720000E-3	2.000000E-5	0.000000E+0	0.000000E+0	1.964247E-4	2.976042E-9	0.000000E+0	0.000000E+0	1.999959E+1	0.000000E+0	4.000000E+0
24-Apr-25	20:13:06	1.000000E-5	4.551420E+0	-8.000000E-5	3.765000E-5	1.750000E-5	2.720000E-3	2.000000E-5	0.000000E+0	0.000000E+0	1.964247E-4	2.976042E-9	0.000000E+0	0.000000E+0	1.999959E+1	0.000000E+0	4.000000E+0
24-Apr-25	20:13:07	1.000000E-5	4.552580E+0	-8.000000E-5	3.760000E-5	1.750000E-5	2.720000E-3	2.000000E-5	0.000000E+0	0.000000E+0	1.964247E-4	2.976042E-9	0.000000E+0	0.000000E+0	1.999959E+1	0.000000E+0	4.000000E+0
24-Apr-25	20:13:07	1.000000E-5	4.558900E+0	-8.000000E-5	3.760000E-5	1.750000E-5	2.720000E-3	2.000000E-5	0.000000E+0	0.000000E+0	1.964247E-4	2.976042E-9	0.000000E+0	0.000000E+0	1.999959E+1	0.000000E+0	4.000000E+0
24-Apr-25	20:13:08	1.000000E-5	4.561940E+0	-8.000000E-5	3.765000E-5	1.750000E-5	2.720000E-3	2.000000E-5	0.000000E+0	0.000000E+0	1.964247E-4	2.976042E-9	0.000000E+0	0.000000E+0	1.999959E+1	0.000000E+0	4.000000E+0
24-Apr-25	20:13:08	1.000000E-5	4.565650E+0	-8.000000E-5	3.770000E-5	1.745000E-5	2.720000E-3	2.000000E-5	0.000000E+0	0.000000E+0	1.964247E-4	2.976042E-9	0.000000E+0	0.000000E+0	1.999959E+1	0.000000E+0	4.000000E+0
24-Apr-25	20:13:09	1.000000E-5	4.566155E+0	-8.000000E-5	3.770000E-5	1.755000E-5	2.720000E-3	2.000000E-5	0.000000E+0	0.000000E+0	1.964247E-4	2.976042E-9	0.000000E+0	0.000000E+0	1.999959E+1	0.000000E+0	4.000000E+0
24-Apr-25	20:13:09	1.000000E-5	4.571805E+0	-8.000000E-5	3.765000E-5	1.755000E-5	2.720000E-3	2.000000E-5	0.000000E+0	0.000000E+0	1.964247E-4	2.976042E-9	0.000000E+0	0.000000E+0	1.999959E+1	0.000000E+0	4.000000E+0
24-Apr-25	20:13:10	1.000000E-5	4.574810E+0	-8.000000E-5	3.755000E-5	1.750000E-5	2.720000E-3	2.000000E-5	0.000000E+0	0.000000E+0	1.964247E-4	2.976042E-9	0.000000E+0	0.000000E+0	1.999959E+1	0.000000E+0	4.000000E+0
24-Apr-25	20:13:10	1.000000E-5	4.578150E+0	-8.000000E-5	3.765000E-5	1.745000E-5	2.720000E-3	2.000000E-5	0.000000E+0	0.000000E+0	1.964247E-4	2.976042E-9	0.000000E+0	0.000000E+0	1.999959E+1	0.000000E+0	4.000000E+0
24-Apr-25	20:13:11	1.000000E-5	4.581485E+0	-8.000000E-5	3.765000E-5	1.760000E-5	2.720000E-3	2.000000E-5	0.000000E+0	0.000000E+0	1.964247E-4	2.976042E-9	0.000000E+0	0.000000E+0	1.999959E+1	0.000000E+0	4.000000E+0
24-Apr-25	20:13:11	1.000000E-5	4.585140E+0	-8.000000E-5	3.760000E-5	1.755000E-5	2.720000E-3	2.000000E-5	0.000000E+0	0.000000E+0	1.964247E-4	2.976042E-9	0.000000E+0	0.000000E+0	1.999959E+1	0.000000E+0	4.000000E+0
24-Apr-25	20:13:12	1.000000E-5	4.588775E+0	-8.000000E-5	3.760000E-5	1.750000E-5	2.720000E-3	2.000000E-5	0.000000E+0	0.000000E+0	1.964247E-4	2.976042E-9	0.000000E+0	0.000000E+0	1.999959E+1	0.000000E+0	4.000000E+0
24-Apr-25	20:13:12	1.000000E-5	4.591725E+0	-8.000000E-5	3.770000E-5	1.745000E-5	2.720000E-3	2.000000E-5	0.000000E+0	0.000000E+0	1.964247E-4	2.976042E-9	0.000000E+0	0.000000E+0	1.999959E+1	0.000000E+0	4.000000E+0
24-Apr-25	20:13:13	1.000000E-5	4.595650E+0	-8.000000E-5	3.760000E-5	1.755000E-5	2.720000E-3	2.000000E-5	0.000000E+0	0.000000E+0	1.964247E-4	2.976042E-9	0.000000E+0	0.000000E+0	1.999959E+1	0.000000E+0	4.000000E+0
24-Apr-25	20:13:13	1.000000E-5	4.599590E+0	-8.000000E-5	3.755000E-5	1.750000E-5	2.720000E-3	2.000000E-5	0.000000E+0	0.000000E+0	1.964247E-4	2.976042E-9	0.000000E+0	0.000000E+0	1.999959E+1	0.000000E+0	4.000000E+0
24-Apr-25	20:13:14	1.000000E-5	4.602545E+0	-8.000000E-5	3.760000E-5	1.745000E-5	2.720000E-3	2.000000E-5	0.000000E+0	0.000000E+0	1.964247E-4	2.976042E-9	0.000000E+0	0.000000E+0	1.999959E+1	0.000000E+0	4.000000E+0
24-Apr-25	20:13:14	1.000000E-5	4.606230E+0	-8.000000E-5	3.760000E-5	1.740000E-5	2.720000E-3	2.000000E-5	0.000000E+0	0.000000E+0	1.964247E-4	2.976042E-9	0.000000E+0	0.000000E+0	1.999959E+1	0.000000E+0	4.000000E+0
24-Apr-25	20:13:15	1.000000E-5	4.609825E+0	-8.000000E-5	3.765000E-5	1.750000E-5	2.720000E-3	2.000000E-5	0.000000E+0	0.000000E+0	1.964247E-4	2.976042E-9	0.000000E+0	0.000000E+0	1.999959E+1	0.000000E+0	4.000000E+0
24-Apr-25	20:13:16	1.000000E-5	4.613370E+0	-8.000000E-5	3.760000E-5	1.755000E-5	2.720000E-3	2.000000E-5	0.000000E+0	0.000000E+0	1.964247E-4	2.976042E-9	0.000000E+0	0.000000E+0	1.999959E+1	0.000000E+0	4.000000E+0
24-Apr-25	20:13:16	1.000000E-5	4.616635E+0	-8.000000E-5	3.750000E-5	1.755000E-5	2.720000E-3	2.000000E-5	0.000000E+0	0.000000E+0	1.964247E-4	2.976042E-9	0.000000E+0	0.000000E+0	1.999959E+1	0.000000E+0	4.000000E+0
24-Apr-25	20:13:17	1.000000E-5	4.620865E+0	-8.000000E-5	3.750000E-5	1.755000E-5	2.720000E-3	2.000000E-5	0.000000E+0	0.000000E+0	1.964247E-4	2.976042E-9	0.000000E+0	0.000000E+0	1.999959E+1	0.000000E+0	4.000000E+0
24-Apr-25	20:13:17	1.000000E-5	4.624710E+0	-8.000000E-5	3.750000E-5	1.745000E-5	2.720000E-3	2.000000E-5	0.000000E+0	0.000000E+0	1.964247E-4	2.976042E-9	0.000000E+0	0.000000E+0	1.999959E+1	0.000000E+0	4.000000E+0
24-Apr-25	20:13:18	1.000000E-5	4.628210E+0	-8.000000E-5	3.760000E-5	1.750000E-5	2.720000E-3	2.000000E-5	0.000000E+0	0.000000E+0	1.964247E-4	2.976042E-9	0.000000E+0	0.000000E+0	1.999959E+1	0.000000E+0	4.000000E+0
24-Apr-25	20:13:18	1.000000E-5	4.631060E+0	-8.000000E-5	3.765000E-5	1.745000E-5	2.720000E-3	2.000000E-5	0.000000E+0	0.000000E+0	1.964247E-4	2.976042E-9	0.000000E+0	0.000000E+0	1.999959E+1	0.000000E+0	4.000000E+0
24-Apr-25	20:13:19	1.000000E-5	4.633920E+0	-8.000000E-5	3.765000E-5	1.750000E-5	2.720000E-3	2.000000E-5	0.000000E+0	0.000000E+0	1.964247E-4	2.976042E-9	0.000000E+0	0.000000E+0	1.999959E+1	0.000000E+0	4.000000E+0
24-Apr-25	20:13:19	1.000000E-5	4.636770E+0	-8.000000E-5	3.760000E-5	1.745000E-5	2.720000E-3	2.000000E-5	0.000000E+0	0.000000E+0	1.964247E-4	2.976042E-9	0.000000E+0	0.000000E+0	1.999959E+1	0.000000E+0	4.000000E+0
24-Apr-25	20:13:20	1.000000E-5	4.637300E+0	-8.000000E-5	3.755000E-5	1.745000E-5	2.720000E-3	2.000000E-5	0.000000E+0	0.000000E+0	1.964247E-4	2.976042E-9	0.000000E+0	0.000000E+0	1.999959E+1	0.000000E+0	4.000000E+0
24-Apr-25	20:13:20	1.000000E-5	4.642550E+0	-8.000000E-5	3.755000E-5	1.750000E-5	2.720000E-3	2.000000E-5	0.000000E+0	0.000000E+0	1.964247E-4	2.976042E-9	0.000000E+0	0.000000E+0	1.999959E+1	0.000000E+0	4.000000E+0
24-Apr-25	20:13:21	1.000000E-5	4.645365E+0	-8.000000E-5	3.760000E-5	1.750000E-5	2.720000E-3	2.000000E-5	0.000000E+0	0.000000E+0	1.964247E-4	2.976042E-9	0.000000E+0	0.000000E+0	1.999959E+1	0.000000E+0	4.000000E+0
24-Apr-25	20:13:21	1.000000E-5	4.648500E+0	-8.000000E-5	3.760000E-5	1.755000E-5	2.720000E-3	2.000000E-5	0.000000E+0	0.000000E+0	1.964247E-4	2.976042E-9	0.000000E+0	0.000000E+0	1.999959E+1	0.000000E+0	4.000000E+0
24-Apr-25	20:13:22	1.000000E-5	4.651305E+0	-8.000000E-5	3.760000E-5	1.755000E-5	2.720000E-3	2.000000E-5	0.000000E+0	0.000000E+0	1.964247E-4	2.976042E-9	0.000000E+0	0.000000E+0	1.999959E+1	0.000000E+0	4.000000E+0
24-Apr-25	20:13:22	1.000000E-5	4.655040E+0	-8.000000E-5	3.750000E-5	1.755000E-5	2.720000E-3	2.000000E-5	0.000000E+0	0.000000E+0	1.964247E-4	2.976042E-9	0.000000E+0	0.000000E+0	1.999959E+1	0.000000E+0	4.000000E+0
24-Apr-25	20:13:23	1.000000E-5	4.657835E+0	-8.000000E-5	3.750000E-5	1.750000E-5	2.720000E-3	2.000000E-5	0.000000E+0	0.000000E+0	1.964247E-4	2.976042E-9	0.000000E+0	0.000000E+0	1.999959E+1	0.000000E+0	4.000000E+0
24-Apr-25	20:13:23	1.000000E-5	4.660965E+0	-8.000000E-5	3.750000E-5	1.750000E-5	2.720000E-3	2.000000E-5	0.000000E+0	0.000000E+0	1.964247E-4	2.976042E-9	0.000000E+0	0.000000E+0	1.999959E+1	0.000000E+0	4.000000E+0
24-Apr-25	20:13:24	1.000000E-5	4.664415E+0	-8.000000E-5	3.745000E-5	1.755000E-5	2.720000E-3	2.000000E-5	0.000000E+0	0.000000E+0	1.964247E-4	2.976042E-9	0.000000E+0	0.000000E+0	1.999959E+1	0.000000E+0	4.000000E+0
24-Apr-25	20:13:24	1.000000E-5	4.667170E+0	-8.000000E-5	3.745000E-5	1.755000E-5	2.720000E-3	2.000000E-5	0.000000E+0	0.000000E+0	1.964247E-4	2.976042E-9	0.000000E+0	0.000000E+0	1.999959E+1	0.000000E+0	4.000000E+0
24-Apr-25	20:13:25	1.000000E-5	4.670550E+0	-8.000000E-5	3.755000E-5	1.750000E-5	2.720000E-3	2.000000E-5	0.000000E+0	0.000000E+0	1.964247E-4	2.976042E-9	0.000000E+0	0.000000E+0	1.999959E+1	0.000000E+0	4.000000E+0
24-Apr-25	20:13:25	1.000000E-5	4.673910E+0	-8.000000E-5	3.760000E-5	1.750000E-5	2.720000E-3	2.000000E-5	0.000000E+0	0.000000E+0	1.964247E-4	2.976042E-9	0.000000E+0	0.000000E+0	1.999959E+1	0.000000E+0	4.000000E+0
24-Apr-25	20:13:26	1.000000E-5	4.676650E+0	-8.000000E-5	3.755000E-5	1.755000E-5	2.720000E-3	2.000000E-5	0.000000E+0	0.000000E+0	1.964247E-4	2.976042E-9	0.000000E+0	0.000000E+0	1.999959E+1	0.000000E+0	4.000000E+0
24-Apr-25	20:13:26	1.000000E-5	4.677100E+0	-8.000000E-5	3.755000E-5	1.750000E-5	2.720000E-3	2.000000E-5	0.000000E+0	0.000000E+0	1.964247E-4	2.976042E-9	0.000000E+0	0.000000E+0	1.999959E+1	0.000000E+0	4.000000E+0
24-Apr-25	20:13:27	1.000000E-5	4.682105E+0	-8.000000E-5	3.750000E-5	1.750000E-5	2.720000E-3	2.000000E-5	0.000000E+0	0.000000E+0	1.964247E-4	2.976042E-9	0.000000E+0	0.000000E+0	1.999959E+1	0.000000E+0	4.000000E+0
24-Apr-25	20:13:27	1.000000E-5	4.684820E+0	-8.000000E-5	3.755000E-5	1.755000E-5	2.720000E-3	2.000000E-5	0.000000E+0	0.000000E+0	1.964247E-4	2.976042E-9	0.000000E+0	0.000000E+0	1.999959E+1	0.000000E+0	4.000000E+0
24-Apr-25	20:13:27	1.000000E-5	4.687840E+0	-8.000000E-5	3.750000E-5	1.755000E-5	2.720000E-3	2.000000E-5	0.000000E+0	0.000000E+0	1.964247E-4	2.976042E-9	0.000000E+0	0.000000E+0	1.999959E+1	0.000000E+0	4.000000E+0
24-Apr-25	20:13:28	1.000000E-5	4.690595E+0	-8.000000E-5	3.745000E-5	1.750000E-5	2.720000E-3	2.000000E-5	0.000000E+0	0.000000E+0	1.964247E-4	2.976042E-9	0.000000E+0	0.000000E+0	1.999959E+1	0.000000E+0	4.000000E+0
24-Apr-25	20:13:29	1.000000E-5	4.694235E+0	-8.000000E-5	3.745000E-5	1.750000E-5	2.720000E-3	2.000000E-5	0.000000E+0	0.000000E+0	1.964247E-4	2.976042E-9	0.000000E+0	0.000000E+0	1.999959E+1	0.000000E+0	4.000000E+0
24-Apr-25	20:13:29	1.000000E-5	4.697220E+0	-8.000000E-5	3.750000E-5	1.745000E-5	2.720000E-3	2.000000E-5	0.000000E+0	0.000000E+0	1.964247E-4	2.976042E-9	0.000000E+0	0.000000E+0	1.999959E+1	0.000000E+0	4.000000E+0
24-Apr-25	20:13:30	1.000000E-5	4.700195E+0	-8.000000E-5	3.745000E-5	1.750000E-5	2.720000E-3	2.000000E-5	0.000000E+0	0.000000E+0	1.964247E-4	2.976042E-9	0.000000E+0	0.000000E+0	1.999959E+1	0.000000E+0	4.000000E+0
24-Apr-25	20:13:30	1.000000E-5	4.702860E+0	-8.000000E-5	3.745000E-5	1.745000E-5	2.720000E-3	2.000000E-5	0.000000E+0	0.000000E+0	1.964247E-4	2.976042E-9	0.000000E+0	0.000000E+0	1.999959E+1	0.000000E+0	4.000000E+0
24-Apr-25	20:13:31	1.000000E-5	4.705895E+0	-8.000000E-5	3.755000E-5	1.745000E-5	2.720000E-3	2.000000E-5	0.000000E+0	0.000000E+0	1.964247E-4	2.976042E-9	0.000000E+0	0.000000E+0	1.999959E+1	0.000000E+0	4.000000E+0
24-Apr-25	20:13:31	1.000000E-5	4.709140E+0	-8.000000E-5	3.755000E-5	1.750000E-5	2.720000E-3	2.000000E-5	0.000000E+0	0.000000E+0	1.964247E-4	2.976042E-9	0.000000E+0	0.000000E+0	1.999959E+1	0.000000E+0	4.000000E+0
24-Apr-25	20:13:32	1.000000E-5	4.712670E+0	-8.000000E-5	3.745000E-5	1.755000E-5	2.720000E-3	2.000000E-5	0.000000E+0	0.000000E+0	1.964247E-4	2.976042E-9	0.000000E+0	0.000000E+0	1.999959E+1	0.000000E+0	4.000000E+0
24-Apr-25	20:13:32	1.000000E-5	4.715895E+0	-8.000000E-5	3.740000E-5	1.750000E-5	2.720000E-3	2.000000E-5	0.000000E+0	0.000000E+0	1.964247E-4	2.976042E-9	0.000000E+0	0.000000E+0	1.999959E+1	0.000000E+0	4.000000E+0
24-Apr-25	20:13:33	1.000000E-5	4.718505E+0	-8.000000E-5	3.740000E-5	1.745000E-5	2.720000E-3	2.000000E-5	0.000000E+0	0.000000E+0	1.964247E-4	2.976042E-9	0.000000E+0	0.000000E+0	1.999959E+1	0.000000E+0	4.000000E+0
24-Apr-25	20:13:33	1.000000E-5	4.721710E+0	-8.000000E-5	3.750000E-5	1.755000E-5	2.720000E-3	2.000000E-5	0.000000E+0	0.000000E+0	1.964247E-4	2.976042E-9	0.000000E+0	0.000000E+0	1.999959E+1	0.000000E+0	4.000000E+0
24-Apr-25	20:13:34	1.000000E-5	4.724615E+0	-8.000000E-5	3.745000E-5	1.755000E-5	2.720000E-3	2.000000E-5	0.000000E+0	0.000000E+0	1.964247E-4	2.976042E-9	0.000000E+0	0.000000E+0	1.999959E+1	0.000000E+0	4.000000E+0
24-Apr-25	20:13:34	1.000000E-5	4.728175E+0	-8.000000E-5	3.750000E-5	1.750000E-5	2.720000E-3	2.000000E-5	0.000000E+0	0.000000E+0	1.964247E-4	2.976042E-9	0.000000E+0	0.000000E+0	1.999959E+1	0.000000E+0	4.000000E+0
24-Apr-25	20:13:35	1.000000E-5	4.730495E+0	-8.000000E-5	3.750000E-5	1.755000E-5	2.720000E-3	2.000000E-5	0.000000E+0	0.000000E+0	1.964247E-4	2.976042E-9	0.000000E+0	0.000000E+0	1.999959E+1	0.000000E+0	4.000000E+0
24-Apr-25	20:13:35	1.000000E-5	4.733650E+0	-8.000000E-5	3.745000E-5	1.755000E-5	2.720000E-3	2.000000E-5	0.000000E+0	0.000000E+0	1.964247E-4	2.976042E-9	0.000000E+0	0.000000E+0	1.999959E+1	0.000000E+0	4.000000E+0
24-Apr-25	20:13:36	1.000000E-5	4.734070E+0	-8.000000E-5	3.735000E-5	1.750000E-5	2.720000E-3	2.000000E-5	0.000000E+0	0.000000E+0	1.964247E-4	2.976042E-9	0.000000E+0	0.000000E+0	1.999959E+1	0.000000E+0	4.000000E+0
24-Apr-25	20:13:36	1.000000E-5	4.738780E+0	-8.000000E-5	3.740000E-5	1.750000E-5	2.720000E-3	2.000000E-5	0.000000E+0	0.000000E+0	1.964247E-4	2.976042E-9	0.000000E+0	0.000000E+0	1.999959E+1	0.000000E+0	4.000000E+0
24-Apr-25	20:13:37	1.000000E-5	4.741390E+0	-8.000000E-5	3.740000E-5	1.745000E-5	2.720000E-3	2.000000E-5	0.000000E+0	0.000000E+0	1.964247E-4	2.976042E-9	0.000000E+0	0.000000E+0	1.999959E+1	0.000000E+0	4.000000E+0
24-Apr-25	20:13:37	1.000000E-5	4.744280E+0	-8.000000E-5	3.750000E-5	1.750000E-5	2.720000E-3	2.000000E-5	0.000000E+0	0.000000E+0	1.964247E-4	2.976042E-9	0.000000E+0	0.000000E+0	1.999959E+1	0.000000E+0	4.000000E+0
24-Apr-25	20:13:38	1.000000E-5	4.746830E+0	-8.000000E-5	3.745000E-5	1.750000E-5	2.720000E-3	2.000000E-5	0.000000E+0	0.000000E+0	1.964247E-4	2.976042E-9	0.000000E+0	0.000000E+0	1.999959E+1	0.000000E+0	4.000000E+0
24-Apr-25	20:13:38	1.000000E-5	4.749590E+0	-8.000000E-5	3.745000E-5	1.750000E-5	2.720000E-3	2.000000E-5	0.000000E+0	0.000000E+0	1.964247E-4	2.976042E-9	0.000000E+0	0.000000E+0	1.999959E+1	0.000000E+0	4.000000E+0
24-Apr-25	20:13:39	1.000000E-5	4.751935E+0	-8.000000E-5	3.750000E-5	1.745000E-5	2.720000E-3	2.000000E-5	0.000000E+0	0.000000E+0	1.964247E-4	2.976042E-9	0.000000E+0	0.000000E+0	1.999959E+1	0.000000E+0	4.000000E+0
24-Apr-25	20:13:39	1.000000E-5	4.754275E+0	-8.000000E-5	3.740000E-5	1.745000E-5	2.720000E-3	2.000000E-5	0.000000E+0	0.000000E+0	1.964247E-4	2.976042E-9	0.000000E+0	0.000000E+0	1.999959E+1	0.000000E+0	4.000000E+0
24-Apr-25	20:13:40	1.000000E-5	4.756845E+0	-8.000000E-5	3.735000E-5	1.755000E-5	2.720000E-3	2.000000E-5	0.000000E+0	0.000000E+0	1.964247E-4	2.976042E-9	0.000000E+0	0.000000E+0	1.999959E+1	0.000000E+0	4.000000E+0
24-Apr-25	20:13:40	1.000000E-5	4.759175E+0	-8.000000E-5	3.735000E-5	1.755000E-5	2.720000E-3	2.000000E-5	0.000000E+0	0.000000E+0	1.964247E-4	2.976042E-9	0.000000E+0	0.000000E+0	1.999959E+1	0.000000E+0	4.000000E+0
24-Apr-25	20:13:41	1.000000E-5	4.761280E+0	-8.000000E-5	3.740000E-5	1.750000E-5	2.720000E-3	2.000000E-5	0.000000E+0	0.000000E+0	1.964247E-4	2.976042E-9	0.000000E+0	0.000000E+0	1.999959E+1	0.000000E+0	4.000000E+0
24-Apr-25	20:13:41	1.000000E-5	4.763595E+0	-8.000000E-5	3.740000E-5	1.750000E-5	2.720000E-3	2.000000E-5	0.000000E+0	0.000000E+0	1.964247E-4	2.976042E-9	0.000000E+0	0.000000E+0	1.999959E+1	0.000000E+0	4.000000E+0
24-Apr-25	20:13:42	1.000000E-5	4.765665E+0	-8.000000E-5	3.745000E-5	1.755000E-5	2.720000E-3	2.000000E-5	0.000000E+0	0.000000E+0	1.964247E-4	2.976042E-9	0.000000E+0	0.000000E+0	1.999959E+1	0.000000E+0	4.000000E+0
24-Apr-25	20:13:42	1.000000E-5	4.768470E+0	-8.000000E-5	3.745000E-5	1.755000E-5	2.720000E-3	2.000000E-5	0.000000E+0	0.000000E+0	1.964247E-4	2.976042E-9	0.000000E+0	0.000000E+0	1.999959E+1	0.000000E+0	4.000000E+0
24-Apr-25	20:13:43	1.000000E-5	4.770575E+0	-8.000000E-5	3.740000E-5	1.755000E-5	2.720000E-3	2.000000E-5	0.000000E+0	0.000000E+0	1.964247E-4	2.976042E-9	0.000000E+0	0.000000E+0	1.999959E+1	0.000000E+0	4.000000E+0
24-Apr-25	20:13:43	1.000000E-5	4.772865E+0	-8.000000E-5	3.740000E-5	1.755000E-5	2.720000E-3	2.000000E-5	0.000000E+0	0.000000E+0	1.964247E-4	2.976042E-9	0.000000E+0	0.000000E+0	1.999959E+1	0.000000E+0	4.000000E+0
24-Apr-25	20:13:44	1.000000E-5	4.773665E+0	-8.000000E-5	3.740000E-5	1.750000E-5	2.720000E-3	2.000000E-5	0.000000E+0	0.000000E+0	1.964247E-4	2.976042E-9	0.000000E+0	0.000000E+0	1.999959E+1	0.000000E+0	4.000000E+0
24-Apr-25	20:13:44	1.000000E-5	4.777435E+0	-8.000000E-5	3.745000E-5	1.750000E-5	2.720000E-3	2.000000E-5	0.000000E+0	0.000000E+0	1.964247E-4	2.976042E-9	0.000000E+0	0.000000E+0	1.999959E+1	0.000000E+0	4.000000E+0
24-Apr-25	20:13:45	1.000000E-5	4.779700E+0	-8.000000E-5	3.745000E-5	1.755000E-5	2.720000E-3	2.000000E-5	0.000000E+0	0.000000E+0	1.964247E-4	2.976042E-9	0.000000E+0	0.000000E+0	1.999959E+1	0.000000E+0	4.000000E+0
24-Apr-25	20:13:45	1.000000E-5	4.781765E+0	-8.000000E-5	3.735000E-5	1.755000E-5	2.720000E-3	2.000000E-5	0.000000E+0	0.000000E+0	1.964247E-4	2.976042E-9	0.000000E+0	0.000000E+0	1.999959E+1	0.000000E+0	4.000000E+0
24-Apr-25	20:13:46	1.000000E-5	4.782555E+0	-8.000000E-5	3.740000E-5	1.760000E-5	2.720000E-3	2.000000E-5	0.000000E+0	0.000000E+0	1.964247E-4	2.976042E-9	0.000000E+0	0.000000E+0	1.999959E+1	0.000000E+0	4.000000E+0
24-Apr-25	20:13:46	1.000000E-5	4.786305E+0	-8.000000E-5	3.735000E-5	1.755000E-5	2.720000E-3	2.000000E-5	0.000000E+0	0.000000E+0	1.964247E-4	2.976042E-9	0.000000E+0	0.000000E+0	1.999959E+1	0.000000E+0	4.000000E+0
24-Apr-25	20:13:47	1.000000E-5	4.788765E+0	-8.000000E-5	3.735000E-5	1.750000E-5	2.720000E-3	2.000000E-5	0.000000E+0	0.000000E+0	1.964247E-4	2.976042E-9	0.000000E+0	0.000000E+0	1.999959E+1	0.000000E+0	4.000000E+0
24-Apr-25	20:13:47	1.000000E-5	4.790775E+0	-8.000000E-5	3.740000E-5	1.750000E-5	2.720000E-3	2.000000E-5	0.000000E+0	0.000000E+0	1.964247E-4	2.976042E-9	0.000000E+0	0.000000E+0	1.999959E+1	0.000000E+0	4.000000E+0
24-Apr-25	20:13:48	1.000000E-5	4.793460E+0	-8.000000E-5	3.740000E-5	1.755000E-5	2.720000E-3	2.000000E-5	0.000000E+0	0.000000E+0	1.964247E-4	2.976042E-9	0.000000E+0	0.000000E+0	1.999959E+1	0.000000E+0	4.000000E+0
24-Apr-25	20:13:48	1.000000E-5	4.795455E+0	-8.000000E-5	3.735000E-5	1.755000E-5	2.720000E-3	2.000000E-5	0.000000E+0	0.000000E+0	1.964247E-4	2.976042E-9	0.000000E+0	0.000000E+0	1.999959E+1	0.000000E+0	4.000000E+0
24-Apr-25	20:13:49	1.000000E-5	4.797880E+0	-8.000000E-5	3.735000E-5	1.750000E-5	2.720000E-3	2.000000E-5	0.000000E+0	0.000000E+0	1.964247E-4	2.976042E-9	0.000000E+0	0.000000E+0	1.999959E+1	0.000000E+0	4.000000E+0
24-Apr-25	20:13:49	1.000000E-5	4.799860E+0	-8.000000E-5	3.735000E-5	1.750000E-5	2.720000E-3	2.000000E-5	0.000000E+0	0.000000E+0	1.964247E-4	2.976042E-9	0.000000E+0	0.000000E+0	1.999959E+1	0.000000E+0	4.000000E+0
24-Apr-25	20:13:50	1.000000E-5	4.802375E+0	-8.000000E-5	3.740000E-5	1.750000E-5	2.720000E-3	2.000000E-5	0.000000E+0	0.000000E+0	1.964247E-4	2.976042E-9	0.000000E+0	0.000000E+0	1.999959E+1	0.000000E+0	4.000000E+0
24-Apr-25	20:13:50	1.000000E-5	4.802680E+0	-8.000000E-5	3.740000E-5	1.750000E-5	2.720000E-3	2.000000E-5	0.000000E+0	0.000000E+0	1.964247E-4	2.976042E-9	0.000000E+0	0.000000E+0	1.999959E+1	0.000000E+0	4.000000E+0
24-Apr-25	20:13:51	1.000000E-5	4.806305E+0	-8.000000E-5	3.745000E-5	1.755000E-5	2.720000E-3	2.000000E-5	0.000000E+0	0.000000E+0	1.964247E-4	2.976042E-9	0.000000E+0	0.000000E+0	1.999959E+1	0.000000E+0	4.000000E+0
24-Apr-25	20:13:51	1.000000E-5	4.808255E+0	-8.000000E-5	3.745000E-5	1.755000E-5	2.720000E-3	2.000000E-5	0.000000E+0	0.000000E+0	1.964247E-4	2.976042E-9	0.000000E+0	0.000000E+0	1.999959E+1	0.000000E+0	4.000000E+0
24-Apr-25	20:13:52	1.000000E-5	4.810430E+0	-8.000000E-5	3.725000E-5	1.755000E-5	2.720000E-3	2.000000E-5	0.000000E+0	0.000000E+0	1.964247E-4	2.976042E-9	0.000000E+0	0.000000E+0	1.999959E+1	0.000000E+0	4.000000E+0
24-Apr-25	20:13:52	1.000000E-5	4.812390E+0	-8.000000E-5	3.730000E-5	1.750000E-5	2.720000E-3	2.000000E-5	0.000000E+0	0.000000E+0	1.964247E-4	2.976042E-9	0.000000E+0	0.000000E+0	1.999959E+1	0.000000E+0	4.000000E+0
24-Apr-25	20:13:53	1.000000E-5	4.814800E+0	-8.000000E-5	3.740000E-5	1.745000E-5	2.720000E-3	2.000000E-5	0.000000E+0	0.000000E+0	1.964247E-4	2.976042E-9	0.000000E+0	0.000000E+0	1.999959E+1	0.000000E+0	4.000000E+0
24-Apr-25	20:13:53	1.000000E-5	4.816765E+0	-8.000000E-5	3.745000E-5	1.750000E-5	2.720000E-3	2.000000E-5	0.000000E+0	0.000000E+0	1.964247E-4	2.976042E-9	0.000000E+0	0.000000E+0	1.999959E+1	0.000000E+0	4.000000E+0
24-Apr-25	20:13:54	1.000000E-5	4.818695E+0	-8.000000E-5	3.730000E-5	1.755000E-5	2.720000E-3	2.000000E-5	0.000000E+0	0.000000E+0	1.964247E-4	2.976042E-9	0.000000E+0	0.000000E+0	1.999959E+1	0.000000E+0	4.000000E+0
24-Apr-25	20:13:54	1.000000E-5	4.820860E+0	-8.000000E-5	3.725000E-5	1.755000E-5	2.720000E-3	2.000000E-5	0.000000E+0	0.000000E+0	1.964247E-4	2.976042E-9	0.000000E+0	0.000000E+0	1.999959E+1	0.000000E+0	4.000000E+0
24-Apr-25	20:13:55	1.000000E-5	4.823005E+0	-8.000000E-5	3.730000E-5	1.750000E-5	2.720000E-3	2.000000E-5	0.000000E+0	0.000000E+0	1.964247E-4	2.976042E-9	0.000000E+0	0.000000E+0	1.999959E+1	0.000000E+0	4.000000E+0
24-Apr-25	20:13:55	1.000000E-5	4.823535E+0	-8.000000E-5	3.740000E-5	1.750000E-5	2.720000E-3	2.000000E-5	0.000000E+0	0.000000E+0	1.964247E-4	2.976042E-9	0.000000E+0	0.000000E+0	1.999959E+1	0.000000E+0	4.000000E+0
24-Apr-25	20:13:56	1.000000E-5	4.827050E+0	-8.000000E-5	3.735000E-5	1.755000E-5	2.720000E-3	2.000000E-5	0.000000E+0	0.000000E+0	1.964247E-4	2.976042E-9	0.000000E+0	0.000000E+0	1.999959E+1	0.000000E+0	4.000000E+0
24-Apr-25	20:13:56	1.000000E-5	4.829380E+0	-8.000000E-5	3.725000E-5	1.750000E-5	2.720000E-3	2.000000E-5	0.000000E+0	0.000000E+0	1.964247E-4	2.976042E-9	0.000000E+0	0.000000E+0	1.999959E+1	0.000000E+0	4.000000E+0
24-Apr-25	20:13:57	1.000000E-5	4.831285E+0	-8.000000E-5	3.730000E-5	1.745000E-5	2.720000E-3	2.000000E-5	0.000000E+0	0.000000E+0	1.964247E-4	2.976042E-9	0.000000E+0	0.000000E+0	1.999959E+1	0.000000E+0	4.000000E+0
24-Apr-25	20:13:57	1.000000E-5	4.833590E+0	-8.000000E-5	3.735000E-5	1.750000E-5	2.720000E-3	2.000000E-5	0.000000E+0	0.000000E+0	1.964247E-4	2.976042E-9	0.000000E+0	0.000000E+0	1.999959E+1	0.000000E+0	4.000000E+0
24-Apr-25	20:13:57	1.000000E-5	4.835265E+0	-8.000000E-5	3.730000E-5	1.755000E-5	2.720000E-3	2.000000E-5	0.000000E+0	0.000000E+0	1.964247E-4	2.976042E-9	0.000000E+0	0.000000E+0	1.999959E+1	0.000000E+0	4.000000E+0
24-Apr-25	20:13:58	1.000000E-5	4.837420E+0	-8.000000E-5	3.730000E-5	1.750000E-5	2.720000E-3	2.000000E-5	0.000000E+0	0.000000E+0	1.964247E-4	2.976042E-9	0.000000E+0	0.000000E+0	1.999959E+1	0.000000E+0	4.000000E+0
24-Apr-25	20:13:58	1.000000E-5	4.839505E+0	-8.000000E-5	3.735000E-5	1.750000E-5	2.720000E-3	2.000000E-5	0.000000E+0	0.000000E+0	1.964247E-4	2.976042E-9	0.000000E+0	0.000000E+0	1.999959E+1	0.000000E+0	4.000000E+0
24-Apr-25	20:13:59	1.000000E-5	4.841785E+0	-8.000000E-5	3.735000E-5	1.745000E-5	2.720000E-3	2.000000E-5	0.000000E+0	0.000000E+0	1.964247E-4	2.976042E-9	0.000000E+0	0.000000E+0	1.999959E+1	0.000000E+0	4.000000E+0
24-Apr-25	20:14:00	1.000000E-5	4.843650E+0	-8.000000E-5	3.735000E-5	1.755000E-5	2.720000E-3	2.000000E-5	0.000000E+0	0.000000E+0	1.964247E-4	2.976042E-9	0.000000E+0	0.000000E+0	1.999959E+1	0.000000E+0	4.000000E+0
24-Apr-25	20:14:00	1.000000E-5	4.845930E+0	-8.000000E-5	3.725000E-5	1.755000E-5	2.720000E-3	2.000000E-5	0.000000E+0	0.000000E+0	1.964247E-4	2.976042E-9	0.000000E+0	0.000000E+0	1.999959E+1	0.000000E+0	4.000000E+0
24-Apr-25	20:14:00	1.000000E-5	4.847780E+0	-8.000000E-5	3.725000E-5	1.750000E-5	2.720000E-3	2.000000E-5	0.000000E+0	0.000000E+0	1.964247E-4	2.976042E-9	0.000000E+0	0.000000E+0	1.999959E+1	0.000000E+0	4.000000E+0
24-Apr-25	20:14:01	1.000000E-5	4.850040E+0	-8.000000E-5	3.730000E-5	1.750000E-5	2.720000E-3	2.000000E-5	0.000000E+0	0.000000E+0	1.964247E-4	2.976042E-9	0.000000E+0	0.000000E+0	1.999959E+1	0.000000E+0	4.000000E+0
24-Apr-25	20:14:01	1.000000E-5	4.850340E+0	-8.000000E-5	3.725000E-5	1.750000E-5	2.720000E-3	2.000000E-5	0.000000E+0	0.000000E+0	1.964247E-4	2.976042E-9	0.000000E+0	0.000000E+0	1.999959E+1	0.000000E+0	4.000000E+0
24-Apr-25	20:14:02	1.000000E-5	4.853925E+0	-8.000000E-5	3.730000E-5	1.750000E-5	2.720000E-3	2.000000E-5	0.000000E+0	0.000000E+0	1.964247E-4	2.976042E-9	0.000000E+0	0.000000E+0	1.999959E+1	0.000000E+0	4.000000E+0
24-Apr-25	20:14:03	1.000000E-5	4.855750E+0	-8.000000E-5	3.730000E-5	1.750000E-5	2.720000E-3	2.000000E-5	0.000000E+0	0.000000E+0	1.964247E-4	2.976042E-9	0.000000E+0	0.000000E+0	1.999959E+1	0.000000E+0	4.000000E+0
24-Apr-25	20:14:03	1.000000E-5	4.858040E+0	-8.000000E-5	3.725000E-5	1.750000E-5	2.720000E-3	2.000000E-5	0.000000E+0	0.000000E+0	1.964247E-4	2.976042E-9	0.000000E+0	0.000000E+0	1.999959E+1	0.000000E+0	4.000000E+0
24-Apr-25	20:14:03	1.000000E-5	4.858330E+0	-8.000000E-5	3.725000E-5	1.750000E-5	2.720000E-3	2.000000E-5	0.000000E+0	0.000000E+0	1.964247E-4	2.976042E-9	0.000000E+0	0.000000E+0	1.999959E+1	0.000000E+0	4.000000E+0
24-Apr-25	20:14:04	1.000000E-5	4.861675E+0	-8.000000E-5	3.730000E-5	1.750000E-5	2.720000E-3	2.000000E-5	0.000000E+0	0.000000E+0	1.964247E-4	2.976042E-9	0.000000E+0	0.000000E+0	1.999959E+1	0.000000E+0	4.000000E+0
24-Apr-25	20:14:04	1.000000E-5	4.863490E+0	-8.000000E-5	3.735000E-5	1.755000E-5	2.720000E-3	2.000000E-5	0.000000E+0	0.000000E+0	1.964247E-4	2.976042E-9	0.000000E+0	0.000000E+0	1.999959E+1	0.000000E+0	4.000000E+0
24-Apr-25	20:14:05	1.000000E-5	4.865305E+0	-8.000000E-5	3.730000E-5	1.760000E-5	2.720000E-3	2.000000E-5	0.000000E+0	0.000000E+0	1.964247E-4	2.976042E-9	0.000000E+0	0.000000E+0	1.999959E+1	0.000000E+0	4.000000E+0
24-Apr-25	20:14:05	1.000000E-5	4.867300E+0	-8.000000E-5	3.725000E-5	1.755000E-5	2.720000E-3	2.000000E-5	0.000000E+0	0.000000E+0	1.964247E-4	2.976042E-9	0.000000E+0	0.000000E+0	1.999959E+1	0.000000E+0	4.000000E+0
24-Apr-25	20:14:06	1.000000E-5	4.869080E+0	-8.000000E-5	3.725000E-5	1.750000E-5	2.720000E-3	2.000000E-5	0.000000E+0	0.000000E+0	1.964247E-4	2.976042E-9	0.000000E+0	0.000000E+0	1.999959E+1	0.000000E+0	4.000000E+0
24-Apr-25	20:14:06	1.000000E-5	4.871470E+0	-8.000000E-5	3.725000E-5	1.745000E-5	2.720000E-3	2.000000E-5	0.000000E+0	0.000000E+0	1.964247E-4	2.976042E-9	0.000000E+0	0.000000E+0	1.999959E+1	0.000000E+0	4.000000E+0
24-Apr-25	20:14:07	1.000000E-5	4.873265E+0	-8.000000E-5	3.725000E-5	1.755000E-5	2.720000E-3	2.000000E-5	0.000000E+0	0.000000E+0	1.964247E-4	2.976042E-9	0.000000E+0	0.000000E+0	1.999959E+1	0.000000E+0	4.000000E+0
24-Apr-25	20:14:07	1.000000E-5	4.875045E+0	-8.000000E-5	3.730000E-5	1.755000E-5	2.720000E-3	2.000000E-5	0.000000E+0	0.000000E+0	1.964247E-4	2.976042E-9	0.000000E+0	0.000000E+0	1.999959E+1	0.000000E+0	4.000000E+0
24-Apr-25	20:14:08	1.000000E-5	4.876815E+0	-8.000000E-5	3.725000E-5	1.755000E-5	2.720000E-3	2.000000E-5	0.000000E+0	0.000000E+0	1.964247E-4	2.976042E-9	0.000000E+0	0.000000E+0	1.999959E+1	0.000000E+0	4.000000E+0
24-Apr-25	20:14:08	1.000000E-5	4.877335E+0	-8.000000E-5	3.730000E-5	1.755000E-5	2.720000E-3	2.000000E-5	0.000000E+0	0.000000E+0	1.964247E-4	2.976042E-9	0.000000E+0	0.000000E+0	1.999959E+1	0.000000E+0	4.000000E+0
24-Apr-25	20:14:09	1.000000E-5	4.880415E+0	-8.000000E-5	3.725000E-5	1.755000E-5	2.720000E-3	2.000000E-5	0.000000E+0	0.000000E+0	1.964247E-4	2.976042E-9	0.000000E+0	0.000000E+0	1.999959E+1	0.000000E+0	4.000000E+0
24-Apr-25	20:14:09	1.000000E-5	4.882380E+0	-8.000000E-5	3.720000E-5	1.750000E-5	2.720000E-3	2.000000E-5	0.000000E+0	0.000000E+0	1.964247E-4	2.976042E-9	0.000000E+0	0.000000E+0	1.999959E+1	0.000000E+0	4.000000E+0
24-Apr-25	20:14:10	1.000000E-5	4.884515E+0	-8.000000E-5	3.720000E-5	1.750000E-5	2.720000E-3	2.000000E-5	0.000000E+0	0.000000E+0	1.964247E-4	2.976042E-9	0.000000E+0	0.000000E+0	1.999959E+1	0.000000E+0	4.000000E+0
24-Apr-25	20:14:10	1.000000E-5	4.886250E+0	-8.000000E-5	3.730000E-5	1.755000E-5	2.720000E-3	2.000000E-5	0.000000E+0	0.000000E+0	1.964247E-4	2.976042E-9	0.000000E+0	0.000000E+0	1.999959E+1	0.000000E+0	4.000000E+0
24-Apr-25	20:14:11	1.000000E-5	4.888450E+0	-8.000000E-5	3.730000E-5	1.760000E-5	2.720000E-3	2.000000E-5	0.000000E+0	0.000000E+0	1.964247E-4	2.976042E-9	0.000000E+0	0.000000E+0	1.999959E+1	0.000000E+0	4.000000E+0
24-Apr-25	20:14:11	1.000000E-5	4.888730E+0	-8.000000E-5	3.720000E-5	1.755000E-5	2.720000E-3	2.000000E-5	0.000000E+0	0.000000E+0	1.964247E-4	2.976042E-9	0.000000E+0	0.000000E+0	1.999959E+1	0.000000E+0	4.000000E+0
24-Apr-25	20:14:12	1.000000E-5	4.891930E+0	-8.000000E-5	3.720000E-5	1.755000E-5	2.720000E-3	2.000000E-5	0.000000E+0	0.000000E+0	1.964247E-4	2.976042E-9	0.000000E+0	0.000000E+0	1.999959E+1	0.000000E+0	4.000000E+0
24-Apr-25	20:14:12	1.000000E-5	4.893650E+0	-8.000000E-5	3.720000E-5	1.750000E-5	2.720000E-3	2.000000E-5	0.000000E+0	0.000000E+0	1.964247E-4	2.976042E-9	0.000000E+0	0.000000E+0	1.999959E+1	0.000000E+0	4.000000E+0
24-Apr-25	20:14:13	1.000000E-5	4.895550E+0	-8.000000E-5	3.720000E-5	1.750000E-5	2.720000E-3	2.000000E-5	0.000000E+0	0.000000E+0	1.964247E-4	2.976042E-9	0.000000E+0	0.000000E+0	1.999959E+1	0.000000E+0	4.000000E+0
24-Apr-25	20:14:13	1.000000E-5	4.897275E+0	-8.000000E-5	3.725000E-5	1.755000E-5	2.720000E-3	2.000000E-5	0.000000E+0	0.000000E+0	1.964247E-4	2.976042E-9	0.000000E+0	0.000000E+0	1.999959E+1	0.000000E+0	4.000000E+0
24-Apr-25	20:14:13	1.000000E-5	4.898990E+0	-8.000000E-5	3.725000E-5	1.760000E-5	2.720000E-3	2.000000E-5	0.000000E+0	0.000000E+0	1.964247E-4	2.976042E-9	0.000000E+0	0.000000E+0	1.999959E+1	0.000000E+0	4.000000E+0
24-Apr-25	20:14:14	1.000000E-5	4.901070E+0	-8.000000E-5	3.720000E-5	1.755000E-5	2.720000E-3	2.000000E-5	0.000000E+0	0.000000E+0	1.964247E-4	2.976042E-9	0.000000E+0	0.000000E+0	1.999959E+1	0.000000E+0	4.000000E+0
24-Apr-25	20:14:14	1.000000E-5	4.902770E+0	-8.000000E-5	3.720000E-5	1.755000E-5	2.720000E-3	2.000000E-5	0.000000E+0	0.000000E+0	1.964247E-4	2.976042E-9	0.000000E+0	0.000000E+0	1.999959E+1	0.000000E+0	4.000000E+0
24-Apr-25	20:14:15	1.000000E-5	4.904655E+0	-8.000000E-5	3.720000E-5	1.755000E-5	2.720000E-3	2.000000E-5	0.000000E+0	0.000000E+0	1.964247E-4	2.976042E-9	0.000000E+0	0.000000E+0	1.999959E+1	0.000000E+0	4.000000E+0
24-Apr-25	20:14:15	1.000000E-5	4.906525E+0	-8.000000E-5	3.715000E-5	1.755000E-5	2.720000E-3	2.000000E-5	0.000000E+0	0.000000E+0	1.964247E-4	2.976042E-9	0.000000E+0	0.000000E+0	1.999959E+1	0.000000E+0	4.000000E+0
24-Apr-25	20:14:16	1.000000E-5	4.907000E+0	-8.000000E-5	3.720000E-5	1.755000E-5	2.720000E-3	2.000000E-5	0.000000E+0	0.000000E+0	1.964247E-4	2.976042E-9	0.000000E+0	0.000000E+0	1.999959E+1	0.000000E+0	4.000000E+0
24-Apr-25	20:14:16	1.000000E-5	4.910070E+0	-8.000000E-5	3.720000E-5	1.755000E-5	2.720000E-3	2.000000E-5	0.000000E+0	0.000000E+0	1.964247E-4	2.976042E-9	0.000000E+0	0.000000E+0	1.999959E+1	0.000000E+0	4.000000E+0
24-Apr-25	20:14:17	1.000000E-5	4.912120E+0	-8.000000E-5	3.720000E-5	1.750000E-5	2.720000E-3	2.000000E-5	0.000000E+0	0.000000E+0	1.964247E-4	2.976042E-9	0.000000E+0	0.000000E+0	1.999959E+1	0.000000E+0	4.000000E+0
24-Apr-25	20:14:17	1.000000E-5	4.913825E+0	-8.000000E-5	3.720000E-5	1.745000E-5	2.720000E-3	2.000000E-5	0.000000E+0	0.000000E+0	1.964247E-4	2.976042E-9	0.000000E+0	0.000000E+0	1.999959E+1	0.000000E+0	4.000000E+0
24-Apr-25	20:14:18	1.000000E-5	4.916060E+0	-8.000000E-5	3.720000E-5	1.755000E-5	2.720000E-3	2.000000E-5	0.000000E+0	0.000000E+0	1.964247E-4	2.976042E-9	0.000000E+0	0.000000E+0	1.999959E+1	0.000000E+0	4.000000E+0
24-Apr-25	20:14:18	1.000000E-5	4.917725E+0	-8.000000E-5	3.720000E-5	1.750000E-5	2.720000E-3	2.000000E-5	0.000000E+0	0.000000E+0	1.964247E-4	2.976042E-9	0.000000E+0	0.000000E+0	1.999959E+1	0.000000E+0	4.000000E+0
24-Apr-25	20:14:19	1.000000E-5	4.919550E+0	-8.000000E-5	3.725000E-5	1.745000E-5	2.720000E-3	2.000000E-5	0.000000E+0	0.000000E+0	1.964247E-4	2.976042E-9	0.000000E+0	0.000000E+0	1.999959E+1	0.000000E+0	4.000000E+0
24-Apr-25	20:14:19	1.000000E-5	4.920010E+0	-8.000000E-5	3.715000E-5	1.750000E-5	2.720000E-3	2.000000E-5	0.000000E+0	0.000000E+0	1.964247E-4	2.976042E-9	0.000000E+0	0.000000E+0	1.999959E+1	0.000000E+0	4.000000E+0
24-Apr-25	20:14:20	1.000000E-5	4.923215E+0	-8.000000E-5	3.715000E-5	1.750000E-5	2.720000E-3	2.000000E-5	0.000000E+0	0.000000E+0	1.964247E-4	2.976042E-9	0.000000E+0	0.000000E+0	1.999959E+1	0.000000E+0	4.000000E+0
24-Apr-25	20:14:20	1.000000E-5	4.924845E+0	-8.000000E-5	3.720000E-5	1.750000E-5	2.720000E-3	2.000000E-5	0.000000E+0	0.000000E+0	1.964247E-4	2.976042E-9	0.000000E+0	0.000000E+0	1.999959E+1	0.000000E+0	4.000000E+0
24-Apr-25	20:14:21	1.000000E-5	4.926485E+0	-8.000000E-5	3.730000E-5	1.750000E-5	2.720000E-3	2.000000E-5	0.000000E+0	0.000000E+0	1.964247E-4	2.976042E-9	0.000000E+0	0.000000E+0	1.999959E+1	0.000000E+0	4.000000E+0
24-Apr-25	20:14:21	1.000000E-5	4.928295E+0	-8.000000E-5	3.720000E-5	1.760000E-5	2.720000E-3	2.000000E-5	0.000000E+0	0.000000E+0	1.964247E-4	2.976042E-9	0.000000E+0	0.000000E+0	1.999959E+1	0.000000E+0	4.000000E+0
24-Apr-25	20:14:22	1.000000E-5	4.929930E+0	-8.000000E-5	3.715000E-5	1.760000E-5	2.720000E-3	2.000000E-5	0.000000E+0	0.000000E+0	1.964247E-4	2.976042E-9	0.000000E+0	0.000000E+0	1.999959E+1	0.000000E+0	4.000000E+0
24-Apr-25	20:14:22	1.000000E-5	4.930560E+0	-8.000000E-5	3.720000E-5	1.755000E-5	2.720000E-3	2.000000E-5	0.000000E+0	0.000000E+0	1.964247E-4	2.976042E-9	0.000000E+0	0.000000E+0	1.999959E+1	0.000000E+0	4.000000E+0
24-Apr-25	20:14:23	1.000000E-5	4.933525E+0	-8.000000E-5	3.715000E-5	1.755000E-5	2.720000E-3	2.000000E-5	0.000000E+0	0.000000E+0	1.964247E-4	2.976042E-9	0.000000E+0	0.000000E+0	1.999959E+1	0.000000E+0	4.000000E+0
24-Apr-25	20:14:23	1.000000E-5	4.935310E+0	-8.000000E-5	3.715000E-5	1.755000E-5	2.720000E-3	2.000000E-5	0.000000E+0	0.000000E+0	1.964247E-4	2.976042E-9	0.000000E+0	0.000000E+0	1.999959E+1	0.000000E+0	4.000000E+0
24-Apr-25	20:14:24	1.000000E-5	4.936910E+0	-8.000000E-5	3.715000E-5	1.755000E-5	2.720000E-3	2.000000E-5	0.000000E+0	0.000000E+0	1.964247E-4	2.976042E-9	0.000000E+0	0.000000E+0	1.999959E+1	0.000000E+0	4.000000E+0
24-Apr-25	20:14:24	1.000000E-5	4.937565E+0	-8.000000E-5	3.715000E-5	1.755000E-5	2.720000E-3	2.000000E-5	0.000000E+0	0.000000E+0	1.964247E-4	2.976042E-9	0.000000E+0	0.000000E+0	1.999959E+1	0.000000E+0	4.000000E+0
24-Apr-25	20:14:25	1.000000E-5	4.940530E+0	-8.000000E-5	3.720000E-5	1.755000E-5	2.720000E-3	2.000000E-5	0.000000E+0	0.000000E+0	1.964247E-4	2.976042E-9	0.000000E+0	0.000000E+0	1.999959E+1	0.000000E+0	4.000000E+0
24-Apr-25	20:14:25	1.000000E-5	4.942295E+0	-8.000000E-5	3.715000E-5	1.755000E-5	2.720000E-3	2.000000E-5	0.000000E+0	0.000000E+0	1.964247E-4	2.976042E-9	0.000000E+0	0.000000E+0	1.999959E+1	0.000000E+0	4.000000E+0
24-Apr-25	20:14:26	1.000000E-5	4.943860E+0	-8.000000E-5	3.705000E-5	1.755000E-5	2.720000E-3	2.000000E-5	0.000000E+0	0.000000E+0	1.964247E-4	2.976042E-9	0.000000E+0	0.000000E+0	1.999959E+1	0.000000E+0	4.000000E+0
24-Apr-25	20:14:26	1.000000E-5	4.945965E+0	-8.000000E-5	3.705000E-5	1.750000E-5	2.720000E-3	2.000000E-5	0.000000E+0	0.000000E+0	1.964247E-4	2.976042E-9	0.000000E+0	0.000000E+0	1.999959E+1	0.000000E+0	4.000000E+0
24-Apr-25	20:14:27	1.000000E-5	4.947610E+0	-8.000000E-5	3.715000E-5	1.750000E-5	2.720000E-3	2.000000E-5	0.000000E+0	0.000000E+0	1.964247E-4	2.976042E-9	0.000000E+0	0.000000E+0	1.999959E+1	0.000000E+0	4.000000E+0
24-Apr-25	20:14:27	1.000000E-5	4.949530E+0	-8.000000E-5	3.715000E-5	1.755000E-5	2.720000E-3	2.000000E-5	0.000000E+0	0.000000E+0	1.964247E-4	2.976042E-9	0.000000E+0	0.000000E+0	1.999959E+1	0.000000E+0	4.000000E+0
24-Apr-25	20:14:28	1.000000E-5	4.951610E+0	-8.000000E-5	3.715000E-5	1.760000E-5	2.720000E-3	2.000000E-5	0.000000E+0	0.000000E+0	1.964247E-4	2.976042E-9	0.000000E+0	0.000000E+0	1.999959E+1	0.000000E+0	4.000000E+0
24-Apr-25	20:14:29	1.000000E-5	4.953335E+0	-8.000000E-5	3.720000E-5	1.750000E-5	2.720000E-3	2.000000E-5	0.000000E+0	0.000000E+0	1.964247E-4	2.976042E-9	0.000000E+0	0.000000E+0	1.999959E+1	0.000000E+0	4.000000E+0
24-Apr-25	20:14:29	1.000000E-5	4.955240E+0	-8.000000E-5	3.720000E-5	1.750000E-5	2.720000E-3	2.000000E-5	0.000000E+0	0.000000E+0	1.964247E-4	2.976042E-9	0.000000E+0	0.000000E+0	1.999959E+1	0.000000E+0	4.000000E+0
24-Apr-25	20:14:30	1.000000E-5	4.956810E+0	-8.000000E-5	3.710000E-5	1.755000E-5	2.720000E-3	2.000000E-5	0.000000E+0	0.000000E+0	1.964247E-4	2.976042E-9	0.000000E+0	0.000000E+0	1.999959E+1	0.000000E+0	4.000000E+0
24-Apr-25	20:14:30	1.000000E-5	4.958730E+0	-8.000000E-5	3.710000E-5	1.755000E-5	2.720000E-3	2.000000E-5	0.000000E+0	0.000000E+0	1.964247E-4	2.976042E-9	0.000000E+0	0.000000E+0	1.999959E+1	0.000000E+0	4.000000E+0
24-Apr-25	20:14:31	1.000000E-5	4.960610E+0	-8.000000E-5	3.710000E-5	1.755000E-5	2.720000E-3	2.000000E-5	0.000000E+0	0.000000E+0	1.964247E-4	2.976042E-9	0.000000E+0	0.000000E+0	1.999959E+1	0.000000E+0	4.000000E+0
24-Apr-25	20:14:31	1.000000E-5	4.962140E+0	-8.000000E-5	3.710000E-5	1.750000E-5	2.720000E-3	2.000000E-5	0.000000E+0	0.000000E+0	1.964247E-4	2.976042E-9	0.000000E+0	0.000000E+0	1.999959E+1	0.000000E+0	4.000000E+0
24-Apr-25	20:14:32	1.000000E-5	4.964005E+0	-8.000000E-5	3.705000E-5	1.750000E-5	2.720000E-3	2.000000E-5	0.000000E+0	0.000000E+0	1.964247E-4	2.976042E-9	0.000000E+0	0.000000E+0	1.999959E+1	0.000000E+0	4.000000E+0
24-Apr-25	20:14:32	1.000000E-5	4.964265E+0	-8.000000E-5	3.715000E-5	1.750000E-5	2.720000E-3	2.000000E-5	0.000000E+0	0.000000E+0	1.964247E-4	2.976042E-9	0.000000E+0	0.000000E+0	1.999959E+1	0.000000E+0	4.000000E+0
24-Apr-25	20:14:33	1.000000E-5	4.967040E+0	-8.000000E-5	3.720000E-5	1.755000E-5	2.720000E-3	2.000000E-5	0.000000E+0	0.000000E+0	1.964247E-4	2.976042E-9	0.000000E+0	0.000000E+0	1.999959E+1	0.000000E+0	4.000000E+0
24-Apr-25	20:14:33	1.000000E-5	4.968760E+0	-8.000000E-5	3.720000E-5	1.760000E-5	2.720000E-3	2.000000E-5	0.000000E+0	0.000000E+0	1.964247E-4	2.976042E-9	0.000000E+0	0.000000E+0	1.999959E+1	0.000000E+0	4.000000E+0
24-Apr-25	20:14:34	1.000000E-5	4.970465E+0	-8.000000E-5	3.710000E-5	1.755000E-5	2.720000E-3	2.000000E-5	0.000000E+0	0.000000E+0	1.964247E-4	2.976042E-9	0.000000E+0	0.000000E+0	1.999959E+1	0.000000E+0	4.000000E+0
24-Apr-25	20:14:34	1.000000E-5	4.970705E+0	-8.000000E-5	3.705000E-5	1.755000E-5	2.720000E-3	2.000000E-5	0.000000E+0	0.000000E+0	1.964247E-4	2.976042E-9	0.000000E+0	0.000000E+0	1.999959E+1	0.000000E+0	4.000000E+0
24-Apr-25	20:14:34	1.000000E-5	4.973625E+0	-8.000000E-5	3.715000E-5	1.755000E-5	2.720000E-3	2.000000E-5	0.000000E+0	0.000000E+0	1.964247E-4	2.976042E-9	0.000000E+0	0.000000E+0	1.999959E+1	0.000000E+0	4.000000E+0
24-Apr-25	20:14:35	1.000000E-5	4.975120E+0	-8.000000E-5	3.715000E-5	1.760000E-5	2.720000E-3	2.000000E-5	0.000000E+0	0.000000E+0	1.964247E-4	2.976042E-9	0.000000E+0	0.000000E+0	1.999959E+1	0.000000E+0	4.000000E+0
24-Apr-25	20:14:35	1.000000E-5	4.976605E+0	-8.000000E-5	3.705000E-5	1.755000E-5	2.720000E-3	2.000000E-5	0.000000E+0	0.000000E+0	1.964247E-4	2.976042E-9	0.000000E+0	0.000000E+0	1.999959E+1	0.000000E+0	4.000000E+0
24-Apr-25	20:14:36	1.000000E-5	4.978265E+0	-8.000000E-5	3.700000E-5	1.760000E-5	2.720000E-3	2.000000E-5	0.000000E+0	0.000000E+0	1.964247E-4	2.976042E-9	0.000000E+0	0.000000E+0	1.999959E+1	0.000000E+0	4.000000E+0
24-Apr-25	20:14:36	1.000000E-5	4.979745E+0	-8.000000E-5	3.700000E-5	1.750000E-5	2.720000E-3	2.000000E-5	0.000000E+0	0.000000E+0	1.964247E-4	2.976042E-9	0.000000E+0	0.000000E+0	1.999959E+1	0.000000E+0	4.000000E+0
24-Apr-25	20:14:37	1.000000E-5	4.981710E+0	-8.000000E-5	3.705000E-5	1.745000E-5	2.720000E-3	2.000000E-5	0.000000E+0	0.000000E+0	1.964247E-4	2.976042E-9	0.000000E+0	0.000000E+0	1.999959E+1	0.000000E+0	4.000000E+0
24-Apr-25	20:14:37	1.000000E-5	4.983230E+0	-8.000000E-5	3.710000E-5	1.750000E-5	2.720000E-3	2.000000E-5	0.000000E+0	0.000000E+0	1.964247E-4	2.976042E-9	0.000000E+0	0.000000E+0	1.999959E+1	0.000000E+0	4.000000E+0
24-Apr-25	20:14:38	1.000000E-5	4.984880E+0	-8.000000E-5	3.715000E-5	1.750000E-5	2.720000E-3	2.000000E-5	0.000000E+0	0.000000E+0	1.964247E-4	2.976042E-9	0.000000E+0	0.000000E+0	1.999959E+1	0.000000E+0	4.000000E+0
24-Apr-25	20:14:38	1.000000E-5	4.986185E+0	-8.000000E-5	3.705000E-5	1.755000E-5	2.720000E-3	2.000000E-5	0.000000E+0	0.000000E+0	1.964247E-4	2.976042E-9	0.000000E+0	0.000000E+0	1.999959E+1	0.000000E+0	4.000000E+0
24-Apr-25	20:14:39	1.000000E-5	4.986740E+0	-8.000000E-5	3.700000E-5	1.755000E-5	2.720000E-3	2.000000E-5	0.000000E+0	0.000000E+0	1.964247E-4	2.976042E-9	0.000000E+0	0.000000E+0	1.999959E+1	0.000000E+0	4.000000E+0
24-Apr-25	20:14:39	1.000000E-5	4.989740E+0	-8.000000E-5	3.710000E-5	1.755000E-5	2.720000E-3	2.000000E-5	0.000000E+0	0.000000E+0	1.964247E-4	2.976042E-9	0.000000E+0	0.000000E+0	1.999959E+1	0.000000E+0	4.000000E+0
24-Apr-25	20:14:40	1.000000E-5	4.991215E+0	-8.000000E-5	3.715000E-5	1.755000E-5	2.720000E-3	2.000000E-5	0.000000E+0	0.000000E+0	1.964247E-4	2.976042E-9	0.000000E+0	0.000000E+0	1.999959E+1	0.000000E+0	4.000000E+0
24-Apr-25	20:14:40	1.000000E-5	4.992690E+0	-8.000000E-5	3.710000E-5	1.755000E-5	2.720000E-3	2.000000E-5	0.000000E+0	0.000000E+0	1.964247E-4	2.976042E-9	0.000000E+0	0.000000E+0	1.999959E+1	0.000000E+0	4.000000E+0
24-Apr-25	20:14:41	1.000000E-5	4.994455E+0	-8.000000E-5	3.700000E-5	1.755000E-5	2.720000E-3	2.000000E-5	0.000000E+0	0.000000E+0	1.964247E-4	2.976042E-9	0.000000E+0	0.000000E+0	1.999959E+1	0.000000E+0	4.000000E+0
24-Apr-25	20:14:41	1.000000E-5	4.996210E+0	-8.000000E-5	3.700000E-5	1.760000E-5	2.720000E-3	2.000000E-5	0.000000E+0	0.000000E+0	1.964247E-4	2.976042E-9	0.000000E+0	0.000000E+0	1.999959E+1	0.000000E+0	4.000000E+0
24-Apr-25	20:14:42	1.000000E-5	4.997640E+0	-8.000000E-5	3.700000E-5	1.755000E-5	2.720000E-3	2.000000E-5	0.000000E+0	0.000000E+0	1.964247E-4	2.976042E-9	0.000000E+0	0.000000E+0	1.999959E+1	0.000000E+0	4.000000E+0
24-Apr-25	20:14:42	1.000000E-5	4.999535E+0	-8.000000E-5	3.705000E-5	1.755000E-5	2.720000E-3	2.000000E-5	0.000000E+0	0.000000E+0	1.964247E-4	2.976042E-9	0.000000E+0	0.000000E+0	1.999959E+1	0.000000E+0	4.000000E+0
24-Apr-25	20:14:43	1.000000E-5	5.001005E+0	-8.000000E-5	3.705000E-5	1.750000E-5	2.720000E-3	2.000000E-5	0.000000E+0	0.000000E+0	1.964247E-4	2.976042E-9	0.000000E+0	0.000000E+0	1.999959E+1	0.000000E+0	4.000000E+0
24-Apr-25	20:14:43	1.000000E-5	5.002735E+0	-8.000000E-5	3.705000E-5	1.745000E-5	2.720000E-3	2.000000E-5	0.000000E+0	0.000000E+0	1.964247E-4	2.976042E-9	0.000000E+0	0.000000E+0	1.999959E+1	0.000000E+0	4.000000E+0
24-Apr-25	20:14:44	1.000000E-5	5.004620E+0	-8.000000E-5	3.710000E-5	1.750000E-5	2.720000E-3	2.000000E-5	0.000000E+0	0.000000E+0	1.964247E-4	2.976042E-9	0.000000E+0	0.000000E+0	1.999959E+1	0.000000E+0	4.000000E+0
24-Apr-25	20:14:45	1.000000E-5	5.006210E+0	-8.000000E-5	3.705000E-5	1.760000E-5	2.720000E-3	2.000000E-5	0.000000E+0	0.000000E+0	1.964247E-4	2.976042E-9	0.000000E+0	0.000000E+0	1.999959E+1	0.000000E+0	4.000000E+0
24-Apr-25	20:14:45	1.000000E-5	5.007615E+0	-8.000000E-5	3.705000E-5	1.760000E-5	2.720000E-3	2.000000E-5	0.000000E+0	0.000000E+0	1.964247E-4	2.976042E-9	0.000000E+0	0.000000E+0	1.999959E+1	0.000000E+0	4.000000E+0
24-Apr-25	20:14:46	1.000000E-5	5.009035E+0	-8.000000E-5	3.705000E-5	1.755000E-5	2.720000E-3	2.000000E-5	0.000000E+0	0.000000E+0	1.964247E-4	2.976042E-9	0.000000E+0	0.000000E+0	1.999959E+1	0.000000E+0	4.000000E+0
24-Apr-25	20:14:46	1.000000E-5	5.010930E+0	-8.000000E-5	3.705000E-5	1.755000E-5	2.720000E-3	2.000000E-5	0.000000E+0	0.000000E+0	1.964247E-4	2.976042E-9	0.000000E+0	0.000000E+0	1.999959E+1	0.000000E+0	4.000000E+0
24-Apr-25	20:14:47	1.000000E-5	5.011190E+0	-8.000000E-5	3.700000E-5	1.755000E-5	2.720000E-3	2.000000E-5	0.000000E+0	0.000000E+0	1.964247E-4	2.976042E-9	0.000000E+0	0.000000E+0	1.999959E+1	0.000000E+0	4.000000E+0
24-Apr-25	20:14:47	1.000000E-5	5.013795E+0	-8.000000E-5	3.700000E-5	1.750000E-5	2.720000E-3	2.000000E-5	0.000000E+0	0.000000E+0	1.964247E-4	2.976042E-9	0.000000E+0	0.000000E+0	1.999959E+1	0.000000E+0	4.000000E+0
24-Apr-25	20:14:48	1.000000E-5	5.015390E+0	-8.000000E-5	3.700000E-5	1.750000E-5	2.720000E-3	2.000000E-5	0.000000E+0	0.000000E+0	1.964247E-4	2.976042E-9	0.000000E+0	0.000000E+0	1.999959E+1	0.000000E+0	4.000000E+0
24-Apr-25	20:14:48	1.000000E-5	5.016955E+0	-8.000000E-5	3.710000E-5	1.755000E-5	2.720000E-3	2.000000E-5	0.000000E+0	0.000000E+0	1.964247E-4	2.976042E-9	0.000000E+0	0.000000E+0	1.999959E+1	0.000000E+0	4.000000E+0
24-Apr-25	20:14:48	1.000000E-5	5.017190E+0	-8.000000E-5	3.705000E-5	1.760000E-5	2.720000E-3	2.000000E-5	0.000000E+0	0.000000E+0	1.964247E-4	2.976042E-9	0.000000E+0	0.000000E+0	1.999959E+1	0.000000E+0	4.000000E+0
24-Apr-25	20:14:49	1.000000E-5	5.019780E+0	-8.000000E-5	3.700000E-5	1.765000E-5	2.720000E-3	2.000000E-5	0.000000E+0	0.000000E+0	1.964247E-4	2.976042E-9	0.000000E+0	0.000000E+0	1.999959E+1	0.000000E+0	4.000000E+0
24-Apr-25	20:14:49	1.000000E-5	5.021210E+0	-8.000000E-5	3.700000E-5	1.755000E-5	2.720000E-3	2.000000E-5	0.000000E+0	0.000000E+0	1.964247E-4	2.976042E-9	0.000000E+0	0.000000E+0	1.999959E+1	0.000000E+0	4.000000E+0
24-Apr-25	20:14:50	1.000000E-5	5.022785E+0	-8.000000E-5	3.705000E-5	1.750000E-5	2.720000E-3	2.000000E-5	0.000000E+0	0.000000E+0	1.964247E-4	2.976042E-9	0.000000E+0	0.000000E+0	1.999959E+1	0.000000E+0	4.000000E+0
24-Apr-25	20:14:50	1.000000E-5	5.024375E+0	-8.000000E-5	3.700000E-5	1.750000E-5	2.720000E-3	2.000000E-5	0.000000E+0	0.000000E+0	1.964247E-4	2.976042E-9	0.000000E+0	0.000000E+0	1.999959E+1	0.000000E+0	4.000000E+0
24-Apr-25	20:14:51	1.000000E-5	5.025820E+0	-8.000000E-5	3.700000E-5	1.750000E-5	2.720000E-3	2.000000E-5	0.000000E+0	0.000000E+0	1.964247E-4	2.976042E-9	0.000000E+0	0.000000E+0	1.999959E+1	0.000000E+0	4.000000E+0
24-Apr-25	20:14:51	1.000000E-5	5.027260E+0	-8.000000E-5	3.705000E-5	1.750000E-5	2.720000E-3	2.000000E-5	0.000000E+0	0.000000E+0	1.964247E-4	2.976042E-9	0.000000E+0	0.000000E+0	1.999959E+1	0.000000E+0	4.000000E+0
24-Apr-25	20:14:52	1.000000E-5	5.027480E+0	-8.000000E-5	3.705000E-5	1.755000E-5	2.720000E-3	2.000000E-5	0.000000E+0	0.000000E+0	1.964247E-4	2.976042E-9	0.000000E+0	0.000000E+0	1.999959E+1	0.000000E+0	4.000000E+0
24-Apr-25	20:14:52	1.000000E-5	5.030095E+0	-8.000000E-5	3.710000E-5	1.760000E-5	2.720000E-3	2.000000E-5	0.000000E+0	0.000000E+0	1.964247E-4	2.976042E-9	0.000000E+0	0.000000E+0	1.999959E+1	0.000000E+0	4.000000E+0
24-Apr-25	20:14:53	1.000000E-5	5.031555E+0	-8.000000E-5	3.700000E-5	1.765000E-5	2.720000E-3	2.000000E-5	0.000000E+0	0.000000E+0	1.964247E-4	2.976042E-9	0.000000E+0	0.000000E+0	1.999959E+1	0.000000E+0	4.000000E+0
24-Apr-25	20:14:53	1.000000E-5	5.032995E+0	-8.000000E-5	3.695000E-5	1.760000E-5	2.720000E-3	2.000000E-5	0.000000E+0	0.000000E+0	1.964247E-4	2.976042E-9	0.000000E+0	0.000000E+0	1.999959E+1	0.000000E+0	4.000000E+0
24-Apr-25	20:14:54	1.000000E-5	5.034610E+0	-8.000000E-5	3.700000E-5	1.755000E-5	2.720000E-3	2.000000E-5	0.000000E+0	0.000000E+0	1.964247E-4	2.976042E-9	0.000000E+0	0.000000E+0	1.999959E+1	0.000000E+0	4.000000E+0
24-Apr-25	20:14:54	1.000000E-5	5.036245E+0	-8.000000E-5	3.700000E-5	1.755000E-5	2.720000E-3	2.000000E-5	0.000000E+0	0.000000E+0	1.964247E-4	2.976042E-9	0.000000E+0	0.000000E+0	1.999959E+1	0.000000E+0	4.000000E+0
24-Apr-25	20:14:55	1.000000E-5	5.036670E+0	-8.000000E-5	3.700000E-5	1.755000E-5	2.720000E-3	2.000000E-5	0.000000E+0	0.000000E+0	1.964247E-4	2.976042E-9	0.000000E+0	0.000000E+0	1.999959E+1	0.000000E+0	4.000000E+0
24-Apr-25	20:14:55	1.000000E-5	5.039385E+0	-8.000000E-5	3.695000E-5	1.755000E-5	2.720000E-3	2.000000E-5	0.000000E+0	0.000000E+0	1.964247E-4	2.976042E-9	0.000000E+0	0.000000E+0	1.999959E+1	0.000000E+0	4.000000E+0
24-Apr-25	20:14:56	1.000000E-5	5.041360E+0	-8.000000E-5	3.700000E-5	1.750000E-5	2.720000E-3	2.000000E-5	0.000000E+0	0.000000E+0	1.964247E-4	2.976042E-9	0.000000E+0	0.000000E+0	1.999959E+1	0.000000E+0	4.000000E+0
24-Apr-25	20:14:56	1.000000E-5	5.042850E+0	-8.000000E-5	3.705000E-5	1.755000E-5	2.720000E-3	2.000000E-5	0.000000E+0	0.000000E+0	1.964247E-4	2.976042E-9	0.000000E+0	0.000000E+0	1.999959E+1	0.000000E+0	4.000000E+0
24-Apr-25	20:14:57	1.000000E-5	5.044540E+0	-8.000000E-5	3.700000E-5	1.760000E-5	2.720000E-3	2.000000E-5	0.000000E+0	0.000000E+0	1.964247E-4	2.976042E-9	0.000000E+0	0.000000E+0	1.999959E+1	0.000000E+0	4.000000E+0
24-Apr-25	20:14:57	1.000000E-5	5.046460E+0	-8.000000E-5	3.695000E-5	1.760000E-5	2.720000E-3	2.000000E-5	0.000000E+0	0.000000E+0	1.964247E-4	2.976042E-9	0.000000E+0	0.000000E+0	1.999959E+1	0.000000E+0	4.000000E+0
24-Apr-25	20:14:58	1.000000E-5	5.047980E+0	-8.000000E-5	3.690000E-5	1.750000E-5	2.720000E-3	2.000000E-5	0.000000E+0	0.000000E+0	1.964247E-4	2.976042E-9	0.000000E+0	0.000000E+0	1.999959E+1	0.000000E+0	4.000000E+0
24-Apr-25	20:14:58	1.000000E-5	5.048405E+0	-8.000000E-5	3.700000E-5	1.755000E-5	2.720000E-3	2.000000E-5	0.000000E+0	0.000000E+0	1.964247E-4	2.976042E-9	0.000000E+0	0.000000E+0	1.999959E+1	0.000000E+0	4.000000E+0
24-Apr-25	20:14:59	1.000000E-5	5.051245E+0	-8.000000E-5	3.700000E-5	1.755000E-5	2.720000E-3	2.000000E-5	0.000000E+0	0.000000E+0	1.964247E-4	2.976042E-9	0.000000E+0	0.000000E+0	1.999959E+1	0.000000E+0	4.000000E+0
24-Apr-25	20:14:59	1.000000E-5	5.053150E+0	-8.000000E-5	3.695000E-5	1.755000E-5	2.720000E-3	2.000000E-5	0.000000E+0	0.000000E+0	1.964247E-4	2.976042E-9	0.000000E+0	0.000000E+0	1.999959E+1	0.000000E+0	4.000000E+0
24-Apr-25	20:15:00	1.000000E-5	5.054735E+0	-8.000000E-5	3.695000E-5	1.755000E-5	2.720000E-3	2.000000E-5	0.000000E+0	0.000000E+0	1.964247E-4	2.976042E-9	0.000000E+0	0.000000E+0	1.999959E+1	0.000000E+0	4.000000E+0
24-Apr-25	20:15:00	1.000000E-5	5.056310E+0	-8.000000E-5	3.695000E-5	1.755000E-5	2.720000E-3	2.000000E-5	0.000000E+0	0.000000E+0	1.964247E-4	2.976042E-9	0.000000E+0	0.000000E+0	1.999959E+1	0.000000E+0	4.000000E+0
24-Apr-25	20:15:01	1.000000E-5	5.058265E+0	-8.000000E-5	3.695000E-5	1.755000E-5	2.720000E-3	2.000000E-5	0.000000E+0	0.000000E+0	1.964247E-4	2.976042E-9	0.000000E+0	0.000000E+0	1.999959E+1	0.000000E+0	4.000000E+0
24-Apr-25	20:15:01	1.000000E-5	5.058535E+0	-8.000000E-5	3.690000E-5	1.760000E-5	2.720000E-3	2.000000E-5	0.000000E+0	0.000000E+0	1.964247E-4	2.976042E-9	0.000000E+0	0.000000E+0	1.999959E+1	0.000000E+0	4.000000E+0
24-Apr-25	20:15:02	1.000000E-5	5.061715E+0	-8.000000E-5	3.685000E-5	1.755000E-5	2.720000E-3	2.000000E-5	0.000000E+0	0.000000E+0	1.964247E-4	2.976042E-9	0.000000E+0	0.000000E+0	1.999959E+1	0.000000E+0	4.000000E+0
24-Apr-25	20:15:02	1.000000E-5	5.063555E+0	-8.000000E-5	3.690000E-5	1.750000E-5	2.720000E-3	2.000000E-5	0.000000E+0	0.000000E+0	1.964247E-4	2.976042E-9	0.000000E+0	0.000000E+0	1.999959E+1	0.000000E+0	4.000000E+0
24-Apr-25	20:15:02	1.000000E-5	5.065015E+0	-8.000000E-5	3.700000E-5	1.750000E-5	2.720000E-3	2.000000E-5	0.000000E+0	0.000000E+0	1.964247E-4	2.976042E-9	0.000000E+0	0.000000E+0	1.999959E+1	0.000000E+0	4.000000E+0
24-Apr-25	20:15:03	1.000000E-5	5.065460E+0	-8.000000E-5	3.700000E-5	1.755000E-5	2.720000E-3	2.000000E-5	0.000000E+0	0.000000E+0	1.964247E-4	2.976042E-9	0.000000E+0	0.000000E+0	1.999959E+1	0.000000E+0	4.000000E+0
24-Apr-25	20:15:03	1.000000E-5	5.068675E+0	-8.000000E-5	3.690000E-5	1.760000E-5	2.720000E-3	2.000000E-5	0.000000E+0	0.000000E+0	1.964247E-4	2.976042E-9	0.000000E+0	0.000000E+0	1.999959E+1	0.000000E+0	4.000000E+0
24-Apr-25	20:15:04	1.000000E-5	5.070325E+0	-8.000000E-5	3.685000E-5	1.755000E-5	2.720000E-3	2.000000E-5	0.000000E+0	0.000000E+0	1.964247E-4	2.976042E-9	0.000000E+0	0.000000E+0	1.999959E+1	0.000000E+0	4.000000E+0
24-Apr-25	20:15:04	1.000000E-5	5.071995E+0	-8.000000E-5	3.695000E-5	1.755000E-5	2.720000E-3	2.000000E-5	0.000000E+0	0.000000E+0	1.964247E-4	2.976042E-9	0.000000E+0	0.000000E+0	1.999959E+1	0.000000E+0	4.000000E+0
24-Apr-25	20:15:05	1.000000E-5	5.073805E+0	-8.000000E-5	3.700000E-5	1.755000E-5	2.720000E-3	2.000000E-5	0.000000E+0	0.000000E+0	1.964247E-4	2.976042E-9	0.000000E+0	0.000000E+0	1.999959E+1	0.000000E+0	4.000000E+0
24-Apr-25	20:15:05	1.000000E-5	5.075815E+0	-8.000000E-5	3.705000E-5	1.760000E-5	2.720000E-3	2.000000E-5	0.000000E+0	0.000000E+0	1.964247E-4	2.976042E-9	0.000000E+0	0.000000E+0	1.999959E+1	0.000000E+0	4.000000E+0
24-Apr-25	20:15:06	1.000000E-5	5.076120E+0	-8.000000E-5	3.705000E-5	1.765000E-5	2.720000E-3	2.000000E-5	0.000000E+0	0.000000E+0	1.964247E-4	2.976042E-9	0.000000E+0	0.000000E+0	1.999959E+1	0.000000E+0	4.000000E+0
24-Apr-25	20:15:06	1.000000E-5	5.079140E+0	-8.000000E-5	3.690000E-5	1.760000E-5	2.720000E-3	2.000000E-5	0.000000E+0	0.000000E+0	1.964247E-4	2.976042E-9	0.000000E+0	0.000000E+0	1.999959E+1	0.000000E+0	4.000000E+0
24-Apr-25	20:15:07	1.000000E-5	5.080935E+0	-8.000000E-5	3.685000E-5	1.755000E-5	2.720000E-3	2.000000E-5	0.000000E+0	0.000000E+0	1.964247E-4	2.976042E-9	0.000000E+0	0.000000E+0	1.999959E+1	0.000000E+0	4.000000E+0
24-Apr-25	20:15:07	1.000000E-5	5.082740E+0	-8.000000E-5	3.690000E-5	1.755000E-5	2.720000E-3	2.000000E-5	0.000000E+0	0.000000E+0	1.964247E-4	2.976042E-9	0.000000E+0	0.000000E+0	1.999959E+1	0.000000E+0	4.000000E+0
24-Apr-25	20:15:08	1.000000E-5	5.084715E+0	-8.000000E-5	3.690000E-5	1.765000E-5	2.720000E-3	2.000000E-5	0.000000E+0	0.000000E+0	1.964247E-4	2.976042E-9	0.000000E+0	0.000000E+0	1.999959E+1	0.000000E+0	4.000000E+0
24-Apr-25	20:15:08	1.000000E-5	5.086700E+0	-8.000000E-5	3.685000E-5	1.765000E-5	2.720000E-3	2.000000E-5	0.000000E+0	0.000000E+0	1.964247E-4	2.976042E-9	0.000000E+0	0.000000E+0	1.999959E+1	0.000000E+0	4.000000E+0
24-Apr-25	20:15:09	1.000000E-5	5.088310E+0	-8.000000E-5	3.685000E-5	1.755000E-5	2.720000E-3	2.000000E-5	0.000000E+0	0.000000E+0	1.964247E-4	2.976042E-9	0.000000E+0	0.000000E+0	1.999959E+1	0.000000E+0	4.000000E+0
24-Apr-25	20:15:09	1.000000E-5	5.088785E+0	-8.000000E-5	3.690000E-5	1.745000E-5	2.720000E-3	2.000000E-5	0.000000E+0	0.000000E+0	1.964247E-4	2.976042E-9	0.000000E+0	0.000000E+0	1.999959E+1	0.000000E+0	4.000000E+0
24-Apr-25	20:15:10	1.000000E-5	5.091760E+0	-8.000000E-5	3.695000E-5	1.750000E-5	2.720000E-3	2.000000E-5	0.000000E+0	0.000000E+0	1.964247E-4	2.976042E-9	0.000000E+0	0.000000E+0	1.999959E+1	0.000000E+0	4.000000E+0
24-Apr-25	20:15:10	1.000000E-5	5.093700E+0	-8.000000E-5	3.690000E-5	1.760000E-5	2.720000E-3	2.000000E-5	0.000000E+0	0.000000E+0	1.964247E-4	2.976042E-9	0.000000E+0	0.000000E+0	1.999959E+1	0.000000E+0	4.000000E+0
24-Apr-25	20:15:11	1.000000E-5	5.095285E+0	-8.000000E-5	3.685000E-5	1.755000E-5	2.720000E-3	2.000000E-5	0.000000E+0	0.000000E+0	1.964247E-4	2.976042E-9	0.000000E+0	0.000000E+0	1.999959E+1	0.000000E+0	4.000000E+0
24-Apr-25	20:15:12	1.000000E-5	5.097390E+0	-8.000000E-5	3.685000E-5	1.750000E-5	2.720000E-3	2.000000E-5	0.000000E+0	0.000000E+0	1.964247E-4	2.976042E-9	0.000000E+0	0.000000E+0	1.999959E+1	0.000000E+0	4.000000E+0
24-Apr-25	20:15:12	1.000000E-5	5.099495E+0	-8.000000E-5	3.690000E-5	1.760000E-5	2.720000E-3	2.000000E-5	0.000000E+0	0.000000E+0	1.964247E-4	2.976042E-9	0.000000E+0	0.000000E+0	1.999959E+1	0.000000E+0	4.000000E+0
24-Apr-25	20:15:13	1.000000E-5	5.100270E+0	-8.000000E-5	3.690000E-5	1.760000E-5	2.720000E-3	2.000000E-5	0.000000E+0	0.000000E+0	1.964247E-4	2.976042E-9	0.000000E+0	0.000000E+0	1.999959E+1	0.000000E+0	4.000000E+0
24-Apr-25	20:15:13	1.000000E-5	5.103180E+0	-8.000000E-5	3.685000E-5	1.760000E-5	2.720000E-3	2.000000E-5	0.000000E+0	0.000000E+0	1.964247E-4	2.976042E-9	0.000000E+0	0.000000E+0	1.999959E+1	0.000000E+0	4.000000E+0
24-Apr-25	20:15:14	1.000000E-5	5.104945E+0	-8.000000E-5	3.685000E-5	1.760000E-5	2.720000E-3	2.000000E-5	0.000000E+0	0.000000E+0	1.964247E-4	2.976042E-9	0.000000E+0	0.000000E+0	1.999959E+1	0.000000E+0	4.000000E+0
24-Apr-25	20:15:14	1.000000E-5	5.106680E+0	-8.000000E-5	3.690000E-5	1.760000E-5	2.720000E-3	2.000000E-5	0.000000E+0	0.000000E+0	1.964247E-4	2.976042E-9	0.000000E+0	0.000000E+0	1.999959E+1	0.000000E+0	4.000000E+0
24-Apr-25	20:15:15	1.000000E-5	5.108230E+0	-8.000000E-5	3.680000E-5	1.755000E-5	2.720000E-3	2.000000E-5	0.000000E+0	0.000000E+0	1.964247E-4	2.976042E-9	0.000000E+0	0.000000E+0	1.999959E+1	0.000000E+0	4.000000E+0
24-Apr-25	20:15:15	1.000000E-5	5.110305E+0	-8.000000E-5	3.690000E-5	1.750000E-5	2.720000E-3	2.000000E-5	0.000000E+0	0.000000E+0	1.964247E-4	2.976042E-9	0.000000E+0	0.000000E+0	1.999959E+1	0.000000E+0	4.000000E+0
24-Apr-25	20:15:16	1.000000E-5	5.112020E+0	-8.000000E-5	3.695000E-5	1.750000E-5	2.720000E-3	2.000000E-5	0.000000E+0	0.000000E+0	1.964247E-4	2.976042E-9	0.000000E+0	0.000000E+0	1.999959E+1	0.000000E+0	4.000000E+0
24-Apr-25	20:15:16	1.000000E-5	5.113885E+0	-8.000000E-5	3.695000E-5	1.755000E-5	2.720000E-3	2.000000E-5	0.000000E+0	0.000000E+0	1.964247E-4	2.976042E-9	0.000000E+0	0.000000E+0	1.999959E+1	0.000000E+0	4.000000E+0
24-Apr-25	20:15:17	1.000000E-5	5.115460E+0	-8.000000E-5	3.690000E-5	1.760000E-5	2.720000E-3	2.000000E-5	0.000000E+0	0.000000E+0	1.964247E-4	2.976042E-9	0.000000E+0	0.000000E+0	1.999959E+1	0.000000E+0	4.000000E+0
24-Apr-25	20:15:17	1.000000E-5	5.115730E+0	-8.000000E-5	3.685000E-5	1.760000E-5	2.720000E-3	2.000000E-5	0.000000E+0	0.000000E+0	1.964247E-4	2.976042E-9	0.000000E+0	0.000000E+0	1.999959E+1	0.000000E+0	4.000000E+0
24-Apr-25	20:15:18	1.000000E-5	5.118540E+0	-8.000000E-5	3.685000E-5	1.755000E-5	2.720000E-3	2.000000E-5	0.000000E+0	0.000000E+0	1.964247E-4	2.976042E-9	0.000000E+0	0.000000E+0	1.999959E+1	0.000000E+0	4.000000E+0
24-Apr-25	20:15:18	1.000000E-5	5.120065E+0	-8.000000E-5	3.685000E-5	1.755000E-5	2.720000E-3	2.000000E-5	0.000000E+0	0.000000E+0	1.964247E-4	2.976042E-9	0.000000E+0	0.000000E+0	1.999959E+1	0.000000E+0	4.000000E+0
24-Apr-25	20:15:19	1.000000E-5	5.121750E+0	-8.000000E-5	3.685000E-5	1.755000E-5	2.720000E-3	2.000000E-5	0.000000E+0	0.000000E+0	1.964247E-4	2.976042E-9	0.000000E+0	0.000000E+0	1.999959E+1	0.000000E+0	4.000000E+0
24-Apr-25	20:15:19	1.000000E-5	5.123255E+0	-8.000000E-5	3.690000E-5	1.760000E-5	2.720000E-3	2.000000E-5	0.000000E+0	0.000000E+0	1.964247E-4	2.976042E-9	0.000000E+0	0.000000E+0	1.999959E+1	0.000000E+0	4.000000E+0
24-Apr-25	20:15:19	1.000000E-5	5.124765E+0	-8.000000E-5	3.685000E-5	1.760000E-5	2.720000E-3	2.000000E-5	0.000000E+0	0.000000E+0	1.964247E-4	2.976042E-9	0.000000E+0	0.000000E+0	1.999959E+1	0.000000E+0	4.000000E+0
24-Apr-25	20:15:20	1.000000E-5	5.126435E+0	-8.000000E-5	3.680000E-5	1.755000E-5	2.720000E-3	2.000000E-5	0.000000E+0	0.000000E+0	1.964247E-4	2.976042E-9	0.000000E+0	0.000000E+0	1.999959E+1	0.000000E+0	4.000000E+0
24-Apr-25	20:15:21	1.000000E-5	5.128250E+0	-8.000000E-5	3.680000E-5	1.760000E-5	2.720000E-3	2.000000E-5	0.000000E+0	0.000000E+0	1.964247E-4	2.976042E-9	0.000000E+0	0.000000E+0	1.999959E+1	0.000000E+0	4.000000E+0
24-Apr-25	20:15:21	1.000000E-5	5.130105E+0	-8.000000E-5	3.685000E-5	1.745000E-5	2.720000E-3	2.000000E-5	0.000000E+0	0.000000E+0	1.964247E-4	2.976042E-9	0.000000E+0	0.000000E+0	1.999959E+1	0.000000E+0	4.000000E+0
24-Apr-25	20:15:22	1.000000E-5	5.131595E+0	-8.000000E-5	3.695000E-5	1.750000E-5	2.720000E-3	2.000000E-5	0.000000E+0	0.000000E+0	1.964247E-4	2.976042E-9	0.000000E+0	0.000000E+0	1.999959E+1	0.000000E+0	4.000000E+0
24-Apr-25	20:15:22	1.000000E-5	5.133590E+0	-8.000000E-5	3.685000E-5	1.760000E-5	2.720000E-3	2.000000E-5	0.000000E+0	0.000000E+0	1.964247E-4	2.976042E-9	0.000000E+0	0.000000E+0	1.999959E+1	0.000000E+0	4.000000E+0
24-Apr-25	20:15:23	1.000000E-5	5.135055E+0	-8.000000E-5	3.680000E-5	1.760000E-5	2.720000E-3	2.000000E-5	0.000000E+0	0.000000E+0	1.964247E-4	2.976042E-9	0.000000E+0	0.000000E+0	1.999959E+1	0.000000E+0	4.000000E+0
24-Apr-25	20:15:23	1.000000E-5	5.136870E+0	-8.000000E-5	3.685000E-5	1.750000E-5	2.720000E-3	2.000000E-5	0.000000E+0	0.000000E+0	1.964247E-4	2.976042E-9	0.000000E+0	0.000000E+0	1.999959E+1	0.000000E+0	4.000000E+0
24-Apr-25	20:15:24	1.000000E-5	5.137105E+0	-8.000000E-5	3.690000E-5	1.755000E-5	2.720000E-3	2.000000E-5	0.000000E+0	0.000000E+0	1.964247E-4	2.976042E-9	0.000000E+0	0.000000E+0	1.999959E+1	0.000000E+0	4.000000E+0
24-Apr-25	20:15:24	1.000000E-5	5.140140E+0	-8.000000E-5	3.685000E-5	1.755000E-5	2.720000E-3	2.000000E-5	0.000000E+0	0.000000E+0	1.964247E-4	2.976042E-9	0.000000E+0	0.000000E+0	1.999959E+1	0.000000E+0	4.000000E+0
24-Apr-25	20:15:25	1.000000E-5	5.142085E+0	-8.000000E-5	3.680000E-5	1.755000E-5	2.720000E-3	2.000000E-5	0.000000E+0	0.000000E+0	1.964247E-4	2.976042E-9	0.000000E+0	0.000000E+0	1.999959E+1	0.000000E+0	4.000000E+0
24-Apr-25	20:15:25	1.000000E-5	5.141980E+0	-8.000000E-5	3.685000E-5	1.755000E-5	2.720000E-3	2.000000E-5	0.000000E+0	0.000000E+0	1.964247E-4	2.976042E-9	0.000000E+0	0.000000E+0	1.999959E+1	0.000000E+0	4.000000E+0
24-Apr-25	20:15:26	1.000000E-5	5.134515E+0	-8.000000E-5	3.680000E-5	1.755000E-5	2.720000E-3	2.000000E-5	0.000000E+0	0.000000E+0	1.964247E-4	2.976042E-9	0.000000E+0	0.000000E+0	1.999959E+1	0.000000E+0	4.000000E+0
24-Apr-25	20:15:26	1.000000E-5	5.124635E+0	-8.000000E-5	3.685000E-5	1.750000E-5	2.720000E-3	2.000000E-5	0.000000E+0	0.000000E+0	1.964247E-4	2.976042E-9	0.000000E+0	0.000000E+0	1.999959E+1	0.000000E+0	4.000000E+0
24-Apr-25	20:15:27	1.000000E-5	5.115665E+0	-8.000000E-5	3.690000E-5	1.755000E-5	2.720000E-3	2.000000E-5	0.000000E+0	0.000000E+0	1.964247E-4	2.976042E-9	0.000000E+0	0.000000E+0	1.999959E+1	0.000000E+0	4.000000E+0
24-Apr-25	20:15:27	1.000000E-5	5.105770E+0	-8.000000E-5	3.700000E-5	1.755000E-5	2.720000E-3	2.000000E-5	0.000000E+0	0.000000E+0	1.964247E-4	2.976042E-9	0.000000E+0	0.000000E+0	1.999959E+1	0.000000E+0	4.000000E+0
24-Apr-25	20:15:28	1.000000E-5	5.096630E+0	-8.000000E-5	3.700000E-5	1.760000E-5	2.720000E-3	2.000000E-5	0.000000E+0	0.000000E+0	1.964247E-4	2.976042E-9	0.000000E+0	0.000000E+0	1.999959E+1	0.000000E+0	4.000000E+0
24-Apr-25	20:15:28	1.000000E-5	5.088380E+0	-8.000000E-5	3.705000E-5	1.755000E-5	2.720000E-3	2.000000E-5	0.000000E+0	0.000000E+0	1.964247E-4	2.976042E-9	0.000000E+0	0.000000E+0	1.999959E+1	0.000000E+0	4.000000E+0
24-Apr-25	20:15:29	1.000000E-5	5.079400E+0	-8.000000E-5	3.705000E-5	1.755000E-5	2.720000E-3	2.000000E-5	0.000000E+0	0.000000E+0	1.964247E-4	2.976042E-9	0.000000E+0	0.000000E+0	1.999959E+1	0.000000E+0	4.000000E+0
24-Apr-25	20:15:29	1.000000E-5	5.071470E+0	-8.000000E-5	3.705000E-5	1.755000E-5	2.720000E-3	2.000000E-5	0.000000E+0	0.000000E+0	1.964247E-4	2.976042E-9	0.000000E+0	0.000000E+0	1.999959E+1	0.000000E+0	4.000000E+0
24-Apr-25	20:15:30	1.000000E-5	5.062305E+0	-8.000000E-5	3.710000E-5	1.750000E-5	2.720000E-3	2.000000E-5	0.000000E+0	0.000000E+0	1.964247E-4	2.976042E-9	0.000000E+0	0.000000E+0	1.999959E+1	0.000000E+0	4.000000E+0
24-Apr-25	20:15:30	1.000000E-5	5.050625E+0	-8.000000E-5	3.715000E-5	1.755000E-5	2.720000E-3	2.000000E-5	0.000000E+0	0.000000E+0	1.964247E-4	2.976042E-9	0.000000E+0	0.000000E+0	1.999959E+1	0.000000E+0	4.000000E+0
24-Apr-25	20:15:31	1.000000E-5	5.042550E+0	-8.000000E-5	3.720000E-5	1.755000E-5	2.720000E-3	2.000000E-5	0.000000E+0	0.000000E+0	1.964247E-4	2.976042E-9	0.000000E+0	0.000000E+0	1.999959E+1	0.000000E+0	4.000000E+0
24-Apr-25	20:15:31	1.000000E-5	5.033555E+0	-8.000000E-5	3.725000E-5	1.750000E-5	2.720000E-3	2.000000E-5	0.000000E+0	0.000000E+0	1.964247E-4	2.976042E-9	0.000000E+0	0.000000E+0	1.999959E+1	0.000000E+0	4.000000E+0
24-Apr-25	20:15:32	1.000000E-5	5.024575E+0	-8.000000E-5	3.735000E-5	1.750000E-5	2.720000E-3	2.000000E-5	0.000000E+0	0.000000E+0	1.964247E-4	2.976042E-9	0.000000E+0	0.000000E+0	1.999959E+1	0.000000E+0	4.000000E+0
24-Apr-25	20:15:32	1.000000E-5	5.015600E+0	-8.000000E-5	3.740000E-5	1.750000E-5	2.720000E-3	2.000000E-5	0.000000E+0	0.000000E+0	1.964247E-4	2.976042E-9	0.000000E+0	0.000000E+0	1.999959E+1	0.000000E+0	4.000000E+0
24-Apr-25	20:15:33	1.000000E-5	5.006595E+0	-8.000000E-5	3.740000E-5	1.755000E-5	2.720000E-3	2.000000E-5	0.000000E+0	0.000000E+0	1.964247E-4	2.976042E-9	0.000000E+0	0.000000E+0	1.999959E+1	0.000000E+0	4.000000E+0
24-Apr-25	20:15:33	1.000000E-5	4.998485E+0	-8.000000E-5	3.740000E-5	1.755000E-5	2.720000E-3	2.000000E-5	0.000000E+0	0.000000E+0	1.964247E-4	2.976042E-9	0.000000E+0	0.000000E+0	1.999959E+1	0.000000E+0	4.000000E+0
24-Apr-25	20:15:34	1.000000E-5	4.989510E+0	-8.000000E-5	3.745000E-5	1.745000E-5	2.720000E-3	2.000000E-5	0.000000E+0	0.000000E+0	1.964247E-4	2.976042E-9	0.000000E+0	0.000000E+0	1.999959E+1	0.000000E+0	4.000000E+0
24-Apr-25	20:15:34	1.000000E-5	4.979645E+0	-8.000000E-5	3.750000E-5	1.755000E-5	2.720000E-3	2.000000E-5	0.000000E+0	0.000000E+0	1.964247E-4	2.976042E-9	0.000000E+0	0.000000E+0	1.999959E+1	0.000000E+0	4.000000E+0
24-Apr-25	20:15:35	1.000000E-5	4.970640E+0	-8.000000E-5	3.750000E-5	1.755000E-5	2.720000E-3	2.000000E-5	0.000000E+0	0.000000E+0	1.964247E-4	2.976042E-9	0.000000E+0	0.000000E+0	1.999959E+1	0.000000E+0	4.000000E+0
24-Apr-25	20:15:35	1.000000E-5	4.961655E+0	-8.000000E-5	3.755000E-5	1.755000E-5	2.720000E-3	2.000000E-5	0.000000E+0	0.000000E+0	1.964247E-4	2.976042E-9	0.000000E+0	0.000000E+0	1.999959E+1	0.000000E+0	4.000000E+0
24-Apr-25	20:15:36	1.000000E-5	4.952665E+0	-8.000000E-5	3.750000E-5	1.755000E-5	2.720000E-3	2.000000E-5	0.000000E+0	0.000000E+0	1.964247E-4	2.976042E-9	0.000000E+0	0.000000E+0	1.999959E+1	0.000000E+0	4.000000E+0
24-Apr-25	20:15:36	1.000000E-5	4.944565E+0	-8.000000E-5	3.755000E-5	1.760000E-5	2.720000E-3	2.000000E-5	0.000000E+0	0.000000E+0	1.964247E-4	2.976042E-9	0.000000E+0	0.000000E+0	1.999959E+1	0.000000E+0	4.000000E+0
24-Apr-25	20:15:37	1.000000E-5	4.935585E+0	-8.000000E-5	3.755000E-5	1.750000E-5	2.720000E-3	2.000000E-5	0.000000E+0	0.000000E+0	1.964247E-4	2.976042E-9	0.000000E+0	0.000000E+0	1.999959E+1	0.000000E+0	4.000000E+0
24-Apr-25	20:15:37	1.000000E-5	4.926605E+0	-8.000000E-5	3.755000E-5	1.745000E-5	2.720000E-3	2.000000E-5	0.000000E+0	0.000000E+0	1.964247E-4	2.976042E-9	0.000000E+0	0.000000E+0	1.999959E+1	0.000000E+0	4.000000E+0
24-Apr-25	20:15:38	1.000000E-5	4.917605E+0	-8.000000E-5	3.770000E-5	1.745000E-5	2.720000E-3	2.000000E-5	0.000000E+0	0.000000E+0	1.964247E-4	2.976042E-9	0.000000E+0	0.000000E+0	1.999959E+1	0.000000E+0	4.000000E+0
24-Apr-25	20:15:38	1.000000E-5	4.909495E+0	-8.000000E-5	3.780000E-5	1.750000E-5	2.720000E-3	2.000000E-5	0.000000E+0	0.000000E+0	1.964247E-4	2.976042E-9	0.000000E+0	0.000000E+0	1.999959E+1	0.000000E+0	4.000000E+0
24-Apr-25	20:15:39	1.000000E-5	4.900500E+0	-8.000000E-5	3.780000E-5	1.750000E-5	2.720000E-3	2.000000E-5	0.000000E+0	0.000000E+0	1.964247E-4	2.976042E-9	0.000000E+0	0.000000E+0	1.999959E+1	0.000000E+0	4.000000E+0
24-Apr-25	20:15:39	1.000000E-5	4.888675E+0	-8.000000E-5	3.780000E-5	1.750000E-5	2.720000E-3	2.000000E-5	0.000000E+0	0.000000E+0	1.964247E-4	2.976042E-9	0.000000E+0	0.000000E+0	1.999959E+1	0.000000E+0	4.000000E+0
24-Apr-25	20:15:40	1.000000E-5	4.879555E+0	-8.000000E-5	3.780000E-5	1.750000E-5	2.720000E-3	2.000000E-5	0.000000E+0	0.000000E+0	1.964247E-4	2.976042E-9	0.000000E+0	0.000000E+0	1.999959E+1	0.000000E+0	4.000000E+0
24-Apr-25	20:15:41	1.000000E-5	4.866070E+0	-8.000000E-5	3.780000E-5	1.750000E-5	2.720000E-3	2.000000E-5	0.000000E+0	0.000000E+0	1.964247E-4	2.976042E-9	0.000000E+0	0.000000E+0	1.999959E+1	0.000000E+0	4.000000E+0
24-Apr-25	20:15:41	1.000000E-5	4.857950E+0	-8.000000E-5	3.790000E-5	1.745000E-5	2.720000E-3	2.000000E-5	0.000000E+0	0.000000E+0	1.964247E-4	2.976042E-9	0.000000E+0	0.000000E+0	1.999959E+1	0.000000E+0	4.000000E+0
24-Apr-25	20:15:42	1.000000E-5	4.848980E+0	-8.000000E-5	3.790000E-5	1.745000E-5	2.720000E-3	2.000000E-5	0.000000E+0	0.000000E+0	1.964247E-4	2.976042E-9	0.000000E+0	0.000000E+0	1.999959E+1	0.000000E+0	4.000000E+0
24-Apr-25	20:15:42	1.000000E-5	4.839985E+0	-8.000000E-5	3.795000E-5	1.740000E-5	2.720000E-3	2.000000E-5	0.000000E+0	0.000000E+0	1.964247E-4	2.976042E-9	0.000000E+0	0.000000E+0	1.999959E+1	0.000000E+0	4.000000E+0
24-Apr-25	20:15:43	1.000000E-5	4.831000E+0	-8.000000E-5	3.800000E-5	1.745000E-5	2.720000E-3	2.000000E-5	0.000000E+0	0.000000E+0	1.964247E-4	2.976042E-9	0.000000E+0	0.000000E+0	1.999959E+1	0.000000E+0	4.000000E+0
24-Apr-25	20:15:43	1.000000E-5	4.822010E+0	-8.000000E-5	3.795000E-5	1.750000E-5	2.720000E-3	2.000000E-5	0.000000E+0	0.000000E+0	1.964247E-4	2.976042E-9	0.000000E+0	0.000000E+0	1.999959E+1	0.000000E+0	4.000000E+0
24-Apr-25	20:15:44	1.000000E-5	4.813010E+0	-8.000000E-5	3.800000E-5	1.750000E-5	2.720000E-3	2.000000E-5	0.000000E+0	0.000000E+0	1.964247E-4	2.976042E-9	0.000000E+0	0.000000E+0	1.999959E+1	0.000000E+0	4.000000E+0
24-Apr-25	20:15:44	1.000000E-5	4.802065E+0	-8.000000E-5	3.800000E-5	1.745000E-5	2.720000E-3	2.000000E-5	0.000000E+0	0.000000E+0	1.964247E-4	2.976042E-9	0.000000E+0	0.000000E+0	1.999959E+1	0.000000E+0	4.000000E+0
24-Apr-25	20:15:45	1.000000E-5	4.792960E+0	-8.000000E-5	3.800000E-5	1.740000E-5	2.720000E-3	2.000000E-5	0.000000E+0	0.000000E+0	1.964247E-4	2.976042E-9	0.000000E+0	0.000000E+0	1.999959E+1	0.000000E+0	4.000000E+0
24-Apr-25	20:15:45	1.000000E-5	4.784865E+0	-8.000000E-5	3.810000E-5	1.745000E-5	2.720000E-3	2.000000E-5	0.000000E+0	0.000000E+0	1.964247E-4	2.976042E-9	0.000000E+0	0.000000E+0	1.999959E+1	0.000000E+0	4.000000E+0
24-Apr-25	20:15:46	1.000000E-5	4.776770E+0	-8.000000E-5	3.815000E-5	1.745000E-5	2.720000E-3	2.000000E-5	0.000000E+0	0.000000E+0	1.964247E-4	2.976042E-9	0.000000E+0	0.000000E+0	1.999959E+1	0.000000E+0	4.000000E+0
24-Apr-25	20:15:46	1.000000E-5	4.767765E+0	-8.000000E-5	3.810000E-5	1.740000E-5	2.720000E-3	2.000000E-5	0.000000E+0	0.000000E+0	1.964247E-4	2.976042E-9	0.000000E+0	0.000000E+0	1.999959E+1	0.000000E+0	4.000000E+0
24-Apr-25	20:15:47	1.000000E-5	4.758765E+0	-8.000000E-5	3.815000E-5	1.740000E-5	2.720000E-3	2.000000E-5	0.000000E+0	0.000000E+0	1.964247E-4	2.976042E-9	0.000000E+0	0.000000E+0	1.999959E+1	0.000000E+0	4.000000E+0
24-Apr-25	20:15:48	1.000000E-5	4.746055E+0	-8.000000E-5	3.825000E-5	1.745000E-5	2.720000E-3	2.000000E-5	0.000000E+0	0.000000E+0	1.964247E-4	2.976042E-9	0.000000E+0	0.000000E+0	1.999959E+1	0.000000E+0	4.000000E+0
24-Apr-25	20:15:48	1.000000E-5	4.731535E+0	-8.000000E-5	3.825000E-5	1.750000E-5	2.720000E-3	2.000000E-5	0.000000E+0	0.000000E+0	1.964247E-4	2.976042E-9	0.000000E+0	0.000000E+0	1.999959E+1	0.000000E+0	4.000000E+0
24-Apr-25	20:15:49	1.000000E-5	4.722530E+0	-8.000000E-5	3.825000E-5	1.750000E-5	2.720000E-3	2.000000E-5	0.000000E+0	0.000000E+0	1.964247E-4	2.976042E-9	0.000000E+0	0.000000E+0	1.999959E+1	0.000000E+0	4.000000E+0
24-Apr-25	20:15:49	1.000000E-5	4.713525E+0	-8.000000E-5	3.825000E-5	1.750000E-5	2.720000E-3	2.000000E-5	0.000000E+0	0.000000E+0	1.964247E-4	2.976042E-9	0.000000E+0	0.000000E+0	1.999959E+1	0.000000E+0	4.000000E+0
24-Apr-25	20:15:50	1.000000E-5	4.704540E+0	-8.000000E-5	3.825000E-5	1.745000E-5	2.720000E-3	2.000000E-5	0.000000E+0	0.000000E+0	1.964247E-4	2.976042E-9	0.000000E+0	0.000000E+0	1.999959E+1	0.000000E+0	4.000000E+0
24-Apr-25	20:15:50	1.000000E-5	4.695570E+0	-8.000000E-5	3.830000E-5	1.745000E-5	2.720000E-3	2.000000E-5	0.000000E+0	0.000000E+0	1.964247E-4	2.976042E-9	0.000000E+0	0.000000E+0	1.999959E+1	0.000000E+0	4.000000E+0
24-Apr-25	20:15:51	1.000000E-5	4.686570E+0	-8.000000E-5	3.835000E-5	1.745000E-5	2.720000E-3	2.000000E-5	0.000000E+0	0.000000E+0	1.964247E-4	2.976042E-9	0.000000E+0	0.000000E+0	1.999959E+1	0.000000E+0	4.000000E+0
24-Apr-25	20:15:52	1.000000E-5	4.674560E+0	-8.000000E-5	3.835000E-5	1.750000E-5	2.720000E-3	2.000000E-5	0.000000E+0	0.000000E+0	1.964247E-4	2.976042E-9	0.000000E+0	0.000000E+0	1.999959E+1	0.000000E+0	4.000000E+0
24-Apr-25	20:15:52	1.000000E-5	4.662005E+0	-8.000000E-5	3.825000E-5	1.740000E-5	2.720000E-3	2.000000E-5	0.000000E+0	0.000000E+0	1.964247E-4	2.976042E-9	0.000000E+0	0.000000E+0	1.999959E+1	0.000000E+0	4.000000E+0
24-Apr-25	20:15:53	1.000000E-5	4.653005E+0	-8.000000E-5	3.835000E-5	1.740000E-5	2.720000E-3	2.000000E-5	0.000000E+0	0.000000E+0	1.964247E-4	2.976042E-9	0.000000E+0	0.000000E+0	1.999959E+1	0.000000E+0	4.000000E+0
24-Apr-25	20:15:53	1.000000E-5	4.644040E+0	-8.000000E-5	3.845000E-5	1.740000E-5	2.720000E-3	2.000000E-5	0.000000E+0	0.000000E+0	1.964247E-4	2.976042E-9	0.000000E+0	0.000000E+0	1.999959E+1	0.000000E+0	4.000000E+0
24-Apr-25	20:15:54	1.000000E-5	4.635040E+0	-8.000000E-5	3.840000E-5	1.745000E-5	2.720000E-3	2.000000E-5	0.000000E+0	0.000000E+0	1.964247E-4	2.976042E-9	0.000000E+0	0.000000E+0	1.999959E+1	0.000000E+0	4.000000E+0
24-Apr-25	20:15:54	1.000000E-5	4.626025E+0	-8.000000E-5	3.835000E-5	1.745000E-5	2.720000E-3	2.000000E-5	0.000000E+0	0.000000E+0	1.964247E-4	2.976042E-9	0.000000E+0	0.000000E+0	1.999959E+1	0.000000E+0	4.000000E+0
24-Apr-25	20:15:55	1.000000E-5	4.616745E+0	-8.000000E-5	3.840000E-5	1.745000E-5	2.720000E-3	2.000000E-5	0.000000E+0	0.000000E+0	1.964247E-4	2.976042E-9	0.000000E+0	0.000000E+0	1.999959E+1	0.000000E+0	4.000000E+0
24-Apr-25	20:15:55	1.000000E-5	4.608665E+0	-8.000000E-5	3.845000E-5	1.745000E-5	2.720000E-3	2.000000E-5	0.000000E+0	0.000000E+0	1.964247E-4	2.976042E-9	0.000000E+0	0.000000E+0	1.999959E+1	0.000000E+0	4.000000E+0
24-Apr-25	20:15:56	1.000000E-5	4.599680E+0	-8.000000E-5	3.845000E-5	1.740000E-5	2.720000E-3	2.000000E-5	0.000000E+0	0.000000E+0	1.964247E-4	2.976042E-9	0.000000E+0	0.000000E+0	1.999959E+1	0.000000E+0	4.000000E+0
24-Apr-25	20:15:56	1.000000E-5	4.591595E+0	-8.000000E-5	3.845000E-5	1.740000E-5	2.720000E-3	2.000000E-5	0.000000E+0	0.000000E+0	1.964247E-4	2.976042E-9	0.000000E+0	0.000000E+0	1.999959E+1	0.000000E+0	4.000000E+0
24-Apr-25	20:15:57	1.000000E-5	4.582590E+0	-8.000000E-5	3.845000E-5	1.750000E-5	2.720000E-3	2.000000E-5	0.000000E+0	0.000000E+0	1.964247E-4	2.976042E-9	0.000000E+0	0.000000E+0	1.999959E+1	0.000000E+0	4.000000E+0
24-Apr-25	20:15:57	1.000000E-5	4.574490E+0	-8.000000E-5	3.845000E-5	1.745000E-5	2.720000E-3	2.000000E-5	0.000000E+0	0.000000E+0	1.964247E-4	2.976042E-9	0.000000E+0	0.000000E+0	1.999959E+1	0.000000E+0	4.000000E+0
24-Apr-25	20:15:57	1.000000E-5	4.565500E+0	-8.000000E-5	3.850000E-5	1.740000E-5	2.720000E-3	2.000000E-5	0.000000E+0	0.000000E+0	1.964247E-4	2.976042E-9	0.000000E+0	0.000000E+0	1.999959E+1	0.000000E+0	4.000000E+0
24-Apr-25	20:15:58	1.000000E-5	4.556535E+0	-8.000000E-5	3.855000E-5	1.745000E-5	2.720000E-3	2.000000E-5	0.000000E+0	0.000000E+0	1.964247E-4	2.976042E-9	0.000000E+0	0.000000E+0	1.999959E+1	0.000000E+0	4.000000E+0
24-Apr-25	20:15:59	1.000000E-5	4.542885E+0	-8.000000E-5	3.850000E-5	1.745000E-5	2.720000E-3	2.000000E-5	0.000000E+0	0.000000E+0	1.964247E-4	2.976042E-9	0.000000E+0	0.000000E+0	1.999959E+1	0.000000E+0	4.000000E+0
24-Apr-25	20:15:59	1.000000E-5	4.532855E+0	-8.000000E-5	3.850000E-5	1.745000E-5	2.720000E-3	2.000000E-5	0.000000E+0	0.000000E+0	1.964247E-4	2.976042E-9	0.000000E+0	0.000000E+0	1.999959E+1	0.000000E+0	4.000000E+0
24-Apr-25	20:16:00	1.000000E-5	4.523855E+0	-8.000000E-5	3.855000E-5	1.740000E-5	2.720000E-3	2.000000E-5	0.000000E+0	0.000000E+0	1.964247E-4	2.976042E-9	0.000000E+0	0.000000E+0	1.999959E+1	0.000000E+0	4.000000E+0
24-Apr-25	20:16:00	1.000000E-5	4.514870E+0	-8.000000E-5	3.860000E-5	1.740000E-5	2.720000E-3	2.000000E-5	0.000000E+0	0.000000E+0	1.964247E-4	2.976042E-9	0.000000E+0	0.000000E+0	1.999959E+1	0.000000E+0	4.000000E+0
24-Apr-25	20:16:01	1.000000E-5	4.505895E+0	-8.000000E-5	3.860000E-5	1.745000E-5	2.720000E-3	2.000000E-5	0.000000E+0	0.000000E+0	1.964247E-4	2.976042E-9	0.000000E+0	0.000000E+0	1.999959E+1	0.000000E+0	4.000000E+0
24-Apr-25	20:16:01	1.000000E-5	4.496900E+0	-8.000000E-5	3.855000E-5	1.740000E-5	2.720000E-3	2.000000E-5	0.000000E+0	0.000000E+0	1.964247E-4	2.976042E-9	0.000000E+0	0.000000E+0	1.999959E+1	0.000000E+0	4.000000E+0
24-Apr-25	20:16:02	1.000000E-5	4.487910E+0	-8.000000E-5	3.865000E-5	1.740000E-5	2.720000E-3	2.000000E-5	0.000000E+0	0.000000E+0	1.964247E-4	2.976042E-9	0.000000E+0	0.000000E+0	1.999959E+1	0.000000E+0	4.000000E+0
24-Apr-25	20:16:02	1.000000E-5	4.478925E+0	-8.000000E-5	3.865000E-5	1.745000E-5	2.720000E-3	2.000000E-5	0.000000E+0	0.000000E+0	1.964247E-4	2.976042E-9	0.000000E+0	0.000000E+0	1.999959E+1	0.000000E+0	4.000000E+0
24-Apr-25	20:16:03	1.000000E-5	4.470810E+0	-8.000000E-5	3.855000E-5	1.745000E-5	2.720000E-3	2.000000E-5	0.000000E+0	0.000000E+0	1.964247E-4	2.976042E-9	0.000000E+0	0.000000E+0	1.999959E+1	0.000000E+0	4.000000E+0
24-Apr-25	20:16:03	1.000000E-5	4.461850E+0	-8.000000E-5	3.855000E-5	1.740000E-5	2.720000E-3	2.000000E-5	0.000000E+0	0.000000E+0	1.964247E-4	2.976042E-9	0.000000E+0	0.000000E+0	1.999959E+1	0.000000E+0	4.000000E+0
24-Apr-25	20:16:04	1.000000E-5	4.451955E+0	-8.000000E-5	3.865000E-5	1.740000E-5	2.720000E-3	2.000000E-5	0.000000E+0	0.000000E+0	1.964247E-4	2.976042E-9	0.000000E+0	0.000000E+0	1.999959E+1	0.000000E+0	4.000000E+0
24-Apr-25	20:16:04	1.000000E-5	4.442960E+0	-8.000000E-5	3.860000E-5	1.745000E-5	2.720000E-3	2.000000E-5	0.000000E+0	0.000000E+0	1.964247E-4	2.976042E-9	0.000000E+0	0.000000E+0	1.999959E+1	0.000000E+0	4.000000E+0
24-Apr-25	20:16:05	1.000000E-5	4.434860E+0	-8.000000E-5	3.860000E-5	1.745000E-5	2.720000E-3	2.000000E-5	0.000000E+0	0.000000E+0	1.964247E-4	2.976042E-9	0.000000E+0	0.000000E+0	1.999959E+1	0.000000E+0	4.000000E+0
24-Apr-25	20:16:05	1.000000E-5	4.425870E+0	-8.000000E-5	3.860000E-5	1.740000E-5	2.720000E-3	2.000000E-5	0.000000E+0	0.000000E+0	1.964247E-4	2.976042E-9	0.000000E+0	0.000000E+0	1.999959E+1	0.000000E+0	4.000000E+0
24-Apr-25	20:16:06	1.000000E-5	4.413310E+0	-8.000000E-5	3.870000E-5	1.745000E-5	2.720000E-3	2.000000E-5	0.000000E+0	0.000000E+0	1.964247E-4	2.976042E-9	0.000000E+0	0.000000E+0	1.999959E+1	0.000000E+0	4.000000E+0
24-Apr-25	20:16:07	1.000000E-5	4.399515E+0	-8.000000E-5	3.865000E-5	1.745000E-5	2.720000E-3	2.000000E-5	0.000000E+0	0.000000E+0	1.964247E-4	2.976042E-9	0.000000E+0	0.000000E+0	1.999959E+1	0.000000E+0	4.000000E+0
24-Apr-25	20:16:07	1.000000E-5	4.391395E+0	-8.000000E-5	3.865000E-5	1.740000E-5	2.720000E-3	2.000000E-5	0.000000E+0	0.000000E+0	1.964247E-4	2.976042E-9	0.000000E+0	0.000000E+0	1.999959E+1	0.000000E+0	4.000000E+0
24-Apr-25	20:16:08	1.000000E-5	4.382435E+0	-8.000000E-5	3.865000E-5	1.735000E-5	2.720000E-3	2.000000E-5	0.000000E+0	0.000000E+0	1.964247E-4	2.976042E-9	0.000000E+0	0.000000E+0	1.999959E+1	0.000000E+0	4.000000E+0
24-Apr-25	20:16:08	1.000000E-5	4.373440E+0	-8.000000E-5	3.870000E-5	1.740000E-5	2.720000E-3	2.000000E-5	0.000000E+0	0.000000E+0	1.964247E-4	2.976042E-9	0.000000E+0	0.000000E+0	1.999959E+1	0.000000E+0	4.000000E+0
24-Apr-25	20:16:09	1.000000E-5	4.364615E+0	-8.000000E-5	3.875000E-5	1.745000E-5	2.720000E-3	2.000000E-5	0.000000E+0	0.000000E+0	1.964247E-4	2.976042E-9	0.000000E+0	0.000000E+0	1.999959E+1	0.000000E+0	4.000000E+0
24-Apr-25	20:16:09	1.000000E-5	4.355765E+0	-8.000000E-5	3.870000E-5	1.750000E-5	2.720000E-3	2.000000E-5	0.000000E+0	0.000000E+0	1.964247E-4	2.976042E-9	0.000000E+0	0.000000E+0	1.999959E+1	0.000000E+0	4.000000E+0
24-Apr-25	20:16:10	1.000000E-5	4.347675E+0	-8.000000E-5	3.860000E-5	1.750000E-5	2.720000E-3	2.000000E-5	0.000000E+0	0.000000E+0	1.964247E-4	2.976042E-9	0.000000E+0	0.000000E+0	1.999959E+1	0.000000E+0	4.000000E+0
24-Apr-25	20:16:10	1.000000E-5	4.338525E+0	-8.000000E-5	3.865000E-5	1.740000E-5	2.720000E-3	2.000000E-5	0.000000E+0	0.000000E+0	1.964247E-4	2.976042E-9	0.000000E+0	0.000000E+0	1.999959E+1	0.000000E+0	4.000000E+0
24-Apr-25	20:16:11	1.000000E-5	4.330285E+0	-8.000000E-5	3.875000E-5	1.735000E-5	2.720000E-3	2.000000E-5	0.000000E+0	0.000000E+0	1.964247E-4	2.976042E-9	0.000000E+0	0.000000E+0	1.999959E+1	0.000000E+0	4.000000E+0
24-Apr-25	20:16:11	1.000000E-5	4.321305E+0	-8.000000E-5	3.880000E-5	1.735000E-5	2.720000E-3	2.000000E-5	0.000000E+0	0.000000E+0	1.964247E-4	2.976042E-9	0.000000E+0	0.000000E+0	1.999959E+1	0.000000E+0	4.000000E+0
24-Apr-25	20:16:12	1.000000E-5	4.310540E+0	-8.000000E-5	3.875000E-5	1.740000E-5	2.720000E-3	2.000000E-5	0.000000E+0	0.000000E+0	1.964247E-4	2.976042E-9	0.000000E+0	0.000000E+0	1.999959E+1	0.000000E+0	4.000000E+0
24-Apr-25	20:16:12	1.000000E-5	4.299725E+0	-8.000000E-5	3.875000E-5	1.745000E-5	2.720000E-3	2.000000E-5	0.000000E+0	0.000000E+0	1.964247E-4	2.976042E-9	0.000000E+0	0.000000E+0	1.999959E+1	0.000000E+0	4.000000E+0
24-Apr-25	20:16:13	1.000000E-5	4.286860E+0	-8.000000E-5	3.870000E-5	1.740000E-5	2.720000E-3	2.000000E-5	0.000000E+0	0.000000E+0	1.964247E-4	2.976042E-9	0.000000E+0	0.000000E+0	1.999959E+1	0.000000E+0	4.000000E+0
24-Apr-25	20:16:14	1.000000E-5	4.277855E+0	-8.000000E-5	3.875000E-5	1.745000E-5	2.720000E-3	2.000000E-5	0.000000E+0	0.000000E+0	1.964247E-4	2.976042E-9	0.000000E+0	0.000000E+0	1.999959E+1	0.000000E+0	4.000000E+0
24-Apr-25	20:16:14	1.000000E-5	4.268890E+0	-8.000000E-5	3.875000E-5	1.740000E-5	2.720000E-3	2.000000E-5	0.000000E+0	0.000000E+0	1.964247E-4	2.976042E-9	0.000000E+0	0.000000E+0	1.999959E+1	0.000000E+0	4.000000E+0
24-Apr-25	20:16:14	1.000000E-5	4.260800E+0	-8.000000E-5	3.870000E-5	1.745000E-5	2.720000E-3	2.000000E-5	0.000000E+0	0.000000E+0	1.964247E-4	2.976042E-9	0.000000E+0	0.000000E+0	1.999959E+1	0.000000E+0	4.000000E+0
24-Apr-25	20:16:15	1.000000E-5	4.251795E+0	-8.000000E-5	3.875000E-5	1.740000E-5	2.720000E-3	2.000000E-5	0.000000E+0	0.000000E+0	1.964247E-4	2.976042E-9	0.000000E+0	0.000000E+0	1.999959E+1	0.000000E+0	4.000000E+0
24-Apr-25	20:16:16	1.000000E-5	4.239050E+0	-8.000000E-5	3.885000E-5	1.735000E-5	2.720000E-3	2.000000E-5	0.000000E+0	0.000000E+0	1.964247E-4	2.976042E-9	0.000000E+0	0.000000E+0	1.999959E+1	0.000000E+0	4.000000E+0
24-Apr-25	20:16:16	1.000000E-5	4.230955E+0	-8.000000E-5	3.880000E-5	1.750000E-5	2.720000E-3	2.000000E-5	0.000000E+0	0.000000E+0	1.964247E-4	2.976042E-9	0.000000E+0	0.000000E+0	1.999959E+1	0.000000E+0	4.000000E+0
24-Apr-25	20:16:17	1.000000E-5	4.221850E+0	-8.000000E-5	3.870000E-5	1.745000E-5	2.720000E-3	2.000000E-5	0.000000E+0	0.000000E+0	1.964247E-4	2.976042E-9	0.000000E+0	0.000000E+0	1.999959E+1	0.000000E+0	4.000000E+0
24-Apr-25	20:16:17	1.000000E-5	4.213740E+0	-8.000000E-5	3.875000E-5	1.740000E-5	2.720000E-3	2.000000E-5	0.000000E+0	0.000000E+0	1.964247E-4	2.976042E-9	0.000000E+0	0.000000E+0	1.999959E+1	0.000000E+0	4.000000E+0
24-Apr-25	20:16:18	1.000000E-5	4.204745E+0	-8.000000E-5	3.875000E-5	1.740000E-5	2.720000E-3	2.000000E-5	0.000000E+0	0.000000E+0	1.964247E-4	2.976042E-9	0.000000E+0	0.000000E+0	1.999959E+1	0.000000E+0	4.000000E+0
24-Apr-25	20:16:18	1.000000E-5	4.196655E+0	-8.000000E-5	3.875000E-5	1.735000E-5	2.720000E-3	2.000000E-5	0.000000E+0	0.000000E+0	1.964247E-4	2.976042E-9	0.000000E+0	0.000000E+0	1.999959E+1	0.000000E+0	4.000000E+0
24-Apr-25	20:16:19	1.000000E-5	4.187650E+0	-8.000000E-5	3.875000E-5	1.740000E-5	2.720000E-3	2.000000E-5	0.000000E+0	0.000000E+0	1.964247E-4	2.976042E-9	0.000000E+0	0.000000E+0	1.999959E+1	0.000000E+0	4.000000E+0
24-Apr-25	20:16:19	1.000000E-5	4.177765E+0	-8.000000E-5	3.880000E-5	1.740000E-5	2.720000E-3	2.000000E-5	0.000000E+0	0.000000E+0	1.964247E-4	2.976042E-9	0.000000E+0	0.000000E+0	1.999959E+1	0.000000E+0	4.000000E+0
24-Apr-25	20:16:20	1.000000E-5	4.168795E+0	-8.000000E-5	3.880000E-5	1.735000E-5	2.720000E-3	2.000000E-5	0.000000E+0	0.000000E+0	1.964247E-4	2.976042E-9	0.000000E+0	0.000000E+0	1.999959E+1	0.000000E+0	4.000000E+0
24-Apr-25	20:16:20	1.000000E-5	4.160670E+0	-8.000000E-5	3.880000E-5	1.735000E-5	2.720000E-3	2.000000E-5	0.000000E+0	0.000000E+0	1.964247E-4	2.976042E-9	0.000000E+0	0.000000E+0	1.999959E+1	0.000000E+0	4.000000E+0
24-Apr-25	20:16:21	1.000000E-5	4.151675E+0	-8.000000E-5	3.880000E-5	1.735000E-5	2.720000E-3	2.000000E-5	0.000000E+0	0.000000E+0	1.964247E-4	2.976042E-9	0.000000E+0	0.000000E+0	1.999959E+1	0.000000E+0	4.000000E+0
24-Apr-25	20:16:21	1.000000E-5	4.141795E+0	-8.000000E-5	3.880000E-5	1.740000E-5	2.720000E-3	2.000000E-5	0.000000E+0	0.000000E+0	1.964247E-4	2.976042E-9	0.000000E+0	0.000000E+0	1.999959E+1	0.000000E+0	4.000000E+0
24-Apr-25	20:16:22	1.000000E-5	4.132820E+0	-8.000000E-5	3.885000E-5	1.740000E-5	2.720000E-3	2.000000E-5	0.000000E+0	0.000000E+0	1.964247E-4	2.976042E-9	0.000000E+0	0.000000E+0	1.999959E+1	0.000000E+0	4.000000E+0
24-Apr-25	20:16:22	1.000000E-5	4.123830E+0	-8.000000E-5	3.880000E-5	1.740000E-5	2.720000E-3	2.000000E-5	0.000000E+0	0.000000E+0	1.964247E-4	2.976042E-9	0.000000E+0	0.000000E+0	1.999959E+1	0.000000E+0	4.000000E+0
24-Apr-25	20:16:23	1.000000E-5	4.115760E+0	-8.000000E-5	3.875000E-5	1.740000E-5	2.720000E-3	2.000000E-5	0.000000E+0	0.000000E+0	1.964247E-4	2.976042E-9	0.000000E+0	0.000000E+0	1.999959E+1	0.000000E+0	4.000000E+0
24-Apr-25	20:16:23	1.000000E-5	4.106730E+0	-8.000000E-5	3.880000E-5	1.735000E-5	2.720000E-3	2.000000E-5	0.000000E+0	0.000000E+0	1.964247E-4	2.976042E-9	0.000000E+0	0.000000E+0	1.999959E+1	0.000000E+0	4.000000E+0
24-Apr-25	20:16:24	1.000000E-5	4.095815E+0	-8.000000E-5	3.880000E-5	1.745000E-5	2.720000E-3	2.000000E-5	0.000000E+0	0.000000E+0	1.964247E-4	2.976042E-9	0.000000E+0	0.000000E+0	1.999959E+1	0.000000E+0	4.000000E+0
24-Apr-25	20:16:24	1.000000E-5	4.084870E+0	-8.000000E-5	3.875000E-5	1.740000E-5	2.720000E-3	2.000000E-5	0.000000E+0	0.000000E+0	1.964247E-4	2.976042E-9	0.000000E+0	0.000000E+0	1.999959E+1	0.000000E+0	4.000000E+0
24-Apr-25	20:16:25	1.000000E-5	4.074995E+0	-8.000000E-5	3.875000E-5	1.740000E-5	2.720000E-3	2.000000E-5	0.000000E+0	0.000000E+0	1.964247E-4	2.976042E-9	0.000000E+0	0.000000E+0	1.999959E+1	0.000000E+0	4.000000E+0
24-Apr-25	20:16:25	1.000000E-5	4.066000E+0	-8.000000E-5	3.885000E-5	1.735000E-5	2.720000E-3	2.000000E-5	0.000000E+0	0.000000E+0	1.964247E-4	2.976042E-9	0.000000E+0	0.000000E+0	1.999959E+1	0.000000E+0	4.000000E+0
24-Apr-25	20:16:26	1.000000E-5	4.057000E+0	-8.000000E-5	3.885000E-5	1.745000E-5	2.720000E-3	2.000000E-5	0.000000E+0	0.000000E+0	1.964247E-4	2.976042E-9	0.000000E+0	0.000000E+0	1.999959E+1	0.000000E+0	4.000000E+0
24-Apr-25	20:16:26	1.000000E-5	4.048000E+0	-8.000000E-5	3.880000E-5	1.750000E-5	2.720000E-3	2.000000E-5	0.000000E+0	0.000000E+0	1.964247E-4	2.976042E-9	0.000000E+0	0.000000E+0	1.999959E+1	0.000000E+0	4.000000E+0
24-Apr-25	20:16:27	1.000000E-5	4.036040E+0	-8.000000E-5	3.870000E-5	1.740000E-5	2.720000E-3	2.000000E-5	0.000000E+0	0.000000E+0	1.964247E-4	2.976042E-9	0.000000E+0	0.000000E+0	1.999959E+1	0.000000E+0	4.000000E+0
24-Apr-25	20:16:28	1.000000E-5	4.026145E+0	-8.000000E-5	3.870000E-5	1.735000E-5	2.720000E-3	2.000000E-5	0.000000E+0	0.000000E+0	1.964247E-4	2.976042E-9	0.000000E+0	0.000000E+0	1.999959E+1	0.000000E+0	4.000000E+0
24-Apr-25	20:16:28	1.000000E-5	4.017165E+0	-8.000000E-5	3.875000E-5	1.740000E-5	2.720000E-3	2.000000E-5	0.000000E+0	0.000000E+0	1.964247E-4	2.976042E-9	0.000000E+0	0.000000E+0	1.999959E+1	0.000000E+0	4.000000E+0
24-Apr-25	20:16:29	1.000000E-5	4.008170E+0	-8.000000E-5	3.880000E-5	1.735000E-5	2.720000E-3	2.000000E-5	0.000000E+0	0.000000E+0	1.964247E-4	2.976042E-9	0.000000E+0	0.000000E+0	1.999959E+1	0.000000E+0	4.000000E+0
24-Apr-25	20:16:29	1.000000E-5	3.999175E+0	-8.000000E-5	3.880000E-5	1.735000E-5	2.720000E-3	2.000000E-5	0.000000E+0	0.000000E+0	1.964247E-4	2.976042E-9	0.000000E+0	0.000000E+0	1.999959E+1	0.000000E+0	4.000000E+0
24-Apr-25	20:16:30	1.000000E-5	3.989285E+0	-8.000000E-5	3.880000E-5	1.740000E-5	2.720000E-3	2.000000E-5	0.000000E+0	0.000000E+0	1.964247E-4	2.976042E-9	0.000000E+0	0.000000E+0	1.999959E+1	0.000000E+0	4.000000E+0
24-Apr-25	20:16:30	1.000000E-5	3.980305E+0	-8.000000E-5	3.880000E-5	1.740000E-5	2.720000E-3	2.000000E-5	0.000000E+0	0.000000E+0	1.964247E-4	2.976042E-9	0.000000E+0	0.000000E+0	1.999959E+1	0.000000E+0	4.000000E+0
24-Apr-25	20:16:31	1.000000E-5	3.971300E+0	-8.000000E-5	3.880000E-5	1.740000E-5	2.720000E-3	2.000000E-5	0.000000E+0	0.000000E+0	1.964247E-4	2.976042E-9	0.000000E+0	0.000000E+0	1.999959E+1	0.000000E+0	4.000000E+0
24-Apr-25	20:16:31	1.000000E-5	3.963210E+0	-8.000000E-5	3.880000E-5	1.740000E-5	2.720000E-3	2.000000E-5	0.000000E+0	0.000000E+0	1.964247E-4	2.976042E-9	0.000000E+0	0.000000E+0	1.999959E+1	0.000000E+0	4.000000E+0
24-Apr-25	20:16:32	1.000000E-5	3.954220E+0	-8.000000E-5	3.885000E-5	1.745000E-5	2.720000E-3	2.000000E-5	0.000000E+0	0.000000E+0	1.964247E-4	2.976042E-9	0.000000E+0	0.000000E+0	1.999959E+1	0.000000E+0	4.000000E+0
24-Apr-25	20:16:32	1.000000E-5	3.945245E+0	-8.000000E-5	3.880000E-5	1.740000E-5	2.720000E-3	2.000000E-5	0.000000E+0	0.000000E+0	1.964247E-4	2.976042E-9	0.000000E+0	0.000000E+0	1.999959E+1	0.000000E+0	4.000000E+0
24-Apr-25	20:16:33	1.000000E-5	3.936265E+0	-8.000000E-5	3.885000E-5	1.745000E-5	2.720000E-3	2.000000E-5	0.000000E+0	0.000000E+0	1.964247E-4	2.976042E-9	0.000000E+0	0.000000E+0	1.999959E+1	0.000000E+0	4.000000E+0
24-Apr-25	20:16:33	1.000000E-5	3.925165E+0	-8.000000E-5	3.875000E-5	1.740000E-5	2.720000E-3	2.000000E-5	0.000000E+0	0.000000E+0	1.964247E-4	2.976042E-9	0.000000E+0	0.000000E+0	1.999959E+1	0.000000E+0	4.000000E+0
24-Apr-25	20:16:34	1.000000E-5	3.916175E+0	-8.000000E-5	3.875000E-5	1.740000E-5	2.720000E-3	2.000000E-5	0.000000E+0	0.000000E+0	1.964247E-4	2.976042E-9	0.000000E+0	0.000000E+0	1.999959E+1	0.000000E+0	4.000000E+0
24-Apr-25	20:16:34	1.000000E-5	3.908070E+0	-8.000000E-5	3.875000E-5	1.740000E-5	2.720000E-3	2.000000E-5	0.000000E+0	0.000000E+0	1.964247E-4	2.976042E-9	0.000000E+0	0.000000E+0	1.999959E+1	0.000000E+0	4.000000E+0
24-Apr-25	20:16:35	1.000000E-5	3.899105E+0	-8.000000E-5	3.875000E-5	1.745000E-5	2.720000E-3	2.000000E-5	0.000000E+0	0.000000E+0	1.964247E-4	2.976042E-9	0.000000E+0	0.000000E+0	1.999959E+1	0.000000E+0	4.000000E+0
24-Apr-25	20:16:35	1.000000E-5	3.888330E+0	-8.000000E-5	3.875000E-5	1.735000E-5	2.720000E-3	2.000000E-5	0.000000E+0	0.000000E+0	1.964247E-4	2.976042E-9	0.000000E+0	0.000000E+0	1.999959E+1	0.000000E+0	4.000000E+0
24-Apr-25	20:16:36	1.000000E-5	3.878410E+0	-8.000000E-5	3.880000E-5	1.735000E-5	2.720000E-3	2.000000E-5	0.000000E+0	0.000000E+0	1.964247E-4	2.976042E-9	0.000000E+0	0.000000E+0	1.999959E+1	0.000000E+0	4.000000E+0
24-Apr-25	20:16:36	1.000000E-5	3.869420E+0	-8.000000E-5	3.880000E-5	1.730000E-5	2.720000E-3	2.000000E-5	0.000000E+0	0.000000E+0	1.964247E-4	2.976042E-9	0.000000E+0	0.000000E+0	1.999959E+1	0.000000E+0	4.000000E+0
24-Apr-25	20:16:37	1.000000E-5	3.860430E+0	-8.000000E-5	3.880000E-5	1.740000E-5	2.720000E-3	2.000000E-5	0.000000E+0	0.000000E+0	1.964247E-4	2.976042E-9	0.000000E+0	0.000000E+0	1.999959E+1	0.000000E+0	4.000000E+0
24-Apr-25	20:16:37	1.000000E-5	3.850555E+0	-8.000000E-5	3.880000E-5	1.745000E-5	2.720000E-3	2.000000E-5	0.000000E+0	0.000000E+0	1.964247E-4	2.976042E-9	0.000000E+0	0.000000E+0	1.999959E+1	0.000000E+0	4.000000E+0
24-Apr-25	20:16:38	1.000000E-5	3.841575E+0	-8.000000E-5	3.875000E-5	1.745000E-5	2.720000E-3	2.000000E-5	0.000000E+0	0.000000E+0	1.964247E-4	2.976042E-9	0.000000E+0	0.000000E+0	1.999959E+1	0.000000E+0	4.000000E+0
24-Apr-25	20:16:39	1.000000E-5	3.828675E+0	-8.000000E-5	3.875000E-5	1.745000E-5	2.720000E-3	2.000000E-5	0.000000E+0	0.000000E+0	1.964247E-4	2.976042E-9	0.000000E+0	0.000000E+0	1.999959E+1	0.000000E+0	4.000000E+0
24-Apr-25	20:16:39	1.000000E-5	3.819990E+0	-8.000000E-5	3.870000E-5	1.740000E-5	2.720000E-3	2.000000E-5	0.000000E+0	0.000000E+0	1.964247E-4	2.976042E-9	0.000000E+0	0.000000E+0	1.999959E+1	0.000000E+0	4.000000E+0
24-Apr-25	20:16:40	1.000000E-5	3.810985E+0	-8.000000E-5	3.870000E-5	1.740000E-5	2.720000E-3	2.000000E-5	0.000000E+0	0.000000E+0	1.964247E-4	2.976042E-9	0.000000E+0	0.000000E+0	1.999959E+1	0.000000E+0	4.000000E+0
24-Apr-25	20:16:40	1.000000E-5	3.801995E+0	-8.000000E-5	3.870000E-5	1.740000E-5	2.720000E-3	2.000000E-5	0.000000E+0	0.000000E+0	1.964247E-4	2.976042E-9	0.000000E+0	0.000000E+0	1.999959E+1	0.000000E+0	4.000000E+0
24-Apr-25	20:16:41	1.000000E-5	3.793040E+0	-8.000000E-5	3.870000E-5	1.745000E-5	2.720000E-3	2.000000E-5	0.000000E+0	0.000000E+0	1.964247E-4	2.976042E-9	0.000000E+0	0.000000E+0	1.999959E+1	0.000000E+0	4.000000E+0
24-Apr-25	20:16:41	1.000000E-5	3.780105E+0	-8.000000E-5	3.870000E-5	1.740000E-5	2.720000E-3	2.000000E-5	0.000000E+0	0.000000E+0	1.964247E-4	2.976042E-9	0.000000E+0	0.000000E+0	1.999959E+1	0.000000E+0	4.000000E+0
24-Apr-25	20:16:42	1.000000E-5	3.771115E+0	-8.000000E-5	3.870000E-5	1.740000E-5	2.720000E-3	2.000000E-5	0.000000E+0	0.000000E+0	1.964247E-4	2.976042E-9	0.000000E+0	0.000000E+0	1.999959E+1	0.000000E+0	4.000000E+0
24-Apr-25	20:16:42	1.000000E-5	3.762145E+0	-8.000000E-5	3.870000E-5	1.740000E-5	2.720000E-3	2.000000E-5	0.000000E+0	0.000000E+0	1.964247E-4	2.976042E-9	0.000000E+0	0.000000E+0	1.999959E+1	0.000000E+0	4.000000E+0
24-Apr-25	20:16:43	1.000000E-5	3.753150E+0	-8.000000E-5	3.875000E-5	1.740000E-5	2.720000E-3	2.000000E-5	0.000000E+0	0.000000E+0	1.964247E-4	2.976042E-9	0.000000E+0	0.000000E+0	1.999959E+1	0.000000E+0	4.000000E+0
24-Apr-25	20:16:43	1.000000E-5	3.744185E+0	-8.000000E-5	3.880000E-5	1.740000E-5	2.720000E-3	2.000000E-5	0.000000E+0	0.000000E+0	1.964247E-4	2.976042E-9	0.000000E+0	0.000000E+0	1.999959E+1	0.000000E+0	4.000000E+0
24-Apr-25	20:16:44	1.000000E-5	3.735180E+0	-8.000000E-5	3.875000E-5	1.745000E-5	2.720000E-3	2.000000E-5	0.000000E+0	0.000000E+0	1.964247E-4	2.976042E-9	0.000000E+0	0.000000E+0	1.999959E+1	0.000000E+0	4.000000E+0
24-Apr-25	20:16:44	1.000000E-5	3.726195E+0	-8.000000E-5	3.870000E-5	1.735000E-5	2.720000E-3	2.000000E-5	0.000000E+0	0.000000E+0	1.964247E-4	2.976042E-9	0.000000E+0	0.000000E+0	1.999959E+1	0.000000E+0	4.000000E+0
24-Apr-25	20:16:45	1.000000E-5	3.717200E+0	-8.000000E-5	3.875000E-5	1.735000E-5	2.720000E-3	2.000000E-5	0.000000E+0	0.000000E+0	1.964247E-4	2.976042E-9	0.000000E+0	0.000000E+0	1.999959E+1	0.000000E+0	4.000000E+0
24-Apr-25	20:16:45	1.000000E-5	3.709120E+0	-8.000000E-5	3.875000E-5	1.745000E-5	2.720000E-3	2.000000E-5	0.000000E+0	0.000000E+0	1.964247E-4	2.976042E-9	0.000000E+0	0.000000E+0	1.999959E+1	0.000000E+0	4.000000E+0
24-Apr-25	20:16:46	1.000000E-5	3.700130E+0	-8.000000E-5	3.870000E-5	1.745000E-5	2.720000E-3	2.000000E-5	0.000000E+0	0.000000E+0	1.964247E-4	2.976042E-9	0.000000E+0	0.000000E+0	1.999959E+1	0.000000E+0	4.000000E+0
24-Apr-25	20:16:46	1.000000E-5	3.691150E+0	-8.000000E-5	3.870000E-5	1.745000E-5	2.720000E-3	2.000000E-5	0.000000E+0	0.000000E+0	1.964247E-4	2.976042E-9	0.000000E+0	0.000000E+0	1.999959E+1	0.000000E+0	4.000000E+0
24-Apr-25	20:16:47	1.000000E-5	3.678545E+0	-8.000000E-5	3.870000E-5	1.745000E-5	2.720000E-3	2.000000E-5	0.000000E+0	0.000000E+0	1.964247E-4	2.976042E-9	0.000000E+0	0.000000E+0	1.999959E+1	0.000000E+0	4.000000E+0
24-Apr-25	20:16:47	1.000000E-5	3.670460E+0	-8.000000E-5	3.870000E-5	1.745000E-5	2.720000E-3	2.000000E-5	0.000000E+0	0.000000E+0	1.964247E-4	2.976042E-9	0.000000E+0	0.000000E+0	1.999959E+1	0.000000E+0	4.000000E+0
24-Apr-25	20:16:48	1.000000E-5	3.661475E+0	-8.000000E-5	3.865000E-5	1.745000E-5	2.720000E-3	2.000000E-5	0.000000E+0	0.000000E+0	1.964247E-4	2.976042E-9	0.000000E+0	0.000000E+0	1.999959E+1	0.000000E+0	4.000000E+0
24-Apr-25	20:16:48	1.000000E-5	3.651300E+0	-8.000000E-5	3.860000E-5	1.735000E-5	2.720000E-3	2.000000E-5	0.000000E+0	0.000000E+0	1.964247E-4	2.976042E-9	0.000000E+0	0.000000E+0	1.999959E+1	0.000000E+0	4.000000E+0
24-Apr-25	20:16:49	1.000000E-5	3.643220E+0	-8.000000E-5	3.870000E-5	1.735000E-5	2.720000E-3	2.000000E-5	0.000000E+0	0.000000E+0	1.964247E-4	2.976042E-9	0.000000E+0	0.000000E+0	1.999959E+1	0.000000E+0	4.000000E+0
24-Apr-25	20:16:49	1.000000E-5	3.634205E+0	-8.000000E-5	3.870000E-5	1.745000E-5	2.720000E-3	2.000000E-5	0.000000E+0	0.000000E+0	1.964247E-4	2.976042E-9	0.000000E+0	0.000000E+0	1.999959E+1	0.000000E+0	4.000000E+0
24-Apr-25	20:16:50	1.000000E-5	3.625215E+0	-8.000000E-5	3.860000E-5	1.745000E-5	2.720000E-3	2.000000E-5	0.000000E+0	0.000000E+0	1.964247E-4	2.976042E-9	0.000000E+0	0.000000E+0	1.999959E+1	0.000000E+0	4.000000E+0
24-Apr-25	20:16:50	1.000000E-5	3.615325E+0	-8.000000E-5	3.855000E-5	1.740000E-5	2.720000E-3	2.000000E-5	0.000000E+0	0.000000E+0	1.964247E-4	2.976042E-9	0.000000E+0	0.000000E+0	1.999959E+1	0.000000E+0	4.000000E+0
24-Apr-25	20:16:51	1.000000E-5	3.606345E+0	-8.000000E-5	3.855000E-5	1.740000E-5	2.720000E-3	2.000000E-5	0.000000E+0	0.000000E+0	1.964247E-4	2.976042E-9	0.000000E+0	0.000000E+0	1.999959E+1	0.000000E+0	4.000000E+0
24-Apr-25	20:16:52	1.000000E-5	3.596445E+0	-8.000000E-5	3.860000E-5	1.735000E-5	2.720000E-3	2.000000E-5	0.000000E+0	0.000000E+0	1.964247E-4	2.976042E-9	0.000000E+0	0.000000E+0	1.999959E+1	0.000000E+0	4.000000E+0
24-Apr-25	20:16:52	1.000000E-5	3.586385E+0	-8.000000E-5	3.860000E-5	1.740000E-5	2.720000E-3	2.000000E-5	0.000000E+0	0.000000E+0	1.964247E-4	2.976042E-9	0.000000E+0	0.000000E+0	1.999959E+1	0.000000E+0	4.000000E+0
24-Apr-25	20:16:53	1.000000E-5	3.577405E+0	-8.000000E-5	3.860000E-5	1.745000E-5	2.720000E-3	2.000000E-5	0.000000E+0	0.000000E+0	1.964247E-4	2.976042E-9	0.000000E+0	0.000000E+0	1.999959E+1	0.000000E+0	4.000000E+0
24-Apr-25	20:16:53	1.000000E-5	3.568290E+0	-8.000000E-5	3.855000E-5	1.745000E-5	2.720000E-3	2.000000E-5	0.000000E+0	0.000000E+0	1.964247E-4	2.976042E-9	0.000000E+0	0.000000E+0	1.999959E+1	0.000000E+0	4.000000E+0
24-Apr-25	20:16:54	1.000000E-5	3.559315E+0	-8.000000E-5	3.860000E-5	1.745000E-5	2.720000E-3	2.000000E-5	0.000000E+0	0.000000E+0	1.964247E-4	2.976042E-9	0.000000E+0	0.000000E+0	1.999959E+1	0.000000E+0	4.000000E+0
24-Apr-25	20:16:54	1.000000E-5	3.550465E+0	-8.000000E-5	3.855000E-5	1.735000E-5	2.720000E-3	2.000000E-5	0.000000E+0	0.000000E+0	1.964247E-4	2.976042E-9	0.000000E+0	0.000000E+0	1.999959E+1	0.000000E+0	4.000000E+0
24-Apr-25	20:16:55	1.000000E-5	3.541470E+0	-8.000000E-5	3.855000E-5	1.740000E-5	2.720000E-3	2.000000E-5	0.000000E+0	0.000000E+0	1.964247E-4	2.976042E-9	0.000000E+0	0.000000E+0	1.999959E+1	0.000000E+0	4.000000E+0
24-Apr-25	20:16:55	1.000000E-5	3.532325E+0	-8.000000E-5	3.860000E-5	1.740000E-5	2.720000E-3	2.000000E-5	0.000000E+0	0.000000E+0	1.964247E-4	2.976042E-9	0.000000E+0	0.000000E+0	1.999959E+1	0.000000E+0	4.000000E+0
24-Apr-25	20:16:56	1.000000E-5	3.523325E+0	-8.000000E-5	3.855000E-5	1.740000E-5	2.720000E-3	2.000000E-5	0.000000E+0	0.000000E+0	1.964247E-4	2.976042E-9	0.000000E+0	0.000000E+0	1.999959E+1	0.000000E+0	4.000000E+0
24-Apr-25	20:16:56	1.000000E-5	3.514380E+0	-8.000000E-5	3.855000E-5	1.740000E-5	2.720000E-3	2.000000E-5	0.000000E+0	0.000000E+0	1.964247E-4	2.976042E-9	0.000000E+0	0.000000E+0	1.999959E+1	0.000000E+0	4.000000E+0
24-Apr-25	20:16:57	1.000000E-5	3.504480E+0	-8.000000E-5	3.860000E-5	1.745000E-5	2.720000E-3	2.000000E-5	0.000000E+0	0.000000E+0	1.964247E-4	2.976042E-9	0.000000E+0	0.000000E+0	1.999959E+1	0.000000E+0	4.000000E+0
24-Apr-25	20:16:57	1.000000E-5	3.495460E+0	-8.000000E-5	3.855000E-5	1.750000E-5	2.720000E-3	2.000000E-5	0.000000E+0	0.000000E+0	1.964247E-4	2.976042E-9	0.000000E+0	0.000000E+0	1.999959E+1	0.000000E+0	4.000000E+0
24-Apr-25	20:16:58	1.000000E-5	3.482900E+0	-8.000000E-5	3.845000E-5	1.745000E-5	2.720000E-3	2.000000E-5	0.000000E+0	0.000000E+0	1.964247E-4	2.976042E-9	0.000000E+0	0.000000E+0	1.999959E+1	0.000000E+0	4.000000E+0
24-Apr-25	20:16:58	1.000000E-5	3.474795E+0	-8.000000E-5	3.850000E-5	1.740000E-5	2.720000E-3	2.000000E-5	0.000000E+0	0.000000E+0	1.964247E-4	2.976042E-9	0.000000E+0	0.000000E+0	1.999959E+1	0.000000E+0	4.000000E+0
24-Apr-25	20:16:59	1.000000E-5	3.465830E+0	-8.000000E-5	3.855000E-5	1.740000E-5	2.720000E-3	2.000000E-5	0.000000E+0	0.000000E+0	1.964247E-4	2.976042E-9	0.000000E+0	0.000000E+0	1.999959E+1	0.000000E+0	4.000000E+0
24-Apr-25	20:16:59	1.000000E-5	3.455940E+0	-8.000000E-5	3.855000E-5	1.745000E-5	2.720000E-3	2.000000E-5	0.000000E+0	0.000000E+0	1.964247E-4	2.976042E-9	0.000000E+0	0.000000E+0	1.999959E+1	0.000000E+0	4.000000E+0
24-Apr-25	20:17:00	1.000000E-5	3.445720E+0	-8.000000E-5	3.845000E-5	1.745000E-5	2.720000E-3	2.000000E-5	0.000000E+0	0.000000E+0	1.964247E-4	2.976042E-9	0.000000E+0	0.000000E+0	1.999959E+1	0.000000E+0	4.000000E+0
24-Apr-25	20:17:00	1.000000E-5	3.436740E+0	-8.000000E-5	3.850000E-5	1.740000E-5	2.710000E-3	2.000000E-5	0.000000E+0	0.000000E+0	1.964247E-4	2.976042E-9	0.000000E+0	0.000000E+0	1.999959E+1	0.000000E+0	4.000000E+0
24-Apr-25	20:17:01	1.000000E-5	3.428645E+0	-8.000000E-5	3.850000E-5	1.740000E-5	2.710000E-3	2.000000E-5	0.000000E+0	0.000000E+0	1.964247E-4	2.976042E-9	0.000000E+0	0.000000E+0	1.999959E+1	0.000000E+0	4.000000E+0
24-Apr-25	20:17:01	1.000000E-5	3.417875E+0	-8.000000E-5	3.850000E-5	1.750000E-5	2.710000E-3	2.000000E-5	0.000000E+0	0.000000E+0	1.964247E-4	2.976042E-9	0.000000E+0	0.000000E+0	1.999959E+1	0.000000E+0	4.000000E+0
24-Apr-25	20:17:02	1.000000E-5	3.407955E+0	-8.000000E-5	3.845000E-5	1.745000E-5	2.710000E-3	2.000000E-5	0.000000E+0	0.000000E+0	1.964247E-4	2.976042E-9	0.000000E+0	0.000000E+0	1.999959E+1	0.000000E+0	4.000000E+0
24-Apr-25	20:17:02	1.000000E-5	3.398940E+0	-8.000000E-5	3.845000E-5	1.745000E-5	2.720000E-3	2.000000E-5	0.000000E+0	0.000000E+0	1.964247E-4	2.976042E-9	0.000000E+0	0.000000E+0	1.999959E+1	0.000000E+0	4.000000E+0
24-Apr-25	20:17:03	1.000000E-5	3.389970E+0	-8.000000E-5	3.840000E-5	1.745000E-5	2.720000E-3	2.000000E-5	0.000000E+0	0.000000E+0	1.964247E-4	2.976042E-9	0.000000E+0	0.000000E+0	1.999959E+1	0.000000E+0	4.000000E+0
24-Apr-25	20:17:03	1.000000E-5	3.381860E+0	-8.000000E-5	3.845000E-5	1.745000E-5	2.720000E-3	2.000000E-5	0.000000E+0	0.000000E+0	1.964247E-4	2.976042E-9	0.000000E+0	0.000000E+0	1.999959E+1	0.000000E+0	4.000000E+0
24-Apr-25	20:17:04	1.000000E-5	3.372905E+0	-8.000000E-5	3.845000E-5	1.745000E-5	2.720000E-3	2.000000E-5	0.000000E+0	0.000000E+0	1.964247E-4	2.976042E-9	0.000000E+0	0.000000E+0	1.999959E+1	0.000000E+0	4.000000E+0
24-Apr-25	20:17:04	1.000000E-5	3.363915E+0	-8.000000E-5	3.840000E-5	1.750000E-5	2.720000E-3	2.000000E-5	0.000000E+0	0.000000E+0	1.964247E-4	2.976042E-9	0.000000E+0	0.000000E+0	1.999959E+1	0.000000E+0	4.000000E+0
24-Apr-25	20:17:05	1.000000E-5	3.354930E+0	-8.000000E-5	3.840000E-5	1.740000E-5	2.720000E-3	2.000000E-5	0.000000E+0	0.000000E+0	1.964247E-4	2.976042E-9	0.000000E+0	0.000000E+0	1.999959E+1	0.000000E+0	4.000000E+0
24-Apr-25	20:17:05	1.000000E-5	3.345915E+0	-8.000000E-5	3.840000E-5	1.740000E-5	2.710000E-3	2.000000E-5	0.000000E+0	0.000000E+0	1.964247E-4	2.976042E-9	0.000000E+0	0.000000E+0	1.999959E+1	0.000000E+0	4.000000E+0
24-Apr-25	20:17:06	1.000000E-5	3.337840E+0	-8.000000E-5	3.845000E-5	1.740000E-5	2.710000E-3	2.000000E-5	0.000000E+0	0.000000E+0	1.964247E-4	2.976042E-9	0.000000E+0	0.000000E+0	1.999959E+1	0.000000E+0	4.000000E+0
24-Apr-25	20:17:06	1.000000E-5	3.329755E+0	-8.000000E-5	3.845000E-5	1.740000E-5	2.710000E-3	2.000000E-5	0.000000E+0	0.000000E+0	1.964247E-4	2.976042E-9	0.000000E+0	0.000000E+0	1.999959E+1	0.000000E+0	4.000000E+0
24-Apr-25	20:17:07	1.000000E-5	3.318075E+0	-8.000000E-5	3.845000E-5	1.750000E-5	2.720000E-3	2.000000E-5	0.000000E+0	0.000000E+0	1.964247E-4	2.976042E-9	0.000000E+0	0.000000E+0	1.999959E+1	0.000000E+0	4.000000E+0
24-Apr-25	20:17:07	1.000000E-5	3.309965E+0	-8.000000E-5	3.840000E-5	1.745000E-5	2.710000E-3	2.000000E-5	0.000000E+0	0.000000E+0	1.964247E-4	2.976042E-9	0.000000E+0	0.000000E+0	1.999959E+1	0.000000E+0	4.000000E+0
24-Apr-25	20:17:08	1.000000E-5	3.300845E+0	-8.000000E-5	3.840000E-5	1.735000E-5	2.710000E-3	2.000000E-5	0.000000E+0	0.000000E+0	1.964247E-4	2.976042E-9	0.000000E+0	0.000000E+0	1.999959E+1	0.000000E+0	4.000000E+0
24-Apr-25	20:17:08	1.000000E-5	3.291685E+0	-8.000000E-5	3.835000E-5	1.745000E-5	2.720000E-3	2.000000E-5	0.000000E+0	0.000000E+0	1.964247E-4	2.976042E-9	0.000000E+0	0.000000E+0	1.999959E+1	0.000000E+0	4.000000E+0
24-Apr-25	20:17:09	1.000000E-5	3.282710E+0	-8.000000E-5	3.835000E-5	1.745000E-5	2.720000E-3	2.000000E-5	0.000000E+0	0.000000E+0	1.964247E-4	2.976042E-9	0.000000E+0	0.000000E+0	1.999959E+1	0.000000E+0	4.000000E+0
24-Apr-25	20:17:10	1.000000E-5	3.273730E+0	-8.000000E-5	3.835000E-5	1.745000E-5	2.710000E-3	2.000000E-5	0.000000E+0	0.000000E+0	1.964247E-4	2.976042E-9	0.000000E+0	0.000000E+0	1.999959E+1	0.000000E+0	4.000000E+0
24-Apr-25	20:17:10	1.000000E-5	3.260230E+0	-8.000000E-5	3.840000E-5	1.735000E-5	2.710000E-3	2.000000E-5	0.000000E+0	0.000000E+0	1.964247E-4	2.976042E-9	0.000000E+0	0.000000E+0	1.999959E+1	0.000000E+0	4.000000E+0
24-Apr-25	20:17:11	1.000000E-5	3.246440E+0	-8.000000E-5	3.830000E-5	1.745000E-5	2.710000E-3	2.000000E-5	0.000000E+0	0.000000E+0	1.964247E-4	2.976042E-9	0.000000E+0	0.000000E+0	1.999959E+1	0.000000E+0	4.000000E+0
24-Apr-25	20:17:12	1.000000E-5	3.237455E+0	-8.000000E-5	3.830000E-5	1.745000E-5	2.710000E-3	2.000000E-5	0.000000E+0	0.000000E+0	1.964247E-4	2.976042E-9	0.000000E+0	0.000000E+0	1.999959E+1	0.000000E+0	4.000000E+0
24-Apr-25	20:17:12	1.000000E-5	3.224875E+0	-8.000000E-5	3.830000E-5	1.745000E-5	2.710000E-3	2.000000E-5	0.000000E+0	0.000000E+0	1.964247E-4	2.976042E-9	0.000000E+0	0.000000E+0	1.999959E+1	0.000000E+0	4.000000E+0
24-Apr-25	20:17:13	1.000000E-5	3.215855E+0	-8.000000E-5	3.825000E-5	1.745000E-5	2.710000E-3	2.000000E-5	0.000000E+0	0.000000E+0	1.964247E-4	2.976042E-9	0.000000E+0	0.000000E+0	1.999959E+1	0.000000E+0	4.000000E+0
24-Apr-25	20:17:13	1.000000E-5	3.205975E+0	-8.000000E-5	3.830000E-5	1.740000E-5	2.710000E-3	2.000000E-5	0.000000E+0	0.000000E+0	1.964247E-4	2.976042E-9	0.000000E+0	0.000000E+0	1.999959E+1	0.000000E+0	4.000000E+0
24-Apr-25	20:17:14	1.000000E-5	3.196990E+0	-8.000000E-5	3.830000E-5	1.745000E-5	2.710000E-3	2.000000E-5	0.000000E+0	0.000000E+0	1.964247E-4	2.976042E-9	0.000000E+0	0.000000E+0	1.999959E+1	0.000000E+0	4.000000E+0
24-Apr-25	20:17:14	1.000000E-5	3.187115E+0	-8.000000E-5	3.825000E-5	1.745000E-5	2.710000E-3	2.000000E-5	0.000000E+0	0.000000E+0	1.964247E-4	2.976042E-9	0.000000E+0	0.000000E+0	1.999959E+1	0.000000E+0	4.000000E+0
24-Apr-25	20:17:15	1.000000E-5	3.177855E+0	-8.000000E-5	3.830000E-5	1.740000E-5	2.710000E-3	2.000000E-5	0.000000E+0	0.000000E+0	1.964247E-4	2.976042E-9	0.000000E+0	0.000000E+0	1.999959E+1	0.000000E+0	4.000000E+0
24-Apr-25	20:17:15	1.000000E-5	3.169135E+0	-8.000000E-5	3.825000E-5	1.740000E-5	2.710000E-3	2.000000E-5	0.000000E+0	0.000000E+0	1.964247E-4	2.976042E-9	0.000000E+0	0.000000E+0	1.999959E+1	0.000000E+0	4.000000E+0
24-Apr-25	20:17:16	1.000000E-5	3.159995E+0	-8.000000E-5	3.825000E-5	1.740000E-5	2.710000E-3	2.000000E-5	0.000000E+0	0.000000E+0	1.964247E-4	2.976042E-9	0.000000E+0	0.000000E+0	1.999959E+1	0.000000E+0	4.000000E+0
24-Apr-25	20:17:16	1.000000E-5	3.148155E+0	-8.000000E-5	3.830000E-5	1.750000E-5	2.710000E-3	2.000000E-5	0.000000E+0	0.000000E+0	1.964247E-4	2.976042E-9	0.000000E+0	0.000000E+0	1.999959E+1	0.000000E+0	4.000000E+0
24-Apr-25	20:17:17	1.000000E-5	3.139175E+0	-8.000000E-5	3.825000E-5	1.745000E-5	2.710000E-3	2.000000E-5	0.000000E+0	0.000000E+0	1.964247E-4	2.976042E-9	0.000000E+0	0.000000E+0	1.999959E+1	0.000000E+0	4.000000E+0
24-Apr-25	20:17:17	1.000000E-5	3.130195E+0	-8.000000E-5	3.825000E-5	1.750000E-5	2.710000E-3	2.000000E-5	0.000000E+0	0.000000E+0	1.964247E-4	2.976042E-9	0.000000E+0	0.000000E+0	1.999959E+1	0.000000E+0	4.000000E+0
24-Apr-25	20:17:18	1.000000E-5	3.121170E+0	-8.000000E-5	3.820000E-5	1.750000E-5	2.720000E-3	2.000000E-5	0.000000E+0	0.000000E+0	1.964247E-4	2.976042E-9	0.000000E+0	0.000000E+0	1.999959E+1	0.000000E+0	4.000000E+0
24-Apr-25	20:17:18	1.000000E-5	3.112185E+0	-8.000000E-5	3.820000E-5	1.745000E-5	2.710000E-3	2.000000E-5	0.000000E+0	0.000000E+0	1.964247E-4	2.976042E-9	0.000000E+0	0.000000E+0	1.999959E+1	0.000000E+0	4.000000E+0
24-Apr-25	20:17:19	1.000000E-5	3.103195E+0	-8.000000E-5	3.815000E-5	1.740000E-5	2.710000E-3	2.000000E-5	0.000000E+0	0.000000E+0	1.964247E-4	2.976042E-9	0.000000E+0	0.000000E+0	1.999959E+1	0.000000E+0	4.000000E+0
24-Apr-25	20:17:19	1.000000E-5	3.095115E+0	-8.000000E-5	3.815000E-5	1.745000E-5	2.710000E-3	2.000000E-5	0.000000E+0	0.000000E+0	1.964247E-4	2.976042E-9	0.000000E+0	0.000000E+0	1.999959E+1	0.000000E+0	4.000000E+0
24-Apr-25	20:17:20	1.000000E-5	3.086140E+0	-8.000000E-5	3.815000E-5	1.745000E-5	2.710000E-3	2.000000E-5	0.000000E+0	0.000000E+0	1.964247E-4	2.976042E-9	0.000000E+0	0.000000E+0	1.999959E+1	0.000000E+0	4.000000E+0
24-Apr-25	20:17:20	1.000000E-5	3.078035E+0	-8.000000E-5	3.810000E-5	1.745000E-5	2.710000E-3	2.000000E-5	0.000000E+0	0.000000E+0	1.964247E-4	2.976042E-9	0.000000E+0	0.000000E+0	1.999959E+1	0.000000E+0	4.000000E+0
24-Apr-25	20:17:21	1.000000E-5	3.069035E+0	-8.000000E-5	3.810000E-5	1.745000E-5	2.710000E-3	2.000000E-5	0.000000E+0	0.000000E+0	1.964247E-4	2.976042E-9	0.000000E+0	0.000000E+0	1.999959E+1	0.000000E+0	4.000000E+0
24-Apr-25	20:17:21	1.000000E-5	3.060055E+0	-8.000000E-5	3.815000E-5	1.745000E-5	2.710000E-3	2.000000E-5	0.000000E+0	0.000000E+0	1.964247E-4	2.976042E-9	0.000000E+0	0.000000E+0	1.999959E+1	0.000000E+0	4.000000E+0
24-Apr-25	20:17:22	1.000000E-5	3.051060E+0	-8.000000E-5	3.815000E-5	1.745000E-5	2.710000E-3	2.000000E-5	0.000000E+0	0.000000E+0	1.964247E-4	2.976042E-9	0.000000E+0	0.000000E+0	1.999959E+1	0.000000E+0	4.000000E+0
24-Apr-25	20:17:22	1.000000E-5	3.042065E+0	-8.000000E-5	3.815000E-5	1.750000E-5	2.710000E-3	2.000000E-5	0.000000E+0	0.000000E+0	1.964247E-4	2.976042E-9	0.000000E+0	0.000000E+0	1.999959E+1	0.000000E+0	4.000000E+0
24-Apr-25	20:17:23	1.000000E-5	3.033075E+0	-8.000000E-5	3.815000E-5	1.750000E-5	2.710000E-3	2.000000E-5	0.000000E+0	0.000000E+0	1.964247E-4	2.976042E-9	0.000000E+0	0.000000E+0	1.999959E+1	0.000000E+0	4.000000E+0
24-Apr-25	20:17:23	1.000000E-5	3.023180E+0	-8.000000E-5	3.810000E-5	1.750000E-5	2.710000E-3	2.000000E-5	0.000000E+0	0.000000E+0	1.964247E-4	2.976042E-9	0.000000E+0	0.000000E+0	1.999959E+1	0.000000E+0	4.000000E+0
24-Apr-25	20:17:24	1.000000E-5	3.014230E+0	-8.000000E-5	3.800000E-5	1.755000E-5	2.710000E-3	2.000000E-5	0.000000E+0	0.000000E+0	1.964247E-4	2.976042E-9	0.000000E+0	0.000000E+0	1.999959E+1	0.000000E+0	4.000000E+0
24-Apr-25	20:17:24	1.000000E-5	3.005260E+0	-8.000000E-5	3.805000E-5	1.745000E-5	2.710000E-3	2.000000E-5	0.000000E+0	0.000000E+0	1.964247E-4	2.976042E-9	0.000000E+0	0.000000E+0	1.999959E+1	0.000000E+0	4.000000E+0
24-Apr-25	20:17:25	1.000000E-5	2.994185E+0	-8.000000E-5	3.810000E-5	1.745000E-5	2.710000E-3	2.000000E-5	0.000000E+0	0.000000E+0	1.964247E-4	2.976042E-9	0.000000E+0	0.000000E+0	1.999959E+1	0.000000E+0	4.000000E+0
24-Apr-25	20:17:25	1.000000E-5	2.985185E+0	-8.000000E-5	3.810000E-5	1.750000E-5	2.710000E-3	2.000000E-5	0.000000E+0	0.000000E+0	1.964247E-4	2.976042E-9	0.000000E+0	0.000000E+0	1.999959E+1	0.000000E+0	4.000000E+0
24-Apr-25	20:17:26	1.000000E-5	2.977095E+0	-8.000000E-5	3.810000E-5	1.750000E-5	2.710000E-3	2.000000E-5	0.000000E+0	0.000000E+0	1.964247E-4	2.976042E-9	0.000000E+0	0.000000E+0	1.999959E+1	0.000000E+0	4.000000E+0
24-Apr-25	20:17:26	1.000000E-5	2.968105E+0	-8.000000E-5	3.805000E-5	1.745000E-5	2.710000E-3	2.000000E-5	0.000000E+0	0.000000E+0	1.964247E-4	2.976042E-9	0.000000E+0	0.000000E+0	1.999959E+1	0.000000E+0	4.000000E+0
24-Apr-25	20:17:27	1.000000E-5	2.959105E+0	-8.000000E-5	3.810000E-5	1.740000E-5	2.710000E-3	2.000000E-5	0.000000E+0	0.000000E+0	1.964247E-4	2.976042E-9	0.000000E+0	0.000000E+0	1.999959E+1	0.000000E+0	4.000000E+0
24-Apr-25	20:17:27	1.000000E-5	2.950125E+0	-8.000000E-5	3.805000E-5	1.745000E-5	2.710000E-3	2.000000E-5	0.000000E+0	0.000000E+0	1.964247E-4	2.976042E-9	0.000000E+0	0.000000E+0	1.999959E+1	0.000000E+0	4.000000E+0
24-Apr-25	20:17:28	1.000000E-5	2.942060E+0	-8.000000E-5	3.800000E-5	1.745000E-5	2.710000E-3	2.000000E-5	0.000000E+0	0.000000E+0	1.964247E-4	2.976042E-9	0.000000E+0	0.000000E+0	1.999959E+1	0.000000E+0	4.000000E+0
24-Apr-25	20:17:28	1.000000E-5	2.933045E+0	-8.000000E-5	3.800000E-5	1.745000E-5	2.710000E-3	2.000000E-5	0.000000E+0	0.000000E+0	1.964247E-4	2.976042E-9	0.000000E+0	0.000000E+0	1.999959E+1	0.000000E+0	4.000000E+0
24-Apr-25	20:17:29	1.000000E-5	2.922245E+0	-8.000000E-5	3.800000E-5	1.745000E-5	2.710000E-3	2.000000E-5	0.000000E+0	0.000000E+0	1.964247E-4	2.976042E-9	0.000000E+0	0.000000E+0	1.999959E+1	0.000000E+0	4.000000E+0
24-Apr-25	20:17:30	1.000000E-5	2.912365E+0	-8.000000E-5	3.800000E-5	1.740000E-5	2.710000E-3	2.000000E-5	0.000000E+0	0.000000E+0	1.964247E-4	2.976042E-9	0.000000E+0	0.000000E+0	1.999959E+1	0.000000E+0	4.000000E+0
24-Apr-25	20:17:30	1.000000E-5	2.904290E+0	-8.000000E-5	3.800000E-5	1.750000E-5	2.710000E-3	2.000000E-5	0.000000E+0	0.000000E+0	1.964247E-4	2.976042E-9	0.000000E+0	0.000000E+0	1.999959E+1	0.000000E+0	4.000000E+0
24-Apr-25	20:17:31	1.000000E-5	2.894410E+0	-8.000000E-5	3.795000E-5	1.755000E-5	2.710000E-3	2.000000E-5	0.000000E+0	0.000000E+0	1.964247E-4	2.976042E-9	0.000000E+0	0.000000E+0	1.999959E+1	0.000000E+0	4.000000E+0
24-Apr-25	20:17:31	1.000000E-5	2.885410E+0	-8.000000E-5	3.790000E-5	1.750000E-5	2.710000E-3	2.000000E-5	0.000000E+0	0.000000E+0	1.964247E-4	2.976042E-9	0.000000E+0	0.000000E+0	1.999959E+1	0.000000E+0	4.000000E+0
24-Apr-25	20:17:32	1.000000E-5	2.876260E+0	-8.000000E-5	3.790000E-5	1.750000E-5	2.710000E-3	2.000000E-5	0.000000E+0	0.000000E+0	1.964247E-4	2.976042E-9	0.000000E+0	0.000000E+0	1.999959E+1	0.000000E+0	4.000000E+0
24-Apr-25	20:17:32	1.000000E-5	2.867120E+0	-8.000000E-5	3.790000E-5	1.750000E-5	2.710000E-3	2.000000E-5	0.000000E+0	0.000000E+0	1.964247E-4	2.976042E-9	0.000000E+0	0.000000E+0	1.999959E+1	0.000000E+0	4.000000E+0
24-Apr-25	20:17:33	1.000000E-5	2.858300E+0	-8.000000E-5	3.795000E-5	1.750000E-5	2.710000E-3	2.000000E-5	0.000000E+0	0.000000E+0	1.964247E-4	2.976042E-9	0.000000E+0	0.000000E+0	1.999959E+1	0.000000E+0	4.000000E+0
24-Apr-25	20:17:33	1.000000E-5	2.849450E+0	-8.000000E-5	3.795000E-5	1.750000E-5	2.710000E-3	2.000000E-5	0.000000E+0	0.000000E+0	1.964247E-4	2.976042E-9	0.000000E+0	0.000000E+0	1.999959E+1	0.000000E+0	4.000000E+0
24-Apr-25	20:17:34	1.000000E-5	2.840305E+0	-8.000000E-5	3.785000E-5	1.745000E-5	2.710000E-3	2.000000E-5	0.000000E+0	0.000000E+0	1.964247E-4	2.976042E-9	0.000000E+0	0.000000E+0	1.999959E+1	0.000000E+0	4.000000E+0
24-Apr-25	20:17:34	1.000000E-5	2.830255E+0	-8.000000E-5	3.785000E-5	1.745000E-5	2.710000E-3	2.000000E-5	0.000000E+0	0.000000E+0	1.964247E-4	2.976042E-9	0.000000E+0	0.000000E+0	1.999959E+1	0.000000E+0	4.000000E+0
24-Apr-25	20:17:35	1.000000E-5	2.821575E+0	-8.000000E-5	3.785000E-5	1.750000E-5	2.710000E-3	2.000000E-5	0.000000E+0	0.000000E+0	1.964247E-4	2.976042E-9	0.000000E+0	0.000000E+0	1.999959E+1	0.000000E+0	4.000000E+0
24-Apr-25	20:17:35	1.000000E-5	2.812590E+0	-8.000000E-5	3.790000E-5	1.750000E-5	2.710000E-3	2.000000E-5	0.000000E+0	0.000000E+0	1.964247E-4	2.976042E-9	0.000000E+0	0.000000E+0	1.999959E+1	0.000000E+0	4.000000E+0
24-Apr-25	20:17:36	1.000000E-5	2.803620E+0	-8.000000E-5	3.785000E-5	1.745000E-5	2.710000E-3	2.000000E-5	0.000000E+0	0.000000E+0	1.964247E-4	2.976042E-9	0.000000E+0	0.000000E+0	1.999959E+1	0.000000E+0	4.000000E+0
24-Apr-25	20:17:36	1.000000E-5	2.793570E+0	-8.000000E-5	3.785000E-5	1.745000E-5	2.710000E-3	2.000000E-5	0.000000E+0	0.000000E+0	1.964247E-4	2.976042E-9	0.000000E+0	0.000000E+0	1.999959E+1	0.000000E+0	4.000000E+0
24-Apr-25	20:17:37	1.000000E-5	2.784720E+0	-8.000000E-5	3.785000E-5	1.755000E-5	2.710000E-3	2.000000E-5	0.000000E+0	0.000000E+0	1.964247E-4	2.976042E-9	0.000000E+0	0.000000E+0	1.999959E+1	0.000000E+0	4.000000E+0
24-Apr-25	20:17:37	1.000000E-5	2.775740E+0	-8.000000E-5	3.785000E-5	1.750000E-5	2.710000E-3	2.000000E-5	0.000000E+0	0.000000E+0	1.964247E-4	2.976042E-9	0.000000E+0	0.000000E+0	1.999959E+1	0.000000E+0	4.000000E+0
24-Apr-25	20:17:38	1.000000E-5	2.765560E+0	-8.000000E-5	3.780000E-5	1.750000E-5	2.710000E-3	2.000000E-5	0.000000E+0	0.000000E+0	1.964247E-4	2.976042E-9	0.000000E+0	0.000000E+0	1.999959E+1	0.000000E+0	4.000000E+0
24-Apr-25	20:17:38	1.000000E-5	2.756580E+0	-8.000000E-5	3.780000E-5	1.755000E-5	2.710000E-3	2.000000E-5	0.000000E+0	0.000000E+0	1.964247E-4	2.976042E-9	0.000000E+0	0.000000E+0	1.999959E+1	0.000000E+0	4.000000E+0
24-Apr-25	20:17:39	1.000000E-5	2.747580E+0	-8.000000E-5	3.775000E-5	1.750000E-5	2.710000E-3	2.000000E-5	0.000000E+0	0.000000E+0	1.964247E-4	2.976042E-9	0.000000E+0	0.000000E+0	1.999959E+1	0.000000E+0	4.000000E+0
24-Apr-25	20:17:39	1.000000E-5	2.738580E+0	-8.000000E-5	3.775000E-5	1.750000E-5	2.710000E-3	2.000000E-5	0.000000E+0	0.000000E+0	1.964247E-4	2.976042E-9	0.000000E+0	0.000000E+0	1.999959E+1	0.000000E+0	4.000000E+0
24-Apr-25	20:17:40	1.000000E-5	2.727795E+0	-8.000000E-5	3.770000E-5	1.750000E-5	2.710000E-3	2.000000E-5	0.000000E+0	0.000000E+0	1.964247E-4	2.976042E-9	0.000000E+0	0.000000E+0	1.999959E+1	0.000000E+0	4.000000E+0
24-Apr-25	20:17:40	1.000000E-5	2.718495E+0	-8.000000E-5	3.775000E-5	1.750000E-5	2.710000E-3	2.000000E-5	0.000000E+0	0.000000E+0	1.964247E-4	2.976042E-9	0.000000E+0	0.000000E+0	1.999959E+1	0.000000E+0	4.000000E+0
24-Apr-25	20:17:41	1.000000E-5	2.709535E+0	-8.000000E-5	3.780000E-5	1.745000E-5	2.710000E-3	2.000000E-5	0.000000E+0	0.000000E+0	1.964247E-4	2.976042E-9	0.000000E+0	0.000000E+0	1.999959E+1	0.000000E+0	4.000000E+0
24-Apr-25	20:17:41	1.000000E-5	2.700845E+0	-8.000000E-5	3.770000E-5	1.750000E-5	2.710000E-3	2.000000E-5	0.000000E+0	0.000000E+0	1.964247E-4	2.976042E-9	0.000000E+0	0.000000E+0	1.999959E+1	0.000000E+0	4.000000E+0
24-Apr-25	20:17:42	1.000000E-5	2.691835E+0	-8.000000E-5	3.770000E-5	1.755000E-5	2.710000E-3	2.000000E-5	0.000000E+0	0.000000E+0	1.964247E-4	2.976042E-9	0.000000E+0	0.000000E+0	1.999959E+1	0.000000E+0	4.000000E+0
24-Apr-25	20:17:42	1.000000E-5	2.682550E+0	-8.000000E-5	3.765000E-5	1.755000E-5	2.710000E-3	2.000000E-5	0.000000E+0	0.000000E+0	1.964247E-4	2.976042E-9	0.000000E+0	0.000000E+0	1.999959E+1	0.000000E+0	4.000000E+0
24-Apr-25	20:17:43	1.000000E-5	2.673555E+0	-8.000000E-5	3.770000E-5	1.755000E-5	2.710000E-3	2.000000E-5	0.000000E+0	0.000000E+0	1.964247E-4	2.976042E-9	0.000000E+0	0.000000E+0	1.999959E+1	0.000000E+0	4.000000E+0
24-Apr-25	20:17:43	1.000000E-5	2.663670E+0	-8.000000E-5	3.770000E-5	1.750000E-5	2.710000E-3	2.000000E-5	0.000000E+0	0.000000E+0	1.964247E-4	2.976042E-9	0.000000E+0	0.000000E+0	1.999959E+1	0.000000E+0	4.000000E+0
24-Apr-25	20:17:44	1.000000E-5	2.654655E+0	-8.000000E-5	3.765000E-5	1.750000E-5	2.710000E-3	2.000000E-5	0.000000E+0	0.000000E+0	1.964247E-4	2.976042E-9	0.000000E+0	0.000000E+0	1.999959E+1	0.000000E+0	4.000000E+0
24-Apr-25	20:17:44	1.000000E-5	2.645660E+0	-8.000000E-5	3.765000E-5	1.750000E-5	2.710000E-3	2.000000E-5	0.000000E+0	0.000000E+0	1.964247E-4	2.976042E-9	0.000000E+0	0.000000E+0	1.999959E+1	0.000000E+0	4.000000E+0
24-Apr-25	20:17:45	1.000000E-5	2.636660E+0	-8.000000E-5	3.765000E-5	1.750000E-5	2.710000E-3	2.000000E-5	0.000000E+0	0.000000E+0	1.964247E-4	2.976042E-9	0.000000E+0	0.000000E+0	1.999959E+1	0.000000E+0	4.000000E+0
24-Apr-25	20:17:45	1.000000E-5	2.627685E+0	-8.000000E-5	3.760000E-5	1.750000E-5	2.710000E-3	2.000000E-5	0.000000E+0	0.000000E+0	1.964247E-4	2.976042E-9	0.000000E+0	0.000000E+0	1.999959E+1	0.000000E+0	4.000000E+0
24-Apr-25	20:17:46	1.000000E-5	2.618710E+0	-8.000000E-5	3.760000E-5	1.750000E-5	2.710000E-3	2.000000E-5	0.000000E+0	0.000000E+0	1.964247E-4	2.976042E-9	0.000000E+0	0.000000E+0	1.999959E+1	0.000000E+0	4.000000E+0
24-Apr-25	20:17:46	1.000000E-5	2.609730E+0	-8.000000E-5	3.760000E-5	1.750000E-5	2.710000E-3	2.000000E-5	0.000000E+0	0.000000E+0	1.964247E-4	2.976042E-9	0.000000E+0	0.000000E+0	1.999959E+1	0.000000E+0	4.000000E+0
24-Apr-25	20:17:47	1.000000E-5	2.600715E+0	-8.000000E-5	3.760000E-5	1.750000E-5	2.710000E-3	2.000000E-5	0.000000E+0	0.000000E+0	1.964247E-4	2.976042E-9	0.000000E+0	0.000000E+0	1.999959E+1	0.000000E+0	4.000000E+0
24-Apr-25	20:17:48	1.000000E-5	2.590845E+0	-8.000000E-5	3.755000E-5	1.755000E-5	2.710000E-3	2.000000E-5	0.000000E+0	0.000000E+0	1.964247E-4	2.976042E-9	0.000000E+0	0.000000E+0	1.999959E+1	0.000000E+0	4.000000E+0
24-Apr-25	20:17:48	1.000000E-5	2.581850E+0	-8.000000E-5	3.755000E-5	1.755000E-5	2.710000E-3	2.000000E-5	0.000000E+0	0.000000E+0	1.964247E-4	2.976042E-9	0.000000E+0	0.000000E+0	1.999959E+1	0.000000E+0	4.000000E+0
24-Apr-25	20:17:48	1.000000E-5	2.573775E+0	-8.000000E-5	3.755000E-5	1.750000E-5	2.710000E-3	2.000000E-5	0.000000E+0	0.000000E+0	1.964247E-4	2.976042E-9	0.000000E+0	0.000000E+0	1.999959E+1	0.000000E+0	4.000000E+0
24-Apr-25	20:17:49	1.000000E-5	2.564790E+0	-8.000000E-5	3.755000E-5	1.750000E-5	2.710000E-3	2.000000E-5	0.000000E+0	0.000000E+0	1.964247E-4	2.976042E-9	0.000000E+0	0.000000E+0	1.999959E+1	0.000000E+0	4.000000E+0
24-Apr-25	20:17:49	1.000000E-5	2.555780E+0	-8.000000E-5	3.755000E-5	1.755000E-5	2.710000E-3	2.000000E-5	0.000000E+0	0.000000E+0	1.964247E-4	2.976042E-9	0.000000E+0	0.000000E+0	1.999959E+1	0.000000E+0	4.000000E+0
24-Apr-25	20:17:50	1.000000E-5	2.547665E+0	-8.000000E-5	3.750000E-5	1.755000E-5	2.710000E-3	2.000000E-5	0.000000E+0	0.000000E+0	1.964247E-4	2.976042E-9	0.000000E+0	0.000000E+0	1.999959E+1	0.000000E+0	4.000000E+0
24-Apr-25	20:17:51	1.000000E-5	2.538705E+0	-8.000000E-5	3.745000E-5	1.755000E-5	2.710000E-3	2.000000E-5	0.000000E+0	0.000000E+0	1.964247E-4	2.976042E-9	0.000000E+0	0.000000E+0	1.999959E+1	0.000000E+0	4.000000E+0
24-Apr-25	20:17:51	1.000000E-5	2.525825E+0	-8.000000E-5	3.755000E-5	1.750000E-5	2.710000E-3	2.000000E-5	0.000000E+0	0.000000E+0	1.964247E-4	2.976042E-9	0.000000E+0	0.000000E+0	1.999959E+1	0.000000E+0	4.000000E+0
24-Apr-25	20:17:52	1.000000E-5	2.516845E+0	-8.000000E-5	3.750000E-5	1.750000E-5	2.710000E-3	2.000000E-5	0.000000E+0	0.000000E+0	1.964247E-4	2.976042E-9	0.000000E+0	0.000000E+0	1.999959E+1	0.000000E+0	4.000000E+0
24-Apr-25	20:17:52	1.000000E-5	2.507835E+0	-8.000000E-5	3.745000E-5	1.755000E-5	2.710000E-3	2.000000E-5	0.000000E+0	0.000000E+0	1.964247E-4	2.976042E-9	0.000000E+0	0.000000E+0	1.999959E+1	0.000000E+0	4.000000E+0
24-Apr-25	20:17:53	1.000000E-5	2.497945E+0	-8.000000E-5	3.740000E-5	1.755000E-5	2.710000E-3	2.000000E-5	0.000000E+0	0.000000E+0	1.964247E-4	2.976042E-9	0.000000E+0	0.000000E+0	1.999959E+1	0.000000E+0	4.000000E+0
24-Apr-25	20:17:53	1.000000E-5	2.488950E+0	-8.000000E-5	3.740000E-5	1.755000E-5	2.710000E-3	2.000000E-5	0.000000E+0	0.000000E+0	1.964247E-4	2.976042E-9	0.000000E+0	0.000000E+0	1.999959E+1	0.000000E+0	4.000000E+0
24-Apr-25	20:17:54	1.000000E-5	2.479975E+0	-8.000000E-5	3.740000E-5	1.750000E-5	2.710000E-3	2.000000E-5	0.000000E+0	0.000000E+0	1.964247E-4	2.976042E-9	0.000000E+0	0.000000E+0	1.999959E+1	0.000000E+0	4.000000E+0
24-Apr-25	20:17:54	1.000000E-5	2.470985E+0	-8.000000E-5	3.735000E-5	1.755000E-5	2.710000E-3	2.000000E-5	0.000000E+0	0.000000E+0	1.964247E-4	2.976042E-9	0.000000E+0	0.000000E+0	1.999959E+1	0.000000E+0	4.000000E+0
24-Apr-25	20:17:55	1.000000E-5	2.462870E+0	-8.000000E-5	3.735000E-5	1.760000E-5	2.710000E-3	2.000000E-5	0.000000E+0	0.000000E+0	1.964247E-4	2.976042E-9	0.000000E+0	0.000000E+0	1.999959E+1	0.000000E+0	4.000000E+0
24-Apr-25	20:17:55	1.000000E-5	2.453720E+0	-8.000000E-5	3.735000E-5	1.755000E-5	2.710000E-3	2.000000E-5	0.000000E+0	0.000000E+0	1.964247E-4	2.976042E-9	0.000000E+0	0.000000E+0	1.999959E+1	0.000000E+0	4.000000E+0
24-Apr-25	20:17:56	1.000000E-5	2.444595E+0	-8.000000E-5	3.745000E-5	1.750000E-5	2.710000E-3	2.000000E-5	0.000000E+0	0.000000E+0	1.964247E-4	2.976042E-9	0.000000E+0	0.000000E+0	1.999959E+1	0.000000E+0	4.000000E+0
24-Apr-25	20:17:56	1.000000E-5	2.436515E+0	-8.000000E-5	3.740000E-5	1.750000E-5	2.710000E-3	2.000000E-5	0.000000E+0	0.000000E+0	1.964247E-4	2.976042E-9	0.000000E+0	0.000000E+0	1.999959E+1	0.000000E+0	4.000000E+0
24-Apr-25	20:17:57	1.000000E-5	2.428440E+0	-8.000000E-5	3.740000E-5	1.760000E-5	2.710000E-3	2.000000E-5	0.000000E+0	0.000000E+0	1.964247E-4	2.976042E-9	0.000000E+0	0.000000E+0	1.999959E+1	0.000000E+0	4.000000E+0
24-Apr-25	20:17:57	1.000000E-5	2.419460E+0	-8.000000E-5	3.735000E-5	1.755000E-5	2.710000E-3	2.000000E-5	0.000000E+0	0.000000E+0	1.964247E-4	2.976042E-9	0.000000E+0	0.000000E+0	1.999959E+1	0.000000E+0	4.000000E+0
24-Apr-25	20:17:57	1.000000E-5	2.411350E+0	-8.000000E-5	3.725000E-5	1.750000E-5	2.710000E-3	2.000000E-5	0.000000E+0	0.000000E+0	1.964247E-4	2.976042E-9	0.000000E+0	0.000000E+0	1.999959E+1	0.000000E+0	4.000000E+0
24-Apr-25	20:17:58	1.000000E-5	2.403255E+0	-8.000000E-5	3.730000E-5	1.750000E-5	2.710000E-3	2.000000E-5	0.000000E+0	0.000000E+0	1.964247E-4	2.976042E-9	0.000000E+0	0.000000E+0	1.999959E+1	0.000000E+0	4.000000E+0
24-Apr-25	20:17:58	1.000000E-5	2.394270E+0	-8.000000E-5	3.725000E-5	1.750000E-5	2.710000E-3	2.000000E-5	0.000000E+0	0.000000E+0	1.964247E-4	2.976042E-9	0.000000E+0	0.000000E+0	1.999959E+1	0.000000E+0	4.000000E+0
24-Apr-25	20:17:59	1.000000E-5	2.385290E+0	-8.000000E-5	3.730000E-5	1.755000E-5	2.710000E-3	2.000000E-5	0.000000E+0	0.000000E+0	1.964247E-4	2.976042E-9	0.000000E+0	0.000000E+0	1.999959E+1	0.000000E+0	4.000000E+0
24-Apr-25	20:17:59	1.000000E-5	2.377200E+0	-8.000000E-5	3.730000E-5	1.755000E-5	2.710000E-3	2.000000E-5	0.000000E+0	0.000000E+0	1.964247E-4	2.976042E-9	0.000000E+0	0.000000E+0	1.999959E+1	0.000000E+0	4.000000E+0
24-Apr-25	20:18:00	1.000000E-5	2.368195E+0	-8.000000E-5	3.730000E-5	1.755000E-5	2.710000E-3	2.000000E-5	0.000000E+0	0.000000E+0	1.964247E-4	2.976042E-9	0.000000E+0	0.000000E+0	1.999959E+1	0.000000E+0	4.000000E+0
24-Apr-25	20:18:00	1.000000E-5	2.360080E+0	-8.000000E-5	3.725000E-5	1.755000E-5	2.710000E-3	2.000000E-5	0.000000E+0	0.000000E+0	1.964247E-4	2.976042E-9	0.000000E+0	0.000000E+0	1.999959E+1	0.000000E+0	4.000000E+0
24-Apr-25	20:18:01	1.000000E-5	2.351115E+0	-8.000000E-5	3.720000E-5	1.755000E-5	2.710000E-3	2.000000E-5	0.000000E+0	0.000000E+0	1.964247E-4	2.976042E-9	0.000000E+0	0.000000E+0	1.999959E+1	0.000000E+0	4.000000E+0
24-Apr-25	20:18:02	1.000000E-5	2.338375E+0	-8.000000E-5	3.725000E-5	1.750000E-5	2.710000E-3	2.000000E-5	0.000000E+0	0.000000E+0	1.964247E-4	2.976042E-9	0.000000E+0	0.000000E+0	1.999959E+1	0.000000E+0	4.000000E+0
24-Apr-25	20:18:02	1.000000E-5	2.325665E+0	-8.000000E-5	3.720000E-5	1.755000E-5	2.710000E-3	2.000000E-5	0.000000E+0	0.000000E+0	1.964247E-4	2.976042E-9	0.000000E+0	0.000000E+0	1.999959E+1	0.000000E+0	4.000000E+0
24-Apr-25	20:18:03	1.000000E-5	2.316635E+0	-8.000000E-5	3.715000E-5	1.760000E-5	2.710000E-3	2.000000E-5	0.000000E+0	0.000000E+0	1.964247E-4	2.976042E-9	0.000000E+0	0.000000E+0	1.999959E+1	0.000000E+0	4.000000E+0
24-Apr-25	20:18:03	1.000000E-5	2.307660E+0	-8.000000E-5	3.715000E-5	1.755000E-5	2.710000E-3	2.000000E-5	0.000000E+0	0.000000E+0	1.964247E-4	2.976042E-9	0.000000E+0	0.000000E+0	1.999959E+1	0.000000E+0	4.000000E+0
24-Apr-25	20:18:04	1.000000E-5	2.299545E+0	-8.000000E-5	3.715000E-5	1.755000E-5	2.710000E-3	2.000000E-5	0.000000E+0	0.000000E+0	1.964247E-4	2.976042E-9	0.000000E+0	0.000000E+0	1.999959E+1	0.000000E+0	4.000000E+0
24-Apr-25	20:18:04	1.000000E-5	2.290580E+0	-8.000000E-5	3.715000E-5	1.755000E-5	2.710000E-3	2.000000E-5	0.000000E+0	0.000000E+0	1.964247E-4	2.976042E-9	0.000000E+0	0.000000E+0	1.999959E+1	0.000000E+0	4.000000E+0
24-Apr-25	20:18:05	1.000000E-5	2.277990E+0	-8.000000E-5	3.710000E-5	1.755000E-5	2.710000E-3	2.000000E-5	0.000000E+0	0.000000E+0	1.964247E-4	2.976042E-9	0.000000E+0	0.000000E+0	1.999959E+1	0.000000E+0	4.000000E+0
24-Apr-25	20:18:05	1.000000E-5	2.268955E+0	-8.000000E-5	3.710000E-5	1.755000E-5	2.710000E-3	2.000000E-5	0.000000E+0	0.000000E+0	1.964247E-4	2.976042E-9	0.000000E+0	0.000000E+0	1.999959E+1	0.000000E+0	4.000000E+0
24-Apr-25	20:18:06	1.000000E-5	2.259085E+0	-8.000000E-5	3.705000E-5	1.755000E-5	2.710000E-3	2.000000E-5	0.000000E+0	0.000000E+0	1.964247E-4	2.976042E-9	0.000000E+0	0.000000E+0	1.999959E+1	0.000000E+0	4.000000E+0
24-Apr-25	20:18:06	1.000000E-5	2.250120E+0	-8.000000E-5	3.700000E-5	1.755000E-5	2.710000E-3	2.000000E-5	0.000000E+0	0.000000E+0	1.964247E-4	2.976042E-9	0.000000E+0	0.000000E+0	1.999959E+1	0.000000E+0	4.000000E+0
24-Apr-25	20:18:07	1.000000E-5	2.242015E+0	-8.000000E-5	3.700000E-5	1.755000E-5	2.710000E-3	2.000000E-5	0.000000E+0	0.000000E+0	1.964247E-4	2.976042E-9	0.000000E+0	0.000000E+0	1.999959E+1	0.000000E+0	4.000000E+0
24-Apr-25	20:18:07	1.000000E-5	2.233060E+0	-8.000000E-5	3.700000E-5	1.760000E-5	2.710000E-3	2.000000E-5	0.000000E+0	0.000000E+0	1.964247E-4	2.976042E-9	0.000000E+0	0.000000E+0	1.999959E+1	0.000000E+0	4.000000E+0
24-Apr-25	20:18:08	1.000000E-5	2.224045E+0	-8.000000E-5	3.705000E-5	1.755000E-5	2.710000E-3	2.000000E-5	0.000000E+0	0.000000E+0	1.964247E-4	2.976042E-9	0.000000E+0	0.000000E+0	1.999959E+1	0.000000E+0	4.000000E+0
24-Apr-25	20:18:08	1.000000E-5	2.215055E+0	-8.000000E-5	3.705000E-5	1.750000E-5	2.710000E-3	2.000000E-5	0.000000E+0	0.000000E+0	1.964247E-4	2.976042E-9	0.000000E+0	0.000000E+0	1.999959E+1	0.000000E+0	4.000000E+0
24-Apr-25	20:18:09	1.000000E-5	2.205775E+0	-8.000000E-5	3.700000E-5	1.755000E-5	2.710000E-3	2.000000E-5	0.000000E+0	0.000000E+0	1.964247E-4	2.976042E-9	0.000000E+0	0.000000E+0	1.999959E+1	0.000000E+0	4.000000E+0
24-Apr-25	20:18:09	1.000000E-5	2.197835E+0	-8.000000E-5	3.695000E-5	1.760000E-5	2.710000E-3	2.000000E-5	0.000000E+0	0.000000E+0	1.964247E-4	2.976042E-9	0.000000E+0	0.000000E+0	1.999959E+1	0.000000E+0	4.000000E+0
24-Apr-25	20:18:10	1.000000E-5	2.189010E+0	-8.000000E-5	3.690000E-5	1.760000E-5	2.710000E-3	2.000000E-5	0.000000E+0	0.000000E+0	1.964247E-4	2.976042E-9	0.000000E+0	0.000000E+0	1.999959E+1	0.000000E+0	4.000000E+0
24-Apr-25	20:18:10	1.000000E-5	2.180755E+0	-8.000000E-5	3.690000E-5	1.760000E-5	2.710000E-3	2.000000E-5	0.000000E+0	0.000000E+0	1.964247E-4	2.976042E-9	0.000000E+0	0.000000E+0	1.999959E+1	0.000000E+0	4.000000E+0
24-Apr-25	20:18:11	1.000000E-5	2.170700E+0	-8.000000E-5	3.690000E-5	1.760000E-5	2.710000E-3	2.000000E-5	0.000000E+0	0.000000E+0	1.964247E-4	2.976042E-9	0.000000E+0	0.000000E+0	1.999959E+1	0.000000E+0	4.000000E+0
24-Apr-25	20:18:12	1.000000E-5	2.159030E+0	-8.000000E-5	3.690000E-5	1.760000E-5	2.710000E-3	2.000000E-5	0.000000E+0	0.000000E+0	1.964247E-4	2.976042E-9	0.000000E+0	0.000000E+0	1.999959E+1	0.000000E+0	4.000000E+0
24-Apr-25	20:18:12	1.000000E-5	2.149155E+0	-8.000000E-5	3.685000E-5	1.755000E-5	2.710000E-3	2.000000E-5	0.000000E+0	0.000000E+0	1.964247E-4	2.976042E-9	0.000000E+0	0.000000E+0	1.999959E+1	0.000000E+0	4.000000E+0
24-Apr-25	20:18:13	1.000000E-5	2.140170E+0	-8.000000E-5	3.685000E-5	1.755000E-5	2.710000E-3	2.000000E-5	0.000000E+0	0.000000E+0	1.964247E-4	2.976042E-9	0.000000E+0	0.000000E+0	1.999959E+1	0.000000E+0	4.000000E+0
24-Apr-25	20:18:13	1.000000E-5	2.131190E+0	-8.000000E-5	3.685000E-5	1.755000E-5	2.710000E-3	2.000000E-5	0.000000E+0	0.000000E+0	1.964247E-4	2.976042E-9	0.000000E+0	0.000000E+0	1.999959E+1	0.000000E+0	4.000000E+0
24-Apr-25	20:18:14	1.000000E-5	2.123065E+0	-8.000000E-5	3.685000E-5	1.760000E-5	2.710000E-3	2.000000E-5	0.000000E+0	0.000000E+0	1.964247E-4	2.976042E-9	0.000000E+0	0.000000E+0	1.999959E+1	0.000000E+0	4.000000E+0
24-Apr-25	20:18:14	1.000000E-5	2.114095E+0	-8.000000E-5	3.685000E-5	1.755000E-5	2.710000E-3	2.000000E-5	0.000000E+0	0.000000E+0	1.964247E-4	2.976042E-9	0.000000E+0	0.000000E+0	1.999959E+1	0.000000E+0	4.000000E+0
24-Apr-25	20:18:15	1.000000E-5	2.105095E+0	-8.000000E-5	3.680000E-5	1.755000E-5	2.710000E-3	2.000000E-5	0.000000E+0	0.000000E+0	1.964247E-4	2.976042E-9	0.000000E+0	0.000000E+0	1.999959E+1	0.000000E+0	4.000000E+0
24-Apr-25	20:18:15	1.000000E-5	2.096130E+0	-8.000000E-5	3.680000E-5	1.760000E-5	2.710000E-3	2.000000E-5	0.000000E+0	0.000000E+0	1.964247E-4	2.976042E-9	0.000000E+0	0.000000E+0	1.999959E+1	0.000000E+0	4.000000E+0
24-Apr-25	20:18:16	1.000000E-5	2.086955E+0	-8.000000E-5	3.675000E-5	1.755000E-5	2.710000E-3	2.000000E-5	0.000000E+0	0.000000E+0	1.964247E-4	2.976042E-9	0.000000E+0	0.000000E+0	1.999959E+1	0.000000E+0	4.000000E+0
24-Apr-25	20:18:16	1.000000E-5	2.076910E+0	-8.000000E-5	3.675000E-5	1.755000E-5	2.710000E-3	2.000000E-5	0.000000E+0	0.000000E+0	1.964247E-4	2.976042E-9	0.000000E+0	0.000000E+0	1.999959E+1	0.000000E+0	4.000000E+0
24-Apr-25	20:18:17	1.000000E-5	2.063435E+0	-8.000000E-5	3.675000E-5	1.755000E-5	2.710000E-3	2.000000E-5	0.000000E+0	0.000000E+0	1.964247E-4	2.976042E-9	0.000000E+0	0.000000E+0	1.999959E+1	0.000000E+0	4.000000E+0
24-Apr-25	20:18:17	1.000000E-5	2.054470E+0	-8.000000E-5	3.670000E-5	1.755000E-5	2.710000E-3	2.000000E-5	0.000000E+0	0.000000E+0	1.964247E-4	2.976042E-9	0.000000E+0	0.000000E+0	1.999959E+1	0.000000E+0	4.000000E+0
24-Apr-25	20:18:18	1.000000E-5	2.045495E+0	-8.000000E-5	3.670000E-5	1.755000E-5	2.710000E-3	2.000000E-5	0.000000E+0	0.000000E+0	1.964247E-4	2.976042E-9	0.000000E+0	0.000000E+0	1.999959E+1	0.000000E+0	4.000000E+0
24-Apr-25	20:18:18	1.000000E-5	2.036485E+0	-8.000000E-5	3.670000E-5	1.760000E-5	2.710000E-3	2.000000E-5	0.000000E+0	0.000000E+0	1.964247E-4	2.976042E-9	0.000000E+0	0.000000E+0	1.999959E+1	0.000000E+0	4.000000E+0
24-Apr-25	20:18:19	1.000000E-5	2.028380E+0	-8.000000E-5	3.665000E-5	1.760000E-5	2.710000E-3	2.000000E-5	0.000000E+0	0.000000E+0	1.964247E-4	2.976042E-9	0.000000E+0	0.000000E+0	1.999959E+1	0.000000E+0	4.000000E+0
24-Apr-25	20:18:19	1.000000E-5	2.019410E+0	-8.000000E-5	3.665000E-5	1.760000E-5	2.710000E-3	2.000000E-5	0.000000E+0	0.000000E+0	1.964247E-4	2.976042E-9	0.000000E+0	0.000000E+0	1.999959E+1	0.000000E+0	4.000000E+0
24-Apr-25	20:18:20	1.000000E-5	2.006825E+0	-8.000000E-5	3.665000E-5	1.755000E-5	2.710000E-3	2.000000E-5	0.000000E+0	0.000000E+0	1.964247E-4	2.976042E-9	0.000000E+0	0.000000E+0	1.999959E+1	0.000000E+0	4.000000E+0
24-Apr-25	20:18:21	1.000000E-5	1.997845E+0	-8.000000E-5	3.665000E-5	1.760000E-5	2.710000E-3	2.000000E-5	0.000000E+0	0.000000E+0	1.964247E-4	2.976042E-9	0.000000E+0	0.000000E+0	1.999959E+1	0.000000E+0	4.000000E+0
24-Apr-25	20:18:21	1.000000E-5	1.988825E+0	-8.000000E-5	3.665000E-5	1.760000E-5	2.710000E-3	2.000000E-5	0.000000E+0	0.000000E+0	1.964247E-4	2.976042E-9	0.000000E+0	0.000000E+0	1.999959E+1	0.000000E+0	4.000000E+0
24-Apr-25	20:18:22	1.000000E-5	1.979825E+0	-8.000000E-5	3.660000E-5	1.755000E-5	2.710000E-3	2.000000E-5	0.000000E+0	0.000000E+0	1.964247E-4	2.976042E-9	0.000000E+0	0.000000E+0	1.999959E+1	0.000000E+0	4.000000E+0
24-Apr-25	20:18:22	1.000000E-5	1.970855E+0	-8.000000E-5	3.660000E-5	1.760000E-5	2.710000E-3	2.000000E-5	0.000000E+0	0.000000E+0	1.964247E-4	2.976042E-9	0.000000E+0	0.000000E+0	1.999959E+1	0.000000E+0	4.000000E+0
24-Apr-25	20:18:22	1.000000E-5	1.961860E+0	-8.000000E-5	3.655000E-5	1.760000E-5	2.710000E-3	2.000000E-5	0.000000E+0	0.000000E+0	1.964247E-4	2.976042E-9	0.000000E+0	0.000000E+0	1.999959E+1	0.000000E+0	4.000000E+0
24-Apr-25	20:18:23	1.000000E-5	1.952735E+0	-8.000000E-5	3.655000E-5	1.760000E-5	2.710000E-3	2.000000E-5	0.000000E+0	0.000000E+0	1.964247E-4	2.976042E-9	0.000000E+0	0.000000E+0	1.999959E+1	0.000000E+0	4.000000E+0
24-Apr-25	20:18:24	1.000000E-5	1.941785E+0	-8.000000E-5	3.655000E-5	1.755000E-5	2.710000E-3	2.000000E-5	0.000000E+0	0.000000E+0	1.964247E-4	2.976042E-9	0.000000E+0	0.000000E+0	1.999959E+1	0.000000E+0	4.000000E+0
24-Apr-25	20:18:24	1.000000E-5	1.932780E+0	-8.000000E-5	3.650000E-5	1.760000E-5	2.710000E-3	2.000000E-5	0.000000E+0	0.000000E+0	1.964247E-4	2.976042E-9	0.000000E+0	0.000000E+0	1.999959E+1	0.000000E+0	4.000000E+0
24-Apr-25	20:18:25	1.000000E-5	1.923810E+0	-8.000000E-5	3.650000E-5	1.760000E-5	2.710000E-3	2.000000E-5	0.000000E+0	0.000000E+0	1.964247E-4	2.976042E-9	0.000000E+0	0.000000E+0	1.999959E+1	0.000000E+0	4.000000E+0
24-Apr-25	20:18:25	1.000000E-5	1.915690E+0	-8.000000E-5	3.650000E-5	1.755000E-5	2.710000E-3	2.000000E-5	0.000000E+0	0.000000E+0	1.964247E-4	2.976042E-9	0.000000E+0	0.000000E+0	1.999959E+1	0.000000E+0	4.000000E+0
24-Apr-25	20:18:26	1.000000E-5	1.906730E+0	-8.000000E-5	3.645000E-5	1.755000E-5	2.710000E-3	2.000000E-5	0.000000E+0	0.000000E+0	1.964247E-4	2.976042E-9	0.000000E+0	0.000000E+0	1.999959E+1	0.000000E+0	4.000000E+0
24-Apr-25	20:18:26	1.000000E-5	1.897720E+0	-8.000000E-5	3.645000E-5	1.760000E-5	2.710000E-3	2.000000E-5	0.000000E+0	0.000000E+0	1.964247E-4	2.976042E-9	0.000000E+0	0.000000E+0	1.999959E+1	0.000000E+0	4.000000E+0
24-Apr-25	20:18:27	1.000000E-5	1.889585E+0	-8.000000E-5	3.645000E-5	1.760000E-5	2.710000E-3	2.000000E-5	0.000000E+0	0.000000E+0	1.964247E-4	2.976042E-9	0.000000E+0	0.000000E+0	1.999959E+1	0.000000E+0	4.000000E+0
24-Apr-25	20:18:27	1.000000E-5	1.880605E+0	-8.000000E-5	3.645000E-5	1.765000E-5	2.710000E-3	2.000000E-5	0.000000E+0	0.000000E+0	1.964247E-4	2.976042E-9	0.000000E+0	0.000000E+0	1.999959E+1	0.000000E+0	4.000000E+0
24-Apr-25	20:18:27	1.000000E-5	1.872530E+0	-8.000000E-5	3.640000E-5	1.760000E-5	2.710000E-3	2.000000E-5	0.000000E+0	0.000000E+0	1.964247E-4	2.976042E-9	0.000000E+0	0.000000E+0	1.999959E+1	0.000000E+0	4.000000E+0
24-Apr-25	20:18:28	1.000000E-5	1.863545E+0	-8.000000E-5	3.640000E-5	1.755000E-5	2.710000E-3	2.000000E-5	0.000000E+0	0.000000E+0	1.964247E-4	2.976042E-9	0.000000E+0	0.000000E+0	1.999959E+1	0.000000E+0	4.000000E+0
24-Apr-25	20:18:28	1.000000E-5	1.854580E+0	-8.000000E-5	3.640000E-5	1.760000E-5	2.710000E-3	2.000000E-5	0.000000E+0	0.000000E+0	1.964247E-4	2.976042E-9	0.000000E+0	0.000000E+0	1.999959E+1	0.000000E+0	4.000000E+0
24-Apr-25	20:18:29	1.000000E-5	1.845560E+0	-8.000000E-5	3.630000E-5	1.760000E-5	2.710000E-3	2.000000E-5	0.000000E+0	0.000000E+0	1.964247E-4	2.976042E-9	0.000000E+0	0.000000E+0	1.999959E+1	0.000000E+0	4.000000E+0
24-Apr-25	20:18:30	1.000000E-5	1.836585E+0	-8.000000E-5	3.635000E-5	1.765000E-5	2.710000E-3	2.000000E-5	0.000000E+0	0.000000E+0	1.964247E-4	2.976042E-9	0.000000E+0	0.000000E+0	1.999959E+1	0.000000E+0	4.000000E+0
24-Apr-25	20:18:30	1.000000E-5	1.826700E+0	-8.000000E-5	3.635000E-5	1.760000E-5	2.710000E-3	2.000000E-5	0.000000E+0	0.000000E+0	1.964247E-4	2.976042E-9	0.000000E+0	0.000000E+0	1.999959E+1	0.000000E+0	4.000000E+0
24-Apr-25	20:18:31	1.000000E-5	1.817715E+0	-8.000000E-5	3.630000E-5	1.765000E-5	2.710000E-3	2.000000E-5	0.000000E+0	0.000000E+0	1.964247E-4	2.976042E-9	0.000000E+0	0.000000E+0	1.999959E+1	0.000000E+0	4.000000E+0
24-Apr-25	20:18:31	1.000000E-5	1.808730E+0	-8.000000E-5	3.630000E-5	1.765000E-5	2.710000E-3	2.000000E-5	0.000000E+0	0.000000E+0	1.964247E-4	2.976042E-9	0.000000E+0	0.000000E+0	1.999959E+1	0.000000E+0	4.000000E+0
24-Apr-25	20:18:32	1.000000E-5	1.800625E+0	-8.000000E-5	3.625000E-5	1.760000E-5	2.710000E-3	2.000000E-5	0.000000E+0	0.000000E+0	1.964247E-4	2.976042E-9	0.000000E+0	0.000000E+0	1.999959E+1	0.000000E+0	4.000000E+0
24-Apr-25	20:18:32	1.000000E-5	1.792385E+0	-8.000000E-5	3.630000E-5	1.765000E-5	2.710000E-3	2.000000E-5	0.000000E+0	0.000000E+0	1.964247E-4	2.976042E-9	0.000000E+0	0.000000E+0	1.999959E+1	0.000000E+0	4.000000E+0
24-Apr-25	20:18:32	1.000000E-5	1.783550E+0	-8.000000E-5	3.620000E-5	1.765000E-5	2.710000E-3	2.000000E-5	0.000000E+0	0.000000E+0	1.964247E-4	2.976042E-9	0.000000E+0	0.000000E+0	1.999959E+1	0.000000E+0	4.000000E+0
24-Apr-25	20:18:33	1.000000E-5	1.774545E+0	-8.000000E-5	3.620000E-5	1.760000E-5	2.710000E-3	2.000000E-5	0.000000E+0	0.000000E+0	1.964247E-4	2.976042E-9	0.000000E+0	0.000000E+0	1.999959E+1	0.000000E+0	4.000000E+0
24-Apr-25	20:18:34	1.000000E-5	1.765590E+0	-8.000000E-5	3.615000E-5	1.765000E-5	2.710000E-3	2.000000E-5	0.000000E+0	0.000000E+0	1.964247E-4	2.976042E-9	0.000000E+0	0.000000E+0	1.999959E+1	0.000000E+0	4.000000E+0
24-Apr-25	20:18:34	1.000000E-5	1.755530E+0	-8.000000E-5	3.615000E-5	1.765000E-5	2.710000E-3	2.000000E-5	0.000000E+0	0.000000E+0	1.964247E-4	2.976042E-9	0.000000E+0	0.000000E+0	1.999959E+1	0.000000E+0	4.000000E+0
24-Apr-25	20:18:35	1.000000E-5	1.746540E+0	-8.000000E-5	3.610000E-5	1.760000E-5	2.710000E-3	2.000000E-5	0.000000E+0	0.000000E+0	1.964247E-4	2.976042E-9	0.000000E+0	0.000000E+0	1.999959E+1	0.000000E+0	4.000000E+0
24-Apr-25	20:18:35	1.000000E-5	1.738300E+0	-8.000000E-5	3.615000E-5	1.760000E-5	2.710000E-3	2.000000E-5	0.000000E+0	0.000000E+0	1.964247E-4	2.976042E-9	0.000000E+0	0.000000E+0	1.999959E+1	0.000000E+0	4.000000E+0
24-Apr-25	20:18:36	1.000000E-5	1.729310E+0	-8.000000E-5	3.610000E-5	1.760000E-5	2.710000E-3	2.000000E-5	0.000000E+0	0.000000E+0	1.964247E-4	2.976042E-9	0.000000E+0	0.000000E+0	1.999959E+1	0.000000E+0	4.000000E+0
24-Apr-25	20:18:36	1.000000E-5	1.716725E+0	-8.000000E-5	3.615000E-5	1.760000E-5	2.710000E-3	2.000000E-5	0.000000E+0	0.000000E+0	1.964247E-4	2.976042E-9	0.000000E+0	0.000000E+0	1.999959E+1	0.000000E+0	4.000000E+0
24-Apr-25	20:18:37	1.000000E-5	1.706815E+0	-8.000000E-5	3.610000E-5	1.765000E-5	2.710000E-3	2.000000E-5	0.000000E+0	0.000000E+0	1.964247E-4	2.976042E-9	0.000000E+0	0.000000E+0	1.999959E+1	0.000000E+0	4.000000E+0
24-Apr-25	20:18:37	1.000000E-5	1.697800E+0	-8.000000E-5	3.610000E-5	1.765000E-5	2.710000E-3	2.000000E-5	0.000000E+0	0.000000E+0	1.964247E-4	2.976042E-9	0.000000E+0	0.000000E+0	1.999959E+1	0.000000E+0	4.000000E+0
24-Apr-25	20:18:38	1.000000E-5	1.687945E+0	-8.000000E-5	3.605000E-5	1.760000E-5	2.710000E-3	2.000000E-5	0.000000E+0	0.000000E+0	1.964247E-4	2.976042E-9	0.000000E+0	0.000000E+0	1.999959E+1	0.000000E+0	4.000000E+0
24-Apr-25	20:18:38	1.000000E-5	1.679860E+0	-8.000000E-5	3.605000E-5	1.765000E-5	2.710000E-3	2.000000E-5	0.000000E+0	0.000000E+0	1.964247E-4	2.976042E-9	0.000000E+0	0.000000E+0	1.999959E+1	0.000000E+0	4.000000E+0
24-Apr-25	20:18:39	1.000000E-5	1.670885E+0	-8.000000E-5	3.605000E-5	1.760000E-5	2.710000E-3	2.000000E-5	0.000000E+0	0.000000E+0	1.964247E-4	2.976042E-9	0.000000E+0	0.000000E+0	1.999959E+1	0.000000E+0	4.000000E+0
24-Apr-25	20:18:39	1.000000E-5	1.661880E+0	-8.000000E-5	3.605000E-5	1.760000E-5	2.710000E-3	2.000000E-5	0.000000E+0	0.000000E+0	1.964247E-4	2.976042E-9	0.000000E+0	0.000000E+0	1.999959E+1	0.000000E+0	4.000000E+0
24-Apr-25	20:18:40	1.000000E-5	1.653790E+0	-8.000000E-5	3.600000E-5	1.765000E-5	2.710000E-3	2.000000E-5	0.000000E+0	0.000000E+0	1.964247E-4	2.976042E-9	0.000000E+0	0.000000E+0	1.999959E+1	0.000000E+0	4.000000E+0
24-Apr-25	20:18:40	1.000000E-5	1.644785E+0	-8.000000E-5	3.600000E-5	1.765000E-5	2.710000E-3	2.000000E-5	0.000000E+0	0.000000E+0	1.964247E-4	2.976042E-9	0.000000E+0	0.000000E+0	1.999959E+1	0.000000E+0	4.000000E+0
24-Apr-25	20:18:41	1.000000E-5	1.635820E+0	-8.000000E-5	3.595000E-5	1.765000E-5	2.710000E-3	2.000000E-5	0.000000E+0	0.000000E+0	1.964247E-4	2.976042E-9	0.000000E+0	0.000000E+0	1.999959E+1	0.000000E+0	4.000000E+0
24-Apr-25	20:18:41	1.000000E-5	1.627715E+0	-8.000000E-5	3.595000E-5	1.760000E-5	2.710000E-3	2.000000E-5	0.000000E+0	0.000000E+0	1.964247E-4	2.976042E-9	0.000000E+0	0.000000E+0	1.999959E+1	0.000000E+0	4.000000E+0
24-Apr-25	20:18:42	1.000000E-5	1.618745E+0	-8.000000E-5	3.595000E-5	1.765000E-5	2.710000E-3	2.000000E-5	0.000000E+0	0.000000E+0	1.964247E-4	2.976042E-9	0.000000E+0	0.000000E+0	1.999959E+1	0.000000E+0	4.000000E+0
24-Apr-25	20:18:42	1.000000E-5	1.609725E+0	-8.000000E-5	3.595000E-5	1.765000E-5	2.710000E-3	2.000000E-5	0.000000E+0	0.000000E+0	1.964247E-4	2.976042E-9	0.000000E+0	0.000000E+0	1.999959E+1	0.000000E+0	4.000000E+0
24-Apr-25	20:18:43	1.000000E-5	1.600730E+0	-8.000000E-5	3.595000E-5	1.755000E-5	2.710000E-3	2.000000E-5	0.000000E+0	0.000000E+0	1.964247E-4	2.976042E-9	0.000000E+0	0.000000E+0	1.999959E+1	0.000000E+0	4.000000E+0
24-Apr-25	20:18:43	1.000000E-5	1.591590E+0	-8.000000E-5	3.585000E-5	1.765000E-5	2.710000E-3	2.000000E-5	0.000000E+0	0.000000E+0	1.964247E-4	2.976042E-9	0.000000E+0	0.000000E+0	1.999959E+1	0.000000E+0	4.000000E+0
24-Apr-25	20:18:44	1.000000E-5	1.583665E+0	-8.000000E-5	3.580000E-5	1.770000E-5	2.710000E-3	2.000000E-5	0.000000E+0	0.000000E+0	1.964247E-4	2.976042E-9	0.000000E+0	0.000000E+0	1.999959E+1	0.000000E+0	4.000000E+0
24-Apr-25	20:18:44	1.000000E-5	1.572575E+0	-8.000000E-5	3.580000E-5	1.770000E-5	2.710000E-3	2.000000E-5	0.000000E+0	0.000000E+0	1.964247E-4	2.976042E-9	0.000000E+0	0.000000E+0	1.999959E+1	0.000000E+0	4.000000E+0
24-Apr-25	20:18:45	1.000000E-5	1.559075E+0	-8.000000E-5	3.580000E-5	1.770000E-5	2.710000E-3	2.000000E-5	0.000000E+0	0.000000E+0	1.964247E-4	2.976042E-9	0.000000E+0	0.000000E+0	1.999959E+1	0.000000E+0	4.000000E+0
24-Apr-25	20:18:45	1.000000E-5	1.550080E+0	-8.000000E-5	3.580000E-5	1.770000E-5	2.710000E-3	2.000000E-5	0.000000E+0	0.000000E+0	1.964247E-4	2.976042E-9	0.000000E+0	0.000000E+0	1.999959E+1	0.000000E+0	4.000000E+0
24-Apr-25	20:18:46	1.000000E-5	1.541100E+0	-8.000000E-5	3.580000E-5	1.765000E-5	2.710000E-3	2.000000E-5	0.000000E+0	0.000000E+0	1.964247E-4	2.976042E-9	0.000000E+0	0.000000E+0	1.999959E+1	0.000000E+0	4.000000E+0
24-Apr-25	20:18:46	1.000000E-5	1.532095E+0	-8.000000E-5	3.575000E-5	1.765000E-5	2.710000E-3	2.000000E-5	0.000000E+0	0.000000E+0	1.964247E-4	2.976042E-9	0.000000E+0	0.000000E+0	1.999959E+1	0.000000E+0	4.000000E+0
24-Apr-25	20:18:47	1.000000E-5	1.524015E+0	-8.000000E-5	3.570000E-5	1.765000E-5	2.710000E-3	2.000000E-5	0.000000E+0	0.000000E+0	1.964247E-4	2.976042E-9	0.000000E+0	0.000000E+0	1.999959E+1	0.000000E+0	4.000000E+0
24-Apr-25	20:18:47	1.000000E-5	1.514990E+0	-8.000000E-5	3.570000E-5	1.765000E-5	2.710000E-3	2.000000E-5	0.000000E+0	0.000000E+0	1.964247E-4	2.976042E-9	0.000000E+0	0.000000E+0	1.999959E+1	0.000000E+0	4.000000E+0
24-Apr-25	20:18:48	1.000000E-5	1.506840E+0	-8.000000E-5	3.570000E-5	1.770000E-5	2.710000E-3	2.000000E-5	0.000000E+0	0.000000E+0	1.964247E-4	2.976042E-9	0.000000E+0	0.000000E+0	1.999959E+1	0.000000E+0	4.000000E+0
24-Apr-25	20:18:48	1.000000E-5	1.498030E+0	-8.000000E-5	3.565000E-5	1.765000E-5	2.710000E-3	2.000000E-5	0.000000E+0	0.000000E+0	1.964247E-4	2.976042E-9	0.000000E+0	0.000000E+0	1.999959E+1	0.000000E+0	4.000000E+0
24-Apr-25	20:18:49	1.000000E-5	1.489045E+0	-8.000000E-5	3.565000E-5	1.765000E-5	2.710000E-3	2.000000E-5	0.000000E+0	0.000000E+0	1.964247E-4	2.976042E-9	0.000000E+0	0.000000E+0	1.999959E+1	0.000000E+0	4.000000E+0
24-Apr-25	20:18:49	1.000000E-5	1.480060E+0	-8.000000E-5	3.570000E-5	1.770000E-5	2.710000E-3	2.000000E-5	0.000000E+0	0.000000E+0	1.964247E-4	2.976042E-9	0.000000E+0	0.000000E+0	1.999959E+1	0.000000E+0	4.000000E+0
24-Apr-25	20:18:50	1.000000E-5	1.471080E+0	-8.000000E-5	3.560000E-5	1.770000E-5	2.710000E-3	2.000000E-5	0.000000E+0	0.000000E+0	1.964247E-4	2.976042E-9	0.000000E+0	0.000000E+0	1.999959E+1	0.000000E+0	4.000000E+0
24-Apr-25	20:18:50	1.000000E-5	1.462080E+0	-8.000000E-5	3.565000E-5	1.770000E-5	2.710000E-3	2.000000E-5	0.000000E+0	0.000000E+0	1.964247E-4	2.976042E-9	0.000000E+0	0.000000E+0	1.999959E+1	0.000000E+0	4.000000E+0
24-Apr-25	20:18:51	1.000000E-5	1.453990E+0	-8.000000E-5	3.555000E-5	1.770000E-5	2.710000E-3	2.000000E-5	0.000000E+0	0.000000E+0	1.964247E-4	2.976042E-9	0.000000E+0	0.000000E+0	1.999959E+1	0.000000E+0	4.000000E+0
24-Apr-25	20:18:51	1.000000E-5	1.445005E+0	-8.000000E-5	3.555000E-5	1.760000E-5	2.710000E-3	2.000000E-5	0.000000E+0	0.000000E+0	1.964247E-4	2.976042E-9	0.000000E+0	0.000000E+0	1.999959E+1	0.000000E+0	4.000000E+0
24-Apr-25	20:18:52	1.000000E-5	1.432130E+0	-8.000000E-5	3.550000E-5	1.770000E-5	2.710000E-3	2.000000E-5	0.000000E+0	0.000000E+0	1.964247E-4	2.976042E-9	0.000000E+0	0.000000E+0	1.999959E+1	0.000000E+0	4.000000E+0
24-Apr-25	20:18:53	1.000000E-5	1.423135E+0	-8.000000E-5	3.550000E-5	1.765000E-5	2.710000E-3	2.000000E-5	0.000000E+0	0.000000E+0	1.964247E-4	2.976042E-9	0.000000E+0	0.000000E+0	1.999959E+1	0.000000E+0	4.000000E+0
24-Apr-25	20:18:53	1.000000E-5	1.414115E+0	-8.000000E-5	3.550000E-5	1.765000E-5	2.710000E-3	2.000000E-5	0.000000E+0	0.000000E+0	1.964247E-4	2.976042E-9	0.000000E+0	0.000000E+0	1.999959E+1	0.000000E+0	4.000000E+0
24-Apr-25	20:18:54	1.000000E-5	1.405160E+0	-8.000000E-5	3.550000E-5	1.765000E-5	2.710000E-3	2.000000E-5	0.000000E+0	0.000000E+0	1.964247E-4	2.976042E-9	0.000000E+0	0.000000E+0	1.999959E+1	0.000000E+0	4.000000E+0
24-Apr-25	20:18:54	1.000000E-5	1.393495E+0	-8.000000E-5	3.545000E-5	1.770000E-5	2.710000E-3	2.000000E-5	0.000000E+0	0.000000E+0	1.964247E-4	2.976042E-9	0.000000E+0	0.000000E+0	1.999959E+1	0.000000E+0	4.000000E+0
24-Apr-25	20:18:55	1.000000E-5	1.384495E+0	-8.000000E-5	3.545000E-5	1.770000E-5	2.710000E-3	2.000000E-5	0.000000E+0	0.000000E+0	1.964247E-4	2.976042E-9	0.000000E+0	0.000000E+0	1.999959E+1	0.000000E+0	4.000000E+0
24-Apr-25	20:18:55	1.000000E-5	1.375510E+0	-8.000000E-5	3.540000E-5	1.765000E-5	2.710000E-3	2.000000E-5	0.000000E+0	0.000000E+0	1.964247E-4	2.976042E-9	0.000000E+0	0.000000E+0	1.999959E+1	0.000000E+0	4.000000E+0
24-Apr-25	20:18:56	1.000000E-5	1.365600E+0	-8.000000E-5	3.535000E-5	1.765000E-5	2.710000E-3	2.000000E-5	0.000000E+0	0.000000E+0	1.964247E-4	2.976042E-9	0.000000E+0	0.000000E+0	1.999959E+1	0.000000E+0	4.000000E+0
24-Apr-25	20:18:56	1.000000E-5	1.356625E+0	-8.000000E-5	3.535000E-5	1.770000E-5	2.710000E-3	2.000000E-5	0.000000E+0	0.000000E+0	1.964247E-4	2.976042E-9	0.000000E+0	0.000000E+0	1.999959E+1	0.000000E+0	4.000000E+0
24-Apr-25	20:18:57	1.000000E-5	1.346445E+0	-8.000000E-5	3.535000E-5	1.765000E-5	2.710000E-3	2.000000E-5	0.000000E+0	0.000000E+0	1.964247E-4	2.976042E-9	0.000000E+0	0.000000E+0	1.999959E+1	0.000000E+0	4.000000E+0
24-Apr-25	20:18:57	1.000000E-5	1.337450E+0	-8.000000E-5	3.535000E-5	1.770000E-5	2.710000E-3	2.000000E-5	0.000000E+0	0.000000E+0	1.964247E-4	2.976042E-9	0.000000E+0	0.000000E+0	1.999959E+1	0.000000E+0	4.000000E+0
24-Apr-25	20:18:58	1.000000E-5	1.327540E+0	-8.000000E-5	3.530000E-5	1.770000E-5	2.710000E-3	2.000000E-5	0.000000E+0	0.000000E+0	1.964247E-4	2.976042E-9	0.000000E+0	0.000000E+0	1.999959E+1	0.000000E+0	4.000000E+0
24-Apr-25	20:18:58	1.000000E-5	1.318530E+0	-8.000000E-5	3.530000E-5	1.775000E-5	2.710000E-3	2.000000E-5	0.000000E+0	0.000000E+0	1.964247E-4	2.976042E-9	0.000000E+0	0.000000E+0	1.999959E+1	0.000000E+0	4.000000E+0
24-Apr-25	20:18:59	1.000000E-5	1.310465E+0	-8.000000E-5	3.530000E-5	1.770000E-5	2.710000E-3	2.000000E-5	0.000000E+0	0.000000E+0	1.964247E-4	2.976042E-9	0.000000E+0	0.000000E+0	1.999959E+1	0.000000E+0	4.000000E+0
24-Apr-25	20:18:59	1.000000E-5	1.301480E+0	-8.000000E-5	3.520000E-5	1.770000E-5	2.710000E-3	2.000000E-5	0.000000E+0	0.000000E+0	1.964247E-4	2.976042E-9	0.000000E+0	0.000000E+0	1.999959E+1	0.000000E+0	4.000000E+0
24-Apr-25	20:19:00	1.000000E-5	1.293420E+0	-8.000000E-5	3.520000E-5	1.770000E-5	2.710000E-3	2.000000E-5	0.000000E+0	0.000000E+0	1.964247E-4	2.976042E-9	0.000000E+0	0.000000E+0	1.999959E+1	0.000000E+0	4.000000E+0
24-Apr-25	20:19:00	1.000000E-5	1.284415E+0	-8.000000E-5	3.520000E-5	1.770000E-5	2.710000E-3	2.000000E-5	0.000000E+0	0.000000E+0	1.964247E-4	2.976042E-9	0.000000E+0	0.000000E+0	1.999959E+1	0.000000E+0	4.000000E+0
24-Apr-25	20:19:01	1.000000E-5	1.276320E+0	-8.000000E-5	3.520000E-5	1.775000E-5	2.710000E-3	2.000000E-5	0.000000E+0	0.000000E+0	1.964247E-4	2.976042E-9	0.000000E+0	0.000000E+0	1.999959E+1	0.000000E+0	4.000000E+0
24-Apr-25	20:19:01	1.000000E-5	1.267330E+0	-8.000000E-5	3.515000E-5	1.780000E-5	2.710000E-3	2.000000E-5	0.000000E+0	0.000000E+0	1.964247E-4	2.976042E-9	0.000000E+0	0.000000E+0	1.999959E+1	0.000000E+0	4.000000E+0
24-Apr-25	20:19:02	1.000000E-5	1.255645E+0	-8.000000E-5	3.515000E-5	1.770000E-5	2.710000E-3	2.000000E-5	0.000000E+0	0.000000E+0	1.964247E-4	2.976042E-9	0.000000E+0	0.000000E+0	1.999959E+1	0.000000E+0	4.000000E+0
24-Apr-25	20:19:02	1.000000E-5	1.247275E+0	-8.000000E-5	3.515000E-5	1.770000E-5	2.710000E-3	2.000000E-5	0.000000E+0	0.000000E+0	1.964247E-4	2.976042E-9	0.000000E+0	0.000000E+0	1.999959E+1	0.000000E+0	4.000000E+0
24-Apr-25	20:19:03	1.000000E-5	1.238435E+0	-8.000000E-5	3.510000E-5	1.775000E-5	2.710000E-3	2.000000E-5	0.000000E+0	0.000000E+0	1.964247E-4	2.976042E-9	0.000000E+0	0.000000E+0	1.999959E+1	0.000000E+0	4.000000E+0
24-Apr-25	20:19:03	1.000000E-5	1.229550E+0	-8.000000E-5	3.505000E-5	1.770000E-5	2.710000E-3	2.000000E-5	0.000000E+0	0.000000E+0	1.964247E-4	2.976042E-9	0.000000E+0	0.000000E+0	1.999959E+1	0.000000E+0	4.000000E+0
24-Apr-25	20:19:04	1.000000E-5	1.221475E+0	-8.000000E-5	3.510000E-5	1.775000E-5	2.710000E-3	2.000000E-5	0.000000E+0	0.000000E+0	1.964247E-4	2.976042E-9	0.000000E+0	0.000000E+0	1.999959E+1	0.000000E+0	4.000000E+0
24-Apr-25	20:19:04	1.000000E-5	1.212180E+0	-8.000000E-5	3.500000E-5	1.770000E-5	2.710000E-3	2.000000E-5	0.000000E+0	0.000000E+0	1.964247E-4	2.976042E-9	0.000000E+0	0.000000E+0	1.999959E+1	0.000000E+0	4.000000E+0
24-Apr-25	20:19:05	1.000000E-5	1.203210E+0	-8.000000E-5	3.500000E-5	1.770000E-5	2.710000E-3	2.000000E-5	0.000000E+0	0.000000E+0	1.964247E-4	2.976042E-9	0.000000E+0	0.000000E+0	1.999959E+1	0.000000E+0	4.000000E+0
24-Apr-25	20:19:05	1.000000E-5	1.194240E+0	-8.000000E-5	3.495000E-5	1.775000E-5	2.710000E-3	2.000000E-5	0.000000E+0	0.000000E+0	1.964247E-4	2.976042E-9	0.000000E+0	0.000000E+0	1.999959E+1	0.000000E+0	4.000000E+0
24-Apr-25	20:19:06	1.000000E-5	1.184325E+0	-8.000000E-5	3.495000E-5	1.775000E-5	2.710000E-3	2.000000E-5	0.000000E+0	0.000000E+0	1.964247E-4	2.976042E-9	0.000000E+0	0.000000E+0	1.999959E+1	0.000000E+0	4.000000E+0
24-Apr-25	20:19:06	1.000000E-5	1.176220E+0	-8.000000E-5	3.490000E-5	1.775000E-5	2.710000E-3	2.000000E-5	0.000000E+0	0.000000E+0	1.964247E-4	2.976042E-9	0.000000E+0	0.000000E+0	1.999959E+1	0.000000E+0	4.000000E+0
24-Apr-25	20:19:07	1.000000E-5	1.167240E+0	-8.000000E-5	3.485000E-5	1.775000E-5	2.710000E-3	2.000000E-5	0.000000E+0	0.000000E+0	1.964247E-4	2.976042E-9	0.000000E+0	0.000000E+0	1.999959E+1	0.000000E+0	4.000000E+0
24-Apr-25	20:19:07	1.000000E-5	1.158250E+0	-8.000000E-5	3.490000E-5	1.770000E-5	2.710000E-3	2.000000E-5	0.000000E+0	0.000000E+0	1.964247E-4	2.976042E-9	0.000000E+0	0.000000E+0	1.999959E+1	0.000000E+0	4.000000E+0
24-Apr-25	20:19:08	1.000000E-5	1.149270E+0	-8.000000E-5	3.480000E-5	1.775000E-5	2.710000E-3	2.000000E-5	0.000000E+0	0.000000E+0	1.964247E-4	2.976042E-9	0.000000E+0	0.000000E+0	1.999959E+1	0.000000E+0	4.000000E+0
24-Apr-25	20:19:08	1.000000E-5	1.140260E+0	-8.000000E-5	3.480000E-5	1.775000E-5	2.710000E-3	2.000000E-5	0.000000E+0	0.000000E+0	1.964247E-4	2.976042E-9	0.000000E+0	0.000000E+0	1.999959E+1	0.000000E+0	4.000000E+0
24-Apr-25	20:19:09	1.000000E-5	1.132145E+0	-8.000000E-5	3.485000E-5	1.775000E-5	2.710000E-3	2.000000E-5	0.000000E+0	0.000000E+0	1.964247E-4	2.976042E-9	0.000000E+0	0.000000E+0	1.999959E+1	0.000000E+0	4.000000E+0
24-Apr-25	20:19:09	1.000000E-5	1.123165E+0	-8.000000E-5	3.475000E-5	1.775000E-5	2.710000E-3	2.000000E-5	0.000000E+0	0.000000E+0	1.964247E-4	2.976042E-9	0.000000E+0	0.000000E+0	1.999959E+1	0.000000E+0	4.000000E+0
24-Apr-25	20:19:10	1.000000E-5	1.114180E+0	-8.000000E-5	3.475000E-5	1.770000E-5	2.710000E-3	2.000000E-5	0.000000E+0	0.000000E+0	1.964247E-4	2.976042E-9	0.000000E+0	0.000000E+0	1.999959E+1	0.000000E+0	4.000000E+0
24-Apr-25	20:19:10	1.000000E-5	1.105200E+0	-8.000000E-5	3.475000E-5	1.770000E-5	2.710000E-3	2.000000E-5	0.000000E+0	0.000000E+0	1.964247E-4	2.976042E-9	0.000000E+0	0.000000E+0	1.999959E+1	0.000000E+0	4.000000E+0
24-Apr-25	20:19:11	1.000000E-5	1.097140E+0	-8.000000E-5	3.470000E-5	1.775000E-5	2.710000E-3	2.000000E-5	0.000000E+0	0.000000E+0	1.964247E-4	2.976042E-9	0.000000E+0	0.000000E+0	1.999959E+1	0.000000E+0	4.000000E+0
24-Apr-25	20:19:11	1.000000E-5	1.088100E+0	-8.000000E-5	3.465000E-5	1.770000E-5	2.710000E-3	2.000000E-5	0.000000E+0	0.000000E+0	1.964247E-4	2.976042E-9	0.000000E+0	0.000000E+0	1.999959E+1	0.000000E+0	4.000000E+0
24-Apr-25	20:19:12	1.000000E-5	1.079870E+0	-8.000000E-5	3.460000E-5	1.775000E-5	2.710000E-3	2.000000E-5	0.000000E+0	0.000000E+0	1.964247E-4	2.976042E-9	0.000000E+0	0.000000E+0	1.999959E+1	0.000000E+0	4.000000E+0
24-Apr-25	20:19:12	1.000000E-5	1.071035E+0	-8.000000E-5	3.460000E-5	1.775000E-5	2.710000E-3	2.000000E-5	0.000000E+0	0.000000E+0	1.964247E-4	2.976042E-9	0.000000E+0	0.000000E+0	1.999959E+1	0.000000E+0	4.000000E+0
24-Apr-25	20:19:13	1.000000E-5	1.060865E+0	-8.000000E-5	3.460000E-5	1.775000E-5	2.710000E-3	2.000000E-5	0.000000E+0	0.000000E+0	1.964247E-4	2.976042E-9	0.000000E+0	0.000000E+0	1.999959E+1	0.000000E+0	4.000000E+0
24-Apr-25	20:19:13	1.000000E-5	1.051875E+0	-8.000000E-5	3.455000E-5	1.770000E-5	2.710000E-3	2.000000E-5	0.000000E+0	0.000000E+0	1.964247E-4	2.976042E-9	0.000000E+0	0.000000E+0	1.999959E+1	0.000000E+0	4.000000E+0
24-Apr-25	20:19:14	1.000000E-5	1.041955E+0	-8.000000E-5	3.455000E-5	1.770000E-5	2.710000E-3	2.000000E-5	0.000000E+0	0.000000E+0	1.964247E-4	2.976042E-9	0.000000E+0	0.000000E+0	1.999959E+1	0.000000E+0	4.000000E+0
24-Apr-25	20:19:14	1.000000E-5	1.033875E+0	-8.000000E-5	3.455000E-5	1.775000E-5	2.710000E-3	2.000000E-5	0.000000E+0	0.000000E+0	1.964247E-4	2.976042E-9	0.000000E+0	0.000000E+0	1.999959E+1	0.000000E+0	4.000000E+0
24-Apr-25	20:19:15	1.000000E-5	1.024900E+0	-8.000000E-5	3.455000E-5	1.775000E-5	2.710000E-3	2.000000E-5	0.000000E+0	0.000000E+0	1.964247E-4	2.976042E-9	0.000000E+0	0.000000E+0	1.999959E+1	0.000000E+0	4.000000E+0
24-Apr-25	20:19:16	1.000000E-5	1.011430E+0	-8.000000E-5	3.450000E-5	1.775000E-5	2.710000E-3	2.000000E-5	0.000000E+0	0.000000E+0	1.964247E-4	2.976042E-9	0.000000E+0	0.000000E+0	1.999959E+1	0.000000E+0	4.000000E+0
24-Apr-25	20:19:16	1.000000E-5	9.985450E-1	-8.000000E-5	3.450000E-5	1.775000E-5	2.710000E-3	2.000000E-5	0.000000E+0	0.000000E+0	1.964247E-4	2.976042E-9	0.000000E+0	0.000000E+0	1.999959E+1	0.000000E+0	4.000000E+0
24-Apr-25	20:19:17	1.000000E-5	9.895400E-1	-8.000000E-5	3.445000E-5	1.775000E-5	2.710000E-3	2.000000E-5	0.000000E+0	0.000000E+0	1.964247E-4	2.976042E-9	0.000000E+0	0.000000E+0	1.999959E+1	0.000000E+0	4.000000E+0
24-Apr-25	20:19:17	1.000000E-5	9.807100E-1	-8.000000E-5	3.440000E-5	1.775000E-5	2.710000E-3	2.000000E-5	0.000000E+0	0.000000E+0	1.964247E-4	2.976042E-9	0.000000E+0	0.000000E+0	1.999959E+1	0.000000E+0	4.000000E+0
24-Apr-25	20:19:18	1.000000E-5	9.717100E-1	-8.000000E-5	3.445000E-5	1.780000E-5	2.710000E-3	2.000000E-5	0.000000E+0	0.000000E+0	1.964247E-4	2.976042E-9	0.000000E+0	0.000000E+0	1.999959E+1	0.000000E+0	4.000000E+0
24-Apr-25	20:19:18	1.000000E-5	9.616950E-1	-8.000000E-5	3.440000E-5	1.775000E-5	2.710000E-3	2.000000E-5	0.000000E+0	0.000000E+0	1.964247E-4	2.976042E-9	0.000000E+0	0.000000E+0	1.999959E+1	0.000000E+0	4.000000E+0
24-Apr-25	20:19:19	1.000000E-5	9.526700E-1	-8.000000E-5	3.435000E-5	1.775000E-5	2.710000E-3	2.000000E-5	0.000000E+0	0.000000E+0	1.964247E-4	2.976042E-9	0.000000E+0	0.000000E+0	1.999959E+1	0.000000E+0	4.000000E+0
24-Apr-25	20:19:19	1.000000E-5	9.400650E-1	-8.000000E-5	3.435000E-5	1.775000E-5	2.710000E-3	2.000000E-5	0.000000E+0	0.000000E+0	1.964247E-4	2.976042E-9	0.000000E+0	0.000000E+0	1.999959E+1	0.000000E+0	4.000000E+0
24-Apr-25	20:19:20	1.000000E-5	9.311100E-1	-8.000000E-5	3.435000E-5	1.780000E-5	2.710000E-3	2.000000E-5	0.000000E+0	0.000000E+0	1.964247E-4	2.976042E-9	0.000000E+0	0.000000E+0	1.999959E+1	0.000000E+0	4.000000E+0
24-Apr-25	20:19:21	1.000000E-5	9.221150E-1	-8.000000E-5	3.430000E-5	1.770000E-5	2.710000E-3	2.000000E-5	0.000000E+0	0.000000E+0	1.964247E-4	2.976042E-9	0.000000E+0	0.000000E+0	1.999959E+1	0.000000E+0	4.000000E+0
24-Apr-25	20:19:21	1.000000E-5	9.103000E-1	-8.000000E-5	3.430000E-5	1.775000E-5	2.710000E-3	2.000000E-5	0.000000E+0	0.000000E+0	1.964247E-4	2.976042E-9	0.000000E+0	0.000000E+0	1.999959E+1	0.000000E+0	4.000000E+0
24-Apr-25	20:19:22	1.000000E-5	9.011400E-1	-8.000000E-5	3.430000E-5	1.775000E-5	2.710000E-3	2.000000E-5	0.000000E+0	0.000000E+0	1.964247E-4	2.976042E-9	0.000000E+0	0.000000E+0	1.999959E+1	0.000000E+0	4.000000E+0
24-Apr-25	20:19:22	1.000000E-5	8.921500E-1	-8.000000E-5	3.420000E-5	1.780000E-5	2.710000E-3	2.000000E-5	0.000000E+0	0.000000E+0	1.964247E-4	2.976042E-9	0.000000E+0	0.000000E+0	1.999959E+1	0.000000E+0	4.000000E+0
24-Apr-25	20:19:23	1.000000E-5	8.831700E-1	-8.000000E-5	3.420000E-5	1.780000E-5	2.710000E-3	2.000000E-5	0.000000E+0	0.000000E+0	1.964247E-4	2.976042E-9	0.000000E+0	0.000000E+0	1.999959E+1	0.000000E+0	4.000000E+0
24-Apr-25	20:19:23	1.000000E-5	8.741950E-1	-8.000000E-5	3.420000E-5	1.780000E-5	2.710000E-3	2.000000E-5	0.000000E+0	0.000000E+0	1.964247E-4	2.976042E-9	0.000000E+0	0.000000E+0	1.999959E+1	0.000000E+0	4.000000E+0
24-Apr-25	20:19:24	1.000000E-5	8.661050E-1	-8.000000E-5	3.425000E-5	1.780000E-5	2.710000E-3	2.000000E-5	0.000000E+0	0.000000E+0	1.964247E-4	2.976042E-9	0.000000E+0	0.000000E+0	1.999959E+1	0.000000E+0	4.000000E+0
24-Apr-25	20:19:24	1.000000E-5	8.571000E-1	-8.000000E-5	3.425000E-5	1.780000E-5	2.710000E-3	2.000000E-5	0.000000E+0	0.000000E+0	1.964247E-4	2.976042E-9	0.000000E+0	0.000000E+0	1.999959E+1	0.000000E+0	4.000000E+0
24-Apr-25	20:19:25	1.000000E-5	8.471800E-1	-8.000000E-5	3.420000E-5	1.780000E-5	2.710000E-3	2.000000E-5	0.000000E+0	0.000000E+0	1.964247E-4	2.976042E-9	0.000000E+0	0.000000E+0	1.999959E+1	0.000000E+0	4.000000E+0
24-Apr-25	20:19:25	1.000000E-5	8.373200E-1	-8.000000E-5	3.415000E-5	1.780000E-5	2.710000E-3	2.000000E-5	0.000000E+0	0.000000E+0	1.964247E-4	2.976042E-9	0.000000E+0	0.000000E+0	1.999959E+1	0.000000E+0	4.000000E+0
24-Apr-25	20:19:26	1.000000E-5	8.274300E-1	-8.000000E-5	3.410000E-5	1.775000E-5	2.710000E-3	2.000000E-5	0.000000E+0	0.000000E+0	1.964247E-4	2.976042E-9	0.000000E+0	0.000000E+0	1.999959E+1	0.000000E+0	4.000000E+0
24-Apr-25	20:19:26	1.000000E-5	8.184550E-1	-8.000000E-5	3.410000E-5	1.780000E-5	2.710000E-3	2.000000E-5	0.000000E+0	0.000000E+0	1.964247E-4	2.976042E-9	0.000000E+0	0.000000E+0	1.999959E+1	0.000000E+0	4.000000E+0
24-Apr-25	20:19:27	1.000000E-5	8.085600E-1	-8.000000E-5	3.405000E-5	1.780000E-5	2.710000E-3	2.000000E-5	0.000000E+0	0.000000E+0	1.964247E-4	2.976042E-9	0.000000E+0	0.000000E+0	1.999959E+1	0.000000E+0	4.000000E+0
24-Apr-25	20:19:27	1.000000E-5	8.004350E-1	-8.000000E-5	3.405000E-5	1.780000E-5	2.710000E-3	2.000000E-5	0.000000E+0	0.000000E+0	1.964247E-4	2.976042E-9	0.000000E+0	0.000000E+0	1.999959E+1	0.000000E+0	4.000000E+0
24-Apr-25	20:19:28	1.000000E-5	7.914550E-1	-8.000000E-5	3.410000E-5	1.780000E-5	2.710000E-3	2.000000E-5	0.000000E+0	0.000000E+0	1.964247E-4	2.976042E-9	0.000000E+0	0.000000E+0	1.999959E+1	0.000000E+0	4.000000E+0
24-Apr-25	20:19:29	1.000000E-5	7.776700E-1	-8.000000E-5	3.405000E-5	1.785000E-5	2.710000E-3	2.000000E-5	0.000000E+0	0.000000E+0	1.964247E-4	2.976042E-9	0.000000E+0	0.000000E+0	1.999959E+1	0.000000E+0	4.000000E+0
24-Apr-25	20:19:29	1.000000E-5	7.677850E-1	-8.000000E-5	3.400000E-5	1.785000E-5	2.710000E-3	2.000000E-5	0.000000E+0	0.000000E+0	1.964247E-4	2.976042E-9	0.000000E+0	0.000000E+0	1.999959E+1	0.000000E+0	4.000000E+0
24-Apr-25	20:19:30	1.000000E-5	7.587400E-1	-8.000000E-5	3.400000E-5	1.780000E-5	2.710000E-3	2.000000E-5	0.000000E+0	0.000000E+0	1.964247E-4	2.976042E-9	0.000000E+0	0.000000E+0	1.999959E+1	0.000000E+0	4.000000E+0
24-Apr-25	20:19:30	1.000000E-5	7.506550E-1	-8.000000E-5	3.395000E-5	1.775000E-5	2.710000E-3	2.000000E-5	0.000000E+0	0.000000E+0	1.964247E-4	2.976042E-9	0.000000E+0	0.000000E+0	1.999959E+1	0.000000E+0	4.000000E+0
24-Apr-25	20:19:31	1.000000E-5	7.416950E-1	-8.000000E-5	3.395000E-5	1.780000E-5	2.710000E-3	2.000000E-5	0.000000E+0	0.000000E+0	1.964247E-4	2.976042E-9	0.000000E+0	0.000000E+0	1.999959E+1	0.000000E+0	4.000000E+0
24-Apr-25	20:19:31	1.000000E-5	7.315150E-1	-8.000000E-5	3.395000E-5	1.775000E-5	2.710000E-3	2.000000E-5	0.000000E+0	0.000000E+0	1.964247E-4	2.976042E-9	0.000000E+0	0.000000E+0	1.999959E+1	0.000000E+0	4.000000E+0
24-Apr-25	20:19:32	1.000000E-5	7.207550E-1	-8.000000E-5	3.390000E-5	1.785000E-5	2.710000E-3	2.000000E-5	0.000000E+0	0.000000E+0	1.964247E-4	2.976042E-9	0.000000E+0	0.000000E+0	1.999959E+1	0.000000E+0	4.000000E+0
24-Apr-25	20:19:32	1.000000E-5	7.117350E-1	-8.000000E-5	3.390000E-5	1.780000E-5	2.710000E-3	2.000000E-5	0.000000E+0	0.000000E+0	1.964247E-4	2.976042E-9	0.000000E+0	0.000000E+0	1.999959E+1	0.000000E+0	4.000000E+0
24-Apr-25	20:19:33	1.000000E-5	7.018550E-1	-8.000000E-5	3.385000E-5	1.775000E-5	2.710000E-3	2.000000E-5	0.000000E+0	0.000000E+0	1.964247E-4	2.976042E-9	0.000000E+0	0.000000E+0	1.999959E+1	0.000000E+0	4.000000E+0
24-Apr-25	20:19:33	1.000000E-5	6.928650E-1	-8.000000E-5	3.385000E-5	1.775000E-5	2.710000E-3	2.000000E-5	0.000000E+0	0.000000E+0	1.964247E-4	2.976042E-9	0.000000E+0	0.000000E+0	1.999959E+1	0.000000E+0	4.000000E+0
24-Apr-25	20:19:34	1.000000E-5	6.839000E-1	-8.000000E-5	3.390000E-5	1.780000E-5	2.710000E-3	2.000000E-5	0.000000E+0	0.000000E+0	1.964247E-4	2.976042E-9	0.000000E+0	0.000000E+0	1.999959E+1	0.000000E+0	4.000000E+0
24-Apr-25	20:19:34	1.000000E-5	6.749100E-1	-8.000000E-5	3.380000E-5	1.780000E-5	2.710000E-3	2.000000E-5	0.000000E+0	0.000000E+0	1.964247E-4	2.976042E-9	0.000000E+0	0.000000E+0	1.999959E+1	0.000000E+0	4.000000E+0
24-Apr-25	20:19:35	1.000000E-5	6.668050E-1	-8.000000E-5	3.385000E-5	1.780000E-5	2.710000E-3	2.000000E-5	0.000000E+0	0.000000E+0	1.964247E-4	2.976042E-9	0.000000E+0	0.000000E+0	1.999959E+1	0.000000E+0	4.000000E+0
24-Apr-25	20:19:35	1.000000E-5	6.577950E-1	-8.000000E-5	3.390000E-5	1.780000E-5	2.710000E-3	2.000000E-5	0.000000E+0	0.000000E+0	1.964247E-4	2.976042E-9	0.000000E+0	0.000000E+0	1.999959E+1	0.000000E+0	4.000000E+0
24-Apr-25	20:19:36	1.000000E-5	6.488450E-1	-8.000000E-5	3.380000E-5	1.785000E-5	2.710000E-3	2.000000E-5	0.000000E+0	0.000000E+0	1.964247E-4	2.976042E-9	0.000000E+0	0.000000E+0	1.999959E+1	0.000000E+0	4.000000E+0
24-Apr-25	20:19:36	1.000000E-5	6.404350E-1	-8.000000E-5	3.375000E-5	1.785000E-5	2.710000E-3	2.000000E-5	0.000000E+0	0.000000E+0	1.964247E-4	2.976042E-9	0.000000E+0	0.000000E+0	1.999959E+1	0.000000E+0	4.000000E+0
24-Apr-25	20:19:37	1.000000E-5	6.314900E-1	-8.000000E-5	3.375000E-5	1.780000E-5	2.710000E-3	2.000000E-5	0.000000E+0	0.000000E+0	1.964247E-4	2.976042E-9	0.000000E+0	0.000000E+0	1.999959E+1	0.000000E+0	4.000000E+0
24-Apr-25	20:19:37	1.000000E-5	6.215800E-1	-8.000000E-5	3.375000E-5	1.780000E-5	2.710000E-3	2.000000E-5	0.000000E+0	0.000000E+0	1.964247E-4	2.976042E-9	0.000000E+0	0.000000E+0	1.999959E+1	0.000000E+0	4.000000E+0
24-Apr-25	20:19:38	1.000000E-5	6.080750E-1	-8.000000E-5	3.370000E-5	1.785000E-5	2.710000E-3	2.000000E-5	0.000000E+0	0.000000E+0	1.964247E-4	2.976042E-9	0.000000E+0	0.000000E+0	1.999959E+1	0.000000E+0	4.000000E+0
24-Apr-25	20:19:38	1.000000E-5	5.979000E-1	-8.000000E-5	3.370000E-5	1.785000E-5	2.710000E-3	2.000000E-5	0.000000E+0	0.000000E+0	1.964247E-4	2.976042E-9	0.000000E+0	0.000000E+0	1.999959E+1	0.000000E+0	4.000000E+0
24-Apr-25	20:19:39	1.000000E-5	5.889200E-1	-8.000000E-5	3.365000E-5	1.785000E-5	2.710000E-3	2.000000E-5	0.000000E+0	0.000000E+0	1.964247E-4	2.976042E-9	0.000000E+0	0.000000E+0	1.999959E+1	0.000000E+0	4.000000E+0
24-Apr-25	20:19:40	1.000000E-5	5.754150E-1	-8.000000E-5	3.360000E-5	1.785000E-5	2.710000E-3	2.000000E-5	0.000000E+0	0.000000E+0	1.964247E-4	2.976042E-9	0.000000E+0	0.000000E+0	1.999959E+1	0.000000E+0	4.000000E+0
24-Apr-25	20:19:40	1.000000E-5	5.655150E-1	-8.000000E-5	3.355000E-5	1.780000E-5	2.710000E-3	2.000000E-5	0.000000E+0	0.000000E+0	1.964247E-4	2.976042E-9	0.000000E+0	0.000000E+0	1.999959E+1	0.000000E+0	4.000000E+0
24-Apr-25	20:19:41	1.000000E-5	5.565200E-1	-8.000000E-5	3.350000E-5	1.785000E-5	2.710000E-3	2.000000E-5	0.000000E+0	0.000000E+0	1.964247E-4	2.976042E-9	0.000000E+0	0.000000E+0	1.999959E+1	0.000000E+0	4.000000E+0
24-Apr-25	20:19:41	1.000000E-5	5.475550E-1	-8.000000E-5	3.350000E-5	1.785000E-5	2.710000E-3	2.000000E-5	0.000000E+0	0.000000E+0	1.964247E-4	2.976042E-9	0.000000E+0	0.000000E+0	1.999959E+1	0.000000E+0	4.000000E+0
24-Apr-25	20:19:42	1.000000E-5	5.394700E-1	-8.000000E-5	3.350000E-5	1.785000E-5	2.710000E-3	2.000000E-5	0.000000E+0	0.000000E+0	1.964247E-4	2.976042E-9	0.000000E+0	0.000000E+0	1.999959E+1	0.000000E+0	4.000000E+0
24-Apr-25	20:19:42	1.000000E-5	5.305100E-1	-8.000000E-5	3.350000E-5	1.785000E-5	2.710000E-3	2.000000E-5	0.000000E+0	0.000000E+0	1.964247E-4	2.976042E-9	0.000000E+0	0.000000E+0	1.999959E+1	0.000000E+0	4.000000E+0
24-Apr-25	20:19:43	1.000000E-5	5.220800E-1	-8.000000E-5	3.350000E-5	1.785000E-5	2.710000E-3	2.000000E-5	0.000000E+0	0.000000E+0	1.964247E-4	2.976042E-9	0.000000E+0	0.000000E+0	1.999959E+1	0.000000E+0	4.000000E+0
24-Apr-25	20:19:43	1.000000E-5	5.130850E-1	-8.000000E-5	3.350000E-5	1.785000E-5	2.710000E-3	2.000000E-5	0.000000E+0	0.000000E+0	1.964247E-4	2.976042E-9	0.000000E+0	0.000000E+0	1.999959E+1	0.000000E+0	4.000000E+0
24-Apr-25	20:19:44	1.000000E-5	5.050200E-1	-8.000000E-5	3.345000E-5	1.785000E-5	2.710000E-3	2.000000E-5	0.000000E+0	0.000000E+0	1.964247E-4	2.976042E-9	0.000000E+0	0.000000E+0	1.999959E+1	0.000000E+0	4.000000E+0
24-Apr-25	20:19:44	1.000000E-5	4.960350E-1	-8.000000E-5	3.340000E-5	1.785000E-5	2.710000E-3	2.000000E-5	0.000000E+0	0.000000E+0	1.964247E-4	2.976042E-9	0.000000E+0	0.000000E+0	1.999959E+1	0.000000E+0	4.000000E+0
24-Apr-25	20:19:45	1.000000E-5	4.879500E-1	-8.000000E-5	3.340000E-5	1.785000E-5	2.710000E-3	2.000000E-5	0.000000E+0	0.000000E+0	1.964247E-4	2.976042E-9	0.000000E+0	0.000000E+0	1.999959E+1	0.000000E+0	4.000000E+0
24-Apr-25	20:19:45	1.000000E-5	4.789450E-1	-8.000000E-5	3.335000E-5	1.785000E-5	2.710000E-3	2.000000E-5	0.000000E+0	0.000000E+0	1.964247E-4	2.976042E-9	0.000000E+0	0.000000E+0	1.999959E+1	0.000000E+0	4.000000E+0
24-Apr-25	20:19:46	1.000000E-5	4.708300E-1	-8.000000E-5	3.335000E-5	1.790000E-5	2.710000E-3	2.000000E-5	0.000000E+0	0.000000E+0	1.964247E-4	2.976042E-9	0.000000E+0	0.000000E+0	1.999959E+1	0.000000E+0	4.000000E+0
24-Apr-25	20:19:46	1.000000E-5	4.618400E-1	-8.000000E-5	3.335000E-5	1.790000E-5	2.710000E-3	2.000000E-5	0.000000E+0	0.000000E+0	1.964247E-4	2.976042E-9	0.000000E+0	0.000000E+0	1.999959E+1	0.000000E+0	4.000000E+0
24-Apr-25	20:19:47	1.000000E-5	4.537700E-1	-8.000000E-5	3.335000E-5	1.785000E-5	2.710000E-3	2.000000E-5	0.000000E+0	0.000000E+0	1.964247E-4	2.976042E-9	0.000000E+0	0.000000E+0	1.999959E+1	0.000000E+0	4.000000E+0
24-Apr-25	20:19:47	1.000000E-5	4.447900E-1	-8.000000E-5	3.330000E-5	1.785000E-5	2.710000E-3	2.000000E-5	0.000000E+0	0.000000E+0	1.964247E-4	2.976042E-9	0.000000E+0	0.000000E+0	1.999959E+1	0.000000E+0	4.000000E+0
24-Apr-25	20:19:48	1.000000E-5	4.358150E-1	-8.000000E-5	3.330000E-5	1.790000E-5	2.710000E-3	2.000000E-5	0.000000E+0	0.000000E+0	1.964247E-4	2.976042E-9	0.000000E+0	0.000000E+0	1.999959E+1	0.000000E+0	4.000000E+0
24-Apr-25	20:19:48	1.000000E-5	4.267800E-1	-8.000000E-5	3.330000E-5	1.785000E-5	2.710000E-3	2.000000E-5	0.000000E+0	0.000000E+0	1.964247E-4	2.976042E-9	0.000000E+0	0.000000E+0	1.999959E+1	0.000000E+0	4.000000E+0
24-Apr-25	20:19:48	1.000000E-5	4.187000E-1	-8.000000E-5	3.330000E-5	1.790000E-5	2.710000E-3	2.000000E-5	0.000000E+0	0.000000E+0	1.964247E-4	2.976042E-9	0.000000E+0	0.000000E+0	1.999959E+1	0.000000E+0	4.000000E+0
24-Apr-25	20:19:49	1.000000E-5	4.097050E-1	-8.000000E-5	3.330000E-5	1.790000E-5	2.710000E-3	2.000000E-5	0.000000E+0	0.000000E+0	1.964247E-4	2.976042E-9	0.000000E+0	0.000000E+0	1.999959E+1	0.000000E+0	4.000000E+0
24-Apr-25	20:19:50	1.000000E-5	3.989150E-1	-8.000000E-5	3.320000E-5	1.790000E-5	2.710000E-3	2.000000E-5	0.000000E+0	0.000000E+0	1.964247E-4	2.976042E-9	0.000000E+0	0.000000E+0	1.999959E+1	0.000000E+0	4.000000E+0
24-Apr-25	20:19:50	1.000000E-5	3.890350E-1	-8.000000E-5	3.320000E-5	1.785000E-5	2.710000E-3	2.000000E-5	0.000000E+0	0.000000E+0	1.964247E-4	2.976042E-9	0.000000E+0	0.000000E+0	1.999959E+1	0.000000E+0	4.000000E+0
24-Apr-25	20:19:51	1.000000E-5	3.799850E-1	-8.000000E-5	3.315000E-5	1.785000E-5	2.710000E-3	2.000000E-5	0.000000E+0	0.000000E+0	1.964247E-4	2.976042E-9	0.000000E+0	0.000000E+0	1.999959E+1	0.000000E+0	4.000000E+0
24-Apr-25	20:19:51	1.000000E-5	3.710050E-1	-8.000000E-5	3.310000E-5	1.790000E-5	2.710000E-3	2.000000E-5	0.000000E+0	0.000000E+0	1.964247E-4	2.976042E-9	0.000000E+0	0.000000E+0	1.999959E+1	0.000000E+0	4.000000E+0
24-Apr-25	20:19:52	1.000000E-5	3.611350E-1	-8.000000E-5	3.310000E-5	1.785000E-5	2.710000E-3	2.000000E-5	0.000000E+0	0.000000E+0	1.964247E-4	2.976042E-9	0.000000E+0	0.000000E+0	1.999959E+1	0.000000E+0	4.000000E+0
24-Apr-25	20:19:52	1.000000E-5	3.530700E-1	-8.000000E-5	3.310000E-5	1.790000E-5	2.710000E-3	2.000000E-5	0.000000E+0	0.000000E+0	1.964247E-4	2.976042E-9	0.000000E+0	0.000000E+0	1.999959E+1	0.000000E+0	4.000000E+0
24-Apr-25	20:19:53	1.000000E-5	3.440850E-1	-8.000000E-5	3.310000E-5	1.790000E-5	2.710000E-3	2.000000E-5	0.000000E+0	0.000000E+0	1.964247E-4	2.976042E-9	0.000000E+0	0.000000E+0	1.999959E+1	0.000000E+0	4.000000E+0
24-Apr-25	20:19:53	1.000000E-5	3.350950E-1	-8.000000E-5	3.305000E-5	1.790000E-5	2.710000E-3	2.000000E-5	0.000000E+0	0.000000E+0	1.964247E-4	2.976042E-9	0.000000E+0	0.000000E+0	1.999959E+1	0.000000E+0	4.000000E+0
24-Apr-25	20:19:54	1.000000E-5	3.260900E-1	-8.000000E-5	3.300000E-5	1.790000E-5	2.710000E-3	2.000000E-5	0.000000E+0	0.000000E+0	1.964247E-4	2.976042E-9	0.000000E+0	0.000000E+0	1.999959E+1	0.000000E+0	4.000000E+0
24-Apr-25	20:19:54	1.000000E-5	3.180100E-1	-8.000000E-5	3.300000E-5	1.790000E-5	2.710000E-3	2.000000E-5	0.000000E+0	0.000000E+0	1.964247E-4	2.976042E-9	0.000000E+0	0.000000E+0	1.999959E+1	0.000000E+0	4.000000E+0
24-Apr-25	20:19:55	1.000000E-5	3.090150E-1	-8.000000E-5	3.295000E-5	1.785000E-5	2.710000E-3	2.000000E-5	0.000000E+0	0.000000E+0	1.964247E-4	2.976042E-9	0.000000E+0	0.000000E+0	1.999959E+1	0.000000E+0	4.000000E+0
24-Apr-25	20:19:55	1.000000E-5	2.988500E-1	-8.000000E-5	3.290000E-5	1.790000E-5	2.710000E-3	2.000000E-5	0.000000E+0	0.000000E+0	1.964247E-4	2.976042E-9	0.000000E+0	0.000000E+0	1.999959E+1	0.000000E+0	4.000000E+0
24-Apr-25	20:19:56	1.000000E-5	2.898450E-1	-8.000000E-5	3.290000E-5	1.790000E-5	2.710000E-3	2.000000E-5	0.000000E+0	0.000000E+0	1.964247E-4	2.976042E-9	0.000000E+0	0.000000E+0	1.999959E+1	0.000000E+0	4.000000E+0
24-Apr-25	20:19:56	1.000000E-5	2.808350E-1	-8.000000E-5	3.285000E-5	1.795000E-5	2.710000E-3	2.000000E-5	0.000000E+0	0.000000E+0	1.964247E-4	2.976042E-9	0.000000E+0	0.000000E+0	1.999959E+1	0.000000E+0	4.000000E+0
24-Apr-25	20:19:57	1.000000E-5	2.718650E-1	-8.000000E-5	3.285000E-5	1.785000E-5	2.710000E-3	2.000000E-5	0.000000E+0	0.000000E+0	1.964247E-4	2.976042E-9	0.000000E+0	0.000000E+0	1.999959E+1	0.000000E+0	4.000000E+0
24-Apr-25	20:19:57	1.000000E-5	2.628650E-1	-8.000000E-5	3.280000E-5	1.790000E-5	2.710000E-3	2.000000E-5	0.000000E+0	0.000000E+0	1.964247E-4	2.976042E-9	0.000000E+0	0.000000E+0	1.999959E+1	0.000000E+0	4.000000E+0
24-Apr-25	20:19:58	1.000000E-5	2.548050E-1	-8.000000E-5	3.280000E-5	1.790000E-5	2.710000E-3	2.000000E-5	0.000000E+0	0.000000E+0	1.964247E-4	2.976042E-9	0.000000E+0	0.000000E+0	1.999959E+1	0.000000E+0	4.000000E+0
24-Apr-25	20:19:58	1.000000E-5	2.458350E-1	-8.000000E-5	3.280000E-5	1.790000E-5	2.710000E-3	2.000000E-5	0.000000E+0	0.000000E+0	1.964247E-4	2.976042E-9	0.000000E+0	0.000000E+0	1.999959E+1	0.000000E+0	4.000000E+0
24-Apr-25	20:19:59	1.000000E-5	2.376900E-1	-8.000000E-5	3.275000E-5	1.790000E-5	2.710000E-3	2.000000E-5	0.000000E+0	0.000000E+0	1.964247E-4	2.976042E-9	0.000000E+0	0.000000E+0	1.999959E+1	0.000000E+0	4.000000E+0
24-Apr-25	20:19:59	1.000000E-5	2.287150E-1	-8.000000E-5	3.270000E-5	1.795000E-5	2.710000E-3	2.000000E-5	0.000000E+0	0.000000E+0	1.964247E-4	2.976042E-9	0.000000E+0	0.000000E+0	1.999959E+1	0.000000E+0	4.000000E+0
24-Apr-25	20:20:00	1.000000E-5	2.197250E-1	-8.000000E-5	3.265000E-5	1.785000E-5	2.710000E-3	2.000000E-5	0.000000E+0	0.000000E+0	1.964247E-4	2.976042E-9	0.000000E+0	0.000000E+0	1.999959E+1	0.000000E+0	4.000000E+0
24-Apr-25	20:20:00	1.000000E-5	2.116350E-1	-8.000000E-5	3.265000E-5	1.790000E-5	2.710000E-3	2.000000E-5	0.000000E+0	0.000000E+0	1.964247E-4	2.976042E-9	0.000000E+0	0.000000E+0	1.999959E+1	0.000000E+0	4.000000E+0
24-Apr-25	20:20:00	1.000000E-5	2.026500E-1	-8.000000E-5	3.265000E-5	1.790000E-5	2.710000E-3	2.000000E-5	0.000000E+0	0.000000E+0	1.964247E-4	2.976042E-9	0.000000E+0	0.000000E+0	1.999959E+1	0.000000E+0	4.000000E+0
24-Apr-25	20:20:01	1.000000E-5	1.945400E-1	-8.000000E-5	3.265000E-5	1.795000E-5	2.710000E-3	2.000000E-5	0.000000E+0	0.000000E+0	1.964247E-4	2.976042E-9	0.000000E+0	0.000000E+0	1.999959E+1	0.000000E+0	4.000000E+0
24-Apr-25	20:20:02	1.000000E-5	1.858200E-1	-8.000000E-5	3.260000E-5	1.795000E-5	2.710000E-3	2.000000E-5	0.000000E+0	0.000000E+0	1.964247E-4	2.976042E-9	0.000000E+0	0.000000E+0	1.999959E+1	0.000000E+0	4.000000E+0
24-Apr-25	20:20:02	1.000000E-5	1.747600E-1	-8.000000E-5	3.255000E-5	1.795000E-5	2.710000E-3	2.000000E-5	0.000000E+0	0.000000E+0	1.964247E-4	2.976042E-9	0.000000E+0	0.000000E+0	1.999959E+1	0.000000E+0	4.000000E+0
24-Apr-25	20:20:03	1.000000E-5	1.657850E-1	-8.000000E-5	3.255000E-5	1.795000E-5	2.710000E-3	2.000000E-5	0.000000E+0	0.000000E+0	1.964247E-4	2.976042E-9	0.000000E+0	0.000000E+0	1.999959E+1	0.000000E+0	4.000000E+0
24-Apr-25	20:20:03	1.000000E-5	1.568050E-1	-8.000000E-5	3.250000E-5	1.800000E-5	2.710000E-3	2.000000E-5	0.000000E+0	0.000000E+0	1.964247E-4	2.976042E-9	0.000000E+0	0.000000E+0	1.999959E+1	0.000000E+0	4.000000E+0
24-Apr-25	20:20:04	1.000000E-5	1.478150E-1	-8.000000E-5	3.245000E-5	1.795000E-5	2.710000E-3	2.000000E-5	0.000000E+0	0.000000E+0	1.964247E-4	2.976042E-9	0.000000E+0	0.000000E+0	1.999959E+1	0.000000E+0	4.000000E+0
24-Apr-25	20:20:04	1.000000E-5	1.387900E-1	-8.000000E-5	3.240000E-5	1.790000E-5	2.710000E-3	2.000000E-5	0.000000E+0	0.000000E+0	1.964247E-4	2.976042E-9	0.000000E+0	0.000000E+0	1.999959E+1	0.000000E+0	4.000000E+0
24-Apr-25	20:20:05	1.000000E-5	1.298350E-1	-8.000000E-5	3.240000E-5	1.795000E-5	2.710000E-3	2.000000E-5	0.000000E+0	0.000000E+0	1.964247E-4	2.976042E-9	0.000000E+0	0.000000E+0	1.999959E+1	0.000000E+0	4.000000E+0
24-Apr-25	20:20:05	1.000000E-5	1.208350E-1	-8.000000E-5	3.235000E-5	1.795000E-5	2.710000E-3	2.000000E-5	0.000000E+0	0.000000E+0	1.964247E-4	2.976042E-9	0.000000E+0	0.000000E+0	1.999959E+1	0.000000E+0	4.000000E+0
24-Apr-25	20:20:06	1.000000E-5	1.109600E-1	-8.000000E-5	3.230000E-5	1.795000E-5	2.710000E-3	2.000000E-5	0.000000E+0	0.000000E+0	1.964247E-4	2.976042E-9	0.000000E+0	0.000000E+0	1.999959E+1	0.000000E+0	4.000000E+0
24-Apr-25	20:20:06	1.000000E-5	1.019450E-1	-8.000000E-5	3.230000E-5	1.790000E-5	2.710000E-3	2.000000E-5	0.000000E+0	0.000000E+0	1.964247E-4	2.976042E-9	0.000000E+0	0.000000E+0	1.999959E+1	0.000000E+0	4.000000E+0
24-Apr-25	20:20:07	1.000000E-5	8.933500E-2	-8.000000E-5	3.225000E-5	1.800000E-5	2.710000E-3	2.000000E-5	0.000000E+0	0.000000E+0	1.964247E-4	2.976042E-9	0.000000E+0	0.000000E+0	1.999959E+1	0.000000E+0	4.000000E+0
24-Apr-25	20:20:08	1.000000E-5	7.648500E-2	-8.000000E-5	3.220000E-5	1.800000E-5	2.710000E-3	2.000000E-5	0.000000E+0	0.000000E+0	1.964247E-4	2.976042E-9	0.000000E+0	0.000000E+0	1.999959E+1	0.000000E+0	4.000000E+0
24-Apr-25	20:20:08	1.000000E-5	6.749000E-2	-8.000000E-5	3.220000E-5	1.795000E-5	2.710000E-3	2.000000E-5	0.000000E+0	0.000000E+0	1.964247E-4	2.976042E-9	0.000000E+0	0.000000E+0	1.999959E+1	0.000000E+0	4.000000E+0
24-Apr-25	20:20:09	1.000000E-5	5.851500E-2	-8.000000E-5	3.210000E-5	1.800000E-5	2.710000E-3	2.000000E-5	0.000000E+0	0.000000E+0	1.964247E-4	2.976042E-9	0.000000E+0	0.000000E+0	1.999959E+1	0.000000E+0	4.000000E+0
24-Apr-25	20:20:09	1.000000E-5	4.588500E-2	-8.000000E-5	3.205000E-5	1.800000E-5	2.710000E-3	2.000000E-5	0.000000E+0	0.000000E+0	1.964247E-4	2.976042E-9	0.000000E+0	0.000000E+0	1.999959E+1	0.000000E+0	4.000000E+0
24-Apr-25	20:20:10	1.000000E-5	3.690000E-2	-8.000000E-5	3.205000E-5	1.800000E-5	2.710000E-3	2.000000E-5	0.000000E+0	0.000000E+0	1.964247E-4	2.976042E-9	0.000000E+0	0.000000E+0	1.999959E+1	0.000000E+0	4.000000E+0
24-Apr-25	20:20:10	1.000000E-5	2.491500E-2	-8.000000E-5	3.195000E-5	1.795000E-5	2.710000E-3	2.000000E-5	0.000000E+0	0.000000E+0	1.964247E-4	2.976042E-9	0.000000E+0	0.000000E+0	1.999959E+1	0.000000E+0	4.000000E+0
24-Apr-25	20:20:11	1.000000E-5	1.504000E-2	-8.000000E-5	3.195000E-5	1.795000E-5	2.710000E-3	2.000000E-5	0.000000E+0	0.000000E+0	1.964247E-4	2.976042E-9	0.000000E+0	0.000000E+0	1.999959E+1	0.000000E+0	4.000000E+0
24-Apr-25	20:20:12	1.000000E-5	5.100000E-3	-8.000000E-5	3.190000E-5	1.795000E-5	2.710000E-3	2.000000E-5	0.000000E+0	0.000000E+0	1.964247E-4	2.976042E-9	0.000000E+0	0.000000E+0	1.999959E+1	0.000000E+0	4.000000E+0
24-Apr-25	20:20:12	1.000000E-5	-3.840000E-3	-8.000000E-5	3.190000E-5	1.800000E-5	2.710000E-3	2.000000E-5	0.000000E+0	0.000000E+0	1.964247E-4	2.976042E-9	0.000000E+0	0.000000E+0	1.999959E+1	0.000000E+0	4.000000E+0
24-Apr-25	20:20:13	1.000000E-5	-1.364000E-2	-8.000000E-5	3.190000E-5	1.795000E-5	2.710000E-3	2.000000E-5	0.000000E+0	0.000000E+0	1.964247E-4	2.976042E-9	0.000000E+0	0.000000E+0	1.999959E+1	0.000000E+0	4.000000E+0
24-Apr-25	20:20:13	1.000000E-5	-2.172500E-2	-8.000000E-5	3.180000E-5	1.800000E-5	2.710000E-3	2.000000E-5	0.000000E+0	0.000000E+0	1.964247E-4	2.976042E-9	0.000000E+0	0.000000E+0	1.999959E+1	0.000000E+0	4.000000E+0
24-Apr-25	20:20:14	1.000000E-5	-3.068500E-2	-8.000000E-5	3.175000E-5	1.795000E-5	2.710000E-3	2.000000E-5	0.000000E+0	0.000000E+0	1.964247E-4	2.976042E-9	0.000000E+0	0.000000E+0	1.999959E+1	0.000000E+0	4.000000E+0
24-Apr-25	20:20:14	1.000000E-5	-4.147500E-2	-8.000000E-5	3.170000E-5	1.800000E-5	2.710000E-3	2.000000E-5	0.000000E+0	0.000000E+0	1.964247E-4	2.976042E-9	0.000000E+0	0.000000E+0	1.999959E+1	0.000000E+0	4.000000E+0
24-Apr-25	20:20:15	1.000000E-5	-5.064500E-2	-8.000000E-5	3.165000E-5	1.800000E-5	2.710000E-3	2.000000E-5	0.000000E+0	0.000000E+0	1.964247E-4	2.976042E-9	0.000000E+0	0.000000E+0	1.999959E+1	0.000000E+0	4.000000E+0
24-Apr-25	20:20:15	1.000000E-5	-5.854500E-2	-8.000000E-5	3.155000E-5	1.800000E-5	2.710000E-3	2.000000E-5	0.000000E+0	0.000000E+0	1.964247E-4	2.976042E-9	0.000000E+0	0.000000E+0	1.999959E+1	0.000000E+0	4.000000E+0
24-Apr-25	20:20:16	1.000000E-5	-6.784000E-2	-8.000000E-5	3.145000E-5	1.805000E-5	2.710000E-3	2.000000E-5	0.000000E+0	0.000000E+0	1.964247E-4	2.976042E-9	0.000000E+0	0.000000E+0	1.999959E+1	0.000000E+0	4.000000E+0
24-Apr-25	20:20:16	1.000000E-5	-7.665000E-2	-8.000000E-5	3.140000E-5	1.805000E-5	2.710000E-3	2.000000E-5	0.000000E+0	0.000000E+0	1.964247E-4	2.976042E-9	0.000000E+0	0.000000E+0	1.999959E+1	0.000000E+0	4.000000E+0
24-Apr-25	20:20:17	1.000000E-5	-8.581000E-2	-8.000000E-5	3.140000E-5	1.805000E-5	2.710000E-3	2.000000E-5	0.000000E+0	0.000000E+0	1.964247E-4	2.976042E-9	0.000000E+0	0.000000E+0	1.999959E+1	0.000000E+0	4.000000E+0
24-Apr-25	20:20:17	1.000000E-5	-9.844000E-2	-8.000000E-5	3.130000E-5	1.800000E-5	2.710000E-3	2.000000E-5	0.000000E+0	0.000000E+0	1.964247E-4	2.976042E-9	0.000000E+0	0.000000E+0	1.999959E+1	0.000000E+0	4.000000E+0
24-Apr-25	20:20:18	1.000000E-5	-1.073800E-1	-8.000000E-5	3.120000E-5	1.800000E-5	2.710000E-3	2.000000E-5	0.000000E+0	0.000000E+0	1.964247E-4	2.976042E-9	0.000000E+0	0.000000E+0	1.999959E+1	0.000000E+0	4.000000E+0
24-Apr-25	20:20:18	1.000000E-5	-1.163800E-1	-8.000000E-5	3.115000E-5	1.805000E-5	2.710000E-3	2.000000E-5	0.000000E+0	0.000000E+0	1.964247E-4	2.976042E-9	0.000000E+0	0.000000E+0	1.999959E+1	0.000000E+0	4.000000E+0
24-Apr-25	20:20:19	1.000000E-5	-1.253250E-1	-8.000000E-5	3.110000E-5	1.805000E-5	2.710000E-3	2.000000E-5	0.000000E+0	0.000000E+0	1.964247E-4	2.976042E-9	0.000000E+0	0.000000E+0	1.999959E+1	0.000000E+0	4.000000E+0
24-Apr-25	20:20:19	1.000000E-5	-1.343350E-1	-8.000000E-5	3.110000E-5	1.800000E-5	2.710000E-3	2.000000E-5	0.000000E+0	0.000000E+0	1.964247E-4	2.976042E-9	0.000000E+0	0.000000E+0	1.999959E+1	0.000000E+0	4.000000E+0
24-Apr-25	20:20:20	1.000000E-5	-1.433400E-1	-8.000000E-5	3.100000E-5	1.805000E-5	2.710000E-3	2.000000E-5	0.000000E+0	0.000000E+0	1.964247E-4	2.976042E-9	0.000000E+0	0.000000E+0	1.999959E+1	0.000000E+0	4.000000E+0
24-Apr-25	20:20:20	1.000000E-5	-1.514300E-1	-8.000000E-5	3.095000E-5	1.805000E-5	2.710000E-3	2.000000E-5	0.000000E+0	0.000000E+0	1.964247E-4	2.976042E-9	0.000000E+0	0.000000E+0	1.999959E+1	0.000000E+0	4.000000E+0
24-Apr-25	20:20:21	1.000000E-5	-1.604200E-1	-8.000000E-5	3.090000E-5	1.810000E-5	2.710000E-3	2.000000E-5	0.000000E+0	0.000000E+0	1.964247E-4	2.976042E-9	0.000000E+0	0.000000E+0	1.999959E+1	0.000000E+0	4.000000E+0
24-Apr-25	20:20:21	1.000000E-5	-1.694150E-1	-8.000000E-5	3.080000E-5	1.810000E-5	2.710000E-3	2.000000E-5	0.000000E+0	0.000000E+0	1.964247E-4	2.976042E-9	0.000000E+0	0.000000E+0	1.999959E+1	0.000000E+0	4.000000E+0
24-Apr-25	20:20:22	1.000000E-5	-1.774900E-1	-8.000000E-5	3.080000E-5	1.810000E-5	2.710000E-3	2.000000E-5	0.000000E+0	0.000000E+0	1.964247E-4	2.976042E-9	0.000000E+0	0.000000E+0	1.999959E+1	0.000000E+0	4.000000E+0
24-Apr-25	20:20:22	1.000000E-5	-1.865300E-1	-8.000000E-5	3.070000E-5	1.810000E-5	2.710000E-3	2.000000E-5	0.000000E+0	0.000000E+0	1.964247E-4	2.976042E-9	0.000000E+0	0.000000E+0	1.999959E+1	0.000000E+0	4.000000E+0
24-Apr-25	20:20:23	1.000000E-5	-1.955100E-1	-8.000000E-5	3.060000E-5	1.810000E-5	2.710000E-3	2.000000E-5	0.000000E+0	0.000000E+0	1.964247E-4	2.976042E-9	0.000000E+0	0.000000E+0	1.999959E+1	0.000000E+0	4.000000E+0
24-Apr-25	20:20:23	1.000000E-5	-2.044900E-1	-8.000000E-5	3.065000E-5	1.810000E-5	2.710000E-3	2.000000E-5	0.000000E+0	0.000000E+0	1.964247E-4	2.976042E-9	0.000000E+0	0.000000E+0	1.999959E+1	0.000000E+0	4.000000E+0
24-Apr-25	20:20:24	1.000000E-5	-2.125450E-1	-8.000000E-5	3.060000E-5	1.810000E-5	2.710000E-3	2.000000E-5	0.000000E+0	0.000000E+0	1.964247E-4	2.976042E-9	0.000000E+0	0.000000E+0	1.999959E+1	0.000000E+0	4.000000E+0
24-Apr-25	20:20:24	1.000000E-5	-2.206000E-1	-8.000000E-5	3.060000E-5	1.805000E-5	2.710000E-3	2.000000E-5	0.000000E+0	0.000000E+0	1.964247E-4	2.976042E-9	0.000000E+0	0.000000E+0	1.999959E+1	0.000000E+0	4.000000E+0
24-Apr-25	20:20:25	1.000000E-5	-2.296150E-1	-8.000000E-5	3.050000E-5	1.810000E-5	2.710000E-3	2.000000E-5	0.000000E+0	0.000000E+0	1.964247E-4	2.976042E-9	0.000000E+0	0.000000E+0	1.999959E+1	0.000000E+0	4.000000E+0
24-Apr-25	20:20:25	1.000000E-5	-2.422150E-1	-8.000000E-5	3.050000E-5	1.810000E-5	2.710000E-3	2.000000E-5	0.000000E+0	0.000000E+0	1.964247E-4	2.976042E-9	0.000000E+0	0.000000E+0	1.999959E+1	0.000000E+0	4.000000E+0
24-Apr-25	20:20:26	1.000000E-5	-2.511950E-1	-8.000000E-5	3.045000E-5	1.810000E-5	2.710000E-3	2.000000E-5	0.000000E+0	0.000000E+0	1.964247E-4	2.976042E-9	0.000000E+0	0.000000E+0	1.999959E+1	0.000000E+0	4.000000E+0
24-Apr-25	20:20:26	1.000000E-5	-2.610750E-1	-8.000000E-5	3.040000E-5	1.810000E-5	2.710000E-3	2.000000E-5	0.000000E+0	0.000000E+0	1.964247E-4	2.976042E-9	0.000000E+0	0.000000E+0	1.999959E+1	0.000000E+0	4.000000E+0
24-Apr-25	20:20:27	1.000000E-5	-2.700650E-1	-8.000000E-5	3.035000E-5	1.810000E-5	2.710000E-3	2.000000E-5	0.000000E+0	0.000000E+0	1.964247E-4	2.976042E-9	0.000000E+0	0.000000E+0	1.999959E+1	0.000000E+0	4.000000E+0
24-Apr-25	20:20:27	1.000000E-5	-2.790800E-1	-8.000000E-5	3.035000E-5	1.815000E-5	2.710000E-3	2.000000E-5	0.000000E+0	0.000000E+0	1.964247E-4	2.976042E-9	0.000000E+0	0.000000E+0	1.999959E+1	0.000000E+0	4.000000E+0
24-Apr-25	20:20:28	1.000000E-5	-2.880950E-1	-8.000000E-5	3.030000E-5	1.815000E-5	2.710000E-3	2.000000E-5	0.000000E+0	0.000000E+0	1.964247E-4	2.976042E-9	0.000000E+0	0.000000E+0	1.999959E+1	0.000000E+0	4.000000E+0
24-Apr-25	20:20:28	1.000000E-5	-2.970550E-1	-8.000000E-5	3.020000E-5	1.810000E-5	2.710000E-3	2.000000E-5	0.000000E+0	0.000000E+0	1.964247E-4	2.976042E-9	0.000000E+0	0.000000E+0	1.999959E+1	0.000000E+0	4.000000E+0
24-Apr-25	20:20:29	1.000000E-5	-3.069300E-1	-8.000000E-5	3.020000E-5	1.815000E-5	2.710000E-3	2.000000E-5	0.000000E+0	0.000000E+0	1.964247E-4	2.976042E-9	0.000000E+0	0.000000E+0	1.999959E+1	0.000000E+0	4.000000E+0
24-Apr-25	20:20:29	1.000000E-5	-3.162100E-1	-8.000000E-5	3.010000E-5	1.815000E-5	2.710000E-3	2.000000E-5	0.000000E+0	0.000000E+0	1.964247E-4	2.976042E-9	0.000000E+0	0.000000E+0	1.999959E+1	0.000000E+0	4.000000E+0
24-Apr-25	20:20:30	1.000000E-5	-3.234150E-1	-8.000000E-5	3.005000E-5	1.810000E-5	2.710000E-3	2.000000E-5	0.000000E+0	0.000000E+0	1.964247E-4	2.976042E-9	0.000000E+0	0.000000E+0	1.999959E+1	0.000000E+0	4.000000E+0
24-Apr-25	20:20:30	1.000000E-5	-3.324300E-1	-8.000000E-5	3.005000E-5	1.815000E-5	2.710000E-3	2.000000E-5	0.000000E+0	0.000000E+0	1.964247E-4	2.976042E-9	0.000000E+0	0.000000E+0	1.999959E+1	0.000000E+0	4.000000E+0
24-Apr-25	20:20:31	1.000000E-5	-3.405150E-1	-8.000000E-5	3.000000E-5	1.815000E-5	2.710000E-3	2.000000E-5	0.000000E+0	0.000000E+0	1.964247E-4	2.976042E-9	0.000000E+0	0.000000E+0	1.999959E+1	0.000000E+0	4.000000E+0
24-Apr-25	20:20:31	1.000000E-5	-3.486100E-1	-8.000000E-5	2.995000E-5	1.810000E-5	2.710000E-3	2.000000E-5	0.000000E+0	0.000000E+0	1.964247E-4	2.976042E-9	0.000000E+0	0.000000E+0	1.999959E+1	0.000000E+0	4.000000E+0
24-Apr-25	20:20:32	1.000000E-5	-3.593800E-1	-8.000000E-5	2.995000E-5	1.810000E-5	2.710000E-3	2.000000E-5	0.000000E+0	0.000000E+0	1.964247E-4	2.976042E-9	0.000000E+0	0.000000E+0	1.999959E+1	0.000000E+0	4.000000E+0
24-Apr-25	20:20:32	1.000000E-5	-3.674750E-1	-8.000000E-5	2.980000E-5	1.815000E-5	2.710000E-3	2.000000E-5	0.000000E+0	0.000000E+0	1.964247E-4	2.976042E-9	0.000000E+0	0.000000E+0	1.999959E+1	0.000000E+0	4.000000E+0
24-Apr-25	20:20:33	1.000000E-5	-3.765300E-1	-8.000000E-5	2.970000E-5	1.820000E-5	2.710000E-3	2.000000E-5	0.000000E+0	0.000000E+0	1.964247E-4	2.976042E-9	0.000000E+0	0.000000E+0	1.999959E+1	0.000000E+0	4.000000E+0
24-Apr-25	20:20:33	1.000000E-5	-3.855000E-1	-8.000000E-5	2.965000E-5	1.815000E-5	2.710000E-3	2.000000E-5	0.000000E+0	0.000000E+0	1.964247E-4	2.976042E-9	0.000000E+0	0.000000E+0	1.999959E+1	0.000000E+0	4.000000E+0
24-Apr-25	20:20:34	1.000000E-5	-3.944850E-1	-8.000000E-5	2.960000E-5	1.815000E-5	2.710000E-3	2.000000E-5	0.000000E+0	0.000000E+0	1.964247E-4	2.976042E-9	0.000000E+0	0.000000E+0	1.999959E+1	0.000000E+0	4.000000E+0
24-Apr-25	20:20:34	1.000000E-5	-4.034400E-1	-8.000000E-5	2.960000E-5	1.815000E-5	2.710000E-3	2.000000E-5	0.000000E+0	0.000000E+0	1.964247E-4	2.976042E-9	0.000000E+0	0.000000E+0	1.999959E+1	0.000000E+0	4.000000E+0
24-Apr-25	20:20:35	1.000000E-5	-4.163150E-1	-8.000000E-5	2.955000E-5	1.820000E-5	2.710000E-3	2.000000E-5	0.000000E+0	0.000000E+0	1.964247E-4	2.976042E-9	0.000000E+0	0.000000E+0	1.999959E+1	0.000000E+0	4.000000E+0
24-Apr-25	20:20:35	1.000000E-5	-4.253250E-1	-8.000000E-5	2.955000E-5	1.820000E-5	2.710000E-3	2.000000E-5	0.000000E+0	0.000000E+0	1.964247E-4	2.976042E-9	0.000000E+0	0.000000E+0	1.999959E+1	0.000000E+0	4.000000E+0
24-Apr-25	20:20:36	1.000000E-5	-4.334050E-1	-8.000000E-5	2.945000E-5	1.820000E-5	2.710000E-3	2.000000E-5	0.000000E+0	0.000000E+0	1.964247E-4	2.976042E-9	0.000000E+0	0.000000E+0	1.999959E+1	0.000000E+0	4.000000E+0
24-Apr-25	20:20:36	1.000000E-5	-4.423900E-1	-8.000000E-5	2.935000E-5	1.820000E-5	2.710000E-3	2.000000E-5	0.000000E+0	0.000000E+0	1.964247E-4	2.976042E-9	0.000000E+0	0.000000E+0	1.999959E+1	0.000000E+0	4.000000E+0
24-Apr-25	20:20:37	1.000000E-5	-4.513550E-1	-8.000000E-5	2.935000E-5	1.820000E-5	2.710000E-3	2.000000E-5	0.000000E+0	0.000000E+0	1.964247E-4	2.976042E-9	0.000000E+0	0.000000E+0	1.999959E+1	0.000000E+0	4.000000E+0
24-Apr-25	20:20:37	1.000000E-5	-4.603550E-1	-8.000000E-5	2.930000E-5	1.820000E-5	2.710000E-3	2.000000E-5	0.000000E+0	0.000000E+0	1.964247E-4	2.976042E-9	0.000000E+0	0.000000E+0	1.999959E+1	0.000000E+0	4.000000E+0
24-Apr-25	20:20:38	1.000000E-5	-4.693750E-1	-8.000000E-5	2.915000E-5	1.815000E-5	2.710000E-3	2.000000E-5	0.000000E+0	0.000000E+0	1.964247E-4	2.976042E-9	0.000000E+0	0.000000E+0	1.999959E+1	0.000000E+0	4.000000E+0
24-Apr-25	20:20:38	1.000000E-5	-4.783700E-1	-8.000000E-5	2.910000E-5	1.815000E-5	2.710000E-3	2.000000E-5	0.000000E+0	0.000000E+0	1.964247E-4	2.976042E-9	0.000000E+0	0.000000E+0	1.999959E+1	0.000000E+0	4.000000E+0
24-Apr-25	20:20:39	1.000000E-5	-4.873450E-1	-8.000000E-5	2.910000E-5	1.820000E-5	2.710000E-3	2.000000E-5	0.000000E+0	0.000000E+0	1.964247E-4	2.976042E-9	0.000000E+0	0.000000E+0	1.999959E+1	0.000000E+0	4.000000E+0
24-Apr-25	20:20:40	1.000000E-5	-4.981200E-1	-8.000000E-5	2.900000E-5	1.820000E-5	2.710000E-3	2.000000E-5	0.000000E+0	0.000000E+0	1.964247E-4	2.976042E-9	0.000000E+0	0.000000E+0	1.999959E+1	0.000000E+0	4.000000E+0
24-Apr-25	20:20:40	1.000000E-5	-5.109950E-1	-8.000000E-5	2.895000E-5	1.820000E-5	2.710000E-3	2.000000E-5	0.000000E+0	0.000000E+0	1.964247E-4	2.976042E-9	0.000000E+0	0.000000E+0	1.999959E+1	0.000000E+0	4.000000E+0
24-Apr-25	20:20:41	1.000000E-5	-5.191050E-1	-8.000000E-5	2.890000E-5	1.820000E-5	2.710000E-3	2.000000E-5	0.000000E+0	0.000000E+0	1.964247E-4	2.976042E-9	0.000000E+0	0.000000E+0	1.999959E+1	0.000000E+0	4.000000E+0
24-Apr-25	20:20:41	1.000000E-5	-5.280950E-1	-8.000000E-5	2.880000E-5	1.825000E-5	2.710000E-3	2.000000E-5	0.000000E+0	0.000000E+0	1.964247E-4	2.976042E-9	0.000000E+0	0.000000E+0	1.999959E+1	0.000000E+0	4.000000E+0
24-Apr-25	20:20:42	1.000000E-5	-5.388800E-1	-8.000000E-5	2.875000E-5	1.825000E-5	2.710000E-3	2.000000E-5	0.000000E+0	0.000000E+0	1.964247E-4	2.976042E-9	0.000000E+0	0.000000E+0	1.999959E+1	0.000000E+0	4.000000E+0
24-Apr-25	20:20:43	1.000000E-5	-5.478750E-1	-8.000000E-5	2.870000E-5	1.825000E-5	2.710000E-3	2.000000E-5	0.000000E+0	0.000000E+0	1.964247E-4	2.976042E-9	0.000000E+0	0.000000E+0	1.999959E+1	0.000000E+0	4.000000E+0
24-Apr-25	20:20:43	1.000000E-5	-5.606200E-1	-8.000000E-5	2.860000E-5	1.830000E-5	2.710000E-3	2.000000E-5	0.000000E+0	0.000000E+0	1.964247E-4	2.976042E-9	0.000000E+0	0.000000E+0	1.999959E+1	0.000000E+0	4.000000E+0
24-Apr-25	20:20:43	1.000000E-5	-5.685900E-1	-8.000000E-5	2.855000E-5	1.825000E-5	2.710000E-3	2.000000E-5	0.000000E+0	0.000000E+0	1.964247E-4	2.976042E-9	0.000000E+0	0.000000E+0	1.999959E+1	0.000000E+0	4.000000E+0
24-Apr-25	20:20:44	1.000000E-5	-5.778600E-1	-8.000000E-5	2.845000E-5	1.830000E-5	2.710000E-3	2.000000E-5	0.000000E+0	0.000000E+0	1.964247E-4	2.976042E-9	0.000000E+0	0.000000E+0	1.999959E+1	0.000000E+0	4.000000E+0
24-Apr-25	20:20:44	1.000000E-5	-5.868250E-1	-8.000000E-5	2.845000E-5	1.825000E-5	2.710000E-3	2.000000E-5	0.000000E+0	0.000000E+0	1.964247E-4	2.976042E-9	0.000000E+0	0.000000E+0	1.999959E+1	0.000000E+0	4.000000E+0
24-Apr-25	20:20:45	1.000000E-5	-5.957850E-1	-8.000000E-5	2.840000E-5	1.825000E-5	2.710000E-3	2.000000E-5	0.000000E+0	0.000000E+0	1.964247E-4	2.976042E-9	0.000000E+0	0.000000E+0	1.999959E+1	0.000000E+0	4.000000E+0
24-Apr-25	20:20:46	1.000000E-5	-6.047750E-1	-8.000000E-5	2.830000E-5	1.825000E-5	2.710000E-3	2.000000E-5	0.000000E+0	0.000000E+0	1.964247E-4	2.976042E-9	0.000000E+0	0.000000E+0	1.999959E+1	0.000000E+0	4.000000E+0
24-Apr-25	20:20:46	1.000000E-5	-6.174050E-1	-8.000000E-5	2.825000E-5	1.830000E-5	2.710000E-3	2.000000E-5	0.000000E+0	0.000000E+0	1.964247E-4	2.976042E-9	0.000000E+0	0.000000E+0	1.999959E+1	0.000000E+0	4.000000E+0
24-Apr-25	20:20:47	1.000000E-5	-6.299800E-1	-8.000000E-5	2.815000E-5	1.830000E-5	2.710000E-3	2.000000E-5	0.000000E+0	0.000000E+0	1.964247E-4	2.976042E-9	0.000000E+0	0.000000E+0	1.999959E+1	0.000000E+0	4.000000E+0
24-Apr-25	20:20:47	1.000000E-5	-6.389650E-1	-8.000000E-5	2.810000E-5	1.830000E-5	2.710000E-3	2.000000E-5	0.000000E+0	0.000000E+0	1.964247E-4	2.976042E-9	0.000000E+0	0.000000E+0	1.999959E+1	0.000000E+0	4.000000E+0
24-Apr-25	20:20:48	1.000000E-5	-6.479500E-1	-8.000000E-5	2.800000E-5	1.835000E-5	2.710000E-3	2.000000E-5	0.000000E+0	0.000000E+0	1.964247E-4	2.976042E-9	0.000000E+0	0.000000E+0	1.999959E+1	0.000000E+0	4.000000E+0
24-Apr-25	20:20:49	1.000000E-5	-6.569500E-1	-8.000000E-5	2.795000E-5	1.830000E-5	2.710000E-3	2.000000E-5	0.000000E+0	0.000000E+0	1.964247E-4	2.976042E-9	0.000000E+0	0.000000E+0	1.999959E+1	0.000000E+0	4.000000E+0
24-Apr-25	20:20:49	1.000000E-5	-6.698450E-1	-8.000000E-5	2.780000E-5	1.835000E-5	2.710000E-3	2.000000E-5	0.000000E+0	0.000000E+0	1.964247E-4	2.976042E-9	0.000000E+0	0.000000E+0	1.999959E+1	0.000000E+0	4.000000E+0
24-Apr-25	20:20:50	1.000000E-5	-6.788350E-1	-8.000000E-5	2.775000E-5	1.830000E-5	2.710000E-3	2.000000E-5	0.000000E+0	0.000000E+0	1.964247E-4	2.976042E-9	0.000000E+0	0.000000E+0	1.999959E+1	0.000000E+0	4.000000E+0
24-Apr-25	20:20:50	1.000000E-5	-6.869000E-1	-8.000000E-5	2.770000E-5	1.835000E-5	2.710000E-3	2.000000E-5	0.000000E+0	0.000000E+0	1.964247E-4	2.976042E-9	0.000000E+0	0.000000E+0	1.999959E+1	0.000000E+0	4.000000E+0
24-Apr-25	20:20:51	1.000000E-5	-6.958800E-1	-8.000000E-5	2.765000E-5	1.830000E-5	2.710000E-3	2.000000E-5	0.000000E+0	0.000000E+0	1.964247E-4	2.976042E-9	0.000000E+0	0.000000E+0	1.999959E+1	0.000000E+0	4.000000E+0
24-Apr-25	20:20:51	1.000000E-5	-7.058050E-1	-8.000000E-5	2.760000E-5	1.835000E-5	2.710000E-3	2.000000E-5	0.000000E+0	0.000000E+0	1.964247E-4	2.976042E-9	0.000000E+0	0.000000E+0	1.999959E+1	0.000000E+0	4.000000E+0
24-Apr-25	20:20:52	1.000000E-5	-7.157100E-1	-8.000000E-5	2.750000E-5	1.830000E-5	2.710000E-3	2.000000E-5	0.000000E+0	0.000000E+0	1.964247E-4	2.976042E-9	0.000000E+0	0.000000E+0	1.999959E+1	0.000000E+0	4.000000E+0
24-Apr-25	20:20:52	1.000000E-5	-7.237900E-1	-8.000000E-5	2.745000E-5	1.835000E-5	2.710000E-3	2.000000E-5	0.000000E+0	0.000000E+0	1.964247E-4	2.976042E-9	0.000000E+0	0.000000E+0	1.999959E+1	0.000000E+0	4.000000E+0
24-Apr-25	20:20:53	1.000000E-5	-7.365400E-1	-8.000000E-5	2.735000E-5	1.835000E-5	2.710000E-3	2.000000E-5	0.000000E+0	0.000000E+0	1.964247E-4	2.976042E-9	0.000000E+0	0.000000E+0	1.999959E+1	0.000000E+0	4.000000E+0
24-Apr-25	20:20:54	1.000000E-5	-7.492900E-1	-8.000000E-5	2.735000E-5	1.840000E-5	2.710000E-3	2.000000E-5	0.000000E+0	0.000000E+0	1.964247E-4	2.976042E-9	0.000000E+0	0.000000E+0	1.999959E+1	0.000000E+0	4.000000E+0
24-Apr-25	20:20:54	1.000000E-5	-7.583150E-1	-8.000000E-5	2.720000E-5	1.835000E-5	2.710000E-3	2.000000E-5	0.000000E+0	0.000000E+0	1.964247E-4	2.976042E-9	0.000000E+0	0.000000E+0	1.999959E+1	0.000000E+0	4.000000E+0
24-Apr-25	20:20:55	1.000000E-5	-7.672700E-1	-8.000000E-5	2.710000E-5	1.840000E-5	2.710000E-3	2.000000E-5	0.000000E+0	0.000000E+0	1.964247E-4	2.976042E-9	0.000000E+0	0.000000E+0	1.999959E+1	0.000000E+0	4.000000E+0
24-Apr-25	20:20:55	1.000000E-5	-7.789350E-1	-8.000000E-5	2.705000E-5	1.840000E-5	2.710000E-3	2.000000E-5	0.000000E+0	0.000000E+0	1.964247E-4	2.976042E-9	0.000000E+0	0.000000E+0	1.999959E+1	0.000000E+0	4.000000E+0
24-Apr-25	20:20:56	1.000000E-5	-7.879050E-1	-8.000000E-5	2.695000E-5	1.840000E-5	2.710000E-3	2.000000E-5	0.000000E+0	0.000000E+0	1.964247E-4	2.976042E-9	0.000000E+0	0.000000E+0	1.999959E+1	0.000000E+0	4.000000E+0
24-Apr-25	20:20:57	1.000000E-5	-8.008100E-1	-8.000000E-5	2.690000E-5	1.835000E-5	2.710000E-3	2.000000E-5	0.000000E+0	0.000000E+0	1.964247E-4	2.976042E-9	0.000000E+0	0.000000E+0	1.999959E+1	0.000000E+0	4.000000E+0
24-Apr-25	20:20:57	1.000000E-5	-8.115800E-1	-8.000000E-5	2.685000E-5	1.835000E-5	2.710000E-3	2.000000E-5	0.000000E+0	0.000000E+0	1.964247E-4	2.976042E-9	0.000000E+0	0.000000E+0	1.999959E+1	0.000000E+0	4.000000E+0
24-Apr-25	20:20:58	1.000000E-5	-8.205700E-1	-8.000000E-5	2.670000E-5	1.840000E-5	2.710000E-3	2.000000E-5	0.000000E+0	0.000000E+0	1.964247E-4	2.976042E-9	0.000000E+0	0.000000E+0	1.999959E+1	0.000000E+0	4.000000E+0
24-Apr-25	20:20:58	1.000000E-5	-8.295500E-1	-8.000000E-5	2.665000E-5	1.840000E-5	2.710000E-3	2.000000E-5	0.000000E+0	0.000000E+0	1.964247E-4	2.976042E-9	0.000000E+0	0.000000E+0	1.999959E+1	0.000000E+0	4.000000E+0
24-Apr-25	20:20:59	1.000000E-5	-8.385250E-1	-8.000000E-5	2.655000E-5	1.840000E-5	2.710000E-3	2.000000E-5	0.000000E+0	0.000000E+0	1.964247E-4	2.976042E-9	0.000000E+0	0.000000E+0	1.999959E+1	0.000000E+0	4.000000E+0
24-Apr-25	20:20:59	1.000000E-5	-8.475650E-1	-8.000000E-5	2.650000E-5	1.840000E-5	2.710000E-3	2.000000E-5	0.000000E+0	0.000000E+0	1.964247E-4	2.976042E-9	0.000000E+0	0.000000E+0	1.999959E+1	0.000000E+0	4.000000E+0
24-Apr-25	20:21:00	1.000000E-5	-8.565550E-1	-8.000000E-5	2.645000E-5	1.845000E-5	2.710000E-3	2.000000E-5	0.000000E+0	0.000000E+0	1.964247E-4	2.976042E-9	0.000000E+0	0.000000E+0	1.999959E+1	0.000000E+0	4.000000E+0
24-Apr-25	20:21:00	1.000000E-5	-8.655050E-1	-8.000000E-5	2.645000E-5	1.845000E-5	2.710000E-3	2.000000E-5	0.000000E+0	0.000000E+0	1.964247E-4	2.976042E-9	0.000000E+0	0.000000E+0	1.999959E+1	0.000000E+0	4.000000E+0
24-Apr-25	20:21:01	1.000000E-5	-8.753850E-1	-8.000000E-5	2.635000E-5	1.840000E-5	2.710000E-3	2.000000E-5	0.000000E+0	0.000000E+0	1.964247E-4	2.976042E-9	0.000000E+0	0.000000E+0	1.999959E+1	0.000000E+0	4.000000E+0
24-Apr-25	20:21:01	1.000000E-5	-8.843650E-1	-8.000000E-5	2.625000E-5	1.850000E-5	2.710000E-3	2.000000E-5	0.000000E+0	0.000000E+0	1.964247E-4	2.976042E-9	0.000000E+0	0.000000E+0	1.999959E+1	0.000000E+0	4.000000E+0
24-Apr-25	20:21:02	1.000000E-5	-8.933500E-1	-8.000000E-5	2.620000E-5	1.845000E-5	2.710000E-3	2.000000E-5	0.000000E+0	0.000000E+0	1.964247E-4	2.976042E-9	0.000000E+0	0.000000E+0	1.999959E+1	0.000000E+0	4.000000E+0
24-Apr-25	20:21:02	1.000000E-5	-9.023900E-1	-8.000000E-5	2.615000E-5	1.845000E-5	2.710000E-3	2.000000E-5	0.000000E+0	0.000000E+0	1.964247E-4	2.976042E-9	0.000000E+0	0.000000E+0	1.999959E+1	0.000000E+0	4.000000E+0
24-Apr-25	20:21:03	1.000000E-5	-9.122450E-1	-8.000000E-5	2.610000E-5	1.850000E-5	2.710000E-3	2.000000E-5	0.000000E+0	0.000000E+0	1.964247E-4	2.976042E-9	0.000000E+0	0.000000E+0	1.999959E+1	0.000000E+0	4.000000E+0
24-Apr-25	20:21:03	1.000000E-5	-9.221400E-1	-8.000000E-5	2.605000E-5	1.850000E-5	2.710000E-3	2.000000E-5	0.000000E+0	0.000000E+0	1.964247E-4	2.976042E-9	0.000000E+0	0.000000E+0	1.999959E+1	0.000000E+0	4.000000E+0
24-Apr-25	20:21:04	1.000000E-5	-9.311350E-1	-8.000000E-5	2.600000E-5	1.845000E-5	2.710000E-3	2.000000E-5	0.000000E+0	0.000000E+0	1.964247E-4	2.976042E-9	0.000000E+0	0.000000E+0	1.999959E+1	0.000000E+0	4.000000E+0
24-Apr-25	20:21:04	1.000000E-5	-9.401450E-1	-8.000000E-5	2.595000E-5	1.850000E-5	2.710000E-3	2.000000E-5	0.000000E+0	0.000000E+0	1.964247E-4	2.976042E-9	0.000000E+0	0.000000E+0	1.999959E+1	0.000000E+0	4.000000E+0
24-Apr-25	20:21:05	1.000000E-5	-9.503650E-1	-8.000000E-5	2.585000E-5	1.850000E-5	2.710000E-3	2.000000E-5	0.000000E+0	0.000000E+0	1.964247E-4	2.976042E-9	0.000000E+0	0.000000E+0	1.999959E+1	0.000000E+0	4.000000E+0
24-Apr-25	20:21:05	1.000000E-5	-9.620050E-1	-8.000000E-5	2.580000E-5	1.850000E-5	2.710000E-3	2.000000E-5	0.000000E+0	0.000000E+0	1.964247E-4	2.976042E-9	0.000000E+0	0.000000E+0	1.999959E+1	0.000000E+0	4.000000E+0
24-Apr-25	20:21:06	1.000000E-5	-9.709800E-1	-8.000000E-5	2.570000E-5	1.850000E-5	2.710000E-3	2.000000E-5	0.000000E+0	0.000000E+0	1.964247E-4	2.976042E-9	0.000000E+0	0.000000E+0	1.999959E+1	0.000000E+0	4.000000E+0
24-Apr-25	20:21:06	1.000000E-5	-9.809850E-1	-8.000000E-5	2.565000E-5	1.850000E-5	2.710000E-3	2.000000E-5	0.000000E+0	0.000000E+0	1.964247E-4	2.976042E-9	0.000000E+0	0.000000E+0	1.999959E+1	0.000000E+0	4.000000E+0
24-Apr-25	20:21:07	1.000000E-5	-9.900150E-1	-8.000000E-5	2.555000E-5	1.850000E-5	2.710000E-3	2.000000E-5	0.000000E+0	0.000000E+0	1.964247E-4	2.976042E-9	0.000000E+0	0.000000E+0	1.999959E+1	0.000000E+0	4.000000E+0
24-Apr-25	20:21:07	1.000000E-5	-9.982500E-1	-8.000000E-5	2.550000E-5	1.850000E-5	2.710000E-3	2.000000E-5	0.000000E+0	0.000000E+0	1.964247E-4	2.976042E-9	0.000000E+0	0.000000E+0	1.999959E+1	0.000000E+0	4.000000E+0
24-Apr-25	20:21:08	1.000000E-5	-1.010830E+0	-8.000000E-5	2.540000E-5	1.850000E-5	2.710000E-3	2.000000E-5	0.000000E+0	0.000000E+0	1.964247E-4	2.976042E-9	0.000000E+0	0.000000E+0	1.999959E+1	0.000000E+0	4.000000E+0
24-Apr-25	20:21:09	1.000000E-5	-1.025355E+0	-8.000000E-5	2.530000E-5	1.850000E-5	2.710000E-3	2.000000E-5	0.000000E+0	0.000000E+0	1.964247E-4	2.976042E-9	0.000000E+0	0.000000E+0	1.999959E+1	0.000000E+0	4.000000E+0
24-Apr-25	20:21:09	1.000000E-5	-1.035110E+0	-8.000000E-5	2.520000E-5	1.850000E-5	2.710000E-3	2.000000E-5	0.000000E+0	0.000000E+0	1.964247E-4	2.976042E-9	0.000000E+0	0.000000E+0	1.999959E+1	0.000000E+0	4.000000E+0
24-Apr-25	20:21:10	1.000000E-5	-1.044135E+0	-8.000000E-5	2.515000E-5	1.850000E-5	2.710000E-3	2.000000E-5	0.000000E+0	0.000000E+0	1.964247E-4	2.976042E-9	0.000000E+0	0.000000E+0	1.999959E+1	0.000000E+0	4.000000E+0
24-Apr-25	20:21:11	1.000000E-5	-1.053230E+0	-8.000000E-5	2.505000E-5	1.855000E-5	2.710000E-3	2.000000E-5	0.000000E+0	0.000000E+0	1.964247E-4	2.976042E-9	0.000000E+0	0.000000E+0	1.999959E+1	0.000000E+0	4.000000E+0
24-Apr-25	20:21:11	1.000000E-5	-1.064155E+0	-8.000000E-5	2.500000E-5	1.855000E-5	2.710000E-3	2.000000E-5	0.000000E+0	0.000000E+0	1.964247E-4	2.976042E-9	0.000000E+0	0.000000E+0	1.999959E+1	0.000000E+0	4.000000E+0
24-Apr-25	20:21:12	1.000000E-5	-1.073145E+0	-8.000000E-5	2.495000E-5	1.855000E-5	2.710000E-3	2.000000E-5	0.000000E+0	0.000000E+0	1.964247E-4	2.976042E-9	0.000000E+0	0.000000E+0	1.999959E+1	0.000000E+0	4.000000E+0
24-Apr-25	20:21:12	1.000000E-5	-1.081235E+0	-8.000000E-5	2.490000E-5	1.860000E-5	2.710000E-3	2.000000E-5	0.000000E+0	0.000000E+0	1.964247E-4	2.976042E-9	0.000000E+0	0.000000E+0	1.999959E+1	0.000000E+0	4.000000E+0
24-Apr-25	20:21:13	1.000000E-5	-1.094750E+0	-8.000000E-5	2.480000E-5	1.860000E-5	2.710000E-3	2.000000E-5	0.000000E+0	0.000000E+0	1.964247E-4	2.976042E-9	0.000000E+0	0.000000E+0	1.999959E+1	0.000000E+0	4.000000E+0
24-Apr-25	20:21:13	1.000000E-5	-1.107650E+0	-8.000000E-5	2.475000E-5	1.860000E-5	2.710000E-3	2.000000E-5	0.000000E+0	0.000000E+0	1.964247E-4	2.976042E-9	0.000000E+0	0.000000E+0	1.999959E+1	0.000000E+0	4.000000E+0
24-Apr-25	20:21:14	1.000000E-5	-1.116635E+0	-8.000000E-5	2.465000E-5	1.855000E-5	2.710000E-3	2.000000E-5	0.000000E+0	0.000000E+0	1.964247E-4	2.976042E-9	0.000000E+0	0.000000E+0	1.999959E+1	0.000000E+0	4.000000E+0
24-Apr-25	20:21:14	1.000000E-5	-1.124715E+0	-8.000000E-5	2.460000E-5	1.860000E-5	2.710000E-3	2.000000E-5	0.000000E+0	0.000000E+0	1.964247E-4	2.976042E-9	0.000000E+0	0.000000E+0	1.999959E+1	0.000000E+0	4.000000E+0
24-Apr-25	20:21:15	1.000000E-5	-1.133775E+0	-8.000000E-5	2.445000E-5	1.860000E-5	2.710000E-3	2.000000E-5	0.000000E+0	0.000000E+0	1.964247E-4	2.976042E-9	0.000000E+0	0.000000E+0	1.999959E+1	0.000000E+0	4.000000E+0
24-Apr-25	20:21:16	1.000000E-5	-1.143645E+0	-8.000000E-5	2.440000E-5	1.860000E-5	2.710000E-3	2.000000E-5	0.000000E+0	0.000000E+0	1.964247E-4	2.976042E-9	0.000000E+0	0.000000E+0	1.999959E+1	0.000000E+0	4.000000E+0
24-Apr-25	20:21:16	1.000000E-5	-1.152620E+0	-8.000000E-5	2.430000E-5	1.860000E-5	2.710000E-3	2.000000E-5	0.000000E+0	0.000000E+0	1.964247E-4	2.976042E-9	0.000000E+0	0.000000E+0	1.999959E+1	0.000000E+0	4.000000E+0
24-Apr-25	20:21:17	1.000000E-5	-1.161610E+0	-8.000000E-5	2.425000E-5	1.860000E-5	2.710000E-3	2.000000E-5	0.000000E+0	0.000000E+0	1.964247E-4	2.976042E-9	0.000000E+0	0.000000E+0	1.999959E+1	0.000000E+0	4.000000E+0
24-Apr-25	20:21:17	1.000000E-5	-1.172355E+0	-8.000000E-5	2.420000E-5	1.860000E-5	2.710000E-3	2.000000E-5	0.000000E+0	0.000000E+0	1.964247E-4	2.976042E-9	0.000000E+0	0.000000E+0	1.999959E+1	0.000000E+0	4.000000E+0
24-Apr-25	20:21:18	1.000000E-5	-1.181370E+0	-8.000000E-5	2.410000E-5	1.860000E-5	2.710000E-3	2.000000E-5	0.000000E+0	0.000000E+0	1.964247E-4	2.976042E-9	0.000000E+0	0.000000E+0	1.999959E+1	0.000000E+0	4.000000E+0
24-Apr-25	20:21:18	1.000000E-5	-1.190360E+0	-8.000000E-5	2.405000E-5	1.860000E-5	2.710000E-3	2.000000E-5	0.000000E+0	0.000000E+0	1.964247E-4	2.976042E-9	0.000000E+0	0.000000E+0	1.999959E+1	0.000000E+0	4.000000E+0
24-Apr-25	20:21:19	1.000000E-5	-1.199360E+0	-8.000000E-5	2.400000E-5	1.860000E-5	2.710000E-3	2.000000E-5	0.000000E+0	0.000000E+0	1.964247E-4	2.976042E-9	0.000000E+0	0.000000E+0	1.999959E+1	0.000000E+0	4.000000E+0
24-Apr-25	20:21:19	1.000000E-5	-1.212075E+0	-8.000000E-5	2.390000E-5	1.860000E-5	2.710000E-3	2.000000E-5	0.000000E+0	0.000000E+0	1.964247E-4	2.976042E-9	0.000000E+0	0.000000E+0	1.999959E+1	0.000000E+0	4.000000E+0
24-Apr-25	20:21:20	1.000000E-5	-1.220325E+0	-8.000000E-5	2.385000E-5	1.865000E-5	2.710000E-3	2.000000E-5	0.000000E+0	0.000000E+0	1.964247E-4	2.976042E-9	0.000000E+0	0.000000E+0	1.999959E+1	0.000000E+0	4.000000E+0
24-Apr-25	20:21:20	1.000000E-5	-1.229350E+0	-8.000000E-5	2.375000E-5	1.865000E-5	2.710000E-3	2.000000E-5	0.000000E+0	0.000000E+0	1.964247E-4	2.976042E-9	0.000000E+0	0.000000E+0	1.999959E+1	0.000000E+0	4.000000E+0
24-Apr-25	20:21:21	1.000000E-5	-1.237430E+0	-8.000000E-5	2.370000E-5	1.865000E-5	2.710000E-3	2.000000E-5	0.000000E+0	0.000000E+0	1.964247E-4	2.976042E-9	0.000000E+0	0.000000E+0	1.999959E+1	0.000000E+0	4.000000E+0
24-Apr-25	20:21:21	1.000000E-5	-1.246400E+0	-8.000000E-5	2.365000E-5	1.865000E-5	2.710000E-3	2.000000E-5	0.000000E+0	0.000000E+0	1.964247E-4	2.976042E-9	0.000000E+0	0.000000E+0	1.999959E+1	0.000000E+0	4.000000E+0
24-Apr-25	20:21:22	1.000000E-5	-1.255395E+0	-8.000000E-5	2.355000E-5	1.865000E-5	2.710000E-3	2.000000E-5	0.000000E+0	0.000000E+0	1.964247E-4	2.976042E-9	0.000000E+0	0.000000E+0	1.999959E+1	0.000000E+0	4.000000E+0
24-Apr-25	20:21:22	1.000000E-5	-1.266150E+0	-8.000000E-5	2.350000E-5	1.865000E-5	2.710000E-3	2.000000E-5	0.000000E+0	0.000000E+0	1.964247E-4	2.976042E-9	0.000000E+0	0.000000E+0	1.999959E+1	0.000000E+0	4.000000E+0
24-Apr-25	20:21:23	1.000000E-5	-1.275185E+0	-8.000000E-5	2.340000E-5	1.870000E-5	2.710000E-3	2.000000E-5	0.000000E+0	0.000000E+0	1.964247E-4	2.976042E-9	0.000000E+0	0.000000E+0	1.999959E+1	0.000000E+0	4.000000E+0
24-Apr-25	20:21:23	1.000000E-5	-1.283270E+0	-8.000000E-5	2.335000E-5	1.870000E-5	2.710000E-3	2.000000E-5	0.000000E+0	0.000000E+0	1.964247E-4	2.976042E-9	0.000000E+0	0.000000E+0	1.999959E+1	0.000000E+0	4.000000E+0
24-Apr-25	20:21:24	1.000000E-5	-1.292275E+0	-8.000000E-5	2.330000E-5	1.870000E-5	2.710000E-3	2.000000E-5	0.000000E+0	0.000000E+0	1.964247E-4	2.976042E-9	0.000000E+0	0.000000E+0	1.999959E+1	0.000000E+0	4.000000E+0
24-Apr-25	20:21:24	1.000000E-5	-1.300345E+0	-8.000000E-5	2.325000E-5	1.870000E-5	2.710000E-3	2.000000E-5	0.000000E+0	0.000000E+0	1.964247E-4	2.976042E-9	0.000000E+0	0.000000E+0	1.999959E+1	0.000000E+0	4.000000E+0
24-Apr-25	20:21:25	1.000000E-5	-1.309365E+0	-8.000000E-5	2.320000E-5	1.875000E-5	2.710000E-3	2.000000E-5	0.000000E+0	0.000000E+0	1.964247E-4	2.976042E-9	0.000000E+0	0.000000E+0	1.999959E+1	0.000000E+0	4.000000E+0
24-Apr-25	20:21:25	1.000000E-5	-1.317450E+0	-8.000000E-5	2.305000E-5	1.870000E-5	2.710000E-3	2.000000E-5	0.000000E+0	0.000000E+0	1.964247E-4	2.976042E-9	0.000000E+0	0.000000E+0	1.999959E+1	0.000000E+0	4.000000E+0
24-Apr-25	20:21:26	1.000000E-5	-1.326475E+0	-8.000000E-5	2.305000E-5	1.870000E-5	2.710000E-3	2.000000E-5	0.000000E+0	0.000000E+0	1.964247E-4	2.976042E-9	0.000000E+0	0.000000E+0	1.999959E+1	0.000000E+0	4.000000E+0
24-Apr-25	20:21:26	1.000000E-5	-1.335425E+0	-8.000000E-5	2.300000E-5	1.870000E-5	2.710000E-3	2.000000E-5	0.000000E+0	0.000000E+0	1.964247E-4	2.976042E-9	0.000000E+0	0.000000E+0	1.999959E+1	0.000000E+0	4.000000E+0
24-Apr-25	20:21:27	1.000000E-5	-1.344435E+0	-8.000000E-5	2.290000E-5	1.875000E-5	2.710000E-3	2.000000E-5	0.000000E+0	0.000000E+0	1.964247E-4	2.976042E-9	0.000000E+0	0.000000E+0	1.999959E+1	0.000000E+0	4.000000E+0
24-Apr-25	20:21:28	1.000000E-5	-1.357110E+0	-8.000000E-5	2.275000E-5	1.870000E-5	2.710000E-3	2.000000E-5	0.000000E+0	0.000000E+0	1.964247E-4	2.976042E-9	0.000000E+0	0.000000E+0	1.999959E+1	0.000000E+0	4.000000E+0
24-Apr-25	20:21:28	1.000000E-5	-1.369000E+0	-8.000000E-5	2.270000E-5	1.870000E-5	2.710000E-3	2.000000E-5	0.000000E+0	0.000000E+0	1.964247E-4	2.976042E-9	0.000000E+0	0.000000E+0	1.999959E+1	0.000000E+0	4.000000E+0
24-Apr-25	20:21:29	1.000000E-5	-1.377975E+0	-8.000000E-5	2.270000E-5	1.870000E-5	2.710000E-3	2.000000E-5	0.000000E+0	0.000000E+0	1.964247E-4	2.976042E-9	0.000000E+0	0.000000E+0	1.999959E+1	0.000000E+0	4.000000E+0
24-Apr-25	20:21:29	1.000000E-5	-1.386960E+0	-8.000000E-5	2.260000E-5	1.875000E-5	2.710000E-3	2.000000E-5	0.000000E+0	0.000000E+0	1.964247E-4	2.976042E-9	0.000000E+0	0.000000E+0	1.999959E+1	0.000000E+0	4.000000E+0
24-Apr-25	20:21:30	1.000000E-5	-1.395935E+0	-8.000000E-5	2.260000E-5	1.870000E-5	2.710000E-3	2.000000E-5	0.000000E+0	0.000000E+0	1.964247E-4	2.976042E-9	0.000000E+0	0.000000E+0	1.999959E+1	0.000000E+0	4.000000E+0
24-Apr-25	20:21:30	1.000000E-5	-1.404945E+0	-8.000000E-5	2.255000E-5	1.875000E-5	2.710000E-3	2.000000E-5	0.000000E+0	0.000000E+0	1.964247E-4	2.976042E-9	0.000000E+0	0.000000E+0	1.999959E+1	0.000000E+0	4.000000E+0
24-Apr-25	20:21:31	1.000000E-5	-1.413955E+0	-8.000000E-5	2.245000E-5	1.880000E-5	2.710000E-3	2.000000E-5	0.000000E+0	0.000000E+0	1.964247E-4	2.976042E-9	0.000000E+0	0.000000E+0	1.999959E+1	0.000000E+0	4.000000E+0
24-Apr-25	20:21:31	1.000000E-5	-1.422975E+0	-8.000000E-5	2.240000E-5	1.880000E-5	2.710000E-3	2.000000E-5	0.000000E+0	0.000000E+0	1.964247E-4	2.976042E-9	0.000000E+0	0.000000E+0	1.999959E+1	0.000000E+0	4.000000E+0
24-Apr-25	20:21:32	1.000000E-5	-1.431030E+0	-8.000000E-5	2.230000E-5	1.875000E-5	2.710000E-3	2.000000E-5	0.000000E+0	0.000000E+0	1.964247E-4	2.976042E-9	0.000000E+0	0.000000E+0	1.999959E+1	0.000000E+0	4.000000E+0
24-Apr-25	20:21:32	1.000000E-5	-1.443605E+0	-8.000000E-5	2.225000E-5	1.875000E-5	2.710000E-3	2.000000E-5	0.000000E+0	0.000000E+0	1.964247E-4	2.976042E-9	0.000000E+0	0.000000E+0	1.999959E+1	0.000000E+0	4.000000E+0
24-Apr-25	20:21:33	1.000000E-5	-1.455575E+0	-8.000000E-5	2.215000E-5	1.875000E-5	2.710000E-3	2.000000E-5	0.000000E+0	0.000000E+0	1.964247E-4	2.976042E-9	0.000000E+0	0.000000E+0	1.999959E+1	0.000000E+0	4.000000E+0
24-Apr-25	20:21:34	1.000000E-5	-1.464610E+0	-8.000000E-5	2.210000E-5	1.875000E-5	2.710000E-3	2.000000E-5	0.000000E+0	0.000000E+0	1.964247E-4	2.976042E-9	0.000000E+0	0.000000E+0	1.999959E+1	0.000000E+0	4.000000E+0
24-Apr-25	20:21:34	1.000000E-5	-1.475415E+0	-8.000000E-5	2.200000E-5	1.875000E-5	2.710000E-3	2.000000E-5	0.000000E+0	0.000000E+0	1.964247E-4	2.976042E-9	0.000000E+0	0.000000E+0	1.999959E+1	0.000000E+0	4.000000E+0
24-Apr-25	20:21:34	1.000000E-5	-1.484405E+0	-8.000000E-5	2.195000E-5	1.875000E-5	2.710000E-3	2.000000E-5	0.000000E+0	0.000000E+0	1.964247E-4	2.976042E-9	0.000000E+0	0.000000E+0	1.999959E+1	0.000000E+0	4.000000E+0
24-Apr-25	20:21:35	1.000000E-5	-1.493400E+0	-8.000000E-5	2.185000E-5	1.885000E-5	2.710000E-3	2.000000E-5	0.000000E+0	0.000000E+0	1.964247E-4	2.976042E-9	0.000000E+0	0.000000E+0	1.999959E+1	0.000000E+0	4.000000E+0
24-Apr-25	20:21:36	1.000000E-5	-1.504200E+0	-8.000000E-5	2.185000E-5	1.885000E-5	2.710000E-3	2.000000E-5	0.000000E+0	0.000000E+0	1.964247E-4	2.976042E-9	0.000000E+0	0.000000E+0	1.999959E+1	0.000000E+0	4.000000E+0
24-Apr-25	20:21:36	1.000000E-5	-1.514025E+0	-8.000000E-5	2.175000E-5	1.885000E-5	2.710000E-3	2.000000E-5	0.000000E+0	0.000000E+0	1.964247E-4	2.976042E-9	0.000000E+0	0.000000E+0	1.999959E+1	0.000000E+0	4.000000E+0
24-Apr-25	20:21:37	1.000000E-5	-1.527705E+0	-8.000000E-5	2.160000E-5	1.885000E-5	2.710000E-3	2.000000E-5	0.000000E+0	0.000000E+0	1.964247E-4	2.976042E-9	0.000000E+0	0.000000E+0	1.999959E+1	0.000000E+0	4.000000E+0
24-Apr-25	20:21:37	1.000000E-5	-1.535770E+0	-8.000000E-5	2.160000E-5	1.885000E-5	2.710000E-3	2.000000E-5	0.000000E+0	0.000000E+0	1.964247E-4	2.976042E-9	0.000000E+0	0.000000E+0	1.999959E+1	0.000000E+0	4.000000E+0
24-Apr-25	20:21:38	1.000000E-5	-1.544735E+0	-8.000000E-5	2.155000E-5	1.885000E-5	2.710000E-3	2.000000E-5	0.000000E+0	0.000000E+0	1.964247E-4	2.976042E-9	0.000000E+0	0.000000E+0	1.999959E+1	0.000000E+0	4.000000E+0
24-Apr-25	20:21:38	1.000000E-5	-1.555520E+0	-8.000000E-5	2.150000E-5	1.885000E-5	2.710000E-3	2.000000E-5	0.000000E+0	0.000000E+0	1.964247E-4	2.976042E-9	0.000000E+0	0.000000E+0	1.999959E+1	0.000000E+0	4.000000E+0
24-Apr-25	20:21:39	1.000000E-5	-1.564540E+0	-8.000000E-5	2.150000E-5	1.885000E-5	2.710000E-3	2.000000E-5	0.000000E+0	0.000000E+0	1.964247E-4	2.976042E-9	0.000000E+0	0.000000E+0	1.999959E+1	0.000000E+0	4.000000E+0
24-Apr-25	20:21:40	1.000000E-5	-1.575320E+0	-8.000000E-5	2.140000E-5	1.885000E-5	2.710000E-3	2.000000E-5	0.000000E+0	0.000000E+0	1.964247E-4	2.976042E-9	0.000000E+0	0.000000E+0	1.999959E+1	0.000000E+0	4.000000E+0
24-Apr-25	20:21:40	1.000000E-5	-1.587150E+0	-8.000000E-5	2.135000E-5	1.890000E-5	2.710000E-3	2.000000E-5	0.000000E+0	0.000000E+0	1.964247E-4	2.976042E-9	0.000000E+0	0.000000E+0	1.999959E+1	0.000000E+0	4.000000E+0
24-Apr-25	20:21:41	1.000000E-5	-1.596260E+0	-8.000000E-5	2.130000E-5	1.890000E-5	2.710000E-3	2.000000E-5	0.000000E+0	0.000000E+0	1.964247E-4	2.976042E-9	0.000000E+0	0.000000E+0	1.999959E+1	0.000000E+0	4.000000E+0
24-Apr-25	20:21:41	1.000000E-5	-1.606195E+0	-8.000000E-5	2.120000E-5	1.885000E-5	2.710000E-3	2.000000E-5	0.000000E+0	0.000000E+0	1.964247E-4	2.976042E-9	0.000000E+0	0.000000E+0	1.999959E+1	0.000000E+0	4.000000E+0
24-Apr-25	20:21:42	1.000000E-5	-1.615160E+0	-8.000000E-5	2.115000E-5	1.885000E-5	2.710000E-3	2.000000E-5	0.000000E+0	0.000000E+0	1.964247E-4	2.976042E-9	0.000000E+0	0.000000E+0	1.999959E+1	0.000000E+0	4.000000E+0
24-Apr-25	20:21:42	1.000000E-5	-1.623250E+0	-8.000000E-5	2.110000E-5	1.885000E-5	2.710000E-3	2.000000E-5	0.000000E+0	0.000000E+0	1.964247E-4	2.976042E-9	0.000000E+0	0.000000E+0	1.999959E+1	0.000000E+0	4.000000E+0
24-Apr-25	20:21:43	1.000000E-5	-1.632220E+0	-8.000000E-5	2.095000E-5	1.885000E-5	2.710000E-3	2.000000E-5	0.000000E+0	0.000000E+0	1.964247E-4	2.976042E-9	0.000000E+0	0.000000E+0	1.999959E+1	0.000000E+0	4.000000E+0
24-Apr-25	20:21:43	1.000000E-5	-1.640305E+0	-8.000000E-5	2.090000E-5	1.890000E-5	2.710000E-3	2.000000E-5	0.000000E+0	0.000000E+0	1.964247E-4	2.976042E-9	0.000000E+0	0.000000E+0	1.999959E+1	0.000000E+0	4.000000E+0
24-Apr-25	20:21:44	1.000000E-5	-1.649285E+0	-8.000000E-5	2.090000E-5	1.885000E-5	2.710000E-3	2.000000E-5	0.000000E+0	0.000000E+0	1.964247E-4	2.976042E-9	0.000000E+0	0.000000E+0	1.999959E+1	0.000000E+0	4.000000E+0
24-Apr-25	20:21:44	1.000000E-5	-1.658325E+0	-8.000000E-5	2.085000E-5	1.885000E-5	2.710000E-3	2.000000E-5	0.000000E+0	0.000000E+0	1.964247E-4	2.976042E-9	0.000000E+0	0.000000E+0	1.999959E+1	0.000000E+0	4.000000E+0
24-Apr-25	20:21:45	1.000000E-5	-1.670880E+0	-8.000000E-5	2.075000E-5	1.890000E-5	2.710000E-3	2.000000E-5	0.000000E+0	0.000000E+0	1.964247E-4	2.976042E-9	0.000000E+0	0.000000E+0	1.999959E+1	0.000000E+0	4.000000E+0
24-Apr-25	20:21:45	1.000000E-5	-1.681970E+0	-8.000000E-5	2.065000E-5	1.890000E-5	2.710000E-3	2.000000E-5	0.000000E+0	0.000000E+0	1.964247E-4	2.976042E-9	0.000000E+0	0.000000E+0	1.999959E+1	0.000000E+0	4.000000E+0
24-Apr-25	20:21:46	1.000000E-5	-1.690950E+0	-8.000000E-5	2.065000E-5	1.890000E-5	2.710000E-3	2.000000E-5	0.000000E+0	0.000000E+0	1.964247E-4	2.976042E-9	0.000000E+0	0.000000E+0	1.999959E+1	0.000000E+0	4.000000E+0
24-Apr-25	20:21:47	1.000000E-5	-1.700880E+0	-8.000000E-5	2.055000E-5	1.890000E-5	2.710000E-3	2.000000E-5	0.000000E+0	0.000000E+0	1.964247E-4	2.976042E-9	0.000000E+0	0.000000E+0	1.999959E+1	0.000000E+0	4.000000E+0
24-Apr-25	20:21:47	1.000000E-5	-1.709870E+0	-8.000000E-5	2.050000E-5	1.895000E-5	2.710000E-3	2.000000E-5	0.000000E+0	0.000000E+0	1.964247E-4	2.976042E-9	0.000000E+0	0.000000E+0	1.999959E+1	0.000000E+0	4.000000E+0
24-Apr-25	20:21:48	1.000000E-5	-1.723330E+0	-8.000000E-5	2.045000E-5	1.895000E-5	2.710000E-3	2.000000E-5	0.000000E+0	0.000000E+0	1.964247E-4	2.976042E-9	0.000000E+0	0.000000E+0	1.999959E+1	0.000000E+0	4.000000E+0
24-Apr-25	20:21:48	1.000000E-5	-1.732275E+0	-8.000000E-5	2.035000E-5	1.895000E-5	2.710000E-3	2.000000E-5	0.000000E+0	0.000000E+0	1.964247E-4	2.976042E-9	0.000000E+0	0.000000E+0	1.999959E+1	0.000000E+0	4.000000E+0
24-Apr-25	20:21:49	1.000000E-5	-1.741295E+0	-8.000000E-5	2.030000E-5	1.895000E-5	2.710000E-3	2.000000E-5	0.000000E+0	0.000000E+0	1.964247E-4	2.976042E-9	0.000000E+0	0.000000E+0	1.999959E+1	0.000000E+0	4.000000E+0
24-Apr-25	20:21:49	1.000000E-5	-1.750290E+0	-8.000000E-5	2.020000E-5	1.895000E-5	2.710000E-3	2.000000E-5	0.000000E+0	0.000000E+0	1.964247E-4	2.976042E-9	0.000000E+0	0.000000E+0	1.999959E+1	0.000000E+0	4.000000E+0
24-Apr-25	20:21:50	1.000000E-5	-1.759270E+0	-8.000000E-5	2.015000E-5	1.895000E-5	2.710000E-3	2.000000E-5	0.000000E+0	0.000000E+0	1.964247E-4	2.976042E-9	0.000000E+0	0.000000E+0	1.999959E+1	0.000000E+0	4.000000E+0
24-Apr-25	20:21:51	1.000000E-5	-1.772140E+0	-8.000000E-5	2.015000E-5	1.895000E-5	2.710000E-3	2.000000E-5	0.000000E+0	0.000000E+0	1.964247E-4	2.976042E-9	0.000000E+0	0.000000E+0	1.999959E+1	0.000000E+0	4.000000E+0
24-Apr-25	20:21:51	1.000000E-5	-1.781125E+0	-8.000000E-5	2.000000E-5	1.900000E-5	2.710000E-3	2.000000E-5	0.000000E+0	0.000000E+0	1.964247E-4	2.976042E-9	0.000000E+0	0.000000E+0	1.999959E+1	0.000000E+0	4.000000E+0
24-Apr-25	20:21:51	1.000000E-5	-1.789235E+0	-8.000000E-5	2.000000E-5	1.895000E-5	2.710000E-3	2.000000E-5	0.000000E+0	0.000000E+0	1.964247E-4	2.976042E-9	0.000000E+0	0.000000E+0	1.999959E+1	0.000000E+0	4.000000E+0
24-Apr-25	20:21:52	1.000000E-5	-1.797350E+0	-8.000000E-5	1.995000E-5	1.900000E-5	2.710000E-3	2.000000E-5	0.000000E+0	0.000000E+0	1.964247E-4	2.976042E-9	0.000000E+0	0.000000E+0	1.999959E+1	0.000000E+0	4.000000E+0
24-Apr-25	20:21:53	1.000000E-5	-1.806335E+0	-8.000000E-5	1.990000E-5	1.895000E-5	2.710000E-3	2.000000E-5	0.000000E+0	0.000000E+0	1.964247E-4	2.976042E-9	0.000000E+0	0.000000E+0	1.999959E+1	0.000000E+0	4.000000E+0
24-Apr-25	20:21:53	1.000000E-5	-1.816200E+0	-8.000000E-5	1.975000E-5	1.900000E-5	2.710000E-3	2.000000E-5	0.000000E+0	0.000000E+0	1.964247E-4	2.976042E-9	0.000000E+0	0.000000E+0	1.999959E+1	0.000000E+0	4.000000E+0
24-Apr-25	20:21:54	1.000000E-5	-1.825175E+0	-8.000000E-5	1.975000E-5	1.895000E-5	2.710000E-3	2.000000E-5	0.000000E+0	0.000000E+0	1.964247E-4	2.976042E-9	0.000000E+0	0.000000E+0	1.999959E+1	0.000000E+0	4.000000E+0
24-Apr-25	20:21:54	1.000000E-5	-1.836870E+0	-8.000000E-5	1.965000E-5	1.900000E-5	2.710000E-3	2.000000E-5	0.000000E+0	0.000000E+0	1.964247E-4	2.976042E-9	0.000000E+0	0.000000E+0	1.999959E+1	0.000000E+0	4.000000E+0
24-Apr-25	20:21:55	1.000000E-5	-1.845900E+0	-8.000000E-5	1.960000E-5	1.900000E-5	2.710000E-3	2.000000E-5	0.000000E+0	0.000000E+0	1.964247E-4	2.976042E-9	0.000000E+0	0.000000E+0	1.999959E+1	0.000000E+0	4.000000E+0
24-Apr-25	20:21:55	1.000000E-5	-1.856960E+0	-8.000000E-5	1.955000E-5	1.900000E-5	2.710000E-3	2.000000E-5	0.000000E+0	0.000000E+0	1.964247E-4	2.976042E-9	0.000000E+0	0.000000E+0	1.999959E+1	0.000000E+0	4.000000E+0
24-Apr-25	20:21:56	1.000000E-5	-1.865965E+0	-8.000000E-5	1.950000E-5	1.900000E-5	2.710000E-3	2.000000E-5	0.000000E+0	0.000000E+0	1.964247E-4	2.976042E-9	0.000000E+0	0.000000E+0	1.999959E+1	0.000000E+0	4.000000E+0
24-Apr-25	20:21:56	1.000000E-5	-1.876755E+0	-8.000000E-5	1.940000E-5	1.900000E-5	2.710000E-3	2.000000E-5	0.000000E+0	0.000000E+0	1.964247E-4	2.976042E-9	0.000000E+0	0.000000E+0	1.999959E+1	0.000000E+0	4.000000E+0
24-Apr-25	20:21:57	1.000000E-5	-1.886690E+0	-8.000000E-5	1.930000E-5	1.900000E-5	2.710000E-3	2.000000E-5	0.000000E+0	0.000000E+0	1.964247E-4	2.976042E-9	0.000000E+0	0.000000E+0	1.999959E+1	0.000000E+0	4.000000E+0
24-Apr-25	20:21:57	1.000000E-5	-1.894820E+0	-8.000000E-5	1.930000E-5	1.905000E-5	2.710000E-3	2.000000E-5	0.000000E+0	0.000000E+0	1.964247E-4	2.976042E-9	0.000000E+0	0.000000E+0	1.999959E+1	0.000000E+0	4.000000E+0
24-Apr-25	20:21:58	1.000000E-5	-1.903750E+0	-8.000000E-5	1.925000E-5	1.905000E-5	2.710000E-3	2.000000E-5	0.000000E+0	0.000000E+0	1.964247E-4	2.976042E-9	0.000000E+0	0.000000E+0	1.999959E+1	0.000000E+0	4.000000E+0
24-Apr-25	20:21:58	1.000000E-5	-1.911840E+0	-8.000000E-5	1.920000E-5	1.900000E-5	2.710000E-3	2.000000E-5	0.000000E+0	0.000000E+0	1.964247E-4	2.976042E-9	0.000000E+0	0.000000E+0	1.999959E+1	0.000000E+0	4.000000E+0
24-Apr-25	20:21:59	1.000000E-5	-1.921680E+0	-8.000000E-5	1.915000E-5	1.905000E-5	2.710000E-3	2.000000E-5	0.000000E+0	0.000000E+0	1.964247E-4	2.976042E-9	0.000000E+0	0.000000E+0	1.999959E+1	0.000000E+0	4.000000E+0
24-Apr-25	20:22:00	1.000000E-5	-1.930835E+0	-8.000000E-5	1.905000E-5	1.905000E-5	2.710000E-3	2.000000E-5	0.000000E+0	0.000000E+0	1.964247E-4	2.976042E-9	0.000000E+0	0.000000E+0	1.999959E+1	0.000000E+0	4.000000E+0
24-Apr-25	20:22:00	1.000000E-5	-1.943570E+0	-8.000000E-5	1.900000E-5	1.905000E-5	2.710000E-3	2.000000E-5	0.000000E+0	0.000000E+0	1.964247E-4	2.976042E-9	0.000000E+0	0.000000E+0	1.999959E+1	0.000000E+0	4.000000E+0
24-Apr-25	20:22:01	1.000000E-5	-1.952565E+0	-8.000000E-5	1.895000E-5	1.910000E-5	2.710000E-3	2.000000E-5	0.000000E+0	0.000000E+0	1.964247E-4	2.976042E-9	0.000000E+0	0.000000E+0	1.999959E+1	0.000000E+0	4.000000E+0
24-Apr-25	20:22:01	1.000000E-5	-1.961545E+0	-8.000000E-5	1.890000E-5	1.910000E-5	2.710000E-3	2.000000E-5	0.000000E+0	0.000000E+0	1.964247E-4	2.976042E-9	0.000000E+0	0.000000E+0	1.999959E+1	0.000000E+0	4.000000E+0
24-Apr-25	20:22:02	1.000000E-5	-1.974125E+0	-8.000000E-5	1.880000E-5	1.900000E-5	2.710000E-3	2.000000E-5	0.000000E+0	0.000000E+0	1.964247E-4	2.976042E-9	0.000000E+0	0.000000E+0	1.999959E+1	0.000000E+0	4.000000E+0
24-Apr-25	20:22:02	1.000000E-5	-1.987040E+0	-8.000000E-5	1.870000E-5	1.905000E-5	2.710000E-3	2.000000E-5	0.000000E+0	0.000000E+0	1.964247E-4	2.976042E-9	0.000000E+0	0.000000E+0	1.999959E+1	0.000000E+0	4.000000E+0
24-Apr-25	20:22:03	1.000000E-5	-1.996020E+0	-8.000000E-5	1.870000E-5	1.905000E-5	2.710000E-3	2.000000E-5	0.000000E+0	0.000000E+0	1.964247E-4	2.976042E-9	0.000000E+0	0.000000E+0	1.999959E+1	0.000000E+0	4.000000E+0
24-Apr-25	20:22:03	1.000000E-5	-2.004985E+0	-8.000000E-5	1.865000E-5	1.905000E-5	2.710000E-3	2.000000E-5	0.000000E+0	0.000000E+0	1.964247E-4	2.976042E-9	0.000000E+0	0.000000E+0	1.999959E+1	0.000000E+0	4.000000E+0
24-Apr-25	20:22:04	1.000000E-5	-2.013090E+0	-8.000000E-5	1.860000E-5	1.910000E-5	2.710000E-3	2.000000E-5	0.000000E+0	0.000000E+0	1.964247E-4	2.976042E-9	0.000000E+0	0.000000E+0	1.999959E+1	0.000000E+0	4.000000E+0
24-Apr-25	20:22:04	1.000000E-5	-2.022045E+0	-8.000000E-5	1.860000E-5	1.910000E-5	2.710000E-3	2.000000E-5	0.000000E+0	0.000000E+0	1.964247E-4	2.976042E-9	0.000000E+0	0.000000E+0	1.999959E+1	0.000000E+0	4.000000E+0
24-Apr-25	20:22:05	1.000000E-5	-2.030180E+0	-8.000000E-5	1.850000E-5	1.910000E-5	2.710000E-3	2.000000E-5	0.000000E+0	0.000000E+0	1.964247E-4	2.976042E-9	0.000000E+0	0.000000E+0	1.999959E+1	0.000000E+0	4.000000E+0
24-Apr-25	20:22:05	1.000000E-5	-2.039165E+0	-8.000000E-5	1.850000E-5	1.910000E-5	2.710000E-3	2.000000E-5	0.000000E+0	0.000000E+0	1.964247E-4	2.976042E-9	0.000000E+0	0.000000E+0	1.999959E+1	0.000000E+0	4.000000E+0
24-Apr-25	20:22:06	1.000000E-5	-2.048160E+0	-8.000000E-5	1.845000E-5	1.910000E-5	2.710000E-3	2.000000E-5	0.000000E+0	0.000000E+0	1.964247E-4	2.976042E-9	0.000000E+0	0.000000E+0	1.999959E+1	0.000000E+0	4.000000E+0
24-Apr-25	20:22:07	1.000000E-5	-2.057125E+0	-8.000000E-5	1.835000E-5	1.910000E-5	2.710000E-3	2.000000E-5	0.000000E+0	0.000000E+0	1.964247E-4	2.976042E-9	0.000000E+0	0.000000E+0	1.999959E+1	0.000000E+0	4.000000E+0
24-Apr-25	20:22:07	1.000000E-5	-2.067925E+0	-8.000000E-5	1.830000E-5	1.910000E-5	2.710000E-3	2.000000E-5	0.000000E+0	0.000000E+0	1.964247E-4	2.976042E-9	0.000000E+0	0.000000E+0	1.999959E+1	0.000000E+0	4.000000E+0
24-Apr-25	20:22:08	1.000000E-5	-2.076985E+0	-8.000000E-5	1.820000E-5	1.910000E-5	2.710000E-3	2.000000E-5	0.000000E+0	0.000000E+0	1.964247E-4	2.976042E-9	0.000000E+0	0.000000E+0	1.999959E+1	0.000000E+0	4.000000E+0
24-Apr-25	20:22:08	1.000000E-5	-2.090430E+0	-8.000000E-5	1.815000E-5	1.910000E-5	2.710000E-3	2.000000E-5	0.000000E+0	0.000000E+0	1.964247E-4	2.976042E-9	0.000000E+0	0.000000E+0	1.999959E+1	0.000000E+0	4.000000E+0
24-Apr-25	20:22:09	1.000000E-5	-2.102410E+0	-8.000000E-5	1.810000E-5	1.915000E-5	2.710000E-3	2.000000E-5	0.000000E+0	0.000000E+0	1.964247E-4	2.976042E-9	0.000000E+0	0.000000E+0	1.999959E+1	0.000000E+0	4.000000E+0
24-Apr-25	20:22:09	1.000000E-5	-2.111355E+0	-8.000000E-5	1.805000E-5	1.920000E-5	2.710000E-3	2.000000E-5	0.000000E+0	0.000000E+0	1.964247E-4	2.976042E-9	0.000000E+0	0.000000E+0	1.999959E+1	0.000000E+0	4.000000E+0
24-Apr-25	20:22:10	1.000000E-5	-2.120350E+0	-8.000000E-5	1.795000E-5	1.920000E-5	2.710000E-3	2.000000E-5	0.000000E+0	0.000000E+0	1.964247E-4	2.976042E-9	0.000000E+0	0.000000E+0	1.999959E+1	0.000000E+0	4.000000E+0
24-Apr-25	20:22:10	1.000000E-5	-2.130285E+0	-8.000000E-5	1.790000E-5	1.920000E-5	2.710000E-3	2.000000E-5	0.000000E+0	0.000000E+0	1.964247E-4	2.976042E-9	0.000000E+0	0.000000E+0	1.999959E+1	0.000000E+0	4.000000E+0
24-Apr-25	20:22:11	1.000000E-5	-2.139235E+0	-8.000000E-5	1.790000E-5	1.915000E-5	2.710000E-3	2.000000E-5	0.000000E+0	0.000000E+0	1.964247E-4	2.976042E-9	0.000000E+0	0.000000E+0	1.999959E+1	0.000000E+0	4.000000E+0
24-Apr-25	20:22:11	1.000000E-5	-2.148250E+0	-8.000000E-5	1.785000E-5	1.920000E-5	2.710000E-3	2.000000E-5	0.000000E+0	0.000000E+0	1.964247E-4	2.976042E-9	0.000000E+0	0.000000E+0	1.999959E+1	0.000000E+0	4.000000E+0
24-Apr-25	20:22:12	1.000000E-5	-2.157210E+0	-8.000000E-5	1.780000E-5	1.915000E-5	2.710000E-3	2.000000E-5	0.000000E+0	0.000000E+0	1.964247E-4	2.976042E-9	0.000000E+0	0.000000E+0	1.999959E+1	0.000000E+0	4.000000E+0
24-Apr-25	20:22:13	1.000000E-5	-2.168025E+0	-8.000000E-5	1.775000E-5	1.915000E-5	2.710000E-3	2.000000E-5	0.000000E+0	0.000000E+0	1.964247E-4	2.976042E-9	0.000000E+0	0.000000E+0	1.999959E+1	0.000000E+0	4.000000E+0
24-Apr-25	20:22:13	1.000000E-5	-2.177055E+0	-8.000000E-5	1.770000E-5	1.920000E-5	2.710000E-3	2.000000E-5	0.000000E+0	0.000000E+0	1.964247E-4	2.976042E-9	0.000000E+0	0.000000E+0	1.999959E+1	0.000000E+0	4.000000E+0
24-Apr-25	20:22:14	1.000000E-5	-2.186020E+0	-8.000000E-5	1.755000E-5	1.915000E-5	2.710000E-3	2.000000E-5	0.000000E+0	0.000000E+0	1.964247E-4	2.976042E-9	0.000000E+0	0.000000E+0	1.999959E+1	0.000000E+0	4.000000E+0
24-Apr-25	20:22:14	1.000000E-5	-2.196780E+0	-8.000000E-5	1.755000E-5	1.910000E-5	2.710000E-3	2.000000E-5	0.000000E+0	0.000000E+0	1.964247E-4	2.976042E-9	0.000000E+0	0.000000E+0	1.999959E+1	0.000000E+0	4.000000E+0
24-Apr-25	20:22:15	1.000000E-5	-2.205765E+0	-8.000000E-5	1.745000E-5	1.915000E-5	2.710000E-3	2.000000E-5	0.000000E+0	0.000000E+0	1.964247E-4	2.976042E-9	0.000000E+0	0.000000E+0	1.999959E+1	0.000000E+0	4.000000E+0
24-Apr-25	20:22:15	1.000000E-5	-2.214790E+0	-8.000000E-5	1.740000E-5	1.920000E-5	2.710000E-3	2.000000E-5	0.000000E+0	0.000000E+0	1.964247E-4	2.976042E-9	0.000000E+0	0.000000E+0	1.999959E+1	0.000000E+0	4.000000E+0
24-Apr-25	20:22:16	1.000000E-5	-2.223795E+0	-8.000000E-5	1.735000E-5	1.920000E-5	2.710000E-3	2.000000E-5	0.000000E+0	0.000000E+0	1.964247E-4	2.976042E-9	0.000000E+0	0.000000E+0	1.999959E+1	0.000000E+0	4.000000E+0
24-Apr-25	20:22:16	1.000000E-5	-2.232765E+0	-8.000000E-5	1.740000E-5	1.915000E-5	2.710000E-3	2.000000E-5	0.000000E+0	0.000000E+0	1.964247E-4	2.976042E-9	0.000000E+0	0.000000E+0	1.999959E+1	0.000000E+0	4.000000E+0
24-Apr-25	20:22:17	1.000000E-5	-2.241780E+0	-8.000000E-5	1.735000E-5	1.915000E-5	2.710000E-3	2.000000E-5	0.000000E+0	0.000000E+0	1.964247E-4	2.976042E-9	0.000000E+0	0.000000E+0	1.999959E+1	0.000000E+0	4.000000E+0
24-Apr-25	20:22:17	1.000000E-5	-2.250760E+0	-8.000000E-5	1.720000E-5	1.915000E-5	2.710000E-3	2.000000E-5	0.000000E+0	0.000000E+0	1.964247E-4	2.976042E-9	0.000000E+0	0.000000E+0	1.999959E+1	0.000000E+0	4.000000E+0
24-Apr-25	20:22:18	1.000000E-5	-2.263700E+0	-8.000000E-5	1.720000E-5	1.920000E-5	2.710000E-3	2.000000E-5	0.000000E+0	0.000000E+0	1.964247E-4	2.976042E-9	0.000000E+0	0.000000E+0	1.999959E+1	0.000000E+0	4.000000E+0
24-Apr-25	20:22:18	1.000000E-5	-2.271830E+0	-8.000000E-5	1.715000E-5	1.920000E-5	2.710000E-3	2.000000E-5	0.000000E+0	0.000000E+0	1.964247E-4	2.976042E-9	0.000000E+0	0.000000E+0	1.999959E+1	0.000000E+0	4.000000E+0
24-Apr-25	20:22:19	1.000000E-5	-2.280750E+0	-8.000000E-5	1.705000E-5	1.920000E-5	2.710000E-3	2.000000E-5	0.000000E+0	0.000000E+0	1.964247E-4	2.976042E-9	0.000000E+0	0.000000E+0	1.999959E+1	0.000000E+0	4.000000E+0
24-Apr-25	20:22:19	1.000000E-5	-2.291530E+0	-8.000000E-5	1.695000E-5	1.920000E-5	2.710000E-3	2.000000E-5	0.000000E+0	0.000000E+0	1.964247E-4	2.976042E-9	0.000000E+0	0.000000E+0	1.999959E+1	0.000000E+0	4.000000E+0
24-Apr-25	20:22:20	1.000000E-5	-2.300475E+0	-8.000000E-5	1.695000E-5	1.920000E-5	2.710000E-3	2.000000E-5	0.000000E+0	0.000000E+0	1.964247E-4	2.976042E-9	0.000000E+0	0.000000E+0	1.999959E+1	0.000000E+0	4.000000E+0
24-Apr-25	20:22:21	1.000000E-5	-2.309470E+0	-8.000000E-5	1.690000E-5	1.920000E-5	2.710000E-3	2.000000E-5	0.000000E+0	0.000000E+0	1.964247E-4	2.976042E-9	0.000000E+0	0.000000E+0	1.999959E+1	0.000000E+0	4.000000E+0
24-Apr-25	20:22:21	1.000000E-5	-2.321330E+0	-8.000000E-5	1.680000E-5	1.925000E-5	2.710000E-3	2.000000E-5	0.000000E+0	0.000000E+0	1.964247E-4	2.976042E-9	0.000000E+0	0.000000E+0	1.999959E+1	0.000000E+0	4.000000E+0
24-Apr-25	20:22:22	1.000000E-5	-2.334035E+0	-8.000000E-5	1.675000E-5	1.925000E-5	2.710000E-3	2.000000E-5	0.000000E+0	0.000000E+0	1.964247E-4	2.976042E-9	0.000000E+0	0.000000E+0	1.999959E+1	0.000000E+0	4.000000E+0
24-Apr-25	20:22:22	1.000000E-5	-2.343045E+0	-8.000000E-5	1.670000E-5	1.920000E-5	2.710000E-3	2.000000E-5	0.000000E+0	0.000000E+0	1.964247E-4	2.976042E-9	0.000000E+0	0.000000E+0	1.999959E+1	0.000000E+0	4.000000E+0
24-Apr-25	20:22:23	1.000000E-5	-2.351100E+0	-8.000000E-5	1.670000E-5	1.920000E-5	2.710000E-3	2.000000E-5	0.000000E+0	0.000000E+0	1.964247E-4	2.976042E-9	0.000000E+0	0.000000E+0	1.999959E+1	0.000000E+0	4.000000E+0
24-Apr-25	20:22:23	1.000000E-5	-2.360145E+0	-8.000000E-5	1.665000E-5	1.925000E-5	2.710000E-3	2.000000E-5	0.000000E+0	0.000000E+0	1.964247E-4	2.976042E-9	0.000000E+0	0.000000E+0	1.999959E+1	0.000000E+0	4.000000E+0
24-Apr-25	20:22:24	1.000000E-5	-2.370905E+0	-8.000000E-5	1.655000E-5	1.925000E-5	2.710000E-3	2.000000E-5	0.000000E+0	0.000000E+0	1.964247E-4	2.976042E-9	0.000000E+0	0.000000E+0	1.999959E+1	0.000000E+0	4.000000E+0
24-Apr-25	20:22:24	1.000000E-5	-2.379885E+0	-8.000000E-5	1.650000E-5	1.925000E-5	2.710000E-3	2.000000E-5	0.000000E+0	0.000000E+0	1.964247E-4	2.976042E-9	0.000000E+0	0.000000E+0	1.999959E+1	0.000000E+0	4.000000E+0
24-Apr-25	20:22:25	1.000000E-5	-2.388855E+0	-8.000000E-5	1.645000E-5	1.925000E-5	2.710000E-3	2.000000E-5	0.000000E+0	0.000000E+0	1.964247E-4	2.976042E-9	0.000000E+0	0.000000E+0	1.999959E+1	0.000000E+0	4.000000E+0
24-Apr-25	20:22:25	1.000000E-5	-2.397995E+0	-8.000000E-5	1.640000E-5	1.925000E-5	2.710000E-3	2.000000E-5	0.000000E+0	0.000000E+0	1.964247E-4	2.976042E-9	0.000000E+0	0.000000E+0	1.999959E+1	0.000000E+0	4.000000E+0
24-Apr-25	20:22:26	1.000000E-5	-2.407650E+0	-8.000000E-5	1.635000E-5	1.925000E-5	2.710000E-3	2.000000E-5	0.000000E+0	0.000000E+0	1.964247E-4	2.976042E-9	0.000000E+0	0.000000E+0	1.999959E+1	0.000000E+0	4.000000E+0
24-Apr-25	20:22:26	1.000000E-5	-2.416785E+0	-8.000000E-5	1.630000E-5	1.925000E-5	2.710000E-3	2.000000E-5	0.000000E+0	0.000000E+0	1.964247E-4	2.976042E-9	0.000000E+0	0.000000E+0	1.999959E+1	0.000000E+0	4.000000E+0
24-Apr-25	20:22:27	1.000000E-5	-2.425130E+0	-8.000000E-5	1.625000E-5	1.930000E-5	2.710000E-3	2.000000E-5	0.000000E+0	0.000000E+0	1.964247E-4	2.976042E-9	0.000000E+0	0.000000E+0	1.999959E+1	0.000000E+0	4.000000E+0
24-Apr-25	20:22:28	1.000000E-5	-2.436970E+0	-8.000000E-5	1.620000E-5	1.925000E-5	2.710000E-3	2.000000E-5	0.000000E+0	0.000000E+0	1.964247E-4	2.976042E-9	0.000000E+0	0.000000E+0	1.999959E+1	0.000000E+0	4.000000E+0
24-Apr-25	20:22:28	1.000000E-5	-2.446995E+0	-8.000000E-5	1.615000E-5	1.930000E-5	2.710000E-3	2.000000E-5	0.000000E+0	0.000000E+0	1.964247E-4	2.976042E-9	0.000000E+0	0.000000E+0	1.999959E+1	0.000000E+0	4.000000E+0
24-Apr-25	20:22:29	1.000000E-5	-2.455170E+0	-8.000000E-5	1.615000E-5	1.925000E-5	2.710000E-3	2.000000E-5	0.000000E+0	0.000000E+0	1.964247E-4	2.976042E-9	0.000000E+0	0.000000E+0	1.999959E+1	0.000000E+0	4.000000E+0
24-Apr-25	20:22:29	1.000000E-5	-2.464125E+0	-8.000000E-5	1.605000E-5	1.930000E-5	2.710000E-3	2.000000E-5	0.000000E+0	0.000000E+0	1.964247E-4	2.976042E-9	0.000000E+0	0.000000E+0	1.999959E+1	0.000000E+0	4.000000E+0
24-Apr-25	20:22:30	1.000000E-5	-2.473090E+0	-8.000000E-5	1.600000E-5	1.930000E-5	2.710000E-3	2.000000E-5	0.000000E+0	0.000000E+0	1.964247E-4	2.976042E-9	0.000000E+0	0.000000E+0	1.999959E+1	0.000000E+0	4.000000E+0
24-Apr-25	20:22:30	1.000000E-5	-2.481180E+0	-8.000000E-5	1.600000E-5	1.930000E-5	2.710000E-3	2.000000E-5	0.000000E+0	0.000000E+0	1.964247E-4	2.976042E-9	0.000000E+0	0.000000E+0	1.999959E+1	0.000000E+0	4.000000E+0
24-Apr-25	20:22:31	1.000000E-5	-2.490135E+0	-8.000000E-5	1.595000E-5	1.930000E-5	2.710000E-3	2.000000E-5	0.000000E+0	0.000000E+0	1.964247E-4	2.976042E-9	0.000000E+0	0.000000E+0	1.999959E+1	0.000000E+0	4.000000E+0
24-Apr-25	20:22:31	1.000000E-5	-2.502770E+0	-8.000000E-5	1.580000E-5	1.935000E-5	2.710000E-3	2.000000E-5	0.000000E+0	0.000000E+0	1.964247E-4	2.976042E-9	0.000000E+0	0.000000E+0	1.999959E+1	0.000000E+0	4.000000E+0
24-Apr-25	20:22:32	1.000000E-5	-2.513825E+0	-8.000000E-5	1.575000E-5	1.935000E-5	2.710000E-3	2.000000E-5	0.000000E+0	0.000000E+0	1.964247E-4	2.976042E-9	0.000000E+0	0.000000E+0	1.999959E+1	0.000000E+0	4.000000E+0
24-Apr-25	20:22:32	1.000000E-5	-2.522790E+0	-8.000000E-5	1.575000E-5	1.930000E-5	2.710000E-3	2.000000E-5	0.000000E+0	0.000000E+0	1.964247E-4	2.976042E-9	0.000000E+0	0.000000E+0	1.999959E+1	0.000000E+0	4.000000E+0
24-Apr-25	20:22:33	1.000000E-5	-2.532700E+0	-8.000000E-5	1.575000E-5	1.930000E-5	2.710000E-3	2.000000E-5	0.000000E+0	0.000000E+0	1.964247E-4	2.976042E-9	0.000000E+0	0.000000E+0	1.999959E+1	0.000000E+0	4.000000E+0
24-Apr-25	20:22:34	1.000000E-5	-2.541680E+0	-8.000000E-5	1.560000E-5	1.930000E-5	2.710000E-3	2.000000E-5	0.000000E+0	0.000000E+0	1.964247E-4	2.976042E-9	0.000000E+0	0.000000E+0	1.999959E+1	0.000000E+0	4.000000E+0
24-Apr-25	20:22:34	1.000000E-5	-2.552510E+0	-8.000000E-5	1.555000E-5	1.930000E-5	2.710000E-3	2.000000E-5	0.000000E+0	0.000000E+0	1.964247E-4	2.976042E-9	0.000000E+0	0.000000E+0	1.999959E+1	0.000000E+0	4.000000E+0
24-Apr-25	20:22:35	1.000000E-5	-2.561500E+0	-8.000000E-5	1.555000E-5	1.935000E-5	2.710000E-3	2.000000E-5	0.000000E+0	0.000000E+0	1.964247E-4	2.976042E-9	0.000000E+0	0.000000E+0	1.999959E+1	0.000000E+0	4.000000E+0
24-Apr-25	20:22:35	1.000000E-5	-2.570770E+0	-8.000000E-5	1.555000E-5	1.930000E-5	2.710000E-3	2.000000E-5	0.000000E+0	0.000000E+0	1.964247E-4	2.976042E-9	0.000000E+0	0.000000E+0	1.999959E+1	0.000000E+0	4.000000E+0
24-Apr-25	20:22:35	1.000000E-5	-2.579630E+0	-8.000000E-5	1.545000E-5	1.930000E-5	2.710000E-3	2.000000E-5	0.000000E+0	0.000000E+0	1.964247E-4	2.976042E-9	0.000000E+0	0.000000E+0	1.999959E+1	0.000000E+0	4.000000E+0
24-Apr-25	20:22:36	1.000000E-5	-2.588565E+0	-8.000000E-5	1.540000E-5	1.935000E-5	2.710000E-3	2.000000E-5	0.000000E+0	0.000000E+0	1.964247E-4	2.976042E-9	0.000000E+0	0.000000E+0	1.999959E+1	0.000000E+0	4.000000E+0
24-Apr-25	20:22:37	1.000000E-5	-2.597765E+0	-8.000000E-5	1.530000E-5	1.935000E-5	2.710000E-3	2.000000E-5	0.000000E+0	0.000000E+0	1.964247E-4	2.976042E-9	0.000000E+0	0.000000E+0	1.999959E+1	0.000000E+0	4.000000E+0
24-Apr-25	20:22:37	1.000000E-5	-2.605845E+0	-8.000000E-5	1.530000E-5	1.935000E-5	2.710000E-3	2.000000E-5	0.000000E+0	0.000000E+0	1.964247E-4	2.976042E-9	0.000000E+0	0.000000E+0	1.999959E+1	0.000000E+0	4.000000E+0
24-Apr-25	20:22:38	1.000000E-5	-2.614845E+0	-8.000000E-5	1.530000E-5	1.935000E-5	2.710000E-3	2.000000E-5	0.000000E+0	0.000000E+0	1.964247E-4	2.976042E-9	0.000000E+0	0.000000E+0	1.999959E+1	0.000000E+0	4.000000E+0
24-Apr-25	20:22:38	1.000000E-5	-2.627430E+0	-8.000000E-5	1.525000E-5	1.935000E-5	2.710000E-3	2.000000E-5	0.000000E+0	0.000000E+0	1.964247E-4	2.976042E-9	0.000000E+0	0.000000E+0	1.999959E+1	0.000000E+0	4.000000E+0
24-Apr-25	20:22:39	1.000000E-5	-2.637335E+0	-8.000000E-5	1.520000E-5	1.935000E-5	2.710000E-3	2.000000E-5	0.000000E+0	0.000000E+0	1.964247E-4	2.976042E-9	0.000000E+0	0.000000E+0	1.999959E+1	0.000000E+0	4.000000E+0
24-Apr-25	20:22:39	1.000000E-5	-2.646350E+0	-8.000000E-5	1.520000E-5	1.940000E-5	2.710000E-3	2.000000E-5	0.000000E+0	0.000000E+0	1.964247E-4	2.976042E-9	0.000000E+0	0.000000E+0	1.999959E+1	0.000000E+0	4.000000E+0
24-Apr-25	20:22:40	1.000000E-5	-2.655360E+0	-8.000000E-5	1.510000E-5	1.940000E-5	2.710000E-3	2.000000E-5	0.000000E+0	0.000000E+0	1.964247E-4	2.976042E-9	0.000000E+0	0.000000E+0	1.999959E+1	0.000000E+0	4.000000E+0
24-Apr-25	20:22:40	1.000000E-5	-2.666400E+0	-8.000000E-5	1.510000E-5	1.935000E-5	2.710000E-3	2.000000E-5	0.000000E+0	0.000000E+0	1.964247E-4	2.976042E-9	0.000000E+0	0.000000E+0	1.999959E+1	0.000000E+0	4.000000E+0
24-Apr-25	20:22:41	1.000000E-5	-2.675350E+0	-8.000000E-5	1.500000E-5	1.935000E-5	2.710000E-3	2.000000E-5	0.000000E+0	0.000000E+0	1.964247E-4	2.976042E-9	0.000000E+0	0.000000E+0	1.999959E+1	0.000000E+0	4.000000E+0
24-Apr-25	20:22:41	1.000000E-5	-2.683385E+0	-8.000000E-5	1.500000E-5	1.935000E-5	2.710000E-3	2.000000E-5	0.000000E+0	0.000000E+0	1.964247E-4	2.976042E-9	0.000000E+0	0.000000E+0	1.999959E+1	0.000000E+0	4.000000E+0
24-Apr-25	20:22:42	1.000000E-5	-2.692305E+0	-8.000000E-5	1.490000E-5	1.940000E-5	2.710000E-3	2.000000E-5	0.000000E+0	0.000000E+0	1.964247E-4	2.976042E-9	0.000000E+0	0.000000E+0	1.999959E+1	0.000000E+0	4.000000E+0
24-Apr-25	20:22:42	1.000000E-5	-2.700295E+0	-8.000000E-5	1.480000E-5	1.940000E-5	2.710000E-3	2.000000E-5	0.000000E+0	0.000000E+0	1.964247E-4	2.976042E-9	0.000000E+0	0.000000E+0	1.999959E+1	0.000000E+0	4.000000E+0
24-Apr-25	20:22:43	1.000000E-5	-2.709150E+0	-8.000000E-5	1.485000E-5	1.940000E-5	2.710000E-3	2.000000E-5	0.000000E+0	0.000000E+0	1.964247E-4	2.976042E-9	0.000000E+0	0.000000E+0	1.999959E+1	0.000000E+0	4.000000E+0
24-Apr-25	20:22:43	1.000000E-5	-2.717120E+0	-8.000000E-5	1.480000E-5	1.940000E-5	2.710000E-3	2.000000E-5	0.000000E+0	0.000000E+0	1.964247E-4	2.976042E-9	0.000000E+0	0.000000E+0	1.999959E+1	0.000000E+0	4.000000E+0
24-Apr-25	20:22:44	1.000000E-5	-2.725930E+0	-8.000000E-5	1.465000E-5	1.940000E-5	2.710000E-3	2.000000E-5	0.000000E+0	0.000000E+0	1.964247E-4	2.976042E-9	0.000000E+0	0.000000E+0	1.999959E+1	0.000000E+0	4.000000E+0
24-Apr-25	20:22:44	1.000000E-5	-2.734720E+0	-8.000000E-5	1.465000E-5	1.935000E-5	2.710000E-3	2.000000E-5	0.000000E+0	0.000000E+0	1.964247E-4	2.976042E-9	0.000000E+0	0.000000E+0	1.999959E+1	0.000000E+0	4.000000E+0
24-Apr-25	20:22:45	1.000000E-5	-2.744350E+0	-8.000000E-5	1.465000E-5	1.940000E-5	2.710000E-3	2.000000E-5	0.000000E+0	0.000000E+0	1.964247E-4	2.976042E-9	0.000000E+0	0.000000E+0	1.999959E+1	0.000000E+0	4.000000E+0
24-Apr-25	20:22:45	1.000000E-5	-2.753085E+0	-8.000000E-5	1.460000E-5	1.945000E-5	2.710000E-3	2.000000E-5	0.000000E+0	0.000000E+0	1.964247E-4	2.976042E-9	0.000000E+0	0.000000E+0	1.999959E+1	0.000000E+0	4.000000E+0
24-Apr-25	20:22:46	1.000000E-5	-2.760925E+0	-8.000000E-5	1.455000E-5	1.945000E-5	2.710000E-3	2.000000E-5	0.000000E+0	0.000000E+0	1.964247E-4	2.976042E-9	0.000000E+0	0.000000E+0	1.999959E+1	0.000000E+0	4.000000E+0
24-Apr-25	20:22:46	1.000000E-5	-2.769625E+0	-8.000000E-5	1.450000E-5	1.945000E-5	2.710000E-3	2.000000E-5	0.000000E+0	0.000000E+0	1.964247E-4	2.976042E-9	0.000000E+0	0.000000E+0	1.999959E+1	0.000000E+0	4.000000E+0
24-Apr-25	20:22:47	1.000000E-5	-2.777425E+0	-8.000000E-5	1.450000E-5	1.945000E-5	2.710000E-3	2.000000E-5	0.000000E+0	0.000000E+0	1.964247E-4	2.976042E-9	0.000000E+0	0.000000E+0	1.999959E+1	0.000000E+0	4.000000E+0
24-Apr-25	20:22:47	1.000000E-5	-2.786065E+0	-8.000000E-5	1.445000E-5	1.945000E-5	2.710000E-3	2.000000E-5	0.000000E+0	0.000000E+0	1.964247E-4	2.976042E-9	0.000000E+0	0.000000E+0	1.999959E+1	0.000000E+0	4.000000E+0
24-Apr-25	20:22:48	1.000000E-5	-2.794680E+0	-8.000000E-5	1.445000E-5	1.945000E-5	2.710000E-3	2.000000E-5	0.000000E+0	0.000000E+0	1.964247E-4	2.976042E-9	0.000000E+0	0.000000E+0	1.999959E+1	0.000000E+0	4.000000E+0
24-Apr-25	20:22:48	1.000000E-5	-2.803260E+0	-8.000000E-5	1.440000E-5	1.940000E-5	2.710000E-3	2.000000E-5	0.000000E+0	0.000000E+0	1.964247E-4	2.976042E-9	0.000000E+0	0.000000E+0	1.999959E+1	0.000000E+0	4.000000E+0
24-Apr-25	20:22:49	1.000000E-5	-2.811840E+0	-8.000000E-5	1.435000E-5	1.940000E-5	2.710000E-3	2.000000E-5	0.000000E+0	0.000000E+0	1.964247E-4	2.976042E-9	0.000000E+0	0.000000E+0	1.999959E+1	0.000000E+0	4.000000E+0
24-Apr-25	20:22:49	1.000000E-5	-2.822090E+0	-8.000000E-5	1.430000E-5	1.945000E-5	2.710000E-3	2.000000E-5	0.000000E+0	0.000000E+0	1.964247E-4	2.976042E-9	0.000000E+0	0.000000E+0	1.999959E+1	0.000000E+0	4.000000E+0
24-Apr-25	20:22:50	1.000000E-5	-2.830590E+0	-8.000000E-5	1.425000E-5	1.940000E-5	2.710000E-3	2.000000E-5	0.000000E+0	0.000000E+0	1.964247E-4	2.976042E-9	0.000000E+0	0.000000E+0	1.999959E+1	0.000000E+0	4.000000E+0
24-Apr-25	20:22:50	1.000000E-5	-2.839210E+0	-8.000000E-5	1.420000E-5	1.945000E-5	2.710000E-3	2.000000E-5	0.000000E+0	0.000000E+0	1.964247E-4	2.976042E-9	0.000000E+0	0.000000E+0	1.999959E+1	0.000000E+0	4.000000E+0
24-Apr-25	20:22:51	1.000000E-5	-2.849490E+0	-8.000000E-5	1.415000E-5	1.940000E-5	2.710000E-3	2.000000E-5	0.000000E+0	0.000000E+0	1.964247E-4	2.976042E-9	0.000000E+0	0.000000E+0	1.999959E+1	0.000000E+0	4.000000E+0
24-Apr-25	20:22:51	1.000000E-5	-2.857095E+0	-8.000000E-5	1.415000E-5	1.940000E-5	2.710000E-3	2.000000E-5	0.000000E+0	0.000000E+0	1.964247E-4	2.976042E-9	0.000000E+0	0.000000E+0	1.999959E+1	0.000000E+0	4.000000E+0
24-Apr-25	20:22:52	1.000000E-5	-2.865520E+0	-8.000000E-5	1.410000E-5	1.940000E-5	2.710000E-3	2.000000E-5	0.000000E+0	0.000000E+0	1.964247E-4	2.976042E-9	0.000000E+0	0.000000E+0	1.999959E+1	0.000000E+0	4.000000E+0
24-Apr-25	20:22:52	1.000000E-5	-2.873920E+0	-8.000000E-5	1.400000E-5	1.945000E-5	2.710000E-3	2.000000E-5	0.000000E+0	0.000000E+0	1.964247E-4	2.976042E-9	0.000000E+0	0.000000E+0	1.999959E+1	0.000000E+0	4.000000E+0
24-Apr-25	20:22:53	1.000000E-5	-2.882280E+0	-8.000000E-5	1.390000E-5	1.945000E-5	2.710000E-3	2.000000E-5	0.000000E+0	0.000000E+0	1.964247E-4	2.976042E-9	0.000000E+0	0.000000E+0	1.999959E+1	0.000000E+0	4.000000E+0
24-Apr-25	20:22:53	1.000000E-5	-2.890625E+0	-8.000000E-5	1.395000E-5	1.945000E-5	2.710000E-3	2.000000E-5	0.000000E+0	0.000000E+0	1.964247E-4	2.976042E-9	0.000000E+0	0.000000E+0	1.999959E+1	0.000000E+0	4.000000E+0
24-Apr-25	20:22:54	1.000000E-5	-2.899760E+0	-8.000000E-5	1.390000E-5	1.945000E-5	2.710000E-3	2.000000E-5	0.000000E+0	0.000000E+0	1.964247E-4	2.976042E-9	0.000000E+0	0.000000E+0	1.999959E+1	0.000000E+0	4.000000E+0
24-Apr-25	20:22:54	1.000000E-5	-2.908050E+0	-8.000000E-5	1.385000E-5	1.950000E-5	2.710000E-3	2.000000E-5	0.000000E+0	0.000000E+0	1.964247E-4	2.976042E-9	0.000000E+0	0.000000E+0	1.999959E+1	0.000000E+0	4.000000E+0
24-Apr-25	20:22:55	1.000000E-5	-2.917415E+0	-8.000000E-5	1.380000E-5	1.945000E-5	2.710000E-3	2.000000E-5	0.000000E+0	0.000000E+0	1.964247E-4	2.976042E-9	0.000000E+0	0.000000E+0	1.999959E+1	0.000000E+0	4.000000E+0
24-Apr-25	20:22:56	1.000000E-5	-2.928120E+0	-8.000000E-5	1.375000E-5	1.950000E-5	2.710000E-3	2.000000E-5	0.000000E+0	0.000000E+0	1.964247E-4	2.976042E-9	0.000000E+0	0.000000E+0	1.999959E+1	0.000000E+0	4.000000E+0
24-Apr-25	20:22:56	1.000000E-5	-2.935510E+0	-8.000000E-5	1.375000E-5	1.950000E-5	2.710000E-3	2.000000E-5	0.000000E+0	0.000000E+0	1.964247E-4	2.976042E-9	0.000000E+0	0.000000E+0	1.999959E+1	0.000000E+0	4.000000E+0
24-Apr-25	20:22:57	1.000000E-5	-2.943685E+0	-8.000000E-5	1.370000E-5	1.950000E-5	2.710000E-3	2.000000E-5	0.000000E+0	0.000000E+0	1.964247E-4	2.976042E-9	0.000000E+0	0.000000E+0	1.999959E+1	0.000000E+0	4.000000E+0
24-Apr-25	20:22:57	1.000000E-5	-2.955100E+0	-8.000000E-5	1.365000E-5	1.950000E-5	2.710000E-3	2.000000E-5	0.000000E+0	0.000000E+0	1.964247E-4	2.976042E-9	0.000000E+0	0.000000E+0	1.999959E+1	0.000000E+0	4.000000E+0
24-Apr-25	20:22:58	1.000000E-5	-2.962425E+0	-8.000000E-5	1.355000E-5	1.955000E-5	2.710000E-3	2.000000E-5	0.000000E+0	0.000000E+0	1.964247E-4	2.976042E-9	0.000000E+0	0.000000E+0	1.999959E+1	0.000000E+0	4.000000E+0
24-Apr-25	20:22:58	1.000000E-5	-2.969730E+0	-8.000000E-5	1.360000E-5	1.950000E-5	2.710000E-3	2.000000E-5	0.000000E+0	0.000000E+0	1.964247E-4	2.976042E-9	0.000000E+0	0.000000E+0	1.999959E+1	0.000000E+0	4.000000E+0
24-Apr-25	20:22:59	1.000000E-5	-2.977820E+0	-8.000000E-5	1.360000E-5	1.945000E-5	2.710000E-3	2.000000E-5	0.000000E+0	0.000000E+0	1.964247E-4	2.976042E-9	0.000000E+0	0.000000E+0	1.999959E+1	0.000000E+0	4.000000E+0
24-Apr-25	20:22:59	1.000000E-5	-2.985875E+0	-8.000000E-5	1.355000E-5	1.945000E-5	2.710000E-3	2.000000E-5	0.000000E+0	0.000000E+0	1.964247E-4	2.976042E-9	0.000000E+0	0.000000E+0	1.999959E+1	0.000000E+0	4.000000E+0
24-Apr-25	20:23:00	1.000000E-5	-2.995650E+0	-8.000000E-5	1.350000E-5	1.945000E-5	2.710000E-3	2.000000E-5	0.000000E+0	0.000000E+0	1.964247E-4	2.976042E-9	0.000000E+0	0.000000E+0	1.999959E+1	0.000000E+0	4.000000E+0
24-Apr-25	20:23:00	1.000000E-5	-3.003535E+0	-8.000000E-5	1.345000E-5	1.950000E-5	2.710000E-3	2.000000E-5	0.000000E+0	0.000000E+0	1.964247E-4	2.976042E-9	0.000000E+0	0.000000E+0	1.999959E+1	0.000000E+0	4.000000E+0
24-Apr-25	20:23:01	1.000000E-5	-3.010725E+0	-8.000000E-5	1.340000E-5	1.945000E-5	2.710000E-3	2.000000E-5	0.000000E+0	0.000000E+0	1.964247E-4	2.976042E-9	0.000000E+0	0.000000E+0	1.999959E+1	0.000000E+0	4.000000E+0
24-Apr-25	20:23:01	1.000000E-5	-3.018700E+0	-8.000000E-5	1.340000E-5	1.950000E-5	2.710000E-3	2.000000E-5	0.000000E+0	0.000000E+0	1.964247E-4	2.976042E-9	0.000000E+0	0.000000E+0	1.999959E+1	0.000000E+0	4.000000E+0
24-Apr-25	20:23:02	1.000000E-5	-3.025840E+0	-8.000000E-5	1.335000E-5	1.950000E-5	2.710000E-3	2.000000E-5	0.000000E+0	0.000000E+0	1.964247E-4	2.976042E-9	0.000000E+0	0.000000E+0	1.999959E+1	0.000000E+0	4.000000E+0
24-Apr-25	20:23:02	1.000000E-5	-3.033765E+0	-8.000000E-5	1.330000E-5	1.950000E-5	2.710000E-3	2.000000E-5	0.000000E+0	0.000000E+0	1.964247E-4	2.976042E-9	0.000000E+0	0.000000E+0	1.999959E+1	0.000000E+0	4.000000E+0
24-Apr-25	20:23:03	1.000000E-5	-3.041125E+0	-8.000000E-5	1.325000E-5	1.955000E-5	2.710000E-3	2.000000E-5	0.000000E+0	0.000000E+0	1.964247E-4	2.976042E-9	0.000000E+0	0.000000E+0	1.999959E+1	0.000000E+0	4.000000E+0
24-Apr-25	20:23:03	1.000000E-5	-3.049020E+0	-8.000000E-5	1.320000E-5	1.950000E-5	2.710000E-3	2.000000E-5	0.000000E+0	0.000000E+0	1.964247E-4	2.976042E-9	0.000000E+0	0.000000E+0	1.999959E+1	0.000000E+0	4.000000E+0
24-Apr-25	20:23:04	1.000000E-5	-3.058455E+0	-8.000000E-5	1.320000E-5	1.950000E-5	2.710000E-3	2.000000E-5	0.000000E+0	0.000000E+0	1.964247E-4	2.976042E-9	0.000000E+0	0.000000E+0	1.999959E+1	0.000000E+0	4.000000E+0
24-Apr-25	20:23:04	1.000000E-5	-3.065525E+0	-8.000000E-5	1.325000E-5	1.955000E-5	2.710000E-3	2.000000E-5	0.000000E+0	0.000000E+0	1.964247E-4	2.976042E-9	0.000000E+0	0.000000E+0	1.999959E+1	0.000000E+0	4.000000E+0
24-Apr-25	20:23:05	1.000000E-5	-3.073320E+0	-8.000000E-5	1.310000E-5	1.950000E-5	2.710000E-3	2.000000E-5	0.000000E+0	0.000000E+0	1.964247E-4	2.976042E-9	0.000000E+0	0.000000E+0	1.999959E+1	0.000000E+0	4.000000E+0
24-Apr-25	20:23:05	1.000000E-5	-3.081120E+0	-8.000000E-5	1.310000E-5	1.945000E-5	2.710000E-3	2.000000E-5	0.000000E+0	0.000000E+0	1.964247E-4	2.976042E-9	0.000000E+0	0.000000E+0	1.999959E+1	0.000000E+0	4.000000E+0
24-Apr-25	20:23:06	1.000000E-5	-3.088880E+0	-8.000000E-5	1.310000E-5	1.950000E-5	2.710000E-3	2.000000E-5	0.000000E+0	0.000000E+0	1.964247E-4	2.976042E-9	0.000000E+0	0.000000E+0	1.999959E+1	0.000000E+0	4.000000E+0
24-Apr-25	20:23:06	1.000000E-5	-3.096620E+0	-8.000000E-5	1.300000E-5	1.955000E-5	2.710000E-3	2.000000E-5	0.000000E+0	0.000000E+0	1.964247E-4	2.976042E-9	0.000000E+0	0.000000E+0	1.999959E+1	0.000000E+0	4.000000E+0
24-Apr-25	20:23:07	1.000000E-5	-3.105100E+0	-8.000000E-5	1.300000E-5	1.955000E-5	2.710000E-3	2.000000E-5	0.000000E+0	0.000000E+0	1.964247E-4	2.976042E-9	0.000000E+0	0.000000E+0	1.999959E+1	0.000000E+0	4.000000E+0
24-Apr-25	20:23:07	1.000000E-5	-3.112035E+0	-8.000000E-5	1.300000E-5	1.955000E-5	2.710000E-3	2.000000E-5	0.000000E+0	0.000000E+0	1.964247E-4	2.976042E-9	0.000000E+0	0.000000E+0	1.999959E+1	0.000000E+0	4.000000E+0
24-Apr-25	20:23:08	1.000000E-5	-3.121255E+0	-8.000000E-5	1.295000E-5	1.955000E-5	2.710000E-3	2.000000E-5	0.000000E+0	0.000000E+0	1.964247E-4	2.976042E-9	0.000000E+0	0.000000E+0	1.999959E+1	0.000000E+0	4.000000E+0
24-Apr-25	20:23:08	1.000000E-5	-3.128125E+0	-8.000000E-5	1.290000E-5	1.955000E-5	2.710000E-3	2.000000E-5	0.000000E+0	0.000000E+0	1.964247E-4	2.976042E-9	0.000000E+0	0.000000E+0	1.999959E+1	0.000000E+0	4.000000E+0
24-Apr-25	20:23:09	1.000000E-5	-3.135755E+0	-8.000000E-5	1.290000E-5	1.955000E-5	2.710000E-3	2.000000E-5	0.000000E+0	0.000000E+0	1.964247E-4	2.976042E-9	0.000000E+0	0.000000E+0	1.999959E+1	0.000000E+0	4.000000E+0
24-Apr-25	20:23:09	1.000000E-5	-3.143355E+0	-8.000000E-5	1.290000E-5	1.955000E-5	2.710000E-3	2.000000E-5	0.000000E+0	0.000000E+0	1.964247E-4	2.976042E-9	0.000000E+0	0.000000E+0	1.999959E+1	0.000000E+0	4.000000E+0
24-Apr-25	20:23:10	1.000000E-5	-3.150205E+0	-8.000000E-5	1.290000E-5	1.950000E-5	2.710000E-3	2.000000E-5	0.000000E+0	0.000000E+0	1.964247E-4	2.976042E-9	0.000000E+0	0.000000E+0	1.999959E+1	0.000000E+0	4.000000E+0
24-Apr-25	20:23:10	1.000000E-5	-3.157775E+0	-8.000000E-5	1.285000E-5	1.950000E-5	2.710000E-3	2.000000E-5	0.000000E+0	0.000000E+0	1.964247E-4	2.976042E-9	0.000000E+0	0.000000E+0	1.999959E+1	0.000000E+0	4.000000E+0
24-Apr-25	20:23:11	1.000000E-5	-3.168565E+0	-8.000000E-5	1.275000E-5	1.950000E-5	2.710000E-3	2.000000E-5	0.000000E+0	0.000000E+0	1.964247E-4	2.976042E-9	0.000000E+0	0.000000E+0	1.999959E+1	0.000000E+0	4.000000E+0
24-Apr-25	20:23:11	1.000000E-5	-3.176075E+0	-8.000000E-5	1.275000E-5	1.950000E-5	2.710000E-3	2.000000E-5	0.000000E+0	0.000000E+0	1.964247E-4	2.976042E-9	0.000000E+0	0.000000E+0	1.999959E+1	0.000000E+0	4.000000E+0
24-Apr-25	20:23:12	1.000000E-5	-3.183565E+0	-8.000000E-5	1.270000E-5	1.955000E-5	2.710000E-3	2.000000E-5	0.000000E+0	0.000000E+0	1.964247E-4	2.976042E-9	0.000000E+0	0.000000E+0	1.999959E+1	0.000000E+0	4.000000E+0
24-Apr-25	20:23:13	1.000000E-5	-3.193275E+0	-8.000000E-5	1.265000E-5	1.960000E-5	2.710000E-3	2.000000E-5	0.000000E+0	0.000000E+0	1.964247E-4	2.976042E-9	0.000000E+0	0.000000E+0	1.999959E+1	0.000000E+0	4.000000E+0
24-Apr-25	20:23:13	1.000000E-5	-3.200730E+0	-8.000000E-5	1.265000E-5	1.955000E-5	2.720000E-3	2.000000E-5	0.000000E+0	0.000000E+0	1.964247E-4	2.976042E-9	0.000000E+0	0.000000E+0	1.999959E+1	0.000000E+0	4.000000E+0
24-Apr-25	20:23:14	1.000000E-5	-3.209750E+0	-8.000000E-5	1.260000E-5	1.950000E-5	2.710000E-3	2.000000E-5	0.000000E+0	0.000000E+0	1.964247E-4	2.976042E-9	0.000000E+0	0.000000E+0	1.999959E+1	0.000000E+0	4.000000E+0
24-Apr-25	20:23:14	1.000000E-5	-3.217030E+0	-8.000000E-5	1.260000E-5	1.960000E-5	2.710000E-3	2.000000E-5	0.000000E+0	0.000000E+0	1.964247E-4	2.976042E-9	0.000000E+0	0.000000E+0	1.999959E+1	0.000000E+0	4.000000E+0
24-Apr-25	20:23:15	1.000000E-5	-3.223670E+0	-8.000000E-5	1.255000E-5	1.965000E-5	2.710000E-3	2.000000E-5	0.000000E+0	0.000000E+0	1.964247E-4	2.976042E-9	0.000000E+0	0.000000E+0	1.999959E+1	0.000000E+0	4.000000E+0
24-Apr-25	20:23:15	1.000000E-5	-3.231265E+0	-8.000000E-5	1.250000E-5	1.965000E-5	2.710000E-3	2.000000E-5	0.000000E+0	0.000000E+0	1.964247E-4	2.976042E-9	0.000000E+0	0.000000E+0	1.999959E+1	0.000000E+0	4.000000E+0
24-Apr-25	20:23:16	1.000000E-5	-3.238470E+0	-8.000000E-5	1.245000E-5	1.965000E-5	2.710000E-3	2.000000E-5	0.000000E+0	0.000000E+0	1.964247E-4	2.976042E-9	0.000000E+0	0.000000E+0	1.999959E+1	0.000000E+0	4.000000E+0
24-Apr-25	20:23:16	1.000000E-5	-3.245650E+0	-8.000000E-5	1.240000E-5	1.960000E-5	2.710000E-3	2.000000E-5	0.000000E+0	0.000000E+0	1.964247E-4	2.976042E-9	0.000000E+0	0.000000E+0	1.999959E+1	0.000000E+0	4.000000E+0
24-Apr-25	20:23:17	1.000000E-5	-3.253190E+0	-8.000000E-5	1.240000E-5	1.960000E-5	2.710000E-3	2.000000E-5	0.000000E+0	0.000000E+0	1.964247E-4	2.976042E-9	0.000000E+0	0.000000E+0	1.999959E+1	0.000000E+0	4.000000E+0
24-Apr-25	20:23:17	1.000000E-5	-3.261180E+0	-8.000000E-5	1.235000E-5	1.960000E-5	2.710000E-3	2.000000E-5	0.000000E+0	0.000000E+0	1.964247E-4	2.976042E-9	0.000000E+0	0.000000E+0	1.999959E+1	0.000000E+0	4.000000E+0
24-Apr-25	20:23:18	1.000000E-5	-3.267710E+0	-8.000000E-5	1.235000E-5	1.955000E-5	2.710000E-3	2.000000E-5	0.000000E+0	0.000000E+0	1.964247E-4	2.976042E-9	0.000000E+0	0.000000E+0	1.999959E+1	0.000000E+0	4.000000E+0
24-Apr-25	20:23:19	1.000000E-5	-3.277810E+0	-8.000000E-5	1.230000E-5	1.960000E-5	2.710000E-3	2.000000E-5	0.000000E+0	0.000000E+0	1.964247E-4	2.976042E-9	0.000000E+0	0.000000E+0	1.999959E+1	0.000000E+0	4.000000E+0
24-Apr-25	20:23:19	1.000000E-5	-3.289460E+0	-8.000000E-5	1.230000E-5	1.960000E-5	2.710000E-3	2.000000E-5	0.000000E+0	0.000000E+0	1.964247E-4	2.976042E-9	0.000000E+0	0.000000E+0	1.999959E+1	0.000000E+0	4.000000E+0
24-Apr-25	20:23:20	1.000000E-5	-3.297470E+0	-8.000000E-5	1.220000E-5	1.960000E-5	2.710000E-3	2.000000E-5	0.000000E+0	0.000000E+0	1.964247E-4	2.976042E-9	0.000000E+0	0.000000E+0	1.999959E+1	0.000000E+0	4.000000E+0
24-Apr-25	20:23:20	1.000000E-5	-3.304615E+0	-8.000000E-5	1.215000E-5	1.960000E-5	2.720000E-3	2.000000E-5	0.000000E+0	0.000000E+0	1.964247E-4	2.976042E-9	0.000000E+0	0.000000E+0	1.999959E+1	0.000000E+0	4.000000E+0
24-Apr-25	20:23:21	1.000000E-5	-3.311735E+0	-8.000000E-5	1.220000E-5	1.960000E-5	2.720000E-3	2.000000E-5	0.000000E+0	0.000000E+0	1.964247E-4	2.976042E-9	0.000000E+0	0.000000E+0	1.999959E+1	0.000000E+0	4.000000E+0
24-Apr-25	20:23:21	1.000000E-5	-3.320955E+0	-8.000000E-5	1.220000E-5	1.965000E-5	2.710000E-3	2.000000E-5	0.000000E+0	0.000000E+0	1.964247E-4	2.976042E-9	0.000000E+0	0.000000E+0	1.999959E+1	0.000000E+0	4.000000E+0
24-Apr-25	20:23:22	1.000000E-5	-3.328030E+0	-8.000000E-5	1.210000E-5	1.965000E-5	2.710000E-3	2.000000E-5	0.000000E+0	0.000000E+0	1.964247E-4	2.976042E-9	0.000000E+0	0.000000E+0	1.999959E+1	0.000000E+0	4.000000E+0
24-Apr-25	20:23:22	1.000000E-5	-3.334370E+0	-8.000000E-5	1.205000E-5	1.960000E-5	2.720000E-3	2.000000E-5	0.000000E+0	0.000000E+0	1.964247E-4	2.976042E-9	0.000000E+0	0.000000E+0	1.999959E+1	0.000000E+0	4.000000E+0
24-Apr-25	20:23:23	1.000000E-5	-3.341395E+0	-8.000000E-5	1.210000E-5	1.955000E-5	2.710000E-3	2.000000E-5	0.000000E+0	0.000000E+0	1.964247E-4	2.976042E-9	0.000000E+0	0.000000E+0	1.999959E+1	0.000000E+0	4.000000E+0
24-Apr-25	20:23:24	1.000000E-5	-3.352145E+0	-8.000000E-5	1.205000E-5	1.960000E-5	2.710000E-3	2.000000E-5	0.000000E+0	0.000000E+0	1.964247E-4	2.976042E-9	0.000000E+0	0.000000E+0	1.999959E+1	0.000000E+0	4.000000E+0
24-Apr-25	20:23:24	1.000000E-5	-3.358430E+0	-8.000000E-5	1.200000E-5	1.960000E-5	2.710000E-3	2.000000E-5	0.000000E+0	0.000000E+0	1.964247E-4	2.976042E-9	0.000000E+0	0.000000E+0	1.999959E+1	0.000000E+0	4.000000E+0
24-Apr-25	20:23:25	1.000000E-5	-3.365395E+0	-8.000000E-5	1.200000E-5	1.960000E-5	2.710000E-3	2.000000E-5	0.000000E+0	0.000000E+0	1.964247E-4	2.976042E-9	0.000000E+0	0.000000E+0	1.999959E+1	0.000000E+0	4.000000E+0
24-Apr-25	20:23:25	1.000000E-5	-3.371660E+0	-8.000000E-5	1.195000E-5	1.960000E-5	2.710000E-3	2.000000E-5	0.000000E+0	0.000000E+0	1.964247E-4	2.976042E-9	0.000000E+0	0.000000E+0	1.999959E+1	0.000000E+0	4.000000E+0
24-Apr-25	20:23:25	1.000000E-5	-3.378580E+0	-8.000000E-5	1.195000E-5	1.960000E-5	2.710000E-3	2.000000E-5	0.000000E+0	0.000000E+0	1.964247E-4	2.976042E-9	0.000000E+0	0.000000E+0	1.999959E+1	0.000000E+0	4.000000E+0
24-Apr-25	20:23:26	1.000000E-5	-3.384795E+0	-8.000000E-5	1.195000E-5	1.960000E-5	2.720000E-3	2.000000E-5	0.000000E+0	0.000000E+0	1.964247E-4	2.976042E-9	0.000000E+0	0.000000E+0	1.999959E+1	0.000000E+0	4.000000E+0
24-Apr-25	20:23:26	1.000000E-5	-3.391670E+0	-8.000000E-5	1.195000E-5	1.965000E-5	2.710000E-3	2.000000E-5	0.000000E+0	0.000000E+0	1.964247E-4	2.976042E-9	0.000000E+0	0.000000E+0	1.999959E+1	0.000000E+0	4.000000E+0
24-Apr-25	20:23:27	1.000000E-5	-3.398540E+0	-8.000000E-5	1.190000E-5	1.965000E-5	2.710000E-3	2.000000E-5	0.000000E+0	0.000000E+0	1.964247E-4	2.976042E-9	0.000000E+0	0.000000E+0	1.999959E+1	0.000000E+0	4.000000E+0
24-Apr-25	20:23:27	1.000000E-5	-3.405395E+0	-8.000000E-5	1.185000E-5	1.965000E-5	2.720000E-3	2.000000E-5	0.000000E+0	0.000000E+0	1.964247E-4	2.976042E-9	0.000000E+0	0.000000E+0	1.999959E+1	0.000000E+0	4.000000E+0
24-Apr-25	20:23:28	1.000000E-5	-3.412225E+0	-8.000000E-5	1.180000E-5	1.965000E-5	2.710000E-3	2.000000E-5	0.000000E+0	0.000000E+0	1.964247E-4	2.976042E-9	0.000000E+0	0.000000E+0	1.999959E+1	0.000000E+0	4.000000E+0
24-Apr-25	20:23:29	1.000000E-5	-3.422450E+0	-8.000000E-5	1.175000E-5	1.965000E-5	2.710000E-3	2.000000E-5	0.000000E+0	0.000000E+0	1.964247E-4	2.976042E-9	0.000000E+0	0.000000E+0	1.999959E+1	0.000000E+0	4.000000E+0
24-Apr-25	20:23:29	1.000000E-5	-3.430690E+0	-8.000000E-5	1.175000E-5	1.960000E-5	2.710000E-3	2.000000E-5	0.000000E+0	0.000000E+0	1.964247E-4	2.976042E-9	0.000000E+0	0.000000E+0	1.999959E+1	0.000000E+0	4.000000E+0
24-Apr-25	20:23:30	1.000000E-5	-3.438235E+0	-8.000000E-5	1.175000E-5	1.960000E-5	2.720000E-3	2.000000E-5	0.000000E+0	0.000000E+0	1.964247E-4	2.976042E-9	0.000000E+0	0.000000E+0	1.999959E+1	0.000000E+0	4.000000E+0
24-Apr-25	20:23:30	1.000000E-5	-3.444290E+0	-8.000000E-5	1.170000E-5	1.965000E-5	2.720000E-3	2.000000E-5	0.000000E+0	0.000000E+0	1.964247E-4	2.976042E-9	0.000000E+0	0.000000E+0	1.999959E+1	0.000000E+0	4.000000E+0
24-Apr-25	20:23:31	1.000000E-5	-3.451005E+0	-8.000000E-5	1.175000E-5	1.960000E-5	2.720000E-3	2.000000E-5	0.000000E+0	0.000000E+0	1.964247E-4	2.976042E-9	0.000000E+0	0.000000E+0	1.999959E+1	0.000000E+0	4.000000E+0
24-Apr-25	20:23:31	1.000000E-5	-3.458370E+0	-8.000000E-5	1.170000E-5	1.965000E-5	2.710000E-3	2.000000E-5	0.000000E+0	0.000000E+0	1.964247E-4	2.976042E-9	0.000000E+0	0.000000E+0	1.999959E+1	0.000000E+0	4.000000E+0
24-Apr-25	20:23:32	1.000000E-5	-3.465050E+0	-8.000000E-5	1.155000E-5	1.965000E-5	2.710000E-3	2.000000E-5	0.000000E+0	0.000000E+0	1.964247E-4	2.976042E-9	0.000000E+0	0.000000E+0	1.999959E+1	0.000000E+0	4.000000E+0
24-Apr-25	20:23:32	1.000000E-5	-3.471050E+0	-8.000000E-5	1.160000E-5	1.965000E-5	2.720000E-3	2.000000E-5	0.000000E+0	0.000000E+0	1.964247E-4	2.976042E-9	0.000000E+0	0.000000E+0	1.999959E+1	0.000000E+0	4.000000E+0
24-Apr-25	20:23:33	1.000000E-5	-3.477690E+0	-8.000000E-5	1.165000E-5	1.970000E-5	2.720000E-3	2.000000E-5	0.000000E+0	0.000000E+0	1.964247E-4	2.976042E-9	0.000000E+0	0.000000E+0	1.999959E+1	0.000000E+0	4.000000E+0
24-Apr-25	20:23:33	1.000000E-5	-3.486305E+0	-8.000000E-5	1.155000E-5	1.970000E-5	2.720000E-3	2.000000E-5	0.000000E+0	0.000000E+0	1.964247E-4	2.976042E-9	0.000000E+0	0.000000E+0	1.999959E+1	0.000000E+0	4.000000E+0
24-Apr-25	20:23:34	1.000000E-5	-3.493550E+0	-8.000000E-5	1.155000E-5	1.965000E-5	2.720000E-3	2.000000E-5	0.000000E+0	0.000000E+0	1.964247E-4	2.976042E-9	0.000000E+0	0.000000E+0	1.999959E+1	0.000000E+0	4.000000E+0
24-Apr-25	20:23:35	1.000000E-5	-3.500790E+0	-8.000000E-5	1.155000E-5	1.965000E-5	2.720000E-3	2.000000E-5	0.000000E+0	0.000000E+0	1.964247E-4	2.976042E-9	0.000000E+0	0.000000E+0	1.999959E+1	0.000000E+0	4.000000E+0
24-Apr-25	20:23:35	1.000000E-5	-3.507350E+0	-8.000000E-5	1.150000E-5	1.965000E-5	2.720000E-3	2.000000E-5	0.000000E+0	0.000000E+0	1.964247E-4	2.976042E-9	0.000000E+0	0.000000E+0	1.999959E+1	0.000000E+0	4.000000E+0
24-Apr-25	20:23:36	1.000000E-5	-3.513880E+0	-8.000000E-5	1.150000E-5	1.965000E-5	2.710000E-3	2.000000E-5	0.000000E+0	0.000000E+0	1.964247E-4	2.976042E-9	0.000000E+0	0.000000E+0	1.999959E+1	0.000000E+0	4.000000E+0
24-Apr-25	20:23:36	1.000000E-5	-3.521915E+0	-8.000000E-5	1.145000E-5	1.970000E-5	2.710000E-3	2.000000E-5	0.000000E+0	0.000000E+0	1.964247E-4	2.976042E-9	0.000000E+0	0.000000E+0	1.999959E+1	0.000000E+0	4.000000E+0
24-Apr-25	20:23:37	1.000000E-5	-3.529055E+0	-8.000000E-5	1.140000E-5	1.965000E-5	2.720000E-3	2.000000E-5	0.000000E+0	0.000000E+0	1.964247E-4	2.976042E-9	0.000000E+0	0.000000E+0	1.999959E+1	0.000000E+0	4.000000E+0
24-Apr-25	20:23:37	1.000000E-5	-3.534880E+0	-8.000000E-5	1.140000E-5	1.965000E-5	2.710000E-3	2.000000E-5	0.000000E+0	0.000000E+0	1.964247E-4	2.976042E-9	0.000000E+0	0.000000E+0	1.999959E+1	0.000000E+0	4.000000E+0
24-Apr-25	20:23:38	1.000000E-5	-3.541990E+0	-8.000000E-5	1.135000E-5	1.970000E-5	2.710000E-3	2.000000E-5	0.000000E+0	0.000000E+0	1.964247E-4	2.976042E-9	0.000000E+0	0.000000E+0	1.999959E+1	0.000000E+0	4.000000E+0
24-Apr-25	20:23:38	1.000000E-5	-3.547780E+0	-8.000000E-5	1.135000E-5	1.970000E-5	2.710000E-3	2.000000E-5	0.000000E+0	0.000000E+0	1.964247E-4	2.976042E-9	0.000000E+0	0.000000E+0	1.999959E+1	0.000000E+0	4.000000E+0
24-Apr-25	20:23:39	1.000000E-5	-3.554170E+0	-8.000000E-5	1.130000E-5	1.965000E-5	2.720000E-3	2.000000E-5	0.000000E+0	0.000000E+0	1.964247E-4	2.976042E-9	0.000000E+0	0.000000E+0	1.999959E+1	0.000000E+0	4.000000E+0
24-Apr-25	20:23:39	1.000000E-5	-3.559935E+0	-8.000000E-5	1.130000E-5	1.965000E-5	2.720000E-3	2.000000E-5	0.000000E+0	0.000000E+0	1.964247E-4	2.976042E-9	0.000000E+0	0.000000E+0	1.999959E+1	0.000000E+0	4.000000E+0
24-Apr-25	20:23:40	1.000000E-5	-3.566320E+0	-8.000000E-5	1.125000E-5	1.960000E-5	2.720000E-3	2.000000E-5	0.000000E+0	0.000000E+0	1.964247E-4	2.976042E-9	0.000000E+0	0.000000E+0	1.999959E+1	0.000000E+0	4.000000E+0
24-Apr-25	20:23:40	1.000000E-5	-3.572055E+0	-8.000000E-5	1.130000E-5	1.965000E-5	2.720000E-3	2.000000E-5	0.000000E+0	0.000000E+0	1.964247E-4	2.976042E-9	0.000000E+0	0.000000E+0	1.999959E+1	0.000000E+0	4.000000E+0
24-Apr-25	20:23:41	1.000000E-5	-3.578400E+0	-8.000000E-5	1.125000E-5	1.970000E-5	2.720000E-3	2.000000E-5	0.000000E+0	0.000000E+0	1.964247E-4	2.976042E-9	0.000000E+0	0.000000E+0	1.999959E+1	0.000000E+0	4.000000E+0
24-Apr-25	20:23:41	1.000000E-5	-3.584725E+0	-8.000000E-5	1.120000E-5	1.970000E-5	2.720000E-3	2.000000E-5	0.000000E+0	0.000000E+0	1.964247E-4	2.976042E-9	0.000000E+0	0.000000E+0	1.999959E+1	0.000000E+0	4.000000E+0
24-Apr-25	20:23:42	1.000000E-5	-3.590410E+0	-8.000000E-5	1.125000E-5	1.970000E-5	2.720000E-3	2.000000E-5	0.000000E+0	0.000000E+0	1.964247E-4	2.976042E-9	0.000000E+0	0.000000E+0	1.999959E+1	0.000000E+0	4.000000E+0
24-Apr-25	20:23:42	1.000000E-5	-3.596710E+0	-8.000000E-5	1.120000E-5	1.970000E-5	2.720000E-3	2.000000E-5	0.000000E+0	0.000000E+0	1.964247E-4	2.976042E-9	0.000000E+0	0.000000E+0	1.999959E+1	0.000000E+0	4.000000E+0
24-Apr-25	20:23:43	1.000000E-5	-3.602975E+0	-8.000000E-5	1.115000E-5	1.965000E-5	2.720000E-3	2.000000E-5	0.000000E+0	0.000000E+0	1.964247E-4	2.976042E-9	0.000000E+0	0.000000E+0	1.999959E+1	0.000000E+0	4.000000E+0
24-Apr-25	20:23:43	1.000000E-5	-3.611325E+0	-8.000000E-5	1.115000E-5	1.970000E-5	2.720000E-3	2.000000E-5	0.000000E+0	0.000000E+0	1.964247E-4	2.976042E-9	0.000000E+0	0.000000E+0	1.999959E+1	0.000000E+0	4.000000E+0
24-Apr-25	20:23:44	1.000000E-5	-3.617550E+0	-8.000000E-5	1.110000E-5	1.965000E-5	2.720000E-3	2.000000E-5	0.000000E+0	0.000000E+0	1.964247E-4	2.976042E-9	0.000000E+0	0.000000E+0	1.999959E+1	0.000000E+0	4.000000E+0
24-Apr-25	20:23:44	1.000000E-5	-3.623765E+0	-8.000000E-5	1.110000E-5	1.965000E-5	2.720000E-3	2.000000E-5	0.000000E+0	0.000000E+0	1.964247E-4	2.976042E-9	0.000000E+0	0.000000E+0	1.999959E+1	0.000000E+0	4.000000E+0
24-Apr-25	20:23:45	1.000000E-5	-3.630590E+0	-8.000000E-5	1.110000E-5	1.970000E-5	2.720000E-3	2.000000E-5	0.000000E+0	0.000000E+0	1.964247E-4	2.976042E-9	0.000000E+0	0.000000E+0	1.999959E+1	0.000000E+0	4.000000E+0
24-Apr-25	20:23:45	1.000000E-5	-3.638630E+0	-8.000000E-5	1.105000E-5	1.975000E-5	2.720000E-3	2.000000E-5	0.000000E+0	0.000000E+0	1.964247E-4	2.976042E-9	0.000000E+0	0.000000E+0	1.999959E+1	0.000000E+0	4.000000E+0
24-Apr-25	20:23:46	1.000000E-5	-3.644160E+0	-8.000000E-5	1.095000E-5	1.970000E-5	2.720000E-3	2.000000E-5	0.000000E+0	0.000000E+0	1.964247E-4	2.976042E-9	0.000000E+0	0.000000E+0	1.999959E+1	0.000000E+0	4.000000E+0
24-Apr-25	20:23:46	1.000000E-5	-3.650295E+0	-8.000000E-5	1.100000E-5	1.970000E-5	2.720000E-3	2.000000E-5	0.000000E+0	0.000000E+0	1.964247E-4	2.976042E-9	0.000000E+0	0.000000E+0	1.999959E+1	0.000000E+0	4.000000E+0
24-Apr-25	20:23:47	1.000000E-5	-3.656420E+0	-8.000000E-5	1.105000E-5	1.970000E-5	2.720000E-3	2.000000E-5	0.000000E+0	0.000000E+0	1.964247E-4	2.976042E-9	0.000000E+0	0.000000E+0	1.999959E+1	0.000000E+0	4.000000E+0
24-Apr-25	20:23:47	1.000000E-5	-3.661910E+0	-8.000000E-5	1.100000E-5	1.975000E-5	2.720000E-3	2.000000E-5	0.000000E+0	0.000000E+0	1.964247E-4	2.976042E-9	0.000000E+0	0.000000E+0	1.999959E+1	0.000000E+0	4.000000E+0
24-Apr-25	20:23:48	1.000000E-5	-3.668000E+0	-8.000000E-5	1.090000E-5	1.970000E-5	2.720000E-3	2.000000E-5	0.000000E+0	0.000000E+0	1.964247E-4	2.976042E-9	0.000000E+0	0.000000E+0	1.999959E+1	0.000000E+0	4.000000E+0
24-Apr-25	20:23:48	1.000000E-5	-3.674070E+0	-8.000000E-5	1.090000E-5	1.965000E-5	2.720000E-3	2.000000E-5	0.000000E+0	0.000000E+0	1.964247E-4	2.976042E-9	0.000000E+0	0.000000E+0	1.999959E+1	0.000000E+0	4.000000E+0
24-Apr-25	20:23:49	1.000000E-5	-3.680120E+0	-8.000000E-5	1.090000E-5	1.965000E-5	2.720000E-3	2.000000E-5	0.000000E+0	0.000000E+0	1.964247E-4	2.976042E-9	0.000000E+0	0.000000E+0	1.999959E+1	0.000000E+0	4.000000E+0
24-Apr-25	20:23:49	1.000000E-5	-3.686160E+0	-8.000000E-5	1.085000E-5	1.975000E-5	2.720000E-3	2.000000E-5	0.000000E+0	0.000000E+0	1.964247E-4	2.976042E-9	0.000000E+0	0.000000E+0	1.999959E+1	0.000000E+0	4.000000E+0
24-Apr-25	20:23:50	1.000000E-5	-3.692760E+0	-8.000000E-5	1.085000E-5	1.975000E-5	2.720000E-3	2.000000E-5	0.000000E+0	0.000000E+0	1.964247E-4	2.976042E-9	0.000000E+0	0.000000E+0	1.999959E+1	0.000000E+0	4.000000E+0
24-Apr-25	20:23:50	1.000000E-5	-3.698845E+0	-8.000000E-5	1.080000E-5	1.975000E-5	2.720000E-3	2.000000E-5	0.000000E+0	0.000000E+0	1.964247E-4	2.976042E-9	0.000000E+0	0.000000E+0	1.999959E+1	0.000000E+0	4.000000E+0
24-Apr-25	20:23:51	1.000000E-5	-3.704335E+0	-8.000000E-5	1.080000E-5	1.970000E-5	2.720000E-3	2.000000E-5	0.000000E+0	0.000000E+0	1.964247E-4	2.976042E-9	0.000000E+0	0.000000E+0	1.999959E+1	0.000000E+0	4.000000E+0
24-Apr-25	20:23:51	1.000000E-5	-3.709715E+0	-8.000000E-5	1.080000E-5	1.975000E-5	2.720000E-3	2.000000E-5	0.000000E+0	0.000000E+0	1.964247E-4	2.976042E-9	0.000000E+0	0.000000E+0	1.999959E+1	0.000000E+0	4.000000E+0
24-Apr-25	20:23:52	1.000000E-5	-3.715645E+0	-8.000000E-5	1.080000E-5	1.965000E-5	2.720000E-3	2.000000E-5	0.000000E+0	0.000000E+0	1.964247E-4	2.976042E-9	0.000000E+0	0.000000E+0	1.999959E+1	0.000000E+0	4.000000E+0
24-Apr-25	20:23:52	1.000000E-5	-3.721565E+0	-8.000000E-5	1.080000E-5	1.965000E-5	2.720000E-3	2.000000E-5	0.000000E+0	0.000000E+0	1.964247E-4	2.976042E-9	0.000000E+0	0.000000E+0	1.999959E+1	0.000000E+0	4.000000E+0
24-Apr-25	20:23:53	1.000000E-5	-3.727495E+0	-8.000000E-5	1.075000E-5	1.975000E-5	2.720000E-3	2.000000E-5	0.000000E+0	0.000000E+0	1.964247E-4	2.976042E-9	0.000000E+0	0.000000E+0	1.999959E+1	0.000000E+0	4.000000E+0
24-Apr-25	20:23:53	1.000000E-5	-3.733405E+0	-8.000000E-5	1.070000E-5	1.975000E-5	2.720000E-3	2.000000E-5	0.000000E+0	0.000000E+0	1.964247E-4	2.976042E-9	0.000000E+0	0.000000E+0	1.999959E+1	0.000000E+0	4.000000E+0
24-Apr-25	20:23:54	1.000000E-5	-3.738695E+0	-8.000000E-5	1.070000E-5	1.975000E-5	2.720000E-3	2.000000E-5	0.000000E+0	0.000000E+0	1.964247E-4	2.976042E-9	0.000000E+0	0.000000E+0	1.999959E+1	0.000000E+0	4.000000E+0
24-Apr-25	20:23:54	1.000000E-5	-3.744555E+0	-8.000000E-5	1.070000E-5	1.970000E-5	2.720000E-3	2.000000E-5	0.000000E+0	0.000000E+0	1.964247E-4	2.976042E-9	0.000000E+0	0.000000E+0	1.999959E+1	0.000000E+0	4.000000E+0
24-Apr-25	20:23:55	1.000000E-5	-3.750405E+0	-8.000000E-5	1.070000E-5	1.970000E-5	2.720000E-3	2.000000E-5	0.000000E+0	0.000000E+0	1.964247E-4	2.976042E-9	0.000000E+0	0.000000E+0	1.999959E+1	0.000000E+0	4.000000E+0
24-Apr-25	20:23:55	1.000000E-5	-3.756215E+0	-8.000000E-5	1.070000E-5	1.970000E-5	2.720000E-3	2.000000E-5	0.000000E+0	0.000000E+0	1.964247E-4	2.976042E-9	0.000000E+0	0.000000E+0	1.999959E+1	0.000000E+0	4.000000E+0
24-Apr-25	20:23:56	1.000000E-5	-3.761445E+0	-8.000000E-5	1.070000E-5	1.970000E-5	2.720000E-3	2.000000E-5	0.000000E+0	0.000000E+0	1.964247E-4	2.976042E-9	0.000000E+0	0.000000E+0	1.999959E+1	0.000000E+0	4.000000E+0
24-Apr-25	20:23:56	1.000000E-5	-3.767240E+0	-8.000000E-5	1.060000E-5	1.970000E-5	2.720000E-3	2.000000E-5	0.000000E+0	0.000000E+0	1.964247E-4	2.976042E-9	0.000000E+0	0.000000E+0	1.999959E+1	0.000000E+0	4.000000E+0
24-Apr-25	20:23:57	1.000000E-5	-3.773020E+0	-8.000000E-5	1.060000E-5	1.975000E-5	2.720000E-3	2.000000E-5	0.000000E+0	0.000000E+0	1.964247E-4	2.976042E-9	0.000000E+0	0.000000E+0	1.999959E+1	0.000000E+0	4.000000E+0
24-Apr-25	20:23:57	1.000000E-5	-3.778215E+0	-8.000000E-5	1.060000E-5	1.970000E-5	2.720000E-3	2.000000E-5	0.000000E+0	0.000000E+0	1.964247E-4	2.976042E-9	0.000000E+0	0.000000E+0	1.999959E+1	0.000000E+0	4.000000E+0
24-Apr-25	20:23:58	1.000000E-5	-3.783390E+0	-8.000000E-5	1.060000E-5	1.975000E-5	2.720000E-3	2.000000E-5	0.000000E+0	0.000000E+0	1.964247E-4	2.976042E-9	0.000000E+0	0.000000E+0	1.999959E+1	0.000000E+0	4.000000E+0
24-Apr-25	20:23:58	1.000000E-5	-3.789120E+0	-8.000000E-5	1.060000E-5	1.975000E-5	2.720000E-3	2.000000E-5	0.000000E+0	0.000000E+0	1.964247E-4	2.976042E-9	0.000000E+0	0.000000E+0	1.999959E+1	0.000000E+0	4.000000E+0
24-Apr-25	20:23:59	1.000000E-5	-3.794840E+0	-8.000000E-5	1.060000E-5	1.975000E-5	2.720000E-3	2.000000E-5	0.000000E+0	0.000000E+0	1.964247E-4	2.976042E-9	0.000000E+0	0.000000E+0	1.999959E+1	0.000000E+0	4.000000E+0
24-Apr-25	20:23:59	1.000000E-5	-3.801880E+0	-8.000000E-5	1.050000E-5	1.975000E-5	2.720000E-3	2.000000E-5	0.000000E+0	0.000000E+0	1.964247E-4	2.976042E-9	0.000000E+0	0.000000E+0	1.999959E+1	0.000000E+0	4.000000E+0
24-Apr-25	20:24:00	1.000000E-5	-3.810385E+0	-8.000000E-5	1.055000E-5	1.975000E-5	2.720000E-3	2.000000E-5	0.000000E+0	0.000000E+0	1.964247E-4	2.976042E-9	0.000000E+0	0.000000E+0	1.999959E+1	0.000000E+0	4.000000E+0
24-Apr-25	20:24:01	1.000000E-5	-3.817170E+0	-8.000000E-5	1.045000E-5	1.970000E-5	2.720000E-3	2.000000E-5	0.000000E+0	0.000000E+0	1.964247E-4	2.976042E-9	0.000000E+0	0.000000E+0	1.999959E+1	0.000000E+0	4.000000E+0
24-Apr-25	20:24:01	1.000000E-5	-3.822880E+0	-8.000000E-5	1.045000E-5	1.970000E-5	2.720000E-3	2.000000E-5	0.000000E+0	0.000000E+0	1.964247E-4	2.976042E-9	0.000000E+0	0.000000E+0	1.999959E+1	0.000000E+0	4.000000E+0
24-Apr-25	20:24:02	1.000000E-5	-3.829155E+0	-8.000000E-5	1.045000E-5	1.975000E-5	2.720000E-3	2.000000E-5	0.000000E+0	0.000000E+0	1.964247E-4	2.976042E-9	0.000000E+0	0.000000E+0	1.999959E+1	0.000000E+0	4.000000E+0
24-Apr-25	20:24:02	1.000000E-5	-3.834205E+0	-8.000000E-5	1.040000E-5	1.975000E-5	2.720000E-3	2.000000E-5	0.000000E+0	0.000000E+0	1.964247E-4	2.976042E-9	0.000000E+0	0.000000E+0	1.999959E+1	0.000000E+0	4.000000E+0
24-Apr-25	20:24:03	1.000000E-5	-3.839790E+0	-8.000000E-5	1.040000E-5	1.975000E-5	2.720000E-3	2.000000E-5	0.000000E+0	0.000000E+0	1.964247E-4	2.976042E-9	0.000000E+0	0.000000E+0	1.999959E+1	0.000000E+0	4.000000E+0
24-Apr-25	20:24:03	1.000000E-5	-3.844805E+0	-8.000000E-5	1.040000E-5	1.975000E-5	2.720000E-3	2.000000E-5	0.000000E+0	0.000000E+0	1.964247E-4	2.976042E-9	0.000000E+0	0.000000E+0	1.999959E+1	0.000000E+0	4.000000E+0
24-Apr-25	20:24:04	1.000000E-5	-3.850350E+0	-8.000000E-5	1.040000E-5	1.975000E-5	2.720000E-3	2.000000E-5	0.000000E+0	0.000000E+0	1.964247E-4	2.976042E-9	0.000000E+0	0.000000E+0	1.999959E+1	0.000000E+0	4.000000E+0
24-Apr-25	20:24:04	1.000000E-5	-3.855895E+0	-8.000000E-5	1.035000E-5	1.975000E-5	2.720000E-3	2.000000E-5	0.000000E+0	0.000000E+0	1.964247E-4	2.976042E-9	0.000000E+0	0.000000E+0	1.999959E+1	0.000000E+0	4.000000E+0
24-Apr-25	20:24:04	1.000000E-5	-3.861420E+0	-8.000000E-5	1.035000E-5	1.970000E-5	2.720000E-3	2.000000E-5	0.000000E+0	0.000000E+0	1.964247E-4	2.976042E-9	0.000000E+0	0.000000E+0	1.999959E+1	0.000000E+0	4.000000E+0
24-Apr-25	20:24:05	1.000000E-5	-3.866390E+0	-8.000000E-5	1.035000E-5	1.975000E-5	2.720000E-3	2.000000E-5	0.000000E+0	0.000000E+0	1.964247E-4	2.976042E-9	0.000000E+0	0.000000E+0	1.999959E+1	0.000000E+0	4.000000E+0
24-Apr-25	20:24:05	1.000000E-5	-3.871880E+0	-8.000000E-5	1.030000E-5	1.975000E-5	2.720000E-3	2.000000E-5	0.000000E+0	0.000000E+0	1.964247E-4	2.976042E-9	0.000000E+0	0.000000E+0	1.999959E+1	0.000000E+0	4.000000E+0
24-Apr-25	20:24:06	1.000000E-5	-3.877370E+0	-8.000000E-5	1.030000E-5	1.975000E-5	2.720000E-3	2.000000E-5	0.000000E+0	0.000000E+0	1.964247E-4	2.976042E-9	0.000000E+0	0.000000E+0	1.999959E+1	0.000000E+0	4.000000E+0
24-Apr-25	20:24:06	1.000000E-5	-3.882280E+0	-8.000000E-5	1.030000E-5	1.975000E-5	2.720000E-3	2.000000E-5	0.000000E+0	0.000000E+0	1.964247E-4	2.976042E-9	0.000000E+0	0.000000E+0	1.999959E+1	0.000000E+0	4.000000E+0
24-Apr-25	20:24:07	1.000000E-5	-3.887725E+0	-8.000000E-5	1.030000E-5	1.970000E-5	2.720000E-3	2.000000E-5	0.000000E+0	0.000000E+0	1.964247E-4	2.976042E-9	0.000000E+0	0.000000E+0	1.999959E+1	0.000000E+0	4.000000E+0
24-Apr-25	20:24:07	1.000000E-5	-3.892625E+0	-8.000000E-5	1.030000E-5	1.975000E-5	2.720000E-3	2.000000E-5	0.000000E+0	0.000000E+0	1.964247E-4	2.976042E-9	0.000000E+0	0.000000E+0	1.999959E+1	0.000000E+0	4.000000E+0
24-Apr-25	20:24:08	1.000000E-5	-3.898040E+0	-8.000000E-5	1.025000E-5	1.975000E-5	2.720000E-3	2.000000E-5	0.000000E+0	0.000000E+0	1.964247E-4	2.976042E-9	0.000000E+0	0.000000E+0	1.999959E+1	0.000000E+0	4.000000E+0
24-Apr-25	20:24:08	1.000000E-5	-3.903440E+0	-8.000000E-5	1.025000E-5	1.975000E-5	2.720000E-3	2.000000E-5	0.000000E+0	0.000000E+0	1.964247E-4	2.976042E-9	0.000000E+0	0.000000E+0	1.999959E+1	0.000000E+0	4.000000E+0
24-Apr-25	20:24:09	1.000000E-5	-3.908810E+0	-8.000000E-5	1.025000E-5	1.980000E-5	2.720000E-3	2.000000E-5	0.000000E+0	0.000000E+0	1.964247E-4	2.976042E-9	0.000000E+0	0.000000E+0	1.999959E+1	0.000000E+0	4.000000E+0
24-Apr-25	20:24:10	1.000000E-5	-3.915790E+0	-8.000000E-5	1.015000E-5	1.970000E-5	2.720000E-3	2.000000E-5	0.000000E+0	0.000000E+0	1.964247E-4	2.976042E-9	0.000000E+0	0.000000E+0	1.999959E+1	0.000000E+0	4.000000E+0
24-Apr-25	20:24:10	1.000000E-5	-3.921135E+0	-8.000000E-5	1.015000E-5	1.975000E-5	2.720000E-3	2.000000E-5	0.000000E+0	0.000000E+0	1.964247E-4	2.976042E-9	0.000000E+0	0.000000E+0	1.999959E+1	0.000000E+0	4.000000E+0
24-Apr-25	20:24:11	1.000000E-5	-3.928255E+0	-8.000000E-5	1.015000E-5	1.975000E-5	2.720000E-3	2.000000E-5	0.000000E+0	0.000000E+0	1.964247E-4	2.976042E-9	0.000000E+0	0.000000E+0	1.999959E+1	0.000000E+0	4.000000E+0
24-Apr-25	20:24:11	1.000000E-5	-3.934090E+0	-8.000000E-5	1.015000E-5	1.975000E-5	2.720000E-3	2.000000E-5	0.000000E+0	0.000000E+0	1.964247E-4	2.976042E-9	0.000000E+0	0.000000E+0	1.999959E+1	0.000000E+0	4.000000E+0
24-Apr-25	20:24:12	1.000000E-5	-3.940965E+0	-8.000000E-5	1.010000E-5	1.980000E-5	2.720000E-3	2.000000E-5	0.000000E+0	0.000000E+0	1.964247E-4	2.976042E-9	0.000000E+0	0.000000E+0	1.999959E+1	0.000000E+0	4.000000E+0
24-Apr-25	20:24:12	1.000000E-5	-3.946225E+0	-8.000000E-5	1.010000E-5	1.980000E-5	2.720000E-3	2.000000E-5	0.000000E+0	0.000000E+0	1.964247E-4	2.976042E-9	0.000000E+0	0.000000E+0	1.999959E+1	0.000000E+0	4.000000E+0
24-Apr-25	20:24:13	1.000000E-5	-3.950960E+0	-8.000000E-5	1.010000E-5	1.980000E-5	2.720000E-3	2.000000E-5	0.000000E+0	0.000000E+0	1.964247E-4	2.976042E-9	0.000000E+0	0.000000E+0	1.999959E+1	0.000000E+0	4.000000E+0
24-Apr-25	20:24:13	1.000000E-5	-3.956205E+0	-8.000000E-5	1.010000E-5	1.980000E-5	2.720000E-3	2.000000E-5	0.000000E+0	0.000000E+0	1.964247E-4	2.976042E-9	0.000000E+0	0.000000E+0	1.999959E+1	0.000000E+0	4.000000E+0
24-Apr-25	20:24:14	1.000000E-5	-3.961420E+0	-8.000000E-5	1.010000E-5	1.975000E-5	2.720000E-3	2.000000E-5	0.000000E+0	0.000000E+0	1.964247E-4	2.976042E-9	0.000000E+0	0.000000E+0	1.999959E+1	0.000000E+0	4.000000E+0
24-Apr-25	20:24:14	1.000000E-5	-3.966135E+0	-8.000000E-5	1.005000E-5	1.975000E-5	2.720000E-3	2.000000E-5	0.000000E+0	0.000000E+0	1.964247E-4	2.976042E-9	0.000000E+0	0.000000E+0	1.999959E+1	0.000000E+0	4.000000E+0
24-Apr-25	20:24:15	1.000000E-5	-3.971335E+0	-8.000000E-5	1.005000E-5	1.975000E-5	2.720000E-3	2.000000E-5	0.000000E+0	0.000000E+0	1.964247E-4	2.976042E-9	0.000000E+0	0.000000E+0	1.999959E+1	0.000000E+0	4.000000E+0
24-Apr-25	20:24:15	1.000000E-5	-3.976510E+0	-8.000000E-5	1.005000E-5	1.975000E-5	2.720000E-3	2.000000E-5	0.000000E+0	0.000000E+0	1.964247E-4	2.976042E-9	0.000000E+0	0.000000E+0	1.999959E+1	0.000000E+0	4.000000E+0
24-Apr-25	20:24:16	1.000000E-5	-3.981705E+0	-8.000000E-5	1.005000E-5	1.975000E-5	2.720000E-3	2.000000E-5	0.000000E+0	0.000000E+0	1.964247E-4	2.976042E-9	0.000000E+0	0.000000E+0	1.999959E+1	0.000000E+0	4.000000E+0
24-Apr-25	20:24:16	1.000000E-5	-3.986855E+0	-8.000000E-5	9.950000E-6	1.975000E-5	2.720000E-3	2.000000E-5	0.000000E+0	0.000000E+0	1.964247E-4	2.976042E-9	0.000000E+0	0.000000E+0	1.999959E+1	0.000000E+0	4.000000E+0
24-Apr-25	20:24:17	1.000000E-5	-3.991985E+0	-8.000000E-5	9.950000E-6	1.975000E-5	2.720000E-3	2.000000E-5	0.000000E+0	0.000000E+0	1.964247E-4	2.976042E-9	0.000000E+0	0.000000E+0	1.999959E+1	0.000000E+0	4.000000E+0
24-Apr-25	20:24:18	1.000000E-5	-3.997105E+0	-8.000000E-5	1.000000E-5	1.975000E-5	2.720000E-3	2.000000E-5	0.000000E+0	0.000000E+0	1.964247E-4	2.976042E-9	0.000000E+0	0.000000E+0	1.999959E+1	0.000000E+0	4.000000E+0
24-Apr-25	20:24:18	1.000000E-5	-4.004950E+0	-8.000000E-5	9.950000E-6	1.980000E-5	2.720000E-3	2.000000E-5	0.000000E+0	0.000000E+0	1.964247E-4	2.976042E-9	0.000000E+0	0.000000E+0	1.999959E+1	0.000000E+0	4.000000E+0
24-Apr-25	20:24:19	1.000000E-5	-4.011055E+0	-8.000000E-5	9.950000E-6	1.980000E-5	2.720000E-3	2.000000E-5	0.000000E+0	0.000000E+0	1.964247E-4	2.976042E-9	0.000000E+0	0.000000E+0	1.999959E+1	0.000000E+0	4.000000E+0
24-Apr-25	20:24:19	1.000000E-5	-4.016625E+0	-8.000000E-5	9.900000E-6	1.980000E-5	2.720000E-3	2.000000E-5	0.000000E+0	0.000000E+0	1.964247E-4	2.976042E-9	0.000000E+0	0.000000E+0	1.999959E+1	0.000000E+0	4.000000E+0
24-Apr-25	20:24:20	1.000000E-5	-4.021160E+0	-8.000000E-5	9.950000E-6	1.975000E-5	2.720000E-3	2.000000E-5	0.000000E+0	0.000000E+0	1.964247E-4	2.976042E-9	0.000000E+0	0.000000E+0	1.999959E+1	0.000000E+0	4.000000E+0
24-Apr-25	20:24:20	1.000000E-5	-4.026205E+0	-8.000000E-5	9.900000E-6	1.975000E-5	2.720000E-3	2.000000E-5	0.000000E+0	0.000000E+0	1.964247E-4	2.976042E-9	0.000000E+0	0.000000E+0	1.999959E+1	0.000000E+0	4.000000E+0
24-Apr-25	20:24:21	1.000000E-5	-4.033405E+0	-8.000000E-5	9.900000E-6	1.975000E-5	2.720000E-3	2.000000E-5	0.000000E+0	0.000000E+0	1.964247E-4	2.976042E-9	0.000000E+0	0.000000E+0	1.999959E+1	0.000000E+0	4.000000E+0
24-Apr-25	20:24:21	1.000000E-5	-4.038915E+0	-8.000000E-5	9.850000E-6	1.980000E-5	2.720000E-3	2.000000E-5	0.000000E+0	0.000000E+0	1.964247E-4	2.976042E-9	0.000000E+0	0.000000E+0	1.999959E+1	0.000000E+0	4.000000E+0
24-Apr-25	20:24:22	1.000000E-5	-4.043905E+0	-8.000000E-5	9.850000E-6	1.985000E-5	2.720000E-3	2.000000E-5	0.000000E+0	0.000000E+0	1.964247E-4	2.976042E-9	0.000000E+0	0.000000E+0	1.999959E+1	0.000000E+0	4.000000E+0
24-Apr-25	20:24:22	1.000000E-5	-4.048885E+0	-8.000000E-5	9.800000E-6	1.980000E-5	2.720000E-3	2.000000E-5	0.000000E+0	0.000000E+0	1.964247E-4	2.976042E-9	0.000000E+0	0.000000E+0	1.999959E+1	0.000000E+0	4.000000E+0
24-Apr-25	20:24:23	1.000000E-5	-4.054335E+0	-8.000000E-5	9.800000E-6	1.980000E-5	2.720000E-3	2.000000E-5	0.000000E+0	0.000000E+0	1.964247E-4	2.976042E-9	0.000000E+0	0.000000E+0	1.999959E+1	0.000000E+0	4.000000E+0
24-Apr-25	20:24:23	1.000000E-5	-4.058780E+0	-8.000000E-5	9.800000E-6	1.970000E-5	2.720000E-3	2.000000E-5	0.000000E+0	0.000000E+0	1.964247E-4	2.976042E-9	0.000000E+0	0.000000E+0	1.999959E+1	0.000000E+0	4.000000E+0
24-Apr-25	20:24:24	1.000000E-5	-4.063705E+0	-8.000000E-5	9.800000E-6	1.975000E-5	2.720000E-3	2.000000E-5	0.000000E+0	0.000000E+0	1.964247E-4	2.976042E-9	0.000000E+0	0.000000E+0	1.999959E+1	0.000000E+0	4.000000E+0
24-Apr-25	20:24:24	1.000000E-5	-4.068620E+0	-8.000000E-5	9.800000E-6	1.985000E-5	2.720000E-3	2.000000E-5	0.000000E+0	0.000000E+0	1.964247E-4	2.976042E-9	0.000000E+0	0.000000E+0	1.999959E+1	0.000000E+0	4.000000E+0
24-Apr-25	20:24:25	1.000000E-5	-4.073515E+0	-8.000000E-5	9.700000E-6	1.980000E-5	2.720000E-3	2.000000E-5	0.000000E+0	0.000000E+0	1.964247E-4	2.976042E-9	0.000000E+0	0.000000E+0	1.999959E+1	0.000000E+0	4.000000E+0
24-Apr-25	20:24:26	1.000000E-5	-4.080525E+0	-8.000000E-5	9.700000E-6	1.980000E-5	2.720000E-3	2.000000E-5	0.000000E+0	0.000000E+0	1.964247E-4	2.976042E-9	0.000000E+0	0.000000E+0	1.999959E+1	0.000000E+0	4.000000E+0
24-Apr-25	20:24:26	1.000000E-5	-4.084910E+0	-8.000000E-5	9.700000E-6	1.975000E-5	2.720000E-3	2.000000E-5	0.000000E+0	0.000000E+0	1.964247E-4	2.976042E-9	0.000000E+0	0.000000E+0	1.999959E+1	0.000000E+0	4.000000E+0
24-Apr-25	20:24:27	1.000000E-5	-4.089755E+0	-8.000000E-5	9.750000E-6	1.985000E-5	2.720000E-3	2.000000E-5	0.000000E+0	0.000000E+0	1.964247E-4	2.976042E-9	0.000000E+0	0.000000E+0	1.999959E+1	0.000000E+0	4.000000E+0
24-Apr-25	20:24:27	1.000000E-5	-4.095080E+0	-8.000000E-5	9.700000E-6	1.985000E-5	2.720000E-3	2.000000E-5	0.000000E+0	0.000000E+0	1.964247E-4	2.976042E-9	0.000000E+0	0.000000E+0	1.999959E+1	0.000000E+0	4.000000E+0
24-Apr-25	20:24:28	1.000000E-5	-4.099900E+0	-8.000000E-5	9.700000E-6	1.980000E-5	2.720000E-3	2.000000E-5	0.000000E+0	0.000000E+0	1.964247E-4	2.976042E-9	0.000000E+0	0.000000E+0	1.999959E+1	0.000000E+0	4.000000E+0
24-Apr-25	20:24:28	1.000000E-5	-4.104215E+0	-8.000000E-5	9.700000E-6	1.985000E-5	2.720000E-3	2.000000E-5	0.000000E+0	0.000000E+0	1.964247E-4	2.976042E-9	0.000000E+0	0.000000E+0	1.999959E+1	0.000000E+0	4.000000E+0
24-Apr-25	20:24:29	1.000000E-5	-4.109010E+0	-8.000000E-5	9.600000E-6	1.985000E-5	2.720000E-3	2.000000E-5	0.000000E+0	0.000000E+0	1.964247E-4	2.976042E-9	0.000000E+0	0.000000E+0	1.999959E+1	0.000000E+0	4.000000E+0
24-Apr-25	20:24:29	1.000000E-5	-4.115865E+0	-8.000000E-5	9.700000E-6	1.980000E-5	2.720000E-3	2.000000E-5	0.000000E+0	0.000000E+0	1.964247E-4	2.976042E-9	0.000000E+0	0.000000E+0	1.999959E+1	0.000000E+0	4.000000E+0
24-Apr-25	20:24:30	1.000000E-5	-4.121110E+0	-8.000000E-5	9.700000E-6	1.980000E-5	2.720000E-3	2.000000E-5	0.000000E+0	0.000000E+0	1.964247E-4	2.976042E-9	0.000000E+0	0.000000E+0	1.999959E+1	0.000000E+0	4.000000E+0
24-Apr-25	20:24:30	1.000000E-5	-4.125860E+0	-8.000000E-5	9.600000E-6	1.980000E-5	2.720000E-3	2.000000E-5	0.000000E+0	0.000000E+0	1.964247E-4	2.976042E-9	0.000000E+0	0.000000E+0	1.999959E+1	0.000000E+0	4.000000E+0
24-Apr-25	20:24:31	1.000000E-5	-4.130590E+0	-8.000000E-5	9.650000E-6	1.985000E-5	2.720000E-3	2.000000E-5	0.000000E+0	0.000000E+0	1.964247E-4	2.976042E-9	0.000000E+0	0.000000E+0	1.999959E+1	0.000000E+0	4.000000E+0
24-Apr-25	20:24:31	1.000000E-5	-4.134835E+0	-8.000000E-5	9.650000E-6	1.985000E-5	2.720000E-3	2.000000E-5	0.000000E+0	0.000000E+0	1.964247E-4	2.976042E-9	0.000000E+0	0.000000E+0	1.999959E+1	0.000000E+0	4.000000E+0
24-Apr-25	20:24:32	1.000000E-5	-4.139550E+0	-8.000000E-5	9.600000E-6	1.980000E-5	2.720000E-3	2.000000E-5	0.000000E+0	0.000000E+0	1.964247E-4	2.976042E-9	0.000000E+0	0.000000E+0	1.999959E+1	0.000000E+0	4.000000E+0
24-Apr-25	20:24:32	1.000000E-5	-4.144735E+0	-8.000000E-5	9.650000E-6	1.980000E-5	2.720000E-3	2.000000E-5	0.000000E+0	0.000000E+0	1.964247E-4	2.976042E-9	0.000000E+0	0.000000E+0	1.999959E+1	0.000000E+0	4.000000E+0
24-Apr-25	20:24:33	1.000000E-5	-4.149410E+0	-8.000000E-5	9.600000E-6	1.980000E-5	2.720000E-3	2.000000E-5	0.000000E+0	0.000000E+0	1.964247E-4	2.976042E-9	0.000000E+0	0.000000E+0	1.999959E+1	0.000000E+0	4.000000E+0
24-Apr-25	20:24:33	1.000000E-5	-4.154100E+0	-8.000000E-5	9.600000E-6	1.980000E-5	2.720000E-3	2.000000E-5	0.000000E+0	0.000000E+0	1.964247E-4	2.976042E-9	0.000000E+0	0.000000E+0	1.999959E+1	0.000000E+0	4.000000E+0
24-Apr-25	20:24:34	1.000000E-5	-4.158750E+0	-8.000000E-5	9.550000E-6	1.985000E-5	2.720000E-3	2.000000E-5	0.000000E+0	0.000000E+0	1.964247E-4	2.976042E-9	0.000000E+0	0.000000E+0	1.999959E+1	0.000000E+0	4.000000E+0
24-Apr-25	20:24:34	1.000000E-5	-4.163370E+0	-8.000000E-5	9.600000E-6	1.985000E-5	2.720000E-3	2.000000E-5	0.000000E+0	0.000000E+0	1.964247E-4	2.976042E-9	0.000000E+0	0.000000E+0	1.999959E+1	0.000000E+0	4.000000E+0
24-Apr-25	20:24:35	1.000000E-5	-4.167985E+0	-8.000000E-5	9.500000E-6	1.980000E-5	2.720000E-3	2.000000E-5	0.000000E+0	0.000000E+0	1.964247E-4	2.976042E-9	0.000000E+0	0.000000E+0	1.999959E+1	0.000000E+0	4.000000E+0
24-Apr-25	20:24:36	1.000000E-5	-4.172615E+0	-8.000000E-5	9.550000E-6	1.980000E-5	2.720000E-3	2.000000E-5	0.000000E+0	0.000000E+0	1.964247E-4	2.976042E-9	0.000000E+0	0.000000E+0	1.999959E+1	0.000000E+0	4.000000E+0
24-Apr-25	20:24:36	1.000000E-5	-4.179030E+0	-8.000000E-5	9.500000E-6	1.975000E-5	2.720000E-3	2.000000E-5	0.000000E+0	0.000000E+0	1.964247E-4	2.976042E-9	0.000000E+0	0.000000E+0	1.999959E+1	0.000000E+0	4.000000E+0
24-Apr-25	20:24:37	1.000000E-5	-4.186040E+0	-8.000000E-5	9.500000E-6	1.980000E-5	2.720000E-3	2.000000E-5	0.000000E+0	0.000000E+0	1.964247E-4	2.976042E-9	0.000000E+0	0.000000E+0	1.999959E+1	0.000000E+0	4.000000E+0
24-Apr-25	20:24:37	1.000000E-5	-4.190605E+0	-8.000000E-5	9.500000E-6	1.975000E-5	2.720000E-3	2.000000E-5	0.000000E+0	0.000000E+0	1.964247E-4	2.976042E-9	0.000000E+0	0.000000E+0	1.999959E+1	0.000000E+0	4.000000E+0
24-Apr-25	20:24:38	1.000000E-5	-4.194690E+0	-8.000000E-5	9.500000E-6	1.980000E-5	2.720000E-3	2.000000E-5	0.000000E+0	0.000000E+0	1.964247E-4	2.976042E-9	0.000000E+0	0.000000E+0	1.999959E+1	0.000000E+0	4.000000E+0
24-Apr-25	20:24:38	1.000000E-5	-4.199225E+0	-8.000000E-5	9.500000E-6	1.985000E-5	2.720000E-3	2.000000E-5	0.000000E+0	0.000000E+0	1.964247E-4	2.976042E-9	0.000000E+0	0.000000E+0	1.999959E+1	0.000000E+0	4.000000E+0
24-Apr-25	20:24:39	1.000000E-5	-4.203435E+0	-8.000000E-5	9.450000E-6	1.980000E-5	2.720000E-3	2.000000E-5	0.000000E+0	0.000000E+0	1.964247E-4	2.976042E-9	0.000000E+0	0.000000E+0	1.999959E+1	0.000000E+0	4.000000E+0
24-Apr-25	20:24:39	1.000000E-5	-4.207940E+0	-8.000000E-5	9.500000E-6	1.980000E-5	2.720000E-3	2.000000E-5	0.000000E+0	0.000000E+0	1.964247E-4	2.976042E-9	0.000000E+0	0.000000E+0	1.999959E+1	0.000000E+0	4.000000E+0
24-Apr-25	20:24:40	1.000000E-5	-4.214255E+0	-8.000000E-5	9.400000E-6	1.985000E-5	2.720000E-3	2.000000E-5	0.000000E+0	0.000000E+0	1.964247E-4	2.976042E-9	0.000000E+0	0.000000E+0	1.999959E+1	0.000000E+0	4.000000E+0
24-Apr-25	20:24:41	1.000000E-5	-4.218725E+0	-8.000000E-5	9.350000E-6	1.980000E-5	2.720000E-3	2.000000E-5	0.000000E+0	0.000000E+0	1.964247E-4	2.976042E-9	0.000000E+0	0.000000E+0	1.999959E+1	0.000000E+0	4.000000E+0
24-Apr-25	20:24:41	1.000000E-5	-4.223180E+0	-8.000000E-5	9.450000E-6	1.985000E-5	2.720000E-3	2.000000E-5	0.000000E+0	0.000000E+0	1.964247E-4	2.976042E-9	0.000000E+0	0.000000E+0	1.999959E+1	0.000000E+0	4.000000E+0
24-Apr-25	20:24:42	1.000000E-5	-4.228525E+0	-8.000000E-5	9.400000E-6	1.975000E-5	2.720000E-3	2.000000E-5	0.000000E+0	0.000000E+0	1.964247E-4	2.976042E-9	0.000000E+0	0.000000E+0	1.999959E+1	0.000000E+0	4.000000E+0
24-Apr-25	20:24:42	1.000000E-5	-4.232970E+0	-8.000000E-5	9.350000E-6	1.980000E-5	2.720000E-3	2.000000E-5	0.000000E+0	0.000000E+0	1.964247E-4	2.976042E-9	0.000000E+0	0.000000E+0	1.999959E+1	0.000000E+0	4.000000E+0
24-Apr-25	20:24:43	1.000000E-5	-4.237365E+0	-8.000000E-5	9.350000E-6	1.980000E-5	2.720000E-3	2.000000E-5	0.000000E+0	0.000000E+0	1.964247E-4	2.976042E-9	0.000000E+0	0.000000E+0	1.999959E+1	0.000000E+0	4.000000E+0
24-Apr-25	20:24:43	1.000000E-5	-4.241785E+0	-8.000000E-5	9.400000E-6	1.980000E-5	2.720000E-3	2.000000E-5	0.000000E+0	0.000000E+0	1.964247E-4	2.976042E-9	0.000000E+0	0.000000E+0	1.999959E+1	0.000000E+0	4.000000E+0
24-Apr-25	20:24:44	1.000000E-5	-4.246175E+0	-8.000000E-5	9.400000E-6	1.985000E-5	2.720000E-3	2.000000E-5	0.000000E+0	0.000000E+0	1.964247E-4	2.976042E-9	0.000000E+0	0.000000E+0	1.999959E+1	0.000000E+0	4.000000E+0
24-Apr-25	20:24:44	1.000000E-5	-4.252020E+0	-8.000000E-5	9.350000E-6	1.980000E-5	2.720000E-3	2.000000E-5	0.000000E+0	0.000000E+0	1.964247E-4	2.976042E-9	0.000000E+0	0.000000E+0	1.999959E+1	0.000000E+0	4.000000E+0
24-Apr-25	20:24:45	1.000000E-5	-4.256805E+0	-8.000000E-5	9.350000E-6	1.975000E-5	2.720000E-3	2.000000E-5	0.000000E+0	0.000000E+0	1.964247E-4	2.976042E-9	0.000000E+0	0.000000E+0	1.999959E+1	0.000000E+0	4.000000E+0
24-Apr-25	20:24:45	1.000000E-5	-4.261150E+0	-8.000000E-5	9.250000E-6	1.980000E-5	2.720000E-3	2.000000E-5	0.000000E+0	0.000000E+0	1.964247E-4	2.976042E-9	0.000000E+0	0.000000E+0	1.999959E+1	0.000000E+0	4.000000E+0
24-Apr-25	20:24:46	1.000000E-5	-4.265495E+0	-8.000000E-5	9.300000E-6	1.985000E-5	2.720000E-3	2.000000E-5	0.000000E+0	0.000000E+0	1.964247E-4	2.976042E-9	0.000000E+0	0.000000E+0	1.999959E+1	0.000000E+0	4.000000E+0
24-Apr-25	20:24:46	1.000000E-5	-4.269815E+0	-8.000000E-5	9.300000E-6	1.980000E-5	2.720000E-3	2.000000E-5	0.000000E+0	0.000000E+0	1.964247E-4	2.976042E-9	0.000000E+0	0.000000E+0	1.999959E+1	0.000000E+0	4.000000E+0
24-Apr-25	20:24:47	1.000000E-5	-4.274555E+0	-8.000000E-5	9.350000E-6	1.985000E-5	2.720000E-3	2.000000E-5	0.000000E+0	0.000000E+0	1.964247E-4	2.976042E-9	0.000000E+0	0.000000E+0	1.999959E+1	0.000000E+0	4.000000E+0
24-Apr-25	20:24:48	1.000000E-5	-4.279290E+0	-8.000000E-5	9.250000E-6	1.990000E-5	2.720000E-3	2.000000E-5	0.000000E+0	0.000000E+0	1.964247E-4	2.976042E-9	0.000000E+0	0.000000E+0	1.999959E+1	0.000000E+0	4.000000E+0
24-Apr-25	20:24:48	1.000000E-5	-4.285420E+0	-8.000000E-5	9.300000E-6	1.980000E-5	2.720000E-3	2.000000E-5	0.000000E+0	0.000000E+0	1.964247E-4	2.976042E-9	0.000000E+0	0.000000E+0	1.999959E+1	0.000000E+0	4.000000E+0
24-Apr-25	20:24:49	1.000000E-5	-4.289680E+0	-8.000000E-5	9.300000E-6	1.975000E-5	2.720000E-3	2.000000E-5	0.000000E+0	0.000000E+0	1.964247E-4	2.976042E-9	0.000000E+0	0.000000E+0	1.999959E+1	0.000000E+0	4.000000E+0
24-Apr-25	20:24:49	1.000000E-5	-4.295210E+0	-8.000000E-5	9.300000E-6	1.990000E-5	2.720000E-3	2.000000E-5	0.000000E+0	0.000000E+0	1.964247E-4	2.976042E-9	0.000000E+0	0.000000E+0	1.999959E+1	0.000000E+0	4.000000E+0
24-Apr-25	20:24:50	1.000000E-5	-4.299880E+0	-8.000000E-5	9.350000E-6	1.980000E-5	2.720000E-3	2.000000E-5	0.000000E+0	0.000000E+0	1.964247E-4	2.976042E-9	0.000000E+0	0.000000E+0	1.999959E+1	0.000000E+0	4.000000E+0
24-Apr-25	20:24:50	1.000000E-5	-4.304605E+0	-8.000000E-5	9.250000E-6	1.990000E-5	2.720000E-3	2.000000E-5	0.000000E+0	0.000000E+0	1.964247E-4	2.976042E-9	0.000000E+0	0.000000E+0	1.999959E+1	0.000000E+0	4.000000E+0
24-Apr-25	20:24:51	1.000000E-5	-4.308810E+0	-8.000000E-5	9.300000E-6	1.985000E-5	2.720000E-3	2.000000E-5	0.000000E+0	0.000000E+0	1.964247E-4	2.976042E-9	0.000000E+0	0.000000E+0	1.999959E+1	0.000000E+0	4.000000E+0
24-Apr-25	20:24:51	1.000000E-5	-4.312935E+0	-8.000000E-5	9.300000E-6	1.990000E-5	2.720000E-3	2.000000E-5	0.000000E+0	0.000000E+0	1.964247E-4	2.976042E-9	0.000000E+0	0.000000E+0	1.999959E+1	0.000000E+0	4.000000E+0
24-Apr-25	20:24:52	1.000000E-5	-4.317190E+0	-8.000000E-5	9.250000E-6	1.985000E-5	2.720000E-3	2.000000E-5	0.000000E+0	0.000000E+0	1.964247E-4	2.976042E-9	0.000000E+0	0.000000E+0	1.999959E+1	0.000000E+0	4.000000E+0
24-Apr-25	20:24:52	1.000000E-5	-4.321415E+0	-8.000000E-5	9.250000E-6	1.980000E-5	2.720000E-3	2.000000E-5	0.000000E+0	0.000000E+0	1.964247E-4	2.976042E-9	0.000000E+0	0.000000E+0	1.999959E+1	0.000000E+0	4.000000E+0
24-Apr-25	20:24:53	1.000000E-5	-4.325580E+0	-8.000000E-5	9.200000E-6	1.985000E-5	2.720000E-3	2.000000E-5	0.000000E+0	0.000000E+0	1.964247E-4	2.976042E-9	0.000000E+0	0.000000E+0	1.999959E+1	0.000000E+0	4.000000E+0
24-Apr-25	20:24:53	1.000000E-5	-4.329300E+0	-8.000000E-5	9.150000E-6	1.985000E-5	2.720000E-3	2.000000E-5	0.000000E+0	0.000000E+0	1.964247E-4	2.976042E-9	0.000000E+0	0.000000E+0	1.999959E+1	0.000000E+0	4.000000E+0
24-Apr-25	20:24:54	1.000000E-5	-4.333440E+0	-8.000000E-5	9.200000E-6	1.990000E-5	2.720000E-3	2.000000E-5	0.000000E+0	0.000000E+0	1.964247E-4	2.976042E-9	0.000000E+0	0.000000E+0	1.999959E+1	0.000000E+0	4.000000E+0
24-Apr-25	20:24:54	1.000000E-5	-4.337165E+0	-8.000000E-5	9.200000E-6	1.985000E-5	2.720000E-3	2.000000E-5	0.000000E+0	0.000000E+0	1.964247E-4	2.976042E-9	0.000000E+0	0.000000E+0	1.999959E+1	0.000000E+0	4.000000E+0
24-Apr-25	20:24:55	1.000000E-5	-4.341285E+0	-8.000000E-5	9.200000E-6	1.985000E-5	2.720000E-3	2.000000E-5	0.000000E+0	0.000000E+0	1.964247E-4	2.976042E-9	0.000000E+0	0.000000E+0	1.999959E+1	0.000000E+0	4.000000E+0
24-Apr-25	20:24:56	1.000000E-5	-4.346190E+0	-8.000000E-5	9.150000E-6	1.980000E-5	2.720000E-3	2.000000E-5	0.000000E+0	0.000000E+0	1.964247E-4	2.976042E-9	0.000000E+0	0.000000E+0	1.999959E+1	0.000000E+0	4.000000E+0
24-Apr-25	20:24:56	1.000000E-5	-4.352385E+0	-8.000000E-5	9.150000E-6	1.995000E-5	2.720000E-3	2.000000E-5	0.000000E+0	0.000000E+0	1.964247E-4	2.976042E-9	0.000000E+0	0.000000E+0	1.999959E+1	0.000000E+0	4.000000E+0
24-Apr-25	20:24:57	1.000000E-5	-4.356510E+0	-8.000000E-5	9.050000E-6	1.985000E-5	2.720000E-3	2.000000E-5	0.000000E+0	0.000000E+0	1.964247E-4	2.976042E-9	0.000000E+0	0.000000E+0	1.999959E+1	0.000000E+0	4.000000E+0
24-Apr-25	20:24:57	1.000000E-5	-4.361780E+0	-8.000000E-5	9.100000E-6	1.980000E-5	2.720000E-3	2.000000E-5	0.000000E+0	0.000000E+0	1.964247E-4	2.976042E-9	0.000000E+0	0.000000E+0	1.999959E+1	0.000000E+0	4.000000E+0
24-Apr-25	20:24:58	1.000000E-5	-4.366235E+0	-8.000000E-5	9.150000E-6	1.985000E-5	2.720000E-3	2.000000E-5	0.000000E+0	0.000000E+0	1.964247E-4	2.976042E-9	0.000000E+0	0.000000E+0	1.999959E+1	0.000000E+0	4.000000E+0
24-Apr-25	20:24:58	1.000000E-5	-4.369870E+0	-8.000000E-5	9.100000E-6	1.990000E-5	2.720000E-3	2.000000E-5	0.000000E+0	0.000000E+0	1.964247E-4	2.976042E-9	0.000000E+0	0.000000E+0	1.999959E+1	0.000000E+0	4.000000E+0
24-Apr-25	20:24:59	1.000000E-5	-4.373550E+0	-8.000000E-5	9.100000E-6	1.990000E-5	2.720000E-3	2.000000E-5	0.000000E+0	0.000000E+0	1.964247E-4	2.976042E-9	0.000000E+0	0.000000E+0	1.999959E+1	0.000000E+0	4.000000E+0
24-Apr-25	20:24:59	1.000000E-5	-4.378030E+0	-8.000000E-5	9.100000E-6	1.985000E-5	2.720000E-3	2.000000E-5	0.000000E+0	0.000000E+0	1.964247E-4	2.976042E-9	0.000000E+0	0.000000E+0	1.999959E+1	0.000000E+0	4.000000E+0
24-Apr-25	20:25:00	1.000000E-5	-4.381625E+0	-8.000000E-5	9.150000E-6	1.985000E-5	2.720000E-3	2.000000E-5	0.000000E+0	0.000000E+0	1.964247E-4	2.976042E-9	0.000000E+0	0.000000E+0	1.999959E+1	0.000000E+0	4.000000E+0
24-Apr-25	20:25:00	1.000000E-5	-4.385615E+0	-8.000000E-5	9.150000E-6	1.985000E-5	2.720000E-3	2.000000E-5	0.000000E+0	0.000000E+0	1.964247E-4	2.976042E-9	0.000000E+0	0.000000E+0	1.999959E+1	0.000000E+0	4.000000E+0
24-Apr-25	20:25:01	1.000000E-5	-4.389180E+0	-8.000000E-5	9.100000E-6	1.985000E-5	2.720000E-3	2.000000E-5	0.000000E+0	0.000000E+0	1.964247E-4	2.976042E-9	0.000000E+0	0.000000E+0	1.999959E+1	0.000000E+0	4.000000E+0
24-Apr-25	20:25:01	1.000000E-5	-4.389770E+0	-8.000000E-5	9.100000E-6	1.985000E-5	2.720000E-3	2.000000E-5	0.000000E+0	0.000000E+0	1.964247E-4	2.976042E-9	0.000000E+0	0.000000E+0	1.999959E+1	0.000000E+0	4.000000E+0
24-Apr-25	20:25:02	1.000000E-5	-4.396675E+0	-8.000000E-5	9.100000E-6	1.980000E-5	2.720000E-3	2.000000E-5	0.000000E+0	0.000000E+0	1.964247E-4	2.976042E-9	0.000000E+0	0.000000E+0	1.999959E+1	0.000000E+0	4.000000E+0
24-Apr-25	20:25:02	1.000000E-5	-4.401385E+0	-8.000000E-5	9.000000E-6	1.980000E-5	2.720000E-3	2.000000E-5	0.000000E+0	0.000000E+0	1.964247E-4	2.976042E-9	0.000000E+0	0.000000E+0	1.999959E+1	0.000000E+0	4.000000E+0
24-Apr-25	20:25:03	1.000000E-5	-4.404540E+0	-8.000000E-5	9.000000E-6	1.985000E-5	2.720000E-3	2.000000E-5	0.000000E+0	0.000000E+0	1.964247E-4	2.976042E-9	0.000000E+0	0.000000E+0	1.999959E+1	0.000000E+0	4.000000E+0
24-Apr-25	20:25:03	1.000000E-5	-4.408845E+0	-8.000000E-5	9.000000E-6	1.990000E-5	2.720000E-3	2.000000E-5	0.000000E+0	0.000000E+0	1.964247E-4	2.976042E-9	0.000000E+0	0.000000E+0	1.999959E+1	0.000000E+0	4.000000E+0
24-Apr-25	20:25:04	1.000000E-5	-4.412500E+0	-8.000000E-5	9.000000E-6	1.985000E-5	2.720000E-3	2.000000E-5	0.000000E+0	0.000000E+0	1.964247E-4	2.976042E-9	0.000000E+0	0.000000E+0	1.999959E+1	0.000000E+0	4.000000E+0
24-Apr-25	20:25:04	1.000000E-5	-4.416410E+0	-8.000000E-5	9.000000E-6	1.980000E-5	2.720000E-3	2.000000E-5	0.000000E+0	0.000000E+0	1.964247E-4	2.976042E-9	0.000000E+0	0.000000E+0	1.999959E+1	0.000000E+0	4.000000E+0
24-Apr-25	20:25:05	1.000000E-5	-4.417725E+0	-8.000000E-5	9.050000E-6	1.990000E-5	2.720000E-3	2.000000E-5	0.000000E+0	0.000000E+0	1.964247E-4	2.976042E-9	0.000000E+0	0.000000E+0	1.999959E+1	0.000000E+0	4.000000E+0
24-Apr-25	20:25:05	1.000000E-5	-4.424920E+0	-8.000000E-5	9.000000E-6	1.985000E-5	2.720000E-3	2.000000E-5	0.000000E+0	0.000000E+0	1.964247E-4	2.976042E-9	0.000000E+0	0.000000E+0	1.999959E+1	0.000000E+0	4.000000E+0
24-Apr-25	20:25:06	1.000000E-5	-4.428775E+0	-8.000000E-5	9.000000E-6	1.990000E-5	2.720000E-3	2.000000E-5	0.000000E+0	0.000000E+0	1.964247E-4	2.976042E-9	0.000000E+0	0.000000E+0	1.999959E+1	0.000000E+0	4.000000E+0
24-Apr-25	20:25:06	1.000000E-5	-4.432285E+0	-8.000000E-5	8.950000E-6	1.980000E-5	2.720000E-3	2.000000E-5	0.000000E+0	0.000000E+0	1.964247E-4	2.976042E-9	0.000000E+0	0.000000E+0	1.999959E+1	0.000000E+0	4.000000E+0
24-Apr-25	20:25:07	1.000000E-5	-4.435795E+0	-8.000000E-5	8.950000E-6	1.985000E-5	2.720000E-3	2.000000E-5	0.000000E+0	0.000000E+0	1.964247E-4	2.976042E-9	0.000000E+0	0.000000E+0	1.999959E+1	0.000000E+0	4.000000E+0
24-Apr-25	20:25:07	1.000000E-5	-4.440000E+0	-8.000000E-5	9.050000E-6	1.980000E-5	2.720000E-3	2.000000E-5	0.000000E+0	0.000000E+0	1.964247E-4	2.976042E-9	0.000000E+0	0.000000E+0	1.999959E+1	0.000000E+0	4.000000E+0
24-Apr-25	20:25:08	1.000000E-5	-4.443435E+0	-8.000000E-5	9.050000E-6	1.980000E-5	2.720000E-3	2.000000E-5	0.000000E+0	0.000000E+0	1.964247E-4	2.976042E-9	0.000000E+0	0.000000E+0	1.999959E+1	0.000000E+0	4.000000E+0
24-Apr-25	20:25:08	1.000000E-5	-4.446865E+0	-8.000000E-5	9.000000E-6	1.990000E-5	2.720000E-3	2.000000E-5	0.000000E+0	0.000000E+0	1.964247E-4	2.976042E-9	0.000000E+0	0.000000E+0	1.999959E+1	0.000000E+0	4.000000E+0
24-Apr-25	20:25:09	1.000000E-5	-4.450270E+0	-8.000000E-5	8.950000E-6	1.990000E-5	2.720000E-3	2.000000E-5	0.000000E+0	0.000000E+0	1.964247E-4	2.976042E-9	0.000000E+0	0.000000E+0	1.999959E+1	0.000000E+0	4.000000E+0
24-Apr-25	20:25:09	1.000000E-5	-4.454070E+0	-8.000000E-5	8.900000E-6	1.985000E-5	2.720000E-3	2.000000E-5	0.000000E+0	0.000000E+0	1.964247E-4	2.976042E-9	0.000000E+0	0.000000E+0	1.999959E+1	0.000000E+0	4.000000E+0
24-Apr-25	20:25:10	1.000000E-5	-4.454615E+0	-8.000000E-5	8.850000E-6	1.985000E-5	2.720000E-3	2.000000E-5	0.000000E+0	0.000000E+0	1.964247E-4	2.976042E-9	0.000000E+0	0.000000E+0	1.999959E+1	0.000000E+0	4.000000E+0
24-Apr-25	20:25:10	1.000000E-5	-4.460840E+0	-8.000000E-5	8.950000E-6	1.985000E-5	2.720000E-3	2.000000E-5	0.000000E+0	0.000000E+0	1.964247E-4	2.976042E-9	0.000000E+0	0.000000E+0	1.999959E+1	0.000000E+0	4.000000E+0
24-Apr-25	20:25:11	1.000000E-5	-4.464580E+0	-8.000000E-5	9.050000E-6	1.985000E-5	2.720000E-3	2.000000E-5	0.000000E+0	0.000000E+0	1.964247E-4	2.976042E-9	0.000000E+0	0.000000E+0	1.999959E+1	0.000000E+0	4.000000E+0
24-Apr-25	20:25:11	1.000000E-5	-4.466700E+0	-8.000000E-5	9.000000E-6	1.990000E-5	2.720000E-3	2.000000E-5	0.000000E+0	0.000000E+0	1.964247E-4	2.976042E-9	0.000000E+0	0.000000E+0	1.999959E+1	0.000000E+0	4.000000E+0
24-Apr-25	20:25:12	1.000000E-5	-4.473280E+0	-8.000000E-5	8.950000E-6	1.985000E-5	2.720000E-3	2.000000E-5	0.000000E+0	0.000000E+0	1.964247E-4	2.976042E-9	0.000000E+0	0.000000E+0	1.999959E+1	0.000000E+0	4.000000E+0
24-Apr-25	20:25:12	1.000000E-5	-4.476985E+0	-8.000000E-5	8.900000E-6	1.985000E-5	2.720000E-3	2.000000E-5	0.000000E+0	0.000000E+0	1.964247E-4	2.976042E-9	0.000000E+0	0.000000E+0	1.999959E+1	0.000000E+0	4.000000E+0
24-Apr-25	20:25:13	1.000000E-5	-4.480315E+0	-8.000000E-5	8.900000E-6	1.985000E-5	2.720000E-3	2.000000E-5	0.000000E+0	0.000000E+0	1.964247E-4	2.976042E-9	0.000000E+0	0.000000E+0	1.999959E+1	0.000000E+0	4.000000E+0
24-Apr-25	20:25:13	1.000000E-5	-4.484015E+0	-8.000000E-5	8.900000E-6	1.985000E-5	2.720000E-3	2.000000E-5	0.000000E+0	0.000000E+0	1.964247E-4	2.976042E-9	0.000000E+0	0.000000E+0	1.999959E+1	0.000000E+0	4.000000E+0
24-Apr-25	20:25:14	1.000000E-5	-4.488075E+0	-8.000000E-5	8.900000E-6	1.985000E-5	2.720000E-3	2.000000E-5	0.000000E+0	0.000000E+0	1.964247E-4	2.976042E-9	0.000000E+0	0.000000E+0	1.999959E+1	0.000000E+0	4.000000E+0
24-Apr-25	20:25:14	1.000000E-5	-4.491370E+0	-8.000000E-5	8.900000E-6	1.985000E-5	2.720000E-3	2.000000E-5	0.000000E+0	0.000000E+0	1.964247E-4	2.976042E-9	0.000000E+0	0.000000E+0	1.999959E+1	0.000000E+0	4.000000E+0
24-Apr-25	20:25:15	1.000000E-5	-4.494655E+0	-8.000000E-5	8.900000E-6	1.985000E-5	2.720000E-3	2.000000E-5	0.000000E+0	0.000000E+0	1.964247E-4	2.976042E-9	0.000000E+0	0.000000E+0	1.999959E+1	0.000000E+0	4.000000E+0
24-Apr-25	20:25:15	1.000000E-5	-4.497945E+0	-8.000000E-5	8.900000E-6	1.985000E-5	2.720000E-3	2.000000E-5	0.000000E+0	0.000000E+0	1.964247E-4	2.976042E-9	0.000000E+0	0.000000E+0	1.999959E+1	0.000000E+0	4.000000E+0
24-Apr-25	20:25:16	1.000000E-5	-4.501595E+0	-8.000000E-5	8.950000E-6	1.990000E-5	2.720000E-3	2.000000E-5	0.000000E+0	0.000000E+0	1.964247E-4	2.976042E-9	0.000000E+0	0.000000E+0	1.999959E+1	0.000000E+0	4.000000E+0
24-Apr-25	20:25:16	1.000000E-5	-4.502120E+0	-8.000000E-5	8.950000E-6	1.985000E-5	2.720000E-3	2.000000E-5	0.000000E+0	0.000000E+0	1.964247E-4	2.976042E-9	0.000000E+0	0.000000E+0	1.999959E+1	0.000000E+0	4.000000E+0
24-Apr-25	20:25:16	1.000000E-5	-4.508230E+0	-8.000000E-5	8.950000E-6	1.985000E-5	2.720000E-3	2.000000E-5	0.000000E+0	0.000000E+0	1.964247E-4	2.976042E-9	0.000000E+0	0.000000E+0	1.999959E+1	0.000000E+0	4.000000E+0
24-Apr-25	20:25:17	1.000000E-5	-4.511475E+0	-8.000000E-5	8.900000E-6	1.990000E-5	2.720000E-3	2.000000E-5	0.000000E+0	0.000000E+0	1.964247E-4	2.976042E-9	0.000000E+0	0.000000E+0	1.999959E+1	0.000000E+0	4.000000E+0
24-Apr-25	20:25:17	1.000000E-5	-4.514715E+0	-8.000000E-5	8.900000E-6	1.990000E-5	2.720000E-3	2.000000E-5	0.000000E+0	0.000000E+0	1.964247E-4	2.976042E-9	0.000000E+0	0.000000E+0	1.999959E+1	0.000000E+0	4.000000E+0
24-Apr-25	20:25:18	1.000000E-5	-4.517950E+0	-8.000000E-5	8.800000E-6	1.985000E-5	2.720000E-3	2.000000E-5	0.000000E+0	0.000000E+0	1.964247E-4	2.976042E-9	0.000000E+0	0.000000E+0	1.999959E+1	0.000000E+0	4.000000E+0
24-Apr-25	20:25:18	1.000000E-5	-4.521900E+0	-8.000000E-5	8.850000E-6	1.985000E-5	2.720000E-3	2.000000E-5	0.000000E+0	0.000000E+0	1.964247E-4	2.976042E-9	0.000000E+0	0.000000E+0	1.999959E+1	0.000000E+0	4.000000E+0
24-Apr-25	20:25:19	1.000000E-5	-4.525455E+0	-8.000000E-5	8.800000E-6	1.990000E-5	2.720000E-3	2.000000E-5	0.000000E+0	0.000000E+0	1.964247E-4	2.976042E-9	0.000000E+0	0.000000E+0	1.999959E+1	0.000000E+0	4.000000E+0
24-Apr-25	20:25:19	1.000000E-5	-4.529000E+0	-8.000000E-5	8.850000E-6	1.985000E-5	2.720000E-3	2.000000E-5	0.000000E+0	0.000000E+0	1.964247E-4	2.976042E-9	0.000000E+0	0.000000E+0	1.999959E+1	0.000000E+0	4.000000E+0
24-Apr-25	20:25:20	1.000000E-5	-4.532910E+0	-8.000000E-5	8.900000E-6	1.985000E-5	2.720000E-3	2.000000E-5	0.000000E+0	0.000000E+0	1.964247E-4	2.976042E-9	0.000000E+0	0.000000E+0	1.999959E+1	0.000000E+0	4.000000E+0
24-Apr-25	20:25:21	1.000000E-5	-4.537135E+0	-8.000000E-5	8.850000E-6	1.990000E-5	2.720000E-3	2.000000E-5	0.000000E+0	0.000000E+0	1.964247E-4	2.976042E-9	0.000000E+0	0.000000E+0	1.999959E+1	0.000000E+0	4.000000E+0
24-Apr-25	20:25:21	1.000000E-5	-4.540785E+0	-8.000000E-5	8.800000E-6	1.990000E-5	2.720000E-3	2.000000E-5	0.000000E+0	0.000000E+0	1.964247E-4	2.976042E-9	0.000000E+0	0.000000E+0	1.999959E+1	0.000000E+0	4.000000E+0
24-Apr-25	20:25:22	1.000000E-5	-4.544645E+0	-8.000000E-5	8.800000E-6	1.990000E-5	2.720000E-3	2.000000E-5	0.000000E+0	0.000000E+0	1.964247E-4	2.976042E-9	0.000000E+0	0.000000E+0	1.999959E+1	0.000000E+0	4.000000E+0
24-Apr-25	20:25:22	1.000000E-5	-4.545165E+0	-8.000000E-5	8.800000E-6	1.990000E-5	2.720000E-3	2.000000E-5	0.000000E+0	0.000000E+0	1.964247E-4	2.976042E-9	0.000000E+0	0.000000E+0	1.999959E+1	0.000000E+0	4.000000E+0
24-Apr-25	20:25:22	1.000000E-5	-4.550925E+0	-8.000000E-5	8.800000E-6	1.990000E-5	2.720000E-3	2.000000E-5	0.000000E+0	0.000000E+0	1.964247E-4	2.976042E-9	0.000000E+0	0.000000E+0	1.999959E+1	0.000000E+0	4.000000E+0
24-Apr-25	20:25:23	1.000000E-5	-4.554045E+0	-8.000000E-5	8.850000E-6	1.990000E-5	2.720000E-3	2.000000E-5	0.000000E+0	0.000000E+0	1.964247E-4	2.976042E-9	0.000000E+0	0.000000E+0	1.999959E+1	0.000000E+0	4.000000E+0
24-Apr-25	20:25:23	1.000000E-5	-4.557180E+0	-8.000000E-5	8.800000E-6	1.985000E-5	2.720000E-3	2.000000E-5	0.000000E+0	0.000000E+0	1.964247E-4	2.976042E-9	0.000000E+0	0.000000E+0	1.999959E+1	0.000000E+0	4.000000E+0
24-Apr-25	20:25:24	1.000000E-5	-4.560985E+0	-8.000000E-5	8.850000E-6	1.985000E-5	2.720000E-3	2.000000E-5	0.000000E+0	0.000000E+0	1.964247E-4	2.976042E-9	0.000000E+0	0.000000E+0	1.999959E+1	0.000000E+0	4.000000E+0
24-Apr-25	20:25:24	1.000000E-5	-4.564105E+0	-8.000000E-5	8.800000E-6	1.990000E-5	2.720000E-3	2.000000E-5	0.000000E+0	0.000000E+0	1.964247E-4	2.976042E-9	0.000000E+0	0.000000E+0	1.999959E+1	0.000000E+0	4.000000E+0
24-Apr-25	20:25:25	1.000000E-5	-4.567945E+0	-8.000000E-5	8.750000E-6	1.995000E-5	2.720000E-3	2.000000E-5	0.000000E+0	0.000000E+0	1.964247E-4	2.976042E-9	0.000000E+0	0.000000E+0	1.999959E+1	0.000000E+0	4.000000E+0
24-Apr-25	20:25:25	1.000000E-5	-4.571105E+0	-8.000000E-5	8.700000E-6	1.995000E-5	2.720000E-3	2.000000E-5	0.000000E+0	0.000000E+0	1.964247E-4	2.976042E-9	0.000000E+0	0.000000E+0	1.999959E+1	0.000000E+0	4.000000E+0
24-Apr-25	20:25:26	1.000000E-5	-4.574180E+0	-8.000000E-5	8.750000E-6	1.985000E-5	2.720000E-3	2.000000E-5	0.000000E+0	0.000000E+0	1.964247E-4	2.976042E-9	0.000000E+0	0.000000E+0	1.999959E+1	0.000000E+0	4.000000E+0
24-Apr-25	20:25:26	1.000000E-5	-4.577250E+0	-8.000000E-5	8.800000E-6	1.980000E-5	2.720000E-3	2.000000E-5	0.000000E+0	0.000000E+0	1.964247E-4	2.976042E-9	0.000000E+0	0.000000E+0	1.999959E+1	0.000000E+0	4.000000E+0
24-Apr-25	20:25:27	1.000000E-5	-4.580655E+0	-8.000000E-5	8.750000E-6	1.985000E-5	2.720000E-3	2.000000E-5	0.000000E+0	0.000000E+0	1.964247E-4	2.976042E-9	0.000000E+0	0.000000E+0	1.999959E+1	0.000000E+0	4.000000E+0
24-Apr-25	20:25:27	1.000000E-5	-4.581160E+0	-8.000000E-5	8.750000E-6	1.985000E-5	2.720000E-3	2.000000E-5	0.000000E+0	0.000000E+0	1.964247E-4	2.976042E-9	0.000000E+0	0.000000E+0	1.999959E+1	0.000000E+0	4.000000E+0
24-Apr-25	20:25:28	1.000000E-5	-4.587440E+0	-8.000000E-5	8.700000E-6	1.990000E-5	2.720000E-3	2.000000E-5	0.000000E+0	0.000000E+0	1.964247E-4	2.976042E-9	0.000000E+0	0.000000E+0	1.999959E+1	0.000000E+0	4.000000E+0
24-Apr-25	20:25:28	1.000000E-5	-4.590795E+0	-8.000000E-5	8.750000E-6	1.985000E-5	2.720000E-3	2.000000E-5	0.000000E+0	0.000000E+0	1.964247E-4	2.976042E-9	0.000000E+0	0.000000E+0	1.999959E+1	0.000000E+0	4.000000E+0
24-Apr-25	20:25:29	1.000000E-5	-4.591965E+0	-8.000000E-5	8.800000E-6	1.985000E-5	2.720000E-3	2.000000E-5	0.000000E+0	0.000000E+0	1.964247E-4	2.976042E-9	0.000000E+0	0.000000E+0	1.999959E+1	0.000000E+0	4.000000E+0
24-Apr-25	20:25:29	1.000000E-5	-4.598300E+0	-8.000000E-5	8.800000E-6	1.990000E-5	2.720000E-3	2.000000E-5	0.000000E+0	0.000000E+0	1.964247E-4	2.976042E-9	0.000000E+0	0.000000E+0	1.999959E+1	0.000000E+0	4.000000E+0
24-Apr-25	20:25:30	1.000000E-5	-4.601315E+0	-8.000000E-5	8.800000E-6	1.990000E-5	2.720000E-3	2.000000E-5	0.000000E+0	0.000000E+0	1.964247E-4	2.976042E-9	0.000000E+0	0.000000E+0	1.999959E+1	0.000000E+0	4.000000E+0
24-Apr-25	20:25:30	1.000000E-5	-4.604310E+0	-8.000000E-5	8.750000E-6	1.995000E-5	2.720000E-3	2.000000E-5	0.000000E+0	0.000000E+0	1.964247E-4	2.976042E-9	0.000000E+0	0.000000E+0	1.999959E+1	0.000000E+0	4.000000E+0
24-Apr-25	20:25:31	1.000000E-5	-4.607625E+0	-8.000000E-5	8.750000E-6	1.990000E-5	2.720000E-3	2.000000E-5	0.000000E+0	0.000000E+0	1.964247E-4	2.976042E-9	0.000000E+0	0.000000E+0	1.999959E+1	0.000000E+0	4.000000E+0
24-Apr-25	20:25:31	1.000000E-5	-4.610580E+0	-8.000000E-5	8.650000E-6	1.985000E-5	2.720000E-3	2.000000E-5	0.000000E+0	0.000000E+0	1.964247E-4	2.976042E-9	0.000000E+0	0.000000E+0	1.999959E+1	0.000000E+0	4.000000E+0
24-Apr-25	20:25:32	1.000000E-5	-4.611100E+0	-8.000000E-5	8.700000E-6	1.985000E-5	2.720000E-3	2.000000E-5	0.000000E+0	0.000000E+0	1.964247E-4	2.976042E-9	0.000000E+0	0.000000E+0	1.999959E+1	0.000000E+0	4.000000E+0
24-Apr-25	20:25:32	1.000000E-5	-4.617210E+0	-8.000000E-5	8.750000E-6	1.990000E-5	2.720000E-3	2.000000E-5	0.000000E+0	0.000000E+0	1.964247E-4	2.976042E-9	0.000000E+0	0.000000E+0	1.999959E+1	0.000000E+0	4.000000E+0
24-Apr-25	20:25:33	1.000000E-5	-4.620180E+0	-8.000000E-5	8.700000E-6	1.990000E-5	2.720000E-3	2.000000E-5	0.000000E+0	0.000000E+0	1.964247E-4	2.976042E-9	0.000000E+0	0.000000E+0	1.999959E+1	0.000000E+0	4.000000E+0
24-Apr-25	20:25:33	1.000000E-5	-4.623445E+0	-8.000000E-5	8.700000E-6	1.995000E-5	2.720000E-3	2.000000E-5	0.000000E+0	0.000000E+0	1.964247E-4	2.976042E-9	0.000000E+0	0.000000E+0	1.999959E+1	0.000000E+0	4.000000E+0
24-Apr-25	20:25:34	1.000000E-5	-4.623930E+0	-8.000000E-5	8.700000E-6	1.990000E-5	2.720000E-3	2.000000E-5	0.000000E+0	0.000000E+0	1.964247E-4	2.976042E-9	0.000000E+0	0.000000E+0	1.999959E+1	0.000000E+0	4.000000E+0
24-Apr-25	20:25:34	1.000000E-5	-4.629430E+0	-8.000000E-5	8.700000E-6	1.985000E-5	2.720000E-3	2.000000E-5	0.000000E+0	0.000000E+0	1.964247E-4	2.976042E-9	0.000000E+0	0.000000E+0	1.999959E+1	0.000000E+0	4.000000E+0
24-Apr-25	20:25:35	1.000000E-5	-4.633000E+0	-8.000000E-5	8.750000E-6	1.985000E-5	2.720000E-3	2.000000E-5	0.000000E+0	0.000000E+0	1.964247E-4	2.976042E-9	0.000000E+0	0.000000E+0	1.999959E+1	0.000000E+0	4.000000E+0
24-Apr-25	20:25:35	1.000000E-5	-4.634125E+0	-8.000000E-5	8.700000E-6	1.990000E-5	2.720000E-3	2.000000E-5	0.000000E+0	0.000000E+0	1.964247E-4	2.976042E-9	0.000000E+0	0.000000E+0	1.999959E+1	0.000000E+0	4.000000E+0
24-Apr-25	20:25:36	1.000000E-5	-4.640115E+0	-8.000000E-5	8.650000E-6	2.000000E-5	2.720000E-3	2.000000E-5	0.000000E+0	0.000000E+0	1.964247E-4	2.976042E-9	0.000000E+0	0.000000E+0	1.999959E+1	0.000000E+0	4.000000E+0
24-Apr-25	20:25:36	1.000000E-5	-4.643005E+0	-8.000000E-5	8.600000E-6	1.990000E-5	2.720000E-3	2.000000E-5	0.000000E+0	0.000000E+0	1.964247E-4	2.976042E-9	0.000000E+0	0.000000E+0	1.999959E+1	0.000000E+0	4.000000E+0
24-Apr-25	20:25:37	1.000000E-5	-4.646550E+0	-8.000000E-5	8.650000E-6	1.985000E-5	2.720000E-3	2.000000E-5	0.000000E+0	0.000000E+0	1.964247E-4	2.976042E-9	0.000000E+0	0.000000E+0	1.999959E+1	0.000000E+0	4.000000E+0
24-Apr-25	20:25:38	1.000000E-5	-4.650370E+0	-8.000000E-5	8.650000E-6	1.985000E-5	2.720000E-3	2.000000E-5	0.000000E+0	0.000000E+0	1.964247E-4	2.976042E-9	0.000000E+0	0.000000E+0	1.999959E+1	0.000000E+0	4.000000E+0
24-Apr-25	20:25:38	1.000000E-5	-4.653995E+0	-8.000000E-5	8.650000E-6	1.985000E-5	2.720000E-3	2.000000E-5	0.000000E+0	0.000000E+0	1.964247E-4	2.976042E-9	0.000000E+0	0.000000E+0	1.999959E+1	0.000000E+0	4.000000E+0
24-Apr-25	20:25:39	1.000000E-5	-4.654755E+0	-8.000000E-5	8.600000E-6	1.990000E-5	2.720000E-3	2.000000E-5	0.000000E+0	0.000000E+0	1.964247E-4	2.976042E-9	0.000000E+0	0.000000E+0	1.999959E+1	0.000000E+0	4.000000E+0
24-Apr-25	20:25:39	1.000000E-5	-4.660340E+0	-8.000000E-5	8.600000E-6	1.990000E-5	2.720000E-3	2.000000E-5	0.000000E+0	0.000000E+0	1.964247E-4	2.976042E-9	0.000000E+0	0.000000E+0	1.999959E+1	0.000000E+0	4.000000E+0
24-Apr-25	20:25:39	1.000000E-5	-4.663165E+0	-8.000000E-5	8.550000E-6	1.980000E-5	2.720000E-3	2.000000E-5	0.000000E+0	0.000000E+0	1.964247E-4	2.976042E-9	0.000000E+0	0.000000E+0	1.999959E+1	0.000000E+0	4.000000E+0
24-Apr-25	20:25:40	1.000000E-5	-4.665985E+0	-8.000000E-5	8.600000E-6	1.980000E-5	2.720000E-3	2.000000E-5	0.000000E+0	0.000000E+0	1.964247E-4	2.976042E-9	0.000000E+0	0.000000E+0	1.999959E+1	0.000000E+0	4.000000E+0
24-Apr-25	20:25:40	1.000000E-5	-4.668815E+0	-8.000000E-5	8.650000E-6	1.985000E-5	2.720000E-3	2.000000E-5	0.000000E+0	0.000000E+0	1.964247E-4	2.976042E-9	0.000000E+0	0.000000E+0	1.999959E+1	0.000000E+0	4.000000E+0
24-Apr-25	20:25:41	1.000000E-5	-4.671630E+0	-8.000000E-5	8.600000E-6	1.990000E-5	2.720000E-3	2.000000E-5	0.000000E+0	0.000000E+0	1.964247E-4	2.976042E-9	0.000000E+0	0.000000E+0	1.999959E+1	0.000000E+0	4.000000E+0
24-Apr-25	20:25:41	1.000000E-5	-4.674740E+0	-8.000000E-5	8.650000E-6	1.990000E-5	2.720000E-3	2.000000E-5	0.000000E+0	0.000000E+0	1.964247E-4	2.976042E-9	0.000000E+0	0.000000E+0	1.999959E+1	0.000000E+0	4.000000E+0
24-Apr-25	20:25:42	1.000000E-5	-4.675265E+0	-8.000000E-5	8.650000E-6	1.990000E-5	2.720000E-3	2.000000E-5	0.000000E+0	0.000000E+0	1.964247E-4	2.976042E-9	0.000000E+0	0.000000E+0	1.999959E+1	0.000000E+0	4.000000E+0
24-Apr-25	20:25:42	1.000000E-5	-4.681375E+0	-8.000000E-5	8.650000E-6	1.990000E-5	2.720000E-3	2.000000E-5	0.000000E+0	0.000000E+0	1.964247E-4	2.976042E-9	0.000000E+0	0.000000E+0	1.999959E+1	0.000000E+0	4.000000E+0
24-Apr-25	20:25:43	1.000000E-5	-4.684140E+0	-8.000000E-5	8.650000E-6	1.985000E-5	2.720000E-3	2.000000E-5	0.000000E+0	0.000000E+0	1.964247E-4	2.976042E-9	0.000000E+0	0.000000E+0	1.999959E+1	0.000000E+0	4.000000E+0
24-Apr-25	20:25:43	1.000000E-5	-4.685230E+0	-8.000000E-5	8.650000E-6	1.990000E-5	2.720000E-3	2.000000E-5	0.000000E+0	0.000000E+0	1.964247E-4	2.976042E-9	0.000000E+0	0.000000E+0	1.999959E+1	0.000000E+0	4.000000E+0
24-Apr-25	20:25:44	1.000000E-5	-4.690405E+0	-8.000000E-5	8.600000E-6	1.985000E-5	2.720000E-3	2.000000E-5	0.000000E+0	0.000000E+0	1.964247E-4	2.976042E-9	0.000000E+0	0.000000E+0	1.999959E+1	0.000000E+0	4.000000E+0
24-Apr-25	20:25:44	1.000000E-5	-4.693795E+0	-8.000000E-5	8.600000E-6	1.990000E-5	2.720000E-3	2.000000E-5	0.000000E+0	0.000000E+0	1.964247E-4	2.976042E-9	0.000000E+0	0.000000E+0	1.999959E+1	0.000000E+0	4.000000E+0
24-Apr-25	20:25:45	1.000000E-5	-4.696555E+0	-8.000000E-5	8.550000E-6	1.990000E-5	2.720000E-3	2.000000E-5	0.000000E+0	0.000000E+0	1.964247E-4	2.976042E-9	0.000000E+0	0.000000E+0	1.999959E+1	0.000000E+0	4.000000E+0
24-Apr-25	20:25:45	1.000000E-5	-4.699595E+0	-8.000000E-5	8.600000E-6	1.995000E-5	2.720000E-3	2.000000E-5	0.000000E+0	0.000000E+0	1.964247E-4	2.976042E-9	0.000000E+0	0.000000E+0	1.999959E+1	0.000000E+0	4.000000E+0
24-Apr-25	20:25:46	1.000000E-5	-4.702335E+0	-8.000000E-5	8.550000E-6	1.990000E-5	2.720000E-3	2.000000E-5	0.000000E+0	0.000000E+0	1.964247E-4	2.976042E-9	0.000000E+0	0.000000E+0	1.999959E+1	0.000000E+0	4.000000E+0
24-Apr-25	20:25:46	1.000000E-5	-4.702785E+0	-8.000000E-5	8.550000E-6	1.990000E-5	2.720000E-3	2.000000E-5	0.000000E+0	0.000000E+0	1.964247E-4	2.976042E-9	0.000000E+0	0.000000E+0	1.999959E+1	0.000000E+0	4.000000E+0
24-Apr-25	20:25:47	1.000000E-5	-4.707785E+0	-8.000000E-5	8.600000E-6	1.990000E-5	2.720000E-3	2.000000E-5	0.000000E+0	0.000000E+0	1.964247E-4	2.976042E-9	0.000000E+0	0.000000E+0	1.999959E+1	0.000000E+0	4.000000E+0
24-Apr-25	20:25:47	1.000000E-5	-4.710490E+0	-8.000000E-5	8.550000E-6	1.990000E-5	2.720000E-3	2.000000E-5	0.000000E+0	0.000000E+0	1.964247E-4	2.976042E-9	0.000000E+0	0.000000E+0	1.999959E+1	0.000000E+0	4.000000E+0
24-Apr-25	20:25:48	1.000000E-5	-4.713210E+0	-8.000000E-5	8.500000E-6	1.985000E-5	2.720000E-3	2.000000E-5	0.000000E+0	0.000000E+0	1.964247E-4	2.976042E-9	0.000000E+0	0.000000E+0	1.999959E+1	0.000000E+0	4.000000E+0
24-Apr-25	20:25:48	1.000000E-5	-4.716200E+0	-8.000000E-5	8.550000E-6	1.990000E-5	2.720000E-3	2.000000E-5	0.000000E+0	0.000000E+0	1.964247E-4	2.976042E-9	0.000000E+0	0.000000E+0	1.999959E+1	0.000000E+0	4.000000E+0
24-Apr-25	20:25:49	1.000000E-5	-4.719835E+0	-8.000000E-5	8.550000E-6	1.990000E-5	2.720000E-3	2.000000E-5	0.000000E+0	0.000000E+0	1.964247E-4	2.976042E-9	0.000000E+0	0.000000E+0	1.999959E+1	0.000000E+0	4.000000E+0
24-Apr-25	20:25:49	1.000000E-5	-4.722865E+0	-8.000000E-5	8.550000E-6	1.985000E-5	2.720000E-3	2.000000E-5	0.000000E+0	0.000000E+0	1.964247E-4	2.976042E-9	0.000000E+0	0.000000E+0	1.999959E+1	0.000000E+0	4.000000E+0
24-Apr-25	20:25:50	1.000000E-5	-4.725540E+0	-8.000000E-5	8.550000E-6	1.985000E-5	2.720000E-3	2.000000E-5	0.000000E+0	0.000000E+0	1.964247E-4	2.976042E-9	0.000000E+0	0.000000E+0	1.999959E+1	0.000000E+0	4.000000E+0
24-Apr-25	20:25:50	1.000000E-5	-4.728505E+0	-8.000000E-5	8.550000E-6	1.985000E-5	2.720000E-3	2.000000E-5	0.000000E+0	0.000000E+0	1.964247E-4	2.976042E-9	0.000000E+0	0.000000E+0	1.999959E+1	0.000000E+0	4.000000E+0
24-Apr-25	20:25:51	1.000000E-5	-4.732360E+0	-8.000000E-5	8.500000E-6	1.995000E-5	2.720000E-3	2.000000E-5	0.000000E+0	0.000000E+0	1.964247E-4	2.976042E-9	0.000000E+0	0.000000E+0	1.999959E+1	0.000000E+0	4.000000E+0
24-Apr-25	20:25:51	1.000000E-5	-4.735000E+0	-8.000000E-5	8.450000E-6	1.990000E-5	2.720000E-3	2.000000E-5	0.000000E+0	0.000000E+0	1.964247E-4	2.976042E-9	0.000000E+0	0.000000E+0	1.999959E+1	0.000000E+0	4.000000E+0
24-Apr-25	20:25:52	1.000000E-5	-4.737690E+0	-8.000000E-5	8.450000E-6	1.985000E-5	2.720000E-3	2.000000E-5	0.000000E+0	0.000000E+0	1.964247E-4	2.976042E-9	0.000000E+0	0.000000E+0	1.999959E+1	0.000000E+0	4.000000E+0
24-Apr-25	20:25:52	1.000000E-5	-4.741245E+0	-8.000000E-5	8.500000E-6	1.990000E-5	2.720000E-3	2.000000E-5	0.000000E+0	0.000000E+0	1.964247E-4	2.976042E-9	0.000000E+0	0.000000E+0	1.999959E+1	0.000000E+0	4.000000E+0
24-Apr-25	20:25:53	1.000000E-5	-4.743875E+0	-8.000000E-5	8.600000E-6	1.995000E-5	2.720000E-3	2.000000E-5	0.000000E+0	0.000000E+0	1.964247E-4	2.976042E-9	0.000000E+0	0.000000E+0	1.999959E+1	0.000000E+0	4.000000E+0
24-Apr-25	20:25:53	1.000000E-5	-4.747345E+0	-8.000000E-5	8.500000E-6	1.990000E-5	2.720000E-3	2.000000E-5	0.000000E+0	0.000000E+0	1.964247E-4	2.976042E-9	0.000000E+0	0.000000E+0	1.999959E+1	0.000000E+0	4.000000E+0
24-Apr-25	20:25:54	1.000000E-5	-4.750310E+0	-8.000000E-5	8.450000E-6	1.985000E-5	2.720000E-3	2.000000E-5	0.000000E+0	0.000000E+0	1.964247E-4	2.976042E-9	0.000000E+0	0.000000E+0	1.999959E+1	0.000000E+0	4.000000E+0
24-Apr-25	20:25:54	1.000000E-5	-4.753235E+0	-8.000000E-5	8.450000E-6	1.980000E-5	2.720000E-3	2.000000E-5	0.000000E+0	0.000000E+0	1.964247E-4	2.976042E-9	0.000000E+0	0.000000E+0	1.999959E+1	0.000000E+0	4.000000E+0
24-Apr-25	20:25:55	1.000000E-5	-4.755820E+0	-8.000000E-5	8.500000E-6	1.990000E-5	2.720000E-3	2.000000E-5	0.000000E+0	0.000000E+0	1.964247E-4	2.976042E-9	0.000000E+0	0.000000E+0	1.999959E+1	0.000000E+0	4.000000E+0
24-Apr-25	20:25:55	1.000000E-5	-4.758690E+0	-8.000000E-5	8.500000E-6	1.995000E-5	2.720000E-3	2.000000E-5	0.000000E+0	0.000000E+0	1.964247E-4	2.976042E-9	0.000000E+0	0.000000E+0	1.999959E+1	0.000000E+0	4.000000E+0
24-Apr-25	20:25:56	1.000000E-5	-4.761275E+0	-8.000000E-5	8.450000E-6	1.995000E-5	2.720000E-3	2.000000E-5	0.000000E+0	0.000000E+0	1.964247E-4	2.976042E-9	0.000000E+0	0.000000E+0	1.999959E+1	0.000000E+0	4.000000E+0
24-Apr-25	20:25:56	1.000000E-5	-4.764700E+0	-8.000000E-5	8.400000E-6	1.995000E-5	2.720000E-3	2.000000E-5	0.000000E+0	0.000000E+0	1.964247E-4	2.976042E-9	0.000000E+0	0.000000E+0	1.999959E+1	0.000000E+0	4.000000E+0
24-Apr-25	20:25:57	1.000000E-5	-4.767810E+0	-8.000000E-5	8.500000E-6	1.995000E-5	2.720000E-3	2.000000E-5	0.000000E+0	0.000000E+0	1.964247E-4	2.976042E-9	0.000000E+0	0.000000E+0	1.999959E+1	0.000000E+0	4.000000E+0
24-Apr-25	20:25:58	1.000000E-5	-4.768530E+0	-8.000000E-5	8.500000E-6	1.990000E-5	2.720000E-3	2.000000E-5	0.000000E+0	0.000000E+0	1.964247E-4	2.976042E-9	0.000000E+0	0.000000E+0	1.999959E+1	0.000000E+0	4.000000E+0
24-Apr-25	20:25:58	1.000000E-5	-4.773750E+0	-8.000000E-5	8.500000E-6	1.990000E-5	2.720000E-3	2.000000E-5	0.000000E+0	0.000000E+0	1.964247E-4	2.976042E-9	0.000000E+0	0.000000E+0	1.999959E+1	0.000000E+0	4.000000E+0
24-Apr-25	20:25:59	1.000000E-5	-4.776845E+0	-8.000000E-5	8.500000E-6	1.985000E-5	2.720000E-3	2.000000E-5	0.000000E+0	0.000000E+0	1.964247E-4	2.976042E-9	0.000000E+0	0.000000E+0	1.999959E+1	0.000000E+0	4.000000E+0
24-Apr-25	20:25:59	1.000000E-5	-4.777555E+0	-8.000000E-5	8.450000E-6	1.985000E-5	2.720000E-3	2.000000E-5	0.000000E+0	0.000000E+0	1.964247E-4	2.976042E-9	0.000000E+0	0.000000E+0	1.999959E+1	0.000000E+0	4.000000E+0
24-Apr-25	20:26:00	1.000000E-5	-4.782260E+0	-8.000000E-5	8.500000E-6	1.985000E-5	2.720000E-3	2.000000E-5	0.000000E+0	0.000000E+0	1.964247E-4	2.976042E-9	0.000000E+0	0.000000E+0	1.999959E+1	0.000000E+0	4.000000E+0
24-Apr-25	20:26:00	1.000000E-5	-4.785055E+0	-8.000000E-5	8.550000E-6	1.995000E-5	2.720000E-3	2.000000E-5	0.000000E+0	0.000000E+0	1.964247E-4	2.976042E-9	0.000000E+0	0.000000E+0	1.999959E+1	0.000000E+0	4.000000E+0
24-Apr-25	20:26:01	1.000000E-5	-4.787840E+0	-8.000000E-5	8.500000E-6	1.995000E-5	2.720000E-3	2.000000E-5	0.000000E+0	0.000000E+0	1.964247E-4	2.976042E-9	0.000000E+0	0.000000E+0	1.999959E+1	0.000000E+0	4.000000E+0
24-Apr-25	20:26:01	1.000000E-5	-4.790350E+0	-8.000000E-5	8.500000E-6	1.995000E-5	2.720000E-3	2.000000E-5	0.000000E+0	0.000000E+0	1.964247E-4	2.976042E-9	0.000000E+0	0.000000E+0	1.999959E+1	0.000000E+0	4.000000E+0
24-Apr-25	20:26:02	1.000000E-5	-4.793670E+0	-8.000000E-5	8.450000E-6	1.990000E-5	2.720000E-3	2.000000E-5	0.000000E+0	0.000000E+0	1.964247E-4	2.976042E-9	0.000000E+0	0.000000E+0	1.999959E+1	0.000000E+0	4.000000E+0
24-Apr-25	20:26:02	1.000000E-5	-4.796235E+0	-8.000000E-5	8.400000E-6	1.990000E-5	2.720000E-3	2.000000E-5	0.000000E+0	0.000000E+0	1.964247E-4	2.976042E-9	0.000000E+0	0.000000E+0	1.999959E+1	0.000000E+0	4.000000E+0
24-Apr-25	20:26:03	1.000000E-5	-4.799260E+0	-8.000000E-5	8.400000E-6	1.990000E-5	2.720000E-3	2.000000E-5	0.000000E+0	0.000000E+0	1.964247E-4	2.976042E-9	0.000000E+0	0.000000E+0	1.999959E+1	0.000000E+0	4.000000E+0
24-Apr-25	20:26:03	1.000000E-5	-4.801735E+0	-8.000000E-5	8.450000E-6	1.985000E-5	2.720000E-3	2.000000E-5	0.000000E+0	0.000000E+0	1.964247E-4	2.976042E-9	0.000000E+0	0.000000E+0	1.999959E+1	0.000000E+0	4.000000E+0
24-Apr-25	20:26:04	1.000000E-5	-4.804465E+0	-8.000000E-5	8.450000E-6	1.985000E-5	2.720000E-3	2.000000E-5	0.000000E+0	0.000000E+0	1.964247E-4	2.976042E-9	0.000000E+0	0.000000E+0	1.999959E+1	0.000000E+0	4.000000E+0
24-Apr-25	20:26:04	1.000000E-5	-4.806910E+0	-8.000000E-5	8.400000E-6	1.990000E-5	2.720000E-3	2.000000E-5	0.000000E+0	0.000000E+0	1.964247E-4	2.976042E-9	0.000000E+0	0.000000E+0	1.999959E+1	0.000000E+0	4.000000E+0
24-Apr-25	20:26:05	1.000000E-5	-4.809910E+0	-8.000000E-5	8.400000E-6	1.985000E-5	2.720000E-3	2.000000E-5	0.000000E+0	0.000000E+0	1.964247E-4	2.976042E-9	0.000000E+0	0.000000E+0	1.999959E+1	0.000000E+0	4.000000E+0
24-Apr-25	20:26:05	1.000000E-5	-4.812350E+0	-8.000000E-5	8.450000E-6	1.985000E-5	2.720000E-3	2.000000E-5	0.000000E+0	0.000000E+0	1.964247E-4	2.976042E-9	0.000000E+0	0.000000E+0	1.999959E+1	0.000000E+0	4.000000E+0
24-Apr-25	20:26:05	1.000000E-5	-4.814765E+0	-8.000000E-5	8.450000E-6	1.995000E-5	2.720000E-3	2.000000E-5	0.000000E+0	0.000000E+0	1.964247E-4	2.976042E-9	0.000000E+0	0.000000E+0	1.999959E+1	0.000000E+0	4.000000E+0
24-Apr-25	20:26:06	1.000000E-5	-4.817455E+0	-8.000000E-5	8.400000E-6	1.990000E-5	2.720000E-3	2.000000E-5	0.000000E+0	0.000000E+0	1.964247E-4	2.976042E-9	0.000000E+0	0.000000E+0	1.999959E+1	0.000000E+0	4.000000E+0
24-Apr-25	20:26:06	1.000000E-5	-4.819605E+0	-8.000000E-5	8.450000E-6	1.985000E-5	2.720000E-3	2.000000E-5	0.000000E+0	0.000000E+0	1.964247E-4	2.976042E-9	0.000000E+0	0.000000E+0	1.999959E+1	0.000000E+0	4.000000E+0
24-Apr-25	20:26:07	1.000000E-5	-4.822370E+0	-8.000000E-5	8.450000E-6	1.990000E-5	2.720000E-3	2.000000E-5	0.000000E+0	0.000000E+0	1.964247E-4	2.976042E-9	0.000000E+0	0.000000E+0	1.999959E+1	0.000000E+0	4.000000E+0
24-Apr-25	20:26:07	1.000000E-5	-4.825310E+0	-8.000000E-5	8.450000E-6	2.000000E-5	2.720000E-3	2.000000E-5	0.000000E+0	0.000000E+0	1.964247E-4	2.976042E-9	0.000000E+0	0.000000E+0	1.999959E+1	0.000000E+0	4.000000E+0
24-Apr-25	20:26:08	1.000000E-5	-4.827710E+0	-8.000000E-5	8.350000E-6	2.005000E-5	2.720000E-3	2.000000E-5	0.000000E+0	0.000000E+0	1.964247E-4	2.976042E-9	0.000000E+0	0.000000E+0	1.999959E+1	0.000000E+0	4.000000E+0
24-Apr-25	20:26:08	1.000000E-5	-4.830365E+0	-8.000000E-5	8.350000E-6	1.995000E-5	2.720000E-3	2.000000E-5	0.000000E+0	0.000000E+0	1.964247E-4	2.976042E-9	0.000000E+0	0.000000E+0	1.999959E+1	0.000000E+0	4.000000E+0
24-Apr-25	20:26:09	1.000000E-5	-4.830500E+0	-8.000000E-5	8.350000E-6	1.985000E-5	2.720000E-3	2.000000E-5	0.000000E+0	0.000000E+0	1.964247E-4	2.976042E-9	0.000000E+0	0.000000E+0	1.999959E+1	0.000000E+0	4.000000E+0
24-Apr-25	20:26:09	1.000000E-5	-4.835125E+0	-8.000000E-5	8.350000E-6	1.980000E-5	2.720000E-3	2.000000E-5	0.000000E+0	0.000000E+0	1.964247E-4	2.976042E-9	0.000000E+0	0.000000E+0	1.999959E+1	0.000000E+0	4.000000E+0
24-Apr-25	20:26:10	1.000000E-5	-4.838105E+0	-8.000000E-5	8.400000E-6	1.985000E-5	2.720000E-3	2.000000E-5	0.000000E+0	0.000000E+0	1.964247E-4	2.976042E-9	0.000000E+0	0.000000E+0	1.999959E+1	0.000000E+0	4.000000E+0
24-Apr-25	20:26:10	1.000000E-5	-4.840480E+0	-8.000000E-5	8.450000E-6	1.985000E-5	2.720000E-3	2.000000E-5	0.000000E+0	0.000000E+0	1.964247E-4	2.976042E-9	0.000000E+0	0.000000E+0	1.999959E+1	0.000000E+0	4.000000E+0
24-Apr-25	20:26:11	1.000000E-5	-4.843080E+0	-8.000000E-5	8.450000E-6	1.990000E-5	2.720000E-3	2.000000E-5	0.000000E+0	0.000000E+0	1.964247E-4	2.976042E-9	0.000000E+0	0.000000E+0	1.999959E+1	0.000000E+0	4.000000E+0
24-Apr-25	20:26:11	1.000000E-5	-4.845435E+0	-8.000000E-5	8.350000E-6	1.990000E-5	2.720000E-3	2.000000E-5	0.000000E+0	0.000000E+0	1.964247E-4	2.976042E-9	0.000000E+0	0.000000E+0	1.999959E+1	0.000000E+0	4.000000E+0
24-Apr-25	20:26:12	1.000000E-5	-4.848300E+0	-8.000000E-5	8.350000E-6	1.990000E-5	2.720000E-3	2.000000E-5	0.000000E+0	0.000000E+0	1.964247E-4	2.976042E-9	0.000000E+0	0.000000E+0	1.999959E+1	0.000000E+0	4.000000E+0
24-Apr-25	20:26:12	1.000000E-5	-4.850610E+0	-8.000000E-5	8.350000E-6	1.985000E-5	2.720000E-3	2.000000E-5	0.000000E+0	0.000000E+0	1.964247E-4	2.976042E-9	0.000000E+0	0.000000E+0	1.999959E+1	0.000000E+0	4.000000E+0
24-Apr-25	20:26:13	1.000000E-5	-4.852950E+0	-8.000000E-5	8.400000E-6	1.990000E-5	2.720000E-3	2.000000E-5	0.000000E+0	0.000000E+0	1.964247E-4	2.976042E-9	0.000000E+0	0.000000E+0	1.999959E+1	0.000000E+0	4.000000E+0
24-Apr-25	20:26:13	1.000000E-5	-4.855530E+0	-8.000000E-5	8.450000E-6	1.995000E-5	2.720000E-3	2.000000E-5	0.000000E+0	0.000000E+0	1.964247E-4	2.976042E-9	0.000000E+0	0.000000E+0	1.999959E+1	0.000000E+0	4.000000E+0
24-Apr-25	20:26:14	1.000000E-5	-4.857850E+0	-8.000000E-5	8.350000E-6	2.000000E-5	2.720000E-3	2.000000E-5	0.000000E+0	0.000000E+0	1.964247E-4	2.976042E-9	0.000000E+0	0.000000E+0	1.999959E+1	0.000000E+0	4.000000E+0
24-Apr-25	20:26:14	1.000000E-5	-4.860760E+0	-8.000000E-5	8.350000E-6	1.995000E-5	2.720000E-3	2.000000E-5	0.000000E+0	0.000000E+0	1.964247E-4	2.976042E-9	0.000000E+0	0.000000E+0	1.999959E+1	0.000000E+0	4.000000E+0
24-Apr-25	20:26:15	1.000000E-5	-4.863065E+0	-8.000000E-5	8.300000E-6	1.990000E-5	2.720000E-3	2.000000E-5	0.000000E+0	0.000000E+0	1.964247E-4	2.976042E-9	0.000000E+0	0.000000E+0	1.999959E+1	0.000000E+0	4.000000E+0
24-Apr-25	20:26:15	1.000000E-5	-4.863950E+0	-8.000000E-5	8.300000E-6	1.980000E-5	2.720000E-3	2.000000E-5	0.000000E+0	0.000000E+0	1.964247E-4	2.976042E-9	0.000000E+0	0.000000E+0	1.999959E+1	0.000000E+0	4.000000E+0
24-Apr-25	20:26:16	1.000000E-5	-4.868145E+0	-8.000000E-5	8.400000E-6	1.980000E-5	2.720000E-3	2.000000E-5	0.000000E+0	0.000000E+0	1.964247E-4	2.976042E-9	0.000000E+0	0.000000E+0	1.999959E+1	0.000000E+0	4.000000E+0
24-Apr-25	20:26:16	1.000000E-5	-4.871170E+0	-8.000000E-5	8.400000E-6	1.990000E-5	2.720000E-3	2.000000E-5	0.000000E+0	0.000000E+0	1.964247E-4	2.976042E-9	0.000000E+0	0.000000E+0	1.999959E+1	0.000000E+0	4.000000E+0
24-Apr-25	20:26:17	1.000000E-5	-4.873445E+0	-8.000000E-5	8.350000E-6	1.990000E-5	2.720000E-3	2.000000E-5	0.000000E+0	0.000000E+0	1.964247E-4	2.976042E-9	0.000000E+0	0.000000E+0	1.999959E+1	0.000000E+0	4.000000E+0
24-Apr-25	20:26:17	1.000000E-5	-4.876210E+0	-8.000000E-5	8.350000E-6	1.990000E-5	2.720000E-3	2.000000E-5	0.000000E+0	0.000000E+0	1.964247E-4	2.976042E-9	0.000000E+0	0.000000E+0	1.999959E+1	0.000000E+0	4.000000E+0
24-Apr-25	20:26:18	1.000000E-5	-4.878550E+0	-8.000000E-5	8.350000E-6	1.990000E-5	2.720000E-3	2.000000E-5	0.000000E+0	0.000000E+0	1.964247E-4	2.976042E-9	0.000000E+0	0.000000E+0	1.999959E+1	0.000000E+0	4.000000E+0
24-Apr-25	20:26:18	1.000000E-5	-4.881065E+0	-8.000000E-5	8.350000E-6	1.985000E-5	2.720000E-3	2.000000E-5	0.000000E+0	0.000000E+0	1.964247E-4	2.976042E-9	0.000000E+0	0.000000E+0	1.999959E+1	0.000000E+0	4.000000E+0
24-Apr-25	20:26:19	1.000000E-5	-4.883310E+0	-8.000000E-5	8.350000E-6	1.995000E-5	2.720000E-3	2.000000E-5	0.000000E+0	0.000000E+0	1.964247E-4	2.976042E-9	0.000000E+0	0.000000E+0	1.999959E+1	0.000000E+0	4.000000E+0
24-Apr-25	20:26:19	1.000000E-5	-4.885550E+0	-8.000000E-5	8.300000E-6	1.985000E-5	2.720000E-3	2.000000E-5	0.000000E+0	0.000000E+0	1.964247E-4	2.976042E-9	0.000000E+0	0.000000E+0	1.999959E+1	0.000000E+0	4.000000E+0
24-Apr-25	20:26:20	1.000000E-5	-4.888010E+0	-8.000000E-5	8.350000E-6	1.985000E-5	2.720000E-3	2.000000E-5	0.000000E+0	0.000000E+0	1.964247E-4	2.976042E-9	0.000000E+0	0.000000E+0	1.999959E+1	0.000000E+0	4.000000E+0
24-Apr-25	20:26:20	1.000000E-5	-4.890235E+0	-8.000000E-5	8.400000E-6	1.990000E-5	2.720000E-3	2.000000E-5	0.000000E+0	0.000000E+0	1.964247E-4	2.976042E-9	0.000000E+0	0.000000E+0	1.999959E+1	0.000000E+0	4.000000E+0
24-Apr-25	20:26:21	1.000000E-5	-4.892955E+0	-8.000000E-5	8.350000E-6	1.990000E-5	2.720000E-3	2.000000E-5	0.000000E+0	0.000000E+0	1.964247E-4	2.976042E-9	0.000000E+0	0.000000E+0	1.999959E+1	0.000000E+0	4.000000E+0
24-Apr-25	20:26:21	1.000000E-5	-4.895175E+0	-8.000000E-5	8.300000E-6	1.990000E-5	2.720000E-3	2.000000E-5	0.000000E+0	0.000000E+0	1.964247E-4	2.976042E-9	0.000000E+0	0.000000E+0	1.999959E+1	0.000000E+0	4.000000E+0
24-Apr-25	20:26:22	1.000000E-5	-4.898110E+0	-8.000000E-5	8.350000E-6	1.990000E-5	2.720000E-3	2.000000E-5	0.000000E+0	0.000000E+0	1.964247E-4	2.976042E-9	0.000000E+0	0.000000E+0	1.999959E+1	0.000000E+0	4.000000E+0
24-Apr-25	20:26:22	1.000000E-5	-4.900800E+0	-8.000000E-5	8.300000E-6	1.990000E-5	2.720000E-3	2.000000E-5	0.000000E+0	0.000000E+0	1.964247E-4	2.976042E-9	0.000000E+0	0.000000E+0	1.999959E+1	0.000000E+0	4.000000E+0
24-Apr-25	20:26:23	1.000000E-5	-4.903015E+0	-8.000000E-5	8.300000E-6	1.985000E-5	2.720000E-3	2.000000E-5	0.000000E+0	0.000000E+0	1.964247E-4	2.976042E-9	0.000000E+0	0.000000E+0	1.999959E+1	0.000000E+0	4.000000E+0
24-Apr-25	20:26:23	1.000000E-5	-4.903885E+0	-8.000000E-5	8.300000E-6	1.990000E-5	2.720000E-3	2.000000E-5	0.000000E+0	0.000000E+0	1.964247E-4	2.976042E-9	0.000000E+0	0.000000E+0	1.999959E+1	0.000000E+0	4.000000E+0
24-Apr-25	20:26:24	1.000000E-5	-4.907895E+0	-8.000000E-5	8.300000E-6	1.990000E-5	2.720000E-3	2.000000E-5	0.000000E+0	0.000000E+0	1.964247E-4	2.976042E-9	0.000000E+0	0.000000E+0	1.999959E+1	0.000000E+0	4.000000E+0
24-Apr-25	20:26:24	1.000000E-5	-4.910065E+0	-8.000000E-5	8.250000E-6	1.995000E-5	2.720000E-3	2.000000E-5	0.000000E+0	0.000000E+0	1.964247E-4	2.976042E-9	0.000000E+0	0.000000E+0	1.999959E+1	0.000000E+0	4.000000E+0
24-Apr-25	20:26:25	1.000000E-5	-4.912225E+0	-8.000000E-5	8.250000E-6	1.990000E-5	2.720000E-3	2.000000E-5	0.000000E+0	0.000000E+0	1.964247E-4	2.976042E-9	0.000000E+0	0.000000E+0	1.999959E+1	0.000000E+0	4.000000E+0
24-Apr-25	20:26:25	1.000000E-5	-4.914375E+0	-8.000000E-5	8.250000E-6	1.980000E-5	2.720000E-3	2.000000E-5	0.000000E+0	0.000000E+0	1.964247E-4	2.976042E-9	0.000000E+0	0.000000E+0	1.999959E+1	0.000000E+0	4.000000E+0
24-Apr-25	20:26:26	1.000000E-5	-4.916760E+0	-8.000000E-5	8.350000E-6	1.990000E-5	2.720000E-3	2.000000E-5	0.000000E+0	0.000000E+0	1.964247E-4	2.976042E-9	0.000000E+0	0.000000E+0	1.999959E+1	0.000000E+0	4.000000E+0
24-Apr-25	20:26:26	1.000000E-5	-4.919145E+0	-8.000000E-5	8.250000E-6	1.990000E-5	2.720000E-3	2.000000E-5	0.000000E+0	0.000000E+0	1.964247E-4	2.976042E-9	0.000000E+0	0.000000E+0	1.999959E+1	0.000000E+0	4.000000E+0
24-Apr-25	20:26:27	1.000000E-5	-4.921530E+0	-8.000000E-5	8.250000E-6	1.990000E-5	2.720000E-3	2.000000E-5	0.000000E+0	0.000000E+0	1.964247E-4	2.976042E-9	0.000000E+0	0.000000E+0	1.999959E+1	0.000000E+0	4.000000E+0
24-Apr-25	20:26:27	1.000000E-5	-4.923890E+0	-8.000000E-5	8.350000E-6	1.990000E-5	2.720000E-3	2.000000E-5	0.000000E+0	0.000000E+0	1.964247E-4	2.976042E-9	0.000000E+0	0.000000E+0	1.999959E+1	0.000000E+0	4.000000E+0
24-Apr-25	20:26:28	1.000000E-5	-4.926325E+0	-8.000000E-5	8.300000E-6	1.995000E-5	2.720000E-3	2.000000E-5	0.000000E+0	0.000000E+0	1.964247E-4	2.976042E-9	0.000000E+0	0.000000E+0	1.999959E+1	0.000000E+0	4.000000E+0
24-Apr-25	20:26:28	1.000000E-5	-4.926625E+0	-8.000000E-5	8.200000E-6	1.995000E-5	2.720000E-3	2.000000E-5	0.000000E+0	0.000000E+0	1.964247E-4	2.976042E-9	0.000000E+0	0.000000E+0	1.999959E+1	0.000000E+0	4.000000E+0
24-Apr-25	20:26:28	1.000000E-5	-4.930565E+0	-8.000000E-5	8.150000E-6	1.990000E-5	2.720000E-3	2.000000E-5	0.000000E+0	0.000000E+0	1.964247E-4	2.976042E-9	0.000000E+0	0.000000E+0	1.999959E+1	0.000000E+0	4.000000E+0
24-Apr-25	20:26:29	1.000000E-5	-4.932690E+0	-8.000000E-5	8.250000E-6	1.990000E-5	2.720000E-3	2.000000E-5	0.000000E+0	0.000000E+0	1.964247E-4	2.976042E-9	0.000000E+0	0.000000E+0	1.999959E+1	0.000000E+0	4.000000E+0
24-Apr-25	20:26:29	1.000000E-5	-4.935250E+0	-8.000000E-5	8.300000E-6	1.995000E-5	2.720000E-3	2.000000E-5	0.000000E+0	0.000000E+0	1.964247E-4	2.976042E-9	0.000000E+0	0.000000E+0	1.999959E+1	0.000000E+0	4.000000E+0
24-Apr-25	20:26:30	1.000000E-5	-4.937350E+0	-8.000000E-5	8.250000E-6	1.995000E-5	2.720000E-3	2.000000E-5	0.000000E+0	0.000000E+0	1.964247E-4	2.976042E-9	0.000000E+0	0.000000E+0	1.999959E+1	0.000000E+0	4.000000E+0
24-Apr-25	20:26:30	1.000000E-5	-4.939425E+0	-8.000000E-5	8.250000E-6	1.995000E-5	2.720000E-3	2.000000E-5	0.000000E+0	0.000000E+0	1.964247E-4	2.976042E-9	0.000000E+0	0.000000E+0	1.999959E+1	0.000000E+0	4.000000E+0
24-Apr-25	20:26:31	1.000000E-5	-4.942010E+0	-8.000000E-5	8.200000E-6	1.990000E-5	2.720000E-3	2.000000E-5	0.000000E+0	0.000000E+0	1.964247E-4	2.976042E-9	0.000000E+0	0.000000E+0	1.999959E+1	0.000000E+0	4.000000E+0
24-Apr-25	20:26:31	1.000000E-5	-4.944120E+0	-8.000000E-5	8.250000E-6	1.985000E-5	2.720000E-3	2.000000E-5	0.000000E+0	0.000000E+0	1.964247E-4	2.976042E-9	0.000000E+0	0.000000E+0	1.999959E+1	0.000000E+0	4.000000E+0
24-Apr-25	20:26:32	1.000000E-5	-4.946415E+0	-8.000000E-5	8.250000E-6	1.995000E-5	2.720000E-3	2.000000E-5	0.000000E+0	0.000000E+0	1.964247E-4	2.976042E-9	0.000000E+0	0.000000E+0	1.999959E+1	0.000000E+0	4.000000E+0
24-Apr-25	20:26:32	1.000000E-5	-4.948470E+0	-8.000000E-5	8.250000E-6	1.995000E-5	2.720000E-3	2.000000E-5	0.000000E+0	0.000000E+0	1.964247E-4	2.976042E-9	0.000000E+0	0.000000E+0	1.999959E+1	0.000000E+0	4.000000E+0
24-Apr-25	20:26:33	1.000000E-5	-4.950535E+0	-8.000000E-5	8.200000E-6	1.995000E-5	2.720000E-3	2.000000E-5	0.000000E+0	0.000000E+0	1.964247E-4	2.976042E-9	0.000000E+0	0.000000E+0	1.999959E+1	0.000000E+0	4.000000E+0
24-Apr-25	20:26:33	1.000000E-5	-4.952885E+0	-8.000000E-5	8.200000E-6	1.990000E-5	2.720000E-3	2.000000E-5	0.000000E+0	0.000000E+0	1.964247E-4	2.976042E-9	0.000000E+0	0.000000E+0	1.999959E+1	0.000000E+0	4.000000E+0
24-Apr-25	20:26:34	1.000000E-5	-4.955155E+0	-8.000000E-5	8.200000E-6	1.985000E-5	2.720000E-3	2.000000E-5	0.000000E+0	0.000000E+0	1.964247E-4	2.976042E-9	0.000000E+0	0.000000E+0	1.999959E+1	0.000000E+0	4.000000E+0
24-Apr-25	20:26:34	1.000000E-5	-4.957635E+0	-8.000000E-5	8.250000E-6	1.990000E-5	2.720000E-3	2.000000E-5	0.000000E+0	0.000000E+0	1.964247E-4	2.976042E-9	0.000000E+0	0.000000E+0	1.999959E+1	0.000000E+0	4.000000E+0
24-Apr-25	20:26:35	1.000000E-5	-4.957970E+0	-8.000000E-5	8.150000E-6	1.995000E-5	2.720000E-3	2.000000E-5	0.000000E+0	0.000000E+0	1.964247E-4	2.976042E-9	0.000000E+0	0.000000E+0	1.999959E+1	0.000000E+0	4.000000E+0
24-Apr-25	20:26:35	1.000000E-5	-4.962000E+0	-8.000000E-5	8.200000E-6	1.990000E-5	2.720000E-3	2.000000E-5	0.000000E+0	0.000000E+0	1.964247E-4	2.976042E-9	0.000000E+0	0.000000E+0	1.999959E+1	0.000000E+0	4.000000E+0
24-Apr-25	20:26:36	1.000000E-5	-4.963790E+0	-8.000000E-5	8.250000E-6	1.990000E-5	2.720000E-3	2.000000E-5	0.000000E+0	0.000000E+0	1.964247E-4	2.976042E-9	0.000000E+0	0.000000E+0	1.999959E+1	0.000000E+0	4.000000E+0
24-Apr-25	20:26:36	1.000000E-5	-4.966025E+0	-8.000000E-5	8.250000E-6	1.995000E-5	2.720000E-3	2.000000E-5	0.000000E+0	0.000000E+0	1.964247E-4	2.976042E-9	0.000000E+0	0.000000E+0	1.999959E+1	0.000000E+0	4.000000E+0
24-Apr-25	20:26:37	1.000000E-5	-4.968035E+0	-8.000000E-5	8.200000E-6	1.995000E-5	2.720000E-3	2.000000E-5	0.000000E+0	0.000000E+0	1.964247E-4	2.976042E-9	0.000000E+0	0.000000E+0	1.999959E+1	0.000000E+0	4.000000E+0
24-Apr-25	20:26:37	1.000000E-5	-4.970045E+0	-8.000000E-5	8.250000E-6	1.985000E-5	2.720000E-3	2.000000E-5	0.000000E+0	0.000000E+0	1.964247E-4	2.976042E-9	0.000000E+0	0.000000E+0	1.999959E+1	0.000000E+0	4.000000E+0
24-Apr-25	20:26:38	1.000000E-5	-4.972265E+0	-8.000000E-5	8.200000E-6	1.985000E-5	2.720000E-3	2.000000E-5	0.000000E+0	0.000000E+0	1.964247E-4	2.976042E-9	0.000000E+0	0.000000E+0	1.999959E+1	0.000000E+0	4.000000E+0
24-Apr-25	20:26:38	1.000000E-5	-4.972585E+0	-8.000000E-5	8.200000E-6	1.990000E-5	2.720000E-3	2.000000E-5	0.000000E+0	0.000000E+0	1.964247E-4	2.976042E-9	0.000000E+0	0.000000E+0	1.999959E+1	0.000000E+0	4.000000E+0
24-Apr-25	20:26:39	1.000000E-5	-4.976225E+0	-8.000000E-5	8.200000E-6	1.990000E-5	2.720000E-3	2.000000E-5	0.000000E+0	0.000000E+0	1.964247E-4	2.976042E-9	0.000000E+0	0.000000E+0	1.999959E+1	0.000000E+0	4.000000E+0
24-Apr-25	20:26:39	1.000000E-5	-4.978215E+0	-8.000000E-5	8.200000E-6	1.990000E-5	2.720000E-3	2.000000E-5	0.000000E+0	0.000000E+0	1.964247E-4	2.976042E-9	0.000000E+0	0.000000E+0	1.999959E+1	0.000000E+0	4.000000E+0
24-Apr-25	20:26:39	1.000000E-5	-4.980275E+0	-8.000000E-5	8.250000E-6	1.995000E-5	2.720000E-3	2.000000E-5	0.000000E+0	0.000000E+0	1.964247E-4	2.976042E-9	0.000000E+0	0.000000E+0	1.999959E+1	0.000000E+0	4.000000E+0
24-Apr-25	20:26:40	1.000000E-5	-4.982210E+0	-8.000000E-5	8.200000E-6	2.000000E-5	2.720000E-3	2.000000E-5	0.000000E+0	0.000000E+0	1.964247E-4	2.976042E-9	0.000000E+0	0.000000E+0	1.999959E+1	0.000000E+0	4.000000E+0
24-Apr-25	20:26:40	1.000000E-5	-4.984175E+0	-8.000000E-5	8.150000E-6	2.000000E-5	2.720000E-3	2.000000E-5	0.000000E+0	0.000000E+0	1.964247E-4	2.976042E-9	0.000000E+0	0.000000E+0	1.999959E+1	0.000000E+0	4.000000E+0
24-Apr-25	20:26:41	1.000000E-5	-4.986350E+0	-8.000000E-5	8.200000E-6	1.995000E-5	2.720000E-3	2.000000E-5	0.000000E+0	0.000000E+0	1.964247E-4	2.976042E-9	0.000000E+0	0.000000E+0	1.999959E+1	0.000000E+0	4.000000E+0
24-Apr-25	20:26:41	1.000000E-5	-4.986670E+0	-8.000000E-5	8.150000E-6	1.995000E-5	2.720000E-3	2.000000E-5	0.000000E+0	0.000000E+0	1.964247E-4	2.976042E-9	0.000000E+0	0.000000E+0	1.999959E+1	0.000000E+0	4.000000E+0
24-Apr-25	20:26:42	1.000000E-5	-4.990235E+0	-8.000000E-5	8.150000E-6	1.995000E-5	2.720000E-3	2.000000E-5	0.000000E+0	0.000000E+0	1.964247E-4	2.976042E-9	0.000000E+0	0.000000E+0	1.999959E+1	0.000000E+0	4.000000E+0
24-Apr-25	20:26:42	1.000000E-5	-4.992410E+0	-8.000000E-5	8.200000E-6	1.990000E-5	2.720000E-3	2.000000E-5	0.000000E+0	0.000000E+0	1.964247E-4	2.976042E-9	0.000000E+0	0.000000E+0	1.999959E+1	0.000000E+0	4.000000E+0
24-Apr-25	20:26:43	1.000000E-5	-4.994780E+0	-8.000000E-5	8.250000E-6	1.995000E-5	2.720000E-3	2.000000E-5	0.000000E+0	0.000000E+0	1.964247E-4	2.976042E-9	0.000000E+0	0.000000E+0	1.999959E+1	0.000000E+0	4.000000E+0
24-Apr-25	20:26:43	1.000000E-5	-4.997340E+0	-8.000000E-5	8.150000E-6	1.995000E-5	2.720000E-3	2.000000E-5	0.000000E+0	0.000000E+0	1.964247E-4	2.976042E-9	0.000000E+0	0.000000E+0	1.999959E+1	0.000000E+0	4.000000E+0
24-Apr-25	20:26:44	1.000000E-5	-4.999755E+0	-8.000000E-5	8.100000E-6	1.990000E-5	2.720000E-3	2.000000E-5	0.000000E+0	0.000000E+0	1.964247E-4	2.976042E-9	0.000000E+0	0.000000E+0	1.999959E+1	0.000000E+0	4.000000E+0
24-Apr-25	20:26:44	1.000000E-5	-5.001655E+0	-8.000000E-5	8.100000E-6	1.990000E-5	2.720000E-3	2.000000E-5	0.000000E+0	0.000000E+0	1.964247E-4	2.976042E-9	0.000000E+0	0.000000E+0	1.999959E+1	0.000000E+0	4.000000E+0
24-Apr-25	20:26:45	1.000000E-5	-5.003540E+0	-8.000000E-5	8.150000E-6	1.995000E-5	2.720000E-3	2.000000E-5	0.000000E+0	0.000000E+0	1.964247E-4	2.976042E-9	0.000000E+0	0.000000E+0	1.999959E+1	0.000000E+0	4.000000E+0
24-Apr-25	20:26:45	1.000000E-5	-5.005605E+0	-8.000000E-5	8.200000E-6	1.995000E-5	2.720000E-3	2.000000E-5	0.000000E+0	0.000000E+0	1.964247E-4	2.976042E-9	0.000000E+0	0.000000E+0	1.999959E+1	0.000000E+0	4.000000E+0
24-Apr-25	20:26:46	1.000000E-5	-5.007540E+0	-8.000000E-5	8.150000E-6	1.995000E-5	2.720000E-3	2.000000E-5	0.000000E+0	0.000000E+0	1.964247E-4	2.976042E-9	0.000000E+0	0.000000E+0	1.999959E+1	0.000000E+0	4.000000E+0
24-Apr-25	20:26:46	1.000000E-5	-5.009885E+0	-8.000000E-5	8.150000E-6	1.985000E-5	2.720000E-3	2.000000E-5	0.000000E+0	0.000000E+0	1.964247E-4	2.976042E-9	0.000000E+0	0.000000E+0	1.999959E+1	0.000000E+0	4.000000E+0
24-Apr-25	20:26:47	1.000000E-5	-5.011730E+0	-8.000000E-5	8.200000E-6	1.990000E-5	2.720000E-3	2.000000E-5	0.000000E+0	0.000000E+0	1.964247E-4	2.976042E-9	0.000000E+0	0.000000E+0	1.999959E+1	0.000000E+0	4.000000E+0
24-Apr-25	20:26:47	1.000000E-5	-5.013640E+0	-8.000000E-5	8.200000E-6	1.995000E-5	2.720000E-3	2.000000E-5	0.000000E+0	0.000000E+0	1.964247E-4	2.976042E-9	0.000000E+0	0.000000E+0	1.999959E+1	0.000000E+0	4.000000E+0
24-Apr-25	20:26:48	1.000000E-5	-5.015720E+0	-8.000000E-5	8.150000E-6	1.995000E-5	2.720000E-3	2.000000E-5	0.000000E+0	0.000000E+0	1.964247E-4	2.976042E-9	0.000000E+0	0.000000E+0	1.999959E+1	0.000000E+0	4.000000E+0
24-Apr-25	20:26:48	1.000000E-5	-5.017390E+0	-8.000000E-5	8.150000E-6	1.990000E-5	2.720000E-3	2.000000E-5	0.000000E+0	0.000000E+0	1.964247E-4	2.976042E-9	0.000000E+0	0.000000E+0	1.999959E+1	0.000000E+0	4.000000E+0
24-Apr-25	20:26:49	1.000000E-5	-5.019465E+0	-8.000000E-5	8.150000E-6	1.990000E-5	2.720000E-3	2.000000E-5	0.000000E+0	0.000000E+0	1.964247E-4	2.976042E-9	0.000000E+0	0.000000E+0	1.999959E+1	0.000000E+0	4.000000E+0
24-Apr-25	20:26:49	1.000000E-5	-5.021805E+0	-8.000000E-5	8.150000E-6	1.990000E-5	2.720000E-3	2.000000E-5	0.000000E+0	0.000000E+0	1.964247E-4	2.976042E-9	0.000000E+0	0.000000E+0	1.999959E+1	0.000000E+0	4.000000E+0
24-Apr-25	20:26:50	1.000000E-5	-5.023665E+0	-8.000000E-5	8.150000E-6	2.000000E-5	2.720000E-3	2.000000E-5	0.000000E+0	0.000000E+0	1.964247E-4	2.976042E-9	0.000000E+0	0.000000E+0	1.999959E+1	0.000000E+0	4.000000E+0
24-Apr-25	20:26:50	1.000000E-5	-5.025725E+0	-8.000000E-5	8.100000E-6	2.000000E-5	2.720000E-3	2.000000E-5	0.000000E+0	0.000000E+0	1.964247E-4	2.976042E-9	0.000000E+0	0.000000E+0	1.999959E+1	0.000000E+0	4.000000E+0
24-Apr-25	20:26:51	1.000000E-5	-5.027555E+0	-8.000000E-5	8.050000E-6	1.995000E-5	2.720000E-3	2.000000E-5	0.000000E+0	0.000000E+0	1.964247E-4	2.976042E-9	0.000000E+0	0.000000E+0	1.999959E+1	0.000000E+0	4.000000E+0
24-Apr-25	20:26:51	1.000000E-5	-5.029980E+0	-8.000000E-5	8.100000E-6	1.990000E-5	2.720000E-3	2.000000E-5	0.000000E+0	0.000000E+0	1.964247E-4	2.976042E-9	0.000000E+0	0.000000E+0	1.999959E+1	0.000000E+0	4.000000E+0
24-Apr-25	20:26:52	1.000000E-5	-5.032410E+0	-8.000000E-5	8.150000E-6	1.995000E-5	2.720000E-3	2.000000E-5	0.000000E+0	0.000000E+0	1.964247E-4	2.976042E-9	0.000000E+0	0.000000E+0	1.999959E+1	0.000000E+0	4.000000E+0
24-Apr-25	20:26:52	1.000000E-5	-5.034220E+0	-8.000000E-5	8.150000E-6	1.995000E-5	2.720000E-3	2.000000E-5	0.000000E+0	0.000000E+0	1.964247E-4	2.976042E-9	0.000000E+0	0.000000E+0	1.999959E+1	0.000000E+0	4.000000E+0
24-Apr-25	20:26:53	1.000000E-5	-5.036030E+0	-8.000000E-5	8.050000E-6	2.000000E-5	2.720000E-3	2.000000E-5	0.000000E+0	0.000000E+0	1.964247E-4	2.976042E-9	0.000000E+0	0.000000E+0	1.999959E+1	0.000000E+0	4.000000E+0
24-Apr-25	20:26:53	1.000000E-5	-5.037855E+0	-8.000000E-5	8.050000E-6	1.995000E-5	2.720000E-3	2.000000E-5	0.000000E+0	0.000000E+0	1.964247E-4	2.976042E-9	0.000000E+0	0.000000E+0	1.999959E+1	0.000000E+0	4.000000E+0
24-Apr-25	20:26:54	1.000000E-5	-5.039855E+0	-8.000000E-5	8.100000E-6	1.985000E-5	2.720000E-3	2.000000E-5	0.000000E+0	0.000000E+0	1.964247E-4	2.976042E-9	0.000000E+0	0.000000E+0	1.999959E+1	0.000000E+0	4.000000E+0
24-Apr-25	20:26:54	1.000000E-5	-5.040175E+0	-8.000000E-5	8.150000E-6	1.990000E-5	2.720000E-3	2.000000E-5	0.000000E+0	0.000000E+0	1.964247E-4	2.976042E-9	0.000000E+0	0.000000E+0	1.999959E+1	0.000000E+0	4.000000E+0
24-Apr-25	20:26:55	1.000000E-5	-5.043705E+0	-8.000000E-5	8.150000E-6	1.995000E-5	2.720000E-3	2.000000E-5	0.000000E+0	0.000000E+0	1.964247E-4	2.976042E-9	0.000000E+0	0.000000E+0	1.999959E+1	0.000000E+0	4.000000E+0
24-Apr-25	20:26:55	1.000000E-5	-5.045700E+0	-8.000000E-5	8.100000E-6	1.995000E-5	2.720000E-3	2.000000E-5	0.000000E+0	0.000000E+0	1.964247E-4	2.976042E-9	0.000000E+0	0.000000E+0	1.999959E+1	0.000000E+0	4.000000E+0
24-Apr-25	20:26:56	1.000000E-5	-5.047490E+0	-8.000000E-5	8.050000E-6	1.995000E-5	2.720000E-3	2.000000E-5	0.000000E+0	0.000000E+0	1.964247E-4	2.976042E-9	0.000000E+0	0.000000E+0	1.999959E+1	0.000000E+0	4.000000E+0
24-Apr-25	20:26:56	1.000000E-5	-5.049470E+0	-8.000000E-5	8.050000E-6	1.990000E-5	2.720000E-3	2.000000E-5	0.000000E+0	0.000000E+0	1.964247E-4	2.976042E-9	0.000000E+0	0.000000E+0	1.999959E+1	0.000000E+0	4.000000E+0
24-Apr-25	20:26:57	1.000000E-5	-5.051240E+0	-8.000000E-5	8.100000E-6	1.995000E-5	2.720000E-3	2.000000E-5	0.000000E+0	0.000000E+0	1.964247E-4	2.976042E-9	0.000000E+0	0.000000E+0	1.999959E+1	0.000000E+0	4.000000E+0
24-Apr-25	20:26:57	1.000000E-5	-5.053390E+0	-8.000000E-5	8.100000E-6	1.995000E-5	2.720000E-3	2.000000E-5	0.000000E+0	0.000000E+0	1.964247E-4	2.976042E-9	0.000000E+0	0.000000E+0	1.999959E+1	0.000000E+0	4.000000E+0
24-Apr-25	20:26:58	1.000000E-5	-5.055170E+0	-8.000000E-5	8.050000E-6	1.995000E-5	2.720000E-3	2.000000E-5	0.000000E+0	0.000000E+0	1.964247E-4	2.976042E-9	0.000000E+0	0.000000E+0	1.999959E+1	0.000000E+0	4.000000E+0
24-Apr-25	20:26:58	1.000000E-5	-5.057350E+0	-8.000000E-5	8.050000E-6	1.995000E-5	2.720000E-3	2.000000E-5	0.000000E+0	0.000000E+0	1.964247E-4	2.976042E-9	0.000000E+0	0.000000E+0	1.999959E+1	0.000000E+0	4.000000E+0
24-Apr-25	20:26:59	1.000000E-5	-5.057635E+0	-8.000000E-5	8.100000E-6	1.995000E-5	2.720000E-3	2.000000E-5	0.000000E+0	0.000000E+0	1.964247E-4	2.976042E-9	0.000000E+0	0.000000E+0	1.999959E+1	0.000000E+0	4.000000E+0
24-Apr-25	20:26:59	1.000000E-5	-5.060850E+0	-8.000000E-5	8.050000E-6	1.990000E-5	2.720000E-3	2.000000E-5	0.000000E+0	0.000000E+0	1.964247E-4	2.976042E-9	0.000000E+0	0.000000E+0	1.999959E+1	0.000000E+0	4.000000E+0
24-Apr-25	20:27:00	1.000000E-5	-5.062770E+0	-8.000000E-5	8.050000E-6	1.995000E-5	2.720000E-3	2.000000E-5	0.000000E+0	0.000000E+0	1.964247E-4	2.976042E-9	0.000000E+0	0.000000E+0	1.999959E+1	0.000000E+0	4.000000E+0
24-Apr-25	20:27:00	1.000000E-5	-5.064500E+0	-8.000000E-5	8.050000E-6	1.995000E-5	2.720000E-3	2.000000E-5	0.000000E+0	0.000000E+0	1.964247E-4	2.976042E-9	0.000000E+0	0.000000E+0	1.999959E+1	0.000000E+0	4.000000E+0
24-Apr-25	20:27:00	1.000000E-5	-5.066220E+0	-8.000000E-5	8.000000E-6	1.995000E-5	2.720000E-3	2.000000E-5	0.000000E+0	0.000000E+0	1.964247E-4	2.976042E-9	0.000000E+0	0.000000E+0	1.999959E+1	0.000000E+0	4.000000E+0
24-Apr-25	20:27:01	1.000000E-5	-5.068145E+0	-8.000000E-5	8.050000E-6	1.990000E-5	2.720000E-3	2.000000E-5	0.000000E+0	0.000000E+0	1.964247E-4	2.976042E-9	0.000000E+0	0.000000E+0	1.999959E+1	0.000000E+0	4.000000E+0
24-Apr-25	20:27:01	1.000000E-5	-5.069875E+0	-8.000000E-5	8.100000E-6	1.990000E-5	2.720000E-3	2.000000E-5	0.000000E+0	0.000000E+0	1.964247E-4	2.976042E-9	0.000000E+0	0.000000E+0	1.999959E+1	0.000000E+0	4.000000E+0
24-Apr-25	20:27:02	1.000000E-5	-5.070165E+0	-8.000000E-5	8.100000E-6	1.995000E-5	2.720000E-3	2.000000E-5	0.000000E+0	0.000000E+0	1.964247E-4	2.976042E-9	0.000000E+0	0.000000E+0	1.999959E+1	0.000000E+0	4.000000E+0
24-Apr-25	20:27:02	1.000000E-5	-5.073295E+0	-8.000000E-5	8.000000E-6	2.000000E-5	2.720000E-3	2.000000E-5	0.000000E+0	0.000000E+0	1.964247E-4	2.976042E-9	0.000000E+0	0.000000E+0	1.999959E+1	0.000000E+0	4.000000E+0
24-Apr-25	20:27:03	1.000000E-5	-5.075075E+0	-8.000000E-5	8.000000E-6	1.990000E-5	2.720000E-3	2.000000E-5	0.000000E+0	0.000000E+0	1.964247E-4	2.976042E-9	0.000000E+0	0.000000E+0	1.999959E+1	0.000000E+0	4.000000E+0
24-Apr-25	20:27:03	1.000000E-5	-5.076695E+0	-8.000000E-5	8.000000E-6	1.985000E-5	2.720000E-3	2.000000E-5	0.000000E+0	0.000000E+0	1.964247E-4	2.976042E-9	0.000000E+0	0.000000E+0	1.999959E+1	0.000000E+0	4.000000E+0
24-Apr-25	20:27:04	1.000000E-5	-5.078610E+0	-8.000000E-5	8.050000E-6	1.995000E-5	2.720000E-3	2.000000E-5	0.000000E+0	0.000000E+0	1.964247E-4	2.976042E-9	0.000000E+0	0.000000E+0	1.999959E+1	0.000000E+0	4.000000E+0
24-Apr-25	20:27:04	1.000000E-5	-5.080465E+0	-8.000000E-5	8.050000E-6	2.000000E-5	2.720000E-3	2.000000E-5	0.000000E+0	0.000000E+0	1.964247E-4	2.976042E-9	0.000000E+0	0.000000E+0	1.999959E+1	0.000000E+0	4.000000E+0
24-Apr-25	20:27:05	1.000000E-5	-5.082560E+0	-8.000000E-5	8.000000E-6	1.990000E-5	2.720000E-3	2.000000E-5	0.000000E+0	0.000000E+0	1.964247E-4	2.976042E-9	0.000000E+0	0.000000E+0	1.999959E+1	0.000000E+0	4.000000E+0
24-Apr-25	20:27:05	1.000000E-5	-5.084615E+0	-8.000000E-5	8.000000E-6	1.990000E-5	2.720000E-3	2.000000E-5	0.000000E+0	0.000000E+0	1.964247E-4	2.976042E-9	0.000000E+0	0.000000E+0	1.999959E+1	0.000000E+0	4.000000E+0
24-Apr-25	20:27:06	1.000000E-5	-5.086290E+0	-8.000000E-5	8.000000E-6	2.000000E-5	2.720000E-3	2.000000E-5	0.000000E+0	0.000000E+0	1.964247E-4	2.976042E-9	0.000000E+0	0.000000E+0	1.999959E+1	0.000000E+0	4.000000E+0
24-Apr-25	20:27:06	1.000000E-5	-5.088330E+0	-8.000000E-5	7.950000E-6	2.000000E-5	2.720000E-3	2.000000E-5	0.000000E+0	0.000000E+0	1.964247E-4	2.976042E-9	0.000000E+0	0.000000E+0	1.999959E+1	0.000000E+0	4.000000E+0
24-Apr-25	20:27:07	1.000000E-5	-5.089995E+0	-8.000000E-5	7.950000E-6	1.995000E-5	2.720000E-3	2.000000E-5	0.000000E+0	0.000000E+0	1.964247E-4	2.976042E-9	0.000000E+0	0.000000E+0	1.999959E+1	0.000000E+0	4.000000E+0
24-Apr-25	20:27:07	1.000000E-5	-5.091820E+0	-8.000000E-5	8.000000E-6	1.990000E-5	2.720000E-3	2.000000E-5	0.000000E+0	0.000000E+0	1.964247E-4	2.976042E-9	0.000000E+0	0.000000E+0	1.999959E+1	0.000000E+0	4.000000E+0
24-Apr-25	20:27:08	1.000000E-5	-5.093465E+0	-8.000000E-5	8.050000E-6	1.990000E-5	2.720000E-3	2.000000E-5	0.000000E+0	0.000000E+0	1.964247E-4	2.976042E-9	0.000000E+0	0.000000E+0	1.999959E+1	0.000000E+0	4.000000E+0
24-Apr-25	20:27:08	1.000000E-5	-5.095125E+0	-8.000000E-5	8.000000E-6	1.995000E-5	2.720000E-3	2.000000E-5	0.000000E+0	0.000000E+0	1.964247E-4	2.976042E-9	0.000000E+0	0.000000E+0	1.999959E+1	0.000000E+0	4.000000E+0
24-Apr-25	20:27:09	1.000000E-5	-5.097125E+0	-8.000000E-5	8.000000E-6	1.990000E-5	2.720000E-3	2.000000E-5	0.000000E+0	0.000000E+0	1.964247E-4	2.976042E-9	0.000000E+0	0.000000E+0	1.999959E+1	0.000000E+0	4.000000E+0
24-Apr-25	20:27:09	1.000000E-5	-5.098820E+0	-8.000000E-5	8.000000E-6	1.990000E-5	2.720000E-3	2.000000E-5	0.000000E+0	0.000000E+0	1.964247E-4	2.976042E-9	0.000000E+0	0.000000E+0	1.999959E+1	0.000000E+0	4.000000E+0
24-Apr-25	20:27:10	1.000000E-5	-5.100435E+0	-8.000000E-5	8.000000E-6	1.995000E-5	2.720000E-3	2.000000E-5	0.000000E+0	0.000000E+0	1.964247E-4	2.976042E-9	0.000000E+0	0.000000E+0	1.999959E+1	0.000000E+0	4.000000E+0
24-Apr-25	20:27:10	1.000000E-5	-5.102050E+0	-8.000000E-5	8.000000E-6	1.995000E-5	2.720000E-3	2.000000E-5	0.000000E+0	0.000000E+0	1.964247E-4	2.976042E-9	0.000000E+0	0.000000E+0	1.999959E+1	0.000000E+0	4.000000E+0
24-Apr-25	20:27:11	1.000000E-5	-5.103845E+0	-8.000000E-5	7.950000E-6	1.995000E-5	2.720000E-3	2.000000E-5	0.000000E+0	0.000000E+0	1.964247E-4	2.976042E-9	0.000000E+0	0.000000E+0	1.999959E+1	0.000000E+0	4.000000E+0
24-Apr-25	20:27:11	1.000000E-5	-5.105645E+0	-8.000000E-5	7.950000E-6	1.995000E-5	2.720000E-3	2.000000E-5	0.000000E+0	0.000000E+0	1.964247E-4	2.976042E-9	0.000000E+0	0.000000E+0	1.999959E+1	0.000000E+0	4.000000E+0
24-Apr-25	20:27:12	1.000000E-5	-5.107255E+0	-8.000000E-5	7.900000E-6	1.990000E-5	2.720000E-3	2.000000E-5	0.000000E+0	0.000000E+0	1.964247E-4	2.976042E-9	0.000000E+0	0.000000E+0	1.999959E+1	0.000000E+0	4.000000E+0
24-Apr-25	20:27:12	1.000000E-5	-5.109205E+0	-8.000000E-5	7.900000E-6	1.995000E-5	2.720000E-3	2.000000E-5	0.000000E+0	0.000000E+0	1.964247E-4	2.976042E-9	0.000000E+0	0.000000E+0	1.999959E+1	0.000000E+0	4.000000E+0
24-Apr-25	20:27:13	1.000000E-5	-5.110830E+0	-8.000000E-5	7.950000E-6	1.990000E-5	2.720000E-3	2.000000E-5	0.000000E+0	0.000000E+0	1.964247E-4	2.976042E-9	0.000000E+0	0.000000E+0	1.999959E+1	0.000000E+0	4.000000E+0
24-Apr-25	20:27:13	1.000000E-5	-5.112400E+0	-8.000000E-5	8.000000E-6	1.990000E-5	2.720000E-3	2.000000E-5	0.000000E+0	0.000000E+0	1.964247E-4	2.976042E-9	0.000000E+0	0.000000E+0	1.999959E+1	0.000000E+0	4.000000E+0
24-Apr-25	20:27:14	1.000000E-5	-5.114205E+0	-8.000000E-5	8.000000E-6	1.990000E-5	2.720000E-3	2.000000E-5	0.000000E+0	0.000000E+0	1.964247E-4	2.976042E-9	0.000000E+0	0.000000E+0	1.999959E+1	0.000000E+0	4.000000E+0
24-Apr-25	20:27:14	1.000000E-5	-5.115795E+0	-8.000000E-5	8.050000E-6	1.990000E-5	2.720000E-3	2.000000E-5	0.000000E+0	0.000000E+0	1.964247E-4	2.976042E-9	0.000000E+0	0.000000E+0	1.999959E+1	0.000000E+0	4.000000E+0
24-Apr-25	20:27:15	1.000000E-5	-5.117715E+0	-8.000000E-5	8.000000E-6	1.995000E-5	2.720000E-3	2.000000E-5	0.000000E+0	0.000000E+0	1.964247E-4	2.976042E-9	0.000000E+0	0.000000E+0	1.999959E+1	0.000000E+0	4.000000E+0
24-Apr-25	20:27:15	1.000000E-5	-5.119280E+0	-8.000000E-5	8.000000E-6	1.990000E-5	2.720000E-3	2.000000E-5	0.000000E+0	0.000000E+0	1.964247E-4	2.976042E-9	0.000000E+0	0.000000E+0	1.999959E+1	0.000000E+0	4.000000E+0
24-Apr-25	20:27:15	1.000000E-5	-5.120860E+0	-8.000000E-5	7.900000E-6	1.995000E-5	2.720000E-3	2.000000E-5	0.000000E+0	0.000000E+0	1.964247E-4	2.976042E-9	0.000000E+0	0.000000E+0	1.999959E+1	0.000000E+0	4.000000E+0
24-Apr-25	20:27:16	1.000000E-5	-5.122795E+0	-8.000000E-5	7.900000E-6	1.995000E-5	2.720000E-3	2.000000E-5	0.000000E+0	0.000000E+0	1.964247E-4	2.976042E-9	0.000000E+0	0.000000E+0	1.999959E+1	0.000000E+0	4.000000E+0
24-Apr-25	20:27:16	1.000000E-5	-5.124375E+0	-8.000000E-5	7.950000E-6	1.995000E-5	2.720000E-3	2.000000E-5	0.000000E+0	0.000000E+0	1.964247E-4	2.976042E-9	0.000000E+0	0.000000E+0	1.999959E+1	0.000000E+0	4.000000E+0
24-Apr-25	20:27:17	1.000000E-5	-5.125920E+0	-8.000000E-5	7.950000E-6	1.990000E-5	2.720000E-3	2.000000E-5	0.000000E+0	0.000000E+0	1.964247E-4	2.976042E-9	0.000000E+0	0.000000E+0	1.999959E+1	0.000000E+0	4.000000E+0
24-Apr-25	20:27:17	1.000000E-5	-5.127470E+0	-8.000000E-5	7.900000E-6	1.995000E-5	2.720000E-3	2.000000E-5	0.000000E+0	0.000000E+0	1.964247E-4	2.976042E-9	0.000000E+0	0.000000E+0	1.999959E+1	0.000000E+0	4.000000E+0
24-Apr-25	20:27:18	1.000000E-5	-5.129195E+0	-8.000000E-5	7.950000E-6	1.990000E-5	2.720000E-3	2.000000E-5	0.000000E+0	0.000000E+0	1.964247E-4	2.976042E-9	0.000000E+0	0.000000E+0	1.999959E+1	0.000000E+0	4.000000E+0
24-Apr-25	20:27:18	1.000000E-5	-5.130910E+0	-8.000000E-5	7.950000E-6	1.990000E-5	2.720000E-3	2.000000E-5	0.000000E+0	0.000000E+0	1.964247E-4	2.976042E-9	0.000000E+0	0.000000E+0	1.999959E+1	0.000000E+0	4.000000E+0
24-Apr-25	20:27:19	1.000000E-5	-5.132430E+0	-8.000000E-5	7.950000E-6	1.995000E-5	2.720000E-3	2.000000E-5	0.000000E+0	0.000000E+0	1.964247E-4	2.976042E-9	0.000000E+0	0.000000E+0	1.999959E+1	0.000000E+0	4.000000E+0
24-Apr-25	20:27:19	1.000000E-5	-5.134290E+0	-8.000000E-5	7.950000E-6	2.000000E-5	2.720000E-3	2.000000E-5	0.000000E+0	0.000000E+0	1.964247E-4	2.976042E-9	0.000000E+0	0.000000E+0	1.999959E+1	0.000000E+0	4.000000E+0
24-Apr-25	20:27:20	1.000000E-5	-5.135805E+0	-8.000000E-5	7.900000E-6	1.995000E-5	2.720000E-3	2.000000E-5	0.000000E+0	0.000000E+0	1.964247E-4	2.976042E-9	0.000000E+0	0.000000E+0	1.999959E+1	0.000000E+0	4.000000E+0
24-Apr-25	20:27:20	1.000000E-5	-5.137335E+0	-8.000000E-5	7.900000E-6	1.995000E-5	2.720000E-3	2.000000E-5	0.000000E+0	0.000000E+0	1.964247E-4	2.976042E-9	0.000000E+0	0.000000E+0	1.999959E+1	0.000000E+0	4.000000E+0
24-Apr-25	20:27:21	1.000000E-5	-5.139185E+0	-8.000000E-5	7.900000E-6	2.000000E-5	2.720000E-3	2.000000E-5	0.000000E+0	0.000000E+0	1.964247E-4	2.976042E-9	0.000000E+0	0.000000E+0	1.999959E+1	0.000000E+0	4.000000E+0
24-Apr-25	20:27:21	1.000000E-5	-5.140760E+0	-8.000000E-5	7.900000E-6	1.995000E-5	2.720000E-3	2.000000E-5	0.000000E+0	0.000000E+0	1.964247E-4	2.976042E-9	0.000000E+0	0.000000E+0	1.999959E+1	0.000000E+0	4.000000E+0
24-Apr-25	20:27:22	1.000000E-5	-5.142110E+0	-8.000000E-5	7.900000E-6	2.000000E-5	2.720000E-3	2.000000E-5	0.000000E+0	0.000000E+0	1.964247E-4	2.976042E-9	0.000000E+0	0.000000E+0	1.999959E+1	0.000000E+0	4.000000E+0
24-Apr-25	20:27:22	1.000000E-5	-5.141430E+0	-8.000000E-5	7.850000E-6	2.005000E-5	2.720000E-3	2.000000E-5	0.000000E+0	0.000000E+0	1.964247E-4	2.976042E-9	0.000000E+0	0.000000E+0	1.999959E+1	0.000000E+0	4.000000E+0
24-Apr-25	20:27:23	1.000000E-5	-5.133855E+0	-8.000000E-5	7.800000E-6	1.995000E-5	2.720000E-3	2.000000E-5	0.000000E+0	0.000000E+0	1.964247E-4	2.976042E-9	0.000000E+0	0.000000E+0	1.999959E+1	0.000000E+0	4.000000E+0
24-Apr-25	20:27:23	1.000000E-5	-5.124020E+0	-8.000000E-5	7.850000E-6	1.995000E-5	2.720000E-3	2.000000E-5	0.000000E+0	0.000000E+0	1.964247E-4	2.976042E-9	0.000000E+0	0.000000E+0	1.999959E+1	0.000000E+0	4.000000E+0
24-Apr-25	20:27:24	1.000000E-5	-5.115930E+0	-8.000000E-5	7.900000E-6	1.990000E-5	2.720000E-3	2.000000E-5	0.000000E+0	0.000000E+0	1.964247E-4	2.976042E-9	0.000000E+0	0.000000E+0	1.999959E+1	0.000000E+0	4.000000E+0
24-Apr-25	20:27:24	1.000000E-5	-5.107010E+0	-8.000000E-5	7.850000E-6	1.995000E-5	2.720000E-3	2.000000E-5	0.000000E+0	0.000000E+0	1.964247E-4	2.976042E-9	0.000000E+0	0.000000E+0	1.999959E+1	0.000000E+0	4.000000E+0
24-Apr-25	20:27:25	1.000000E-5	-5.097980E+0	-8.000000E-5	7.800000E-6	1.995000E-5	2.720000E-3	2.000000E-5	0.000000E+0	0.000000E+0	1.964247E-4	2.976042E-9	0.000000E+0	0.000000E+0	1.999959E+1	0.000000E+0	4.000000E+0
24-Apr-25	20:27:26	1.000000E-5	-5.085070E+0	-8.000000E-5	7.800000E-6	1.995000E-5	2.720000E-3	2.000000E-5	0.000000E+0	0.000000E+0	1.964247E-4	2.976042E-9	0.000000E+0	0.000000E+0	1.999959E+1	0.000000E+0	4.000000E+0
24-Apr-25	20:27:26	1.000000E-5	-5.076225E+0	-8.000000E-5	7.800000E-6	1.995000E-5	2.720000E-3	2.000000E-5	0.000000E+0	0.000000E+0	1.964247E-4	2.976042E-9	0.000000E+0	0.000000E+0	1.999959E+1	0.000000E+0	4.000000E+0
24-Apr-25	20:27:27	1.000000E-5	-5.065285E+0	-8.000000E-5	7.750000E-6	1.990000E-5	2.720000E-3	2.000000E-5	0.000000E+0	0.000000E+0	1.964247E-4	2.976042E-9	0.000000E+0	0.000000E+0	1.999959E+1	0.000000E+0	4.000000E+0
24-Apr-25	20:27:27	1.000000E-5	-5.056320E+0	-8.000000E-5	7.700000E-6	2.000000E-5	2.720000E-3	2.000000E-5	0.000000E+0	0.000000E+0	1.964247E-4	2.976042E-9	0.000000E+0	0.000000E+0	1.999959E+1	0.000000E+0	4.000000E+0
24-Apr-25	20:27:28	1.000000E-5	-5.045475E+0	-8.000000E-5	7.600000E-6	2.005000E-5	2.720000E-3	2.000000E-5	0.000000E+0	0.000000E+0	1.964247E-4	2.976042E-9	0.000000E+0	0.000000E+0	1.999959E+1	0.000000E+0	4.000000E+0
24-Apr-25	20:27:28	1.000000E-5	-5.035470E+0	-8.000000E-5	7.650000E-6	1.990000E-5	2.720000E-3	2.000000E-5	0.000000E+0	0.000000E+0	1.964247E-4	2.976042E-9	0.000000E+0	0.000000E+0	1.999959E+1	0.000000E+0	4.000000E+0
24-Apr-25	20:27:29	1.000000E-5	-5.026355E+0	-8.000000E-5	7.700000E-6	1.990000E-5	2.720000E-3	2.000000E-5	0.000000E+0	0.000000E+0	1.964247E-4	2.976042E-9	0.000000E+0	0.000000E+0	1.999959E+1	0.000000E+0	4.000000E+0
24-Apr-25	20:27:29	1.000000E-5	-5.016475E+0	-8.000000E-5	7.650000E-6	2.000000E-5	2.720000E-3	2.000000E-5	0.000000E+0	0.000000E+0	1.964247E-4	2.976042E-9	0.000000E+0	0.000000E+0	1.999959E+1	0.000000E+0	4.000000E+0
24-Apr-25	20:27:30	1.000000E-5	-5.003935E+0	-8.000000E-5	7.600000E-6	2.000000E-5	2.720000E-3	2.000000E-5	0.000000E+0	0.000000E+0	1.964247E-4	2.976042E-9	0.000000E+0	0.000000E+0	1.999959E+1	0.000000E+0	4.000000E+0
24-Apr-25	20:27:31	1.000000E-5	-4.993980E+0	-8.000000E-5	7.650000E-6	1.995000E-5	2.720000E-3	2.000000E-5	0.000000E+0	0.000000E+0	1.964247E-4	2.976042E-9	0.000000E+0	0.000000E+0	1.999959E+1	0.000000E+0	4.000000E+0
24-Apr-25	20:27:31	1.000000E-5	-4.985000E+0	-8.000000E-5	7.650000E-6	2.000000E-5	2.720000E-3	2.000000E-5	0.000000E+0	0.000000E+0	1.964247E-4	2.976042E-9	0.000000E+0	0.000000E+0	1.999959E+1	0.000000E+0	4.000000E+0
24-Apr-25	20:27:32	1.000000E-5	-4.975995E+0	-8.000000E-5	7.500000E-6	2.005000E-5	2.720000E-3	2.000000E-5	0.000000E+0	0.000000E+0	1.964247E-4	2.976042E-9	0.000000E+0	0.000000E+0	1.999959E+1	0.000000E+0	4.000000E+0
24-Apr-25	20:27:32	1.000000E-5	-4.964075E+0	-8.000000E-5	7.500000E-6	1.995000E-5	2.720000E-3	2.000000E-5	0.000000E+0	0.000000E+0	1.964247E-4	2.976042E-9	0.000000E+0	0.000000E+0	1.999959E+1	0.000000E+0	4.000000E+0
24-Apr-25	20:27:33	1.000000E-5	-4.953245E+0	-8.000000E-5	7.450000E-6	1.995000E-5	2.720000E-3	2.000000E-5	0.000000E+0	0.000000E+0	1.964247E-4	2.976042E-9	0.000000E+0	0.000000E+0	1.999959E+1	0.000000E+0	4.000000E+0
24-Apr-25	20:27:33	1.000000E-5	-4.944290E+0	-8.000000E-5	7.450000E-6	1.995000E-5	2.720000E-3	2.000000E-5	0.000000E+0	0.000000E+0	1.964247E-4	2.976042E-9	0.000000E+0	0.000000E+0	1.999959E+1	0.000000E+0	4.000000E+0
24-Apr-25	20:27:34	1.000000E-5	-4.934430E+0	-8.000000E-5	7.500000E-6	1.995000E-5	2.720000E-3	2.000000E-5	0.000000E+0	0.000000E+0	1.964247E-4	2.976042E-9	0.000000E+0	0.000000E+0	1.999959E+1	0.000000E+0	4.000000E+0
24-Apr-25	20:27:34	1.000000E-5	-4.925460E+0	-8.000000E-5	7.500000E-6	1.995000E-5	2.720000E-3	2.000000E-5	0.000000E+0	0.000000E+0	1.964247E-4	2.976042E-9	0.000000E+0	0.000000E+0	1.999959E+1	0.000000E+0	4.000000E+0
24-Apr-25	20:27:35	1.000000E-5	-4.917570E+0	-8.000000E-5	7.500000E-6	1.995000E-5	2.720000E-3	2.000000E-5	0.000000E+0	0.000000E+0	1.964247E-4	2.976042E-9	0.000000E+0	0.000000E+0	1.999959E+1	0.000000E+0	4.000000E+0
24-Apr-25	20:27:35	1.000000E-5	-4.908365E+0	-8.000000E-5	7.550000E-6	2.000000E-5	2.720000E-3	2.000000E-5	0.000000E+0	0.000000E+0	1.964247E-4	2.976042E-9	0.000000E+0	0.000000E+0	1.999959E+1	0.000000E+0	4.000000E+0
24-Apr-25	20:27:36	1.000000E-5	-4.899355E+0	-8.000000E-5	7.450000E-6	2.000000E-5	2.720000E-3	2.000000E-5	0.000000E+0	0.000000E+0	1.964247E-4	2.976042E-9	0.000000E+0	0.000000E+0	1.999959E+1	0.000000E+0	4.000000E+0
24-Apr-25	20:27:36	1.000000E-5	-4.890235E+0	-8.000000E-5	7.400000E-6	2.005000E-5	2.720000E-3	2.000000E-5	0.000000E+0	0.000000E+0	1.964247E-4	2.976042E-9	0.000000E+0	0.000000E+0	1.999959E+1	0.000000E+0	4.000000E+0
24-Apr-25	20:27:37	1.000000E-5	-4.881965E+0	-8.000000E-5	7.300000E-6	2.005000E-5	2.720000E-3	2.000000E-5	0.000000E+0	0.000000E+0	1.964247E-4	2.976042E-9	0.000000E+0	0.000000E+0	1.999959E+1	0.000000E+0	4.000000E+0
24-Apr-25	20:27:37	1.000000E-5	-4.873160E+0	-8.000000E-5	7.300000E-6	2.000000E-5	2.720000E-3	2.000000E-5	0.000000E+0	0.000000E+0	1.964247E-4	2.976042E-9	0.000000E+0	0.000000E+0	1.999959E+1	0.000000E+0	4.000000E+0
24-Apr-25	20:27:38	1.000000E-5	-4.861270E+0	-8.000000E-5	7.350000E-6	1.990000E-5	2.720000E-3	2.000000E-5	0.000000E+0	0.000000E+0	1.964247E-4	2.976042E-9	0.000000E+0	0.000000E+0	1.999959E+1	0.000000E+0	4.000000E+0
24-Apr-25	20:27:38	1.000000E-5	-4.853155E+0	-8.000000E-5	7.450000E-6	1.995000E-5	2.720000E-3	2.000000E-5	0.000000E+0	0.000000E+0	1.964247E-4	2.976042E-9	0.000000E+0	0.000000E+0	1.999959E+1	0.000000E+0	4.000000E+0
24-Apr-25	20:27:39	1.000000E-5	-4.845120E+0	-8.000000E-5	7.450000E-6	2.000000E-5	2.720000E-3	2.000000E-5	0.000000E+0	0.000000E+0	1.964247E-4	2.976042E-9	0.000000E+0	0.000000E+0	1.999959E+1	0.000000E+0	4.000000E+0
24-Apr-25	20:27:39	1.000000E-5	-4.836110E+0	-8.000000E-5	7.350000E-6	2.005000E-5	2.720000E-3	2.000000E-5	0.000000E+0	0.000000E+0	1.964247E-4	2.976042E-9	0.000000E+0	0.000000E+0	1.999959E+1	0.000000E+0	4.000000E+0
24-Apr-25	20:27:40	1.000000E-5	-4.827135E+0	-8.000000E-5	7.350000E-6	2.000000E-5	2.720000E-3	2.000000E-5	0.000000E+0	0.000000E+0	1.964247E-4	2.976042E-9	0.000000E+0	0.000000E+0	1.999959E+1	0.000000E+0	4.000000E+0
24-Apr-25	20:27:41	1.000000E-5	-4.818190E+0	-8.000000E-5	7.350000E-6	1.995000E-5	2.720000E-3	2.000000E-5	0.000000E+0	0.000000E+0	1.964247E-4	2.976042E-9	0.000000E+0	0.000000E+0	1.999959E+1	0.000000E+0	4.000000E+0
24-Apr-25	20:27:41	1.000000E-5	-4.805520E+0	-8.000000E-5	7.400000E-6	1.995000E-5	2.720000E-3	2.000000E-5	0.000000E+0	0.000000E+0	1.964247E-4	2.976042E-9	0.000000E+0	0.000000E+0	1.999959E+1	0.000000E+0	4.000000E+0
24-Apr-25	20:27:42	1.000000E-5	-4.797465E+0	-8.000000E-5	7.300000E-6	2.000000E-5	2.720000E-3	2.000000E-5	0.000000E+0	0.000000E+0	1.964247E-4	2.976042E-9	0.000000E+0	0.000000E+0	1.999959E+1	0.000000E+0	4.000000E+0
24-Apr-25	20:27:42	1.000000E-5	-4.788465E+0	-8.000000E-5	7.300000E-6	2.000000E-5	2.720000E-3	2.000000E-5	0.000000E+0	0.000000E+0	1.964247E-4	2.976042E-9	0.000000E+0	0.000000E+0	1.999959E+1	0.000000E+0	4.000000E+0
24-Apr-25	20:27:42	1.000000E-5	-4.780415E+0	-8.000000E-5	7.300000E-6	1.995000E-5	2.720000E-3	2.000000E-5	0.000000E+0	0.000000E+0	1.964247E-4	2.976042E-9	0.000000E+0	0.000000E+0	1.999959E+1	0.000000E+0	4.000000E+0
24-Apr-25	20:27:43	1.000000E-5	-4.771445E+0	-8.000000E-5	7.350000E-6	1.995000E-5	2.720000E-3	2.000000E-5	0.000000E+0	0.000000E+0	1.964247E-4	2.976042E-9	0.000000E+0	0.000000E+0	1.999959E+1	0.000000E+0	4.000000E+0
24-Apr-25	20:27:44	1.000000E-5	-4.759715E+0	-8.000000E-5	7.300000E-6	2.000000E-5	2.720000E-3	2.000000E-5	0.000000E+0	0.000000E+0	1.964247E-4	2.976042E-9	0.000000E+0	0.000000E+0	1.999959E+1	0.000000E+0	4.000000E+0
24-Apr-25	20:27:44	1.000000E-5	-4.749700E+0	-8.000000E-5	7.250000E-6	1.995000E-5	2.720000E-3	2.000000E-5	0.000000E+0	0.000000E+0	1.964247E-4	2.976042E-9	0.000000E+0	0.000000E+0	1.999959E+1	0.000000E+0	4.000000E+0
24-Apr-25	20:27:45	1.000000E-5	-4.740870E+0	-8.000000E-5	7.300000E-6	1.995000E-5	2.720000E-3	2.000000E-5	0.000000E+0	0.000000E+0	1.964247E-4	2.976042E-9	0.000000E+0	0.000000E+0	1.999959E+1	0.000000E+0	4.000000E+0
24-Apr-25	20:27:45	1.000000E-5	-4.731935E+0	-8.000000E-5	7.300000E-6	2.000000E-5	2.720000E-3	2.000000E-5	0.000000E+0	0.000000E+0	1.964247E-4	2.976042E-9	0.000000E+0	0.000000E+0	1.999959E+1	0.000000E+0	4.000000E+0
24-Apr-25	20:27:46	1.000000E-5	-4.718140E+0	-8.000000E-5	7.300000E-6	2.005000E-5	2.720000E-3	2.000000E-5	0.000000E+0	0.000000E+0	1.964247E-4	2.976042E-9	0.000000E+0	0.000000E+0	1.999959E+1	0.000000E+0	4.000000E+0
24-Apr-25	20:27:47	1.000000E-5	-4.703705E+0	-8.000000E-5	7.200000E-6	2.000000E-5	2.720000E-3	2.000000E-5	0.000000E+0	0.000000E+0	1.964247E-4	2.976042E-9	0.000000E+0	0.000000E+0	1.999959E+1	0.000000E+0	4.000000E+0
24-Apr-25	20:27:47	1.000000E-5	-4.694735E+0	-8.000000E-5	7.250000E-6	1.995000E-5	2.720000E-3	2.000000E-5	0.000000E+0	0.000000E+0	1.964247E-4	2.976042E-9	0.000000E+0	0.000000E+0	1.999959E+1	0.000000E+0	4.000000E+0
24-Apr-25	20:27:48	1.000000E-5	-4.685735E+0	-8.000000E-5	7.250000E-6	2.000000E-5	2.720000E-3	2.000000E-5	0.000000E+0	0.000000E+0	1.964247E-4	2.976042E-9	0.000000E+0	0.000000E+0	1.999959E+1	0.000000E+0	4.000000E+0
24-Apr-25	20:27:48	1.000000E-5	-4.676785E+0	-8.000000E-5	7.250000E-6	1.995000E-5	2.720000E-3	2.000000E-5	0.000000E+0	0.000000E+0	1.964247E-4	2.976042E-9	0.000000E+0	0.000000E+0	1.999959E+1	0.000000E+0	4.000000E+0
24-Apr-25	20:27:49	1.000000E-5	-4.667590E+0	-8.000000E-5	7.250000E-6	2.000000E-5	2.720000E-3	2.000000E-5	0.000000E+0	0.000000E+0	1.964247E-4	2.976042E-9	0.000000E+0	0.000000E+0	1.999959E+1	0.000000E+0	4.000000E+0
24-Apr-25	20:27:49	1.000000E-5	-4.659525E+0	-8.000000E-5	7.250000E-6	2.000000E-5	2.720000E-3	2.000000E-5	0.000000E+0	0.000000E+0	1.964247E-4	2.976042E-9	0.000000E+0	0.000000E+0	1.999959E+1	0.000000E+0	4.000000E+0
24-Apr-25	20:27:50	1.000000E-5	-4.650390E+0	-8.000000E-5	7.200000E-6	2.000000E-5	2.720000E-3	2.000000E-5	0.000000E+0	0.000000E+0	1.964247E-4	2.976042E-9	0.000000E+0	0.000000E+0	1.999959E+1	0.000000E+0	4.000000E+0
24-Apr-25	20:27:50	1.000000E-5	-4.638725E+0	-8.000000E-5	7.300000E-6	2.000000E-5	2.720000E-3	2.000000E-5	0.000000E+0	0.000000E+0	1.964247E-4	2.976042E-9	0.000000E+0	0.000000E+0	1.999959E+1	0.000000E+0	4.000000E+0
24-Apr-25	20:27:51	1.000000E-5	-4.629770E+0	-8.000000E-5	7.350000E-6	2.000000E-5	2.720000E-3	2.000000E-5	0.000000E+0	0.000000E+0	1.964247E-4	2.976042E-9	0.000000E+0	0.000000E+0	1.999959E+1	0.000000E+0	4.000000E+0
24-Apr-25	20:27:52	1.000000E-5	-4.615940E+0	-8.000000E-5	7.300000E-6	2.000000E-5	2.720000E-3	2.000000E-5	0.000000E+0	0.000000E+0	1.964247E-4	2.976042E-9	0.000000E+0	0.000000E+0	1.999959E+1	0.000000E+0	4.000000E+0
24-Apr-25	20:27:52	1.000000E-5	-4.602480E+0	-8.000000E-5	7.250000E-6	2.000000E-5	2.720000E-3	2.000000E-5	0.000000E+0	0.000000E+0	1.964247E-4	2.976042E-9	0.000000E+0	0.000000E+0	1.999959E+1	0.000000E+0	4.000000E+0
24-Apr-25	20:27:53	1.000000E-5	-4.593510E+0	-8.000000E-5	7.250000E-6	1.995000E-5	2.720000E-3	2.000000E-5	0.000000E+0	0.000000E+0	1.964247E-4	2.976042E-9	0.000000E+0	0.000000E+0	1.999959E+1	0.000000E+0	4.000000E+0
24-Apr-25	20:27:54	1.000000E-5	-4.581550E+0	-8.000000E-5	7.200000E-6	2.005000E-5	2.720000E-3	2.000000E-5	0.000000E+0	0.000000E+0	1.964247E-4	2.976042E-9	0.000000E+0	0.000000E+0	1.999959E+1	0.000000E+0	4.000000E+0
24-Apr-25	20:27:54	1.000000E-5	-4.572515E+0	-8.000000E-5	7.250000E-6	2.000000E-5	2.720000E-3	2.000000E-5	0.000000E+0	0.000000E+0	1.964247E-4	2.976042E-9	0.000000E+0	0.000000E+0	1.999959E+1	0.000000E+0	4.000000E+0
24-Apr-25	20:27:55	1.000000E-5	-4.563575E+0	-8.000000E-5	7.300000E-6	2.000000E-5	2.720000E-3	2.000000E-5	0.000000E+0	0.000000E+0	1.964247E-4	2.976042E-9	0.000000E+0	0.000000E+0	1.999959E+1	0.000000E+0	4.000000E+0
24-Apr-25	20:27:55	1.000000E-5	-4.553730E+0	-8.000000E-5	7.250000E-6	2.000000E-5	2.720000E-3	2.000000E-5	0.000000E+0	0.000000E+0	1.964247E-4	2.976042E-9	0.000000E+0	0.000000E+0	1.999959E+1	0.000000E+0	4.000000E+0
24-Apr-25	20:27:56	1.000000E-5	-4.543870E+0	-8.000000E-5	7.250000E-6	1.995000E-5	2.720000E-3	2.000000E-5	0.000000E+0	0.000000E+0	1.964247E-4	2.976042E-9	0.000000E+0	0.000000E+0	1.999959E+1	0.000000E+0	4.000000E+0
24-Apr-25	20:27:56	1.000000E-5	-4.533390E+0	-8.000000E-5	7.250000E-6	2.000000E-5	2.720000E-3	2.000000E-5	0.000000E+0	0.000000E+0	1.964247E-4	2.976042E-9	0.000000E+0	0.000000E+0	1.999959E+1	0.000000E+0	4.000000E+0
24-Apr-25	20:27:57	1.000000E-5	-4.524360E+0	-8.000000E-5	7.250000E-6	2.005000E-5	2.720000E-3	2.000000E-5	0.000000E+0	0.000000E+0	1.964247E-4	2.976042E-9	0.000000E+0	0.000000E+0	1.999959E+1	0.000000E+0	4.000000E+0
24-Apr-25	20:27:57	1.000000E-5	-4.515350E+0	-8.000000E-5	7.250000E-6	2.000000E-5	2.720000E-3	2.000000E-5	0.000000E+0	0.000000E+0	1.964247E-4	2.976042E-9	0.000000E+0	0.000000E+0	1.999959E+1	0.000000E+0	4.000000E+0
24-Apr-25	20:27:58	1.000000E-5	-4.502610E+0	-8.000000E-5	7.250000E-6	2.000000E-5	2.720000E-3	2.000000E-5	0.000000E+0	0.000000E+0	1.964247E-4	2.976042E-9	0.000000E+0	0.000000E+0	1.999959E+1	0.000000E+0	4.000000E+0
24-Apr-25	20:27:59	1.000000E-5	-4.489880E+0	-8.000000E-5	7.300000E-6	2.000000E-5	2.720000E-3	2.000000E-5	0.000000E+0	0.000000E+0	1.964247E-4	2.976042E-9	0.000000E+0	0.000000E+0	1.999959E+1	0.000000E+0	4.000000E+0
24-Apr-25	20:27:59	1.000000E-5	-4.480850E+0	-8.000000E-5	7.350000E-6	2.000000E-5	2.720000E-3	2.000000E-5	0.000000E+0	0.000000E+0	1.964247E-4	2.976042E-9	0.000000E+0	0.000000E+0	1.999959E+1	0.000000E+0	4.000000E+0
24-Apr-25	20:28:00	1.000000E-5	-4.471840E+0	-8.000000E-5	7.300000E-6	2.005000E-5	2.720000E-3	2.000000E-5	0.000000E+0	0.000000E+0	1.964247E-4	2.976042E-9	0.000000E+0	0.000000E+0	1.999959E+1	0.000000E+0	4.000000E+0
24-Apr-25	20:28:00	1.000000E-5	-4.462870E+0	-8.000000E-5	7.250000E-6	2.000000E-5	2.720000E-3	2.000000E-5	0.000000E+0	0.000000E+0	1.964247E-4	2.976042E-9	0.000000E+0	0.000000E+0	1.999959E+1	0.000000E+0	4.000000E+0
24-Apr-25	20:28:01	1.000000E-5	-4.453910E+0	-8.000000E-5	7.300000E-6	2.000000E-5	2.720000E-3	2.000000E-5	0.000000E+0	0.000000E+0	1.964247E-4	2.976042E-9	0.000000E+0	0.000000E+0	1.999959E+1	0.000000E+0	4.000000E+0
24-Apr-25	20:28:01	1.000000E-5	-4.443130E+0	-8.000000E-5	7.300000E-6	1.995000E-5	2.720000E-3	2.000000E-5	0.000000E+0	0.000000E+0	1.964247E-4	2.976042E-9	0.000000E+0	0.000000E+0	1.999959E+1	0.000000E+0	4.000000E+0
24-Apr-25	20:28:02	1.000000E-5	-4.434120E+0	-8.000000E-5	7.300000E-6	2.005000E-5	2.720000E-3	2.000000E-5	0.000000E+0	0.000000E+0	1.964247E-4	2.976042E-9	0.000000E+0	0.000000E+0	1.999959E+1	0.000000E+0	4.000000E+0
24-Apr-25	20:28:02	1.000000E-5	-4.425080E+0	-8.000000E-5	7.350000E-6	2.005000E-5	2.720000E-3	2.000000E-5	0.000000E+0	0.000000E+0	1.964247E-4	2.976042E-9	0.000000E+0	0.000000E+0	1.999959E+1	0.000000E+0	4.000000E+0
24-Apr-25	20:28:03	1.000000E-5	-4.415075E+0	-8.000000E-5	7.300000E-6	1.995000E-5	2.720000E-3	2.000000E-5	0.000000E+0	0.000000E+0	1.964247E-4	2.976042E-9	0.000000E+0	0.000000E+0	1.999959E+1	0.000000E+0	4.000000E+0
24-Apr-25	20:28:03	1.000000E-5	-4.406820E+0	-8.000000E-5	7.350000E-6	2.000000E-5	2.720000E-3	2.000000E-5	0.000000E+0	0.000000E+0	1.964247E-4	2.976042E-9	0.000000E+0	0.000000E+0	1.999959E+1	0.000000E+0	4.000000E+0
24-Apr-25	20:28:04	1.000000E-5	-4.397860E+0	-8.000000E-5	7.350000E-6	2.000000E-5	2.720000E-3	2.000000E-5	0.000000E+0	0.000000E+0	1.964247E-4	2.976042E-9	0.000000E+0	0.000000E+0	1.999959E+1	0.000000E+0	4.000000E+0
24-Apr-25	20:28:04	1.000000E-5	-4.388850E+0	-8.000000E-5	7.350000E-6	2.000000E-5	2.720000E-3	2.000000E-5	0.000000E+0	0.000000E+0	1.964247E-4	2.976042E-9	0.000000E+0	0.000000E+0	1.999959E+1	0.000000E+0	4.000000E+0
24-Apr-25	20:28:05	1.000000E-5	-4.379845E+0	-8.000000E-5	7.400000E-6	1.995000E-5	2.720000E-3	2.000000E-5	0.000000E+0	0.000000E+0	1.964247E-4	2.976042E-9	0.000000E+0	0.000000E+0	1.999959E+1	0.000000E+0	4.000000E+0
24-Apr-25	20:28:05	1.000000E-5	-4.370925E+0	-8.000000E-5	7.350000E-6	2.000000E-5	2.720000E-3	2.000000E-5	0.000000E+0	0.000000E+0	1.964247E-4	2.976042E-9	0.000000E+0	0.000000E+0	1.999959E+1	0.000000E+0	4.000000E+0
24-Apr-25	20:28:06	1.000000E-5	-4.359220E+0	-8.000000E-5	7.350000E-6	2.000000E-5	2.720000E-3	2.000000E-5	0.000000E+0	0.000000E+0	1.964247E-4	2.976042E-9	0.000000E+0	0.000000E+0	1.999959E+1	0.000000E+0	4.000000E+0
24-Apr-25	20:28:07	1.000000E-5	-4.350265E+0	-8.000000E-5	7.400000E-6	2.005000E-5	2.720000E-3	2.000000E-5	0.000000E+0	0.000000E+0	1.964247E-4	2.976042E-9	0.000000E+0	0.000000E+0	1.999959E+1	0.000000E+0	4.000000E+0
24-Apr-25	20:28:07	1.000000E-5	-4.341265E+0	-8.000000E-5	7.350000E-6	2.000000E-5	2.720000E-3	2.000000E-5	0.000000E+0	0.000000E+0	1.964247E-4	2.976042E-9	0.000000E+0	0.000000E+0	1.999959E+1	0.000000E+0	4.000000E+0
24-Apr-25	20:28:07	1.000000E-5	-4.332240E+0	-8.000000E-5	7.350000E-6	2.000000E-5	2.720000E-3	2.000000E-5	0.000000E+0	0.000000E+0	1.964247E-4	2.976042E-9	0.000000E+0	0.000000E+0	1.999959E+1	0.000000E+0	4.000000E+0
24-Apr-25	20:28:08	1.000000E-5	-4.324150E+0	-8.000000E-5	7.400000E-6	2.000000E-5	2.720000E-3	2.000000E-5	0.000000E+0	0.000000E+0	1.964247E-4	2.976042E-9	0.000000E+0	0.000000E+0	1.999959E+1	0.000000E+0	4.000000E+0
24-Apr-25	20:28:08	1.000000E-5	-4.315135E+0	-8.000000E-5	7.450000E-6	2.000000E-5	2.720000E-3	2.000000E-5	0.000000E+0	0.000000E+0	1.964247E-4	2.976042E-9	0.000000E+0	0.000000E+0	1.999959E+1	0.000000E+0	4.000000E+0
24-Apr-25	20:28:09	1.000000E-5	-4.304105E+0	-8.000000E-5	7.450000E-6	2.005000E-5	2.720000E-3	2.000000E-5	0.000000E+0	0.000000E+0	1.964247E-4	2.976042E-9	0.000000E+0	0.000000E+0	1.999959E+1	0.000000E+0	4.000000E+0
24-Apr-25	20:28:10	1.000000E-5	-4.291455E+0	-8.000000E-5	7.400000E-6	2.000000E-5	2.720000E-3	2.000000E-5	0.000000E+0	0.000000E+0	1.964247E-4	2.976042E-9	0.000000E+0	0.000000E+0	1.999959E+1	0.000000E+0	4.000000E+0
24-Apr-25	20:28:10	1.000000E-5	-4.278870E+0	-8.000000E-5	7.500000E-6	1.995000E-5	2.720000E-3	2.000000E-5	0.000000E+0	0.000000E+0	1.964247E-4	2.976042E-9	0.000000E+0	0.000000E+0	1.999959E+1	0.000000E+0	4.000000E+0
24-Apr-25	20:28:11	1.000000E-5	-4.267820E+0	-8.000000E-5	7.450000E-6	1.995000E-5	2.720000E-3	2.000000E-5	0.000000E+0	0.000000E+0	1.964247E-4	2.976042E-9	0.000000E+0	0.000000E+0	1.999959E+1	0.000000E+0	4.000000E+0
24-Apr-25	20:28:12	1.000000E-5	-4.256180E+0	-8.000000E-5	7.450000E-6	1.995000E-5	2.720000E-3	2.000000E-5	0.000000E+0	0.000000E+0	1.964247E-4	2.976042E-9	0.000000E+0	0.000000E+0	1.999959E+1	0.000000E+0	4.000000E+0
24-Apr-25	20:28:12	1.000000E-5	-4.247160E+0	-8.000000E-5	7.450000E-6	2.000000E-5	2.720000E-3	2.000000E-5	0.000000E+0	0.000000E+0	1.964247E-4	2.976042E-9	0.000000E+0	0.000000E+0	1.999959E+1	0.000000E+0	4.000000E+0
24-Apr-25	20:28:13	1.000000E-5	-4.238155E+0	-8.000000E-5	7.500000E-6	2.000000E-5	2.720000E-3	2.000000E-5	0.000000E+0	0.000000E+0	1.964247E-4	2.976042E-9	0.000000E+0	0.000000E+0	1.999959E+1	0.000000E+0	4.000000E+0
24-Apr-25	20:28:13	1.000000E-5	-4.230055E+0	-8.000000E-5	7.550000E-6	1.995000E-5	2.720000E-3	2.000000E-5	0.000000E+0	0.000000E+0	1.964247E-4	2.976042E-9	0.000000E+0	0.000000E+0	1.999959E+1	0.000000E+0	4.000000E+0
24-Apr-25	20:28:14	1.000000E-5	-4.221090E+0	-8.000000E-5	7.500000E-6	1.995000E-5	2.720000E-3	2.000000E-5	0.000000E+0	0.000000E+0	1.964247E-4	2.976042E-9	0.000000E+0	0.000000E+0	1.999959E+1	0.000000E+0	4.000000E+0
24-Apr-25	20:28:14	1.000000E-5	-4.211805E+0	-8.000000E-5	7.500000E-6	1.995000E-5	2.720000E-3	2.000000E-5	0.000000E+0	0.000000E+0	1.964247E-4	2.976042E-9	0.000000E+0	0.000000E+0	1.999959E+1	0.000000E+0	4.000000E+0
24-Apr-25	20:28:15	1.000000E-5	-4.203740E+0	-8.000000E-5	7.550000E-6	1.995000E-5	2.720000E-3	2.000000E-5	0.000000E+0	0.000000E+0	1.964247E-4	2.976042E-9	0.000000E+0	0.000000E+0	1.999959E+1	0.000000E+0	4.000000E+0
24-Apr-25	20:28:15	1.000000E-5	-4.195595E+0	-8.000000E-5	7.600000E-6	1.995000E-5	2.720000E-3	2.000000E-5	0.000000E+0	0.000000E+0	1.964247E-4	2.976042E-9	0.000000E+0	0.000000E+0	1.999959E+1	0.000000E+0	4.000000E+0
24-Apr-25	20:28:16	1.000000E-5	-4.186655E+0	-8.000000E-5	7.600000E-6	1.995000E-5	2.720000E-3	2.000000E-5	0.000000E+0	0.000000E+0	1.964247E-4	2.976042E-9	0.000000E+0	0.000000E+0	1.999959E+1	0.000000E+0	4.000000E+0
24-Apr-25	20:28:16	1.000000E-5	-4.177825E+0	-8.000000E-5	7.600000E-6	1.995000E-5	2.720000E-3	2.000000E-5	0.000000E+0	0.000000E+0	1.964247E-4	2.976042E-9	0.000000E+0	0.000000E+0	1.999959E+1	0.000000E+0	4.000000E+0
24-Apr-25	20:28:17	1.000000E-5	-4.169025E+0	-8.000000E-5	7.650000E-6	1.995000E-5	2.720000E-3	2.000000E-5	0.000000E+0	0.000000E+0	1.964247E-4	2.976042E-9	0.000000E+0	0.000000E+0	1.999959E+1	0.000000E+0	4.000000E+0
24-Apr-25	20:28:17	1.000000E-5	-4.159875E+0	-8.000000E-5	7.600000E-6	1.995000E-5	2.720000E-3	2.000000E-5	0.000000E+0	0.000000E+0	1.964247E-4	2.976042E-9	0.000000E+0	0.000000E+0	1.999959E+1	0.000000E+0	4.000000E+0
24-Apr-25	20:28:18	1.000000E-5	-4.148890E+0	-8.000000E-5	7.550000E-6	2.000000E-5	2.720000E-3	2.000000E-5	0.000000E+0	0.000000E+0	1.964247E-4	2.976042E-9	0.000000E+0	0.000000E+0	1.999959E+1	0.000000E+0	4.000000E+0
24-Apr-25	20:28:18	1.000000E-5	-4.139925E+0	-8.000000E-5	7.600000E-6	2.005000E-5	2.720000E-3	2.000000E-5	0.000000E+0	0.000000E+0	1.964247E-4	2.976042E-9	0.000000E+0	0.000000E+0	1.999959E+1	0.000000E+0	4.000000E+0
24-Apr-25	20:28:19	1.000000E-5	-4.128215E+0	-8.000000E-5	7.650000E-6	1.995000E-5	2.720000E-3	2.000000E-5	0.000000E+0	0.000000E+0	1.964247E-4	2.976042E-9	0.000000E+0	0.000000E+0	1.999959E+1	0.000000E+0	4.000000E+0
24-Apr-25	20:28:19	1.000000E-5	-4.120090E+0	-8.000000E-5	7.700000E-6	1.995000E-5	2.720000E-3	2.000000E-5	0.000000E+0	0.000000E+0	1.964247E-4	2.976042E-9	0.000000E+0	0.000000E+0	1.999959E+1	0.000000E+0	4.000000E+0
24-Apr-25	20:28:20	1.000000E-5	-4.111150E+0	-8.000000E-5	7.700000E-6	1.995000E-5	2.720000E-3	2.000000E-5	0.000000E+0	0.000000E+0	1.964247E-4	2.976042E-9	0.000000E+0	0.000000E+0	1.999959E+1	0.000000E+0	4.000000E+0
24-Apr-25	20:28:20	1.000000E-5	-4.102100E+0	-8.000000E-5	7.650000E-6	2.000000E-5	2.720000E-3	2.000000E-5	0.000000E+0	0.000000E+0	1.964247E-4	2.976042E-9	0.000000E+0	0.000000E+0	1.999959E+1	0.000000E+0	4.000000E+0
24-Apr-25	20:28:21	1.000000E-5	-4.092260E+0	-8.000000E-5	7.700000E-6	1.995000E-5	2.720000E-3	2.000000E-5	0.000000E+0	0.000000E+0	1.964247E-4	2.976042E-9	0.000000E+0	0.000000E+0	1.999959E+1	0.000000E+0	4.000000E+0
24-Apr-25	20:28:21	1.000000E-5	-4.083275E+0	-8.000000E-5	7.700000E-6	1.995000E-5	2.720000E-3	2.000000E-5	0.000000E+0	0.000000E+0	1.964247E-4	2.976042E-9	0.000000E+0	0.000000E+0	1.999959E+1	0.000000E+0	4.000000E+0
24-Apr-25	20:28:22	1.000000E-5	-4.075190E+0	-8.000000E-5	7.750000E-6	2.000000E-5	2.720000E-3	2.000000E-5	0.000000E+0	0.000000E+0	1.964247E-4	2.976042E-9	0.000000E+0	0.000000E+0	1.999959E+1	0.000000E+0	4.000000E+0
24-Apr-25	20:28:22	1.000000E-5	-4.066215E+0	-8.000000E-5	7.700000E-6	2.000000E-5	2.720000E-3	2.000000E-5	0.000000E+0	0.000000E+0	1.964247E-4	2.976042E-9	0.000000E+0	0.000000E+0	1.999959E+1	0.000000E+0	4.000000E+0
24-Apr-25	20:28:23	1.000000E-5	-4.056300E+0	-8.000000E-5	7.700000E-6	2.000000E-5	2.720000E-3	2.000000E-5	0.000000E+0	0.000000E+0	1.964247E-4	2.976042E-9	0.000000E+0	0.000000E+0	1.999959E+1	0.000000E+0	4.000000E+0
24-Apr-25	20:28:23	1.000000E-5	-4.048155E+0	-8.000000E-5	7.700000E-6	1.990000E-5	2.720000E-3	2.000000E-5	0.000000E+0	0.000000E+0	1.964247E-4	2.976042E-9	0.000000E+0	0.000000E+0	1.999959E+1	0.000000E+0	4.000000E+0
24-Apr-25	20:28:24	1.000000E-5	-4.039230E+0	-8.000000E-5	7.750000E-6	1.990000E-5	2.720000E-3	2.000000E-5	0.000000E+0	0.000000E+0	1.964247E-4	2.976042E-9	0.000000E+0	0.000000E+0	1.999959E+1	0.000000E+0	4.000000E+0
24-Apr-25	20:28:24	1.000000E-5	-4.029010E+0	-8.000000E-5	7.850000E-6	1.990000E-5	2.720000E-3	2.000000E-5	0.000000E+0	0.000000E+0	1.964247E-4	2.976042E-9	0.000000E+0	0.000000E+0	1.999959E+1	0.000000E+0	4.000000E+0
24-Apr-25	20:28:25	1.000000E-5	-4.019165E+0	-8.000000E-5	7.850000E-6	1.995000E-5	2.720000E-3	2.000000E-5	0.000000E+0	0.000000E+0	1.964247E-4	2.976042E-9	0.000000E+0	0.000000E+0	1.999959E+1	0.000000E+0	4.000000E+0
24-Apr-25	20:28:25	1.000000E-5	-4.010150E+0	-8.000000E-5	7.850000E-6	2.000000E-5	2.720000E-3	2.000000E-5	0.000000E+0	0.000000E+0	1.964247E-4	2.976042E-9	0.000000E+0	0.000000E+0	1.999959E+1	0.000000E+0	4.000000E+0
24-Apr-25	20:28:26	1.000000E-5	-4.002065E+0	-8.000000E-5	7.850000E-6	2.000000E-5	2.720000E-3	2.000000E-5	0.000000E+0	0.000000E+0	1.964247E-4	2.976042E-9	0.000000E+0	0.000000E+0	1.999959E+1	0.000000E+0	4.000000E+0
24-Apr-25	20:28:26	1.000000E-5	-3.993100E+0	-8.000000E-5	7.850000E-6	1.995000E-5	2.720000E-3	2.000000E-5	0.000000E+0	0.000000E+0	1.964247E-4	2.976042E-9	0.000000E+0	0.000000E+0	1.999959E+1	0.000000E+0	4.000000E+0
24-Apr-25	20:28:27	1.000000E-5	-3.984105E+0	-8.000000E-5	7.900000E-6	1.995000E-5	2.720000E-3	2.000000E-5	0.000000E+0	0.000000E+0	1.964247E-4	2.976042E-9	0.000000E+0	0.000000E+0	1.999959E+1	0.000000E+0	4.000000E+0
24-Apr-25	20:28:27	1.000000E-5	-3.976060E+0	-8.000000E-5	7.900000E-6	2.000000E-5	2.720000E-3	2.000000E-5	0.000000E+0	0.000000E+0	1.964247E-4	2.976042E-9	0.000000E+0	0.000000E+0	1.999959E+1	0.000000E+0	4.000000E+0
24-Apr-25	20:28:28	1.000000E-5	-3.967065E+0	-8.000000E-5	7.950000E-6	2.000000E-5	2.720000E-3	2.000000E-5	0.000000E+0	0.000000E+0	1.964247E-4	2.976042E-9	0.000000E+0	0.000000E+0	1.999959E+1	0.000000E+0	4.000000E+0
24-Apr-25	20:28:29	1.000000E-5	-3.954415E+0	-8.000000E-5	7.950000E-6	1.995000E-5	2.720000E-3	2.000000E-5	0.000000E+0	0.000000E+0	1.964247E-4	2.976042E-9	0.000000E+0	0.000000E+0	1.999959E+1	0.000000E+0	4.000000E+0
24-Apr-25	20:28:29	1.000000E-5	-3.943670E+0	-8.000000E-5	8.000000E-6	2.000000E-5	2.720000E-3	2.000000E-5	0.000000E+0	0.000000E+0	1.964247E-4	2.976042E-9	0.000000E+0	0.000000E+0	1.999959E+1	0.000000E+0	4.000000E+0
24-Apr-25	20:28:30	1.000000E-5	-3.934645E+0	-8.000000E-5	7.900000E-6	1.995000E-5	2.720000E-3	2.000000E-5	0.000000E+0	0.000000E+0	1.964247E-4	2.976042E-9	0.000000E+0	0.000000E+0	1.999959E+1	0.000000E+0	4.000000E+0
24-Apr-25	20:28:30	1.000000E-5	-3.926310E+0	-8.000000E-5	7.900000E-6	1.990000E-5	2.720000E-3	2.000000E-5	0.000000E+0	0.000000E+0	1.964247E-4	2.976042E-9	0.000000E+0	0.000000E+0	1.999959E+1	0.000000E+0	4.000000E+0
24-Apr-25	20:28:31	1.000000E-5	-3.917410E+0	-8.000000E-5	7.950000E-6	1.995000E-5	2.720000E-3	2.000000E-5	0.000000E+0	0.000000E+0	1.964247E-4	2.976042E-9	0.000000E+0	0.000000E+0	1.999959E+1	0.000000E+0	4.000000E+0
24-Apr-25	20:28:31	1.000000E-5	-3.908420E+0	-8.000000E-5	8.000000E-6	1.995000E-5	2.720000E-3	2.000000E-5	0.000000E+0	0.000000E+0	1.964247E-4	2.976042E-9	0.000000E+0	0.000000E+0	1.999959E+1	0.000000E+0	4.000000E+0
24-Apr-25	20:28:32	1.000000E-5	-3.900195E+0	-8.000000E-5	8.000000E-6	1.995000E-5	2.720000E-3	2.000000E-5	0.000000E+0	0.000000E+0	1.964247E-4	2.976042E-9	0.000000E+0	0.000000E+0	1.999959E+1	0.000000E+0	4.000000E+0
24-Apr-25	20:28:32	1.000000E-5	-3.891245E+0	-8.000000E-5	8.000000E-6	1.995000E-5	2.720000E-3	2.000000E-5	0.000000E+0	0.000000E+0	1.964247E-4	2.976042E-9	0.000000E+0	0.000000E+0	1.999959E+1	0.000000E+0	4.000000E+0
24-Apr-25	20:28:33	1.000000E-5	-3.881375E+0	-8.000000E-5	8.050000E-6	1.990000E-5	2.720000E-3	2.000000E-5	0.000000E+0	0.000000E+0	1.964247E-4	2.976042E-9	0.000000E+0	0.000000E+0	1.999959E+1	0.000000E+0	4.000000E+0
24-Apr-25	20:28:33	1.000000E-5	-3.873290E+0	-8.000000E-5	8.100000E-6	1.990000E-5	2.720000E-3	2.000000E-5	0.000000E+0	0.000000E+0	1.964247E-4	2.976042E-9	0.000000E+0	0.000000E+0	1.999959E+1	0.000000E+0	4.000000E+0
24-Apr-25	20:28:34	1.000000E-5	-3.864250E+0	-8.000000E-5	8.100000E-6	1.995000E-5	2.720000E-3	2.000000E-5	0.000000E+0	0.000000E+0	1.964247E-4	2.976042E-9	0.000000E+0	0.000000E+0	1.999959E+1	0.000000E+0	4.000000E+0
24-Apr-25	20:28:34	1.000000E-5	-3.851700E+0	-8.000000E-5	8.000000E-6	1.995000E-5	2.720000E-3	2.000000E-5	0.000000E+0	0.000000E+0	1.964247E-4	2.976042E-9	0.000000E+0	0.000000E+0	1.999959E+1	0.000000E+0	4.000000E+0
24-Apr-25	20:28:35	1.000000E-5	-3.839850E+0	-8.000000E-5	8.100000E-6	1.995000E-5	2.720000E-3	2.000000E-5	0.000000E+0	0.000000E+0	1.964247E-4	2.976042E-9	0.000000E+0	0.000000E+0	1.999959E+1	0.000000E+0	4.000000E+0
24-Apr-25	20:28:35	1.000000E-5	-3.831670E+0	-8.000000E-5	8.150000E-6	1.995000E-5	2.720000E-3	2.000000E-5	0.000000E+0	0.000000E+0	1.964247E-4	2.976042E-9	0.000000E+0	0.000000E+0	1.999959E+1	0.000000E+0	4.000000E+0
24-Apr-25	20:28:36	1.000000E-5	-3.822620E+0	-8.000000E-5	8.150000E-6	2.000000E-5	2.720000E-3	2.000000E-5	0.000000E+0	0.000000E+0	1.964247E-4	2.976042E-9	0.000000E+0	0.000000E+0	1.999959E+1	0.000000E+0	4.000000E+0
24-Apr-25	20:28:36	1.000000E-5	-3.812755E+0	-8.000000E-5	8.150000E-6	2.000000E-5	2.720000E-3	2.000000E-5	0.000000E+0	0.000000E+0	1.964247E-4	2.976042E-9	0.000000E+0	0.000000E+0	1.999959E+1	0.000000E+0	4.000000E+0
24-Apr-25	20:28:37	1.000000E-5	-3.804695E+0	-8.000000E-5	8.150000E-6	1.995000E-5	2.720000E-3	2.000000E-5	0.000000E+0	0.000000E+0	1.964247E-4	2.976042E-9	0.000000E+0	0.000000E+0	1.999959E+1	0.000000E+0	4.000000E+0
24-Apr-25	20:28:37	1.000000E-5	-3.793940E+0	-8.000000E-5	8.200000E-6	1.995000E-5	2.720000E-3	2.000000E-5	0.000000E+0	0.000000E+0	1.964247E-4	2.976042E-9	0.000000E+0	0.000000E+0	1.999959E+1	0.000000E+0	4.000000E+0
24-Apr-25	20:28:38	1.000000E-5	-3.785900E+0	-8.000000E-5	8.200000E-6	1.995000E-5	2.720000E-3	2.000000E-5	0.000000E+0	0.000000E+0	1.964247E-4	2.976042E-9	0.000000E+0	0.000000E+0	1.999959E+1	0.000000E+0	4.000000E+0
24-Apr-25	20:28:38	1.000000E-5	-3.776875E+0	-8.000000E-5	8.250000E-6	1.995000E-5	2.720000E-3	2.000000E-5	0.000000E+0	0.000000E+0	1.964247E-4	2.976042E-9	0.000000E+0	0.000000E+0	1.999959E+1	0.000000E+0	4.000000E+0
24-Apr-25	20:28:39	1.000000E-5	-3.764095E+0	-8.000000E-5	8.250000E-6	1.990000E-5	2.720000E-3	2.000000E-5	0.000000E+0	0.000000E+0	1.964247E-4	2.976042E-9	0.000000E+0	0.000000E+0	1.999959E+1	0.000000E+0	4.000000E+0
24-Apr-25	20:28:40	1.000000E-5	-3.754975E+0	-8.000000E-5	8.300000E-6	1.995000E-5	2.720000E-3	2.000000E-5	0.000000E+0	0.000000E+0	1.964247E-4	2.976042E-9	0.000000E+0	0.000000E+0	1.999959E+1	0.000000E+0	4.000000E+0
24-Apr-25	20:28:40	1.000000E-5	-3.745055E+0	-8.000000E-5	8.250000E-6	1.995000E-5	2.720000E-3	2.000000E-5	0.000000E+0	0.000000E+0	1.964247E-4	2.976042E-9	0.000000E+0	0.000000E+0	1.999959E+1	0.000000E+0	4.000000E+0
24-Apr-25	20:28:41	1.000000E-5	-3.736075E+0	-8.000000E-5	8.200000E-6	1.995000E-5	2.720000E-3	2.000000E-5	0.000000E+0	0.000000E+0	1.964247E-4	2.976042E-9	0.000000E+0	0.000000E+0	1.999959E+1	0.000000E+0	4.000000E+0
24-Apr-25	20:28:41	1.000000E-5	-3.727970E+0	-8.000000E-5	8.250000E-6	1.990000E-5	2.720000E-3	2.000000E-5	0.000000E+0	0.000000E+0	1.964247E-4	2.976042E-9	0.000000E+0	0.000000E+0	1.999959E+1	0.000000E+0	4.000000E+0
24-Apr-25	20:28:42	1.000000E-5	-3.719860E+0	-8.000000E-5	8.300000E-6	1.995000E-5	2.720000E-3	2.000000E-5	0.000000E+0	0.000000E+0	1.964247E-4	2.976042E-9	0.000000E+0	0.000000E+0	1.999959E+1	0.000000E+0	4.000000E+0
24-Apr-25	20:28:42	1.000000E-5	-3.710900E+0	-8.000000E-5	8.300000E-6	1.990000E-5	2.720000E-3	2.000000E-5	0.000000E+0	0.000000E+0	1.964247E-4	2.976042E-9	0.000000E+0	0.000000E+0	1.999959E+1	0.000000E+0	4.000000E+0
24-Apr-25	20:28:43	1.000000E-5	-3.701910E+0	-8.000000E-5	8.400000E-6	1.990000E-5	2.720000E-3	2.000000E-5	0.000000E+0	0.000000E+0	1.964247E-4	2.976042E-9	0.000000E+0	0.000000E+0	1.999959E+1	0.000000E+0	4.000000E+0
24-Apr-25	20:28:43	1.000000E-5	-3.692940E+0	-8.000000E-5	8.350000E-6	1.995000E-5	2.720000E-3	2.000000E-5	0.000000E+0	0.000000E+0	1.964247E-4	2.976042E-9	0.000000E+0	0.000000E+0	1.999959E+1	0.000000E+0	4.000000E+0
24-Apr-25	20:28:44	1.000000E-5	-3.680170E+0	-8.000000E-5	8.350000E-6	1.995000E-5	2.720000E-3	2.000000E-5	0.000000E+0	0.000000E+0	1.964247E-4	2.976042E-9	0.000000E+0	0.000000E+0	1.999959E+1	0.000000E+0	4.000000E+0
24-Apr-25	20:28:44	1.000000E-5	-3.670105E+0	-8.000000E-5	8.400000E-6	1.990000E-5	2.720000E-3	2.000000E-5	0.000000E+0	0.000000E+0	1.964247E-4	2.976042E-9	0.000000E+0	0.000000E+0	1.999959E+1	0.000000E+0	4.000000E+0
24-Apr-25	20:28:45	1.000000E-5	-3.661140E+0	-8.000000E-5	8.400000E-6	1.990000E-5	2.720000E-3	2.000000E-5	0.000000E+0	0.000000E+0	1.964247E-4	2.976042E-9	0.000000E+0	0.000000E+0	1.999959E+1	0.000000E+0	4.000000E+0
24-Apr-25	20:28:45	1.000000E-5	-3.650355E+0	-8.000000E-5	8.450000E-6	1.995000E-5	2.720000E-3	2.000000E-5	0.000000E+0	0.000000E+0	1.964247E-4	2.976042E-9	0.000000E+0	0.000000E+0	1.999959E+1	0.000000E+0	4.000000E+0
24-Apr-25	20:28:46	1.000000E-5	-3.641380E+0	-8.000000E-5	8.450000E-6	1.990000E-5	2.720000E-3	2.000000E-5	0.000000E+0	0.000000E+0	1.964247E-4	2.976042E-9	0.000000E+0	0.000000E+0	1.999959E+1	0.000000E+0	4.000000E+0
24-Apr-25	20:28:47	1.000000E-5	-3.631190E+0	-8.000000E-5	8.450000E-6	1.980000E-5	2.720000E-3	2.000000E-5	0.000000E+0	0.000000E+0	1.964247E-4	2.976042E-9	0.000000E+0	0.000000E+0	1.999959E+1	0.000000E+0	4.000000E+0
24-Apr-25	20:28:47	1.000000E-5	-3.623070E+0	-8.000000E-5	8.550000E-6	1.985000E-5	2.720000E-3	2.000000E-5	0.000000E+0	0.000000E+0	1.964247E-4	2.976042E-9	0.000000E+0	0.000000E+0	1.999959E+1	0.000000E+0	4.000000E+0
24-Apr-25	20:28:47	1.000000E-5	-3.614125E+0	-8.000000E-5	8.500000E-6	1.995000E-5	2.720000E-3	2.000000E-5	0.000000E+0	0.000000E+0	1.964247E-4	2.976042E-9	0.000000E+0	0.000000E+0	1.999959E+1	0.000000E+0	4.000000E+0
24-Apr-25	20:28:48	1.000000E-5	-3.605135E+0	-8.000000E-5	8.500000E-6	1.990000E-5	2.720000E-3	2.000000E-5	0.000000E+0	0.000000E+0	1.964247E-4	2.976042E-9	0.000000E+0	0.000000E+0	1.999959E+1	0.000000E+0	4.000000E+0
24-Apr-25	20:28:48	1.000000E-5	-3.596225E+0	-8.000000E-5	8.500000E-6	1.990000E-5	2.720000E-3	2.000000E-5	0.000000E+0	0.000000E+0	1.964247E-4	2.976042E-9	0.000000E+0	0.000000E+0	1.999959E+1	0.000000E+0	4.000000E+0
24-Apr-25	20:28:49	1.000000E-5	-3.587175E+0	-8.000000E-5	8.550000E-6	1.990000E-5	2.720000E-3	2.000000E-5	0.000000E+0	0.000000E+0	1.964247E-4	2.976042E-9	0.000000E+0	0.000000E+0	1.999959E+1	0.000000E+0	4.000000E+0
24-Apr-25	20:28:50	1.000000E-5	-3.577260E+0	-8.000000E-5	8.600000E-6	1.985000E-5	2.720000E-3	2.000000E-5	0.000000E+0	0.000000E+0	1.964247E-4	2.976042E-9	0.000000E+0	0.000000E+0	1.999959E+1	0.000000E+0	4.000000E+0
24-Apr-25	20:28:50	1.000000E-5	-3.568275E+0	-8.000000E-5	8.600000E-6	1.990000E-5	2.720000E-3	2.000000E-5	0.000000E+0	0.000000E+0	1.964247E-4	2.976042E-9	0.000000E+0	0.000000E+0	1.999959E+1	0.000000E+0	4.000000E+0
24-Apr-25	20:28:51	1.000000E-5	-3.559270E+0	-8.000000E-5	8.550000E-6	1.995000E-5	2.720000E-3	2.000000E-5	0.000000E+0	0.000000E+0	1.964247E-4	2.976042E-9	0.000000E+0	0.000000E+0	1.999959E+1	0.000000E+0	4.000000E+0
24-Apr-25	20:28:51	1.000000E-5	-3.548555E+0	-8.000000E-5	8.650000E-6	1.985000E-5	2.720000E-3	2.000000E-5	0.000000E+0	0.000000E+0	1.964247E-4	2.976042E-9	0.000000E+0	0.000000E+0	1.999959E+1	0.000000E+0	4.000000E+0
24-Apr-25	20:28:52	1.000000E-5	-3.540405E+0	-8.000000E-5	8.650000E-6	1.985000E-5	2.720000E-3	2.000000E-5	0.000000E+0	0.000000E+0	1.964247E-4	2.976042E-9	0.000000E+0	0.000000E+0	1.999959E+1	0.000000E+0	4.000000E+0
24-Apr-25	20:28:52	1.000000E-5	-3.531415E+0	-8.000000E-5	8.700000E-6	1.990000E-5	2.720000E-3	2.000000E-5	0.000000E+0	0.000000E+0	1.964247E-4	2.976042E-9	0.000000E+0	0.000000E+0	1.999959E+1	0.000000E+0	4.000000E+0
24-Apr-25	20:28:53	1.000000E-5	-3.522410E+0	-8.000000E-5	8.650000E-6	1.990000E-5	2.720000E-3	2.000000E-5	0.000000E+0	0.000000E+0	1.964247E-4	2.976042E-9	0.000000E+0	0.000000E+0	1.999959E+1	0.000000E+0	4.000000E+0
24-Apr-25	20:28:53	1.000000E-5	-3.513465E+0	-8.000000E-5	8.650000E-6	1.985000E-5	2.720000E-3	2.000000E-5	0.000000E+0	0.000000E+0	1.964247E-4	2.976042E-9	0.000000E+0	0.000000E+0	1.999959E+1	0.000000E+0	4.000000E+0
24-Apr-25	20:28:54	1.000000E-5	-3.504470E+0	-8.000000E-5	8.650000E-6	1.990000E-5	2.720000E-3	2.000000E-5	0.000000E+0	0.000000E+0	1.964247E-4	2.976042E-9	0.000000E+0	0.000000E+0	1.999959E+1	0.000000E+0	4.000000E+0
24-Apr-25	20:28:54	1.000000E-5	-3.495505E+0	-8.000000E-5	8.700000E-6	1.985000E-5	2.720000E-3	2.000000E-5	0.000000E+0	0.000000E+0	1.964247E-4	2.976042E-9	0.000000E+0	0.000000E+0	1.999959E+1	0.000000E+0	4.000000E+0
24-Apr-25	20:28:55	1.000000E-5	-3.486460E+0	-8.000000E-5	8.750000E-6	1.990000E-5	2.720000E-3	2.000000E-5	0.000000E+0	0.000000E+0	1.964247E-4	2.976042E-9	0.000000E+0	0.000000E+0	1.999959E+1	0.000000E+0	4.000000E+0
24-Apr-25	20:28:55	1.000000E-5	-3.476600E+0	-8.000000E-5	8.750000E-6	1.990000E-5	2.720000E-3	2.000000E-5	0.000000E+0	0.000000E+0	1.964247E-4	2.976042E-9	0.000000E+0	0.000000E+0	1.999959E+1	0.000000E+0	4.000000E+0
24-Apr-25	20:28:56	1.000000E-5	-3.467620E+0	-8.000000E-5	8.750000E-6	1.990000E-5	2.720000E-3	2.000000E-5	0.000000E+0	0.000000E+0	1.964247E-4	2.976042E-9	0.000000E+0	0.000000E+0	1.999959E+1	0.000000E+0	4.000000E+0
24-Apr-25	20:28:57	1.000000E-5	-3.454770E+0	-8.000000E-5	8.800000E-6	1.990000E-5	2.720000E-3	2.000000E-5	0.000000E+0	0.000000E+0	1.964247E-4	2.976042E-9	0.000000E+0	0.000000E+0	1.999959E+1	0.000000E+0	4.000000E+0
24-Apr-25	20:28:57	1.000000E-5	-3.443060E+0	-8.000000E-5	8.850000E-6	1.985000E-5	2.720000E-3	2.000000E-5	0.000000E+0	0.000000E+0	1.964247E-4	2.976042E-9	0.000000E+0	0.000000E+0	1.999959E+1	0.000000E+0	4.000000E+0
24-Apr-25	20:28:58	1.000000E-5	-3.433180E+0	-8.000000E-5	8.850000E-6	1.990000E-5	2.720000E-3	2.000000E-5	0.000000E+0	0.000000E+0	1.964247E-4	2.976042E-9	0.000000E+0	0.000000E+0	1.999959E+1	0.000000E+0	4.000000E+0
24-Apr-25	20:28:58	1.000000E-5	-3.425115E+0	-8.000000E-5	8.850000E-6	1.990000E-5	2.720000E-3	2.000000E-5	0.000000E+0	0.000000E+0	1.964247E-4	2.976042E-9	0.000000E+0	0.000000E+0	1.999959E+1	0.000000E+0	4.000000E+0
24-Apr-25	20:28:59	1.000000E-5	-3.416140E+0	-8.000000E-5	8.850000E-6	1.990000E-5	2.720000E-3	2.000000E-5	0.000000E+0	0.000000E+0	1.964247E-4	2.976042E-9	0.000000E+0	0.000000E+0	1.999959E+1	0.000000E+0	4.000000E+0
24-Apr-25	20:28:59	1.000000E-5	-3.407195E+0	-8.000000E-5	8.900000E-6	1.990000E-5	2.710000E-3	2.000000E-5	0.000000E+0	0.000000E+0	1.964247E-4	2.976042E-9	0.000000E+0	0.000000E+0	1.999959E+1	0.000000E+0	4.000000E+0
24-Apr-25	20:29:00	1.000000E-5	-3.398150E+0	-8.000000E-5	8.900000E-6	1.990000E-5	2.710000E-3	2.000000E-5	0.000000E+0	0.000000E+0	1.964247E-4	2.976042E-9	0.000000E+0	0.000000E+0	1.999959E+1	0.000000E+0	4.000000E+0
24-Apr-25	20:29:00	1.000000E-5	-3.388245E+0	-8.000000E-5	8.950000E-6	1.985000E-5	2.720000E-3	2.000000E-5	0.000000E+0	0.000000E+0	1.964247E-4	2.976042E-9	0.000000E+0	0.000000E+0	1.999959E+1	0.000000E+0	4.000000E+0
24-Apr-25	20:29:01	1.000000E-5	-3.378365E+0	-8.000000E-5	8.950000E-6	1.985000E-5	2.710000E-3	2.000000E-5	0.000000E+0	0.000000E+0	1.964247E-4	2.976042E-9	0.000000E+0	0.000000E+0	1.999959E+1	0.000000E+0	4.000000E+0
24-Apr-25	20:29:01	1.000000E-5	-3.369360E+0	-8.000000E-5	8.950000E-6	1.985000E-5	2.710000E-3	2.000000E-5	0.000000E+0	0.000000E+0	1.964247E-4	2.976042E-9	0.000000E+0	0.000000E+0	1.999959E+1	0.000000E+0	4.000000E+0
24-Apr-25	20:29:02	1.000000E-5	-3.361260E+0	-8.000000E-5	8.950000E-6	1.990000E-5	2.710000E-3	2.000000E-5	0.000000E+0	0.000000E+0	1.964247E-4	2.976042E-9	0.000000E+0	0.000000E+0	1.999959E+1	0.000000E+0	4.000000E+0
24-Apr-25	20:29:02	1.000000E-5	-3.352290E+0	-8.000000E-5	8.950000E-6	1.990000E-5	2.710000E-3	2.000000E-5	0.000000E+0	0.000000E+0	1.964247E-4	2.976042E-9	0.000000E+0	0.000000E+0	1.999959E+1	0.000000E+0	4.000000E+0
24-Apr-25	20:29:03	1.000000E-5	-3.339360E+0	-8.000000E-5	9.000000E-6	1.990000E-5	2.720000E-3	2.000000E-5	0.000000E+0	0.000000E+0	1.964247E-4	2.976042E-9	0.000000E+0	0.000000E+0	1.999959E+1	0.000000E+0	4.000000E+0
24-Apr-25	20:29:03	1.000000E-5	-3.327715E+0	-8.000000E-5	9.000000E-6	1.985000E-5	2.720000E-3	2.000000E-5	0.000000E+0	0.000000E+0	1.964247E-4	2.976042E-9	0.000000E+0	0.000000E+0	1.999959E+1	0.000000E+0	4.000000E+0
24-Apr-25	20:29:04	1.000000E-5	-3.317860E+0	-8.000000E-5	9.000000E-6	1.980000E-5	2.720000E-3	2.000000E-5	0.000000E+0	0.000000E+0	1.964247E-4	2.976042E-9	0.000000E+0	0.000000E+0	1.999959E+1	0.000000E+0	4.000000E+0
24-Apr-25	20:29:05	1.000000E-5	-3.308845E+0	-8.000000E-5	9.050000E-6	1.980000E-5	2.720000E-3	2.000000E-5	0.000000E+0	0.000000E+0	1.964247E-4	2.976042E-9	0.000000E+0	0.000000E+0	1.999959E+1	0.000000E+0	4.000000E+0
24-Apr-25	20:29:05	1.000000E-5	-3.298775E+0	-8.000000E-5	9.100000E-6	1.990000E-5	2.720000E-3	2.000000E-5	0.000000E+0	0.000000E+0	1.964247E-4	2.976042E-9	0.000000E+0	0.000000E+0	1.999959E+1	0.000000E+0	4.000000E+0
24-Apr-25	20:29:06	1.000000E-5	-3.289950E+0	-8.000000E-5	9.100000E-6	1.990000E-5	2.720000E-3	2.000000E-5	0.000000E+0	0.000000E+0	1.964247E-4	2.976042E-9	0.000000E+0	0.000000E+0	1.999959E+1	0.000000E+0	4.000000E+0
24-Apr-25	20:29:06	1.000000E-5	-3.280820E+0	-8.000000E-5	9.050000E-6	1.985000E-5	2.720000E-3	2.000000E-5	0.000000E+0	0.000000E+0	1.964247E-4	2.976042E-9	0.000000E+0	0.000000E+0	1.999959E+1	0.000000E+0	4.000000E+0
24-Apr-25	20:29:07	1.000000E-5	-3.271680E+0	-8.000000E-5	9.050000E-6	1.980000E-5	2.710000E-3	2.000000E-5	0.000000E+0	0.000000E+0	1.964247E-4	2.976042E-9	0.000000E+0	0.000000E+0	1.999959E+1	0.000000E+0	4.000000E+0
24-Apr-25	20:29:07	1.000000E-5	-3.262860E+0	-8.000000E-5	9.150000E-6	1.980000E-5	2.710000E-3	2.000000E-5	0.000000E+0	0.000000E+0	1.964247E-4	2.976042E-9	0.000000E+0	0.000000E+0	1.999959E+1	0.000000E+0	4.000000E+0
24-Apr-25	20:29:08	1.000000E-5	-3.254025E+0	-8.000000E-5	9.200000E-6	1.985000E-5	2.710000E-3	2.000000E-5	0.000000E+0	0.000000E+0	1.964247E-4	2.976042E-9	0.000000E+0	0.000000E+0	1.999959E+1	0.000000E+0	4.000000E+0
24-Apr-25	20:29:08	1.000000E-5	-3.245000E+0	-8.000000E-5	9.200000E-6	1.985000E-5	2.710000E-3	2.000000E-5	0.000000E+0	0.000000E+0	1.964247E-4	2.976042E-9	0.000000E+0	0.000000E+0	1.999959E+1	0.000000E+0	4.000000E+0
24-Apr-25	20:29:09	1.000000E-5	-3.236960E+0	-8.000000E-5	9.200000E-6	1.980000E-5	2.710000E-3	2.000000E-5	0.000000E+0	0.000000E+0	1.964247E-4	2.976042E-9	0.000000E+0	0.000000E+0	1.999959E+1	0.000000E+0	4.000000E+0
24-Apr-25	20:29:09	1.000000E-5	-3.227660E+0	-8.000000E-5	9.250000E-6	1.990000E-5	2.710000E-3	2.000000E-5	0.000000E+0	0.000000E+0	1.964247E-4	2.976042E-9	0.000000E+0	0.000000E+0	1.999959E+1	0.000000E+0	4.000000E+0
24-Apr-25	20:29:09	1.000000E-5	-3.219625E+0	-8.000000E-5	9.200000E-6	1.990000E-5	2.710000E-3	2.000000E-5	0.000000E+0	0.000000E+0	1.964247E-4	2.976042E-9	0.000000E+0	0.000000E+0	1.999959E+1	0.000000E+0	4.000000E+0
24-Apr-25	20:29:10	1.000000E-5	-3.209690E+0	-8.000000E-5	9.250000E-6	1.985000E-5	2.710000E-3	2.000000E-5	0.000000E+0	0.000000E+0	1.964247E-4	2.976042E-9	0.000000E+0	0.000000E+0	1.999959E+1	0.000000E+0	4.000000E+0
24-Apr-25	20:29:11	1.000000E-5	-3.197995E+0	-8.000000E-5	9.350000E-6	1.985000E-5	2.710000E-3	2.000000E-5	0.000000E+0	0.000000E+0	1.964247E-4	2.976042E-9	0.000000E+0	0.000000E+0	1.999959E+1	0.000000E+0	4.000000E+0
24-Apr-25	20:29:11	1.000000E-5	-3.189020E+0	-8.000000E-5	9.400000E-6	1.990000E-5	2.710000E-3	2.000000E-5	0.000000E+0	0.000000E+0	1.964247E-4	2.976042E-9	0.000000E+0	0.000000E+0	1.999959E+1	0.000000E+0	4.000000E+0
24-Apr-25	20:29:12	1.000000E-5	-3.180025E+0	-8.000000E-5	9.350000E-6	1.985000E-5	2.710000E-3	2.000000E-5	0.000000E+0	0.000000E+0	1.964247E-4	2.976042E-9	0.000000E+0	0.000000E+0	1.999959E+1	0.000000E+0	4.000000E+0
24-Apr-25	20:29:12	1.000000E-5	-3.171075E+0	-8.000000E-5	9.350000E-6	1.985000E-5	2.710000E-3	2.000000E-5	0.000000E+0	0.000000E+0	1.964247E-4	2.976042E-9	0.000000E+0	0.000000E+0	1.999959E+1	0.000000E+0	4.000000E+0
24-Apr-25	20:29:13	1.000000E-5	-3.157535E+0	-8.000000E-5	9.400000E-6	1.980000E-5	2.710000E-3	2.000000E-5	0.000000E+0	0.000000E+0	1.964247E-4	2.976042E-9	0.000000E+0	0.000000E+0	1.999959E+1	0.000000E+0	4.000000E+0
24-Apr-25	20:29:13	1.000000E-5	-3.147680E+0	-8.000000E-5	9.450000E-6	1.985000E-5	2.710000E-3	2.000000E-5	0.000000E+0	0.000000E+0	1.964247E-4	2.976042E-9	0.000000E+0	0.000000E+0	1.999959E+1	0.000000E+0	4.000000E+0
24-Apr-25	20:29:14	1.000000E-5	-3.139595E+0	-8.000000E-5	9.450000E-6	1.990000E-5	2.710000E-3	2.000000E-5	0.000000E+0	0.000000E+0	1.964247E-4	2.976042E-9	0.000000E+0	0.000000E+0	1.999959E+1	0.000000E+0	4.000000E+0
24-Apr-25	20:29:14	1.000000E-5	-3.130605E+0	-8.000000E-5	9.450000E-6	1.990000E-5	2.710000E-3	2.000000E-5	0.000000E+0	0.000000E+0	1.964247E-4	2.976042E-9	0.000000E+0	0.000000E+0	1.999959E+1	0.000000E+0	4.000000E+0
24-Apr-25	20:29:15	1.000000E-5	-3.121675E+0	-8.000000E-5	9.450000E-6	1.975000E-5	2.710000E-3	2.000000E-5	0.000000E+0	0.000000E+0	1.964247E-4	2.976042E-9	0.000000E+0	0.000000E+0	1.999959E+1	0.000000E+0	4.000000E+0
24-Apr-25	20:29:15	1.000000E-5	-3.112345E+0	-8.000000E-5	9.450000E-6	1.975000E-5	2.710000E-3	2.000000E-5	0.000000E+0	0.000000E+0	1.964247E-4	2.976042E-9	0.000000E+0	0.000000E+0	1.999959E+1	0.000000E+0	4.000000E+0
24-Apr-25	20:29:16	1.000000E-5	-3.099730E+0	-8.000000E-5	9.550000E-6	1.990000E-5	2.710000E-3	2.000000E-5	0.000000E+0	0.000000E+0	1.964247E-4	2.976042E-9	0.000000E+0	0.000000E+0	1.999959E+1	0.000000E+0	4.000000E+0
24-Apr-25	20:29:17	1.000000E-5	-3.085220E+0	-8.000000E-5	9.500000E-6	1.985000E-5	2.710000E-3	2.000000E-5	0.000000E+0	0.000000E+0	1.964247E-4	2.976042E-9	0.000000E+0	0.000000E+0	1.999959E+1	0.000000E+0	4.000000E+0
24-Apr-25	20:29:18	1.000000E-5	-3.071630E+0	-8.000000E-5	9.550000E-6	1.985000E-5	2.710000E-3	2.000000E-5	0.000000E+0	0.000000E+0	1.964247E-4	2.976042E-9	0.000000E+0	0.000000E+0	1.999959E+1	0.000000E+0	4.000000E+0
24-Apr-25	20:29:18	1.000000E-5	-3.061690E+0	-8.000000E-5	9.550000E-6	1.985000E-5	2.710000E-3	2.000000E-5	0.000000E+0	0.000000E+0	1.964247E-4	2.976042E-9	0.000000E+0	0.000000E+0	1.999959E+1	0.000000E+0	4.000000E+0
24-Apr-25	20:29:19	1.000000E-5	-3.052760E+0	-8.000000E-5	9.600000E-6	1.985000E-5	2.710000E-3	2.000000E-5	0.000000E+0	0.000000E+0	1.964247E-4	2.976042E-9	0.000000E+0	0.000000E+0	1.999959E+1	0.000000E+0	4.000000E+0
24-Apr-25	20:29:19	1.000000E-5	-3.043780E+0	-8.000000E-5	9.600000E-6	1.980000E-5	2.710000E-3	2.000000E-5	0.000000E+0	0.000000E+0	1.964247E-4	2.976042E-9	0.000000E+0	0.000000E+0	1.999959E+1	0.000000E+0	4.000000E+0
24-Apr-25	20:29:20	1.000000E-5	-3.034825E+0	-8.000000E-5	9.600000E-6	1.975000E-5	2.710000E-3	2.000000E-5	0.000000E+0	0.000000E+0	1.964247E-4	2.976042E-9	0.000000E+0	0.000000E+0	1.999959E+1	0.000000E+0	4.000000E+0
24-Apr-25	20:29:20	1.000000E-5	-3.025990E+0	-8.000000E-5	9.650000E-6	1.985000E-5	2.710000E-3	2.000000E-5	0.000000E+0	0.000000E+0	1.964247E-4	2.976042E-9	0.000000E+0	0.000000E+0	1.999959E+1	0.000000E+0	4.000000E+0
24-Apr-25	20:29:21	1.000000E-5	-3.015245E+0	-8.000000E-5	9.600000E-6	1.980000E-5	2.710000E-3	2.000000E-5	0.000000E+0	0.000000E+0	1.964247E-4	2.976042E-9	0.000000E+0	0.000000E+0	1.999959E+1	0.000000E+0	4.000000E+0
24-Apr-25	20:29:21	1.000000E-5	-3.007155E+0	-8.000000E-5	9.650000E-6	1.980000E-5	2.710000E-3	2.000000E-5	0.000000E+0	0.000000E+0	1.964247E-4	2.976042E-9	0.000000E+0	0.000000E+0	1.999959E+1	0.000000E+0	4.000000E+0
24-Apr-25	20:29:22	1.000000E-5	-2.998180E+0	-8.000000E-5	9.650000E-6	1.980000E-5	2.710000E-3	2.000000E-5	0.000000E+0	0.000000E+0	1.964247E-4	2.976042E-9	0.000000E+0	0.000000E+0	1.999959E+1	0.000000E+0	4.000000E+0
24-Apr-25	20:29:22	1.000000E-5	-2.989165E+0	-8.000000E-5	9.700000E-6	1.980000E-5	2.710000E-3	2.000000E-5	0.000000E+0	0.000000E+0	1.964247E-4	2.976042E-9	0.000000E+0	0.000000E+0	1.999959E+1	0.000000E+0	4.000000E+0
24-Apr-25	20:29:23	1.000000E-5	-2.980160E+0	-8.000000E-5	9.750000E-6	1.985000E-5	2.710000E-3	2.000000E-5	0.000000E+0	0.000000E+0	1.964247E-4	2.976042E-9	0.000000E+0	0.000000E+0	1.999959E+1	0.000000E+0	4.000000E+0
24-Apr-25	20:29:24	1.000000E-5	-2.971175E+0	-8.000000E-5	9.800000E-6	1.980000E-5	2.710000E-3	2.000000E-5	0.000000E+0	0.000000E+0	1.964247E-4	2.976042E-9	0.000000E+0	0.000000E+0	1.999959E+1	0.000000E+0	4.000000E+0
24-Apr-25	20:29:24	1.000000E-5	-2.957395E+0	-8.000000E-5	9.800000E-6	1.980000E-5	2.710000E-3	2.000000E-5	0.000000E+0	0.000000E+0	1.964247E-4	2.976042E-9	0.000000E+0	0.000000E+0	1.999959E+1	0.000000E+0	4.000000E+0
24-Apr-25	20:29:25	1.000000E-5	-2.947510E+0	-8.000000E-5	9.800000E-6	1.980000E-5	2.710000E-3	2.000000E-5	0.000000E+0	0.000000E+0	1.964247E-4	2.976042E-9	0.000000E+0	0.000000E+0	1.999959E+1	0.000000E+0	4.000000E+0
24-Apr-25	20:29:25	1.000000E-5	-2.938525E+0	-8.000000E-5	9.850000E-6	1.975000E-5	2.710000E-3	2.000000E-5	0.000000E+0	0.000000E+0	1.964247E-4	2.976042E-9	0.000000E+0	0.000000E+0	1.999959E+1	0.000000E+0	4.000000E+0
24-Apr-25	20:29:26	1.000000E-5	-2.928660E+0	-8.000000E-5	9.900000E-6	1.980000E-5	2.710000E-3	2.000000E-5	0.000000E+0	0.000000E+0	1.964247E-4	2.976042E-9	0.000000E+0	0.000000E+0	1.999959E+1	0.000000E+0	4.000000E+0
24-Apr-25	20:29:26	1.000000E-5	-2.919590E+0	-8.000000E-5	9.900000E-6	1.985000E-5	2.710000E-3	2.000000E-5	0.000000E+0	0.000000E+0	1.964247E-4	2.976042E-9	0.000000E+0	0.000000E+0	1.999959E+1	0.000000E+0	4.000000E+0
24-Apr-25	20:29:27	1.000000E-5	-2.910640E+0	-8.000000E-5	9.900000E-6	1.985000E-5	2.710000E-3	2.000000E-5	0.000000E+0	0.000000E+0	1.964247E-4	2.976042E-9	0.000000E+0	0.000000E+0	1.999959E+1	0.000000E+0	4.000000E+0
24-Apr-25	20:29:27	1.000000E-5	-2.900605E+0	-8.000000E-5	9.950000E-6	1.980000E-5	2.710000E-3	2.000000E-5	0.000000E+0	0.000000E+0	1.964247E-4	2.976042E-9	0.000000E+0	0.000000E+0	1.999959E+1	0.000000E+0	4.000000E+0
24-Apr-25	20:29:28	1.000000E-5	-2.891470E+0	-8.000000E-5	9.950000E-6	1.975000E-5	2.710000E-3	2.000000E-5	0.000000E+0	0.000000E+0	1.964247E-4	2.976042E-9	0.000000E+0	0.000000E+0	1.999959E+1	0.000000E+0	4.000000E+0
24-Apr-25	20:29:28	1.000000E-5	-2.881590E+0	-8.000000E-5	9.950000E-6	1.980000E-5	2.710000E-3	2.000000E-5	0.000000E+0	0.000000E+0	1.964247E-4	2.976042E-9	0.000000E+0	0.000000E+0	1.999959E+1	0.000000E+0	4.000000E+0
24-Apr-25	20:29:29	1.000000E-5	-2.873460E+0	-8.000000E-5	1.000000E-5	1.975000E-5	2.710000E-3	2.000000E-5	0.000000E+0	0.000000E+0	1.964247E-4	2.976042E-9	0.000000E+0	0.000000E+0	1.999959E+1	0.000000E+0	4.000000E+0
24-Apr-25	20:29:29	1.000000E-5	-2.864475E+0	-8.000000E-5	1.005000E-5	1.975000E-5	2.710000E-3	2.000000E-5	0.000000E+0	0.000000E+0	1.964247E-4	2.976042E-9	0.000000E+0	0.000000E+0	1.999959E+1	0.000000E+0	4.000000E+0
24-Apr-25	20:29:30	1.000000E-5	-2.855510E+0	-8.000000E-5	1.000000E-5	1.980000E-5	2.710000E-3	2.000000E-5	0.000000E+0	0.000000E+0	1.964247E-4	2.976042E-9	0.000000E+0	0.000000E+0	1.999959E+1	0.000000E+0	4.000000E+0
24-Apr-25	20:29:30	1.000000E-5	-2.842665E+0	-8.000000E-5	1.010000E-5	1.975000E-5	2.710000E-3	2.000000E-5	0.000000E+0	0.000000E+0	1.964247E-4	2.976042E-9	0.000000E+0	0.000000E+0	1.999959E+1	0.000000E+0	4.000000E+0
24-Apr-25	20:29:31	1.000000E-5	-2.833715E+0	-8.000000E-5	1.015000E-5	1.980000E-5	2.710000E-3	2.000000E-5	0.000000E+0	0.000000E+0	1.964247E-4	2.976042E-9	0.000000E+0	0.000000E+0	1.999959E+1	0.000000E+0	4.000000E+0
24-Apr-25	20:29:32	1.000000E-5	-2.824645E+0	-8.000000E-5	1.005000E-5	1.980000E-5	2.710000E-3	2.000000E-5	0.000000E+0	0.000000E+0	1.964247E-4	2.976042E-9	0.000000E+0	0.000000E+0	1.999959E+1	0.000000E+0	4.000000E+0
24-Apr-25	20:29:32	1.000000E-5	-2.813840E+0	-8.000000E-5	1.005000E-5	1.980000E-5	2.710000E-3	2.000000E-5	0.000000E+0	0.000000E+0	1.964247E-4	2.976042E-9	0.000000E+0	0.000000E+0	1.999959E+1	0.000000E+0	4.000000E+0
24-Apr-25	20:29:33	1.000000E-5	-2.805755E+0	-8.000000E-5	1.015000E-5	1.975000E-5	2.710000E-3	2.000000E-5	0.000000E+0	0.000000E+0	1.964247E-4	2.976042E-9	0.000000E+0	0.000000E+0	1.999959E+1	0.000000E+0	4.000000E+0
24-Apr-25	20:29:33	1.000000E-5	-2.796770E+0	-8.000000E-5	1.015000E-5	1.985000E-5	2.710000E-3	2.000000E-5	0.000000E+0	0.000000E+0	1.964247E-4	2.976042E-9	0.000000E+0	0.000000E+0	1.999959E+1	0.000000E+0	4.000000E+0
24-Apr-25	20:29:34	1.000000E-5	-2.787795E+0	-8.000000E-5	1.015000E-5	1.980000E-5	2.710000E-3	2.000000E-5	0.000000E+0	0.000000E+0	1.964247E-4	2.976042E-9	0.000000E+0	0.000000E+0	1.999959E+1	0.000000E+0	4.000000E+0
24-Apr-25	20:29:34	1.000000E-5	-2.778765E+0	-8.000000E-5	1.015000E-5	1.980000E-5	2.710000E-3	2.000000E-5	0.000000E+0	0.000000E+0	1.964247E-4	2.976042E-9	0.000000E+0	0.000000E+0	1.999959E+1	0.000000E+0	4.000000E+0
24-Apr-25	20:29:35	1.000000E-5	-2.769785E+0	-8.000000E-5	1.020000E-5	1.980000E-5	2.710000E-3	2.000000E-5	0.000000E+0	0.000000E+0	1.964247E-4	2.976042E-9	0.000000E+0	0.000000E+0	1.999959E+1	0.000000E+0	4.000000E+0
24-Apr-25	20:29:35	1.000000E-5	-2.760825E+0	-8.000000E-5	1.020000E-5	1.975000E-5	2.710000E-3	2.000000E-5	0.000000E+0	0.000000E+0	1.964247E-4	2.976042E-9	0.000000E+0	0.000000E+0	1.999959E+1	0.000000E+0	4.000000E+0
24-Apr-25	20:29:36	1.000000E-5	-2.751870E+0	-8.000000E-5	1.020000E-5	1.980000E-5	2.710000E-3	2.000000E-5	0.000000E+0	0.000000E+0	1.964247E-4	2.976042E-9	0.000000E+0	0.000000E+0	1.999959E+1	0.000000E+0	4.000000E+0
24-Apr-25	20:29:36	1.000000E-5	-2.741105E+0	-8.000000E-5	1.025000E-5	1.975000E-5	2.710000E-3	2.000000E-5	0.000000E+0	0.000000E+0	1.964247E-4	2.976042E-9	0.000000E+0	0.000000E+0	1.999959E+1	0.000000E+0	4.000000E+0
24-Apr-25	20:29:37	1.000000E-5	-2.728470E+0	-8.000000E-5	1.035000E-5	1.980000E-5	2.710000E-3	2.000000E-5	0.000000E+0	0.000000E+0	1.964247E-4	2.976042E-9	0.000000E+0	0.000000E+0	1.999959E+1	0.000000E+0	4.000000E+0
24-Apr-25	20:29:38	1.000000E-5	-2.715600E+0	-8.000000E-5	1.035000E-5	1.975000E-5	2.710000E-3	2.000000E-5	0.000000E+0	0.000000E+0	1.964247E-4	2.976042E-9	0.000000E+0	0.000000E+0	1.999959E+1	0.000000E+0	4.000000E+0
24-Apr-25	20:29:38	1.000000E-5	-2.706740E+0	-8.000000E-5	1.040000E-5	1.970000E-5	2.710000E-3	2.000000E-5	0.000000E+0	0.000000E+0	1.964247E-4	2.976042E-9	0.000000E+0	0.000000E+0	1.999959E+1	0.000000E+0	4.000000E+0
24-Apr-25	20:29:39	1.000000E-5	-2.697645E+0	-8.000000E-5	1.040000E-5	1.975000E-5	2.710000E-3	2.000000E-5	0.000000E+0	0.000000E+0	1.964247E-4	2.976042E-9	0.000000E+0	0.000000E+0	1.999959E+1	0.000000E+0	4.000000E+0
24-Apr-25	20:29:39	1.000000E-5	-2.689525E+0	-8.000000E-5	1.040000E-5	1.980000E-5	2.710000E-3	2.000000E-5	0.000000E+0	0.000000E+0	1.964247E-4	2.976042E-9	0.000000E+0	0.000000E+0	1.999959E+1	0.000000E+0	4.000000E+0
24-Apr-25	20:29:39	1.000000E-5	-2.681575E+0	-8.000000E-5	1.045000E-5	1.970000E-5	2.710000E-3	2.000000E-5	0.000000E+0	0.000000E+0	1.964247E-4	2.976042E-9	0.000000E+0	0.000000E+0	1.999959E+1	0.000000E+0	4.000000E+0
24-Apr-25	20:29:40	1.000000E-5	-2.672450E+0	-8.000000E-5	1.045000E-5	1.975000E-5	2.710000E-3	2.000000E-5	0.000000E+0	0.000000E+0	1.964247E-4	2.976042E-9	0.000000E+0	0.000000E+0	1.999959E+1	0.000000E+0	4.000000E+0
24-Apr-25	20:29:40	1.000000E-5	-2.663510E+0	-8.000000E-5	1.045000E-5	1.975000E-5	2.710000E-3	2.000000E-5	0.000000E+0	0.000000E+0	1.964247E-4	2.976042E-9	0.000000E+0	0.000000E+0	1.999959E+1	0.000000E+0	4.000000E+0
24-Apr-25	20:29:41	1.000000E-5	-2.654530E+0	-8.000000E-5	1.050000E-5	1.975000E-5	2.710000E-3	2.000000E-5	0.000000E+0	0.000000E+0	1.964247E-4	2.976042E-9	0.000000E+0	0.000000E+0	1.999959E+1	0.000000E+0	4.000000E+0
24-Apr-25	20:29:41	1.000000E-5	-2.646465E+0	-8.000000E-5	1.050000E-5	1.980000E-5	2.710000E-3	2.000000E-5	0.000000E+0	0.000000E+0	1.964247E-4	2.976042E-9	0.000000E+0	0.000000E+0	1.999959E+1	0.000000E+0	4.000000E+0
24-Apr-25	20:29:42	1.000000E-5	-2.638320E+0	-8.000000E-5	1.055000E-5	1.975000E-5	2.710000E-3	2.000000E-5	0.000000E+0	0.000000E+0	1.964247E-4	2.976042E-9	0.000000E+0	0.000000E+0	1.999959E+1	0.000000E+0	4.000000E+0
24-Apr-25	20:29:42	1.000000E-5	-2.629305E+0	-8.000000E-5	1.055000E-5	1.975000E-5	2.710000E-3	2.000000E-5	0.000000E+0	0.000000E+0	1.964247E-4	2.976042E-9	0.000000E+0	0.000000E+0	1.999959E+1	0.000000E+0	4.000000E+0
24-Apr-25	20:29:43	1.000000E-5	-2.620335E+0	-8.000000E-5	1.050000E-5	1.975000E-5	2.710000E-3	2.000000E-5	0.000000E+0	0.000000E+0	1.964247E-4	2.976042E-9	0.000000E+0	0.000000E+0	1.999959E+1	0.000000E+0	4.000000E+0
24-Apr-25	20:29:43	1.000000E-5	-2.610455E+0	-8.000000E-5	1.055000E-5	1.970000E-5	2.710000E-3	2.000000E-5	0.000000E+0	0.000000E+0	1.964247E-4	2.976042E-9	0.000000E+0	0.000000E+0	1.999959E+1	0.000000E+0	4.000000E+0
24-Apr-25	20:29:44	1.000000E-5	-2.600540E+0	-8.000000E-5	1.060000E-5	1.970000E-5	2.710000E-3	2.000000E-5	0.000000E+0	0.000000E+0	1.964247E-4	2.976042E-9	0.000000E+0	0.000000E+0	1.999959E+1	0.000000E+0	4.000000E+0
24-Apr-25	20:29:44	1.000000E-5	-2.591540E+0	-8.000000E-5	1.060000E-5	1.975000E-5	2.710000E-3	2.000000E-5	0.000000E+0	0.000000E+0	1.964247E-4	2.976042E-9	0.000000E+0	0.000000E+0	1.999959E+1	0.000000E+0	4.000000E+0
24-Apr-25	20:29:45	1.000000E-5	-2.582515E+0	-8.000000E-5	1.060000E-5	1.975000E-5	2.710000E-3	2.000000E-5	0.000000E+0	0.000000E+0	1.964247E-4	2.976042E-9	0.000000E+0	0.000000E+0	1.999959E+1	0.000000E+0	4.000000E+0
24-Apr-25	20:29:46	1.000000E-5	-2.572660E+0	-8.000000E-5	1.065000E-5	1.975000E-5	2.710000E-3	2.000000E-5	0.000000E+0	0.000000E+0	1.964247E-4	2.976042E-9	0.000000E+0	0.000000E+0	1.999959E+1	0.000000E+0	4.000000E+0
24-Apr-25	20:29:46	1.000000E-5	-2.563685E+0	-8.000000E-5	1.070000E-5	1.975000E-5	2.710000E-3	2.000000E-5	0.000000E+0	0.000000E+0	1.964247E-4	2.976042E-9	0.000000E+0	0.000000E+0	1.999959E+1	0.000000E+0	4.000000E+0
24-Apr-25	20:29:47	1.000000E-5	-2.553825E+0	-8.000000E-5	1.075000E-5	1.970000E-5	2.710000E-3	2.000000E-5	0.000000E+0	0.000000E+0	1.964247E-4	2.976042E-9	0.000000E+0	0.000000E+0	1.999959E+1	0.000000E+0	4.000000E+0
24-Apr-25	20:29:48	1.000000E-5	-2.539085E+0	-8.000000E-5	1.075000E-5	1.965000E-5	2.710000E-3	2.000000E-5	0.000000E+0	0.000000E+0	1.964247E-4	2.976042E-9	0.000000E+0	0.000000E+0	1.999959E+1	0.000000E+0	4.000000E+0
24-Apr-25	20:29:48	1.000000E-5	-2.525465E+0	-8.000000E-5	1.075000E-5	1.970000E-5	2.710000E-3	2.000000E-5	0.000000E+0	0.000000E+0	1.964247E-4	2.976042E-9	0.000000E+0	0.000000E+0	1.999959E+1	0.000000E+0	4.000000E+0
24-Apr-25	20:29:49	1.000000E-5	-2.515605E+0	-8.000000E-5	1.080000E-5	1.970000E-5	2.710000E-3	2.000000E-5	0.000000E+0	0.000000E+0	1.964247E-4	2.976042E-9	0.000000E+0	0.000000E+0	1.999959E+1	0.000000E+0	4.000000E+0
24-Apr-25	20:29:49	1.000000E-5	-2.505540E+0	-8.000000E-5	1.085000E-5	1.965000E-5	2.710000E-3	2.000000E-5	0.000000E+0	0.000000E+0	1.964247E-4	2.976042E-9	0.000000E+0	0.000000E+0	1.999959E+1	0.000000E+0	4.000000E+0
24-Apr-25	20:29:50	1.000000E-5	-2.496555E+0	-8.000000E-5	1.085000E-5	1.970000E-5	2.710000E-3	2.000000E-5	0.000000E+0	0.000000E+0	1.964247E-4	2.976042E-9	0.000000E+0	0.000000E+0	1.999959E+1	0.000000E+0	4.000000E+0
24-Apr-25	20:29:50	1.000000E-5	-2.487575E+0	-8.000000E-5	1.085000E-5	1.970000E-5	2.710000E-3	2.000000E-5	0.000000E+0	0.000000E+0	1.964247E-4	2.976042E-9	0.000000E+0	0.000000E+0	1.999959E+1	0.000000E+0	4.000000E+0
24-Apr-25	20:29:51	1.000000E-5	-2.478635E+0	-8.000000E-5	1.080000E-5	1.970000E-5	2.710000E-3	2.000000E-5	0.000000E+0	0.000000E+0	1.964247E-4	2.976042E-9	0.000000E+0	0.000000E+0	1.999959E+1	0.000000E+0	4.000000E+0
24-Apr-25	20:29:51	1.000000E-5	-2.469625E+0	-8.000000E-5	1.090000E-5	1.970000E-5	2.710000E-3	2.000000E-5	0.000000E+0	0.000000E+0	1.964247E-4	2.976042E-9	0.000000E+0	0.000000E+0	1.999959E+1	0.000000E+0	4.000000E+0
24-Apr-25	20:29:52	1.000000E-5	-2.460680E+0	-8.000000E-5	1.090000E-5	1.965000E-5	2.710000E-3	2.000000E-5	0.000000E+0	0.000000E+0	1.964247E-4	2.976042E-9	0.000000E+0	0.000000E+0	1.999959E+1	0.000000E+0	4.000000E+0
24-Apr-25	20:29:52	1.000000E-5	-2.451655E+0	-8.000000E-5	1.100000E-5	1.965000E-5	2.710000E-3	2.000000E-5	0.000000E+0	0.000000E+0	1.964247E-4	2.976042E-9	0.000000E+0	0.000000E+0	1.999959E+1	0.000000E+0	4.000000E+0
24-Apr-25	20:29:53	1.000000E-5	-2.440840E+0	-8.000000E-5	1.090000E-5	1.975000E-5	2.710000E-3	2.000000E-5	0.000000E+0	0.000000E+0	1.964247E-4	2.976042E-9	0.000000E+0	0.000000E+0	1.999959E+1	0.000000E+0	4.000000E+0
24-Apr-25	20:29:53	1.000000E-5	-2.431880E+0	-8.000000E-5	1.100000E-5	1.975000E-5	2.710000E-3	2.000000E-5	0.000000E+0	0.000000E+0	1.964247E-4	2.976042E-9	0.000000E+0	0.000000E+0	1.999959E+1	0.000000E+0	4.000000E+0
24-Apr-25	20:29:54	1.000000E-5	-2.423770E+0	-8.000000E-5	1.100000E-5	1.970000E-5	2.710000E-3	2.000000E-5	0.000000E+0	0.000000E+0	1.964247E-4	2.976042E-9	0.000000E+0	0.000000E+0	1.999959E+1	0.000000E+0	4.000000E+0
24-Apr-25	20:29:54	1.000000E-5	-2.414845E+0	-8.000000E-5	1.100000E-5	1.970000E-5	2.710000E-3	2.000000E-5	0.000000E+0	0.000000E+0	1.964247E-4	2.976042E-9	0.000000E+0	0.000000E+0	1.999959E+1	0.000000E+0	4.000000E+0
24-Apr-25	20:29:55	1.000000E-5	-2.405795E+0	-8.000000E-5	1.110000E-5	1.975000E-5	2.710000E-3	2.000000E-5	0.000000E+0	0.000000E+0	1.964247E-4	2.976042E-9	0.000000E+0	0.000000E+0	1.999959E+1	0.000000E+0	4.000000E+0
24-Apr-25	20:29:55	1.000000E-5	-2.396810E+0	-8.000000E-5	1.105000E-5	1.970000E-5	2.710000E-3	2.000000E-5	0.000000E+0	0.000000E+0	1.964247E-4	2.976042E-9	0.000000E+0	0.000000E+0	1.999959E+1	0.000000E+0	4.000000E+0
24-Apr-25	20:29:56	1.000000E-5	-2.383955E+0	-8.000000E-5	1.115000E-5	1.965000E-5	2.710000E-3	2.000000E-5	0.000000E+0	0.000000E+0	1.964247E-4	2.976042E-9	0.000000E+0	0.000000E+0	1.999959E+1	0.000000E+0	4.000000E+0
24-Apr-25	20:29:57	1.000000E-5	-2.374955E+0	-8.000000E-5	1.115000E-5	1.965000E-5	2.710000E-3	2.000000E-5	0.000000E+0	0.000000E+0	1.964247E-4	2.976042E-9	0.000000E+0	0.000000E+0	1.999959E+1	0.000000E+0	4.000000E+0
24-Apr-25	20:29:57	1.000000E-5	-2.366340E+0	-8.000000E-5	1.120000E-5	1.970000E-5	2.710000E-3	2.000000E-5	0.000000E+0	0.000000E+0	1.964247E-4	2.976042E-9	0.000000E+0	0.000000E+0	1.999959E+1	0.000000E+0	4.000000E+0
24-Apr-25	20:29:58	1.000000E-5	-2.353380E+0	-8.000000E-5	1.115000E-5	1.975000E-5	2.710000E-3	2.000000E-5	0.000000E+0	0.000000E+0	1.964247E-4	2.976042E-9	0.000000E+0	0.000000E+0	1.999959E+1	0.000000E+0	4.000000E+0
24-Apr-25	20:29:58	1.000000E-5	-2.345280E+0	-8.000000E-5	1.115000E-5	1.965000E-5	2.710000E-3	2.000000E-5	0.000000E+0	0.000000E+0	1.964247E-4	2.976042E-9	0.000000E+0	0.000000E+0	1.999959E+1	0.000000E+0	4.000000E+0
24-Apr-25	20:29:59	1.000000E-5	-2.337230E+0	-8.000000E-5	1.130000E-5	1.965000E-5	2.710000E-3	2.000000E-5	0.000000E+0	0.000000E+0	1.964247E-4	2.976042E-9	0.000000E+0	0.000000E+0	1.999959E+1	0.000000E+0	4.000000E+0
24-Apr-25	20:29:59	1.000000E-5	-2.328215E+0	-8.000000E-5	1.130000E-5	1.965000E-5	2.710000E-3	2.000000E-5	0.000000E+0	0.000000E+0	1.964247E-4	2.976042E-9	0.000000E+0	0.000000E+0	1.999959E+1	0.000000E+0	4.000000E+0
24-Apr-25	20:30:00	1.000000E-5	-2.319285E+0	-8.000000E-5	1.130000E-5	1.965000E-5	2.710000E-3	2.000000E-5	0.000000E+0	0.000000E+0	1.964247E-4	2.976042E-9	0.000000E+0	0.000000E+0	1.999959E+1	0.000000E+0	4.000000E+0
24-Apr-25	20:30:00	1.000000E-5	-2.309370E+0	-8.000000E-5	1.135000E-5	1.970000E-5	2.710000E-3	2.000000E-5	0.000000E+0	0.000000E+0	1.964247E-4	2.976042E-9	0.000000E+0	0.000000E+0	1.999959E+1	0.000000E+0	4.000000E+0
24-Apr-25	20:30:01	1.000000E-5	-2.295605E+0	-8.000000E-5	1.140000E-5	1.970000E-5	2.710000E-3	2.000000E-5	0.000000E+0	0.000000E+0	1.964247E-4	2.976042E-9	0.000000E+0	0.000000E+0	1.999959E+1	0.000000E+0	4.000000E+0
24-Apr-25	20:30:02	1.000000E-5	-2.284850E+0	-8.000000E-5	1.135000E-5	1.965000E-5	2.710000E-3	2.000000E-5	0.000000E+0	0.000000E+0	1.964247E-4	2.976042E-9	0.000000E+0	0.000000E+0	1.999959E+1	0.000000E+0	4.000000E+0
24-Apr-25	20:30:02	1.000000E-5	-2.276790E+0	-8.000000E-5	1.135000E-5	1.970000E-5	2.710000E-3	2.000000E-5	0.000000E+0	0.000000E+0	1.964247E-4	2.976042E-9	0.000000E+0	0.000000E+0	1.999959E+1	0.000000E+0	4.000000E+0
24-Apr-25	20:30:03	1.000000E-5	-2.267825E+0	-8.000000E-5	1.145000E-5	1.970000E-5	2.710000E-3	2.000000E-5	0.000000E+0	0.000000E+0	1.964247E-4	2.976042E-9	0.000000E+0	0.000000E+0	1.999959E+1	0.000000E+0	4.000000E+0
24-Apr-25	20:30:03	1.000000E-5	-2.259665E+0	-8.000000E-5	1.145000E-5	1.965000E-5	2.710000E-3	2.000000E-5	0.000000E+0	0.000000E+0	1.964247E-4	2.976042E-9	0.000000E+0	0.000000E+0	1.999959E+1	0.000000E+0	4.000000E+0
24-Apr-25	20:30:03	1.000000E-5	-2.250670E+0	-8.000000E-5	1.140000E-5	1.965000E-5	2.710000E-3	2.000000E-5	0.000000E+0	0.000000E+0	1.964247E-4	2.976042E-9	0.000000E+0	0.000000E+0	1.999959E+1	0.000000E+0	4.000000E+0
24-Apr-25	20:30:04	1.000000E-5	-2.242590E+0	-8.000000E-5	1.145000E-5	1.970000E-5	2.710000E-3	2.000000E-5	0.000000E+0	0.000000E+0	1.964247E-4	2.976042E-9	0.000000E+0	0.000000E+0	1.999959E+1	0.000000E+0	4.000000E+0
24-Apr-25	20:30:04	1.000000E-5	-2.233585E+0	-8.000000E-5	1.150000E-5	1.970000E-5	2.710000E-3	2.000000E-5	0.000000E+0	0.000000E+0	1.964247E-4	2.976042E-9	0.000000E+0	0.000000E+0	1.999959E+1	0.000000E+0	4.000000E+0
24-Apr-25	20:30:05	1.000000E-5	-2.224620E+0	-8.000000E-5	1.155000E-5	1.965000E-5	2.710000E-3	2.000000E-5	0.000000E+0	0.000000E+0	1.964247E-4	2.976042E-9	0.000000E+0	0.000000E+0	1.999959E+1	0.000000E+0	4.000000E+0
24-Apr-25	20:30:05	1.000000E-5	-2.216500E+0	-8.000000E-5	1.150000E-5	1.965000E-5	2.710000E-3	2.000000E-5	0.000000E+0	0.000000E+0	1.964247E-4	2.976042E-9	0.000000E+0	0.000000E+0	1.999959E+1	0.000000E+0	4.000000E+0
24-Apr-25	20:30:06	1.000000E-5	-2.207480E+0	-8.000000E-5	1.150000E-5	1.970000E-5	2.710000E-3	2.000000E-5	0.000000E+0	0.000000E+0	1.964247E-4	2.976042E-9	0.000000E+0	0.000000E+0	1.999959E+1	0.000000E+0	4.000000E+0
24-Apr-25	20:30:07	1.000000E-5	-2.194625E+0	-8.000000E-5	1.155000E-5	1.960000E-5	2.710000E-3	2.000000E-5	0.000000E+0	0.000000E+0	1.964247E-4	2.976042E-9	0.000000E+0	0.000000E+0	1.999959E+1	0.000000E+0	4.000000E+0
24-Apr-25	20:30:07	1.000000E-5	-2.185645E+0	-8.000000E-5	1.160000E-5	1.965000E-5	2.710000E-3	2.000000E-5	0.000000E+0	0.000000E+0	1.964247E-4	2.976042E-9	0.000000E+0	0.000000E+0	1.999959E+1	0.000000E+0	4.000000E+0
24-Apr-25	20:30:08	1.000000E-5	-2.176680E+0	-8.000000E-5	1.160000E-5	1.965000E-5	2.710000E-3	2.000000E-5	0.000000E+0	0.000000E+0	1.964247E-4	2.976042E-9	0.000000E+0	0.000000E+0	1.999959E+1	0.000000E+0	4.000000E+0
24-Apr-25	20:30:08	1.000000E-5	-2.167665E+0	-8.000000E-5	1.160000E-5	1.960000E-5	2.710000E-3	2.000000E-5	0.000000E+0	0.000000E+0	1.964247E-4	2.976042E-9	0.000000E+0	0.000000E+0	1.999959E+1	0.000000E+0	4.000000E+0
24-Apr-25	20:30:09	1.000000E-5	-2.158630E+0	-8.000000E-5	1.165000E-5	1.970000E-5	2.710000E-3	2.000000E-5	0.000000E+0	0.000000E+0	1.964247E-4	2.976042E-9	0.000000E+0	0.000000E+0	1.999959E+1	0.000000E+0	4.000000E+0
24-Apr-25	20:30:09	1.000000E-5	-2.149675E+0	-8.000000E-5	1.160000E-5	1.965000E-5	2.710000E-3	2.000000E-5	0.000000E+0	0.000000E+0	1.964247E-4	2.976042E-9	0.000000E+0	0.000000E+0	1.999959E+1	0.000000E+0	4.000000E+0
24-Apr-25	20:30:10	1.000000E-5	-2.137100E+0	-8.000000E-5	1.165000E-5	1.970000E-5	2.710000E-3	2.000000E-5	0.000000E+0	0.000000E+0	1.964247E-4	2.976042E-9	0.000000E+0	0.000000E+0	1.999959E+1	0.000000E+0	4.000000E+0
24-Apr-25	20:30:10	1.000000E-5	-2.128115E+0	-8.000000E-5	1.170000E-5	1.965000E-5	2.710000E-3	2.000000E-5	0.000000E+0	0.000000E+0	1.964247E-4	2.976042E-9	0.000000E+0	0.000000E+0	1.999959E+1	0.000000E+0	4.000000E+0
24-Apr-25	20:30:11	1.000000E-5	-2.117910E+0	-8.000000E-5	1.170000E-5	1.970000E-5	2.710000E-3	2.000000E-5	0.000000E+0	0.000000E+0	1.964247E-4	2.976042E-9	0.000000E+0	0.000000E+0	1.999959E+1	0.000000E+0	4.000000E+0
24-Apr-25	20:30:11	1.000000E-5	-2.108905E+0	-8.000000E-5	1.170000E-5	1.965000E-5	2.710000E-3	2.000000E-5	0.000000E+0	0.000000E+0	1.964247E-4	2.976042E-9	0.000000E+0	0.000000E+0	1.999959E+1	0.000000E+0	4.000000E+0
24-Apr-25	20:30:12	1.000000E-5	-2.099965E+0	-8.000000E-5	1.175000E-5	1.965000E-5	2.710000E-3	2.000000E-5	0.000000E+0	0.000000E+0	1.964247E-4	2.976042E-9	0.000000E+0	0.000000E+0	1.999959E+1	0.000000E+0	4.000000E+0
24-Apr-25	20:30:12	1.000000E-5	-2.090965E+0	-8.000000E-5	1.180000E-5	1.960000E-5	2.710000E-3	2.000000E-5	0.000000E+0	0.000000E+0	1.964247E-4	2.976042E-9	0.000000E+0	0.000000E+0	1.999959E+1	0.000000E+0	4.000000E+0
24-Apr-25	20:30:13	1.000000E-5	-2.082015E+0	-8.000000E-5	1.175000E-5	1.965000E-5	2.710000E-3	2.000000E-5	0.000000E+0	0.000000E+0	1.964247E-4	2.976042E-9	0.000000E+0	0.000000E+0	1.999959E+1	0.000000E+0	4.000000E+0
24-Apr-25	20:30:13	1.000000E-5	-2.073005E+0	-8.000000E-5	1.180000E-5	1.965000E-5	2.710000E-3	2.000000E-5	0.000000E+0	0.000000E+0	1.964247E-4	2.976042E-9	0.000000E+0	0.000000E+0	1.999959E+1	0.000000E+0	4.000000E+0
24-Apr-25	20:30:14	1.000000E-5	-2.063080E+0	-8.000000E-5	1.185000E-5	1.965000E-5	2.710000E-3	2.000000E-5	0.000000E+0	0.000000E+0	1.964247E-4	2.976042E-9	0.000000E+0	0.000000E+0	1.999959E+1	0.000000E+0	4.000000E+0
24-Apr-25	20:30:14	1.000000E-5	-2.053225E+0	-8.000000E-5	1.185000E-5	1.965000E-5	2.710000E-3	2.000000E-5	0.000000E+0	0.000000E+0	1.964247E-4	2.976042E-9	0.000000E+0	0.000000E+0	1.999959E+1	0.000000E+0	4.000000E+0
24-Apr-25	20:30:15	1.000000E-5	-2.045110E+0	-8.000000E-5	1.185000E-5	1.960000E-5	2.710000E-3	2.000000E-5	0.000000E+0	0.000000E+0	1.964247E-4	2.976042E-9	0.000000E+0	0.000000E+0	1.999959E+1	0.000000E+0	4.000000E+0
24-Apr-25	20:30:16	1.000000E-5	-2.032535E+0	-8.000000E-5	1.190000E-5	1.955000E-5	2.710000E-3	2.000000E-5	0.000000E+0	0.000000E+0	1.964247E-4	2.976042E-9	0.000000E+0	0.000000E+0	1.999959E+1	0.000000E+0	4.000000E+0
24-Apr-25	20:30:16	1.000000E-5	-2.022615E+0	-8.000000E-5	1.190000E-5	1.960000E-5	2.710000E-3	2.000000E-5	0.000000E+0	0.000000E+0	1.964247E-4	2.976042E-9	0.000000E+0	0.000000E+0	1.999959E+1	0.000000E+0	4.000000E+0
24-Apr-25	20:30:17	1.000000E-5	-2.013650E+0	-8.000000E-5	1.195000E-5	1.960000E-5	2.710000E-3	2.000000E-5	0.000000E+0	0.000000E+0	1.964247E-4	2.976042E-9	0.000000E+0	0.000000E+0	1.999959E+1	0.000000E+0	4.000000E+0
24-Apr-25	20:30:17	1.000000E-5	-2.004685E+0	-8.000000E-5	1.195000E-5	1.960000E-5	2.710000E-3	2.000000E-5	0.000000E+0	0.000000E+0	1.964247E-4	2.976042E-9	0.000000E+0	0.000000E+0	1.999959E+1	0.000000E+0	4.000000E+0
24-Apr-25	20:30:18	1.000000E-5	-1.995715E+0	-8.000000E-5	1.200000E-5	1.965000E-5	2.710000E-3	2.000000E-5	0.000000E+0	0.000000E+0	1.964247E-4	2.976042E-9	0.000000E+0	0.000000E+0	1.999959E+1	0.000000E+0	4.000000E+0
24-Apr-25	20:30:18	1.000000E-5	-1.987655E+0	-8.000000E-5	1.200000E-5	1.965000E-5	2.710000E-3	2.000000E-5	0.000000E+0	0.000000E+0	1.964247E-4	2.976042E-9	0.000000E+0	0.000000E+0	1.999959E+1	0.000000E+0	4.000000E+0
24-Apr-25	20:30:19	1.000000E-5	-1.977575E+0	-8.000000E-5	1.205000E-5	1.965000E-5	2.710000E-3	2.000000E-5	0.000000E+0	0.000000E+0	1.964247E-4	2.976042E-9	0.000000E+0	0.000000E+0	1.999959E+1	0.000000E+0	4.000000E+0
24-Apr-25	20:30:19	1.000000E-5	-1.968410E+0	-8.000000E-5	1.205000E-5	1.960000E-5	2.710000E-3	2.000000E-5	0.000000E+0	0.000000E+0	1.964247E-4	2.976042E-9	0.000000E+0	0.000000E+0	1.999959E+1	0.000000E+0	4.000000E+0
24-Apr-25	20:30:20	1.000000E-5	-1.959440E+0	-8.000000E-5	1.205000E-5	1.960000E-5	2.710000E-3	2.000000E-5	0.000000E+0	0.000000E+0	1.964247E-4	2.976042E-9	0.000000E+0	0.000000E+0	1.999959E+1	0.000000E+0	4.000000E+0
24-Apr-25	20:30:20	1.000000E-5	-1.949545E+0	-8.000000E-5	1.210000E-5	1.960000E-5	2.710000E-3	2.000000E-5	0.000000E+0	0.000000E+0	1.964247E-4	2.976042E-9	0.000000E+0	0.000000E+0	1.999959E+1	0.000000E+0	4.000000E+0
24-Apr-25	20:30:21	1.000000E-5	-1.940605E+0	-8.000000E-5	1.210000E-5	1.960000E-5	2.710000E-3	2.000000E-5	0.000000E+0	0.000000E+0	1.964247E-4	2.976042E-9	0.000000E+0	0.000000E+0	1.999959E+1	0.000000E+0	4.000000E+0
24-Apr-25	20:30:21	1.000000E-5	-1.932475E+0	-8.000000E-5	1.210000E-5	1.960000E-5	2.710000E-3	2.000000E-5	0.000000E+0	0.000000E+0	1.964247E-4	2.976042E-9	0.000000E+0	0.000000E+0	1.999959E+1	0.000000E+0	4.000000E+0
24-Apr-25	20:30:22	1.000000E-5	-1.922580E+0	-8.000000E-5	1.215000E-5	1.960000E-5	2.710000E-3	2.000000E-5	0.000000E+0	0.000000E+0	1.964247E-4	2.976042E-9	0.000000E+0	0.000000E+0	1.999959E+1	0.000000E+0	4.000000E+0
24-Apr-25	20:30:22	1.000000E-5	-1.913615E+0	-8.000000E-5	1.220000E-5	1.960000E-5	2.710000E-3	2.000000E-5	0.000000E+0	0.000000E+0	1.964247E-4	2.976042E-9	0.000000E+0	0.000000E+0	1.999959E+1	0.000000E+0	4.000000E+0
24-Apr-25	20:30:23	1.000000E-5	-1.904665E+0	-8.000000E-5	1.220000E-5	1.965000E-5	2.710000E-3	2.000000E-5	0.000000E+0	0.000000E+0	1.964247E-4	2.976042E-9	0.000000E+0	0.000000E+0	1.999959E+1	0.000000E+0	4.000000E+0
24-Apr-25	20:30:23	1.000000E-5	-1.896620E+0	-8.000000E-5	1.220000E-5	1.960000E-5	2.710000E-3	2.000000E-5	0.000000E+0	0.000000E+0	1.964247E-4	2.976042E-9	0.000000E+0	0.000000E+0	1.999959E+1	0.000000E+0	4.000000E+0
24-Apr-25	20:30:24	1.000000E-5	-1.887615E+0	-8.000000E-5	1.225000E-5	1.960000E-5	2.710000E-3	2.000000E-5	0.000000E+0	0.000000E+0	1.964247E-4	2.976042E-9	0.000000E+0	0.000000E+0	1.999959E+1	0.000000E+0	4.000000E+0
24-Apr-25	20:30:25	1.000000E-5	-1.873760E+0	-8.000000E-5	1.230000E-5	1.960000E-5	2.710000E-3	2.000000E-5	0.000000E+0	0.000000E+0	1.964247E-4	2.976042E-9	0.000000E+0	0.000000E+0	1.999959E+1	0.000000E+0	4.000000E+0
24-Apr-25	20:30:25	1.000000E-5	-1.863905E+0	-8.000000E-5	1.230000E-5	1.965000E-5	2.710000E-3	2.000000E-5	0.000000E+0	0.000000E+0	1.964247E-4	2.976042E-9	0.000000E+0	0.000000E+0	1.999959E+1	0.000000E+0	4.000000E+0
24-Apr-25	20:30:26	1.000000E-5	-1.854895E+0	-8.000000E-5	1.235000E-5	1.965000E-5	2.710000E-3	2.000000E-5	0.000000E+0	0.000000E+0	1.964247E-4	2.976042E-9	0.000000E+0	0.000000E+0	1.999959E+1	0.000000E+0	4.000000E+0
24-Apr-25	20:30:26	1.000000E-5	-1.846830E+0	-8.000000E-5	1.235000E-5	1.960000E-5	2.710000E-3	2.000000E-5	0.000000E+0	0.000000E+0	1.964247E-4	2.976042E-9	0.000000E+0	0.000000E+0	1.999959E+1	0.000000E+0	4.000000E+0
24-Apr-25	20:30:27	1.000000E-5	-1.837815E+0	-8.000000E-5	1.235000E-5	1.960000E-5	2.710000E-3	2.000000E-5	0.000000E+0	0.000000E+0	1.964247E-4	2.976042E-9	0.000000E+0	0.000000E+0	1.999959E+1	0.000000E+0	4.000000E+0
24-Apr-25	20:30:27	1.000000E-5	-1.825205E+0	-8.000000E-5	1.230000E-5	1.955000E-5	2.710000E-3	2.000000E-5	0.000000E+0	0.000000E+0	1.964247E-4	2.976042E-9	0.000000E+0	0.000000E+0	1.999959E+1	0.000000E+0	4.000000E+0
24-Apr-25	20:30:28	1.000000E-5	-1.816235E+0	-8.000000E-5	1.235000E-5	1.960000E-5	2.710000E-3	2.000000E-5	0.000000E+0	0.000000E+0	1.964247E-4	2.976042E-9	0.000000E+0	0.000000E+0	1.999959E+1	0.000000E+0	4.000000E+0
24-Apr-25	20:30:28	1.000000E-5	-1.807260E+0	-8.000000E-5	1.240000E-5	1.960000E-5	2.710000E-3	2.000000E-5	0.000000E+0	0.000000E+0	1.964247E-4	2.976042E-9	0.000000E+0	0.000000E+0	1.999959E+1	0.000000E+0	4.000000E+0
24-Apr-25	20:30:29	1.000000E-5	-1.798300E+0	-8.000000E-5	1.245000E-5	1.960000E-5	2.710000E-3	2.000000E-5	0.000000E+0	0.000000E+0	1.964247E-4	2.976042E-9	0.000000E+0	0.000000E+0	1.999959E+1	0.000000E+0	4.000000E+0
24-Apr-25	20:30:29	1.000000E-5	-1.789285E+0	-8.000000E-5	1.250000E-5	1.955000E-5	2.710000E-3	2.000000E-5	0.000000E+0	0.000000E+0	1.964247E-4	2.976042E-9	0.000000E+0	0.000000E+0	1.999959E+1	0.000000E+0	4.000000E+0
24-Apr-25	20:30:30	1.000000E-5	-1.781025E+0	-8.000000E-5	1.250000E-5	1.960000E-5	2.710000E-3	2.000000E-5	0.000000E+0	0.000000E+0	1.964247E-4	2.976042E-9	0.000000E+0	0.000000E+0	1.999959E+1	0.000000E+0	4.000000E+0
24-Apr-25	20:30:30	1.000000E-5	-1.772040E+0	-8.000000E-5	1.250000E-5	1.960000E-5	2.710000E-3	2.000000E-5	0.000000E+0	0.000000E+0	1.964247E-4	2.976042E-9	0.000000E+0	0.000000E+0	1.999959E+1	0.000000E+0	4.000000E+0
24-Apr-25	20:30:31	1.000000E-5	-1.761090E+0	-8.000000E-5	1.250000E-5	1.960000E-5	2.710000E-3	2.000000E-5	0.000000E+0	0.000000E+0	1.964247E-4	2.976042E-9	0.000000E+0	0.000000E+0	1.999959E+1	0.000000E+0	4.000000E+0
24-Apr-25	20:30:31	1.000000E-5	-1.752140E+0	-8.000000E-5	1.255000E-5	1.960000E-5	2.710000E-3	2.000000E-5	0.000000E+0	0.000000E+0	1.964247E-4	2.976042E-9	0.000000E+0	0.000000E+0	1.999959E+1	0.000000E+0	4.000000E+0
24-Apr-25	20:30:32	1.000000E-5	-1.743135E+0	-8.000000E-5	1.260000E-5	1.960000E-5	2.710000E-3	2.000000E-5	0.000000E+0	0.000000E+0	1.964247E-4	2.976042E-9	0.000000E+0	0.000000E+0	1.999959E+1	0.000000E+0	4.000000E+0
24-Apr-25	20:30:32	1.000000E-5	-1.732355E+0	-8.000000E-5	1.260000E-5	1.955000E-5	2.710000E-3	2.000000E-5	0.000000E+0	0.000000E+0	1.964247E-4	2.976042E-9	0.000000E+0	0.000000E+0	1.999959E+1	0.000000E+0	4.000000E+0
24-Apr-25	20:30:33	1.000000E-5	-1.724285E+0	-8.000000E-5	1.265000E-5	1.955000E-5	2.710000E-3	2.000000E-5	0.000000E+0	0.000000E+0	1.964247E-4	2.976042E-9	0.000000E+0	0.000000E+0	1.999959E+1	0.000000E+0	4.000000E+0
24-Apr-25	20:30:33	1.000000E-5	-1.715285E+0	-8.000000E-5	1.265000E-5	1.955000E-5	2.710000E-3	2.000000E-5	0.000000E+0	0.000000E+0	1.964247E-4	2.976042E-9	0.000000E+0	0.000000E+0	1.999959E+1	0.000000E+0	4.000000E+0
24-Apr-25	20:30:34	1.000000E-5	-1.703500E+0	-8.000000E-5	1.265000E-5	1.960000E-5	2.710000E-3	2.000000E-5	0.000000E+0	0.000000E+0	1.964247E-4	2.976042E-9	0.000000E+0	0.000000E+0	1.999959E+1	0.000000E+0	4.000000E+0
24-Apr-25	20:30:34	1.000000E-5	-1.695220E+0	-8.000000E-5	1.265000E-5	1.960000E-5	2.710000E-3	2.000000E-5	0.000000E+0	0.000000E+0	1.964247E-4	2.976042E-9	0.000000E+0	0.000000E+0	1.999959E+1	0.000000E+0	4.000000E+0
24-Apr-25	20:30:35	1.000000E-5	-1.686210E+0	-8.000000E-5	1.270000E-5	1.955000E-5	2.710000E-3	2.000000E-5	0.000000E+0	0.000000E+0	1.964247E-4	2.976042E-9	0.000000E+0	0.000000E+0	1.999959E+1	0.000000E+0	4.000000E+0
24-Apr-25	20:30:35	1.000000E-5	-1.677255E+0	-8.000000E-5	1.270000E-5	1.960000E-5	2.710000E-3	2.000000E-5	0.000000E+0	0.000000E+0	1.964247E-4	2.976042E-9	0.000000E+0	0.000000E+0	1.999959E+1	0.000000E+0	4.000000E+0
24-Apr-25	20:30:36	1.000000E-5	-1.668250E+0	-8.000000E-5	1.275000E-5	1.960000E-5	2.710000E-3	2.000000E-5	0.000000E+0	0.000000E+0	1.964247E-4	2.976042E-9	0.000000E+0	0.000000E+0	1.999959E+1	0.000000E+0	4.000000E+0
24-Apr-25	20:30:36	1.000000E-5	-1.659305E+0	-8.000000E-5	1.280000E-5	1.960000E-5	2.710000E-3	2.000000E-5	0.000000E+0	0.000000E+0	1.964247E-4	2.976042E-9	0.000000E+0	0.000000E+0	1.999959E+1	0.000000E+0	4.000000E+0
24-Apr-25	20:30:37	1.000000E-5	-1.651190E+0	-8.000000E-5	1.280000E-5	1.955000E-5	2.710000E-3	2.000000E-5	0.000000E+0	0.000000E+0	1.964247E-4	2.976042E-9	0.000000E+0	0.000000E+0	1.999959E+1	0.000000E+0	4.000000E+0
24-Apr-25	20:30:37	1.000000E-5	-1.641285E+0	-8.000000E-5	1.280000E-5	1.955000E-5	2.710000E-3	2.000000E-5	0.000000E+0	0.000000E+0	1.964247E-4	2.976042E-9	0.000000E+0	0.000000E+0	1.999959E+1	0.000000E+0	4.000000E+0
24-Apr-25	20:30:38	1.000000E-5	-1.633225E+0	-8.000000E-5	1.280000E-5	1.955000E-5	2.710000E-3	2.000000E-5	0.000000E+0	0.000000E+0	1.964247E-4	2.976042E-9	0.000000E+0	0.000000E+0	1.999959E+1	0.000000E+0	4.000000E+0
24-Apr-25	20:30:38	1.000000E-5	-1.625120E+0	-8.000000E-5	1.285000E-5	1.955000E-5	2.710000E-3	2.000000E-5	0.000000E+0	0.000000E+0	1.964247E-4	2.976042E-9	0.000000E+0	0.000000E+0	1.999959E+1	0.000000E+0	4.000000E+0
24-Apr-25	20:30:39	1.000000E-5	-1.616155E+0	-8.000000E-5	1.285000E-5	1.955000E-5	2.710000E-3	2.000000E-5	0.000000E+0	0.000000E+0	1.964247E-4	2.976042E-9	0.000000E+0	0.000000E+0	1.999959E+1	0.000000E+0	4.000000E+0
24-Apr-25	20:30:39	1.000000E-5	-1.607205E+0	-8.000000E-5	1.295000E-5	1.950000E-5	2.710000E-3	2.000000E-5	0.000000E+0	0.000000E+0	1.964247E-4	2.976042E-9	0.000000E+0	0.000000E+0	1.999959E+1	0.000000E+0	4.000000E+0
24-Apr-25	20:30:40	1.000000E-5	-1.597255E+0	-8.000000E-5	1.300000E-5	1.955000E-5	2.710000E-3	2.000000E-5	0.000000E+0	0.000000E+0	1.964247E-4	2.976042E-9	0.000000E+0	0.000000E+0	1.999959E+1	0.000000E+0	4.000000E+0
24-Apr-25	20:30:40	1.000000E-5	-1.588290E+0	-8.000000E-5	1.300000E-5	1.955000E-5	2.710000E-3	2.000000E-5	0.000000E+0	0.000000E+0	1.964247E-4	2.976042E-9	0.000000E+0	0.000000E+0	1.999959E+1	0.000000E+0	4.000000E+0
24-Apr-25	20:30:41	1.000000E-5	-1.579310E+0	-8.000000E-5	1.300000E-5	1.950000E-5	2.710000E-3	2.000000E-5	0.000000E+0	0.000000E+0	1.964247E-4	2.976042E-9	0.000000E+0	0.000000E+0	1.999959E+1	0.000000E+0	4.000000E+0
24-Apr-25	20:30:41	1.000000E-5	-1.571195E+0	-8.000000E-5	1.305000E-5	1.955000E-5	2.710000E-3	2.000000E-5	0.000000E+0	0.000000E+0	1.964247E-4	2.976042E-9	0.000000E+0	0.000000E+0	1.999959E+1	0.000000E+0	4.000000E+0
24-Apr-25	20:30:42	1.000000E-5	-1.562265E+0	-8.000000E-5	1.305000E-5	1.955000E-5	2.710000E-3	2.000000E-5	0.000000E+0	0.000000E+0	1.964247E-4	2.976042E-9	0.000000E+0	0.000000E+0	1.999959E+1	0.000000E+0	4.000000E+0
24-Apr-25	20:30:42	1.000000E-5	-1.553245E+0	-8.000000E-5	1.305000E-5	1.955000E-5	2.710000E-3	2.000000E-5	0.000000E+0	0.000000E+0	1.964247E-4	2.976042E-9	0.000000E+0	0.000000E+0	1.999959E+1	0.000000E+0	4.000000E+0
24-Apr-25	20:30:43	1.000000E-5	-1.544260E+0	-8.000000E-5	1.310000E-5	1.955000E-5	2.710000E-3	2.000000E-5	0.000000E+0	0.000000E+0	1.964247E-4	2.976042E-9	0.000000E+0	0.000000E+0	1.999959E+1	0.000000E+0	4.000000E+0
24-Apr-25	20:30:43	1.000000E-5	-1.536185E+0	-8.000000E-5	1.310000E-5	1.955000E-5	2.710000E-3	2.000000E-5	0.000000E+0	0.000000E+0	1.964247E-4	2.976042E-9	0.000000E+0	0.000000E+0	1.999959E+1	0.000000E+0	4.000000E+0
24-Apr-25	20:30:44	1.000000E-5	-1.528140E+0	-8.000000E-5	1.315000E-5	1.955000E-5	2.710000E-3	2.000000E-5	0.000000E+0	0.000000E+0	1.964247E-4	2.976042E-9	0.000000E+0	0.000000E+0	1.999959E+1	0.000000E+0	4.000000E+0
24-Apr-25	20:30:44	1.000000E-5	-1.519150E+0	-8.000000E-5	1.315000E-5	1.950000E-5	2.710000E-3	2.000000E-5	0.000000E+0	0.000000E+0	1.964247E-4	2.976042E-9	0.000000E+0	0.000000E+0	1.999959E+1	0.000000E+0	4.000000E+0
24-Apr-25	20:30:45	1.000000E-5	-1.510340E+0	-8.000000E-5	1.320000E-5	1.950000E-5	2.710000E-3	2.000000E-5	0.000000E+0	0.000000E+0	1.964247E-4	2.976042E-9	0.000000E+0	0.000000E+0	1.999959E+1	0.000000E+0	4.000000E+0
24-Apr-25	20:30:45	1.000000E-5	-1.501305E+0	-8.000000E-5	1.320000E-5	1.950000E-5	2.710000E-3	2.000000E-5	0.000000E+0	0.000000E+0	1.964247E-4	2.976042E-9	0.000000E+0	0.000000E+0	1.999959E+1	0.000000E+0	4.000000E+0
24-Apr-25	20:30:46	1.000000E-5	-1.492345E+0	-8.000000E-5	1.325000E-5	1.955000E-5	2.710000E-3	2.000000E-5	0.000000E+0	0.000000E+0	1.964247E-4	2.976042E-9	0.000000E+0	0.000000E+0	1.999959E+1	0.000000E+0	4.000000E+0
24-Apr-25	20:30:46	1.000000E-5	-1.484220E+0	-8.000000E-5	1.325000E-5	1.950000E-5	2.710000E-3	2.000000E-5	0.000000E+0	0.000000E+0	1.964247E-4	2.976042E-9	0.000000E+0	0.000000E+0	1.999959E+1	0.000000E+0	4.000000E+0
24-Apr-25	20:30:47	1.000000E-5	-1.475235E+0	-8.000000E-5	1.325000E-5	1.950000E-5	2.710000E-3	2.000000E-5	0.000000E+0	0.000000E+0	1.964247E-4	2.976042E-9	0.000000E+0	0.000000E+0	1.999959E+1	0.000000E+0	4.000000E+0
24-Apr-25	20:30:47	1.000000E-5	-1.467145E+0	-8.000000E-5	1.330000E-5	1.950000E-5	2.710000E-3	2.000000E-5	0.000000E+0	0.000000E+0	1.964247E-4	2.976042E-9	0.000000E+0	0.000000E+0	1.999959E+1	0.000000E+0	4.000000E+0
24-Apr-25	20:30:48	1.000000E-5	-1.458155E+0	-8.000000E-5	1.330000E-5	1.955000E-5	2.710000E-3	2.000000E-5	0.000000E+0	0.000000E+0	1.964247E-4	2.976042E-9	0.000000E+0	0.000000E+0	1.999959E+1	0.000000E+0	4.000000E+0
24-Apr-25	20:30:48	1.000000E-5	-1.445560E+0	-8.000000E-5	1.335000E-5	1.950000E-5	2.710000E-3	2.000000E-5	0.000000E+0	0.000000E+0	1.964247E-4	2.976042E-9	0.000000E+0	0.000000E+0	1.999959E+1	0.000000E+0	4.000000E+0
24-Apr-25	20:30:49	1.000000E-5	-1.432660E+0	-8.000000E-5	1.340000E-5	1.950000E-5	2.710000E-3	2.000000E-5	0.000000E+0	0.000000E+0	1.964247E-4	2.976042E-9	0.000000E+0	0.000000E+0	1.999959E+1	0.000000E+0	4.000000E+0
24-Apr-25	20:30:50	1.000000E-5	-1.423690E+0	-8.000000E-5	1.335000E-5	1.950000E-5	2.710000E-3	2.000000E-5	0.000000E+0	0.000000E+0	1.964247E-4	2.976042E-9	0.000000E+0	0.000000E+0	1.999959E+1	0.000000E+0	4.000000E+0
24-Apr-25	20:30:50	1.000000E-5	-1.414710E+0	-8.000000E-5	1.340000E-5	1.950000E-5	2.710000E-3	2.000000E-5	0.000000E+0	0.000000E+0	1.964247E-4	2.976042E-9	0.000000E+0	0.000000E+0	1.999959E+1	0.000000E+0	4.000000E+0
24-Apr-25	20:30:51	1.000000E-5	-1.405675E+0	-8.000000E-5	1.345000E-5	1.950000E-5	2.710000E-3	2.000000E-5	0.000000E+0	0.000000E+0	1.964247E-4	2.976042E-9	0.000000E+0	0.000000E+0	1.999959E+1	0.000000E+0	4.000000E+0
24-Apr-25	20:30:51	1.000000E-5	-1.396715E+0	-8.000000E-5	1.345000E-5	1.945000E-5	2.710000E-3	2.000000E-5	0.000000E+0	0.000000E+0	1.964247E-4	2.976042E-9	0.000000E+0	0.000000E+0	1.999959E+1	0.000000E+0	4.000000E+0
24-Apr-25	20:30:52	1.000000E-5	-1.387710E+0	-8.000000E-5	1.345000E-5	1.945000E-5	2.710000E-3	2.000000E-5	0.000000E+0	0.000000E+0	1.964247E-4	2.976042E-9	0.000000E+0	0.000000E+0	1.999959E+1	0.000000E+0	4.000000E+0
24-Apr-25	20:30:52	1.000000E-5	-1.375160E+0	-8.000000E-5	1.350000E-5	1.950000E-5	2.710000E-3	2.000000E-5	0.000000E+0	0.000000E+0	1.964247E-4	2.976042E-9	0.000000E+0	0.000000E+0	1.999959E+1	0.000000E+0	4.000000E+0
24-Apr-25	20:30:53	1.000000E-5	-1.366140E+0	-8.000000E-5	1.350000E-5	1.950000E-5	2.710000E-3	2.000000E-5	0.000000E+0	0.000000E+0	1.964247E-4	2.976042E-9	0.000000E+0	0.000000E+0	1.999959E+1	0.000000E+0	4.000000E+0
24-Apr-25	20:30:53	1.000000E-5	-1.357135E+0	-8.000000E-5	1.360000E-5	1.950000E-5	2.710000E-3	2.000000E-5	0.000000E+0	0.000000E+0	1.964247E-4	2.976042E-9	0.000000E+0	0.000000E+0	1.999959E+1	0.000000E+0	4.000000E+0
24-Apr-25	20:30:54	1.000000E-5	-1.348185E+0	-8.000000E-5	1.360000E-5	1.945000E-5	2.710000E-3	2.000000E-5	0.000000E+0	0.000000E+0	1.964247E-4	2.976042E-9	0.000000E+0	0.000000E+0	1.999959E+1	0.000000E+0	4.000000E+0
24-Apr-25	20:30:54	1.000000E-5	-1.340095E+0	-8.000000E-5	1.360000E-5	1.950000E-5	2.710000E-3	2.000000E-5	0.000000E+0	0.000000E+0	1.964247E-4	2.976042E-9	0.000000E+0	0.000000E+0	1.999959E+1	0.000000E+0	4.000000E+0
24-Apr-25	20:30:55	1.000000E-5	-1.331145E+0	-8.000000E-5	1.360000E-5	1.950000E-5	2.710000E-3	2.000000E-5	0.000000E+0	0.000000E+0	1.964247E-4	2.976042E-9	0.000000E+0	0.000000E+0	1.999959E+1	0.000000E+0	4.000000E+0
24-Apr-25	20:30:55	1.000000E-5	-1.322170E+0	-8.000000E-5	1.370000E-5	1.955000E-5	2.710000E-3	2.000000E-5	0.000000E+0	0.000000E+0	1.964247E-4	2.976042E-9	0.000000E+0	0.000000E+0	1.999959E+1	0.000000E+0	4.000000E+0
24-Apr-25	20:30:56	1.000000E-5	-1.313135E+0	-8.000000E-5	1.365000E-5	1.955000E-5	2.710000E-3	2.000000E-5	0.000000E+0	0.000000E+0	1.964247E-4	2.976042E-9	0.000000E+0	0.000000E+0	1.999959E+1	0.000000E+0	4.000000E+0
24-Apr-25	20:30:56	1.000000E-5	-1.300230E+0	-8.000000E-5	1.365000E-5	1.945000E-5	2.710000E-3	2.000000E-5	0.000000E+0	0.000000E+0	1.964247E-4	2.976042E-9	0.000000E+0	0.000000E+0	1.999959E+1	0.000000E+0	4.000000E+0
24-Apr-25	20:30:57	1.000000E-5	-1.291250E+0	-8.000000E-5	1.370000E-5	1.950000E-5	2.710000E-3	2.000000E-5	0.000000E+0	0.000000E+0	1.964247E-4	2.976042E-9	0.000000E+0	0.000000E+0	1.999959E+1	0.000000E+0	4.000000E+0
24-Apr-25	20:30:58	1.000000E-5	-1.280490E+0	-8.000000E-5	1.370000E-5	1.950000E-5	2.710000E-3	2.000000E-5	0.000000E+0	0.000000E+0	1.964247E-4	2.976042E-9	0.000000E+0	0.000000E+0	1.999959E+1	0.000000E+0	4.000000E+0
24-Apr-25	20:30:58	1.000000E-5	-1.271485E+0	-8.000000E-5	1.375000E-5	1.950000E-5	2.710000E-3	2.000000E-5	0.000000E+0	0.000000E+0	1.964247E-4	2.976042E-9	0.000000E+0	0.000000E+0	1.999959E+1	0.000000E+0	4.000000E+0
24-Apr-25	20:30:59	1.000000E-5	-1.262490E+0	-8.000000E-5	1.375000E-5	1.945000E-5	2.710000E-3	2.000000E-5	0.000000E+0	0.000000E+0	1.964247E-4	2.976042E-9	0.000000E+0	0.000000E+0	1.999959E+1	0.000000E+0	4.000000E+0
24-Apr-25	20:30:59	1.000000E-5	-1.251685E+0	-8.000000E-5	1.380000E-5	1.950000E-5	2.710000E-3	2.000000E-5	0.000000E+0	0.000000E+0	1.964247E-4	2.976042E-9	0.000000E+0	0.000000E+0	1.999959E+1	0.000000E+0	4.000000E+0
24-Apr-25	20:31:00	1.000000E-5	-1.241795E+0	-8.000000E-5	1.385000E-5	1.950000E-5	2.710000E-3	2.000000E-5	0.000000E+0	0.000000E+0	1.964247E-4	2.976042E-9	0.000000E+0	0.000000E+0	1.999959E+1	0.000000E+0	4.000000E+0
24-Apr-25	20:31:00	1.000000E-5	-1.233780E+0	-8.000000E-5	1.385000E-5	1.945000E-5	2.710000E-3	2.000000E-5	0.000000E+0	0.000000E+0	1.964247E-4	2.976042E-9	0.000000E+0	0.000000E+0	1.999959E+1	0.000000E+0	4.000000E+0
24-Apr-25	20:31:01	1.000000E-5	-1.225650E+0	-8.000000E-5	1.390000E-5	1.940000E-5	2.710000E-3	2.000000E-5	0.000000E+0	0.000000E+0	1.964247E-4	2.976042E-9	0.000000E+0	0.000000E+0	1.999959E+1	0.000000E+0	4.000000E+0
24-Apr-25	20:31:01	1.000000E-5	-1.216655E+0	-8.000000E-5	1.395000E-5	1.945000E-5	2.710000E-3	2.000000E-5	0.000000E+0	0.000000E+0	1.964247E-4	2.976042E-9	0.000000E+0	0.000000E+0	1.999959E+1	0.000000E+0	4.000000E+0
24-Apr-25	20:31:02	1.000000E-5	-1.207670E+0	-8.000000E-5	1.395000E-5	1.945000E-5	2.710000E-3	2.000000E-5	0.000000E+0	0.000000E+0	1.964247E-4	2.976042E-9	0.000000E+0	0.000000E+0	1.999959E+1	0.000000E+0	4.000000E+0
24-Apr-25	20:31:02	1.000000E-5	-1.198670E+0	-8.000000E-5	1.395000E-5	1.950000E-5	2.710000E-3	2.000000E-5	0.000000E+0	0.000000E+0	1.964247E-4	2.976042E-9	0.000000E+0	0.000000E+0	1.999959E+1	0.000000E+0	4.000000E+0
24-Apr-25	20:31:03	1.000000E-5	-1.185810E+0	-8.000000E-5	1.400000E-5	1.940000E-5	2.710000E-3	2.000000E-5	0.000000E+0	0.000000E+0	1.964247E-4	2.976042E-9	0.000000E+0	0.000000E+0	1.999959E+1	0.000000E+0	4.000000E+0
24-Apr-25	20:31:03	1.000000E-5	-1.175890E+0	-8.000000E-5	1.400000E-5	1.940000E-5	2.710000E-3	2.000000E-5	0.000000E+0	0.000000E+0	1.964247E-4	2.976042E-9	0.000000E+0	0.000000E+0	1.999959E+1	0.000000E+0	4.000000E+0
24-Apr-25	20:31:04	1.000000E-5	-1.166900E+0	-8.000000E-5	1.405000E-5	1.935000E-5	2.710000E-3	2.000000E-5	0.000000E+0	0.000000E+0	1.964247E-4	2.976042E-9	0.000000E+0	0.000000E+0	1.999959E+1	0.000000E+0	4.000000E+0
24-Apr-25	20:31:04	1.000000E-5	-1.157920E+0	-8.000000E-5	1.410000E-5	1.945000E-5	2.710000E-3	2.000000E-5	0.000000E+0	0.000000E+0	1.964247E-4	2.976042E-9	0.000000E+0	0.000000E+0	1.999959E+1	0.000000E+0	4.000000E+0
24-Apr-25	20:31:05	1.000000E-5	-1.149885E+0	-8.000000E-5	1.415000E-5	1.945000E-5	2.710000E-3	2.000000E-5	0.000000E+0	0.000000E+0	1.964247E-4	2.976042E-9	0.000000E+0	0.000000E+0	1.999959E+1	0.000000E+0	4.000000E+0
24-Apr-25	20:31:05	1.000000E-5	-1.140900E+0	-8.000000E-5	1.415000E-5	1.950000E-5	2.710000E-3	2.000000E-5	0.000000E+0	0.000000E+0	1.964247E-4	2.976042E-9	0.000000E+0	0.000000E+0	1.999959E+1	0.000000E+0	4.000000E+0
24-Apr-25	20:31:06	1.000000E-5	-1.128135E+0	-8.000000E-5	1.420000E-5	1.945000E-5	2.710000E-3	2.000000E-5	0.000000E+0	0.000000E+0	1.964247E-4	2.976042E-9	0.000000E+0	0.000000E+0	1.999959E+1	0.000000E+0	4.000000E+0
24-Apr-25	20:31:06	1.000000E-5	-1.119860E+0	-8.000000E-5	1.425000E-5	1.945000E-5	2.710000E-3	2.000000E-5	0.000000E+0	0.000000E+0	1.964247E-4	2.976042E-9	0.000000E+0	0.000000E+0	1.999959E+1	0.000000E+0	4.000000E+0
24-Apr-25	20:31:07	1.000000E-5	-1.110870E+0	-8.000000E-5	1.425000E-5	1.945000E-5	2.710000E-3	2.000000E-5	0.000000E+0	0.000000E+0	1.964247E-4	2.976042E-9	0.000000E+0	0.000000E+0	1.999959E+1	0.000000E+0	4.000000E+0
24-Apr-25	20:31:08	1.000000E-5	-1.098155E+0	-8.000000E-5	1.435000E-5	1.940000E-5	2.710000E-3	2.000000E-5	0.000000E+0	0.000000E+0	1.964247E-4	2.976042E-9	0.000000E+0	0.000000E+0	1.999959E+1	0.000000E+0	4.000000E+0
24-Apr-25	20:31:08	1.000000E-5	-1.088265E+0	-8.000000E-5	1.435000E-5	1.940000E-5	2.710000E-3	2.000000E-5	0.000000E+0	0.000000E+0	1.964247E-4	2.976042E-9	0.000000E+0	0.000000E+0	1.999959E+1	0.000000E+0	4.000000E+0
24-Apr-25	20:31:09	1.000000E-5	-1.077290E+0	-8.000000E-5	1.440000E-5	1.940000E-5	2.710000E-3	2.000000E-5	0.000000E+0	0.000000E+0	1.964247E-4	2.976042E-9	0.000000E+0	0.000000E+0	1.999959E+1	0.000000E+0	4.000000E+0
24-Apr-25	20:31:09	1.000000E-5	-1.067440E+0	-8.000000E-5	1.440000E-5	1.945000E-5	2.710000E-3	2.000000E-5	0.000000E+0	0.000000E+0	1.964247E-4	2.976042E-9	0.000000E+0	0.000000E+0	1.999959E+1	0.000000E+0	4.000000E+0
24-Apr-25	20:31:10	1.000000E-5	-1.058440E+0	-8.000000E-5	1.450000E-5	1.945000E-5	2.710000E-3	2.000000E-5	0.000000E+0	0.000000E+0	1.964247E-4	2.976042E-9	0.000000E+0	0.000000E+0	1.999959E+1	0.000000E+0	4.000000E+0
24-Apr-25	20:31:10	1.000000E-5	-1.050390E+0	-8.000000E-5	1.445000E-5	1.940000E-5	2.710000E-3	2.000000E-5	0.000000E+0	0.000000E+0	1.964247E-4	2.976042E-9	0.000000E+0	0.000000E+0	1.999959E+1	0.000000E+0	4.000000E+0
24-Apr-25	20:31:11	1.000000E-5	-1.041405E+0	-8.000000E-5	1.450000E-5	1.940000E-5	2.710000E-3	2.000000E-5	0.000000E+0	0.000000E+0	1.964247E-4	2.976042E-9	0.000000E+0	0.000000E+0	1.999959E+1	0.000000E+0	4.000000E+0
24-Apr-25	20:31:12	1.000000E-5	-1.028465E+0	-8.000000E-5	1.450000E-5	1.940000E-5	2.710000E-3	2.000000E-5	0.000000E+0	0.000000E+0	1.964247E-4	2.976042E-9	0.000000E+0	0.000000E+0	1.999959E+1	0.000000E+0	4.000000E+0
24-Apr-25	20:31:12	1.000000E-5	-1.019490E+0	-8.000000E-5	1.455000E-5	1.940000E-5	2.710000E-3	2.000000E-5	0.000000E+0	0.000000E+0	1.964247E-4	2.976042E-9	0.000000E+0	0.000000E+0	1.999959E+1	0.000000E+0	4.000000E+0
24-Apr-25	20:31:13	1.000000E-5	-1.010485E+0	-8.000000E-5	1.455000E-5	1.940000E-5	2.710000E-3	2.000000E-5	0.000000E+0	0.000000E+0	1.964247E-4	2.976042E-9	0.000000E+0	0.000000E+0	1.999959E+1	0.000000E+0	4.000000E+0
24-Apr-25	20:31:13	1.000000E-5	-9.979350E-1	-8.000000E-5	1.460000E-5	1.940000E-5	2.710000E-3	2.000000E-5	0.000000E+0	0.000000E+0	1.964247E-4	2.976042E-9	0.000000E+0	0.000000E+0	1.999959E+1	0.000000E+0	4.000000E+0
24-Apr-25	20:31:14	1.000000E-5	-9.880250E-1	-8.000000E-5	1.465000E-5	1.940000E-5	2.710000E-3	2.000000E-5	0.000000E+0	0.000000E+0	1.964247E-4	2.976042E-9	0.000000E+0	0.000000E+0	1.999959E+1	0.000000E+0	4.000000E+0
24-Apr-25	20:31:14	1.000000E-5	-9.790300E-1	-8.000000E-5	1.465000E-5	1.940000E-5	2.710000E-3	2.000000E-5	0.000000E+0	0.000000E+0	1.964247E-4	2.976042E-9	0.000000E+0	0.000000E+0	1.999959E+1	0.000000E+0	4.000000E+0
24-Apr-25	20:31:15	1.000000E-5	-9.700550E-1	-8.000000E-5	1.465000E-5	1.935000E-5	2.710000E-3	2.000000E-5	0.000000E+0	0.000000E+0	1.964247E-4	2.976042E-9	0.000000E+0	0.000000E+0	1.999959E+1	0.000000E+0	4.000000E+0
24-Apr-25	20:31:15	1.000000E-5	-9.611050E-1	-8.000000E-5	1.470000E-5	1.940000E-5	2.710000E-3	2.000000E-5	0.000000E+0	0.000000E+0	1.964247E-4	2.976042E-9	0.000000E+0	0.000000E+0	1.999959E+1	0.000000E+0	4.000000E+0
24-Apr-25	20:31:16	1.000000E-5	-9.521350E-1	-8.000000E-5	1.475000E-5	1.940000E-5	2.710000E-3	2.000000E-5	0.000000E+0	0.000000E+0	1.964247E-4	2.976042E-9	0.000000E+0	0.000000E+0	1.999959E+1	0.000000E+0	4.000000E+0
24-Apr-25	20:31:16	1.000000E-5	-9.431750E-1	-8.000000E-5	1.470000E-5	1.940000E-5	2.710000E-3	2.000000E-5	0.000000E+0	0.000000E+0	1.964247E-4	2.976042E-9	0.000000E+0	0.000000E+0	1.999959E+1	0.000000E+0	4.000000E+0
24-Apr-25	20:31:17	1.000000E-5	-9.329350E-1	-8.000000E-5	1.475000E-5	1.940000E-5	2.710000E-3	2.000000E-5	0.000000E+0	0.000000E+0	1.964247E-4	2.976042E-9	0.000000E+0	0.000000E+0	1.999959E+1	0.000000E+0	4.000000E+0
24-Apr-25	20:31:17	1.000000E-5	-9.242300E-1	-8.000000E-5	1.475000E-5	1.935000E-5	2.710000E-3	2.000000E-5	0.000000E+0	0.000000E+0	1.964247E-4	2.976042E-9	0.000000E+0	0.000000E+0	1.999959E+1	0.000000E+0	4.000000E+0
24-Apr-25	20:31:18	1.000000E-5	-9.152600E-1	-8.000000E-5	1.475000E-5	1.935000E-5	2.710000E-3	2.000000E-5	0.000000E+0	0.000000E+0	1.964247E-4	2.976042E-9	0.000000E+0	0.000000E+0	1.999959E+1	0.000000E+0	4.000000E+0
24-Apr-25	20:31:18	1.000000E-5	-9.068600E-1	-8.000000E-5	1.480000E-5	1.940000E-5	2.710000E-3	2.000000E-5	0.000000E+0	0.000000E+0	1.964247E-4	2.976042E-9	0.000000E+0	0.000000E+0	1.999959E+1	0.000000E+0	4.000000E+0
24-Apr-25	20:31:19	1.000000E-5	-8.981650E-1	-8.000000E-5	1.485000E-5	1.940000E-5	2.710000E-3	2.000000E-5	0.000000E+0	0.000000E+0	1.964247E-4	2.976042E-9	0.000000E+0	0.000000E+0	1.999959E+1	0.000000E+0	4.000000E+0
24-Apr-25	20:31:19	1.000000E-5	-8.891600E-1	-8.000000E-5	1.485000E-5	1.935000E-5	2.710000E-3	2.000000E-5	0.000000E+0	0.000000E+0	1.964247E-4	2.976042E-9	0.000000E+0	0.000000E+0	1.999959E+1	0.000000E+0	4.000000E+0
24-Apr-25	20:31:20	1.000000E-5	-8.801800E-1	-8.000000E-5	1.480000E-5	1.940000E-5	2.710000E-3	2.000000E-5	0.000000E+0	0.000000E+0	1.964247E-4	2.976042E-9	0.000000E+0	0.000000E+0	1.999959E+1	0.000000E+0	4.000000E+0
24-Apr-25	20:31:21	1.000000E-5	-8.673500E-1	-8.000000E-5	1.490000E-5	1.940000E-5	2.710000E-3	2.000000E-5	0.000000E+0	0.000000E+0	1.964247E-4	2.976042E-9	0.000000E+0	0.000000E+0	1.999959E+1	0.000000E+0	4.000000E+0
24-Apr-25	20:31:21	1.000000E-5	-8.592250E-1	-8.000000E-5	1.495000E-5	1.935000E-5	2.710000E-3	2.000000E-5	0.000000E+0	0.000000E+0	1.964247E-4	2.976042E-9	0.000000E+0	0.000000E+0	1.999959E+1	0.000000E+0	4.000000E+0
24-Apr-25	20:31:22	1.000000E-5	-8.502950E-1	-8.000000E-5	1.495000E-5	1.930000E-5	2.710000E-3	2.000000E-5	0.000000E+0	0.000000E+0	1.964247E-4	2.976042E-9	0.000000E+0	0.000000E+0	1.999959E+1	0.000000E+0	4.000000E+0
24-Apr-25	20:31:22	1.000000E-5	-8.412450E-1	-8.000000E-5	1.495000E-5	1.935000E-5	2.710000E-3	2.000000E-5	0.000000E+0	0.000000E+0	1.964247E-4	2.976042E-9	0.000000E+0	0.000000E+0	1.999959E+1	0.000000E+0	4.000000E+0
24-Apr-25	20:31:23	1.000000E-5	-8.322650E-1	-8.000000E-5	1.500000E-5	1.940000E-5	2.710000E-3	2.000000E-5	0.000000E+0	0.000000E+0	1.964247E-4	2.976042E-9	0.000000E+0	0.000000E+0	1.999959E+1	0.000000E+0	4.000000E+0
24-Apr-25	20:31:23	1.000000E-5	-8.232900E-1	-8.000000E-5	1.500000E-5	1.940000E-5	2.710000E-3	2.000000E-5	0.000000E+0	0.000000E+0	1.964247E-4	2.976042E-9	0.000000E+0	0.000000E+0	1.999959E+1	0.000000E+0	4.000000E+0
24-Apr-25	20:31:23	1.000000E-5	-8.151900E-1	-8.000000E-5	1.500000E-5	1.940000E-5	2.710000E-3	2.000000E-5	0.000000E+0	0.000000E+0	1.964247E-4	2.976042E-9	0.000000E+0	0.000000E+0	1.999959E+1	0.000000E+0	4.000000E+0
24-Apr-25	20:31:24	1.000000E-5	-8.071550E-1	-8.000000E-5	1.500000E-5	1.940000E-5	2.710000E-3	2.000000E-5	0.000000E+0	0.000000E+0	1.964247E-4	2.976042E-9	0.000000E+0	0.000000E+0	1.999959E+1	0.000000E+0	4.000000E+0
24-Apr-25	20:31:24	1.000000E-5	-7.981350E-1	-8.000000E-5	1.505000E-5	1.935000E-5	2.710000E-3	2.000000E-5	0.000000E+0	0.000000E+0	1.964247E-4	2.976042E-9	0.000000E+0	0.000000E+0	1.999959E+1	0.000000E+0	4.000000E+0
24-Apr-25	20:31:25	1.000000E-5	-7.891500E-1	-8.000000E-5	1.505000E-5	1.935000E-5	2.710000E-3	2.000000E-5	0.000000E+0	0.000000E+0	1.964247E-4	2.976042E-9	0.000000E+0	0.000000E+0	1.999959E+1	0.000000E+0	4.000000E+0
24-Apr-25	20:31:25	1.000000E-5	-7.801750E-1	-8.000000E-5	1.505000E-5	1.935000E-5	2.710000E-3	2.000000E-5	0.000000E+0	0.000000E+0	1.964247E-4	2.976042E-9	0.000000E+0	0.000000E+0	1.999959E+1	0.000000E+0	4.000000E+0
24-Apr-25	20:31:26	1.000000E-5	-7.712200E-1	-8.000000E-5	1.510000E-5	1.930000E-5	2.710000E-3	2.000000E-5	0.000000E+0	0.000000E+0	1.964247E-4	2.976042E-9	0.000000E+0	0.000000E+0	1.999959E+1	0.000000E+0	4.000000E+0
24-Apr-25	20:31:26	1.000000E-5	-7.622500E-1	-8.000000E-5	1.510000E-5	1.940000E-5	2.710000E-3	2.000000E-5	0.000000E+0	0.000000E+0	1.964247E-4	2.976042E-9	0.000000E+0	0.000000E+0	1.999959E+1	0.000000E+0	4.000000E+0
24-Apr-25	20:31:27	1.000000E-5	-7.505400E-1	-8.000000E-5	1.510000E-5	1.935000E-5	2.710000E-3	2.000000E-5	0.000000E+0	0.000000E+0	1.964247E-4	2.976042E-9	0.000000E+0	0.000000E+0	1.999959E+1	0.000000E+0	4.000000E+0
24-Apr-25	20:31:28	1.000000E-5	-7.424450E-1	-8.000000E-5	1.510000E-5	1.935000E-5	2.710000E-3	2.000000E-5	0.000000E+0	0.000000E+0	1.964247E-4	2.976042E-9	0.000000E+0	0.000000E+0	1.999959E+1	0.000000E+0	4.000000E+0
24-Apr-25	20:31:28	1.000000E-5	-7.334350E-1	-8.000000E-5	1.520000E-5	1.935000E-5	2.710000E-3	2.000000E-5	0.000000E+0	0.000000E+0	1.964247E-4	2.976042E-9	0.000000E+0	0.000000E+0	1.999959E+1	0.000000E+0	4.000000E+0
24-Apr-25	20:31:29	1.000000E-5	-7.241550E-1	-8.000000E-5	1.525000E-5	1.935000E-5	2.710000E-3	2.000000E-5	0.000000E+0	0.000000E+0	1.964247E-4	2.976042E-9	0.000000E+0	0.000000E+0	1.999959E+1	0.000000E+0	4.000000E+0
24-Apr-25	20:31:29	1.000000E-5	-7.142900E-1	-8.000000E-5	1.520000E-5	1.930000E-5	2.710000E-3	2.000000E-5	0.000000E+0	0.000000E+0	1.964247E-4	2.976042E-9	0.000000E+0	0.000000E+0	1.999959E+1	0.000000E+0	4.000000E+0
24-Apr-25	20:31:30	1.000000E-5	-7.052950E-1	-8.000000E-5	1.525000E-5	1.930000E-5	2.710000E-3	2.000000E-5	0.000000E+0	0.000000E+0	1.964247E-4	2.976042E-9	0.000000E+0	0.000000E+0	1.999959E+1	0.000000E+0	4.000000E+0
24-Apr-25	20:31:30	1.000000E-5	-6.926650E-1	-8.000000E-5	1.530000E-5	1.935000E-5	2.710000E-3	2.000000E-5	0.000000E+0	0.000000E+0	1.964247E-4	2.976042E-9	0.000000E+0	0.000000E+0	1.999959E+1	0.000000E+0	4.000000E+0
24-Apr-25	20:31:31	1.000000E-5	-6.828050E-1	-8.000000E-5	1.530000E-5	1.935000E-5	2.710000E-3	2.000000E-5	0.000000E+0	0.000000E+0	1.964247E-4	2.976042E-9	0.000000E+0	0.000000E+0	1.999959E+1	0.000000E+0	4.000000E+0
24-Apr-25	20:31:31	1.000000E-5	-6.738000E-1	-8.000000E-5	1.530000E-5	1.935000E-5	2.710000E-3	2.000000E-5	0.000000E+0	0.000000E+0	1.964247E-4	2.976042E-9	0.000000E+0	0.000000E+0	1.999959E+1	0.000000E+0	4.000000E+0
24-Apr-25	20:31:32	1.000000E-5	-6.648400E-1	-8.000000E-5	1.540000E-5	1.930000E-5	2.710000E-3	2.000000E-5	0.000000E+0	0.000000E+0	1.964247E-4	2.976042E-9	0.000000E+0	0.000000E+0	1.999959E+1	0.000000E+0	4.000000E+0
24-Apr-25	20:31:33	1.000000E-5	-6.510150E-1	-8.000000E-5	1.540000E-5	1.935000E-5	2.710000E-3	2.000000E-5	0.000000E+0	0.000000E+0	1.964247E-4	2.976042E-9	0.000000E+0	0.000000E+0	1.999959E+1	0.000000E+0	4.000000E+0
24-Apr-25	20:31:33	1.000000E-5	-6.420450E-1	-8.000000E-5	1.540000E-5	1.930000E-5	2.710000E-3	2.000000E-5	0.000000E+0	0.000000E+0	1.964247E-4	2.976042E-9	0.000000E+0	0.000000E+0	1.999959E+1	0.000000E+0	4.000000E+0
24-Apr-25	20:31:34	1.000000E-5	-6.330450E-1	-8.000000E-5	1.545000E-5	1.935000E-5	2.710000E-3	2.000000E-5	0.000000E+0	0.000000E+0	1.964247E-4	2.976042E-9	0.000000E+0	0.000000E+0	1.999959E+1	0.000000E+0	4.000000E+0
24-Apr-25	20:31:34	1.000000E-5	-6.222900E-1	-8.000000E-5	1.550000E-5	1.935000E-5	2.710000E-3	2.000000E-5	0.000000E+0	0.000000E+0	1.964247E-4	2.976042E-9	0.000000E+0	0.000000E+0	1.999959E+1	0.000000E+0	4.000000E+0
24-Apr-25	20:31:35	1.000000E-5	-6.141900E-1	-8.000000E-5	1.550000E-5	1.935000E-5	2.710000E-3	2.000000E-5	0.000000E+0	0.000000E+0	1.964247E-4	2.976042E-9	0.000000E+0	0.000000E+0	1.999959E+1	0.000000E+0	4.000000E+0
24-Apr-25	20:31:35	1.000000E-5	-6.052050E-1	-8.000000E-5	1.545000E-5	1.935000E-5	2.710000E-3	2.000000E-5	0.000000E+0	0.000000E+0	1.964247E-4	2.976042E-9	0.000000E+0	0.000000E+0	1.999959E+1	0.000000E+0	4.000000E+0
24-Apr-25	20:31:36	1.000000E-5	-5.961950E-1	-8.000000E-5	1.545000E-5	1.930000E-5	2.710000E-3	2.000000E-5	0.000000E+0	0.000000E+0	1.964247E-4	2.976042E-9	0.000000E+0	0.000000E+0	1.999959E+1	0.000000E+0	4.000000E+0
24-Apr-25	20:31:36	1.000000E-5	-5.872450E-1	-8.000000E-5	1.555000E-5	1.935000E-5	2.710000E-3	2.000000E-5	0.000000E+0	0.000000E+0	1.964247E-4	2.976042E-9	0.000000E+0	0.000000E+0	1.999959E+1	0.000000E+0	4.000000E+0
24-Apr-25	20:31:37	1.000000E-5	-5.782500E-1	-8.000000E-5	1.560000E-5	1.935000E-5	2.710000E-3	2.000000E-5	0.000000E+0	0.000000E+0	1.964247E-4	2.976042E-9	0.000000E+0	0.000000E+0	1.999959E+1	0.000000E+0	4.000000E+0
24-Apr-25	20:31:37	1.000000E-5	-5.645050E-1	-8.000000E-5	1.560000E-5	1.935000E-5	2.710000E-3	2.000000E-5	0.000000E+0	0.000000E+0	1.964247E-4	2.976042E-9	0.000000E+0	0.000000E+0	1.999959E+1	0.000000E+0	4.000000E+0
24-Apr-25	20:31:38	1.000000E-5	-5.554900E-1	-8.000000E-5	1.560000E-5	1.930000E-5	2.710000E-3	2.000000E-5	0.000000E+0	0.000000E+0	1.964247E-4	2.976042E-9	0.000000E+0	0.000000E+0	1.999959E+1	0.000000E+0	4.000000E+0
24-Apr-25	20:31:38	1.000000E-5	-5.464900E-1	-8.000000E-5	1.565000E-5	1.930000E-5	2.710000E-3	2.000000E-5	0.000000E+0	0.000000E+0	1.964247E-4	2.976042E-9	0.000000E+0	0.000000E+0	1.999959E+1	0.000000E+0	4.000000E+0
24-Apr-25	20:31:39	1.000000E-5	-5.375050E-1	-8.000000E-5	1.570000E-5	1.930000E-5	2.710000E-3	2.000000E-5	0.000000E+0	0.000000E+0	1.964247E-4	2.976042E-9	0.000000E+0	0.000000E+0	1.999959E+1	0.000000E+0	4.000000E+0
24-Apr-25	20:31:39	1.000000E-5	-5.285100E-1	-8.000000E-5	1.565000E-5	1.930000E-5	2.710000E-3	2.000000E-5	0.000000E+0	0.000000E+0	1.964247E-4	2.976042E-9	0.000000E+0	0.000000E+0	1.999959E+1	0.000000E+0	4.000000E+0
24-Apr-25	20:31:40	1.000000E-5	-5.195100E-1	-8.000000E-5	1.570000E-5	1.930000E-5	2.710000E-3	2.000000E-5	0.000000E+0	0.000000E+0	1.964247E-4	2.976042E-9	0.000000E+0	0.000000E+0	1.999959E+1	0.000000E+0	4.000000E+0
24-Apr-25	20:31:40	1.000000E-5	-5.114050E-1	-8.000000E-5	1.570000E-5	1.930000E-5	2.710000E-3	2.000000E-5	0.000000E+0	0.000000E+0	1.964247E-4	2.976042E-9	0.000000E+0	0.000000E+0	1.999959E+1	0.000000E+0	4.000000E+0
24-Apr-25	20:31:41	1.000000E-5	-5.024050E-1	-8.000000E-5	1.580000E-5	1.930000E-5	2.710000E-3	2.000000E-5	0.000000E+0	0.000000E+0	1.964247E-4	2.976042E-9	0.000000E+0	0.000000E+0	1.999959E+1	0.000000E+0	4.000000E+0
24-Apr-25	20:31:41	1.000000E-5	-4.943600E-1	-8.000000E-5	1.580000E-5	1.930000E-5	2.710000E-3	2.000000E-5	0.000000E+0	0.000000E+0	1.964247E-4	2.976042E-9	0.000000E+0	0.000000E+0	1.999959E+1	0.000000E+0	4.000000E+0
24-Apr-25	20:31:42	1.000000E-5	-4.862600E-1	-8.000000E-5	1.580000E-5	1.930000E-5	2.710000E-3	2.000000E-5	0.000000E+0	0.000000E+0	1.964247E-4	2.976042E-9	0.000000E+0	0.000000E+0	1.999959E+1	0.000000E+0	4.000000E+0
24-Apr-25	20:31:42	1.000000E-5	-4.773300E-1	-8.000000E-5	1.585000E-5	1.930000E-5	2.710000E-3	2.000000E-5	0.000000E+0	0.000000E+0	1.964247E-4	2.976042E-9	0.000000E+0	0.000000E+0	1.999959E+1	0.000000E+0	4.000000E+0
24-Apr-25	20:31:43	1.000000E-5	-4.638050E-1	-8.000000E-5	1.590000E-5	1.930000E-5	2.710000E-3	2.000000E-5	0.000000E+0	0.000000E+0	1.964247E-4	2.976042E-9	0.000000E+0	0.000000E+0	1.999959E+1	0.000000E+0	4.000000E+0
24-Apr-25	20:31:44	1.000000E-5	-4.546700E-1	-8.000000E-5	1.585000E-5	1.930000E-5	2.710000E-3	2.000000E-5	0.000000E+0	0.000000E+0	1.964247E-4	2.976042E-9	0.000000E+0	0.000000E+0	1.999959E+1	0.000000E+0	4.000000E+0
24-Apr-25	20:31:44	1.000000E-5	-4.455300E-1	-8.000000E-5	1.590000E-5	1.935000E-5	2.710000E-3	2.000000E-5	0.000000E+0	0.000000E+0	1.964247E-4	2.976042E-9	0.000000E+0	0.000000E+0	1.999959E+1	0.000000E+0	4.000000E+0
24-Apr-25	20:31:45	1.000000E-5	-4.365350E-1	-8.000000E-5	1.590000E-5	1.930000E-5	2.710000E-3	2.000000E-5	0.000000E+0	0.000000E+0	1.964247E-4	2.976042E-9	0.000000E+0	0.000000E+0	1.999959E+1	0.000000E+0	4.000000E+0
24-Apr-25	20:31:45	1.000000E-5	-4.284750E-1	-8.000000E-5	1.590000E-5	1.930000E-5	2.710000E-3	2.000000E-5	0.000000E+0	0.000000E+0	1.964247E-4	2.976042E-9	0.000000E+0	0.000000E+0	1.999959E+1	0.000000E+0	4.000000E+0
24-Apr-25	20:31:46	1.000000E-5	-4.194650E-1	-8.000000E-5	1.595000E-5	1.930000E-5	2.710000E-3	2.000000E-5	0.000000E+0	0.000000E+0	1.964247E-4	2.976042E-9	0.000000E+0	0.000000E+0	1.999959E+1	0.000000E+0	4.000000E+0
24-Apr-25	20:31:46	1.000000E-5	-4.105000E-1	-8.000000E-5	1.600000E-5	1.920000E-5	2.710000E-3	2.000000E-5	0.000000E+0	0.000000E+0	1.964247E-4	2.976042E-9	0.000000E+0	0.000000E+0	1.999959E+1	0.000000E+0	4.000000E+0
24-Apr-25	20:31:46	1.000000E-5	-4.024050E-1	-8.000000E-5	1.595000E-5	1.925000E-5	2.710000E-3	2.000000E-5	0.000000E+0	0.000000E+0	1.964247E-4	2.976042E-9	0.000000E+0	0.000000E+0	1.999959E+1	0.000000E+0	4.000000E+0
24-Apr-25	20:31:47	1.000000E-5	-3.934600E-1	-8.000000E-5	1.595000E-5	1.930000E-5	2.710000E-3	2.000000E-5	0.000000E+0	0.000000E+0	1.964247E-4	2.976042E-9	0.000000E+0	0.000000E+0	1.999959E+1	0.000000E+0	4.000000E+0
24-Apr-25	20:31:47	1.000000E-5	-3.844950E-1	-8.000000E-5	1.605000E-5	1.925000E-5	2.710000E-3	2.000000E-5	0.000000E+0	0.000000E+0	1.964247E-4	2.976042E-9	0.000000E+0	0.000000E+0	1.999959E+1	0.000000E+0	4.000000E+0
24-Apr-25	20:31:48	1.000000E-5	-3.764100E-1	-8.000000E-5	1.610000E-5	1.925000E-5	2.710000E-3	2.000000E-5	0.000000E+0	0.000000E+0	1.964247E-4	2.976042E-9	0.000000E+0	0.000000E+0	1.999959E+1	0.000000E+0	4.000000E+0
24-Apr-25	20:31:48	1.000000E-5	-3.673550E-1	-8.000000E-5	1.605000E-5	1.930000E-5	2.710000E-3	2.000000E-5	0.000000E+0	0.000000E+0	1.964247E-4	2.976042E-9	0.000000E+0	0.000000E+0	1.999959E+1	0.000000E+0	4.000000E+0
24-Apr-25	20:31:49	1.000000E-5	-3.583850E-1	-8.000000E-5	1.610000E-5	1.930000E-5	2.710000E-3	2.000000E-5	0.000000E+0	0.000000E+0	1.964247E-4	2.976042E-9	0.000000E+0	0.000000E+0	1.999959E+1	0.000000E+0	4.000000E+0
24-Apr-25	20:31:50	1.000000E-5	-3.475700E-1	-8.000000E-5	1.610000E-5	1.925000E-5	2.710000E-3	2.000000E-5	0.000000E+0	0.000000E+0	1.964247E-4	2.976042E-9	0.000000E+0	0.000000E+0	1.999959E+1	0.000000E+0	4.000000E+0
24-Apr-25	20:31:50	1.000000E-5	-3.350050E-1	-8.000000E-5	1.615000E-5	1.925000E-5	2.710000E-3	2.000000E-5	0.000000E+0	0.000000E+0	1.964247E-4	2.976042E-9	0.000000E+0	0.000000E+0	1.999959E+1	0.000000E+0	4.000000E+0
24-Apr-25	20:31:51	1.000000E-5	-3.224050E-1	-8.000000E-5	1.620000E-5	1.930000E-5	2.710000E-3	2.000000E-5	0.000000E+0	0.000000E+0	1.964247E-4	2.976042E-9	0.000000E+0	0.000000E+0	1.999959E+1	0.000000E+0	4.000000E+0
24-Apr-25	20:31:51	1.000000E-5	-3.133900E-1	-8.000000E-5	1.620000E-5	1.930000E-5	2.710000E-3	2.000000E-5	0.000000E+0	0.000000E+0	1.964247E-4	2.976042E-9	0.000000E+0	0.000000E+0	1.999959E+1	0.000000E+0	4.000000E+0
24-Apr-25	20:31:52	1.000000E-5	-3.042850E-1	-8.000000E-5	1.620000E-5	1.925000E-5	2.710000E-3	2.000000E-5	0.000000E+0	0.000000E+0	1.964247E-4	2.976042E-9	0.000000E+0	0.000000E+0	1.999959E+1	0.000000E+0	4.000000E+0
24-Apr-25	20:31:53	1.000000E-5	-2.915750E-1	-8.000000E-5	1.625000E-5	1.925000E-5	2.710000E-3	2.000000E-5	0.000000E+0	0.000000E+0	1.964247E-4	2.976042E-9	0.000000E+0	0.000000E+0	1.999959E+1	0.000000E+0	4.000000E+0
24-Apr-25	20:31:53	1.000000E-5	-2.825900E-1	-8.000000E-5	1.625000E-5	1.925000E-5	2.710000E-3	2.000000E-5	0.000000E+0	0.000000E+0	1.964247E-4	2.976042E-9	0.000000E+0	0.000000E+0	1.999959E+1	0.000000E+0	4.000000E+0
24-Apr-25	20:31:54	1.000000E-5	-2.735800E-1	-8.000000E-5	1.630000E-5	1.925000E-5	2.710000E-3	2.000000E-5	0.000000E+0	0.000000E+0	1.964247E-4	2.976042E-9	0.000000E+0	0.000000E+0	1.999959E+1	0.000000E+0	4.000000E+0
24-Apr-25	20:31:54	1.000000E-5	-2.645800E-1	-8.000000E-5	1.635000E-5	1.925000E-5	2.710000E-3	2.000000E-5	0.000000E+0	0.000000E+0	1.964247E-4	2.976042E-9	0.000000E+0	0.000000E+0	1.999959E+1	0.000000E+0	4.000000E+0
24-Apr-25	20:31:55	1.000000E-5	-2.555850E-1	-8.000000E-5	1.635000E-5	1.920000E-5	2.710000E-3	2.000000E-5	0.000000E+0	0.000000E+0	1.964247E-4	2.976042E-9	0.000000E+0	0.000000E+0	1.999959E+1	0.000000E+0	4.000000E+0
24-Apr-25	20:31:55	1.000000E-5	-2.466350E-1	-8.000000E-5	1.635000E-5	1.925000E-5	2.710000E-3	2.000000E-5	0.000000E+0	0.000000E+0	1.964247E-4	2.976042E-9	0.000000E+0	0.000000E+0	1.999959E+1	0.000000E+0	4.000000E+0
24-Apr-25	20:31:56	1.000000E-5	-2.385150E-1	-8.000000E-5	1.640000E-5	1.930000E-5	2.710000E-3	2.000000E-5	0.000000E+0	0.000000E+0	1.964247E-4	2.976042E-9	0.000000E+0	0.000000E+0	1.999959E+1	0.000000E+0	4.000000E+0
24-Apr-25	20:31:56	1.000000E-5	-2.295400E-1	-8.000000E-5	1.645000E-5	1.925000E-5	2.710000E-3	2.000000E-5	0.000000E+0	0.000000E+0	1.964247E-4	2.976042E-9	0.000000E+0	0.000000E+0	1.999959E+1	0.000000E+0	4.000000E+0
24-Apr-25	20:31:57	1.000000E-5	-2.205500E-1	-8.000000E-5	1.645000E-5	1.925000E-5	2.710000E-3	2.000000E-5	0.000000E+0	0.000000E+0	1.964247E-4	2.976042E-9	0.000000E+0	0.000000E+0	1.999959E+1	0.000000E+0	4.000000E+0
24-Apr-25	20:31:57	1.000000E-5	-2.115900E-1	-8.000000E-5	1.650000E-5	1.925000E-5	2.710000E-3	2.000000E-5	0.000000E+0	0.000000E+0	1.964247E-4	2.976042E-9	0.000000E+0	0.000000E+0	1.999959E+1	0.000000E+0	4.000000E+0
24-Apr-25	20:31:58	1.000000E-5	-2.034900E-1	-8.000000E-5	1.645000E-5	1.925000E-5	2.710000E-3	2.000000E-5	0.000000E+0	0.000000E+0	1.964247E-4	2.976042E-9	0.000000E+0	0.000000E+0	1.999959E+1	0.000000E+0	4.000000E+0
24-Apr-25	20:31:58	1.000000E-5	-1.945400E-1	-8.000000E-5	1.650000E-5	1.925000E-5	2.710000E-3	2.000000E-5	0.000000E+0	0.000000E+0	1.964247E-4	2.976042E-9	0.000000E+0	0.000000E+0	1.999959E+1	0.000000E+0	4.000000E+0
24-Apr-25	20:31:59	1.000000E-5	-1.855350E-1	-8.000000E-5	1.650000E-5	1.925000E-5	2.710000E-3	2.000000E-5	0.000000E+0	0.000000E+0	1.964247E-4	2.976042E-9	0.000000E+0	0.000000E+0	1.999959E+1	0.000000E+0	4.000000E+0
24-Apr-25	20:31:59	1.000000E-5	-1.774350E-1	-8.000000E-5	1.655000E-5	1.925000E-5	2.710000E-3	2.000000E-5	0.000000E+0	0.000000E+0	1.964247E-4	2.976042E-9	0.000000E+0	0.000000E+0	1.999959E+1	0.000000E+0	4.000000E+0
24-Apr-25	20:31:59	1.000000E-5	-1.693450E-1	-8.000000E-5	1.665000E-5	1.925000E-5	2.710000E-3	2.000000E-5	0.000000E+0	0.000000E+0	1.964247E-4	2.976042E-9	0.000000E+0	0.000000E+0	1.999959E+1	0.000000E+0	4.000000E+0
24-Apr-25	20:32:00	1.000000E-5	-1.603750E-1	-8.000000E-5	1.665000E-5	1.925000E-5	2.710000E-3	2.000000E-5	0.000000E+0	0.000000E+0	1.964247E-4	2.976042E-9	0.000000E+0	0.000000E+0	1.999959E+1	0.000000E+0	4.000000E+0
24-Apr-25	20:32:01	1.000000E-5	-1.492650E-1	-8.000000E-5	1.665000E-5	1.925000E-5	2.710000E-3	2.000000E-5	0.000000E+0	0.000000E+0	1.964247E-4	2.976042E-9	0.000000E+0	0.000000E+0	1.999959E+1	0.000000E+0	4.000000E+0
24-Apr-25	20:32:01	1.000000E-5	-1.405900E-1	-8.000000E-5	1.665000E-5	1.925000E-5	2.710000E-3	2.000000E-5	0.000000E+0	0.000000E+0	1.964247E-4	2.976042E-9	0.000000E+0	0.000000E+0	1.999959E+1	0.000000E+0	4.000000E+0
24-Apr-25	20:32:02	1.000000E-5	-1.312900E-1	-8.000000E-5	1.670000E-5	1.925000E-5	2.710000E-3	2.000000E-5	0.000000E+0	0.000000E+0	1.964247E-4	2.976042E-9	0.000000E+0	0.000000E+0	1.999959E+1	0.000000E+0	4.000000E+0
24-Apr-25	20:32:02	1.000000E-5	-1.187050E-1	-8.000000E-5	1.670000E-5	1.920000E-5	2.710000E-3	2.000000E-5	0.000000E+0	0.000000E+0	1.964247E-4	2.976042E-9	0.000000E+0	0.000000E+0	1.999959E+1	0.000000E+0	4.000000E+0
24-Apr-25	20:32:03	1.000000E-5	-1.106400E-1	-8.000000E-5	1.675000E-5	1.920000E-5	2.710000E-3	2.000000E-5	0.000000E+0	0.000000E+0	1.964247E-4	2.976042E-9	0.000000E+0	0.000000E+0	1.999959E+1	0.000000E+0	4.000000E+0
24-Apr-25	20:32:03	1.000000E-5	-1.016500E-1	-8.000000E-5	1.680000E-5	1.925000E-5	2.710000E-3	2.000000E-5	0.000000E+0	0.000000E+0	1.964247E-4	2.976042E-9	0.000000E+0	0.000000E+0	1.999959E+1	0.000000E+0	4.000000E+0
24-Apr-25	20:32:04	1.000000E-5	-8.893500E-2	-8.000000E-5	1.685000E-5	1.925000E-5	2.710000E-3	2.000000E-5	0.000000E+0	0.000000E+0	1.964247E-4	2.976042E-9	0.000000E+0	0.000000E+0	1.999959E+1	0.000000E+0	4.000000E+0
24-Apr-25	20:32:05	1.000000E-5	-7.529500E-2	-8.000000E-5	1.685000E-5	1.920000E-5	2.710000E-3	2.000000E-5	0.000000E+0	0.000000E+0	1.964247E-4	2.976042E-9	0.000000E+0	0.000000E+0	1.999959E+1	0.000000E+0	4.000000E+0
24-Apr-25	20:32:05	1.000000E-5	-6.720000E-2	-8.000000E-5	1.685000E-5	1.925000E-5	2.710000E-3	2.000000E-5	0.000000E+0	0.000000E+0	1.964247E-4	2.976042E-9	0.000000E+0	0.000000E+0	1.999959E+1	0.000000E+0	4.000000E+0
24-Apr-25	20:32:06	1.000000E-5	-5.822500E-2	-8.000000E-5	1.690000E-5	1.920000E-5	2.710000E-3	2.000000E-5	0.000000E+0	0.000000E+0	1.964247E-4	2.976042E-9	0.000000E+0	0.000000E+0	1.999959E+1	0.000000E+0	4.000000E+0
24-Apr-25	20:32:06	1.000000E-5	-5.014500E-2	-8.000000E-5	1.695000E-5	1.915000E-5	2.710000E-3	2.000000E-5	0.000000E+0	0.000000E+0	1.964247E-4	2.976042E-9	0.000000E+0	0.000000E+0	1.999959E+1	0.000000E+0	4.000000E+0
24-Apr-25	20:32:07	1.000000E-5	-4.113000E-2	-8.000000E-5	1.700000E-5	1.920000E-5	2.710000E-3	2.000000E-5	0.000000E+0	0.000000E+0	1.964247E-4	2.976042E-9	0.000000E+0	0.000000E+0	1.999959E+1	0.000000E+0	4.000000E+0
24-Apr-25	20:32:07	1.000000E-5	-2.827500E-2	-8.000000E-5	1.705000E-5	1.925000E-5	2.710000E-3	2.000000E-5	0.000000E+0	0.000000E+0	1.964247E-4	2.976042E-9	0.000000E+0	0.000000E+0	1.999959E+1	0.000000E+0	4.000000E+0
24-Apr-25	20:32:08	1.000000E-5	-1.573500E-2	-8.000000E-5	1.710000E-5	1.920000E-5	2.710000E-3	2.000000E-5	0.000000E+0	0.000000E+0	1.964247E-4	2.976042E-9	0.000000E+0	0.000000E+0	1.999959E+1	0.000000E+0	4.000000E+0
24-Apr-25	20:32:08	1.000000E-5	-7.645000E-3	-8.000000E-5	1.705000E-5	1.920000E-5	2.710000E-3	2.000000E-5	0.000000E+0	0.000000E+0	1.964247E-4	2.976042E-9	0.000000E+0	0.000000E+0	1.999959E+1	0.000000E+0	4.000000E+0
24-Apr-25	20:32:09	1.000000E-5	2.115000E-3	-8.000000E-5	1.705000E-5	1.915000E-5	2.710000E-3	2.000000E-5	0.000000E+0	0.000000E+0	1.964247E-4	2.976042E-9	0.000000E+0	0.000000E+0	1.999959E+1	0.000000E+0	4.000000E+0
24-Apr-25	20:32:10	1.000000E-5	1.487500E-2	-8.000000E-5	1.715000E-5	1.920000E-5	2.710000E-3	2.000000E-5	0.000000E+0	0.000000E+0	1.964247E-4	2.976042E-9	0.000000E+0	0.000000E+0	1.999959E+1	0.000000E+0	4.000000E+0
24-Apr-25	20:32:10	1.000000E-5	2.401500E-2	-8.000000E-5	1.715000E-5	1.920000E-5	2.710000E-3	2.000000E-5	0.000000E+0	0.000000E+0	1.964247E-4	2.976042E-9	0.000000E+0	0.000000E+0	1.999959E+1	0.000000E+0	4.000000E+0
24-Apr-25	20:32:11	1.000000E-5	3.301500E-2	-8.000000E-5	1.725000E-5	1.920000E-5	2.710000E-3	2.000000E-5	0.000000E+0	0.000000E+0	1.964247E-4	2.976042E-9	0.000000E+0	0.000000E+0	1.999959E+1	0.000000E+0	4.000000E+0
24-Apr-25	20:32:11	1.000000E-5	4.199500E-2	-8.000000E-5	1.735000E-5	1.920000E-5	2.710000E-3	2.000000E-5	0.000000E+0	0.000000E+0	1.964247E-4	2.976042E-9	0.000000E+0	0.000000E+0	1.999959E+1	0.000000E+0	4.000000E+0
24-Apr-25	20:32:12	1.000000E-5	5.098000E-2	-8.000000E-5	1.745000E-5	1.915000E-5	2.710000E-3	2.000000E-5	0.000000E+0	0.000000E+0	1.964247E-4	2.976042E-9	0.000000E+0	0.000000E+0	1.999959E+1	0.000000E+0	4.000000E+0
24-Apr-25	20:32:12	1.000000E-5	5.913000E-2	-8.000000E-5	1.755000E-5	1.915000E-5	2.710000E-3	2.000000E-5	0.000000E+0	0.000000E+0	1.964247E-4	2.976042E-9	0.000000E+0	0.000000E+0	1.999959E+1	0.000000E+0	4.000000E+0
24-Apr-25	20:32:13	1.000000E-5	6.807000E-2	-8.000000E-5	1.755000E-5	1.915000E-5	2.710000E-3	2.000000E-5	0.000000E+0	0.000000E+0	1.964247E-4	2.976042E-9	0.000000E+0	0.000000E+0	1.999959E+1	0.000000E+0	4.000000E+0
24-Apr-25	20:32:13	1.000000E-5	7.704000E-2	-8.000000E-5	1.770000E-5	1.915000E-5	2.710000E-3	2.000000E-5	0.000000E+0	0.000000E+0	1.964247E-4	2.976042E-9	0.000000E+0	0.000000E+0	1.999959E+1	0.000000E+0	4.000000E+0
24-Apr-25	20:32:14	1.000000E-5	8.602000E-2	-8.000000E-5	1.775000E-5	1.915000E-5	2.710000E-3	2.000000E-5	0.000000E+0	0.000000E+0	1.964247E-4	2.976042E-9	0.000000E+0	0.000000E+0	1.999959E+1	0.000000E+0	4.000000E+0
24-Apr-25	20:32:15	1.000000E-5	9.982500E-2	-8.000000E-5	1.785000E-5	1.915000E-5	2.710000E-3	2.000000E-5	0.000000E+0	0.000000E+0	1.964247E-4	2.976042E-9	0.000000E+0	0.000000E+0	1.999959E+1	0.000000E+0	4.000000E+0
24-Apr-25	20:32:15	1.000000E-5	1.097300E-1	-8.000000E-5	1.790000E-5	1.915000E-5	2.710000E-3	2.000000E-5	0.000000E+0	0.000000E+0	1.964247E-4	2.976042E-9	0.000000E+0	0.000000E+0	1.999959E+1	0.000000E+0	4.000000E+0
24-Apr-25	20:32:16	1.000000E-5	1.187100E-1	-8.000000E-5	1.800000E-5	1.920000E-5	2.710000E-3	2.000000E-5	0.000000E+0	0.000000E+0	1.964247E-4	2.976042E-9	0.000000E+0	0.000000E+0	1.999959E+1	0.000000E+0	4.000000E+0
24-Apr-25	20:32:16	1.000000E-5	1.295250E-1	-8.000000E-5	1.800000E-5	1.910000E-5	2.710000E-3	2.000000E-5	0.000000E+0	0.000000E+0	1.964247E-4	2.976042E-9	0.000000E+0	0.000000E+0	1.999959E+1	0.000000E+0	4.000000E+0
24-Apr-25	20:32:17	1.000000E-5	1.423850E-1	-8.000000E-5	1.805000E-5	1.910000E-5	2.710000E-3	2.000000E-5	0.000000E+0	0.000000E+0	1.964247E-4	2.976042E-9	0.000000E+0	0.000000E+0	1.999959E+1	0.000000E+0	4.000000E+0
24-Apr-25	20:32:17	1.000000E-5	1.513850E-1	-8.000000E-5	1.815000E-5	1.915000E-5	2.710000E-3	2.000000E-5	0.000000E+0	0.000000E+0	1.964247E-4	2.976042E-9	0.000000E+0	0.000000E+0	1.999959E+1	0.000000E+0	4.000000E+0
24-Apr-25	20:32:18	1.000000E-5	1.603600E-1	-8.000000E-5	1.815000E-5	1.910000E-5	2.710000E-3	2.000000E-5	0.000000E+0	0.000000E+0	1.964247E-4	2.976042E-9	0.000000E+0	0.000000E+0	1.999959E+1	0.000000E+0	4.000000E+0
24-Apr-25	20:32:18	1.000000E-5	1.693100E-1	-8.000000E-5	1.815000E-5	1.910000E-5	2.710000E-3	2.000000E-5	0.000000E+0	0.000000E+0	1.964247E-4	2.976042E-9	0.000000E+0	0.000000E+0	1.999959E+1	0.000000E+0	4.000000E+0
24-Apr-25	20:32:19	1.000000E-5	1.783150E-1	-8.000000E-5	1.815000E-5	1.910000E-5	2.710000E-3	2.000000E-5	0.000000E+0	0.000000E+0	1.964247E-4	2.976042E-9	0.000000E+0	0.000000E+0	1.999959E+1	0.000000E+0	4.000000E+0
24-Apr-25	20:32:19	1.000000E-5	1.873000E-1	-8.000000E-5	1.820000E-5	1.910000E-5	2.710000E-3	2.000000E-5	0.000000E+0	0.000000E+0	1.964247E-4	2.976042E-9	0.000000E+0	0.000000E+0	1.999959E+1	0.000000E+0	4.000000E+0
24-Apr-25	20:32:20	1.000000E-5	1.971800E-1	-8.000000E-5	1.825000E-5	1.910000E-5	2.710000E-3	2.000000E-5	0.000000E+0	0.000000E+0	1.964247E-4	2.976042E-9	0.000000E+0	0.000000E+0	1.999959E+1	0.000000E+0	4.000000E+0
24-Apr-25	20:32:20	1.000000E-5	2.062050E-1	-8.000000E-5	1.840000E-5	1.910000E-5	2.710000E-3	2.000000E-5	0.000000E+0	0.000000E+0	1.964247E-4	2.976042E-9	0.000000E+0	0.000000E+0	1.999959E+1	0.000000E+0	4.000000E+0
24-Apr-25	20:32:21	1.000000E-5	2.151550E-1	-8.000000E-5	1.835000E-5	1.915000E-5	2.710000E-3	2.000000E-5	0.000000E+0	0.000000E+0	1.964247E-4	2.976042E-9	0.000000E+0	0.000000E+0	1.999959E+1	0.000000E+0	4.000000E+0
24-Apr-25	20:32:21	1.000000E-5	2.232700E-1	-8.000000E-5	1.845000E-5	1.910000E-5	2.710000E-3	2.000000E-5	0.000000E+0	0.000000E+0	1.964247E-4	2.976042E-9	0.000000E+0	0.000000E+0	1.999959E+1	0.000000E+0	4.000000E+0
24-Apr-25	20:32:22	1.000000E-5	2.322200E-1	-8.000000E-5	1.845000E-5	1.910000E-5	2.710000E-3	2.000000E-5	0.000000E+0	0.000000E+0	1.964247E-4	2.976042E-9	0.000000E+0	0.000000E+0	1.999959E+1	0.000000E+0	4.000000E+0
24-Apr-25	20:32:22	1.000000E-5	2.412500E-1	-8.000000E-5	1.850000E-5	1.915000E-5	2.710000E-3	2.000000E-5	0.000000E+0	0.000000E+0	1.964247E-4	2.976042E-9	0.000000E+0	0.000000E+0	1.999959E+1	0.000000E+0	4.000000E+0
24-Apr-25	20:32:23	1.000000E-5	2.511450E-1	-8.000000E-5	1.865000E-5	1.905000E-5	2.710000E-3	2.000000E-5	0.000000E+0	0.000000E+0	1.964247E-4	2.976042E-9	0.000000E+0	0.000000E+0	1.999959E+1	0.000000E+0	4.000000E+0
24-Apr-25	20:32:24	1.000000E-5	2.628100E-1	-8.000000E-5	1.865000E-5	1.910000E-5	2.710000E-3	2.000000E-5	0.000000E+0	0.000000E+0	1.964247E-4	2.976042E-9	0.000000E+0	0.000000E+0	1.999959E+1	0.000000E+0	4.000000E+0
24-Apr-25	20:32:24	1.000000E-5	2.746200E-1	-8.000000E-5	1.880000E-5	1.905000E-5	2.710000E-3	2.000000E-5	0.000000E+0	0.000000E+0	1.964247E-4	2.976042E-9	0.000000E+0	0.000000E+0	1.999959E+1	0.000000E+0	4.000000E+0
24-Apr-25	20:32:25	1.000000E-5	2.846450E-1	-8.000000E-5	1.875000E-5	1.905000E-5	2.710000E-3	2.000000E-5	0.000000E+0	0.000000E+0	1.964247E-4	2.976042E-9	0.000000E+0	0.000000E+0	1.999959E+1	0.000000E+0	4.000000E+0
24-Apr-25	20:32:25	1.000000E-5	2.936850E-1	-8.000000E-5	1.885000E-5	1.910000E-5	2.710000E-3	2.000000E-5	0.000000E+0	0.000000E+0	1.964247E-4	2.976042E-9	0.000000E+0	0.000000E+0	1.999959E+1	0.000000E+0	4.000000E+0
24-Apr-25	20:32:26	1.000000E-5	3.026650E-1	-8.000000E-5	1.895000E-5	1.905000E-5	2.710000E-3	2.000000E-5	0.000000E+0	0.000000E+0	1.964247E-4	2.976042E-9	0.000000E+0	0.000000E+0	1.999959E+1	0.000000E+0	4.000000E+0
24-Apr-25	20:32:27	1.000000E-5	3.161250E-1	-8.000000E-5	1.900000E-5	1.905000E-5	2.710000E-3	2.000000E-5	0.000000E+0	0.000000E+0	1.964247E-4	2.976042E-9	0.000000E+0	0.000000E+0	1.999959E+1	0.000000E+0	4.000000E+0
24-Apr-25	20:32:27	1.000000E-5	3.281200E-1	-8.000000E-5	1.905000E-5	1.905000E-5	2.710000E-3	2.000000E-5	0.000000E+0	0.000000E+0	1.964247E-4	2.976042E-9	0.000000E+0	0.000000E+0	1.999959E+1	0.000000E+0	4.000000E+0
24-Apr-25	20:32:28	1.000000E-5	3.362200E-1	-8.000000E-5	1.915000E-5	1.905000E-5	2.710000E-3	2.000000E-5	0.000000E+0	0.000000E+0	1.964247E-4	2.976042E-9	0.000000E+0	0.000000E+0	1.999959E+1	0.000000E+0	4.000000E+0
24-Apr-25	20:32:28	1.000000E-5	3.451850E-1	-8.000000E-5	1.920000E-5	1.905000E-5	2.710000E-3	2.000000E-5	0.000000E+0	0.000000E+0	1.964247E-4	2.976042E-9	0.000000E+0	0.000000E+0	1.999959E+1	0.000000E+0	4.000000E+0
24-Apr-25	20:32:29	1.000000E-5	3.532850E-1	-8.000000E-5	1.925000E-5	1.900000E-5	2.710000E-3	2.000000E-5	0.000000E+0	0.000000E+0	1.964247E-4	2.976042E-9	0.000000E+0	0.000000E+0	1.999959E+1	0.000000E+0	4.000000E+0
24-Apr-25	20:32:29	1.000000E-5	3.613250E-1	-8.000000E-5	1.935000E-5	1.895000E-5	2.710000E-3	2.000000E-5	0.000000E+0	0.000000E+0	1.964247E-4	2.976042E-9	0.000000E+0	0.000000E+0	1.999959E+1	0.000000E+0	4.000000E+0
24-Apr-25	20:32:30	1.000000E-5	3.703100E-1	-8.000000E-5	1.945000E-5	1.895000E-5	2.710000E-3	2.000000E-5	0.000000E+0	0.000000E+0	1.964247E-4	2.976042E-9	0.000000E+0	0.000000E+0	1.999959E+1	0.000000E+0	4.000000E+0
24-Apr-25	20:32:30	1.000000E-5	3.792700E-1	-8.000000E-5	1.950000E-5	1.900000E-5	2.710000E-3	2.000000E-5	0.000000E+0	0.000000E+0	1.964247E-4	2.976042E-9	0.000000E+0	0.000000E+0	1.999959E+1	0.000000E+0	4.000000E+0
24-Apr-25	20:32:31	1.000000E-5	3.883400E-1	-8.000000E-5	1.950000E-5	1.900000E-5	2.710000E-3	2.000000E-5	0.000000E+0	0.000000E+0	1.964247E-4	2.976042E-9	0.000000E+0	0.000000E+0	1.999959E+1	0.000000E+0	4.000000E+0
24-Apr-25	20:32:31	1.000000E-5	3.981900E-1	-8.000000E-5	1.950000E-5	1.900000E-5	2.710000E-3	2.000000E-5	0.000000E+0	0.000000E+0	1.964247E-4	2.976042E-9	0.000000E+0	0.000000E+0	1.999959E+1	0.000000E+0	4.000000E+0
24-Apr-25	20:32:32	1.000000E-5	4.063050E-1	-8.000000E-5	1.960000E-5	1.900000E-5	2.710000E-3	2.000000E-5	0.000000E+0	0.000000E+0	1.964247E-4	2.976042E-9	0.000000E+0	0.000000E+0	1.999959E+1	0.000000E+0	4.000000E+0
24-Apr-25	20:32:32	1.000000E-5	4.170900E-1	-8.000000E-5	1.965000E-5	1.895000E-5	2.710000E-3	2.000000E-5	0.000000E+0	0.000000E+0	1.964247E-4	2.976042E-9	0.000000E+0	0.000000E+0	1.999959E+1	0.000000E+0	4.000000E+0
24-Apr-25	20:32:33	1.000000E-5	4.308850E-1	-8.000000E-5	1.975000E-5	1.895000E-5	2.710000E-3	2.000000E-5	0.000000E+0	0.000000E+0	1.964247E-4	2.976042E-9	0.000000E+0	0.000000E+0	1.999959E+1	0.000000E+0	4.000000E+0
24-Apr-25	20:32:33	1.000000E-5	4.398800E-1	-8.000000E-5	1.980000E-5	1.900000E-5	2.710000E-3	2.000000E-5	0.000000E+0	0.000000E+0	1.964247E-4	2.976042E-9	0.000000E+0	0.000000E+0	1.999959E+1	0.000000E+0	4.000000E+0
24-Apr-25	20:32:34	1.000000E-5	4.488650E-1	-8.000000E-5	1.980000E-5	1.900000E-5	2.710000E-3	2.000000E-5	0.000000E+0	0.000000E+0	1.964247E-4	2.976042E-9	0.000000E+0	0.000000E+0	1.999959E+1	0.000000E+0	4.000000E+0
24-Apr-25	20:32:34	1.000000E-5	4.578450E-1	-8.000000E-5	1.985000E-5	1.900000E-5	2.710000E-3	2.000000E-5	0.000000E+0	0.000000E+0	1.964247E-4	2.976042E-9	0.000000E+0	0.000000E+0	1.999959E+1	0.000000E+0	4.000000E+0
24-Apr-25	20:32:35	1.000000E-5	4.668100E-1	-8.000000E-5	1.985000E-5	1.900000E-5	2.710000E-3	2.000000E-5	0.000000E+0	0.000000E+0	1.964247E-4	2.976042E-9	0.000000E+0	0.000000E+0	1.999959E+1	0.000000E+0	4.000000E+0
24-Apr-25	20:32:36	1.000000E-5	4.758050E-1	-8.000000E-5	1.985000E-5	1.900000E-5	2.710000E-3	2.000000E-5	0.000000E+0	0.000000E+0	1.964247E-4	2.976042E-9	0.000000E+0	0.000000E+0	1.999959E+1	0.000000E+0	4.000000E+0
24-Apr-25	20:32:36	1.000000E-5	4.892950E-1	-8.000000E-5	1.995000E-5	1.890000E-5	2.710000E-3	2.000000E-5	0.000000E+0	0.000000E+0	1.964247E-4	2.976042E-9	0.000000E+0	0.000000E+0	1.999959E+1	0.000000E+0	4.000000E+0
24-Apr-25	20:32:37	1.000000E-5	5.011400E-1	-8.000000E-5	2.005000E-5	1.895000E-5	2.710000E-3	2.000000E-5	0.000000E+0	0.000000E+0	1.964247E-4	2.976042E-9	0.000000E+0	0.000000E+0	1.999959E+1	0.000000E+0	4.000000E+0
24-Apr-25	20:32:37	1.000000E-5	5.102600E-1	-8.000000E-5	2.010000E-5	1.900000E-5	2.710000E-3	2.000000E-5	0.000000E+0	0.000000E+0	1.964247E-4	2.976042E-9	0.000000E+0	0.000000E+0	1.999959E+1	0.000000E+0	4.000000E+0
24-Apr-25	20:32:38	1.000000E-5	5.192450E-1	-8.000000E-5	2.015000E-5	1.900000E-5	2.710000E-3	2.000000E-5	0.000000E+0	0.000000E+0	1.964247E-4	2.976042E-9	0.000000E+0	0.000000E+0	1.999959E+1	0.000000E+0	4.000000E+0
24-Apr-25	20:32:38	1.000000E-5	5.291550E-1	-8.000000E-5	2.020000E-5	1.895000E-5	2.710000E-3	2.000000E-5	0.000000E+0	0.000000E+0	1.964247E-4	2.976042E-9	0.000000E+0	0.000000E+0	1.999959E+1	0.000000E+0	4.000000E+0
24-Apr-25	20:32:39	1.000000E-5	5.381450E-1	-8.000000E-5	2.025000E-5	1.890000E-5	2.710000E-3	2.000000E-5	0.000000E+0	0.000000E+0	1.964247E-4	2.976042E-9	0.000000E+0	0.000000E+0	1.999959E+1	0.000000E+0	4.000000E+0
24-Apr-25	20:32:40	1.000000E-5	5.470800E-1	-8.000000E-5	2.030000E-5	1.890000E-5	2.710000E-3	2.000000E-5	0.000000E+0	0.000000E+0	1.964247E-4	2.976042E-9	0.000000E+0	0.000000E+0	1.999959E+1	0.000000E+0	4.000000E+0
24-Apr-25	20:32:40	1.000000E-5	5.605550E-1	-8.000000E-5	2.040000E-5	1.890000E-5	2.710000E-3	2.000000E-5	0.000000E+0	0.000000E+0	1.964247E-4	2.976042E-9	0.000000E+0	0.000000E+0	1.999959E+1	0.000000E+0	4.000000E+0
24-Apr-25	20:32:41	1.000000E-5	5.695150E-1	-8.000000E-5	2.040000E-5	1.890000E-5	2.710000E-3	2.000000E-5	0.000000E+0	0.000000E+0	1.964247E-4	2.976042E-9	0.000000E+0	0.000000E+0	1.999959E+1	0.000000E+0	4.000000E+0
24-Apr-25	20:32:41	1.000000E-5	5.785500E-1	-8.000000E-5	2.050000E-5	1.890000E-5	2.710000E-3	2.000000E-5	0.000000E+0	0.000000E+0	1.964247E-4	2.976042E-9	0.000000E+0	0.000000E+0	1.999959E+1	0.000000E+0	4.000000E+0
24-Apr-25	20:32:42	1.000000E-5	5.902450E-1	-8.000000E-5	2.060000E-5	1.890000E-5	2.710000E-3	2.000000E-5	0.000000E+0	0.000000E+0	1.964247E-4	2.976042E-9	0.000000E+0	0.000000E+0	1.999959E+1	0.000000E+0	4.000000E+0
24-Apr-25	20:32:42	1.000000E-5	5.986200E-1	-8.000000E-5	2.065000E-5	1.890000E-5	2.710000E-3	2.000000E-5	0.000000E+0	0.000000E+0	1.964247E-4	2.976042E-9	0.000000E+0	0.000000E+0	1.999959E+1	0.000000E+0	4.000000E+0
24-Apr-25	20:32:43	1.000000E-5	6.065800E-1	-8.000000E-5	2.070000E-5	1.895000E-5	2.710000E-3	2.000000E-5	0.000000E+0	0.000000E+0	1.964247E-4	2.976042E-9	0.000000E+0	0.000000E+0	1.999959E+1	0.000000E+0	4.000000E+0
24-Apr-25	20:32:43	1.000000E-5	6.156950E-1	-8.000000E-5	2.085000E-5	1.890000E-5	2.710000E-3	2.000000E-5	0.000000E+0	0.000000E+0	1.964247E-4	2.976042E-9	0.000000E+0	0.000000E+0	1.999959E+1	0.000000E+0	4.000000E+0
24-Apr-25	20:32:44	1.000000E-5	6.247000E-1	-8.000000E-5	2.085000E-5	1.890000E-5	2.710000E-3	2.000000E-5	0.000000E+0	0.000000E+0	1.964247E-4	2.976042E-9	0.000000E+0	0.000000E+0	1.999959E+1	0.000000E+0	4.000000E+0
24-Apr-25	20:32:44	1.000000E-5	6.336800E-1	-8.000000E-5	2.095000E-5	1.890000E-5	2.710000E-3	2.000000E-5	0.000000E+0	0.000000E+0	1.964247E-4	2.976042E-9	0.000000E+0	0.000000E+0	1.999959E+1	0.000000E+0	4.000000E+0
24-Apr-25	20:32:45	1.000000E-5	6.417500E-1	-8.000000E-5	2.105000E-5	1.885000E-5	2.710000E-3	2.000000E-5	0.000000E+0	0.000000E+0	1.964247E-4	2.976042E-9	0.000000E+0	0.000000E+0	1.999959E+1	0.000000E+0	4.000000E+0
24-Apr-25	20:32:45	1.000000E-5	6.507400E-1	-8.000000E-5	2.105000E-5	1.885000E-5	2.710000E-3	2.000000E-5	0.000000E+0	0.000000E+0	1.964247E-4	2.976042E-9	0.000000E+0	0.000000E+0	1.999959E+1	0.000000E+0	4.000000E+0
24-Apr-25	20:32:46	1.000000E-5	6.597100E-1	-8.000000E-5	2.110000E-5	1.885000E-5	2.710000E-3	2.000000E-5	0.000000E+0	0.000000E+0	1.964247E-4	2.976042E-9	0.000000E+0	0.000000E+0	1.999959E+1	0.000000E+0	4.000000E+0
24-Apr-25	20:32:46	1.000000E-5	6.686950E-1	-8.000000E-5	2.115000E-5	1.885000E-5	2.710000E-3	2.000000E-5	0.000000E+0	0.000000E+0	1.964247E-4	2.976042E-9	0.000000E+0	0.000000E+0	1.999959E+1	0.000000E+0	4.000000E+0
24-Apr-25	20:32:47	1.000000E-5	6.777150E-1	-8.000000E-5	2.120000E-5	1.885000E-5	2.710000E-3	2.000000E-5	0.000000E+0	0.000000E+0	1.964247E-4	2.976042E-9	0.000000E+0	0.000000E+0	1.999959E+1	0.000000E+0	4.000000E+0
24-Apr-25	20:32:47	1.000000E-5	6.866900E-1	-8.000000E-5	2.120000E-5	1.885000E-5	2.710000E-3	2.000000E-5	0.000000E+0	0.000000E+0	1.964247E-4	2.976042E-9	0.000000E+0	0.000000E+0	1.999959E+1	0.000000E+0	4.000000E+0
24-Apr-25	20:32:48	1.000000E-5	6.956900E-1	-8.000000E-5	2.125000E-5	1.890000E-5	2.710000E-3	2.000000E-5	0.000000E+0	0.000000E+0	1.964247E-4	2.976042E-9	0.000000E+0	0.000000E+0	1.999959E+1	0.000000E+0	4.000000E+0
24-Apr-25	20:32:48	1.000000E-5	7.046500E-1	-8.000000E-5	2.135000E-5	1.885000E-5	2.710000E-3	2.000000E-5	0.000000E+0	0.000000E+0	1.964247E-4	2.976042E-9	0.000000E+0	0.000000E+0	1.999959E+1	0.000000E+0	4.000000E+0
24-Apr-25	20:32:49	1.000000E-5	7.136550E-1	-8.000000E-5	2.145000E-5	1.880000E-5	2.710000E-3	2.000000E-5	0.000000E+0	0.000000E+0	1.964247E-4	2.976042E-9	0.000000E+0	0.000000E+0	1.999959E+1	0.000000E+0	4.000000E+0
24-Apr-25	20:32:49	1.000000E-5	7.226300E-1	-8.000000E-5	2.155000E-5	1.885000E-5	2.710000E-3	2.000000E-5	0.000000E+0	0.000000E+0	1.964247E-4	2.976042E-9	0.000000E+0	0.000000E+0	1.999959E+1	0.000000E+0	4.000000E+0
24-Apr-25	20:32:50	1.000000E-5	7.314600E-1	-8.000000E-5	2.155000E-5	1.885000E-5	2.710000E-3	2.000000E-5	0.000000E+0	0.000000E+0	1.964247E-4	2.976042E-9	0.000000E+0	0.000000E+0	1.999959E+1	0.000000E+0	4.000000E+0
24-Apr-25	20:32:50	1.000000E-5	7.402700E-1	-8.000000E-5	2.160000E-5	1.880000E-5	2.710000E-3	2.000000E-5	0.000000E+0	0.000000E+0	1.964247E-4	2.976042E-9	0.000000E+0	0.000000E+0	1.999959E+1	0.000000E+0	4.000000E+0
24-Apr-25	20:32:51	1.000000E-5	7.493850E-1	-8.000000E-5	2.170000E-5	1.880000E-5	2.710000E-3	2.000000E-5	0.000000E+0	0.000000E+0	1.964247E-4	2.976042E-9	0.000000E+0	0.000000E+0	1.999959E+1	0.000000E+0	4.000000E+0
24-Apr-25	20:32:51	1.000000E-5	7.585050E-1	-8.000000E-5	2.170000E-5	1.880000E-5	2.710000E-3	2.000000E-5	0.000000E+0	0.000000E+0	1.964247E-4	2.976042E-9	0.000000E+0	0.000000E+0	1.999959E+1	0.000000E+0	4.000000E+0
24-Apr-25	20:32:52	1.000000E-5	7.675600E-1	-8.000000E-5	2.175000E-5	1.880000E-5	2.710000E-3	2.000000E-5	0.000000E+0	0.000000E+0	1.964247E-4	2.976042E-9	0.000000E+0	0.000000E+0	1.999959E+1	0.000000E+0	4.000000E+0
24-Apr-25	20:32:52	1.000000E-5	7.763650E-1	-8.000000E-5	2.180000E-5	1.880000E-5	2.710000E-3	2.000000E-5	0.000000E+0	0.000000E+0	1.964247E-4	2.976042E-9	0.000000E+0	0.000000E+0	1.999959E+1	0.000000E+0	4.000000E+0
24-Apr-25	20:32:53	1.000000E-5	7.843250E-1	-8.000000E-5	2.190000E-5	1.880000E-5	2.710000E-3	2.000000E-5	0.000000E+0	0.000000E+0	1.964247E-4	2.976042E-9	0.000000E+0	0.000000E+0	1.999959E+1	0.000000E+0	4.000000E+0
24-Apr-25	20:32:53	1.000000E-5	7.932900E-1	-8.000000E-5	2.195000E-5	1.885000E-5	2.710000E-3	2.000000E-5	0.000000E+0	0.000000E+0	1.964247E-4	2.976042E-9	0.000000E+0	0.000000E+0	1.999959E+1	0.000000E+0	4.000000E+0
24-Apr-25	20:32:54	1.000000E-5	8.023150E-1	-8.000000E-5	2.200000E-5	1.885000E-5	2.710000E-3	2.000000E-5	0.000000E+0	0.000000E+0	1.964247E-4	2.976042E-9	0.000000E+0	0.000000E+0	1.999959E+1	0.000000E+0	4.000000E+0
24-Apr-25	20:32:54	1.000000E-5	8.113050E-1	-8.000000E-5	2.200000E-5	1.880000E-5	2.710000E-3	2.000000E-5	0.000000E+0	0.000000E+0	1.964247E-4	2.976042E-9	0.000000E+0	0.000000E+0	1.999959E+1	0.000000E+0	4.000000E+0
24-Apr-25	20:32:55	1.000000E-5	8.203200E-1	-8.000000E-5	2.210000E-5	1.875000E-5	2.710000E-3	2.000000E-5	0.000000E+0	0.000000E+0	1.964247E-4	2.976042E-9	0.000000E+0	0.000000E+0	1.999959E+1	0.000000E+0	4.000000E+0
24-Apr-25	20:32:55	1.000000E-5	8.292700E-1	-8.000000E-5	2.215000E-5	1.880000E-5	2.710000E-3	2.000000E-5	0.000000E+0	0.000000E+0	1.964247E-4	2.976042E-9	0.000000E+0	0.000000E+0	1.999959E+1	0.000000E+0	4.000000E+0
24-Apr-25	20:32:56	1.000000E-5	8.373700E-1	-8.000000E-5	2.220000E-5	1.880000E-5	2.710000E-3	2.000000E-5	0.000000E+0	0.000000E+0	1.964247E-4	2.976042E-9	0.000000E+0	0.000000E+0	1.999959E+1	0.000000E+0	4.000000E+0
24-Apr-25	20:32:56	1.000000E-5	8.463250E-1	-8.000000E-5	2.220000E-5	1.880000E-5	2.710000E-3	2.000000E-5	0.000000E+0	0.000000E+0	1.964247E-4	2.976042E-9	0.000000E+0	0.000000E+0	1.999959E+1	0.000000E+0	4.000000E+0
24-Apr-25	20:32:57	1.000000E-5	8.544300E-1	-8.000000E-5	2.230000E-5	1.880000E-5	2.710000E-3	2.000000E-5	0.000000E+0	0.000000E+0	1.964247E-4	2.976042E-9	0.000000E+0	0.000000E+0	1.999959E+1	0.000000E+0	4.000000E+0
24-Apr-25	20:32:57	1.000000E-5	8.634450E-1	-8.000000E-5	2.240000E-5	1.875000E-5	2.710000E-3	2.000000E-5	0.000000E+0	0.000000E+0	1.964247E-4	2.976042E-9	0.000000E+0	0.000000E+0	1.999959E+1	0.000000E+0	4.000000E+0
24-Apr-25	20:32:58	1.000000E-5	8.724200E-1	-8.000000E-5	2.245000E-5	1.875000E-5	2.710000E-3	2.000000E-5	0.000000E+0	0.000000E+0	1.964247E-4	2.976042E-9	0.000000E+0	0.000000E+0	1.999959E+1	0.000000E+0	4.000000E+0
24-Apr-25	20:32:58	1.000000E-5	8.814000E-1	-8.000000E-5	2.250000E-5	1.875000E-5	2.710000E-3	2.000000E-5	0.000000E+0	0.000000E+0	1.964247E-4	2.976042E-9	0.000000E+0	0.000000E+0	1.999959E+1	0.000000E+0	4.000000E+0
24-Apr-25	20:32:59	1.000000E-5	8.912900E-1	-8.000000E-5	2.255000E-5	1.875000E-5	2.710000E-3	2.000000E-5	0.000000E+0	0.000000E+0	1.964247E-4	2.976042E-9	0.000000E+0	0.000000E+0	1.999959E+1	0.000000E+0	4.000000E+0
24-Apr-25	20:32:59	1.000000E-5	9.004150E-1	-8.000000E-5	2.260000E-5	1.875000E-5	2.710000E-3	2.000000E-5	0.000000E+0	0.000000E+0	1.964247E-4	2.976042E-9	0.000000E+0	0.000000E+0	1.999959E+1	0.000000E+0	4.000000E+0
24-Apr-25	20:33:00	1.000000E-5	9.095800E-1	-8.000000E-5	2.265000E-5	1.875000E-5	2.710000E-3	2.000000E-5	0.000000E+0	0.000000E+0	1.964247E-4	2.976042E-9	0.000000E+0	0.000000E+0	1.999959E+1	0.000000E+0	4.000000E+0
24-Apr-25	20:33:00	1.000000E-5	9.184050E-1	-8.000000E-5	2.275000E-5	1.875000E-5	2.710000E-3	2.000000E-5	0.000000E+0	0.000000E+0	1.964247E-4	2.976042E-9	0.000000E+0	0.000000E+0	1.999959E+1	0.000000E+0	4.000000E+0
24-Apr-25	20:33:01	1.000000E-5	9.263200E-1	-8.000000E-5	2.280000E-5	1.870000E-5	2.710000E-3	2.000000E-5	0.000000E+0	0.000000E+0	1.964247E-4	2.976042E-9	0.000000E+0	0.000000E+0	1.999959E+1	0.000000E+0	4.000000E+0
24-Apr-25	20:33:01	1.000000E-5	9.356000E-1	-8.000000E-5	2.285000E-5	1.875000E-5	2.710000E-3	2.000000E-5	0.000000E+0	0.000000E+0	1.964247E-4	2.976042E-9	0.000000E+0	0.000000E+0	1.999959E+1	0.000000E+0	4.000000E+0
24-Apr-25	20:33:02	1.000000E-5	9.481800E-1	-8.000000E-5	2.295000E-5	1.870000E-5	2.710000E-3	2.000000E-5	0.000000E+0	0.000000E+0	1.964247E-4	2.976042E-9	0.000000E+0	0.000000E+0	1.999959E+1	0.000000E+0	4.000000E+0
24-Apr-25	20:33:02	1.000000E-5	9.611200E-1	-8.000000E-5	2.300000E-5	1.875000E-5	2.710000E-3	2.000000E-5	0.000000E+0	0.000000E+0	1.964247E-4	2.976042E-9	0.000000E+0	0.000000E+0	1.999959E+1	0.000000E+0	4.000000E+0
24-Apr-25	20:33:03	1.000000E-5	9.697650E-1	-8.000000E-5	2.310000E-5	1.870000E-5	2.710000E-3	2.000000E-5	0.000000E+0	0.000000E+0	1.964247E-4	2.976042E-9	0.000000E+0	0.000000E+0	1.999959E+1	0.000000E+0	4.000000E+0
24-Apr-25	20:33:03	1.000000E-5	9.787600E-1	-8.000000E-5	2.310000E-5	1.870000E-5	2.710000E-3	2.000000E-5	0.000000E+0	0.000000E+0	1.964247E-4	2.976042E-9	0.000000E+0	0.000000E+0	1.999959E+1	0.000000E+0	4.000000E+0
24-Apr-25	20:33:04	1.000000E-5	9.898250E-1	-8.000000E-5	2.320000E-5	1.865000E-5	2.710000E-3	2.000000E-5	0.000000E+0	0.000000E+0	1.964247E-4	2.976042E-9	0.000000E+0	0.000000E+0	1.999959E+1	0.000000E+0	4.000000E+0
24-Apr-25	20:33:05	1.000000E-5	9.988500E-1	-8.000000E-5	2.330000E-5	1.870000E-5	2.710000E-3	2.000000E-5	0.000000E+0	0.000000E+0	1.964247E-4	2.976042E-9	0.000000E+0	0.000000E+0	1.999959E+1	0.000000E+0	4.000000E+0
24-Apr-25	20:33:05	1.000000E-5	1.008740E+0	-8.000000E-5	2.340000E-5	1.870000E-5	2.710000E-3	2.000000E-5	0.000000E+0	0.000000E+0	1.964247E-4	2.976042E-9	0.000000E+0	0.000000E+0	1.999959E+1	0.000000E+0	4.000000E+0
24-Apr-25	20:33:06	1.000000E-5	1.016810E+0	-8.000000E-5	2.345000E-5	1.870000E-5	2.710000E-3	2.000000E-5	0.000000E+0	0.000000E+0	1.964247E-4	2.976042E-9	0.000000E+0	0.000000E+0	1.999959E+1	0.000000E+0	4.000000E+0
24-Apr-25	20:33:06	1.000000E-5	1.025785E+0	-8.000000E-5	2.345000E-5	1.865000E-5	2.710000E-3	2.000000E-5	0.000000E+0	0.000000E+0	1.964247E-4	2.976042E-9	0.000000E+0	0.000000E+0	1.999959E+1	0.000000E+0	4.000000E+0
24-Apr-25	20:33:06	1.000000E-5	1.033865E+0	-8.000000E-5	2.350000E-5	1.865000E-5	2.710000E-3	2.000000E-5	0.000000E+0	0.000000E+0	1.964247E-4	2.976042E-9	0.000000E+0	0.000000E+0	1.999959E+1	0.000000E+0	4.000000E+0
24-Apr-25	20:33:07	1.000000E-5	1.041940E+0	-8.000000E-5	2.355000E-5	1.860000E-5	2.710000E-3	2.000000E-5	0.000000E+0	0.000000E+0	1.964247E-4	2.976042E-9	0.000000E+0	0.000000E+0	1.999959E+1	0.000000E+0	4.000000E+0
24-Apr-25	20:33:07	1.000000E-5	1.050985E+0	-8.000000E-5	2.355000E-5	1.865000E-5	2.710000E-3	2.000000E-5	0.000000E+0	0.000000E+0	1.964247E-4	2.976042E-9	0.000000E+0	0.000000E+0	1.999959E+1	0.000000E+0	4.000000E+0
24-Apr-25	20:33:08	1.000000E-5	1.059950E+0	-8.000000E-5	2.365000E-5	1.865000E-5	2.710000E-3	2.000000E-5	0.000000E+0	0.000000E+0	1.964247E-4	2.976042E-9	0.000000E+0	0.000000E+0	1.999959E+1	0.000000E+0	4.000000E+0
24-Apr-25	20:33:09	1.000000E-5	1.072810E+0	-8.000000E-5	2.375000E-5	1.865000E-5	2.710000E-3	2.000000E-5	0.000000E+0	0.000000E+0	1.964247E-4	2.976042E-9	0.000000E+0	0.000000E+0	1.999959E+1	0.000000E+0	4.000000E+0
24-Apr-25	20:33:09	1.000000E-5	1.082700E+0	-8.000000E-5	2.385000E-5	1.865000E-5	2.710000E-3	2.000000E-5	0.000000E+0	0.000000E+0	1.964247E-4	2.976042E-9	0.000000E+0	0.000000E+0	1.999959E+1	0.000000E+0	4.000000E+0
24-Apr-25	20:33:10	1.000000E-5	1.091690E+0	-8.000000E-5	2.385000E-5	1.865000E-5	2.710000E-3	2.000000E-5	0.000000E+0	0.000000E+0	1.964247E-4	2.976042E-9	0.000000E+0	0.000000E+0	1.999959E+1	0.000000E+0	4.000000E+0
24-Apr-25	20:33:10	1.000000E-5	1.100680E+0	-8.000000E-5	2.390000E-5	1.870000E-5	2.710000E-3	2.000000E-5	0.000000E+0	0.000000E+0	1.964247E-4	2.976042E-9	0.000000E+0	0.000000E+0	1.999959E+1	0.000000E+0	4.000000E+0
24-Apr-25	20:33:11	1.000000E-5	1.109685E+0	-8.000000E-5	2.395000E-5	1.865000E-5	2.710000E-3	2.000000E-5	0.000000E+0	0.000000E+0	1.964247E-4	2.976042E-9	0.000000E+0	0.000000E+0	1.999959E+1	0.000000E+0	4.000000E+0
24-Apr-25	20:33:11	1.000000E-5	1.118620E+0	-8.000000E-5	2.405000E-5	1.860000E-5	2.710000E-3	2.000000E-5	0.000000E+0	0.000000E+0	1.964247E-4	2.976042E-9	0.000000E+0	0.000000E+0	1.999959E+1	0.000000E+0	4.000000E+0
24-Apr-25	20:33:12	1.000000E-5	1.132400E+0	-8.000000E-5	2.410000E-5	1.860000E-5	2.710000E-3	2.000000E-5	0.000000E+0	0.000000E+0	1.964247E-4	2.976042E-9	0.000000E+0	0.000000E+0	1.999959E+1	0.000000E+0	4.000000E+0
24-Apr-25	20:33:13	1.000000E-5	1.142315E+0	-8.000000E-5	2.420000E-5	1.860000E-5	2.710000E-3	2.000000E-5	0.000000E+0	0.000000E+0	1.964247E-4	2.976042E-9	0.000000E+0	0.000000E+0	1.999959E+1	0.000000E+0	4.000000E+0
24-Apr-25	20:33:13	1.000000E-5	1.152210E+0	-8.000000E-5	2.425000E-5	1.860000E-5	2.710000E-3	2.000000E-5	0.000000E+0	0.000000E+0	1.964247E-4	2.976042E-9	0.000000E+0	0.000000E+0	1.999959E+1	0.000000E+0	4.000000E+0
24-Apr-25	20:33:14	1.000000E-5	1.162075E+0	-8.000000E-5	2.430000E-5	1.860000E-5	2.710000E-3	2.000000E-5	0.000000E+0	0.000000E+0	1.964247E-4	2.976042E-9	0.000000E+0	0.000000E+0	1.999959E+1	0.000000E+0	4.000000E+0
24-Apr-25	20:33:14	1.000000E-5	1.171060E+0	-8.000000E-5	2.440000E-5	1.860000E-5	2.710000E-3	2.000000E-5	0.000000E+0	0.000000E+0	1.964247E-4	2.976042E-9	0.000000E+0	0.000000E+0	1.999959E+1	0.000000E+0	4.000000E+0
24-Apr-25	20:33:15	1.000000E-5	1.181130E+0	-8.000000E-5	2.445000E-5	1.860000E-5	2.710000E-3	2.000000E-5	0.000000E+0	0.000000E+0	1.964247E-4	2.976042E-9	0.000000E+0	0.000000E+0	1.999959E+1	0.000000E+0	4.000000E+0
24-Apr-25	20:33:15	1.000000E-5	1.191185E+0	-8.000000E-5	2.450000E-5	1.860000E-5	2.710000E-3	2.000000E-5	0.000000E+0	0.000000E+0	1.964247E-4	2.976042E-9	0.000000E+0	0.000000E+0	1.999959E+1	0.000000E+0	4.000000E+0
24-Apr-25	20:33:16	1.000000E-5	1.199280E+0	-8.000000E-5	2.460000E-5	1.860000E-5	2.710000E-3	2.000000E-5	0.000000E+0	0.000000E+0	1.964247E-4	2.976042E-9	0.000000E+0	0.000000E+0	1.999959E+1	0.000000E+0	4.000000E+0
24-Apr-25	20:33:16	1.000000E-5	1.210925E+0	-8.000000E-5	2.460000E-5	1.855000E-5	2.710000E-3	2.000000E-5	0.000000E+0	0.000000E+0	1.964247E-4	2.976042E-9	0.000000E+0	0.000000E+0	1.999959E+1	0.000000E+0	4.000000E+0
24-Apr-25	20:33:17	1.000000E-5	1.220795E+0	-8.000000E-5	2.470000E-5	1.860000E-5	2.710000E-3	2.000000E-5	0.000000E+0	0.000000E+0	1.964247E-4	2.976042E-9	0.000000E+0	0.000000E+0	1.999959E+1	0.000000E+0	4.000000E+0
24-Apr-25	20:33:17	1.000000E-5	1.229785E+0	-8.000000E-5	2.480000E-5	1.860000E-5	2.710000E-3	2.000000E-5	0.000000E+0	0.000000E+0	1.964247E-4	2.976042E-9	0.000000E+0	0.000000E+0	1.999959E+1	0.000000E+0	4.000000E+0
24-Apr-25	20:33:18	1.000000E-5	1.238790E+0	-8.000000E-5	2.485000E-5	1.850000E-5	2.710000E-3	2.000000E-5	0.000000E+0	0.000000E+0	1.964247E-4	2.976042E-9	0.000000E+0	0.000000E+0	1.999959E+1	0.000000E+0	4.000000E+0
24-Apr-25	20:33:19	1.000000E-5	1.251515E+0	-8.000000E-5	2.495000E-5	1.855000E-5	2.710000E-3	2.000000E-5	0.000000E+0	0.000000E+0	1.964247E-4	2.976042E-9	0.000000E+0	0.000000E+0	1.999959E+1	0.000000E+0	4.000000E+0
24-Apr-25	20:33:19	1.000000E-5	1.260645E+0	-8.000000E-5	2.495000E-5	1.850000E-5	2.710000E-3	2.000000E-5	0.000000E+0	0.000000E+0	1.964247E-4	2.976042E-9	0.000000E+0	0.000000E+0	1.999959E+1	0.000000E+0	4.000000E+0
24-Apr-25	20:33:20	1.000000E-5	1.269635E+0	-8.000000E-5	2.500000E-5	1.855000E-5	2.710000E-3	2.000000E-5	0.000000E+0	0.000000E+0	1.964247E-4	2.976042E-9	0.000000E+0	0.000000E+0	1.999959E+1	0.000000E+0	4.000000E+0
24-Apr-25	20:33:20	1.000000E-5	1.278635E+0	-8.000000E-5	2.510000E-5	1.855000E-5	2.710000E-3	2.000000E-5	0.000000E+0	0.000000E+0	1.964247E-4	2.976042E-9	0.000000E+0	0.000000E+0	1.999959E+1	0.000000E+0	4.000000E+0
24-Apr-25	20:33:21	1.000000E-5	1.287635E+0	-8.000000E-5	2.515000E-5	1.855000E-5	2.710000E-3	2.000000E-5	0.000000E+0	0.000000E+0	1.964247E-4	2.976042E-9	0.000000E+0	0.000000E+0	1.999959E+1	0.000000E+0	4.000000E+0
24-Apr-25	20:33:21	1.000000E-5	1.296610E+0	-8.000000E-5	2.525000E-5	1.850000E-5	2.710000E-3	2.000000E-5	0.000000E+0	0.000000E+0	1.964247E-4	2.976042E-9	0.000000E+0	0.000000E+0	1.999959E+1	0.000000E+0	4.000000E+0
24-Apr-25	20:33:22	1.000000E-5	1.304685E+0	-8.000000E-5	2.525000E-5	1.850000E-5	2.710000E-3	2.000000E-5	0.000000E+0	0.000000E+0	1.964247E-4	2.976042E-9	0.000000E+0	0.000000E+0	1.999959E+1	0.000000E+0	4.000000E+0
24-Apr-25	20:33:22	1.000000E-5	1.313665E+0	-8.000000E-5	2.535000E-5	1.850000E-5	2.710000E-3	2.000000E-5	0.000000E+0	0.000000E+0	1.964247E-4	2.976042E-9	0.000000E+0	0.000000E+0	1.999959E+1	0.000000E+0	4.000000E+0
24-Apr-25	20:33:23	1.000000E-5	1.327115E+0	-8.000000E-5	2.540000E-5	1.855000E-5	2.710000E-3	2.000000E-5	0.000000E+0	0.000000E+0	1.964247E-4	2.976042E-9	0.000000E+0	0.000000E+0	1.999959E+1	0.000000E+0	4.000000E+0
24-Apr-25	20:33:24	1.000000E-5	1.341680E+0	-8.000000E-5	2.545000E-5	1.850000E-5	2.710000E-3	2.000000E-5	0.000000E+0	0.000000E+0	1.964247E-4	2.976042E-9	0.000000E+0	0.000000E+0	1.999959E+1	0.000000E+0	4.000000E+0
24-Apr-25	20:33:24	1.000000E-5	1.351710E+0	-8.000000E-5	2.555000E-5	1.850000E-5	2.710000E-3	2.000000E-5	0.000000E+0	0.000000E+0	1.964247E-4	2.976042E-9	0.000000E+0	0.000000E+0	1.999959E+1	0.000000E+0	4.000000E+0
24-Apr-25	20:33:25	1.000000E-5	1.360685E+0	-8.000000E-5	2.565000E-5	1.845000E-5	2.710000E-3	2.000000E-5	0.000000E+0	0.000000E+0	1.964247E-4	2.976042E-9	0.000000E+0	0.000000E+0	1.999959E+1	0.000000E+0	4.000000E+0
24-Apr-25	20:33:25	1.000000E-5	1.369680E+0	-8.000000E-5	2.570000E-5	1.850000E-5	2.710000E-3	2.000000E-5	0.000000E+0	0.000000E+0	1.964247E-4	2.976042E-9	0.000000E+0	0.000000E+0	1.999959E+1	0.000000E+0	4.000000E+0
24-Apr-25	20:33:26	1.000000E-5	1.379595E+0	-8.000000E-5	2.575000E-5	1.845000E-5	2.710000E-3	2.000000E-5	0.000000E+0	0.000000E+0	1.964247E-4	2.976042E-9	0.000000E+0	0.000000E+0	1.999959E+1	0.000000E+0	4.000000E+0
24-Apr-25	20:33:26	1.000000E-5	1.388590E+0	-8.000000E-5	2.585000E-5	1.845000E-5	2.710000E-3	2.000000E-5	0.000000E+0	0.000000E+0	1.964247E-4	2.976042E-9	0.000000E+0	0.000000E+0	1.999959E+1	0.000000E+0	4.000000E+0
24-Apr-25	20:33:27	1.000000E-5	1.397545E+0	-8.000000E-5	2.585000E-5	1.850000E-5	2.710000E-3	2.000000E-5	0.000000E+0	0.000000E+0	1.964247E-4	2.976042E-9	0.000000E+0	0.000000E+0	1.999959E+1	0.000000E+0	4.000000E+0
24-Apr-25	20:33:27	1.000000E-5	1.406530E+0	-8.000000E-5	2.590000E-5	1.845000E-5	2.710000E-3	2.000000E-5	0.000000E+0	0.000000E+0	1.964247E-4	2.976042E-9	0.000000E+0	0.000000E+0	1.999959E+1	0.000000E+0	4.000000E+0
24-Apr-25	20:33:28	1.000000E-5	1.419365E+0	-8.000000E-5	2.595000E-5	1.850000E-5	2.710000E-3	2.000000E-5	0.000000E+0	0.000000E+0	1.964247E-4	2.976042E-9	0.000000E+0	0.000000E+0	1.999959E+1	0.000000E+0	4.000000E+0
24-Apr-25	20:33:28	1.000000E-5	1.428415E+0	-8.000000E-5	2.605000E-5	1.845000E-5	2.710000E-3	2.000000E-5	0.000000E+0	0.000000E+0	1.964247E-4	2.976042E-9	0.000000E+0	0.000000E+0	1.999959E+1	0.000000E+0	4.000000E+0
24-Apr-25	20:33:29	1.000000E-5	1.437385E+0	-8.000000E-5	2.615000E-5	1.850000E-5	2.710000E-3	2.000000E-5	0.000000E+0	0.000000E+0	1.964247E-4	2.976042E-9	0.000000E+0	0.000000E+0	1.999959E+1	0.000000E+0	4.000000E+0
24-Apr-25	20:33:29	1.000000E-5	1.446220E+0	-8.000000E-5	2.620000E-5	1.845000E-5	2.710000E-3	2.000000E-5	0.000000E+0	0.000000E+0	1.964247E-4	2.976042E-9	0.000000E+0	0.000000E+0	1.999959E+1	0.000000E+0	4.000000E+0
24-Apr-25	20:33:30	1.000000E-5	1.455335E+0	-8.000000E-5	2.625000E-5	1.845000E-5	2.710000E-3	2.000000E-5	0.000000E+0	0.000000E+0	1.964247E-4	2.976042E-9	0.000000E+0	0.000000E+0	1.999959E+1	0.000000E+0	4.000000E+0
24-Apr-25	20:33:31	1.000000E-5	1.465225E+0	-8.000000E-5	2.635000E-5	1.840000E-5	2.710000E-3	2.000000E-5	0.000000E+0	0.000000E+0	1.964247E-4	2.976042E-9	0.000000E+0	0.000000E+0	1.999959E+1	0.000000E+0	4.000000E+0
24-Apr-25	20:33:31	1.000000E-5	1.474240E+0	-8.000000E-5	2.635000E-5	1.840000E-5	2.710000E-3	2.000000E-5	0.000000E+0	0.000000E+0	1.964247E-4	2.976042E-9	0.000000E+0	0.000000E+0	1.999959E+1	0.000000E+0	4.000000E+0
24-Apr-25	20:33:32	1.000000E-5	1.483205E+0	-8.000000E-5	2.640000E-5	1.845000E-5	2.710000E-3	2.000000E-5	0.000000E+0	0.000000E+0	1.964247E-4	2.976042E-9	0.000000E+0	0.000000E+0	1.999959E+1	0.000000E+0	4.000000E+0
24-Apr-25	20:33:32	1.000000E-5	1.492160E+0	-8.000000E-5	2.645000E-5	1.840000E-5	2.710000E-3	2.000000E-5	0.000000E+0	0.000000E+0	1.964247E-4	2.976042E-9	0.000000E+0	0.000000E+0	1.999959E+1	0.000000E+0	4.000000E+0
24-Apr-25	20:33:33	1.000000E-5	1.502950E+0	-8.000000E-5	2.650000E-5	1.840000E-5	2.710000E-3	2.000000E-5	0.000000E+0	0.000000E+0	1.964247E-4	2.976042E-9	0.000000E+0	0.000000E+0	1.999959E+1	0.000000E+0	4.000000E+0
24-Apr-25	20:33:33	1.000000E-5	1.511900E+0	-8.000000E-5	2.660000E-5	1.840000E-5	2.710000E-3	2.000000E-5	0.000000E+0	0.000000E+0	1.964247E-4	2.976042E-9	0.000000E+0	0.000000E+0	1.999959E+1	0.000000E+0	4.000000E+0
24-Apr-25	20:33:34	1.000000E-5	1.520840E+0	-8.000000E-5	2.660000E-5	1.845000E-5	2.710000E-3	2.000000E-5	0.000000E+0	0.000000E+0	1.964247E-4	2.976042E-9	0.000000E+0	0.000000E+0	1.999959E+1	0.000000E+0	4.000000E+0
24-Apr-25	20:33:34	1.000000E-5	1.531635E+0	-8.000000E-5	2.665000E-5	1.840000E-5	2.710000E-3	2.000000E-5	0.000000E+0	0.000000E+0	1.964247E-4	2.976042E-9	0.000000E+0	0.000000E+0	1.999959E+1	0.000000E+0	4.000000E+0
24-Apr-25	20:33:35	1.000000E-5	1.540625E+0	-8.000000E-5	2.675000E-5	1.840000E-5	2.710000E-3	2.000000E-5	0.000000E+0	0.000000E+0	1.964247E-4	2.976042E-9	0.000000E+0	0.000000E+0	1.999959E+1	0.000000E+0	4.000000E+0
24-Apr-25	20:33:35	1.000000E-5	1.549600E+0	-8.000000E-5	2.680000E-5	1.835000E-5	2.710000E-3	2.000000E-5	0.000000E+0	0.000000E+0	1.964247E-4	2.976042E-9	0.000000E+0	0.000000E+0	1.999959E+1	0.000000E+0	4.000000E+0
24-Apr-25	20:33:36	1.000000E-5	1.558615E+0	-8.000000E-5	2.685000E-5	1.835000E-5	2.710000E-3	2.000000E-5	0.000000E+0	0.000000E+0	1.964247E-4	2.976042E-9	0.000000E+0	0.000000E+0	1.999959E+1	0.000000E+0	4.000000E+0
24-Apr-25	20:33:37	1.000000E-5	1.572265E+0	-8.000000E-5	2.690000E-5	1.840000E-5	2.710000E-3	2.000000E-5	0.000000E+0	0.000000E+0	1.964247E-4	2.976042E-9	0.000000E+0	0.000000E+0	1.999959E+1	0.000000E+0	4.000000E+0
24-Apr-25	20:33:37	1.000000E-5	1.582285E+0	-8.000000E-5	2.700000E-5	1.840000E-5	2.710000E-3	2.000000E-5	0.000000E+0	0.000000E+0	1.964247E-4	2.976042E-9	0.000000E+0	0.000000E+0	1.999959E+1	0.000000E+0	4.000000E+0
24-Apr-25	20:33:38	1.000000E-5	1.590060E+0	-8.000000E-5	2.705000E-5	1.845000E-5	2.710000E-3	2.000000E-5	0.000000E+0	0.000000E+0	1.964247E-4	2.976042E-9	0.000000E+0	0.000000E+0	1.999959E+1	0.000000E+0	4.000000E+0
24-Apr-25	20:33:38	1.000000E-5	1.599045E+0	-8.000000E-5	2.705000E-5	1.840000E-5	2.710000E-3	2.000000E-5	0.000000E+0	0.000000E+0	1.964247E-4	2.976042E-9	0.000000E+0	0.000000E+0	1.999959E+1	0.000000E+0	4.000000E+0
24-Apr-25	20:33:39	1.000000E-5	1.609235E+0	-8.000000E-5	2.715000E-5	1.840000E-5	2.710000E-3	2.000000E-5	0.000000E+0	0.000000E+0	1.964247E-4	2.976042E-9	0.000000E+0	0.000000E+0	1.999959E+1	0.000000E+0	4.000000E+0
24-Apr-25	20:33:39	1.000000E-5	1.617040E+0	-8.000000E-5	2.720000E-5	1.840000E-5	2.710000E-3	2.000000E-5	0.000000E+0	0.000000E+0	1.964247E-4	2.976042E-9	0.000000E+0	0.000000E+0	1.999959E+1	0.000000E+0	4.000000E+0
24-Apr-25	20:33:40	1.000000E-5	1.626185E+0	-8.000000E-5	2.720000E-5	1.835000E-5	2.710000E-3	2.000000E-5	0.000000E+0	0.000000E+0	1.964247E-4	2.976042E-9	0.000000E+0	0.000000E+0	1.999959E+1	0.000000E+0	4.000000E+0
24-Apr-25	20:33:40	1.000000E-5	1.638900E+0	-8.000000E-5	2.730000E-5	1.840000E-5	2.710000E-3	2.000000E-5	0.000000E+0	0.000000E+0	1.964247E-4	2.976042E-9	0.000000E+0	0.000000E+0	1.999959E+1	0.000000E+0	4.000000E+0
24-Apr-25	20:33:41	1.000000E-5	1.647875E+0	-8.000000E-5	2.730000E-5	1.840000E-5	2.710000E-3	2.000000E-5	0.000000E+0	0.000000E+0	1.964247E-4	2.976042E-9	0.000000E+0	0.000000E+0	1.999959E+1	0.000000E+0	4.000000E+0
24-Apr-25	20:33:41	1.000000E-5	1.656900E+0	-8.000000E-5	2.745000E-5	1.840000E-5	2.710000E-3	2.000000E-5	0.000000E+0	0.000000E+0	1.964247E-4	2.976042E-9	0.000000E+0	0.000000E+0	1.999959E+1	0.000000E+0	4.000000E+0
24-Apr-25	20:33:42	1.000000E-5	1.668590E+0	-8.000000E-5	2.750000E-5	1.835000E-5	2.710000E-3	2.000000E-5	0.000000E+0	0.000000E+0	1.964247E-4	2.976042E-9	0.000000E+0	0.000000E+0	1.999959E+1	0.000000E+0	4.000000E+0
24-Apr-25	20:33:42	1.000000E-5	1.677560E+0	-8.000000E-5	2.755000E-5	1.835000E-5	2.710000E-3	2.000000E-5	0.000000E+0	0.000000E+0	1.964247E-4	2.976042E-9	0.000000E+0	0.000000E+0	1.999959E+1	0.000000E+0	4.000000E+0
24-Apr-25	20:33:43	1.000000E-5	1.685625E+0	-8.000000E-5	2.760000E-5	1.835000E-5	2.710000E-3	2.000000E-5	0.000000E+0	0.000000E+0	1.964247E-4	2.976042E-9	0.000000E+0	0.000000E+0	1.999959E+1	0.000000E+0	4.000000E+0
24-Apr-25	20:33:43	1.000000E-5	1.694610E+0	-8.000000E-5	2.765000E-5	1.835000E-5	2.710000E-3	2.000000E-5	0.000000E+0	0.000000E+0	1.964247E-4	2.976042E-9	0.000000E+0	0.000000E+0	1.999959E+1	0.000000E+0	4.000000E+0
24-Apr-25	20:33:44	1.000000E-5	1.703595E+0	-8.000000E-5	2.770000E-5	1.835000E-5	2.710000E-3	2.000000E-5	0.000000E+0	0.000000E+0	1.964247E-4	2.976042E-9	0.000000E+0	0.000000E+0	1.999959E+1	0.000000E+0	4.000000E+0
24-Apr-25	20:33:44	1.000000E-5	1.711705E+0	-8.000000E-5	2.765000E-5	1.830000E-5	2.710000E-3	2.000000E-5	0.000000E+0	0.000000E+0	1.964247E-4	2.976042E-9	0.000000E+0	0.000000E+0	1.999959E+1	0.000000E+0	4.000000E+0
24-Apr-25	20:33:45	1.000000E-5	1.719815E+0	-8.000000E-5	2.780000E-5	1.830000E-5	2.710000E-3	2.000000E-5	0.000000E+0	0.000000E+0	1.964247E-4	2.976042E-9	0.000000E+0	0.000000E+0	1.999959E+1	0.000000E+0	4.000000E+0
24-Apr-25	20:33:45	1.000000E-5	1.728760E+0	-8.000000E-5	2.785000E-5	1.830000E-5	2.710000E-3	2.000000E-5	0.000000E+0	0.000000E+0	1.964247E-4	2.976042E-9	0.000000E+0	0.000000E+0	1.999959E+1	0.000000E+0	4.000000E+0
24-Apr-25	20:33:46	1.000000E-5	1.741665E+0	-8.000000E-5	2.785000E-5	1.830000E-5	2.710000E-3	2.000000E-5	0.000000E+0	0.000000E+0	1.964247E-4	2.976042E-9	0.000000E+0	0.000000E+0	1.999959E+1	0.000000E+0	4.000000E+0
24-Apr-25	20:33:47	1.000000E-5	1.750640E+0	-8.000000E-5	2.790000E-5	1.830000E-5	2.710000E-3	2.000000E-5	0.000000E+0	0.000000E+0	1.964247E-4	2.976042E-9	0.000000E+0	0.000000E+0	1.999959E+1	0.000000E+0	4.000000E+0
24-Apr-25	20:33:47	1.000000E-5	1.762355E+0	-8.000000E-5	2.795000E-5	1.830000E-5	2.710000E-3	2.000000E-5	0.000000E+0	0.000000E+0	1.964247E-4	2.976042E-9	0.000000E+0	0.000000E+0	1.999959E+1	0.000000E+0	4.000000E+0
24-Apr-25	20:33:48	1.000000E-5	1.771335E+0	-8.000000E-5	2.800000E-5	1.825000E-5	2.710000E-3	2.000000E-5	0.000000E+0	0.000000E+0	1.964247E-4	2.976042E-9	0.000000E+0	0.000000E+0	1.999959E+1	0.000000E+0	4.000000E+0
24-Apr-25	20:33:48	1.000000E-5	1.780290E+0	-8.000000E-5	2.805000E-5	1.825000E-5	2.710000E-3	2.000000E-5	0.000000E+0	0.000000E+0	1.964247E-4	2.976042E-9	0.000000E+0	0.000000E+0	1.999959E+1	0.000000E+0	4.000000E+0
24-Apr-25	20:33:49	1.000000E-5	1.789295E+0	-8.000000E-5	2.815000E-5	1.825000E-5	2.710000E-3	2.000000E-5	0.000000E+0	0.000000E+0	1.964247E-4	2.976042E-9	0.000000E+0	0.000000E+0	1.999959E+1	0.000000E+0	4.000000E+0
24-Apr-25	20:33:49	1.000000E-5	1.798270E+0	-8.000000E-5	2.820000E-5	1.830000E-5	2.710000E-3	2.000000E-5	0.000000E+0	0.000000E+0	1.964247E-4	2.976042E-9	0.000000E+0	0.000000E+0	1.999959E+1	0.000000E+0	4.000000E+0
24-Apr-25	20:33:50	1.000000E-5	1.807305E+0	-8.000000E-5	2.830000E-5	1.825000E-5	2.710000E-3	2.000000E-5	0.000000E+0	0.000000E+0	1.964247E-4	2.976042E-9	0.000000E+0	0.000000E+0	1.999959E+1	0.000000E+0	4.000000E+0
24-Apr-25	20:33:50	1.000000E-5	1.816275E+0	-8.000000E-5	2.830000E-5	1.825000E-5	2.710000E-3	2.000000E-5	0.000000E+0	0.000000E+0	1.964247E-4	2.976042E-9	0.000000E+0	0.000000E+0	1.999959E+1	0.000000E+0	4.000000E+0
24-Apr-25	20:33:51	1.000000E-5	1.825245E+0	-8.000000E-5	2.835000E-5	1.830000E-5	2.710000E-3	2.000000E-5	0.000000E+0	0.000000E+0	1.964247E-4	2.976042E-9	0.000000E+0	0.000000E+0	1.999959E+1	0.000000E+0	4.000000E+0
24-Apr-25	20:33:51	1.000000E-5	1.835135E+0	-8.000000E-5	2.835000E-5	1.825000E-5	2.710000E-3	2.000000E-5	0.000000E+0	0.000000E+0	1.964247E-4	2.976042E-9	0.000000E+0	0.000000E+0	1.999959E+1	0.000000E+0	4.000000E+0
24-Apr-25	20:33:52	1.000000E-5	1.844090E+0	-8.000000E-5	2.850000E-5	1.830000E-5	2.710000E-3	2.000000E-5	0.000000E+0	0.000000E+0	1.964247E-4	2.976042E-9	0.000000E+0	0.000000E+0	1.999959E+1	0.000000E+0	4.000000E+0
24-Apr-25	20:33:52	1.000000E-5	1.852220E+0	-8.000000E-5	2.855000E-5	1.825000E-5	2.710000E-3	2.000000E-5	0.000000E+0	0.000000E+0	1.964247E-4	2.976042E-9	0.000000E+0	0.000000E+0	1.999959E+1	0.000000E+0	4.000000E+0
24-Apr-25	20:33:53	1.000000E-5	1.861210E+0	-8.000000E-5	2.855000E-5	1.825000E-5	2.710000E-3	2.000000E-5	0.000000E+0	0.000000E+0	1.964247E-4	2.976042E-9	0.000000E+0	0.000000E+0	1.999959E+1	0.000000E+0	4.000000E+0
24-Apr-25	20:33:53	1.000000E-5	1.870165E+0	-8.000000E-5	2.865000E-5	1.820000E-5	2.710000E-3	2.000000E-5	0.000000E+0	0.000000E+0	1.964247E-4	2.976042E-9	0.000000E+0	0.000000E+0	1.999959E+1	0.000000E+0	4.000000E+0
24-Apr-25	20:33:54	1.000000E-5	1.880020E+0	-8.000000E-5	2.865000E-5	1.825000E-5	2.710000E-3	2.000000E-5	0.000000E+0	0.000000E+0	1.964247E-4	2.976042E-9	0.000000E+0	0.000000E+0	1.999959E+1	0.000000E+0	4.000000E+0
24-Apr-25	20:33:54	1.000000E-5	1.888130E+0	-8.000000E-5	2.865000E-5	1.825000E-5	2.710000E-3	2.000000E-5	0.000000E+0	0.000000E+0	1.964247E-4	2.976042E-9	0.000000E+0	0.000000E+0	1.999959E+1	0.000000E+0	4.000000E+0
24-Apr-25	20:33:55	1.000000E-5	1.897150E+0	-8.000000E-5	2.870000E-5	1.825000E-5	2.710000E-3	2.000000E-5	0.000000E+0	0.000000E+0	1.964247E-4	2.976042E-9	0.000000E+0	0.000000E+0	1.999959E+1	0.000000E+0	4.000000E+0
24-Apr-25	20:33:55	1.000000E-5	1.906165E+0	-8.000000E-5	2.875000E-5	1.825000E-5	2.710000E-3	2.000000E-5	0.000000E+0	0.000000E+0	1.964247E-4	2.976042E-9	0.000000E+0	0.000000E+0	1.999959E+1	0.000000E+0	4.000000E+0
24-Apr-25	20:33:56	1.000000E-5	1.915135E+0	-8.000000E-5	2.885000E-5	1.825000E-5	2.710000E-3	2.000000E-5	0.000000E+0	0.000000E+0	1.964247E-4	2.976042E-9	0.000000E+0	0.000000E+0	1.999959E+1	0.000000E+0	4.000000E+0
24-Apr-25	20:33:56	1.000000E-5	1.924120E+0	-8.000000E-5	2.890000E-5	1.825000E-5	2.710000E-3	2.000000E-5	0.000000E+0	0.000000E+0	1.964247E-4	2.976042E-9	0.000000E+0	0.000000E+0	1.999959E+1	0.000000E+0	4.000000E+0
24-Apr-25	20:33:57	1.000000E-5	1.935795E+0	-8.000000E-5	2.905000E-5	1.820000E-5	2.710000E-3	2.000000E-5	0.000000E+0	0.000000E+0	1.964247E-4	2.976042E-9	0.000000E+0	0.000000E+0	1.999959E+1	0.000000E+0	4.000000E+0
24-Apr-25	20:33:57	1.000000E-5	1.945085E+0	-8.000000E-5	2.905000E-5	1.815000E-5	2.710000E-3	2.000000E-5	0.000000E+0	0.000000E+0	1.964247E-4	2.976042E-9	0.000000E+0	0.000000E+0	1.999959E+1	0.000000E+0	4.000000E+0
24-Apr-25	20:33:58	1.000000E-5	1.954105E+0	-8.000000E-5	2.910000E-5	1.825000E-5	2.710000E-3	2.000000E-5	0.000000E+0	0.000000E+0	1.964247E-4	2.976042E-9	0.000000E+0	0.000000E+0	1.999959E+1	0.000000E+0	4.000000E+0
24-Apr-25	20:33:58	1.000000E-5	1.962915E+0	-8.000000E-5	2.915000E-5	1.825000E-5	2.710000E-3	2.000000E-5	0.000000E+0	0.000000E+0	1.964247E-4	2.976042E-9	0.000000E+0	0.000000E+0	1.999959E+1	0.000000E+0	4.000000E+0
24-Apr-25	20:33:59	1.000000E-5	1.975635E+0	-8.000000E-5	2.915000E-5	1.820000E-5	2.710000E-3	2.000000E-5	0.000000E+0	0.000000E+0	1.964247E-4	2.976042E-9	0.000000E+0	0.000000E+0	1.999959E+1	0.000000E+0	4.000000E+0
24-Apr-25	20:34:00	1.000000E-5	1.985515E+0	-8.000000E-5	2.925000E-5	1.820000E-5	2.710000E-3	2.000000E-5	0.000000E+0	0.000000E+0	1.964247E-4	2.976042E-9	0.000000E+0	0.000000E+0	1.999959E+1	0.000000E+0	4.000000E+0
24-Apr-25	20:34:00	1.000000E-5	1.993625E+0	-8.000000E-5	2.925000E-5	1.825000E-5	2.710000E-3	2.000000E-5	0.000000E+0	0.000000E+0	1.964247E-4	2.976042E-9	0.000000E+0	0.000000E+0	1.999959E+1	0.000000E+0	4.000000E+0
24-Apr-25	20:34:00	1.000000E-5	2.002645E+0	-8.000000E-5	2.935000E-5	1.820000E-5	2.710000E-3	2.000000E-5	0.000000E+0	0.000000E+0	1.964247E-4	2.976042E-9	0.000000E+0	0.000000E+0	1.999959E+1	0.000000E+0	4.000000E+0
24-Apr-25	20:34:01	1.000000E-5	2.011600E+0	-8.000000E-5	2.940000E-5	1.820000E-5	2.710000E-3	2.000000E-5	0.000000E+0	0.000000E+0	1.964247E-4	2.976042E-9	0.000000E+0	0.000000E+0	1.999959E+1	0.000000E+0	4.000000E+0
24-Apr-25	20:34:01	1.000000E-5	2.020600E+0	-8.000000E-5	2.940000E-5	1.820000E-5	2.710000E-3	2.000000E-5	0.000000E+0	0.000000E+0	1.964247E-4	2.976042E-9	0.000000E+0	0.000000E+0	1.999959E+1	0.000000E+0	4.000000E+0
24-Apr-25	20:34:02	1.000000E-5	2.028670E+0	-8.000000E-5	2.945000E-5	1.820000E-5	2.710000E-3	2.000000E-5	0.000000E+0	0.000000E+0	1.964247E-4	2.976042E-9	0.000000E+0	0.000000E+0	1.999959E+1	0.000000E+0	4.000000E+0
24-Apr-25	20:34:03	1.000000E-5	2.038865E+0	-8.000000E-5	2.955000E-5	1.815000E-5	2.710000E-3	2.000000E-5	0.000000E+0	0.000000E+0	1.964247E-4	2.976042E-9	0.000000E+0	0.000000E+0	1.999959E+1	0.000000E+0	4.000000E+0
24-Apr-25	20:34:03	1.000000E-5	2.049665E+0	-8.000000E-5	2.955000E-5	1.815000E-5	2.710000E-3	2.000000E-5	0.000000E+0	0.000000E+0	1.964247E-4	2.976042E-9	0.000000E+0	0.000000E+0	1.999959E+1	0.000000E+0	4.000000E+0
24-Apr-25	20:34:04	1.000000E-5	2.062210E+0	-8.000000E-5	2.965000E-5	1.815000E-5	2.710000E-3	2.000000E-5	0.000000E+0	0.000000E+0	1.964247E-4	2.976042E-9	0.000000E+0	0.000000E+0	1.999959E+1	0.000000E+0	4.000000E+0
24-Apr-25	20:34:04	1.000000E-5	2.072085E+0	-8.000000E-5	2.970000E-5	1.810000E-5	2.710000E-3	2.000000E-5	0.000000E+0	0.000000E+0	1.964247E-4	2.976042E-9	0.000000E+0	0.000000E+0	1.999959E+1	0.000000E+0	4.000000E+0
24-Apr-25	20:34:05	1.000000E-5	2.080175E+0	-8.000000E-5	2.970000E-5	1.820000E-5	2.710000E-3	2.000000E-5	0.000000E+0	0.000000E+0	1.964247E-4	2.976042E-9	0.000000E+0	0.000000E+0	1.999959E+1	0.000000E+0	4.000000E+0
24-Apr-25	20:34:05	1.000000E-5	2.089190E+0	-8.000000E-5	2.975000E-5	1.820000E-5	2.710000E-3	2.000000E-5	0.000000E+0	0.000000E+0	1.964247E-4	2.976042E-9	0.000000E+0	0.000000E+0	1.999959E+1	0.000000E+0	4.000000E+0
24-Apr-25	20:34:06	1.000000E-5	2.097280E+0	-8.000000E-5	2.980000E-5	1.820000E-5	2.710000E-3	2.000000E-5	0.000000E+0	0.000000E+0	1.964247E-4	2.976042E-9	0.000000E+0	0.000000E+0	1.999959E+1	0.000000E+0	4.000000E+0
24-Apr-25	20:34:06	1.000000E-5	2.105355E+0	-8.000000E-5	2.985000E-5	1.815000E-5	2.710000E-3	2.000000E-5	0.000000E+0	0.000000E+0	1.964247E-4	2.976042E-9	0.000000E+0	0.000000E+0	1.999959E+1	0.000000E+0	4.000000E+0
24-Apr-25	20:34:07	1.000000E-5	2.114350E+0	-8.000000E-5	2.990000E-5	1.815000E-5	2.710000E-3	2.000000E-5	0.000000E+0	0.000000E+0	1.964247E-4	2.976042E-9	0.000000E+0	0.000000E+0	1.999959E+1	0.000000E+0	4.000000E+0
24-Apr-25	20:34:07	1.000000E-5	2.123310E+0	-8.000000E-5	2.995000E-5	1.810000E-5	2.710000E-3	2.000000E-5	0.000000E+0	0.000000E+0	1.964247E-4	2.976042E-9	0.000000E+0	0.000000E+0	1.999959E+1	0.000000E+0	4.000000E+0
24-Apr-25	20:34:08	1.000000E-5	2.132330E+0	-8.000000E-5	2.995000E-5	1.815000E-5	2.710000E-3	2.000000E-5	0.000000E+0	0.000000E+0	1.964247E-4	2.976042E-9	0.000000E+0	0.000000E+0	1.999959E+1	0.000000E+0	4.000000E+0
24-Apr-25	20:34:08	1.000000E-5	2.141310E+0	-8.000000E-5	3.000000E-5	1.815000E-5	2.710000E-3	2.000000E-5	0.000000E+0	0.000000E+0	1.964247E-4	2.976042E-9	0.000000E+0	0.000000E+0	1.999959E+1	0.000000E+0	4.000000E+0
24-Apr-25	20:34:09	1.000000E-5	2.151205E+0	-8.000000E-5	3.005000E-5	1.815000E-5	2.710000E-3	2.000000E-5	0.000000E+0	0.000000E+0	1.964247E-4	2.976042E-9	0.000000E+0	0.000000E+0	1.999959E+1	0.000000E+0	4.000000E+0
24-Apr-25	20:34:09	1.000000E-5	2.160195E+0	-8.000000E-5	3.010000E-5	1.810000E-5	2.710000E-3	2.000000E-5	0.000000E+0	0.000000E+0	1.964247E-4	2.976042E-9	0.000000E+0	0.000000E+0	1.999959E+1	0.000000E+0	4.000000E+0
24-Apr-25	20:34:10	1.000000E-5	2.170020E+0	-8.000000E-5	3.015000E-5	1.815000E-5	2.710000E-3	2.000000E-5	0.000000E+0	0.000000E+0	1.964247E-4	2.976042E-9	0.000000E+0	0.000000E+0	1.999959E+1	0.000000E+0	4.000000E+0
24-Apr-25	20:34:10	1.000000E-5	2.179345E+0	-8.000000E-5	3.020000E-5	1.815000E-5	2.710000E-3	2.000000E-5	0.000000E+0	0.000000E+0	1.964247E-4	2.976042E-9	0.000000E+0	0.000000E+0	1.999959E+1	0.000000E+0	4.000000E+0
24-Apr-25	20:34:11	1.000000E-5	2.189230E+0	-8.000000E-5	3.020000E-5	1.810000E-5	2.710000E-3	2.000000E-5	0.000000E+0	0.000000E+0	1.964247E-4	2.976042E-9	0.000000E+0	0.000000E+0	1.999959E+1	0.000000E+0	4.000000E+0
24-Apr-25	20:34:11	1.000000E-5	2.198230E+0	-8.000000E-5	3.030000E-5	1.810000E-5	2.710000E-3	2.000000E-5	0.000000E+0	0.000000E+0	1.964247E-4	2.976042E-9	0.000000E+0	0.000000E+0	1.999959E+1	0.000000E+0	4.000000E+0
24-Apr-25	20:34:12	1.000000E-5	2.206285E+0	-8.000000E-5	3.035000E-5	1.810000E-5	2.710000E-3	2.000000E-5	0.000000E+0	0.000000E+0	1.964247E-4	2.976042E-9	0.000000E+0	0.000000E+0	1.999959E+1	0.000000E+0	4.000000E+0
24-Apr-25	20:34:12	1.000000E-5	2.215290E+0	-8.000000E-5	3.040000E-5	1.805000E-5	2.710000E-3	2.000000E-5	0.000000E+0	0.000000E+0	1.964247E-4	2.976042E-9	0.000000E+0	0.000000E+0	1.999959E+1	0.000000E+0	4.000000E+0
24-Apr-25	20:34:13	1.000000E-5	2.224260E+0	-8.000000E-5	3.045000E-5	1.805000E-5	2.710000E-3	2.000000E-5	0.000000E+0	0.000000E+0	1.964247E-4	2.976042E-9	0.000000E+0	0.000000E+0	1.999959E+1	0.000000E+0	4.000000E+0
24-Apr-25	20:34:13	1.000000E-5	2.233295E+0	-8.000000E-5	3.045000E-5	1.810000E-5	2.710000E-3	2.000000E-5	0.000000E+0	0.000000E+0	1.964247E-4	2.976042E-9	0.000000E+0	0.000000E+0	1.999959E+1	0.000000E+0	4.000000E+0
24-Apr-25	20:34:14	1.000000E-5	2.242250E+0	-8.000000E-5	3.050000E-5	1.805000E-5	2.710000E-3	2.000000E-5	0.000000E+0	0.000000E+0	1.964247E-4	2.976042E-9	0.000000E+0	0.000000E+0	1.999959E+1	0.000000E+0	4.000000E+0
24-Apr-25	20:34:14	1.000000E-5	2.251235E+0	-8.000000E-5	3.055000E-5	1.810000E-5	2.710000E-3	2.000000E-5	0.000000E+0	0.000000E+0	1.964247E-4	2.976042E-9	0.000000E+0	0.000000E+0	1.999959E+1	0.000000E+0	4.000000E+0
24-Apr-25	20:34:15	1.000000E-5	2.261100E+0	-8.000000E-5	3.060000E-5	1.810000E-5	2.710000E-3	2.000000E-5	0.000000E+0	0.000000E+0	1.964247E-4	2.976042E-9	0.000000E+0	0.000000E+0	1.999959E+1	0.000000E+0	4.000000E+0
24-Apr-25	20:34:16	1.000000E-5	2.274890E+0	-8.000000E-5	3.070000E-5	1.805000E-5	2.710000E-3	2.000000E-5	0.000000E+0	0.000000E+0	1.964247E-4	2.976042E-9	0.000000E+0	0.000000E+0	1.999959E+1	0.000000E+0	4.000000E+0
24-Apr-25	20:34:16	1.000000E-5	2.287485E+0	-8.000000E-5	3.080000E-5	1.800000E-5	2.710000E-3	2.000000E-5	0.000000E+0	0.000000E+0	1.964247E-4	2.976042E-9	0.000000E+0	0.000000E+0	1.999959E+1	0.000000E+0	4.000000E+0
24-Apr-25	20:34:17	1.000000E-5	2.296475E+0	-8.000000E-5	3.080000E-5	1.805000E-5	2.710000E-3	2.000000E-5	0.000000E+0	0.000000E+0	1.964247E-4	2.976042E-9	0.000000E+0	0.000000E+0	1.999959E+1	0.000000E+0	4.000000E+0
24-Apr-25	20:34:17	1.000000E-5	2.305440E+0	-8.000000E-5	3.085000E-5	1.805000E-5	2.710000E-3	2.000000E-5	0.000000E+0	0.000000E+0	1.964247E-4	2.976042E-9	0.000000E+0	0.000000E+0	1.999959E+1	0.000000E+0	4.000000E+0
24-Apr-25	20:34:18	1.000000E-5	2.313540E+0	-8.000000E-5	3.090000E-5	1.810000E-5	2.710000E-3	2.000000E-5	0.000000E+0	0.000000E+0	1.964247E-4	2.976042E-9	0.000000E+0	0.000000E+0	1.999959E+1	0.000000E+0	4.000000E+0
24-Apr-25	20:34:18	1.000000E-5	2.322540E+0	-8.000000E-5	3.090000E-5	1.805000E-5	2.710000E-3	2.000000E-5	0.000000E+0	0.000000E+0	1.964247E-4	2.976042E-9	0.000000E+0	0.000000E+0	1.999959E+1	0.000000E+0	4.000000E+0
24-Apr-25	20:34:19	1.000000E-5	2.332625E+0	-8.000000E-5	3.095000E-5	1.800000E-5	2.710000E-3	2.000000E-5	0.000000E+0	0.000000E+0	1.964247E-4	2.976042E-9	0.000000E+0	0.000000E+0	1.999959E+1	0.000000E+0	4.000000E+0
24-Apr-25	20:34:20	1.000000E-5	2.345310E+0	-8.000000E-5	3.100000E-5	1.805000E-5	2.710000E-3	2.000000E-5	0.000000E+0	0.000000E+0	1.964247E-4	2.976042E-9	0.000000E+0	0.000000E+0	1.999959E+1	0.000000E+0	4.000000E+0
24-Apr-25	20:34:20	1.000000E-5	2.354275E+0	-8.000000E-5	3.100000E-5	1.805000E-5	2.710000E-3	2.000000E-5	0.000000E+0	0.000000E+0	1.964247E-4	2.976042E-9	0.000000E+0	0.000000E+0	1.999959E+1	0.000000E+0	4.000000E+0
24-Apr-25	20:34:21	1.000000E-5	2.363275E+0	-8.000000E-5	3.105000E-5	1.810000E-5	2.710000E-3	2.000000E-5	0.000000E+0	0.000000E+0	1.964247E-4	2.976042E-9	0.000000E+0	0.000000E+0	1.999959E+1	0.000000E+0	4.000000E+0
24-Apr-25	20:34:21	1.000000E-5	2.372260E+0	-8.000000E-5	3.115000E-5	1.800000E-5	2.710000E-3	2.000000E-5	0.000000E+0	0.000000E+0	1.964247E-4	2.976042E-9	0.000000E+0	0.000000E+0	1.999959E+1	0.000000E+0	4.000000E+0
24-Apr-25	20:34:22	1.000000E-5	2.381300E+0	-8.000000E-5	3.115000E-5	1.800000E-5	2.710000E-3	2.000000E-5	0.000000E+0	0.000000E+0	1.964247E-4	2.976042E-9	0.000000E+0	0.000000E+0	1.999959E+1	0.000000E+0	4.000000E+0
24-Apr-25	20:34:22	1.000000E-5	2.393845E+0	-8.000000E-5	3.125000E-5	1.805000E-5	2.710000E-3	2.000000E-5	0.000000E+0	0.000000E+0	1.964247E-4	2.976042E-9	0.000000E+0	0.000000E+0	1.999959E+1	0.000000E+0	4.000000E+0
24-Apr-25	20:34:23	1.000000E-5	2.405670E+0	-8.000000E-5	3.125000E-5	1.805000E-5	2.710000E-3	2.000000E-5	0.000000E+0	0.000000E+0	1.964247E-4	2.976042E-9	0.000000E+0	0.000000E+0	1.999959E+1	0.000000E+0	4.000000E+0
24-Apr-25	20:34:23	1.000000E-5	2.413940E+0	-8.000000E-5	3.130000E-5	1.805000E-5	2.710000E-3	2.000000E-5	0.000000E+0	0.000000E+0	1.964247E-4	2.976042E-9	0.000000E+0	0.000000E+0	1.999959E+1	0.000000E+0	4.000000E+0
24-Apr-25	20:34:24	1.000000E-5	2.422915E+0	-8.000000E-5	3.140000E-5	1.805000E-5	2.710000E-3	2.000000E-5	0.000000E+0	0.000000E+0	1.964247E-4	2.976042E-9	0.000000E+0	0.000000E+0	1.999959E+1	0.000000E+0	4.000000E+0
24-Apr-25	20:34:24	1.000000E-5	2.433685E+0	-8.000000E-5	3.145000E-5	1.805000E-5	2.710000E-3	2.000000E-5	0.000000E+0	0.000000E+0	1.964247E-4	2.976042E-9	0.000000E+0	0.000000E+0	1.999959E+1	0.000000E+0	4.000000E+0
24-Apr-25	20:34:25	1.000000E-5	2.442665E+0	-8.000000E-5	3.145000E-5	1.805000E-5	2.710000E-3	2.000000E-5	0.000000E+0	0.000000E+0	1.964247E-4	2.976042E-9	0.000000E+0	0.000000E+0	1.999959E+1	0.000000E+0	4.000000E+0
24-Apr-25	20:34:25	1.000000E-5	2.450740E+0	-8.000000E-5	3.150000E-5	1.800000E-5	2.710000E-3	2.000000E-5	0.000000E+0	0.000000E+0	1.964247E-4	2.976042E-9	0.000000E+0	0.000000E+0	1.999959E+1	0.000000E+0	4.000000E+0
24-Apr-25	20:34:26	1.000000E-5	2.458815E+0	-8.000000E-5	3.150000E-5	1.805000E-5	2.710000E-3	2.000000E-5	0.000000E+0	0.000000E+0	1.964247E-4	2.976042E-9	0.000000E+0	0.000000E+0	1.999959E+1	0.000000E+0	4.000000E+0
24-Apr-25	20:34:26	1.000000E-5	2.467835E+0	-8.000000E-5	3.155000E-5	1.800000E-5	2.710000E-3	2.000000E-5	0.000000E+0	0.000000E+0	1.964247E-4	2.976042E-9	0.000000E+0	0.000000E+0	1.999959E+1	0.000000E+0	4.000000E+0
24-Apr-25	20:34:27	1.000000E-5	2.479530E+0	-8.000000E-5	3.165000E-5	1.800000E-5	2.710000E-3	2.000000E-5	0.000000E+0	0.000000E+0	1.964247E-4	2.976042E-9	0.000000E+0	0.000000E+0	1.999959E+1	0.000000E+0	4.000000E+0
24-Apr-25	20:34:28	1.000000E-5	2.489705E+0	-8.000000E-5	3.165000E-5	1.805000E-5	2.710000E-3	2.000000E-5	0.000000E+0	0.000000E+0	1.964247E-4	2.976042E-9	0.000000E+0	0.000000E+0	1.999959E+1	0.000000E+0	4.000000E+0
24-Apr-25	20:34:28	1.000000E-5	2.498540E+0	-8.000000E-5	3.165000E-5	1.800000E-5	2.710000E-3	2.000000E-5	0.000000E+0	0.000000E+0	1.964247E-4	2.976042E-9	0.000000E+0	0.000000E+0	1.999959E+1	0.000000E+0	4.000000E+0
24-Apr-25	20:34:29	1.000000E-5	2.507690E+0	-8.000000E-5	3.170000E-5	1.800000E-5	2.710000E-3	2.000000E-5	0.000000E+0	0.000000E+0	1.964247E-4	2.976042E-9	0.000000E+0	0.000000E+0	1.999959E+1	0.000000E+0	4.000000E+0
24-Apr-25	20:34:29	1.000000E-5	2.515785E+0	-8.000000E-5	3.180000E-5	1.800000E-5	2.710000E-3	2.000000E-5	0.000000E+0	0.000000E+0	1.964247E-4	2.976042E-9	0.000000E+0	0.000000E+0	1.999959E+1	0.000000E+0	4.000000E+0
24-Apr-25	20:34:30	1.000000E-5	2.525675E+0	-8.000000E-5	3.180000E-5	1.800000E-5	2.710000E-3	2.000000E-5	0.000000E+0	0.000000E+0	1.964247E-4	2.976042E-9	0.000000E+0	0.000000E+0	1.999959E+1	0.000000E+0	4.000000E+0
24-Apr-25	20:34:30	1.000000E-5	2.534645E+0	-8.000000E-5	3.185000E-5	1.795000E-5	2.710000E-3	2.000000E-5	0.000000E+0	0.000000E+0	1.964247E-4	2.976042E-9	0.000000E+0	0.000000E+0	1.999959E+1	0.000000E+0	4.000000E+0
24-Apr-25	20:34:31	1.000000E-5	2.543630E+0	-8.000000E-5	3.185000E-5	1.800000E-5	2.710000E-3	2.000000E-5	0.000000E+0	0.000000E+0	1.964247E-4	2.976042E-9	0.000000E+0	0.000000E+0	1.999959E+1	0.000000E+0	4.000000E+0
24-Apr-25	20:34:31	1.000000E-5	2.551700E+0	-8.000000E-5	3.190000E-5	1.795000E-5	2.710000E-3	2.000000E-5	0.000000E+0	0.000000E+0	1.964247E-4	2.976042E-9	0.000000E+0	0.000000E+0	1.999959E+1	0.000000E+0	4.000000E+0
24-Apr-25	20:34:32	1.000000E-5	2.559800E+0	-8.000000E-5	3.190000E-5	1.790000E-5	2.710000E-3	2.000000E-5	0.000000E+0	0.000000E+0	1.964247E-4	2.976042E-9	0.000000E+0	0.000000E+0	1.999959E+1	0.000000E+0	4.000000E+0
24-Apr-25	20:34:32	1.000000E-5	2.568810E+0	-8.000000E-5	3.200000E-5	1.795000E-5	2.710000E-3	2.000000E-5	0.000000E+0	0.000000E+0	1.964247E-4	2.976042E-9	0.000000E+0	0.000000E+0	1.999959E+1	0.000000E+0	4.000000E+0
24-Apr-25	20:34:32	1.000000E-5	2.576860E+0	-8.000000E-5	3.200000E-5	1.795000E-5	2.710000E-3	2.000000E-5	0.000000E+0	0.000000E+0	1.964247E-4	2.976042E-9	0.000000E+0	0.000000E+0	1.999959E+1	0.000000E+0	4.000000E+0
24-Apr-25	20:34:33	1.000000E-5	2.585865E+0	-8.000000E-5	3.205000E-5	1.800000E-5	2.710000E-3	2.000000E-5	0.000000E+0	0.000000E+0	1.964247E-4	2.976042E-9	0.000000E+0	0.000000E+0	1.999959E+1	0.000000E+0	4.000000E+0
24-Apr-25	20:34:33	1.000000E-5	2.593950E+0	-8.000000E-5	3.205000E-5	1.800000E-5	2.710000E-3	2.000000E-5	0.000000E+0	0.000000E+0	1.964247E-4	2.976042E-9	0.000000E+0	0.000000E+0	1.999959E+1	0.000000E+0	4.000000E+0
24-Apr-25	20:34:34	1.000000E-5	2.603225E+0	-8.000000E-5	3.215000E-5	1.800000E-5	2.710000E-3	2.000000E-5	0.000000E+0	0.000000E+0	1.964247E-4	2.976042E-9	0.000000E+0	0.000000E+0	1.999959E+1	0.000000E+0	4.000000E+0
24-Apr-25	20:34:35	1.000000E-5	2.614025E+0	-8.000000E-5	3.215000E-5	1.800000E-5	2.710000E-3	2.000000E-5	0.000000E+0	0.000000E+0	1.964247E-4	2.976042E-9	0.000000E+0	0.000000E+0	1.999959E+1	0.000000E+0	4.000000E+0
24-Apr-25	20:34:35	1.000000E-5	2.623900E+0	-8.000000E-5	3.220000E-5	1.795000E-5	2.710000E-3	2.000000E-5	0.000000E+0	0.000000E+0	1.964247E-4	2.976042E-9	0.000000E+0	0.000000E+0	1.999959E+1	0.000000E+0	4.000000E+0
24-Apr-25	20:34:36	1.000000E-5	2.631960E+0	-8.000000E-5	3.225000E-5	1.790000E-5	2.710000E-3	2.000000E-5	0.000000E+0	0.000000E+0	1.964247E-4	2.976042E-9	0.000000E+0	0.000000E+0	1.999959E+1	0.000000E+0	4.000000E+0
24-Apr-25	20:34:36	1.000000E-5	2.641815E+0	-8.000000E-5	3.235000E-5	1.790000E-5	2.710000E-3	2.000000E-5	0.000000E+0	0.000000E+0	1.964247E-4	2.976042E-9	0.000000E+0	0.000000E+0	1.999959E+1	0.000000E+0	4.000000E+0
24-Apr-25	20:34:37	1.000000E-5	2.650750E+0	-8.000000E-5	3.235000E-5	1.795000E-5	2.710000E-3	2.000000E-5	0.000000E+0	0.000000E+0	1.964247E-4	2.976042E-9	0.000000E+0	0.000000E+0	1.999959E+1	0.000000E+0	4.000000E+0
24-Apr-25	20:34:37	1.000000E-5	2.659650E+0	-8.000000E-5	3.235000E-5	1.790000E-5	2.710000E-3	2.000000E-5	0.000000E+0	0.000000E+0	1.964247E-4	2.976042E-9	0.000000E+0	0.000000E+0	1.999959E+1	0.000000E+0	4.000000E+0
24-Apr-25	20:34:38	1.000000E-5	2.670335E+0	-8.000000E-5	3.245000E-5	1.790000E-5	2.710000E-3	2.000000E-5	0.000000E+0	0.000000E+0	1.964247E-4	2.976042E-9	0.000000E+0	0.000000E+0	1.999959E+1	0.000000E+0	4.000000E+0
24-Apr-25	20:34:38	1.000000E-5	2.679330E+0	-8.000000E-5	3.245000E-5	1.795000E-5	2.710000E-3	2.000000E-5	0.000000E+0	0.000000E+0	1.964247E-4	2.976042E-9	0.000000E+0	0.000000E+0	1.999959E+1	0.000000E+0	4.000000E+0
24-Apr-25	20:34:39	1.000000E-5	2.688165E+0	-8.000000E-5	3.250000E-5	1.790000E-5	2.710000E-3	2.000000E-5	0.000000E+0	0.000000E+0	1.964247E-4	2.976042E-9	0.000000E+0	0.000000E+0	1.999959E+1	0.000000E+0	4.000000E+0
24-Apr-25	20:34:39	1.000000E-5	2.698880E+0	-8.000000E-5	3.255000E-5	1.795000E-5	2.710000E-3	2.000000E-5	0.000000E+0	0.000000E+0	1.964247E-4	2.976042E-9	0.000000E+0	0.000000E+0	1.999959E+1	0.000000E+0	4.000000E+0
24-Apr-25	20:34:40	1.000000E-5	2.707650E+0	-8.000000E-5	3.255000E-5	1.795000E-5	2.710000E-3	2.000000E-5	0.000000E+0	0.000000E+0	1.964247E-4	2.976042E-9	0.000000E+0	0.000000E+0	1.999959E+1	0.000000E+0	4.000000E+0
24-Apr-25	20:34:40	1.000000E-5	2.716415E+0	-8.000000E-5	3.260000E-5	1.790000E-5	2.710000E-3	2.000000E-5	0.000000E+0	0.000000E+0	1.964247E-4	2.976042E-9	0.000000E+0	0.000000E+0	1.999959E+1	0.000000E+0	4.000000E+0
24-Apr-25	20:34:41	1.000000E-5	2.726890E+0	-8.000000E-5	3.265000E-5	1.785000E-5	2.710000E-3	2.000000E-5	0.000000E+0	0.000000E+0	1.964247E-4	2.976042E-9	0.000000E+0	0.000000E+0	1.999959E+1	0.000000E+0	4.000000E+0
24-Apr-25	20:34:41	1.000000E-5	2.735570E+0	-8.000000E-5	3.270000E-5	1.790000E-5	2.710000E-3	2.000000E-5	0.000000E+0	0.000000E+0	1.964247E-4	2.976042E-9	0.000000E+0	0.000000E+0	1.999959E+1	0.000000E+0	4.000000E+0
24-Apr-25	20:34:42	1.000000E-5	2.743360E+0	-8.000000E-5	3.275000E-5	1.790000E-5	2.710000E-3	2.000000E-5	0.000000E+0	0.000000E+0	1.964247E-4	2.976042E-9	0.000000E+0	0.000000E+0	1.999959E+1	0.000000E+0	4.000000E+0
24-Apr-25	20:34:42	1.000000E-5	2.752005E+0	-8.000000E-5	3.280000E-5	1.790000E-5	2.710000E-3	2.000000E-5	0.000000E+0	0.000000E+0	1.964247E-4	2.976042E-9	0.000000E+0	0.000000E+0	1.999959E+1	0.000000E+0	4.000000E+0
24-Apr-25	20:34:43	1.000000E-5	2.760630E+0	-8.000000E-5	3.280000E-5	1.795000E-5	2.710000E-3	2.000000E-5	0.000000E+0	0.000000E+0	1.964247E-4	2.976042E-9	0.000000E+0	0.000000E+0	1.999959E+1	0.000000E+0	4.000000E+0
24-Apr-25	20:34:43	1.000000E-5	2.769225E+0	-8.000000E-5	3.285000E-5	1.790000E-5	2.710000E-3	2.000000E-5	0.000000E+0	0.000000E+0	1.964247E-4	2.976042E-9	0.000000E+0	0.000000E+0	1.999959E+1	0.000000E+0	4.000000E+0
24-Apr-25	20:34:44	1.000000E-5	2.777795E+0	-8.000000E-5	3.290000E-5	1.795000E-5	2.710000E-3	2.000000E-5	0.000000E+0	0.000000E+0	1.964247E-4	2.976042E-9	0.000000E+0	0.000000E+0	1.999959E+1	0.000000E+0	4.000000E+0
24-Apr-25	20:34:44	1.000000E-5	2.786345E+0	-8.000000E-5	3.290000E-5	1.795000E-5	2.710000E-3	2.000000E-5	0.000000E+0	0.000000E+0	1.964247E-4	2.976042E-9	0.000000E+0	0.000000E+0	1.999959E+1	0.000000E+0	4.000000E+0
24-Apr-25	20:34:45	1.000000E-5	2.795730E+0	-8.000000E-5	3.295000E-5	1.790000E-5	2.710000E-3	2.000000E-5	0.000000E+0	0.000000E+0	1.964247E-4	2.976042E-9	0.000000E+0	0.000000E+0	1.999959E+1	0.000000E+0	4.000000E+0
24-Apr-25	20:34:45	1.000000E-5	2.804215E+0	-8.000000E-5	3.295000E-5	1.790000E-5	2.710000E-3	2.000000E-5	0.000000E+0	0.000000E+0	1.964247E-4	2.976042E-9	0.000000E+0	0.000000E+0	1.999959E+1	0.000000E+0	4.000000E+0
24-Apr-25	20:34:46	1.000000E-5	2.811840E+0	-8.000000E-5	3.295000E-5	1.785000E-5	2.710000E-3	2.000000E-5	0.000000E+0	0.000000E+0	1.964247E-4	2.976042E-9	0.000000E+0	0.000000E+0	1.999959E+1	0.000000E+0	4.000000E+0
24-Apr-25	20:34:47	1.000000E-5	2.820290E+0	-8.000000E-5	3.300000E-5	1.790000E-5	2.710000E-3	2.000000E-5	0.000000E+0	0.000000E+0	1.964247E-4	2.976042E-9	0.000000E+0	0.000000E+0	1.999959E+1	0.000000E+0	4.000000E+0
24-Apr-25	20:34:47	1.000000E-5	2.832220E+0	-8.000000E-5	3.310000E-5	1.785000E-5	2.710000E-3	2.000000E-5	0.000000E+0	0.000000E+0	1.964247E-4	2.976042E-9	0.000000E+0	0.000000E+0	1.999959E+1	0.000000E+0	4.000000E+0
24-Apr-25	20:34:48	1.000000E-5	2.841605E+0	-8.000000E-5	3.305000E-5	1.785000E-5	2.710000E-3	2.000000E-5	0.000000E+0	0.000000E+0	1.964247E-4	2.976042E-9	0.000000E+0	0.000000E+0	1.999959E+1	0.000000E+0	4.000000E+0
24-Apr-25	20:34:48	1.000000E-5	2.849960E+0	-8.000000E-5	3.310000E-5	1.790000E-5	2.710000E-3	2.000000E-5	0.000000E+0	0.000000E+0	1.964247E-4	2.976042E-9	0.000000E+0	0.000000E+0	1.999959E+1	0.000000E+0	4.000000E+0
24-Apr-25	20:34:49	1.000000E-5	2.859130E+0	-8.000000E-5	3.320000E-5	1.785000E-5	2.710000E-3	2.000000E-5	0.000000E+0	0.000000E+0	1.964247E-4	2.976042E-9	0.000000E+0	0.000000E+0	1.999959E+1	0.000000E+0	4.000000E+0
24-Apr-25	20:34:49	1.000000E-5	2.866615E+0	-8.000000E-5	3.320000E-5	1.785000E-5	2.710000E-3	2.000000E-5	0.000000E+0	0.000000E+0	1.964247E-4	2.976042E-9	0.000000E+0	0.000000E+0	1.999959E+1	0.000000E+0	4.000000E+0
24-Apr-25	20:34:50	1.000000E-5	2.874085E+0	-8.000000E-5	3.320000E-5	1.785000E-5	2.710000E-3	2.000000E-5	0.000000E+0	0.000000E+0	1.964247E-4	2.976042E-9	0.000000E+0	0.000000E+0	1.999959E+1	0.000000E+0	4.000000E+0
24-Apr-25	20:34:50	1.000000E-5	2.882355E+0	-8.000000E-5	3.325000E-5	1.785000E-5	2.710000E-3	2.000000E-5	0.000000E+0	0.000000E+0	1.964247E-4	2.976042E-9	0.000000E+0	0.000000E+0	1.999959E+1	0.000000E+0	4.000000E+0
24-Apr-25	20:34:51	1.000000E-5	2.890600E+0	-8.000000E-5	3.335000E-5	1.785000E-5	2.710000E-3	2.000000E-5	0.000000E+0	0.000000E+0	1.964247E-4	2.976042E-9	0.000000E+0	0.000000E+0	1.999959E+1	0.000000E+0	4.000000E+0
24-Apr-25	20:34:51	1.000000E-5	2.898820E+0	-8.000000E-5	3.330000E-5	1.785000E-5	2.710000E-3	2.000000E-5	0.000000E+0	0.000000E+0	1.964247E-4	2.976042E-9	0.000000E+0	0.000000E+0	1.999959E+1	0.000000E+0	4.000000E+0
24-Apr-25	20:34:52	1.000000E-5	2.906200E+0	-8.000000E-5	3.335000E-5	1.780000E-5	2.710000E-3	2.000000E-5	0.000000E+0	0.000000E+0	1.964247E-4	2.976042E-9	0.000000E+0	0.000000E+0	1.999959E+1	0.000000E+0	4.000000E+0
24-Apr-25	20:34:52	1.000000E-5	2.914380E+0	-8.000000E-5	3.340000E-5	1.785000E-5	2.710000E-3	2.000000E-5	0.000000E+0	0.000000E+0	1.964247E-4	2.976042E-9	0.000000E+0	0.000000E+0	1.999959E+1	0.000000E+0	4.000000E+0
24-Apr-25	20:34:53	1.000000E-5	2.922525E+0	-8.000000E-5	3.340000E-5	1.780000E-5	2.710000E-3	2.000000E-5	0.000000E+0	0.000000E+0	1.964247E-4	2.976042E-9	0.000000E+0	0.000000E+0	1.999959E+1	0.000000E+0	4.000000E+0
24-Apr-25	20:34:53	1.000000E-5	2.930660E+0	-8.000000E-5	3.345000E-5	1.785000E-5	2.710000E-3	2.000000E-5	0.000000E+0	0.000000E+0	1.964247E-4	2.976042E-9	0.000000E+0	0.000000E+0	1.999959E+1	0.000000E+0	4.000000E+0
24-Apr-25	20:34:54	1.000000E-5	2.938785E+0	-8.000000E-5	3.345000E-5	1.785000E-5	2.710000E-3	2.000000E-5	0.000000E+0	0.000000E+0	1.964247E-4	2.976042E-9	0.000000E+0	0.000000E+0	1.999959E+1	0.000000E+0	4.000000E+0
24-Apr-25	20:34:54	1.000000E-5	2.950095E+0	-8.000000E-5	3.350000E-5	1.790000E-5	2.710000E-3	2.000000E-5	0.000000E+0	0.000000E+0	1.964247E-4	2.976042E-9	0.000000E+0	0.000000E+0	1.999959E+1	0.000000E+0	4.000000E+0
24-Apr-25	20:34:55	1.000000E-5	2.958125E+0	-8.000000E-5	3.350000E-5	1.790000E-5	2.710000E-3	2.000000E-5	0.000000E+0	0.000000E+0	1.964247E-4	2.976042E-9	0.000000E+0	0.000000E+0	1.999959E+1	0.000000E+0	4.000000E+0
24-Apr-25	20:34:55	1.000000E-5	2.968020E+0	-8.000000E-5	3.355000E-5	1.785000E-5	2.710000E-3	2.000000E-5	0.000000E+0	0.000000E+0	1.964247E-4	2.976042E-9	0.000000E+0	0.000000E+0	1.999959E+1	0.000000E+0	4.000000E+0
24-Apr-25	20:34:56	1.000000E-5	2.975895E+0	-8.000000E-5	3.360000E-5	1.790000E-5	2.710000E-3	2.000000E-5	0.000000E+0	0.000000E+0	1.964247E-4	2.976042E-9	0.000000E+0	0.000000E+0	1.999959E+1	0.000000E+0	4.000000E+0
24-Apr-25	20:34:56	1.000000E-5	2.982945E+0	-8.000000E-5	3.360000E-5	1.790000E-5	2.710000E-3	2.000000E-5	0.000000E+0	0.000000E+0	1.964247E-4	2.976042E-9	0.000000E+0	0.000000E+0	1.999959E+1	0.000000E+0	4.000000E+0
24-Apr-25	20:34:57	1.000000E-5	2.991040E+0	-8.000000E-5	3.365000E-5	1.785000E-5	2.710000E-3	2.000000E-5	0.000000E+0	0.000000E+0	1.964247E-4	2.976042E-9	0.000000E+0	0.000000E+0	1.999959E+1	0.000000E+0	4.000000E+0
24-Apr-25	20:34:57	1.000000E-5	2.998850E+0	-8.000000E-5	3.370000E-5	1.780000E-5	2.710000E-3	2.000000E-5	0.000000E+0	0.000000E+0	1.964247E-4	2.976042E-9	0.000000E+0	0.000000E+0	1.999959E+1	0.000000E+0	4.000000E+0
24-Apr-25	20:34:58	1.000000E-5	3.006750E+0	-8.000000E-5	3.370000E-5	1.785000E-5	2.710000E-3	2.000000E-5	0.000000E+0	0.000000E+0	1.964247E-4	2.976042E-9	0.000000E+0	0.000000E+0	1.999959E+1	0.000000E+0	4.000000E+0
24-Apr-25	20:34:58	1.000000E-5	3.014905E+0	-8.000000E-5	3.375000E-5	1.785000E-5	2.710000E-3	2.000000E-5	0.000000E+0	0.000000E+0	1.964247E-4	2.976042E-9	0.000000E+0	0.000000E+0	1.999959E+1	0.000000E+0	4.000000E+0
24-Apr-25	20:34:59	1.000000E-5	3.022755E+0	-8.000000E-5	3.375000E-5	1.780000E-5	2.710000E-3	2.000000E-5	0.000000E+0	0.000000E+0	1.964247E-4	2.976042E-9	0.000000E+0	0.000000E+0	1.999959E+1	0.000000E+0	4.000000E+0
24-Apr-25	20:34:59	1.000000E-5	3.030600E+0	-8.000000E-5	3.375000E-5	1.780000E-5	2.710000E-3	2.000000E-5	0.000000E+0	0.000000E+0	1.964247E-4	2.976042E-9	0.000000E+0	0.000000E+0	1.999959E+1	0.000000E+0	4.000000E+0
24-Apr-25	20:35:00	1.000000E-5	3.039970E+0	-8.000000E-5	3.380000E-5	1.780000E-5	2.710000E-3	2.000000E-5	0.000000E+0	0.000000E+0	1.964247E-4	2.976042E-9	0.000000E+0	0.000000E+0	1.999959E+1	0.000000E+0	4.000000E+0
24-Apr-25	20:35:01	1.000000E-5	3.051675E+0	-8.000000E-5	3.385000E-5	1.785000E-5	2.710000E-3	2.000000E-5	0.000000E+0	0.000000E+0	1.964247E-4	2.976042E-9	0.000000E+0	0.000000E+0	1.999959E+1	0.000000E+0	4.000000E+0
24-Apr-25	20:35:01	1.000000E-5	3.059430E+0	-8.000000E-5	3.380000E-5	1.780000E-5	2.710000E-3	2.000000E-5	0.000000E+0	0.000000E+0	1.964247E-4	2.976042E-9	0.000000E+0	0.000000E+0	1.999959E+1	0.000000E+0	4.000000E+0
24-Apr-25	20:35:02	1.000000E-5	3.067165E+0	-8.000000E-5	3.395000E-5	1.780000E-5	2.710000E-3	2.000000E-5	0.000000E+0	0.000000E+0	1.964247E-4	2.976042E-9	0.000000E+0	0.000000E+0	1.999959E+1	0.000000E+0	4.000000E+0
24-Apr-25	20:35:02	1.000000E-5	3.074875E+0	-8.000000E-5	3.395000E-5	1.780000E-5	2.710000E-3	2.000000E-5	0.000000E+0	0.000000E+0	1.964247E-4	2.976042E-9	0.000000E+0	0.000000E+0	1.999959E+1	0.000000E+0	4.000000E+0
24-Apr-25	20:35:03	1.000000E-5	3.082565E+0	-8.000000E-5	3.395000E-5	1.780000E-5	2.710000E-3	2.000000E-5	0.000000E+0	0.000000E+0	1.964247E-4	2.976042E-9	0.000000E+0	0.000000E+0	1.999959E+1	0.000000E+0	4.000000E+0
24-Apr-25	20:35:03	1.000000E-5	3.089475E+0	-8.000000E-5	3.395000E-5	1.780000E-5	2.710000E-3	2.000000E-5	0.000000E+0	0.000000E+0	1.964247E-4	2.976042E-9	0.000000E+0	0.000000E+0	1.999959E+1	0.000000E+0	4.000000E+0
24-Apr-25	20:35:04	1.000000E-5	3.097125E+0	-8.000000E-5	3.400000E-5	1.785000E-5	2.710000E-3	2.000000E-5	0.000000E+0	0.000000E+0	1.964247E-4	2.976042E-9	0.000000E+0	0.000000E+0	1.999959E+1	0.000000E+0	4.000000E+0
24-Apr-25	20:35:04	1.000000E-5	3.103990E+0	-8.000000E-5	3.400000E-5	1.780000E-5	2.710000E-3	2.000000E-5	0.000000E+0	0.000000E+0	1.964247E-4	2.976042E-9	0.000000E+0	0.000000E+0	1.999959E+1	0.000000E+0	4.000000E+0
24-Apr-25	20:35:05	1.000000E-5	3.111615E+0	-8.000000E-5	3.405000E-5	1.780000E-5	2.710000E-3	2.000000E-5	0.000000E+0	0.000000E+0	1.964247E-4	2.976042E-9	0.000000E+0	0.000000E+0	1.999959E+1	0.000000E+0	4.000000E+0
24-Apr-25	20:35:05	1.000000E-5	3.119955E+0	-8.000000E-5	3.405000E-5	1.780000E-5	2.710000E-3	2.000000E-5	0.000000E+0	0.000000E+0	1.964247E-4	2.976042E-9	0.000000E+0	0.000000E+0	1.999959E+1	0.000000E+0	4.000000E+0
24-Apr-25	20:35:06	1.000000E-5	3.127505E+0	-8.000000E-5	3.415000E-5	1.785000E-5	2.710000E-3	2.000000E-5	0.000000E+0	0.000000E+0	1.964247E-4	2.976042E-9	0.000000E+0	0.000000E+0	1.999959E+1	0.000000E+0	4.000000E+0
24-Apr-25	20:35:06	1.000000E-5	3.135790E+0	-8.000000E-5	3.410000E-5	1.785000E-5	2.710000E-3	2.000000E-5	0.000000E+0	0.000000E+0	1.964247E-4	2.976042E-9	0.000000E+0	0.000000E+0	1.999959E+1	0.000000E+0	4.000000E+0
24-Apr-25	20:35:07	1.000000E-5	3.143320E+0	-8.000000E-5	3.415000E-5	1.780000E-5	2.710000E-3	2.000000E-5	0.000000E+0	0.000000E+0	1.964247E-4	2.976042E-9	0.000000E+0	0.000000E+0	1.999959E+1	0.000000E+0	4.000000E+0
24-Apr-25	20:35:07	1.000000E-5	3.150805E+0	-8.000000E-5	3.415000E-5	1.780000E-5	2.710000E-3	2.000000E-5	0.000000E+0	0.000000E+0	1.964247E-4	2.976042E-9	0.000000E+0	0.000000E+0	1.999959E+1	0.000000E+0	4.000000E+0
24-Apr-25	20:35:08	1.000000E-5	3.158280E+0	-8.000000E-5	3.420000E-5	1.780000E-5	2.710000E-3	2.000000E-5	0.000000E+0	0.000000E+0	1.964247E-4	2.976042E-9	0.000000E+0	0.000000E+0	1.999959E+1	0.000000E+0	4.000000E+0
24-Apr-25	20:35:08	1.000000E-5	3.165230E+0	-8.000000E-5	3.420000E-5	1.775000E-5	2.710000E-3	2.000000E-5	0.000000E+0	0.000000E+0	1.964247E-4	2.976042E-9	0.000000E+0	0.000000E+0	1.999959E+1	0.000000E+0	4.000000E+0
24-Apr-25	20:35:09	1.000000E-5	3.171915E+0	-8.000000E-5	3.425000E-5	1.780000E-5	2.710000E-3	2.000000E-5	0.000000E+0	0.000000E+0	1.964247E-4	2.976042E-9	0.000000E+0	0.000000E+0	1.999959E+1	0.000000E+0	4.000000E+0
24-Apr-25	20:35:09	1.000000E-5	3.178595E+0	-8.000000E-5	3.425000E-5	1.775000E-5	2.710000E-3	2.000000E-5	0.000000E+0	0.000000E+0	1.964247E-4	2.976042E-9	0.000000E+0	0.000000E+0	1.999959E+1	0.000000E+0	4.000000E+0
24-Apr-25	20:35:10	1.000000E-5	3.185990E+0	-8.000000E-5	3.430000E-5	1.780000E-5	2.710000E-3	2.000000E-5	0.000000E+0	0.000000E+0	1.964247E-4	2.976042E-9	0.000000E+0	0.000000E+0	1.999959E+1	0.000000E+0	4.000000E+0
24-Apr-25	20:35:10	1.000000E-5	3.196535E+0	-8.000000E-5	3.430000E-5	1.775000E-5	2.710000E-3	2.000000E-5	0.000000E+0	0.000000E+0	1.964247E-4	2.976042E-9	0.000000E+0	0.000000E+0	1.999959E+1	0.000000E+0	4.000000E+0
24-Apr-25	20:35:11	1.000000E-5	3.203885E+0	-8.000000E-5	3.435000E-5	1.780000E-5	2.710000E-3	2.000000E-5	0.000000E+0	0.000000E+0	1.964247E-4	2.976042E-9	0.000000E+0	0.000000E+0	1.999959E+1	0.000000E+0	4.000000E+0
24-Apr-25	20:35:11	1.000000E-5	3.211205E+0	-8.000000E-5	3.430000E-5	1.775000E-5	2.710000E-3	2.000000E-5	0.000000E+0	0.000000E+0	1.964247E-4	2.976042E-9	0.000000E+0	0.000000E+0	1.999959E+1	0.000000E+0	4.000000E+0
24-Apr-25	20:35:12	1.000000E-5	3.218505E+0	-8.000000E-5	3.445000E-5	1.775000E-5	2.710000E-3	2.000000E-5	0.000000E+0	0.000000E+0	1.964247E-4	2.976042E-9	0.000000E+0	0.000000E+0	1.999959E+1	0.000000E+0	4.000000E+0
24-Apr-25	20:35:12	1.000000E-5	3.225785E+0	-8.000000E-5	3.445000E-5	1.775000E-5	2.710000E-3	2.000000E-5	0.000000E+0	0.000000E+0	1.964247E-4	2.976042E-9	0.000000E+0	0.000000E+0	1.999959E+1	0.000000E+0	4.000000E+0
24-Apr-25	20:35:13	1.000000E-5	3.233030E+0	-8.000000E-5	3.445000E-5	1.775000E-5	2.710000E-3	2.000000E-5	0.000000E+0	0.000000E+0	1.964247E-4	2.976042E-9	0.000000E+0	0.000000E+0	1.999959E+1	0.000000E+0	4.000000E+0
24-Apr-25	20:35:13	1.000000E-5	3.239545E+0	-8.000000E-5	3.445000E-5	1.775000E-5	2.710000E-3	2.000000E-5	0.000000E+0	0.000000E+0	1.964247E-4	2.976042E-9	0.000000E+0	0.000000E+0	1.999959E+1	0.000000E+0	4.000000E+0
24-Apr-25	20:35:14	1.000000E-5	3.246770E+0	-8.000000E-5	3.445000E-5	1.780000E-5	2.710000E-3	2.000000E-5	0.000000E+0	0.000000E+0	1.964247E-4	2.976042E-9	0.000000E+0	0.000000E+0	1.999959E+1	0.000000E+0	4.000000E+0
24-Apr-25	20:35:14	1.000000E-5	3.253980E+0	-8.000000E-5	3.450000E-5	1.780000E-5	2.710000E-3	2.000000E-5	0.000000E+0	0.000000E+0	1.964247E-4	2.976042E-9	0.000000E+0	0.000000E+0	1.999959E+1	0.000000E+0	4.000000E+0
24-Apr-25	20:35:15	1.000000E-5	3.260440E+0	-8.000000E-5	3.445000E-5	1.775000E-5	2.710000E-3	2.000000E-5	0.000000E+0	0.000000E+0	1.964247E-4	2.976042E-9	0.000000E+0	0.000000E+0	1.999959E+1	0.000000E+0	4.000000E+0
24-Apr-25	20:35:15	1.000000E-5	3.267590E+0	-8.000000E-5	3.450000E-5	1.775000E-5	2.710000E-3	2.000000E-5	0.000000E+0	0.000000E+0	1.964247E-4	2.976042E-9	0.000000E+0	0.000000E+0	1.999959E+1	0.000000E+0	4.000000E+0
24-Apr-25	20:35:16	1.000000E-5	3.274005E+0	-8.000000E-5	3.455000E-5	1.775000E-5	2.710000E-3	2.000000E-5	0.000000E+0	0.000000E+0	1.964247E-4	2.976042E-9	0.000000E+0	0.000000E+0	1.999959E+1	0.000000E+0	4.000000E+0
24-Apr-25	20:35:16	1.000000E-5	3.281110E+0	-8.000000E-5	3.455000E-5	1.775000E-5	2.710000E-3	2.000000E-5	0.000000E+0	0.000000E+0	1.964247E-4	2.976042E-9	0.000000E+0	0.000000E+0	1.999959E+1	0.000000E+0	4.000000E+0
24-Apr-25	20:35:17	1.000000E-5	3.290360E+0	-8.000000E-5	3.460000E-5	1.780000E-5	2.710000E-3	2.000000E-5	0.000000E+0	0.000000E+0	1.964247E-4	2.976042E-9	0.000000E+0	0.000000E+0	1.999959E+1	0.000000E+0	4.000000E+0
24-Apr-25	20:35:18	1.000000E-5	3.301175E+0	-8.000000E-5	3.460000E-5	1.780000E-5	2.710000E-3	2.000000E-5	0.000000E+0	0.000000E+0	1.964247E-4	2.976042E-9	0.000000E+0	0.000000E+0	1.999959E+1	0.000000E+0	4.000000E+0
24-Apr-25	20:35:18	1.000000E-5	3.308215E+0	-8.000000E-5	3.465000E-5	1.775000E-5	2.710000E-3	2.000000E-5	0.000000E+0	0.000000E+0	1.964247E-4	2.976042E-9	0.000000E+0	0.000000E+0	1.999959E+1	0.000000E+0	4.000000E+0
24-Apr-25	20:35:19	1.000000E-5	3.315230E+0	-8.000000E-5	3.465000E-5	1.775000E-5	2.710000E-3	2.000000E-5	0.000000E+0	0.000000E+0	1.964247E-4	2.976042E-9	0.000000E+0	0.000000E+0	1.999959E+1	0.000000E+0	4.000000E+0
24-Apr-25	20:35:19	1.000000E-5	3.322225E+0	-8.000000E-5	3.465000E-5	1.775000E-5	2.710000E-3	2.000000E-5	0.000000E+0	0.000000E+0	1.964247E-4	2.976042E-9	0.000000E+0	0.000000E+0	1.999959E+1	0.000000E+0	4.000000E+0
24-Apr-25	20:35:20	1.000000E-5	3.329200E+0	-8.000000E-5	3.475000E-5	1.775000E-5	2.720000E-3	2.000000E-5	0.000000E+0	0.000000E+0	1.964247E-4	2.976042E-9	0.000000E+0	0.000000E+0	1.999959E+1	0.000000E+0	4.000000E+0
24-Apr-25	20:35:20	1.000000E-5	3.335460E+0	-8.000000E-5	3.475000E-5	1.770000E-5	2.720000E-3	2.000000E-5	0.000000E+0	0.000000E+0	1.964247E-4	2.976042E-9	0.000000E+0	0.000000E+0	1.999959E+1	0.000000E+0	4.000000E+0
24-Apr-25	20:35:21	1.000000E-5	3.342395E+0	-8.000000E-5	3.475000E-5	1.770000E-5	2.710000E-3	2.000000E-5	0.000000E+0	0.000000E+0	1.964247E-4	2.976042E-9	0.000000E+0	0.000000E+0	1.999959E+1	0.000000E+0	4.000000E+0
24-Apr-25	20:35:21	1.000000E-5	3.351385E+0	-8.000000E-5	3.480000E-5	1.775000E-5	2.710000E-3	2.000000E-5	0.000000E+0	0.000000E+0	1.964247E-4	2.976042E-9	0.000000E+0	0.000000E+0	1.999959E+1	0.000000E+0	4.000000E+0
24-Apr-25	20:35:22	1.000000E-5	3.357595E+0	-8.000000E-5	3.480000E-5	1.770000E-5	2.710000E-3	2.000000E-5	0.000000E+0	0.000000E+0	1.964247E-4	2.976042E-9	0.000000E+0	0.000000E+0	1.999959E+1	0.000000E+0	4.000000E+0
24-Apr-25	20:35:22	1.000000E-5	3.364475E+0	-8.000000E-5	3.485000E-5	1.770000E-5	2.720000E-3	2.000000E-5	0.000000E+0	0.000000E+0	1.964247E-4	2.976042E-9	0.000000E+0	0.000000E+0	1.999959E+1	0.000000E+0	4.000000E+0
24-Apr-25	20:35:23	1.000000E-5	3.371330E+0	-8.000000E-5	3.480000E-5	1.775000E-5	2.720000E-3	2.000000E-5	0.000000E+0	0.000000E+0	1.964247E-4	2.976042E-9	0.000000E+0	0.000000E+0	1.999959E+1	0.000000E+0	4.000000E+0
24-Apr-25	20:35:23	1.000000E-5	3.378180E+0	-8.000000E-5	3.480000E-5	1.775000E-5	2.710000E-3	2.000000E-5	0.000000E+0	0.000000E+0	1.964247E-4	2.976042E-9	0.000000E+0	0.000000E+0	1.999959E+1	0.000000E+0	4.000000E+0
24-Apr-25	20:35:24	1.000000E-5	3.384990E+0	-8.000000E-5	3.490000E-5	1.770000E-5	2.710000E-3	2.000000E-5	0.000000E+0	0.000000E+0	1.964247E-4	2.976042E-9	0.000000E+0	0.000000E+0	1.999959E+1	0.000000E+0	4.000000E+0
24-Apr-25	20:35:24	1.000000E-5	3.391790E+0	-8.000000E-5	3.490000E-5	1.775000E-5	2.710000E-3	2.000000E-5	0.000000E+0	0.000000E+0	1.964247E-4	2.976042E-9	0.000000E+0	0.000000E+0	1.999959E+1	0.000000E+0	4.000000E+0
24-Apr-25	20:35:25	1.000000E-5	3.399470E+0	-8.000000E-5	3.485000E-5	1.775000E-5	2.710000E-3	2.000000E-5	0.000000E+0	0.000000E+0	1.964247E-4	2.976042E-9	0.000000E+0	0.000000E+0	1.999959E+1	0.000000E+0	4.000000E+0
24-Apr-25	20:35:25	1.000000E-5	3.406230E+0	-8.000000E-5	3.490000E-5	1.770000E-5	2.710000E-3	2.000000E-5	0.000000E+0	0.000000E+0	1.964247E-4	2.976042E-9	0.000000E+0	0.000000E+0	1.999959E+1	0.000000E+0	4.000000E+0
24-Apr-25	20:35:26	1.000000E-5	3.413625E+0	-8.000000E-5	3.490000E-5	1.770000E-5	2.710000E-3	2.000000E-5	0.000000E+0	0.000000E+0	1.964247E-4	2.976042E-9	0.000000E+0	0.000000E+0	1.999959E+1	0.000000E+0	4.000000E+0
24-Apr-25	20:35:26	1.000000E-5	3.422345E+0	-8.000000E-5	3.495000E-5	1.775000E-5	2.710000E-3	2.000000E-5	0.000000E+0	0.000000E+0	1.964247E-4	2.976042E-9	0.000000E+0	0.000000E+0	1.999959E+1	0.000000E+0	4.000000E+0
24-Apr-25	20:35:27	1.000000E-5	3.429140E+0	-8.000000E-5	3.495000E-5	1.770000E-5	2.710000E-3	2.000000E-5	0.000000E+0	0.000000E+0	1.964247E-4	2.976042E-9	0.000000E+0	0.000000E+0	1.999959E+1	0.000000E+0	4.000000E+0
24-Apr-25	20:35:27	1.000000E-5	3.435920E+0	-8.000000E-5	3.500000E-5	1.770000E-5	2.710000E-3	2.000000E-5	0.000000E+0	0.000000E+0	1.964247E-4	2.976042E-9	0.000000E+0	0.000000E+0	1.999959E+1	0.000000E+0	4.000000E+0
24-Apr-25	20:35:28	1.000000E-5	3.442570E+0	-8.000000E-5	3.505000E-5	1.775000E-5	2.710000E-3	2.000000E-5	0.000000E+0	0.000000E+0	1.964247E-4	2.976042E-9	0.000000E+0	0.000000E+0	1.999959E+1	0.000000E+0	4.000000E+0
24-Apr-25	20:35:28	1.000000E-5	3.448530E+0	-8.000000E-5	3.500000E-5	1.770000E-5	2.720000E-3	2.000000E-5	0.000000E+0	0.000000E+0	1.964247E-4	2.976042E-9	0.000000E+0	0.000000E+0	1.999959E+1	0.000000E+0	4.000000E+0
24-Apr-25	20:35:29	1.000000E-5	3.455140E+0	-8.000000E-5	3.505000E-5	1.770000E-5	2.720000E-3	2.000000E-5	0.000000E+0	0.000000E+0	1.964247E-4	2.976042E-9	0.000000E+0	0.000000E+0	1.999959E+1	0.000000E+0	4.000000E+0
24-Apr-25	20:35:29	1.000000E-5	3.461740E+0	-8.000000E-5	3.505000E-5	1.770000E-5	2.720000E-3	2.000000E-5	0.000000E+0	0.000000E+0	1.964247E-4	2.976042E-9	0.000000E+0	0.000000E+0	1.999959E+1	0.000000E+0	4.000000E+0
24-Apr-25	20:35:30	1.000000E-5	3.468320E+0	-8.000000E-5	3.510000E-5	1.770000E-5	2.720000E-3	2.000000E-5	0.000000E+0	0.000000E+0	1.964247E-4	2.976042E-9	0.000000E+0	0.000000E+0	1.999959E+1	0.000000E+0	4.000000E+0
24-Apr-25	20:35:31	1.000000E-5	3.477595E+0	-8.000000E-5	3.515000E-5	1.770000E-5	2.710000E-3	2.000000E-5	0.000000E+0	0.000000E+0	1.964247E-4	2.976042E-9	0.000000E+0	0.000000E+0	1.999959E+1	0.000000E+0	4.000000E+0
24-Apr-25	20:35:31	1.000000E-5	3.487485E+0	-8.000000E-5	3.515000E-5	1.770000E-5	2.720000E-3	2.000000E-5	0.000000E+0	0.000000E+0	1.964247E-4	2.976042E-9	0.000000E+0	0.000000E+0	1.999959E+1	0.000000E+0	4.000000E+0
24-Apr-25	20:35:32	1.000000E-5	3.494625E+0	-8.000000E-5	3.510000E-5	1.770000E-5	2.720000E-3	2.000000E-5	0.000000E+0	0.000000E+0	1.964247E-4	2.976042E-9	0.000000E+0	0.000000E+0	1.999959E+1	0.000000E+0	4.000000E+0
24-Apr-25	20:35:32	1.000000E-5	3.501110E+0	-8.000000E-5	3.515000E-5	1.770000E-5	2.720000E-3	2.000000E-5	0.000000E+0	0.000000E+0	1.964247E-4	2.976042E-9	0.000000E+0	0.000000E+0	1.999959E+1	0.000000E+0	4.000000E+0
24-Apr-25	20:35:33	1.000000E-5	3.507575E+0	-8.000000E-5	3.520000E-5	1.775000E-5	2.710000E-3	2.000000E-5	0.000000E+0	0.000000E+0	1.964247E-4	2.976042E-9	0.000000E+0	0.000000E+0	1.999959E+1	0.000000E+0	4.000000E+0
24-Apr-25	20:35:33	1.000000E-5	3.513380E+0	-8.000000E-5	3.515000E-5	1.780000E-5	2.710000E-3	2.000000E-5	0.000000E+0	0.000000E+0	1.964247E-4	2.976042E-9	0.000000E+0	0.000000E+0	1.999959E+1	0.000000E+0	4.000000E+0
24-Apr-25	20:35:34	1.000000E-5	3.519800E+0	-8.000000E-5	3.520000E-5	1.770000E-5	2.720000E-3	2.000000E-5	0.000000E+0	0.000000E+0	1.964247E-4	2.976042E-9	0.000000E+0	0.000000E+0	1.999959E+1	0.000000E+0	4.000000E+0
24-Apr-25	20:35:34	1.000000E-5	3.526205E+0	-8.000000E-5	3.520000E-5	1.770000E-5	2.720000E-3	2.000000E-5	0.000000E+0	0.000000E+0	1.964247E-4	2.976042E-9	0.000000E+0	0.000000E+0	1.999959E+1	0.000000E+0	4.000000E+0
24-Apr-25	20:35:35	1.000000E-5	3.532595E+0	-8.000000E-5	3.520000E-5	1.770000E-5	2.720000E-3	2.000000E-5	0.000000E+0	0.000000E+0	1.964247E-4	2.976042E-9	0.000000E+0	0.000000E+0	1.999959E+1	0.000000E+0	4.000000E+0
24-Apr-25	20:35:35	1.000000E-5	3.538955E+0	-8.000000E-5	3.520000E-5	1.770000E-5	2.720000E-3	2.000000E-5	0.000000E+0	0.000000E+0	1.964247E-4	2.976042E-9	0.000000E+0	0.000000E+0	1.999959E+1	0.000000E+0	4.000000E+0
24-Apr-25	20:35:36	1.000000E-5	3.544665E+0	-8.000000E-5	3.525000E-5	1.765000E-5	2.710000E-3	2.000000E-5	0.000000E+0	0.000000E+0	1.964247E-4	2.976042E-9	0.000000E+0	0.000000E+0	1.999959E+1	0.000000E+0	4.000000E+0
24-Apr-25	20:35:36	1.000000E-5	3.550980E+0	-8.000000E-5	3.530000E-5	1.775000E-5	2.720000E-3	2.000000E-5	0.000000E+0	0.000000E+0	1.964247E-4	2.976042E-9	0.000000E+0	0.000000E+0	1.999959E+1	0.000000E+0	4.000000E+0
24-Apr-25	20:35:37	1.000000E-5	3.559295E+0	-8.000000E-5	3.530000E-5	1.775000E-5	2.720000E-3	2.000000E-5	0.000000E+0	0.000000E+0	1.964247E-4	2.976042E-9	0.000000E+0	0.000000E+0	1.999959E+1	0.000000E+0	4.000000E+0
24-Apr-25	20:35:37	1.000000E-5	3.566320E+0	-8.000000E-5	3.525000E-5	1.770000E-5	2.720000E-3	2.000000E-5	0.000000E+0	0.000000E+0	1.964247E-4	2.976042E-9	0.000000E+0	0.000000E+0	1.999959E+1	0.000000E+0	4.000000E+0
24-Apr-25	20:35:38	1.000000E-5	3.572610E+0	-8.000000E-5	3.530000E-5	1.770000E-5	2.720000E-3	2.000000E-5	0.000000E+0	0.000000E+0	1.964247E-4	2.976042E-9	0.000000E+0	0.000000E+0	1.999959E+1	0.000000E+0	4.000000E+0
24-Apr-25	20:35:39	1.000000E-5	3.578865E+0	-8.000000E-5	3.535000E-5	1.765000E-5	2.720000E-3	2.000000E-5	0.000000E+0	0.000000E+0	1.964247E-4	2.976042E-9	0.000000E+0	0.000000E+0	1.999959E+1	0.000000E+0	4.000000E+0
24-Apr-25	20:35:39	1.000000E-5	3.587585E+0	-8.000000E-5	3.530000E-5	1.770000E-5	2.720000E-3	2.000000E-5	0.000000E+0	0.000000E+0	1.964247E-4	2.976042E-9	0.000000E+0	0.000000E+0	1.999959E+1	0.000000E+0	4.000000E+0
24-Apr-25	20:35:40	1.000000E-5	3.593785E+0	-8.000000E-5	3.540000E-5	1.770000E-5	2.720000E-3	2.000000E-5	0.000000E+0	0.000000E+0	1.964247E-4	2.976042E-9	0.000000E+0	0.000000E+0	1.999959E+1	0.000000E+0	4.000000E+0
24-Apr-25	20:35:40	1.000000E-5	3.599965E+0	-8.000000E-5	3.540000E-5	1.775000E-5	2.720000E-3	2.000000E-5	0.000000E+0	0.000000E+0	1.964247E-4	2.976042E-9	0.000000E+0	0.000000E+0	1.999959E+1	0.000000E+0	4.000000E+0
24-Apr-25	20:35:41	1.000000E-5	3.606140E+0	-8.000000E-5	3.540000E-5	1.765000E-5	2.720000E-3	2.000000E-5	0.000000E+0	0.000000E+0	1.964247E-4	2.976042E-9	0.000000E+0	0.000000E+0	1.999959E+1	0.000000E+0	4.000000E+0
24-Apr-25	20:35:41	1.000000E-5	3.612295E+0	-8.000000E-5	3.545000E-5	1.765000E-5	2.720000E-3	2.000000E-5	0.000000E+0	0.000000E+0	1.964247E-4	2.976042E-9	0.000000E+0	0.000000E+0	1.999959E+1	0.000000E+0	4.000000E+0
24-Apr-25	20:35:42	1.000000E-5	3.619765E+0	-8.000000E-5	3.545000E-5	1.765000E-5	2.720000E-3	2.000000E-5	0.000000E+0	0.000000E+0	1.964247E-4	2.976042E-9	0.000000E+0	0.000000E+0	1.999959E+1	0.000000E+0	4.000000E+0
24-Apr-25	20:35:43	1.000000E-5	3.628440E+0	-8.000000E-5	3.550000E-5	1.765000E-5	2.720000E-3	2.000000E-5	0.000000E+0	0.000000E+0	1.964247E-4	2.976042E-9	0.000000E+0	0.000000E+0	1.999959E+1	0.000000E+0	4.000000E+0
24-Apr-25	20:35:43	1.000000E-5	3.634510E+0	-8.000000E-5	3.545000E-5	1.770000E-5	2.720000E-3	2.000000E-5	0.000000E+0	0.000000E+0	1.964247E-4	2.976042E-9	0.000000E+0	0.000000E+0	1.999959E+1	0.000000E+0	4.000000E+0
24-Apr-25	20:35:44	1.000000E-5	3.641200E+0	-8.000000E-5	3.550000E-5	1.770000E-5	2.720000E-3	2.000000E-5	0.000000E+0	0.000000E+0	1.964247E-4	2.976042E-9	0.000000E+0	0.000000E+0	1.999959E+1	0.000000E+0	4.000000E+0
24-Apr-25	20:35:44	1.000000E-5	3.647860E+0	-8.000000E-5	3.545000E-5	1.770000E-5	2.720000E-3	2.000000E-5	0.000000E+0	0.000000E+0	1.964247E-4	2.976042E-9	0.000000E+0	0.000000E+0	1.999959E+1	0.000000E+0	4.000000E+0
24-Apr-25	20:35:45	1.000000E-5	3.655100E+0	-8.000000E-5	3.550000E-5	1.770000E-5	2.720000E-3	2.000000E-5	0.000000E+0	0.000000E+0	1.964247E-4	2.976042E-9	0.000000E+0	0.000000E+0	1.999959E+1	0.000000E+0	4.000000E+0
24-Apr-25	20:35:45	1.000000E-5	3.661105E+0	-8.000000E-5	3.550000E-5	1.765000E-5	2.720000E-3	2.000000E-5	0.000000E+0	0.000000E+0	1.964247E-4	2.976042E-9	0.000000E+0	0.000000E+0	1.999959E+1	0.000000E+0	4.000000E+0
24-Apr-25	20:35:46	1.000000E-5	3.667120E+0	-8.000000E-5	3.555000E-5	1.760000E-5	2.720000E-3	2.000000E-5	0.000000E+0	0.000000E+0	1.964247E-4	2.976042E-9	0.000000E+0	0.000000E+0	1.999959E+1	0.000000E+0	4.000000E+0
24-Apr-25	20:35:46	1.000000E-5	3.672490E+0	-8.000000E-5	3.560000E-5	1.765000E-5	2.720000E-3	2.000000E-5	0.000000E+0	0.000000E+0	1.964247E-4	2.976042E-9	0.000000E+0	0.000000E+0	1.999959E+1	0.000000E+0	4.000000E+0
24-Apr-25	20:35:47	1.000000E-5	3.678550E+0	-8.000000E-5	3.555000E-5	1.770000E-5	2.720000E-3	2.000000E-5	0.000000E+0	0.000000E+0	1.964247E-4	2.976042E-9	0.000000E+0	0.000000E+0	1.999959E+1	0.000000E+0	4.000000E+0
24-Apr-25	20:35:47	1.000000E-5	3.686960E+0	-8.000000E-5	3.555000E-5	1.770000E-5	2.720000E-3	2.000000E-5	0.000000E+0	0.000000E+0	1.964247E-4	2.976042E-9	0.000000E+0	0.000000E+0	1.999959E+1	0.000000E+0	4.000000E+0
24-Apr-25	20:35:48	1.000000E-5	3.692885E+0	-8.000000E-5	3.555000E-5	1.765000E-5	2.720000E-3	2.000000E-5	0.000000E+0	0.000000E+0	1.964247E-4	2.976042E-9	0.000000E+0	0.000000E+0	1.999959E+1	0.000000E+0	4.000000E+0
24-Apr-25	20:35:48	1.000000E-5	3.699370E+0	-8.000000E-5	3.565000E-5	1.765000E-5	2.720000E-3	2.000000E-5	0.000000E+0	0.000000E+0	1.964247E-4	2.976042E-9	0.000000E+0	0.000000E+0	1.999959E+1	0.000000E+0	4.000000E+0
24-Apr-25	20:35:49	1.000000E-5	3.705265E+0	-8.000000E-5	3.565000E-5	1.770000E-5	2.720000E-3	2.000000E-5	0.000000E+0	0.000000E+0	1.964247E-4	2.976042E-9	0.000000E+0	0.000000E+0	1.999959E+1	0.000000E+0	4.000000E+0
24-Apr-25	20:35:50	1.000000E-5	3.711110E+0	-8.000000E-5	3.560000E-5	1.765000E-5	2.720000E-3	2.000000E-5	0.000000E+0	0.000000E+0	1.964247E-4	2.976042E-9	0.000000E+0	0.000000E+0	1.999959E+1	0.000000E+0	4.000000E+0
24-Apr-25	20:35:50	1.000000E-5	3.717550E+0	-8.000000E-5	3.560000E-5	1.760000E-5	2.720000E-3	2.000000E-5	0.000000E+0	0.000000E+0	1.964247E-4	2.976042E-9	0.000000E+0	0.000000E+0	1.999959E+1	0.000000E+0	4.000000E+0
24-Apr-25	20:35:51	1.000000E-5	3.723385E+0	-8.000000E-5	3.575000E-5	1.755000E-5	2.720000E-3	2.000000E-5	0.000000E+0	0.000000E+0	1.964247E-4	2.976042E-9	0.000000E+0	0.000000E+0	1.999959E+1	0.000000E+0	4.000000E+0
24-Apr-25	20:35:51	1.000000E-5	3.729215E+0	-8.000000E-5	3.575000E-5	1.770000E-5	2.720000E-3	2.000000E-5	0.000000E+0	0.000000E+0	1.964247E-4	2.976042E-9	0.000000E+0	0.000000E+0	1.999959E+1	0.000000E+0	4.000000E+0
24-Apr-25	20:35:52	1.000000E-5	3.735025E+0	-8.000000E-5	3.570000E-5	1.770000E-5	2.720000E-3	2.000000E-5	0.000000E+0	0.000000E+0	1.964247E-4	2.976042E-9	0.000000E+0	0.000000E+0	1.999959E+1	0.000000E+0	4.000000E+0
24-Apr-25	20:35:52	1.000000E-5	3.740810E+0	-8.000000E-5	3.565000E-5	1.770000E-5	2.720000E-3	2.000000E-5	0.000000E+0	0.000000E+0	1.964247E-4	2.976042E-9	0.000000E+0	0.000000E+0	1.999959E+1	0.000000E+0	4.000000E+0
24-Apr-25	20:35:53	1.000000E-5	3.746555E+0	-8.000000E-5	3.570000E-5	1.765000E-5	2.720000E-3	2.000000E-5	0.000000E+0	0.000000E+0	1.964247E-4	2.976042E-9	0.000000E+0	0.000000E+0	1.999959E+1	0.000000E+0	4.000000E+0
24-Apr-25	20:35:53	1.000000E-5	3.752295E+0	-8.000000E-5	3.570000E-5	1.765000E-5	2.720000E-3	2.000000E-5	0.000000E+0	0.000000E+0	1.964247E-4	2.976042E-9	0.000000E+0	0.000000E+0	1.999959E+1	0.000000E+0	4.000000E+0
24-Apr-25	20:35:54	1.000000E-5	3.758600E+0	-8.000000E-5	3.565000E-5	1.765000E-5	2.720000E-3	2.000000E-5	0.000000E+0	0.000000E+0	1.964247E-4	2.976042E-9	0.000000E+0	0.000000E+0	1.999959E+1	0.000000E+0	4.000000E+0
24-Apr-25	20:35:54	1.000000E-5	3.764320E+0	-8.000000E-5	3.570000E-5	1.765000E-5	2.720000E-3	2.000000E-5	0.000000E+0	0.000000E+0	1.964247E-4	2.976042E-9	0.000000E+0	0.000000E+0	1.999959E+1	0.000000E+0	4.000000E+0
24-Apr-25	20:35:55	1.000000E-5	3.770000E+0	-8.000000E-5	3.580000E-5	1.765000E-5	2.720000E-3	2.000000E-5	0.000000E+0	0.000000E+0	1.964247E-4	2.976042E-9	0.000000E+0	0.000000E+0	1.999959E+1	0.000000E+0	4.000000E+0
24-Apr-25	20:35:55	1.000000E-5	3.777575E+0	-8.000000E-5	3.585000E-5	1.765000E-5	2.720000E-3	2.000000E-5	0.000000E+0	0.000000E+0	1.964247E-4	2.976042E-9	0.000000E+0	0.000000E+0	1.999959E+1	0.000000E+0	4.000000E+0
24-Apr-25	20:35:56	1.000000E-5	3.783240E+0	-8.000000E-5	3.580000E-5	1.765000E-5	2.720000E-3	2.000000E-5	0.000000E+0	0.000000E+0	1.964247E-4	2.976042E-9	0.000000E+0	0.000000E+0	1.999959E+1	0.000000E+0	4.000000E+0
24-Apr-25	20:35:56	1.000000E-5	3.788870E+0	-8.000000E-5	3.575000E-5	1.765000E-5	2.720000E-3	2.000000E-5	0.000000E+0	0.000000E+0	1.964247E-4	2.976042E-9	0.000000E+0	0.000000E+0	1.999959E+1	0.000000E+0	4.000000E+0
24-Apr-25	20:35:57	1.000000E-5	3.794490E+0	-8.000000E-5	3.580000E-5	1.765000E-5	2.720000E-3	2.000000E-5	0.000000E+0	0.000000E+0	1.964247E-4	2.976042E-9	0.000000E+0	0.000000E+0	1.999959E+1	0.000000E+0	4.000000E+0
24-Apr-25	20:35:57	1.000000E-5	3.800650E+0	-8.000000E-5	3.585000E-5	1.765000E-5	2.720000E-3	2.000000E-5	0.000000E+0	0.000000E+0	1.964247E-4	2.976042E-9	0.000000E+0	0.000000E+0	1.999959E+1	0.000000E+0	4.000000E+0
24-Apr-25	20:35:58	1.000000E-5	3.806250E+0	-8.000000E-5	3.580000E-5	1.770000E-5	2.720000E-3	2.000000E-5	0.000000E+0	0.000000E+0	1.964247E-4	2.976042E-9	0.000000E+0	0.000000E+0	1.999959E+1	0.000000E+0	4.000000E+0
24-Apr-25	20:35:58	1.000000E-5	3.811810E+0	-8.000000E-5	3.580000E-5	1.760000E-5	2.720000E-3	2.000000E-5	0.000000E+0	0.000000E+0	1.964247E-4	2.976042E-9	0.000000E+0	0.000000E+0	1.999959E+1	0.000000E+0	4.000000E+0
24-Apr-25	20:35:59	1.000000E-5	3.816820E+0	-8.000000E-5	3.580000E-5	1.760000E-5	2.720000E-3	2.000000E-5	0.000000E+0	0.000000E+0	1.964247E-4	2.976042E-9	0.000000E+0	0.000000E+0	1.999959E+1	0.000000E+0	4.000000E+0
24-Apr-25	20:35:59	1.000000E-5	3.822355E+0	-8.000000E-5	3.580000E-5	1.765000E-5	2.720000E-3	2.000000E-5	0.000000E+0	0.000000E+0	1.964247E-4	2.976042E-9	0.000000E+0	0.000000E+0	1.999959E+1	0.000000E+0	4.000000E+0
24-Apr-25	20:36:00	1.000000E-5	3.827885E+0	-8.000000E-5	3.585000E-5	1.770000E-5	2.720000E-3	2.000000E-5	0.000000E+0	0.000000E+0	1.964247E-4	2.976042E-9	0.000000E+0	0.000000E+0	1.999959E+1	0.000000E+0	4.000000E+0
24-Apr-25	20:36:00	1.000000E-5	3.833385E+0	-8.000000E-5	3.585000E-5	1.765000E-5	2.720000E-3	2.000000E-5	0.000000E+0	0.000000E+0	1.964247E-4	2.976042E-9	0.000000E+0	0.000000E+0	1.999959E+1	0.000000E+0	4.000000E+0
24-Apr-25	20:36:01	1.000000E-5	3.838875E+0	-8.000000E-5	3.590000E-5	1.760000E-5	2.720000E-3	2.000000E-5	0.000000E+0	0.000000E+0	1.964247E-4	2.976042E-9	0.000000E+0	0.000000E+0	1.999959E+1	0.000000E+0	4.000000E+0
24-Apr-25	20:36:01	1.000000E-5	3.843815E+0	-8.000000E-5	3.590000E-5	1.760000E-5	2.720000E-3	2.000000E-5	0.000000E+0	0.000000E+0	1.964247E-4	2.976042E-9	0.000000E+0	0.000000E+0	1.999959E+1	0.000000E+0	4.000000E+0
24-Apr-25	20:36:02	1.000000E-5	3.849285E+0	-8.000000E-5	3.590000E-5	1.765000E-5	2.720000E-3	2.000000E-5	0.000000E+0	0.000000E+0	1.964247E-4	2.976042E-9	0.000000E+0	0.000000E+0	1.999959E+1	0.000000E+0	4.000000E+0
24-Apr-25	20:36:02	1.000000E-5	3.856900E+0	-8.000000E-5	3.590000E-5	1.760000E-5	2.720000E-3	2.000000E-5	0.000000E+0	0.000000E+0	1.964247E-4	2.976042E-9	0.000000E+0	0.000000E+0	1.999959E+1	0.000000E+0	4.000000E+0
24-Apr-25	20:36:03	1.000000E-5	3.862320E+0	-8.000000E-5	3.595000E-5	1.760000E-5	2.720000E-3	2.000000E-5	0.000000E+0	0.000000E+0	1.964247E-4	2.976042E-9	0.000000E+0	0.000000E+0	1.999959E+1	0.000000E+0	4.000000E+0
24-Apr-25	20:36:03	1.000000E-5	3.867725E+0	-8.000000E-5	3.595000E-5	1.765000E-5	2.720000E-3	2.000000E-5	0.000000E+0	0.000000E+0	1.964247E-4	2.976042E-9	0.000000E+0	0.000000E+0	1.999959E+1	0.000000E+0	4.000000E+0
24-Apr-25	20:36:04	1.000000E-5	3.872580E+0	-8.000000E-5	3.590000E-5	1.760000E-5	2.720000E-3	2.000000E-5	0.000000E+0	0.000000E+0	1.964247E-4	2.976042E-9	0.000000E+0	0.000000E+0	1.999959E+1	0.000000E+0	4.000000E+0
24-Apr-25	20:36:04	1.000000E-5	3.877955E+0	-8.000000E-5	3.590000E-5	1.760000E-5	2.720000E-3	2.000000E-5	0.000000E+0	0.000000E+0	1.964247E-4	2.976042E-9	0.000000E+0	0.000000E+0	1.999959E+1	0.000000E+0	4.000000E+0
24-Apr-25	20:36:05	1.000000E-5	3.884570E+0	-8.000000E-5	3.595000E-5	1.760000E-5	2.720000E-3	2.000000E-5	0.000000E+0	0.000000E+0	1.964247E-4	2.976042E-9	0.000000E+0	0.000000E+0	1.999959E+1	0.000000E+0	4.000000E+0
24-Apr-25	20:36:05	1.000000E-5	3.889930E+0	-8.000000E-5	3.605000E-5	1.765000E-5	2.720000E-3	2.000000E-5	0.000000E+0	0.000000E+0	1.964247E-4	2.976042E-9	0.000000E+0	0.000000E+0	1.999959E+1	0.000000E+0	4.000000E+0
24-Apr-25	20:36:06	1.000000E-5	3.895260E+0	-8.000000E-5	3.600000E-5	1.760000E-5	2.720000E-3	2.000000E-5	0.000000E+0	0.000000E+0	1.964247E-4	2.976042E-9	0.000000E+0	0.000000E+0	1.999959E+1	0.000000E+0	4.000000E+0
24-Apr-25	20:36:06	1.000000E-5	3.900575E+0	-8.000000E-5	3.600000E-5	1.760000E-5	2.720000E-3	2.000000E-5	0.000000E+0	0.000000E+0	1.964247E-4	2.976042E-9	0.000000E+0	0.000000E+0	1.999959E+1	0.000000E+0	4.000000E+0
24-Apr-25	20:36:07	1.000000E-5	3.905875E+0	-8.000000E-5	3.605000E-5	1.760000E-5	2.720000E-3	2.000000E-5	0.000000E+0	0.000000E+0	1.964247E-4	2.976042E-9	0.000000E+0	0.000000E+0	1.999959E+1	0.000000E+0	4.000000E+0
24-Apr-25	20:36:07	1.000000E-5	3.910610E+0	-8.000000E-5	3.600000E-5	1.760000E-5	2.720000E-3	2.000000E-5	0.000000E+0	0.000000E+0	1.964247E-4	2.976042E-9	0.000000E+0	0.000000E+0	1.999959E+1	0.000000E+0	4.000000E+0
24-Apr-25	20:36:08	1.000000E-5	3.915895E+0	-8.000000E-5	3.605000E-5	1.760000E-5	2.720000E-3	2.000000E-5	0.000000E+0	0.000000E+0	1.964247E-4	2.976042E-9	0.000000E+0	0.000000E+0	1.999959E+1	0.000000E+0	4.000000E+0
24-Apr-25	20:36:08	1.000000E-5	3.921150E+0	-8.000000E-5	3.605000E-5	1.765000E-5	2.720000E-3	2.000000E-5	0.000000E+0	0.000000E+0	1.964247E-4	2.976042E-9	0.000000E+0	0.000000E+0	1.999959E+1	0.000000E+0	4.000000E+0
24-Apr-25	20:36:09	1.000000E-5	3.925780E+0	-8.000000E-5	3.605000E-5	1.770000E-5	2.720000E-3	2.000000E-5	0.000000E+0	0.000000E+0	1.964247E-4	2.976042E-9	0.000000E+0	0.000000E+0	1.999959E+1	0.000000E+0	4.000000E+0
24-Apr-25	20:36:09	1.000000E-5	3.930915E+0	-8.000000E-5	3.605000E-5	1.770000E-5	2.720000E-3	2.000000E-5	0.000000E+0	0.000000E+0	1.964247E-4	2.976042E-9	0.000000E+0	0.000000E+0	1.999959E+1	0.000000E+0	4.000000E+0
24-Apr-25	20:36:10	1.000000E-5	3.935595E+0	-8.000000E-5	3.605000E-5	1.760000E-5	2.720000E-3	2.000000E-5	0.000000E+0	0.000000E+0	1.964247E-4	2.976042E-9	0.000000E+0	0.000000E+0	1.999959E+1	0.000000E+0	4.000000E+0
24-Apr-25	20:36:10	1.000000E-5	3.940795E+0	-8.000000E-5	3.605000E-5	1.765000E-5	2.720000E-3	2.000000E-5	0.000000E+0	0.000000E+0	1.964247E-4	2.976042E-9	0.000000E+0	0.000000E+0	1.999959E+1	0.000000E+0	4.000000E+0
24-Apr-25	20:36:11	1.000000E-5	3.945640E+0	-8.000000E-5	3.605000E-5	1.765000E-5	2.720000E-3	2.000000E-5	0.000000E+0	0.000000E+0	1.964247E-4	2.976042E-9	0.000000E+0	0.000000E+0	1.999959E+1	0.000000E+0	4.000000E+0
24-Apr-25	20:36:11	1.000000E-5	3.950710E+0	-8.000000E-5	3.605000E-5	1.765000E-5	2.720000E-3	2.000000E-5	0.000000E+0	0.000000E+0	1.964247E-4	2.976042E-9	0.000000E+0	0.000000E+0	1.999959E+1	0.000000E+0	4.000000E+0
24-Apr-25	20:36:12	1.000000E-5	3.955770E+0	-8.000000E-5	3.610000E-5	1.760000E-5	2.720000E-3	2.000000E-5	0.000000E+0	0.000000E+0	1.964247E-4	2.976042E-9	0.000000E+0	0.000000E+0	1.999959E+1	0.000000E+0	4.000000E+0
24-Apr-25	20:36:12	1.000000E-5	3.960915E+0	-8.000000E-5	3.615000E-5	1.760000E-5	2.720000E-3	2.000000E-5	0.000000E+0	0.000000E+0	1.964247E-4	2.976042E-9	0.000000E+0	0.000000E+0	1.999959E+1	0.000000E+0	4.000000E+0
24-Apr-25	20:36:13	1.000000E-5	3.966045E+0	-8.000000E-5	3.615000E-5	1.765000E-5	2.720000E-3	2.000000E-5	0.000000E+0	0.000000E+0	1.964247E-4	2.976042E-9	0.000000E+0	0.000000E+0	1.999959E+1	0.000000E+0	4.000000E+0
24-Apr-25	20:36:13	1.000000E-5	3.971655E+0	-8.000000E-5	3.610000E-5	1.765000E-5	2.720000E-3	2.000000E-5	0.000000E+0	0.000000E+0	1.964247E-4	2.976042E-9	0.000000E+0	0.000000E+0	1.999959E+1	0.000000E+0	4.000000E+0
24-Apr-25	20:36:14	1.000000E-5	3.976735E+0	-8.000000E-5	3.610000E-5	1.760000E-5	2.720000E-3	2.000000E-5	0.000000E+0	0.000000E+0	1.964247E-4	2.976042E-9	0.000000E+0	0.000000E+0	1.999959E+1	0.000000E+0	4.000000E+0
24-Apr-25	20:36:14	1.000000E-5	3.981810E+0	-8.000000E-5	3.610000E-5	1.765000E-5	2.720000E-3	2.000000E-5	0.000000E+0	0.000000E+0	1.964247E-4	2.976042E-9	0.000000E+0	0.000000E+0	1.999959E+1	0.000000E+0	4.000000E+0
24-Apr-25	20:36:15	1.000000E-5	3.986870E+0	-8.000000E-5	3.610000E-5	1.760000E-5	2.720000E-3	2.000000E-5	0.000000E+0	0.000000E+0	1.964247E-4	2.976042E-9	0.000000E+0	0.000000E+0	1.999959E+1	0.000000E+0	4.000000E+0
24-Apr-25	20:36:15	1.000000E-5	3.993085E+0	-8.000000E-5	3.615000E-5	1.765000E-5	2.720000E-3	2.000000E-5	0.000000E+0	0.000000E+0	1.964247E-4	2.976042E-9	0.000000E+0	0.000000E+0	1.999959E+1	0.000000E+0	4.000000E+0
24-Apr-25	20:36:16	1.000000E-5	3.997615E+0	-8.000000E-5	3.610000E-5	1.760000E-5	2.720000E-3	2.000000E-5	0.000000E+0	0.000000E+0	1.964247E-4	2.976042E-9	0.000000E+0	0.000000E+0	1.999959E+1	0.000000E+0	4.000000E+0
24-Apr-25	20:36:16	1.000000E-5	4.002625E+0	-8.000000E-5	3.615000E-5	1.765000E-5	2.720000E-3	2.000000E-5	0.000000E+0	0.000000E+0	1.964247E-4	2.976042E-9	0.000000E+0	0.000000E+0	1.999959E+1	0.000000E+0	4.000000E+0
24-Apr-25	20:36:17	1.000000E-5	4.007630E+0	-8.000000E-5	3.615000E-5	1.760000E-5	2.720000E-3	2.000000E-5	0.000000E+0	0.000000E+0	1.964247E-4	2.976042E-9	0.000000E+0	0.000000E+0	1.999959E+1	0.000000E+0	4.000000E+0
24-Apr-25	20:36:17	1.000000E-5	4.012625E+0	-8.000000E-5	3.615000E-5	1.760000E-5	2.720000E-3	2.000000E-5	0.000000E+0	0.000000E+0	1.964247E-4	2.976042E-9	0.000000E+0	0.000000E+0	1.999959E+1	0.000000E+0	4.000000E+0
24-Apr-25	20:36:18	1.000000E-5	4.017600E+0	-8.000000E-5	3.615000E-5	1.765000E-5	2.720000E-3	2.000000E-5	0.000000E+0	0.000000E+0	1.964247E-4	2.976042E-9	0.000000E+0	0.000000E+0	1.999959E+1	0.000000E+0	4.000000E+0
24-Apr-25	20:36:18	1.000000E-5	4.022575E+0	-8.000000E-5	3.620000E-5	1.760000E-5	2.720000E-3	2.000000E-5	0.000000E+0	0.000000E+0	1.964247E-4	2.976042E-9	0.000000E+0	0.000000E+0	1.999959E+1	0.000000E+0	4.000000E+0
24-Apr-25	20:36:19	1.000000E-5	4.027515E+0	-8.000000E-5	3.620000E-5	1.765000E-5	2.720000E-3	2.000000E-5	0.000000E+0	0.000000E+0	1.964247E-4	2.976042E-9	0.000000E+0	0.000000E+0	1.999959E+1	0.000000E+0	4.000000E+0
24-Apr-25	20:36:20	1.000000E-5	4.032925E+0	-8.000000E-5	3.620000E-5	1.765000E-5	2.720000E-3	2.000000E-5	0.000000E+0	0.000000E+0	1.964247E-4	2.976042E-9	0.000000E+0	0.000000E+0	1.999959E+1	0.000000E+0	4.000000E+0
24-Apr-25	20:36:20	1.000000E-5	4.038330E+0	-8.000000E-5	3.625000E-5	1.760000E-5	2.720000E-3	2.000000E-5	0.000000E+0	0.000000E+0	1.964247E-4	2.976042E-9	0.000000E+0	0.000000E+0	1.999959E+1	0.000000E+0	4.000000E+0
24-Apr-25	20:36:21	1.000000E-5	4.043215E+0	-8.000000E-5	3.625000E-5	1.760000E-5	2.720000E-3	2.000000E-5	0.000000E+0	0.000000E+0	1.964247E-4	2.976042E-9	0.000000E+0	0.000000E+0	1.999959E+1	0.000000E+0	4.000000E+0
24-Apr-25	20:36:21	1.000000E-5	4.048585E+0	-8.000000E-5	3.625000E-5	1.760000E-5	2.720000E-3	2.000000E-5	0.000000E+0	0.000000E+0	1.964247E-4	2.976042E-9	0.000000E+0	0.000000E+0	1.999959E+1	0.000000E+0	4.000000E+0
24-Apr-25	20:36:21	1.000000E-5	4.053120E+0	-8.000000E-5	3.620000E-5	1.760000E-5	2.720000E-3	2.000000E-5	0.000000E+0	0.000000E+0	1.964247E-4	2.976042E-9	0.000000E+0	0.000000E+0	1.999959E+1	0.000000E+0	4.000000E+0
24-Apr-25	20:36:22	1.000000E-5	4.057965E+0	-8.000000E-5	3.620000E-5	1.765000E-5	2.720000E-3	2.000000E-5	0.000000E+0	0.000000E+0	1.964247E-4	2.976042E-9	0.000000E+0	0.000000E+0	1.999959E+1	0.000000E+0	4.000000E+0
24-Apr-25	20:36:23	1.000000E-5	4.064265E+0	-8.000000E-5	3.615000E-5	1.760000E-5	2.720000E-3	2.000000E-5	0.000000E+0	0.000000E+0	1.964247E-4	2.976042E-9	0.000000E+0	0.000000E+0	1.999959E+1	0.000000E+0	4.000000E+0
24-Apr-25	20:36:23	1.000000E-5	4.070530E+0	-8.000000E-5	3.620000E-5	1.760000E-5	2.720000E-3	2.000000E-5	0.000000E+0	0.000000E+0	1.964247E-4	2.976042E-9	0.000000E+0	0.000000E+0	1.999959E+1	0.000000E+0	4.000000E+0
24-Apr-25	20:36:24	1.000000E-5	4.075320E+0	-8.000000E-5	3.630000E-5	1.755000E-5	2.720000E-3	2.000000E-5	0.000000E+0	0.000000E+0	1.964247E-4	2.976042E-9	0.000000E+0	0.000000E+0	1.999959E+1	0.000000E+0	4.000000E+0
24-Apr-25	20:36:24	1.000000E-5	4.080110E+0	-8.000000E-5	3.625000E-5	1.755000E-5	2.720000E-3	2.000000E-5	0.000000E+0	0.000000E+0	1.964247E-4	2.976042E-9	0.000000E+0	0.000000E+0	1.999959E+1	0.000000E+0	4.000000E+0
24-Apr-25	20:36:25	1.000000E-5	4.085430E+0	-8.000000E-5	3.625000E-5	1.760000E-5	2.720000E-3	2.000000E-5	0.000000E+0	0.000000E+0	1.964247E-4	2.976042E-9	0.000000E+0	0.000000E+0	1.999959E+1	0.000000E+0	4.000000E+0
24-Apr-25	20:36:25	1.000000E-5	4.090760E+0	-8.000000E-5	3.630000E-5	1.755000E-5	2.720000E-3	2.000000E-5	0.000000E+0	0.000000E+0	1.964247E-4	2.976042E-9	0.000000E+0	0.000000E+0	1.999959E+1	0.000000E+0	4.000000E+0
24-Apr-25	20:36:26	1.000000E-5	4.095505E+0	-8.000000E-5	3.630000E-5	1.760000E-5	2.720000E-3	2.000000E-5	0.000000E+0	0.000000E+0	1.964247E-4	2.976042E-9	0.000000E+0	0.000000E+0	1.999959E+1	0.000000E+0	4.000000E+0
24-Apr-25	20:36:27	1.000000E-5	4.101180E+0	-8.000000E-5	3.630000E-5	1.760000E-5	2.720000E-3	2.000000E-5	0.000000E+0	0.000000E+0	1.964247E-4	2.976042E-9	0.000000E+0	0.000000E+0	1.999959E+1	0.000000E+0	4.000000E+0
24-Apr-25	20:36:27	1.000000E-5	4.105905E+0	-8.000000E-5	3.630000E-5	1.760000E-5	2.720000E-3	2.000000E-5	0.000000E+0	0.000000E+0	1.964247E-4	2.976042E-9	0.000000E+0	0.000000E+0	1.999959E+1	0.000000E+0	4.000000E+0
24-Apr-25	20:36:27	1.000000E-5	4.110120E+0	-8.000000E-5	3.630000E-5	1.760000E-5	2.720000E-3	2.000000E-5	0.000000E+0	0.000000E+0	1.964247E-4	2.976042E-9	0.000000E+0	0.000000E+0	1.999959E+1	0.000000E+0	4.000000E+0
24-Apr-25	20:36:28	1.000000E-5	4.114795E+0	-8.000000E-5	3.630000E-5	1.760000E-5	2.720000E-3	2.000000E-5	0.000000E+0	0.000000E+0	1.964247E-4	2.976042E-9	0.000000E+0	0.000000E+0	1.999959E+1	0.000000E+0	4.000000E+0
24-Apr-25	20:36:28	1.000000E-5	4.119475E+0	-8.000000E-5	3.635000E-5	1.760000E-5	2.720000E-3	2.000000E-5	0.000000E+0	0.000000E+0	1.964247E-4	2.976042E-9	0.000000E+0	0.000000E+0	1.999959E+1	0.000000E+0	4.000000E+0
24-Apr-25	20:36:29	1.000000E-5	4.123750E+0	-8.000000E-5	3.635000E-5	1.765000E-5	2.720000E-3	2.000000E-5	0.000000E+0	0.000000E+0	1.964247E-4	2.976042E-9	0.000000E+0	0.000000E+0	1.999959E+1	0.000000E+0	4.000000E+0
24-Apr-25	20:36:29	1.000000E-5	4.128325E+0	-8.000000E-5	3.635000E-5	1.760000E-5	2.720000E-3	2.000000E-5	0.000000E+0	0.000000E+0	1.964247E-4	2.976042E-9	0.000000E+0	0.000000E+0	1.999959E+1	0.000000E+0	4.000000E+0
24-Apr-25	20:36:30	1.000000E-5	4.133025E+0	-8.000000E-5	3.630000E-5	1.760000E-5	2.720000E-3	2.000000E-5	0.000000E+0	0.000000E+0	1.964247E-4	2.976042E-9	0.000000E+0	0.000000E+0	1.999959E+1	0.000000E+0	4.000000E+0
24-Apr-25	20:36:31	1.000000E-5	4.140030E+0	-8.000000E-5	3.640000E-5	1.760000E-5	2.720000E-3	2.000000E-5	0.000000E+0	0.000000E+0	1.964247E-4	2.976042E-9	0.000000E+0	0.000000E+0	1.999959E+1	0.000000E+0	4.000000E+0
24-Apr-25	20:36:31	1.000000E-5	4.145540E+0	-8.000000E-5	3.635000E-5	1.760000E-5	2.720000E-3	2.000000E-5	0.000000E+0	0.000000E+0	1.964247E-4	2.976042E-9	0.000000E+0	0.000000E+0	1.999959E+1	0.000000E+0	4.000000E+0
24-Apr-25	20:36:32	1.000000E-5	4.150120E+0	-8.000000E-5	3.635000E-5	1.760000E-5	2.720000E-3	2.000000E-5	0.000000E+0	0.000000E+0	1.964247E-4	2.976042E-9	0.000000E+0	0.000000E+0	1.999959E+1	0.000000E+0	4.000000E+0
24-Apr-25	20:36:32	1.000000E-5	4.154680E+0	-8.000000E-5	3.635000E-5	1.760000E-5	2.720000E-3	2.000000E-5	0.000000E+0	0.000000E+0	1.964247E-4	2.976042E-9	0.000000E+0	0.000000E+0	1.999959E+1	0.000000E+0	4.000000E+0
24-Apr-25	20:36:33	1.000000E-5	4.161055E+0	-8.000000E-5	3.640000E-5	1.755000E-5	2.720000E-3	2.000000E-5	0.000000E+0	0.000000E+0	1.964247E-4	2.976042E-9	0.000000E+0	0.000000E+0	1.999959E+1	0.000000E+0	4.000000E+0
24-Apr-25	20:36:34	1.000000E-5	4.166050E+0	-8.000000E-5	3.635000E-5	1.760000E-5	2.720000E-3	2.000000E-5	0.000000E+0	0.000000E+0	1.964247E-4	2.976042E-9	0.000000E+0	0.000000E+0	1.999959E+1	0.000000E+0	4.000000E+0
24-Apr-25	20:36:34	1.000000E-5	4.171175E+0	-8.000000E-5	3.635000E-5	1.760000E-5	2.720000E-3	2.000000E-5	0.000000E+0	0.000000E+0	1.964247E-4	2.976042E-9	0.000000E+0	0.000000E+0	1.999959E+1	0.000000E+0	4.000000E+0
24-Apr-25	20:36:35	1.000000E-5	4.175235E+0	-8.000000E-5	3.635000E-5	1.765000E-5	2.720000E-3	2.000000E-5	0.000000E+0	0.000000E+0	1.964247E-4	2.976042E-9	0.000000E+0	0.000000E+0	1.999959E+1	0.000000E+0	4.000000E+0
24-Apr-25	20:36:35	1.000000E-5	4.179270E+0	-8.000000E-5	3.640000E-5	1.760000E-5	2.720000E-3	2.000000E-5	0.000000E+0	0.000000E+0	1.964247E-4	2.976042E-9	0.000000E+0	0.000000E+0	1.999959E+1	0.000000E+0	4.000000E+0
24-Apr-25	20:36:35	1.000000E-5	4.183760E+0	-8.000000E-5	3.645000E-5	1.760000E-5	2.720000E-3	2.000000E-5	0.000000E+0	0.000000E+0	1.964247E-4	2.976042E-9	0.000000E+0	0.000000E+0	1.999959E+1	0.000000E+0	4.000000E+0
24-Apr-25	20:36:36	1.000000E-5	4.187785E+0	-8.000000E-5	3.645000E-5	1.760000E-5	2.720000E-3	2.000000E-5	0.000000E+0	0.000000E+0	1.964247E-4	2.976042E-9	0.000000E+0	0.000000E+0	1.999959E+1	0.000000E+0	4.000000E+0
24-Apr-25	20:36:36	1.000000E-5	4.192240E+0	-8.000000E-5	3.640000E-5	1.760000E-5	2.720000E-3	2.000000E-5	0.000000E+0	0.000000E+0	1.964247E-4	2.976042E-9	0.000000E+0	0.000000E+0	1.999959E+1	0.000000E+0	4.000000E+0
24-Apr-25	20:36:37	1.000000E-5	4.196705E+0	-8.000000E-5	3.640000E-5	1.760000E-5	2.720000E-3	2.000000E-5	0.000000E+0	0.000000E+0	1.964247E-4	2.976042E-9	0.000000E+0	0.000000E+0	1.999959E+1	0.000000E+0	4.000000E+0
24-Apr-25	20:36:37	1.000000E-5	4.201135E+0	-8.000000E-5	3.635000E-5	1.755000E-5	2.720000E-3	2.000000E-5	0.000000E+0	0.000000E+0	1.964247E-4	2.976042E-9	0.000000E+0	0.000000E+0	1.999959E+1	0.000000E+0	4.000000E+0
24-Apr-25	20:36:38	1.000000E-5	4.205110E+0	-8.000000E-5	3.640000E-5	1.760000E-5	2.720000E-3	2.000000E-5	0.000000E+0	0.000000E+0	1.964247E-4	2.976042E-9	0.000000E+0	0.000000E+0	1.999959E+1	0.000000E+0	4.000000E+0
24-Apr-25	20:36:39	1.000000E-5	4.209515E+0	-8.000000E-5	3.645000E-5	1.760000E-5	2.720000E-3	2.000000E-5	0.000000E+0	0.000000E+0	1.964247E-4	2.976042E-9	0.000000E+0	0.000000E+0	1.999959E+1	0.000000E+0	4.000000E+0
24-Apr-25	20:36:39	1.000000E-5	4.214340E+0	-8.000000E-5	3.645000E-5	1.760000E-5	2.720000E-3	2.000000E-5	0.000000E+0	0.000000E+0	1.964247E-4	2.976042E-9	0.000000E+0	0.000000E+0	1.999959E+1	0.000000E+0	4.000000E+0
24-Apr-25	20:36:39	1.000000E-5	4.218720E+0	-8.000000E-5	3.645000E-5	1.755000E-5	2.720000E-3	2.000000E-5	0.000000E+0	0.000000E+0	1.964247E-4	2.976042E-9	0.000000E+0	0.000000E+0	1.999959E+1	0.000000E+0	4.000000E+0
24-Apr-25	20:36:40	1.000000E-5	4.223090E+0	-8.000000E-5	3.640000E-5	1.755000E-5	2.720000E-3	2.000000E-5	0.000000E+0	0.000000E+0	1.964247E-4	2.976042E-9	0.000000E+0	0.000000E+0	1.999959E+1	0.000000E+0	4.000000E+0
24-Apr-25	20:36:40	1.000000E-5	4.227460E+0	-8.000000E-5	3.650000E-5	1.760000E-5	2.720000E-3	2.000000E-5	0.000000E+0	0.000000E+0	1.964247E-4	2.976042E-9	0.000000E+0	0.000000E+0	1.999959E+1	0.000000E+0	4.000000E+0
24-Apr-25	20:36:41	1.000000E-5	4.231420E+0	-8.000000E-5	3.650000E-5	1.760000E-5	2.720000E-3	2.000000E-5	0.000000E+0	0.000000E+0	1.964247E-4	2.976042E-9	0.000000E+0	0.000000E+0	1.999959E+1	0.000000E+0	4.000000E+0
24-Apr-25	20:36:41	1.000000E-5	4.235685E+0	-8.000000E-5	3.650000E-5	1.760000E-5	2.720000E-3	2.000000E-5	0.000000E+0	0.000000E+0	1.964247E-4	2.976042E-9	0.000000E+0	0.000000E+0	1.999959E+1	0.000000E+0	4.000000E+0
24-Apr-25	20:36:42	1.000000E-5	4.239995E+0	-8.000000E-5	3.650000E-5	1.755000E-5	2.720000E-3	2.000000E-5	0.000000E+0	0.000000E+0	1.964247E-4	2.976042E-9	0.000000E+0	0.000000E+0	1.999959E+1	0.000000E+0	4.000000E+0
24-Apr-25	20:36:42	1.000000E-5	4.243860E+0	-8.000000E-5	3.650000E-5	1.755000E-5	2.720000E-3	2.000000E-5	0.000000E+0	0.000000E+0	1.964247E-4	2.976042E-9	0.000000E+0	0.000000E+0	1.999959E+1	0.000000E+0	4.000000E+0
24-Apr-25	20:36:43	1.000000E-5	4.247730E+0	-8.000000E-5	3.650000E-5	1.760000E-5	2.720000E-3	2.000000E-5	0.000000E+0	0.000000E+0	1.964247E-4	2.976042E-9	0.000000E+0	0.000000E+0	1.999959E+1	0.000000E+0	4.000000E+0
24-Apr-25	20:36:43	1.000000E-5	4.252095E+0	-8.000000E-5	3.650000E-5	1.760000E-5	2.720000E-3	2.000000E-5	0.000000E+0	0.000000E+0	1.964247E-4	2.976042E-9	0.000000E+0	0.000000E+0	1.999959E+1	0.000000E+0	4.000000E+0
24-Apr-25	20:36:44	1.000000E-5	4.256295E+0	-8.000000E-5	3.645000E-5	1.760000E-5	2.720000E-3	2.000000E-5	0.000000E+0	0.000000E+0	1.964247E-4	2.976042E-9	0.000000E+0	0.000000E+0	1.999959E+1	0.000000E+0	4.000000E+0
24-Apr-25	20:36:44	1.000000E-5	4.260550E+0	-8.000000E-5	3.640000E-5	1.760000E-5	2.720000E-3	2.000000E-5	0.000000E+0	0.000000E+0	1.964247E-4	2.976042E-9	0.000000E+0	0.000000E+0	1.999959E+1	0.000000E+0	4.000000E+0
24-Apr-25	20:36:45	1.000000E-5	4.265350E+0	-8.000000E-5	3.645000E-5	1.760000E-5	2.720000E-3	2.000000E-5	0.000000E+0	0.000000E+0	1.964247E-4	2.976042E-9	0.000000E+0	0.000000E+0	1.999959E+1	0.000000E+0	4.000000E+0
24-Apr-25	20:36:45	1.000000E-5	4.269580E+0	-8.000000E-5	3.650000E-5	1.760000E-5	2.720000E-3	2.000000E-5	0.000000E+0	0.000000E+0	1.964247E-4	2.976042E-9	0.000000E+0	0.000000E+0	1.999959E+1	0.000000E+0	4.000000E+0
24-Apr-25	20:36:46	1.000000E-5	4.274210E+0	-8.000000E-5	3.645000E-5	1.760000E-5	2.720000E-3	2.000000E-5	0.000000E+0	0.000000E+0	1.964247E-4	2.976042E-9	0.000000E+0	0.000000E+0	1.999959E+1	0.000000E+0	4.000000E+0
24-Apr-25	20:36:47	1.000000E-5	4.279665E+0	-8.000000E-5	3.650000E-5	1.760000E-5	2.720000E-3	2.000000E-5	0.000000E+0	0.000000E+0	1.964247E-4	2.976042E-9	0.000000E+0	0.000000E+0	1.999959E+1	0.000000E+0	4.000000E+0
24-Apr-25	20:36:47	1.000000E-5	4.283850E+0	-8.000000E-5	3.650000E-5	1.760000E-5	2.720000E-3	2.000000E-5	0.000000E+0	0.000000E+0	1.964247E-4	2.976042E-9	0.000000E+0	0.000000E+0	1.999959E+1	0.000000E+0	4.000000E+0
24-Apr-25	20:36:48	1.000000E-5	4.287610E+0	-8.000000E-5	3.650000E-5	1.755000E-5	2.720000E-3	2.000000E-5	0.000000E+0	0.000000E+0	1.964247E-4	2.976042E-9	0.000000E+0	0.000000E+0	1.999959E+1	0.000000E+0	4.000000E+0
24-Apr-25	20:36:48	1.000000E-5	4.291785E+0	-8.000000E-5	3.650000E-5	1.760000E-5	2.720000E-3	2.000000E-5	0.000000E+0	0.000000E+0	1.964247E-4	2.976042E-9	0.000000E+0	0.000000E+0	1.999959E+1	0.000000E+0	4.000000E+0
24-Apr-25	20:36:49	1.000000E-5	4.296360E+0	-8.000000E-5	3.650000E-5	1.760000E-5	2.720000E-3	2.000000E-5	0.000000E+0	0.000000E+0	1.964247E-4	2.976042E-9	0.000000E+0	0.000000E+0	1.999959E+1	0.000000E+0	4.000000E+0
24-Apr-25	20:36:49	1.000000E-5	4.300500E+0	-8.000000E-5	3.645000E-5	1.755000E-5	2.720000E-3	2.000000E-5	0.000000E+0	0.000000E+0	1.964247E-4	2.976042E-9	0.000000E+0	0.000000E+0	1.999959E+1	0.000000E+0	4.000000E+0
24-Apr-25	20:36:50	1.000000E-5	4.304200E+0	-8.000000E-5	3.650000E-5	1.755000E-5	2.720000E-3	2.000000E-5	0.000000E+0	0.000000E+0	1.964247E-4	2.976042E-9	0.000000E+0	0.000000E+0	1.999959E+1	0.000000E+0	4.000000E+0
24-Apr-25	20:36:50	1.000000E-5	4.308320E+0	-8.000000E-5	3.650000E-5	1.755000E-5	2.720000E-3	2.000000E-5	0.000000E+0	0.000000E+0	1.964247E-4	2.976042E-9	0.000000E+0	0.000000E+0	1.999959E+1	0.000000E+0	4.000000E+0
24-Apr-25	20:36:51	1.000000E-5	4.313785E+0	-8.000000E-5	3.650000E-5	1.755000E-5	2.720000E-3	2.000000E-5	0.000000E+0	0.000000E+0	1.964247E-4	2.976042E-9	0.000000E+0	0.000000E+0	1.999959E+1	0.000000E+0	4.000000E+0
24-Apr-25	20:36:51	1.000000E-5	4.317470E+0	-8.000000E-5	3.655000E-5	1.760000E-5	2.720000E-3	2.000000E-5	0.000000E+0	0.000000E+0	1.964247E-4	2.976042E-9	0.000000E+0	0.000000E+0	1.999959E+1	0.000000E+0	4.000000E+0
24-Apr-25	20:36:52	1.000000E-5	4.321545E+0	-8.000000E-5	3.655000E-5	1.760000E-5	2.720000E-3	2.000000E-5	0.000000E+0	0.000000E+0	1.964247E-4	2.976042E-9	0.000000E+0	0.000000E+0	1.999959E+1	0.000000E+0	4.000000E+0
24-Apr-25	20:36:52	1.000000E-5	4.325605E+0	-8.000000E-5	3.650000E-5	1.760000E-5	2.720000E-3	2.000000E-5	0.000000E+0	0.000000E+0	1.964247E-4	2.976042E-9	0.000000E+0	0.000000E+0	1.999959E+1	0.000000E+0	4.000000E+0
24-Apr-25	20:36:53	1.000000E-5	4.329670E+0	-8.000000E-5	3.655000E-5	1.755000E-5	2.720000E-3	2.000000E-5	0.000000E+0	0.000000E+0	1.964247E-4	2.976042E-9	0.000000E+0	0.000000E+0	1.999959E+1	0.000000E+0	4.000000E+0
24-Apr-25	20:36:53	1.000000E-5	4.333730E+0	-8.000000E-5	3.655000E-5	1.760000E-5	2.720000E-3	2.000000E-5	0.000000E+0	0.000000E+0	1.964247E-4	2.976042E-9	0.000000E+0	0.000000E+0	1.999959E+1	0.000000E+0	4.000000E+0
24-Apr-25	20:36:54	1.000000E-5	4.337355E+0	-8.000000E-5	3.655000E-5	1.760000E-5	2.720000E-3	2.000000E-5	0.000000E+0	0.000000E+0	1.964247E-4	2.976042E-9	0.000000E+0	0.000000E+0	1.999959E+1	0.000000E+0	4.000000E+0
24-Apr-25	20:36:54	1.000000E-5	4.341360E+0	-8.000000E-5	3.655000E-5	1.755000E-5	2.720000E-3	2.000000E-5	0.000000E+0	0.000000E+0	1.964247E-4	2.976042E-9	0.000000E+0	0.000000E+0	1.999959E+1	0.000000E+0	4.000000E+0
24-Apr-25	20:36:55	1.000000E-5	4.346165E+0	-8.000000E-5	3.655000E-5	1.760000E-5	2.720000E-3	2.000000E-5	0.000000E+0	0.000000E+0	1.964247E-4	2.976042E-9	0.000000E+0	0.000000E+0	1.999959E+1	0.000000E+0	4.000000E+0
24-Apr-25	20:36:55	1.000000E-5	4.349750E+0	-8.000000E-5	3.655000E-5	1.760000E-5	2.720000E-3	2.000000E-5	0.000000E+0	0.000000E+0	1.964247E-4	2.976042E-9	0.000000E+0	0.000000E+0	1.999959E+1	0.000000E+0	4.000000E+0
24-Apr-25	20:36:56	1.000000E-5	4.353725E+0	-8.000000E-5	3.655000E-5	1.760000E-5	2.720000E-3	2.000000E-5	0.000000E+0	0.000000E+0	1.964247E-4	2.976042E-9	0.000000E+0	0.000000E+0	1.999959E+1	0.000000E+0	4.000000E+0
24-Apr-25	20:36:56	1.000000E-5	4.357290E+0	-8.000000E-5	3.655000E-5	1.765000E-5	2.720000E-3	2.000000E-5	0.000000E+0	0.000000E+0	1.964247E-4	2.976042E-9	0.000000E+0	0.000000E+0	1.999959E+1	0.000000E+0	4.000000E+0
24-Apr-25	20:36:57	1.000000E-5	4.360980E+0	-8.000000E-5	3.660000E-5	1.765000E-5	2.720000E-3	2.000000E-5	0.000000E+0	0.000000E+0	1.964247E-4	2.976042E-9	0.000000E+0	0.000000E+0	1.999959E+1	0.000000E+0	4.000000E+0
24-Apr-25	20:36:57	1.000000E-5	4.361910E+0	-8.000000E-5	3.660000E-5	1.760000E-5	2.720000E-3	2.000000E-5	0.000000E+0	0.000000E+0	1.964247E-4	2.976042E-9	0.000000E+0	0.000000E+0	1.999959E+1	0.000000E+0	4.000000E+0
24-Apr-25	20:36:58	1.000000E-5	4.368865E+0	-8.000000E-5	3.660000E-5	1.760000E-5	2.720000E-3	2.000000E-5	0.000000E+0	0.000000E+0	1.964247E-4	2.976042E-9	0.000000E+0	0.000000E+0	1.999959E+1	0.000000E+0	4.000000E+0
24-Apr-25	20:36:58	1.000000E-5	4.372395E+0	-8.000000E-5	3.655000E-5	1.760000E-5	2.720000E-3	2.000000E-5	0.000000E+0	0.000000E+0	1.964247E-4	2.976042E-9	0.000000E+0	0.000000E+0	1.999959E+1	0.000000E+0	4.000000E+0
24-Apr-25	20:36:59	1.000000E-5	4.376710E+0	-8.000000E-5	3.655000E-5	1.760000E-5	2.720000E-3	2.000000E-5	0.000000E+0	0.000000E+0	1.964247E-4	2.976042E-9	0.000000E+0	0.000000E+0	1.999959E+1	0.000000E+0	4.000000E+0
24-Apr-25	20:36:59	1.000000E-5	4.381015E+0	-8.000000E-5	3.655000E-5	1.760000E-5	2.720000E-3	2.000000E-5	0.000000E+0	0.000000E+0	1.964247E-4	2.976042E-9	0.000000E+0	0.000000E+0	1.999959E+1	0.000000E+0	4.000000E+0
24-Apr-25	20:37:00	1.000000E-5	4.385745E+0	-8.000000E-5	3.660000E-5	1.765000E-5	2.720000E-3	2.000000E-5	0.000000E+0	0.000000E+0	1.964247E-4	2.976042E-9	0.000000E+0	0.000000E+0	1.999959E+1	0.000000E+0	4.000000E+0
24-Apr-25	20:37:00	1.000000E-5	4.387505E+0	-8.000000E-5	3.660000E-5	1.760000E-5	2.720000E-3	2.000000E-5	0.000000E+0	0.000000E+0	1.964247E-4	2.976042E-9	0.000000E+0	0.000000E+0	1.999959E+1	0.000000E+0	4.000000E+0
24-Apr-25	20:37:01	1.000000E-5	4.393940E+0	-8.000000E-5	3.660000E-5	1.760000E-5	2.720000E-3	2.000000E-5	0.000000E+0	0.000000E+0	1.964247E-4	2.976042E-9	0.000000E+0	0.000000E+0	1.999959E+1	0.000000E+0	4.000000E+0
24-Apr-25	20:37:01	1.000000E-5	4.398170E+0	-8.000000E-5	3.660000E-5	1.760000E-5	2.720000E-3	2.000000E-5	0.000000E+0	0.000000E+0	1.964247E-4	2.976042E-9	0.000000E+0	0.000000E+0	1.999959E+1	0.000000E+0	4.000000E+0
24-Apr-25	20:37:02	1.000000E-5	4.402005E+0	-8.000000E-5	3.665000E-5	1.760000E-5	2.720000E-3	2.000000E-5	0.000000E+0	0.000000E+0	1.964247E-4	2.976042E-9	0.000000E+0	0.000000E+0	1.999959E+1	0.000000E+0	4.000000E+0
24-Apr-25	20:37:02	1.000000E-5	4.405445E+0	-8.000000E-5	3.660000E-5	1.760000E-5	2.720000E-3	2.000000E-5	0.000000E+0	0.000000E+0	1.964247E-4	2.976042E-9	0.000000E+0	0.000000E+0	1.999959E+1	0.000000E+0	4.000000E+0
24-Apr-25	20:37:03	1.000000E-5	4.409275E+0	-8.000000E-5	3.660000E-5	1.755000E-5	2.720000E-3	2.000000E-5	0.000000E+0	0.000000E+0	1.964247E-4	2.976042E-9	0.000000E+0	0.000000E+0	1.999959E+1	0.000000E+0	4.000000E+0
24-Apr-25	20:37:03	1.000000E-5	4.413145E+0	-8.000000E-5	3.660000E-5	1.755000E-5	2.720000E-3	2.000000E-5	0.000000E+0	0.000000E+0	1.964247E-4	2.976042E-9	0.000000E+0	0.000000E+0	1.999959E+1	0.000000E+0	4.000000E+0
24-Apr-25	20:37:04	1.000000E-5	4.417005E+0	-8.000000E-5	3.665000E-5	1.760000E-5	2.720000E-3	2.000000E-5	0.000000E+0	0.000000E+0	1.964247E-4	2.976042E-9	0.000000E+0	0.000000E+0	1.999959E+1	0.000000E+0	4.000000E+0
24-Apr-25	20:37:04	1.000000E-5	4.420405E+0	-8.000000E-5	3.665000E-5	1.760000E-5	2.720000E-3	2.000000E-5	0.000000E+0	0.000000E+0	1.964247E-4	2.976042E-9	0.000000E+0	0.000000E+0	1.999959E+1	0.000000E+0	4.000000E+0
24-Apr-25	20:37:05	1.000000E-5	4.423810E+0	-8.000000E-5	3.660000E-5	1.760000E-5	2.720000E-3	2.000000E-5	0.000000E+0	0.000000E+0	1.964247E-4	2.976042E-9	0.000000E+0	0.000000E+0	1.999959E+1	0.000000E+0	4.000000E+0
24-Apr-25	20:37:05	1.000000E-5	4.427570E+0	-8.000000E-5	3.660000E-5	1.760000E-5	2.720000E-3	2.000000E-5	0.000000E+0	0.000000E+0	1.964247E-4	2.976042E-9	0.000000E+0	0.000000E+0	1.999959E+1	0.000000E+0	4.000000E+0
24-Apr-25	20:37:06	1.000000E-5	4.430940E+0	-8.000000E-5	3.660000E-5	1.760000E-5	2.720000E-3	2.000000E-5	0.000000E+0	0.000000E+0	1.964247E-4	2.976042E-9	0.000000E+0	0.000000E+0	1.999959E+1	0.000000E+0	4.000000E+0
24-Apr-25	20:37:06	1.000000E-5	4.435055E+0	-8.000000E-5	3.665000E-5	1.755000E-5	2.720000E-3	2.000000E-5	0.000000E+0	0.000000E+0	1.964247E-4	2.976042E-9	0.000000E+0	0.000000E+0	1.999959E+1	0.000000E+0	4.000000E+0
24-Apr-25	20:37:07	1.000000E-5	4.438415E+0	-8.000000E-5	3.660000E-5	1.755000E-5	2.720000E-3	2.000000E-5	0.000000E+0	0.000000E+0	1.964247E-4	2.976042E-9	0.000000E+0	0.000000E+0	1.999959E+1	0.000000E+0	4.000000E+0
24-Apr-25	20:37:07	1.000000E-5	4.442510E+0	-8.000000E-5	3.660000E-5	1.755000E-5	2.720000E-3	2.000000E-5	0.000000E+0	0.000000E+0	1.964247E-4	2.976042E-9	0.000000E+0	0.000000E+0	1.999959E+1	0.000000E+0	4.000000E+0
24-Apr-25	20:37:08	1.000000E-5	4.446645E+0	-8.000000E-5	3.660000E-5	1.760000E-5	2.720000E-3	2.000000E-5	0.000000E+0	0.000000E+0	1.964247E-4	2.976042E-9	0.000000E+0	0.000000E+0	1.999959E+1	0.000000E+0	4.000000E+0
24-Apr-25	20:37:08	1.000000E-5	4.450410E+0	-8.000000E-5	3.660000E-5	1.755000E-5	2.720000E-3	2.000000E-5	0.000000E+0	0.000000E+0	1.964247E-4	2.976042E-9	0.000000E+0	0.000000E+0	1.999959E+1	0.000000E+0	4.000000E+0
24-Apr-25	20:37:09	1.000000E-5	4.453720E+0	-8.000000E-5	3.660000E-5	1.760000E-5	2.720000E-3	2.000000E-5	0.000000E+0	0.000000E+0	1.964247E-4	2.976042E-9	0.000000E+0	0.000000E+0	1.999959E+1	0.000000E+0	4.000000E+0
24-Apr-25	20:37:09	1.000000E-5	4.457400E+0	-8.000000E-5	3.665000E-5	1.760000E-5	2.720000E-3	2.000000E-5	0.000000E+0	0.000000E+0	1.964247E-4	2.976042E-9	0.000000E+0	0.000000E+0	1.999959E+1	0.000000E+0	4.000000E+0
24-Apr-25	20:37:10	1.000000E-5	4.460695E+0	-8.000000E-5	3.665000E-5	1.760000E-5	2.720000E-3	2.000000E-5	0.000000E+0	0.000000E+0	1.964247E-4	2.976042E-9	0.000000E+0	0.000000E+0	1.999959E+1	0.000000E+0	4.000000E+0
24-Apr-25	20:37:10	1.000000E-5	4.465080E+0	-8.000000E-5	3.660000E-5	1.760000E-5	2.720000E-3	2.000000E-5	0.000000E+0	0.000000E+0	1.964247E-4	2.976042E-9	0.000000E+0	0.000000E+0	1.999959E+1	0.000000E+0	4.000000E+0
24-Apr-25	20:37:11	1.000000E-5	4.468370E+0	-8.000000E-5	3.660000E-5	1.755000E-5	2.720000E-3	2.000000E-5	0.000000E+0	0.000000E+0	1.964247E-4	2.976042E-9	0.000000E+0	0.000000E+0	1.999959E+1	0.000000E+0	4.000000E+0
24-Apr-25	20:37:11	1.000000E-5	4.468905E+0	-8.000000E-5	3.660000E-5	1.755000E-5	2.720000E-3	2.000000E-5	0.000000E+0	0.000000E+0	1.964247E-4	2.976042E-9	0.000000E+0	0.000000E+0	1.999959E+1	0.000000E+0	4.000000E+0
24-Apr-25	20:37:12	1.000000E-5	4.474885E+0	-8.000000E-5	3.665000E-5	1.760000E-5	2.720000E-3	2.000000E-5	0.000000E+0	0.000000E+0	1.964247E-4	2.976042E-9	0.000000E+0	0.000000E+0	1.999959E+1	0.000000E+0	4.000000E+0
24-Apr-25	20:37:12	1.000000E-5	4.478915E+0	-8.000000E-5	3.665000E-5	1.760000E-5	2.720000E-3	2.000000E-5	0.000000E+0	0.000000E+0	1.964247E-4	2.976042E-9	0.000000E+0	0.000000E+0	1.999959E+1	0.000000E+0	4.000000E+0
24-Apr-25	20:37:13	1.000000E-5	4.482220E+0	-8.000000E-5	3.665000E-5	1.755000E-5	2.720000E-3	2.000000E-5	0.000000E+0	0.000000E+0	1.964247E-4	2.976042E-9	0.000000E+0	0.000000E+0	1.999959E+1	0.000000E+0	4.000000E+0
24-Apr-25	20:37:13	1.000000E-5	4.483440E+0	-8.000000E-5	3.665000E-5	1.750000E-5	2.720000E-3	2.000000E-5	0.000000E+0	0.000000E+0	1.964247E-4	2.976042E-9	0.000000E+0	0.000000E+0	1.999959E+1	0.000000E+0	4.000000E+0
24-Apr-25	20:37:14	1.000000E-5	4.489395E+0	-8.000000E-5	3.665000E-5	1.755000E-5	2.720000E-3	2.000000E-5	0.000000E+0	0.000000E+0	1.964247E-4	2.976042E-9	0.000000E+0	0.000000E+0	1.999959E+1	0.000000E+0	4.000000E+0
24-Apr-25	20:37:14	1.000000E-5	4.492615E+0	-8.000000E-5	3.665000E-5	1.755000E-5	2.720000E-3	2.000000E-5	0.000000E+0	0.000000E+0	1.964247E-4	2.976042E-9	0.000000E+0	0.000000E+0	1.999959E+1	0.000000E+0	4.000000E+0
24-Apr-25	20:37:15	1.000000E-5	4.495825E+0	-8.000000E-5	3.665000E-5	1.755000E-5	2.720000E-3	2.000000E-5	0.000000E+0	0.000000E+0	1.964247E-4	2.976042E-9	0.000000E+0	0.000000E+0	1.999959E+1	0.000000E+0	4.000000E+0
24-Apr-25	20:37:15	1.000000E-5	4.499060E+0	-8.000000E-5	3.665000E-5	1.760000E-5	2.720000E-3	2.000000E-5	0.000000E+0	0.000000E+0	1.964247E-4	2.976042E-9	0.000000E+0	0.000000E+0	1.999959E+1	0.000000E+0	4.000000E+0
24-Apr-25	20:37:16	1.000000E-5	4.503005E+0	-8.000000E-5	3.660000E-5	1.755000E-5	2.720000E-3	2.000000E-5	0.000000E+0	0.000000E+0	1.964247E-4	2.976042E-9	0.000000E+0	0.000000E+0	1.999959E+1	0.000000E+0	4.000000E+0
24-Apr-25	20:37:16	1.000000E-5	4.503520E+0	-8.000000E-5	3.660000E-5	1.760000E-5	2.720000E-3	2.000000E-5	0.000000E+0	0.000000E+0	1.964247E-4	2.976042E-9	0.000000E+0	0.000000E+0	1.999959E+1	0.000000E+0	4.000000E+0
24-Apr-25	20:37:17	1.000000E-5	4.509345E+0	-8.000000E-5	3.665000E-5	1.755000E-5	2.720000E-3	2.000000E-5	0.000000E+0	0.000000E+0	1.964247E-4	2.976042E-9	0.000000E+0	0.000000E+0	1.999959E+1	0.000000E+0	4.000000E+0
24-Apr-25	20:37:17	1.000000E-5	4.512850E+0	-8.000000E-5	3.670000E-5	1.755000E-5	2.720000E-3	2.000000E-5	0.000000E+0	0.000000E+0	1.964247E-4	2.976042E-9	0.000000E+0	0.000000E+0	1.999959E+1	0.000000E+0	4.000000E+0
24-Apr-25	20:37:18	1.000000E-5	4.515995E+0	-8.000000E-5	3.670000E-5	1.760000E-5	2.720000E-3	2.000000E-5	0.000000E+0	0.000000E+0	1.964247E-4	2.976042E-9	0.000000E+0	0.000000E+0	1.999959E+1	0.000000E+0	4.000000E+0
24-Apr-25	20:37:18	1.000000E-5	4.517220E+0	-8.000000E-5	3.670000E-5	1.760000E-5	2.720000E-3	2.000000E-5	0.000000E+0	0.000000E+0	1.964247E-4	2.976042E-9	0.000000E+0	0.000000E+0	1.999959E+1	0.000000E+0	4.000000E+0
24-Apr-25	20:37:18	1.000000E-5	4.522990E+0	-8.000000E-5	3.665000E-5	1.760000E-5	2.720000E-3	2.000000E-5	0.000000E+0	0.000000E+0	1.964247E-4	2.976042E-9	0.000000E+0	0.000000E+0	1.999959E+1	0.000000E+0	4.000000E+0
24-Apr-25	20:37:19	1.000000E-5	4.526800E+0	-8.000000E-5	3.670000E-5	1.760000E-5	2.720000E-3	2.000000E-5	0.000000E+0	0.000000E+0	1.964247E-4	2.976042E-9	0.000000E+0	0.000000E+0	1.999959E+1	0.000000E+0	4.000000E+0
24-Apr-25	20:37:19	1.000000E-5	4.530260E+0	-8.000000E-5	3.670000E-5	1.760000E-5	2.720000E-3	2.000000E-5	0.000000E+0	0.000000E+0	1.964247E-4	2.976042E-9	0.000000E+0	0.000000E+0	1.999959E+1	0.000000E+0	4.000000E+0
24-Apr-25	20:37:20	1.000000E-5	4.533820E+0	-8.000000E-5	3.660000E-5	1.755000E-5	2.720000E-3	2.000000E-5	0.000000E+0	0.000000E+0	1.964247E-4	2.976042E-9	0.000000E+0	0.000000E+0	1.999959E+1	0.000000E+0	4.000000E+0
24-Apr-25	20:37:21	1.000000E-5	4.536920E+0	-8.000000E-5	3.655000E-5	1.755000E-5	2.720000E-3	2.000000E-5	0.000000E+0	0.000000E+0	1.964247E-4	2.976042E-9	0.000000E+0	0.000000E+0	1.999959E+1	0.000000E+0	4.000000E+0
24-Apr-25	20:37:21	1.000000E-5	4.541025E+0	-8.000000E-5	3.665000E-5	1.755000E-5	2.720000E-3	2.000000E-5	0.000000E+0	0.000000E+0	1.964247E-4	2.976042E-9	0.000000E+0	0.000000E+0	1.999959E+1	0.000000E+0	4.000000E+0
24-Apr-25	20:37:22	1.000000E-5	4.544100E+0	-8.000000E-5	3.670000E-5	1.755000E-5	2.720000E-3	2.000000E-5	0.000000E+0	0.000000E+0	1.964247E-4	2.976042E-9	0.000000E+0	0.000000E+0	1.999959E+1	0.000000E+0	4.000000E+0
24-Apr-25	20:37:22	1.000000E-5	4.547505E+0	-8.000000E-5	3.665000E-5	1.760000E-5	2.720000E-3	2.000000E-5	0.000000E+0	0.000000E+0	1.964247E-4	2.976042E-9	0.000000E+0	0.000000E+0	1.999959E+1	0.000000E+0	4.000000E+0
24-Apr-25	20:37:23	1.000000E-5	4.548360E+0	-8.000000E-5	3.665000E-5	1.760000E-5	2.720000E-3	2.000000E-5	0.000000E+0	0.000000E+0	1.964247E-4	2.976042E-9	0.000000E+0	0.000000E+0	1.999959E+1	0.000000E+0	4.000000E+0
24-Apr-25	20:37:23	1.000000E-5	4.555035E+0	-8.000000E-5	3.665000E-5	1.760000E-5	2.720000E-3	2.000000E-5	0.000000E+0	0.000000E+0	1.964247E-4	2.976042E-9	0.000000E+0	0.000000E+0	1.999959E+1	0.000000E+0	4.000000E+0
24-Apr-25	20:37:24	1.000000E-5	4.558115E+0	-8.000000E-5	3.665000E-5	1.760000E-5	2.720000E-3	2.000000E-5	0.000000E+0	0.000000E+0	1.964247E-4	2.976042E-9	0.000000E+0	0.000000E+0	1.999959E+1	0.000000E+0	4.000000E+0
24-Apr-25	20:37:24	1.000000E-5	4.562150E+0	-8.000000E-5	3.665000E-5	1.765000E-5	2.720000E-3	2.000000E-5	0.000000E+0	0.000000E+0	1.964247E-4	2.976042E-9	0.000000E+0	0.000000E+0	1.999959E+1	0.000000E+0	4.000000E+0
24-Apr-25	20:37:25	1.000000E-5	4.565835E+0	-8.000000E-5	3.665000E-5	1.755000E-5	2.720000E-3	2.000000E-5	0.000000E+0	0.000000E+0	1.964247E-4	2.976042E-9	0.000000E+0	0.000000E+0	1.999959E+1	0.000000E+0	4.000000E+0
24-Apr-25	20:37:25	1.000000E-5	4.568845E+0	-8.000000E-5	3.665000E-5	1.760000E-5	2.720000E-3	2.000000E-5	0.000000E+0	0.000000E+0	1.964247E-4	2.976042E-9	0.000000E+0	0.000000E+0	1.999959E+1	0.000000E+0	4.000000E+0
24-Apr-25	20:37:26	1.000000E-5	4.571850E+0	-8.000000E-5	3.665000E-5	1.765000E-5	2.720000E-3	2.000000E-5	0.000000E+0	0.000000E+0	1.964247E-4	2.976042E-9	0.000000E+0	0.000000E+0	1.999959E+1	0.000000E+0	4.000000E+0
24-Apr-25	20:37:26	1.000000E-5	4.575175E+0	-8.000000E-5	3.665000E-5	1.760000E-5	2.720000E-3	2.000000E-5	0.000000E+0	0.000000E+0	1.964247E-4	2.976042E-9	0.000000E+0	0.000000E+0	1.999959E+1	0.000000E+0	4.000000E+0
24-Apr-25	20:37:27	1.000000E-5	4.578165E+0	-8.000000E-5	3.670000E-5	1.760000E-5	2.720000E-3	2.000000E-5	0.000000E+0	0.000000E+0	1.964247E-4	2.976042E-9	0.000000E+0	0.000000E+0	1.999959E+1	0.000000E+0	4.000000E+0
24-Apr-25	20:37:27	1.000000E-5	4.581575E+0	-8.000000E-5	3.670000E-5	1.765000E-5	2.720000E-3	2.000000E-5	0.000000E+0	0.000000E+0	1.964247E-4	2.976042E-9	0.000000E+0	0.000000E+0	1.999959E+1	0.000000E+0	4.000000E+0
24-Apr-25	20:37:28	1.000000E-5	4.584855E+0	-8.000000E-5	3.665000E-5	1.765000E-5	2.720000E-3	2.000000E-5	0.000000E+0	0.000000E+0	1.964247E-4	2.976042E-9	0.000000E+0	0.000000E+0	1.999959E+1	0.000000E+0	4.000000E+0
24-Apr-25	20:37:28	1.000000E-5	4.587815E+0	-8.000000E-5	3.660000E-5	1.755000E-5	2.720000E-3	2.000000E-5	0.000000E+0	0.000000E+0	1.964247E-4	2.976042E-9	0.000000E+0	0.000000E+0	1.999959E+1	0.000000E+0	4.000000E+0
24-Apr-25	20:37:29	1.000000E-5	4.591100E+0	-8.000000E-5	3.665000E-5	1.755000E-5	2.720000E-3	2.000000E-5	0.000000E+0	0.000000E+0	1.964247E-4	2.976042E-9	0.000000E+0	0.000000E+0	1.999959E+1	0.000000E+0	4.000000E+0
24-Apr-25	20:37:29	1.000000E-5	4.594370E+0	-8.000000E-5	3.670000E-5	1.765000E-5	2.720000E-3	2.000000E-5	0.000000E+0	0.000000E+0	1.964247E-4	2.976042E-9	0.000000E+0	0.000000E+0	1.999959E+1	0.000000E+0	4.000000E+0
24-Apr-25	20:37:30	1.000000E-5	4.597625E+0	-8.000000E-5	3.670000E-5	1.765000E-5	2.720000E-3	2.000000E-5	0.000000E+0	0.000000E+0	1.964247E-4	2.976042E-9	0.000000E+0	0.000000E+0	1.999959E+1	0.000000E+0	4.000000E+0
24-Apr-25	20:37:30	1.000000E-5	4.600540E+0	-8.000000E-5	3.660000E-5	1.765000E-5	2.720000E-3	2.000000E-5	0.000000E+0	0.000000E+0	1.964247E-4	2.976042E-9	0.000000E+0	0.000000E+0	1.999959E+1	0.000000E+0	4.000000E+0
24-Apr-25	20:37:31	1.000000E-5	4.601340E+0	-8.000000E-5	3.665000E-5	1.760000E-5	2.720000E-3	2.000000E-5	0.000000E+0	0.000000E+0	1.964247E-4	2.976042E-9	0.000000E+0	0.000000E+0	1.999959E+1	0.000000E+0	4.000000E+0
24-Apr-25	20:37:31	1.000000E-5	4.607655E+0	-8.000000E-5	3.665000E-5	1.760000E-5	2.720000E-3	2.000000E-5	0.000000E+0	0.000000E+0	1.964247E-4	2.976042E-9	0.000000E+0	0.000000E+0	1.999959E+1	0.000000E+0	4.000000E+0
24-Apr-25	20:37:32	1.000000E-5	4.611195E+0	-8.000000E-5	3.665000E-5	1.760000E-5	2.720000E-3	2.000000E-5	0.000000E+0	0.000000E+0	1.964247E-4	2.976042E-9	0.000000E+0	0.000000E+0	1.999959E+1	0.000000E+0	4.000000E+0
24-Apr-25	20:37:32	1.000000E-5	4.611670E+0	-8.000000E-5	3.665000E-5	1.755000E-5	2.720000E-3	2.000000E-5	0.000000E+0	0.000000E+0	1.964247E-4	2.976042E-9	0.000000E+0	0.000000E+0	1.999959E+1	0.000000E+0	4.000000E+0
24-Apr-25	20:37:33	1.000000E-5	4.617580E+0	-8.000000E-5	3.665000E-5	1.760000E-5	2.720000E-3	2.000000E-5	0.000000E+0	0.000000E+0	1.964247E-4	2.976042E-9	0.000000E+0	0.000000E+0	1.999959E+1	0.000000E+0	4.000000E+0
24-Apr-25	20:37:33	1.000000E-5	4.620775E+0	-8.000000E-5	3.665000E-5	1.755000E-5	2.720000E-3	2.000000E-5	0.000000E+0	0.000000E+0	1.964247E-4	2.976042E-9	0.000000E+0	0.000000E+0	1.999959E+1	0.000000E+0	4.000000E+0
24-Apr-25	20:37:34	1.000000E-5	4.621890E+0	-8.000000E-5	3.665000E-5	1.755000E-5	2.720000E-3	2.000000E-5	0.000000E+0	0.000000E+0	1.964247E-4	2.976042E-9	0.000000E+0	0.000000E+0	1.999959E+1	0.000000E+0	4.000000E+0
24-Apr-25	20:37:34	1.000000E-5	4.628195E+0	-8.000000E-5	3.670000E-5	1.755000E-5	2.720000E-3	2.000000E-5	0.000000E+0	0.000000E+0	1.964247E-4	2.976042E-9	0.000000E+0	0.000000E+0	1.999959E+1	0.000000E+0	4.000000E+0
24-Apr-25	20:37:35	1.000000E-5	4.631030E+0	-8.000000E-5	3.670000E-5	1.760000E-5	2.720000E-3	2.000000E-5	0.000000E+0	0.000000E+0	1.964247E-4	2.976042E-9	0.000000E+0	0.000000E+0	1.999959E+1	0.000000E+0	4.000000E+0
24-Apr-25	20:37:35	1.000000E-5	4.632130E+0	-8.000000E-5	3.665000E-5	1.765000E-5	2.720000E-3	2.000000E-5	0.000000E+0	0.000000E+0	1.964247E-4	2.976042E-9	0.000000E+0	0.000000E+0	1.999959E+1	0.000000E+0	4.000000E+0
24-Apr-25	20:37:36	1.000000E-5	4.638250E+0	-8.000000E-5	3.665000E-5	1.760000E-5	2.720000E-3	2.000000E-5	0.000000E+0	0.000000E+0	1.964247E-4	2.976042E-9	0.000000E+0	0.000000E+0	1.999959E+1	0.000000E+0	4.000000E+0
24-Apr-25	20:37:36	1.000000E-5	4.641690E+0	-8.000000E-5	3.670000E-5	1.760000E-5	2.720000E-3	2.000000E-5	0.000000E+0	0.000000E+0	1.964247E-4	2.976042E-9	0.000000E+0	0.000000E+0	1.999959E+1	0.000000E+0	4.000000E+0
24-Apr-25	20:37:37	1.000000E-5	4.642165E+0	-8.000000E-5	3.670000E-5	1.760000E-5	2.720000E-3	2.000000E-5	0.000000E+0	0.000000E+0	1.964247E-4	2.976042E-9	0.000000E+0	0.000000E+0	1.999959E+1	0.000000E+0	4.000000E+0
24-Apr-25	20:37:37	1.000000E-5	4.648015E+0	-8.000000E-5	3.665000E-5	1.755000E-5	2.720000E-3	2.000000E-5	0.000000E+0	0.000000E+0	1.964247E-4	2.976042E-9	0.000000E+0	0.000000E+0	1.999959E+1	0.000000E+0	4.000000E+0
24-Apr-25	20:37:38	1.000000E-5	4.650810E+0	-8.000000E-5	3.665000E-5	1.755000E-5	2.720000E-3	2.000000E-5	0.000000E+0	0.000000E+0	1.964247E-4	2.976042E-9	0.000000E+0	0.000000E+0	1.999959E+1	0.000000E+0	4.000000E+0
24-Apr-25	20:37:38	1.000000E-5	4.653590E+0	-8.000000E-5	3.660000E-5	1.755000E-5	2.720000E-3	2.000000E-5	0.000000E+0	0.000000E+0	1.964247E-4	2.976042E-9	0.000000E+0	0.000000E+0	1.999959E+1	0.000000E+0	4.000000E+0
24-Apr-25	20:37:39	1.000000E-5	4.656375E+0	-8.000000E-5	3.665000E-5	1.755000E-5	2.720000E-3	2.000000E-5	0.000000E+0	0.000000E+0	1.964247E-4	2.976042E-9	0.000000E+0	0.000000E+0	1.999959E+1	0.000000E+0	4.000000E+0
24-Apr-25	20:37:39	1.000000E-5	4.659145E+0	-8.000000E-5	3.670000E-5	1.760000E-5	2.720000E-3	2.000000E-5	0.000000E+0	0.000000E+0	1.964247E-4	2.976042E-9	0.000000E+0	0.000000E+0	1.999959E+1	0.000000E+0	4.000000E+0
24-Apr-25	20:37:40	1.000000E-5	4.662215E+0	-8.000000E-5	3.670000E-5	1.760000E-5	2.720000E-3	2.000000E-5	0.000000E+0	0.000000E+0	1.964247E-4	2.976042E-9	0.000000E+0	0.000000E+0	1.999959E+1	0.000000E+0	4.000000E+0
24-Apr-25	20:37:40	1.000000E-5	4.664965E+0	-8.000000E-5	3.665000E-5	1.760000E-5	2.720000E-3	2.000000E-5	0.000000E+0	0.000000E+0	1.964247E-4	2.976042E-9	0.000000E+0	0.000000E+0	1.999959E+1	0.000000E+0	4.000000E+0
24-Apr-25	20:37:41	1.000000E-5	4.668715E+0	-8.000000E-5	3.665000E-5	1.750000E-5	2.720000E-3	2.000000E-5	0.000000E+0	0.000000E+0	1.964247E-4	2.976042E-9	0.000000E+0	0.000000E+0	1.999959E+1	0.000000E+0	4.000000E+0
24-Apr-25	20:37:41	1.000000E-5	4.671445E+0	-8.000000E-5	3.665000E-5	1.755000E-5	2.720000E-3	2.000000E-5	0.000000E+0	0.000000E+0	1.964247E-4	2.976042E-9	0.000000E+0	0.000000E+0	1.999959E+1	0.000000E+0	4.000000E+0
24-Apr-25	20:37:42	1.000000E-5	4.672195E+0	-8.000000E-5	3.665000E-5	1.755000E-5	2.720000E-3	2.000000E-5	0.000000E+0	0.000000E+0	1.964247E-4	2.976042E-9	0.000000E+0	0.000000E+0	1.999959E+1	0.000000E+0	4.000000E+0
24-Apr-25	20:37:42	1.000000E-5	4.677190E+0	-8.000000E-5	3.655000E-5	1.755000E-5	2.720000E-3	2.000000E-5	0.000000E+0	0.000000E+0	1.964247E-4	2.976042E-9	0.000000E+0	0.000000E+0	1.999959E+1	0.000000E+0	4.000000E+0
24-Apr-25	20:37:43	1.000000E-5	4.679905E+0	-8.000000E-5	3.665000E-5	1.755000E-5	2.720000E-3	2.000000E-5	0.000000E+0	0.000000E+0	1.964247E-4	2.976042E-9	0.000000E+0	0.000000E+0	1.999959E+1	0.000000E+0	4.000000E+0
24-Apr-25	20:37:43	1.000000E-5	4.682615E+0	-8.000000E-5	3.670000E-5	1.755000E-5	2.720000E-3	2.000000E-5	0.000000E+0	0.000000E+0	1.964247E-4	2.976042E-9	0.000000E+0	0.000000E+0	1.999959E+1	0.000000E+0	4.000000E+0
24-Apr-25	20:37:44	1.000000E-5	4.683950E+0	-8.000000E-5	3.670000E-5	1.760000E-5	2.720000E-3	2.000000E-5	0.000000E+0	0.000000E+0	1.964247E-4	2.976042E-9	0.000000E+0	0.000000E+0	1.999959E+1	0.000000E+0	4.000000E+0
24-Apr-25	20:37:44	1.000000E-5	4.688980E+0	-8.000000E-5	3.670000E-5	1.755000E-5	2.720000E-3	2.000000E-5	0.000000E+0	0.000000E+0	1.964247E-4	2.976042E-9	0.000000E+0	0.000000E+0	1.999959E+1	0.000000E+0	4.000000E+0
24-Apr-25	20:37:45	1.000000E-5	4.692255E+0	-8.000000E-5	3.665000E-5	1.755000E-5	2.720000E-3	2.000000E-5	0.000000E+0	0.000000E+0	1.964247E-4	2.976042E-9	0.000000E+0	0.000000E+0	1.999959E+1	0.000000E+0	4.000000E+0
24-Apr-25	20:37:45	1.000000E-5	4.695210E+0	-8.000000E-5	3.665000E-5	1.755000E-5	2.720000E-3	2.000000E-5	0.000000E+0	0.000000E+0	1.964247E-4	2.976042E-9	0.000000E+0	0.000000E+0	1.999959E+1	0.000000E+0	4.000000E+0
24-Apr-25	20:37:46	1.000000E-5	4.698160E+0	-8.000000E-5	3.665000E-5	1.760000E-5	2.720000E-3	2.000000E-5	0.000000E+0	0.000000E+0	1.964247E-4	2.976042E-9	0.000000E+0	0.000000E+0	1.999959E+1	0.000000E+0	4.000000E+0
24-Apr-25	20:37:46	1.000000E-5	4.701115E+0	-8.000000E-5	3.665000E-5	1.760000E-5	2.720000E-3	2.000000E-5	0.000000E+0	0.000000E+0	1.964247E-4	2.976042E-9	0.000000E+0	0.000000E+0	1.999959E+1	0.000000E+0	4.000000E+0
24-Apr-25	20:37:47	1.000000E-5	4.704655E+0	-8.000000E-5	3.660000E-5	1.755000E-5	2.720000E-3	2.000000E-5	0.000000E+0	0.000000E+0	1.964247E-4	2.976042E-9	0.000000E+0	0.000000E+0	1.999959E+1	0.000000E+0	4.000000E+0
24-Apr-25	20:37:47	1.000000E-5	4.707300E+0	-8.000000E-5	3.665000E-5	1.755000E-5	2.720000E-3	2.000000E-5	0.000000E+0	0.000000E+0	1.964247E-4	2.976042E-9	0.000000E+0	0.000000E+0	1.999959E+1	0.000000E+0	4.000000E+0
24-Apr-25	20:37:48	1.000000E-5	4.710220E+0	-8.000000E-5	3.665000E-5	1.755000E-5	2.720000E-3	2.000000E-5	0.000000E+0	0.000000E+0	1.964247E-4	2.976042E-9	0.000000E+0	0.000000E+0	1.999959E+1	0.000000E+0	4.000000E+0
24-Apr-25	20:37:48	1.000000E-5	4.712820E+0	-8.000000E-5	3.670000E-5	1.755000E-5	2.720000E-3	2.000000E-5	0.000000E+0	0.000000E+0	1.964247E-4	2.976042E-9	0.000000E+0	0.000000E+0	1.999959E+1	0.000000E+0	4.000000E+0
24-Apr-25	20:37:49	1.000000E-5	4.716405E+0	-8.000000E-5	3.665000E-5	1.765000E-5	2.720000E-3	2.000000E-5	0.000000E+0	0.000000E+0	1.964247E-4	2.976042E-9	0.000000E+0	0.000000E+0	1.999959E+1	0.000000E+0	4.000000E+0
24-Apr-25	20:37:49	1.000000E-5	4.719575E+0	-8.000000E-5	3.660000E-5	1.760000E-5	2.720000E-3	2.000000E-5	0.000000E+0	0.000000E+0	1.964247E-4	2.976042E-9	0.000000E+0	0.000000E+0	1.999959E+1	0.000000E+0	4.000000E+0
24-Apr-25	20:37:50	1.000000E-5	4.722175E+0	-8.000000E-5	3.660000E-5	1.755000E-5	2.720000E-3	2.000000E-5	0.000000E+0	0.000000E+0	1.964247E-4	2.976042E-9	0.000000E+0	0.000000E+0	1.999959E+1	0.000000E+0	4.000000E+0
24-Apr-25	20:37:50	1.000000E-5	4.725340E+0	-8.000000E-5	3.665000E-5	1.750000E-5	2.720000E-3	2.000000E-5	0.000000E+0	0.000000E+0	1.964247E-4	2.976042E-9	0.000000E+0	0.000000E+0	1.999959E+1	0.000000E+0	4.000000E+0
24-Apr-25	20:37:51	1.000000E-5	4.727920E+0	-8.000000E-5	3.665000E-5	1.755000E-5	2.720000E-3	2.000000E-5	0.000000E+0	0.000000E+0	1.964247E-4	2.976042E-9	0.000000E+0	0.000000E+0	1.999959E+1	0.000000E+0	4.000000E+0
24-Apr-25	20:37:51	1.000000E-5	4.728625E+0	-8.000000E-5	3.665000E-5	1.760000E-5	2.720000E-3	2.000000E-5	0.000000E+0	0.000000E+0	1.964247E-4	2.976042E-9	0.000000E+0	0.000000E+0	1.999959E+1	0.000000E+0	4.000000E+0
24-Apr-25	20:37:52	1.000000E-5	4.733635E+0	-8.000000E-5	3.660000E-5	1.755000E-5	2.720000E-3	2.000000E-5	0.000000E+0	0.000000E+0	1.964247E-4	2.976042E-9	0.000000E+0	0.000000E+0	1.999959E+1	0.000000E+0	4.000000E+0
24-Apr-25	20:37:52	1.000000E-5	4.736810E+0	-8.000000E-5	3.660000E-5	1.755000E-5	2.720000E-3	2.000000E-5	0.000000E+0	0.000000E+0	1.964247E-4	2.976042E-9	0.000000E+0	0.000000E+0	1.999959E+1	0.000000E+0	4.000000E+0
24-Apr-25	20:37:53	1.000000E-5	4.737825E+0	-8.000000E-5	3.660000E-5	1.755000E-5	2.720000E-3	2.000000E-5	0.000000E+0	0.000000E+0	1.964247E-4	2.976042E-9	0.000000E+0	0.000000E+0	1.999959E+1	0.000000E+0	4.000000E+0
24-Apr-25	20:37:54	1.000000E-5	4.742525E+0	-8.000000E-5	3.665000E-5	1.755000E-5	2.720000E-3	2.000000E-5	0.000000E+0	0.000000E+0	1.964247E-4	2.976042E-9	0.000000E+0	0.000000E+0	1.999959E+1	0.000000E+0	4.000000E+0
24-Apr-25	20:37:54	1.000000E-5	4.745625E+0	-8.000000E-5	3.665000E-5	1.760000E-5	2.720000E-3	2.000000E-5	0.000000E+0	0.000000E+0	1.964247E-4	2.976042E-9	0.000000E+0	0.000000E+0	1.999959E+1	0.000000E+0	4.000000E+0
24-Apr-25	20:37:55	1.000000E-5	4.748150E+0	-8.000000E-5	3.665000E-5	1.760000E-5	2.720000E-3	2.000000E-5	0.000000E+0	0.000000E+0	1.964247E-4	2.976042E-9	0.000000E+0	0.000000E+0	1.999959E+1	0.000000E+0	4.000000E+0
24-Apr-25	20:37:55	1.000000E-5	4.748880E+0	-8.000000E-5	3.665000E-5	1.760000E-5	2.720000E-3	2.000000E-5	0.000000E+0	0.000000E+0	1.964247E-4	2.976042E-9	0.000000E+0	0.000000E+0	1.999959E+1	0.000000E+0	4.000000E+0
24-Apr-25	20:37:55	1.000000E-5	4.753825E+0	-8.000000E-5	3.665000E-5	1.750000E-5	2.720000E-3	2.000000E-5	0.000000E+0	0.000000E+0	1.964247E-4	2.976042E-9	0.000000E+0	0.000000E+0	1.999959E+1	0.000000E+0	4.000000E+0
24-Apr-25	20:37:56	1.000000E-5	4.756205E+0	-8.000000E-5	3.665000E-5	1.750000E-5	2.720000E-3	2.000000E-5	0.000000E+0	0.000000E+0	1.964247E-4	2.976042E-9	0.000000E+0	0.000000E+0	1.999959E+1	0.000000E+0	4.000000E+0
24-Apr-25	20:37:56	1.000000E-5	4.758815E+0	-8.000000E-5	3.670000E-5	1.755000E-5	2.720000E-3	2.000000E-5	0.000000E+0	0.000000E+0	1.964247E-4	2.976042E-9	0.000000E+0	0.000000E+0	1.999959E+1	0.000000E+0	4.000000E+0
24-Apr-25	20:37:57	1.000000E-5	4.761145E+0	-8.000000E-5	3.660000E-5	1.760000E-5	2.720000E-3	2.000000E-5	0.000000E+0	0.000000E+0	1.964247E-4	2.976042E-9	0.000000E+0	0.000000E+0	1.999959E+1	0.000000E+0	4.000000E+0
24-Apr-25	20:37:58	1.000000E-5	4.763475E+0	-8.000000E-5	3.665000E-5	1.750000E-5	2.720000E-3	2.000000E-5	0.000000E+0	0.000000E+0	1.964247E-4	2.976042E-9	0.000000E+0	0.000000E+0	1.999959E+1	0.000000E+0	4.000000E+0
24-Apr-25	20:37:58	1.000000E-5	4.765555E+0	-8.000000E-5	3.665000E-5	1.755000E-5	2.720000E-3	2.000000E-5	0.000000E+0	0.000000E+0	1.964247E-4	2.976042E-9	0.000000E+0	0.000000E+0	1.999959E+1	0.000000E+0	4.000000E+0
24-Apr-25	20:37:58	1.000000E-5	4.767715E+0	-8.000000E-5	3.670000E-5	1.760000E-5	2.720000E-3	2.000000E-5	0.000000E+0	0.000000E+0	1.964247E-4	2.976042E-9	0.000000E+0	0.000000E+0	1.999959E+1	0.000000E+0	4.000000E+0
24-Apr-25	20:37:59	1.000000E-5	4.770030E+0	-8.000000E-5	3.670000E-5	1.755000E-5	2.720000E-3	2.000000E-5	0.000000E+0	0.000000E+0	1.964247E-4	2.976042E-9	0.000000E+0	0.000000E+0	1.999959E+1	0.000000E+0	4.000000E+0
24-Apr-25	20:37:59	1.000000E-5	4.772315E+0	-8.000000E-5	3.665000E-5	1.760000E-5	2.720000E-3	2.000000E-5	0.000000E+0	0.000000E+0	1.964247E-4	2.976042E-9	0.000000E+0	0.000000E+0	1.999959E+1	0.000000E+0	4.000000E+0
24-Apr-25	20:38:00	1.000000E-5	4.772645E+0	-8.000000E-5	3.670000E-5	1.760000E-5	2.720000E-3	2.000000E-5	0.000000E+0	0.000000E+0	1.964247E-4	2.976042E-9	0.000000E+0	0.000000E+0	1.999959E+1	0.000000E+0	4.000000E+0
24-Apr-25	20:38:01	1.000000E-5	4.777115E+0	-8.000000E-5	3.665000E-5	1.760000E-5	2.720000E-3	2.000000E-5	0.000000E+0	0.000000E+0	1.964247E-4	2.976042E-9	0.000000E+0	0.000000E+0	1.999959E+1	0.000000E+0	4.000000E+0
24-Apr-25	20:38:01	1.000000E-5	4.779155E+0	-8.000000E-5	3.665000E-5	1.760000E-5	2.720000E-3	2.000000E-5	0.000000E+0	0.000000E+0	1.964247E-4	2.976042E-9	0.000000E+0	0.000000E+0	1.999959E+1	0.000000E+0	4.000000E+0
24-Apr-25	20:38:01	1.000000E-5	4.779945E+0	-8.000000E-5	3.665000E-5	1.760000E-5	2.720000E-3	2.000000E-5	0.000000E+0	0.000000E+0	1.964247E-4	2.976042E-9	0.000000E+0	0.000000E+0	1.999959E+1	0.000000E+0	4.000000E+0
24-Apr-25	20:38:02	1.000000E-5	4.783680E+0	-8.000000E-5	3.665000E-5	1.760000E-5	2.720000E-3	2.000000E-5	0.000000E+0	0.000000E+0	1.964247E-4	2.976042E-9	0.000000E+0	0.000000E+0	1.999959E+1	0.000000E+0	4.000000E+0
24-Apr-25	20:38:02	1.000000E-5	4.785700E+0	-8.000000E-5	3.660000E-5	1.760000E-5	2.720000E-3	2.000000E-5	0.000000E+0	0.000000E+0	1.964247E-4	2.976042E-9	0.000000E+0	0.000000E+0	1.999959E+1	0.000000E+0	4.000000E+0
24-Apr-25	20:38:03	1.000000E-5	4.787730E+0	-8.000000E-5	3.665000E-5	1.755000E-5	2.720000E-3	2.000000E-5	0.000000E+0	0.000000E+0	1.964247E-4	2.976042E-9	0.000000E+0	0.000000E+0	1.999959E+1	0.000000E+0	4.000000E+0
24-Apr-25	20:38:03	1.000000E-5	4.789740E+0	-8.000000E-5	3.665000E-5	1.760000E-5	2.720000E-3	2.000000E-5	0.000000E+0	0.000000E+0	1.964247E-4	2.976042E-9	0.000000E+0	0.000000E+0	1.999959E+1	0.000000E+0	4.000000E+0
24-Apr-25	20:38:04	1.000000E-5	4.792280E+0	-8.000000E-5	3.665000E-5	1.760000E-5	2.720000E-3	2.000000E-5	0.000000E+0	0.000000E+0	1.964247E-4	2.976042E-9	0.000000E+0	0.000000E+0	1.999959E+1	0.000000E+0	4.000000E+0
24-Apr-25	20:38:04	1.000000E-5	4.792610E+0	-8.000000E-5	3.665000E-5	1.755000E-5	2.720000E-3	2.000000E-5	0.000000E+0	0.000000E+0	1.964247E-4	2.976042E-9	0.000000E+0	0.000000E+0	1.999959E+1	0.000000E+0	4.000000E+0
24-Apr-25	20:38:05	1.000000E-5	4.796970E+0	-8.000000E-5	3.670000E-5	1.755000E-5	2.720000E-3	2.000000E-5	0.000000E+0	0.000000E+0	1.964247E-4	2.976042E-9	0.000000E+0	0.000000E+0	1.999959E+1	0.000000E+0	4.000000E+0
24-Apr-25	20:38:05	1.000000E-5	4.798965E+0	-8.000000E-5	3.670000E-5	1.750000E-5	2.720000E-3	2.000000E-5	0.000000E+0	0.000000E+0	1.964247E-4	2.976042E-9	0.000000E+0	0.000000E+0	1.999959E+1	0.000000E+0	4.000000E+0
24-Apr-25	20:38:06	1.000000E-5	4.799715E+0	-8.000000E-5	3.670000E-5	1.760000E-5	2.720000E-3	2.000000E-5	0.000000E+0	0.000000E+0	1.964247E-4	2.976042E-9	0.000000E+0	0.000000E+0	1.999959E+1	0.000000E+0	4.000000E+0
24-Apr-25	20:38:06	1.000000E-5	4.803350E+0	-8.000000E-5	3.670000E-5	1.760000E-5	2.720000E-3	2.000000E-5	0.000000E+0	0.000000E+0	1.964247E-4	2.976042E-9	0.000000E+0	0.000000E+0	1.999959E+1	0.000000E+0	4.000000E+0
24-Apr-25	20:38:07	1.000000E-5	4.805770E+0	-8.000000E-5	3.665000E-5	1.755000E-5	2.720000E-3	2.000000E-5	0.000000E+0	0.000000E+0	1.964247E-4	2.976042E-9	0.000000E+0	0.000000E+0	1.999959E+1	0.000000E+0	4.000000E+0
24-Apr-25	20:38:07	1.000000E-5	4.807730E+0	-8.000000E-5	3.665000E-5	1.755000E-5	2.720000E-3	2.000000E-5	0.000000E+0	0.000000E+0	1.964247E-4	2.976042E-9	0.000000E+0	0.000000E+0	1.999959E+1	0.000000E+0	4.000000E+0
24-Apr-25	20:38:08	1.000000E-5	4.809695E+0	-8.000000E-5	3.670000E-5	1.760000E-5	2.720000E-3	2.000000E-5	0.000000E+0	0.000000E+0	1.964247E-4	2.976042E-9	0.000000E+0	0.000000E+0	1.999959E+1	0.000000E+0	4.000000E+0
24-Apr-25	20:38:08	1.000000E-5	4.811660E+0	-8.000000E-5	3.670000E-5	1.760000E-5	2.720000E-3	2.000000E-5	0.000000E+0	0.000000E+0	1.964247E-4	2.976042E-9	0.000000E+0	0.000000E+0	1.999959E+1	0.000000E+0	4.000000E+0
24-Apr-25	20:38:09	1.000000E-5	4.813825E+0	-8.000000E-5	3.660000E-5	1.760000E-5	2.720000E-3	2.000000E-5	0.000000E+0	0.000000E+0	1.964247E-4	2.976042E-9	0.000000E+0	0.000000E+0	1.999959E+1	0.000000E+0	4.000000E+0
24-Apr-25	20:38:09	1.000000E-5	4.815770E+0	-8.000000E-5	3.660000E-5	1.755000E-5	2.720000E-3	2.000000E-5	0.000000E+0	0.000000E+0	1.964247E-4	2.976042E-9	0.000000E+0	0.000000E+0	1.999959E+1	0.000000E+0	4.000000E+0
24-Apr-25	20:38:10	1.000000E-5	4.817790E+0	-8.000000E-5	3.670000E-5	1.755000E-5	2.720000E-3	2.000000E-5	0.000000E+0	0.000000E+0	1.964247E-4	2.976042E-9	0.000000E+0	0.000000E+0	1.999959E+1	0.000000E+0	4.000000E+0
24-Apr-25	20:38:10	1.000000E-5	4.819725E+0	-8.000000E-5	3.665000E-5	1.760000E-5	2.720000E-3	2.000000E-5	0.000000E+0	0.000000E+0	1.964247E-4	2.976042E-9	0.000000E+0	0.000000E+0	1.999959E+1	0.000000E+0	4.000000E+0
24-Apr-25	20:38:11	1.000000E-5	4.821660E+0	-8.000000E-5	3.655000E-5	1.760000E-5	2.720000E-3	2.000000E-5	0.000000E+0	0.000000E+0	1.964247E-4	2.976042E-9	0.000000E+0	0.000000E+0	1.999959E+1	0.000000E+0	4.000000E+0
24-Apr-25	20:38:11	1.000000E-5	4.823570E+0	-8.000000E-5	3.660000E-5	1.755000E-5	2.720000E-3	2.000000E-5	0.000000E+0	0.000000E+0	1.964247E-4	2.976042E-9	0.000000E+0	0.000000E+0	1.999959E+1	0.000000E+0	4.000000E+0
24-Apr-25	20:38:12	1.000000E-5	4.825490E+0	-8.000000E-5	3.670000E-5	1.755000E-5	2.720000E-3	2.000000E-5	0.000000E+0	0.000000E+0	1.964247E-4	2.976042E-9	0.000000E+0	0.000000E+0	1.999959E+1	0.000000E+0	4.000000E+0
24-Apr-25	20:38:12	1.000000E-5	4.827620E+0	-8.000000E-5	3.670000E-5	1.755000E-5	2.720000E-3	2.000000E-5	0.000000E+0	0.000000E+0	1.964247E-4	2.976042E-9	0.000000E+0	0.000000E+0	1.999959E+1	0.000000E+0	4.000000E+0
24-Apr-25	20:38:12	1.000000E-5	4.829530E+0	-8.000000E-5	3.670000E-5	1.760000E-5	2.720000E-3	2.000000E-5	0.000000E+0	0.000000E+0	1.964247E-4	2.976042E-9	0.000000E+0	0.000000E+0	1.999959E+1	0.000000E+0	4.000000E+0
24-Apr-25	20:38:13	1.000000E-5	4.831900E+0	-8.000000E-5	3.670000E-5	1.755000E-5	2.720000E-3	2.000000E-5	0.000000E+0	0.000000E+0	1.964247E-4	2.976042E-9	0.000000E+0	0.000000E+0	1.999959E+1	0.000000E+0	4.000000E+0
24-Apr-25	20:38:13	1.000000E-5	4.833830E+0	-8.000000E-5	3.665000E-5	1.755000E-5	2.720000E-3	2.000000E-5	0.000000E+0	0.000000E+0	1.964247E-4	2.976042E-9	0.000000E+0	0.000000E+0	1.999959E+1	0.000000E+0	4.000000E+0
24-Apr-25	20:38:14	1.000000E-5	4.835725E+0	-8.000000E-5	3.655000E-5	1.755000E-5	2.720000E-3	2.000000E-5	0.000000E+0	0.000000E+0	1.964247E-4	2.976042E-9	0.000000E+0	0.000000E+0	1.999959E+1	0.000000E+0	4.000000E+0
24-Apr-25	20:38:14	1.000000E-5	4.836025E+0	-8.000000E-5	3.660000E-5	1.755000E-5	2.720000E-3	2.000000E-5	0.000000E+0	0.000000E+0	1.964247E-4	2.976042E-9	0.000000E+0	0.000000E+0	1.999959E+1	0.000000E+0	4.000000E+0
24-Apr-25	20:38:15	1.000000E-5	4.839475E+0	-8.000000E-5	3.665000E-5	1.760000E-5	2.720000E-3	2.000000E-5	0.000000E+0	0.000000E+0	1.964247E-4	2.976042E-9	0.000000E+0	0.000000E+0	1.999959E+1	0.000000E+0	4.000000E+0
24-Apr-25	20:38:15	1.000000E-5	4.841760E+0	-8.000000E-5	3.665000E-5	1.760000E-5	2.720000E-3	2.000000E-5	0.000000E+0	0.000000E+0	1.964247E-4	2.976042E-9	0.000000E+0	0.000000E+0	1.999959E+1	0.000000E+0	4.000000E+0
24-Apr-25	20:38:16	1.000000E-5	4.842495E+0	-8.000000E-5	3.665000E-5	1.755000E-5	2.720000E-3	2.000000E-5	0.000000E+0	0.000000E+0	1.964247E-4	2.976042E-9	0.000000E+0	0.000000E+0	1.999959E+1	0.000000E+0	4.000000E+0
24-Apr-25	20:38:16	1.000000E-5	4.845910E+0	-8.000000E-5	3.665000E-5	1.760000E-5	2.720000E-3	2.000000E-5	0.000000E+0	0.000000E+0	1.964247E-4	2.976042E-9	0.000000E+0	0.000000E+0	1.999959E+1	0.000000E+0	4.000000E+0
24-Apr-25	20:38:17	1.000000E-5	4.848380E+0	-8.000000E-5	3.665000E-5	1.760000E-5	2.720000E-3	2.000000E-5	0.000000E+0	0.000000E+0	1.964247E-4	2.976042E-9	0.000000E+0	0.000000E+0	1.999959E+1	0.000000E+0	4.000000E+0
24-Apr-25	20:38:17	1.000000E-5	4.850300E+0	-8.000000E-5	3.670000E-5	1.755000E-5	2.720000E-3	2.000000E-5	0.000000E+0	0.000000E+0	1.964247E-4	2.976042E-9	0.000000E+0	0.000000E+0	1.999959E+1	0.000000E+0	4.000000E+0
24-Apr-25	20:38:18	1.000000E-5	4.852560E+0	-8.000000E-5	3.665000E-5	1.755000E-5	2.720000E-3	2.000000E-5	0.000000E+0	0.000000E+0	1.964247E-4	2.976042E-9	0.000000E+0	0.000000E+0	1.999959E+1	0.000000E+0	4.000000E+0
24-Apr-25	20:38:18	1.000000E-5	4.854400E+0	-8.000000E-5	3.665000E-5	1.755000E-5	2.720000E-3	2.000000E-5	0.000000E+0	0.000000E+0	1.964247E-4	2.976042E-9	0.000000E+0	0.000000E+0	1.999959E+1	0.000000E+0	4.000000E+0
24-Apr-25	20:38:19	1.000000E-5	4.856435E+0	-8.000000E-5	3.665000E-5	1.760000E-5	2.720000E-3	2.000000E-5	0.000000E+0	0.000000E+0	1.964247E-4	2.976042E-9	0.000000E+0	0.000000E+0	1.999959E+1	0.000000E+0	4.000000E+0
24-Apr-25	20:38:19	1.000000E-5	4.858280E+0	-8.000000E-5	3.665000E-5	1.760000E-5	2.720000E-3	2.000000E-5	0.000000E+0	0.000000E+0	1.964247E-4	2.976042E-9	0.000000E+0	0.000000E+0	1.999959E+1	0.000000E+0	4.000000E+0
24-Apr-25	20:38:20	1.000000E-5	4.860090E+0	-8.000000E-5	3.665000E-5	1.760000E-5	2.720000E-3	2.000000E-5	0.000000E+0	0.000000E+0	1.964247E-4	2.976042E-9	0.000000E+0	0.000000E+0	1.999959E+1	0.000000E+0	4.000000E+0
24-Apr-25	20:38:20	1.000000E-5	4.860840E+0	-8.000000E-5	3.660000E-5	1.755000E-5	2.720000E-3	2.000000E-5	0.000000E+0	0.000000E+0	1.964247E-4	2.976042E-9	0.000000E+0	0.000000E+0	1.999959E+1	0.000000E+0	4.000000E+0
24-Apr-25	20:38:21	1.000000E-5	4.864585E+0	-8.000000E-5	3.670000E-5	1.755000E-5	2.720000E-3	2.000000E-5	0.000000E+0	0.000000E+0	1.964247E-4	2.976042E-9	0.000000E+0	0.000000E+0	1.999959E+1	0.000000E+0	4.000000E+0
24-Apr-25	20:38:21	1.000000E-5	4.866385E+0	-8.000000E-5	3.670000E-5	1.760000E-5	2.720000E-3	2.000000E-5	0.000000E+0	0.000000E+0	1.964247E-4	2.976042E-9	0.000000E+0	0.000000E+0	1.999959E+1	0.000000E+0	4.000000E+0
24-Apr-25	20:38:22	1.000000E-5	4.868185E+0	-8.000000E-5	3.665000E-5	1.760000E-5	2.720000E-3	2.000000E-5	0.000000E+0	0.000000E+0	1.964247E-4	2.976042E-9	0.000000E+0	0.000000E+0	1.999959E+1	0.000000E+0	4.000000E+0
24-Apr-25	20:38:22	1.000000E-5	4.868680E+0	-8.000000E-5	3.660000E-5	1.760000E-5	2.720000E-3	2.000000E-5	0.000000E+0	0.000000E+0	1.964247E-4	2.976042E-9	0.000000E+0	0.000000E+0	1.999959E+1	0.000000E+0	4.000000E+0
24-Apr-25	20:38:23	1.000000E-5	4.871960E+0	-8.000000E-5	3.665000E-5	1.755000E-5	2.720000E-3	2.000000E-5	0.000000E+0	0.000000E+0	1.964247E-4	2.976042E-9	0.000000E+0	0.000000E+0	1.999959E+1	0.000000E+0	4.000000E+0
24-Apr-25	20:38:23	1.000000E-5	4.874320E+0	-8.000000E-5	3.670000E-5	1.755000E-5	2.720000E-3	2.000000E-5	0.000000E+0	0.000000E+0	1.964247E-4	2.976042E-9	0.000000E+0	0.000000E+0	1.999959E+1	0.000000E+0	4.000000E+0
24-Apr-25	20:38:24	1.000000E-5	4.876115E+0	-8.000000E-5	3.665000E-5	1.760000E-5	2.720000E-3	2.000000E-5	0.000000E+0	0.000000E+0	1.964247E-4	2.976042E-9	0.000000E+0	0.000000E+0	1.999959E+1	0.000000E+0	4.000000E+0
24-Apr-25	20:38:24	1.000000E-5	4.878275E+0	-8.000000E-5	3.660000E-5	1.755000E-5	2.720000E-3	2.000000E-5	0.000000E+0	0.000000E+0	1.964247E-4	2.976042E-9	0.000000E+0	0.000000E+0	1.999959E+1	0.000000E+0	4.000000E+0
24-Apr-25	20:38:25	1.000000E-5	4.880460E+0	-8.000000E-5	3.670000E-5	1.760000E-5	2.720000E-3	2.000000E-5	0.000000E+0	0.000000E+0	1.964247E-4	2.976042E-9	0.000000E+0	0.000000E+0	1.999959E+1	0.000000E+0	4.000000E+0
24-Apr-25	20:38:25	1.000000E-5	4.882205E+0	-8.000000E-5	3.670000E-5	1.750000E-5	2.720000E-3	2.000000E-5	0.000000E+0	0.000000E+0	1.964247E-4	2.976042E-9	0.000000E+0	0.000000E+0	1.999959E+1	0.000000E+0	4.000000E+0
24-Apr-25	20:38:26	1.000000E-5	4.884000E+0	-8.000000E-5	3.670000E-5	1.755000E-5	2.720000E-3	2.000000E-5	0.000000E+0	0.000000E+0	1.964247E-4	2.976042E-9	0.000000E+0	0.000000E+0	1.999959E+1	0.000000E+0	4.000000E+0
24-Apr-25	20:38:26	1.000000E-5	4.885750E+0	-8.000000E-5	3.670000E-5	1.760000E-5	2.720000E-3	2.000000E-5	0.000000E+0	0.000000E+0	1.964247E-4	2.976042E-9	0.000000E+0	0.000000E+0	1.999959E+1	0.000000E+0	4.000000E+0
24-Apr-25	20:38:27	1.000000E-5	4.887495E+0	-8.000000E-5	3.665000E-5	1.760000E-5	2.720000E-3	2.000000E-5	0.000000E+0	0.000000E+0	1.964247E-4	2.976042E-9	0.000000E+0	0.000000E+0	1.999959E+1	0.000000E+0	4.000000E+0
24-Apr-25	20:38:27	1.000000E-5	4.889420E+0	-8.000000E-5	3.665000E-5	1.760000E-5	2.720000E-3	2.000000E-5	0.000000E+0	0.000000E+0	1.964247E-4	2.976042E-9	0.000000E+0	0.000000E+0	1.999959E+1	0.000000E+0	4.000000E+0
24-Apr-25	20:38:28	1.000000E-5	4.891540E+0	-8.000000E-5	3.665000E-5	1.755000E-5	2.720000E-3	2.000000E-5	0.000000E+0	0.000000E+0	1.964247E-4	2.976042E-9	0.000000E+0	0.000000E+0	1.999959E+1	0.000000E+0	4.000000E+0
24-Apr-25	20:38:28	1.000000E-5	4.893260E+0	-8.000000E-5	3.670000E-5	1.755000E-5	2.720000E-3	2.000000E-5	0.000000E+0	0.000000E+0	1.964247E-4	2.976042E-9	0.000000E+0	0.000000E+0	1.999959E+1	0.000000E+0	4.000000E+0
24-Apr-25	20:38:29	1.000000E-5	4.894980E+0	-8.000000E-5	3.665000E-5	1.755000E-5	2.720000E-3	2.000000E-5	0.000000E+0	0.000000E+0	1.964247E-4	2.976042E-9	0.000000E+0	0.000000E+0	1.999959E+1	0.000000E+0	4.000000E+0
24-Apr-25	20:38:29	1.000000E-5	4.896705E+0	-8.000000E-5	3.665000E-5	1.755000E-5	2.720000E-3	2.000000E-5	0.000000E+0	0.000000E+0	1.964247E-4	2.976042E-9	0.000000E+0	0.000000E+0	1.999959E+1	0.000000E+0	4.000000E+0
24-Apr-25	20:38:30	1.000000E-5	4.898600E+0	-8.000000E-5	3.665000E-5	1.760000E-5	2.720000E-3	2.000000E-5	0.000000E+0	0.000000E+0	1.964247E-4	2.976042E-9	0.000000E+0	0.000000E+0	1.999959E+1	0.000000E+0	4.000000E+0
24-Apr-25	20:38:30	1.000000E-5	4.900955E+0	-8.000000E-5	3.665000E-5	1.755000E-5	2.720000E-3	2.000000E-5	0.000000E+0	0.000000E+0	1.964247E-4	2.976042E-9	0.000000E+0	0.000000E+0	1.999959E+1	0.000000E+0	4.000000E+0
24-Apr-25	20:38:31	1.000000E-5	4.902450E+0	-8.000000E-5	3.665000E-5	1.760000E-5	2.720000E-3	2.000000E-5	0.000000E+0	0.000000E+0	1.964247E-4	2.976042E-9	0.000000E+0	0.000000E+0	1.999959E+1	0.000000E+0	4.000000E+0
24-Apr-25	20:38:31	1.000000E-5	4.904350E+0	-8.000000E-5	3.670000E-5	1.755000E-5	2.720000E-3	2.000000E-5	0.000000E+0	0.000000E+0	1.964247E-4	2.976042E-9	0.000000E+0	0.000000E+0	1.999959E+1	0.000000E+0	4.000000E+0
24-Apr-25	20:38:32	1.000000E-5	4.904630E+0	-8.000000E-5	3.670000E-5	1.760000E-5	2.720000E-3	2.000000E-5	0.000000E+0	0.000000E+0	1.964247E-4	2.976042E-9	0.000000E+0	0.000000E+0	1.999959E+1	0.000000E+0	4.000000E+0
24-Apr-25	20:38:32	1.000000E-5	4.907725E+0	-8.000000E-5	3.665000E-5	1.760000E-5	2.720000E-3	2.000000E-5	0.000000E+0	0.000000E+0	1.964247E-4	2.976042E-9	0.000000E+0	0.000000E+0	1.999959E+1	0.000000E+0	4.000000E+0
24-Apr-25	20:38:33	1.000000E-5	4.909965E+0	-8.000000E-5	3.660000E-5	1.755000E-5	2.720000E-3	2.000000E-5	0.000000E+0	0.000000E+0	1.964247E-4	2.976042E-9	0.000000E+0	0.000000E+0	1.999959E+1	0.000000E+0	4.000000E+0
24-Apr-25	20:38:33	1.000000E-5	4.911825E+0	-8.000000E-5	3.665000E-5	1.755000E-5	2.720000E-3	2.000000E-5	0.000000E+0	0.000000E+0	1.964247E-4	2.976042E-9	0.000000E+0	0.000000E+0	1.999959E+1	0.000000E+0	4.000000E+0
24-Apr-25	20:38:34	1.000000E-5	4.913675E+0	-8.000000E-5	3.665000E-5	1.760000E-5	2.720000E-3	2.000000E-5	0.000000E+0	0.000000E+0	1.964247E-4	2.976042E-9	0.000000E+0	0.000000E+0	1.999959E+1	0.000000E+0	4.000000E+0
24-Apr-25	20:38:34	1.000000E-5	4.915340E+0	-8.000000E-5	3.660000E-5	1.755000E-5	2.720000E-3	2.000000E-5	0.000000E+0	0.000000E+0	1.964247E-4	2.976042E-9	0.000000E+0	0.000000E+0	1.999959E+1	0.000000E+0	4.000000E+0
24-Apr-25	20:38:35	1.000000E-5	4.917185E+0	-8.000000E-5	3.665000E-5	1.755000E-5	2.720000E-3	2.000000E-5	0.000000E+0	0.000000E+0	1.964247E-4	2.976042E-9	0.000000E+0	0.000000E+0	1.999959E+1	0.000000E+0	4.000000E+0
24-Apr-25	20:38:35	1.000000E-5	4.919020E+0	-8.000000E-5	3.670000E-5	1.755000E-5	2.720000E-3	2.000000E-5	0.000000E+0	0.000000E+0	1.964247E-4	2.976042E-9	0.000000E+0	0.000000E+0	1.999959E+1	0.000000E+0	4.000000E+0
24-Apr-25	20:38:36	1.000000E-5	4.920705E+0	-8.000000E-5	3.665000E-5	1.755000E-5	2.720000E-3	2.000000E-5	0.000000E+0	0.000000E+0	1.964247E-4	2.976042E-9	0.000000E+0	0.000000E+0	1.999959E+1	0.000000E+0	4.000000E+0
24-Apr-25	20:38:36	1.000000E-5	4.922550E+0	-8.000000E-5	3.670000E-5	1.760000E-5	2.720000E-3	2.000000E-5	0.000000E+0	0.000000E+0	1.964247E-4	2.976042E-9	0.000000E+0	0.000000E+0	1.999959E+1	0.000000E+0	4.000000E+0
24-Apr-25	20:38:37	1.000000E-5	4.924185E+0	-8.000000E-5	3.660000E-5	1.765000E-5	2.720000E-3	2.000000E-5	0.000000E+0	0.000000E+0	1.964247E-4	2.976042E-9	0.000000E+0	0.000000E+0	1.999959E+1	0.000000E+0	4.000000E+0
24-Apr-25	20:38:37	1.000000E-5	4.925835E+0	-8.000000E-5	3.660000E-5	1.755000E-5	2.720000E-3	2.000000E-5	0.000000E+0	0.000000E+0	1.964247E-4	2.976042E-9	0.000000E+0	0.000000E+0	1.999959E+1	0.000000E+0	4.000000E+0
24-Apr-25	20:38:38	1.000000E-5	4.927660E+0	-8.000000E-5	3.665000E-5	1.755000E-5	2.720000E-3	2.000000E-5	0.000000E+0	0.000000E+0	1.964247E-4	2.976042E-9	0.000000E+0	0.000000E+0	1.999959E+1	0.000000E+0	4.000000E+0
24-Apr-25	20:38:38	1.000000E-5	4.928275E+0	-8.000000E-5	3.670000E-5	1.760000E-5	2.720000E-3	2.000000E-5	0.000000E+0	0.000000E+0	1.964247E-4	2.976042E-9	0.000000E+0	0.000000E+0	1.999959E+1	0.000000E+0	4.000000E+0
24-Apr-25	20:38:39	1.000000E-5	4.931275E+0	-8.000000E-5	3.665000E-5	1.760000E-5	2.720000E-3	2.000000E-5	0.000000E+0	0.000000E+0	1.964247E-4	2.976042E-9	0.000000E+0	0.000000E+0	1.999959E+1	0.000000E+0	4.000000E+0
24-Apr-25	20:38:39	1.000000E-5	4.933230E+0	-8.000000E-5	3.665000E-5	1.750000E-5	2.720000E-3	2.000000E-5	0.000000E+0	0.000000E+0	1.964247E-4	2.976042E-9	0.000000E+0	0.000000E+0	1.999959E+1	0.000000E+0	4.000000E+0
24-Apr-25	20:38:40	1.000000E-5	4.934850E+0	-8.000000E-5	3.670000E-5	1.755000E-5	2.720000E-3	2.000000E-5	0.000000E+0	0.000000E+0	1.964247E-4	2.976042E-9	0.000000E+0	0.000000E+0	1.999959E+1	0.000000E+0	4.000000E+0
24-Apr-25	20:38:40	1.000000E-5	4.935295E+0	-8.000000E-5	3.670000E-5	1.760000E-5	2.720000E-3	2.000000E-5	0.000000E+0	0.000000E+0	1.964247E-4	2.976042E-9	0.000000E+0	0.000000E+0	1.999959E+1	0.000000E+0	4.000000E+0
24-Apr-25	20:38:41	1.000000E-5	4.938260E+0	-8.000000E-5	3.670000E-5	1.755000E-5	2.720000E-3	2.000000E-5	0.000000E+0	0.000000E+0	1.964247E-4	2.976042E-9	0.000000E+0	0.000000E+0	1.999959E+1	0.000000E+0	4.000000E+0
24-Apr-25	20:38:41	1.000000E-5	4.940235E+0	-8.000000E-5	3.665000E-5	1.755000E-5	2.720000E-3	2.000000E-5	0.000000E+0	0.000000E+0	1.964247E-4	2.976042E-9	0.000000E+0	0.000000E+0	1.999959E+1	0.000000E+0	4.000000E+0
24-Apr-25	20:38:41	1.000000E-5	4.941820E+0	-8.000000E-5	3.665000E-5	1.760000E-5	2.720000E-3	2.000000E-5	0.000000E+0	0.000000E+0	1.964247E-4	2.976042E-9	0.000000E+0	0.000000E+0	1.999959E+1	0.000000E+0	4.000000E+0
24-Apr-25	20:38:42	1.000000E-5	4.943405E+0	-8.000000E-5	3.660000E-5	1.755000E-5	2.720000E-3	2.000000E-5	0.000000E+0	0.000000E+0	1.964247E-4	2.976042E-9	0.000000E+0	0.000000E+0	1.999959E+1	0.000000E+0	4.000000E+0
24-Apr-25	20:38:42	1.000000E-5	4.944985E+0	-8.000000E-5	3.665000E-5	1.755000E-5	2.720000E-3	2.000000E-5	0.000000E+0	0.000000E+0	1.964247E-4	2.976042E-9	0.000000E+0	0.000000E+0	1.999959E+1	0.000000E+0	4.000000E+0
24-Apr-25	20:38:43	1.000000E-5	4.946550E+0	-8.000000E-5	3.670000E-5	1.760000E-5	2.720000E-3	2.000000E-5	0.000000E+0	0.000000E+0	1.964247E-4	2.976042E-9	0.000000E+0	0.000000E+0	1.999959E+1	0.000000E+0	4.000000E+0
24-Apr-25	20:38:43	1.000000E-5	4.948310E+0	-8.000000E-5	3.665000E-5	1.765000E-5	2.720000E-3	2.000000E-5	0.000000E+0	0.000000E+0	1.964247E-4	2.976042E-9	0.000000E+0	0.000000E+0	1.999959E+1	0.000000E+0	4.000000E+0
24-Apr-25	20:38:44	1.000000E-5	4.950050E+0	-8.000000E-5	3.670000E-5	1.765000E-5	2.720000E-3	2.000000E-5	0.000000E+0	0.000000E+0	1.964247E-4	2.976042E-9	0.000000E+0	0.000000E+0	1.999959E+1	0.000000E+0	4.000000E+0
24-Apr-25	20:38:44	1.000000E-5	4.951785E+0	-8.000000E-5	3.665000E-5	1.760000E-5	2.720000E-3	2.000000E-5	0.000000E+0	0.000000E+0	1.964247E-4	2.976042E-9	0.000000E+0	0.000000E+0	1.999959E+1	0.000000E+0	4.000000E+0
24-Apr-25	20:38:45	1.000000E-5	4.953335E+0	-8.000000E-5	3.665000E-5	1.760000E-5	2.720000E-3	2.000000E-5	0.000000E+0	0.000000E+0	1.964247E-4	2.976042E-9	0.000000E+0	0.000000E+0	1.999959E+1	0.000000E+0	4.000000E+0
24-Apr-25	20:38:45	1.000000E-5	4.955055E+0	-8.000000E-5	3.665000E-5	1.760000E-5	2.720000E-3	2.000000E-5	0.000000E+0	0.000000E+0	1.964247E-4	2.976042E-9	0.000000E+0	0.000000E+0	1.999959E+1	0.000000E+0	4.000000E+0
24-Apr-25	20:38:46	1.000000E-5	4.956600E+0	-8.000000E-5	3.670000E-5	1.765000E-5	2.720000E-3	2.000000E-5	0.000000E+0	0.000000E+0	1.964247E-4	2.976042E-9	0.000000E+0	0.000000E+0	1.999959E+1	0.000000E+0	4.000000E+0
24-Apr-25	20:38:46	1.000000E-5	4.958315E+0	-8.000000E-5	3.670000E-5	1.765000E-5	2.720000E-3	2.000000E-5	0.000000E+0	0.000000E+0	1.964247E-4	2.976042E-9	0.000000E+0	0.000000E+0	1.999959E+1	0.000000E+0	4.000000E+0
24-Apr-25	20:38:47	1.000000E-5	4.959845E+0	-8.000000E-5	3.665000E-5	1.755000E-5	2.720000E-3	2.000000E-5	0.000000E+0	0.000000E+0	1.964247E-4	2.976042E-9	0.000000E+0	0.000000E+0	1.999959E+1	0.000000E+0	4.000000E+0
24-Apr-25	20:38:47	1.000000E-5	4.961435E+0	-8.000000E-5	3.665000E-5	1.755000E-5	2.720000E-3	2.000000E-5	0.000000E+0	0.000000E+0	1.964247E-4	2.976042E-9	0.000000E+0	0.000000E+0	1.999959E+1	0.000000E+0	4.000000E+0
24-Apr-25	20:38:48	1.000000E-5	4.962030E+0	-8.000000E-5	3.665000E-5	1.755000E-5	2.720000E-3	2.000000E-5	0.000000E+0	0.000000E+0	1.964247E-4	2.976042E-9	0.000000E+0	0.000000E+0	1.999959E+1	0.000000E+0	4.000000E+0
24-Apr-25	20:38:48	1.000000E-5	4.965345E+0	-8.000000E-5	3.665000E-5	1.760000E-5	2.720000E-3	2.000000E-5	0.000000E+0	0.000000E+0	1.964247E-4	2.976042E-9	0.000000E+0	0.000000E+0	1.999959E+1	0.000000E+0	4.000000E+0
24-Apr-25	20:38:49	1.000000E-5	4.966860E+0	-8.000000E-5	3.660000E-5	1.765000E-5	2.720000E-3	2.000000E-5	0.000000E+0	0.000000E+0	1.964247E-4	2.976042E-9	0.000000E+0	0.000000E+0	1.999959E+1	0.000000E+0	4.000000E+0
24-Apr-25	20:38:49	1.000000E-5	4.968545E+0	-8.000000E-5	3.665000E-5	1.755000E-5	2.720000E-3	2.000000E-5	0.000000E+0	0.000000E+0	1.964247E-4	2.976042E-9	0.000000E+0	0.000000E+0	1.999959E+1	0.000000E+0	4.000000E+0
24-Apr-25	20:38:50	1.000000E-5	4.968780E+0	-8.000000E-5	3.670000E-5	1.755000E-5	2.720000E-3	2.000000E-5	0.000000E+0	0.000000E+0	1.964247E-4	2.976042E-9	0.000000E+0	0.000000E+0	1.999959E+1	0.000000E+0	4.000000E+0
24-Apr-25	20:38:50	1.000000E-5	4.971540E+0	-8.000000E-5	3.670000E-5	1.765000E-5	2.720000E-3	2.000000E-5	0.000000E+0	0.000000E+0	1.964247E-4	2.976042E-9	0.000000E+0	0.000000E+0	1.999959E+1	0.000000E+0	4.000000E+0
24-Apr-25	20:38:51	1.000000E-5	4.973025E+0	-8.000000E-5	3.665000E-5	1.760000E-5	2.720000E-3	2.000000E-5	0.000000E+0	0.000000E+0	1.964247E-4	2.976042E-9	0.000000E+0	0.000000E+0	1.999959E+1	0.000000E+0	4.000000E+0
24-Apr-25	20:38:51	1.000000E-5	4.974575E+0	-8.000000E-5	3.660000E-5	1.760000E-5	2.720000E-3	2.000000E-5	0.000000E+0	0.000000E+0	1.964247E-4	2.976042E-9	0.000000E+0	0.000000E+0	1.999959E+1	0.000000E+0	4.000000E+0
24-Apr-25	20:38:52	1.000000E-5	4.976075E+0	-8.000000E-5	3.665000E-5	1.760000E-5	2.720000E-3	2.000000E-5	0.000000E+0	0.000000E+0	1.964247E-4	2.976042E-9	0.000000E+0	0.000000E+0	1.999959E+1	0.000000E+0	4.000000E+0
24-Apr-25	20:38:52	1.000000E-5	4.977895E+0	-8.000000E-5	3.665000E-5	1.760000E-5	2.720000E-3	2.000000E-5	0.000000E+0	0.000000E+0	1.964247E-4	2.976042E-9	0.000000E+0	0.000000E+0	1.999959E+1	0.000000E+0	4.000000E+0
24-Apr-25	20:38:53	1.000000E-5	4.978130E+0	-8.000000E-5	3.670000E-5	1.760000E-5	2.720000E-3	2.000000E-5	0.000000E+0	0.000000E+0	1.964247E-4	2.976042E-9	0.000000E+0	0.000000E+0	1.999959E+1	0.000000E+0	4.000000E+0
24-Apr-25	20:38:53	1.000000E-5	4.980840E+0	-8.000000E-5	3.670000E-5	1.760000E-5	2.720000E-3	2.000000E-5	0.000000E+0	0.000000E+0	1.964247E-4	2.976042E-9	0.000000E+0	0.000000E+0	1.999959E+1	0.000000E+0	4.000000E+0
24-Apr-25	20:38:54	1.000000E-5	4.982640E+0	-8.000000E-5	3.665000E-5	1.760000E-5	2.720000E-3	2.000000E-5	0.000000E+0	0.000000E+0	1.964247E-4	2.976042E-9	0.000000E+0	0.000000E+0	1.999959E+1	0.000000E+0	4.000000E+0
24-Apr-25	20:38:54	1.000000E-5	4.984095E+0	-8.000000E-5	3.665000E-5	1.760000E-5	2.720000E-3	2.000000E-5	0.000000E+0	0.000000E+0	1.964247E-4	2.976042E-9	0.000000E+0	0.000000E+0	1.999959E+1	0.000000E+0	4.000000E+0
24-Apr-25	20:38:54	1.000000E-5	4.985565E+0	-8.000000E-5	3.665000E-5	1.755000E-5	2.720000E-3	2.000000E-5	0.000000E+0	0.000000E+0	1.964247E-4	2.976042E-9	0.000000E+0	0.000000E+0	1.999959E+1	0.000000E+0	4.000000E+0
24-Apr-25	20:38:55	1.000000E-5	4.987025E+0	-8.000000E-5	3.665000E-5	1.750000E-5	2.720000E-3	2.000000E-5	0.000000E+0	0.000000E+0	1.964247E-4	2.976042E-9	0.000000E+0	0.000000E+0	1.999959E+1	0.000000E+0	4.000000E+0
24-Apr-25	20:38:55	1.000000E-5	4.988640E+0	-8.000000E-5	3.665000E-5	1.760000E-5	2.720000E-3	2.000000E-5	0.000000E+0	0.000000E+0	1.964247E-4	2.976042E-9	0.000000E+0	0.000000E+0	1.999959E+1	0.000000E+0	4.000000E+0
24-Apr-25	20:38:56	1.000000E-5	4.990090E+0	-8.000000E-5	3.660000E-5	1.760000E-5	2.720000E-3	2.000000E-5	0.000000E+0	0.000000E+0	1.964247E-4	2.976042E-9	0.000000E+0	0.000000E+0	1.999959E+1	0.000000E+0	4.000000E+0
24-Apr-25	20:38:56	1.000000E-5	4.992055E+0	-8.000000E-5	3.660000E-5	1.750000E-5	2.720000E-3	2.000000E-5	0.000000E+0	0.000000E+0	1.964247E-4	2.976042E-9	0.000000E+0	0.000000E+0	1.999959E+1	0.000000E+0	4.000000E+0
24-Apr-25	20:38:57	1.000000E-5	4.993500E+0	-8.000000E-5	3.665000E-5	1.750000E-5	2.720000E-3	2.000000E-5	0.000000E+0	0.000000E+0	1.964247E-4	2.976042E-9	0.000000E+0	0.000000E+0	1.999959E+1	0.000000E+0	4.000000E+0
24-Apr-25	20:38:57	1.000000E-5	4.993890E+0	-8.000000E-5	3.665000E-5	1.760000E-5	2.720000E-3	2.000000E-5	0.000000E+0	0.000000E+0	1.964247E-4	2.976042E-9	0.000000E+0	0.000000E+0	1.999959E+1	0.000000E+0	4.000000E+0
24-Apr-25	20:38:58	1.000000E-5	4.996835E+0	-8.000000E-5	3.665000E-5	1.755000E-5	2.720000E-3	2.000000E-5	0.000000E+0	0.000000E+0	1.964247E-4	2.976042E-9	0.000000E+0	0.000000E+0	1.999959E+1	0.000000E+0	4.000000E+0
24-Apr-25	20:38:58	1.000000E-5	4.998420E+0	-8.000000E-5	3.660000E-5	1.760000E-5	2.720000E-3	2.000000E-5	0.000000E+0	0.000000E+0	1.964247E-4	2.976042E-9	0.000000E+0	0.000000E+0	1.999959E+1	0.000000E+0	4.000000E+0
24-Apr-25	20:38:59	1.000000E-5	4.999820E+0	-8.000000E-5	3.665000E-5	1.760000E-5	2.720000E-3	2.000000E-5	0.000000E+0	0.000000E+0	1.964247E-4	2.976042E-9	0.000000E+0	0.000000E+0	1.999959E+1	0.000000E+0	4.000000E+0
24-Apr-25	20:38:59	1.000000E-5	5.001410E+0	-8.000000E-5	3.670000E-5	1.755000E-5	2.720000E-3	2.000000E-5	0.000000E+0	0.000000E+0	1.964247E-4	2.976042E-9	0.000000E+0	0.000000E+0	1.999959E+1	0.000000E+0	4.000000E+0
24-Apr-25	20:39:00	1.000000E-5	5.002815E+0	-8.000000E-5	3.670000E-5	1.755000E-5	2.720000E-3	2.000000E-5	0.000000E+0	0.000000E+0	1.964247E-4	2.976042E-9	0.000000E+0	0.000000E+0	1.999959E+1	0.000000E+0	4.000000E+0
24-Apr-25	20:39:00	1.000000E-5	5.004280E+0	-8.000000E-5	3.665000E-5	1.760000E-5	2.720000E-3	2.000000E-5	0.000000E+0	0.000000E+0	1.964247E-4	2.976042E-9	0.000000E+0	0.000000E+0	1.999959E+1	0.000000E+0	4.000000E+0
24-Apr-25	20:39:01	1.000000E-5	5.005700E+0	-8.000000E-5	3.660000E-5	1.760000E-5	2.720000E-3	2.000000E-5	0.000000E+0	0.000000E+0	1.964247E-4	2.976042E-9	0.000000E+0	0.000000E+0	1.999959E+1	0.000000E+0	4.000000E+0
24-Apr-25	20:39:01	1.000000E-5	5.007080E+0	-8.000000E-5	3.660000E-5	1.750000E-5	2.720000E-3	2.000000E-5	0.000000E+0	0.000000E+0	1.964247E-4	2.976042E-9	0.000000E+0	0.000000E+0	1.999959E+1	0.000000E+0	4.000000E+0
24-Apr-25	20:39:02	1.000000E-5	5.008630E+0	-8.000000E-5	3.665000E-5	1.760000E-5	2.720000E-3	2.000000E-5	0.000000E+0	0.000000E+0	1.964247E-4	2.976042E-9	0.000000E+0	0.000000E+0	1.999959E+1	0.000000E+0	4.000000E+0
24-Apr-25	20:39:02	1.000000E-5	5.008870E+0	-8.000000E-5	3.670000E-5	1.765000E-5	2.720000E-3	2.000000E-5	0.000000E+0	0.000000E+0	1.964247E-4	2.976042E-9	0.000000E+0	0.000000E+0	1.999959E+1	0.000000E+0	4.000000E+0
24-Apr-25	20:39:03	1.000000E-5	5.011450E+0	-8.000000E-5	3.660000E-5	1.755000E-5	2.720000E-3	2.000000E-5	0.000000E+0	0.000000E+0	1.964247E-4	2.976042E-9	0.000000E+0	0.000000E+0	1.999959E+1	0.000000E+0	4.000000E+0
24-Apr-25	20:39:03	1.000000E-5	5.013215E+0	-8.000000E-5	3.660000E-5	1.755000E-5	2.720000E-3	2.000000E-5	0.000000E+0	0.000000E+0	1.964247E-4	2.976042E-9	0.000000E+0	0.000000E+0	1.999959E+1	0.000000E+0	4.000000E+0
24-Apr-25	20:39:04	1.000000E-5	5.014620E+0	-8.000000E-5	3.670000E-5	1.755000E-5	2.720000E-3	2.000000E-5	0.000000E+0	0.000000E+0	1.964247E-4	2.976042E-9	0.000000E+0	0.000000E+0	1.999959E+1	0.000000E+0	4.000000E+0
24-Apr-25	20:39:04	1.000000E-5	5.016030E+0	-8.000000E-5	3.670000E-5	1.765000E-5	2.720000E-3	2.000000E-5	0.000000E+0	0.000000E+0	1.964247E-4	2.976042E-9	0.000000E+0	0.000000E+0	1.999959E+1	0.000000E+0	4.000000E+0
24-Apr-25	20:39:05	1.000000E-5	5.017420E+0	-8.000000E-5	3.660000E-5	1.765000E-5	2.720000E-3	2.000000E-5	0.000000E+0	0.000000E+0	1.964247E-4	2.976042E-9	0.000000E+0	0.000000E+0	1.999959E+1	0.000000E+0	4.000000E+0
24-Apr-25	20:39:05	1.000000E-5	5.018960E+0	-8.000000E-5	3.655000E-5	1.760000E-5	2.720000E-3	2.000000E-5	0.000000E+0	0.000000E+0	1.964247E-4	2.976042E-9	0.000000E+0	0.000000E+0	1.999959E+1	0.000000E+0	4.000000E+0
24-Apr-25	20:39:06	1.000000E-5	5.020360E+0	-8.000000E-5	3.660000E-5	1.755000E-5	2.720000E-3	2.000000E-5	0.000000E+0	0.000000E+0	1.964247E-4	2.976042E-9	0.000000E+0	0.000000E+0	1.999959E+1	0.000000E+0	4.000000E+0
24-Apr-25	20:39:06	1.000000E-5	5.022070E+0	-8.000000E-5	3.665000E-5	1.750000E-5	2.720000E-3	2.000000E-5	0.000000E+0	0.000000E+0	1.964247E-4	2.976042E-9	0.000000E+0	0.000000E+0	1.999959E+1	0.000000E+0	4.000000E+0
24-Apr-25	20:39:07	1.000000E-5	5.023480E+0	-8.000000E-5	3.670000E-5	1.755000E-5	2.720000E-3	2.000000E-5	0.000000E+0	0.000000E+0	1.964247E-4	2.976042E-9	0.000000E+0	0.000000E+0	1.999959E+1	0.000000E+0	4.000000E+0
24-Apr-25	20:39:07	1.000000E-5	5.024885E+0	-8.000000E-5	3.665000E-5	1.755000E-5	2.720000E-3	2.000000E-5	0.000000E+0	0.000000E+0	1.964247E-4	2.976042E-9	0.000000E+0	0.000000E+0	1.999959E+1	0.000000E+0	4.000000E+0
24-Apr-25	20:39:07	1.000000E-5	5.026440E+0	-8.000000E-5	3.660000E-5	1.760000E-5	2.720000E-3	2.000000E-5	0.000000E+0	0.000000E+0	1.964247E-4	2.976042E-9	0.000000E+0	0.000000E+0	1.999959E+1	0.000000E+0	4.000000E+0
24-Apr-25	20:39:08	1.000000E-5	5.027865E+0	-8.000000E-5	3.660000E-5	1.765000E-5	2.720000E-3	2.000000E-5	0.000000E+0	0.000000E+0	1.964247E-4	2.976042E-9	0.000000E+0	0.000000E+0	1.999959E+1	0.000000E+0	4.000000E+0
24-Apr-25	20:39:08	1.000000E-5	5.029270E+0	-8.000000E-5	3.665000E-5	1.755000E-5	2.720000E-3	2.000000E-5	0.000000E+0	0.000000E+0	1.964247E-4	2.976042E-9	0.000000E+0	0.000000E+0	1.999959E+1	0.000000E+0	4.000000E+0
24-Apr-25	20:39:09	1.000000E-5	5.031050E+0	-8.000000E-5	3.665000E-5	1.755000E-5	2.720000E-3	2.000000E-5	0.000000E+0	0.000000E+0	1.964247E-4	2.976042E-9	0.000000E+0	0.000000E+0	1.999959E+1	0.000000E+0	4.000000E+0
24-Apr-25	20:39:09	1.000000E-5	5.032490E+0	-8.000000E-5	3.665000E-5	1.755000E-5	2.720000E-3	2.000000E-5	0.000000E+0	0.000000E+0	1.964247E-4	2.976042E-9	0.000000E+0	0.000000E+0	1.999959E+1	0.000000E+0	4.000000E+0
24-Apr-25	20:39:10	1.000000E-5	5.034060E+0	-8.000000E-5	3.670000E-5	1.755000E-5	2.720000E-3	2.000000E-5	0.000000E+0	0.000000E+0	1.964247E-4	2.976042E-9	0.000000E+0	0.000000E+0	1.999959E+1	0.000000E+0	4.000000E+0
24-Apr-25	20:39:10	1.000000E-5	5.035510E+0	-8.000000E-5	3.670000E-5	1.760000E-5	2.720000E-3	2.000000E-5	0.000000E+0	0.000000E+0	1.964247E-4	2.976042E-9	0.000000E+0	0.000000E+0	1.999959E+1	0.000000E+0	4.000000E+0
24-Apr-25	20:39:11	1.000000E-5	5.037275E+0	-8.000000E-5	3.670000E-5	1.760000E-5	2.720000E-3	2.000000E-5	0.000000E+0	0.000000E+0	1.964247E-4	2.976042E-9	0.000000E+0	0.000000E+0	1.999959E+1	0.000000E+0	4.000000E+0
24-Apr-25	20:39:11	1.000000E-5	5.038735E+0	-8.000000E-5	3.665000E-5	1.755000E-5	2.720000E-3	2.000000E-5	0.000000E+0	0.000000E+0	1.964247E-4	2.976042E-9	0.000000E+0	0.000000E+0	1.999959E+1	0.000000E+0	4.000000E+0
24-Apr-25	20:39:12	1.000000E-5	5.040180E+0	-8.000000E-5	3.660000E-5	1.755000E-5	2.720000E-3	2.000000E-5	0.000000E+0	0.000000E+0	1.964247E-4	2.976042E-9	0.000000E+0	0.000000E+0	1.999959E+1	0.000000E+0	4.000000E+0
24-Apr-25	20:39:12	1.000000E-5	5.041810E+0	-8.000000E-5	3.660000E-5	1.750000E-5	2.720000E-3	2.000000E-5	0.000000E+0	0.000000E+0	1.964247E-4	2.976042E-9	0.000000E+0	0.000000E+0	1.999959E+1	0.000000E+0	4.000000E+0
24-Apr-25	20:39:13	1.000000E-5	5.043290E+0	-8.000000E-5	3.670000E-5	1.745000E-5	2.720000E-3	2.000000E-5	0.000000E+0	0.000000E+0	1.964247E-4	2.976042E-9	0.000000E+0	0.000000E+0	1.999959E+1	0.000000E+0	4.000000E+0
24-Apr-25	20:39:13	1.000000E-5	5.044790E+0	-8.000000E-5	3.670000E-5	1.755000E-5	2.720000E-3	2.000000E-5	0.000000E+0	0.000000E+0	1.964247E-4	2.976042E-9	0.000000E+0	0.000000E+0	1.999959E+1	0.000000E+0	4.000000E+0
24-Apr-25	20:39:14	1.000000E-5	5.046300E+0	-8.000000E-5	3.670000E-5	1.760000E-5	2.720000E-3	2.000000E-5	0.000000E+0	0.000000E+0	1.964247E-4	2.976042E-9	0.000000E+0	0.000000E+0	1.999959E+1	0.000000E+0	4.000000E+0
24-Apr-25	20:39:14	1.000000E-5	5.047825E+0	-8.000000E-5	3.665000E-5	1.760000E-5	2.720000E-3	2.000000E-5	0.000000E+0	0.000000E+0	1.964247E-4	2.976042E-9	0.000000E+0	0.000000E+0	1.999959E+1	0.000000E+0	4.000000E+0
24-Apr-25	20:39:15	1.000000E-5	5.049345E+0	-8.000000E-5	3.660000E-5	1.755000E-5	2.720000E-3	2.000000E-5	0.000000E+0	0.000000E+0	1.964247E-4	2.976042E-9	0.000000E+0	0.000000E+0	1.999959E+1	0.000000E+0	4.000000E+0
24-Apr-25	20:39:15	1.000000E-5	5.050870E+0	-8.000000E-5	3.665000E-5	1.755000E-5	2.720000E-3	2.000000E-5	0.000000E+0	0.000000E+0	1.964247E-4	2.976042E-9	0.000000E+0	0.000000E+0	1.999959E+1	0.000000E+0	4.000000E+0
24-Apr-25	20:39:16	1.000000E-5	5.052580E+0	-8.000000E-5	3.665000E-5	1.755000E-5	2.720000E-3	2.000000E-5	0.000000E+0	0.000000E+0	1.964247E-4	2.976042E-9	0.000000E+0	0.000000E+0	1.999959E+1	0.000000E+0	4.000000E+0
24-Apr-25	20:39:16	1.000000E-5	5.054125E+0	-8.000000E-5	3.665000E-5	1.755000E-5	2.720000E-3	2.000000E-5	0.000000E+0	0.000000E+0	1.964247E-4	2.976042E-9	0.000000E+0	0.000000E+0	1.999959E+1	0.000000E+0	4.000000E+0
24-Apr-25	20:39:16	1.000000E-5	5.055685E+0	-8.000000E-5	3.665000E-5	1.755000E-5	2.720000E-3	2.000000E-5	0.000000E+0	0.000000E+0	1.964247E-4	2.976042E-9	0.000000E+0	0.000000E+0	1.999959E+1	0.000000E+0	4.000000E+0
24-Apr-25	20:39:17	1.000000E-5	5.057250E+0	-8.000000E-5	3.660000E-5	1.755000E-5	2.720000E-3	2.000000E-5	0.000000E+0	0.000000E+0	1.964247E-4	2.976042E-9	0.000000E+0	0.000000E+0	1.999959E+1	0.000000E+0	4.000000E+0
24-Apr-25	20:39:17	1.000000E-5	5.058880E+0	-8.000000E-5	3.665000E-5	1.760000E-5	2.720000E-3	2.000000E-5	0.000000E+0	0.000000E+0	1.964247E-4	2.976042E-9	0.000000E+0	0.000000E+0	1.999959E+1	0.000000E+0	4.000000E+0
24-Apr-25	20:39:18	1.000000E-5	5.060455E+0	-8.000000E-5	3.660000E-5	1.765000E-5	2.720000E-3	2.000000E-5	0.000000E+0	0.000000E+0	1.964247E-4	2.976042E-9	0.000000E+0	0.000000E+0	1.999959E+1	0.000000E+0	4.000000E+0
24-Apr-25	20:39:18	1.000000E-5	5.062050E+0	-8.000000E-5	3.665000E-5	1.755000E-5	2.720000E-3	2.000000E-5	0.000000E+0	0.000000E+0	1.964247E-4	2.976042E-9	0.000000E+0	0.000000E+0	1.999959E+1	0.000000E+0	4.000000E+0
24-Apr-25	20:39:19	1.000000E-5	5.063830E+0	-8.000000E-5	3.670000E-5	1.755000E-5	2.720000E-3	2.000000E-5	0.000000E+0	0.000000E+0	1.964247E-4	2.976042E-9	0.000000E+0	0.000000E+0	1.999959E+1	0.000000E+0	4.000000E+0
24-Apr-25	20:39:19	1.000000E-5	5.065435E+0	-8.000000E-5	3.670000E-5	1.755000E-5	2.720000E-3	2.000000E-5	0.000000E+0	0.000000E+0	1.964247E-4	2.976042E-9	0.000000E+0	0.000000E+0	1.999959E+1	0.000000E+0	4.000000E+0
24-Apr-25	20:39:20	1.000000E-5	5.067600E+0	-8.000000E-5	3.660000E-5	1.755000E-5	2.720000E-3	2.000000E-5	0.000000E+0	0.000000E+0	1.964247E-4	2.976042E-9	0.000000E+0	0.000000E+0	1.999959E+1	0.000000E+0	4.000000E+0
24-Apr-25	20:39:20	1.000000E-5	5.067875E+0	-8.000000E-5	3.660000E-5	1.760000E-5	2.720000E-3	2.000000E-5	0.000000E+0	0.000000E+0	1.964247E-4	2.976042E-9	0.000000E+0	0.000000E+0	1.999959E+1	0.000000E+0	4.000000E+0
24-Apr-25	20:39:21	1.000000E-5	5.071210E+0	-8.000000E-5	3.660000E-5	1.755000E-5	2.720000E-3	2.000000E-5	0.000000E+0	0.000000E+0	1.964247E-4	2.976042E-9	0.000000E+0	0.000000E+0	1.999959E+1	0.000000E+0	4.000000E+0
24-Apr-25	20:39:21	1.000000E-5	5.073190E+0	-8.000000E-5	3.665000E-5	1.750000E-5	2.720000E-3	2.000000E-5	0.000000E+0	0.000000E+0	1.964247E-4	2.976042E-9	0.000000E+0	0.000000E+0	1.999959E+1	0.000000E+0	4.000000E+0
24-Apr-25	20:39:22	1.000000E-5	5.074800E+0	-8.000000E-5	3.670000E-5	1.755000E-5	2.720000E-3	2.000000E-5	0.000000E+0	0.000000E+0	1.964247E-4	2.976042E-9	0.000000E+0	0.000000E+0	1.999959E+1	0.000000E+0	4.000000E+0
24-Apr-25	20:39:22	1.000000E-5	5.076405E+0	-8.000000E-5	3.665000E-5	1.760000E-5	2.720000E-3	2.000000E-5	0.000000E+0	0.000000E+0	1.964247E-4	2.976042E-9	0.000000E+0	0.000000E+0	1.999959E+1	0.000000E+0	4.000000E+0
24-Apr-25	20:39:23	1.000000E-5	5.078200E+0	-8.000000E-5	3.660000E-5	1.760000E-5	2.720000E-3	2.000000E-5	0.000000E+0	0.000000E+0	1.964247E-4	2.976042E-9	0.000000E+0	0.000000E+0	1.999959E+1	0.000000E+0	4.000000E+0
24-Apr-25	20:39:23	1.000000E-5	5.079840E+0	-8.000000E-5	3.665000E-5	1.760000E-5	2.720000E-3	2.000000E-5	0.000000E+0	0.000000E+0	1.964247E-4	2.976042E-9	0.000000E+0	0.000000E+0	1.999959E+1	0.000000E+0	4.000000E+0
24-Apr-25	20:39:24	1.000000E-5	5.081415E+0	-8.000000E-5	3.665000E-5	1.760000E-5	2.720000E-3	2.000000E-5	0.000000E+0	0.000000E+0	1.964247E-4	2.976042E-9	0.000000E+0	0.000000E+0	1.999959E+1	0.000000E+0	4.000000E+0
24-Apr-25	20:39:24	1.000000E-5	5.083020E+0	-8.000000E-5	3.665000E-5	1.755000E-5	2.720000E-3	2.000000E-5	0.000000E+0	0.000000E+0	1.964247E-4	2.976042E-9	0.000000E+0	0.000000E+0	1.999959E+1	0.000000E+0	4.000000E+0
24-Apr-25	20:39:25	1.000000E-5	5.084595E+0	-8.000000E-5	3.670000E-5	1.755000E-5	2.720000E-3	2.000000E-5	0.000000E+0	0.000000E+0	1.964247E-4	2.976042E-9	0.000000E+0	0.000000E+0	1.999959E+1	0.000000E+0	4.000000E+0
24-Apr-25	20:39:25	1.000000E-5	5.085035E+0	-8.000000E-5	3.670000E-5	1.755000E-5	2.720000E-3	2.000000E-5	0.000000E+0	0.000000E+0	1.964247E-4	2.976042E-9	0.000000E+0	0.000000E+0	1.999959E+1	0.000000E+0	4.000000E+0
24-Apr-25	20:39:26	1.000000E-5	5.088115E+0	-8.000000E-5	3.665000E-5	1.755000E-5	2.720000E-3	2.000000E-5	0.000000E+0	0.000000E+0	1.964247E-4	2.976042E-9	0.000000E+0	0.000000E+0	1.999959E+1	0.000000E+0	4.000000E+0
24-Apr-25	20:39:26	1.000000E-5	5.089890E+0	-8.000000E-5	3.655000E-5	1.755000E-5	2.720000E-3	2.000000E-5	0.000000E+0	0.000000E+0	1.964247E-4	2.976042E-9	0.000000E+0	0.000000E+0	1.999959E+1	0.000000E+0	4.000000E+0
24-Apr-25	20:39:27	1.000000E-5	5.091465E+0	-8.000000E-5	3.665000E-5	1.755000E-5	2.720000E-3	2.000000E-5	0.000000E+0	0.000000E+0	1.964247E-4	2.976042E-9	0.000000E+0	0.000000E+0	1.999959E+1	0.000000E+0	4.000000E+0
24-Apr-25	20:39:27	1.000000E-5	5.093010E+0	-8.000000E-5	3.665000E-5	1.765000E-5	2.720000E-3	2.000000E-5	0.000000E+0	0.000000E+0	1.964247E-4	2.976042E-9	0.000000E+0	0.000000E+0	1.999959E+1	0.000000E+0	4.000000E+0
24-Apr-25	20:39:27	1.000000E-5	5.094560E+0	-8.000000E-5	3.660000E-5	1.760000E-5	2.720000E-3	2.000000E-5	0.000000E+0	0.000000E+0	1.964247E-4	2.976042E-9	0.000000E+0	0.000000E+0	1.999959E+1	0.000000E+0	4.000000E+0
24-Apr-25	20:39:28	1.000000E-5	5.095010E+0	-8.000000E-5	3.665000E-5	1.750000E-5	2.720000E-3	2.000000E-5	0.000000E+0	0.000000E+0	1.964247E-4	2.976042E-9	0.000000E+0	0.000000E+0	1.999959E+1	0.000000E+0	4.000000E+0
24-Apr-25	20:39:29	1.000000E-5	5.098085E+0	-8.000000E-5	3.670000E-5	1.755000E-5	2.720000E-3	2.000000E-5	0.000000E+0	0.000000E+0	1.964247E-4	2.976042E-9	0.000000E+0	0.000000E+0	1.999959E+1	0.000000E+0	4.000000E+0
24-Apr-25	20:39:29	1.000000E-5	5.099970E+0	-8.000000E-5	3.670000E-5	1.755000E-5	2.720000E-3	2.000000E-5	0.000000E+0	0.000000E+0	1.964247E-4	2.976042E-9	0.000000E+0	0.000000E+0	1.999959E+1	0.000000E+0	4.000000E+0
24-Apr-25	20:39:30	1.000000E-5	5.101660E+0	-8.000000E-5	3.670000E-5	1.755000E-5	2.720000E-3	2.000000E-5	0.000000E+0	0.000000E+0	1.964247E-4	2.976042E-9	0.000000E+0	0.000000E+0	1.999959E+1	0.000000E+0	4.000000E+0
24-Apr-25	20:39:30	1.000000E-5	5.101925E+0	-8.000000E-5	3.665000E-5	1.760000E-5	2.720000E-3	2.000000E-5	0.000000E+0	0.000000E+0	1.964247E-4	2.976042E-9	0.000000E+0	0.000000E+0	1.999959E+1	0.000000E+0	4.000000E+0
24-Apr-25	20:39:30	1.000000E-5	5.104785E+0	-8.000000E-5	3.660000E-5	1.755000E-5	2.720000E-3	2.000000E-5	0.000000E+0	0.000000E+0	1.964247E-4	2.976042E-9	0.000000E+0	0.000000E+0	1.999959E+1	0.000000E+0	4.000000E+0
24-Apr-25	20:39:31	1.000000E-5	5.106635E+0	-8.000000E-5	3.670000E-5	1.745000E-5	2.720000E-3	2.000000E-5	0.000000E+0	0.000000E+0	1.964247E-4	2.976042E-9	0.000000E+0	0.000000E+0	1.999959E+1	0.000000E+0	4.000000E+0
24-Apr-25	20:39:31	1.000000E-5	5.108165E+0	-8.000000E-5	3.675000E-5	1.755000E-5	2.720000E-3	2.000000E-5	0.000000E+0	0.000000E+0	1.964247E-4	2.976042E-9	0.000000E+0	0.000000E+0	1.999959E+1	0.000000E+0	4.000000E+0
24-Apr-25	20:39:32	1.000000E-5	5.109845E+0	-8.000000E-5	3.670000E-5	1.765000E-5	2.720000E-3	2.000000E-5	0.000000E+0	0.000000E+0	1.964247E-4	2.976042E-9	0.000000E+0	0.000000E+0	1.999959E+1	0.000000E+0	4.000000E+0
24-Apr-25	20:39:32	1.000000E-5	5.111345E+0	-8.000000E-5	3.665000E-5	1.765000E-5	2.720000E-3	2.000000E-5	0.000000E+0	0.000000E+0	1.964247E-4	2.976042E-9	0.000000E+0	0.000000E+0	1.999959E+1	0.000000E+0	4.000000E+0
24-Apr-25	20:39:33	1.000000E-5	5.111590E+0	-8.000000E-5	3.665000E-5	1.755000E-5	2.720000E-3	2.000000E-5	0.000000E+0	0.000000E+0	1.964247E-4	2.976042E-9	0.000000E+0	0.000000E+0	1.999959E+1	0.000000E+0	4.000000E+0
24-Apr-25	20:39:33	1.000000E-5	5.114570E+0	-8.000000E-5	3.665000E-5	1.750000E-5	2.720000E-3	2.000000E-5	0.000000E+0	0.000000E+0	1.964247E-4	2.976042E-9	0.000000E+0	0.000000E+0	1.999959E+1	0.000000E+0	4.000000E+0
24-Apr-25	20:39:34	1.000000E-5	5.115905E+0	-8.000000E-5	3.665000E-5	1.760000E-5	2.720000E-3	2.000000E-5	0.000000E+0	0.000000E+0	1.964247E-4	2.976042E-9	0.000000E+0	0.000000E+0	1.999959E+1	0.000000E+0	4.000000E+0
24-Apr-25	20:39:34	1.000000E-5	5.117565E+0	-8.000000E-5	3.665000E-5	1.770000E-5	2.720000E-3	2.000000E-5	0.000000E+0	0.000000E+0	1.964247E-4	2.976042E-9	0.000000E+0	0.000000E+0	1.999959E+1	0.000000E+0	4.000000E+0
24-Apr-25	20:39:35	1.000000E-5	5.119050E+0	-8.000000E-5	3.665000E-5	1.760000E-5	2.720000E-3	2.000000E-5	0.000000E+0	0.000000E+0	1.964247E-4	2.976042E-9	0.000000E+0	0.000000E+0	1.999959E+1	0.000000E+0	4.000000E+0
24-Apr-25	20:39:35	1.000000E-5	5.120685E+0	-8.000000E-5	3.670000E-5	1.760000E-5	2.720000E-3	2.000000E-5	0.000000E+0	0.000000E+0	1.964247E-4	2.976042E-9	0.000000E+0	0.000000E+0	1.999959E+1	0.000000E+0	4.000000E+0
24-Apr-25	20:39:36	1.000000E-5	5.122320E+0	-8.000000E-5	3.670000E-5	1.760000E-5	2.720000E-3	2.000000E-5	0.000000E+0	0.000000E+0	1.964247E-4	2.976042E-9	0.000000E+0	0.000000E+0	1.999959E+1	0.000000E+0	4.000000E+0
24-Apr-25	20:39:36	1.000000E-5	5.123790E+0	-8.000000E-5	3.660000E-5	1.755000E-5	2.720000E-3	2.000000E-5	0.000000E+0	0.000000E+0	1.964247E-4	2.976042E-9	0.000000E+0	0.000000E+0	1.999959E+1	0.000000E+0	4.000000E+0
24-Apr-25	20:39:37	1.000000E-5	5.125285E+0	-8.000000E-5	3.665000E-5	1.755000E-5	2.720000E-3	2.000000E-5	0.000000E+0	0.000000E+0	1.964247E-4	2.976042E-9	0.000000E+0	0.000000E+0	1.999959E+1	0.000000E+0	4.000000E+0
24-Apr-25	20:39:37	1.000000E-5	5.127105E+0	-8.000000E-5	3.670000E-5	1.760000E-5	2.720000E-3	2.000000E-5	0.000000E+0	0.000000E+0	1.964247E-4	2.976042E-9	0.000000E+0	0.000000E+0	1.999959E+1	0.000000E+0	4.000000E+0
24-Apr-25	20:39:38	1.000000E-5	5.127500E+0	-8.000000E-5	3.665000E-5	1.760000E-5	2.720000E-3	2.000000E-5	0.000000E+0	0.000000E+0	1.964247E-4	2.976042E-9	0.000000E+0	0.000000E+0	1.999959E+1	0.000000E+0	4.000000E+0
24-Apr-25	20:39:38	1.000000E-5	5.130320E+0	-8.000000E-5	3.665000E-5	1.755000E-5	2.720000E-3	2.000000E-5	0.000000E+0	0.000000E+0	1.964247E-4	2.976042E-9	0.000000E+0	0.000000E+0	1.999959E+1	0.000000E+0	4.000000E+0
24-Apr-25	20:39:39	1.000000E-5	5.131605E+0	-8.000000E-5	3.665000E-5	1.750000E-5	2.720000E-3	2.000000E-5	0.000000E+0	0.000000E+0	1.964247E-4	2.976042E-9	0.000000E+0	0.000000E+0	1.999959E+1	0.000000E+0	4.000000E+0
24-Apr-25	20:39:39	1.000000E-5	5.133215E+0	-8.000000E-5	3.665000E-5	1.755000E-5	2.720000E-3	2.000000E-5	0.000000E+0	0.000000E+0	1.964247E-4	2.976042E-9	0.000000E+0	0.000000E+0	1.999959E+1	0.000000E+0	4.000000E+0
24-Apr-25	20:39:40	1.000000E-5	5.134700E+0	-8.000000E-5	3.665000E-5	1.755000E-5	2.720000E-3	2.000000E-5	0.000000E+0	0.000000E+0	1.964247E-4	2.976042E-9	0.000000E+0	0.000000E+0	1.999959E+1	0.000000E+0	4.000000E+0
24-Apr-25	20:39:40	1.000000E-5	5.136145E+0	-8.000000E-5	3.665000E-5	1.760000E-5	2.720000E-3	2.000000E-5	0.000000E+0	0.000000E+0	1.964247E-4	2.976042E-9	0.000000E+0	0.000000E+0	1.999959E+1	0.000000E+0	4.000000E+0
24-Apr-25	20:39:40	1.000000E-5	5.137720E+0	-8.000000E-5	3.665000E-5	1.760000E-5	2.720000E-3	2.000000E-5	0.000000E+0	0.000000E+0	1.964247E-4	2.976042E-9	0.000000E+0	0.000000E+0	1.999959E+1	0.000000E+0	4.000000E+0
24-Apr-25	20:39:41	1.000000E-5	5.139160E+0	-8.000000E-5	3.665000E-5	1.755000E-5	2.720000E-3	2.000000E-5	0.000000E+0	0.000000E+0	1.964247E-4	2.976042E-9	0.000000E+0	0.000000E+0	1.999959E+1	0.000000E+0	4.000000E+0
24-Apr-25	20:39:41	1.000000E-5	5.140570E+0	-8.000000E-5	3.670000E-5	1.755000E-5	2.720000E-3	2.000000E-5	0.000000E+0	0.000000E+0	1.964247E-4	2.976042E-9	0.000000E+0	0.000000E+0	1.999959E+1	0.000000E+0	4.000000E+0
24-Apr-25	20:39:42	1.000000E-5	5.141990E+0	-8.000000E-5	3.670000E-5	1.760000E-5	2.720000E-3	2.000000E-5	0.000000E+0	0.000000E+0	1.964247E-4	2.976042E-9	0.000000E+0	0.000000E+0	1.999959E+1	0.000000E+0	4.000000E+0
24-Apr-25	20:39:42	1.000000E-5	5.142830E+0	-8.000000E-5	3.670000E-5	1.765000E-5	2.720000E-3	2.000000E-5	0.000000E+0	0.000000E+0	1.964247E-4	2.976042E-9	0.000000E+0	0.000000E+0	1.999959E+1	0.000000E+0	4.000000E+0
24-Apr-25	20:39:43	1.000000E-5	5.133635E+0	-8.000000E-5	3.665000E-5	1.755000E-5	2.720000E-3	2.000000E-5	0.000000E+0	0.000000E+0	1.964247E-4	2.976042E-9	0.000000E+0	0.000000E+0	1.999959E+1	0.000000E+0	4.000000E+0
24-Apr-25	20:39:44	1.000000E-5	5.123630E+0	-8.000000E-5	3.670000E-5	1.755000E-5	2.720000E-3	2.000000E-5	0.000000E+0	0.000000E+0	1.964247E-4	2.976042E-9	0.000000E+0	0.000000E+0	1.999959E+1	0.000000E+0	4.000000E+0
24-Apr-25	20:39:44	1.000000E-5	5.114625E+0	-8.000000E-5	3.675000E-5	1.750000E-5	2.720000E-3	2.000000E-5	0.000000E+0	0.000000E+0	1.964247E-4	2.976042E-9	0.000000E+0	0.000000E+0	1.999959E+1	0.000000E+0	4.000000E+0
24-Apr-25	20:39:45	1.000000E-5	5.105610E+0	-8.000000E-5	3.680000E-5	1.755000E-5	2.720000E-3	2.000000E-5	0.000000E+0	0.000000E+0	1.964247E-4	2.976042E-9	0.000000E+0	0.000000E+0	1.999959E+1	0.000000E+0	4.000000E+0
24-Apr-25	20:39:45	1.000000E-5	5.097540E+0	-8.000000E-5	3.675000E-5	1.760000E-5	2.720000E-3	2.000000E-5	0.000000E+0	0.000000E+0	1.964247E-4	2.976042E-9	0.000000E+0	0.000000E+0	1.999959E+1	0.000000E+0	4.000000E+0
24-Apr-25	20:39:45	1.000000E-5	5.088535E+0	-8.000000E-5	3.680000E-5	1.765000E-5	2.720000E-3	2.000000E-5	0.000000E+0	0.000000E+0	1.964247E-4	2.976042E-9	0.000000E+0	0.000000E+0	1.999959E+1	0.000000E+0	4.000000E+0
24-Apr-25	20:39:46	1.000000E-5	5.079555E+0	-8.000000E-5	3.680000E-5	1.755000E-5	2.720000E-3	2.000000E-5	0.000000E+0	0.000000E+0	1.964247E-4	2.976042E-9	0.000000E+0	0.000000E+0	1.999959E+1	0.000000E+0	4.000000E+0
24-Apr-25	20:39:46	1.000000E-5	5.070580E+0	-8.000000E-5	3.690000E-5	1.755000E-5	2.720000E-3	2.000000E-5	0.000000E+0	0.000000E+0	1.964247E-4	2.976042E-9	0.000000E+0	0.000000E+0	1.999959E+1	0.000000E+0	4.000000E+0
24-Apr-25	20:39:47	1.000000E-5	5.061575E+0	-8.000000E-5	3.705000E-5	1.755000E-5	2.720000E-3	2.000000E-5	0.000000E+0	0.000000E+0	1.964247E-4	2.976042E-9	0.000000E+0	0.000000E+0	1.999959E+1	0.000000E+0	4.000000E+0
24-Apr-25	20:39:47	1.000000E-5	5.052590E+0	-8.000000E-5	3.705000E-5	1.750000E-5	2.720000E-3	2.000000E-5	0.000000E+0	0.000000E+0	1.964247E-4	2.976042E-9	0.000000E+0	0.000000E+0	1.999959E+1	0.000000E+0	4.000000E+0
24-Apr-25	20:39:48	1.000000E-5	5.043600E+0	-8.000000E-5	3.705000E-5	1.750000E-5	2.720000E-3	2.000000E-5	0.000000E+0	0.000000E+0	1.964247E-4	2.976042E-9	0.000000E+0	0.000000E+0	1.999959E+1	0.000000E+0	4.000000E+0
24-Apr-25	20:39:49	1.000000E-5	5.033710E+0	-8.000000E-5	3.705000E-5	1.750000E-5	2.720000E-3	2.000000E-5	0.000000E+0	0.000000E+0	1.964247E-4	2.976042E-9	0.000000E+0	0.000000E+0	1.999959E+1	0.000000E+0	4.000000E+0
24-Apr-25	20:39:49	1.000000E-5	5.023840E+0	-8.000000E-5	3.705000E-5	1.755000E-5	2.720000E-3	2.000000E-5	0.000000E+0	0.000000E+0	1.964247E-4	2.976042E-9	0.000000E+0	0.000000E+0	1.999959E+1	0.000000E+0	4.000000E+0
24-Apr-25	20:39:50	1.000000E-5	5.015755E+0	-8.000000E-5	3.715000E-5	1.755000E-5	2.720000E-3	2.000000E-5	0.000000E+0	0.000000E+0	1.964247E-4	2.976042E-9	0.000000E+0	0.000000E+0	1.999959E+1	0.000000E+0	4.000000E+0
24-Apr-25	20:39:50	1.000000E-5	5.006445E+0	-8.000000E-5	3.715000E-5	1.755000E-5	2.720000E-3	2.000000E-5	0.000000E+0	0.000000E+0	1.964247E-4	2.976042E-9	0.000000E+0	0.000000E+0	1.999959E+1	0.000000E+0	4.000000E+0
24-Apr-25	20:39:51	1.000000E-5	4.997430E+0	-8.000000E-5	3.720000E-5	1.750000E-5	2.720000E-3	2.000000E-5	0.000000E+0	0.000000E+0	1.964247E-4	2.976042E-9	0.000000E+0	0.000000E+0	1.999959E+1	0.000000E+0	4.000000E+0
24-Apr-25	20:39:51	1.000000E-5	4.985785E+0	-8.000000E-5	3.725000E-5	1.750000E-5	2.720000E-3	2.000000E-5	0.000000E+0	0.000000E+0	1.964247E-4	2.976042E-9	0.000000E+0	0.000000E+0	1.999959E+1	0.000000E+0	4.000000E+0
24-Apr-25	20:39:52	1.000000E-5	4.976795E+0	-8.000000E-5	3.725000E-5	1.750000E-5	2.720000E-3	2.000000E-5	0.000000E+0	0.000000E+0	1.964247E-4	2.976042E-9	0.000000E+0	0.000000E+0	1.999959E+1	0.000000E+0	4.000000E+0
24-Apr-25	20:39:52	1.000000E-5	4.967810E+0	-8.000000E-5	3.735000E-5	1.745000E-5	2.720000E-3	2.000000E-5	0.000000E+0	0.000000E+0	1.964247E-4	2.976042E-9	0.000000E+0	0.000000E+0	1.999959E+1	0.000000E+0	4.000000E+0
24-Apr-25	20:39:53	1.000000E-5	4.958805E+0	-8.000000E-5	3.735000E-5	1.755000E-5	2.720000E-3	2.000000E-5	0.000000E+0	0.000000E+0	1.964247E-4	2.976042E-9	0.000000E+0	0.000000E+0	1.999959E+1	0.000000E+0	4.000000E+0
24-Apr-25	20:39:53	1.000000E-5	4.949815E+0	-8.000000E-5	3.735000E-5	1.750000E-5	2.720000E-3	2.000000E-5	0.000000E+0	0.000000E+0	1.964247E-4	2.976042E-9	0.000000E+0	0.000000E+0	1.999959E+1	0.000000E+0	4.000000E+0
24-Apr-25	20:39:54	1.000000E-5	4.941725E+0	-8.000000E-5	3.740000E-5	1.745000E-5	2.720000E-3	2.000000E-5	0.000000E+0	0.000000E+0	1.964247E-4	2.976042E-9	0.000000E+0	0.000000E+0	1.999959E+1	0.000000E+0	4.000000E+0
24-Apr-25	20:39:54	1.000000E-5	4.932730E+0	-8.000000E-5	3.745000E-5	1.745000E-5	2.720000E-3	2.000000E-5	0.000000E+0	0.000000E+0	1.964247E-4	2.976042E-9	0.000000E+0	0.000000E+0	1.999959E+1	0.000000E+0	4.000000E+0
24-Apr-25	20:39:55	1.000000E-5	4.923755E+0	-8.000000E-5	3.750000E-5	1.750000E-5	2.720000E-3	2.000000E-5	0.000000E+0	0.000000E+0	1.964247E-4	2.976042E-9	0.000000E+0	0.000000E+0	1.999959E+1	0.000000E+0	4.000000E+0
24-Apr-25	20:39:55	1.000000E-5	4.915660E+0	-8.000000E-5	3.750000E-5	1.755000E-5	2.720000E-3	2.000000E-5	0.000000E+0	0.000000E+0	1.964247E-4	2.976042E-9	0.000000E+0	0.000000E+0	1.999959E+1	0.000000E+0	4.000000E+0
24-Apr-25	20:39:56	1.000000E-5	4.906645E+0	-8.000000E-5	3.755000E-5	1.745000E-5	2.720000E-3	2.000000E-5	0.000000E+0	0.000000E+0	1.964247E-4	2.976042E-9	0.000000E+0	0.000000E+0	1.999959E+1	0.000000E+0	4.000000E+0
24-Apr-25	20:39:56	1.000000E-5	4.897655E+0	-8.000000E-5	3.755000E-5	1.750000E-5	2.720000E-3	2.000000E-5	0.000000E+0	0.000000E+0	1.964247E-4	2.976042E-9	0.000000E+0	0.000000E+0	1.999959E+1	0.000000E+0	4.000000E+0
24-Apr-25	20:39:57	1.000000E-5	4.887635E+0	-8.000000E-5	3.760000E-5	1.755000E-5	2.720000E-3	2.000000E-5	0.000000E+0	0.000000E+0	1.964247E-4	2.976042E-9	0.000000E+0	0.000000E+0	1.999959E+1	0.000000E+0	4.000000E+0
24-Apr-25	20:39:57	1.000000E-5	4.877750E+0	-8.000000E-5	3.760000E-5	1.750000E-5	2.720000E-3	2.000000E-5	0.000000E+0	0.000000E+0	1.964247E-4	2.976042E-9	0.000000E+0	0.000000E+0	1.999959E+1	0.000000E+0	4.000000E+0
24-Apr-25	20:39:58	1.000000E-5	4.868890E+0	-8.000000E-5	3.765000E-5	1.750000E-5	2.720000E-3	2.000000E-5	0.000000E+0	0.000000E+0	1.964247E-4	2.976042E-9	0.000000E+0	0.000000E+0	1.999959E+1	0.000000E+0	4.000000E+0
24-Apr-25	20:39:58	1.000000E-5	4.859760E+0	-8.000000E-5	3.765000E-5	1.745000E-5	2.720000E-3	2.000000E-5	0.000000E+0	0.000000E+0	1.964247E-4	2.976042E-9	0.000000E+0	0.000000E+0	1.999959E+1	0.000000E+0	4.000000E+0
24-Apr-25	20:39:59	1.000000E-5	4.849725E+0	-8.000000E-5	3.770000E-5	1.750000E-5	2.720000E-3	2.000000E-5	0.000000E+0	0.000000E+0	1.964247E-4	2.976042E-9	0.000000E+0	0.000000E+0	1.999959E+1	0.000000E+0	4.000000E+0
24-Apr-25	20:39:59	1.000000E-5	4.840735E+0	-8.000000E-5	3.770000E-5	1.755000E-5	2.720000E-3	2.000000E-5	0.000000E+0	0.000000E+0	1.964247E-4	2.976042E-9	0.000000E+0	0.000000E+0	1.999959E+1	0.000000E+0	4.000000E+0
24-Apr-25	20:40:00	1.000000E-5	4.829960E+0	-8.000000E-5	3.765000E-5	1.750000E-5	2.720000E-3	2.000000E-5	0.000000E+0	0.000000E+0	1.964247E-4	2.976042E-9	0.000000E+0	0.000000E+0	1.999959E+1	0.000000E+0	4.000000E+0
24-Apr-25	20:40:00	1.000000E-5	4.820045E+0	-8.000000E-5	3.775000E-5	1.745000E-5	2.720000E-3	2.000000E-5	0.000000E+0	0.000000E+0	1.964247E-4	2.976042E-9	0.000000E+0	0.000000E+0	1.999959E+1	0.000000E+0	4.000000E+0
24-Apr-25	20:40:01	1.000000E-5	4.811055E+0	-8.000000E-5	3.780000E-5	1.740000E-5	2.720000E-3	2.000000E-5	0.000000E+0	0.000000E+0	1.964247E-4	2.976042E-9	0.000000E+0	0.000000E+0	1.999959E+1	0.000000E+0	4.000000E+0
24-Apr-25	20:40:01	1.000000E-5	4.802975E+0	-8.000000E-5	3.780000E-5	1.750000E-5	2.720000E-3	2.000000E-5	0.000000E+0	0.000000E+0	1.964247E-4	2.976042E-9	0.000000E+0	0.000000E+0	1.999959E+1	0.000000E+0	4.000000E+0
24-Apr-25	20:40:02	1.000000E-5	4.794000E+0	-8.000000E-5	3.785000E-5	1.760000E-5	2.720000E-3	2.000000E-5	0.000000E+0	0.000000E+0	1.964247E-4	2.976042E-9	0.000000E+0	0.000000E+0	1.999959E+1	0.000000E+0	4.000000E+0
24-Apr-25	20:40:03	1.000000E-5	4.781405E+0	-8.000000E-5	3.775000E-5	1.745000E-5	2.720000E-3	2.000000E-5	0.000000E+0	0.000000E+0	1.964247E-4	2.976042E-9	0.000000E+0	0.000000E+0	1.999959E+1	0.000000E+0	4.000000E+0
24-Apr-25	20:40:03	1.000000E-5	4.772115E+0	-8.000000E-5	3.790000E-5	1.745000E-5	2.720000E-3	2.000000E-5	0.000000E+0	0.000000E+0	1.964247E-4	2.976042E-9	0.000000E+0	0.000000E+0	1.999959E+1	0.000000E+0	4.000000E+0
24-Apr-25	20:40:04	1.000000E-5	4.763125E+0	-8.000000E-5	3.790000E-5	1.750000E-5	2.720000E-3	2.000000E-5	0.000000E+0	0.000000E+0	1.964247E-4	2.976042E-9	0.000000E+0	0.000000E+0	1.999959E+1	0.000000E+0	4.000000E+0
24-Apr-25	20:40:04	1.000000E-5	4.754140E+0	-8.000000E-5	3.795000E-5	1.750000E-5	2.720000E-3	2.000000E-5	0.000000E+0	0.000000E+0	1.964247E-4	2.976042E-9	0.000000E+0	0.000000E+0	1.999959E+1	0.000000E+0	4.000000E+0
24-Apr-25	20:40:05	1.000000E-5	4.745150E+0	-8.000000E-5	3.795000E-5	1.745000E-5	2.720000E-3	2.000000E-5	0.000000E+0	0.000000E+0	1.964247E-4	2.976042E-9	0.000000E+0	0.000000E+0	1.999959E+1	0.000000E+0	4.000000E+0
24-Apr-25	20:40:05	1.000000E-5	4.732585E+0	-8.000000E-5	3.800000E-5	1.745000E-5	2.720000E-3	2.000000E-5	0.000000E+0	0.000000E+0	1.964247E-4	2.976042E-9	0.000000E+0	0.000000E+0	1.999959E+1	0.000000E+0	4.000000E+0
24-Apr-25	20:40:06	1.000000E-5	4.722370E+0	-8.000000E-5	3.800000E-5	1.745000E-5	2.720000E-3	2.000000E-5	0.000000E+0	0.000000E+0	1.964247E-4	2.976042E-9	0.000000E+0	0.000000E+0	1.999959E+1	0.000000E+0	4.000000E+0
24-Apr-25	20:40:07	1.000000E-5	4.712475E+0	-8.000000E-5	3.795000E-5	1.750000E-5	2.720000E-3	2.000000E-5	0.000000E+0	0.000000E+0	1.964247E-4	2.976042E-9	0.000000E+0	0.000000E+0	1.999959E+1	0.000000E+0	4.000000E+0
24-Apr-25	20:40:07	1.000000E-5	4.700805E+0	-8.000000E-5	3.805000E-5	1.750000E-5	2.720000E-3	2.000000E-5	0.000000E+0	0.000000E+0	1.964247E-4	2.976042E-9	0.000000E+0	0.000000E+0	1.999959E+1	0.000000E+0	4.000000E+0
24-Apr-25	20:40:08	1.000000E-5	4.690920E+0	-8.000000E-5	3.805000E-5	1.745000E-5	2.720000E-3	2.000000E-5	0.000000E+0	0.000000E+0	1.964247E-4	2.976042E-9	0.000000E+0	0.000000E+0	1.999959E+1	0.000000E+0	4.000000E+0
24-Apr-25	20:40:08	1.000000E-5	4.681935E+0	-8.000000E-5	3.800000E-5	1.745000E-5	2.720000E-3	2.000000E-5	0.000000E+0	0.000000E+0	1.964247E-4	2.976042E-9	0.000000E+0	0.000000E+0	1.999959E+1	0.000000E+0	4.000000E+0
24-Apr-25	20:40:09	1.000000E-5	4.672935E+0	-8.000000E-5	3.805000E-5	1.750000E-5	2.720000E-3	2.000000E-5	0.000000E+0	0.000000E+0	1.964247E-4	2.976042E-9	0.000000E+0	0.000000E+0	1.999959E+1	0.000000E+0	4.000000E+0
24-Apr-25	20:40:09	1.000000E-5	4.664835E+0	-8.000000E-5	3.805000E-5	1.750000E-5	2.720000E-3	2.000000E-5	0.000000E+0	0.000000E+0	1.964247E-4	2.976042E-9	0.000000E+0	0.000000E+0	1.999959E+1	0.000000E+0	4.000000E+0
24-Apr-25	20:40:10	1.000000E-5	4.656760E+0	-8.000000E-5	3.810000E-5	1.750000E-5	2.720000E-3	2.000000E-5	0.000000E+0	0.000000E+0	1.964247E-4	2.976042E-9	0.000000E+0	0.000000E+0	1.999959E+1	0.000000E+0	4.000000E+0
24-Apr-25	20:40:10	1.000000E-5	4.647755E+0	-8.000000E-5	3.810000E-5	1.745000E-5	2.720000E-3	2.000000E-5	0.000000E+0	0.000000E+0	1.964247E-4	2.976042E-9	0.000000E+0	0.000000E+0	1.999959E+1	0.000000E+0	4.000000E+0
24-Apr-25	20:40:11	1.000000E-5	4.638770E+0	-8.000000E-5	3.815000E-5	1.745000E-5	2.720000E-3	2.000000E-5	0.000000E+0	0.000000E+0	1.964247E-4	2.976042E-9	0.000000E+0	0.000000E+0	1.999959E+1	0.000000E+0	4.000000E+0
24-Apr-25	20:40:11	1.000000E-5	4.629785E+0	-8.000000E-5	3.820000E-5	1.740000E-5	2.720000E-3	2.000000E-5	0.000000E+0	0.000000E+0	1.964247E-4	2.976042E-9	0.000000E+0	0.000000E+0	1.999959E+1	0.000000E+0	4.000000E+0
24-Apr-25	20:40:11	1.000000E-5	4.621685E+0	-8.000000E-5	3.820000E-5	1.745000E-5	2.720000E-3	2.000000E-5	0.000000E+0	0.000000E+0	1.964247E-4	2.976042E-9	0.000000E+0	0.000000E+0	1.999959E+1	0.000000E+0	4.000000E+0
24-Apr-25	20:40:12	1.000000E-5	4.612700E+0	-8.000000E-5	3.820000E-5	1.745000E-5	2.720000E-3	2.000000E-5	0.000000E+0	0.000000E+0	1.964247E-4	2.976042E-9	0.000000E+0	0.000000E+0	1.999959E+1	0.000000E+0	4.000000E+0
24-Apr-25	20:40:12	1.000000E-5	4.603715E+0	-8.000000E-5	3.815000E-5	1.745000E-5	2.720000E-3	2.000000E-5	0.000000E+0	0.000000E+0	1.964247E-4	2.976042E-9	0.000000E+0	0.000000E+0	1.999959E+1	0.000000E+0	4.000000E+0
24-Apr-25	20:40:13	1.000000E-5	4.594740E+0	-8.000000E-5	3.820000E-5	1.740000E-5	2.720000E-3	2.000000E-5	0.000000E+0	0.000000E+0	1.964247E-4	2.976042E-9	0.000000E+0	0.000000E+0	1.999959E+1	0.000000E+0	4.000000E+0
24-Apr-25	20:40:13	1.000000E-5	4.586625E+0	-8.000000E-5	3.820000E-5	1.745000E-5	2.720000E-3	2.000000E-5	0.000000E+0	0.000000E+0	1.964247E-4	2.976042E-9	0.000000E+0	0.000000E+0	1.999959E+1	0.000000E+0	4.000000E+0
24-Apr-25	20:40:14	1.000000E-5	4.577635E+0	-8.000000E-5	3.825000E-5	1.745000E-5	2.720000E-3	2.000000E-5	0.000000E+0	0.000000E+0	1.964247E-4	2.976042E-9	0.000000E+0	0.000000E+0	1.999959E+1	0.000000E+0	4.000000E+0
24-Apr-25	20:40:14	1.000000E-5	4.569560E+0	-8.000000E-5	3.825000E-5	1.750000E-5	2.720000E-3	2.000000E-5	0.000000E+0	0.000000E+0	1.964247E-4	2.976042E-9	0.000000E+0	0.000000E+0	1.999959E+1	0.000000E+0	4.000000E+0
24-Apr-25	20:40:15	1.000000E-5	4.560555E+0	-8.000000E-5	3.820000E-5	1.750000E-5	2.720000E-3	2.000000E-5	0.000000E+0	0.000000E+0	1.964247E-4	2.976042E-9	0.000000E+0	0.000000E+0	1.999959E+1	0.000000E+0	4.000000E+0
24-Apr-25	20:40:15	1.000000E-5	4.551570E+0	-8.000000E-5	3.815000E-5	1.745000E-5	2.720000E-3	2.000000E-5	0.000000E+0	0.000000E+0	1.964247E-4	2.976042E-9	0.000000E+0	0.000000E+0	1.999959E+1	0.000000E+0	4.000000E+0
24-Apr-25	20:40:16	1.000000E-5	4.543495E+0	-8.000000E-5	3.830000E-5	1.745000E-5	2.720000E-3	2.000000E-5	0.000000E+0	0.000000E+0	1.964247E-4	2.976042E-9	0.000000E+0	0.000000E+0	1.999959E+1	0.000000E+0	4.000000E+0
24-Apr-25	20:40:16	1.000000E-5	4.534490E+0	-8.000000E-5	3.830000E-5	1.745000E-5	2.720000E-3	2.000000E-5	0.000000E+0	0.000000E+0	1.964247E-4	2.976042E-9	0.000000E+0	0.000000E+0	1.999959E+1	0.000000E+0	4.000000E+0
24-Apr-25	20:40:17	1.000000E-5	4.525495E+0	-8.000000E-5	3.835000E-5	1.745000E-5	2.720000E-3	2.000000E-5	0.000000E+0	0.000000E+0	1.964247E-4	2.976042E-9	0.000000E+0	0.000000E+0	1.999959E+1	0.000000E+0	4.000000E+0
24-Apr-25	20:40:18	1.000000E-5	4.512625E+0	-8.000000E-5	3.825000E-5	1.745000E-5	2.720000E-3	2.000000E-5	0.000000E+0	0.000000E+0	1.964247E-4	2.976042E-9	0.000000E+0	0.000000E+0	1.999959E+1	0.000000E+0	4.000000E+0
24-Apr-25	20:40:18	1.000000E-5	4.502735E+0	-8.000000E-5	3.830000E-5	1.745000E-5	2.720000E-3	2.000000E-5	0.000000E+0	0.000000E+0	1.964247E-4	2.976042E-9	0.000000E+0	0.000000E+0	1.999959E+1	0.000000E+0	4.000000E+0
24-Apr-25	20:40:19	1.000000E-5	4.493740E+0	-8.000000E-5	3.835000E-5	1.740000E-5	2.720000E-3	2.000000E-5	0.000000E+0	0.000000E+0	1.964247E-4	2.976042E-9	0.000000E+0	0.000000E+0	1.999959E+1	0.000000E+0	4.000000E+0
24-Apr-25	20:40:19	1.000000E-5	4.484740E+0	-8.000000E-5	3.840000E-5	1.745000E-5	2.720000E-3	2.000000E-5	0.000000E+0	0.000000E+0	1.964247E-4	2.976042E-9	0.000000E+0	0.000000E+0	1.999959E+1	0.000000E+0	4.000000E+0
24-Apr-25	20:40:20	1.000000E-5	4.475755E+0	-8.000000E-5	3.835000E-5	1.745000E-5	2.720000E-3	2.000000E-5	0.000000E+0	0.000000E+0	1.964247E-4	2.976042E-9	0.000000E+0	0.000000E+0	1.999959E+1	0.000000E+0	4.000000E+0
24-Apr-25	20:40:20	1.000000E-5	4.466765E+0	-8.000000E-5	3.835000E-5	1.745000E-5	2.720000E-3	2.000000E-5	0.000000E+0	0.000000E+0	1.964247E-4	2.976042E-9	0.000000E+0	0.000000E+0	1.999959E+1	0.000000E+0	4.000000E+0
24-Apr-25	20:40:21	1.000000E-5	4.457790E+0	-8.000000E-5	3.840000E-5	1.750000E-5	2.720000E-3	2.000000E-5	0.000000E+0	0.000000E+0	1.964247E-4	2.976042E-9	0.000000E+0	0.000000E+0	1.999959E+1	0.000000E+0	4.000000E+0
24-Apr-25	20:40:21	1.000000E-5	4.448795E+0	-8.000000E-5	3.840000E-5	1.750000E-5	2.720000E-3	2.000000E-5	0.000000E+0	0.000000E+0	1.964247E-4	2.976042E-9	0.000000E+0	0.000000E+0	1.999959E+1	0.000000E+0	4.000000E+0
24-Apr-25	20:40:22	1.000000E-5	4.439795E+0	-8.000000E-5	3.840000E-5	1.750000E-5	2.720000E-3	2.000000E-5	0.000000E+0	0.000000E+0	1.964247E-4	2.976042E-9	0.000000E+0	0.000000E+0	1.999959E+1	0.000000E+0	4.000000E+0
24-Apr-25	20:40:22	1.000000E-5	4.430805E+0	-8.000000E-5	3.840000E-5	1.745000E-5	2.720000E-3	2.000000E-5	0.000000E+0	0.000000E+0	1.964247E-4	2.976042E-9	0.000000E+0	0.000000E+0	1.999959E+1	0.000000E+0	4.000000E+0
24-Apr-25	20:40:23	1.000000E-5	4.421825E+0	-8.000000E-5	3.845000E-5	1.740000E-5	2.720000E-3	2.000000E-5	0.000000E+0	0.000000E+0	1.964247E-4	2.976042E-9	0.000000E+0	0.000000E+0	1.999959E+1	0.000000E+0	4.000000E+0
24-Apr-25	20:40:23	1.000000E-5	4.413730E+0	-8.000000E-5	3.840000E-5	1.745000E-5	2.720000E-3	2.000000E-5	0.000000E+0	0.000000E+0	1.964247E-4	2.976042E-9	0.000000E+0	0.000000E+0	1.999959E+1	0.000000E+0	4.000000E+0
24-Apr-25	20:40:24	1.000000E-5	4.404760E+0	-8.000000E-5	3.845000E-5	1.745000E-5	2.720000E-3	2.000000E-5	0.000000E+0	0.000000E+0	1.964247E-4	2.976042E-9	0.000000E+0	0.000000E+0	1.999959E+1	0.000000E+0	4.000000E+0
24-Apr-25	20:40:24	1.000000E-5	4.395755E+0	-8.000000E-5	3.840000E-5	1.740000E-5	2.720000E-3	2.000000E-5	0.000000E+0	0.000000E+0	1.964247E-4	2.976042E-9	0.000000E+0	0.000000E+0	1.999959E+1	0.000000E+0	4.000000E+0
24-Apr-25	20:40:25	1.000000E-5	4.384080E+0	-8.000000E-5	3.840000E-5	1.740000E-5	2.720000E-3	2.000000E-5	0.000000E+0	0.000000E+0	1.964247E-4	2.976042E-9	0.000000E+0	0.000000E+0	1.999959E+1	0.000000E+0	4.000000E+0
24-Apr-25	20:40:25	1.000000E-5	4.372985E+0	-8.000000E-5	3.845000E-5	1.745000E-5	2.720000E-3	2.000000E-5	0.000000E+0	0.000000E+0	1.964247E-4	2.976042E-9	0.000000E+0	0.000000E+0	1.999959E+1	0.000000E+0	4.000000E+0
24-Apr-25	20:40:26	1.000000E-5	4.364005E+0	-8.000000E-5	3.840000E-5	1.745000E-5	2.720000E-3	2.000000E-5	0.000000E+0	0.000000E+0	1.964247E-4	2.976042E-9	0.000000E+0	0.000000E+0	1.999959E+1	0.000000E+0	4.000000E+0
24-Apr-25	20:40:26	1.000000E-5	4.355015E+0	-8.000000E-5	3.835000E-5	1.740000E-5	2.720000E-3	2.000000E-5	0.000000E+0	0.000000E+0	1.964247E-4	2.976042E-9	0.000000E+0	0.000000E+0	1.999959E+1	0.000000E+0	4.000000E+0
24-Apr-25	20:40:27	1.000000E-5	4.346900E+0	-8.000000E-5	3.845000E-5	1.740000E-5	2.720000E-3	2.000000E-5	0.000000E+0	0.000000E+0	1.964247E-4	2.976042E-9	0.000000E+0	0.000000E+0	1.999959E+1	0.000000E+0	4.000000E+0
24-Apr-25	20:40:27	1.000000E-5	4.337900E+0	-8.000000E-5	3.850000E-5	1.750000E-5	2.720000E-3	2.000000E-5	0.000000E+0	0.000000E+0	1.964247E-4	2.976042E-9	0.000000E+0	0.000000E+0	1.999959E+1	0.000000E+0	4.000000E+0
24-Apr-25	20:40:28	1.000000E-5	4.328020E+0	-8.000000E-5	3.845000E-5	1.745000E-5	2.720000E-3	2.000000E-5	0.000000E+0	0.000000E+0	1.964247E-4	2.976042E-9	0.000000E+0	0.000000E+0	1.999959E+1	0.000000E+0	4.000000E+0
24-Apr-25	20:40:28	1.000000E-5	4.319060E+0	-8.000000E-5	3.850000E-5	1.745000E-5	2.720000E-3	2.000000E-5	0.000000E+0	0.000000E+0	1.964247E-4	2.976042E-9	0.000000E+0	0.000000E+0	1.999959E+1	0.000000E+0	4.000000E+0
24-Apr-25	20:40:29	1.000000E-5	4.310070E+0	-8.000000E-5	3.850000E-5	1.745000E-5	2.720000E-3	2.000000E-5	0.000000E+0	0.000000E+0	1.964247E-4	2.976042E-9	0.000000E+0	0.000000E+0	1.999959E+1	0.000000E+0	4.000000E+0
24-Apr-25	20:40:29	1.000000E-5	4.301080E+0	-8.000000E-5	3.850000E-5	1.745000E-5	2.720000E-3	2.000000E-5	0.000000E+0	0.000000E+0	1.964247E-4	2.976042E-9	0.000000E+0	0.000000E+0	1.999959E+1	0.000000E+0	4.000000E+0
24-Apr-25	20:40:30	1.000000E-5	4.292085E+0	-8.000000E-5	3.850000E-5	1.745000E-5	2.720000E-3	2.000000E-5	0.000000E+0	0.000000E+0	1.964247E-4	2.976042E-9	0.000000E+0	0.000000E+0	1.999959E+1	0.000000E+0	4.000000E+0
24-Apr-25	20:40:30	1.000000E-5	4.283080E+0	-8.000000E-5	3.850000E-5	1.750000E-5	2.720000E-3	2.000000E-5	0.000000E+0	0.000000E+0	1.964247E-4	2.976042E-9	0.000000E+0	0.000000E+0	1.999959E+1	0.000000E+0	4.000000E+0
24-Apr-25	20:40:31	1.000000E-5	4.274095E+0	-8.000000E-5	3.845000E-5	1.740000E-5	2.720000E-3	2.000000E-5	0.000000E+0	0.000000E+0	1.964247E-4	2.976042E-9	0.000000E+0	0.000000E+0	1.999959E+1	0.000000E+0	4.000000E+0
24-Apr-25	20:40:31	1.000000E-5	4.264225E+0	-8.000000E-5	3.845000E-5	1.740000E-5	2.720000E-3	2.000000E-5	0.000000E+0	0.000000E+0	1.964247E-4	2.976042E-9	0.000000E+0	0.000000E+0	1.999959E+1	0.000000E+0	4.000000E+0
24-Apr-25	20:40:32	1.000000E-5	4.255230E+0	-8.000000E-5	3.850000E-5	1.740000E-5	2.720000E-3	2.000000E-5	0.000000E+0	0.000000E+0	1.964247E-4	2.976042E-9	0.000000E+0	0.000000E+0	1.999959E+1	0.000000E+0	4.000000E+0
24-Apr-25	20:40:32	1.000000E-5	4.246230E+0	-8.000000E-5	3.850000E-5	1.740000E-5	2.720000E-3	2.000000E-5	0.000000E+0	0.000000E+0	1.964247E-4	2.976042E-9	0.000000E+0	0.000000E+0	1.999959E+1	0.000000E+0	4.000000E+0
24-Apr-25	20:40:33	1.000000E-5	4.235310E+0	-8.000000E-5	3.855000E-5	1.740000E-5	2.720000E-3	2.000000E-5	0.000000E+0	0.000000E+0	1.964247E-4	2.976042E-9	0.000000E+0	0.000000E+0	1.999959E+1	0.000000E+0	4.000000E+0
24-Apr-25	20:40:34	1.000000E-5	4.225265E+0	-8.000000E-5	3.855000E-5	1.745000E-5	2.720000E-3	2.000000E-5	0.000000E+0	0.000000E+0	1.964247E-4	2.976042E-9	0.000000E+0	0.000000E+0	1.999959E+1	0.000000E+0	4.000000E+0
24-Apr-25	20:40:34	1.000000E-5	4.217195E+0	-8.000000E-5	3.850000E-5	1.745000E-5	2.720000E-3	2.000000E-5	0.000000E+0	0.000000E+0	1.964247E-4	2.976042E-9	0.000000E+0	0.000000E+0	1.999959E+1	0.000000E+0	4.000000E+0
24-Apr-25	20:40:35	1.000000E-5	4.208165E+0	-8.000000E-5	3.850000E-5	1.740000E-5	2.720000E-3	2.000000E-5	0.000000E+0	0.000000E+0	1.964247E-4	2.976042E-9	0.000000E+0	0.000000E+0	1.999959E+1	0.000000E+0	4.000000E+0
24-Apr-25	20:40:35	1.000000E-5	4.199180E+0	-8.000000E-5	3.850000E-5	1.740000E-5	2.720000E-3	2.000000E-5	0.000000E+0	0.000000E+0	1.964247E-4	2.976042E-9	0.000000E+0	0.000000E+0	1.999959E+1	0.000000E+0	4.000000E+0
24-Apr-25	20:40:36	1.000000E-5	4.190200E+0	-8.000000E-5	3.855000E-5	1.735000E-5	2.720000E-3	2.000000E-5	0.000000E+0	0.000000E+0	1.964247E-4	2.976042E-9	0.000000E+0	0.000000E+0	1.999959E+1	0.000000E+0	4.000000E+0
24-Apr-25	20:40:36	1.000000E-5	4.182110E+0	-8.000000E-5	3.860000E-5	1.740000E-5	2.720000E-3	2.000000E-5	0.000000E+0	0.000000E+0	1.964247E-4	2.976042E-9	0.000000E+0	0.000000E+0	1.999959E+1	0.000000E+0	4.000000E+0
24-Apr-25	20:40:37	1.000000E-5	4.172220E+0	-8.000000E-5	3.855000E-5	1.740000E-5	2.720000E-3	2.000000E-5	0.000000E+0	0.000000E+0	1.964247E-4	2.976042E-9	0.000000E+0	0.000000E+0	1.999959E+1	0.000000E+0	4.000000E+0
24-Apr-25	20:40:37	1.000000E-5	4.163240E+0	-8.000000E-5	3.845000E-5	1.740000E-5	2.720000E-3	2.000000E-5	0.000000E+0	0.000000E+0	1.964247E-4	2.976042E-9	0.000000E+0	0.000000E+0	1.999959E+1	0.000000E+0	4.000000E+0
24-Apr-25	20:40:38	1.000000E-5	4.154200E+0	-8.000000E-5	3.850000E-5	1.740000E-5	2.720000E-3	2.000000E-5	0.000000E+0	0.000000E+0	1.964247E-4	2.976042E-9	0.000000E+0	0.000000E+0	1.999959E+1	0.000000E+0	4.000000E+0
24-Apr-25	20:40:38	1.000000E-5	4.146115E+0	-8.000000E-5	3.850000E-5	1.740000E-5	2.720000E-3	2.000000E-5	0.000000E+0	0.000000E+0	1.964247E-4	2.976042E-9	0.000000E+0	0.000000E+0	1.999959E+1	0.000000E+0	4.000000E+0
24-Apr-25	20:40:38	1.000000E-5	4.137140E+0	-8.000000E-5	3.855000E-5	1.745000E-5	2.720000E-3	2.000000E-5	0.000000E+0	0.000000E+0	1.964247E-4	2.976042E-9	0.000000E+0	0.000000E+0	1.999959E+1	0.000000E+0	4.000000E+0
24-Apr-25	20:40:39	1.000000E-5	4.128150E+0	-8.000000E-5	3.850000E-5	1.745000E-5	2.720000E-3	2.000000E-5	0.000000E+0	0.000000E+0	1.964247E-4	2.976042E-9	0.000000E+0	0.000000E+0	1.999959E+1	0.000000E+0	4.000000E+0
24-Apr-25	20:40:39	1.000000E-5	4.119160E+0	-8.000000E-5	3.855000E-5	1.740000E-5	2.720000E-3	2.000000E-5	0.000000E+0	0.000000E+0	1.964247E-4	2.976042E-9	0.000000E+0	0.000000E+0	1.999959E+1	0.000000E+0	4.000000E+0
24-Apr-25	20:40:40	1.000000E-5	4.110175E+0	-8.000000E-5	3.855000E-5	1.745000E-5	2.720000E-3	2.000000E-5	0.000000E+0	0.000000E+0	1.964247E-4	2.976042E-9	0.000000E+0	0.000000E+0	1.999959E+1	0.000000E+0	4.000000E+0
24-Apr-25	20:40:41	1.000000E-5	4.100290E+0	-8.000000E-5	3.850000E-5	1.745000E-5	2.720000E-3	2.000000E-5	0.000000E+0	0.000000E+0	1.964247E-4	2.976042E-9	0.000000E+0	0.000000E+0	1.999959E+1	0.000000E+0	4.000000E+0
24-Apr-25	20:40:41	1.000000E-5	4.091280E+0	-8.000000E-5	3.850000E-5	1.745000E-5	2.720000E-3	2.000000E-5	0.000000E+0	0.000000E+0	1.964247E-4	2.976042E-9	0.000000E+0	0.000000E+0	1.999959E+1	0.000000E+0	4.000000E+0
24-Apr-25	20:40:42	1.000000E-5	4.082320E+0	-8.000000E-5	3.855000E-5	1.740000E-5	2.720000E-3	2.000000E-5	0.000000E+0	0.000000E+0	1.964247E-4	2.976042E-9	0.000000E+0	0.000000E+0	1.999959E+1	0.000000E+0	4.000000E+0
24-Apr-25	20:40:42	1.000000E-5	4.069425E+0	-8.000000E-5	3.855000E-5	1.750000E-5	2.720000E-3	2.000000E-5	0.000000E+0	0.000000E+0	1.964247E-4	2.976042E-9	0.000000E+0	0.000000E+0	1.999959E+1	0.000000E+0	4.000000E+0
24-Apr-25	20:40:43	1.000000E-5	4.056850E+0	-8.000000E-5	3.850000E-5	1.740000E-5	2.720000E-3	2.000000E-5	0.000000E+0	0.000000E+0	1.964247E-4	2.976042E-9	0.000000E+0	0.000000E+0	1.999959E+1	0.000000E+0	4.000000E+0
24-Apr-25	20:40:43	1.000000E-5	4.047835E+0	-8.000000E-5	3.855000E-5	1.740000E-5	2.720000E-3	2.000000E-5	0.000000E+0	0.000000E+0	1.964247E-4	2.976042E-9	0.000000E+0	0.000000E+0	1.999959E+1	0.000000E+0	4.000000E+0
24-Apr-25	20:40:44	1.000000E-5	4.038860E+0	-8.000000E-5	3.855000E-5	1.745000E-5	2.720000E-3	2.000000E-5	0.000000E+0	0.000000E+0	1.964247E-4	2.976042E-9	0.000000E+0	0.000000E+0	1.999959E+1	0.000000E+0	4.000000E+0
24-Apr-25	20:40:45	1.000000E-5	4.028985E+0	-8.000000E-5	3.850000E-5	1.745000E-5	2.720000E-3	2.000000E-5	0.000000E+0	0.000000E+0	1.964247E-4	2.976042E-9	0.000000E+0	0.000000E+0	1.999959E+1	0.000000E+0	4.000000E+0
24-Apr-25	20:40:45	1.000000E-5	4.019975E+0	-8.000000E-5	3.850000E-5	1.745000E-5	2.720000E-3	2.000000E-5	0.000000E+0	0.000000E+0	1.964247E-4	2.976042E-9	0.000000E+0	0.000000E+0	1.999959E+1	0.000000E+0	4.000000E+0
24-Apr-25	20:40:46	1.000000E-5	4.009935E+0	-8.000000E-5	3.855000E-5	1.745000E-5	2.720000E-3	2.000000E-5	0.000000E+0	0.000000E+0	1.964247E-4	2.976042E-9	0.000000E+0	0.000000E+0	1.999959E+1	0.000000E+0	4.000000E+0
24-Apr-25	20:40:46	1.000000E-5	4.001685E+0	-8.000000E-5	3.850000E-5	1.745000E-5	2.720000E-3	2.000000E-5	0.000000E+0	0.000000E+0	1.964247E-4	2.976042E-9	0.000000E+0	0.000000E+0	1.999959E+1	0.000000E+0	4.000000E+0
24-Apr-25	20:40:47	1.000000E-5	3.992710E+0	-8.000000E-5	3.850000E-5	1.740000E-5	2.720000E-3	2.000000E-5	0.000000E+0	0.000000E+0	1.964247E-4	2.976042E-9	0.000000E+0	0.000000E+0	1.999959E+1	0.000000E+0	4.000000E+0
24-Apr-25	20:40:47	1.000000E-5	3.981030E+0	-8.000000E-5	3.850000E-5	1.740000E-5	2.720000E-3	2.000000E-5	0.000000E+0	0.000000E+0	1.964247E-4	2.976042E-9	0.000000E+0	0.000000E+0	1.999959E+1	0.000000E+0	4.000000E+0
24-Apr-25	20:40:48	1.000000E-5	3.968425E+0	-8.000000E-5	3.855000E-5	1.740000E-5	2.720000E-3	2.000000E-5	0.000000E+0	0.000000E+0	1.964247E-4	2.976042E-9	0.000000E+0	0.000000E+0	1.999959E+1	0.000000E+0	4.000000E+0
24-Apr-25	20:40:49	1.000000E-5	3.959450E+0	-8.000000E-5	3.850000E-5	1.740000E-5	2.720000E-3	2.000000E-5	0.000000E+0	0.000000E+0	1.964247E-4	2.976042E-9	0.000000E+0	0.000000E+0	1.999959E+1	0.000000E+0	4.000000E+0
24-Apr-25	20:40:49	1.000000E-5	3.948665E+0	-8.000000E-5	3.855000E-5	1.745000E-5	2.720000E-3	2.000000E-5	0.000000E+0	0.000000E+0	1.964247E-4	2.976042E-9	0.000000E+0	0.000000E+0	1.999959E+1	0.000000E+0	4.000000E+0
24-Apr-25	20:40:50	1.000000E-5	3.936830E+0	-8.000000E-5	3.855000E-5	1.745000E-5	2.720000E-3	2.000000E-5	0.000000E+0	0.000000E+0	1.964247E-4	2.976042E-9	0.000000E+0	0.000000E+0	1.999959E+1	0.000000E+0	4.000000E+0
24-Apr-25	20:40:50	1.000000E-5	3.928605E+0	-8.000000E-5	3.855000E-5	1.745000E-5	2.720000E-3	2.000000E-5	0.000000E+0	0.000000E+0	1.964247E-4	2.976042E-9	0.000000E+0	0.000000E+0	1.999959E+1	0.000000E+0	4.000000E+0
24-Apr-25	20:40:51	1.000000E-5	3.919585E+0	-8.000000E-5	3.850000E-5	1.745000E-5	2.720000E-3	2.000000E-5	0.000000E+0	0.000000E+0	1.964247E-4	2.976042E-9	0.000000E+0	0.000000E+0	1.999959E+1	0.000000E+0	4.000000E+0
24-Apr-25	20:40:51	1.000000E-5	3.911500E+0	-8.000000E-5	3.850000E-5	1.745000E-5	2.720000E-3	2.000000E-5	0.000000E+0	0.000000E+0	1.964247E-4	2.976042E-9	0.000000E+0	0.000000E+0	1.999959E+1	0.000000E+0	4.000000E+0
24-Apr-25	20:40:52	1.000000E-5	3.902510E+0	-8.000000E-5	3.850000E-5	1.740000E-5	2.720000E-3	2.000000E-5	0.000000E+0	0.000000E+0	1.964247E-4	2.976042E-9	0.000000E+0	0.000000E+0	1.999959E+1	0.000000E+0	4.000000E+0
24-Apr-25	20:40:52	1.000000E-5	3.893540E+0	-8.000000E-5	3.855000E-5	1.740000E-5	2.720000E-3	2.000000E-5	0.000000E+0	0.000000E+0	1.964247E-4	2.976042E-9	0.000000E+0	0.000000E+0	1.999959E+1	0.000000E+0	4.000000E+0
24-Apr-25	20:40:53	1.000000E-5	3.882730E+0	-8.000000E-5	3.860000E-5	1.745000E-5	2.720000E-3	2.000000E-5	0.000000E+0	0.000000E+0	1.964247E-4	2.976042E-9	0.000000E+0	0.000000E+0	1.999959E+1	0.000000E+0	4.000000E+0
24-Apr-25	20:40:53	1.000000E-5	3.874645E+0	-8.000000E-5	3.855000E-5	1.745000E-5	2.720000E-3	2.000000E-5	0.000000E+0	0.000000E+0	1.964247E-4	2.976042E-9	0.000000E+0	0.000000E+0	1.999959E+1	0.000000E+0	4.000000E+0
24-Apr-25	20:40:54	1.000000E-5	3.865635E+0	-8.000000E-5	3.850000E-5	1.740000E-5	2.720000E-3	2.000000E-5	0.000000E+0	0.000000E+0	1.964247E-4	2.976042E-9	0.000000E+0	0.000000E+0	1.999959E+1	0.000000E+0	4.000000E+0
24-Apr-25	20:40:54	1.000000E-5	3.857400E+0	-8.000000E-5	3.850000E-5	1.740000E-5	2.720000E-3	2.000000E-5	0.000000E+0	0.000000E+0	1.964247E-4	2.976042E-9	0.000000E+0	0.000000E+0	1.999959E+1	0.000000E+0	4.000000E+0
24-Apr-25	20:40:55	1.000000E-5	3.848430E+0	-8.000000E-5	3.845000E-5	1.745000E-5	2.720000E-3	2.000000E-5	0.000000E+0	0.000000E+0	1.964247E-4	2.976042E-9	0.000000E+0	0.000000E+0	1.999959E+1	0.000000E+0	4.000000E+0
24-Apr-25	20:40:56	1.000000E-5	3.834785E+0	-8.000000E-5	3.845000E-5	1.745000E-5	2.720000E-3	2.000000E-5	0.000000E+0	0.000000E+0	1.964247E-4	2.976042E-9	0.000000E+0	0.000000E+0	1.999959E+1	0.000000E+0	4.000000E+0
24-Apr-25	20:40:56	1.000000E-5	3.823090E+0	-8.000000E-5	3.855000E-5	1.745000E-5	2.720000E-3	2.000000E-5	0.000000E+0	0.000000E+0	1.964247E-4	2.976042E-9	0.000000E+0	0.000000E+0	1.999959E+1	0.000000E+0	4.000000E+0
24-Apr-25	20:40:56	1.000000E-5	3.815005E+0	-8.000000E-5	3.850000E-5	1.740000E-5	2.720000E-3	2.000000E-5	0.000000E+0	0.000000E+0	1.964247E-4	2.976042E-9	0.000000E+0	0.000000E+0	1.999959E+1	0.000000E+0	4.000000E+0
24-Apr-25	20:40:57	1.000000E-5	3.806005E+0	-8.000000E-5	3.845000E-5	1.740000E-5	2.720000E-3	2.000000E-5	0.000000E+0	0.000000E+0	1.964247E-4	2.976042E-9	0.000000E+0	0.000000E+0	1.999959E+1	0.000000E+0	4.000000E+0
24-Apr-25	20:40:57	1.000000E-5	3.797040E+0	-8.000000E-5	3.850000E-5	1.740000E-5	2.720000E-3	2.000000E-5	0.000000E+0	0.000000E+0	1.964247E-4	2.976042E-9	0.000000E+0	0.000000E+0	1.999959E+1	0.000000E+0	4.000000E+0
24-Apr-25	20:40:58	1.000000E-5	3.788045E+0	-8.000000E-5	3.850000E-5	1.745000E-5	2.720000E-3	2.000000E-5	0.000000E+0	0.000000E+0	1.964247E-4	2.976042E-9	0.000000E+0	0.000000E+0	1.999959E+1	0.000000E+0	4.000000E+0
24-Apr-25	20:40:58	1.000000E-5	3.779035E+0	-8.000000E-5	3.845000E-5	1.740000E-5	2.720000E-3	2.000000E-5	0.000000E+0	0.000000E+0	1.964247E-4	2.976042E-9	0.000000E+0	0.000000E+0	1.999959E+1	0.000000E+0	4.000000E+0
24-Apr-25	20:40:59	1.000000E-5	3.770040E+0	-8.000000E-5	3.845000E-5	1.740000E-5	2.720000E-3	2.000000E-5	0.000000E+0	0.000000E+0	1.964247E-4	2.976042E-9	0.000000E+0	0.000000E+0	1.999959E+1	0.000000E+0	4.000000E+0
24-Apr-25	20:40:59	1.000000E-5	3.761065E+0	-8.000000E-5	3.845000E-5	1.745000E-5	2.720000E-3	2.000000E-5	0.000000E+0	0.000000E+0	1.964247E-4	2.976042E-9	0.000000E+0	0.000000E+0	1.999959E+1	0.000000E+0	4.000000E+0
24-Apr-25	20:41:00	1.000000E-5	3.752990E+0	-8.000000E-5	3.845000E-5	1.745000E-5	2.720000E-3	2.000000E-5	0.000000E+0	0.000000E+0	1.964247E-4	2.976042E-9	0.000000E+0	0.000000E+0	1.999959E+1	0.000000E+0	4.000000E+0
24-Apr-25	20:41:00	1.000000E-5	3.744000E+0	-8.000000E-5	3.845000E-5	1.745000E-5	2.720000E-3	2.000000E-5	0.000000E+0	0.000000E+0	1.964247E-4	2.976042E-9	0.000000E+0	0.000000E+0	1.999959E+1	0.000000E+0	4.000000E+0
24-Apr-25	20:41:01	1.000000E-5	3.734990E+0	-8.000000E-5	3.845000E-5	1.745000E-5	2.720000E-3	2.000000E-5	0.000000E+0	0.000000E+0	1.964247E-4	2.976042E-9	0.000000E+0	0.000000E+0	1.999959E+1	0.000000E+0	4.000000E+0
24-Apr-25	20:41:01	1.000000E-5	3.726010E+0	-8.000000E-5	3.845000E-5	1.745000E-5	2.720000E-3	2.000000E-5	0.000000E+0	0.000000E+0	1.964247E-4	2.976042E-9	0.000000E+0	0.000000E+0	1.999959E+1	0.000000E+0	4.000000E+0
24-Apr-25	20:41:02	1.000000E-5	3.717010E+0	-8.000000E-5	3.840000E-5	1.745000E-5	2.720000E-3	2.000000E-5	0.000000E+0	0.000000E+0	1.964247E-4	2.976042E-9	0.000000E+0	0.000000E+0	1.999959E+1	0.000000E+0	4.000000E+0
24-Apr-25	20:41:02	1.000000E-5	3.707145E+0	-8.000000E-5	3.840000E-5	1.745000E-5	2.720000E-3	2.000000E-5	0.000000E+0	0.000000E+0	1.964247E-4	2.976042E-9	0.000000E+0	0.000000E+0	1.999959E+1	0.000000E+0	4.000000E+0
24-Apr-25	20:41:03	1.000000E-5	3.698170E+0	-8.000000E-5	3.845000E-5	1.745000E-5	2.720000E-3	2.000000E-5	0.000000E+0	0.000000E+0	1.964247E-4	2.976042E-9	0.000000E+0	0.000000E+0	1.999959E+1	0.000000E+0	4.000000E+0
24-Apr-25	20:41:04	1.000000E-5	3.689145E+0	-8.000000E-5	3.840000E-5	1.745000E-5	2.720000E-3	2.000000E-5	0.000000E+0	0.000000E+0	1.964247E-4	2.976042E-9	0.000000E+0	0.000000E+0	1.999959E+1	0.000000E+0	4.000000E+0
24-Apr-25	20:41:04	1.000000E-5	3.678210E+0	-8.000000E-5	3.845000E-5	1.750000E-5	2.720000E-3	2.000000E-5	0.000000E+0	0.000000E+0	1.964247E-4	2.976042E-9	0.000000E+0	0.000000E+0	1.999959E+1	0.000000E+0	4.000000E+0
24-Apr-25	20:41:04	1.000000E-5	3.669980E+0	-8.000000E-5	3.845000E-5	1.750000E-5	2.720000E-3	2.000000E-5	0.000000E+0	0.000000E+0	1.964247E-4	2.976042E-9	0.000000E+0	0.000000E+0	1.999959E+1	0.000000E+0	4.000000E+0
24-Apr-25	20:41:05	1.000000E-5	3.661000E+0	-8.000000E-5	3.845000E-5	1.745000E-5	2.720000E-3	2.000000E-5	0.000000E+0	0.000000E+0	1.964247E-4	2.976042E-9	0.000000E+0	0.000000E+0	1.999959E+1	0.000000E+0	4.000000E+0
24-Apr-25	20:41:05	1.000000E-5	3.652010E+0	-8.000000E-5	3.845000E-5	1.740000E-5	2.720000E-3	2.000000E-5	0.000000E+0	0.000000E+0	1.964247E-4	2.976042E-9	0.000000E+0	0.000000E+0	1.999959E+1	0.000000E+0	4.000000E+0
24-Apr-25	20:41:06	1.000000E-5	3.643930E+0	-8.000000E-5	3.840000E-5	1.745000E-5	2.720000E-3	2.000000E-5	0.000000E+0	0.000000E+0	1.964247E-4	2.976042E-9	0.000000E+0	0.000000E+0	1.999959E+1	0.000000E+0	4.000000E+0
24-Apr-25	20:41:06	1.000000E-5	3.634915E+0	-8.000000E-5	3.840000E-5	1.745000E-5	2.720000E-3	2.000000E-5	0.000000E+0	0.000000E+0	1.964247E-4	2.976042E-9	0.000000E+0	0.000000E+0	1.999959E+1	0.000000E+0	4.000000E+0
24-Apr-25	20:41:07	1.000000E-5	3.625935E+0	-8.000000E-5	3.840000E-5	1.740000E-5	2.720000E-3	2.000000E-5	0.000000E+0	0.000000E+0	1.964247E-4	2.976042E-9	0.000000E+0	0.000000E+0	1.999959E+1	0.000000E+0	4.000000E+0
24-Apr-25	20:41:07	1.000000E-5	3.617855E+0	-8.000000E-5	3.835000E-5	1.740000E-5	2.720000E-3	2.000000E-5	0.000000E+0	0.000000E+0	1.964247E-4	2.976042E-9	0.000000E+0	0.000000E+0	1.999959E+1	0.000000E+0	4.000000E+0
24-Apr-25	20:41:08	1.000000E-5	3.608870E+0	-8.000000E-5	3.830000E-5	1.740000E-5	2.720000E-3	2.000000E-5	0.000000E+0	0.000000E+0	1.964247E-4	2.976042E-9	0.000000E+0	0.000000E+0	1.999959E+1	0.000000E+0	4.000000E+0
24-Apr-25	20:41:08	1.000000E-5	3.600765E+0	-8.000000E-5	3.835000E-5	1.735000E-5	2.720000E-3	2.000000E-5	0.000000E+0	0.000000E+0	1.964247E-4	2.976042E-9	0.000000E+0	0.000000E+0	1.999959E+1	0.000000E+0	4.000000E+0
24-Apr-25	20:41:09	1.000000E-5	3.591755E+0	-8.000000E-5	3.845000E-5	1.740000E-5	2.720000E-3	2.000000E-5	0.000000E+0	0.000000E+0	1.964247E-4	2.976042E-9	0.000000E+0	0.000000E+0	1.999959E+1	0.000000E+0	4.000000E+0
24-Apr-25	20:41:09	1.000000E-5	3.582770E+0	-8.000000E-5	3.840000E-5	1.745000E-5	2.720000E-3	2.000000E-5	0.000000E+0	0.000000E+0	1.964247E-4	2.976042E-9	0.000000E+0	0.000000E+0	1.999959E+1	0.000000E+0	4.000000E+0
24-Apr-25	20:41:10	1.000000E-5	3.573805E+0	-8.000000E-5	3.835000E-5	1.745000E-5	2.720000E-3	2.000000E-5	0.000000E+0	0.000000E+0	1.964247E-4	2.976042E-9	0.000000E+0	0.000000E+0	1.999959E+1	0.000000E+0	4.000000E+0
24-Apr-25	20:41:11	1.000000E-5	3.562115E+0	-8.000000E-5	3.835000E-5	1.745000E-5	2.720000E-3	2.000000E-5	0.000000E+0	0.000000E+0	1.964247E-4	2.976042E-9	0.000000E+0	0.000000E+0	1.999959E+1	0.000000E+0	4.000000E+0
24-Apr-25	20:41:11	1.000000E-5	3.552235E+0	-8.000000E-5	3.835000E-5	1.750000E-5	2.720000E-3	2.000000E-5	0.000000E+0	0.000000E+0	1.964247E-4	2.976042E-9	0.000000E+0	0.000000E+0	1.999959E+1	0.000000E+0	4.000000E+0
24-Apr-25	20:41:12	1.000000E-5	3.543215E+0	-8.000000E-5	3.830000E-5	1.750000E-5	2.720000E-3	2.000000E-5	0.000000E+0	0.000000E+0	1.964247E-4	2.976042E-9	0.000000E+0	0.000000E+0	1.999959E+1	0.000000E+0	4.000000E+0
24-Apr-25	20:41:12	1.000000E-5	3.534230E+0	-8.000000E-5	3.830000E-5	1.740000E-5	2.720000E-3	2.000000E-5	0.000000E+0	0.000000E+0	1.964247E-4	2.976042E-9	0.000000E+0	0.000000E+0	1.999959E+1	0.000000E+0	4.000000E+0
24-Apr-25	20:41:13	1.000000E-5	3.523140E+0	-8.000000E-5	3.835000E-5	1.740000E-5	2.720000E-3	2.000000E-5	0.000000E+0	0.000000E+0	1.964247E-4	2.976042E-9	0.000000E+0	0.000000E+0	1.999959E+1	0.000000E+0	4.000000E+0
24-Apr-25	20:41:13	1.000000E-5	3.514180E+0	-8.000000E-5	3.830000E-5	1.745000E-5	2.720000E-3	2.000000E-5	0.000000E+0	0.000000E+0	1.964247E-4	2.976042E-9	0.000000E+0	0.000000E+0	1.999959E+1	0.000000E+0	4.000000E+0
24-Apr-25	20:41:14	1.000000E-5	3.505180E+0	-8.000000E-5	3.835000E-5	1.750000E-5	2.720000E-3	2.000000E-5	0.000000E+0	0.000000E+0	1.964247E-4	2.976042E-9	0.000000E+0	0.000000E+0	1.999959E+1	0.000000E+0	4.000000E+0
24-Apr-25	20:41:14	1.000000E-5	3.497070E+0	-8.000000E-5	3.830000E-5	1.745000E-5	2.720000E-3	2.000000E-5	0.000000E+0	0.000000E+0	1.964247E-4	2.976042E-9	0.000000E+0	0.000000E+0	1.999959E+1	0.000000E+0	4.000000E+0
24-Apr-25	20:41:15	1.000000E-5	3.488080E+0	-8.000000E-5	3.830000E-5	1.740000E-5	2.720000E-3	2.000000E-5	0.000000E+0	0.000000E+0	1.964247E-4	2.976042E-9	0.000000E+0	0.000000E+0	1.999959E+1	0.000000E+0	4.000000E+0
24-Apr-25	20:41:15	1.000000E-5	3.479095E+0	-8.000000E-5	3.835000E-5	1.745000E-5	2.720000E-3	2.000000E-5	0.000000E+0	0.000000E+0	1.964247E-4	2.976042E-9	0.000000E+0	0.000000E+0	1.999959E+1	0.000000E+0	4.000000E+0
24-Apr-25	20:41:16	1.000000E-5	3.470110E+0	-8.000000E-5	3.825000E-5	1.745000E-5	2.720000E-3	2.000000E-5	0.000000E+0	0.000000E+0	1.964247E-4	2.976042E-9	0.000000E+0	0.000000E+0	1.999959E+1	0.000000E+0	4.000000E+0
24-Apr-25	20:41:16	1.000000E-5	3.461145E+0	-8.000000E-5	3.830000E-5	1.745000E-5	2.720000E-3	2.000000E-5	0.000000E+0	0.000000E+0	1.964247E-4	2.976042E-9	0.000000E+0	0.000000E+0	1.999959E+1	0.000000E+0	4.000000E+0
24-Apr-25	20:41:17	1.000000E-5	3.448535E+0	-8.000000E-5	3.825000E-5	1.740000E-5	2.720000E-3	2.000000E-5	0.000000E+0	0.000000E+0	1.964247E-4	2.976042E-9	0.000000E+0	0.000000E+0	1.999959E+1	0.000000E+0	4.000000E+0
24-Apr-25	20:41:17	1.000000E-5	3.440440E+0	-8.000000E-5	3.825000E-5	1.745000E-5	2.720000E-3	2.000000E-5	0.000000E+0	0.000000E+0	1.964247E-4	2.976042E-9	0.000000E+0	0.000000E+0	1.999959E+1	0.000000E+0	4.000000E+0
24-Apr-25	20:41:18	1.000000E-5	3.431445E+0	-8.000000E-5	3.830000E-5	1.745000E-5	2.720000E-3	2.000000E-5	0.000000E+0	0.000000E+0	1.964247E-4	2.976042E-9	0.000000E+0	0.000000E+0	1.999959E+1	0.000000E+0	4.000000E+0
24-Apr-25	20:41:18	1.000000E-5	3.422465E+0	-8.000000E-5	3.825000E-5	1.750000E-5	2.720000E-3	2.000000E-5	0.000000E+0	0.000000E+0	1.964247E-4	2.976042E-9	0.000000E+0	0.000000E+0	1.999959E+1	0.000000E+0	4.000000E+0
24-Apr-25	20:41:19	1.000000E-5	3.413490E+0	-8.000000E-5	3.820000E-5	1.745000E-5	2.720000E-3	2.000000E-5	0.000000E+0	0.000000E+0	1.964247E-4	2.976042E-9	0.000000E+0	0.000000E+0	1.999959E+1	0.000000E+0	4.000000E+0
24-Apr-25	20:41:19	1.000000E-5	3.404440E+0	-8.000000E-5	3.820000E-5	1.740000E-5	2.710000E-3	2.000000E-5	0.000000E+0	0.000000E+0	1.964247E-4	2.976042E-9	0.000000E+0	0.000000E+0	1.999959E+1	0.000000E+0	4.000000E+0
24-Apr-25	20:41:20	1.000000E-5	3.395460E+0	-8.000000E-5	3.825000E-5	1.740000E-5	2.710000E-3	2.000000E-5	0.000000E+0	0.000000E+0	1.964247E-4	2.976042E-9	0.000000E+0	0.000000E+0	1.999959E+1	0.000000E+0	4.000000E+0
24-Apr-25	20:41:20	1.000000E-5	3.386485E+0	-8.000000E-5	3.820000E-5	1.745000E-5	2.710000E-3	2.000000E-5	0.000000E+0	0.000000E+0	1.964247E-4	2.976042E-9	0.000000E+0	0.000000E+0	1.999959E+1	0.000000E+0	4.000000E+0
24-Apr-25	20:41:21	1.000000E-5	3.378395E+0	-8.000000E-5	3.820000E-5	1.750000E-5	2.720000E-3	2.000000E-5	0.000000E+0	0.000000E+0	1.964247E-4	2.976042E-9	0.000000E+0	0.000000E+0	1.999959E+1	0.000000E+0	4.000000E+0
24-Apr-25	20:41:21	1.000000E-5	3.369415E+0	-8.000000E-5	3.815000E-5	1.750000E-5	2.720000E-3	2.000000E-5	0.000000E+0	0.000000E+0	1.964247E-4	2.976042E-9	0.000000E+0	0.000000E+0	1.999959E+1	0.000000E+0	4.000000E+0
24-Apr-25	20:41:22	1.000000E-5	3.361320E+0	-8.000000E-5	3.815000E-5	1.750000E-5	2.710000E-3	2.000000E-5	0.000000E+0	0.000000E+0	1.964247E-4	2.976042E-9	0.000000E+0	0.000000E+0	1.999959E+1	0.000000E+0	4.000000E+0
24-Apr-25	20:41:22	1.000000E-5	3.352320E+0	-8.000000E-5	3.820000E-5	1.745000E-5	2.710000E-3	2.000000E-5	0.000000E+0	0.000000E+0	1.964247E-4	2.976042E-9	0.000000E+0	0.000000E+0	1.999959E+1	0.000000E+0	4.000000E+0
24-Apr-25	20:41:23	1.000000E-5	3.342435E+0	-8.000000E-5	3.820000E-5	1.745000E-5	2.710000E-3	2.000000E-5	0.000000E+0	0.000000E+0	1.964247E-4	2.976042E-9	0.000000E+0	0.000000E+0	1.999959E+1	0.000000E+0	4.000000E+0
24-Apr-25	20:41:23	1.000000E-5	3.332415E+0	-8.000000E-5	3.815000E-5	1.750000E-5	2.720000E-3	2.000000E-5	0.000000E+0	0.000000E+0	1.964247E-4	2.976042E-9	0.000000E+0	0.000000E+0	1.999959E+1	0.000000E+0	4.000000E+0
24-Apr-25	20:41:24	1.000000E-5	3.324185E+0	-8.000000E-5	3.815000E-5	1.750000E-5	2.710000E-3	2.000000E-5	0.000000E+0	0.000000E+0	1.964247E-4	2.976042E-9	0.000000E+0	0.000000E+0	1.999959E+1	0.000000E+0	4.000000E+0
24-Apr-25	20:41:24	1.000000E-5	3.315175E+0	-8.000000E-5	3.815000E-5	1.745000E-5	2.710000E-3	2.000000E-5	0.000000E+0	0.000000E+0	1.964247E-4	2.976042E-9	0.000000E+0	0.000000E+0	1.999959E+1	0.000000E+0	4.000000E+0
24-Apr-25	20:41:25	1.000000E-5	3.302565E+0	-8.000000E-5	3.820000E-5	1.750000E-5	2.720000E-3	2.000000E-5	0.000000E+0	0.000000E+0	1.964247E-4	2.976042E-9	0.000000E+0	0.000000E+0	1.999959E+1	0.000000E+0	4.000000E+0
24-Apr-25	20:41:26	1.000000E-5	3.294500E+0	-8.000000E-5	3.815000E-5	1.750000E-5	2.710000E-3	2.000000E-5	0.000000E+0	0.000000E+0	1.964247E-4	2.976042E-9	0.000000E+0	0.000000E+0	1.999959E+1	0.000000E+0	4.000000E+0
24-Apr-25	20:41:26	1.000000E-5	3.281920E+0	-8.000000E-5	3.815000E-5	1.745000E-5	2.710000E-3	2.000000E-5	0.000000E+0	0.000000E+0	1.964247E-4	2.976042E-9	0.000000E+0	0.000000E+0	1.999959E+1	0.000000E+0	4.000000E+0
24-Apr-25	20:41:27	1.000000E-5	3.270840E+0	-8.000000E-5	3.815000E-5	1.745000E-5	2.710000E-3	2.000000E-5	0.000000E+0	0.000000E+0	1.964247E-4	2.976042E-9	0.000000E+0	0.000000E+0	1.999959E+1	0.000000E+0	4.000000E+0
24-Apr-25	20:41:27	1.000000E-5	3.261820E+0	-8.000000E-5	3.810000E-5	1.745000E-5	2.710000E-3	2.000000E-5	0.000000E+0	0.000000E+0	1.964247E-4	2.976042E-9	0.000000E+0	0.000000E+0	1.999959E+1	0.000000E+0	4.000000E+0
24-Apr-25	20:41:28	1.000000E-5	3.253740E+0	-8.000000E-5	3.810000E-5	1.745000E-5	2.710000E-3	2.000000E-5	0.000000E+0	0.000000E+0	1.964247E-4	2.976042E-9	0.000000E+0	0.000000E+0	1.999959E+1	0.000000E+0	4.000000E+0
24-Apr-25	20:41:28	1.000000E-5	3.244745E+0	-8.000000E-5	3.805000E-5	1.745000E-5	2.710000E-3	2.000000E-5	0.000000E+0	0.000000E+0	1.964247E-4	2.976042E-9	0.000000E+0	0.000000E+0	1.999959E+1	0.000000E+0	4.000000E+0
24-Apr-25	20:41:29	1.000000E-5	3.232025E+0	-8.000000E-5	3.815000E-5	1.745000E-5	2.710000E-3	2.000000E-5	0.000000E+0	0.000000E+0	1.964247E-4	2.976042E-9	0.000000E+0	0.000000E+0	1.999959E+1	0.000000E+0	4.000000E+0
24-Apr-25	20:41:29	1.000000E-5	3.223780E+0	-8.000000E-5	3.810000E-5	1.750000E-5	2.710000E-3	2.000000E-5	0.000000E+0	0.000000E+0	1.964247E-4	2.976042E-9	0.000000E+0	0.000000E+0	1.999959E+1	0.000000E+0	4.000000E+0
24-Apr-25	20:41:30	1.000000E-5	3.213875E+0	-8.000000E-5	3.800000E-5	1.750000E-5	2.710000E-3	2.000000E-5	0.000000E+0	0.000000E+0	1.964247E-4	2.976042E-9	0.000000E+0	0.000000E+0	1.999959E+1	0.000000E+0	4.000000E+0
24-Apr-25	20:41:30	1.000000E-5	3.204885E+0	-8.000000E-5	3.810000E-5	1.745000E-5	2.710000E-3	2.000000E-5	0.000000E+0	0.000000E+0	1.964247E-4	2.976042E-9	0.000000E+0	0.000000E+0	1.999959E+1	0.000000E+0	4.000000E+0
24-Apr-25	20:41:31	1.000000E-5	3.195900E+0	-8.000000E-5	3.810000E-5	1.750000E-5	2.710000E-3	2.000000E-5	0.000000E+0	0.000000E+0	1.964247E-4	2.976042E-9	0.000000E+0	0.000000E+0	1.999959E+1	0.000000E+0	4.000000E+0
24-Apr-25	20:41:31	1.000000E-5	3.187830E+0	-8.000000E-5	3.805000E-5	1.745000E-5	2.720000E-3	2.000000E-5	0.000000E+0	0.000000E+0	1.964247E-4	2.976042E-9	0.000000E+0	0.000000E+0	1.999959E+1	0.000000E+0	4.000000E+0
24-Apr-25	20:41:32	1.000000E-5	3.178840E+0	-8.000000E-5	3.805000E-5	1.745000E-5	2.720000E-3	2.000000E-5	0.000000E+0	0.000000E+0	1.964247E-4	2.976042E-9	0.000000E+0	0.000000E+0	1.999959E+1	0.000000E+0	4.000000E+0
24-Apr-25	20:41:32	1.000000E-5	3.169840E+0	-8.000000E-5	3.805000E-5	1.745000E-5	2.710000E-3	2.000000E-5	0.000000E+0	0.000000E+0	1.964247E-4	2.976042E-9	0.000000E+0	0.000000E+0	1.999959E+1	0.000000E+0	4.000000E+0
24-Apr-25	20:41:33	1.000000E-5	3.159785E+0	-8.000000E-5	3.795000E-5	1.750000E-5	2.710000E-3	2.000000E-5	0.000000E+0	0.000000E+0	1.964247E-4	2.976042E-9	0.000000E+0	0.000000E+0	1.999959E+1	0.000000E+0	4.000000E+0
24-Apr-25	20:41:33	1.000000E-5	3.150660E+0	-8.000000E-5	3.800000E-5	1.745000E-5	2.710000E-3	2.000000E-5	0.000000E+0	0.000000E+0	1.964247E-4	2.976042E-9	0.000000E+0	0.000000E+0	1.999959E+1	0.000000E+0	4.000000E+0
24-Apr-25	20:41:34	1.000000E-5	3.141685E+0	-8.000000E-5	3.800000E-5	1.750000E-5	2.710000E-3	2.000000E-5	0.000000E+0	0.000000E+0	1.964247E-4	2.976042E-9	0.000000E+0	0.000000E+0	1.999959E+1	0.000000E+0	4.000000E+0
24-Apr-25	20:41:34	1.000000E-5	3.132685E+0	-8.000000E-5	3.795000E-5	1.745000E-5	2.710000E-3	2.000000E-5	0.000000E+0	0.000000E+0	1.964247E-4	2.976042E-9	0.000000E+0	0.000000E+0	1.999959E+1	0.000000E+0	4.000000E+0
24-Apr-25	20:41:35	1.000000E-5	3.123675E+0	-8.000000E-5	3.795000E-5	1.745000E-5	2.710000E-3	2.000000E-5	0.000000E+0	0.000000E+0	1.964247E-4	2.976042E-9	0.000000E+0	0.000000E+0	1.999959E+1	0.000000E+0	4.000000E+0
24-Apr-25	20:41:35	1.000000E-5	3.114680E+0	-8.000000E-5	3.790000E-5	1.745000E-5	2.710000E-3	2.000000E-5	0.000000E+0	0.000000E+0	1.964247E-4	2.976042E-9	0.000000E+0	0.000000E+0	1.999959E+1	0.000000E+0	4.000000E+0
24-Apr-25	20:41:36	1.000000E-5	3.105700E+0	-8.000000E-5	3.790000E-5	1.745000E-5	2.710000E-3	2.000000E-5	0.000000E+0	0.000000E+0	1.964247E-4	2.976042E-9	0.000000E+0	0.000000E+0	1.999959E+1	0.000000E+0	4.000000E+0
24-Apr-25	20:41:37	1.000000E-5	3.094920E+0	-8.000000E-5	3.790000E-5	1.750000E-5	2.710000E-3	2.000000E-5	0.000000E+0	0.000000E+0	1.964247E-4	2.976042E-9	0.000000E+0	0.000000E+0	1.999959E+1	0.000000E+0	4.000000E+0
24-Apr-25	20:41:37	1.000000E-5	3.086840E+0	-8.000000E-5	3.795000E-5	1.750000E-5	2.710000E-3	2.000000E-5	0.000000E+0	0.000000E+0	1.964247E-4	2.976042E-9	0.000000E+0	0.000000E+0	1.999959E+1	0.000000E+0	4.000000E+0
24-Apr-25	20:41:37	1.000000E-5	3.077845E+0	-8.000000E-5	3.790000E-5	1.745000E-5	2.710000E-3	2.000000E-5	0.000000E+0	0.000000E+0	1.964247E-4	2.976042E-9	0.000000E+0	0.000000E+0	1.999959E+1	0.000000E+0	4.000000E+0
24-Apr-25	20:41:38	1.000000E-5	3.068820E+0	-8.000000E-5	3.790000E-5	1.745000E-5	2.710000E-3	2.000000E-5	0.000000E+0	0.000000E+0	1.964247E-4	2.976042E-9	0.000000E+0	0.000000E+0	1.999959E+1	0.000000E+0	4.000000E+0
24-Apr-25	20:41:39	1.000000E-5	3.059695E+0	-8.000000E-5	3.790000E-5	1.750000E-5	2.710000E-3	2.000000E-5	0.000000E+0	0.000000E+0	1.964247E-4	2.976042E-9	0.000000E+0	0.000000E+0	1.999959E+1	0.000000E+0	4.000000E+0
24-Apr-25	20:41:39	1.000000E-5	3.048765E+0	-8.000000E-5	3.790000E-5	1.750000E-5	2.710000E-3	2.000000E-5	0.000000E+0	0.000000E+0	1.964247E-4	2.976042E-9	0.000000E+0	0.000000E+0	1.999959E+1	0.000000E+0	4.000000E+0
24-Apr-25	20:41:40	1.000000E-5	3.039770E+0	-8.000000E-5	3.790000E-5	1.750000E-5	2.710000E-3	2.000000E-5	0.000000E+0	0.000000E+0	1.964247E-4	2.976042E-9	0.000000E+0	0.000000E+0	1.999959E+1	0.000000E+0	4.000000E+0
24-Apr-25	20:41:40	1.000000E-5	3.030760E+0	-8.000000E-5	3.785000E-5	1.750000E-5	2.710000E-3	2.000000E-5	0.000000E+0	0.000000E+0	1.964247E-4	2.976042E-9	0.000000E+0	0.000000E+0	1.999959E+1	0.000000E+0	4.000000E+0
24-Apr-25	20:41:41	1.000000E-5	3.021800E+0	-8.000000E-5	3.790000E-5	1.750000E-5	2.710000E-3	2.000000E-5	0.000000E+0	0.000000E+0	1.964247E-4	2.976042E-9	0.000000E+0	0.000000E+0	1.999959E+1	0.000000E+0	4.000000E+0
24-Apr-25	20:41:41	1.000000E-5	3.010900E+0	-8.000000E-5	3.785000E-5	1.750000E-5	2.710000E-3	2.000000E-5	0.000000E+0	0.000000E+0	1.964247E-4	2.976042E-9	0.000000E+0	0.000000E+0	1.999959E+1	0.000000E+0	4.000000E+0
24-Apr-25	20:41:42	1.000000E-5	3.001755E+0	-8.000000E-5	3.785000E-5	1.750000E-5	2.710000E-3	2.000000E-5	0.000000E+0	0.000000E+0	1.964247E-4	2.976042E-9	0.000000E+0	0.000000E+0	1.999959E+1	0.000000E+0	4.000000E+0
24-Apr-25	20:41:42	1.000000E-5	2.992795E+0	-8.000000E-5	3.785000E-5	1.750000E-5	2.710000E-3	2.000000E-5	0.000000E+0	0.000000E+0	1.964247E-4	2.976042E-9	0.000000E+0	0.000000E+0	1.999959E+1	0.000000E+0	4.000000E+0
24-Apr-25	20:41:43	1.000000E-5	2.983805E+0	-8.000000E-5	3.785000E-5	1.750000E-5	2.710000E-3	2.000000E-5	0.000000E+0	0.000000E+0	1.964247E-4	2.976042E-9	0.000000E+0	0.000000E+0	1.999959E+1	0.000000E+0	4.000000E+0
24-Apr-25	20:41:43	1.000000E-5	2.974790E+0	-8.000000E-5	3.780000E-5	1.745000E-5	2.710000E-3	2.000000E-5	0.000000E+0	0.000000E+0	1.964247E-4	2.976042E-9	0.000000E+0	0.000000E+0	1.999959E+1	0.000000E+0	4.000000E+0
24-Apr-25	20:41:44	1.000000E-5	2.965810E+0	-8.000000E-5	3.780000E-5	1.745000E-5	2.710000E-3	2.000000E-5	0.000000E+0	0.000000E+0	1.964247E-4	2.976042E-9	0.000000E+0	0.000000E+0	1.999959E+1	0.000000E+0	4.000000E+0
24-Apr-25	20:41:44	1.000000E-5	2.955925E+0	-8.000000E-5	3.775000E-5	1.750000E-5	2.710000E-3	2.000000E-5	0.000000E+0	0.000000E+0	1.964247E-4	2.976042E-9	0.000000E+0	0.000000E+0	1.999959E+1	0.000000E+0	4.000000E+0
24-Apr-25	20:41:45	1.000000E-5	2.946055E+0	-8.000000E-5	3.775000E-5	1.750000E-5	2.710000E-3	2.000000E-5	0.000000E+0	0.000000E+0	1.964247E-4	2.976042E-9	0.000000E+0	0.000000E+0	1.999959E+1	0.000000E+0	4.000000E+0
24-Apr-25	20:41:45	1.000000E-5	2.937060E+0	-8.000000E-5	3.780000E-5	1.745000E-5	2.710000E-3	2.000000E-5	0.000000E+0	0.000000E+0	1.964247E-4	2.976042E-9	0.000000E+0	0.000000E+0	1.999959E+1	0.000000E+0	4.000000E+0
24-Apr-25	20:41:46	1.000000E-5	2.928040E+0	-8.000000E-5	3.780000E-5	1.750000E-5	2.710000E-3	2.000000E-5	0.000000E+0	0.000000E+0	1.964247E-4	2.976042E-9	0.000000E+0	0.000000E+0	1.999959E+1	0.000000E+0	4.000000E+0
24-Apr-25	20:41:46	1.000000E-5	2.917110E+0	-8.000000E-5	3.770000E-5	1.750000E-5	2.710000E-3	2.000000E-5	0.000000E+0	0.000000E+0	1.964247E-4	2.976042E-9	0.000000E+0	0.000000E+0	1.999959E+1	0.000000E+0	4.000000E+0
24-Apr-25	20:41:47	1.000000E-5	2.908275E+0	-8.000000E-5	3.765000E-5	1.750000E-5	2.710000E-3	2.000000E-5	0.000000E+0	0.000000E+0	1.964247E-4	2.976042E-9	0.000000E+0	0.000000E+0	1.999959E+1	0.000000E+0	4.000000E+0
24-Apr-25	20:41:48	1.000000E-5	2.899310E+0	-8.000000E-5	3.775000E-5	1.755000E-5	2.710000E-3	2.000000E-5	0.000000E+0	0.000000E+0	1.964247E-4	2.976042E-9	0.000000E+0	0.000000E+0	1.999959E+1	0.000000E+0	4.000000E+0
24-Apr-25	20:41:48	1.000000E-5	2.888200E+0	-8.000000E-5	3.770000E-5	1.755000E-5	2.710000E-3	2.000000E-5	0.000000E+0	0.000000E+0	1.964247E-4	2.976042E-9	0.000000E+0	0.000000E+0	1.999959E+1	0.000000E+0	4.000000E+0
24-Apr-25	20:41:49	1.000000E-5	2.878305E+0	-8.000000E-5	3.770000E-5	1.750000E-5	2.710000E-3	2.000000E-5	0.000000E+0	0.000000E+0	1.964247E-4	2.976042E-9	0.000000E+0	0.000000E+0	1.999959E+1	0.000000E+0	4.000000E+0
24-Apr-25	20:41:49	1.000000E-5	2.869335E+0	-8.000000E-5	3.775000E-5	1.750000E-5	2.710000E-3	2.000000E-5	0.000000E+0	0.000000E+0	1.964247E-4	2.976042E-9	0.000000E+0	0.000000E+0	1.999959E+1	0.000000E+0	4.000000E+0
24-Apr-25	20:41:50	1.000000E-5	2.860345E+0	-8.000000E-5	3.770000E-5	1.750000E-5	2.710000E-3	2.000000E-5	0.000000E+0	0.000000E+0	1.964247E-4	2.976042E-9	0.000000E+0	0.000000E+0	1.999959E+1	0.000000E+0	4.000000E+0
24-Apr-25	20:41:50	1.000000E-5	2.850465E+0	-8.000000E-5	3.765000E-5	1.755000E-5	2.710000E-3	2.000000E-5	0.000000E+0	0.000000E+0	1.964247E-4	2.976042E-9	0.000000E+0	0.000000E+0	1.999959E+1	0.000000E+0	4.000000E+0
24-Apr-25	20:41:51	1.000000E-5	2.841450E+0	-8.000000E-5	3.765000E-5	1.750000E-5	2.710000E-3	2.000000E-5	0.000000E+0	0.000000E+0	1.964247E-4	2.976042E-9	0.000000E+0	0.000000E+0	1.999959E+1	0.000000E+0	4.000000E+0
24-Apr-25	20:41:51	1.000000E-5	2.832440E+0	-8.000000E-5	3.765000E-5	1.750000E-5	2.710000E-3	2.000000E-5	0.000000E+0	0.000000E+0	1.964247E-4	2.976042E-9	0.000000E+0	0.000000E+0	1.999959E+1	0.000000E+0	4.000000E+0
24-Apr-25	20:41:52	1.000000E-5	2.824370E+0	-8.000000E-5	3.770000E-5	1.750000E-5	2.710000E-3	2.000000E-5	0.000000E+0	0.000000E+0	1.964247E-4	2.976042E-9	0.000000E+0	0.000000E+0	1.999959E+1	0.000000E+0	4.000000E+0
24-Apr-25	20:41:52	1.000000E-5	2.815380E+0	-8.000000E-5	3.770000E-5	1.755000E-5	2.710000E-3	2.000000E-5	0.000000E+0	0.000000E+0	1.964247E-4	2.976042E-9	0.000000E+0	0.000000E+0	1.999959E+1	0.000000E+0	4.000000E+0
24-Apr-25	20:41:53	1.000000E-5	2.807320E+0	-8.000000E-5	3.765000E-5	1.750000E-5	2.710000E-3	2.000000E-5	0.000000E+0	0.000000E+0	1.964247E-4	2.976042E-9	0.000000E+0	0.000000E+0	1.999959E+1	0.000000E+0	4.000000E+0
24-Apr-25	20:41:53	1.000000E-5	2.798330E+0	-8.000000E-5	3.760000E-5	1.745000E-5	2.710000E-3	2.000000E-5	0.000000E+0	0.000000E+0	1.964247E-4	2.976042E-9	0.000000E+0	0.000000E+0	1.999959E+1	0.000000E+0	4.000000E+0
24-Apr-25	20:41:54	1.000000E-5	2.789315E+0	-8.000000E-5	3.760000E-5	1.750000E-5	2.710000E-3	2.000000E-5	0.000000E+0	0.000000E+0	1.964247E-4	2.976042E-9	0.000000E+0	0.000000E+0	1.999959E+1	0.000000E+0	4.000000E+0
24-Apr-25	20:41:54	1.000000E-5	2.780330E+0	-8.000000E-5	3.755000E-5	1.750000E-5	2.710000E-3	2.000000E-5	0.000000E+0	0.000000E+0	1.964247E-4	2.976042E-9	0.000000E+0	0.000000E+0	1.999959E+1	0.000000E+0	4.000000E+0
24-Apr-25	20:41:55	1.000000E-5	2.769245E+0	-8.000000E-5	3.755000E-5	1.750000E-5	2.710000E-3	2.000000E-5	0.000000E+0	0.000000E+0	1.964247E-4	2.976042E-9	0.000000E+0	0.000000E+0	1.999959E+1	0.000000E+0	4.000000E+0
24-Apr-25	20:41:55	1.000000E-5	2.760275E+0	-8.000000E-5	3.755000E-5	1.750000E-5	2.710000E-3	2.000000E-5	0.000000E+0	0.000000E+0	1.964247E-4	2.976042E-9	0.000000E+0	0.000000E+0	1.999959E+1	0.000000E+0	4.000000E+0
24-Apr-25	20:41:56	1.000000E-5	2.749480E+0	-8.000000E-5	3.755000E-5	1.750000E-5	2.710000E-3	2.000000E-5	0.000000E+0	0.000000E+0	1.964247E-4	2.976042E-9	0.000000E+0	0.000000E+0	1.999959E+1	0.000000E+0	4.000000E+0
24-Apr-25	20:41:56	1.000000E-5	2.740455E+0	-8.000000E-5	3.750000E-5	1.750000E-5	2.710000E-3	2.000000E-5	0.000000E+0	0.000000E+0	1.964247E-4	2.976042E-9	0.000000E+0	0.000000E+0	1.999959E+1	0.000000E+0	4.000000E+0
24-Apr-25	20:41:57	1.000000E-5	2.731470E+0	-8.000000E-5	3.755000E-5	1.755000E-5	2.710000E-3	2.000000E-5	0.000000E+0	0.000000E+0	1.964247E-4	2.976042E-9	0.000000E+0	0.000000E+0	1.999959E+1	0.000000E+0	4.000000E+0
24-Apr-25	20:41:57	1.000000E-5	2.722505E+0	-8.000000E-5	3.755000E-5	1.755000E-5	2.710000E-3	2.000000E-5	0.000000E+0	0.000000E+0	1.964247E-4	2.976042E-9	0.000000E+0	0.000000E+0	1.999959E+1	0.000000E+0	4.000000E+0
24-Apr-25	20:41:58	1.000000E-5	2.709925E+0	-8.000000E-5	3.745000E-5	1.755000E-5	2.710000E-3	2.000000E-5	0.000000E+0	0.000000E+0	1.964247E-4	2.976042E-9	0.000000E+0	0.000000E+0	1.999959E+1	0.000000E+0	4.000000E+0
24-Apr-25	20:41:59	1.000000E-5	2.700040E+0	-8.000000E-5	3.750000E-5	1.755000E-5	2.710000E-3	2.000000E-5	0.000000E+0	0.000000E+0	1.964247E-4	2.976042E-9	0.000000E+0	0.000000E+0	1.999959E+1	0.000000E+0	4.000000E+0
24-Apr-25	20:41:59	1.000000E-5	2.691025E+0	-8.000000E-5	3.745000E-5	1.755000E-5	2.710000E-3	2.000000E-5	0.000000E+0	0.000000E+0	1.964247E-4	2.976042E-9	0.000000E+0	0.000000E+0	1.999959E+1	0.000000E+0	4.000000E+0
24-Apr-25	20:41:59	1.000000E-5	2.682935E+0	-8.000000E-5	3.745000E-5	1.755000E-5	2.710000E-3	2.000000E-5	0.000000E+0	0.000000E+0	1.964247E-4	2.976042E-9	0.000000E+0	0.000000E+0	1.999959E+1	0.000000E+0	4.000000E+0
24-Apr-25	20:42:00	1.000000E-5	2.673950E+0	-8.000000E-5	3.740000E-5	1.755000E-5	2.710000E-3	2.000000E-5	0.000000E+0	0.000000E+0	1.964247E-4	2.976042E-9	0.000000E+0	0.000000E+0	1.999959E+1	0.000000E+0	4.000000E+0
24-Apr-25	20:42:01	1.000000E-5	2.664075E+0	-8.000000E-5	3.745000E-5	1.750000E-5	2.710000E-3	2.000000E-5	0.000000E+0	0.000000E+0	1.964247E-4	2.976042E-9	0.000000E+0	0.000000E+0	1.999959E+1	0.000000E+0	4.000000E+0
24-Apr-25	20:42:01	1.000000E-5	2.654010E+0	-8.000000E-5	3.740000E-5	1.755000E-5	2.710000E-3	2.000000E-5	0.000000E+0	0.000000E+0	1.964247E-4	2.976042E-9	0.000000E+0	0.000000E+0	1.999959E+1	0.000000E+0	4.000000E+0
24-Apr-25	20:42:02	1.000000E-5	2.640345E+0	-8.000000E-5	3.735000E-5	1.750000E-5	2.710000E-3	2.000000E-5	0.000000E+0	0.000000E+0	1.964247E-4	2.976042E-9	0.000000E+0	0.000000E+0	1.999959E+1	0.000000E+0	4.000000E+0
24-Apr-25	20:42:02	1.000000E-5	2.631365E+0	-8.000000E-5	3.735000E-5	1.750000E-5	2.710000E-3	2.000000E-5	0.000000E+0	0.000000E+0	1.964247E-4	2.976042E-9	0.000000E+0	0.000000E+0	1.999959E+1	0.000000E+0	4.000000E+0
24-Apr-25	20:42:03	1.000000E-5	2.622400E+0	-8.000000E-5	3.740000E-5	1.750000E-5	2.710000E-3	2.000000E-5	0.000000E+0	0.000000E+0	1.964247E-4	2.976042E-9	0.000000E+0	0.000000E+0	1.999959E+1	0.000000E+0	4.000000E+0
24-Apr-25	20:42:03	1.000000E-5	2.613415E+0	-8.000000E-5	3.735000E-5	1.760000E-5	2.710000E-3	2.000000E-5	0.000000E+0	0.000000E+0	1.964247E-4	2.976042E-9	0.000000E+0	0.000000E+0	1.999959E+1	0.000000E+0	4.000000E+0
24-Apr-25	20:42:04	1.000000E-5	2.605315E+0	-8.000000E-5	3.730000E-5	1.755000E-5	2.710000E-3	2.000000E-5	0.000000E+0	0.000000E+0	1.964247E-4	2.976042E-9	0.000000E+0	0.000000E+0	1.999959E+1	0.000000E+0	4.000000E+0
24-Apr-25	20:42:04	1.000000E-5	2.596315E+0	-8.000000E-5	3.735000E-5	1.750000E-5	2.710000E-3	2.000000E-5	0.000000E+0	0.000000E+0	1.964247E-4	2.976042E-9	0.000000E+0	0.000000E+0	1.999959E+1	0.000000E+0	4.000000E+0
24-Apr-25	20:42:05	1.000000E-5	2.588235E+0	-8.000000E-5	3.730000E-5	1.750000E-5	2.710000E-3	2.000000E-5	0.000000E+0	0.000000E+0	1.964247E-4	2.976042E-9	0.000000E+0	0.000000E+0	1.999959E+1	0.000000E+0	4.000000E+0
24-Apr-25	20:42:05	1.000000E-5	2.580145E+0	-8.000000E-5	3.725000E-5	1.755000E-5	2.710000E-3	2.000000E-5	0.000000E+0	0.000000E+0	1.964247E-4	2.976042E-9	0.000000E+0	0.000000E+0	1.999959E+1	0.000000E+0	4.000000E+0
24-Apr-25	20:42:06	1.000000E-5	2.571170E+0	-8.000000E-5	3.725000E-5	1.750000E-5	2.710000E-3	2.000000E-5	0.000000E+0	0.000000E+0	1.964247E-4	2.976042E-9	0.000000E+0	0.000000E+0	1.999959E+1	0.000000E+0	4.000000E+0
24-Apr-25	20:42:06	1.000000E-5	2.562175E+0	-8.000000E-5	3.730000E-5	1.755000E-5	2.710000E-3	2.000000E-5	0.000000E+0	0.000000E+0	1.964247E-4	2.976042E-9	0.000000E+0	0.000000E+0	1.999959E+1	0.000000E+0	4.000000E+0
24-Apr-25	20:42:07	1.000000E-5	2.553155E+0	-8.000000E-5	3.720000E-5	1.760000E-5	2.710000E-3	2.000000E-5	0.000000E+0	0.000000E+0	1.964247E-4	2.976042E-9	0.000000E+0	0.000000E+0	1.999959E+1	0.000000E+0	4.000000E+0
24-Apr-25	20:42:07	1.000000E-5	2.540580E+0	-8.000000E-5	3.720000E-5	1.755000E-5	2.710000E-3	2.000000E-5	0.000000E+0	0.000000E+0	1.964247E-4	2.976042E-9	0.000000E+0	0.000000E+0	1.999959E+1	0.000000E+0	4.000000E+0
24-Apr-25	20:42:08	1.000000E-5	2.529515E+0	-8.000000E-5	3.720000E-5	1.760000E-5	2.710000E-3	2.000000E-5	0.000000E+0	0.000000E+0	1.964247E-4	2.976042E-9	0.000000E+0	0.000000E+0	1.999959E+1	0.000000E+0	4.000000E+0
24-Apr-25	20:42:08	1.000000E-5	2.521435E+0	-8.000000E-5	3.715000E-5	1.750000E-5	2.710000E-3	2.000000E-5	0.000000E+0	0.000000E+0	1.964247E-4	2.976042E-9	0.000000E+0	0.000000E+0	1.999959E+1	0.000000E+0	4.000000E+0
24-Apr-25	20:42:09	1.000000E-5	2.512435E+0	-8.000000E-5	3.710000E-5	1.755000E-5	2.710000E-3	2.000000E-5	0.000000E+0	0.000000E+0	1.964247E-4	2.976042E-9	0.000000E+0	0.000000E+0	1.999959E+1	0.000000E+0	4.000000E+0
24-Apr-25	20:42:10	1.000000E-5	2.503435E+0	-8.000000E-5	3.715000E-5	1.755000E-5	2.710000E-3	2.000000E-5	0.000000E+0	0.000000E+0	1.964247E-4	2.976042E-9	0.000000E+0	0.000000E+0	1.999959E+1	0.000000E+0	4.000000E+0
24-Apr-25	20:42:10	1.000000E-5	2.494435E+0	-8.000000E-5	3.715000E-5	1.755000E-5	2.710000E-3	2.000000E-5	0.000000E+0	0.000000E+0	1.964247E-4	2.976042E-9	0.000000E+0	0.000000E+0	1.999959E+1	0.000000E+0	4.000000E+0
24-Apr-25	20:42:11	1.000000E-5	2.485450E+0	-8.000000E-5	3.715000E-5	1.745000E-5	2.710000E-3	2.000000E-5	0.000000E+0	0.000000E+0	1.964247E-4	2.976042E-9	0.000000E+0	0.000000E+0	1.999959E+1	0.000000E+0	4.000000E+0
24-Apr-25	20:42:11	1.000000E-5	2.475590E+0	-8.000000E-5	3.715000E-5	1.750000E-5	2.710000E-3	2.000000E-5	0.000000E+0	0.000000E+0	1.964247E-4	2.976042E-9	0.000000E+0	0.000000E+0	1.999959E+1	0.000000E+0	4.000000E+0
24-Apr-25	20:42:12	1.000000E-5	2.466570E+0	-8.000000E-5	3.710000E-5	1.750000E-5	2.710000E-3	2.000000E-5	0.000000E+0	0.000000E+0	1.964247E-4	2.976042E-9	0.000000E+0	0.000000E+0	1.999959E+1	0.000000E+0	4.000000E+0
24-Apr-25	20:42:12	1.000000E-5	2.452915E+0	-8.000000E-5	3.710000E-5	1.760000E-5	2.710000E-3	2.000000E-5	0.000000E+0	0.000000E+0	1.964247E-4	2.976042E-9	0.000000E+0	0.000000E+0	1.999959E+1	0.000000E+0	4.000000E+0
24-Apr-25	20:42:13	1.000000E-5	2.443785E+0	-8.000000E-5	3.705000E-5	1.760000E-5	2.710000E-3	2.000000E-5	0.000000E+0	0.000000E+0	1.964247E-4	2.976042E-9	0.000000E+0	0.000000E+0	1.999959E+1	0.000000E+0	4.000000E+0
24-Apr-25	20:42:13	1.000000E-5	2.434805E+0	-8.000000E-5	3.705000E-5	1.755000E-5	2.710000E-3	2.000000E-5	0.000000E+0	0.000000E+0	1.964247E-4	2.976042E-9	0.000000E+0	0.000000E+0	1.999959E+1	0.000000E+0	4.000000E+0
24-Apr-25	20:42:14	1.000000E-5	2.422245E+0	-8.000000E-5	3.700000E-5	1.750000E-5	2.710000E-3	2.000000E-5	0.000000E+0	0.000000E+0	1.964247E-4	2.976042E-9	0.000000E+0	0.000000E+0	1.999959E+1	0.000000E+0	4.000000E+0
24-Apr-25	20:42:15	1.000000E-5	2.412315E+0	-8.000000E-5	3.705000E-5	1.760000E-5	2.710000E-3	2.000000E-5	0.000000E+0	0.000000E+0	1.964247E-4	2.976042E-9	0.000000E+0	0.000000E+0	1.999959E+1	0.000000E+0	4.000000E+0
24-Apr-25	20:42:15	1.000000E-5	2.403335E+0	-8.000000E-5	3.700000E-5	1.755000E-5	2.710000E-3	2.000000E-5	0.000000E+0	0.000000E+0	1.964247E-4	2.976042E-9	0.000000E+0	0.000000E+0	1.999959E+1	0.000000E+0	4.000000E+0
24-Apr-25	20:42:16	1.000000E-5	2.394350E+0	-8.000000E-5	3.695000E-5	1.760000E-5	2.710000E-3	2.000000E-5	0.000000E+0	0.000000E+0	1.964247E-4	2.976042E-9	0.000000E+0	0.000000E+0	1.999959E+1	0.000000E+0	4.000000E+0
24-Apr-25	20:42:16	1.000000E-5	2.385225E+0	-8.000000E-5	3.700000E-5	1.760000E-5	2.710000E-3	2.000000E-5	0.000000E+0	0.000000E+0	1.964247E-4	2.976042E-9	0.000000E+0	0.000000E+0	1.999959E+1	0.000000E+0	4.000000E+0
24-Apr-25	20:42:17	1.000000E-5	2.374290E+0	-8.000000E-5	3.695000E-5	1.760000E-5	2.710000E-3	2.000000E-5	0.000000E+0	0.000000E+0	1.964247E-4	2.976042E-9	0.000000E+0	0.000000E+0	1.999959E+1	0.000000E+0	4.000000E+0
24-Apr-25	20:42:17	1.000000E-5	2.365260E+0	-8.000000E-5	3.690000E-5	1.755000E-5	2.710000E-3	2.000000E-5	0.000000E+0	0.000000E+0	1.964247E-4	2.976042E-9	0.000000E+0	0.000000E+0	1.999959E+1	0.000000E+0	4.000000E+0
24-Apr-25	20:42:18	1.000000E-5	2.353595E+0	-8.000000E-5	3.695000E-5	1.760000E-5	2.710000E-3	2.000000E-5	0.000000E+0	0.000000E+0	1.964247E-4	2.976042E-9	0.000000E+0	0.000000E+0	1.999959E+1	0.000000E+0	4.000000E+0
24-Apr-25	20:42:18	1.000000E-5	2.345490E+0	-8.000000E-5	3.695000E-5	1.760000E-5	2.710000E-3	2.000000E-5	0.000000E+0	0.000000E+0	1.964247E-4	2.976042E-9	0.000000E+0	0.000000E+0	1.999959E+1	0.000000E+0	4.000000E+0
24-Apr-25	20:42:19	1.000000E-5	2.336520E+0	-8.000000E-5	3.690000E-5	1.760000E-5	2.710000E-3	2.000000E-5	0.000000E+0	0.000000E+0	1.964247E-4	2.976042E-9	0.000000E+0	0.000000E+0	1.999959E+1	0.000000E+0	4.000000E+0
24-Apr-25	20:42:19	1.000000E-5	2.327545E+0	-8.000000E-5	3.685000E-5	1.755000E-5	2.710000E-3	2.000000E-5	0.000000E+0	0.000000E+0	1.964247E-4	2.976042E-9	0.000000E+0	0.000000E+0	1.999959E+1	0.000000E+0	4.000000E+0
24-Apr-25	20:42:20	1.000000E-5	2.318525E+0	-8.000000E-5	3.685000E-5	1.750000E-5	2.710000E-3	2.000000E-5	0.000000E+0	0.000000E+0	1.964247E-4	2.976042E-9	0.000000E+0	0.000000E+0	1.999959E+1	0.000000E+0	4.000000E+0
24-Apr-25	20:42:20	1.000000E-5	2.308640E+0	-8.000000E-5	3.685000E-5	1.755000E-5	2.710000E-3	2.000000E-5	0.000000E+0	0.000000E+0	1.964247E-4	2.976042E-9	0.000000E+0	0.000000E+0	1.999959E+1	0.000000E+0	4.000000E+0
24-Apr-25	20:42:21	1.000000E-5	2.300530E+0	-8.000000E-5	3.690000E-5	1.755000E-5	2.710000E-3	2.000000E-5	0.000000E+0	0.000000E+0	1.964247E-4	2.976042E-9	0.000000E+0	0.000000E+0	1.999959E+1	0.000000E+0	4.000000E+0
24-Apr-25	20:42:21	1.000000E-5	2.291555E+0	-8.000000E-5	3.685000E-5	1.755000E-5	2.710000E-3	2.000000E-5	0.000000E+0	0.000000E+0	1.964247E-4	2.976042E-9	0.000000E+0	0.000000E+0	1.999959E+1	0.000000E+0	4.000000E+0
24-Apr-25	20:42:22	1.000000E-5	2.282565E+0	-8.000000E-5	3.675000E-5	1.760000E-5	2.710000E-3	2.000000E-5	0.000000E+0	0.000000E+0	1.964247E-4	2.976042E-9	0.000000E+0	0.000000E+0	1.999959E+1	0.000000E+0	4.000000E+0
24-Apr-25	20:42:22	1.000000E-5	2.273560E+0	-8.000000E-5	3.680000E-5	1.760000E-5	2.710000E-3	2.000000E-5	0.000000E+0	0.000000E+0	1.964247E-4	2.976042E-9	0.000000E+0	0.000000E+0	1.999959E+1	0.000000E+0	4.000000E+0
24-Apr-25	20:42:23	1.000000E-5	2.264540E+0	-8.000000E-5	3.675000E-5	1.755000E-5	2.710000E-3	2.000000E-5	0.000000E+0	0.000000E+0	1.964247E-4	2.976042E-9	0.000000E+0	0.000000E+0	1.999959E+1	0.000000E+0	4.000000E+0
24-Apr-25	20:42:23	1.000000E-5	2.252565E+0	-8.000000E-5	3.675000E-5	1.760000E-5	2.710000E-3	2.000000E-5	0.000000E+0	0.000000E+0	1.964247E-4	2.976042E-9	0.000000E+0	0.000000E+0	1.999959E+1	0.000000E+0	4.000000E+0
24-Apr-25	20:42:24	1.000000E-5	2.243610E+0	-8.000000E-5	3.675000E-5	1.755000E-5	2.710000E-3	2.000000E-5	0.000000E+0	0.000000E+0	1.964247E-4	2.976042E-9	0.000000E+0	0.000000E+0	1.999959E+1	0.000000E+0	4.000000E+0
24-Apr-25	20:42:24	1.000000E-5	2.234640E+0	-8.000000E-5	3.675000E-5	1.755000E-5	2.710000E-3	2.000000E-5	0.000000E+0	0.000000E+0	1.964247E-4	2.976042E-9	0.000000E+0	0.000000E+0	1.999959E+1	0.000000E+0	4.000000E+0
24-Apr-25	20:42:25	1.000000E-5	2.224730E+0	-8.000000E-5	3.670000E-5	1.755000E-5	2.710000E-3	2.000000E-5	0.000000E+0	0.000000E+0	1.964247E-4	2.976042E-9	0.000000E+0	0.000000E+0	1.999959E+1	0.000000E+0	4.000000E+0
24-Apr-25	20:42:25	1.000000E-5	2.215745E+0	-8.000000E-5	3.670000E-5	1.755000E-5	2.710000E-3	2.000000E-5	0.000000E+0	0.000000E+0	1.964247E-4	2.976042E-9	0.000000E+0	0.000000E+0	1.999959E+1	0.000000E+0	4.000000E+0
24-Apr-25	20:42:26	1.000000E-5	2.206765E+0	-8.000000E-5	3.670000E-5	1.760000E-5	2.710000E-3	2.000000E-5	0.000000E+0	0.000000E+0	1.964247E-4	2.976042E-9	0.000000E+0	0.000000E+0	1.999959E+1	0.000000E+0	4.000000E+0
24-Apr-25	20:42:26	1.000000E-5	2.198670E+0	-8.000000E-5	3.670000E-5	1.760000E-5	2.710000E-3	2.000000E-5	0.000000E+0	0.000000E+0	1.964247E-4	2.976042E-9	0.000000E+0	0.000000E+0	1.999959E+1	0.000000E+0	4.000000E+0
24-Apr-25	20:42:27	1.000000E-5	2.190615E+0	-8.000000E-5	3.670000E-5	1.755000E-5	2.710000E-3	2.000000E-5	0.000000E+0	0.000000E+0	1.964247E-4	2.976042E-9	0.000000E+0	0.000000E+0	1.999959E+1	0.000000E+0	4.000000E+0
24-Apr-25	20:42:27	1.000000E-5	2.181590E+0	-8.000000E-5	3.665000E-5	1.755000E-5	2.710000E-3	2.000000E-5	0.000000E+0	0.000000E+0	1.964247E-4	2.976042E-9	0.000000E+0	0.000000E+0	1.999959E+1	0.000000E+0	4.000000E+0
24-Apr-25	20:42:28	1.000000E-5	2.172585E+0	-8.000000E-5	3.670000E-5	1.755000E-5	2.710000E-3	2.000000E-5	0.000000E+0	0.000000E+0	1.964247E-4	2.976042E-9	0.000000E+0	0.000000E+0	1.999959E+1	0.000000E+0	4.000000E+0
24-Apr-25	20:42:29	1.000000E-5	2.161665E+0	-8.000000E-5	3.665000E-5	1.760000E-5	2.710000E-3	2.000000E-5	0.000000E+0	0.000000E+0	1.964247E-4	2.976042E-9	0.000000E+0	0.000000E+0	1.999959E+1	0.000000E+0	4.000000E+0
24-Apr-25	20:42:29	1.000000E-5	2.152515E+0	-8.000000E-5	3.665000E-5	1.760000E-5	2.710000E-3	2.000000E-5	0.000000E+0	0.000000E+0	1.964247E-4	2.976042E-9	0.000000E+0	0.000000E+0	1.999959E+1	0.000000E+0	4.000000E+0
24-Apr-25	20:42:30	1.000000E-5	2.143560E+0	-8.000000E-5	3.665000E-5	1.755000E-5	2.710000E-3	2.000000E-5	0.000000E+0	0.000000E+0	1.964247E-4	2.976042E-9	0.000000E+0	0.000000E+0	1.999959E+1	0.000000E+0	4.000000E+0
24-Apr-25	20:42:30	1.000000E-5	2.134540E+0	-8.000000E-5	3.660000E-5	1.760000E-5	2.710000E-3	2.000000E-5	0.000000E+0	0.000000E+0	1.964247E-4	2.976042E-9	0.000000E+0	0.000000E+0	1.999959E+1	0.000000E+0	4.000000E+0
24-Apr-25	20:42:31	1.000000E-5	2.125550E+0	-8.000000E-5	3.655000E-5	1.760000E-5	2.710000E-3	2.000000E-5	0.000000E+0	0.000000E+0	1.964247E-4	2.976042E-9	0.000000E+0	0.000000E+0	1.999959E+1	0.000000E+0	4.000000E+0
24-Apr-25	20:42:31	1.000000E-5	2.115665E+0	-8.000000E-5	3.655000E-5	1.755000E-5	2.710000E-3	2.000000E-5	0.000000E+0	0.000000E+0	1.964247E-4	2.976042E-9	0.000000E+0	0.000000E+0	1.999959E+1	0.000000E+0	4.000000E+0
24-Apr-25	20:42:32	1.000000E-5	2.105760E+0	-8.000000E-5	3.655000E-5	1.755000E-5	2.710000E-3	2.000000E-5	0.000000E+0	0.000000E+0	1.964247E-4	2.976042E-9	0.000000E+0	0.000000E+0	1.999959E+1	0.000000E+0	4.000000E+0
24-Apr-25	20:42:32	1.000000E-5	2.096795E+0	-8.000000E-5	3.655000E-5	1.760000E-5	2.710000E-3	2.000000E-5	0.000000E+0	0.000000E+0	1.964247E-4	2.976042E-9	0.000000E+0	0.000000E+0	1.999959E+1	0.000000E+0	4.000000E+0
24-Apr-25	20:42:33	1.000000E-5	2.085100E+0	-8.000000E-5	3.650000E-5	1.765000E-5	2.710000E-3	2.000000E-5	0.000000E+0	0.000000E+0	1.964247E-4	2.976042E-9	0.000000E+0	0.000000E+0	1.999959E+1	0.000000E+0	4.000000E+0
24-Apr-25	20:42:34	1.000000E-5	2.076075E+0	-8.000000E-5	3.650000E-5	1.760000E-5	2.710000E-3	2.000000E-5	0.000000E+0	0.000000E+0	1.964247E-4	2.976042E-9	0.000000E+0	0.000000E+0	1.999959E+1	0.000000E+0	4.000000E+0
24-Apr-25	20:42:34	1.000000E-5	2.063210E+0	-8.000000E-5	3.650000E-5	1.755000E-5	2.710000E-3	2.000000E-5	0.000000E+0	0.000000E+0	1.964247E-4	2.976042E-9	0.000000E+0	0.000000E+0	1.999959E+1	0.000000E+0	4.000000E+0
24-Apr-25	20:42:34	1.000000E-5	2.055135E+0	-8.000000E-5	3.650000E-5	1.760000E-5	2.710000E-3	2.000000E-5	0.000000E+0	0.000000E+0	1.964247E-4	2.976042E-9	0.000000E+0	0.000000E+0	1.999959E+1	0.000000E+0	4.000000E+0
24-Apr-25	20:42:35	1.000000E-5	2.046170E+0	-8.000000E-5	3.650000E-5	1.760000E-5	2.710000E-3	2.000000E-5	0.000000E+0	0.000000E+0	1.964247E-4	2.976042E-9	0.000000E+0	0.000000E+0	1.999959E+1	0.000000E+0	4.000000E+0
24-Apr-25	20:42:35	1.000000E-5	2.037175E+0	-8.000000E-5	3.645000E-5	1.755000E-5	2.710000E-3	2.000000E-5	0.000000E+0	0.000000E+0	1.964247E-4	2.976042E-9	0.000000E+0	0.000000E+0	1.999959E+1	0.000000E+0	4.000000E+0
24-Apr-25	20:42:36	1.000000E-5	2.028150E+0	-8.000000E-5	3.640000E-5	1.755000E-5	2.710000E-3	2.000000E-5	0.000000E+0	0.000000E+0	1.964247E-4	2.976042E-9	0.000000E+0	0.000000E+0	1.999959E+1	0.000000E+0	4.000000E+0
24-Apr-25	20:42:37	1.000000E-5	2.019180E+0	-8.000000E-5	3.645000E-5	1.760000E-5	2.710000E-3	2.000000E-5	0.000000E+0	0.000000E+0	1.964247E-4	2.976042E-9	0.000000E+0	0.000000E+0	1.999959E+1	0.000000E+0	4.000000E+0
24-Apr-25	20:42:37	1.000000E-5	2.005705E+0	-8.000000E-5	3.640000E-5	1.765000E-5	2.710000E-3	2.000000E-5	0.000000E+0	0.000000E+0	1.964247E-4	2.976042E-9	0.000000E+0	0.000000E+0	1.999959E+1	0.000000E+0	4.000000E+0
24-Apr-25	20:42:38	1.000000E-5	1.995825E+0	-8.000000E-5	3.640000E-5	1.760000E-5	2.710000E-3	2.000000E-5	0.000000E+0	0.000000E+0	1.964247E-4	2.976042E-9	0.000000E+0	0.000000E+0	1.999959E+1	0.000000E+0	4.000000E+0
24-Apr-25	20:42:38	1.000000E-5	1.986790E+0	-8.000000E-5	3.635000E-5	1.760000E-5	2.710000E-3	2.000000E-5	0.000000E+0	0.000000E+0	1.964247E-4	2.976042E-9	0.000000E+0	0.000000E+0	1.999959E+1	0.000000E+0	4.000000E+0
24-Apr-25	20:42:39	1.000000E-5	1.978715E+0	-8.000000E-5	3.635000E-5	1.760000E-5	2.710000E-3	2.000000E-5	0.000000E+0	0.000000E+0	1.964247E-4	2.976042E-9	0.000000E+0	0.000000E+0	1.999959E+1	0.000000E+0	4.000000E+0
24-Apr-25	20:42:39	1.000000E-5	1.969720E+0	-8.000000E-5	3.640000E-5	1.765000E-5	2.710000E-3	2.000000E-5	0.000000E+0	0.000000E+0	1.964247E-4	2.976042E-9	0.000000E+0	0.000000E+0	1.999959E+1	0.000000E+0	4.000000E+0
24-Apr-25	20:42:40	1.000000E-5	1.960750E+0	-8.000000E-5	3.635000E-5	1.760000E-5	2.710000E-3	2.000000E-5	0.000000E+0	0.000000E+0	1.964247E-4	2.976042E-9	0.000000E+0	0.000000E+0	1.999959E+1	0.000000E+0	4.000000E+0
24-Apr-25	20:42:40	1.000000E-5	1.952670E+0	-8.000000E-5	3.630000E-5	1.760000E-5	2.710000E-3	2.000000E-5	0.000000E+0	0.000000E+0	1.964247E-4	2.976042E-9	0.000000E+0	0.000000E+0	1.999959E+1	0.000000E+0	4.000000E+0
24-Apr-25	20:42:41	1.000000E-5	1.943680E+0	-8.000000E-5	3.630000E-5	1.765000E-5	2.710000E-3	2.000000E-5	0.000000E+0	0.000000E+0	1.964247E-4	2.976042E-9	0.000000E+0	0.000000E+0	1.999959E+1	0.000000E+0	4.000000E+0
24-Apr-25	20:42:41	1.000000E-5	1.935260E+0	-8.000000E-5	3.625000E-5	1.760000E-5	2.710000E-3	2.000000E-5	0.000000E+0	0.000000E+0	1.964247E-4	2.976042E-9	0.000000E+0	0.000000E+0	1.999959E+1	0.000000E+0	4.000000E+0
24-Apr-25	20:42:42	1.000000E-5	1.927175E+0	-8.000000E-5	3.625000E-5	1.760000E-5	2.710000E-3	2.000000E-5	0.000000E+0	0.000000E+0	1.964247E-4	2.976042E-9	0.000000E+0	0.000000E+0	1.999959E+1	0.000000E+0	4.000000E+0
24-Apr-25	20:42:42	1.000000E-5	1.918185E+0	-8.000000E-5	3.625000E-5	1.760000E-5	2.710000E-3	2.000000E-5	0.000000E+0	0.000000E+0	1.964247E-4	2.976042E-9	0.000000E+0	0.000000E+0	1.999959E+1	0.000000E+0	4.000000E+0
24-Apr-25	20:42:43	1.000000E-5	1.910085E+0	-8.000000E-5	3.625000E-5	1.760000E-5	2.710000E-3	2.000000E-5	0.000000E+0	0.000000E+0	1.964247E-4	2.976042E-9	0.000000E+0	0.000000E+0	1.999959E+1	0.000000E+0	4.000000E+0
24-Apr-25	20:42:43	1.000000E-5	1.901105E+0	-8.000000E-5	3.625000E-5	1.760000E-5	2.710000E-3	2.000000E-5	0.000000E+0	0.000000E+0	1.964247E-4	2.976042E-9	0.000000E+0	0.000000E+0	1.999959E+1	0.000000E+0	4.000000E+0
24-Apr-25	20:42:44	1.000000E-5	1.892065E+0	-8.000000E-5	3.625000E-5	1.760000E-5	2.710000E-3	2.000000E-5	0.000000E+0	0.000000E+0	1.964247E-4	2.976042E-9	0.000000E+0	0.000000E+0	1.999959E+1	0.000000E+0	4.000000E+0
24-Apr-25	20:42:44	1.000000E-5	1.883085E+0	-8.000000E-5	3.620000E-5	1.760000E-5	2.710000E-3	2.000000E-5	0.000000E+0	0.000000E+0	1.964247E-4	2.976042E-9	0.000000E+0	0.000000E+0	1.999959E+1	0.000000E+0	4.000000E+0
24-Apr-25	20:42:44	1.000000E-5	1.874990E+0	-8.000000E-5	3.620000E-5	1.765000E-5	2.710000E-3	2.000000E-5	0.000000E+0	0.000000E+0	1.964247E-4	2.976042E-9	0.000000E+0	0.000000E+0	1.999959E+1	0.000000E+0	4.000000E+0
24-Apr-25	20:42:45	1.000000E-5	1.866020E+0	-8.000000E-5	3.615000E-5	1.760000E-5	2.710000E-3	2.000000E-5	0.000000E+0	0.000000E+0	1.964247E-4	2.976042E-9	0.000000E+0	0.000000E+0	1.999959E+1	0.000000E+0	4.000000E+0
24-Apr-25	20:42:45	1.000000E-5	1.857050E+0	-8.000000E-5	3.615000E-5	1.765000E-5	2.710000E-3	2.000000E-5	0.000000E+0	0.000000E+0	1.964247E-4	2.976042E-9	0.000000E+0	0.000000E+0	1.999959E+1	0.000000E+0	4.000000E+0
24-Apr-25	20:42:46	1.000000E-5	1.848955E+0	-8.000000E-5	3.610000E-5	1.765000E-5	2.710000E-3	2.000000E-5	0.000000E+0	0.000000E+0	1.964247E-4	2.976042E-9	0.000000E+0	0.000000E+0	1.999959E+1	0.000000E+0	4.000000E+0
24-Apr-25	20:42:46	1.000000E-5	1.840850E+0	-8.000000E-5	3.615000E-5	1.760000E-5	2.710000E-3	2.000000E-5	0.000000E+0	0.000000E+0	1.964247E-4	2.976042E-9	0.000000E+0	0.000000E+0	1.999959E+1	0.000000E+0	4.000000E+0
24-Apr-25	20:42:47	1.000000E-5	1.831880E+0	-8.000000E-5	3.610000E-5	1.760000E-5	2.710000E-3	2.000000E-5	0.000000E+0	0.000000E+0	1.964247E-4	2.976042E-9	0.000000E+0	0.000000E+0	1.999959E+1	0.000000E+0	4.000000E+0
24-Apr-25	20:42:47	1.000000E-5	1.823770E+0	-8.000000E-5	3.605000E-5	1.760000E-5	2.710000E-3	2.000000E-5	0.000000E+0	0.000000E+0	1.964247E-4	2.976042E-9	0.000000E+0	0.000000E+0	1.999959E+1	0.000000E+0	4.000000E+0
24-Apr-25	20:42:48	1.000000E-5	1.814795E+0	-8.000000E-5	3.605000E-5	1.760000E-5	2.710000E-3	2.000000E-5	0.000000E+0	0.000000E+0	1.964247E-4	2.976042E-9	0.000000E+0	0.000000E+0	1.999959E+1	0.000000E+0	4.000000E+0
24-Apr-25	20:42:48	1.000000E-5	1.805815E+0	-8.000000E-5	3.605000E-5	1.765000E-5	2.710000E-3	2.000000E-5	0.000000E+0	0.000000E+0	1.964247E-4	2.976042E-9	0.000000E+0	0.000000E+0	1.999959E+1	0.000000E+0	4.000000E+0
24-Apr-25	20:42:49	1.000000E-5	1.796790E+0	-8.000000E-5	3.610000E-5	1.770000E-5	2.710000E-3	2.000000E-5	0.000000E+0	0.000000E+0	1.964247E-4	2.976042E-9	0.000000E+0	0.000000E+0	1.999959E+1	0.000000E+0	4.000000E+0
24-Apr-25	20:42:49	1.000000E-5	1.787810E+0	-8.000000E-5	3.600000E-5	1.760000E-5	2.710000E-3	2.000000E-5	0.000000E+0	0.000000E+0	1.964247E-4	2.976042E-9	0.000000E+0	0.000000E+0	1.999959E+1	0.000000E+0	4.000000E+0
24-Apr-25	20:42:50	1.000000E-5	1.777935E+0	-8.000000E-5	3.600000E-5	1.760000E-5	2.710000E-3	2.000000E-5	0.000000E+0	0.000000E+0	1.964247E-4	2.976042E-9	0.000000E+0	0.000000E+0	1.999959E+1	0.000000E+0	4.000000E+0
24-Apr-25	20:42:50	1.000000E-5	1.768945E+0	-8.000000E-5	3.595000E-5	1.760000E-5	2.710000E-3	2.000000E-5	0.000000E+0	0.000000E+0	1.964247E-4	2.976042E-9	0.000000E+0	0.000000E+0	1.999959E+1	0.000000E+0	4.000000E+0
24-Apr-25	20:42:51	1.000000E-5	1.759970E+0	-8.000000E-5	3.600000E-5	1.770000E-5	2.710000E-3	2.000000E-5	0.000000E+0	0.000000E+0	1.964247E-4	2.976042E-9	0.000000E+0	0.000000E+0	1.999959E+1	0.000000E+0	4.000000E+0
24-Apr-25	20:42:51	1.000000E-5	1.750950E+0	-8.000000E-5	3.595000E-5	1.770000E-5	2.710000E-3	2.000000E-5	0.000000E+0	0.000000E+0	1.964247E-4	2.976042E-9	0.000000E+0	0.000000E+0	1.999959E+1	0.000000E+0	4.000000E+0
24-Apr-25	20:42:52	1.000000E-5	1.741975E+0	-8.000000E-5	3.590000E-5	1.760000E-5	2.710000E-3	2.000000E-5	0.000000E+0	0.000000E+0	1.964247E-4	2.976042E-9	0.000000E+0	0.000000E+0	1.999959E+1	0.000000E+0	4.000000E+0
24-Apr-25	20:42:52	1.000000E-5	1.733870E+0	-8.000000E-5	3.585000E-5	1.765000E-5	2.710000E-3	2.000000E-5	0.000000E+0	0.000000E+0	1.964247E-4	2.976042E-9	0.000000E+0	0.000000E+0	1.999959E+1	0.000000E+0	4.000000E+0
24-Apr-25	20:42:53	1.000000E-5	1.724895E+0	-8.000000E-5	3.590000E-5	1.765000E-5	2.710000E-3	2.000000E-5	0.000000E+0	0.000000E+0	1.964247E-4	2.976042E-9	0.000000E+0	0.000000E+0	1.999959E+1	0.000000E+0	4.000000E+0
24-Apr-25	20:42:53	1.000000E-5	1.715905E+0	-8.000000E-5	3.590000E-5	1.770000E-5	2.710000E-3	2.000000E-5	0.000000E+0	0.000000E+0	1.964247E-4	2.976042E-9	0.000000E+0	0.000000E+0	1.999959E+1	0.000000E+0	4.000000E+0
24-Apr-25	20:42:54	1.000000E-5	1.705995E+0	-8.000000E-5	3.590000E-5	1.770000E-5	2.710000E-3	2.000000E-5	0.000000E+0	0.000000E+0	1.964247E-4	2.976042E-9	0.000000E+0	0.000000E+0	1.999959E+1	0.000000E+0	4.000000E+0
24-Apr-25	20:42:54	1.000000E-5	1.696975E+0	-8.000000E-5	3.590000E-5	1.770000E-5	2.710000E-3	2.000000E-5	0.000000E+0	0.000000E+0	1.964247E-4	2.976042E-9	0.000000E+0	0.000000E+0	1.999959E+1	0.000000E+0	4.000000E+0
24-Apr-25	20:42:55	1.000000E-5	1.688025E+0	-8.000000E-5	3.585000E-5	1.760000E-5	2.710000E-3	2.000000E-5	0.000000E+0	0.000000E+0	1.964247E-4	2.976042E-9	0.000000E+0	0.000000E+0	1.999959E+1	0.000000E+0	4.000000E+0
24-Apr-25	20:42:55	1.000000E-5	1.679925E+0	-8.000000E-5	3.580000E-5	1.760000E-5	2.710000E-3	2.000000E-5	0.000000E+0	0.000000E+0	1.964247E-4	2.976042E-9	0.000000E+0	0.000000E+0	1.999959E+1	0.000000E+0	4.000000E+0
24-Apr-25	20:42:56	1.000000E-5	1.671880E+0	-8.000000E-5	3.580000E-5	1.770000E-5	2.710000E-3	2.000000E-5	0.000000E+0	0.000000E+0	1.964247E-4	2.976042E-9	0.000000E+0	0.000000E+0	1.999959E+1	0.000000E+0	4.000000E+0
24-Apr-25	20:42:56	1.000000E-5	1.662870E+0	-8.000000E-5	3.580000E-5	1.765000E-5	2.710000E-3	2.000000E-5	0.000000E+0	0.000000E+0	1.964247E-4	2.976042E-9	0.000000E+0	0.000000E+0	1.999959E+1	0.000000E+0	4.000000E+0
24-Apr-25	20:42:57	1.000000E-5	1.653855E+0	-8.000000E-5	3.585000E-5	1.765000E-5	2.710000E-3	2.000000E-5	0.000000E+0	0.000000E+0	1.964247E-4	2.976042E-9	0.000000E+0	0.000000E+0	1.999959E+1	0.000000E+0	4.000000E+0
24-Apr-25	20:42:57	1.000000E-5	1.644865E+0	-8.000000E-5	3.580000E-5	1.770000E-5	2.710000E-3	2.000000E-5	0.000000E+0	0.000000E+0	1.964247E-4	2.976042E-9	0.000000E+0	0.000000E+0	1.999959E+1	0.000000E+0	4.000000E+0
24-Apr-25	20:42:58	1.000000E-5	1.631090E+0	-8.000000E-5	3.580000E-5	1.765000E-5	2.710000E-3	2.000000E-5	0.000000E+0	0.000000E+0	1.964247E-4	2.976042E-9	0.000000E+0	0.000000E+0	1.999959E+1	0.000000E+0	4.000000E+0
24-Apr-25	20:42:59	1.000000E-5	1.622110E+0	-8.000000E-5	3.575000E-5	1.765000E-5	2.710000E-3	2.000000E-5	0.000000E+0	0.000000E+0	1.964247E-4	2.976042E-9	0.000000E+0	0.000000E+0	1.999959E+1	0.000000E+0	4.000000E+0
24-Apr-25	20:42:59	1.000000E-5	1.608575E+0	-8.000000E-5	3.575000E-5	1.765000E-5	2.710000E-3	2.000000E-5	0.000000E+0	0.000000E+0	1.964247E-4	2.976042E-9	0.000000E+0	0.000000E+0	1.999959E+1	0.000000E+0	4.000000E+0
24-Apr-25	20:43:00	1.000000E-5	1.598705E+0	-8.000000E-5	3.570000E-5	1.770000E-5	2.710000E-3	2.000000E-5	0.000000E+0	0.000000E+0	1.964247E-4	2.976042E-9	0.000000E+0	0.000000E+0	1.999959E+1	0.000000E+0	4.000000E+0
24-Apr-25	20:43:00	1.000000E-5	1.589725E+0	-8.000000E-5	3.570000E-5	1.770000E-5	2.710000E-3	2.000000E-5	0.000000E+0	0.000000E+0	1.964247E-4	2.976042E-9	0.000000E+0	0.000000E+0	1.999959E+1	0.000000E+0	4.000000E+0
24-Apr-25	20:43:01	1.000000E-5	1.580740E+0	-8.000000E-5	3.575000E-5	1.770000E-5	2.710000E-3	2.000000E-5	0.000000E+0	0.000000E+0	1.964247E-4	2.976042E-9	0.000000E+0	0.000000E+0	1.999959E+1	0.000000E+0	4.000000E+0
24-Apr-25	20:43:01	1.000000E-5	1.572660E+0	-8.000000E-5	3.570000E-5	1.775000E-5	2.710000E-3	2.000000E-5	0.000000E+0	0.000000E+0	1.964247E-4	2.976042E-9	0.000000E+0	0.000000E+0	1.999959E+1	0.000000E+0	4.000000E+0
24-Apr-25	20:43:02	1.000000E-5	1.563670E+0	-8.000000E-5	3.565000E-5	1.770000E-5	2.710000E-3	2.000000E-5	0.000000E+0	0.000000E+0	1.964247E-4	2.976042E-9	0.000000E+0	0.000000E+0	1.999959E+1	0.000000E+0	4.000000E+0
24-Apr-25	20:43:02	1.000000E-5	1.555550E+0	-8.000000E-5	3.560000E-5	1.765000E-5	2.710000E-3	2.000000E-5	0.000000E+0	0.000000E+0	1.964247E-4	2.976042E-9	0.000000E+0	0.000000E+0	1.999959E+1	0.000000E+0	4.000000E+0
24-Apr-25	20:43:03	1.000000E-5	1.546580E+0	-8.000000E-5	3.555000E-5	1.770000E-5	2.710000E-3	2.000000E-5	0.000000E+0	0.000000E+0	1.964247E-4	2.976042E-9	0.000000E+0	0.000000E+0	1.999959E+1	0.000000E+0	4.000000E+0
24-Apr-25	20:43:03	1.000000E-5	1.537560E+0	-8.000000E-5	3.555000E-5	1.765000E-5	2.710000E-3	2.000000E-5	0.000000E+0	0.000000E+0	1.964247E-4	2.976042E-9	0.000000E+0	0.000000E+0	1.999959E+1	0.000000E+0	4.000000E+0
24-Apr-25	20:43:04	1.000000E-5	1.528590E+0	-8.000000E-5	3.555000E-5	1.770000E-5	2.710000E-3	2.000000E-5	0.000000E+0	0.000000E+0	1.964247E-4	2.976042E-9	0.000000E+0	0.000000E+0	1.999959E+1	0.000000E+0	4.000000E+0
24-Apr-25	20:43:04	1.000000E-5	1.519565E+0	-8.000000E-5	3.550000E-5	1.770000E-5	2.710000E-3	2.000000E-5	0.000000E+0	0.000000E+0	1.964247E-4	2.976042E-9	0.000000E+0	0.000000E+0	1.999959E+1	0.000000E+0	4.000000E+0
24-Apr-25	20:43:05	1.000000E-5	1.509570E+0	-8.000000E-5	3.550000E-5	1.770000E-5	2.710000E-3	2.000000E-5	0.000000E+0	0.000000E+0	1.964247E-4	2.976042E-9	0.000000E+0	0.000000E+0	1.999959E+1	0.000000E+0	4.000000E+0
24-Apr-25	20:43:05	1.000000E-5	1.500780E+0	-8.000000E-5	3.545000E-5	1.770000E-5	2.710000E-3	2.000000E-5	0.000000E+0	0.000000E+0	1.964247E-4	2.976042E-9	0.000000E+0	0.000000E+0	1.999959E+1	0.000000E+0	4.000000E+0
24-Apr-25	20:43:06	1.000000E-5	1.487915E+0	-8.000000E-5	3.550000E-5	1.770000E-5	2.710000E-3	2.000000E-5	0.000000E+0	0.000000E+0	1.964247E-4	2.976042E-9	0.000000E+0	0.000000E+0	1.999959E+1	0.000000E+0	4.000000E+0
24-Apr-25	20:43:07	1.000000E-5	1.478945E+0	-8.000000E-5	3.545000E-5	1.770000E-5	2.710000E-3	2.000000E-5	0.000000E+0	0.000000E+0	1.964247E-4	2.976042E-9	0.000000E+0	0.000000E+0	1.999959E+1	0.000000E+0	4.000000E+0
24-Apr-25	20:43:07	1.000000E-5	1.467245E+0	-8.000000E-5	3.545000E-5	1.765000E-5	2.710000E-3	2.000000E-5	0.000000E+0	0.000000E+0	1.964247E-4	2.976042E-9	0.000000E+0	0.000000E+0	1.999959E+1	0.000000E+0	4.000000E+0
24-Apr-25	20:43:08	1.000000E-5	1.457345E+0	-8.000000E-5	3.540000E-5	1.775000E-5	2.710000E-3	2.000000E-5	0.000000E+0	0.000000E+0	1.964247E-4	2.976042E-9	0.000000E+0	0.000000E+0	1.999959E+1	0.000000E+0	4.000000E+0
24-Apr-25	20:43:08	1.000000E-5	1.447180E+0	-8.000000E-5	3.540000E-5	1.770000E-5	2.710000E-3	2.000000E-5	0.000000E+0	0.000000E+0	1.964247E-4	2.976042E-9	0.000000E+0	0.000000E+0	1.999959E+1	0.000000E+0	4.000000E+0
24-Apr-25	20:43:09	1.000000E-5	1.439385E+0	-8.000000E-5	3.535000E-5	1.765000E-5	2.710000E-3	2.000000E-5	0.000000E+0	0.000000E+0	1.964247E-4	2.976042E-9	0.000000E+0	0.000000E+0	1.999959E+1	0.000000E+0	4.000000E+0
24-Apr-25	20:43:09	1.000000E-5	1.430125E+0	-8.000000E-5	3.535000E-5	1.765000E-5	2.710000E-3	2.000000E-5	0.000000E+0	0.000000E+0	1.964247E-4	2.976042E-9	0.000000E+0	0.000000E+0	1.999959E+1	0.000000E+0	4.000000E+0
24-Apr-25	20:43:10	1.000000E-5	1.421090E+0	-8.000000E-5	3.535000E-5	1.765000E-5	2.710000E-3	2.000000E-5	0.000000E+0	0.000000E+0	1.964247E-4	2.976042E-9	0.000000E+0	0.000000E+0	1.999959E+1	0.000000E+0	4.000000E+0
24-Apr-25	20:43:10	1.000000E-5	1.412110E+0	-8.000000E-5	3.535000E-5	1.770000E-5	2.710000E-3	2.000000E-5	0.000000E+0	0.000000E+0	1.964247E-4	2.976042E-9	0.000000E+0	0.000000E+0	1.999959E+1	0.000000E+0	4.000000E+0
24-Apr-25	20:43:11	1.000000E-5	1.399530E+0	-8.000000E-5	3.530000E-5	1.775000E-5	2.710000E-3	2.000000E-5	0.000000E+0	0.000000E+0	1.964247E-4	2.976042E-9	0.000000E+0	0.000000E+0	1.999959E+1	0.000000E+0	4.000000E+0
24-Apr-25	20:43:12	1.000000E-5	1.389650E+0	-8.000000E-5	3.525000E-5	1.770000E-5	2.710000E-3	2.000000E-5	0.000000E+0	0.000000E+0	1.964247E-4	2.976042E-9	0.000000E+0	0.000000E+0	1.999959E+1	0.000000E+0	4.000000E+0
24-Apr-25	20:43:12	1.000000E-5	1.380685E+0	-8.000000E-5	3.525000E-5	1.770000E-5	2.710000E-3	2.000000E-5	0.000000E+0	0.000000E+0	1.964247E-4	2.976042E-9	0.000000E+0	0.000000E+0	1.999959E+1	0.000000E+0	4.000000E+0
24-Apr-25	20:43:13	1.000000E-5	1.370470E+0	-8.000000E-5	3.525000E-5	1.770000E-5	2.710000E-3	2.000000E-5	0.000000E+0	0.000000E+0	1.964247E-4	2.976042E-9	0.000000E+0	0.000000E+0	1.999959E+1	0.000000E+0	4.000000E+0
24-Apr-25	20:43:13	1.000000E-5	1.362365E+0	-8.000000E-5	3.520000E-5	1.770000E-5	2.710000E-3	2.000000E-5	0.000000E+0	0.000000E+0	1.964247E-4	2.976042E-9	0.000000E+0	0.000000E+0	1.999959E+1	0.000000E+0	4.000000E+0
24-Apr-25	20:43:13	1.000000E-5	1.354280E+0	-8.000000E-5	3.515000E-5	1.775000E-5	2.710000E-3	2.000000E-5	0.000000E+0	0.000000E+0	1.964247E-4	2.976042E-9	0.000000E+0	0.000000E+0	1.999959E+1	0.000000E+0	4.000000E+0
24-Apr-25	20:43:14	1.000000E-5	1.345295E+0	-8.000000E-5	3.515000E-5	1.770000E-5	2.710000E-3	2.000000E-5	0.000000E+0	0.000000E+0	1.964247E-4	2.976042E-9	0.000000E+0	0.000000E+0	1.999959E+1	0.000000E+0	4.000000E+0
24-Apr-25	20:43:15	1.000000E-5	1.336315E+0	-8.000000E-5	3.525000E-5	1.775000E-5	2.710000E-3	2.000000E-5	0.000000E+0	0.000000E+0	1.964247E-4	2.976042E-9	0.000000E+0	0.000000E+0	1.999959E+1	0.000000E+0	4.000000E+0
24-Apr-25	20:43:15	1.000000E-5	1.327310E+0	-8.000000E-5	3.520000E-5	1.775000E-5	2.710000E-3	2.000000E-5	0.000000E+0	0.000000E+0	1.964247E-4	2.976042E-9	0.000000E+0	0.000000E+0	1.999959E+1	0.000000E+0	4.000000E+0
24-Apr-25	20:43:15	1.000000E-5	1.318305E+0	-8.000000E-5	3.510000E-5	1.780000E-5	2.710000E-3	2.000000E-5	0.000000E+0	0.000000E+0	1.964247E-4	2.976042E-9	0.000000E+0	0.000000E+0	1.999959E+1	0.000000E+0	4.000000E+0
24-Apr-25	20:43:16	1.000000E-5	1.309340E+0	-8.000000E-5	3.505000E-5	1.775000E-5	2.710000E-3	2.000000E-5	0.000000E+0	0.000000E+0	1.964247E-4	2.976042E-9	0.000000E+0	0.000000E+0	1.999959E+1	0.000000E+0	4.000000E+0
24-Apr-25	20:43:16	1.000000E-5	1.301240E+0	-8.000000E-5	3.505000E-5	1.775000E-5	2.710000E-3	2.000000E-5	0.000000E+0	0.000000E+0	1.964247E-4	2.976042E-9	0.000000E+0	0.000000E+0	1.999959E+1	0.000000E+0	4.000000E+0
24-Apr-25	20:43:17	1.000000E-5	1.292280E+0	-8.000000E-5	3.505000E-5	1.770000E-5	2.710000E-3	2.000000E-5	0.000000E+0	0.000000E+0	1.964247E-4	2.976042E-9	0.000000E+0	0.000000E+0	1.999959E+1	0.000000E+0	4.000000E+0
24-Apr-25	20:43:17	1.000000E-5	1.283275E+0	-8.000000E-5	3.500000E-5	1.775000E-5	2.710000E-3	2.000000E-5	0.000000E+0	0.000000E+0	1.964247E-4	2.976042E-9	0.000000E+0	0.000000E+0	1.999959E+1	0.000000E+0	4.000000E+0
24-Apr-25	20:43:18	1.000000E-5	1.274290E+0	-8.000000E-5	3.505000E-5	1.775000E-5	2.710000E-3	2.000000E-5	0.000000E+0	0.000000E+0	1.964247E-4	2.976042E-9	0.000000E+0	0.000000E+0	1.999959E+1	0.000000E+0	4.000000E+0
24-Apr-25	20:43:18	1.000000E-5	1.265310E+0	-8.000000E-5	3.500000E-5	1.770000E-5	2.710000E-3	2.000000E-5	0.000000E+0	0.000000E+0	1.964247E-4	2.976042E-9	0.000000E+0	0.000000E+0	1.999959E+1	0.000000E+0	4.000000E+0
24-Apr-25	20:43:19	1.000000E-5	1.255400E+0	-8.000000E-5	3.500000E-5	1.770000E-5	2.710000E-3	2.000000E-5	0.000000E+0	0.000000E+0	1.964247E-4	2.976042E-9	0.000000E+0	0.000000E+0	1.999959E+1	0.000000E+0	4.000000E+0
24-Apr-25	20:43:19	1.000000E-5	1.247325E+0	-8.000000E-5	3.495000E-5	1.775000E-5	2.710000E-3	2.000000E-5	0.000000E+0	0.000000E+0	1.964247E-4	2.976042E-9	0.000000E+0	0.000000E+0	1.999959E+1	0.000000E+0	4.000000E+0
24-Apr-25	20:43:20	1.000000E-5	1.238340E+0	-8.000000E-5	3.495000E-5	1.780000E-5	2.710000E-3	2.000000E-5	0.000000E+0	0.000000E+0	1.964247E-4	2.976042E-9	0.000000E+0	0.000000E+0	1.999959E+1	0.000000E+0	4.000000E+0
24-Apr-25	20:43:20	1.000000E-5	1.229320E+0	-8.000000E-5	3.490000E-5	1.775000E-5	2.710000E-3	2.000000E-5	0.000000E+0	0.000000E+0	1.964247E-4	2.976042E-9	0.000000E+0	0.000000E+0	1.999959E+1	0.000000E+0	4.000000E+0
24-Apr-25	20:43:21	1.000000E-5	1.220345E+0	-8.000000E-5	3.485000E-5	1.770000E-5	2.710000E-3	2.000000E-5	0.000000E+0	0.000000E+0	1.964247E-4	2.976042E-9	0.000000E+0	0.000000E+0	1.999959E+1	0.000000E+0	4.000000E+0
24-Apr-25	20:43:21	1.000000E-5	1.212245E+0	-8.000000E-5	3.485000E-5	1.770000E-5	2.710000E-3	2.000000E-5	0.000000E+0	0.000000E+0	1.964247E-4	2.976042E-9	0.000000E+0	0.000000E+0	1.999959E+1	0.000000E+0	4.000000E+0
24-Apr-25	20:43:22	1.000000E-5	1.203275E+0	-8.000000E-5	3.480000E-5	1.775000E-5	2.710000E-3	2.000000E-5	0.000000E+0	0.000000E+0	1.964247E-4	2.976042E-9	0.000000E+0	0.000000E+0	1.999959E+1	0.000000E+0	4.000000E+0
24-Apr-25	20:43:22	1.000000E-5	1.195185E+0	-8.000000E-5	3.480000E-5	1.770000E-5	2.710000E-3	2.000000E-5	0.000000E+0	0.000000E+0	1.964247E-4	2.976042E-9	0.000000E+0	0.000000E+0	1.999959E+1	0.000000E+0	4.000000E+0
24-Apr-25	20:43:23	1.000000E-5	1.186190E+0	-8.000000E-5	3.480000E-5	1.770000E-5	2.710000E-3	2.000000E-5	0.000000E+0	0.000000E+0	1.964247E-4	2.976042E-9	0.000000E+0	0.000000E+0	1.999959E+1	0.000000E+0	4.000000E+0
24-Apr-25	20:43:23	1.000000E-5	1.177175E+0	-8.000000E-5	3.470000E-5	1.775000E-5	2.710000E-3	2.000000E-5	0.000000E+0	0.000000E+0	1.964247E-4	2.976042E-9	0.000000E+0	0.000000E+0	1.999959E+1	0.000000E+0	4.000000E+0
24-Apr-25	20:43:24	1.000000E-5	1.169100E+0	-8.000000E-5	3.465000E-5	1.775000E-5	2.710000E-3	2.000000E-5	0.000000E+0	0.000000E+0	1.964247E-4	2.976042E-9	0.000000E+0	0.000000E+0	1.999959E+1	0.000000E+0	4.000000E+0
24-Apr-25	20:43:24	1.000000E-5	1.160090E+0	-8.000000E-5	3.470000E-5	1.775000E-5	2.710000E-3	2.000000E-5	0.000000E+0	0.000000E+0	1.964247E-4	2.976042E-9	0.000000E+0	0.000000E+0	1.999959E+1	0.000000E+0	4.000000E+0
24-Apr-25	20:43:25	1.000000E-5	1.151130E+0	-8.000000E-5	3.465000E-5	1.775000E-5	2.710000E-3	2.000000E-5	0.000000E+0	0.000000E+0	1.964247E-4	2.976042E-9	0.000000E+0	0.000000E+0	1.999959E+1	0.000000E+0	4.000000E+0
24-Apr-25	20:43:26	1.000000E-5	1.138495E+0	-8.000000E-5	3.465000E-5	1.780000E-5	2.710000E-3	2.000000E-5	0.000000E+0	0.000000E+0	1.964247E-4	2.976042E-9	0.000000E+0	0.000000E+0	1.999959E+1	0.000000E+0	4.000000E+0
24-Apr-25	20:43:26	1.000000E-5	1.128590E+0	-8.000000E-5	3.460000E-5	1.780000E-5	2.710000E-3	2.000000E-5	0.000000E+0	0.000000E+0	1.964247E-4	2.976042E-9	0.000000E+0	0.000000E+0	1.999959E+1	0.000000E+0	4.000000E+0
24-Apr-25	20:43:27	1.000000E-5	1.119620E+0	-8.000000E-5	3.460000E-5	1.780000E-5	2.710000E-3	2.000000E-5	0.000000E+0	0.000000E+0	1.964247E-4	2.976042E-9	0.000000E+0	0.000000E+0	1.999959E+1	0.000000E+0	4.000000E+0
24-Apr-25	20:43:27	1.000000E-5	1.110505E+0	-8.000000E-5	3.455000E-5	1.780000E-5	2.710000E-3	2.000000E-5	0.000000E+0	0.000000E+0	1.964247E-4	2.976042E-9	0.000000E+0	0.000000E+0	1.999959E+1	0.000000E+0	4.000000E+0
24-Apr-25	20:43:28	1.000000E-5	1.101385E+0	-8.000000E-5	3.450000E-5	1.780000E-5	2.710000E-3	2.000000E-5	0.000000E+0	0.000000E+0	1.964247E-4	2.976042E-9	0.000000E+0	0.000000E+0	1.999959E+1	0.000000E+0	4.000000E+0
24-Apr-25	20:43:28	1.000000E-5	1.093290E+0	-8.000000E-5	3.455000E-5	1.775000E-5	2.710000E-3	2.000000E-5	0.000000E+0	0.000000E+0	1.964247E-4	2.976042E-9	0.000000E+0	0.000000E+0	1.999959E+1	0.000000E+0	4.000000E+0
24-Apr-25	20:43:29	1.000000E-5	1.084275E+0	-8.000000E-5	3.450000E-5	1.770000E-5	2.710000E-3	2.000000E-5	0.000000E+0	0.000000E+0	1.964247E-4	2.976042E-9	0.000000E+0	0.000000E+0	1.999959E+1	0.000000E+0	4.000000E+0
24-Apr-25	20:43:29	1.000000E-5	1.075305E+0	-8.000000E-5	3.445000E-5	1.775000E-5	2.710000E-3	2.000000E-5	0.000000E+0	0.000000E+0	1.964247E-4	2.976042E-9	0.000000E+0	0.000000E+0	1.999959E+1	0.000000E+0	4.000000E+0
24-Apr-25	20:43:30	1.000000E-5	1.066315E+0	-8.000000E-5	3.445000E-5	1.780000E-5	2.710000E-3	2.000000E-5	0.000000E+0	0.000000E+0	1.964247E-4	2.976042E-9	0.000000E+0	0.000000E+0	1.999959E+1	0.000000E+0	4.000000E+0
24-Apr-25	20:43:30	1.000000E-5	1.054345E+0	-8.000000E-5	3.445000E-5	1.775000E-5	2.710000E-3	2.000000E-5	0.000000E+0	0.000000E+0	1.964247E-4	2.976042E-9	0.000000E+0	0.000000E+0	1.999959E+1	0.000000E+0	4.000000E+0
24-Apr-25	20:43:31	1.000000E-5	1.045340E+0	-8.000000E-5	3.440000E-5	1.780000E-5	2.710000E-3	2.000000E-5	0.000000E+0	0.000000E+0	1.964247E-4	2.976042E-9	0.000000E+0	0.000000E+0	1.999959E+1	0.000000E+0	4.000000E+0
24-Apr-25	20:43:31	1.000000E-5	1.036320E+0	-8.000000E-5	3.430000E-5	1.775000E-5	2.710000E-3	2.000000E-5	0.000000E+0	0.000000E+0	1.964247E-4	2.976042E-9	0.000000E+0	0.000000E+0	1.999959E+1	0.000000E+0	4.000000E+0
24-Apr-25	20:43:32	1.000000E-5	1.027370E+0	-8.000000E-5	3.430000E-5	1.775000E-5	2.710000E-3	2.000000E-5	0.000000E+0	0.000000E+0	1.964247E-4	2.976042E-9	0.000000E+0	0.000000E+0	1.999959E+1	0.000000E+0	4.000000E+0
24-Apr-25	20:43:32	1.000000E-5	1.018370E+0	-8.000000E-5	3.435000E-5	1.780000E-5	2.710000E-3	2.000000E-5	0.000000E+0	0.000000E+0	1.964247E-4	2.976042E-9	0.000000E+0	0.000000E+0	1.999959E+1	0.000000E+0	4.000000E+0
24-Apr-25	20:43:33	1.000000E-5	1.010295E+0	-8.000000E-5	3.435000E-5	1.780000E-5	2.710000E-3	2.000000E-5	0.000000E+0	0.000000E+0	1.964247E-4	2.976042E-9	0.000000E+0	0.000000E+0	1.999959E+1	0.000000E+0	4.000000E+0
24-Apr-25	20:43:33	1.000000E-5	1.001320E+0	-8.000000E-5	3.430000E-5	1.775000E-5	2.710000E-3	2.000000E-5	0.000000E+0	0.000000E+0	1.964247E-4	2.976042E-9	0.000000E+0	0.000000E+0	1.999959E+1	0.000000E+0	4.000000E+0
24-Apr-25	20:43:34	1.000000E-5	9.922950E-1	-8.000000E-5	3.435000E-5	1.780000E-5	2.710000E-3	2.000000E-5	0.000000E+0	0.000000E+0	1.964247E-4	2.976042E-9	0.000000E+0	0.000000E+0	1.999959E+1	0.000000E+0	4.000000E+0
24-Apr-25	20:43:34	1.000000E-5	9.797100E-1	-8.000000E-5	3.425000E-5	1.775000E-5	2.710000E-3	2.000000E-5	0.000000E+0	0.000000E+0	1.964247E-4	2.976042E-9	0.000000E+0	0.000000E+0	1.999959E+1	0.000000E+0	4.000000E+0
24-Apr-25	20:43:35	1.000000E-5	9.695300E-1	-8.000000E-5	3.430000E-5	1.775000E-5	2.710000E-3	2.000000E-5	0.000000E+0	0.000000E+0	1.964247E-4	2.976042E-9	0.000000E+0	0.000000E+0	1.999959E+1	0.000000E+0	4.000000E+0
24-Apr-25	20:43:35	1.000000E-5	9.605500E-1	-8.000000E-5	3.420000E-5	1.780000E-5	2.710000E-3	2.000000E-5	0.000000E+0	0.000000E+0	1.964247E-4	2.976042E-9	0.000000E+0	0.000000E+0	1.999959E+1	0.000000E+0	4.000000E+0
24-Apr-25	20:43:36	1.000000E-5	9.506400E-1	-8.000000E-5	3.425000E-5	1.780000E-5	2.710000E-3	2.000000E-5	0.000000E+0	0.000000E+0	1.964247E-4	2.976042E-9	0.000000E+0	0.000000E+0	1.999959E+1	0.000000E+0	4.000000E+0
24-Apr-25	20:43:36	1.000000E-5	9.416200E-1	-8.000000E-5	3.420000E-5	1.780000E-5	2.710000E-3	2.000000E-5	0.000000E+0	0.000000E+0	1.964247E-4	2.976042E-9	0.000000E+0	0.000000E+0	1.999959E+1	0.000000E+0	4.000000E+0
24-Apr-25	20:43:37	1.000000E-5	9.326650E-1	-8.000000E-5	3.420000E-5	1.780000E-5	2.710000E-3	2.000000E-5	0.000000E+0	0.000000E+0	1.964247E-4	2.976042E-9	0.000000E+0	0.000000E+0	1.999959E+1	0.000000E+0	4.000000E+0
24-Apr-25	20:43:37	1.000000E-5	9.236600E-1	-8.000000E-5	3.415000E-5	1.780000E-5	2.710000E-3	2.000000E-5	0.000000E+0	0.000000E+0	1.964247E-4	2.976042E-9	0.000000E+0	0.000000E+0	1.999959E+1	0.000000E+0	4.000000E+0
24-Apr-25	20:43:38	1.000000E-5	9.147000E-1	-8.000000E-5	3.410000E-5	1.780000E-5	2.710000E-3	2.000000E-5	0.000000E+0	0.000000E+0	1.964247E-4	2.976042E-9	0.000000E+0	0.000000E+0	1.999959E+1	0.000000E+0	4.000000E+0
24-Apr-25	20:43:39	1.000000E-5	9.048000E-1	-8.000000E-5	3.410000E-5	1.780000E-5	2.710000E-3	2.000000E-5	0.000000E+0	0.000000E+0	1.964247E-4	2.976042E-9	0.000000E+0	0.000000E+0	1.999959E+1	0.000000E+0	4.000000E+0
24-Apr-25	20:43:39	1.000000E-5	8.958050E-1	-8.000000E-5	3.410000E-5	1.780000E-5	2.710000E-3	2.000000E-5	0.000000E+0	0.000000E+0	1.964247E-4	2.976042E-9	0.000000E+0	0.000000E+0	1.999959E+1	0.000000E+0	4.000000E+0
24-Apr-25	20:43:40	1.000000E-5	8.868300E-1	-8.000000E-5	3.415000E-5	1.775000E-5	2.710000E-3	2.000000E-5	0.000000E+0	0.000000E+0	1.964247E-4	2.976042E-9	0.000000E+0	0.000000E+0	1.999959E+1	0.000000E+0	4.000000E+0
24-Apr-25	20:43:40	1.000000E-5	8.760200E-1	-8.000000E-5	3.405000E-5	1.780000E-5	2.710000E-3	2.000000E-5	0.000000E+0	0.000000E+0	1.964247E-4	2.976042E-9	0.000000E+0	0.000000E+0	1.999959E+1	0.000000E+0	4.000000E+0
24-Apr-25	20:43:41	1.000000E-5	8.670650E-1	-8.000000E-5	3.405000E-5	1.785000E-5	2.710000E-3	2.000000E-5	0.000000E+0	0.000000E+0	1.964247E-4	2.976042E-9	0.000000E+0	0.000000E+0	1.999959E+1	0.000000E+0	4.000000E+0
24-Apr-25	20:43:41	1.000000E-5	8.589550E-1	-8.000000E-5	3.405000E-5	1.780000E-5	2.710000E-3	2.000000E-5	0.000000E+0	0.000000E+0	1.964247E-4	2.976042E-9	0.000000E+0	0.000000E+0	1.999959E+1	0.000000E+0	4.000000E+0
24-Apr-25	20:43:42	1.000000E-5	8.499400E-1	-8.000000E-5	3.395000E-5	1.780000E-5	2.710000E-3	2.000000E-5	0.000000E+0	0.000000E+0	1.964247E-4	2.976042E-9	0.000000E+0	0.000000E+0	1.999959E+1	0.000000E+0	4.000000E+0
24-Apr-25	20:43:42	1.000000E-5	8.409500E-1	-8.000000E-5	3.400000E-5	1.780000E-5	2.710000E-3	2.000000E-5	0.000000E+0	0.000000E+0	1.964247E-4	2.976042E-9	0.000000E+0	0.000000E+0	1.999959E+1	0.000000E+0	4.000000E+0
24-Apr-25	20:43:43	1.000000E-5	8.319750E-1	-8.000000E-5	3.400000E-5	1.785000E-5	2.710000E-3	2.000000E-5	0.000000E+0	0.000000E+0	1.964247E-4	2.976042E-9	0.000000E+0	0.000000E+0	1.999959E+1	0.000000E+0	4.000000E+0
24-Apr-25	20:43:43	1.000000E-5	8.229800E-1	-8.000000E-5	3.395000E-5	1.780000E-5	2.710000E-3	2.000000E-5	0.000000E+0	0.000000E+0	1.964247E-4	2.976042E-9	0.000000E+0	0.000000E+0	1.999959E+1	0.000000E+0	4.000000E+0
24-Apr-25	20:43:44	1.000000E-5	8.149150E-1	-8.000000E-5	3.395000E-5	1.780000E-5	2.710000E-3	2.000000E-5	0.000000E+0	0.000000E+0	1.964247E-4	2.976042E-9	0.000000E+0	0.000000E+0	1.999959E+1	0.000000E+0	4.000000E+0
24-Apr-25	20:43:44	1.000000E-5	8.068100E-1	-8.000000E-5	3.390000E-5	1.780000E-5	2.710000E-3	2.000000E-5	0.000000E+0	0.000000E+0	1.964247E-4	2.976042E-9	0.000000E+0	0.000000E+0	1.999959E+1	0.000000E+0	4.000000E+0
24-Apr-25	20:43:45	1.000000E-5	7.940550E-1	-8.000000E-5	3.385000E-5	1.785000E-5	2.710000E-3	2.000000E-5	0.000000E+0	0.000000E+0	1.964247E-4	2.976042E-9	0.000000E+0	0.000000E+0	1.999959E+1	0.000000E+0	4.000000E+0
24-Apr-25	20:43:45	1.000000E-5	7.849250E-1	-8.000000E-5	3.380000E-5	1.785000E-5	2.710000E-3	2.000000E-5	0.000000E+0	0.000000E+0	1.964247E-4	2.976042E-9	0.000000E+0	0.000000E+0	1.999959E+1	0.000000E+0	4.000000E+0
24-Apr-25	20:43:46	1.000000E-5	7.759150E-1	-8.000000E-5	3.375000E-5	1.790000E-5	2.710000E-3	2.000000E-5	0.000000E+0	0.000000E+0	1.964247E-4	2.976042E-9	0.000000E+0	0.000000E+0	1.999959E+1	0.000000E+0	4.000000E+0
24-Apr-25	20:43:46	1.000000E-5	7.678400E-1	-8.000000E-5	3.375000E-5	1.785000E-5	2.710000E-3	2.000000E-5	0.000000E+0	0.000000E+0	1.964247E-4	2.976042E-9	0.000000E+0	0.000000E+0	1.999959E+1	0.000000E+0	4.000000E+0
24-Apr-25	20:43:47	1.000000E-5	7.588050E-1	-8.000000E-5	3.370000E-5	1.785000E-5	2.710000E-3	2.000000E-5	0.000000E+0	0.000000E+0	1.964247E-4	2.976042E-9	0.000000E+0	0.000000E+0	1.999959E+1	0.000000E+0	4.000000E+0
24-Apr-25	20:43:47	1.000000E-5	7.507100E-1	-8.000000E-5	3.375000E-5	1.785000E-5	2.710000E-3	2.000000E-5	0.000000E+0	0.000000E+0	1.964247E-4	2.976042E-9	0.000000E+0	0.000000E+0	1.999959E+1	0.000000E+0	4.000000E+0
24-Apr-25	20:43:48	1.000000E-5	7.417550E-1	-8.000000E-5	3.375000E-5	1.785000E-5	2.710000E-3	2.000000E-5	0.000000E+0	0.000000E+0	1.964247E-4	2.976042E-9	0.000000E+0	0.000000E+0	1.999959E+1	0.000000E+0	4.000000E+0
24-Apr-25	20:43:48	1.000000E-5	7.336600E-1	-8.000000E-5	3.375000E-5	1.785000E-5	2.710000E-3	2.000000E-5	0.000000E+0	0.000000E+0	1.964247E-4	2.976042E-9	0.000000E+0	0.000000E+0	1.999959E+1	0.000000E+0	4.000000E+0
24-Apr-25	20:43:49	1.000000E-5	7.246950E-1	-8.000000E-5	3.370000E-5	1.785000E-5	2.710000E-3	2.000000E-5	0.000000E+0	0.000000E+0	1.964247E-4	2.976042E-9	0.000000E+0	0.000000E+0	1.999959E+1	0.000000E+0	4.000000E+0
24-Apr-25	20:43:49	1.000000E-5	7.166050E-1	-8.000000E-5	3.370000E-5	1.785000E-5	2.710000E-3	2.000000E-5	0.000000E+0	0.000000E+0	1.964247E-4	2.976042E-9	0.000000E+0	0.000000E+0	1.999959E+1	0.000000E+0	4.000000E+0
24-Apr-25	20:43:50	1.000000E-5	7.076050E-1	-8.000000E-5	3.370000E-5	1.790000E-5	2.710000E-3	2.000000E-5	0.000000E+0	0.000000E+0	1.964247E-4	2.976042E-9	0.000000E+0	0.000000E+0	1.999959E+1	0.000000E+0	4.000000E+0
24-Apr-25	20:43:50	1.000000E-5	6.986200E-1	-8.000000E-5	3.370000E-5	1.785000E-5	2.710000E-3	2.000000E-5	0.000000E+0	0.000000E+0	1.964247E-4	2.976042E-9	0.000000E+0	0.000000E+0	1.999959E+1	0.000000E+0	4.000000E+0
24-Apr-25	20:43:51	1.000000E-5	6.896400E-1	-8.000000E-5	3.370000E-5	1.785000E-5	2.710000E-3	2.000000E-5	0.000000E+0	0.000000E+0	1.964247E-4	2.976042E-9	0.000000E+0	0.000000E+0	1.999959E+1	0.000000E+0	4.000000E+0
24-Apr-25	20:43:51	1.000000E-5	6.770550E-1	-8.000000E-5	3.360000E-5	1.785000E-5	2.710000E-3	2.000000E-5	0.000000E+0	0.000000E+0	1.964247E-4	2.976042E-9	0.000000E+0	0.000000E+0	1.999959E+1	0.000000E+0	4.000000E+0
24-Apr-25	20:43:52	1.000000E-5	6.671750E-1	-8.000000E-5	3.365000E-5	1.785000E-5	2.710000E-3	2.000000E-5	0.000000E+0	0.000000E+0	1.964247E-4	2.976042E-9	0.000000E+0	0.000000E+0	1.999959E+1	0.000000E+0	4.000000E+0
24-Apr-25	20:43:52	1.000000E-5	6.581400E-1	-8.000000E-5	3.360000E-5	1.780000E-5	2.710000E-3	2.000000E-5	0.000000E+0	0.000000E+0	1.964247E-4	2.976042E-9	0.000000E+0	0.000000E+0	1.999959E+1	0.000000E+0	4.000000E+0
24-Apr-25	20:43:53	1.000000E-5	6.491950E-1	-8.000000E-5	3.360000E-5	1.785000E-5	2.710000E-3	2.000000E-5	0.000000E+0	0.000000E+0	1.964247E-4	2.976042E-9	0.000000E+0	0.000000E+0	1.999959E+1	0.000000E+0	4.000000E+0
24-Apr-25	20:43:53	1.000000E-5	6.402050E-1	-8.000000E-5	3.355000E-5	1.785000E-5	2.710000E-3	2.000000E-5	0.000000E+0	0.000000E+0	1.964247E-4	2.976042E-9	0.000000E+0	0.000000E+0	1.999959E+1	0.000000E+0	4.000000E+0
24-Apr-25	20:43:54	1.000000E-5	6.303450E-1	-8.000000E-5	3.350000E-5	1.785000E-5	2.710000E-3	2.000000E-5	0.000000E+0	0.000000E+0	1.964247E-4	2.976042E-9	0.000000E+0	0.000000E+0	1.999959E+1	0.000000E+0	4.000000E+0
24-Apr-25	20:43:54	1.000000E-5	6.213500E-1	-8.000000E-5	3.350000E-5	1.785000E-5	2.710000E-3	2.000000E-5	0.000000E+0	0.000000E+0	1.964247E-4	2.976042E-9	0.000000E+0	0.000000E+0	1.999959E+1	0.000000E+0	4.000000E+0
24-Apr-25	20:43:55	1.000000E-5	6.075350E-1	-8.000000E-5	3.345000E-5	1.785000E-5	2.710000E-3	2.000000E-5	0.000000E+0	0.000000E+0	1.964247E-4	2.976042E-9	0.000000E+0	0.000000E+0	1.999959E+1	0.000000E+0	4.000000E+0
24-Apr-25	20:43:56	1.000000E-5	5.940650E-1	-8.000000E-5	3.345000E-5	1.785000E-5	2.710000E-3	2.000000E-5	0.000000E+0	0.000000E+0	1.964247E-4	2.976042E-9	0.000000E+0	0.000000E+0	1.999959E+1	0.000000E+0	4.000000E+0
24-Apr-25	20:43:56	1.000000E-5	5.850750E-1	-8.000000E-5	3.340000E-5	1.780000E-5	2.710000E-3	2.000000E-5	0.000000E+0	0.000000E+0	1.964247E-4	2.976042E-9	0.000000E+0	0.000000E+0	1.999959E+1	0.000000E+0	4.000000E+0
24-Apr-25	20:43:57	1.000000E-5	5.730650E-1	-8.000000E-5	3.340000E-5	1.785000E-5	2.710000E-3	2.000000E-5	0.000000E+0	0.000000E+0	1.964247E-4	2.976042E-9	0.000000E+0	0.000000E+0	1.999959E+1	0.000000E+0	4.000000E+0
24-Apr-25	20:43:58	1.000000E-5	5.622500E-1	-8.000000E-5	3.340000E-5	1.785000E-5	2.710000E-3	2.000000E-5	0.000000E+0	0.000000E+0	1.964247E-4	2.976042E-9	0.000000E+0	0.000000E+0	1.999959E+1	0.000000E+0	4.000000E+0
24-Apr-25	20:43:58	1.000000E-5	5.541950E-1	-8.000000E-5	3.335000E-5	1.790000E-5	2.710000E-3	2.000000E-5	0.000000E+0	0.000000E+0	1.964247E-4	2.976042E-9	0.000000E+0	0.000000E+0	1.999959E+1	0.000000E+0	4.000000E+0
24-Apr-25	20:43:59	1.000000E-5	5.452050E-1	-8.000000E-5	3.330000E-5	1.785000E-5	2.710000E-3	2.000000E-5	0.000000E+0	0.000000E+0	1.964247E-4	2.976042E-9	0.000000E+0	0.000000E+0	1.999959E+1	0.000000E+0	4.000000E+0
24-Apr-25	20:43:59	1.000000E-5	5.371500E-1	-8.000000E-5	3.330000E-5	1.780000E-5	2.710000E-3	2.000000E-5	0.000000E+0	0.000000E+0	1.964247E-4	2.976042E-9	0.000000E+0	0.000000E+0	1.999959E+1	0.000000E+0	4.000000E+0
24-Apr-25	20:44:00	1.000000E-5	5.281500E-1	-8.000000E-5	3.335000E-5	1.785000E-5	2.710000E-3	2.000000E-5	0.000000E+0	0.000000E+0	1.964247E-4	2.976042E-9	0.000000E+0	0.000000E+0	1.999959E+1	0.000000E+0	4.000000E+0
24-Apr-25	20:44:00	1.000000E-5	5.191550E-1	-8.000000E-5	3.330000E-5	1.785000E-5	2.710000E-3	2.000000E-5	0.000000E+0	0.000000E+0	1.964247E-4	2.976042E-9	0.000000E+0	0.000000E+0	1.999959E+1	0.000000E+0	4.000000E+0
24-Apr-25	20:44:01	1.000000E-5	5.062800E-1	-8.000000E-5	3.325000E-5	1.785000E-5	2.710000E-3	2.000000E-5	0.000000E+0	0.000000E+0	1.964247E-4	2.976042E-9	0.000000E+0	0.000000E+0	1.999959E+1	0.000000E+0	4.000000E+0
24-Apr-25	20:44:01	1.000000E-5	4.963950E-1	-8.000000E-5	3.325000E-5	1.785000E-5	2.710000E-3	2.000000E-5	0.000000E+0	0.000000E+0	1.964247E-4	2.976042E-9	0.000000E+0	0.000000E+0	1.999959E+1	0.000000E+0	4.000000E+0
24-Apr-25	20:44:02	1.000000E-5	4.847100E-1	-8.000000E-5	3.320000E-5	1.785000E-5	2.710000E-3	2.000000E-5	0.000000E+0	0.000000E+0	1.964247E-4	2.976042E-9	0.000000E+0	0.000000E+0	1.999959E+1	0.000000E+0	4.000000E+0
24-Apr-25	20:44:02	1.000000E-5	4.766050E-1	-8.000000E-5	3.315000E-5	1.785000E-5	2.710000E-3	2.000000E-5	0.000000E+0	0.000000E+0	1.964247E-4	2.976042E-9	0.000000E+0	0.000000E+0	1.999959E+1	0.000000E+0	4.000000E+0
24-Apr-25	20:44:03	1.000000E-5	4.672900E-1	-8.000000E-5	3.315000E-5	1.785000E-5	2.710000E-3	2.000000E-5	0.000000E+0	0.000000E+0	1.964247E-4	2.976042E-9	0.000000E+0	0.000000E+0	1.999959E+1	0.000000E+0	4.000000E+0
24-Apr-25	20:44:03	1.000000E-5	4.574200E-1	-8.000000E-5	3.315000E-5	1.790000E-5	2.710000E-3	2.000000E-5	0.000000E+0	0.000000E+0	1.964247E-4	2.976042E-9	0.000000E+0	0.000000E+0	1.999959E+1	0.000000E+0	4.000000E+0
24-Apr-25	20:44:04	1.000000E-5	4.484500E-1	-8.000000E-5	3.310000E-5	1.790000E-5	2.710000E-3	2.000000E-5	0.000000E+0	0.000000E+0	1.964247E-4	2.976042E-9	0.000000E+0	0.000000E+0	1.999959E+1	0.000000E+0	4.000000E+0
24-Apr-25	20:44:04	1.000000E-5	4.403600E-1	-8.000000E-5	3.305000E-5	1.785000E-5	2.710000E-3	2.000000E-5	0.000000E+0	0.000000E+0	1.964247E-4	2.976042E-9	0.000000E+0	0.000000E+0	1.999959E+1	0.000000E+0	4.000000E+0
24-Apr-25	20:44:05	1.000000E-5	4.313550E-1	-8.000000E-5	3.305000E-5	1.785000E-5	2.710000E-3	2.000000E-5	0.000000E+0	0.000000E+0	1.964247E-4	2.976042E-9	0.000000E+0	0.000000E+0	1.999959E+1	0.000000E+0	4.000000E+0
24-Apr-25	20:44:06	1.000000E-5	4.187550E-1	-8.000000E-5	3.305000E-5	1.795000E-5	2.710000E-3	2.000000E-5	0.000000E+0	0.000000E+0	1.964247E-4	2.976042E-9	0.000000E+0	0.000000E+0	1.999959E+1	0.000000E+0	4.000000E+0
24-Apr-25	20:44:06	1.000000E-5	4.088550E-1	-8.000000E-5	3.305000E-5	1.790000E-5	2.710000E-3	2.000000E-5	0.000000E+0	0.000000E+0	1.964247E-4	2.976042E-9	0.000000E+0	0.000000E+0	1.999959E+1	0.000000E+0	4.000000E+0
24-Apr-25	20:44:07	1.000000E-5	3.998800E-1	-8.000000E-5	3.300000E-5	1.795000E-5	2.710000E-3	2.000000E-5	0.000000E+0	0.000000E+0	1.964247E-4	2.976042E-9	0.000000E+0	0.000000E+0	1.999959E+1	0.000000E+0	4.000000E+0
24-Apr-25	20:44:07	1.000000E-5	3.899850E-1	-8.000000E-5	3.300000E-5	1.780000E-5	2.710000E-3	2.000000E-5	0.000000E+0	0.000000E+0	1.964247E-4	2.976042E-9	0.000000E+0	0.000000E+0	1.999959E+1	0.000000E+0	4.000000E+0
24-Apr-25	20:44:08	1.000000E-5	3.809550E-1	-8.000000E-5	3.300000E-5	1.785000E-5	2.710000E-3	2.000000E-5	0.000000E+0	0.000000E+0	1.964247E-4	2.976042E-9	0.000000E+0	0.000000E+0	1.999959E+1	0.000000E+0	4.000000E+0
24-Apr-25	20:44:08	1.000000E-5	3.719700E-1	-8.000000E-5	3.295000E-5	1.795000E-5	2.710000E-3	2.000000E-5	0.000000E+0	0.000000E+0	1.964247E-4	2.976042E-9	0.000000E+0	0.000000E+0	1.999959E+1	0.000000E+0	4.000000E+0
24-Apr-25	20:44:09	1.000000E-5	3.617850E-1	-8.000000E-5	3.290000E-5	1.795000E-5	2.710000E-3	2.000000E-5	0.000000E+0	0.000000E+0	1.964247E-4	2.976042E-9	0.000000E+0	0.000000E+0	1.999959E+1	0.000000E+0	4.000000E+0
24-Apr-25	20:44:09	1.000000E-5	3.537100E-1	-8.000000E-5	3.290000E-5	1.790000E-5	2.710000E-3	2.000000E-5	0.000000E+0	0.000000E+0	1.964247E-4	2.976042E-9	0.000000E+0	0.000000E+0	1.999959E+1	0.000000E+0	4.000000E+0
24-Apr-25	20:44:10	1.000000E-5	3.447250E-1	-8.000000E-5	3.285000E-5	1.790000E-5	2.710000E-3	2.000000E-5	0.000000E+0	0.000000E+0	1.964247E-4	2.976042E-9	0.000000E+0	0.000000E+0	1.999959E+1	0.000000E+0	4.000000E+0
24-Apr-25	20:44:10	1.000000E-5	3.357500E-1	-8.000000E-5	3.285000E-5	1.790000E-5	2.710000E-3	2.000000E-5	0.000000E+0	0.000000E+0	1.964247E-4	2.976042E-9	0.000000E+0	0.000000E+0	1.999959E+1	0.000000E+0	4.000000E+0
24-Apr-25	20:44:11	1.000000E-5	3.267300E-1	-8.000000E-5	3.280000E-5	1.785000E-5	2.710000E-3	2.000000E-5	0.000000E+0	0.000000E+0	1.964247E-4	2.976042E-9	0.000000E+0	0.000000E+0	1.999959E+1	0.000000E+0	4.000000E+0
24-Apr-25	20:44:11	1.000000E-5	3.177750E-1	-8.000000E-5	3.285000E-5	1.785000E-5	2.710000E-3	2.000000E-5	0.000000E+0	0.000000E+0	1.964247E-4	2.976042E-9	0.000000E+0	0.000000E+0	1.999959E+1	0.000000E+0	4.000000E+0
24-Apr-25	20:44:12	1.000000E-5	3.078900E-1	-8.000000E-5	3.285000E-5	1.785000E-5	2.710000E-3	2.000000E-5	0.000000E+0	0.000000E+0	1.964247E-4	2.976042E-9	0.000000E+0	0.000000E+0	1.999959E+1	0.000000E+0	4.000000E+0
24-Apr-25	20:44:12	1.000000E-5	2.988950E-1	-8.000000E-5	3.275000E-5	1.790000E-5	2.710000E-3	2.000000E-5	0.000000E+0	0.000000E+0	1.964247E-4	2.976042E-9	0.000000E+0	0.000000E+0	1.999959E+1	0.000000E+0	4.000000E+0
24-Apr-25	20:44:13	1.000000E-5	2.880900E-1	-8.000000E-5	3.275000E-5	1.790000E-5	2.710000E-3	2.000000E-5	0.000000E+0	0.000000E+0	1.964247E-4	2.976042E-9	0.000000E+0	0.000000E+0	1.999959E+1	0.000000E+0	4.000000E+0
24-Apr-25	20:44:14	1.000000E-5	2.789400E-1	-8.000000E-5	3.270000E-5	1.790000E-5	2.710000E-3	2.000000E-5	0.000000E+0	0.000000E+0	1.964247E-4	2.976042E-9	0.000000E+0	0.000000E+0	1.999959E+1	0.000000E+0	4.000000E+0
24-Apr-25	20:44:14	1.000000E-5	2.680150E-1	-8.000000E-5	3.270000E-5	1.790000E-5	2.710000E-3	2.000000E-5	0.000000E+0	0.000000E+0	1.964247E-4	2.976042E-9	0.000000E+0	0.000000E+0	1.999959E+1	0.000000E+0	4.000000E+0
24-Apr-25	20:44:15	1.000000E-5	2.590500E-1	-8.000000E-5	3.260000E-5	1.790000E-5	2.710000E-3	2.000000E-5	0.000000E+0	0.000000E+0	1.964247E-4	2.976042E-9	0.000000E+0	0.000000E+0	1.999959E+1	0.000000E+0	4.000000E+0
24-Apr-25	20:44:15	1.000000E-5	2.500650E-1	-8.000000E-5	3.260000E-5	1.790000E-5	2.710000E-3	2.000000E-5	0.000000E+0	0.000000E+0	1.964247E-4	2.976042E-9	0.000000E+0	0.000000E+0	1.999959E+1	0.000000E+0	4.000000E+0
24-Apr-25	20:44:16	1.000000E-5	2.410600E-1	-8.000000E-5	3.260000E-5	1.790000E-5	2.710000E-3	2.000000E-5	0.000000E+0	0.000000E+0	1.964247E-4	2.976042E-9	0.000000E+0	0.000000E+0	1.999959E+1	0.000000E+0	4.000000E+0
24-Apr-25	20:44:16	1.000000E-5	2.311500E-1	-8.000000E-5	3.255000E-5	1.790000E-5	2.710000E-3	2.000000E-5	0.000000E+0	0.000000E+0	1.964247E-4	2.976042E-9	0.000000E+0	0.000000E+0	1.999959E+1	0.000000E+0	4.000000E+0
24-Apr-25	20:44:17	1.000000E-5	2.212650E-1	-8.000000E-5	3.255000E-5	1.790000E-5	2.710000E-3	2.000000E-5	0.000000E+0	0.000000E+0	1.964247E-4	2.976042E-9	0.000000E+0	0.000000E+0	1.999959E+1	0.000000E+0	4.000000E+0
24-Apr-25	20:44:17	1.000000E-5	2.121500E-1	-8.000000E-5	3.255000E-5	1.790000E-5	2.710000E-3	2.000000E-5	0.000000E+0	0.000000E+0	1.964247E-4	2.976042E-9	0.000000E+0	0.000000E+0	1.999959E+1	0.000000E+0	4.000000E+0
24-Apr-25	20:44:18	1.000000E-5	2.020950E-1	-8.000000E-5	3.250000E-5	1.790000E-5	2.710000E-3	2.000000E-5	0.000000E+0	0.000000E+0	1.964247E-4	2.976042E-9	0.000000E+0	0.000000E+0	1.999959E+1	0.000000E+0	4.000000E+0
24-Apr-25	20:44:18	1.000000E-5	1.939800E-1	-8.000000E-5	3.240000E-5	1.790000E-5	2.710000E-3	2.000000E-5	0.000000E+0	0.000000E+0	1.964247E-4	2.976042E-9	0.000000E+0	0.000000E+0	1.999959E+1	0.000000E+0	4.000000E+0
24-Apr-25	20:44:19	1.000000E-5	1.858650E-1	-8.000000E-5	3.240000E-5	1.795000E-5	2.710000E-3	2.000000E-5	0.000000E+0	0.000000E+0	1.964247E-4	2.976042E-9	0.000000E+0	0.000000E+0	1.999959E+1	0.000000E+0	4.000000E+0
24-Apr-25	20:44:19	1.000000E-5	1.769050E-1	-8.000000E-5	3.235000E-5	1.795000E-5	2.710000E-3	2.000000E-5	0.000000E+0	0.000000E+0	1.964247E-4	2.976042E-9	0.000000E+0	0.000000E+0	1.999959E+1	0.000000E+0	4.000000E+0
24-Apr-25	20:44:20	1.000000E-5	1.679100E-1	-8.000000E-5	3.235000E-5	1.790000E-5	2.710000E-3	2.000000E-5	0.000000E+0	0.000000E+0	1.964247E-4	2.976042E-9	0.000000E+0	0.000000E+0	1.999959E+1	0.000000E+0	4.000000E+0
24-Apr-25	20:44:20	1.000000E-5	1.589650E-1	-8.000000E-5	3.235000E-5	1.790000E-5	2.710000E-3	2.000000E-5	0.000000E+0	0.000000E+0	1.964247E-4	2.976042E-9	0.000000E+0	0.000000E+0	1.999959E+1	0.000000E+0	4.000000E+0
24-Apr-25	20:44:21	1.000000E-5	1.499600E-1	-8.000000E-5	3.230000E-5	1.795000E-5	2.710000E-3	2.000000E-5	0.000000E+0	0.000000E+0	1.964247E-4	2.976042E-9	0.000000E+0	0.000000E+0	1.999959E+1	0.000000E+0	4.000000E+0
24-Apr-25	20:44:21	1.000000E-5	1.400650E-1	-8.000000E-5	3.225000E-5	1.795000E-5	2.710000E-3	2.000000E-5	0.000000E+0	0.000000E+0	1.964247E-4	2.976042E-9	0.000000E+0	0.000000E+0	1.999959E+1	0.000000E+0	4.000000E+0
24-Apr-25	20:44:22	1.000000E-5	1.310750E-1	-8.000000E-5	3.225000E-5	1.795000E-5	2.710000E-3	2.000000E-5	0.000000E+0	0.000000E+0	1.964247E-4	2.976042E-9	0.000000E+0	0.000000E+0	1.999959E+1	0.000000E+0	4.000000E+0
24-Apr-25	20:44:22	1.000000E-5	1.220900E-1	-8.000000E-5	3.220000E-5	1.795000E-5	2.710000E-3	2.000000E-5	0.000000E+0	0.000000E+0	1.964247E-4	2.976042E-9	0.000000E+0	0.000000E+0	1.999959E+1	0.000000E+0	4.000000E+0
24-Apr-25	20:44:23	1.000000E-5	1.130950E-1	-8.000000E-5	3.220000E-5	1.795000E-5	2.710000E-3	2.000000E-5	0.000000E+0	0.000000E+0	1.964247E-4	2.976042E-9	0.000000E+0	0.000000E+0	1.999959E+1	0.000000E+0	4.000000E+0
24-Apr-25	20:44:23	1.000000E-5	1.014000E-1	-8.000000E-5	3.220000E-5	1.800000E-5	2.710000E-3	2.000000E-5	0.000000E+0	0.000000E+0	1.964247E-4	2.976042E-9	0.000000E+0	0.000000E+0	1.999959E+1	0.000000E+0	4.000000E+0
24-Apr-25	20:44:24	1.000000E-5	9.329500E-2	-8.000000E-5	3.220000E-5	1.800000E-5	2.710000E-3	2.000000E-5	0.000000E+0	0.000000E+0	1.964247E-4	2.976042E-9	0.000000E+0	0.000000E+0	1.999959E+1	0.000000E+0	4.000000E+0
24-Apr-25	20:44:24	1.000000E-5	8.519500E-2	-8.000000E-5	3.215000E-5	1.795000E-5	2.710000E-3	2.000000E-5	0.000000E+0	0.000000E+0	1.964247E-4	2.976042E-9	0.000000E+0	0.000000E+0	1.999959E+1	0.000000E+0	4.000000E+0
24-Apr-25	20:44:25	1.000000E-5	7.622000E-2	-8.000000E-5	3.215000E-5	1.790000E-5	2.710000E-3	2.000000E-5	0.000000E+0	0.000000E+0	1.964247E-4	2.976042E-9	0.000000E+0	0.000000E+0	1.999959E+1	0.000000E+0	4.000000E+0
24-Apr-25	20:44:25	1.000000E-5	6.722500E-2	-8.000000E-5	3.210000E-5	1.800000E-5	2.710000E-3	2.000000E-5	0.000000E+0	0.000000E+0	1.964247E-4	2.976042E-9	0.000000E+0	0.000000E+0	1.999959E+1	0.000000E+0	4.000000E+0
24-Apr-25	20:44:26	1.000000E-5	5.826500E-2	-8.000000E-5	3.205000E-5	1.795000E-5	2.710000E-3	2.000000E-5	0.000000E+0	0.000000E+0	1.964247E-4	2.976042E-9	0.000000E+0	0.000000E+0	1.999959E+1	0.000000E+0	4.000000E+0
24-Apr-25	20:44:26	1.000000E-5	4.921500E-2	-8.000000E-5	3.200000E-5	1.795000E-5	2.710000E-3	2.000000E-5	0.000000E+0	0.000000E+0	1.964247E-4	2.976042E-9	0.000000E+0	0.000000E+0	1.999959E+1	0.000000E+0	4.000000E+0
24-Apr-25	20:44:27	1.000000E-5	3.995000E-2	-8.000000E-5	3.200000E-5	1.790000E-5	2.710000E-3	2.000000E-5	0.000000E+0	0.000000E+0	1.964247E-4	2.976042E-9	0.000000E+0	0.000000E+0	1.999959E+1	0.000000E+0	4.000000E+0
24-Apr-25	20:44:27	1.000000E-5	3.095500E-2	-8.000000E-5	3.200000E-5	1.795000E-5	2.710000E-3	2.000000E-5	0.000000E+0	0.000000E+0	1.964247E-4	2.976042E-9	0.000000E+0	0.000000E+0	1.999959E+1	0.000000E+0	4.000000E+0
24-Apr-25	20:44:28	1.000000E-5	2.015500E-2	-8.000000E-5	3.195000E-5	1.795000E-5	2.710000E-3	2.000000E-5	0.000000E+0	0.000000E+0	1.964247E-4	2.976042E-9	0.000000E+0	0.000000E+0	1.999959E+1	0.000000E+0	4.000000E+0
24-Apr-25	20:44:28	1.000000E-5	1.026000E-2	-8.000000E-5	3.185000E-5	1.800000E-5	2.710000E-3	2.000000E-5	0.000000E+0	0.000000E+0	1.964247E-4	2.976042E-9	0.000000E+0	0.000000E+0	1.999959E+1	0.000000E+0	4.000000E+0
24-Apr-25	20:44:29	1.000000E-5	2.430000E-3	-8.000000E-5	3.185000E-5	1.805000E-5	2.710000E-3	2.000000E-5	0.000000E+0	0.000000E+0	1.964247E-4	2.976042E-9	0.000000E+0	0.000000E+0	1.999959E+1	0.000000E+0	4.000000E+0
24-Apr-25	20:44:29	1.000000E-5	4.500000E-5	-8.000000E-5	3.185000E-5	1.800000E-5	2.710000E-3	2.000000E-5	0.000000E+0	0.000000E+0	1.964247E-4	2.976042E-9	0.000000E+0	0.000000E+0	1.999959E+1	0.000000E+0	4.000000E+0
24-Apr-25	20:44:30	1.000000E-5	4.500000E-5	-8.000000E-5	3.180000E-5	1.800000E-5	2.710000E-3	2.000000E-5	0.000000E+0	0.000000E+0	1.964247E-4	2.976042E-9	0.000000E+0	0.000000E+0	1.999959E+1	0.000000E+0	4.000000E+0
24-Apr-25	20:44:30	1.000000E-5	5.000000E-5	-8.000000E-5	3.175000E-5	1.800000E-5	2.710000E-3	2.000000E-5	0.000000E+0	0.000000E+0	1.964247E-4	2.976042E-9	0.000000E+0	0.000000E+0	1.999959E+1	0.000000E+0	4.000000E+0
24-Apr-25	20:44:31	1.000000E-5	4.500000E-5	-8.000000E-5	3.175000E-5	1.795000E-5	2.710000E-3	2.000000E-5	0.000000E+0	0.000000E+0	1.964247E-4	2.976042E-9	0.000000E+0	0.000000E+0	1.999959E+1	0.000000E+0	4.000000E+0
