! Date:	21-Apr-25
!Time:	02:48
! User Name:	Aditya
! Sample Name:	CBS_Pt
! Sample ID:	D51_SiO2 Substrate
! Current Source:	Keithley_6221_Delta
! LockIn Specifications:
!LockIn Input Voltage (V)=	
!LockIn Input Frequency (Hz)=	
!Time Constant for Zi LockIn  1st Harmonic (s)=	
!Time Constant for Zi LockIn 2nd Harmonic (s)=	
!Time Constant of SR7265=	
!Time Constant of SR7225=	
! Measuring Insturment 1:	
! Measuring Insturment 1:	
! U1, th1 (volts):	
! U2, th2 (volts):	
! U3, th3 (volts):	
! U4 , th4(volts):	
! U5, th5 (volts):	
! Comments:	


! 
! 
date	time	Hx (T)	Hy (T)	Hz (T)	U1	th1	U2 (V)	th2	Av_HP34420A_10points (V)	Std_HP34420A_10points	Std_DeltaVolatge	Std_DeltaVolatge	U5(V)	th5	Tcryo (K)	Tsample (K)	Heater Power (%)	
21-Apr-25	02:48:35	-1.000000E-5	-1.900000E-4	-9.000000E-5	-3.057200E-5	-3.660000E-7	4.000000E-8	0.000000E+0	0.000000E+0	0.000000E+0	1.964247E-4	2.976042E-9	0.000000E+0	0.000000E+0	1.999856E+1	0.000000E+0	8.000000E+0
21-Apr-25	02:48:36	-1.000000E-5	-1.900000E-4	-3.500000E-5	-3.056400E-5	-3.920000E-7	4.000000E-8	0.000000E+0	0.000000E+0	0.000000E+0	1.964247E-4	2.976042E-9	0.000000E+0	0.000000E+0	1.999856E+1	0.000000E+0	8.000000E+0
21-Apr-25	02:48:36	-1.000000E-5	-1.900000E-4	1.120000E-3	-3.059400E-5	-2.960000E-7	2.000000E-8	0.000000E+0	0.000000E+0	0.000000E+0	1.964247E-4	2.976042E-9	0.000000E+0	0.000000E+0	1.999856E+1	0.000000E+0	8.000000E+0
21-Apr-25	02:48:37	-1.000000E-5	-1.900000E-4	2.705000E-3	-3.054600E-5	-3.680000E-7	4.000000E-8	0.000000E+0	0.000000E+0	0.000000E+0	1.964247E-4	2.976042E-9	0.000000E+0	0.000000E+0	1.999856E+1	0.000000E+0	8.000000E+0
21-Apr-25	02:48:37	-1.000000E-5	-1.900000E-4	4.290000E-3	-3.045800E-5	-3.120000E-7	4.000000E-8	0.000000E+0	0.000000E+0	0.000000E+0	1.964247E-4	2.976042E-9	0.000000E+0	0.000000E+0	1.999856E+1	0.000000E+0	8.000000E+0
21-Apr-25	02:48:38	-1.000000E-5	-1.900000E-4	5.880000E-3	-3.053200E-5	-2.740000E-7	4.000000E-8	0.000000E+0	0.000000E+0	0.000000E+0	1.964247E-4	2.976042E-9	0.000000E+0	0.000000E+0	1.999856E+1	0.000000E+0	8.000000E+0
21-Apr-25	02:48:38	-1.000000E-5	-1.900000E-4	7.460000E-3	-3.056200E-5	-2.100000E-7	4.000000E-8	0.000000E+0	0.000000E+0	0.000000E+0	1.964247E-4	2.976042E-9	0.000000E+0	0.000000E+0	1.999856E+1	0.000000E+0	8.000000E+0
21-Apr-25	02:48:39	-1.000000E-5	-1.900000E-4	9.210000E-3	-3.059000E-5	-2.840000E-7	4.000000E-8	0.000000E+0	0.000000E+0	0.000000E+0	1.964247E-4	2.976042E-9	0.000000E+0	0.000000E+0	1.999856E+1	0.000000E+0	8.000000E+0
21-Apr-25	02:48:39	-1.000000E-5	-1.900000E-4	1.079500E-2	-3.047000E-5	-2.040000E-7	6.000000E-8	0.000000E+0	0.000000E+0	0.000000E+0	1.964247E-4	2.976042E-9	0.000000E+0	0.000000E+0	1.999856E+1	0.000000E+0	8.000000E+0
21-Apr-25	02:48:40	-1.000000E-5	-1.900000E-4	1.222000E-2	-3.048000E-5	-2.260000E-7	4.000000E-8	0.000000E+0	0.000000E+0	0.000000E+0	1.964247E-4	2.976042E-9	0.000000E+0	0.000000E+0	1.999856E+1	0.000000E+0	8.000000E+0
21-Apr-25	02:48:40	-1.000000E-5	-1.900000E-4	1.380500E-2	-3.054800E-5	-2.800000E-7	6.000000E-8	0.000000E+0	0.000000E+0	0.000000E+0	1.964247E-4	2.976042E-9	0.000000E+0	0.000000E+0	1.999856E+1	0.000000E+0	8.000000E+0
21-Apr-25	02:48:41	-1.000000E-5	-1.900000E-4	1.591000E-2	-3.050800E-5	-2.200000E-7	4.000000E-8	0.000000E+0	0.000000E+0	0.000000E+0	1.964247E-4	2.976042E-9	0.000000E+0	0.000000E+0	1.999856E+1	0.000000E+0	8.000000E+0
21-Apr-25	02:48:42	-1.000000E-5	-1.900000E-4	1.749500E-2	-3.059400E-5	-4.080000E-7	6.000000E-8	0.000000E+0	0.000000E+0	0.000000E+0	1.964247E-4	2.976042E-9	0.000000E+0	0.000000E+0	1.999856E+1	0.000000E+0	8.000000E+0
21-Apr-25	02:48:42	-1.000000E-5	-1.900000E-4	1.940500E-2	-3.045200E-5	-2.920000E-7	4.000000E-8	0.000000E+0	0.000000E+0	0.000000E+0	1.964247E-4	2.976042E-9	0.000000E+0	0.000000E+0	1.999856E+1	0.000000E+0	8.000000E+0
21-Apr-25	02:48:42	-1.000000E-5	-1.900000E-4	2.099000E-2	-3.048800E-5	-2.960000E-7	4.000000E-8	0.000000E+0	0.000000E+0	0.000000E+0	1.964247E-4	2.976042E-9	0.000000E+0	0.000000E+0	1.999856E+1	0.000000E+0	8.000000E+0
21-Apr-25	02:48:43	-1.000000E-5	-1.900000E-4	2.257500E-2	-3.055600E-5	-3.740000E-7	4.000000E-8	0.000000E+0	0.000000E+0	0.000000E+0	1.964247E-4	2.976042E-9	0.000000E+0	0.000000E+0	1.999856E+1	0.000000E+0	8.000000E+0
21-Apr-25	02:48:44	-1.000000E-5	-1.900000E-4	2.447500E-2	-3.058200E-5	-2.900000E-7	4.000000E-8	0.000000E+0	0.000000E+0	0.000000E+0	1.964247E-4	2.976042E-9	0.000000E+0	0.000000E+0	1.999856E+1	0.000000E+0	8.000000E+0
21-Apr-25	02:48:44	-1.000000E-5	-1.900000E-4	2.605500E-2	-3.047600E-5	-1.780000E-7	4.000000E-8	0.000000E+0	0.000000E+0	0.000000E+0	1.964247E-4	2.976042E-9	0.000000E+0	0.000000E+0	1.999856E+1	0.000000E+0	8.000000E+0
21-Apr-25	02:48:45	-1.000000E-5	-1.900000E-4	2.764500E-2	-3.047200E-5	-2.240000E-7	4.000000E-8	-2.000000E-8	0.000000E+0	0.000000E+0	1.964247E-4	2.976042E-9	0.000000E+0	0.000000E+0	1.999856E+1	0.000000E+0	8.000000E+0
21-Apr-25	02:48:45	-1.000000E-5	-1.900000E-4	2.922500E-2	-3.060000E-5	-2.400000E-7	4.000000E-8	0.000000E+0	0.000000E+0	0.000000E+0	1.964247E-4	2.976042E-9	0.000000E+0	0.000000E+0	1.999856E+1	0.000000E+0	8.000000E+0
21-Apr-25	02:48:46	-1.000000E-5	-1.900000E-4	3.081500E-2	-3.049800E-5	-2.880000E-7	4.000000E-8	0.000000E+0	0.000000E+0	0.000000E+0	1.964247E-4	2.976042E-9	0.000000E+0	0.000000E+0	1.999856E+1	0.000000E+0	8.000000E+0
21-Apr-25	02:48:46	-1.000000E-5	-1.900000E-4	3.239000E-2	-3.047600E-5	-2.280000E-7	4.000000E-8	-2.000000E-8	0.000000E+0	0.000000E+0	1.964247E-4	2.976042E-9	0.000000E+0	0.000000E+0	1.999856E+1	0.000000E+0	8.000000E+0
21-Apr-25	02:48:47	-1.000000E-5	-1.900000E-4	3.397500E-2	-3.048800E-5	-2.240000E-7	6.000000E-8	0.000000E+0	0.000000E+0	0.000000E+0	1.964247E-4	2.976042E-9	0.000000E+0	0.000000E+0	1.999856E+1	0.000000E+0	8.000000E+0
21-Apr-25	02:48:47	-1.000000E-5	-1.900000E-4	3.556500E-2	-3.049800E-5	-2.440000E-7	6.000000E-8	0.000000E+0	0.000000E+0	0.000000E+0	1.964247E-4	2.976042E-9	0.000000E+0	0.000000E+0	1.999856E+1	0.000000E+0	8.000000E+0
21-Apr-25	02:48:48	-1.000000E-5	-1.900000E-4	3.715000E-2	-3.044000E-5	-2.720000E-7	4.000000E-8	0.000000E+0	0.000000E+0	0.000000E+0	1.964247E-4	2.976042E-9	0.000000E+0	0.000000E+0	1.999856E+1	0.000000E+0	8.000000E+0
21-Apr-25	02:48:48	-1.000000E-5	-1.900000E-4	3.873500E-2	-3.050600E-5	-3.680000E-7	2.000000E-8	0.000000E+0	0.000000E+0	0.000000E+0	1.964247E-4	2.976042E-9	0.000000E+0	0.000000E+0	1.999856E+1	0.000000E+0	8.000000E+0
21-Apr-25	02:48:49	-1.000000E-5	-1.900000E-4	4.032000E-2	-3.048400E-5	-4.700000E-7	4.000000E-8	0.000000E+0	0.000000E+0	0.000000E+0	1.964247E-4	2.976042E-9	0.000000E+0	0.000000E+0	1.999856E+1	0.000000E+0	8.000000E+0
21-Apr-25	02:48:49	-1.000000E-5	-1.900000E-4	4.222000E-2	-3.047800E-5	-3.220000E-7	2.000000E-8	0.000000E+0	0.000000E+0	0.000000E+0	1.964247E-4	2.976042E-9	0.000000E+0	0.000000E+0	1.999856E+1	0.000000E+0	8.000000E+0
21-Apr-25	02:48:50	-1.000000E-5	-1.900000E-4	4.381500E-2	-3.053400E-5	-2.740000E-7	4.000000E-8	0.000000E+0	0.000000E+0	0.000000E+0	1.964247E-4	2.976042E-9	0.000000E+0	0.000000E+0	1.999856E+1	0.000000E+0	8.000000E+0
21-Apr-25	02:48:50	-1.000000E-5	-1.900000E-4	4.523000E-2	-3.051600E-5	-3.140000E-7	6.000000E-8	0.000000E+0	0.000000E+0	0.000000E+0	1.964247E-4	2.976042E-9	0.000000E+0	0.000000E+0	1.999856E+1	0.000000E+0	8.000000E+0
21-Apr-25	02:48:51	-1.000000E-5	-1.900000E-4	4.681500E-2	-3.056400E-5	-3.140000E-7	8.000000E-8	0.000000E+0	0.000000E+0	0.000000E+0	1.964247E-4	2.976042E-9	0.000000E+0	0.000000E+0	1.999856E+1	0.000000E+0	8.000000E+0
21-Apr-25	02:48:51	-1.000000E-5	-1.900000E-4	4.840500E-2	-3.056400E-5	-2.740000E-7	6.000000E-8	0.000000E+0	0.000000E+0	0.000000E+0	1.964247E-4	2.976042E-9	0.000000E+0	0.000000E+0	1.999856E+1	0.000000E+0	8.000000E+0
21-Apr-25	02:48:52	-1.000000E-5	-1.900000E-4	4.998500E-2	-3.052400E-5	-3.280000E-7	4.000000E-8	-2.000000E-8	0.000000E+0	0.000000E+0	1.964247E-4	2.976042E-9	0.000000E+0	0.000000E+0	1.999856E+1	0.000000E+0	8.000000E+0
21-Apr-25	02:48:52	-1.000000E-5	-1.900000E-4	5.157000E-2	-3.042400E-5	-3.660000E-7	4.000000E-8	-2.000000E-8	0.000000E+0	0.000000E+0	1.964247E-4	2.976042E-9	0.000000E+0	0.000000E+0	1.999856E+1	0.000000E+0	8.000000E+0
21-Apr-25	02:48:53	-1.000000E-5	-1.900000E-4	5.365500E-2	-3.051000E-5	-3.680000E-7	2.000000E-8	0.000000E+0	0.000000E+0	0.000000E+0	1.964247E-4	2.976042E-9	0.000000E+0	0.000000E+0	1.999856E+1	0.000000E+0	8.000000E+0
21-Apr-25	02:48:53	-1.000000E-5	-1.900000E-4	5.521500E-2	-3.054600E-5	-3.780000E-7	4.000000E-8	0.000000E+0	0.000000E+0	0.000000E+0	1.964247E-4	2.976042E-9	0.000000E+0	0.000000E+0	1.999856E+1	0.000000E+0	8.000000E+0
21-Apr-25	02:48:54	-1.000000E-5	-1.900000E-4	5.685000E-2	-3.061000E-5	-2.640000E-7	6.000000E-8	0.000000E+0	0.000000E+0	0.000000E+0	1.964247E-4	2.976042E-9	0.000000E+0	0.000000E+0	1.999856E+1	0.000000E+0	8.000000E+0
21-Apr-25	02:48:55	-1.000000E-5	-1.900000E-4	5.907000E-2	-3.052000E-5	-1.420000E-7	8.000000E-8	0.000000E+0	0.000000E+0	0.000000E+0	1.964247E-4	2.976042E-9	0.000000E+0	0.000000E+0	1.999856E+1	0.000000E+0	8.000000E+0
21-Apr-25	02:48:55	-1.000000E-5	-1.900000E-4	6.065500E-2	-3.052800E-5	-2.080000E-7	6.000000E-8	0.000000E+0	0.000000E+0	0.000000E+0	1.964247E-4	2.976042E-9	0.000000E+0	0.000000E+0	1.999856E+1	0.000000E+0	8.000000E+0
21-Apr-25	02:48:56	-1.000000E-5	-1.900000E-4	6.303500E-2	-3.056600E-5	-2.340000E-7	6.000000E-8	0.000000E+0	0.000000E+0	0.000000E+0	1.964247E-4	2.976042E-9	0.000000E+0	0.000000E+0	1.999856E+1	0.000000E+0	8.000000E+0
21-Apr-25	02:48:56	-1.000000E-5	-1.900000E-4	6.513500E-2	-3.044200E-5	-2.980000E-7	6.000000E-8	0.000000E+0	0.000000E+0	0.000000E+0	1.964247E-4	2.976042E-9	0.000000E+0	0.000000E+0	1.999856E+1	0.000000E+0	8.000000E+0
21-Apr-25	02:48:57	-1.000000E-5	-1.900000E-4	6.671500E-2	-3.055400E-5	-2.660000E-7	6.000000E-8	0.000000E+0	0.000000E+0	0.000000E+0	1.964247E-4	2.976042E-9	0.000000E+0	0.000000E+0	1.999856E+1	0.000000E+0	8.000000E+0
21-Apr-25	02:48:57	-1.000000E-5	-1.900000E-4	6.828000E-2	-3.049600E-5	-2.940000E-7	6.000000E-8	0.000000E+0	0.000000E+0	0.000000E+0	1.964247E-4	2.976042E-9	0.000000E+0	0.000000E+0	1.999856E+1	0.000000E+0	8.000000E+0
21-Apr-25	02:48:58	-1.000000E-5	-1.900000E-4	6.989500E-2	-3.042200E-5	-3.720000E-7	8.000000E-8	0.000000E+0	0.000000E+0	0.000000E+0	1.964247E-4	2.976042E-9	0.000000E+0	0.000000E+0	1.999856E+1	0.000000E+0	8.000000E+0
21-Apr-25	02:48:58	-1.000000E-5	-1.900000E-4	7.148500E-2	-3.054600E-5	-3.320000E-7	8.000000E-8	0.000000E+0	0.000000E+0	0.000000E+0	1.964247E-4	2.976042E-9	0.000000E+0	0.000000E+0	1.999856E+1	0.000000E+0	8.000000E+0
21-Apr-25	02:48:59	-1.000000E-5	-1.900000E-4	7.301500E-2	-3.057800E-5	-2.900000E-7	6.000000E-8	0.000000E+0	0.000000E+0	0.000000E+0	1.964247E-4	2.976042E-9	0.000000E+0	0.000000E+0	1.999856E+1	0.000000E+0	8.000000E+0
21-Apr-25	02:48:59	-1.000000E-5	-1.900000E-4	7.460000E-2	-3.051600E-5	-2.820000E-7	4.000000E-8	0.000000E+0	0.000000E+0	0.000000E+0	1.964247E-4	2.976042E-9	0.000000E+0	0.000000E+0	1.999856E+1	0.000000E+0	8.000000E+0
21-Apr-25	02:49:00	-1.000000E-5	-1.900000E-4	7.618500E-2	-3.062600E-5	-2.640000E-7	4.000000E-8	0.000000E+0	0.000000E+0	0.000000E+0	1.964247E-4	2.976042E-9	0.000000E+0	0.000000E+0	1.999856E+1	0.000000E+0	8.000000E+0
21-Apr-25	02:49:01	-1.000000E-5	-1.900000E-4	7.798000E-2	-3.055000E-5	-3.660000E-7	6.000000E-8	0.000000E+0	0.000000E+0	0.000000E+0	1.964247E-4	2.976042E-9	0.000000E+0	0.000000E+0	1.999856E+1	0.000000E+0	8.000000E+0
21-Apr-25	02:49:01	-1.000000E-5	-1.900000E-4	7.951000E-2	-3.061000E-5	-3.240000E-7	6.000000E-8	0.000000E+0	0.000000E+0	0.000000E+0	1.964247E-4	2.976042E-9	0.000000E+0	0.000000E+0	1.999856E+1	0.000000E+0	8.000000E+0
21-Apr-25	02:49:01	-1.000000E-5	-1.900000E-4	8.096500E-2	-3.063400E-5	-3.500000E-7	4.000000E-8	0.000000E+0	0.000000E+0	0.000000E+0	1.964247E-4	2.976042E-9	0.000000E+0	0.000000E+0	1.999856E+1	0.000000E+0	8.000000E+0
21-Apr-25	02:49:02	-1.000000E-5	-1.900000E-4	8.252000E-2	-3.060000E-5	-3.540000E-7	6.000000E-8	0.000000E+0	0.000000E+0	0.000000E+0	1.964247E-4	2.976042E-9	0.000000E+0	0.000000E+0	1.999856E+1	0.000000E+0	8.000000E+0
21-Apr-25	02:49:02	-1.000000E-5	-1.900000E-4	8.410500E-2	-3.053400E-5	-3.180000E-7	6.000000E-8	0.000000E+0	0.000000E+0	0.000000E+0	1.964247E-4	2.976042E-9	0.000000E+0	0.000000E+0	1.999856E+1	0.000000E+0	8.000000E+0
21-Apr-25	02:49:03	-1.000000E-5	-1.900000E-4	8.569500E-2	-3.059400E-5	-3.100000E-7	6.000000E-8	0.000000E+0	0.000000E+0	0.000000E+0	1.964247E-4	2.976042E-9	0.000000E+0	0.000000E+0	1.999856E+1	0.000000E+0	8.000000E+0
21-Apr-25	02:49:03	-1.000000E-5	-1.900000E-4	8.727500E-2	-3.061400E-5	-2.620000E-7	8.000000E-8	0.000000E+0	0.000000E+0	0.000000E+0	1.964247E-4	2.976042E-9	0.000000E+0	0.000000E+0	1.999856E+1	0.000000E+0	8.000000E+0
21-Apr-25	02:49:04	-1.000000E-5	-1.900000E-4	8.902000E-2	-3.052400E-5	-2.440000E-7	6.000000E-8	0.000000E+0	0.000000E+0	0.000000E+0	1.964247E-4	2.976042E-9	0.000000E+0	0.000000E+0	1.999856E+1	0.000000E+0	8.000000E+0
21-Apr-25	02:49:04	-1.000000E-5	-1.900000E-4	9.060500E-2	-3.052000E-5	-3.100000E-7	6.000000E-8	0.000000E+0	0.000000E+0	0.000000E+0	1.964247E-4	2.976042E-9	0.000000E+0	0.000000E+0	1.999856E+1	0.000000E+0	8.000000E+0
21-Apr-25	02:49:05	-1.000000E-5	-1.900000E-4	9.221500E-2	-3.060600E-5	-2.500000E-7	6.000000E-8	0.000000E+0	0.000000E+0	0.000000E+0	1.964247E-4	2.976042E-9	0.000000E+0	0.000000E+0	1.999856E+1	0.000000E+0	8.000000E+0
21-Apr-25	02:49:05	-1.000000E-5	-1.900000E-4	9.367000E-2	-3.059200E-5	-2.600000E-7	4.000000E-8	0.000000E+0	0.000000E+0	0.000000E+0	1.964247E-4	2.976042E-9	0.000000E+0	0.000000E+0	1.999856E+1	0.000000E+0	8.000000E+0
21-Apr-25	02:49:06	-1.000000E-5	-1.900000E-4	9.509000E-2	-3.051000E-5	-2.360000E-7	6.000000E-8	2.000000E-8	0.000000E+0	0.000000E+0	1.964247E-4	2.976042E-9	0.000000E+0	0.000000E+0	1.999856E+1	0.000000E+0	8.000000E+0
21-Apr-25	02:49:06	-1.000000E-5	-1.900000E-4	9.668000E-2	-3.054400E-5	-2.640000E-7	6.000000E-8	0.000000E+0	0.000000E+0	0.000000E+0	1.964247E-4	2.976042E-9	0.000000E+0	0.000000E+0	1.999856E+1	0.000000E+0	8.000000E+0
21-Apr-25	02:49:07	-1.000000E-5	-1.900000E-4	9.825500E-2	-3.054200E-5	-3.940000E-7	6.000000E-8	0.000000E+0	0.000000E+0	0.000000E+0	1.964247E-4	2.976042E-9	0.000000E+0	0.000000E+0	1.999856E+1	0.000000E+0	8.000000E+0
21-Apr-25	02:49:07	-1.000000E-5	-1.900000E-4	9.984000E-2	-3.057600E-5	-2.940000E-7	6.000000E-8	-2.000000E-8	0.000000E+0	0.000000E+0	1.964247E-4	2.976042E-9	0.000000E+0	0.000000E+0	1.999856E+1	0.000000E+0	8.000000E+0
21-Apr-25	02:49:08	-1.000000E-5	-1.900000E-4	1.014250E-1	-3.059600E-5	-3.520000E-7	6.000000E-8	0.000000E+0	0.000000E+0	0.000000E+0	1.964247E-4	2.976042E-9	0.000000E+0	0.000000E+0	1.999856E+1	0.000000E+0	8.000000E+0
21-Apr-25	02:49:08	-1.000000E-5	-1.900000E-4	1.030150E-1	-3.060800E-5	-2.400000E-7	6.000000E-8	2.000000E-8	0.000000E+0	0.000000E+0	1.964247E-4	2.976042E-9	0.000000E+0	0.000000E+0	1.999856E+1	0.000000E+0	8.000000E+0
21-Apr-25	02:49:09	-1.000000E-5	-1.900000E-4	1.049100E-1	-3.056600E-5	-2.000000E-7	6.000000E-8	0.000000E+0	0.000000E+0	0.000000E+0	1.964247E-4	2.976042E-9	0.000000E+0	0.000000E+0	1.999856E+1	0.000000E+0	8.000000E+0
21-Apr-25	02:49:10	-1.000000E-5	-1.900000E-4	1.065050E-1	-3.057000E-5	-3.000000E-7	6.000000E-8	-2.000000E-8	0.000000E+0	0.000000E+0	1.964247E-4	2.976042E-9	0.000000E+0	0.000000E+0	1.999856E+1	0.000000E+0	8.000000E+0
21-Apr-25	02:49:10	-1.000000E-5	-1.900000E-4	1.080850E-1	-3.054400E-5	-2.820000E-7	6.000000E-8	0.000000E+0	0.000000E+0	0.000000E+0	1.964247E-4	2.976042E-9	0.000000E+0	0.000000E+0	1.999856E+1	0.000000E+0	8.000000E+0
21-Apr-25	02:49:11	-1.000000E-5	-1.900000E-4	1.098350E-1	-3.051600E-5	-3.040000E-7	6.000000E-8	0.000000E+0	0.000000E+0	0.000000E+0	1.964247E-4	2.976042E-9	0.000000E+0	0.000000E+0	1.999856E+1	0.000000E+0	8.000000E+0
21-Apr-25	02:49:11	-1.000000E-5	-1.900000E-4	1.115750E-1	-3.049000E-5	-3.860000E-7	6.000000E-8	0.000000E+0	0.000000E+0	0.000000E+0	1.964247E-4	2.976042E-9	0.000000E+0	0.000000E+0	1.999856E+1	0.000000E+0	8.000000E+0
21-Apr-25	02:49:12	-1.000000E-5	-1.900000E-4	1.137900E-1	-3.047000E-5	-3.020000E-7	6.000000E-8	0.000000E+0	0.000000E+0	0.000000E+0	1.964247E-4	2.976042E-9	0.000000E+0	0.000000E+0	1.999856E+1	0.000000E+0	8.000000E+0
21-Apr-25	02:49:12	-1.000000E-5	-1.900000E-4	1.153700E-1	-3.045200E-5	-2.720000E-7	6.000000E-8	0.000000E+0	0.000000E+0	0.000000E+0	1.964247E-4	2.976042E-9	0.000000E+0	0.000000E+0	1.999856E+1	0.000000E+0	8.000000E+0
21-Apr-25	02:49:13	-1.000000E-5	-1.900000E-4	1.169500E-1	-3.042400E-5	-5.900000E-7	8.000000E-8	0.000000E+0	0.000000E+0	0.000000E+0	1.964247E-4	2.976042E-9	0.000000E+0	0.000000E+0	1.999856E+1	0.000000E+0	8.000000E+0
21-Apr-25	02:49:13	-1.000000E-5	-1.900000E-4	1.185450E-1	-3.053000E-5	-4.040000E-7	6.000000E-8	-2.000000E-8	0.000000E+0	0.000000E+0	1.964247E-4	2.976042E-9	0.000000E+0	0.000000E+0	1.999856E+1	0.000000E+0	8.000000E+0
21-Apr-25	02:49:14	-1.000000E-5	-1.900000E-4	1.201250E-1	-3.059200E-5	-2.920000E-7	4.000000E-8	0.000000E+0	0.000000E+0	0.000000E+0	1.964247E-4	2.976042E-9	0.000000E+0	0.000000E+0	1.999856E+1	0.000000E+0	8.000000E+0
21-Apr-25	02:49:15	-1.000000E-5	-1.900000E-4	1.223950E-1	-3.055000E-5	-3.380000E-7	6.000000E-8	0.000000E+0	0.000000E+0	0.000000E+0	1.964247E-4	2.976042E-9	0.000000E+0	0.000000E+0	1.999856E+1	0.000000E+0	8.000000E+0
21-Apr-25	02:49:15	-1.000000E-5	-1.900000E-4	1.241350E-1	-3.061000E-5	-2.500000E-7	6.000000E-8	0.000000E+0	0.000000E+0	0.000000E+0	1.964247E-4	2.976042E-9	0.000000E+0	0.000000E+0	1.999856E+1	0.000000E+0	8.000000E+0
21-Apr-25	02:49:16	-1.000000E-5	-1.900000E-4	1.257250E-1	-3.076400E-5	-3.220000E-7	6.000000E-8	0.000000E+0	0.000000E+0	0.000000E+0	1.964247E-4	2.976042E-9	0.000000E+0	0.000000E+0	1.999856E+1	0.000000E+0	8.000000E+0
21-Apr-25	02:49:16	-1.000000E-5	-1.900000E-4	1.273100E-1	-3.070600E-5	-3.360000E-7	6.000000E-8	0.000000E+0	0.000000E+0	0.000000E+0	1.964247E-4	2.976042E-9	0.000000E+0	0.000000E+0	1.999856E+1	0.000000E+0	8.000000E+0
21-Apr-25	02:49:17	-1.000000E-5	-1.900000E-4	1.288950E-1	-3.058600E-5	-2.580000E-7	8.000000E-8	0.000000E+0	0.000000E+0	0.000000E+0	1.964247E-4	2.976042E-9	0.000000E+0	0.000000E+0	1.999856E+1	0.000000E+0	8.000000E+0
21-Apr-25	02:49:17	-1.000000E-5	-1.900000E-4	1.303150E-1	-3.055200E-5	-2.500000E-7	8.000000E-8	2.000000E-8	0.000000E+0	0.000000E+0	1.964247E-4	2.976042E-9	0.000000E+0	0.000000E+0	1.999856E+1	0.000000E+0	8.000000E+0
21-Apr-25	02:49:18	-1.000000E-5	-1.900000E-4	1.319000E-1	-3.057600E-5	-2.360000E-7	8.000000E-8	0.000000E+0	0.000000E+0	0.000000E+0	1.964247E-4	2.976042E-9	0.000000E+0	0.000000E+0	1.999856E+1	0.000000E+0	8.000000E+0
21-Apr-25	02:49:18	-1.000000E-5	-1.900000E-4	1.336350E-1	-3.060800E-5	-3.120000E-7	4.000000E-8	0.000000E+0	0.000000E+0	0.000000E+0	1.964247E-4	2.976042E-9	0.000000E+0	0.000000E+0	1.999856E+1	0.000000E+0	8.000000E+0
21-Apr-25	02:49:19	-1.000000E-5	-1.900000E-4	1.352300E-1	-3.057800E-5	-2.900000E-7	4.000000E-8	0.000000E+0	0.000000E+0	0.000000E+0	1.964247E-4	2.976042E-9	0.000000E+0	0.000000E+0	1.999856E+1	0.000000E+0	8.000000E+0
21-Apr-25	02:49:19	-1.000000E-5	-1.900000E-4	1.368150E-1	-3.049200E-5	-2.260000E-7	6.000000E-8	0.000000E+0	0.000000E+0	0.000000E+0	1.964247E-4	2.976042E-9	0.000000E+0	0.000000E+0	1.999856E+1	0.000000E+0	8.000000E+0
21-Apr-25	02:49:20	-1.000000E-5	-1.900000E-4	1.384000E-1	-3.057200E-5	-2.880000E-7	8.000000E-8	0.000000E+0	0.000000E+0	0.000000E+0	1.964247E-4	2.976042E-9	0.000000E+0	0.000000E+0	1.999856E+1	0.000000E+0	8.000000E+0
21-Apr-25	02:49:20	-1.000000E-5	-1.900000E-4	1.399800E-1	-3.054600E-5	-3.540000E-7	8.000000E-8	0.000000E+0	0.000000E+0	0.000000E+0	1.964247E-4	2.976042E-9	0.000000E+0	0.000000E+0	1.999856E+1	0.000000E+0	8.000000E+0
21-Apr-25	02:49:21	-1.000000E-5	-1.900000E-4	1.415700E-1	-3.050600E-5	-2.820000E-7	8.000000E-8	-2.000000E-8	0.000000E+0	0.000000E+0	1.964247E-4	2.976042E-9	0.000000E+0	0.000000E+0	1.999856E+1	0.000000E+0	8.000000E+0
21-Apr-25	02:49:21	-1.000000E-5	-1.900000E-4	1.431550E-1	-3.052600E-5	-1.920000E-7	6.000000E-8	0.000000E+0	0.000000E+0	0.000000E+0	1.964247E-4	2.976042E-9	0.000000E+0	0.000000E+0	1.999856E+1	0.000000E+0	8.000000E+0
21-Apr-25	02:49:22	-1.000000E-5	-1.900000E-4	1.445800E-1	-3.049200E-5	-3.220000E-7	6.000000E-8	0.000000E+0	0.000000E+0	0.000000E+0	1.964247E-4	2.976042E-9	0.000000E+0	0.000000E+0	1.999856E+1	0.000000E+0	8.000000E+0
21-Apr-25	02:49:22	-1.000000E-5	-1.900000E-4	1.461600E-1	-3.053000E-5	-2.020000E-7	6.000000E-8	0.000000E+0	0.000000E+0	0.000000E+0	1.964247E-4	2.976042E-9	0.000000E+0	0.000000E+0	1.999856E+1	0.000000E+0	8.000000E+0
21-Apr-25	02:49:22	-1.000000E-5	-1.900000E-4	1.475950E-1	-3.067200E-5	-3.440000E-7	4.000000E-8	-2.000000E-8	0.000000E+0	0.000000E+0	1.964247E-4	2.976042E-9	0.000000E+0	0.000000E+0	1.999856E+1	0.000000E+0	8.000000E+0
21-Apr-25	02:49:23	-1.000000E-5	-1.900000E-4	1.491700E-1	-3.058600E-5	-3.160000E-7	6.000000E-8	2.000000E-8	0.000000E+0	0.000000E+0	1.964247E-4	2.976042E-9	0.000000E+0	0.000000E+0	1.999856E+1	0.000000E+0	8.000000E+0
21-Apr-25	02:49:24	-1.000000E-5	-1.900000E-4	1.507550E-1	-3.048800E-5	-3.180000E-7	8.000000E-8	-2.000000E-8	0.000000E+0	0.000000E+0	1.964247E-4	2.976042E-9	0.000000E+0	0.000000E+0	1.999856E+1	0.000000E+0	8.000000E+0
21-Apr-25	02:49:24	-1.000000E-5	-1.900000E-4	1.531850E-1	-3.047600E-5	-2.100000E-7	6.000000E-8	0.000000E+0	0.000000E+0	0.000000E+0	1.964247E-4	2.976042E-9	0.000000E+0	0.000000E+0	1.999856E+1	0.000000E+0	8.000000E+0
21-Apr-25	02:49:25	-1.000000E-5	-1.900000E-4	1.549350E-1	-3.047200E-5	-2.280000E-7	6.000000E-8	0.000000E+0	0.000000E+0	0.000000E+0	1.964247E-4	2.976042E-9	0.000000E+0	0.000000E+0	1.999856E+1	0.000000E+0	8.000000E+0
21-Apr-25	02:49:25	-1.000000E-5	-1.900000E-4	1.565150E-1	-3.042800E-5	-2.460000E-7	6.000000E-8	0.000000E+0	0.000000E+0	0.000000E+0	1.964247E-4	2.976042E-9	0.000000E+0	0.000000E+0	1.999856E+1	0.000000E+0	8.000000E+0
21-Apr-25	02:49:26	-1.000000E-5	-1.900000E-4	1.581000E-1	-3.025600E-5	-1.940000E-7	8.000000E-8	0.000000E+0	0.000000E+0	0.000000E+0	1.964247E-4	2.976042E-9	0.000000E+0	0.000000E+0	1.999856E+1	0.000000E+0	8.000000E+0
21-Apr-25	02:49:26	-1.000000E-5	-1.900000E-4	1.596850E-1	-3.041200E-5	-3.020000E-7	8.000000E-8	0.000000E+0	0.000000E+0	0.000000E+0	1.964247E-4	2.976042E-9	0.000000E+0	0.000000E+0	1.999856E+1	0.000000E+0	8.000000E+0
21-Apr-25	02:49:27	-1.000000E-5	-1.900000E-4	1.612750E-1	-3.052600E-5	-3.720000E-7	8.000000E-8	-2.000000E-8	0.000000E+0	0.000000E+0	1.964247E-4	2.976042E-9	0.000000E+0	0.000000E+0	1.999856E+1	0.000000E+0	8.000000E+0
21-Apr-25	02:49:28	-1.000000E-5	-1.900000E-4	1.634950E-1	-3.062800E-5	-3.060000E-7	8.000000E-8	0.000000E+0	0.000000E+0	0.000000E+0	1.964247E-4	2.976042E-9	0.000000E+0	0.000000E+0	1.999856E+1	0.000000E+0	8.000000E+0
21-Apr-25	02:49:28	-1.000000E-5	-1.900000E-4	1.652350E-1	-3.058400E-5	-4.820000E-7	8.000000E-8	0.000000E+0	0.000000E+0	0.000000E+0	1.964247E-4	2.976042E-9	0.000000E+0	0.000000E+0	1.999856E+1	0.000000E+0	8.000000E+0
21-Apr-25	02:49:29	-1.000000E-5	-1.900000E-4	1.668150E-1	-3.053400E-5	-2.860000E-7	1.000000E-7	0.000000E+0	0.000000E+0	0.000000E+0	1.964247E-4	2.976042E-9	0.000000E+0	0.000000E+0	1.999856E+1	0.000000E+0	8.000000E+0
21-Apr-25	02:49:29	-1.000000E-5	-1.900000E-4	1.683950E-1	-3.049000E-5	-2.720000E-7	8.000000E-8	-2.000000E-8	0.000000E+0	0.000000E+0	1.964247E-4	2.976042E-9	0.000000E+0	0.000000E+0	1.999856E+1	0.000000E+0	8.000000E+0
21-Apr-25	02:49:30	-1.000000E-5	-1.900000E-4	1.703550E-1	-3.063600E-5	-2.780000E-7	8.000000E-8	0.000000E+0	0.000000E+0	0.000000E+0	1.964247E-4	2.976042E-9	0.000000E+0	0.000000E+0	1.999856E+1	0.000000E+0	8.000000E+0
21-Apr-25	02:49:30	-1.000000E-5	-1.900000E-4	1.720950E-1	-3.054200E-5	-3.060000E-7	8.000000E-8	0.000000E+0	0.000000E+0	0.000000E+0	1.964247E-4	2.976042E-9	0.000000E+0	0.000000E+0	1.999856E+1	0.000000E+0	8.000000E+0
21-Apr-25	02:49:31	-1.000000E-5	-1.900000E-4	1.736850E-1	-3.063400E-5	-1.920000E-7	6.000000E-8	0.000000E+0	0.000000E+0	0.000000E+0	1.964247E-4	2.976042E-9	0.000000E+0	0.000000E+0	1.999856E+1	0.000000E+0	8.000000E+0
21-Apr-25	02:49:32	-1.000000E-5	-1.900000E-4	1.759300E-1	-3.051000E-5	-2.580000E-7	6.000000E-8	0.000000E+0	0.000000E+0	0.000000E+0	1.964247E-4	2.976042E-9	0.000000E+0	0.000000E+0	1.999856E+1	0.000000E+0	8.000000E+0
21-Apr-25	02:49:32	-1.000000E-5	-1.900000E-4	1.777000E-1	-3.041200E-5	-3.200000E-7	8.000000E-8	0.000000E+0	0.000000E+0	0.000000E+0	1.964247E-4	2.976042E-9	0.000000E+0	0.000000E+0	1.999856E+1	0.000000E+0	8.000000E+0
21-Apr-25	02:49:33	-1.000000E-5	-1.900000E-4	1.792850E-1	-3.048200E-5	-2.540000E-7	8.000000E-8	0.000000E+0	0.000000E+0	0.000000E+0	1.964247E-4	2.976042E-9	0.000000E+0	0.000000E+0	1.999856E+1	0.000000E+0	8.000000E+0
21-Apr-25	02:49:33	-1.000000E-5	-1.900000E-4	1.810250E-1	-3.068000E-5	-2.120000E-7	6.000000E-8	0.000000E+0	0.000000E+0	0.000000E+0	1.964247E-4	2.976042E-9	0.000000E+0	0.000000E+0	1.999856E+1	0.000000E+0	8.000000E+0
21-Apr-25	02:49:34	-1.000000E-5	-1.900000E-4	1.826100E-1	-3.059200E-5	-3.560000E-7	8.000000E-8	0.000000E+0	0.000000E+0	0.000000E+0	1.964247E-4	2.976042E-9	0.000000E+0	0.000000E+0	1.999856E+1	0.000000E+0	8.000000E+0
21-Apr-25	02:49:34	-1.000000E-5	-1.900000E-4	1.841900E-1	-3.060000E-5	-3.660000E-7	8.000000E-8	0.000000E+0	0.000000E+0	0.000000E+0	1.964247E-4	2.976042E-9	0.000000E+0	0.000000E+0	1.999856E+1	0.000000E+0	8.000000E+0
21-Apr-25	02:49:35	-1.000000E-5	-1.900000E-4	1.865950E-1	-3.059200E-5	-3.640000E-7	6.000000E-8	0.000000E+0	0.000000E+0	0.000000E+0	1.964247E-4	2.976042E-9	0.000000E+0	0.000000E+0	1.999856E+1	0.000000E+0	8.000000E+0
21-Apr-25	02:49:35	-1.000000E-5	-1.900000E-4	1.883650E-1	-3.058400E-5	-2.960000E-7	8.000000E-8	2.000000E-8	0.000000E+0	0.000000E+0	1.964247E-4	2.976042E-9	0.000000E+0	0.000000E+0	1.999856E+1	0.000000E+0	8.000000E+0
21-Apr-25	02:49:36	-1.000000E-5	-1.900000E-4	1.899450E-1	-3.063200E-5	-2.260000E-7	8.000000E-8	0.000000E+0	0.000000E+0	0.000000E+0	1.964247E-4	2.976042E-9	0.000000E+0	0.000000E+0	1.999856E+1	0.000000E+0	8.000000E+0
21-Apr-25	02:49:36	-1.000000E-5	-1.900000E-4	1.915350E-1	-3.062400E-5	-2.840000E-7	6.000000E-8	0.000000E+0	0.000000E+0	0.000000E+0	1.964247E-4	2.976042E-9	0.000000E+0	0.000000E+0	1.999856E+1	0.000000E+0	8.000000E+0
21-Apr-25	02:49:37	-1.000000E-5	-1.900000E-4	1.931150E-1	-3.042400E-5	-2.980000E-7	6.000000E-8	0.000000E+0	0.000000E+0	0.000000E+0	1.964247E-4	2.976042E-9	0.000000E+0	0.000000E+0	1.999856E+1	0.000000E+0	8.000000E+0
21-Apr-25	02:49:37	-1.000000E-5	-1.900000E-4	1.946750E-1	-3.048000E-5	-2.420000E-7	6.000000E-8	0.000000E+0	0.000000E+0	0.000000E+0	1.964247E-4	2.976042E-9	0.000000E+0	0.000000E+0	1.999856E+1	0.000000E+0	8.000000E+0
21-Apr-25	02:49:38	-1.000000E-5	-1.900000E-4	1.962350E-1	-3.059400E-5	-2.460000E-7	1.000000E-7	0.000000E+0	0.000000E+0	0.000000E+0	1.964247E-4	2.976042E-9	0.000000E+0	0.000000E+0	1.999856E+1	0.000000E+0	8.000000E+0
21-Apr-25	02:49:38	-1.000000E-5	-1.900000E-4	1.978200E-1	-3.044000E-5	-2.980000E-7	8.000000E-8	0.000000E+0	0.000000E+0	0.000000E+0	1.964247E-4	2.976042E-9	0.000000E+0	0.000000E+0	1.999856E+1	0.000000E+0	8.000000E+0
21-Apr-25	02:49:39	-1.000000E-5	-1.900000E-4	1.994000E-1	-3.048200E-5	-2.500000E-7	6.000000E-8	0.000000E+0	0.000000E+0	0.000000E+0	1.964247E-4	2.976042E-9	0.000000E+0	0.000000E+0	1.999856E+1	0.000000E+0	8.000000E+0
21-Apr-25	02:49:39	-1.000000E-5	-1.900000E-4	2.009850E-1	-3.054400E-5	-2.900000E-7	4.000000E-8	2.000000E-8	0.000000E+0	0.000000E+0	1.964247E-4	2.976042E-9	0.000000E+0	0.000000E+0	1.999856E+1	0.000000E+0	8.000000E+0
21-Apr-25	02:49:40	-1.000000E-5	-1.900000E-4	2.025750E-1	-3.047200E-5	-3.380000E-7	6.000000E-8	0.000000E+0	0.000000E+0	0.000000E+0	1.964247E-4	2.976042E-9	0.000000E+0	0.000000E+0	1.999856E+1	0.000000E+0	8.000000E+0
21-Apr-25	02:49:40	-1.000000E-5	-1.900000E-4	2.040050E-1	-3.056600E-5	-3.080000E-7	6.000000E-8	0.000000E+0	0.000000E+0	0.000000E+0	1.964247E-4	2.976042E-9	0.000000E+0	0.000000E+0	1.999856E+1	0.000000E+0	8.000000E+0
21-Apr-25	02:49:41	-1.000000E-5	-1.900000E-4	2.055800E-1	-3.049000E-5	-3.400000E-7	1.000000E-7	0.000000E+0	0.000000E+0	0.000000E+0	1.964247E-4	2.976042E-9	0.000000E+0	0.000000E+0	1.999856E+1	0.000000E+0	8.000000E+0
21-Apr-25	02:49:41	-1.000000E-5	-1.900000E-4	2.071700E-1	-3.049800E-5	-3.000000E-7	8.000000E-8	0.000000E+0	0.000000E+0	0.000000E+0	1.964247E-4	2.976042E-9	0.000000E+0	0.000000E+0	1.999856E+1	0.000000E+0	8.000000E+0
21-Apr-25	02:49:42	-1.000000E-5	-1.900000E-4	2.087500E-1	-3.060800E-5	-2.740000E-7	8.000000E-8	0.000000E+0	0.000000E+0	0.000000E+0	1.964247E-4	2.976042E-9	0.000000E+0	0.000000E+0	1.999856E+1	0.000000E+0	8.000000E+0
21-Apr-25	02:49:42	-1.000000E-5	-1.900000E-4	2.104050E-1	-3.057600E-5	-2.140000E-7	8.000000E-8	0.000000E+0	0.000000E+0	0.000000E+0	1.964247E-4	2.976042E-9	0.000000E+0	0.000000E+0	1.999856E+1	0.000000E+0	8.000000E+0
21-Apr-25	02:49:43	-1.000000E-5	-1.900000E-4	2.119500E-1	-3.058600E-5	-2.840000E-7	6.000000E-8	0.000000E+0	0.000000E+0	0.000000E+0	1.964247E-4	2.976042E-9	0.000000E+0	0.000000E+0	1.999856E+1	0.000000E+0	8.000000E+0
21-Apr-25	02:49:43	-1.000000E-5	-1.900000E-4	2.135150E-1	-3.052200E-5	-2.640000E-7	6.000000E-8	-2.000000E-8	0.000000E+0	0.000000E+0	1.964247E-4	2.976042E-9	0.000000E+0	0.000000E+0	1.999856E+1	0.000000E+0	8.000000E+0
21-Apr-25	02:49:44	-1.000000E-5	-1.900000E-4	2.150950E-1	-3.053800E-5	-1.920000E-7	8.000000E-8	0.000000E+0	0.000000E+0	0.000000E+0	1.964247E-4	2.976042E-9	0.000000E+0	0.000000E+0	1.999856E+1	0.000000E+0	8.000000E+0
21-Apr-25	02:49:44	-1.000000E-5	-1.900000E-4	2.167300E-1	-3.046800E-5	-2.660000E-7	8.000000E-8	2.000000E-8	0.000000E+0	0.000000E+0	1.964247E-4	2.976042E-9	0.000000E+0	0.000000E+0	1.999856E+1	0.000000E+0	8.000000E+0
21-Apr-25	02:49:45	-1.000000E-5	-1.900000E-4	2.181600E-1	-3.051600E-5	-2.660000E-7	8.000000E-8	0.000000E+0	0.000000E+0	0.000000E+0	1.964247E-4	2.976042E-9	0.000000E+0	0.000000E+0	1.999856E+1	0.000000E+0	8.000000E+0
21-Apr-25	02:49:45	-1.000000E-5	-1.900000E-4	2.195850E-1	-3.053000E-5	-2.500000E-7	8.000000E-8	2.000000E-8	0.000000E+0	0.000000E+0	1.964247E-4	2.976042E-9	0.000000E+0	0.000000E+0	1.999856E+1	0.000000E+0	8.000000E+0
21-Apr-25	02:49:46	-1.000000E-5	-1.900000E-4	2.211700E-1	-3.053200E-5	-3.660000E-7	8.000000E-8	0.000000E+0	0.000000E+0	0.000000E+0	1.964247E-4	2.976042E-9	0.000000E+0	0.000000E+0	1.999856E+1	0.000000E+0	8.000000E+0
21-Apr-25	02:49:46	-1.000000E-5	-1.900000E-4	2.227550E-1	-3.051200E-5	-2.120000E-7	6.000000E-8	0.000000E+0	0.000000E+0	0.000000E+0	1.964247E-4	2.976042E-9	0.000000E+0	0.000000E+0	1.999856E+1	0.000000E+0	8.000000E+0
21-Apr-25	02:49:47	-1.000000E-5	-1.900000E-4	2.243350E-1	-3.051800E-5	-1.980000E-7	6.000000E-8	0.000000E+0	0.000000E+0	0.000000E+0	1.964247E-4	2.976042E-9	0.000000E+0	0.000000E+0	1.999856E+1	0.000000E+0	8.000000E+0
21-Apr-25	02:49:47	-1.000000E-5	-1.900000E-4	2.260850E-1	-3.055800E-5	-1.480000E-7	6.000000E-8	-2.000000E-8	0.000000E+0	0.000000E+0	1.964247E-4	2.976042E-9	0.000000E+0	0.000000E+0	1.999856E+1	0.000000E+0	8.000000E+0
21-Apr-25	02:49:48	-1.000000E-5	-1.900000E-4	2.276650E-1	-3.065400E-5	-2.880000E-7	4.000000E-8	-2.000000E-8	0.000000E+0	0.000000E+0	1.964247E-4	2.976042E-9	0.000000E+0	0.000000E+0	1.999856E+1	0.000000E+0	8.000000E+0
21-Apr-25	02:49:48	-1.000000E-5	-1.900000E-4	2.292450E-1	-3.044800E-5	-1.960000E-7	6.000000E-8	0.000000E+0	0.000000E+0	0.000000E+0	1.964247E-4	2.976042E-9	0.000000E+0	0.000000E+0	1.999856E+1	0.000000E+0	8.000000E+0
21-Apr-25	02:49:49	-1.000000E-5	-1.900000E-4	2.308350E-1	-3.050600E-5	-3.280000E-7	6.000000E-8	0.000000E+0	0.000000E+0	0.000000E+0	1.964247E-4	2.976042E-9	0.000000E+0	0.000000E+0	1.999856E+1	0.000000E+0	8.000000E+0
21-Apr-25	02:49:49	-1.000000E-5	-1.900000E-4	2.327250E-1	-3.050800E-5	-3.060000E-7	6.000000E-8	0.000000E+0	0.000000E+0	0.000000E+0	1.964247E-4	2.976042E-9	0.000000E+0	0.000000E+0	1.999856E+1	0.000000E+0	8.000000E+0
21-Apr-25	02:49:50	-1.000000E-5	-1.900000E-4	2.343150E-1	-3.050800E-5	-2.980000E-7	6.000000E-8	0.000000E+0	0.000000E+0	0.000000E+0	1.964247E-4	2.976042E-9	0.000000E+0	0.000000E+0	1.999856E+1	0.000000E+0	8.000000E+0
21-Apr-25	02:49:50	-1.000000E-5	-1.900000E-4	2.357400E-1	-3.059400E-5	-2.480000E-7	6.000000E-8	0.000000E+0	0.000000E+0	0.000000E+0	1.964247E-4	2.976042E-9	0.000000E+0	0.000000E+0	1.999856E+1	0.000000E+0	8.000000E+0
21-Apr-25	02:49:51	-1.000000E-5	-1.900000E-4	2.373300E-1	-3.053400E-5	-3.340000E-7	1.000000E-7	0.000000E+0	0.000000E+0	0.000000E+0	1.964247E-4	2.976042E-9	0.000000E+0	0.000000E+0	1.999856E+1	0.000000E+0	8.000000E+0
21-Apr-25	02:49:52	-1.000000E-5	-1.900000E-4	2.393850E-1	-3.049400E-5	-2.200000E-7	6.000000E-8	0.000000E+0	0.000000E+0	0.000000E+0	1.964247E-4	2.976042E-9	0.000000E+0	0.000000E+0	1.999856E+1	0.000000E+0	8.000000E+0
21-Apr-25	02:49:52	-1.000000E-5	-1.900000E-4	2.409700E-1	-3.052800E-5	-2.320000E-7	1.000000E-7	0.000000E+0	0.000000E+0	0.000000E+0	1.964247E-4	2.976042E-9	0.000000E+0	0.000000E+0	1.999856E+1	0.000000E+0	8.000000E+0
21-Apr-25	02:49:53	-1.000000E-5	-1.900000E-4	2.425600E-1	-3.052200E-5	-2.840000E-7	8.000000E-8	0.000000E+0	0.000000E+0	0.000000E+0	1.964247E-4	2.976042E-9	0.000000E+0	0.000000E+0	1.999856E+1	0.000000E+0	8.000000E+0
21-Apr-25	02:49:53	-1.000000E-5	-1.900000E-4	2.441450E-1	-3.046000E-5	-2.100000E-7	4.000000E-8	0.000000E+0	0.000000E+0	0.000000E+0	1.964247E-4	2.976042E-9	0.000000E+0	0.000000E+0	1.999856E+1	0.000000E+0	8.000000E+0
21-Apr-25	02:49:54	-1.000000E-5	-1.900000E-4	2.457300E-1	-3.041200E-5	-1.900000E-7	6.000000E-8	0.000000E+0	0.000000E+0	0.000000E+0	1.964247E-4	2.976042E-9	0.000000E+0	0.000000E+0	1.999856E+1	0.000000E+0	8.000000E+0
21-Apr-25	02:49:54	-1.000000E-5	-1.900000E-4	2.473150E-1	-3.047200E-5	-1.760000E-7	8.000000E-8	0.000000E+0	0.000000E+0	0.000000E+0	1.964247E-4	2.976042E-9	0.000000E+0	0.000000E+0	1.999856E+1	0.000000E+0	8.000000E+0
21-Apr-25	02:49:55	-1.000000E-5	-1.900000E-4	2.488950E-1	-3.055600E-5	-2.900000E-7	8.000000E-8	0.000000E+0	0.000000E+0	0.000000E+0	1.964247E-4	2.976042E-9	0.000000E+0	0.000000E+0	1.999856E+1	0.000000E+0	8.000000E+0
21-Apr-25	02:49:55	-1.000000E-5	-1.900000E-4	2.506350E-1	-3.054400E-5	-2.980000E-7	8.000000E-8	0.000000E+0	0.000000E+0	0.000000E+0	1.964247E-4	2.976042E-9	0.000000E+0	0.000000E+0	1.999856E+1	0.000000E+0	8.000000E+0
21-Apr-25	02:49:56	-1.000000E-5	-1.900000E-4	2.522200E-1	-3.051200E-5	-2.980000E-7	1.000000E-7	0.000000E+0	0.000000E+0	0.000000E+0	1.964247E-4	2.976042E-9	0.000000E+0	0.000000E+0	1.999856E+1	0.000000E+0	8.000000E+0
21-Apr-25	02:49:56	-1.000000E-5	-1.900000E-4	2.538100E-1	-3.050400E-5	-2.700000E-7	8.000000E-8	0.000000E+0	0.000000E+0	0.000000E+0	1.964247E-4	2.976042E-9	0.000000E+0	0.000000E+0	1.999856E+1	0.000000E+0	8.000000E+0
21-Apr-25	02:49:57	-1.000000E-5	-1.900000E-4	2.556050E-1	-3.055800E-5	-3.820000E-7	8.000000E-8	0.000000E+0	0.000000E+0	0.000000E+0	1.964247E-4	2.976042E-9	0.000000E+0	0.000000E+0	1.999856E+1	0.000000E+0	8.000000E+0
21-Apr-25	02:49:57	-1.000000E-5	-1.900000E-4	2.571300E-1	-3.062800E-5	-3.560000E-7	6.000000E-8	0.000000E+0	0.000000E+0	0.000000E+0	1.964247E-4	2.976042E-9	0.000000E+0	0.000000E+0	1.999856E+1	0.000000E+0	8.000000E+0
21-Apr-25	02:49:58	-1.000000E-5	-1.900000E-4	2.585500E-1	-3.048200E-5	-2.860000E-7	6.000000E-8	0.000000E+0	0.000000E+0	0.000000E+0	1.964247E-4	2.976042E-9	0.000000E+0	0.000000E+0	1.999856E+1	0.000000E+0	8.000000E+0
21-Apr-25	02:49:58	-1.000000E-5	-1.900000E-4	2.601750E-1	-3.040400E-5	-2.300000E-7	1.000000E-7	0.000000E+0	0.000000E+0	0.000000E+0	1.964247E-4	2.976042E-9	0.000000E+0	0.000000E+0	1.999856E+1	0.000000E+0	8.000000E+0
21-Apr-25	02:49:59	-1.000000E-5	-1.900000E-4	2.622550E-1	-3.063200E-5	-2.780000E-7	8.000000E-8	0.000000E+0	0.000000E+0	0.000000E+0	1.964247E-4	2.976042E-9	0.000000E+0	0.000000E+0	1.999856E+1	0.000000E+0	8.000000E+0
21-Apr-25	02:49:59	-1.000000E-5	-1.900000E-4	2.638350E-1	-3.053600E-5	-2.560000E-7	1.000000E-7	0.000000E+0	0.000000E+0	0.000000E+0	1.964247E-4	2.976042E-9	0.000000E+0	0.000000E+0	1.999856E+1	0.000000E+0	8.000000E+0
21-Apr-25	02:50:00	-1.000000E-5	-1.900000E-4	2.654200E-1	-3.041400E-5	-2.440000E-7	1.000000E-7	0.000000E+0	0.000000E+0	0.000000E+0	1.964247E-4	2.976042E-9	0.000000E+0	0.000000E+0	1.999856E+1	0.000000E+0	8.000000E+0
21-Apr-25	02:50:00	-1.000000E-5	-1.900000E-4	2.669950E-1	-3.042800E-5	-2.080000E-7	8.000000E-8	0.000000E+0	0.000000E+0	0.000000E+0	1.964247E-4	2.976042E-9	0.000000E+0	0.000000E+0	1.999856E+1	0.000000E+0	8.000000E+0
21-Apr-25	02:50:01	-1.000000E-5	-1.900000E-4	2.685850E-1	-3.050800E-5	-4.160000E-7	8.000000E-8	0.000000E+0	0.000000E+0	0.000000E+0	1.964247E-4	2.976042E-9	0.000000E+0	0.000000E+0	1.999856E+1	0.000000E+0	8.000000E+0
21-Apr-25	02:50:01	-1.000000E-5	-1.900000E-4	2.701750E-1	-3.058600E-5	-3.360000E-7	8.000000E-8	0.000000E+0	0.000000E+0	0.000000E+0	1.964247E-4	2.976042E-9	0.000000E+0	0.000000E+0	1.999856E+1	0.000000E+0	8.000000E+0
21-Apr-25	02:50:02	-1.000000E-5	-1.900000E-4	2.717600E-1	-3.062400E-5	-3.860000E-7	1.000000E-7	0.000000E+0	0.000000E+0	0.000000E+0	1.964247E-4	2.976042E-9	0.000000E+0	0.000000E+0	1.999856E+1	0.000000E+0	8.000000E+0
21-Apr-25	02:50:02	-1.000000E-5	-1.900000E-4	2.731800E-1	-3.046200E-5	-2.840000E-7	1.000000E-7	0.000000E+0	0.000000E+0	0.000000E+0	1.964247E-4	2.976042E-9	0.000000E+0	0.000000E+0	1.999856E+1	0.000000E+0	8.000000E+0
21-Apr-25	02:50:03	-1.000000E-5	-1.900000E-4	2.750850E-1	-3.044600E-5	-2.600000E-7	1.000000E-7	2.000000E-8	0.000000E+0	0.000000E+0	1.964247E-4	2.976042E-9	0.000000E+0	0.000000E+0	1.999856E+1	0.000000E+0	8.000000E+0
21-Apr-25	02:50:03	-1.000000E-5	-1.900000E-4	2.766750E-1	-3.042200E-5	-3.440000E-7	1.000000E-7	0.000000E+0	0.000000E+0	0.000000E+0	1.964247E-4	2.976042E-9	0.000000E+0	0.000000E+0	1.999856E+1	0.000000E+0	8.000000E+0
21-Apr-25	02:50:04	-1.000000E-5	-1.900000E-4	2.781000E-1	-3.033800E-5	-2.500000E-7	1.000000E-7	0.000000E+0	0.000000E+0	0.000000E+0	1.964247E-4	2.976042E-9	0.000000E+0	0.000000E+0	1.999856E+1	0.000000E+0	8.000000E+0
21-Apr-25	02:50:04	-1.000000E-5	-1.900000E-4	2.796850E-1	-3.048200E-5	-1.760000E-7	1.000000E-7	0.000000E+0	0.000000E+0	0.000000E+0	1.964247E-4	2.976042E-9	0.000000E+0	0.000000E+0	1.999856E+1	0.000000E+0	8.000000E+0
21-Apr-25	02:50:05	-1.000000E-5	-1.900000E-4	2.812700E-1	-3.049600E-5	-2.740000E-7	8.000000E-8	2.000000E-8	0.000000E+0	0.000000E+0	1.964247E-4	2.976042E-9	0.000000E+0	0.000000E+0	1.999856E+1	0.000000E+0	8.000000E+0
21-Apr-25	02:50:05	-1.000000E-5	-1.900000E-4	2.828450E-1	-3.059400E-5	-2.720000E-7	8.000000E-8	-2.000000E-8	0.000000E+0	0.000000E+0	1.964247E-4	2.976042E-9	0.000000E+0	0.000000E+0	1.999856E+1	0.000000E+0	8.000000E+0
21-Apr-25	02:50:06	-1.000000E-5	-1.900000E-4	2.842750E-1	-3.046400E-5	-2.180000E-7	1.000000E-7	0.000000E+0	0.000000E+0	0.000000E+0	1.964247E-4	2.976042E-9	0.000000E+0	0.000000E+0	1.999856E+1	0.000000E+0	8.000000E+0
21-Apr-25	02:50:06	-1.000000E-5	-1.900000E-4	2.858650E-1	-3.052400E-5	-3.080000E-7	1.000000E-7	0.000000E+0	0.000000E+0	0.000000E+0	1.964247E-4	2.976042E-9	0.000000E+0	0.000000E+0	1.999856E+1	0.000000E+0	8.000000E+0
21-Apr-25	02:50:07	-1.000000E-5	-1.900000E-4	2.880800E-1	-3.051800E-5	-2.400000E-7	1.000000E-7	0.000000E+0	0.000000E+0	0.000000E+0	1.964247E-4	2.976042E-9	0.000000E+0	0.000000E+0	1.999856E+1	0.000000E+0	8.000000E+0
21-Apr-25	02:50:08	-1.000000E-5	-1.900000E-4	2.905150E-1	-3.044400E-5	-2.500000E-7	1.000000E-7	0.000000E+0	0.000000E+0	0.000000E+0	1.964247E-4	2.976042E-9	0.000000E+0	0.000000E+0	1.999856E+1	0.000000E+0	8.000000E+0
21-Apr-25	02:50:08	-1.000000E-5	-1.900000E-4	2.922550E-1	-3.045400E-5	-3.400000E-7	8.000000E-8	0.000000E+0	0.000000E+0	0.000000E+0	1.964247E-4	2.976042E-9	0.000000E+0	0.000000E+0	1.999856E+1	0.000000E+0	8.000000E+0
21-Apr-25	02:50:09	-1.000000E-5	-1.900000E-4	2.938500E-1	-3.048400E-5	-2.700000E-7	1.000000E-7	-2.000000E-8	0.000000E+0	0.000000E+0	1.964247E-4	2.976042E-9	0.000000E+0	0.000000E+0	1.999856E+1	0.000000E+0	8.000000E+0
21-Apr-25	02:50:09	-1.000000E-5	-1.900000E-4	2.954250E-1	-3.050400E-5	-3.220000E-7	8.000000E-8	-2.000000E-8	0.000000E+0	0.000000E+0	1.964247E-4	2.976042E-9	0.000000E+0	0.000000E+0	1.999856E+1	0.000000E+0	8.000000E+0
21-Apr-25	02:50:10	-1.000000E-5	-1.900000E-4	2.970100E-1	-3.042200E-5	-3.300000E-7	8.000000E-8	0.000000E+0	0.000000E+0	0.000000E+0	1.964247E-4	2.976042E-9	0.000000E+0	0.000000E+0	1.999856E+1	0.000000E+0	8.000000E+0
21-Apr-25	02:50:10	-1.000000E-5	-1.900000E-4	2.984300E-1	-3.047000E-5	-3.040000E-7	1.000000E-7	0.000000E+0	0.000000E+0	0.000000E+0	1.964247E-4	2.976042E-9	0.000000E+0	0.000000E+0	1.999856E+1	0.000000E+0	8.000000E+0
21-Apr-25	02:50:11	-1.000000E-5	-1.900000E-4	3.000150E-1	-3.054400E-5	-1.580000E-7	8.000000E-8	0.000000E+0	0.000000E+0	0.000000E+0	1.964247E-4	2.976042E-9	0.000000E+0	0.000000E+0	1.999856E+1	0.000000E+0	8.000000E+0
21-Apr-25	02:50:11	-1.000000E-5	-1.900000E-4	3.016050E-1	-3.063000E-5	-2.300000E-7	8.000000E-8	2.000000E-8	0.000000E+0	0.000000E+0	1.964247E-4	2.976042E-9	0.000000E+0	0.000000E+0	1.999856E+1	0.000000E+0	8.000000E+0
21-Apr-25	02:50:12	-1.000000E-5	-1.900000E-4	3.031900E-1	-3.056800E-5	-2.600000E-7	1.000000E-7	0.000000E+0	0.000000E+0	0.000000E+0	1.964247E-4	2.976042E-9	0.000000E+0	0.000000E+0	1.999856E+1	0.000000E+0	8.000000E+0
21-Apr-25	02:50:12	-1.000000E-5	-1.900000E-4	3.046150E-1	-3.058200E-5	-2.560000E-7	6.000000E-8	0.000000E+0	0.000000E+0	0.000000E+0	1.964247E-4	2.976042E-9	0.000000E+0	0.000000E+0	1.999856E+1	0.000000E+0	8.000000E+0
21-Apr-25	02:50:13	-1.000000E-5	-1.900000E-4	3.062050E-1	-3.059400E-5	-1.440000E-7	8.000000E-8	0.000000E+0	0.000000E+0	0.000000E+0	1.964247E-4	2.976042E-9	0.000000E+0	0.000000E+0	1.999856E+1	0.000000E+0	8.000000E+0
21-Apr-25	02:50:13	-1.000000E-5	-1.900000E-4	3.081000E-1	-3.061200E-5	-1.440000E-7	1.000000E-7	0.000000E+0	0.000000E+0	0.000000E+0	1.964247E-4	2.976042E-9	0.000000E+0	0.000000E+0	1.999856E+1	0.000000E+0	8.000000E+0
21-Apr-25	02:50:14	-1.000000E-5	-1.900000E-4	3.095300E-1	-3.049200E-5	-3.140000E-7	1.000000E-7	0.000000E+0	0.000000E+0	0.000000E+0	1.964247E-4	2.976042E-9	0.000000E+0	0.000000E+0	1.999856E+1	0.000000E+0	8.000000E+0
21-Apr-25	02:50:14	-1.000000E-5	-1.900000E-4	3.111150E-1	-3.048800E-5	-3.180000E-7	1.000000E-7	0.000000E+0	0.000000E+0	0.000000E+0	1.964247E-4	2.976042E-9	0.000000E+0	0.000000E+0	1.999856E+1	0.000000E+0	8.000000E+0
21-Apr-25	02:50:15	-1.000000E-5	-1.900000E-4	3.132050E-1	-3.064800E-5	-3.440000E-7	1.000000E-7	-2.000000E-8	0.000000E+0	0.000000E+0	1.964247E-4	2.976042E-9	0.000000E+0	0.000000E+0	1.999856E+1	0.000000E+0	8.000000E+0
21-Apr-25	02:50:15	-1.000000E-5	-1.900000E-4	3.147550E-1	-3.065600E-5	-3.020000E-7	1.000000E-7	0.000000E+0	0.000000E+0	0.000000E+0	1.964247E-4	2.976042E-9	0.000000E+0	0.000000E+0	1.999856E+1	0.000000E+0	8.000000E+0
21-Apr-25	02:50:16	-1.000000E-5	-1.900000E-4	3.165550E-1	-3.058000E-5	-2.560000E-7	1.000000E-7	0.000000E+0	0.000000E+0	0.000000E+0	1.964247E-4	2.976042E-9	0.000000E+0	0.000000E+0	1.999856E+1	0.000000E+0	8.000000E+0
21-Apr-25	02:50:16	-1.000000E-5	-1.900000E-4	3.181350E-1	-3.056200E-5	-2.980000E-7	1.000000E-7	-2.000000E-8	0.000000E+0	0.000000E+0	1.964247E-4	2.976042E-9	0.000000E+0	0.000000E+0	1.999856E+1	0.000000E+0	8.000000E+0
21-Apr-25	02:50:17	-1.000000E-5	-1.900000E-4	3.195650E-1	-3.047400E-5	-3.040000E-7	1.000000E-7	0.000000E+0	0.000000E+0	0.000000E+0	1.964247E-4	2.976042E-9	0.000000E+0	0.000000E+0	1.999856E+1	0.000000E+0	8.000000E+0
21-Apr-25	02:50:17	-1.000000E-5	-1.900000E-4	3.211550E-1	-3.051400E-5	-3.480000E-7	1.000000E-7	0.000000E+0	0.000000E+0	0.000000E+0	1.964247E-4	2.976042E-9	0.000000E+0	0.000000E+0	1.999856E+1	0.000000E+0	8.000000E+0
21-Apr-25	02:50:18	-1.000000E-5	-1.900000E-4	3.227350E-1	-3.039400E-5	-2.240000E-7	1.000000E-7	0.000000E+0	0.000000E+0	0.000000E+0	1.964247E-4	2.976042E-9	0.000000E+0	0.000000E+0	1.999856E+1	0.000000E+0	8.000000E+0
21-Apr-25	02:50:18	-1.000000E-5	-1.900000E-4	3.243100E-1	-3.045800E-5	-2.520000E-7	8.000000E-8	0.000000E+0	0.000000E+0	0.000000E+0	1.964247E-4	2.976042E-9	0.000000E+0	0.000000E+0	1.999856E+1	0.000000E+0	8.000000E+0
21-Apr-25	02:50:19	-1.000000E-5	-1.900000E-4	3.259050E-1	-3.050800E-5	-2.500000E-7	1.000000E-7	0.000000E+0	0.000000E+0	0.000000E+0	1.964247E-4	2.976042E-9	0.000000E+0	0.000000E+0	1.999856E+1	0.000000E+0	8.000000E+0
21-Apr-25	02:50:19	-1.000000E-5	-1.900000E-4	3.274850E-1	-3.043600E-5	-3.500000E-7	1.400000E-7	0.000000E+0	0.000000E+0	0.000000E+0	1.964247E-4	2.976042E-9	0.000000E+0	0.000000E+0	1.999856E+1	0.000000E+0	8.000000E+0
21-Apr-25	02:50:20	-1.000000E-5	-1.900000E-4	3.290700E-1	-3.048200E-5	-3.260000E-7	1.000000E-7	0.000000E+0	0.000000E+0	0.000000E+0	1.964247E-4	2.976042E-9	0.000000E+0	0.000000E+0	1.999856E+1	0.000000E+0	8.000000E+0
21-Apr-25	02:50:21	-1.000000E-5	-1.900000E-4	3.312900E-1	-3.049000E-5	-2.860000E-7	1.000000E-7	0.000000E+0	0.000000E+0	0.000000E+0	1.964247E-4	2.976042E-9	0.000000E+0	0.000000E+0	1.999856E+1	0.000000E+0	8.000000E+0
21-Apr-25	02:50:21	-1.000000E-5	-1.900000E-4	3.330300E-1	-3.045200E-5	-3.160000E-7	1.200000E-7	0.000000E+0	0.000000E+0	0.000000E+0	1.964247E-4	2.976042E-9	0.000000E+0	0.000000E+0	1.999856E+1	0.000000E+0	8.000000E+0
21-Apr-25	02:50:22	-1.000000E-5	-1.900000E-4	3.346150E-1	-3.046600E-5	-3.600000E-7	1.200000E-7	0.000000E+0	0.000000E+0	0.000000E+0	1.964247E-4	2.976042E-9	0.000000E+0	0.000000E+0	1.999856E+1	0.000000E+0	8.000000E+0
21-Apr-25	02:50:22	-1.000000E-5	-1.900000E-4	3.360450E-1	-3.048400E-5	-4.060000E-7	1.000000E-7	0.000000E+0	0.000000E+0	0.000000E+0	1.964247E-4	2.976042E-9	0.000000E+0	0.000000E+0	1.999856E+1	0.000000E+0	8.000000E+0
21-Apr-25	02:50:23	-1.000000E-5	-1.900000E-4	3.376300E-1	-3.054000E-5	-3.840000E-7	1.000000E-7	0.000000E+0	0.000000E+0	0.000000E+0	1.964247E-4	2.976042E-9	0.000000E+0	0.000000E+0	1.999856E+1	0.000000E+0	8.000000E+0
21-Apr-25	02:50:23	-1.000000E-5	-1.900000E-4	3.392150E-1	-3.056800E-5	-3.200000E-7	1.000000E-7	-2.000000E-8	0.000000E+0	0.000000E+0	1.964247E-4	2.976042E-9	0.000000E+0	0.000000E+0	1.999856E+1	0.000000E+0	8.000000E+0
21-Apr-25	02:50:24	-1.000000E-5	-1.900000E-4	3.412800E-1	-3.054200E-5	-3.240000E-7	1.000000E-7	0.000000E+0	0.000000E+0	0.000000E+0	1.964247E-4	2.976042E-9	0.000000E+0	0.000000E+0	1.999856E+1	0.000000E+0	8.000000E+0
21-Apr-25	02:50:24	-1.000000E-5	-1.900000E-4	3.428600E-1	-3.052800E-5	-3.680000E-7	1.000000E-7	0.000000E+0	0.000000E+0	0.000000E+0	1.964247E-4	2.976042E-9	0.000000E+0	0.000000E+0	1.999856E+1	0.000000E+0	8.000000E+0
21-Apr-25	02:50:25	-1.000000E-5	-1.900000E-4	3.450800E-1	-3.048000E-5	-2.660000E-7	1.000000E-7	-2.000000E-8	0.000000E+0	0.000000E+0	1.964247E-4	2.976042E-9	0.000000E+0	0.000000E+0	1.999856E+1	0.000000E+0	8.000000E+0
21-Apr-25	02:50:25	-1.000000E-5	-1.900000E-4	3.466650E-1	-3.051400E-5	-3.700000E-7	1.000000E-7	0.000000E+0	0.000000E+0	0.000000E+0	1.964247E-4	2.976042E-9	0.000000E+0	0.000000E+0	1.999856E+1	0.000000E+0	8.000000E+0
21-Apr-25	02:50:26	-1.000000E-5	-1.900000E-4	3.482450E-1	-3.060200E-5	-2.840000E-7	1.200000E-7	0.000000E+0	0.000000E+0	0.000000E+0	1.964247E-4	2.976042E-9	0.000000E+0	0.000000E+0	1.999856E+1	0.000000E+0	8.000000E+0
21-Apr-25	02:50:26	-1.000000E-5	-1.900000E-4	3.498300E-1	-3.057200E-5	-2.340000E-7	1.000000E-7	-2.000000E-8	0.000000E+0	0.000000E+0	1.964247E-4	2.976042E-9	0.000000E+0	0.000000E+0	1.999856E+1	0.000000E+0	8.000000E+0
21-Apr-25	02:50:27	-1.000000E-5	-1.900000E-4	3.514450E-1	-3.055200E-5	-2.220000E-7	1.000000E-7	-2.000000E-8	0.000000E+0	0.000000E+0	1.964247E-4	2.976042E-9	0.000000E+0	0.000000E+0	1.999856E+1	0.000000E+0	8.000000E+0
21-Apr-25	02:50:28	-1.000000E-5	-1.900000E-4	3.538450E-1	-3.055800E-5	-3.000000E-7	1.000000E-7	0.000000E+0	0.000000E+0	0.000000E+0	1.964247E-4	2.976042E-9	0.000000E+0	0.000000E+0	1.999856E+1	0.000000E+0	8.000000E+0
21-Apr-25	02:50:28	-1.000000E-5	-1.900000E-4	3.560900E-1	-3.046200E-5	-3.060000E-7	1.200000E-7	0.000000E+0	0.000000E+0	0.000000E+0	1.964247E-4	2.976042E-9	0.000000E+0	0.000000E+0	1.999856E+1	0.000000E+0	8.000000E+0
21-Apr-25	02:50:29	-1.000000E-5	-1.900000E-4	3.577000E-1	-3.052600E-5	-1.820000E-7	1.600000E-7	0.000000E+0	0.000000E+0	0.000000E+0	1.964247E-4	2.976042E-9	0.000000E+0	0.000000E+0	1.999856E+1	0.000000E+0	8.000000E+0
21-Apr-25	02:50:30	-1.000000E-5	-1.900000E-4	3.597600E-1	-3.031200E-5	-2.980000E-7	2.400000E-7	4.000000E-8	0.000000E+0	0.000000E+0	1.964247E-4	2.976042E-9	0.000000E+0	0.000000E+0	1.999856E+1	0.000000E+0	8.000000E+0
21-Apr-25	02:50:30	-1.000000E-5	-1.900000E-4	3.613500E-1	-3.026600E-5	-4.460000E-7	2.600000E-7	2.000000E-8	0.000000E+0	0.000000E+0	1.964247E-4	2.976042E-9	0.000000E+0	0.000000E+0	1.999856E+1	0.000000E+0	8.000000E+0
21-Apr-25	02:50:31	-1.000000E-5	-1.900000E-4	3.629300E-1	-3.019400E-5	-3.380000E-7	2.200000E-7	-2.000000E-8	0.000000E+0	0.000000E+0	1.964247E-4	2.976042E-9	0.000000E+0	0.000000E+0	1.999856E+1	0.000000E+0	8.000000E+0
21-Apr-25	02:50:31	-1.000000E-5	-1.900000E-4	3.646750E-1	-3.025000E-5	-2.700000E-7	2.400000E-7	0.000000E+0	0.000000E+0	0.000000E+0	1.964247E-4	2.976042E-9	0.000000E+0	0.000000E+0	1.999856E+1	0.000000E+0	8.000000E+0
21-Apr-25	02:50:32	-1.000000E-5	-1.900000E-4	3.665750E-1	-3.028400E-5	-1.860000E-7	2.600000E-7	0.000000E+0	0.000000E+0	0.000000E+0	1.964247E-4	2.976042E-9	0.000000E+0	0.000000E+0	1.999856E+1	0.000000E+0	8.000000E+0
21-Apr-25	02:50:32	-1.000000E-5	-1.900000E-4	3.682050E-1	-3.038600E-5	-3.600000E-7	2.200000E-7	0.000000E+0	0.000000E+0	0.000000E+0	1.964247E-4	2.976042E-9	0.000000E+0	0.000000E+0	1.999856E+1	0.000000E+0	8.000000E+0
21-Apr-25	02:50:33	-1.000000E-5	-1.900000E-4	3.697950E-1	-3.025200E-5	-2.740000E-7	2.400000E-7	0.000000E+0	0.000000E+0	0.000000E+0	1.964247E-4	2.976042E-9	0.000000E+0	0.000000E+0	1.999856E+1	0.000000E+0	8.000000E+0
21-Apr-25	02:50:33	-1.000000E-5	-1.900000E-4	3.712250E-1	-3.034200E-5	-2.900000E-7	2.200000E-7	0.000000E+0	0.000000E+0	0.000000E+0	1.964247E-4	2.976042E-9	0.000000E+0	0.000000E+0	1.999856E+1	0.000000E+0	8.000000E+0
21-Apr-25	02:50:34	-1.000000E-5	-1.900000E-4	3.728100E-1	-3.039800E-5	-2.820000E-7	2.200000E-7	0.000000E+0	0.000000E+0	0.000000E+0	1.964247E-4	2.976042E-9	0.000000E+0	0.000000E+0	1.999856E+1	0.000000E+0	8.000000E+0
21-Apr-25	02:50:34	-1.000000E-5	-1.900000E-4	3.743850E-1	-3.036000E-5	-2.800000E-7	2.400000E-7	0.000000E+0	0.000000E+0	0.000000E+0	1.964247E-4	2.976042E-9	0.000000E+0	0.000000E+0	1.999856E+1	0.000000E+0	8.000000E+0
21-Apr-25	02:50:35	-1.000000E-5	-1.900000E-4	3.759800E-1	-3.024800E-5	-3.200000E-7	2.400000E-7	0.000000E+0	0.000000E+0	0.000000E+0	1.964247E-4	2.976042E-9	0.000000E+0	0.000000E+0	1.999856E+1	0.000000E+0	8.000000E+0
21-Apr-25	02:50:35	-1.000000E-5	-1.900000E-4	3.775650E-1	-3.023000E-5	-3.060000E-7	2.400000E-7	0.000000E+0	0.000000E+0	0.000000E+0	1.964247E-4	2.976042E-9	0.000000E+0	0.000000E+0	1.999856E+1	0.000000E+0	8.000000E+0
21-Apr-25	02:50:36	-1.000000E-5	-1.900000E-4	3.793050E-1	-3.032000E-5	-2.600000E-7	2.600000E-7	0.000000E+0	0.000000E+0	0.000000E+0	1.964247E-4	2.976042E-9	0.000000E+0	0.000000E+0	1.999856E+1	0.000000E+0	8.000000E+0
21-Apr-25	02:50:36	-1.000000E-5	-1.900000E-4	3.808900E-1	-3.027600E-5	-4.040000E-7	2.600000E-7	0.000000E+0	0.000000E+0	0.000000E+0	1.964247E-4	2.976042E-9	0.000000E+0	0.000000E+0	1.999856E+1	0.000000E+0	8.000000E+0
21-Apr-25	02:50:37	-1.000000E-5	-1.900000E-4	3.823100E-1	-3.026800E-5	-3.520000E-7	2.400000E-7	0.000000E+0	0.000000E+0	0.000000E+0	1.964247E-4	2.976042E-9	0.000000E+0	0.000000E+0	1.999856E+1	0.000000E+0	8.000000E+0
21-Apr-25	02:50:37	-1.000000E-5	-1.900000E-4	3.838850E-1	-3.032600E-5	-3.400000E-7	2.600000E-7	0.000000E+0	0.000000E+0	0.000000E+0	1.964247E-4	2.976042E-9	0.000000E+0	0.000000E+0	1.999856E+1	0.000000E+0	8.000000E+0
21-Apr-25	02:50:38	-1.000000E-5	-1.900000E-4	3.854700E-1	-3.033600E-5	-1.920000E-7	3.400000E-7	0.000000E+0	0.000000E+0	0.000000E+0	1.964247E-4	2.976042E-9	0.000000E+0	0.000000E+0	1.999856E+1	0.000000E+0	8.000000E+0
21-Apr-25	02:50:38	-1.000000E-5	-1.900000E-4	3.878450E-1	-3.034200E-5	-1.980000E-7	3.600000E-7	0.000000E+0	0.000000E+0	0.000000E+0	1.964247E-4	2.976042E-9	0.000000E+0	0.000000E+0	1.999856E+1	0.000000E+0	8.000000E+0
21-Apr-25	02:50:39	-1.000000E-5	-1.900000E-4	3.894200E-1	-3.029600E-5	-2.080000E-7	3.400000E-7	0.000000E+0	0.000000E+0	0.000000E+0	1.964247E-4	2.976042E-9	0.000000E+0	0.000000E+0	1.999856E+1	0.000000E+0	8.000000E+0
21-Apr-25	02:50:40	-1.000000E-5	-1.900000E-4	3.918000E-1	-2.360200E-5	-1.580000E-7	-1.140000E-6	-2.000000E-8	0.000000E+0	0.000000E+0	1.964247E-4	2.976042E-9	0.000000E+0	0.000000E+0	1.999856E+1	0.000000E+0	8.000000E+0
21-Apr-25	02:50:40	-1.000000E-5	-1.900000E-4	3.933950E-1	-1.812200E-5	-2.040000E-7	-1.660000E-6	-2.000000E-8	0.000000E+0	0.000000E+0	1.964247E-4	2.976042E-9	0.000000E+0	0.000000E+0	1.999856E+1	0.000000E+0	8.000000E+0
21-Apr-25	02:50:41	-1.000000E-5	-1.900000E-4	3.949550E-1	-1.783200E-5	-2.480000E-7	-1.700000E-6	-2.000000E-8	0.000000E+0	0.000000E+0	1.964247E-4	2.976042E-9	0.000000E+0	0.000000E+0	1.999856E+1	0.000000E+0	8.000000E+0
21-Apr-25	02:50:41	-1.000000E-5	-1.900000E-4	3.971400E-1	-1.777200E-5	-1.040000E-7	-1.720000E-6	-2.000000E-8	0.000000E+0	0.000000E+0	1.964247E-4	2.976042E-9	0.000000E+0	0.000000E+0	1.999856E+1	0.000000E+0	8.000000E+0
21-Apr-25	02:50:42	-1.000000E-5	-1.900000E-4	3.985400E-1	-1.767600E-5	-2.720000E-7	-1.840000E-6	-4.000000E-8	0.000000E+0	0.000000E+0	1.964247E-4	2.976042E-9	0.000000E+0	0.000000E+0	1.999856E+1	0.000000E+0	8.000000E+0
21-Apr-25	02:50:42	-1.000000E-5	-1.900000E-4	4.000950E-1	-1.753400E-5	-2.400000E-7	-1.880000E-6	-2.000000E-8	0.000000E+0	0.000000E+0	1.964247E-4	2.976042E-9	0.000000E+0	0.000000E+0	1.999856E+1	0.000000E+0	8.000000E+0
21-Apr-25	02:50:43	-1.000000E-5	-1.900000E-4	4.016450E-1	-1.759400E-5	-1.900000E-7	-1.880000E-6	-2.000000E-8	0.000000E+0	0.000000E+0	1.964247E-4	2.976042E-9	0.000000E+0	0.000000E+0	1.999856E+1	0.000000E+0	8.000000E+0
21-Apr-25	02:50:43	-1.000000E-5	-1.900000E-4	4.031950E-1	-1.748600E-5	-1.940000E-7	-1.900000E-6	-4.000000E-8	0.000000E+0	0.000000E+0	1.964247E-4	2.976042E-9	0.000000E+0	0.000000E+0	1.999856E+1	0.000000E+0	8.000000E+0
21-Apr-25	02:50:44	-1.000000E-5	-1.900000E-4	4.047400E-1	-1.743800E-5	-2.120000E-7	-1.920000E-6	-4.000000E-8	0.000000E+0	0.000000E+0	1.964247E-4	2.976042E-9	0.000000E+0	0.000000E+0	1.999856E+1	0.000000E+0	8.000000E+0
21-Apr-25	02:50:45	-1.000000E-5	-1.900000E-4	4.069500E-1	-1.744800E-5	-2.300000E-7	-1.900000E-6	-2.000000E-8	0.000000E+0	0.000000E+0	1.964247E-4	2.976042E-9	0.000000E+0	0.000000E+0	1.999856E+1	0.000000E+0	8.000000E+0
21-Apr-25	02:50:45	-1.000000E-5	-1.900000E-4	4.092750E-1	-1.735800E-5	-5.200000E-8	-1.900000E-6	-2.000000E-8	0.000000E+0	0.000000E+0	1.964247E-4	2.976042E-9	0.000000E+0	0.000000E+0	1.999856E+1	0.000000E+0	8.000000E+0
21-Apr-25	02:50:46	-1.000000E-5	-1.900000E-4	4.109900E-1	-1.743200E-5	-1.320000E-7	-1.900000E-6	-2.000000E-8	0.000000E+0	0.000000E+0	1.964247E-4	2.976042E-9	0.000000E+0	0.000000E+0	1.999856E+1	0.000000E+0	8.000000E+0
21-Apr-25	02:50:46	-1.000000E-5	-1.900000E-4	4.126700E-1	-1.733200E-5	-1.700000E-7	-1.900000E-6	-4.000000E-8	0.000000E+0	0.000000E+0	1.964247E-4	2.976042E-9	0.000000E+0	0.000000E+0	1.999856E+1	0.000000E+0	8.000000E+0
21-Apr-25	02:50:47	-1.000000E-5	-1.900000E-4	4.141900E-1	-1.744000E-5	-2.780000E-7	-1.900000E-6	-4.000000E-8	0.000000E+0	0.000000E+0	1.964247E-4	2.976042E-9	0.000000E+0	0.000000E+0	1.999856E+1	0.000000E+0	8.000000E+0
21-Apr-25	02:50:47	-1.000000E-5	-1.900000E-4	4.157150E-1	-1.735000E-5	-1.160000E-7	-1.900000E-6	-4.000000E-8	0.000000E+0	0.000000E+0	1.964247E-4	2.976042E-9	0.000000E+0	0.000000E+0	1.999856E+1	0.000000E+0	8.000000E+0
21-Apr-25	02:50:48	-1.000000E-5	-1.900000E-4	4.172350E-1	-1.734400E-5	-3.200000E-8	-1.900000E-6	-4.000000E-8	0.000000E+0	0.000000E+0	1.964247E-4	2.976042E-9	0.000000E+0	0.000000E+0	1.999856E+1	0.000000E+0	8.000000E+0
21-Apr-25	02:50:48	-1.000000E-5	-1.900000E-4	4.187450E-1	-1.735400E-5	-7.000000E-8	-1.900000E-6	-2.000000E-8	0.000000E+0	0.000000E+0	1.964247E-4	2.976042E-9	0.000000E+0	0.000000E+0	1.999856E+1	0.000000E+0	8.000000E+0
21-Apr-25	02:50:49	-1.000000E-5	-1.900000E-4	4.202550E-1	-1.736000E-5	-2.020000E-7	-1.900000E-6	-2.000000E-8	0.000000E+0	0.000000E+0	1.964247E-4	2.976042E-9	0.000000E+0	0.000000E+0	1.999856E+1	0.000000E+0	8.000000E+0
21-Apr-25	02:50:50	-1.000000E-5	-1.900000E-4	4.217650E-1	-1.746000E-5	-1.660000E-7	-1.920000E-6	-2.000000E-8	0.000000E+0	0.000000E+0	1.964247E-4	2.976042E-9	0.000000E+0	0.000000E+0	1.999856E+1	0.000000E+0	8.000000E+0
21-Apr-25	02:50:50	-1.000000E-5	-1.900000E-4	4.240200E-1	-1.737400E-5	-1.240000E-7	-1.960000E-6	-2.000000E-8	0.000000E+0	0.000000E+0	1.964247E-4	2.976042E-9	0.000000E+0	0.000000E+0	1.999856E+1	0.000000E+0	8.000000E+0
21-Apr-25	02:50:51	-1.000000E-5	-1.900000E-4	4.257250E-1	-1.733600E-5	-7.200000E-8	-1.940000E-6	-4.000000E-8	0.000000E+0	0.000000E+0	1.964247E-4	2.976042E-9	0.000000E+0	0.000000E+0	1.999856E+1	0.000000E+0	8.000000E+0
21-Apr-25	02:50:51	-1.000000E-5	-1.900000E-4	4.272250E-1	-1.726200E-5	-6.600000E-8	-1.940000E-6	-2.000000E-8	0.000000E+0	0.000000E+0	1.964247E-4	2.976042E-9	0.000000E+0	0.000000E+0	1.999856E+1	0.000000E+0	8.000000E+0
21-Apr-25	02:50:52	-1.000000E-5	-1.900000E-4	4.288700E-1	-1.733000E-5	-9.200000E-8	-1.940000E-6	-2.000000E-8	0.000000E+0	0.000000E+0	1.964247E-4	2.976042E-9	0.000000E+0	0.000000E+0	1.999856E+1	0.000000E+0	8.000000E+0
21-Apr-25	02:50:52	-1.000000E-5	-1.900000E-4	4.303550E-1	-1.735400E-5	-3.600000E-8	-1.940000E-6	-2.000000E-8	0.000000E+0	0.000000E+0	1.964247E-4	2.976042E-9	0.000000E+0	0.000000E+0	1.999856E+1	0.000000E+0	8.000000E+0
21-Apr-25	02:50:53	-1.000000E-5	-1.900000E-4	4.318450E-1	-1.733200E-5	-1.020000E-7	-1.940000E-6	-4.000000E-8	0.000000E+0	0.000000E+0	1.964247E-4	2.976042E-9	0.000000E+0	0.000000E+0	1.999856E+1	0.000000E+0	8.000000E+0
21-Apr-25	02:50:54	-1.000000E-5	-1.900000E-4	4.339200E-1	-1.739200E-5	-1.840000E-7	-1.960000E-6	-2.000000E-8	0.000000E+0	0.000000E+0	1.964247E-4	2.976042E-9	0.000000E+0	0.000000E+0	1.999856E+1	0.000000E+0	8.000000E+0
21-Apr-25	02:50:54	-1.000000E-5	-1.900000E-4	4.358700E-1	-1.739000E-5	-7.400000E-8	-1.940000E-6	-2.000000E-8	0.000000E+0	0.000000E+0	1.964247E-4	2.976042E-9	0.000000E+0	0.000000E+0	1.999856E+1	0.000000E+0	8.000000E+0
21-Apr-25	02:50:55	-1.000000E-5	-1.900000E-4	4.373200E-1	-1.732600E-5	-7.600000E-8	-1.940000E-6	-2.000000E-8	0.000000E+0	0.000000E+0	1.964247E-4	2.976042E-9	0.000000E+0	0.000000E+0	1.999856E+1	0.000000E+0	8.000000E+0
21-Apr-25	02:50:55	-1.000000E-5	-1.900000E-4	4.389900E-1	-1.737400E-5	-7.000000E-8	-1.940000E-6	-4.000000E-8	0.000000E+0	0.000000E+0	1.964247E-4	2.976042E-9	0.000000E+0	0.000000E+0	1.999856E+1	0.000000E+0	8.000000E+0
21-Apr-25	02:50:56	-1.000000E-5	-1.900000E-4	4.407600E-1	-1.726400E-5	-8.400000E-8	-1.960000E-6	-4.000000E-8	0.000000E+0	0.000000E+0	1.964247E-4	2.976042E-9	0.000000E+0	0.000000E+0	1.999856E+1	0.000000E+0	8.000000E+0
21-Apr-25	02:50:56	-1.000000E-5	-1.900000E-4	4.427100E-1	-1.724000E-5	-1.760000E-7	-1.940000E-6	-4.000000E-8	0.000000E+0	0.000000E+0	1.964247E-4	2.976042E-9	0.000000E+0	0.000000E+0	1.999856E+1	0.000000E+0	8.000000E+0
21-Apr-25	02:50:57	-1.000000E-5	-1.900000E-4	4.441700E-1	-1.733600E-5	-1.200000E-7	-1.940000E-6	-2.000000E-8	0.000000E+0	0.000000E+0	1.964247E-4	2.976042E-9	0.000000E+0	0.000000E+0	1.999856E+1	0.000000E+0	8.000000E+0
21-Apr-25	02:50:57	-1.000000E-5	-1.900000E-4	4.454800E-1	-1.731600E-5	-1.620000E-7	-1.940000E-6	-2.000000E-8	0.000000E+0	0.000000E+0	1.964247E-4	2.976042E-9	0.000000E+0	0.000000E+0	1.999856E+1	0.000000E+0	8.000000E+0
21-Apr-25	02:50:58	-1.000000E-5	-1.900000E-4	4.469450E-1	-1.733000E-5	-1.280000E-7	-1.940000E-6	-2.000000E-8	0.000000E+0	0.000000E+0	1.964247E-4	2.976042E-9	0.000000E+0	0.000000E+0	1.999856E+1	0.000000E+0	8.000000E+0
21-Apr-25	02:50:59	-1.000000E-5	-1.900000E-4	4.483950E-1	-1.734800E-5	-1.080000E-7	-1.940000E-6	-4.000000E-8	0.000000E+0	0.000000E+0	1.964247E-4	2.976042E-9	0.000000E+0	0.000000E+0	1.999856E+1	0.000000E+0	8.000000E+0
21-Apr-25	02:50:59	-1.000000E-5	-1.900000E-4	4.501350E-1	-1.728400E-5	-1.720000E-7	-1.940000E-6	-4.000000E-8	0.000000E+0	0.000000E+0	1.964247E-4	2.976042E-9	0.000000E+0	0.000000E+0	1.999856E+1	0.000000E+0	8.000000E+0
21-Apr-25	02:51:00	-1.000000E-5	-1.900000E-4	4.515850E-1	-1.727600E-5	-1.840000E-7	-1.920000E-6	-4.000000E-8	0.000000E+0	0.000000E+0	1.964247E-4	2.976042E-9	0.000000E+0	0.000000E+0	1.999856E+1	0.000000E+0	8.000000E+0
21-Apr-25	02:51:00	-1.000000E-5	-1.900000E-4	4.531750E-1	-1.729000E-5	-1.560000E-7	-1.940000E-6	-2.000000E-8	0.000000E+0	0.000000E+0	1.964247E-4	2.976042E-9	0.000000E+0	0.000000E+0	1.999856E+1	0.000000E+0	8.000000E+0
21-Apr-25	02:51:01	-1.000000E-5	-1.900000E-4	4.546150E-1	-1.727800E-5	-3.400000E-8	-1.940000E-6	-2.000000E-8	0.000000E+0	0.000000E+0	1.964247E-4	2.976042E-9	0.000000E+0	0.000000E+0	1.999856E+1	0.000000E+0	8.000000E+0
21-Apr-25	02:51:01	-1.000000E-5	-1.900000E-4	4.559100E-1	-1.732600E-5	-1.040000E-7	-1.940000E-6	-2.000000E-8	0.000000E+0	0.000000E+0	1.964247E-4	2.976042E-9	0.000000E+0	0.000000E+0	1.999856E+1	0.000000E+0	8.000000E+0
21-Apr-25	02:51:02	-1.000000E-5	-1.900000E-4	4.573400E-1	-1.740000E-5	-2.320000E-7	-1.940000E-6	-2.000000E-8	0.000000E+0	0.000000E+0	1.964247E-4	2.976042E-9	0.000000E+0	0.000000E+0	1.999856E+1	0.000000E+0	8.000000E+0
21-Apr-25	02:51:02	-1.000000E-5	-1.900000E-4	4.587750E-1	-1.731800E-5	-1.060000E-7	-1.920000E-6	-2.000000E-8	0.000000E+0	0.000000E+0	1.964247E-4	2.976042E-9	0.000000E+0	0.000000E+0	1.999856E+1	0.000000E+0	8.000000E+0
21-Apr-25	02:51:03	-1.000000E-5	-1.900000E-4	4.602100E-1	-1.715800E-5	-1.040000E-7	-1.760000E-6	-2.000000E-8	0.000000E+0	0.000000E+0	1.964247E-4	2.976042E-9	0.000000E+0	0.000000E+0	1.999856E+1	0.000000E+0	8.000000E+0
21-Apr-25	02:51:03	-1.000000E-5	-1.900000E-4	4.616350E-1	-1.708000E-5	-9.000000E-8	-1.660000E-6	0.000000E+0	0.000000E+0	0.000000E+0	1.964247E-4	2.976042E-9	0.000000E+0	0.000000E+0	1.999856E+1	0.000000E+0	8.000000E+0
21-Apr-25	02:51:04	-1.000000E-5	-1.900000E-4	4.636500E-1	-1.704000E-5	-1.100000E-7	-1.660000E-6	0.000000E+0	0.000000E+0	0.000000E+0	1.964247E-4	2.976042E-9	0.000000E+0	0.000000E+0	1.999856E+1	0.000000E+0	8.000000E+0
21-Apr-25	02:51:04	-1.000000E-5	-1.900000E-4	4.650900E-1	-1.683600E-5	-1.460000E-7	-1.900000E-6	-4.000000E-8	0.000000E+0	0.000000E+0	1.964247E-4	2.976042E-9	0.000000E+0	0.000000E+0	1.999856E+1	0.000000E+0	8.000000E+0
21-Apr-25	02:51:05	-1.000000E-5	-1.900000E-4	4.664800E-1	-1.661200E-5	-7.600000E-8	-2.000000E-6	-2.000000E-8	0.000000E+0	0.000000E+0	1.964247E-4	2.976042E-9	0.000000E+0	0.000000E+0	1.999856E+1	0.000000E+0	8.000000E+0
21-Apr-25	02:51:05	-1.000000E-5	-1.900000E-4	4.678750E-1	-1.659000E-5	-9.800000E-8	-2.000000E-6	-2.000000E-8	0.000000E+0	0.000000E+0	1.964247E-4	2.976042E-9	0.000000E+0	0.000000E+0	1.999856E+1	0.000000E+0	8.000000E+0
21-Apr-25	02:51:06	-1.000000E-5	-1.900000E-4	4.692850E-1	-1.646800E-5	-6.200000E-8	-2.000000E-6	-4.000000E-8	0.000000E+0	0.000000E+0	1.964247E-4	2.976042E-9	0.000000E+0	0.000000E+0	1.999856E+1	0.000000E+0	8.000000E+0
21-Apr-25	02:51:06	-1.000000E-5	-1.900000E-4	4.706900E-1	-1.649000E-5	-1.580000E-7	-2.020000E-6	-4.000000E-8	0.000000E+0	0.000000E+0	1.964247E-4	2.976042E-9	0.000000E+0	0.000000E+0	1.999856E+1	0.000000E+0	8.000000E+0
21-Apr-25	02:51:07	-1.000000E-5	-1.900000E-4	4.721400E-1	-1.652600E-5	-1.300000E-7	-2.020000E-6	-2.000000E-8	0.000000E+0	0.000000E+0	1.964247E-4	2.976042E-9	0.000000E+0	0.000000E+0	1.999856E+1	0.000000E+0	8.000000E+0
21-Apr-25	02:51:07	-1.000000E-5	-1.900000E-4	4.735000E-1	-1.662400E-5	-1.420000E-7	-2.000000E-6	-4.000000E-8	0.000000E+0	0.000000E+0	1.964247E-4	2.976042E-9	0.000000E+0	0.000000E+0	1.999856E+1	0.000000E+0	8.000000E+0
21-Apr-25	02:51:08	-1.000000E-5	-1.900000E-4	4.749200E-1	-1.660600E-5	-1.800000E-7	-2.000000E-6	-2.000000E-8	0.000000E+0	0.000000E+0	1.964247E-4	2.976042E-9	0.000000E+0	0.000000E+0	1.999856E+1	0.000000E+0	8.000000E+0
21-Apr-25	02:51:08	-1.000000E-5	-1.900000E-4	4.762000E-1	-1.669200E-5	-1.540000E-7	-2.000000E-6	-2.000000E-8	0.000000E+0	0.000000E+0	1.964247E-4	2.976042E-9	0.000000E+0	0.000000E+0	1.999856E+1	0.000000E+0	8.000000E+0
21-Apr-25	02:51:09	-1.000000E-5	-1.900000E-4	4.775950E-1	-1.665200E-5	-1.180000E-7	-2.020000E-6	-4.000000E-8	0.000000E+0	0.000000E+0	1.964247E-4	2.976042E-9	0.000000E+0	0.000000E+0	1.999856E+1	0.000000E+0	8.000000E+0
21-Apr-25	02:51:09	-1.000000E-5	-1.900000E-4	4.789850E-1	-1.662200E-5	-1.380000E-7	-1.960000E-6	-2.000000E-8	0.000000E+0	0.000000E+0	1.964247E-4	2.976042E-9	0.000000E+0	0.000000E+0	1.999856E+1	0.000000E+0	8.000000E+0
21-Apr-25	02:51:10	-1.000000E-5	-1.900000E-4	4.803650E-1	-1.671400E-5	-5.200000E-8	-1.820000E-6	0.000000E+0	0.000000E+0	0.000000E+0	1.964247E-4	2.976042E-9	0.000000E+0	0.000000E+0	1.999856E+1	0.000000E+0	8.000000E+0
21-Apr-25	02:51:10	-1.000000E-5	-1.900000E-4	4.817550E-1	-1.669200E-5	-9.400000E-8	-1.820000E-6	-2.000000E-8	0.000000E+0	0.000000E+0	1.964247E-4	2.976042E-9	0.000000E+0	0.000000E+0	1.999856E+1	0.000000E+0	8.000000E+0
21-Apr-25	02:51:11	-1.000000E-5	-1.900000E-4	4.831350E-1	-1.667400E-5	-1.200000E-7	-1.840000E-6	-2.000000E-8	0.000000E+0	0.000000E+0	1.964247E-4	2.976042E-9	0.000000E+0	0.000000E+0	1.999856E+1	0.000000E+0	8.000000E+0
21-Apr-25	02:51:11	-1.000000E-5	-1.900000E-4	4.844900E-1	-1.665600E-5	-1.900000E-7	-1.840000E-6	-2.000000E-8	0.000000E+0	0.000000E+0	1.964247E-4	2.976042E-9	0.000000E+0	0.000000E+0	1.999856E+1	0.000000E+0	8.000000E+0
21-Apr-25	02:51:12	-1.000000E-5	-1.900000E-4	4.858400E-1	-1.657400E-5	-1.680000E-7	-1.820000E-6	-6.000000E-8	0.000000E+0	0.000000E+0	1.964247E-4	2.976042E-9	0.000000E+0	0.000000E+0	1.999856E+1	0.000000E+0	8.000000E+0
21-Apr-25	02:51:12	-1.000000E-5	-1.900000E-4	4.872400E-1	-1.659800E-5	-1.680000E-7	-1.840000E-6	-2.000000E-8	0.000000E+0	0.000000E+0	1.964247E-4	2.976042E-9	0.000000E+0	0.000000E+0	1.999856E+1	0.000000E+0	8.000000E+0
21-Apr-25	02:51:13	-1.000000E-5	-1.900000E-4	4.886350E-1	-1.657200E-5	-1.400000E-7	-1.820000E-6	-2.000000E-8	0.000000E+0	0.000000E+0	1.964247E-4	2.976042E-9	0.000000E+0	0.000000E+0	1.999856E+1	0.000000E+0	8.000000E+0
21-Apr-25	02:51:13	-1.000000E-5	-1.900000E-4	4.900000E-1	-1.659400E-5	-1.000000E-7	-1.800000E-6	-2.000000E-8	0.000000E+0	0.000000E+0	1.964247E-4	2.976042E-9	0.000000E+0	0.000000E+0	1.999856E+1	0.000000E+0	8.000000E+0
21-Apr-25	02:51:14	-1.000000E-5	-1.900000E-4	4.912300E-1	-1.659400E-5	-1.620000E-7	-1.820000E-6	-4.000000E-8	0.000000E+0	0.000000E+0	1.964247E-4	2.976042E-9	0.000000E+0	0.000000E+0	1.999856E+1	0.000000E+0	8.000000E+0
21-Apr-25	02:51:14	-1.000000E-5	-1.900000E-4	4.929950E-1	-1.666600E-5	-2.020000E-7	-1.820000E-6	-2.000000E-8	0.000000E+0	0.000000E+0	1.964247E-4	2.976042E-9	0.000000E+0	0.000000E+0	1.999856E+1	0.000000E+0	8.000000E+0
21-Apr-25	02:51:15	-1.000000E-5	-1.900000E-4	4.944950E-1	-1.665600E-5	-2.620000E-7	-1.800000E-6	-2.000000E-8	0.000000E+0	0.000000E+0	1.964247E-4	2.976042E-9	0.000000E+0	0.000000E+0	1.999856E+1	0.000000E+0	8.000000E+0
21-Apr-25	02:51:15	-1.000000E-5	-1.900000E-4	4.958550E-1	-1.669600E-5	-1.600000E-7	-1.820000E-6	-2.000000E-8	0.000000E+0	0.000000E+0	1.964247E-4	2.976042E-9	0.000000E+0	0.000000E+0	1.999856E+1	0.000000E+0	8.000000E+0
21-Apr-25	02:51:16	-1.000000E-5	-1.900000E-4	4.972050E-1	-1.653600E-5	-1.000000E-7	-1.800000E-6	-2.000000E-8	0.000000E+0	0.000000E+0	1.964247E-4	2.976042E-9	0.000000E+0	0.000000E+0	1.999856E+1	0.000000E+0	8.000000E+0
21-Apr-25	02:51:16	-1.000000E-5	-1.900000E-4	4.985500E-1	-1.656800E-5	-1.320000E-7	-1.800000E-6	-2.000000E-8	0.000000E+0	0.000000E+0	1.964247E-4	2.976042E-9	0.000000E+0	0.000000E+0	1.999856E+1	0.000000E+0	8.000000E+0
21-Apr-25	02:51:17	-1.000000E-5	-1.900000E-4	4.999000E-1	-1.672200E-5	-9.600000E-8	-1.820000E-6	0.000000E+0	0.000000E+0	0.000000E+0	1.964247E-4	2.976042E-9	0.000000E+0	0.000000E+0	1.999856E+1	0.000000E+0	8.000000E+0
21-Apr-25	02:51:18	-1.000000E-5	-1.900000E-4	5.015550E-1	-1.674200E-5	-9.800000E-8	-1.800000E-6	0.000000E+0	0.000000E+0	0.000000E+0	1.964247E-4	2.976042E-9	0.000000E+0	0.000000E+0	1.999856E+1	0.000000E+0	8.000000E+0
21-Apr-25	02:51:18	-1.000000E-5	-1.900000E-4	5.028950E-1	-1.673400E-5	1.400000E-8	-1.780000E-6	-2.000000E-8	0.000000E+0	0.000000E+0	1.964247E-4	2.976042E-9	0.000000E+0	0.000000E+0	1.999856E+1	0.000000E+0	8.000000E+0
21-Apr-25	02:51:19	-1.000000E-5	-1.900000E-4	5.042400E-1	-1.666600E-5	-1.020000E-7	-1.800000E-6	-2.000000E-8	0.000000E+0	0.000000E+0	1.964247E-4	2.976042E-9	0.000000E+0	0.000000E+0	1.999856E+1	0.000000E+0	8.000000E+0
21-Apr-25	02:51:19	-1.000000E-5	-1.900000E-4	5.058400E-1	-1.669800E-5	-2.060000E-7	-1.800000E-6	-2.000000E-8	0.000000E+0	0.000000E+0	1.964247E-4	2.976042E-9	0.000000E+0	0.000000E+0	1.999856E+1	0.000000E+0	8.000000E+0
21-Apr-25	02:51:20	-1.000000E-5	-1.900000E-4	5.071700E-1	-1.672000E-5	-2.500000E-7	-1.820000E-6	-2.000000E-8	0.000000E+0	0.000000E+0	1.964247E-4	2.976042E-9	0.000000E+0	0.000000E+0	1.999856E+1	0.000000E+0	8.000000E+0
21-Apr-25	02:51:20	-1.000000E-5	-1.900000E-4	5.085000E-1	-1.665000E-5	-2.160000E-7	-1.820000E-6	-2.000000E-8	0.000000E+0	0.000000E+0	1.964247E-4	2.976042E-9	0.000000E+0	0.000000E+0	1.999856E+1	0.000000E+0	8.000000E+0
21-Apr-25	02:51:21	-1.000000E-5	-1.900000E-4	5.100900E-1	-1.654400E-5	-1.240000E-7	-1.800000E-6	-2.000000E-8	0.000000E+0	0.000000E+0	1.964247E-4	2.976042E-9	0.000000E+0	0.000000E+0	1.999856E+1	0.000000E+0	8.000000E+0
21-Apr-25	02:51:21	-1.000000E-5	-1.900000E-4	5.118100E-1	-1.660600E-5	-9.200000E-8	-1.800000E-6	-2.000000E-8	0.000000E+0	0.000000E+0	1.964247E-4	2.976042E-9	0.000000E+0	0.000000E+0	1.999856E+1	0.000000E+0	8.000000E+0
21-Apr-25	02:51:22	-1.000000E-5	-1.900000E-4	5.131300E-1	-1.655000E-5	-4.200000E-8	-1.800000E-6	-4.000000E-8	0.000000E+0	0.000000E+0	1.964247E-4	2.976042E-9	0.000000E+0	0.000000E+0	1.999856E+1	0.000000E+0	8.000000E+0
21-Apr-25	02:51:23	-1.000000E-5	-1.900000E-4	5.145800E-1	-1.653000E-5	-3.000000E-8	-1.800000E-6	-2.000000E-8	0.000000E+0	0.000000E+0	1.964247E-4	2.976042E-9	0.000000E+0	0.000000E+0	1.999856E+1	0.000000E+0	8.000000E+0
21-Apr-25	02:51:23	-1.000000E-5	-1.900000E-4	5.165900E-1	-1.642000E-5	-1.300000E-7	-1.800000E-6	-4.000000E-8	0.000000E+0	0.000000E+0	1.964247E-4	2.976042E-9	0.000000E+0	0.000000E+0	1.999856E+1	0.000000E+0	8.000000E+0
21-Apr-25	02:51:24	-1.000000E-5	-1.900000E-4	5.180300E-1	-1.646800E-5	-2.160000E-7	-1.820000E-6	-2.000000E-8	0.000000E+0	0.000000E+0	1.964247E-4	2.976042E-9	0.000000E+0	0.000000E+0	1.999856E+1	0.000000E+0	8.000000E+0
21-Apr-25	02:51:24	-1.000000E-5	-1.900000E-4	5.193400E-1	-1.650000E-5	-9.400000E-8	-1.800000E-6	-2.000000E-8	0.000000E+0	0.000000E+0	1.964247E-4	2.976042E-9	0.000000E+0	0.000000E+0	1.999856E+1	0.000000E+0	8.000000E+0
21-Apr-25	02:51:25	-1.000000E-5	-1.900000E-4	5.206400E-1	-1.650600E-5	-9.200000E-8	-1.800000E-6	0.000000E+0	0.000000E+0	0.000000E+0	1.964247E-4	2.976042E-9	0.000000E+0	0.000000E+0	1.999856E+1	0.000000E+0	8.000000E+0
21-Apr-25	02:51:25	-1.000000E-5	-1.900000E-4	5.219450E-1	-1.647800E-5	-1.100000E-7	-1.820000E-6	-2.000000E-8	0.000000E+0	0.000000E+0	1.964247E-4	2.976042E-9	0.000000E+0	0.000000E+0	1.999856E+1	0.000000E+0	8.000000E+0
21-Apr-25	02:51:26	-1.000000E-5	-1.900000E-4	5.232400E-1	-1.654000E-5	-1.580000E-7	-1.820000E-6	0.000000E+0	0.000000E+0	0.000000E+0	1.964247E-4	2.976042E-9	0.000000E+0	0.000000E+0	1.999856E+1	0.000000E+0	8.000000E+0
21-Apr-25	02:51:26	-1.000000E-5	-1.900000E-4	5.248000E-1	-1.663200E-5	-1.540000E-7	-1.820000E-6	-4.000000E-8	0.000000E+0	0.000000E+0	1.964247E-4	2.976042E-9	0.000000E+0	0.000000E+0	1.999856E+1	0.000000E+0	8.000000E+0
21-Apr-25	02:51:27	-1.000000E-5	-1.900000E-4	5.259650E-1	-1.653400E-5	-1.340000E-7	-1.820000E-6	-2.000000E-8	0.000000E+0	0.000000E+0	1.964247E-4	2.976042E-9	0.000000E+0	0.000000E+0	1.999856E+1	0.000000E+0	8.000000E+0
21-Apr-25	02:51:27	-1.000000E-5	-1.900000E-4	5.272550E-1	-1.645800E-5	-1.340000E-7	-1.800000E-6	-2.000000E-8	0.000000E+0	0.000000E+0	1.964247E-4	2.976042E-9	0.000000E+0	0.000000E+0	1.999856E+1	0.000000E+0	8.000000E+0
21-Apr-25	02:51:28	-1.000000E-5	-1.900000E-4	5.285350E-1	-1.644800E-5	-4.000000E-8	-1.820000E-6	-2.000000E-8	0.000000E+0	0.000000E+0	1.964247E-4	2.976042E-9	0.000000E+0	0.000000E+0	1.999856E+1	0.000000E+0	8.000000E+0
21-Apr-25	02:51:28	-1.000000E-5	-1.900000E-4	5.298250E-1	-1.637800E-5	-9.200000E-8	-1.820000E-6	-6.000000E-8	0.000000E+0	0.000000E+0	1.964247E-4	2.976042E-9	0.000000E+0	0.000000E+0	1.999856E+1	0.000000E+0	8.000000E+0
21-Apr-25	02:51:29	-1.000000E-5	-1.900000E-4	5.311000E-1	-1.640600E-5	-6.400000E-8	-1.700000E-6	-4.000000E-8	0.000000E+0	0.000000E+0	1.964247E-4	2.976042E-9	0.000000E+0	0.000000E+0	1.999856E+1	0.000000E+0	8.000000E+0
21-Apr-25	02:51:29	-1.000000E-5	-1.900000E-4	5.323850E-1	-1.638800E-5	-3.400000E-8	-1.560000E-6	-2.000000E-8	0.000000E+0	0.000000E+0	1.964247E-4	2.976042E-9	0.000000E+0	0.000000E+0	1.999856E+1	0.000000E+0	8.000000E+0
21-Apr-25	02:51:30	-1.000000E-5	-1.900000E-4	5.336600E-1	-1.631800E-5	-5.200000E-8	-1.560000E-6	-2.000000E-8	0.000000E+0	0.000000E+0	1.964247E-4	2.976042E-9	0.000000E+0	0.000000E+0	1.999856E+1	0.000000E+0	8.000000E+0
21-Apr-25	02:51:30	-1.000000E-5	-1.900000E-4	5.350600E-1	-1.634600E-5	0.000000E+0	-1.540000E-6	-2.000000E-8	0.000000E+0	0.000000E+0	1.964247E-4	2.976042E-9	0.000000E+0	0.000000E+0	1.999856E+1	0.000000E+0	8.000000E+0
21-Apr-25	02:51:31	-1.000000E-5	-1.900000E-4	5.363300E-1	-1.633800E-5	-1.420000E-7	-1.540000E-6	-2.000000E-8	0.000000E+0	0.000000E+0	1.964247E-4	2.976042E-9	0.000000E+0	0.000000E+0	1.999856E+1	0.000000E+0	8.000000E+0
21-Apr-25	02:51:31	-1.000000E-5	-1.900000E-4	5.376000E-1	-1.645000E-5	-3.360000E-7	-1.540000E-6	-2.000000E-8	0.000000E+0	0.000000E+0	1.964247E-4	2.976042E-9	0.000000E+0	0.000000E+0	1.999856E+1	0.000000E+0	8.000000E+0
21-Apr-25	02:51:32	-1.000000E-5	-1.900000E-4	5.392450E-1	-1.647000E-5	-1.700000E-7	-1.540000E-6	0.000000E+0	0.000000E+0	0.000000E+0	1.964247E-4	2.976042E-9	0.000000E+0	0.000000E+0	1.999856E+1	0.000000E+0	8.000000E+0
21-Apr-25	02:51:33	-1.000000E-5	-1.900000E-4	5.405050E-1	-1.633400E-5	-8.200000E-8	-1.560000E-6	-2.000000E-8	0.000000E+0	0.000000E+0	1.964247E-4	2.976042E-9	0.000000E+0	0.000000E+0	1.999856E+1	0.000000E+0	8.000000E+0
21-Apr-25	02:51:33	-1.000000E-5	-1.900000E-4	5.417750E-1	-1.634200E-5	-1.700000E-7	-1.560000E-6	-2.000000E-8	0.000000E+0	0.000000E+0	1.964247E-4	2.976042E-9	0.000000E+0	0.000000E+0	1.999856E+1	0.000000E+0	8.000000E+0
21-Apr-25	02:51:34	-1.000000E-5	-1.900000E-4	5.431750E-1	-1.633800E-5	-1.380000E-7	-1.540000E-6	-2.000000E-8	0.000000E+0	0.000000E+0	1.964247E-4	2.976042E-9	0.000000E+0	0.000000E+0	1.999856E+1	0.000000E+0	8.000000E+0
21-Apr-25	02:51:34	-1.000000E-5	-1.900000E-4	5.445800E-1	-1.631400E-5	-1.740000E-7	-1.540000E-6	-2.000000E-8	0.000000E+0	0.000000E+0	1.964247E-4	2.976042E-9	0.000000E+0	0.000000E+0	1.999856E+1	0.000000E+0	8.000000E+0
21-Apr-25	02:51:35	-1.000000E-5	-1.900000E-4	5.458250E-1	-1.627400E-5	-1.540000E-7	-1.540000E-6	0.000000E+0	0.000000E+0	0.000000E+0	1.964247E-4	2.976042E-9	0.000000E+0	0.000000E+0	1.999856E+1	0.000000E+0	8.000000E+0
21-Apr-25	02:51:35	-1.000000E-5	-1.900000E-4	5.471950E-1	-1.624400E-5	-3.000000E-8	-1.540000E-6	-2.000000E-8	0.000000E+0	0.000000E+0	1.964247E-4	2.976042E-9	0.000000E+0	0.000000E+0	1.999856E+1	0.000000E+0	8.000000E+0
21-Apr-25	02:51:36	-1.000000E-5	-1.900000E-4	5.484450E-1	-1.617200E-5	-7.400000E-8	-1.540000E-6	-2.000000E-8	0.000000E+0	0.000000E+0	1.964247E-4	2.976042E-9	0.000000E+0	0.000000E+0	1.999856E+1	0.000000E+0	8.000000E+0
21-Apr-25	02:51:36	-1.000000E-5	-1.900000E-4	5.496900E-1	-1.617400E-5	-9.000000E-8	-1.540000E-6	-2.000000E-8	0.000000E+0	0.000000E+0	1.964247E-4	2.976042E-9	0.000000E+0	0.000000E+0	1.999856E+1	0.000000E+0	8.000000E+0
21-Apr-25	02:51:37	-1.000000E-5	-1.900000E-4	5.514300E-1	-1.624400E-5	-2.180000E-7	-1.540000E-6	-2.000000E-8	0.000000E+0	0.000000E+0	1.964247E-4	2.976042E-9	0.000000E+0	0.000000E+0	1.999856E+1	0.000000E+0	8.000000E+0
21-Apr-25	02:51:38	-1.000000E-5	-1.900000E-4	5.534450E-1	-1.612200E-5	-2.160000E-7	-1.560000E-6	-2.000000E-8	0.000000E+0	0.000000E+0	1.964247E-4	2.976042E-9	0.000000E+0	0.000000E+0	1.999856E+1	0.000000E+0	8.000000E+0
21-Apr-25	02:51:38	-1.000000E-5	-1.900000E-4	5.548000E-1	-1.628200E-5	-1.100000E-7	-1.540000E-6	-2.000000E-8	0.000000E+0	0.000000E+0	1.964247E-4	2.976042E-9	0.000000E+0	0.000000E+0	1.999856E+1	0.000000E+0	8.000000E+0
21-Apr-25	02:51:39	-1.000000E-5	-1.900000E-4	5.560300E-1	-1.610600E-5	-7.400000E-8	-1.540000E-6	-2.000000E-8	0.000000E+0	0.000000E+0	1.964247E-4	2.976042E-9	0.000000E+0	0.000000E+0	1.999856E+1	0.000000E+0	8.000000E+0
21-Apr-25	02:51:39	-1.000000E-5	-1.900000E-4	5.572600E-1	-1.618400E-5	-9.400000E-8	-1.540000E-6	-2.000000E-8	0.000000E+0	0.000000E+0	1.964247E-4	2.976042E-9	0.000000E+0	0.000000E+0	1.999856E+1	0.000000E+0	8.000000E+0
21-Apr-25	02:51:40	-1.000000E-5	-1.900000E-4	5.591150E-1	-1.613400E-5	-1.960000E-7	-1.540000E-6	0.000000E+0	0.000000E+0	0.000000E+0	1.964247E-4	2.976042E-9	0.000000E+0	0.000000E+0	1.999856E+1	0.000000E+0	8.000000E+0
21-Apr-25	02:51:41	-1.000000E-5	-1.900000E-4	5.606050E-1	-1.620600E-5	-1.880000E-7	-1.540000E-6	-2.000000E-8	0.000000E+0	0.000000E+0	1.964247E-4	2.976042E-9	0.000000E+0	0.000000E+0	1.999856E+1	0.000000E+0	8.000000E+0
21-Apr-25	02:51:41	-1.000000E-5	-1.900000E-4	5.618250E-1	-1.629000E-5	-1.460000E-7	-1.540000E-6	-2.000000E-8	0.000000E+0	0.000000E+0	1.964247E-4	2.976042E-9	0.000000E+0	0.000000E+0	1.999856E+1	0.000000E+0	8.000000E+0
21-Apr-25	02:51:42	-1.000000E-5	-1.900000E-4	5.630350E-1	-1.637000E-5	-5.800000E-8	-1.540000E-6	-2.000000E-8	0.000000E+0	0.000000E+0	1.964247E-4	2.976042E-9	0.000000E+0	0.000000E+0	1.999856E+1	0.000000E+0	8.000000E+0
21-Apr-25	02:51:42	-1.000000E-5	-1.900000E-4	5.642300E-1	-1.620800E-5	-8.800000E-8	-1.540000E-6	-2.000000E-8	0.000000E+0	0.000000E+0	1.964247E-4	2.976042E-9	0.000000E+0	0.000000E+0	1.999856E+1	0.000000E+0	8.000000E+0
21-Apr-25	02:51:43	-1.000000E-5	-1.900000E-4	5.655850E-1	-1.627000E-5	-9.000000E-8	-1.540000E-6	-2.000000E-8	0.000000E+0	0.000000E+0	1.964247E-4	2.976042E-9	0.000000E+0	0.000000E+0	1.999856E+1	0.000000E+0	8.000000E+0
21-Apr-25	02:51:43	-1.000000E-5	-1.900000E-4	5.667900E-1	-1.614200E-5	-1.000000E-7	-1.540000E-6	-2.000000E-8	0.000000E+0	0.000000E+0	1.964247E-4	2.976042E-9	0.000000E+0	0.000000E+0	1.999856E+1	0.000000E+0	8.000000E+0
21-Apr-25	02:51:44	-1.000000E-5	-1.900000E-4	5.680000E-1	-1.610400E-5	-1.280000E-7	-1.560000E-6	-2.000000E-8	0.000000E+0	0.000000E+0	1.964247E-4	2.976042E-9	0.000000E+0	0.000000E+0	1.999856E+1	0.000000E+0	8.000000E+0
21-Apr-25	02:51:44	-1.000000E-5	-1.900000E-4	5.691800E-1	-1.604000E-5	-1.020000E-7	-1.560000E-6	-2.000000E-8	0.000000E+0	0.000000E+0	1.964247E-4	2.976042E-9	0.000000E+0	0.000000E+0	1.999856E+1	0.000000E+0	8.000000E+0
21-Apr-25	02:51:45	-1.000000E-5	-1.900000E-4	5.710000E-1	-1.609800E-5	-8.800000E-8	-1.540000E-6	-2.000000E-8	0.000000E+0	0.000000E+0	1.964247E-4	2.976042E-9	0.000000E+0	0.000000E+0	1.999856E+1	0.000000E+0	8.000000E+0
21-Apr-25	02:51:45	-1.000000E-5	-1.900000E-4	5.723150E-1	-1.597200E-5	-1.020000E-7	-1.520000E-6	-4.000000E-8	0.000000E+0	0.000000E+0	1.964247E-4	2.976042E-9	0.000000E+0	0.000000E+0	1.999856E+1	0.000000E+0	8.000000E+0
21-Apr-25	02:51:46	-1.000000E-5	-1.900000E-4	5.735100E-1	-1.586600E-5	-1.220000E-7	-1.540000E-6	-4.000000E-8	0.000000E+0	0.000000E+0	1.964247E-4	2.976042E-9	0.000000E+0	0.000000E+0	1.999856E+1	0.000000E+0	8.000000E+0
21-Apr-25	02:51:47	-1.000000E-5	-1.900000E-4	5.747050E-1	-1.583400E-5	-1.520000E-7	-1.560000E-6	-2.000000E-8	0.000000E+0	0.000000E+0	1.964247E-4	2.976042E-9	0.000000E+0	0.000000E+0	1.999856E+1	0.000000E+0	8.000000E+0
21-Apr-25	02:51:47	-1.000000E-5	-1.900000E-4	5.760150E-1	-1.570800E-5	-1.460000E-7	-1.580000E-6	-2.000000E-8	0.000000E+0	0.000000E+0	1.964247E-4	2.976042E-9	0.000000E+0	0.000000E+0	1.999856E+1	0.000000E+0	8.000000E+0
21-Apr-25	02:51:48	-1.000000E-5	-1.900000E-4	5.771950E-1	-1.586800E-5	-1.780000E-7	-1.580000E-6	-2.000000E-8	0.000000E+0	0.000000E+0	1.964247E-4	2.976042E-9	0.000000E+0	0.000000E+0	1.999856E+1	0.000000E+0	8.000000E+0
21-Apr-25	02:51:48	-1.000000E-5	-1.900000E-4	5.783800E-1	-1.583600E-5	-1.420000E-7	-1.580000E-6	0.000000E+0	0.000000E+0	0.000000E+0	1.964247E-4	2.976042E-9	0.000000E+0	0.000000E+0	1.999856E+1	0.000000E+0	8.000000E+0
21-Apr-25	02:51:49	-1.000000E-5	-1.900000E-4	5.799150E-1	-1.581000E-5	-1.220000E-7	-1.580000E-6	-2.000000E-8	0.000000E+0	0.000000E+0	1.964247E-4	2.976042E-9	0.000000E+0	0.000000E+0	1.999856E+1	0.000000E+0	8.000000E+0
21-Apr-25	02:51:49	-1.000000E-5	-1.900000E-4	5.810900E-1	-1.584800E-5	-1.060000E-7	-1.600000E-6	-2.000000E-8	0.000000E+0	0.000000E+0	1.964247E-4	2.976042E-9	0.000000E+0	0.000000E+0	1.999856E+1	0.000000E+0	8.000000E+0
21-Apr-25	02:51:50	-1.000000E-5	-1.900000E-4	5.821550E-1	-1.579600E-5	-1.040000E-7	-1.600000E-6	-2.000000E-8	0.000000E+0	0.000000E+0	1.964247E-4	2.976042E-9	0.000000E+0	0.000000E+0	1.999856E+1	0.000000E+0	8.000000E+0
21-Apr-25	02:51:50	-1.000000E-5	-1.900000E-4	5.833300E-1	-1.569400E-5	-1.420000E-7	-1.600000E-6	-2.000000E-8	0.000000E+0	0.000000E+0	1.964247E-4	2.976042E-9	0.000000E+0	0.000000E+0	1.999856E+1	0.000000E+0	8.000000E+0
21-Apr-25	02:51:51	-1.000000E-5	-1.900000E-4	5.849700E-1	-1.582800E-5	-1.720000E-7	-1.580000E-6	0.000000E+0	0.000000E+0	0.000000E+0	1.964247E-4	2.976042E-9	0.000000E+0	0.000000E+0	1.999856E+1	0.000000E+0	8.000000E+0
21-Apr-25	02:51:51	-1.000000E-5	-1.900000E-4	5.861600E-1	-1.582000E-5	-5.800000E-8	-1.580000E-6	-2.000000E-8	0.000000E+0	0.000000E+0	1.964247E-4	2.976042E-9	0.000000E+0	0.000000E+0	1.999856E+1	0.000000E+0	8.000000E+0
21-Apr-25	02:51:52	-1.000000E-5	-1.900000E-4	5.873000E-1	-1.576800E-5	-1.360000E-7	-1.580000E-6	-2.000000E-8	0.000000E+0	0.000000E+0	1.964247E-4	2.976042E-9	0.000000E+0	0.000000E+0	1.999856E+1	0.000000E+0	8.000000E+0
21-Apr-25	02:51:52	-1.000000E-5	-1.900000E-4	5.884600E-1	-1.577800E-5	-8.200000E-8	-1.600000E-6	-2.000000E-8	0.000000E+0	0.000000E+0	1.964247E-4	2.976042E-9	0.000000E+0	0.000000E+0	1.999856E+1	0.000000E+0	8.000000E+0
21-Apr-25	02:51:53	-1.000000E-5	-1.900000E-4	5.896600E-1	-1.582200E-5	-1.560000E-7	-1.600000E-6	-2.000000E-8	0.000000E+0	0.000000E+0	1.964247E-4	2.976042E-9	0.000000E+0	0.000000E+0	1.999856E+1	0.000000E+0	8.000000E+0
21-Apr-25	02:51:53	-1.000000E-5	-1.900000E-4	5.908000E-1	-1.574600E-5	-1.620000E-7	-1.620000E-6	0.000000E+0	0.000000E+0	0.000000E+0	1.964247E-4	2.976042E-9	0.000000E+0	0.000000E+0	1.999856E+1	0.000000E+0	8.000000E+0
21-Apr-25	02:51:54	-1.000000E-5	-1.900000E-4	5.919350E-1	-1.576000E-5	-2.100000E-7	-1.600000E-6	0.000000E+0	0.000000E+0	0.000000E+0	1.964247E-4	2.976042E-9	0.000000E+0	0.000000E+0	1.999856E+1	0.000000E+0	8.000000E+0
21-Apr-25	02:51:54	-1.000000E-5	-1.900000E-4	5.932400E-1	-1.580600E-5	-2.740000E-7	-1.600000E-6	-2.000000E-8	0.000000E+0	0.000000E+0	1.964247E-4	2.976042E-9	0.000000E+0	0.000000E+0	1.999856E+1	0.000000E+0	8.000000E+0
21-Apr-25	02:51:55	-1.000000E-5	-1.900000E-4	5.943900E-1	-1.585800E-5	-1.860000E-7	-1.620000E-6	-2.000000E-8	0.000000E+0	0.000000E+0	1.964247E-4	2.976042E-9	0.000000E+0	0.000000E+0	1.999856E+1	0.000000E+0	8.000000E+0
21-Apr-25	02:51:55	-1.000000E-5	-1.900000E-4	5.955400E-1	-1.575400E-5	-1.120000E-7	-1.620000E-6	-2.000000E-8	0.000000E+0	0.000000E+0	1.964247E-4	2.976042E-9	0.000000E+0	0.000000E+0	1.999856E+1	0.000000E+0	8.000000E+0
21-Apr-25	02:51:56	-1.000000E-5	-1.900000E-4	5.966850E-1	-1.573000E-5	-7.200000E-8	-1.580000E-6	0.000000E+0	0.000000E+0	0.000000E+0	1.964247E-4	2.976042E-9	0.000000E+0	0.000000E+0	1.999856E+1	0.000000E+0	8.000000E+0
21-Apr-25	02:51:56	-1.000000E-5	-1.900000E-4	5.978300E-1	-1.569400E-5	-5.000000E-8	-1.560000E-6	-2.000000E-8	0.000000E+0	0.000000E+0	1.964247E-4	2.976042E-9	0.000000E+0	0.000000E+0	1.999856E+1	0.000000E+0	8.000000E+0
21-Apr-25	02:51:57	-1.000000E-5	-1.900000E-4	5.988600E-1	-1.556000E-5	-4.000000E-8	-1.560000E-6	-2.000000E-8	0.000000E+0	0.000000E+0	1.964247E-4	2.976042E-9	0.000000E+0	0.000000E+0	1.999856E+1	0.000000E+0	8.000000E+0
21-Apr-25	02:51:57	-1.000000E-5	-1.900000E-4	5.999950E-1	-1.567000E-5	-1.380000E-7	-1.540000E-6	0.000000E+0	0.000000E+0	0.000000E+0	1.964247E-4	2.976042E-9	0.000000E+0	0.000000E+0	1.999856E+1	0.000000E+0	8.000000E+0
21-Apr-25	02:51:58	-1.000000E-5	-1.900000E-4	6.011350E-1	-1.564600E-5	-4.000000E-9	-1.540000E-6	-2.000000E-8	0.000000E+0	0.000000E+0	1.964247E-4	2.976042E-9	0.000000E+0	0.000000E+0	1.999856E+1	0.000000E+0	8.000000E+0
21-Apr-25	02:51:58	-1.000000E-5	-1.900000E-4	6.022650E-1	-1.574200E-5	-6.800000E-8	-1.540000E-6	-2.000000E-8	0.000000E+0	0.000000E+0	1.964247E-4	2.976042E-9	0.000000E+0	0.000000E+0	1.999856E+1	0.000000E+0	8.000000E+0
21-Apr-25	02:51:59	-1.000000E-5	-1.900000E-4	6.033950E-1	-1.558200E-5	-1.140000E-7	-1.580000E-6	-2.000000E-8	0.000000E+0	0.000000E+0	1.964247E-4	2.976042E-9	0.000000E+0	0.000000E+0	1.999856E+1	0.000000E+0	8.000000E+0
21-Apr-25	02:51:59	-1.000000E-5	-1.900000E-4	6.045250E-1	-1.550000E-5	-1.020000E-7	-1.620000E-6	0.000000E+0	0.000000E+0	0.000000E+0	1.964247E-4	2.976042E-9	0.000000E+0	0.000000E+0	1.999856E+1	0.000000E+0	8.000000E+0
21-Apr-25	02:52:00	-1.000000E-5	-1.900000E-4	6.056550E-1	-1.526600E-5	-2.280000E-7	-1.800000E-6	-2.000000E-8	0.000000E+0	0.000000E+0	1.964247E-4	2.976042E-9	0.000000E+0	0.000000E+0	1.999856E+1	0.000000E+0	8.000000E+0
21-Apr-25	02:52:00	-1.000000E-5	-1.900000E-4	6.067800E-1	-1.515800E-5	-1.820000E-7	-1.820000E-6	-2.000000E-8	0.000000E+0	0.000000E+0	1.964247E-4	2.976042E-9	0.000000E+0	0.000000E+0	1.999856E+1	0.000000E+0	8.000000E+0
21-Apr-25	02:52:01	-1.000000E-5	-1.900000E-4	6.079050E-1	-1.508400E-5	-1.440000E-7	-1.840000E-6	-2.000000E-8	0.000000E+0	0.000000E+0	1.964247E-4	2.976042E-9	0.000000E+0	0.000000E+0	1.999856E+1	0.000000E+0	8.000000E+0
21-Apr-25	02:52:01	-1.000000E-5	-1.900000E-4	6.090250E-1	-1.516600E-5	-1.180000E-7	-1.840000E-6	-4.000000E-8	0.000000E+0	0.000000E+0	1.964247E-4	2.976042E-9	0.000000E+0	0.000000E+0	1.999856E+1	0.000000E+0	8.000000E+0
21-Apr-25	02:52:02	-1.000000E-5	-1.900000E-4	6.101350E-1	-1.523200E-5	-9.800000E-8	-1.820000E-6	-2.000000E-8	0.000000E+0	0.000000E+0	1.964247E-4	2.976042E-9	0.000000E+0	0.000000E+0	1.999856E+1	0.000000E+0	8.000000E+0
21-Apr-25	02:52:03	-1.000000E-5	-1.900000E-4	6.116950E-1	-1.501000E-5	-1.700000E-7	-1.840000E-6	-2.000000E-8	0.000000E+0	0.000000E+0	1.964247E-4	2.976042E-9	0.000000E+0	0.000000E+0	1.999856E+1	0.000000E+0	8.000000E+0
21-Apr-25	02:52:03	-1.000000E-5	-1.900000E-4	6.131550E-1	-1.511600E-5	-2.000000E-7	-1.840000E-6	-2.000000E-8	0.000000E+0	0.000000E+0	1.964247E-4	2.976042E-9	0.000000E+0	0.000000E+0	1.999856E+1	0.000000E+0	8.000000E+0
21-Apr-25	02:52:04	-1.000000E-5	-1.900000E-4	6.142700E-1	-1.516600E-5	-1.880000E-7	-1.820000E-6	-4.000000E-8	0.000000E+0	0.000000E+0	1.964247E-4	2.976042E-9	0.000000E+0	0.000000E+0	1.999856E+1	0.000000E+0	8.000000E+0
21-Apr-25	02:52:04	-1.000000E-5	-1.900000E-4	6.153800E-1	-1.509800E-5	-1.760000E-7	-1.820000E-6	-4.000000E-8	0.000000E+0	0.000000E+0	1.964247E-4	2.976042E-9	0.000000E+0	0.000000E+0	1.999856E+1	0.000000E+0	8.000000E+0
21-Apr-25	02:52:05	-1.000000E-5	-1.900000E-4	6.166100E-1	-1.500800E-5	-7.000000E-8	-1.820000E-6	-2.000000E-8	0.000000E+0	0.000000E+0	1.964247E-4	2.976042E-9	0.000000E+0	0.000000E+0	1.999856E+1	0.000000E+0	8.000000E+0
21-Apr-25	02:52:05	-1.000000E-5	-1.900000E-4	6.177150E-1	-1.507200E-5	-1.440000E-7	-1.820000E-6	-2.000000E-8	0.000000E+0	0.000000E+0	1.964247E-4	2.976042E-9	0.000000E+0	0.000000E+0	1.999856E+1	0.000000E+0	8.000000E+0
21-Apr-25	02:52:06	-1.000000E-5	-1.900000E-4	6.188100E-1	-1.511800E-5	-1.380000E-7	-1.820000E-6	-2.000000E-8	0.000000E+0	0.000000E+0	1.964247E-4	2.976042E-9	0.000000E+0	0.000000E+0	1.999856E+1	0.000000E+0	8.000000E+0
21-Apr-25	02:52:06	-1.000000E-5	-1.900000E-4	6.199100E-1	-1.503600E-5	-1.540000E-7	-1.800000E-6	-2.000000E-8	0.000000E+0	0.000000E+0	1.964247E-4	2.976042E-9	0.000000E+0	0.000000E+0	1.999856E+1	0.000000E+0	8.000000E+0
21-Apr-25	02:52:07	-1.000000E-5	-1.900000E-4	6.210050E-1	-1.510400E-5	-1.940000E-7	-1.820000E-6	-2.000000E-8	0.000000E+0	0.000000E+0	1.964247E-4	2.976042E-9	0.000000E+0	0.000000E+0	1.999856E+1	0.000000E+0	8.000000E+0
21-Apr-25	02:52:07	-1.000000E-5	-1.900000E-4	6.221000E-1	-1.512400E-5	-1.380000E-7	-1.800000E-6	0.000000E+0	0.000000E+0	0.000000E+0	1.964247E-4	2.976042E-9	0.000000E+0	0.000000E+0	1.999856E+1	0.000000E+0	8.000000E+0
21-Apr-25	02:52:08	-1.000000E-5	-1.900000E-4	6.231950E-1	-1.508000E-5	-1.300000E-7	-1.820000E-6	0.000000E+0	0.000000E+0	0.000000E+0	1.964247E-4	2.976042E-9	0.000000E+0	0.000000E+0	1.999856E+1	0.000000E+0	8.000000E+0
21-Apr-25	02:52:08	-1.000000E-5	-1.900000E-4	6.242800E-1	-1.508400E-5	-1.000000E-7	-1.820000E-6	0.000000E+0	0.000000E+0	0.000000E+0	1.964247E-4	2.976042E-9	0.000000E+0	0.000000E+0	1.999856E+1	0.000000E+0	8.000000E+0
21-Apr-25	02:52:09	-1.000000E-5	-1.900000E-4	6.253650E-1	-1.505000E-5	-7.600000E-8	-1.820000E-6	0.000000E+0	0.000000E+0	0.000000E+0	1.964247E-4	2.976042E-9	0.000000E+0	0.000000E+0	1.999856E+1	0.000000E+0	8.000000E+0
21-Apr-25	02:52:09	-1.000000E-5	-1.900000E-4	6.264450E-1	-1.503200E-5	-6.400000E-8	-1.800000E-6	-2.000000E-8	0.000000E+0	0.000000E+0	1.964247E-4	2.976042E-9	0.000000E+0	0.000000E+0	1.999856E+1	0.000000E+0	8.000000E+0
21-Apr-25	02:52:10	-1.000000E-5	-1.900000E-4	6.279600E-1	-1.503000E-5	-4.000000E-9	-1.820000E-6	-2.000000E-8	0.000000E+0	0.000000E+0	1.964247E-4	2.976042E-9	0.000000E+0	0.000000E+0	1.999856E+1	0.000000E+0	8.000000E+0
21-Apr-25	02:52:10	-1.000000E-5	-1.900000E-4	6.290350E-1	-1.505400E-5	1.800000E-8	-1.820000E-6	-2.000000E-8	0.000000E+0	0.000000E+0	1.964247E-4	2.976042E-9	0.000000E+0	0.000000E+0	1.999856E+1	0.000000E+0	8.000000E+0
21-Apr-25	02:52:11	-1.000000E-5	-1.900000E-4	6.300050E-1	-1.504600E-5	-1.780000E-7	-1.800000E-6	-2.000000E-8	0.000000E+0	0.000000E+0	1.964247E-4	2.976042E-9	0.000000E+0	0.000000E+0	1.999856E+1	0.000000E+0	8.000000E+0
21-Apr-25	02:52:11	-1.000000E-5	-1.900000E-4	6.310800E-1	-1.509200E-5	-1.540000E-7	-1.800000E-6	0.000000E+0	0.000000E+0	0.000000E+0	1.964247E-4	2.976042E-9	0.000000E+0	0.000000E+0	1.999856E+1	0.000000E+0	8.000000E+0
21-Apr-25	02:52:12	-1.000000E-5	-1.900000E-4	6.321500E-1	-1.498400E-5	-1.420000E-7	-1.800000E-6	-2.000000E-8	0.000000E+0	0.000000E+0	1.964247E-4	2.976042E-9	0.000000E+0	0.000000E+0	1.999856E+1	0.000000E+0	8.000000E+0
21-Apr-25	02:52:12	-1.000000E-5	-1.900000E-4	6.332200E-1	-1.503000E-5	-1.760000E-7	-1.820000E-6	-2.000000E-8	0.000000E+0	0.000000E+0	1.964247E-4	2.976042E-9	0.000000E+0	0.000000E+0	1.999856E+1	0.000000E+0	8.000000E+0
21-Apr-25	02:52:13	-1.000000E-5	-1.900000E-4	6.342900E-1	-1.498600E-5	-1.320000E-7	-1.820000E-6	-2.000000E-8	0.000000E+0	0.000000E+0	1.964247E-4	2.976042E-9	0.000000E+0	0.000000E+0	1.999856E+1	0.000000E+0	8.000000E+0
21-Apr-25	02:52:14	-1.000000E-5	-1.900000E-4	6.355000E-1	-1.511000E-5	-9.600000E-8	-1.820000E-6	-2.000000E-8	0.000000E+0	0.000000E+0	1.964247E-4	2.976042E-9	0.000000E+0	0.000000E+0	1.999856E+1	0.000000E+0	8.000000E+0
21-Apr-25	02:52:14	-1.000000E-5	-1.900000E-4	6.365400E-1	-1.512600E-5	-1.660000E-7	-1.820000E-6	-2.000000E-8	0.000000E+0	0.000000E+0	1.964247E-4	2.976042E-9	0.000000E+0	0.000000E+0	1.999856E+1	0.000000E+0	8.000000E+0
21-Apr-25	02:52:15	-1.000000E-5	-1.900000E-4	6.376200E-1	-1.506800E-5	-1.700000E-7	-1.820000E-6	0.000000E+0	0.000000E+0	0.000000E+0	1.964247E-4	2.976042E-9	0.000000E+0	0.000000E+0	1.999856E+1	0.000000E+0	8.000000E+0
21-Apr-25	02:52:15	-1.000000E-5	-1.900000E-4	6.386750E-1	-1.507400E-5	-4.400000E-8	-1.840000E-6	-2.000000E-8	0.000000E+0	0.000000E+0	1.964247E-4	2.976042E-9	0.000000E+0	0.000000E+0	1.999856E+1	0.000000E+0	8.000000E+0
21-Apr-25	02:52:15	-1.000000E-5	-1.900000E-4	6.396300E-1	-1.504400E-5	-9.800000E-8	-1.860000E-6	-4.000000E-8	0.000000E+0	0.000000E+0	1.964247E-4	2.976042E-9	0.000000E+0	0.000000E+0	1.999856E+1	0.000000E+0	8.000000E+0
21-Apr-25	02:52:16	-1.000000E-5	-1.900000E-4	6.406800E-1	-1.495200E-5	-2.180000E-7	-1.840000E-6	-4.000000E-8	0.000000E+0	0.000000E+0	1.964247E-4	2.976042E-9	0.000000E+0	0.000000E+0	1.999856E+1	0.000000E+0	8.000000E+0
21-Apr-25	02:52:16	-1.000000E-5	-1.900000E-4	6.417300E-1	-1.497400E-5	-1.340000E-7	-1.800000E-6	-2.000000E-8	0.000000E+0	0.000000E+0	1.964247E-4	2.976042E-9	0.000000E+0	0.000000E+0	1.999856E+1	0.000000E+0	8.000000E+0
21-Apr-25	02:52:17	-1.000000E-5	-1.900000E-4	6.427800E-1	-1.484000E-5	-1.320000E-7	-1.740000E-6	-4.000000E-8	0.000000E+0	0.000000E+0	1.964247E-4	2.976042E-9	0.000000E+0	0.000000E+0	1.999856E+1	0.000000E+0	8.000000E+0
21-Apr-25	02:52:18	-1.000000E-5	-1.900000E-4	6.439350E-1	-1.483000E-5	2.200000E-8	-1.720000E-6	-2.000000E-8	0.000000E+0	0.000000E+0	1.964247E-4	2.976042E-9	0.000000E+0	0.000000E+0	1.999856E+1	0.000000E+0	8.000000E+0
21-Apr-25	02:52:18	-1.000000E-5	-1.900000E-4	6.449800E-1	-1.484000E-5	-3.200000E-8	-1.720000E-6	0.000000E+0	0.000000E+0	0.000000E+0	1.964247E-4	2.976042E-9	0.000000E+0	0.000000E+0	1.999856E+1	0.000000E+0	8.000000E+0
21-Apr-25	02:52:19	-1.000000E-5	-1.900000E-4	6.460200E-1	-1.485000E-5	-1.060000E-7	-1.680000E-6	-2.000000E-8	0.000000E+0	0.000000E+0	1.964247E-4	2.976042E-9	0.000000E+0	0.000000E+0	1.999856E+1	0.000000E+0	8.000000E+0
21-Apr-25	02:52:19	-1.000000E-5	-1.900000E-4	6.470600E-1	-1.490600E-5	-2.320000E-7	-1.640000E-6	-4.000000E-8	0.000000E+0	0.000000E+0	1.964247E-4	2.976042E-9	0.000000E+0	0.000000E+0	1.999856E+1	0.000000E+0	8.000000E+0
21-Apr-25	02:52:20	-1.000000E-5	-1.900000E-4	6.480650E-1	-1.494800E-5	-1.340000E-7	-1.600000E-6	-2.000000E-8	0.000000E+0	0.000000E+0	1.964247E-4	2.976042E-9	0.000000E+0	0.000000E+0	1.999856E+1	0.000000E+0	8.000000E+0
21-Apr-25	02:52:20	-1.000000E-5	-1.900000E-4	6.493400E-1	-1.491200E-5	-5.200000E-8	-1.620000E-6	-2.000000E-8	0.000000E+0	0.000000E+0	1.964247E-4	2.976042E-9	0.000000E+0	0.000000E+0	1.999856E+1	0.000000E+0	8.000000E+0
21-Apr-25	02:52:21	-1.000000E-5	-1.900000E-4	6.503750E-1	-1.498600E-5	-1.080000E-7	-1.540000E-6	0.000000E+0	0.000000E+0	0.000000E+0	1.964247E-4	2.976042E-9	0.000000E+0	0.000000E+0	1.999856E+1	0.000000E+0	8.000000E+0
21-Apr-25	02:52:21	-1.000000E-5	-1.900000E-4	6.513900E-1	-1.507400E-5	-1.340000E-7	-1.520000E-6	-2.000000E-8	0.000000E+0	0.000000E+0	1.964247E-4	2.976042E-9	0.000000E+0	0.000000E+0	1.999856E+1	0.000000E+0	8.000000E+0
21-Apr-25	02:52:22	-1.000000E-5	-1.900000E-4	6.528500E-1	-1.509000E-5	-7.600000E-8	-1.520000E-6	-2.000000E-8	0.000000E+0	0.000000E+0	1.964247E-4	2.976042E-9	0.000000E+0	0.000000E+0	1.999856E+1	0.000000E+0	8.000000E+0
21-Apr-25	02:52:23	-1.000000E-5	-1.900000E-4	6.542850E-1	-1.500200E-5	-8.800000E-8	-1.520000E-6	-2.000000E-8	0.000000E+0	0.000000E+0	1.964247E-4	2.976042E-9	0.000000E+0	0.000000E+0	1.999856E+1	0.000000E+0	8.000000E+0
21-Apr-25	02:52:23	-1.000000E-5	-1.900000E-4	6.553100E-1	-1.507400E-5	-1.280000E-7	-1.500000E-6	-2.000000E-8	0.000000E+0	0.000000E+0	1.964247E-4	2.976042E-9	0.000000E+0	0.000000E+0	1.999856E+1	0.000000E+0	8.000000E+0
21-Apr-25	02:52:23	-1.000000E-5	-1.900000E-4	6.562300E-1	-1.516000E-5	-1.340000E-7	-1.500000E-6	-2.000000E-8	0.000000E+0	0.000000E+0	1.964247E-4	2.976042E-9	0.000000E+0	0.000000E+0	1.999856E+1	0.000000E+0	8.000000E+0
21-Apr-25	02:52:24	-1.000000E-5	-1.900000E-4	6.572450E-1	-1.514400E-5	-1.960000E-7	-1.520000E-6	-2.000000E-8	0.000000E+0	0.000000E+0	1.964247E-4	2.976042E-9	0.000000E+0	0.000000E+0	1.999856E+1	0.000000E+0	8.000000E+0
21-Apr-25	02:52:24	-1.000000E-5	-1.900000E-4	6.582650E-1	-1.502400E-5	-1.640000E-7	-1.500000E-6	-2.000000E-8	0.000000E+0	0.000000E+0	1.964247E-4	2.976042E-9	0.000000E+0	0.000000E+0	1.999856E+1	0.000000E+0	8.000000E+0
21-Apr-25	02:52:25	-1.000000E-5	-1.900000E-4	6.592750E-1	-1.507200E-5	-1.780000E-7	-1.500000E-6	-2.000000E-8	0.000000E+0	0.000000E+0	1.964247E-4	2.976042E-9	0.000000E+0	0.000000E+0	1.999856E+1	0.000000E+0	8.000000E+0
21-Apr-25	02:52:25	-1.000000E-5	-1.900000E-4	6.602950E-1	-1.500200E-5	-9.000000E-8	-1.500000E-6	-2.000000E-8	0.000000E+0	0.000000E+0	1.964247E-4	2.976042E-9	0.000000E+0	0.000000E+0	1.999856E+1	0.000000E+0	8.000000E+0
21-Apr-25	02:52:26	-1.000000E-5	-1.900000E-4	6.612000E-1	-1.498400E-5	-1.820000E-7	-1.500000E-6	0.000000E+0	0.000000E+0	0.000000E+0	1.964247E-4	2.976042E-9	0.000000E+0	0.000000E+0	1.999856E+1	0.000000E+0	8.000000E+0
21-Apr-25	02:52:27	-1.000000E-5	-1.900000E-4	6.625300E-1	-1.509000E-5	-2.140000E-7	-1.520000E-6	0.000000E+0	0.000000E+0	0.000000E+0	1.964247E-4	2.976042E-9	0.000000E+0	0.000000E+0	1.999856E+1	0.000000E+0	8.000000E+0
21-Apr-25	02:52:27	-1.000000E-5	-1.900000E-4	6.635500E-1	-1.495200E-5	-2.240000E-7	-1.500000E-6	0.000000E+0	0.000000E+0	0.000000E+0	1.964247E-4	2.976042E-9	0.000000E+0	0.000000E+0	1.999856E+1	0.000000E+0	8.000000E+0
21-Apr-25	02:52:28	-1.000000E-5	-1.900000E-4	6.644550E-1	-1.497800E-5	-1.680000E-7	-1.480000E-6	-2.000000E-8	0.000000E+0	0.000000E+0	1.964247E-4	2.976042E-9	0.000000E+0	0.000000E+0	1.999856E+1	0.000000E+0	8.000000E+0
21-Apr-25	02:52:28	-1.000000E-5	-1.900000E-4	6.656600E-1	-1.501800E-5	5.400000E-8	-1.520000E-6	0.000000E+0	0.000000E+0	0.000000E+0	1.964247E-4	2.976042E-9	0.000000E+0	0.000000E+0	1.999856E+1	0.000000E+0	8.000000E+0
21-Apr-25	02:52:29	-1.000000E-5	-1.900000E-4	6.666600E-1	-1.502200E-5	-2.400000E-8	-1.520000E-6	0.000000E+0	0.000000E+0	0.000000E+0	1.964247E-4	2.976042E-9	0.000000E+0	0.000000E+0	1.999856E+1	0.000000E+0	8.000000E+0
21-Apr-25	02:52:29	-1.000000E-5	-1.900000E-4	6.676500E-1	-1.499200E-5	-1.260000E-7	-1.520000E-6	0.000000E+0	0.000000E+0	0.000000E+0	1.964247E-4	2.976042E-9	0.000000E+0	0.000000E+0	1.999856E+1	0.000000E+0	8.000000E+0
21-Apr-25	02:52:30	-1.000000E-5	-1.900000E-4	6.686500E-1	-1.497600E-5	-2.380000E-7	-1.520000E-6	0.000000E+0	0.000000E+0	0.000000E+0	1.964247E-4	2.976042E-9	0.000000E+0	0.000000E+0	1.999856E+1	0.000000E+0	8.000000E+0
21-Apr-25	02:52:30	-1.000000E-5	-1.900000E-4	6.696400E-1	-1.494400E-5	-1.340000E-7	-1.520000E-6	-2.000000E-8	0.000000E+0	0.000000E+0	1.964247E-4	2.976042E-9	0.000000E+0	0.000000E+0	1.999856E+1	0.000000E+0	8.000000E+0
21-Apr-25	02:52:31	-1.000000E-5	-1.900000E-4	6.709300E-1	-1.501200E-5	-1.740000E-7	-1.540000E-6	-2.000000E-8	0.000000E+0	0.000000E+0	1.964247E-4	2.976042E-9	0.000000E+0	0.000000E+0	1.999856E+1	0.000000E+0	8.000000E+0
21-Apr-25	02:52:31	-1.000000E-5	-1.900000E-4	6.720250E-1	-1.495000E-5	-6.600000E-8	-1.520000E-6	-2.000000E-8	0.000000E+0	0.000000E+0	1.964247E-4	2.976042E-9	0.000000E+0	0.000000E+0	1.999856E+1	0.000000E+0	8.000000E+0
21-Apr-25	02:52:32	-1.000000E-5	-1.900000E-4	6.730050E-1	-1.495800E-5	-8.600000E-8	-1.520000E-6	-4.000000E-8	0.000000E+0	0.000000E+0	1.964247E-4	2.976042E-9	0.000000E+0	0.000000E+0	1.999856E+1	0.000000E+0	8.000000E+0
21-Apr-25	02:52:32	-1.000000E-5	-1.900000E-4	6.738950E-1	-1.488600E-5	-1.880000E-7	-1.540000E-6	-2.000000E-8	0.000000E+0	0.000000E+0	1.964247E-4	2.976042E-9	0.000000E+0	0.000000E+0	1.999856E+1	0.000000E+0	8.000000E+0
21-Apr-25	02:52:33	-1.000000E-5	-1.900000E-4	6.748750E-1	-1.490200E-5	-1.760000E-7	-1.520000E-6	-2.000000E-8	0.000000E+0	0.000000E+0	1.964247E-4	2.976042E-9	0.000000E+0	0.000000E+0	1.999856E+1	0.000000E+0	8.000000E+0
21-Apr-25	02:52:33	-1.000000E-5	-1.900000E-4	6.758550E-1	-1.490000E-5	-1.320000E-7	-1.520000E-6	-2.000000E-8	0.000000E+0	0.000000E+0	1.964247E-4	2.976042E-9	0.000000E+0	0.000000E+0	1.999856E+1	0.000000E+0	8.000000E+0
21-Apr-25	02:52:34	-1.000000E-5	-1.900000E-4	6.768300E-1	-1.490000E-5	-1.380000E-7	-1.540000E-6	0.000000E+0	0.000000E+0	0.000000E+0	1.964247E-4	2.976042E-9	0.000000E+0	0.000000E+0	1.999856E+1	0.000000E+0	8.000000E+0
21-Apr-25	02:52:34	-1.000000E-5	-1.900000E-4	6.779000E-1	-1.490200E-5	-1.100000E-7	-1.540000E-6	-2.000000E-8	0.000000E+0	0.000000E+0	1.964247E-4	2.976042E-9	0.000000E+0	0.000000E+0	1.999856E+1	0.000000E+0	8.000000E+0
21-Apr-25	02:52:35	-1.000000E-5	-1.900000E-4	6.788750E-1	-1.488000E-5	-9.400000E-8	-1.540000E-6	-2.000000E-8	0.000000E+0	0.000000E+0	1.964247E-4	2.976042E-9	0.000000E+0	0.000000E+0	1.999856E+1	0.000000E+0	8.000000E+0
21-Apr-25	02:52:35	-1.000000E-5	-1.900000E-4	6.798450E-1	-1.486800E-5	-1.940000E-7	-1.540000E-6	-2.000000E-8	0.000000E+0	0.000000E+0	1.964247E-4	2.976042E-9	0.000000E+0	0.000000E+0	1.999856E+1	0.000000E+0	8.000000E+0
21-Apr-25	02:52:36	-1.000000E-5	-1.900000E-4	6.809250E-1	-1.492400E-5	-1.260000E-7	-1.540000E-6	-2.000000E-8	0.000000E+0	0.000000E+0	1.964247E-4	2.976042E-9	0.000000E+0	0.000000E+0	1.999856E+1	0.000000E+0	8.000000E+0
21-Apr-25	02:52:36	-1.000000E-5	-1.900000E-4	6.819100E-1	-1.489800E-5	-1.380000E-7	-1.520000E-6	0.000000E+0	0.000000E+0	0.000000E+0	1.964247E-4	2.976042E-9	0.000000E+0	0.000000E+0	1.999856E+1	0.000000E+0	8.000000E+0
21-Apr-25	02:52:37	-1.000000E-5	-1.900000E-4	6.829800E-1	-1.490400E-5	-1.000000E-7	-1.520000E-6	-2.000000E-8	0.000000E+0	0.000000E+0	1.964247E-4	2.976042E-9	0.000000E+0	0.000000E+0	1.999856E+1	0.000000E+0	8.000000E+0
21-Apr-25	02:52:38	-1.000000E-5	-1.900000E-4	6.844250E-1	-1.491200E-5	-1.480000E-7	-1.540000E-6	-2.000000E-8	0.000000E+0	0.000000E+0	1.964247E-4	2.976042E-9	0.000000E+0	0.000000E+0	1.999856E+1	0.000000E+0	8.000000E+0
21-Apr-25	02:52:38	-1.000000E-5	-1.900000E-4	6.854800E-1	-1.495600E-5	-5.600000E-8	-1.540000E-6	-2.000000E-8	0.000000E+0	0.000000E+0	1.964247E-4	2.976042E-9	0.000000E+0	0.000000E+0	1.999856E+1	0.000000E+0	8.000000E+0
21-Apr-25	02:52:39	-1.000000E-5	-1.900000E-4	6.864350E-1	-1.495200E-5	-1.100000E-7	-1.540000E-6	-2.000000E-8	0.000000E+0	0.000000E+0	1.964247E-4	2.976042E-9	0.000000E+0	0.000000E+0	1.999856E+1	0.000000E+0	8.000000E+0
21-Apr-25	02:52:39	-1.000000E-5	-1.900000E-4	6.872950E-1	-1.485600E-5	-1.000000E-7	-1.540000E-6	0.000000E+0	0.000000E+0	0.000000E+0	1.964247E-4	2.976042E-9	0.000000E+0	0.000000E+0	1.999856E+1	0.000000E+0	8.000000E+0
21-Apr-25	02:52:40	-1.000000E-5	-1.900000E-4	6.881550E-1	-1.486000E-5	-1.040000E-7	-1.520000E-6	0.000000E+0	0.000000E+0	0.000000E+0	1.964247E-4	2.976042E-9	0.000000E+0	0.000000E+0	1.999856E+1	0.000000E+0	8.000000E+0
21-Apr-25	02:52:40	-1.000000E-5	-1.900000E-4	6.891050E-1	-1.485000E-5	-1.920000E-7	-1.520000E-6	-2.000000E-8	0.000000E+0	0.000000E+0	1.964247E-4	2.976042E-9	0.000000E+0	0.000000E+0	1.999856E+1	0.000000E+0	8.000000E+0
21-Apr-25	02:52:41	-1.000000E-5	-1.900000E-4	6.900550E-1	-1.480400E-5	-1.060000E-7	-1.540000E-6	-2.000000E-8	0.000000E+0	0.000000E+0	1.964247E-4	2.976042E-9	0.000000E+0	0.000000E+0	1.999856E+1	0.000000E+0	8.000000E+0
21-Apr-25	02:52:41	-1.000000E-5	-1.900000E-4	6.911000E-1	-1.475600E-5	-5.600000E-8	-1.540000E-6	0.000000E+0	0.000000E+0	0.000000E+0	1.964247E-4	2.976042E-9	0.000000E+0	0.000000E+0	1.999856E+1	0.000000E+0	8.000000E+0
21-Apr-25	02:52:42	-1.000000E-5	-1.900000E-4	6.920500E-1	-1.478600E-5	2.800000E-8	-1.520000E-6	-2.000000E-8	0.000000E+0	0.000000E+0	1.964247E-4	2.976042E-9	0.000000E+0	0.000000E+0	1.999856E+1	0.000000E+0	8.000000E+0
21-Apr-25	02:52:42	-1.000000E-5	-1.900000E-4	6.929900E-1	-1.478600E-5	-2.200000E-7	-1.540000E-6	-2.000000E-8	0.000000E+0	0.000000E+0	1.964247E-4	2.976042E-9	0.000000E+0	0.000000E+0	1.999856E+1	0.000000E+0	8.000000E+0
21-Apr-25	02:52:43	-1.000000E-5	-1.900000E-4	6.940600E-1	-1.479600E-5	-1.400000E-7	-1.520000E-6	0.000000E+0	0.000000E+0	0.000000E+0	1.964247E-4	2.976042E-9	0.000000E+0	0.000000E+0	1.999856E+1	0.000000E+0	8.000000E+0
21-Apr-25	02:52:44	-1.000000E-5	-1.900000E-4	6.953750E-1	-1.475200E-5	-2.000000E-7	-1.540000E-6	0.000000E+0	0.000000E+0	0.000000E+0	1.964247E-4	2.976042E-9	0.000000E+0	0.000000E+0	1.999856E+1	0.000000E+0	8.000000E+0
21-Apr-25	02:52:44	-1.000000E-5	-1.900000E-4	6.964050E-1	-1.479000E-5	-2.360000E-7	-1.520000E-6	-4.000000E-8	0.000000E+0	0.000000E+0	1.964247E-4	2.976042E-9	0.000000E+0	0.000000E+0	1.999856E+1	0.000000E+0	8.000000E+0
21-Apr-25	02:52:45	-1.000000E-5	-1.900000E-4	6.973450E-1	-1.490000E-5	-1.460000E-7	-1.540000E-6	-4.000000E-8	0.000000E+0	0.000000E+0	1.964247E-4	2.976042E-9	0.000000E+0	0.000000E+0	1.999856E+1	0.000000E+0	8.000000E+0
21-Apr-25	02:52:45	-1.000000E-5	-1.900000E-4	6.982750E-1	-1.480600E-5	-1.580000E-7	-1.540000E-6	-6.000000E-8	0.000000E+0	0.000000E+0	1.964247E-4	2.976042E-9	0.000000E+0	0.000000E+0	1.999856E+1	0.000000E+0	8.000000E+0
21-Apr-25	02:52:46	-1.000000E-5	-1.900000E-4	6.996100E-1	-1.489000E-5	-9.600000E-8	-1.520000E-6	-2.000000E-8	0.000000E+0	0.000000E+0	1.964247E-4	2.976042E-9	0.000000E+0	0.000000E+0	1.999856E+1	0.000000E+0	8.000000E+0
21-Apr-25	02:52:46	-1.000000E-5	-1.900000E-4	7.004150E-1	-1.475600E-5	-1.520000E-7	-1.540000E-6	-2.000000E-8	0.000000E+0	0.000000E+0	1.964247E-4	2.976042E-9	0.000000E+0	0.000000E+0	1.999856E+1	0.000000E+0	8.000000E+0
21-Apr-25	02:52:47	-1.000000E-5	-1.900000E-4	7.013400E-1	-1.481400E-5	-1.220000E-7	-1.540000E-6	-2.000000E-8	0.000000E+0	0.000000E+0	1.964247E-4	2.976042E-9	0.000000E+0	0.000000E+0	1.999856E+1	0.000000E+0	8.000000E+0
21-Apr-25	02:52:47	-1.000000E-5	-1.900000E-4	7.023900E-1	-1.482600E-5	-9.600000E-8	-1.500000E-6	-2.000000E-8	0.000000E+0	0.000000E+0	1.964247E-4	2.976042E-9	0.000000E+0	0.000000E+0	1.999856E+1	0.000000E+0	8.000000E+0
21-Apr-25	02:52:48	-1.000000E-5	-1.900000E-4	7.033100E-1	-1.484600E-5	-9.800000E-8	-1.520000E-6	-4.000000E-8	0.000000E+0	0.000000E+0	1.964247E-4	2.976042E-9	0.000000E+0	0.000000E+0	1.999856E+1	0.000000E+0	8.000000E+0
21-Apr-25	02:52:48	-1.000000E-5	-1.900000E-4	7.042300E-1	-1.484000E-5	-3.200000E-8	-1.520000E-6	-2.000000E-8	0.000000E+0	0.000000E+0	1.964247E-4	2.976042E-9	0.000000E+0	0.000000E+0	1.999856E+1	0.000000E+0	8.000000E+0
21-Apr-25	02:52:49	-1.000000E-5	-1.900000E-4	7.055150E-1	-1.482000E-5	-9.200000E-8	-1.540000E-6	-2.000000E-8	0.000000E+0	0.000000E+0	1.964247E-4	2.976042E-9	0.000000E+0	0.000000E+0	1.999856E+1	0.000000E+0	8.000000E+0
21-Apr-25	02:52:50	-1.000000E-5	-1.900000E-4	7.065250E-1	-1.482400E-5	-5.600000E-8	-1.520000E-6	-2.000000E-8	0.000000E+0	0.000000E+0	1.964247E-4	2.976042E-9	0.000000E+0	0.000000E+0	1.999856E+1	0.000000E+0	8.000000E+0
21-Apr-25	02:52:50	-1.000000E-5	-1.900000E-4	7.075250E-1	-1.475000E-5	-1.200000E-7	-1.540000E-6	-2.000000E-8	0.000000E+0	0.000000E+0	1.964247E-4	2.976042E-9	0.000000E+0	0.000000E+0	1.999856E+1	0.000000E+0	8.000000E+0
21-Apr-25	02:52:51	-1.000000E-5	-1.900000E-4	7.084450E-1	-1.483000E-5	-2.400000E-8	-1.540000E-6	0.000000E+0	0.000000E+0	0.000000E+0	1.964247E-4	2.976042E-9	0.000000E+0	0.000000E+0	1.999856E+1	0.000000E+0	8.000000E+0
21-Apr-25	02:52:51	-1.000000E-5	-1.900000E-4	7.093500E-1	-1.465000E-5	-6.800000E-8	-1.540000E-6	-2.000000E-8	0.000000E+0	0.000000E+0	1.964247E-4	2.976042E-9	0.000000E+0	0.000000E+0	1.999856E+1	0.000000E+0	8.000000E+0
21-Apr-25	02:52:52	-1.000000E-5	-1.900000E-4	7.102600E-1	-1.466800E-5	-8.600000E-8	-1.540000E-6	-2.000000E-8	0.000000E+0	0.000000E+0	1.964247E-4	2.976042E-9	0.000000E+0	0.000000E+0	1.999856E+1	0.000000E+0	8.000000E+0
21-Apr-25	02:52:52	-1.000000E-5	-1.900000E-4	7.111650E-1	-1.478400E-5	-1.180000E-7	-1.540000E-6	-4.000000E-8	0.000000E+0	0.000000E+0	1.964247E-4	2.976042E-9	0.000000E+0	0.000000E+0	1.999856E+1	0.000000E+0	8.000000E+0
21-Apr-25	02:52:53	-1.000000E-5	-1.900000E-4	7.120700E-1	-1.465600E-5	0.000000E+0	-1.540000E-6	-2.000000E-8	0.000000E+0	0.000000E+0	1.964247E-4	2.976042E-9	0.000000E+0	0.000000E+0	1.999856E+1	0.000000E+0	8.000000E+0
21-Apr-25	02:52:53	-1.000000E-5	-1.900000E-4	7.129700E-1	-1.466200E-5	-1.400000E-8	-1.540000E-6	-4.000000E-8	0.000000E+0	0.000000E+0	1.964247E-4	2.976042E-9	0.000000E+0	0.000000E+0	1.999856E+1	0.000000E+0	8.000000E+0
21-Apr-25	02:52:54	-1.000000E-5	-1.900000E-4	7.143500E-1	-1.475400E-5	-5.000000E-8	-1.520000E-6	-4.000000E-8	0.000000E+0	0.000000E+0	1.964247E-4	2.976042E-9	0.000000E+0	0.000000E+0	1.999856E+1	0.000000E+0	8.000000E+0
21-Apr-25	02:52:55	-1.000000E-5	-1.900000E-4	7.157100E-1	-1.478200E-5	-5.200000E-8	-1.480000E-6	-2.000000E-8	0.000000E+0	0.000000E+0	1.964247E-4	2.976042E-9	0.000000E+0	0.000000E+0	1.999856E+1	0.000000E+0	8.000000E+0
21-Apr-25	02:52:55	-1.000000E-5	-1.900000E-4	7.167100E-1	-1.480800E-5	-1.800000E-7	-1.460000E-6	0.000000E+0	0.000000E+0	0.000000E+0	1.964247E-4	2.976042E-9	0.000000E+0	0.000000E+0	1.999856E+1	0.000000E+0	8.000000E+0
21-Apr-25	02:52:56	-1.000000E-5	-1.900000E-4	7.179600E-1	-1.471000E-5	-1.180000E-7	-1.480000E-6	-2.000000E-8	0.000000E+0	0.000000E+0	1.964247E-4	2.976042E-9	0.000000E+0	0.000000E+0	1.999856E+1	0.000000E+0	8.000000E+0
21-Apr-25	02:52:56	-1.000000E-5	-1.900000E-4	7.188450E-1	-1.474400E-5	-1.500000E-7	-1.460000E-6	-4.000000E-8	0.000000E+0	0.000000E+0	1.964247E-4	2.976042E-9	0.000000E+0	0.000000E+0	1.999856E+1	0.000000E+0	8.000000E+0
21-Apr-25	02:52:57	-1.000000E-5	-1.900000E-4	7.197350E-1	-1.468200E-5	-2.400000E-8	-1.460000E-6	-4.000000E-8	0.000000E+0	0.000000E+0	1.964247E-4	2.976042E-9	0.000000E+0	0.000000E+0	1.999856E+1	0.000000E+0	8.000000E+0
21-Apr-25	02:52:57	-1.000000E-5	-1.900000E-4	7.206250E-1	-1.474800E-5	-8.800000E-8	-1.400000E-6	-2.000000E-8	0.000000E+0	0.000000E+0	1.964247E-4	2.976042E-9	0.000000E+0	0.000000E+0	1.999856E+1	0.000000E+0	8.000000E+0
21-Apr-25	02:52:58	-1.000000E-5	-1.900000E-4	7.215050E-1	-1.481800E-5	-7.400000E-8	-1.400000E-6	-4.000000E-8	0.000000E+0	0.000000E+0	1.964247E-4	2.976042E-9	0.000000E+0	0.000000E+0	1.999856E+1	0.000000E+0	8.000000E+0
21-Apr-25	02:52:58	-1.000000E-5	-1.900000E-4	7.223050E-1	-1.484200E-5	-7.000000E-8	-1.400000E-6	-2.000000E-8	0.000000E+0	0.000000E+0	1.964247E-4	2.976042E-9	0.000000E+0	0.000000E+0	1.999856E+1	0.000000E+0	8.000000E+0
21-Apr-25	02:52:59	-1.000000E-5	-1.900000E-4	7.231800E-1	-1.484600E-5	-1.220000E-7	-1.360000E-6	0.000000E+0	0.000000E+0	0.000000E+0	1.964247E-4	2.976042E-9	0.000000E+0	0.000000E+0	1.999856E+1	0.000000E+0	8.000000E+0
21-Apr-25	02:52:59	-1.000000E-5	-1.900000E-4	7.240600E-1	-1.479400E-5	-1.140000E-7	-1.400000E-6	-2.000000E-8	0.000000E+0	0.000000E+0	1.964247E-4	2.976042E-9	0.000000E+0	0.000000E+0	1.999856E+1	0.000000E+0	8.000000E+0
21-Apr-25	02:53:00	-1.000000E-5	-1.900000E-4	7.249400E-1	-1.471000E-5	-9.400000E-8	-1.440000E-6	-4.000000E-8	0.000000E+0	0.000000E+0	1.964247E-4	2.976042E-9	0.000000E+0	0.000000E+0	1.999856E+1	0.000000E+0	8.000000E+0
21-Apr-25	02:53:01	-1.000000E-5	-1.900000E-4	7.262500E-1	-1.475600E-5	-2.000000E-7	-1.380000E-6	0.000000E+0	0.000000E+0	0.000000E+0	1.964247E-4	2.976042E-9	0.000000E+0	0.000000E+0	1.999856E+1	0.000000E+0	8.000000E+0
21-Apr-25	02:53:01	-1.000000E-5	-1.900000E-4	7.271250E-1	-1.476200E-5	-1.220000E-7	-1.360000E-6	0.000000E+0	0.000000E+0	0.000000E+0	1.964247E-4	2.976042E-9	0.000000E+0	0.000000E+0	1.999856E+1	0.000000E+0	8.000000E+0
21-Apr-25	02:53:02	-1.000000E-5	-1.900000E-4	7.282900E-1	-1.476400E-5	-1.840000E-7	-1.360000E-6	0.000000E+0	0.000000E+0	0.000000E+0	1.964247E-4	2.976042E-9	0.000000E+0	0.000000E+0	1.999856E+1	0.000000E+0	8.000000E+0
21-Apr-25	02:53:02	-1.000000E-5	-1.900000E-4	7.291550E-1	-1.470800E-5	-1.020000E-7	-1.340000E-6	0.000000E+0	0.000000E+0	0.000000E+0	1.964247E-4	2.976042E-9	0.000000E+0	0.000000E+0	1.999856E+1	0.000000E+0	8.000000E+0
21-Apr-25	02:53:03	-1.000000E-5	-1.900000E-4	7.300250E-1	-1.478400E-5	-1.080000E-7	-1.340000E-6	0.000000E+0	0.000000E+0	0.000000E+0	1.964247E-4	2.976042E-9	0.000000E+0	0.000000E+0	1.999856E+1	0.000000E+0	8.000000E+0
21-Apr-25	02:53:03	-1.000000E-5	-1.900000E-4	7.308850E-1	-1.471600E-5	-1.380000E-7	-1.360000E-6	-2.000000E-8	0.000000E+0	0.000000E+0	1.964247E-4	2.976042E-9	0.000000E+0	0.000000E+0	1.999856E+1	0.000000E+0	8.000000E+0
21-Apr-25	02:53:04	-1.000000E-5	-1.900000E-4	7.318350E-1	-1.472600E-5	-8.400000E-8	-1.360000E-6	-2.000000E-8	0.000000E+0	0.000000E+0	1.964247E-4	2.976042E-9	0.000000E+0	0.000000E+0	1.999856E+1	0.000000E+0	8.000000E+0
21-Apr-25	02:53:04	-1.000000E-5	-1.900000E-4	7.326950E-1	-1.480200E-5	-8.600000E-8	-1.360000E-6	-2.000000E-8	0.000000E+0	0.000000E+0	1.964247E-4	2.976042E-9	0.000000E+0	0.000000E+0	1.999856E+1	0.000000E+0	8.000000E+0
21-Apr-25	02:53:05	-1.000000E-5	-1.900000E-4	7.334650E-1	-1.480400E-5	0.000000E+0	-1.360000E-6	-2.000000E-8	0.000000E+0	0.000000E+0	1.964247E-4	2.976042E-9	0.000000E+0	0.000000E+0	1.999856E+1	0.000000E+0	8.000000E+0
21-Apr-25	02:53:05	-1.000000E-5	-1.900000E-4	7.342400E-1	-1.475000E-5	-9.800000E-8	-1.360000E-6	0.000000E+0	0.000000E+0	0.000000E+0	1.964247E-4	2.976042E-9	0.000000E+0	0.000000E+0	1.999856E+1	0.000000E+0	8.000000E+0
21-Apr-25	02:53:06	-1.000000E-5	-1.900000E-4	7.350950E-1	-1.453200E-5	-1.220000E-7	-1.360000E-6	-2.000000E-8	0.000000E+0	0.000000E+0	1.964247E-4	2.976042E-9	0.000000E+0	0.000000E+0	1.999856E+1	0.000000E+0	8.000000E+0
21-Apr-25	02:53:06	-1.000000E-5	-1.900000E-4	7.359450E-1	-1.463800E-5	-1.160000E-7	-1.340000E-6	-2.000000E-8	0.000000E+0	0.000000E+0	1.964247E-4	2.976042E-9	0.000000E+0	0.000000E+0	1.999856E+1	0.000000E+0	8.000000E+0
21-Apr-25	02:53:07	-1.000000E-5	-1.900000E-4	7.367950E-1	-1.472200E-5	-1.220000E-7	-1.340000E-6	-2.000000E-8	0.000000E+0	0.000000E+0	1.964247E-4	2.976042E-9	0.000000E+0	0.000000E+0	1.999856E+1	0.000000E+0	8.000000E+0
21-Apr-25	02:53:07	-1.000000E-5	-1.900000E-4	7.376450E-1	-1.483000E-5	-4.800000E-8	-1.360000E-6	-2.000000E-8	0.000000E+0	0.000000E+0	1.964247E-4	2.976042E-9	0.000000E+0	0.000000E+0	1.999856E+1	0.000000E+0	8.000000E+0
21-Apr-25	02:53:08	-1.000000E-5	-1.900000E-4	7.385850E-1	-1.481200E-5	-3.400000E-8	-1.360000E-6	-2.000000E-8	0.000000E+0	0.000000E+0	1.964247E-4	2.976042E-9	0.000000E+0	0.000000E+0	1.999856E+1	0.000000E+0	8.000000E+0
21-Apr-25	02:53:08	-1.000000E-5	-1.900000E-4	7.394300E-1	-1.473600E-5	-1.260000E-7	-1.360000E-6	-2.000000E-8	0.000000E+0	0.000000E+0	1.964247E-4	2.976042E-9	0.000000E+0	0.000000E+0	1.999856E+1	0.000000E+0	8.000000E+0
21-Apr-25	02:53:09	-1.000000E-5	-1.900000E-4	7.401900E-1	-1.468400E-5	-1.000000E-7	-1.360000E-6	-2.000000E-8	0.000000E+0	0.000000E+0	1.964247E-4	2.976042E-9	0.000000E+0	0.000000E+0	1.999856E+1	0.000000E+0	8.000000E+0
21-Apr-25	02:53:09	-1.000000E-5	-1.900000E-4	7.410300E-1	-1.470000E-5	-1.580000E-7	-1.360000E-6	-2.000000E-8	0.000000E+0	0.000000E+0	1.964247E-4	2.976042E-9	0.000000E+0	0.000000E+0	1.999856E+1	0.000000E+0	8.000000E+0
21-Apr-25	02:53:10	-1.000000E-5	-1.900000E-4	7.421250E-1	-1.478400E-5	-4.000000E-8	-1.340000E-6	-2.000000E-8	0.000000E+0	0.000000E+0	1.964247E-4	2.976042E-9	0.000000E+0	0.000000E+0	1.999856E+1	0.000000E+0	8.000000E+0
21-Apr-25	02:53:10	-1.000000E-5	-1.900000E-4	7.429800E-1	-1.466600E-5	-1.400000E-8	-1.340000E-6	-2.000000E-8	0.000000E+0	0.000000E+0	1.964247E-4	2.976042E-9	0.000000E+0	0.000000E+0	1.999856E+1	0.000000E+0	8.000000E+0
21-Apr-25	02:53:11	-1.000000E-5	-1.900000E-4	7.438350E-1	-1.461800E-5	-8.800000E-8	-1.340000E-6	-2.000000E-8	0.000000E+0	0.000000E+0	1.964247E-4	2.976042E-9	0.000000E+0	0.000000E+0	1.999856E+1	0.000000E+0	8.000000E+0
21-Apr-25	02:53:11	-1.000000E-5	-1.900000E-4	7.446500E-1	-1.463000E-5	-1.080000E-7	-1.340000E-6	-2.000000E-8	0.000000E+0	0.000000E+0	1.964247E-4	2.976042E-9	0.000000E+0	0.000000E+0	1.999856E+1	0.000000E+0	8.000000E+0
21-Apr-25	02:53:12	-1.000000E-5	-1.900000E-4	7.454750E-1	-1.465600E-5	-1.120000E-7	-1.340000E-6	0.000000E+0	0.000000E+0	0.000000E+0	1.964247E-4	2.976042E-9	0.000000E+0	0.000000E+0	1.999856E+1	0.000000E+0	8.000000E+0
21-Apr-25	02:53:13	-1.000000E-5	-1.900000E-4	7.463200E-1	-1.462600E-5	-1.200000E-7	-1.360000E-6	0.000000E+0	0.000000E+0	0.000000E+0	1.964247E-4	2.976042E-9	0.000000E+0	0.000000E+0	1.999856E+1	0.000000E+0	8.000000E+0
21-Apr-25	02:53:13	-1.000000E-5	-1.900000E-4	7.475750E-1	-1.463000E-5	-8.000000E-8	-1.340000E-6	-2.000000E-8	0.000000E+0	0.000000E+0	1.964247E-4	2.976042E-9	0.000000E+0	0.000000E+0	1.999856E+1	0.000000E+0	8.000000E+0
21-Apr-25	02:53:14	-1.000000E-5	-1.900000E-4	7.485700E-1	-1.473600E-5	-4.800000E-8	-1.340000E-6	-2.000000E-8	0.000000E+0	0.000000E+0	1.964247E-4	2.976042E-9	0.000000E+0	0.000000E+0	1.999856E+1	0.000000E+0	8.000000E+0
21-Apr-25	02:53:14	-1.000000E-5	-1.900000E-4	7.494000E-1	-1.461000E-5	-1.140000E-7	-1.360000E-6	-2.000000E-8	0.000000E+0	0.000000E+0	1.964247E-4	2.976042E-9	0.000000E+0	0.000000E+0	1.999856E+1	0.000000E+0	8.000000E+0
21-Apr-25	02:53:15	-1.000000E-5	-1.900000E-4	7.502250E-1	-1.462200E-5	-9.000000E-8	-1.360000E-6	-2.000000E-8	0.000000E+0	0.000000E+0	1.964247E-4	2.976042E-9	0.000000E+0	0.000000E+0	1.999856E+1	0.000000E+0	8.000000E+0
21-Apr-25	02:53:15	-1.000000E-5	-1.900000E-4	7.510450E-1	-1.453400E-5	-1.540000E-7	-1.360000E-6	-2.000000E-8	0.000000E+0	0.000000E+0	1.964247E-4	2.976042E-9	0.000000E+0	0.000000E+0	1.999856E+1	0.000000E+0	8.000000E+0
21-Apr-25	02:53:16	-1.000000E-5	-1.900000E-4	7.523850E-1	-1.457400E-5	-5.000000E-8	-1.340000E-6	-2.000000E-8	0.000000E+0	0.000000E+0	1.964247E-4	2.976042E-9	0.000000E+0	0.000000E+0	1.999856E+1	0.000000E+0	8.000000E+0
21-Apr-25	02:53:17	-1.000000E-5	-1.900000E-4	7.531950E-1	-1.461000E-5	-3.400000E-8	-1.340000E-6	-4.000000E-8	0.000000E+0	0.000000E+0	1.964247E-4	2.976042E-9	0.000000E+0	0.000000E+0	1.999856E+1	0.000000E+0	8.000000E+0
21-Apr-25	02:53:17	-1.000000E-5	-1.900000E-4	7.540150E-1	-1.456800E-5	-1.080000E-7	-1.320000E-6	-2.000000E-8	0.000000E+0	0.000000E+0	1.964247E-4	2.976042E-9	0.000000E+0	0.000000E+0	1.999856E+1	0.000000E+0	8.000000E+0
21-Apr-25	02:53:18	-1.000000E-5	-1.900000E-4	7.551550E-1	-1.462400E-5	-9.000000E-8	-1.340000E-6	0.000000E+0	0.000000E+0	0.000000E+0	1.964247E-4	2.976042E-9	0.000000E+0	0.000000E+0	1.999856E+1	0.000000E+0	8.000000E+0
21-Apr-25	02:53:18	-1.000000E-5	-1.900000E-4	7.559650E-1	-1.453800E-5	-1.400000E-7	-1.340000E-6	-2.000000E-8	0.000000E+0	0.000000E+0	1.964247E-4	2.976042E-9	0.000000E+0	0.000000E+0	1.999856E+1	0.000000E+0	8.000000E+0
21-Apr-25	02:53:19	-1.000000E-5	-1.900000E-4	7.567750E-1	-1.459400E-5	-1.220000E-7	-1.340000E-6	-4.000000E-8	0.000000E+0	0.000000E+0	1.964247E-4	2.976042E-9	0.000000E+0	0.000000E+0	1.999856E+1	0.000000E+0	8.000000E+0
21-Apr-25	02:53:19	-1.000000E-5	-1.900000E-4	7.575850E-1	-1.457000E-5	-2.200000E-8	-1.340000E-6	-4.000000E-8	0.000000E+0	0.000000E+0	1.964247E-4	2.976042E-9	0.000000E+0	0.000000E+0	1.999856E+1	0.000000E+0	8.000000E+0
21-Apr-25	02:53:20	-1.000000E-5	-1.900000E-4	7.583900E-1	-1.463600E-5	-1.000000E-7	-1.340000E-6	0.000000E+0	0.000000E+0	0.000000E+0	1.964247E-4	2.976042E-9	0.000000E+0	0.000000E+0	1.999856E+1	0.000000E+0	8.000000E+0
21-Apr-25	02:53:20	-1.000000E-5	-1.900000E-4	7.593550E-1	-1.461000E-5	-1.460000E-7	-1.340000E-6	0.000000E+0	0.000000E+0	0.000000E+0	1.964247E-4	2.976042E-9	0.000000E+0	0.000000E+0	1.999856E+1	0.000000E+0	8.000000E+0
21-Apr-25	02:53:21	-1.000000E-5	-1.900000E-4	7.601000E-1	-1.466400E-5	-7.800000E-8	-1.340000E-6	-2.000000E-8	0.000000E+0	0.000000E+0	1.964247E-4	2.976042E-9	0.000000E+0	0.000000E+0	1.999856E+1	0.000000E+0	8.000000E+0
21-Apr-25	02:53:21	-1.000000E-5	-1.900000E-4	7.608200E-1	-1.472600E-5	-1.200000E-7	-1.340000E-6	-2.000000E-8	0.000000E+0	0.000000E+0	1.964247E-4	2.976042E-9	0.000000E+0	0.000000E+0	1.999856E+1	0.000000E+0	8.000000E+0
21-Apr-25	02:53:22	-1.000000E-5	-1.900000E-4	7.616200E-1	-1.456000E-5	-5.200000E-8	-1.340000E-6	-2.000000E-8	0.000000E+0	0.000000E+0	1.964247E-4	2.976042E-9	0.000000E+0	0.000000E+0	1.999856E+1	0.000000E+0	8.000000E+0
21-Apr-25	02:53:22	-1.000000E-5	-1.900000E-4	7.618200E-1	-1.450000E-5	-7.600000E-8	-1.340000E-6	-4.000000E-8	0.000000E+0	0.000000E+0	1.964247E-4	2.976042E-9	0.000000E+0	0.000000E+0	1.999856E+1	0.000000E+0	8.000000E+0
21-Apr-25	02:53:23	-1.000000E-5	-1.900000E-4	7.632450E-1	-1.454600E-5	-2.200000E-7	-1.360000E-6	0.000000E+0	0.000000E+0	0.000000E+0	1.964247E-4	2.976042E-9	0.000000E+0	0.000000E+0	1.999856E+1	0.000000E+0	8.000000E+0
21-Apr-25	02:53:23	-1.000000E-5	-1.900000E-4	7.639600E-1	-1.445200E-5	-8.600000E-8	-1.340000E-6	0.000000E+0	0.000000E+0	0.000000E+0	1.964247E-4	2.976042E-9	0.000000E+0	0.000000E+0	1.999856E+1	0.000000E+0	8.000000E+0
21-Apr-25	02:53:24	-1.000000E-5	-1.900000E-4	7.647550E-1	-1.453200E-5	-1.080000E-7	-1.340000E-6	-2.000000E-8	0.000000E+0	0.000000E+0	1.964247E-4	2.976042E-9	0.000000E+0	0.000000E+0	1.999856E+1	0.000000E+0	8.000000E+0
21-Apr-25	02:53:24	-1.000000E-5	-1.900000E-4	7.655450E-1	-1.451600E-5	-1.320000E-7	-1.340000E-6	-2.000000E-8	0.000000E+0	0.000000E+0	1.964247E-4	2.976042E-9	0.000000E+0	0.000000E+0	1.999856E+1	0.000000E+0	8.000000E+0
21-Apr-25	02:53:25	-1.000000E-5	-1.900000E-4	7.662550E-1	-1.441200E-5	-8.200000E-8	-1.360000E-6	-2.000000E-8	0.000000E+0	0.000000E+0	1.964247E-4	2.976042E-9	0.000000E+0	0.000000E+0	1.999856E+1	0.000000E+0	8.000000E+0
21-Apr-25	02:53:25	-1.000000E-5	-1.900000E-4	7.670400E-1	-1.434000E-5	-8.600000E-8	-1.340000E-6	-2.000000E-8	0.000000E+0	0.000000E+0	1.964247E-4	2.976042E-9	0.000000E+0	0.000000E+0	1.999856E+1	0.000000E+0	8.000000E+0
21-Apr-25	02:53:26	-1.000000E-5	-1.900000E-4	7.677500E-1	-1.441000E-5	-1.200000E-7	-1.340000E-6	-2.000000E-8	0.000000E+0	0.000000E+0	1.964247E-4	2.976042E-9	0.000000E+0	0.000000E+0	1.999856E+1	0.000000E+0	8.000000E+0
21-Apr-25	02:53:26	-1.000000E-5	-1.900000E-4	7.684800E-1	-1.446600E-5	-1.960000E-7	-1.320000E-6	0.000000E+0	0.000000E+0	0.000000E+0	1.964247E-4	2.976042E-9	0.000000E+0	0.000000E+0	1.999856E+1	0.000000E+0	8.000000E+0
21-Apr-25	02:53:27	-1.000000E-5	-1.900000E-4	7.692650E-1	-1.453600E-5	-1.880000E-7	-1.300000E-6	0.000000E+0	0.000000E+0	0.000000E+0	1.964247E-4	2.976042E-9	0.000000E+0	0.000000E+0	1.999856E+1	0.000000E+0	8.000000E+0
21-Apr-25	02:53:27	-1.000000E-5	-1.900000E-4	7.701200E-1	-1.437800E-5	-1.820000E-7	-1.320000E-6	0.000000E+0	0.000000E+0	0.000000E+0	1.964247E-4	2.976042E-9	0.000000E+0	0.000000E+0	1.999856E+1	0.000000E+0	8.000000E+0
21-Apr-25	02:53:28	-1.000000E-5	-1.900000E-4	7.710600E-1	-1.435400E-5	4.000000E-9	-1.320000E-6	0.000000E+0	0.000000E+0	0.000000E+0	1.964247E-4	2.976042E-9	0.000000E+0	0.000000E+0	1.999856E+1	0.000000E+0	8.000000E+0
21-Apr-25	02:53:28	-1.000000E-5	-1.900000E-4	7.718600E-1	-1.441000E-5	-1.120000E-7	-1.320000E-6	0.000000E+0	0.000000E+0	0.000000E+0	1.964247E-4	2.976042E-9	0.000000E+0	0.000000E+0	1.999856E+1	0.000000E+0	8.000000E+0
21-Apr-25	02:53:29	-1.000000E-5	-1.900000E-4	7.727150E-1	-1.433400E-5	-1.540000E-7	-1.320000E-6	0.000000E+0	0.000000E+0	0.000000E+0	1.964247E-4	2.976042E-9	0.000000E+0	0.000000E+0	1.999856E+1	0.000000E+0	8.000000E+0
21-Apr-25	02:53:29	-1.000000E-5	-1.900000E-4	7.733400E-1	-1.433600E-5	-1.380000E-7	-1.300000E-6	-2.000000E-8	0.000000E+0	0.000000E+0	1.964247E-4	2.976042E-9	0.000000E+0	0.000000E+0	1.999856E+1	0.000000E+0	8.000000E+0
21-Apr-25	02:53:30	-1.000000E-5	-1.900000E-4	7.736100E-1	-1.428400E-5	-7.400000E-8	-1.300000E-6	0.000000E+0	0.000000E+0	0.000000E+0	1.964247E-4	2.976042E-9	0.000000E+0	0.000000E+0	1.999856E+1	0.000000E+0	8.000000E+0
21-Apr-25	02:53:30	-1.000000E-5	-1.900000E-4	7.748800E-1	-1.435200E-5	-1.020000E-7	-1.280000E-6	-2.000000E-8	0.000000E+0	0.000000E+0	1.964247E-4	2.976042E-9	0.000000E+0	0.000000E+0	1.999856E+1	0.000000E+0	8.000000E+0
21-Apr-25	02:53:31	-1.000000E-5	-1.900000E-4	7.756750E-1	-1.436800E-5	-1.660000E-7	-1.280000E-6	-2.000000E-8	0.000000E+0	0.000000E+0	1.964247E-4	2.976042E-9	0.000000E+0	0.000000E+0	1.999856E+1	0.000000E+0	8.000000E+0
21-Apr-25	02:53:31	-1.000000E-5	-1.900000E-4	7.763650E-1	-1.431200E-5	-1.660000E-7	-1.300000E-6	-2.000000E-8	0.000000E+0	0.000000E+0	1.964247E-4	2.976042E-9	0.000000E+0	0.000000E+0	1.999856E+1	0.000000E+0	8.000000E+0
21-Apr-25	02:53:32	-1.000000E-5	-1.900000E-4	7.770600E-1	-1.434600E-5	-1.040000E-7	-1.300000E-6	-2.000000E-8	0.000000E+0	0.000000E+0	1.964247E-4	2.976042E-9	0.000000E+0	0.000000E+0	1.999856E+1	0.000000E+0	8.000000E+0
21-Apr-25	02:53:32	-1.000000E-5	-1.900000E-4	7.778200E-1	-1.439400E-5	-1.380000E-7	-1.300000E-6	0.000000E+0	0.000000E+0	0.000000E+0	1.964247E-4	2.976042E-9	0.000000E+0	0.000000E+0	1.999856E+1	0.000000E+0	8.000000E+0
21-Apr-25	02:53:33	-1.000000E-5	-1.900000E-4	7.785850E-1	-1.434400E-5	-9.800000E-8	-1.280000E-6	-2.000000E-8	0.000000E+0	0.000000E+0	1.964247E-4	2.976042E-9	0.000000E+0	0.000000E+0	1.999856E+1	0.000000E+0	8.000000E+0
21-Apr-25	02:53:33	-1.000000E-5	-1.900000E-4	7.793500E-1	-1.427400E-5	-6.800000E-8	-1.260000E-6	-2.000000E-8	0.000000E+0	0.000000E+0	1.964247E-4	2.976042E-9	0.000000E+0	0.000000E+0	1.999856E+1	0.000000E+0	8.000000E+0
21-Apr-25	02:53:34	-1.000000E-5	-1.900000E-4	7.801350E-1	-1.436400E-5	-1.000000E-7	-1.280000E-6	-2.000000E-8	0.000000E+0	0.000000E+0	1.964247E-4	2.976042E-9	0.000000E+0	0.000000E+0	1.999856E+1	0.000000E+0	8.000000E+0
21-Apr-25	02:53:34	-1.000000E-5	-1.900000E-4	7.808950E-1	-1.432800E-5	-1.320000E-7	-1.300000E-6	0.000000E+0	0.000000E+0	0.000000E+0	1.964247E-4	2.976042E-9	0.000000E+0	0.000000E+0	1.999856E+1	0.000000E+0	8.000000E+0
21-Apr-25	02:53:35	-1.000000E-5	-1.900000E-4	7.817250E-1	-1.433600E-5	-1.720000E-7	-1.260000E-6	-2.000000E-8	0.000000E+0	0.000000E+0	1.964247E-4	2.976042E-9	0.000000E+0	0.000000E+0	1.999856E+1	0.000000E+0	8.000000E+0
21-Apr-25	02:53:35	-1.000000E-5	-1.900000E-4	7.825700E-1	-1.437800E-5	-2.040000E-7	-1.300000E-6	-2.000000E-8	0.000000E+0	0.000000E+0	1.964247E-4	2.976042E-9	0.000000E+0	0.000000E+0	1.999856E+1	0.000000E+0	8.000000E+0
21-Apr-25	02:53:36	-1.000000E-5	-1.900000E-4	7.831850E-1	-1.433200E-5	-1.420000E-7	-1.280000E-6	-2.000000E-8	0.000000E+0	0.000000E+0	1.964247E-4	2.976042E-9	0.000000E+0	0.000000E+0	1.999856E+1	0.000000E+0	8.000000E+0
21-Apr-25	02:53:36	-1.000000E-5	-1.900000E-4	7.840100E-1	-1.435600E-5	-1.700000E-7	-1.260000E-6	0.000000E+0	0.000000E+0	0.000000E+0	1.964247E-4	2.976042E-9	0.000000E+0	0.000000E+0	1.999856E+1	0.000000E+0	8.000000E+0
21-Apr-25	02:53:37	-1.000000E-5	-1.900000E-4	7.846850E-1	-1.441800E-5	-1.420000E-7	-1.260000E-6	0.000000E+0	0.000000E+0	0.000000E+0	1.964247E-4	2.976042E-9	0.000000E+0	0.000000E+0	1.999856E+1	0.000000E+0	8.000000E+0
21-Apr-25	02:53:37	-1.000000E-5	-1.900000E-4	7.853600E-1	-1.440000E-5	-1.200000E-8	-1.260000E-6	-2.000000E-8	0.000000E+0	0.000000E+0	1.964247E-4	2.976042E-9	0.000000E+0	0.000000E+0	1.999856E+1	0.000000E+0	8.000000E+0
21-Apr-25	02:53:38	-1.000000E-5	-1.900000E-4	7.860350E-1	-1.428200E-5	-1.800000E-8	-1.240000E-6	-2.000000E-8	0.000000E+0	0.000000E+0	1.964247E-4	2.976042E-9	0.000000E+0	0.000000E+0	1.999856E+1	0.000000E+0	8.000000E+0
21-Apr-25	02:53:38	-1.000000E-5	-1.900000E-4	7.867850E-1	-1.432800E-5	1.400000E-8	-1.240000E-6	0.000000E+0	0.000000E+0	0.000000E+0	1.964247E-4	2.976042E-9	0.000000E+0	0.000000E+0	1.999856E+1	0.000000E+0	8.000000E+0
21-Apr-25	02:53:39	-1.000000E-5	-1.900000E-4	7.875250E-1	-1.442000E-5	-1.280000E-7	-1.260000E-6	0.000000E+0	0.000000E+0	0.000000E+0	1.964247E-4	2.976042E-9	0.000000E+0	0.000000E+0	1.999856E+1	0.000000E+0	8.000000E+0
21-Apr-25	02:53:39	-1.000000E-5	-1.900000E-4	7.882650E-1	-1.444800E-5	-1.540000E-7	-1.280000E-6	-2.000000E-8	0.000000E+0	0.000000E+0	1.964247E-4	2.976042E-9	0.000000E+0	0.000000E+0	1.999856E+1	0.000000E+0	8.000000E+0
21-Apr-25	02:53:40	-1.000000E-5	-1.900000E-4	7.889350E-1	-1.435200E-5	-1.600000E-7	-1.260000E-6	-2.000000E-8	0.000000E+0	0.000000E+0	1.964247E-4	2.976042E-9	0.000000E+0	0.000000E+0	1.999856E+1	0.000000E+0	8.000000E+0
21-Apr-25	02:53:40	-1.000000E-5	-1.900000E-4	7.896000E-1	-1.416200E-5	-1.640000E-7	-1.240000E-6	0.000000E+0	0.000000E+0	0.000000E+0	1.964247E-4	2.976042E-9	0.000000E+0	0.000000E+0	1.999856E+1	0.000000E+0	8.000000E+0
21-Apr-25	02:53:40	-1.000000E-5	-1.900000E-4	7.903400E-1	-1.399600E-5	-1.560000E-7	-1.220000E-6	0.000000E+0	0.000000E+0	0.000000E+0	1.964247E-4	2.976042E-9	0.000000E+0	0.000000E+0	1.999856E+1	0.000000E+0	8.000000E+0
21-Apr-25	02:53:41	-1.000000E-5	-1.900000E-4	7.910050E-1	-1.411800E-5	-1.660000E-7	-1.220000E-6	0.000000E+0	0.000000E+0	0.000000E+0	1.964247E-4	2.976042E-9	0.000000E+0	0.000000E+0	1.999856E+1	0.000000E+0	8.000000E+0
21-Apr-25	02:53:41	-1.000000E-5	-1.900000E-4	7.918400E-1	-1.421000E-5	-1.900000E-7	-1.220000E-6	0.000000E+0	0.000000E+0	0.000000E+0	1.964247E-4	2.976042E-9	0.000000E+0	0.000000E+0	1.999856E+1	0.000000E+0	8.000000E+0
21-Apr-25	02:53:42	-1.000000E-5	-1.900000E-4	7.925700E-1	-1.414600E-5	-1.520000E-7	-1.220000E-6	0.000000E+0	0.000000E+0	0.000000E+0	1.964247E-4	2.976042E-9	0.000000E+0	0.000000E+0	1.999856E+1	0.000000E+0	8.000000E+0
21-Apr-25	02:53:43	-1.000000E-5	-1.900000E-4	7.932350E-1	-1.416000E-5	-1.400000E-7	-1.240000E-6	-2.000000E-8	0.000000E+0	0.000000E+0	1.964247E-4	2.976042E-9	0.000000E+0	0.000000E+0	1.999856E+1	0.000000E+0	8.000000E+0
21-Apr-25	02:53:43	-1.000000E-5	-1.900000E-4	7.941100E-1	-1.429000E-5	-6.200000E-8	-1.240000E-6	-4.000000E-8	0.000000E+0	0.000000E+0	1.964247E-4	2.976042E-9	0.000000E+0	0.000000E+0	1.999856E+1	0.000000E+0	8.000000E+0
21-Apr-25	02:53:44	-1.000000E-5	-1.900000E-4	7.948400E-1	-1.428800E-5	-2.800000E-8	-1.240000E-6	-2.000000E-8	0.000000E+0	0.000000E+0	1.964247E-4	2.976042E-9	0.000000E+0	0.000000E+0	1.999856E+1	0.000000E+0	8.000000E+0
21-Apr-25	02:53:44	-1.000000E-5	-1.900000E-4	7.955200E-1	-1.418000E-5	-7.800000E-8	-1.220000E-6	-2.000000E-8	0.000000E+0	0.000000E+0	1.964247E-4	2.976042E-9	0.000000E+0	0.000000E+0	1.999856E+1	0.000000E+0	8.000000E+0
21-Apr-25	02:53:45	-1.000000E-5	-1.900000E-4	7.962400E-1	-1.411400E-5	-1.560000E-7	-1.200000E-6	0.000000E+0	0.000000E+0	0.000000E+0	1.964247E-4	2.976042E-9	0.000000E+0	0.000000E+0	1.999856E+1	0.000000E+0	8.000000E+0
21-Apr-25	02:53:45	-1.000000E-5	-1.900000E-4	7.963500E-1	-1.422400E-5	-2.060000E-7	-1.200000E-6	0.000000E+0	0.000000E+0	0.000000E+0	1.964247E-4	2.976042E-9	0.000000E+0	0.000000E+0	1.999856E+1	0.000000E+0	8.000000E+0
21-Apr-25	02:53:46	-1.000000E-5	-1.900000E-4	7.976950E-1	-1.431000E-5	-2.220000E-7	-1.200000E-6	0.000000E+0	0.000000E+0	0.000000E+0	1.964247E-4	2.976042E-9	0.000000E+0	0.000000E+0	1.999856E+1	0.000000E+0	8.000000E+0
21-Apr-25	02:53:46	-1.000000E-5	-1.900000E-4	7.984150E-1	-1.421600E-5	-1.240000E-7	-1.160000E-6	0.000000E+0	0.000000E+0	0.000000E+0	1.964247E-4	2.976042E-9	0.000000E+0	0.000000E+0	1.999856E+1	0.000000E+0	8.000000E+0
21-Apr-25	02:53:47	-1.000000E-5	-1.900000E-4	7.985950E-1	-1.401000E-5	-1.620000E-7	-1.180000E-6	-2.000000E-8	0.000000E+0	0.000000E+0	1.964247E-4	2.976042E-9	0.000000E+0	0.000000E+0	1.999856E+1	0.000000E+0	8.000000E+0
21-Apr-25	02:53:47	-1.000000E-5	-1.900000E-4	7.999350E-1	-1.412200E-5	-9.000000E-8	-1.160000E-6	-2.000000E-8	0.000000E+0	0.000000E+0	1.964247E-4	2.976042E-9	0.000000E+0	0.000000E+0	1.999856E+1	0.000000E+0	8.000000E+0
21-Apr-25	02:53:48	-1.000000E-5	-1.900000E-4	8.007350E-1	-1.414600E-5	-6.000000E-8	-1.200000E-6	0.000000E+0	0.000000E+0	0.000000E+0	1.964247E-4	2.976042E-9	0.000000E+0	0.000000E+0	1.999856E+1	0.000000E+0	8.000000E+0
21-Apr-25	02:53:48	-1.000000E-5	-1.900000E-4	8.013750E-1	-1.411000E-5	-8.200000E-8	-1.180000E-6	-2.000000E-8	0.000000E+0	0.000000E+0	1.964247E-4	2.976042E-9	0.000000E+0	0.000000E+0	1.999856E+1	0.000000E+0	8.000000E+0
21-Apr-25	02:53:49	-1.000000E-5	-1.900000E-4	8.020200E-1	-1.414600E-5	-1.900000E-7	-1.200000E-6	0.000000E+0	0.000000E+0	0.000000E+0	1.964247E-4	2.976042E-9	0.000000E+0	0.000000E+0	1.999856E+1	0.000000E+0	8.000000E+0
21-Apr-25	02:53:49	-1.000000E-5	-1.900000E-4	8.028050E-1	-1.404800E-5	-1.620000E-7	-1.200000E-6	0.000000E+0	0.000000E+0	0.000000E+0	1.964247E-4	2.976042E-9	0.000000E+0	0.000000E+0	1.999856E+1	0.000000E+0	8.000000E+0
21-Apr-25	02:53:50	-1.000000E-5	-1.900000E-4	8.034450E-1	-1.406800E-5	-8.400000E-8	-1.180000E-6	-2.000000E-8	0.000000E+0	0.000000E+0	1.964247E-4	2.976042E-9	0.000000E+0	0.000000E+0	1.999856E+1	0.000000E+0	8.000000E+0
21-Apr-25	02:53:50	-1.000000E-5	-1.900000E-4	8.041550E-1	-1.404000E-5	-3.200000E-8	-1.200000E-6	-2.000000E-8	0.000000E+0	0.000000E+0	1.964247E-4	2.976042E-9	0.000000E+0	0.000000E+0	1.999856E+1	0.000000E+0	8.000000E+0
21-Apr-25	02:53:51	-1.000000E-5	-1.900000E-4	8.048900E-1	-1.414400E-5	2.800000E-8	-1.220000E-6	-2.000000E-8	0.000000E+0	0.000000E+0	1.964247E-4	2.976042E-9	0.000000E+0	0.000000E+0	1.999856E+1	0.000000E+0	8.000000E+0
21-Apr-25	02:53:51	-1.000000E-5	-1.900000E-4	8.049850E-1	-1.402200E-5	-2.800000E-8	-1.200000E-6	0.000000E+0	0.000000E+0	0.000000E+0	1.964247E-4	2.976042E-9	0.000000E+0	0.000000E+0	1.999856E+1	0.000000E+0	8.000000E+0
21-Apr-25	02:53:52	-1.000000E-5	-1.900000E-4	8.063000E-1	-1.404400E-5	-1.020000E-7	-1.200000E-6	0.000000E+0	0.000000E+0	0.000000E+0	1.964247E-4	2.976042E-9	0.000000E+0	0.000000E+0	1.999856E+1	0.000000E+0	8.000000E+0
21-Apr-25	02:53:52	-1.000000E-5	-1.900000E-4	8.070700E-1	-1.400800E-5	-1.480000E-7	-1.200000E-6	-2.000000E-8	0.000000E+0	0.000000E+0	1.964247E-4	2.976042E-9	0.000000E+0	0.000000E+0	1.999856E+1	0.000000E+0	8.000000E+0
21-Apr-25	02:53:53	-1.000000E-5	-1.900000E-4	8.077000E-1	-1.396200E-5	-7.000000E-8	-1.200000E-6	-2.000000E-8	0.000000E+0	0.000000E+0	1.964247E-4	2.976042E-9	0.000000E+0	0.000000E+0	1.999856E+1	0.000000E+0	8.000000E+0
21-Apr-25	02:53:53	-1.000000E-5	-1.900000E-4	8.084000E-1	-1.389400E-5	-4.400000E-8	-1.200000E-6	0.000000E+0	0.000000E+0	0.000000E+0	1.964247E-4	2.976042E-9	0.000000E+0	0.000000E+0	1.999856E+1	0.000000E+0	8.000000E+0
21-Apr-25	02:53:54	-1.000000E-5	-1.900000E-4	8.090300E-1	-1.394800E-5	-1.620000E-7	-1.180000E-6	-2.000000E-8	0.000000E+0	0.000000E+0	1.964247E-4	2.976042E-9	0.000000E+0	0.000000E+0	1.999856E+1	0.000000E+0	8.000000E+0
21-Apr-25	02:53:54	-1.000000E-5	-1.900000E-4	8.098200E-1	-1.397600E-5	-1.100000E-7	-1.200000E-6	-2.000000E-8	0.000000E+0	0.000000E+0	1.964247E-4	2.976042E-9	0.000000E+0	0.000000E+0	1.999856E+1	0.000000E+0	8.000000E+0
21-Apr-25	02:53:55	-1.000000E-5	-1.900000E-4	8.104500E-1	-1.394200E-5	-5.200000E-8	-1.180000E-6	-2.000000E-8	0.000000E+0	0.000000E+0	1.964247E-4	2.976042E-9	0.000000E+0	0.000000E+0	1.999856E+1	0.000000E+0	8.000000E+0
21-Apr-25	02:53:55	-1.000000E-5	-1.900000E-4	8.112850E-1	-1.397600E-5	-1.300000E-7	-1.180000E-6	-2.000000E-8	0.000000E+0	0.000000E+0	1.964247E-4	2.976042E-9	0.000000E+0	0.000000E+0	1.999856E+1	0.000000E+0	8.000000E+0
21-Apr-25	02:53:56	-1.000000E-5	-1.900000E-4	8.120450E-1	-1.399600E-5	-1.100000E-7	-1.180000E-6	-2.000000E-8	0.000000E+0	0.000000E+0	1.964247E-4	2.976042E-9	0.000000E+0	0.000000E+0	1.999856E+1	0.000000E+0	8.000000E+0
21-Apr-25	02:53:56	-1.000000E-5	-1.900000E-4	8.126650E-1	-1.400400E-5	-9.000000E-8	-1.180000E-6	-2.000000E-8	0.000000E+0	0.000000E+0	1.964247E-4	2.976042E-9	0.000000E+0	0.000000E+0	1.999856E+1	0.000000E+0	8.000000E+0
21-Apr-25	02:53:57	-1.000000E-5	-1.900000E-4	8.133000E-1	-1.400400E-5	-4.000000E-8	-1.160000E-6	-2.000000E-8	0.000000E+0	0.000000E+0	1.964247E-4	2.976042E-9	0.000000E+0	0.000000E+0	1.999856E+1	0.000000E+0	8.000000E+0
21-Apr-25	02:53:57	-1.000000E-5	-1.900000E-4	8.140650E-1	-1.394800E-5	-1.200000E-8	-1.160000E-6	-2.000000E-8	0.000000E+0	0.000000E+0	1.964247E-4	2.976042E-9	0.000000E+0	0.000000E+0	1.999856E+1	0.000000E+0	8.000000E+0
21-Apr-25	02:53:58	-1.000000E-5	-1.900000E-4	8.146850E-1	-1.385800E-5	-1.080000E-7	-1.180000E-6	-2.000000E-8	0.000000E+0	0.000000E+0	1.964247E-4	2.976042E-9	0.000000E+0	0.000000E+0	1.999856E+1	0.000000E+0	8.000000E+0
21-Apr-25	02:53:58	-1.000000E-5	-1.900000E-4	8.154350E-1	-1.381600E-5	-9.800000E-8	-1.160000E-6	-2.000000E-8	0.000000E+0	0.000000E+0	1.964247E-4	2.976042E-9	0.000000E+0	0.000000E+0	1.999856E+1	0.000000E+0	8.000000E+0
21-Apr-25	02:53:59	-1.000000E-5	-1.900000E-4	8.162550E-1	-1.400800E-5	-1.740000E-7	-1.180000E-6	-2.000000E-8	0.000000E+0	0.000000E+0	1.964247E-4	2.976042E-9	0.000000E+0	0.000000E+0	1.999856E+1	0.000000E+0	8.000000E+0
21-Apr-25	02:53:59	-1.000000E-5	-1.900000E-4	8.169600E-1	-1.384000E-5	-9.600000E-8	-1.180000E-6	-4.000000E-8	0.000000E+0	0.000000E+0	1.964247E-4	2.976042E-9	0.000000E+0	0.000000E+0	1.999856E+1	0.000000E+0	8.000000E+0
21-Apr-25	02:54:00	-1.000000E-5	-1.900000E-4	8.176400E-1	-1.386600E-5	-9.600000E-8	-1.180000E-6	-2.000000E-8	0.000000E+0	0.000000E+0	1.964247E-4	2.976042E-9	0.000000E+0	0.000000E+0	1.999856E+1	0.000000E+0	8.000000E+0
21-Apr-25	02:54:00	-1.000000E-5	-1.900000E-4	8.182500E-1	-1.390000E-5	-1.440000E-7	-1.180000E-6	0.000000E+0	0.000000E+0	0.000000E+0	1.964247E-4	2.976042E-9	0.000000E+0	0.000000E+0	1.999856E+1	0.000000E+0	8.000000E+0
21-Apr-25	02:54:01	-1.000000E-5	-1.900000E-4	8.183500E-1	-1.386000E-5	-9.000000E-8	-1.180000E-6	0.000000E+0	0.000000E+0	0.000000E+0	1.964247E-4	2.976042E-9	0.000000E+0	0.000000E+0	1.999856E+1	0.000000E+0	8.000000E+0
21-Apr-25	02:54:01	-1.000000E-5	-1.900000E-4	8.194700E-1	-1.388000E-5	-1.240000E-7	-1.180000E-6	0.000000E+0	0.000000E+0	0.000000E+0	1.964247E-4	2.976042E-9	0.000000E+0	0.000000E+0	1.999856E+1	0.000000E+0	8.000000E+0
21-Apr-25	02:54:02	-1.000000E-5	-1.900000E-4	8.200900E-1	-1.380000E-5	-6.800000E-8	-1.180000E-6	-4.000000E-8	0.000000E+0	0.000000E+0	1.964247E-4	2.976042E-9	0.000000E+0	0.000000E+0	1.999856E+1	0.000000E+0	8.000000E+0
21-Apr-25	02:54:02	-1.000000E-5	-1.900000E-4	8.207100E-1	-1.380000E-5	-1.380000E-7	-1.200000E-6	-2.000000E-8	0.000000E+0	0.000000E+0	1.964247E-4	2.976042E-9	0.000000E+0	0.000000E+0	1.999856E+1	0.000000E+0	8.000000E+0
21-Apr-25	02:54:03	-1.000000E-5	-1.900000E-4	8.214500E-1	-1.390400E-5	-6.800000E-8	-1.200000E-6	-2.000000E-8	0.000000E+0	0.000000E+0	1.964247E-4	2.976042E-9	0.000000E+0	0.000000E+0	1.999856E+1	0.000000E+0	8.000000E+0
21-Apr-25	02:54:03	-1.000000E-5	-1.900000E-4	8.222550E-1	-1.376200E-5	-1.060000E-7	-1.180000E-6	-2.000000E-8	0.000000E+0	0.000000E+0	1.964247E-4	2.976042E-9	0.000000E+0	0.000000E+0	1.999856E+1	0.000000E+0	8.000000E+0
21-Apr-25	02:54:04	-1.000000E-5	-1.900000E-4	8.229200E-1	-1.376400E-5	-1.220000E-7	-1.200000E-6	-4.000000E-8	0.000000E+0	0.000000E+0	1.964247E-4	2.976042E-9	0.000000E+0	0.000000E+0	1.999856E+1	0.000000E+0	8.000000E+0
21-Apr-25	02:54:04	-1.000000E-5	-1.900000E-4	8.231650E-1	-1.378200E-5	-1.700000E-7	-1.180000E-6	-2.000000E-8	0.000000E+0	0.000000E+0	1.964247E-4	2.976042E-9	0.000000E+0	0.000000E+0	1.999856E+1	0.000000E+0	8.000000E+0
21-Apr-25	02:54:05	-1.000000E-5	-1.900000E-4	8.242100E-1	-1.386600E-5	-9.000000E-8	-1.160000E-6	-2.000000E-8	0.000000E+0	0.000000E+0	1.964247E-4	2.976042E-9	0.000000E+0	0.000000E+0	1.999856E+1	0.000000E+0	8.000000E+0
21-Apr-25	02:54:05	-1.000000E-5	-1.900000E-4	8.248800E-1	-1.380000E-5	0.000000E+0	-1.140000E-6	-4.000000E-8	0.000000E+0	0.000000E+0	1.964247E-4	2.976042E-9	0.000000E+0	0.000000E+0	1.999856E+1	0.000000E+0	8.000000E+0
21-Apr-25	02:54:06	-1.000000E-5	-1.900000E-4	8.254750E-1	-1.387800E-5	1.600000E-8	-1.140000E-6	-2.000000E-8	0.000000E+0	0.000000E+0	1.964247E-4	2.976042E-9	0.000000E+0	0.000000E+0	1.999856E+1	0.000000E+0	8.000000E+0
21-Apr-25	02:54:06	-1.000000E-5	-1.900000E-4	8.262000E-1	-1.389400E-5	-8.200000E-8	-1.140000E-6	-2.000000E-8	0.000000E+0	0.000000E+0	1.964247E-4	2.976042E-9	0.000000E+0	0.000000E+0	1.999856E+1	0.000000E+0	8.000000E+0
21-Apr-25	02:54:07	-1.000000E-5	-1.900000E-4	8.267950E-1	-1.378400E-5	-7.200000E-8	-1.140000E-6	0.000000E+0	0.000000E+0	0.000000E+0	1.964247E-4	2.976042E-9	0.000000E+0	0.000000E+0	1.999856E+1	0.000000E+0	8.000000E+0
21-Apr-25	02:54:07	-1.000000E-5	-1.900000E-4	8.275950E-1	-1.365000E-5	-1.040000E-7	-1.140000E-6	0.000000E+0	0.000000E+0	0.000000E+0	1.964247E-4	2.976042E-9	0.000000E+0	0.000000E+0	1.999856E+1	0.000000E+0	8.000000E+0
21-Apr-25	02:54:08	-1.000000E-5	-1.900000E-4	8.283350E-1	-1.390800E-5	-3.800000E-8	-1.140000E-6	0.000000E+0	0.000000E+0	0.000000E+0	1.964247E-4	2.976042E-9	0.000000E+0	0.000000E+0	1.999856E+1	0.000000E+0	8.000000E+0
21-Apr-25	02:54:08	-1.000000E-5	-1.900000E-4	8.289300E-1	-1.390600E-5	-6.000000E-9	-1.120000E-6	-2.000000E-8	0.000000E+0	0.000000E+0	1.964247E-4	2.976042E-9	0.000000E+0	0.000000E+0	1.999856E+1	0.000000E+0	8.000000E+0
21-Apr-25	02:54:09	-1.000000E-5	-1.900000E-4	8.295150E-1	-1.375200E-5	2.000000E-9	-1.120000E-6	-2.000000E-8	0.000000E+0	0.000000E+0	1.964247E-4	2.976042E-9	0.000000E+0	0.000000E+0	1.999856E+1	0.000000E+0	8.000000E+0
21-Apr-25	02:54:09	-1.000000E-5	-1.900000E-4	8.301750E-1	-1.386000E-5	-1.040000E-7	-1.120000E-6	0.000000E+0	0.000000E+0	0.000000E+0	1.964247E-4	2.976042E-9	0.000000E+0	0.000000E+0	1.999856E+1	0.000000E+0	8.000000E+0
21-Apr-25	02:54:10	-1.000000E-5	-1.900000E-4	8.308250E-1	-1.388200E-5	-1.000000E-7	-1.080000E-6	0.000000E+0	0.000000E+0	0.000000E+0	1.964247E-4	2.976042E-9	0.000000E+0	0.000000E+0	1.999856E+1	0.000000E+0	8.000000E+0
21-Apr-25	02:54:10	-1.000000E-5	-1.900000E-4	8.315600E-1	-1.379000E-5	-1.220000E-7	-1.100000E-6	0.000000E+0	0.000000E+0	0.000000E+0	1.964247E-4	2.976042E-9	0.000000E+0	0.000000E+0	1.999856E+1	0.000000E+0	8.000000E+0
21-Apr-25	02:54:11	-1.000000E-5	-1.900000E-4	8.316500E-1	-1.384800E-5	-1.620000E-7	-1.080000E-6	-2.000000E-8	0.000000E+0	0.000000E+0	1.964247E-4	2.976042E-9	0.000000E+0	0.000000E+0	1.999856E+1	0.000000E+0	8.000000E+0
21-Apr-25	02:54:11	-1.000000E-5	-1.900000E-4	8.327300E-1	-1.381600E-5	-1.100000E-7	-1.100000E-6	-2.000000E-8	0.000000E+0	0.000000E+0	1.964247E-4	2.976042E-9	0.000000E+0	0.000000E+0	1.999856E+1	0.000000E+0	8.000000E+0
21-Apr-25	02:54:12	-1.000000E-5	-1.900000E-4	8.335050E-1	-1.385000E-5	-1.400000E-7	-1.100000E-6	-2.000000E-8	0.000000E+0	0.000000E+0	1.964247E-4	2.976042E-9	0.000000E+0	0.000000E+0	1.999856E+1	0.000000E+0	8.000000E+0
21-Apr-25	02:54:12	-1.000000E-5	-1.900000E-4	8.340850E-1	-1.384200E-5	-1.660000E-7	-1.080000E-6	-2.000000E-8	0.000000E+0	0.000000E+0	1.964247E-4	2.976042E-9	0.000000E+0	0.000000E+0	1.999856E+1	0.000000E+0	8.000000E+0
21-Apr-25	02:54:13	-1.000000E-5	-1.900000E-4	8.347300E-1	-1.378400E-5	-1.100000E-7	-1.080000E-6	-2.000000E-8	0.000000E+0	0.000000E+0	1.964247E-4	2.976042E-9	0.000000E+0	0.000000E+0	1.999856E+1	0.000000E+0	8.000000E+0
21-Apr-25	02:54:13	-1.000000E-5	-1.900000E-4	8.353050E-1	-1.383200E-5	-5.200000E-8	-1.080000E-6	-2.000000E-8	0.000000E+0	0.000000E+0	1.964247E-4	2.976042E-9	0.000000E+0	0.000000E+0	1.999856E+1	0.000000E+0	8.000000E+0
21-Apr-25	02:54:14	-1.000000E-5	-1.900000E-4	8.360900E-1	-1.380600E-5	-1.440000E-7	-1.080000E-6	-2.000000E-8	0.000000E+0	0.000000E+0	1.964247E-4	2.976042E-9	0.000000E+0	0.000000E+0	1.999856E+1	0.000000E+0	8.000000E+0
21-Apr-25	02:54:14	-1.000000E-5	-1.900000E-4	8.366800E-1	-1.375800E-5	-1.220000E-7	-1.080000E-6	0.000000E+0	0.000000E+0	0.000000E+0	1.964247E-4	2.976042E-9	0.000000E+0	0.000000E+0	1.999856E+1	0.000000E+0	8.000000E+0
21-Apr-25	02:54:15	-1.000000E-5	-1.900000E-4	8.373150E-1	-1.386600E-5	-1.040000E-7	-1.060000E-6	0.000000E+0	0.000000E+0	0.000000E+0	1.964247E-4	2.976042E-9	0.000000E+0	0.000000E+0	1.999856E+1	0.000000E+0	8.000000E+0
21-Apr-25	02:54:15	-1.000000E-5	-1.900000E-4	8.374150E-1	-1.379800E-5	-1.460000E-7	-1.040000E-6	0.000000E+0	0.000000E+0	0.000000E+0	1.964247E-4	2.976042E-9	0.000000E+0	0.000000E+0	1.999856E+1	0.000000E+0	8.000000E+0
21-Apr-25	02:54:16	-1.000000E-5	-1.900000E-4	8.384600E-1	-1.369800E-5	-1.060000E-7	-1.020000E-6	0.000000E+0	0.000000E+0	0.000000E+0	1.964247E-4	2.976042E-9	0.000000E+0	0.000000E+0	1.999856E+1	0.000000E+0	8.000000E+0
21-Apr-25	02:54:16	-1.000000E-5	-1.900000E-4	8.390900E-1	-1.381000E-5	8.000000E-9	-1.020000E-6	0.000000E+0	0.000000E+0	0.000000E+0	1.964247E-4	2.976042E-9	0.000000E+0	0.000000E+0	1.999856E+1	0.000000E+0	8.000000E+0
21-Apr-25	02:54:17	-1.000000E-5	-1.900000E-4	8.396750E-1	-1.380600E-5	6.000000E-9	-1.040000E-6	0.000000E+0	0.000000E+0	0.000000E+0	1.964247E-4	2.976042E-9	0.000000E+0	0.000000E+0	1.999856E+1	0.000000E+0	8.000000E+0
21-Apr-25	02:54:17	-1.000000E-5	-1.900000E-4	8.402450E-1	-1.385400E-5	2.800000E-8	-1.040000E-6	-2.000000E-8	0.000000E+0	0.000000E+0	1.964247E-4	2.976042E-9	0.000000E+0	0.000000E+0	1.999856E+1	0.000000E+0	8.000000E+0
21-Apr-25	02:54:18	-1.000000E-5	-1.900000E-4	8.408700E-1	-1.378800E-5	-1.400000E-7	-1.020000E-6	-2.000000E-8	0.000000E+0	0.000000E+0	1.964247E-4	2.976042E-9	0.000000E+0	0.000000E+0	1.999856E+1	0.000000E+0	8.000000E+0
21-Apr-25	02:54:18	-1.000000E-5	-1.900000E-4	8.414550E-1	-1.375400E-5	-7.400000E-8	-1.020000E-6	0.000000E+0	0.000000E+0	0.000000E+0	1.964247E-4	2.976042E-9	0.000000E+0	0.000000E+0	1.999856E+1	0.000000E+0	8.000000E+0
21-Apr-25	02:54:19	-1.000000E-5	-1.900000E-4	8.415450E-1	-1.380400E-5	-1.040000E-7	-1.040000E-6	0.000000E+0	0.000000E+0	0.000000E+0	1.964247E-4	2.976042E-9	0.000000E+0	0.000000E+0	1.999856E+1	0.000000E+0	8.000000E+0
21-Apr-25	02:54:19	-1.000000E-5	-1.900000E-4	8.427100E-1	-1.377000E-5	-9.600000E-8	-1.020000E-6	0.000000E+0	0.000000E+0	0.000000E+0	1.964247E-4	2.976042E-9	0.000000E+0	0.000000E+0	1.999856E+1	0.000000E+0	8.000000E+0
21-Apr-25	02:54:20	-1.000000E-5	-1.900000E-4	8.433950E-1	-1.373400E-5	-3.600000E-8	-1.020000E-6	0.000000E+0	0.000000E+0	0.000000E+0	1.964247E-4	2.976042E-9	0.000000E+0	0.000000E+0	1.999856E+1	0.000000E+0	8.000000E+0
21-Apr-25	02:54:20	-1.000000E-5	-1.900000E-4	8.435500E-1	-1.386400E-5	-9.600000E-8	-1.020000E-6	0.000000E+0	0.000000E+0	0.000000E+0	1.964247E-4	2.976042E-9	0.000000E+0	0.000000E+0	1.999856E+1	0.000000E+0	8.000000E+0
21-Apr-25	02:54:21	-1.000000E-5	-1.900000E-4	8.446000E-1	-1.388600E-5	-1.000000E-7	-1.020000E-6	-2.000000E-8	0.000000E+0	0.000000E+0	1.964247E-4	2.976042E-9	0.000000E+0	0.000000E+0	1.999856E+1	0.000000E+0	8.000000E+0
21-Apr-25	02:54:21	-1.000000E-5	-1.900000E-4	8.451650E-1	-1.382800E-5	-1.780000E-7	-1.020000E-6	-2.000000E-8	0.000000E+0	0.000000E+0	1.964247E-4	2.976042E-9	0.000000E+0	0.000000E+0	1.999856E+1	0.000000E+0	8.000000E+0
21-Apr-25	02:54:21	-1.000000E-5	-1.900000E-4	8.457200E-1	-1.389600E-5	-1.980000E-7	-1.020000E-6	-2.000000E-8	0.000000E+0	0.000000E+0	1.964247E-4	2.976042E-9	0.000000E+0	0.000000E+0	1.999856E+1	0.000000E+0	8.000000E+0
21-Apr-25	02:54:22	-1.000000E-5	-1.900000E-4	8.462750E-1	-1.379000E-5	-7.800000E-8	-1.020000E-6	0.000000E+0	0.000000E+0	0.000000E+0	1.964247E-4	2.976042E-9	0.000000E+0	0.000000E+0	1.999856E+1	0.000000E+0	8.000000E+0
21-Apr-25	02:54:22	-1.000000E-5	-1.900000E-4	8.468950E-1	-1.377400E-5	-1.280000E-7	-1.040000E-6	0.000000E+0	0.000000E+0	0.000000E+0	1.964247E-4	2.976042E-9	0.000000E+0	0.000000E+0	1.999856E+1	0.000000E+0	8.000000E+0
21-Apr-25	02:54:23	-1.000000E-5	-1.900000E-4	8.475150E-1	-1.365200E-5	-1.820000E-7	-1.020000E-6	0.000000E+0	0.000000E+0	0.000000E+0	1.964247E-4	2.976042E-9	0.000000E+0	0.000000E+0	1.999856E+1	0.000000E+0	8.000000E+0
21-Apr-25	02:54:23	-1.000000E-5	-1.900000E-4	8.481250E-1	-1.361600E-5	-1.520000E-7	-1.020000E-6	0.000000E+0	0.000000E+0	0.000000E+0	1.964247E-4	2.976042E-9	0.000000E+0	0.000000E+0	1.999856E+1	0.000000E+0	8.000000E+0
21-Apr-25	02:54:24	-1.000000E-5	-1.900000E-4	8.486850E-1	-1.366200E-5	-7.200000E-8	-1.000000E-6	-2.000000E-8	0.000000E+0	0.000000E+0	1.964247E-4	2.976042E-9	0.000000E+0	0.000000E+0	1.999856E+1	0.000000E+0	8.000000E+0
21-Apr-25	02:54:24	-1.000000E-5	-1.900000E-4	8.492350E-1	-1.371400E-5	-7.800000E-8	-1.020000E-6	-2.000000E-8	0.000000E+0	0.000000E+0	1.964247E-4	2.976042E-9	0.000000E+0	0.000000E+0	1.999856E+1	0.000000E+0	8.000000E+0
21-Apr-25	02:54:25	-1.000000E-5	-1.900000E-4	8.498450E-1	-1.361400E-5	-1.360000E-7	-1.020000E-6	-2.000000E-8	0.000000E+0	0.000000E+0	1.964247E-4	2.976042E-9	0.000000E+0	0.000000E+0	1.999856E+1	0.000000E+0	8.000000E+0
21-Apr-25	02:54:25	-1.000000E-5	-1.900000E-4	8.499350E-1	-1.362000E-5	-1.740000E-7	-1.020000E-6	-2.000000E-8	0.000000E+0	0.000000E+0	1.964247E-4	2.976042E-9	0.000000E+0	0.000000E+0	1.999856E+1	0.000000E+0	8.000000E+0
21-Apr-25	02:54:26	-1.000000E-5	-1.900000E-4	8.509600E-1	-1.372000E-5	-1.180000E-7	-1.020000E-6	-2.000000E-8	0.000000E+0	0.000000E+0	1.964247E-4	2.976042E-9	0.000000E+0	0.000000E+0	1.999856E+1	0.000000E+0	8.000000E+0
21-Apr-25	02:54:26	-1.000000E-5	-1.900000E-4	8.516250E-1	-1.368200E-5	-8.000000E-8	-1.000000E-6	0.000000E+0	0.000000E+0	0.000000E+0	1.964247E-4	2.976042E-9	0.000000E+0	0.000000E+0	1.999856E+1	0.000000E+0	8.000000E+0
21-Apr-25	02:54:27	-1.000000E-5	-1.900000E-4	8.519000E-1	-1.358400E-5	-8.400000E-8	-9.600000E-7	0.000000E+0	0.000000E+0	0.000000E+0	1.964247E-4	2.976042E-9	0.000000E+0	0.000000E+0	1.999856E+1	0.000000E+0	8.000000E+0
21-Apr-25	02:54:27	-1.000000E-5	-1.900000E-4	8.529050E-1	-1.365600E-5	-5.000000E-8	-1.000000E-6	0.000000E+0	0.000000E+0	0.000000E+0	1.964247E-4	2.976042E-9	0.000000E+0	0.000000E+0	1.999856E+1	0.000000E+0	8.000000E+0
21-Apr-25	02:54:28	-1.000000E-5	-1.900000E-4	8.535700E-1	-1.367800E-5	-6.000000E-8	-1.000000E-6	0.000000E+0	0.000000E+0	0.000000E+0	1.964247E-4	2.976042E-9	0.000000E+0	0.000000E+0	1.999856E+1	0.000000E+0	8.000000E+0
21-Apr-25	02:54:28	-1.000000E-5	-1.900000E-4	8.541100E-1	-1.368400E-5	-1.480000E-7	-1.000000E-6	-2.000000E-8	0.000000E+0	0.000000E+0	1.964247E-4	2.976042E-9	0.000000E+0	0.000000E+0	1.999856E+1	0.000000E+0	8.000000E+0
21-Apr-25	02:54:29	-1.000000E-5	-1.900000E-4	8.547100E-1	-1.370600E-5	-4.000000E-8	-9.800000E-7	0.000000E+0	0.000000E+0	0.000000E+0	1.964247E-4	2.976042E-9	0.000000E+0	0.000000E+0	1.999856E+1	0.000000E+0	8.000000E+0
21-Apr-25	02:54:29	-1.000000E-5	-1.900000E-4	8.552600E-1	-1.368000E-5	-8.200000E-8	-1.000000E-6	-2.000000E-8	0.000000E+0	0.000000E+0	1.964247E-4	2.976042E-9	0.000000E+0	0.000000E+0	1.999856E+1	0.000000E+0	8.000000E+0
21-Apr-25	02:54:30	-1.000000E-5	-1.900000E-4	8.553550E-1	-1.366800E-5	-1.780000E-7	-1.000000E-6	-2.000000E-8	0.000000E+0	0.000000E+0	1.964247E-4	2.976042E-9	0.000000E+0	0.000000E+0	1.999856E+1	0.000000E+0	8.000000E+0
21-Apr-25	02:54:30	-1.000000E-5	-1.900000E-4	8.564000E-1	-1.370200E-5	-1.020000E-7	-1.000000E-6	-2.000000E-8	0.000000E+0	0.000000E+0	1.964247E-4	2.976042E-9	0.000000E+0	0.000000E+0	1.999856E+1	0.000000E+0	8.000000E+0
21-Apr-25	02:54:31	-1.000000E-5	-1.900000E-4	8.570600E-1	-1.377800E-5	-6.200000E-8	-1.000000E-6	0.000000E+0	0.000000E+0	0.000000E+0	1.964247E-4	2.976042E-9	0.000000E+0	0.000000E+0	1.999856E+1	0.000000E+0	8.000000E+0
21-Apr-25	02:54:31	-1.000000E-5	-1.900000E-4	8.577750E-1	-1.374000E-5	-8.000000E-8	-1.020000E-6	-2.000000E-8	0.000000E+0	0.000000E+0	1.964247E-4	2.976042E-9	0.000000E+0	0.000000E+0	1.999856E+1	0.000000E+0	8.000000E+0
21-Apr-25	02:54:32	-1.000000E-5	-1.900000E-4	8.584250E-1	-1.357400E-5	-1.200000E-8	-1.000000E-6	-2.000000E-8	0.000000E+0	0.000000E+0	1.964247E-4	2.976042E-9	0.000000E+0	0.000000E+0	1.999856E+1	0.000000E+0	8.000000E+0
21-Apr-25	02:54:32	-1.000000E-5	-1.900000E-4	8.590200E-1	-1.353600E-5	-8.400000E-8	-9.800000E-7	0.000000E+0	0.000000E+0	0.000000E+0	1.964247E-4	2.976042E-9	0.000000E+0	0.000000E+0	1.999856E+1	0.000000E+0	8.000000E+0
21-Apr-25	02:54:33	-1.000000E-5	-1.900000E-4	8.591750E-1	-1.359400E-5	-1.140000E-7	-9.800000E-7	-2.000000E-8	0.000000E+0	0.000000E+0	1.964247E-4	2.976042E-9	0.000000E+0	0.000000E+0	1.999856E+1	0.000000E+0	8.000000E+0
21-Apr-25	02:54:33	-1.000000E-5	-1.900000E-4	8.601000E-1	-1.351600E-5	-1.300000E-7	-9.800000E-7	-2.000000E-8	0.000000E+0	0.000000E+0	1.964247E-4	2.976042E-9	0.000000E+0	0.000000E+0	1.999856E+1	0.000000E+0	8.000000E+0
21-Apr-25	02:54:34	-1.000000E-5	-1.900000E-4	8.606900E-1	-1.348200E-5	-8.600000E-8	-1.000000E-6	-2.000000E-8	0.000000E+0	0.000000E+0	1.964247E-4	2.976042E-9	0.000000E+0	0.000000E+0	1.999856E+1	0.000000E+0	8.000000E+0
21-Apr-25	02:54:34	-1.000000E-5	-1.900000E-4	8.612150E-1	-1.358000E-5	-1.440000E-7	-9.800000E-7	0.000000E+0	0.000000E+0	0.000000E+0	1.964247E-4	2.976042E-9	0.000000E+0	0.000000E+0	1.999856E+1	0.000000E+0	8.000000E+0
21-Apr-25	02:54:35	-1.000000E-5	-1.900000E-4	8.617450E-1	-1.368200E-5	-1.220000E-7	-9.800000E-7	0.000000E+0	0.000000E+0	0.000000E+0	1.964247E-4	2.976042E-9	0.000000E+0	0.000000E+0	1.999856E+1	0.000000E+0	8.000000E+0
21-Apr-25	02:54:35	-1.000000E-5	-1.900000E-4	8.623250E-1	-1.359200E-5	-5.400000E-8	-1.000000E-6	0.000000E+0	0.000000E+0	0.000000E+0	1.964247E-4	2.976042E-9	0.000000E+0	0.000000E+0	1.999856E+1	0.000000E+0	8.000000E+0
21-Apr-25	02:54:36	-1.000000E-5	-1.900000E-4	8.628500E-1	-1.347200E-5	-1.140000E-7	-1.000000E-6	0.000000E+0	0.000000E+0	0.000000E+0	1.964247E-4	2.976042E-9	0.000000E+0	0.000000E+0	1.999856E+1	0.000000E+0	8.000000E+0
21-Apr-25	02:54:36	-1.000000E-5	-1.900000E-4	8.629400E-1	-1.337200E-5	-7.800000E-8	-1.080000E-6	0.000000E+0	0.000000E+0	0.000000E+0	1.964247E-4	2.976042E-9	0.000000E+0	0.000000E+0	1.999856E+1	0.000000E+0	8.000000E+0
21-Apr-25	02:54:37	-1.000000E-5	-1.900000E-4	8.639750E-1	-1.338400E-5	-8.000000E-9	-1.100000E-6	-2.000000E-8	0.000000E+0	0.000000E+0	1.964247E-4	2.976042E-9	0.000000E+0	0.000000E+0	1.999856E+1	0.000000E+0	8.000000E+0
21-Apr-25	02:54:37	-1.000000E-5	-1.900000E-4	8.646200E-1	-1.345200E-5	-5.800000E-8	-1.120000E-6	0.000000E+0	0.000000E+0	0.000000E+0	1.964247E-4	2.976042E-9	0.000000E+0	0.000000E+0	1.999856E+1	0.000000E+0	8.000000E+0
21-Apr-25	02:54:38	-1.000000E-5	-1.900000E-4	8.648200E-1	-1.333600E-5	-1.040000E-7	-1.100000E-6	0.000000E+0	0.000000E+0	0.000000E+0	1.964247E-4	2.976042E-9	0.000000E+0	0.000000E+0	1.999856E+1	0.000000E+0	8.000000E+0
21-Apr-25	02:54:38	-1.000000E-5	-1.900000E-4	8.658900E-1	-1.328800E-5	5.200000E-8	-1.100000E-6	-2.000000E-8	0.000000E+0	0.000000E+0	1.964247E-4	2.976042E-9	0.000000E+0	0.000000E+0	1.999856E+1	0.000000E+0	8.000000E+0
21-Apr-25	02:54:39	-1.000000E-5	-1.900000E-4	8.664600E-1	-1.328400E-5	-1.320000E-7	-1.100000E-6	-2.000000E-8	0.000000E+0	0.000000E+0	1.964247E-4	2.976042E-9	0.000000E+0	0.000000E+0	1.999856E+1	0.000000E+0	8.000000E+0
21-Apr-25	02:54:39	-1.000000E-5	-1.900000E-4	8.671500E-1	-1.335400E-5	-2.000000E-9	-1.100000E-6	-2.000000E-8	0.000000E+0	0.000000E+0	1.964247E-4	2.976042E-9	0.000000E+0	0.000000E+0	1.999856E+1	0.000000E+0	8.000000E+0
21-Apr-25	02:54:40	-1.000000E-5	-1.900000E-4	8.677250E-1	-1.337400E-5	-2.800000E-8	-1.100000E-6	-2.000000E-8	0.000000E+0	0.000000E+0	1.964247E-4	2.976042E-9	0.000000E+0	0.000000E+0	1.999856E+1	0.000000E+0	8.000000E+0
21-Apr-25	02:54:40	-1.000000E-5	-1.900000E-4	8.682400E-1	-1.340200E-5	-5.400000E-8	-1.100000E-6	-2.000000E-8	0.000000E+0	0.000000E+0	1.964247E-4	2.976042E-9	0.000000E+0	0.000000E+0	1.999856E+1	0.000000E+0	8.000000E+0
21-Apr-25	02:54:41	-1.000000E-5	-1.900000E-4	8.688150E-1	-1.341200E-5	-4.400000E-8	-1.100000E-6	-2.000000E-8	0.000000E+0	0.000000E+0	1.964247E-4	2.976042E-9	0.000000E+0	0.000000E+0	1.999856E+1	0.000000E+0	8.000000E+0
21-Apr-25	02:54:41	-1.000000E-5	-1.900000E-4	8.693850E-1	-1.345000E-5	-2.000000E-9	-1.100000E-6	-2.000000E-8	0.000000E+0	0.000000E+0	1.964247E-4	2.976042E-9	0.000000E+0	0.000000E+0	1.999856E+1	0.000000E+0	8.000000E+0
21-Apr-25	02:54:42	-1.000000E-5	-1.900000E-4	8.700150E-1	-1.338000E-5	-1.380000E-7	-1.100000E-6	-2.000000E-8	0.000000E+0	0.000000E+0	1.964247E-4	2.976042E-9	0.000000E+0	0.000000E+0	1.999856E+1	0.000000E+0	8.000000E+0
21-Apr-25	02:54:42	-1.000000E-5	-1.900000E-4	8.706500E-1	-1.338400E-5	-6.400000E-8	-1.120000E-6	0.000000E+0	0.000000E+0	0.000000E+0	1.964247E-4	2.976042E-9	0.000000E+0	0.000000E+0	1.999856E+1	0.000000E+0	8.000000E+0
21-Apr-25	02:54:43	-1.000000E-5	-1.900000E-4	8.707300E-1	-1.335000E-5	-1.200000E-8	-1.120000E-6	-2.000000E-8	0.000000E+0	0.000000E+0	1.964247E-4	2.976042E-9	0.000000E+0	0.000000E+0	1.999856E+1	0.000000E+0	8.000000E+0
21-Apr-25	02:54:43	-1.000000E-5	-1.900000E-4	8.717250E-1	-1.334400E-5	-8.200000E-8	-1.100000E-6	0.000000E+0	0.000000E+0	0.000000E+0	1.964247E-4	2.976042E-9	0.000000E+0	0.000000E+0	1.999856E+1	0.000000E+0	8.000000E+0
21-Apr-25	02:54:44	-1.000000E-5	-1.900000E-4	8.722850E-1	-1.337200E-5	-1.020000E-7	-1.140000E-6	0.000000E+0	0.000000E+0	0.000000E+0	1.964247E-4	2.976042E-9	0.000000E+0	0.000000E+0	1.999856E+1	0.000000E+0	8.000000E+0
21-Apr-25	02:54:44	-1.000000E-5	-1.900000E-4	8.727950E-1	-1.330600E-5	-1.780000E-7	-1.140000E-6	0.000000E+0	0.000000E+0	0.000000E+0	1.964247E-4	2.976042E-9	0.000000E+0	0.000000E+0	1.999856E+1	0.000000E+0	8.000000E+0
21-Apr-25	02:54:45	-1.000000E-5	-1.900000E-4	8.733550E-1	-1.325000E-5	-1.520000E-7	-1.100000E-6	0.000000E+0	0.000000E+0	0.000000E+0	1.964247E-4	2.976042E-9	0.000000E+0	0.000000E+0	1.999856E+1	0.000000E+0	8.000000E+0
21-Apr-25	02:54:45	-1.000000E-5	-1.900000E-4	8.738550E-1	-1.328800E-5	-5.800000E-8	-1.100000E-6	0.000000E+0	0.000000E+0	0.000000E+0	1.964247E-4	2.976042E-9	0.000000E+0	0.000000E+0	1.999856E+1	0.000000E+0	8.000000E+0
21-Apr-25	02:54:46	-1.000000E-5	-1.900000E-4	8.744700E-1	-1.340000E-5	-7.000000E-8	-1.100000E-6	-2.000000E-8	0.000000E+0	0.000000E+0	1.964247E-4	2.976042E-9	0.000000E+0	0.000000E+0	1.999856E+1	0.000000E+0	8.000000E+0
21-Apr-25	02:54:46	-1.000000E-5	-1.900000E-4	8.749750E-1	-1.342200E-5	-1.040000E-7	-1.120000E-6	-2.000000E-8	0.000000E+0	0.000000E+0	1.964247E-4	2.976042E-9	0.000000E+0	0.000000E+0	1.999856E+1	0.000000E+0	8.000000E+0
21-Apr-25	02:54:47	-1.000000E-5	-1.900000E-4	8.754750E-1	-1.334000E-5	-8.800000E-8	-1.120000E-6	-2.000000E-8	0.000000E+0	0.000000E+0	1.964247E-4	2.976042E-9	0.000000E+0	0.000000E+0	1.999856E+1	0.000000E+0	8.000000E+0
21-Apr-25	02:54:47	-1.000000E-5	-1.900000E-4	8.760250E-1	-1.320400E-5	-5.600000E-8	-1.120000E-6	-2.000000E-8	0.000000E+0	0.000000E+0	1.964247E-4	2.976042E-9	0.000000E+0	0.000000E+0	1.999856E+1	0.000000E+0	8.000000E+0
21-Apr-25	02:54:48	-1.000000E-5	-1.900000E-4	8.761100E-1	-1.320600E-5	-7.200000E-8	-1.100000E-6	0.000000E+0	0.000000E+0	0.000000E+0	1.964247E-4	2.976042E-9	0.000000E+0	0.000000E+0	1.999856E+1	0.000000E+0	8.000000E+0
21-Apr-25	02:54:48	-1.000000E-5	-1.900000E-4	8.771000E-1	-1.332200E-5	-1.580000E-7	-1.120000E-6	-2.000000E-8	0.000000E+0	0.000000E+0	1.964247E-4	2.976042E-9	0.000000E+0	0.000000E+0	1.999856E+1	0.000000E+0	8.000000E+0
21-Apr-25	02:54:49	-1.000000E-5	-1.900000E-4	8.776500E-1	-1.332400E-5	-1.500000E-7	-1.120000E-6	-2.000000E-8	0.000000E+0	0.000000E+0	1.964247E-4	2.976042E-9	0.000000E+0	0.000000E+0	1.999856E+1	0.000000E+0	8.000000E+0
21-Apr-25	02:54:49	-1.000000E-5	-1.900000E-4	8.778400E-1	-1.325400E-5	-5.400000E-8	-1.100000E-6	-2.000000E-8	0.000000E+0	0.000000E+0	1.964247E-4	2.976042E-9	0.000000E+0	0.000000E+0	1.999856E+1	0.000000E+0	8.000000E+0
21-Apr-25	02:54:50	-1.000000E-5	-1.900000E-4	8.787500E-1	-1.334600E-5	-1.380000E-7	-1.100000E-6	0.000000E+0	0.000000E+0	0.000000E+0	1.964247E-4	2.976042E-9	0.000000E+0	0.000000E+0	1.999856E+1	0.000000E+0	8.000000E+0
21-Apr-25	02:54:50	-1.000000E-5	-1.900000E-4	8.793550E-1	-1.321400E-5	-1.300000E-7	-1.120000E-6	-2.000000E-8	0.000000E+0	0.000000E+0	1.964247E-4	2.976042E-9	0.000000E+0	0.000000E+0	1.999856E+1	0.000000E+0	8.000000E+0
21-Apr-25	02:54:51	-1.000000E-5	-1.900000E-4	8.799550E-1	-1.314600E-5	-3.400000E-8	-1.140000E-6	-2.000000E-8	0.000000E+0	0.000000E+0	1.964247E-4	2.976042E-9	0.000000E+0	0.000000E+0	1.999856E+1	0.000000E+0	8.000000E+0
21-Apr-25	02:54:51	-1.000000E-5	-1.900000E-4	8.804450E-1	-1.318000E-5	-1.740000E-7	-1.120000E-6	-2.000000E-8	0.000000E+0	0.000000E+0	1.964247E-4	2.976042E-9	0.000000E+0	0.000000E+0	1.999856E+1	0.000000E+0	8.000000E+0
21-Apr-25	02:54:52	-1.000000E-5	-1.900000E-4	8.810400E-1	-1.327000E-5	-6.800000E-8	-1.140000E-6	-2.000000E-8	0.000000E+0	0.000000E+0	1.964247E-4	2.976042E-9	0.000000E+0	0.000000E+0	1.999856E+1	0.000000E+0	8.000000E+0
21-Apr-25	02:54:52	-1.000000E-5	-1.900000E-4	8.815350E-1	-1.328800E-5	-4.400000E-8	-1.140000E-6	0.000000E+0	0.000000E+0	0.000000E+0	1.964247E-4	2.976042E-9	0.000000E+0	0.000000E+0	1.999856E+1	0.000000E+0	8.000000E+0
21-Apr-25	02:54:53	-1.000000E-5	-1.900000E-4	8.820200E-1	-1.329200E-5	-4.400000E-8	-1.140000E-6	0.000000E+0	0.000000E+0	0.000000E+0	1.964247E-4	2.976042E-9	0.000000E+0	0.000000E+0	1.999856E+1	0.000000E+0	8.000000E+0
21-Apr-25	02:54:53	-1.000000E-5	-1.900000E-4	8.826150E-1	-1.321200E-5	1.200000E-8	-1.140000E-6	0.000000E+0	0.000000E+0	0.000000E+0	1.964247E-4	2.976042E-9	0.000000E+0	0.000000E+0	1.999856E+1	0.000000E+0	8.000000E+0
21-Apr-25	02:54:54	-1.000000E-5	-1.900000E-4	8.827500E-1	-1.321800E-5	2.000000E-9	-1.120000E-6	0.000000E+0	0.000000E+0	0.000000E+0	1.964247E-4	2.976042E-9	0.000000E+0	0.000000E+0	1.999856E+1	0.000000E+0	8.000000E+0
21-Apr-25	02:54:54	-1.000000E-5	-1.900000E-4	8.836450E-1	-1.322200E-5	-2.000000E-8	-1.120000E-6	0.000000E+0	0.000000E+0	0.000000E+0	1.964247E-4	2.976042E-9	0.000000E+0	0.000000E+0	1.999856E+1	0.000000E+0	8.000000E+0
21-Apr-25	02:54:55	-1.000000E-5	-1.900000E-4	8.841400E-1	-1.326200E-5	-6.200000E-8	-1.140000E-6	-2.000000E-8	0.000000E+0	0.000000E+0	1.964247E-4	2.976042E-9	0.000000E+0	0.000000E+0	1.999856E+1	0.000000E+0	8.000000E+0
21-Apr-25	02:54:55	-1.000000E-5	-1.900000E-4	8.846800E-1	-1.321200E-5	-1.340000E-7	-1.140000E-6	-4.000000E-8	0.000000E+0	0.000000E+0	1.964247E-4	2.976042E-9	0.000000E+0	0.000000E+0	1.999856E+1	0.000000E+0	8.000000E+0
21-Apr-25	02:54:56	-1.000000E-5	-1.900000E-4	8.848100E-1	-1.324000E-5	-7.400000E-8	-1.140000E-6	-2.000000E-8	0.000000E+0	0.000000E+0	1.964247E-4	2.976042E-9	0.000000E+0	0.000000E+0	1.999856E+1	0.000000E+0	8.000000E+0
21-Apr-25	02:54:56	-1.000000E-5	-1.900000E-4	8.858200E-1	-1.327800E-5	-3.800000E-8	-1.120000E-6	0.000000E+0	0.000000E+0	0.000000E+0	1.964247E-4	2.976042E-9	0.000000E+0	0.000000E+0	1.999856E+1	0.000000E+0	8.000000E+0
21-Apr-25	02:54:57	-1.000000E-5	-1.900000E-4	8.863500E-1	-1.321000E-5	-1.000000E-7	-1.100000E-6	0.000000E+0	0.000000E+0	0.000000E+0	1.964247E-4	2.976042E-9	0.000000E+0	0.000000E+0	1.999856E+1	0.000000E+0	8.000000E+0
21-Apr-25	02:54:57	-1.000000E-5	-1.900000E-4	8.865850E-1	-1.316200E-5	-9.600000E-8	-1.100000E-6	0.000000E+0	0.000000E+0	0.000000E+0	1.964247E-4	2.976042E-9	0.000000E+0	0.000000E+0	1.999856E+1	0.000000E+0	8.000000E+0
21-Apr-25	02:54:58	-1.000000E-5	-1.900000E-4	8.875750E-1	-1.326200E-5	-1.600000E-8	-1.100000E-6	-2.000000E-8	0.000000E+0	0.000000E+0	1.964247E-4	2.976042E-9	0.000000E+0	0.000000E+0	1.999856E+1	0.000000E+0	8.000000E+0
21-Apr-25	02:54:58	-1.000000E-5	-1.900000E-4	8.881200E-1	-1.321400E-5	-1.200000E-8	-1.080000E-6	-2.000000E-8	0.000000E+0	0.000000E+0	1.964247E-4	2.976042E-9	0.000000E+0	0.000000E+0	1.999856E+1	0.000000E+0	8.000000E+0
21-Apr-25	02:54:59	-1.000000E-5	-1.900000E-4	8.885950E-1	-1.320800E-5	-3.200000E-8	-1.080000E-6	-2.000000E-8	0.000000E+0	0.000000E+0	1.964247E-4	2.976042E-9	0.000000E+0	0.000000E+0	1.999856E+1	0.000000E+0	8.000000E+0
21-Apr-25	02:54:59	-1.000000E-5	-1.900000E-4	8.890700E-1	-1.324800E-5	-7.200000E-8	-1.080000E-6	-2.000000E-8	0.000000E+0	0.000000E+0	1.964247E-4	2.976042E-9	0.000000E+0	0.000000E+0	1.999856E+1	0.000000E+0	8.000000E+0
21-Apr-25	02:55:00	-1.000000E-5	-1.900000E-4	8.895950E-1	-1.306200E-5	-2.000000E-9	-1.060000E-6	-2.000000E-8	0.000000E+0	0.000000E+0	1.964247E-4	2.976042E-9	0.000000E+0	0.000000E+0	1.999856E+1	0.000000E+0	8.000000E+0
21-Apr-25	02:55:01	-1.000000E-5	-1.900000E-4	8.901200E-1	-1.317800E-5	3.800000E-8	-1.080000E-6	-4.000000E-8	0.000000E+0	0.000000E+0	1.964247E-4	2.976042E-9	0.000000E+0	0.000000E+0	1.999856E+1	0.000000E+0	8.000000E+0
21-Apr-25	02:55:01	-1.000000E-5	-1.900000E-4	8.906900E-1	-1.317000E-5	-9.800000E-8	-1.080000E-6	0.000000E+0	0.000000E+0	0.000000E+0	1.964247E-4	2.976042E-9	0.000000E+0	0.000000E+0	1.999856E+1	0.000000E+0	8.000000E+0
21-Apr-25	02:55:02	-1.000000E-5	-1.900000E-4	8.913400E-1	-1.320400E-5	-8.600000E-8	-1.080000E-6	-2.000000E-8	0.000000E+0	0.000000E+0	1.964247E-4	2.976042E-9	0.000000E+0	0.000000E+0	1.999856E+1	0.000000E+0	8.000000E+0
21-Apr-25	02:55:02	-1.000000E-5	-1.900000E-4	8.918050E-1	-1.326600E-5	-4.200000E-8	-1.060000E-6	-2.000000E-8	0.000000E+0	0.000000E+0	1.964247E-4	2.976042E-9	0.000000E+0	0.000000E+0	1.999856E+1	0.000000E+0	8.000000E+0
21-Apr-25	02:55:03	-1.000000E-5	-1.900000E-4	8.923250E-1	-1.324800E-5	-1.380000E-7	-1.080000E-6	-2.000000E-8	0.000000E+0	0.000000E+0	1.964247E-4	2.976042E-9	0.000000E+0	0.000000E+0	1.999856E+1	0.000000E+0	8.000000E+0
21-Apr-25	02:55:03	-1.000000E-5	-1.900000E-4	8.927950E-1	-1.317600E-5	-8.600000E-8	-1.080000E-6	-2.000000E-8	0.000000E+0	0.000000E+0	1.964247E-4	2.976042E-9	0.000000E+0	0.000000E+0	1.999856E+1	0.000000E+0	8.000000E+0
21-Apr-25	02:55:04	-1.000000E-5	-1.900000E-4	8.934250E-1	-1.312200E-5	-7.600000E-8	-1.080000E-6	0.000000E+0	0.000000E+0	0.000000E+0	1.964247E-4	2.976042E-9	0.000000E+0	0.000000E+0	1.999856E+1	0.000000E+0	8.000000E+0
21-Apr-25	02:55:04	-1.000000E-5	-1.900000E-4	8.938950E-1	-1.313800E-5	-5.800000E-8	-1.080000E-6	0.000000E+0	0.000000E+0	0.000000E+0	1.964247E-4	2.976042E-9	0.000000E+0	0.000000E+0	1.999856E+1	0.000000E+0	8.000000E+0
21-Apr-25	02:55:05	-1.000000E-5	-1.900000E-4	8.944650E-1	-1.318000E-5	-8.800000E-8	-1.060000E-6	-2.000000E-8	0.000000E+0	0.000000E+0	1.964247E-4	2.976042E-9	0.000000E+0	0.000000E+0	1.999856E+1	0.000000E+0	8.000000E+0
21-Apr-25	02:55:05	-1.000000E-5	-1.900000E-4	8.946450E-1	-1.320800E-5	-7.000000E-8	-1.060000E-6	-4.000000E-8	0.000000E+0	0.000000E+0	1.964247E-4	2.976042E-9	0.000000E+0	0.000000E+0	1.999856E+1	0.000000E+0	8.000000E+0
21-Apr-25	02:55:06	-1.000000E-5	-1.900000E-4	8.955950E-1	-1.318000E-5	-5.000000E-8	-1.080000E-6	0.000000E+0	0.000000E+0	0.000000E+0	1.964247E-4	2.976042E-9	0.000000E+0	0.000000E+0	1.999856E+1	0.000000E+0	8.000000E+0
21-Apr-25	02:55:06	-1.000000E-5	-1.900000E-4	8.960550E-1	-1.314200E-5	-1.060000E-7	-1.080000E-6	0.000000E+0	0.000000E+0	0.000000E+0	1.964247E-4	2.976042E-9	0.000000E+0	0.000000E+0	1.999856E+1	0.000000E+0	8.000000E+0
21-Apr-25	02:55:07	-1.000000E-5	-1.900000E-4	8.965650E-1	-1.312200E-5	-1.080000E-7	-1.060000E-6	-2.000000E-8	0.000000E+0	0.000000E+0	1.964247E-4	2.976042E-9	0.000000E+0	0.000000E+0	1.999856E+1	0.000000E+0	8.000000E+0
21-Apr-25	02:55:07	-1.000000E-5	-1.900000E-4	8.966400E-1	-1.323600E-5	-1.080000E-7	-1.060000E-6	0.000000E+0	0.000000E+0	0.000000E+0	1.964247E-4	2.976042E-9	0.000000E+0	0.000000E+0	1.999856E+1	0.000000E+0	8.000000E+0
21-Apr-25	02:55:08	-1.000000E-5	-1.900000E-4	8.974950E-1	-1.325800E-5	-1.120000E-7	-1.060000E-6	0.000000E+0	0.000000E+0	0.000000E+0	1.964247E-4	2.976042E-9	0.000000E+0	0.000000E+0	1.999856E+1	0.000000E+0	8.000000E+0
21-Apr-25	02:55:08	-1.000000E-5	-1.900000E-4	8.980550E-1	-1.317000E-5	-3.200000E-8	-1.060000E-6	-2.000000E-8	0.000000E+0	0.000000E+0	1.964247E-4	2.976042E-9	0.000000E+0	0.000000E+0	1.999856E+1	0.000000E+0	8.000000E+0
21-Apr-25	02:55:09	-1.000000E-5	-1.900000E-4	8.982800E-1	-1.327200E-5	-2.100000E-7	-1.060000E-6	0.000000E+0	0.000000E+0	0.000000E+0	1.964247E-4	2.976042E-9	0.000000E+0	0.000000E+0	1.999856E+1	0.000000E+0	8.000000E+0
21-Apr-25	02:55:09	-1.000000E-5	-1.900000E-4	8.991200E-1	-1.319400E-5	-1.500000E-7	-1.060000E-6	0.000000E+0	0.000000E+0	0.000000E+0	1.964247E-4	2.976042E-9	0.000000E+0	0.000000E+0	1.999856E+1	0.000000E+0	8.000000E+0
21-Apr-25	02:55:10	-1.000000E-5	-1.900000E-4	8.996050E-1	-1.309200E-5	-1.560000E-7	-1.100000E-6	-4.000000E-8	0.000000E+0	0.000000E+0	1.964247E-4	2.976042E-9	0.000000E+0	0.000000E+0	1.999856E+1	0.000000E+0	8.000000E+0
21-Apr-25	02:55:10	-1.000000E-5	-1.900000E-4	8.995050E-1	-1.224400E-5	-1.420000E-7	-1.720000E-6	-2.000000E-8	0.000000E+0	0.000000E+0	1.964247E-4	2.976042E-9	0.000000E+0	0.000000E+0	1.999856E+1	0.000000E+0	8.000000E+0
21-Apr-25	02:55:11	-1.000000E-5	-1.900000E-4	8.993650E-1	-1.137400E-5	-4.200000E-8	-2.040000E-6	-2.000000E-8	0.000000E+0	0.000000E+0	1.964247E-4	2.976042E-9	0.000000E+0	0.000000E+0	1.999856E+1	0.000000E+0	8.000000E+0
21-Apr-25	02:55:11	-1.000000E-5	-1.900000E-4	8.980350E-1	-1.136200E-5	-1.120000E-7	-2.020000E-6	-4.000000E-8	0.000000E+0	0.000000E+0	1.964247E-4	2.976042E-9	0.000000E+0	0.000000E+0	1.999856E+1	0.000000E+0	8.000000E+0
21-Apr-25	02:55:12	-1.000000E-5	-1.900000E-4	8.964550E-1	-1.135400E-5	-1.620000E-7	-2.020000E-6	-2.000000E-8	0.000000E+0	0.000000E+0	1.964247E-4	2.976042E-9	0.000000E+0	0.000000E+0	1.999856E+1	0.000000E+0	8.000000E+0
21-Apr-25	02:55:13	-1.000000E-5	-1.900000E-4	8.948650E-1	-1.133800E-5	-7.400000E-8	-2.000000E-6	-2.000000E-8	0.000000E+0	0.000000E+0	1.964247E-4	2.976042E-9	0.000000E+0	0.000000E+0	1.999856E+1	0.000000E+0	8.000000E+0
21-Apr-25	02:55:13	-1.000000E-5	-1.900000E-4	8.926450E-1	-1.125400E-5	-5.000000E-8	-2.020000E-6	-4.000000E-8	0.000000E+0	0.000000E+0	1.964247E-4	2.976042E-9	0.000000E+0	0.000000E+0	1.999856E+1	0.000000E+0	8.000000E+0
21-Apr-25	02:55:14	-1.000000E-5	-1.900000E-4	8.910650E-1	-1.129400E-5	-9.400000E-8	-2.020000E-6	-4.000000E-8	0.000000E+0	0.000000E+0	1.964247E-4	2.976042E-9	0.000000E+0	0.000000E+0	1.999856E+1	0.000000E+0	8.000000E+0
21-Apr-25	02:55:14	-1.000000E-5	-1.900000E-4	8.894800E-1	-1.132800E-5	-1.320000E-7	-2.040000E-6	-2.000000E-8	0.000000E+0	0.000000E+0	1.964247E-4	2.976042E-9	0.000000E+0	0.000000E+0	1.999856E+1	0.000000E+0	8.000000E+0
21-Apr-25	02:55:15	-1.000000E-5	-1.900000E-4	8.878950E-1	-1.119000E-5	-1.000000E-7	-2.020000E-6	-2.000000E-8	0.000000E+0	0.000000E+0	1.964247E-4	2.976042E-9	0.000000E+0	0.000000E+0	1.999856E+1	0.000000E+0	8.000000E+0
21-Apr-25	02:55:15	-1.000000E-5	-1.900000E-4	8.863100E-1	-1.121400E-5	-4.000000E-8	-2.020000E-6	-2.000000E-8	0.000000E+0	0.000000E+0	1.964247E-4	2.976042E-9	0.000000E+0	0.000000E+0	1.999856E+1	0.000000E+0	8.000000E+0
21-Apr-25	02:55:16	-1.000000E-5	-1.900000E-4	8.847250E-1	-1.134000E-5	-5.000000E-8	-2.000000E-6	-2.000000E-8	0.000000E+0	0.000000E+0	1.964247E-4	2.976042E-9	0.000000E+0	0.000000E+0	1.999856E+1	0.000000E+0	8.000000E+0
21-Apr-25	02:55:17	-1.000000E-5	-1.900000E-4	8.823500E-1	-1.131000E-5	-3.000000E-8	-2.020000E-6	-4.000000E-8	0.000000E+0	0.000000E+0	1.964247E-4	2.976042E-9	0.000000E+0	0.000000E+0	1.999856E+1	0.000000E+0	8.000000E+0
21-Apr-25	02:55:17	-1.000000E-5	-1.900000E-4	8.797850E-1	-1.129200E-5	-1.080000E-7	-2.020000E-6	-2.000000E-8	0.000000E+0	0.000000E+0	1.964247E-4	2.976042E-9	0.000000E+0	0.000000E+0	1.999856E+1	0.000000E+0	8.000000E+0
21-Apr-25	02:55:18	-1.000000E-5	-1.900000E-4	8.773850E-1	-1.128400E-5	-1.400000E-7	-2.040000E-6	0.000000E+0	0.000000E+0	0.000000E+0	1.964247E-4	2.976042E-9	0.000000E+0	0.000000E+0	1.999856E+1	0.000000E+0	8.000000E+0
21-Apr-25	02:55:18	-1.000000E-5	-1.900000E-4	8.759550E-1	-1.133000E-5	-1.920000E-7	-2.040000E-6	-2.000000E-8	0.000000E+0	0.000000E+0	1.964247E-4	2.976042E-9	0.000000E+0	0.000000E+0	1.999856E+1	0.000000E+0	8.000000E+0
21-Apr-25	02:55:19	-1.000000E-5	-1.900000E-4	8.743700E-1	-1.141400E-5	-1.520000E-7	-2.020000E-6	-2.000000E-8	0.000000E+0	0.000000E+0	1.964247E-4	2.976042E-9	0.000000E+0	0.000000E+0	1.999856E+1	0.000000E+0	8.000000E+0
21-Apr-25	02:55:19	-1.000000E-5	-1.900000E-4	8.727850E-1	-1.134400E-5	4.600000E-8	-2.020000E-6	-2.000000E-8	0.000000E+0	0.000000E+0	1.964247E-4	2.976042E-9	0.000000E+0	0.000000E+0	1.999856E+1	0.000000E+0	8.000000E+0
21-Apr-25	02:55:20	-1.000000E-5	-1.900000E-4	8.712000E-1	-1.138600E-5	2.200000E-8	-2.000000E-6	-4.000000E-8	0.000000E+0	0.000000E+0	1.964247E-4	2.976042E-9	0.000000E+0	0.000000E+0	1.999856E+1	0.000000E+0	8.000000E+0
21-Apr-25	02:55:20	-1.000000E-5	-1.900000E-4	8.696150E-1	-1.135600E-5	-8.000000E-9	-2.000000E-6	-2.000000E-8	0.000000E+0	0.000000E+0	1.964247E-4	2.976042E-9	0.000000E+0	0.000000E+0	1.999856E+1	0.000000E+0	8.000000E+0
21-Apr-25	02:55:21	-1.000000E-5	-1.900000E-4	8.680250E-1	-1.140000E-5	-3.200000E-8	-2.000000E-6	-2.000000E-8	0.000000E+0	0.000000E+0	1.964247E-4	2.976042E-9	0.000000E+0	0.000000E+0	1.999856E+1	0.000000E+0	8.000000E+0
21-Apr-25	02:55:21	-1.000000E-5	-1.900000E-4	8.664450E-1	-1.144400E-5	-8.800000E-8	-1.980000E-6	-4.000000E-8	0.000000E+0	0.000000E+0	1.964247E-4	2.976042E-9	0.000000E+0	0.000000E+0	1.999856E+1	0.000000E+0	8.000000E+0
21-Apr-25	02:55:22	-1.000000E-5	-1.900000E-4	8.645450E-1	-1.138400E-5	-6.000000E-8	-1.980000E-6	-4.000000E-8	0.000000E+0	0.000000E+0	1.964247E-4	2.976042E-9	0.000000E+0	0.000000E+0	1.999856E+1	0.000000E+0	8.000000E+0
21-Apr-25	02:55:22	-1.000000E-5	-1.900000E-4	8.629600E-1	-1.134400E-5	3.000000E-8	-2.000000E-6	-4.000000E-8	0.000000E+0	0.000000E+0	1.964247E-4	2.976042E-9	0.000000E+0	0.000000E+0	1.999856E+1	0.000000E+0	8.000000E+0
21-Apr-25	02:55:23	-1.000000E-5	-1.900000E-4	8.613750E-1	-1.139600E-5	-5.000000E-8	-2.000000E-6	-2.000000E-8	0.000000E+0	0.000000E+0	1.964247E-4	2.976042E-9	0.000000E+0	0.000000E+0	1.999856E+1	0.000000E+0	8.000000E+0
21-Apr-25	02:55:24	-1.000000E-5	-1.900000E-4	8.593100E-1	-1.139400E-5	-6.800000E-8	-1.980000E-6	-4.000000E-8	0.000000E+0	0.000000E+0	1.964247E-4	2.976042E-9	0.000000E+0	0.000000E+0	1.999856E+1	0.000000E+0	8.000000E+0
21-Apr-25	02:55:24	-1.000000E-5	-1.900000E-4	8.577250E-1	-1.132800E-5	-6.400000E-8	-2.000000E-6	-2.000000E-8	0.000000E+0	0.000000E+0	1.964247E-4	2.976042E-9	0.000000E+0	0.000000E+0	1.999856E+1	0.000000E+0	8.000000E+0
21-Apr-25	02:55:25	-1.000000E-5	-1.900000E-4	8.563050E-1	-1.132200E-5	-6.200000E-8	-2.000000E-6	-2.000000E-8	0.000000E+0	0.000000E+0	1.964247E-4	2.976042E-9	0.000000E+0	0.000000E+0	1.999856E+1	0.000000E+0	8.000000E+0
21-Apr-25	02:55:25	-1.000000E-5	-1.900000E-4	8.540300E-1	-1.136200E-5	-2.800000E-8	-2.000000E-6	-2.000000E-8	0.000000E+0	0.000000E+0	1.964247E-4	2.976042E-9	0.000000E+0	0.000000E+0	1.999856E+1	0.000000E+0	8.000000E+0
21-Apr-25	02:55:26	-1.000000E-5	-1.900000E-4	8.522850E-1	-1.143600E-5	-7.400000E-8	-2.020000E-6	-4.000000E-8	0.000000E+0	0.000000E+0	1.964247E-4	2.976042E-9	0.000000E+0	0.000000E+0	1.999856E+1	0.000000E+0	8.000000E+0
21-Apr-25	02:55:26	-1.000000E-5	-1.900000E-4	8.506950E-1	-1.137000E-5	-1.000000E-7	-2.000000E-6	-2.000000E-8	0.000000E+0	0.000000E+0	1.964247E-4	2.976042E-9	0.000000E+0	0.000000E+0	1.999856E+1	0.000000E+0	8.000000E+0
21-Apr-25	02:55:27	-1.000000E-5	-1.900000E-4	8.491200E-1	-1.127400E-5	-4.200000E-8	-1.980000E-6	-2.000000E-8	0.000000E+0	0.000000E+0	1.964247E-4	2.976042E-9	0.000000E+0	0.000000E+0	1.999856E+1	0.000000E+0	8.000000E+0
21-Apr-25	02:55:27	-1.000000E-5	-1.900000E-4	8.473750E-1	-1.132600E-5	-6.800000E-8	-2.000000E-6	0.000000E+0	0.000000E+0	0.000000E+0	1.964247E-4	2.976042E-9	0.000000E+0	0.000000E+0	1.999856E+1	0.000000E+0	8.000000E+0
21-Apr-25	02:55:28	-1.000000E-5	-1.900000E-4	8.457850E-1	-1.132400E-5	-8.200000E-8	-2.000000E-6	0.000000E+0	0.000000E+0	0.000000E+0	1.964247E-4	2.976042E-9	0.000000E+0	0.000000E+0	1.999856E+1	0.000000E+0	8.000000E+0
21-Apr-25	02:55:28	-1.000000E-5	-1.900000E-4	8.442000E-1	-1.130200E-5	-1.120000E-7	-2.000000E-6	-2.000000E-8	0.000000E+0	0.000000E+0	1.964247E-4	2.976042E-9	0.000000E+0	0.000000E+0	1.999856E+1	0.000000E+0	8.000000E+0
21-Apr-25	02:55:29	-1.000000E-5	-1.900000E-4	8.426150E-1	-1.137400E-5	-2.200000E-8	-2.000000E-6	-4.000000E-8	0.000000E+0	0.000000E+0	1.964247E-4	2.976042E-9	0.000000E+0	0.000000E+0	1.999856E+1	0.000000E+0	8.000000E+0
21-Apr-25	02:55:29	-1.000000E-5	-1.900000E-4	8.410300E-1	-1.142400E-5	6.200000E-8	-2.020000E-6	-4.000000E-8	0.000000E+0	0.000000E+0	1.964247E-4	2.976042E-9	0.000000E+0	0.000000E+0	1.999856E+1	0.000000E+0	8.000000E+0
21-Apr-25	02:55:30	-1.000000E-5	-1.900000E-4	8.388150E-1	-1.136600E-5	-1.140000E-7	-2.000000E-6	-2.000000E-8	0.000000E+0	0.000000E+0	1.964247E-4	2.976042E-9	0.000000E+0	0.000000E+0	1.999856E+1	0.000000E+0	8.000000E+0
21-Apr-25	02:55:31	-1.000000E-5	-1.900000E-4	8.370650E-1	-1.139600E-5	-1.100000E-7	-2.000000E-6	0.000000E+0	0.000000E+0	0.000000E+0	1.964247E-4	2.976042E-9	0.000000E+0	0.000000E+0	1.999856E+1	0.000000E+0	8.000000E+0
21-Apr-25	02:55:31	-1.000000E-5	-1.900000E-4	8.356450E-1	-1.128800E-5	-1.120000E-7	-2.000000E-6	-2.000000E-8	0.000000E+0	0.000000E+0	1.964247E-4	2.976042E-9	0.000000E+0	0.000000E+0	1.999856E+1	0.000000E+0	8.000000E+0
21-Apr-25	02:55:32	-1.000000E-5	-1.900000E-4	8.340550E-1	-1.127000E-5	-1.280000E-7	-2.000000E-6	-2.000000E-8	0.000000E+0	0.000000E+0	1.964247E-4	2.976042E-9	0.000000E+0	0.000000E+0	1.999856E+1	0.000000E+0	8.000000E+0
21-Apr-25	02:55:32	-1.000000E-5	-1.900000E-4	8.324750E-1	-1.135200E-5	-1.120000E-7	-2.000000E-6	-4.000000E-8	0.000000E+0	0.000000E+0	1.964247E-4	2.976042E-9	0.000000E+0	0.000000E+0	1.999856E+1	0.000000E+0	8.000000E+0
21-Apr-25	02:55:33	-1.000000E-5	-1.900000E-4	8.308900E-1	-1.135600E-5	-3.000000E-8	-2.000000E-6	-4.000000E-8	0.000000E+0	0.000000E+0	1.964247E-4	2.976042E-9	0.000000E+0	0.000000E+0	1.999856E+1	0.000000E+0	8.000000E+0
21-Apr-25	02:55:33	-1.000000E-5	-1.900000E-4	8.289850E-1	-1.136000E-5	-4.400000E-8	-2.020000E-6	-2.000000E-8	0.000000E+0	0.000000E+0	1.964247E-4	2.976042E-9	0.000000E+0	0.000000E+0	1.999856E+1	0.000000E+0	8.000000E+0
21-Apr-25	02:55:34	-1.000000E-5	-1.900000E-4	8.273950E-1	-1.133800E-5	-2.400000E-8	-2.020000E-6	-2.000000E-8	0.000000E+0	0.000000E+0	1.964247E-4	2.976042E-9	0.000000E+0	0.000000E+0	1.999856E+1	0.000000E+0	8.000000E+0
21-Apr-25	02:55:34	-1.000000E-5	-1.900000E-4	8.258150E-1	-1.134000E-5	-8.000000E-9	-2.000000E-6	-2.000000E-8	0.000000E+0	0.000000E+0	1.964247E-4	2.976042E-9	0.000000E+0	0.000000E+0	1.999856E+1	0.000000E+0	8.000000E+0
21-Apr-25	02:55:35	-1.000000E-5	-1.900000E-4	8.244950E-1	-1.139000E-5	-4.000000E-9	-2.040000E-6	-2.000000E-8	0.000000E+0	0.000000E+0	1.964247E-4	2.976042E-9	0.000000E+0	0.000000E+0	1.999856E+1	0.000000E+0	8.000000E+0
21-Apr-25	02:55:35	-1.000000E-5	-1.900000E-4	8.228050E-1	-1.137600E-5	-4.200000E-8	-2.020000E-6	-4.000000E-8	0.000000E+0	0.000000E+0	1.964247E-4	2.976042E-9	0.000000E+0	0.000000E+0	1.999856E+1	0.000000E+0	8.000000E+0
21-Apr-25	02:55:36	-1.000000E-5	-1.900000E-4	8.212150E-1	-1.139400E-5	-1.100000E-7	-2.020000E-6	-4.000000E-8	0.000000E+0	0.000000E+0	1.964247E-4	2.976042E-9	0.000000E+0	0.000000E+0	1.999856E+1	0.000000E+0	8.000000E+0
21-Apr-25	02:55:36	-1.000000E-5	-1.900000E-4	8.194750E-1	-1.139400E-5	-2.800000E-8	-2.000000E-6	-4.000000E-8	0.000000E+0	0.000000E+0	1.964247E-4	2.976042E-9	0.000000E+0	0.000000E+0	1.999856E+1	0.000000E+0	8.000000E+0
21-Apr-25	02:55:37	-1.000000E-5	-1.900000E-4	8.178850E-1	-1.132000E-5	-3.000000E-8	-2.000000E-6	-2.000000E-8	0.000000E+0	0.000000E+0	1.964247E-4	2.976042E-9	0.000000E+0	0.000000E+0	1.999856E+1	0.000000E+0	8.000000E+0
21-Apr-25	02:55:37	-1.000000E-5	-1.900000E-4	8.163050E-1	-1.132400E-5	-7.000000E-8	-2.000000E-6	-2.000000E-8	0.000000E+0	0.000000E+0	1.964247E-4	2.976042E-9	0.000000E+0	0.000000E+0	1.999856E+1	0.000000E+0	8.000000E+0
21-Apr-25	02:55:38	-1.000000E-5	-1.900000E-4	8.147250E-1	-1.135400E-5	-1.060000E-7	-2.020000E-6	-4.000000E-8	0.000000E+0	0.000000E+0	1.964247E-4	2.976042E-9	0.000000E+0	0.000000E+0	1.999856E+1	0.000000E+0	8.000000E+0
21-Apr-25	02:55:38	-1.000000E-5	-1.900000E-4	8.125000E-1	-1.139800E-5	-1.260000E-7	-2.020000E-6	-4.000000E-8	0.000000E+0	0.000000E+0	1.964247E-4	2.976042E-9	0.000000E+0	0.000000E+0	1.999856E+1	0.000000E+0	8.000000E+0
21-Apr-25	02:55:39	-1.000000E-5	-1.900000E-4	8.109150E-1	-1.135200E-5	-4.800000E-8	-2.020000E-6	-2.000000E-8	0.000000E+0	0.000000E+0	1.964247E-4	2.976042E-9	0.000000E+0	0.000000E+0	1.999856E+1	0.000000E+0	8.000000E+0
21-Apr-25	02:55:39	-1.000000E-5	-1.900000E-4	8.093300E-1	-1.134400E-5	-6.800000E-8	-2.020000E-6	-4.000000E-8	0.000000E+0	0.000000E+0	1.964247E-4	2.976042E-9	0.000000E+0	0.000000E+0	1.999856E+1	0.000000E+0	8.000000E+0
21-Apr-25	02:55:40	-1.000000E-5	-1.900000E-4	8.077450E-1	-1.131000E-5	-8.600000E-8	-2.020000E-6	-2.000000E-8	0.000000E+0	0.000000E+0	1.964247E-4	2.976042E-9	0.000000E+0	0.000000E+0	1.999856E+1	0.000000E+0	8.000000E+0
21-Apr-25	02:55:41	-1.000000E-5	-1.900000E-4	8.061650E-1	-1.139200E-5	-1.100000E-7	-2.000000E-6	-2.000000E-8	0.000000E+0	0.000000E+0	1.964247E-4	2.976042E-9	0.000000E+0	0.000000E+0	1.999856E+1	0.000000E+0	8.000000E+0
21-Apr-25	02:55:41	-1.000000E-5	-1.900000E-4	8.037250E-1	-1.138800E-5	-9.800000E-8	-2.000000E-6	-2.000000E-8	0.000000E+0	0.000000E+0	1.964247E-4	2.976042E-9	0.000000E+0	0.000000E+0	1.999856E+1	0.000000E+0	8.000000E+0
21-Apr-25	02:55:42	-1.000000E-5	-1.900000E-4	8.021450E-1	-1.136400E-5	-1.060000E-7	-2.040000E-6	0.000000E+0	0.000000E+0	0.000000E+0	1.964247E-4	2.976042E-9	0.000000E+0	0.000000E+0	1.999856E+1	0.000000E+0	8.000000E+0
21-Apr-25	02:55:42	-1.000000E-5	-1.900000E-4	8.005550E-1	-1.138400E-5	-9.800000E-8	-2.020000E-6	-2.000000E-8	0.000000E+0	0.000000E+0	1.964247E-4	2.976042E-9	0.000000E+0	0.000000E+0	1.999856E+1	0.000000E+0	8.000000E+0
21-Apr-25	02:55:43	-1.000000E-5	-1.900000E-4	7.989700E-1	-1.135400E-5	-1.100000E-7	-2.020000E-6	-2.000000E-8	0.000000E+0	0.000000E+0	1.964247E-4	2.976042E-9	0.000000E+0	0.000000E+0	1.999856E+1	0.000000E+0	8.000000E+0
21-Apr-25	02:55:43	-1.000000E-5	-1.900000E-4	7.973950E-1	-1.140000E-5	-4.000000E-8	-2.020000E-6	-2.000000E-8	0.000000E+0	0.000000E+0	1.964247E-4	2.976042E-9	0.000000E+0	0.000000E+0	1.999856E+1	0.000000E+0	8.000000E+0
21-Apr-25	02:55:44	-1.000000E-5	-1.900000E-4	7.958050E-1	-1.142400E-5	-3.000000E-8	-2.020000E-6	-2.000000E-8	0.000000E+0	0.000000E+0	1.964247E-4	2.976042E-9	0.000000E+0	0.000000E+0	1.999856E+1	0.000000E+0	8.000000E+0
21-Apr-25	02:55:44	-1.000000E-5	-1.900000E-4	7.939050E-1	-1.143800E-5	-6.600000E-8	-2.020000E-6	-2.000000E-8	0.000000E+0	0.000000E+0	1.964247E-4	2.976042E-9	0.000000E+0	0.000000E+0	1.999856E+1	0.000000E+0	8.000000E+0
21-Apr-25	02:55:45	-1.000000E-5	-1.900000E-4	7.923250E-1	-1.140000E-5	-9.600000E-8	-2.020000E-6	-2.000000E-8	0.000000E+0	0.000000E+0	1.964247E-4	2.976042E-9	0.000000E+0	0.000000E+0	1.999856E+1	0.000000E+0	8.000000E+0
21-Apr-25	02:55:45	-1.000000E-5	-1.900000E-4	7.908950E-1	-1.119000E-5	-4.000000E-8	-2.020000E-6	-2.000000E-8	0.000000E+0	0.000000E+0	1.964247E-4	2.976042E-9	0.000000E+0	0.000000E+0	1.999856E+1	0.000000E+0	8.000000E+0
21-Apr-25	02:55:46	-1.000000E-5	-1.900000E-4	7.892550E-1	-1.131800E-5	-9.400000E-8	-2.020000E-6	-2.000000E-8	0.000000E+0	0.000000E+0	1.964247E-4	2.976042E-9	0.000000E+0	0.000000E+0	1.999856E+1	0.000000E+0	8.000000E+0
21-Apr-25	02:55:46	-1.000000E-5	-1.900000E-4	7.877200E-1	-1.137600E-5	-1.360000E-7	-2.040000E-6	-2.000000E-8	0.000000E+0	0.000000E+0	1.964247E-4	2.976042E-9	0.000000E+0	0.000000E+0	1.999856E+1	0.000000E+0	8.000000E+0
21-Apr-25	02:55:47	-1.000000E-5	-1.900000E-4	7.857650E-1	-1.143600E-5	-1.040000E-7	-2.020000E-6	-2.000000E-8	0.000000E+0	0.000000E+0	1.964247E-4	2.976042E-9	0.000000E+0	0.000000E+0	1.999856E+1	0.000000E+0	8.000000E+0
21-Apr-25	02:55:47	-1.000000E-5	-1.900000E-4	7.841800E-1	-1.141400E-5	-3.400000E-8	-2.000000E-6	-2.000000E-8	0.000000E+0	0.000000E+0	1.964247E-4	2.976042E-9	0.000000E+0	0.000000E+0	1.999856E+1	0.000000E+0	8.000000E+0
21-Apr-25	02:55:48	-1.000000E-5	-1.900000E-4	7.827600E-1	-1.139000E-5	-4.000000E-9	-2.000000E-6	-2.000000E-8	0.000000E+0	0.000000E+0	1.964247E-4	2.976042E-9	0.000000E+0	0.000000E+0	1.999856E+1	0.000000E+0	8.000000E+0
21-Apr-25	02:55:48	-1.000000E-5	-1.900000E-4	7.811750E-1	-1.132600E-5	-9.400000E-8	-2.000000E-6	-2.000000E-8	0.000000E+0	0.000000E+0	1.964247E-4	2.976042E-9	0.000000E+0	0.000000E+0	1.999856E+1	0.000000E+0	8.000000E+0
21-Apr-25	02:55:49	-1.000000E-5	-1.900000E-4	7.795900E-1	-1.140600E-5	-1.160000E-7	-2.040000E-6	-2.000000E-8	0.000000E+0	0.000000E+0	1.964247E-4	2.976042E-9	0.000000E+0	0.000000E+0	1.999856E+1	0.000000E+0	8.000000E+0
21-Apr-25	02:55:49	-1.000000E-5	-1.900000E-4	7.780000E-1	-1.139000E-5	-1.000000E-8	-2.020000E-6	-2.000000E-8	0.000000E+0	0.000000E+0	1.964247E-4	2.976042E-9	0.000000E+0	0.000000E+0	1.999856E+1	0.000000E+0	8.000000E+0
21-Apr-25	02:55:50	-1.000000E-5	-1.900000E-4	7.764150E-1	-1.135000E-5	2.400000E-8	-2.020000E-6	-2.000000E-8	0.000000E+0	0.000000E+0	1.964247E-4	2.976042E-9	0.000000E+0	0.000000E+0	1.999856E+1	0.000000E+0	8.000000E+0
21-Apr-25	02:55:50	-1.000000E-5	-1.900000E-4	7.748350E-1	-1.127200E-5	-8.000000E-8	-2.040000E-6	-2.000000E-8	0.000000E+0	0.000000E+0	1.964247E-4	2.976042E-9	0.000000E+0	0.000000E+0	1.999856E+1	0.000000E+0	8.000000E+0
21-Apr-25	02:55:51	-1.000000E-5	-1.900000E-4	7.730900E-1	-1.125800E-5	-1.100000E-7	-2.040000E-6	-4.000000E-8	0.000000E+0	0.000000E+0	1.964247E-4	2.976042E-9	0.000000E+0	0.000000E+0	1.999856E+1	0.000000E+0	8.000000E+0
21-Apr-25	02:55:51	-1.000000E-5	-1.900000E-4	7.715050E-1	-1.134200E-5	-1.300000E-7	-2.040000E-6	-4.000000E-8	0.000000E+0	0.000000E+0	1.964247E-4	2.976042E-9	0.000000E+0	0.000000E+0	1.999856E+1	0.000000E+0	8.000000E+0
21-Apr-25	02:55:52	-1.000000E-5	-1.900000E-4	7.692250E-1	-1.139800E-5	-5.400000E-8	-2.040000E-6	-2.000000E-8	0.000000E+0	0.000000E+0	1.964247E-4	2.976042E-9	0.000000E+0	0.000000E+0	1.999856E+1	0.000000E+0	8.000000E+0
21-Apr-25	02:55:53	-1.000000E-5	-1.900000E-4	7.676450E-1	-1.140200E-5	-6.800000E-8	-2.040000E-6	0.000000E+0	0.000000E+0	0.000000E+0	1.964247E-4	2.976042E-9	0.000000E+0	0.000000E+0	1.999856E+1	0.000000E+0	8.000000E+0
21-Apr-25	02:55:53	-1.000000E-5	-1.900000E-4	7.660550E-1	-1.140200E-5	-7.400000E-8	-2.040000E-6	-2.000000E-8	0.000000E+0	0.000000E+0	1.964247E-4	2.976042E-9	0.000000E+0	0.000000E+0	1.999856E+1	0.000000E+0	8.000000E+0
21-Apr-25	02:55:54	-1.000000E-5	-1.900000E-4	7.644800E-1	-1.137400E-5	-4.800000E-8	-2.040000E-6	0.000000E+0	0.000000E+0	0.000000E+0	1.964247E-4	2.976042E-9	0.000000E+0	0.000000E+0	1.999856E+1	0.000000E+0	8.000000E+0
21-Apr-25	02:55:54	-1.000000E-5	-1.900000E-4	7.628900E-1	-1.129800E-5	-1.380000E-7	-2.040000E-6	-2.000000E-8	0.000000E+0	0.000000E+0	1.964247E-4	2.976042E-9	0.000000E+0	0.000000E+0	1.999856E+1	0.000000E+0	8.000000E+0
21-Apr-25	02:55:55	-1.000000E-5	-1.900000E-4	7.606450E-1	-1.132600E-5	-2.600000E-8	-2.040000E-6	-2.000000E-8	0.000000E+0	0.000000E+0	1.964247E-4	2.976042E-9	0.000000E+0	0.000000E+0	1.999856E+1	0.000000E+0	8.000000E+0
21-Apr-25	02:55:55	-1.000000E-5	-1.900000E-4	7.590900E-1	-1.133400E-5	-6.800000E-8	-2.040000E-6	-2.000000E-8	0.000000E+0	0.000000E+0	1.964247E-4	2.976042E-9	0.000000E+0	0.000000E+0	1.999856E+1	0.000000E+0	8.000000E+0
21-Apr-25	02:55:56	-1.000000E-5	-1.900000E-4	7.575000E-1	-1.133600E-5	1.800000E-8	-2.040000E-6	-4.000000E-8	0.000000E+0	0.000000E+0	1.964247E-4	2.976042E-9	0.000000E+0	0.000000E+0	1.999856E+1	0.000000E+0	8.000000E+0
21-Apr-25	02:55:56	-1.000000E-5	-1.900000E-4	7.559150E-1	-1.137600E-5	-1.960000E-7	-2.040000E-6	-2.000000E-8	0.000000E+0	0.000000E+0	1.964247E-4	2.976042E-9	0.000000E+0	0.000000E+0	1.999856E+1	0.000000E+0	8.000000E+0
21-Apr-25	02:55:57	-1.000000E-5	-1.900000E-4	7.543350E-1	-1.138200E-5	-8.400000E-8	-2.020000E-6	-2.000000E-8	0.000000E+0	0.000000E+0	1.964247E-4	2.976042E-9	0.000000E+0	0.000000E+0	1.999856E+1	0.000000E+0	8.000000E+0
21-Apr-25	02:55:57	-1.000000E-5	-1.900000E-4	7.526950E-1	-1.127000E-5	-3.800000E-8	-2.020000E-6	0.000000E+0	0.000000E+0	0.000000E+0	1.964247E-4	2.976042E-9	0.000000E+0	0.000000E+0	1.999856E+1	0.000000E+0	8.000000E+0
21-Apr-25	02:55:58	-1.000000E-5	-1.900000E-4	7.511050E-1	-1.133000E-5	-5.200000E-8	-2.040000E-6	-4.000000E-8	0.000000E+0	0.000000E+0	1.964247E-4	2.976042E-9	0.000000E+0	0.000000E+0	1.999856E+1	0.000000E+0	8.000000E+0
21-Apr-25	02:55:58	-1.000000E-5	-1.900000E-4	7.495750E-1	-1.136400E-5	-3.200000E-8	-2.060000E-6	-4.000000E-8	0.000000E+0	0.000000E+0	1.964247E-4	2.976042E-9	0.000000E+0	0.000000E+0	1.999856E+1	0.000000E+0	8.000000E+0
21-Apr-25	02:55:59	-1.000000E-5	-1.900000E-4	7.479700E-1	-1.138800E-5	-5.400000E-8	-2.040000E-6	-4.000000E-8	0.000000E+0	0.000000E+0	1.964247E-4	2.976042E-9	0.000000E+0	0.000000E+0	1.999856E+1	0.000000E+0	8.000000E+0
21-Apr-25	02:55:59	-1.000000E-5	-1.900000E-4	7.463550E-1	-1.145400E-5	-9.600000E-8	-2.040000E-6	-2.000000E-8	0.000000E+0	0.000000E+0	1.964247E-4	2.976042E-9	0.000000E+0	0.000000E+0	1.999856E+1	0.000000E+0	8.000000E+0
21-Apr-25	02:56:00	-1.000000E-5	-1.900000E-4	7.447750E-1	-1.143200E-5	0.000000E+0	-2.040000E-6	-2.000000E-8	0.000000E+0	0.000000E+0	1.964247E-4	2.976042E-9	0.000000E+0	0.000000E+0	1.999856E+1	0.000000E+0	8.000000E+0
21-Apr-25	02:56:00	-1.000000E-5	-1.900000E-4	7.427100E-1	-1.135000E-5	-8.200000E-8	-2.060000E-6	-2.000000E-8	0.000000E+0	0.000000E+0	1.964247E-4	2.976042E-9	0.000000E+0	0.000000E+0	1.999856E+1	0.000000E+0	8.000000E+0
21-Apr-25	02:56:01	-1.000000E-5	-1.900000E-4	7.411250E-1	-1.131400E-5	-9.600000E-8	-2.060000E-6	-2.000000E-8	0.000000E+0	0.000000E+0	1.964247E-4	2.976042E-9	0.000000E+0	0.000000E+0	1.999856E+1	0.000000E+0	8.000000E+0
21-Apr-25	02:56:02	-1.000000E-5	-1.900000E-4	7.392200E-1	-1.137000E-5	-9.600000E-8	-2.060000E-6	-2.000000E-8	0.000000E+0	0.000000E+0	1.964247E-4	2.976042E-9	0.000000E+0	0.000000E+0	1.999856E+1	0.000000E+0	8.000000E+0
21-Apr-25	02:56:02	-1.000000E-5	-1.900000E-4	7.376350E-1	-1.134600E-5	-1.480000E-7	-2.060000E-6	-2.000000E-8	0.000000E+0	0.000000E+0	1.964247E-4	2.976042E-9	0.000000E+0	0.000000E+0	1.999856E+1	0.000000E+0	8.000000E+0
21-Apr-25	02:56:03	-1.000000E-5	-1.900000E-4	7.360500E-1	-1.133800E-5	-1.340000E-7	-2.060000E-6	-2.000000E-8	0.000000E+0	0.000000E+0	1.964247E-4	2.976042E-9	0.000000E+0	0.000000E+0	1.999856E+1	0.000000E+0	8.000000E+0
21-Apr-25	02:56:03	-1.000000E-5	-1.900000E-4	7.346250E-1	-1.136000E-5	-1.160000E-7	-2.060000E-6	-4.000000E-8	0.000000E+0	0.000000E+0	1.964247E-4	2.976042E-9	0.000000E+0	0.000000E+0	1.999856E+1	0.000000E+0	8.000000E+0
21-Apr-25	02:56:03	-1.000000E-5	-1.900000E-4	7.330350E-1	-1.131400E-5	-5.000000E-8	-2.040000E-6	-2.000000E-8	0.000000E+0	0.000000E+0	1.964247E-4	2.976042E-9	0.000000E+0	0.000000E+0	1.999856E+1	0.000000E+0	8.000000E+0
21-Apr-25	02:56:04	-1.000000E-5	-1.900000E-4	7.314550E-1	-1.133400E-5	-6.800000E-8	-2.040000E-6	-6.000000E-8	0.000000E+0	0.000000E+0	1.964247E-4	2.976042E-9	0.000000E+0	0.000000E+0	1.999856E+1	0.000000E+0	8.000000E+0
21-Apr-25	02:56:04	-1.000000E-5	-1.900000E-4	7.298650E-1	-1.140800E-5	-3.600000E-8	-2.040000E-6	-4.000000E-8	0.000000E+0	0.000000E+0	1.964247E-4	2.976042E-9	0.000000E+0	0.000000E+0	1.999856E+1	0.000000E+0	8.000000E+0
21-Apr-25	02:56:05	-1.000000E-5	-1.900000E-4	7.282850E-1	-1.138200E-5	-8.400000E-8	-2.060000E-6	-2.000000E-8	0.000000E+0	0.000000E+0	1.964247E-4	2.976042E-9	0.000000E+0	0.000000E+0	1.999856E+1	0.000000E+0	8.000000E+0
21-Apr-25	02:56:05	-1.000000E-5	-1.900000E-4	7.267000E-1	-1.141400E-5	-1.420000E-7	-2.040000E-6	-4.000000E-8	0.000000E+0	0.000000E+0	1.964247E-4	2.976042E-9	0.000000E+0	0.000000E+0	1.999856E+1	0.000000E+0	8.000000E+0
21-Apr-25	02:56:06	-1.000000E-5	-1.900000E-4	7.244800E-1	-1.146600E-5	-5.800000E-8	-2.040000E-6	-4.000000E-8	0.000000E+0	0.000000E+0	1.964247E-4	2.976042E-9	0.000000E+0	0.000000E+0	1.999856E+1	0.000000E+0	8.000000E+0
21-Apr-25	02:56:07	-1.000000E-5	-1.900000E-4	7.227350E-1	-1.134400E-5	-3.600000E-8	-2.020000E-6	-2.000000E-8	0.000000E+0	0.000000E+0	1.964247E-4	2.976042E-9	0.000000E+0	0.000000E+0	1.999856E+1	0.000000E+0	8.000000E+0
21-Apr-25	02:56:07	-1.000000E-5	-1.900000E-4	7.211500E-1	-1.130800E-5	-6.600000E-8	-2.060000E-6	-4.000000E-8	0.000000E+0	0.000000E+0	1.964247E-4	2.976042E-9	0.000000E+0	0.000000E+0	1.999856E+1	0.000000E+0	8.000000E+0
21-Apr-25	02:56:08	-1.000000E-5	-1.900000E-4	7.195650E-1	-1.138000E-5	-8.400000E-8	-2.060000E-6	-2.000000E-8	0.000000E+0	0.000000E+0	1.964247E-4	2.976042E-9	0.000000E+0	0.000000E+0	1.999856E+1	0.000000E+0	8.000000E+0
21-Apr-25	02:56:08	-1.000000E-5	-1.900000E-4	7.178150E-1	-1.139800E-5	-6.600000E-8	-2.060000E-6	-4.000000E-8	0.000000E+0	0.000000E+0	1.964247E-4	2.976042E-9	0.000000E+0	0.000000E+0	1.999856E+1	0.000000E+0	8.000000E+0
21-Apr-25	02:56:09	-1.000000E-5	-1.900000E-4	7.162350E-1	-1.136800E-5	1.200000E-8	-2.040000E-6	-4.000000E-8	0.000000E+0	0.000000E+0	1.964247E-4	2.976042E-9	0.000000E+0	0.000000E+0	1.999856E+1	0.000000E+0	8.000000E+0
21-Apr-25	02:56:09	-1.000000E-5	-1.900000E-4	7.146550E-1	-1.128800E-5	-4.600000E-8	-2.060000E-6	-4.000000E-8	0.000000E+0	0.000000E+0	1.964247E-4	2.976042E-9	0.000000E+0	0.000000E+0	1.999856E+1	0.000000E+0	8.000000E+0
21-Apr-25	02:56:10	-1.000000E-5	-1.900000E-4	7.130650E-1	-1.130600E-5	-8.000000E-8	-2.040000E-6	-2.000000E-8	0.000000E+0	0.000000E+0	1.964247E-4	2.976042E-9	0.000000E+0	0.000000E+0	1.999856E+1	0.000000E+0	8.000000E+0
21-Apr-25	02:56:10	-1.000000E-5	-1.900000E-4	7.114850E-1	-1.133800E-5	-4.400000E-8	-2.060000E-6	-4.000000E-8	0.000000E+0	0.000000E+0	1.964247E-4	2.976042E-9	0.000000E+0	0.000000E+0	1.999856E+1	0.000000E+0	8.000000E+0
21-Apr-25	02:56:11	-1.000000E-5	-1.900000E-4	7.096850E-1	-1.140400E-5	8.000000E-9	-2.080000E-6	-2.000000E-8	0.000000E+0	0.000000E+0	1.964247E-4	2.976042E-9	0.000000E+0	0.000000E+0	1.999856E+1	0.000000E+0	8.000000E+0
21-Apr-25	02:56:12	-1.000000E-5	-1.900000E-4	7.081000E-1	-1.136200E-5	-3.200000E-8	-2.060000E-6	-4.000000E-8	0.000000E+0	0.000000E+0	1.964247E-4	2.976042E-9	0.000000E+0	0.000000E+0	1.999856E+1	0.000000E+0	8.000000E+0
21-Apr-25	02:56:12	-1.000000E-5	-1.900000E-4	7.057250E-1	-1.142000E-5	-9.800000E-8	-2.040000E-6	-2.000000E-8	0.000000E+0	0.000000E+0	1.964247E-4	2.976042E-9	0.000000E+0	0.000000E+0	1.999856E+1	0.000000E+0	8.000000E+0
21-Apr-25	02:56:13	-1.000000E-5	-1.900000E-4	7.041350E-1	-1.138200E-5	-5.000000E-8	-2.060000E-6	-2.000000E-8	0.000000E+0	0.000000E+0	1.964247E-4	2.976042E-9	0.000000E+0	0.000000E+0	1.999856E+1	0.000000E+0	8.000000E+0
21-Apr-25	02:56:13	-1.000000E-5	-1.900000E-4	7.025500E-1	-1.133600E-5	-3.200000E-8	-2.060000E-6	-2.000000E-8	0.000000E+0	0.000000E+0	1.964247E-4	2.976042E-9	0.000000E+0	0.000000E+0	1.999856E+1	0.000000E+0	8.000000E+0
21-Apr-25	02:56:14	-1.000000E-5	-1.900000E-4	7.009650E-1	-1.132000E-5	-7.600000E-8	-2.060000E-6	-4.000000E-8	0.000000E+0	0.000000E+0	1.964247E-4	2.976042E-9	0.000000E+0	0.000000E+0	1.999856E+1	0.000000E+0	8.000000E+0
21-Apr-25	02:56:14	-1.000000E-5	-1.900000E-4	6.993800E-1	-1.136200E-5	-7.600000E-8	-2.060000E-6	-4.000000E-8	0.000000E+0	0.000000E+0	1.964247E-4	2.976042E-9	0.000000E+0	0.000000E+0	1.999856E+1	0.000000E+0	8.000000E+0
21-Apr-25	02:56:15	-1.000000E-5	-1.900000E-4	6.973250E-1	-1.149800E-5	-2.000000E-8	-2.040000E-6	-2.000000E-8	0.000000E+0	0.000000E+0	1.964247E-4	2.976042E-9	0.000000E+0	0.000000E+0	1.999856E+1	0.000000E+0	8.000000E+0
21-Apr-25	02:56:15	-1.000000E-5	-1.900000E-4	6.957350E-1	-1.145800E-5	-7.200000E-8	-2.060000E-6	-2.000000E-8	0.000000E+0	0.000000E+0	1.964247E-4	2.976042E-9	0.000000E+0	0.000000E+0	1.999856E+1	0.000000E+0	8.000000E+0
21-Apr-25	02:56:16	-1.000000E-5	-1.900000E-4	6.941550E-1	-1.139200E-5	-1.000000E-7	-2.100000E-6	-2.000000E-8	0.000000E+0	0.000000E+0	1.964247E-4	2.976042E-9	0.000000E+0	0.000000E+0	1.999856E+1	0.000000E+0	8.000000E+0
21-Apr-25	02:56:16	-1.000000E-5	-1.900000E-4	6.924050E-1	-1.141000E-5	-1.020000E-7	-2.060000E-6	-4.000000E-8	0.000000E+0	0.000000E+0	1.964247E-4	2.976042E-9	0.000000E+0	0.000000E+0	1.999856E+1	0.000000E+0	8.000000E+0
21-Apr-25	02:56:17	-1.000000E-5	-1.900000E-4	6.908200E-1	-1.136600E-5	-1.160000E-7	-2.060000E-6	-4.000000E-8	0.000000E+0	0.000000E+0	1.964247E-4	2.976042E-9	0.000000E+0	0.000000E+0	1.999856E+1	0.000000E+0	8.000000E+0
21-Apr-25	02:56:17	-1.000000E-5	-1.900000E-4	6.892350E-1	-1.137000E-5	-3.600000E-8	-2.100000E-6	-4.000000E-8	0.000000E+0	0.000000E+0	1.964247E-4	2.976042E-9	0.000000E+0	0.000000E+0	1.999856E+1	0.000000E+0	8.000000E+0
21-Apr-25	02:56:18	-1.000000E-5	-1.900000E-4	6.868050E-1	-1.160400E-5	1.960000E-7	-2.060000E-6	-2.000000E-8	0.000000E+0	0.000000E+0	1.964247E-4	2.976042E-9	0.000000E+0	0.000000E+0	1.999856E+1	0.000000E+0	8.000000E+0
21-Apr-25	02:56:19	-1.000000E-5	-1.900000E-4	6.852250E-1	-1.147600E-5	-4.000000E-9	-2.060000E-6	-4.000000E-8	0.000000E+0	0.000000E+0	1.964247E-4	2.976042E-9	0.000000E+0	0.000000E+0	1.999856E+1	0.000000E+0	8.000000E+0
21-Apr-25	02:56:19	-1.000000E-5	-1.900000E-4	6.836350E-1	-1.142400E-5	4.000000E-9	-2.080000E-6	-4.000000E-8	0.000000E+0	0.000000E+0	1.964247E-4	2.976042E-9	0.000000E+0	0.000000E+0	1.999856E+1	0.000000E+0	8.000000E+0
21-Apr-25	02:56:20	-1.000000E-5	-1.900000E-4	6.820500E-1	-1.136200E-5	-4.400000E-8	-2.080000E-6	-4.000000E-8	0.000000E+0	0.000000E+0	1.964247E-4	2.976042E-9	0.000000E+0	0.000000E+0	1.999856E+1	0.000000E+0	8.000000E+0
21-Apr-25	02:56:20	-1.000000E-5	-1.900000E-4	6.806250E-1	-1.126000E-5	-6.400000E-8	-2.060000E-6	-2.000000E-8	0.000000E+0	0.000000E+0	1.964247E-4	2.976042E-9	0.000000E+0	0.000000E+0	1.999856E+1	0.000000E+0	8.000000E+0
21-Apr-25	02:56:21	-1.000000E-5	-1.900000E-4	6.790400E-1	-1.135400E-5	2.800000E-8	-2.080000E-6	-2.000000E-8	0.000000E+0	0.000000E+0	1.964247E-4	2.976042E-9	0.000000E+0	0.000000E+0	1.999856E+1	0.000000E+0	8.000000E+0
21-Apr-25	02:56:21	-1.000000E-5	-1.900000E-4	6.774550E-1	-1.143600E-5	-8.400000E-8	-2.080000E-6	-4.000000E-8	0.000000E+0	0.000000E+0	1.964247E-4	2.976042E-9	0.000000E+0	0.000000E+0	1.999856E+1	0.000000E+0	8.000000E+0
21-Apr-25	02:56:22	-1.000000E-5	-1.900000E-4	6.757150E-1	-1.134200E-5	-6.000000E-8	-2.060000E-6	-4.000000E-8	0.000000E+0	0.000000E+0	1.964247E-4	2.976042E-9	0.000000E+0	0.000000E+0	1.999856E+1	0.000000E+0	8.000000E+0
21-Apr-25	02:56:22	-1.000000E-5	-1.900000E-4	6.741250E-1	-1.139000E-5	-4.000000E-8	-2.060000E-6	-4.000000E-8	0.000000E+0	0.000000E+0	1.964247E-4	2.976042E-9	0.000000E+0	0.000000E+0	1.999856E+1	0.000000E+0	8.000000E+0
21-Apr-25	02:56:23	-1.000000E-5	-1.900000E-4	6.726950E-1	-1.143800E-5	-6.400000E-8	-2.080000E-6	-2.000000E-8	0.000000E+0	0.000000E+0	1.964247E-4	2.976042E-9	0.000000E+0	0.000000E+0	1.999856E+1	0.000000E+0	8.000000E+0
21-Apr-25	02:56:23	-1.000000E-5	-1.900000E-4	6.711150E-1	-1.136000E-5	-4.000000E-9	-2.100000E-6	-2.000000E-8	0.000000E+0	0.000000E+0	1.964247E-4	2.976042E-9	0.000000E+0	0.000000E+0	1.999856E+1	0.000000E+0	8.000000E+0
21-Apr-25	02:56:24	-1.000000E-5	-1.900000E-4	6.695250E-1	-1.139000E-5	-4.400000E-8	-2.100000E-6	-2.000000E-8	0.000000E+0	0.000000E+0	1.964247E-4	2.976042E-9	0.000000E+0	0.000000E+0	1.999856E+1	0.000000E+0	8.000000E+0
21-Apr-25	02:56:24	-1.000000E-5	-1.900000E-4	6.679400E-1	-1.133000E-5	-5.200000E-8	-2.080000E-6	-2.000000E-8	0.000000E+0	0.000000E+0	1.964247E-4	2.976042E-9	0.000000E+0	0.000000E+0	1.999856E+1	0.000000E+0	8.000000E+0
21-Apr-25	02:56:25	-1.000000E-5	-1.900000E-4	6.663550E-1	-1.140600E-5	-5.800000E-8	-2.080000E-6	-4.000000E-8	0.000000E+0	0.000000E+0	1.964247E-4	2.976042E-9	0.000000E+0	0.000000E+0	1.999856E+1	0.000000E+0	8.000000E+0
21-Apr-25	02:56:25	-1.000000E-5	-1.900000E-4	6.641450E-1	-1.142000E-5	-5.200000E-8	-2.080000E-6	-2.000000E-8	0.000000E+0	0.000000E+0	1.964247E-4	2.976042E-9	0.000000E+0	0.000000E+0	1.999856E+1	0.000000E+0	8.000000E+0
21-Apr-25	02:56:26	-1.000000E-5	-1.900000E-4	6.618650E-1	-1.140600E-5	-1.020000E-7	-2.100000E-6	-2.000000E-8	0.000000E+0	0.000000E+0	1.964247E-4	2.976042E-9	0.000000E+0	0.000000E+0	1.999856E+1	0.000000E+0	8.000000E+0
21-Apr-25	02:56:26	-1.000000E-5	-1.900000E-4	6.602850E-1	-1.141400E-5	-8.000000E-8	-2.080000E-6	0.000000E+0	0.000000E+0	0.000000E+0	1.964247E-4	2.976042E-9	0.000000E+0	0.000000E+0	1.999856E+1	0.000000E+0	8.000000E+0
21-Apr-25	02:56:27	-1.000000E-5	-1.900000E-4	6.586950E-1	-1.134400E-5	-7.600000E-8	-2.080000E-6	-4.000000E-8	0.000000E+0	0.000000E+0	1.964247E-4	2.976042E-9	0.000000E+0	0.000000E+0	1.999856E+1	0.000000E+0	8.000000E+0
21-Apr-25	02:56:27	-1.000000E-5	-1.900000E-4	6.571150E-1	-1.139200E-5	-1.420000E-7	-2.100000E-6	-4.000000E-8	0.000000E+0	0.000000E+0	1.964247E-4	2.976042E-9	0.000000E+0	0.000000E+0	1.999856E+1	0.000000E+0	8.000000E+0
21-Apr-25	02:56:28	-1.000000E-5	-1.900000E-4	6.555250E-1	-1.135400E-5	-9.400000E-8	-2.100000E-6	-2.000000E-8	0.000000E+0	0.000000E+0	1.964247E-4	2.976042E-9	0.000000E+0	0.000000E+0	1.999856E+1	0.000000E+0	8.000000E+0
21-Apr-25	02:56:29	-1.000000E-5	-1.900000E-4	6.533100E-1	-1.151800E-5	-8.000000E-8	-2.080000E-6	-2.000000E-8	0.000000E+0	0.000000E+0	1.964247E-4	2.976042E-9	0.000000E+0	0.000000E+0	1.999856E+1	0.000000E+0	8.000000E+0
21-Apr-25	02:56:29	-1.000000E-5	-1.900000E-4	6.515650E-1	-1.141800E-5	-9.000000E-8	-2.100000E-6	-2.000000E-8	0.000000E+0	0.000000E+0	1.964247E-4	2.976042E-9	0.000000E+0	0.000000E+0	1.999856E+1	0.000000E+0	8.000000E+0
21-Apr-25	02:56:30	-1.000000E-5	-1.900000E-4	6.499800E-1	-1.142000E-5	1.400000E-8	-2.080000E-6	-4.000000E-8	0.000000E+0	0.000000E+0	1.964247E-4	2.976042E-9	0.000000E+0	0.000000E+0	1.999856E+1	0.000000E+0	8.000000E+0
21-Apr-25	02:56:30	-1.000000E-5	-1.900000E-4	6.483950E-1	-1.137400E-5	-8.800000E-8	-2.080000E-6	-4.000000E-8	0.000000E+0	0.000000E+0	1.964247E-4	2.976042E-9	0.000000E+0	0.000000E+0	1.999856E+1	0.000000E+0	8.000000E+0
21-Apr-25	02:56:31	-1.000000E-5	-1.900000E-4	6.468150E-1	-1.139600E-5	-1.200000E-7	-2.100000E-6	-4.000000E-8	0.000000E+0	0.000000E+0	1.964247E-4	2.976042E-9	0.000000E+0	0.000000E+0	1.999856E+1	0.000000E+0	8.000000E+0
21-Apr-25	02:56:31	-1.000000E-5	-1.900000E-4	6.450700E-1	-1.140200E-5	-8.400000E-8	-2.100000E-6	-2.000000E-8	0.000000E+0	0.000000E+0	1.964247E-4	2.976042E-9	0.000000E+0	0.000000E+0	1.999856E+1	0.000000E+0	8.000000E+0
21-Apr-25	02:56:32	-1.000000E-5	-1.900000E-4	6.434850E-1	-1.135400E-5	-1.000000E-7	-2.100000E-6	-4.000000E-8	0.000000E+0	0.000000E+0	1.964247E-4	2.976042E-9	0.000000E+0	0.000000E+0	1.999856E+1	0.000000E+0	8.000000E+0
21-Apr-25	02:56:32	-1.000000E-5	-1.900000E-4	6.412100E-1	-1.140800E-5	-6.800000E-8	-2.100000E-6	-4.000000E-8	0.000000E+0	0.000000E+0	1.964247E-4	2.976042E-9	0.000000E+0	0.000000E+0	1.999856E+1	0.000000E+0	8.000000E+0
21-Apr-25	02:56:33	-1.000000E-5	-1.900000E-4	6.396250E-1	-1.132000E-5	-3.800000E-8	-2.100000E-6	-2.000000E-8	0.000000E+0	0.000000E+0	1.964247E-4	2.976042E-9	0.000000E+0	0.000000E+0	1.999856E+1	0.000000E+0	8.000000E+0
21-Apr-25	02:56:34	-1.000000E-5	-1.900000E-4	6.375650E-1	-1.137000E-5	-3.400000E-8	-2.100000E-6	-4.000000E-8	0.000000E+0	0.000000E+0	1.964247E-4	2.976042E-9	0.000000E+0	0.000000E+0	1.999856E+1	0.000000E+0	8.000000E+0
21-Apr-25	02:56:34	-1.000000E-5	-1.900000E-4	6.359800E-1	-1.140400E-5	-7.800000E-8	-2.100000E-6	-2.000000E-8	0.000000E+0	0.000000E+0	1.964247E-4	2.976042E-9	0.000000E+0	0.000000E+0	1.999856E+1	0.000000E+0	8.000000E+0
21-Apr-25	02:56:35	-1.000000E-5	-1.900000E-4	6.343950E-1	-1.136200E-5	-1.260000E-7	-2.100000E-6	-2.000000E-8	0.000000E+0	0.000000E+0	1.964247E-4	2.976042E-9	0.000000E+0	0.000000E+0	1.999856E+1	0.000000E+0	8.000000E+0
21-Apr-25	02:56:35	-1.000000E-5	-1.900000E-4	6.328100E-1	-1.136000E-5	-1.040000E-7	-2.100000E-6	-4.000000E-8	0.000000E+0	0.000000E+0	1.964247E-4	2.976042E-9	0.000000E+0	0.000000E+0	1.999856E+1	0.000000E+0	8.000000E+0
21-Apr-25	02:56:36	-1.000000E-5	-1.900000E-4	6.312250E-1	-1.133800E-5	-8.400000E-8	-2.100000E-6	-4.000000E-8	0.000000E+0	0.000000E+0	1.964247E-4	2.976042E-9	0.000000E+0	0.000000E+0	1.999856E+1	0.000000E+0	8.000000E+0
21-Apr-25	02:56:36	-1.000000E-5	-1.900000E-4	6.296450E-1	-1.128200E-5	-1.600000E-8	-2.100000E-6	-2.000000E-8	0.000000E+0	0.000000E+0	1.964247E-4	2.976042E-9	0.000000E+0	0.000000E+0	1.999856E+1	0.000000E+0	8.000000E+0
21-Apr-25	02:56:37	-1.000000E-5	-1.900000E-4	6.280550E-1	-1.146600E-5	-1.000000E-8	-2.100000E-6	-2.000000E-8	0.000000E+0	0.000000E+0	1.964247E-4	2.976042E-9	0.000000E+0	0.000000E+0	1.999856E+1	0.000000E+0	8.000000E+0
21-Apr-25	02:56:37	-1.000000E-5	-1.900000E-4	6.264750E-1	-1.134000E-5	-6.400000E-8	-2.100000E-6	-2.000000E-8	0.000000E+0	0.000000E+0	1.964247E-4	2.976042E-9	0.000000E+0	0.000000E+0	1.999856E+1	0.000000E+0	8.000000E+0
21-Apr-25	02:56:38	-1.000000E-5	-1.900000E-4	6.248850E-1	-1.143600E-5	-5.400000E-8	-2.100000E-6	-2.000000E-8	0.000000E+0	0.000000E+0	1.964247E-4	2.976042E-9	0.000000E+0	0.000000E+0	1.999856E+1	0.000000E+0	8.000000E+0
21-Apr-25	02:56:38	-1.000000E-5	-1.900000E-4	6.231450E-1	-1.139600E-5	-3.400000E-8	-2.100000E-6	-4.000000E-8	0.000000E+0	0.000000E+0	1.964247E-4	2.976042E-9	0.000000E+0	0.000000E+0	1.999856E+1	0.000000E+0	8.000000E+0
21-Apr-25	02:56:39	-1.000000E-5	-1.900000E-4	6.207650E-1	-1.134600E-5	-2.400000E-8	-2.100000E-6	-2.000000E-8	0.000000E+0	0.000000E+0	1.964247E-4	2.976042E-9	0.000000E+0	0.000000E+0	1.999856E+1	0.000000E+0	8.000000E+0
21-Apr-25	02:56:40	-1.000000E-5	-1.900000E-4	6.183850E-1	-1.140800E-5	-6.000000E-8	-2.100000E-6	0.000000E+0	0.000000E+0	0.000000E+0	1.964247E-4	2.976042E-9	0.000000E+0	0.000000E+0	1.999856E+1	0.000000E+0	8.000000E+0
21-Apr-25	02:56:40	-1.000000E-5	-1.900000E-4	6.161150E-1	-1.130400E-5	-8.800000E-8	-2.100000E-6	-4.000000E-8	0.000000E+0	0.000000E+0	1.964247E-4	2.976042E-9	0.000000E+0	0.000000E+0	1.999856E+1	0.000000E+0	8.000000E+0
21-Apr-25	02:56:41	-1.000000E-5	-1.900000E-4	6.145350E-1	-1.131000E-5	-7.000000E-8	-2.120000E-6	-4.000000E-8	0.000000E+0	0.000000E+0	1.964247E-4	2.976042E-9	0.000000E+0	0.000000E+0	1.999856E+1	0.000000E+0	8.000000E+0
21-Apr-25	02:56:41	-1.000000E-5	-1.900000E-4	6.129450E-1	-1.130600E-5	-1.020000E-7	-2.100000E-6	-2.000000E-8	0.000000E+0	0.000000E+0	1.964247E-4	2.976042E-9	0.000000E+0	0.000000E+0	1.999856E+1	0.000000E+0	8.000000E+0
21-Apr-25	02:56:42	-1.000000E-5	-1.900000E-4	6.115250E-1	-1.132800E-5	-5.200000E-8	-2.100000E-6	-2.000000E-8	0.000000E+0	0.000000E+0	1.964247E-4	2.976042E-9	0.000000E+0	0.000000E+0	1.999856E+1	0.000000E+0	8.000000E+0
21-Apr-25	02:56:42	-1.000000E-5	-1.900000E-4	6.099350E-1	-1.140400E-5	-3.600000E-8	-2.100000E-6	-4.000000E-8	0.000000E+0	0.000000E+0	1.964247E-4	2.976042E-9	0.000000E+0	0.000000E+0	1.999856E+1	0.000000E+0	8.000000E+0
21-Apr-25	02:56:43	-1.000000E-5	-1.900000E-4	6.083450E-1	-1.140600E-5	5.400000E-8	-2.100000E-6	-4.000000E-8	0.000000E+0	0.000000E+0	1.964247E-4	2.976042E-9	0.000000E+0	0.000000E+0	1.999856E+1	0.000000E+0	8.000000E+0
21-Apr-25	02:56:43	-1.000000E-5	-1.900000E-4	6.067650E-1	-1.136400E-5	-3.600000E-8	-2.120000E-6	-2.000000E-8	0.000000E+0	0.000000E+0	1.964247E-4	2.976042E-9	0.000000E+0	0.000000E+0	1.999856E+1	0.000000E+0	8.000000E+0
21-Apr-25	02:56:44	-1.000000E-5	-1.900000E-4	6.051800E-1	-1.133600E-5	-6.000000E-8	-2.100000E-6	-2.000000E-8	0.000000E+0	0.000000E+0	1.964247E-4	2.976042E-9	0.000000E+0	0.000000E+0	1.999856E+1	0.000000E+0	8.000000E+0
21-Apr-25	02:56:44	-1.000000E-5	-1.900000E-4	6.035950E-1	-1.139800E-5	-2.800000E-8	-2.100000E-6	-2.000000E-8	0.000000E+0	0.000000E+0	1.964247E-4	2.976042E-9	0.000000E+0	0.000000E+0	1.999856E+1	0.000000E+0	8.000000E+0
21-Apr-25	02:56:45	-1.000000E-5	-1.900000E-4	6.020050E-1	-1.135400E-5	-9.800000E-8	-2.100000E-6	-4.000000E-8	0.000000E+0	0.000000E+0	1.964247E-4	2.976042E-9	0.000000E+0	0.000000E+0	1.999856E+1	0.000000E+0	8.000000E+0
21-Apr-25	02:56:45	-1.000000E-5	-1.900000E-4	6.004150E-1	-1.127600E-5	-9.400000E-8	-2.100000E-6	-2.000000E-8	0.000000E+0	0.000000E+0	1.964247E-4	2.976042E-9	0.000000E+0	0.000000E+0	1.999856E+1	0.000000E+0	8.000000E+0
21-Apr-25	02:56:46	-1.000000E-5	-1.900000E-4	5.986750E-1	-1.135800E-5	-7.200000E-8	-2.100000E-6	-4.000000E-8	0.000000E+0	0.000000E+0	1.964247E-4	2.976042E-9	0.000000E+0	0.000000E+0	1.999856E+1	0.000000E+0	8.000000E+0
21-Apr-25	02:56:46	-1.000000E-5	-1.900000E-4	5.970950E-1	-1.137600E-5	-9.400000E-8	-2.100000E-6	-2.000000E-8	0.000000E+0	0.000000E+0	1.964247E-4	2.976042E-9	0.000000E+0	0.000000E+0	1.999856E+1	0.000000E+0	8.000000E+0
21-Apr-25	02:56:47	-1.000000E-5	-1.900000E-4	5.948500E-1	-1.143200E-5	-1.340000E-7	-2.100000E-6	-4.000000E-8	0.000000E+0	0.000000E+0	1.964247E-4	2.976042E-9	0.000000E+0	0.000000E+0	1.999856E+1	0.000000E+0	8.000000E+0
21-Apr-25	02:56:48	-1.000000E-5	-1.900000E-4	5.931000E-1	-1.150200E-5	-1.500000E-7	-2.120000E-6	-4.000000E-8	0.000000E+0	0.000000E+0	1.964247E-4	2.976042E-9	0.000000E+0	0.000000E+0	1.999856E+1	0.000000E+0	8.000000E+0
21-Apr-25	02:56:48	-1.000000E-5	-1.900000E-4	5.915450E-1	-1.152800E-5	-1.100000E-7	-2.120000E-6	-4.000000E-8	0.000000E+0	0.000000E+0	1.964247E-4	2.976042E-9	0.000000E+0	0.000000E+0	1.999856E+1	0.000000E+0	8.000000E+0
21-Apr-25	02:56:49	-1.000000E-5	-1.900000E-4	5.899600E-1	-1.143000E-5	-1.240000E-7	-2.100000E-6	-4.000000E-8	0.000000E+0	0.000000E+0	1.964247E-4	2.976042E-9	0.000000E+0	0.000000E+0	1.999856E+1	0.000000E+0	8.000000E+0
21-Apr-25	02:56:49	-1.000000E-5	-1.900000E-4	5.883500E-1	-1.145400E-5	-1.080000E-7	-2.100000E-6	-4.000000E-8	0.000000E+0	0.000000E+0	1.964247E-4	2.976042E-9	0.000000E+0	0.000000E+0	1.999856E+1	0.000000E+0	8.000000E+0
21-Apr-25	02:56:50	-1.000000E-5	-1.900000E-4	5.866350E-1	-1.134000E-5	2.200000E-8	-2.100000E-6	-6.000000E-8	0.000000E+0	0.000000E+0	1.964247E-4	2.976042E-9	0.000000E+0	0.000000E+0	1.999856E+1	0.000000E+0	8.000000E+0
21-Apr-25	02:56:50	-1.000000E-5	-1.900000E-4	5.850450E-1	-1.131400E-5	-9.200000E-8	-2.100000E-6	-4.000000E-8	0.000000E+0	0.000000E+0	1.964247E-4	2.976042E-9	0.000000E+0	0.000000E+0	1.999856E+1	0.000000E+0	8.000000E+0
21-Apr-25	02:56:51	-1.000000E-5	-1.900000E-4	5.834600E-1	-1.132000E-5	-5.400000E-8	-2.120000E-6	-2.000000E-8	0.000000E+0	0.000000E+0	1.964247E-4	2.976042E-9	0.000000E+0	0.000000E+0	1.999856E+1	0.000000E+0	8.000000E+0
21-Apr-25	02:56:51	-1.000000E-5	-1.900000E-4	5.813550E-1	-1.134800E-5	-9.200000E-8	-2.120000E-6	-4.000000E-8	0.000000E+0	0.000000E+0	1.964247E-4	2.976042E-9	0.000000E+0	0.000000E+0	1.999856E+1	0.000000E+0	8.000000E+0
21-Apr-25	02:56:52	-1.000000E-5	-1.900000E-4	5.797650E-1	-1.130400E-5	-1.180000E-7	-2.100000E-6	-2.000000E-8	0.000000E+0	0.000000E+0	1.964247E-4	2.976042E-9	0.000000E+0	0.000000E+0	1.999856E+1	0.000000E+0	8.000000E+0
21-Apr-25	02:56:52	-1.000000E-5	-1.900000E-4	5.783350E-1	-1.133200E-5	-6.600000E-8	-2.100000E-6	-2.000000E-8	0.000000E+0	0.000000E+0	1.964247E-4	2.976042E-9	0.000000E+0	0.000000E+0	1.999856E+1	0.000000E+0	8.000000E+0
21-Apr-25	02:56:53	-1.000000E-5	-1.900000E-4	5.767550E-1	-1.140000E-5	-6.200000E-8	-2.100000E-6	-2.000000E-8	0.000000E+0	0.000000E+0	1.964247E-4	2.976042E-9	0.000000E+0	0.000000E+0	1.999856E+1	0.000000E+0	8.000000E+0
21-Apr-25	02:56:54	-1.000000E-5	-1.900000E-4	5.745350E-1	-1.135000E-5	-8.400000E-8	-2.120000E-6	-2.000000E-8	0.000000E+0	0.000000E+0	1.964247E-4	2.976042E-9	0.000000E+0	0.000000E+0	1.999856E+1	0.000000E+0	8.000000E+0
21-Apr-25	02:56:54	-1.000000E-5	-1.900000E-4	5.722900E-1	-1.138000E-5	-7.400000E-8	-2.120000E-6	-4.000000E-8	0.000000E+0	0.000000E+0	1.964247E-4	2.976042E-9	0.000000E+0	0.000000E+0	1.999856E+1	0.000000E+0	8.000000E+0
21-Apr-25	02:56:55	-1.000000E-5	-1.900000E-4	5.703550E-1	-1.142400E-5	-4.400000E-8	-2.120000E-6	-2.000000E-8	0.000000E+0	0.000000E+0	1.964247E-4	2.976042E-9	0.000000E+0	0.000000E+0	1.999856E+1	0.000000E+0	8.000000E+0
21-Apr-25	02:56:55	-1.000000E-5	-1.900000E-4	5.688250E-1	-1.140000E-5	-1.400000E-8	-2.120000E-6	-2.000000E-8	0.000000E+0	0.000000E+0	1.964247E-4	2.976042E-9	0.000000E+0	0.000000E+0	1.999856E+1	0.000000E+0	8.000000E+0
21-Apr-25	02:56:56	-1.000000E-5	-1.900000E-4	5.672350E-1	-1.131600E-5	-7.600000E-8	-2.120000E-6	-2.000000E-8	0.000000E+0	0.000000E+0	1.964247E-4	2.976042E-9	0.000000E+0	0.000000E+0	1.999856E+1	0.000000E+0	8.000000E+0
21-Apr-25	02:56:56	-1.000000E-5	-1.900000E-4	5.656550E-1	-1.134200E-5	6.000000E-9	-2.100000E-6	-4.000000E-8	0.000000E+0	0.000000E+0	1.964247E-4	2.976042E-9	0.000000E+0	0.000000E+0	1.999856E+1	0.000000E+0	8.000000E+0
21-Apr-25	02:56:57	-1.000000E-5	-1.900000E-4	5.640750E-1	-1.130200E-5	5.800000E-8	-2.100000E-6	-4.000000E-8	0.000000E+0	0.000000E+0	1.964247E-4	2.976042E-9	0.000000E+0	0.000000E+0	1.999856E+1	0.000000E+0	8.000000E+0
21-Apr-25	02:56:57	-1.000000E-5	-1.900000E-4	5.621700E-1	-1.138800E-5	-1.680000E-7	-2.100000E-6	-2.000000E-8	0.000000E+0	0.000000E+0	1.964247E-4	2.976042E-9	0.000000E+0	0.000000E+0	1.999856E+1	0.000000E+0	8.000000E+0
21-Apr-25	02:56:58	-1.000000E-5	-1.900000E-4	5.605900E-1	-1.132200E-5	-1.080000E-7	-2.100000E-6	-2.000000E-8	0.000000E+0	0.000000E+0	1.964247E-4	2.976042E-9	0.000000E+0	0.000000E+0	1.999856E+1	0.000000E+0	8.000000E+0
21-Apr-25	02:56:58	-1.000000E-5	-1.900000E-4	5.590000E-1	-1.141200E-5	-8.800000E-8	-2.120000E-6	-2.000000E-8	0.000000E+0	0.000000E+0	1.964247E-4	2.976042E-9	0.000000E+0	0.000000E+0	1.999856E+1	0.000000E+0	8.000000E+0
21-Apr-25	02:56:59	-1.000000E-5	-1.900000E-4	5.570950E-1	-1.145600E-5	-2.800000E-8	-2.120000E-6	-2.000000E-8	0.000000E+0	0.000000E+0	1.964247E-4	2.976042E-9	0.000000E+0	0.000000E+0	1.999856E+1	0.000000E+0	8.000000E+0
21-Apr-25	02:57:00	-1.000000E-5	-1.900000E-4	5.556150E-1	-1.140400E-5	-5.400000E-8	-2.120000E-6	-4.000000E-8	0.000000E+0	0.000000E+0	1.964247E-4	2.976042E-9	0.000000E+0	0.000000E+0	1.999856E+1	0.000000E+0	8.000000E+0
21-Apr-25	02:57:00	-1.000000E-5	-1.900000E-4	5.540300E-1	-1.143400E-5	-6.400000E-8	-2.120000E-6	-6.000000E-8	0.000000E+0	0.000000E+0	1.964247E-4	2.976042E-9	0.000000E+0	0.000000E+0	1.999856E+1	0.000000E+0	8.000000E+0
21-Apr-25	02:57:01	-1.000000E-5	-1.900000E-4	5.521350E-1	-1.144400E-5	-7.800000E-8	-2.120000E-6	-4.000000E-8	0.000000E+0	0.000000E+0	1.964247E-4	2.976042E-9	0.000000E+0	0.000000E+0	1.999856E+1	0.000000E+0	8.000000E+0
21-Apr-25	02:57:01	-1.000000E-5	-1.900000E-4	5.505450E-1	-1.140000E-5	-6.000000E-9	-2.120000E-6	-4.000000E-8	0.000000E+0	0.000000E+0	1.964247E-4	2.976042E-9	0.000000E+0	0.000000E+0	1.999856E+1	0.000000E+0	8.000000E+0
21-Apr-25	02:57:02	-1.000000E-5	-1.900000E-4	5.489600E-1	-1.137200E-5	-9.000000E-8	-2.120000E-6	-6.000000E-8	0.000000E+0	0.000000E+0	1.964247E-4	2.976042E-9	0.000000E+0	0.000000E+0	1.999856E+1	0.000000E+0	8.000000E+0
21-Apr-25	02:57:02	-1.000000E-5	-1.900000E-4	5.473750E-1	-1.137400E-5	-1.680000E-7	-2.120000E-6	-4.000000E-8	0.000000E+0	0.000000E+0	1.964247E-4	2.976042E-9	0.000000E+0	0.000000E+0	1.999856E+1	0.000000E+0	8.000000E+0
21-Apr-25	02:57:03	-1.000000E-5	-1.900000E-4	5.457950E-1	-1.137400E-5	-1.260000E-7	-2.120000E-6	-4.000000E-8	0.000000E+0	0.000000E+0	1.964247E-4	2.976042E-9	0.000000E+0	0.000000E+0	1.999856E+1	0.000000E+0	8.000000E+0
21-Apr-25	02:57:03	-1.000000E-5	-1.900000E-4	5.442050E-1	-1.145200E-5	1.600000E-8	-2.120000E-6	-2.000000E-8	0.000000E+0	0.000000E+0	1.964247E-4	2.976042E-9	0.000000E+0	0.000000E+0	1.999856E+1	0.000000E+0	8.000000E+0
21-Apr-25	02:57:04	-1.000000E-5	-1.900000E-4	5.419850E-1	-1.141000E-5	-1.420000E-7	-2.120000E-6	-2.000000E-8	0.000000E+0	0.000000E+0	1.964247E-4	2.976042E-9	0.000000E+0	0.000000E+0	1.999856E+1	0.000000E+0	8.000000E+0
21-Apr-25	02:57:04	-1.000000E-5	-1.900000E-4	5.403950E-1	-1.137000E-5	-2.000000E-7	-2.120000E-6	-2.000000E-8	0.000000E+0	0.000000E+0	1.964247E-4	2.976042E-9	0.000000E+0	0.000000E+0	1.999856E+1	0.000000E+0	8.000000E+0
21-Apr-25	02:57:05	-1.000000E-5	-1.900000E-4	5.388150E-1	-1.141400E-5	-1.060000E-7	-2.140000E-6	-2.000000E-8	0.000000E+0	0.000000E+0	1.964247E-4	2.976042E-9	0.000000E+0	0.000000E+0	1.999856E+1	0.000000E+0	8.000000E+0
21-Apr-25	02:57:05	-1.000000E-5	-1.900000E-4	5.372250E-1	-1.136200E-5	-8.000000E-9	-2.120000E-6	-2.000000E-8	0.000000E+0	0.000000E+0	1.964247E-4	2.976042E-9	0.000000E+0	0.000000E+0	1.999856E+1	0.000000E+0	8.000000E+0
21-Apr-25	02:57:06	-1.000000E-5	-1.900000E-4	5.356450E-1	-1.137400E-5	-1.060000E-7	-2.120000E-6	-4.000000E-8	0.000000E+0	0.000000E+0	1.964247E-4	2.976042E-9	0.000000E+0	0.000000E+0	1.999856E+1	0.000000E+0	8.000000E+0
21-Apr-25	02:57:07	-1.000000E-5	-1.900000E-4	5.340550E-1	-1.140800E-5	-1.120000E-7	-2.120000E-6	0.000000E+0	0.000000E+0	0.000000E+0	1.964247E-4	2.976042E-9	0.000000E+0	0.000000E+0	1.999856E+1	0.000000E+0	8.000000E+0
21-Apr-25	02:57:07	-1.000000E-5	-1.900000E-4	5.316300E-1	-1.140600E-5	-4.200000E-8	-2.120000E-6	-2.000000E-8	0.000000E+0	0.000000E+0	1.964247E-4	2.976042E-9	0.000000E+0	0.000000E+0	1.999856E+1	0.000000E+0	8.000000E+0
21-Apr-25	02:57:08	-1.000000E-5	-1.900000E-4	5.297300E-1	-1.146000E-5	-4.200000E-8	-2.100000E-6	-2.000000E-8	0.000000E+0	0.000000E+0	1.964247E-4	2.976042E-9	0.000000E+0	0.000000E+0	1.999856E+1	0.000000E+0	8.000000E+0
21-Apr-25	02:57:08	-1.000000E-5	-1.900000E-4	5.281450E-1	-1.141400E-5	-4.000000E-9	-2.100000E-6	-2.000000E-8	0.000000E+0	0.000000E+0	1.964247E-4	2.976042E-9	0.000000E+0	0.000000E+0	1.999856E+1	0.000000E+0	8.000000E+0
21-Apr-25	02:57:09	-1.000000E-5	-1.900000E-4	5.265650E-1	-1.145400E-5	-1.140000E-7	-2.120000E-6	-2.000000E-8	0.000000E+0	0.000000E+0	1.964247E-4	2.976042E-9	0.000000E+0	0.000000E+0	1.999856E+1	0.000000E+0	8.000000E+0
21-Apr-25	02:57:09	-1.000000E-5	-1.900000E-4	5.241800E-1	-1.143400E-5	-2.600000E-8	-2.120000E-6	-2.000000E-8	0.000000E+0	0.000000E+0	1.964247E-4	2.976042E-9	0.000000E+0	0.000000E+0	1.999856E+1	0.000000E+0	8.000000E+0
21-Apr-25	02:57:10	-1.000000E-5	-1.900000E-4	5.226050E-1	-1.121000E-5	1.540000E-7	-2.120000E-6	-4.000000E-8	0.000000E+0	0.000000E+0	1.964247E-4	2.976042E-9	0.000000E+0	0.000000E+0	1.999856E+1	0.000000E+0	8.000000E+0
21-Apr-25	02:57:10	-1.000000E-5	-1.900000E-4	5.208050E-1	-1.129600E-5	-6.200000E-8	-2.140000E-6	-4.000000E-8	0.000000E+0	0.000000E+0	1.964247E-4	2.976042E-9	0.000000E+0	0.000000E+0	1.999856E+1	0.000000E+0	8.000000E+0
21-Apr-25	02:57:11	-1.000000E-5	-1.900000E-4	5.193750E-1	-1.147000E-5	1.400000E-8	-2.140000E-6	-6.000000E-8	0.000000E+0	0.000000E+0	1.964247E-4	2.976042E-9	0.000000E+0	0.000000E+0	1.999856E+1	0.000000E+0	8.000000E+0
21-Apr-25	02:57:11	-1.000000E-5	-1.900000E-4	5.179500E-1	-1.147400E-5	-7.000000E-8	-2.100000E-6	-2.000000E-8	0.000000E+0	0.000000E+0	1.964247E-4	2.976042E-9	0.000000E+0	0.000000E+0	1.999856E+1	0.000000E+0	8.000000E+0
21-Apr-25	02:57:12	-1.000000E-5	-1.900000E-4	5.163600E-1	-1.141600E-5	-5.200000E-8	-2.120000E-6	0.000000E+0	0.000000E+0	0.000000E+0	1.964247E-4	2.976042E-9	0.000000E+0	0.000000E+0	1.999856E+1	0.000000E+0	8.000000E+0
21-Apr-25	02:57:13	-1.000000E-5	-1.900000E-4	5.147800E-1	-1.141400E-5	-5.400000E-8	-2.140000E-6	0.000000E+0	0.000000E+0	0.000000E+0	1.964247E-4	2.976042E-9	0.000000E+0	0.000000E+0	1.999856E+1	0.000000E+0	8.000000E+0
21-Apr-25	02:57:13	-1.000000E-5	-1.900000E-4	5.128750E-1	-1.142800E-5	2.000000E-8	-2.140000E-6	-2.000000E-8	0.000000E+0	0.000000E+0	1.964247E-4	2.976042E-9	0.000000E+0	0.000000E+0	1.999856E+1	0.000000E+0	8.000000E+0
21-Apr-25	02:57:14	-1.000000E-5	-1.900000E-4	5.112950E-1	-1.143400E-5	-1.800000E-8	-2.140000E-6	-2.000000E-8	0.000000E+0	0.000000E+0	1.964247E-4	2.976042E-9	0.000000E+0	0.000000E+0	1.999856E+1	0.000000E+0	8.000000E+0
21-Apr-25	02:57:14	-1.000000E-5	-1.900000E-4	5.097050E-1	-1.139800E-5	-1.180000E-7	-2.140000E-6	0.000000E+0	0.000000E+0	0.000000E+0	1.964247E-4	2.976042E-9	0.000000E+0	0.000000E+0	1.999856E+1	0.000000E+0	8.000000E+0
21-Apr-25	02:57:15	-1.000000E-5	-1.900000E-4	5.079650E-1	-1.135800E-5	-1.180000E-7	-2.120000E-6	0.000000E+0	0.000000E+0	0.000000E+0	1.964247E-4	2.976042E-9	0.000000E+0	0.000000E+0	1.999856E+1	0.000000E+0	8.000000E+0
21-Apr-25	02:57:15	-1.000000E-5	-1.900000E-4	5.063800E-1	-1.131000E-5	1.400000E-8	-2.120000E-6	-2.000000E-8	0.000000E+0	0.000000E+0	1.964247E-4	2.976042E-9	0.000000E+0	0.000000E+0	1.999856E+1	0.000000E+0	8.000000E+0
21-Apr-25	02:57:16	-1.000000E-5	-1.900000E-4	5.047950E-1	-1.138200E-5	-1.200000E-8	-2.120000E-6	-2.000000E-8	0.000000E+0	0.000000E+0	1.964247E-4	2.976042E-9	0.000000E+0	0.000000E+0	1.999856E+1	0.000000E+0	8.000000E+0
21-Apr-25	02:57:16	-1.000000E-5	-1.900000E-4	5.030200E-1	-1.138000E-5	-2.020000E-7	-2.140000E-6	0.000000E+0	0.000000E+0	0.000000E+0	1.964247E-4	2.976042E-9	0.000000E+0	0.000000E+0	1.999856E+1	0.000000E+0	8.000000E+0
21-Apr-25	02:57:17	-1.000000E-5	-1.900000E-4	5.010950E-1	-1.137600E-5	-1.480000E-7	-2.120000E-6	-2.000000E-8	0.000000E+0	0.000000E+0	1.964247E-4	2.976042E-9	0.000000E+0	0.000000E+0	1.999856E+1	0.000000E+0	8.000000E+0
21-Apr-25	02:57:17	-1.000000E-5	-1.900000E-4	4.995600E-1	-1.134800E-5	-3.000000E-8	-2.120000E-6	-2.000000E-8	0.000000E+0	0.000000E+0	1.964247E-4	2.976042E-9	0.000000E+0	0.000000E+0	1.999856E+1	0.000000E+0	8.000000E+0
21-Apr-25	02:57:18	-1.000000E-5	-1.900000E-4	4.979800E-1	-1.141200E-5	-5.800000E-8	-2.120000E-6	-4.000000E-8	0.000000E+0	0.000000E+0	1.964247E-4	2.976042E-9	0.000000E+0	0.000000E+0	1.999856E+1	0.000000E+0	8.000000E+0
21-Apr-25	02:57:18	-1.000000E-5	-1.900000E-4	4.960750E-1	-1.145000E-5	-5.000000E-8	-2.140000E-6	-2.000000E-8	0.000000E+0	0.000000E+0	1.964247E-4	2.976042E-9	0.000000E+0	0.000000E+0	1.999856E+1	0.000000E+0	8.000000E+0
21-Apr-25	02:57:19	-1.000000E-5	-1.900000E-4	4.944950E-1	-1.150000E-5	-1.140000E-7	-2.160000E-6	-2.000000E-8	0.000000E+0	0.000000E+0	1.964247E-4	2.976042E-9	0.000000E+0	0.000000E+0	1.999856E+1	0.000000E+0	8.000000E+0
21-Apr-25	02:57:19	-1.000000E-5	-1.900000E-4	4.929050E-1	-1.144000E-5	-6.400000E-8	-2.140000E-6	-2.000000E-8	0.000000E+0	0.000000E+0	1.964247E-4	2.976042E-9	0.000000E+0	0.000000E+0	1.999856E+1	0.000000E+0	8.000000E+0
21-Apr-25	02:57:20	-1.000000E-5	-1.900000E-4	4.910000E-1	-1.138800E-5	-7.800000E-8	-2.140000E-6	-2.000000E-8	0.000000E+0	0.000000E+0	1.964247E-4	2.976042E-9	0.000000E+0	0.000000E+0	1.999856E+1	0.000000E+0	8.000000E+0
21-Apr-25	02:57:20	-1.000000E-5	-1.900000E-4	4.894200E-1	-1.137000E-5	-9.800000E-8	-2.160000E-6	-2.000000E-8	0.000000E+0	0.000000E+0	1.964247E-4	2.976042E-9	0.000000E+0	0.000000E+0	1.999856E+1	0.000000E+0	8.000000E+0
21-Apr-25	02:57:21	-1.000000E-5	-1.900000E-4	4.878350E-1	-1.135800E-5	-1.120000E-7	-2.140000E-6	-4.000000E-8	0.000000E+0	0.000000E+0	1.964247E-4	2.976042E-9	0.000000E+0	0.000000E+0	1.999856E+1	0.000000E+0	8.000000E+0
21-Apr-25	02:57:22	-1.000000E-5	-1.900000E-4	4.859100E-1	-1.138600E-5	-1.220000E-7	-2.160000E-6	-4.000000E-8	0.000000E+0	0.000000E+0	1.964247E-4	2.976042E-9	0.000000E+0	0.000000E+0	1.999856E+1	0.000000E+0	8.000000E+0
21-Apr-25	02:57:22	-1.000000E-5	-1.900000E-4	4.838200E-1	-1.146200E-5	-1.300000E-7	-2.140000E-6	-2.000000E-8	0.000000E+0	0.000000E+0	1.964247E-4	2.976042E-9	0.000000E+0	0.000000E+0	1.999856E+1	0.000000E+0	8.000000E+0
21-Apr-25	02:57:23	-1.000000E-5	-1.900000E-4	4.822300E-1	-1.133800E-5	-1.000000E-7	-2.140000E-6	-2.000000E-8	0.000000E+0	0.000000E+0	1.964247E-4	2.976042E-9	0.000000E+0	0.000000E+0	1.999856E+1	0.000000E+0	8.000000E+0
21-Apr-25	02:57:23	-1.000000E-5	-1.900000E-4	4.806450E-1	-1.137000E-5	-7.800000E-8	-2.140000E-6	-2.000000E-8	0.000000E+0	0.000000E+0	1.964247E-4	2.976042E-9	0.000000E+0	0.000000E+0	1.999856E+1	0.000000E+0	8.000000E+0
21-Apr-25	02:57:24	-1.000000E-5	-1.900000E-4	4.790650E-1	-1.146000E-5	-7.800000E-8	-2.140000E-6	-2.000000E-8	0.000000E+0	0.000000E+0	1.964247E-4	2.976042E-9	0.000000E+0	0.000000E+0	1.999856E+1	0.000000E+0	8.000000E+0
21-Apr-25	02:57:24	-1.000000E-5	-1.900000E-4	4.774850E-1	-1.150000E-5	-1.180000E-7	-2.140000E-6	-2.000000E-8	0.000000E+0	0.000000E+0	1.964247E-4	2.976042E-9	0.000000E+0	0.000000E+0	1.999856E+1	0.000000E+0	8.000000E+0
21-Apr-25	02:57:25	-1.000000E-5	-1.900000E-4	4.757350E-1	-1.143800E-5	-6.800000E-8	-2.140000E-6	-2.000000E-8	0.000000E+0	0.000000E+0	1.964247E-4	2.976042E-9	0.000000E+0	0.000000E+0	1.999856E+1	0.000000E+0	8.000000E+0
21-Apr-25	02:57:25	-1.000000E-5	-1.900000E-4	4.741500E-1	-1.144600E-5	-2.800000E-8	-2.160000E-6	-2.000000E-8	0.000000E+0	0.000000E+0	1.964247E-4	2.976042E-9	0.000000E+0	0.000000E+0	1.999856E+1	0.000000E+0	8.000000E+0
21-Apr-25	02:57:26	-1.000000E-5	-1.900000E-4	4.724050E-1	-1.144400E-5	-6.800000E-8	-2.160000E-6	-2.000000E-8	0.000000E+0	0.000000E+0	1.964247E-4	2.976042E-9	0.000000E+0	0.000000E+0	1.999856E+1	0.000000E+0	8.000000E+0
21-Apr-25	02:57:26	-1.000000E-5	-1.900000E-4	4.708250E-1	-1.138000E-5	-1.240000E-7	-2.140000E-6	-6.000000E-8	0.000000E+0	0.000000E+0	1.964247E-4	2.976042E-9	0.000000E+0	0.000000E+0	1.999856E+1	0.000000E+0	8.000000E+0
21-Apr-25	02:57:27	-1.000000E-5	-1.900000E-4	4.692400E-1	-1.127800E-5	-7.200000E-8	-2.140000E-6	-4.000000E-8	0.000000E+0	0.000000E+0	1.964247E-4	2.976042E-9	0.000000E+0	0.000000E+0	1.999856E+1	0.000000E+0	8.000000E+0
21-Apr-25	02:57:27	-1.000000E-5	-1.900000E-4	4.673300E-1	-1.129600E-5	-7.400000E-8	-2.140000E-6	-2.000000E-8	0.000000E+0	0.000000E+0	1.964247E-4	2.976042E-9	0.000000E+0	0.000000E+0	1.999856E+1	0.000000E+0	8.000000E+0
21-Apr-25	02:57:28	-1.000000E-5	-1.900000E-4	4.657450E-1	-1.141600E-5	-1.720000E-7	-2.160000E-6	-2.000000E-8	0.000000E+0	0.000000E+0	1.964247E-4	2.976042E-9	0.000000E+0	0.000000E+0	1.999856E+1	0.000000E+0	8.000000E+0
21-Apr-25	02:57:28	-1.000000E-5	-1.900000E-4	4.641650E-1	-1.142800E-5	-1.200000E-7	-2.180000E-6	-2.000000E-8	0.000000E+0	0.000000E+0	1.964247E-4	2.976042E-9	0.000000E+0	0.000000E+0	1.999856E+1	0.000000E+0	8.000000E+0
21-Apr-25	02:57:29	-1.000000E-5	-1.900000E-4	4.625750E-1	-1.155400E-5	1.000000E-8	-2.160000E-6	-4.000000E-8	0.000000E+0	0.000000E+0	1.964247E-4	2.976042E-9	0.000000E+0	0.000000E+0	1.999856E+1	0.000000E+0	8.000000E+0
21-Apr-25	02:57:29	-1.000000E-5	-1.900000E-4	4.609950E-1	-1.150200E-5	-2.080000E-7	-2.140000E-6	-2.000000E-8	0.000000E+0	0.000000E+0	1.964247E-4	2.976042E-9	0.000000E+0	0.000000E+0	1.999856E+1	0.000000E+0	8.000000E+0
21-Apr-25	02:57:30	-1.000000E-5	-1.900000E-4	4.594050E-1	-1.141200E-5	-7.400000E-8	-2.140000E-6	-4.000000E-8	0.000000E+0	0.000000E+0	1.964247E-4	2.976042E-9	0.000000E+0	0.000000E+0	1.999856E+1	0.000000E+0	8.000000E+0
21-Apr-25	02:57:30	-1.000000E-5	-1.900000E-4	4.578200E-1	-1.139400E-5	-1.060000E-7	-2.140000E-6	-2.000000E-8	0.000000E+0	0.000000E+0	1.964247E-4	2.976042E-9	0.000000E+0	0.000000E+0	1.999856E+1	0.000000E+0	8.000000E+0
21-Apr-25	02:57:31	-1.000000E-5	-1.900000E-4	4.560750E-1	-1.144600E-5	-4.400000E-8	-2.160000E-6	-2.000000E-8	0.000000E+0	0.000000E+0	1.964247E-4	2.976042E-9	0.000000E+0	0.000000E+0	1.999856E+1	0.000000E+0	8.000000E+0
21-Apr-25	02:57:31	-1.000000E-5	-1.900000E-4	4.544950E-1	-1.133600E-5	-4.400000E-8	-2.180000E-6	0.000000E+0	0.000000E+0	0.000000E+0	1.964247E-4	2.976042E-9	0.000000E+0	0.000000E+0	1.999856E+1	0.000000E+0	8.000000E+0
21-Apr-25	02:57:32	-1.000000E-5	-1.900000E-4	4.529150E-1	-1.135600E-5	-8.000000E-9	-2.140000E-6	-2.000000E-8	0.000000E+0	0.000000E+0	1.964247E-4	2.976042E-9	0.000000E+0	0.000000E+0	1.999856E+1	0.000000E+0	8.000000E+0
21-Apr-25	02:57:32	-1.000000E-5	-1.900000E-4	4.514800E-1	-1.136800E-5	-9.200000E-8	-2.140000E-6	-4.000000E-8	0.000000E+0	0.000000E+0	1.964247E-4	2.976042E-9	0.000000E+0	0.000000E+0	1.999856E+1	0.000000E+0	8.000000E+0
21-Apr-25	02:57:33	-1.000000E-5	-1.900000E-4	4.500550E-1	-1.136200E-5	8.600000E-8	-2.140000E-6	-4.000000E-8	0.000000E+0	0.000000E+0	1.964247E-4	2.976042E-9	0.000000E+0	0.000000E+0	1.999856E+1	0.000000E+0	8.000000E+0
21-Apr-25	02:57:33	-1.000000E-5	-1.900000E-4	4.484750E-1	-1.138400E-5	-1.000000E-7	-2.160000E-6	-4.000000E-8	0.000000E+0	0.000000E+0	1.964247E-4	2.976042E-9	0.000000E+0	0.000000E+0	1.999856E+1	0.000000E+0	8.000000E+0
21-Apr-25	02:57:34	-1.000000E-5	-1.900000E-4	4.468850E-1	-1.139800E-5	-3.000000E-8	-2.160000E-6	-2.000000E-8	0.000000E+0	0.000000E+0	1.964247E-4	2.976042E-9	0.000000E+0	0.000000E+0	1.999856E+1	0.000000E+0	8.000000E+0
21-Apr-25	02:57:34	-1.000000E-5	-1.900000E-4	4.453050E-1	-1.139600E-5	5.400000E-8	-2.140000E-6	-2.000000E-8	0.000000E+0	0.000000E+0	1.964247E-4	2.976042E-9	0.000000E+0	0.000000E+0	1.999856E+1	0.000000E+0	8.000000E+0
21-Apr-25	02:57:35	-1.000000E-5	-1.900000E-4	4.437150E-1	-1.137000E-5	5.800000E-8	-2.160000E-6	-2.000000E-8	0.000000E+0	0.000000E+0	1.964247E-4	2.976042E-9	0.000000E+0	0.000000E+0	1.999856E+1	0.000000E+0	8.000000E+0
21-Apr-25	02:57:35	-1.000000E-5	-1.900000E-4	4.419750E-1	-1.134400E-5	-1.020000E-7	-2.160000E-6	-2.000000E-8	0.000000E+0	0.000000E+0	1.964247E-4	2.976042E-9	0.000000E+0	0.000000E+0	1.999856E+1	0.000000E+0	8.000000E+0
21-Apr-25	02:57:36	-1.000000E-5	-1.900000E-4	4.403900E-1	-1.139600E-5	-9.800000E-8	-2.140000E-6	-4.000000E-8	0.000000E+0	0.000000E+0	1.964247E-4	2.976042E-9	0.000000E+0	0.000000E+0	1.999856E+1	0.000000E+0	8.000000E+0
21-Apr-25	02:57:36	-1.000000E-5	-1.900000E-4	4.389550E-1	-1.137800E-5	-8.600000E-8	-2.140000E-6	-2.000000E-8	0.000000E+0	0.000000E+0	1.964247E-4	2.976042E-9	0.000000E+0	0.000000E+0	1.999856E+1	0.000000E+0	8.000000E+0
21-Apr-25	02:57:37	-1.000000E-5	-1.900000E-4	4.373750E-1	-1.140200E-5	-8.200000E-8	-2.160000E-6	-2.000000E-8	0.000000E+0	0.000000E+0	1.964247E-4	2.976042E-9	0.000000E+0	0.000000E+0	1.999856E+1	0.000000E+0	8.000000E+0
21-Apr-25	02:57:38	-1.000000E-5	-1.900000E-4	4.352650E-1	-1.136600E-5	-1.400000E-7	-2.160000E-6	-2.000000E-8	0.000000E+0	0.000000E+0	1.964247E-4	2.976042E-9	0.000000E+0	0.000000E+0	1.999856E+1	0.000000E+0	8.000000E+0
21-Apr-25	02:57:38	-1.000000E-5	-1.900000E-4	4.336750E-1	-1.140400E-5	-2.120000E-7	-2.140000E-6	-2.000000E-8	0.000000E+0	0.000000E+0	1.964247E-4	2.976042E-9	0.000000E+0	0.000000E+0	1.999856E+1	0.000000E+0	8.000000E+0
21-Apr-25	02:57:39	-1.000000E-5	-1.900000E-4	4.320900E-1	-1.134600E-5	-1.560000E-7	-2.140000E-6	-4.000000E-8	0.000000E+0	0.000000E+0	1.964247E-4	2.976042E-9	0.000000E+0	0.000000E+0	1.999856E+1	0.000000E+0	8.000000E+0
21-Apr-25	02:57:39	-1.000000E-5	-1.900000E-4	4.305050E-1	-1.138600E-5	-1.600000E-8	-2.140000E-6	-4.000000E-8	0.000000E+0	0.000000E+0	1.964247E-4	2.976042E-9	0.000000E+0	0.000000E+0	1.999856E+1	0.000000E+0	8.000000E+0
21-Apr-25	02:57:40	-1.000000E-5	-1.900000E-4	4.289250E-1	-1.146000E-5	-3.800000E-8	-2.160000E-6	-2.000000E-8	0.000000E+0	0.000000E+0	1.964247E-4	2.976042E-9	0.000000E+0	0.000000E+0	1.999856E+1	0.000000E+0	8.000000E+0
21-Apr-25	02:57:40	-1.000000E-5	-1.900000E-4	4.273400E-1	-1.147000E-5	-8.800000E-8	-2.180000E-6	-4.000000E-8	0.000000E+0	0.000000E+0	1.964247E-4	2.976042E-9	0.000000E+0	0.000000E+0	1.999856E+1	0.000000E+0	8.000000E+0
21-Apr-25	02:57:41	-1.000000E-5	-1.900000E-4	4.257550E-1	-1.143200E-5	-4.000000E-8	-2.160000E-6	-2.000000E-8	0.000000E+0	0.000000E+0	1.964247E-4	2.976042E-9	0.000000E+0	0.000000E+0	1.999856E+1	0.000000E+0	8.000000E+0
21-Apr-25	02:57:41	-1.000000E-5	-1.900000E-4	4.240050E-1	-1.142200E-5	-1.080000E-7	-2.180000E-6	-2.000000E-8	0.000000E+0	0.000000E+0	1.964247E-4	2.976042E-9	0.000000E+0	0.000000E+0	1.999856E+1	0.000000E+0	8.000000E+0
21-Apr-25	02:57:42	-1.000000E-5	-1.900000E-4	4.224250E-1	-1.143200E-5	-2.180000E-7	-2.140000E-6	-4.000000E-8	0.000000E+0	0.000000E+0	1.964247E-4	2.976042E-9	0.000000E+0	0.000000E+0	1.999856E+1	0.000000E+0	8.000000E+0
21-Apr-25	02:57:42	-1.000000E-5	-1.900000E-4	4.208350E-1	-1.138600E-5	-6.000000E-8	-2.140000E-6	-4.000000E-8	0.000000E+0	0.000000E+0	1.964247E-4	2.976042E-9	0.000000E+0	0.000000E+0	1.999856E+1	0.000000E+0	8.000000E+0
21-Apr-25	02:57:43	-1.000000E-5	-1.900000E-4	4.192550E-1	-1.138600E-5	-4.800000E-8	-2.180000E-6	-4.000000E-8	0.000000E+0	0.000000E+0	1.964247E-4	2.976042E-9	0.000000E+0	0.000000E+0	1.999856E+1	0.000000E+0	8.000000E+0
21-Apr-25	02:57:43	-1.000000E-5	-1.900000E-4	4.171900E-1	-1.137200E-5	-6.000000E-8	-2.160000E-6	-2.000000E-8	0.000000E+0	0.000000E+0	1.964247E-4	2.976042E-9	0.000000E+0	0.000000E+0	1.999856E+1	0.000000E+0	8.000000E+0
21-Apr-25	02:57:44	-1.000000E-5	-1.900000E-4	4.156100E-1	-1.135800E-5	-2.000000E-8	-2.140000E-6	-2.000000E-8	0.000000E+0	0.000000E+0	1.964247E-4	2.976042E-9	0.000000E+0	0.000000E+0	1.999856E+1	0.000000E+0	8.000000E+0
21-Apr-25	02:57:44	-1.000000E-5	-1.900000E-4	4.140250E-1	-1.131000E-5	-4.400000E-8	-2.120000E-6	-2.000000E-8	0.000000E+0	0.000000E+0	1.964247E-4	2.976042E-9	0.000000E+0	0.000000E+0	1.999856E+1	0.000000E+0	8.000000E+0
21-Apr-25	02:57:45	-1.000000E-5	-1.900000E-4	4.122600E-1	-1.140800E-5	-8.400000E-8	-2.160000E-6	-2.000000E-8	0.000000E+0	0.000000E+0	1.964247E-4	2.976042E-9	0.000000E+0	0.000000E+0	1.999856E+1	0.000000E+0	8.000000E+0
21-Apr-25	02:57:45	-1.000000E-5	-1.900000E-4	4.106950E-1	-1.143400E-5	-4.200000E-8	-2.160000E-6	-2.000000E-8	0.000000E+0	0.000000E+0	1.964247E-4	2.976042E-9	0.000000E+0	0.000000E+0	1.999856E+1	0.000000E+0	8.000000E+0
21-Apr-25	02:57:46	-1.000000E-5	-1.900000E-4	4.091050E-1	-1.146800E-5	-2.800000E-8	-2.160000E-6	-2.000000E-8	0.000000E+0	0.000000E+0	1.964247E-4	2.976042E-9	0.000000E+0	0.000000E+0	1.999856E+1	0.000000E+0	8.000000E+0
21-Apr-25	02:57:46	-1.000000E-5	-1.900000E-4	4.075000E-1	-1.139000E-5	-9.600000E-8	-2.140000E-6	0.000000E+0	0.000000E+0	0.000000E+0	1.964247E-4	2.976042E-9	0.000000E+0	0.000000E+0	1.999856E+1	0.000000E+0	8.000000E+0
21-Apr-25	02:57:47	-1.000000E-5	-1.900000E-4	4.058850E-1	-1.140400E-5	-7.400000E-8	-2.160000E-6	0.000000E+0	0.000000E+0	0.000000E+0	1.964247E-4	2.976042E-9	0.000000E+0	0.000000E+0	1.999856E+1	0.000000E+0	8.000000E+0
21-Apr-25	02:57:47	-1.000000E-5	-1.900000E-4	4.043000E-1	-1.137600E-5	-1.460000E-7	-2.160000E-6	0.000000E+0	0.000000E+0	0.000000E+0	1.964247E-4	2.976042E-9	0.000000E+0	0.000000E+0	1.999856E+1	0.000000E+0	8.000000E+0
21-Apr-25	02:57:48	-1.000000E-5	-1.900000E-4	4.027150E-1	-1.132800E-5	-9.600000E-8	-2.180000E-6	-2.000000E-8	0.000000E+0	0.000000E+0	1.964247E-4	2.976042E-9	0.000000E+0	0.000000E+0	1.999856E+1	0.000000E+0	8.000000E+0
21-Apr-25	02:57:48	-1.000000E-5	-1.900000E-4	4.011500E-1	-1.135000E-5	0.000000E+0	-2.160000E-6	-4.000000E-8	0.000000E+0	0.000000E+0	1.964247E-4	2.976042E-9	0.000000E+0	0.000000E+0	1.999856E+1	0.000000E+0	8.000000E+0
21-Apr-25	02:57:49	-1.000000E-5	-1.900000E-4	3.995400E-1	-1.136800E-5	-4.800000E-8	-2.160000E-6	-2.000000E-8	0.000000E+0	0.000000E+0	1.964247E-4	2.976042E-9	0.000000E+0	0.000000E+0	1.999856E+1	0.000000E+0	8.000000E+0
21-Apr-25	02:57:49	-1.000000E-5	-1.900000E-4	3.979550E-1	-1.146200E-5	-1.400000E-7	-2.160000E-6	-4.000000E-8	0.000000E+0	0.000000E+0	1.964247E-4	2.976042E-9	0.000000E+0	0.000000E+0	1.999856E+1	0.000000E+0	8.000000E+0
21-Apr-25	02:57:50	-1.000000E-5	-1.900000E-4	3.964000E-1	-1.140400E-5	-7.400000E-8	-2.140000E-6	-2.000000E-8	0.000000E+0	0.000000E+0	1.964247E-4	2.976042E-9	0.000000E+0	0.000000E+0	1.999856E+1	0.000000E+0	8.000000E+0
21-Apr-25	02:57:50	-1.000000E-5	-1.900000E-4	3.947900E-1	-1.130200E-5	-7.600000E-8	-2.180000E-6	0.000000E+0	0.000000E+0	0.000000E+0	1.964247E-4	2.976042E-9	0.000000E+0	0.000000E+0	1.999856E+1	0.000000E+0	8.000000E+0
21-Apr-25	02:57:51	-1.000000E-5	-1.900000E-4	3.932050E-1	-1.133000E-5	-4.800000E-8	-2.180000E-6	-2.000000E-8	0.000000E+0	0.000000E+0	1.964247E-4	2.976042E-9	0.000000E+0	0.000000E+0	1.999856E+1	0.000000E+0	8.000000E+0
21-Apr-25	02:57:51	-1.000000E-5	-1.900000E-4	3.916150E-1	-1.139400E-5	-4.200000E-8	-2.180000E-6	-4.000000E-8	0.000000E+0	0.000000E+0	1.964247E-4	2.976042E-9	0.000000E+0	0.000000E+0	1.999856E+1	0.000000E+0	8.000000E+0
21-Apr-25	02:57:52	-1.000000E-5	-1.900000E-4	3.900350E-1	-1.145400E-5	-6.800000E-8	-2.160000E-6	-2.000000E-8	0.000000E+0	0.000000E+0	1.964247E-4	2.976042E-9	0.000000E+0	0.000000E+0	1.999856E+1	0.000000E+0	8.000000E+0
21-Apr-25	02:57:52	-1.000000E-5	-1.900000E-4	3.884550E-1	-1.148400E-5	-1.140000E-7	-2.160000E-6	0.000000E+0	0.000000E+0	0.000000E+0	1.964247E-4	2.976042E-9	0.000000E+0	0.000000E+0	1.999856E+1	0.000000E+0	8.000000E+0
21-Apr-25	02:57:53	-1.000000E-5	-1.900000E-4	3.868650E-1	-1.142800E-5	-5.800000E-8	-2.160000E-6	-4.000000E-8	0.000000E+0	0.000000E+0	1.964247E-4	2.976042E-9	0.000000E+0	0.000000E+0	1.999856E+1	0.000000E+0	8.000000E+0
21-Apr-25	02:57:53	-1.000000E-5	-1.900000E-4	3.852800E-1	-1.136600E-5	8.000000E-9	-2.160000E-6	-4.000000E-8	0.000000E+0	0.000000E+0	1.964247E-4	2.976042E-9	0.000000E+0	0.000000E+0	1.999856E+1	0.000000E+0	8.000000E+0
21-Apr-25	02:57:54	-1.000000E-5	-1.900000E-4	3.836900E-1	-1.145600E-5	5.400000E-8	-2.160000E-6	-2.000000E-8	0.000000E+0	0.000000E+0	1.964247E-4	2.976042E-9	0.000000E+0	0.000000E+0	1.999856E+1	0.000000E+0	8.000000E+0
21-Apr-25	02:57:54	-1.000000E-5	-1.900000E-4	3.821150E-1	-1.141000E-5	8.000000E-9	-2.160000E-6	-2.000000E-8	0.000000E+0	0.000000E+0	1.964247E-4	2.976042E-9	0.000000E+0	0.000000E+0	1.999856E+1	0.000000E+0	8.000000E+0
21-Apr-25	02:57:55	-1.000000E-5	-1.900000E-4	3.805250E-1	-1.134600E-5	-4.400000E-8	-2.180000E-6	-2.000000E-8	0.000000E+0	0.000000E+0	1.964247E-4	2.976042E-9	0.000000E+0	0.000000E+0	1.999856E+1	0.000000E+0	8.000000E+0
21-Apr-25	02:57:56	-1.000000E-5	-1.900000E-4	3.784600E-1	-1.123400E-5	-7.400000E-8	-2.180000E-6	-2.000000E-8	0.000000E+0	0.000000E+0	1.964247E-4	2.976042E-9	0.000000E+0	0.000000E+0	1.999856E+1	0.000000E+0	8.000000E+0
21-Apr-25	02:57:56	-1.000000E-5	-1.900000E-4	3.768850E-1	-1.151200E-5	4.000000E-9	-2.180000E-6	-2.000000E-8	0.000000E+0	0.000000E+0	1.964247E-4	2.976042E-9	0.000000E+0	0.000000E+0	1.999856E+1	0.000000E+0	8.000000E+0
21-Apr-25	02:57:57	-1.000000E-5	-1.900000E-4	3.752950E-1	-1.144000E-5	-5.000000E-8	-2.180000E-6	-2.000000E-8	0.000000E+0	0.000000E+0	1.964247E-4	2.976042E-9	0.000000E+0	0.000000E+0	1.999856E+1	0.000000E+0	8.000000E+0
21-Apr-25	02:57:57	-1.000000E-5	-1.900000E-4	3.732100E-1	-1.148000E-5	-1.460000E-7	-2.160000E-6	-4.000000E-8	0.000000E+0	0.000000E+0	1.964247E-4	2.976042E-9	0.000000E+0	0.000000E+0	1.999856E+1	0.000000E+0	8.000000E+0
21-Apr-25	02:57:58	-1.000000E-5	-1.900000E-4	3.712750E-1	-1.144800E-5	-1.060000E-7	-2.160000E-6	-4.000000E-8	0.000000E+0	0.000000E+0	1.964247E-4	2.976042E-9	0.000000E+0	0.000000E+0	1.999856E+1	0.000000E+0	8.000000E+0
21-Apr-25	02:57:58	-1.000000E-5	-1.900000E-4	3.696950E-1	-1.136800E-5	-9.000000E-8	-2.180000E-6	-4.000000E-8	0.000000E+0	0.000000E+0	1.964247E-4	2.976042E-9	0.000000E+0	0.000000E+0	1.999856E+1	0.000000E+0	8.000000E+0
21-Apr-25	02:57:59	-1.000000E-5	-1.900000E-4	3.681600E-1	-1.153400E-5	-1.280000E-7	-2.180000E-6	-2.000000E-8	0.000000E+0	0.000000E+0	1.964247E-4	2.976042E-9	0.000000E+0	0.000000E+0	1.999856E+1	0.000000E+0	8.000000E+0
21-Apr-25	02:57:59	-1.000000E-5	-1.900000E-4	3.665750E-1	-1.156600E-5	8.000000E-9	-2.160000E-6	-2.000000E-8	0.000000E+0	0.000000E+0	1.964247E-4	2.976042E-9	0.000000E+0	0.000000E+0	1.999856E+1	0.000000E+0	8.000000E+0
21-Apr-25	02:58:00	-1.000000E-5	-1.900000E-4	3.651450E-1	-1.146600E-5	-7.200000E-8	-2.160000E-6	-4.000000E-8	0.000000E+0	0.000000E+0	1.964247E-4	2.976042E-9	0.000000E+0	0.000000E+0	1.999856E+1	0.000000E+0	8.000000E+0
21-Apr-25	02:58:00	-1.000000E-5	-1.900000E-4	3.635650E-1	-1.142000E-5	7.200000E-8	-2.160000E-6	-4.000000E-8	0.000000E+0	0.000000E+0	1.964247E-4	2.976042E-9	0.000000E+0	0.000000E+0	1.999856E+1	0.000000E+0	8.000000E+0
21-Apr-25	02:58:01	-1.000000E-5	-1.900000E-4	3.619850E-1	-1.139400E-5	-6.600000E-8	-2.180000E-6	-4.000000E-8	0.000000E+0	0.000000E+0	1.964247E-4	2.976042E-9	0.000000E+0	0.000000E+0	1.999856E+1	0.000000E+0	8.000000E+0
21-Apr-25	02:58:01	-1.000000E-5	-1.900000E-4	3.604000E-1	-1.139200E-5	-5.600000E-8	-2.160000E-6	-2.000000E-8	0.000000E+0	0.000000E+0	1.964247E-4	2.976042E-9	0.000000E+0	0.000000E+0	1.999856E+1	0.000000E+0	8.000000E+0
21-Apr-25	02:58:02	-1.000000E-5	-1.900000E-4	3.588100E-1	-1.144600E-5	-1.160000E-7	-2.160000E-6	-2.000000E-8	0.000000E+0	0.000000E+0	1.964247E-4	2.976042E-9	0.000000E+0	0.000000E+0	1.999856E+1	0.000000E+0	8.000000E+0
21-Apr-25	02:58:02	-1.000000E-5	-1.900000E-4	3.572250E-1	-1.139200E-5	-1.800000E-8	-2.180000E-6	-4.000000E-8	0.000000E+0	0.000000E+0	1.964247E-4	2.976042E-9	0.000000E+0	0.000000E+0	1.999856E+1	0.000000E+0	8.000000E+0
21-Apr-25	02:58:03	-1.000000E-5	-1.900000E-4	3.556400E-1	-1.137000E-5	5.200000E-8	-2.160000E-6	-2.000000E-8	0.000000E+0	0.000000E+0	1.964247E-4	2.976042E-9	0.000000E+0	0.000000E+0	1.999856E+1	0.000000E+0	8.000000E+0
21-Apr-25	02:58:03	-1.000000E-5	-1.900000E-4	3.538950E-1	-1.133000E-5	-6.600000E-8	-2.160000E-6	-4.000000E-8	0.000000E+0	0.000000E+0	1.964247E-4	2.976042E-9	0.000000E+0	0.000000E+0	1.999856E+1	0.000000E+0	8.000000E+0
21-Apr-25	02:58:04	-1.000000E-5	-1.900000E-4	3.523100E-1	-1.131200E-5	-1.640000E-7	-2.160000E-6	-2.000000E-8	0.000000E+0	0.000000E+0	1.964247E-4	2.976042E-9	0.000000E+0	0.000000E+0	1.999856E+1	0.000000E+0	8.000000E+0
21-Apr-25	02:58:04	-1.000000E-5	-1.900000E-4	3.507250E-1	-1.147400E-5	-4.200000E-8	-2.160000E-6	-2.000000E-8	0.000000E+0	0.000000E+0	1.964247E-4	2.976042E-9	0.000000E+0	0.000000E+0	1.999856E+1	0.000000E+0	8.000000E+0
21-Apr-25	02:58:05	-1.000000E-5	-1.900000E-4	3.491400E-1	-1.154600E-5	-2.800000E-8	-2.160000E-6	-2.000000E-8	0.000000E+0	0.000000E+0	1.964247E-4	2.976042E-9	0.000000E+0	0.000000E+0	1.999856E+1	0.000000E+0	8.000000E+0
21-Apr-25	02:58:05	-1.000000E-5	-1.900000E-4	3.475600E-1	-1.148800E-5	-5.200000E-8	-2.160000E-6	-2.000000E-8	0.000000E+0	0.000000E+0	1.964247E-4	2.976042E-9	0.000000E+0	0.000000E+0	1.999856E+1	0.000000E+0	8.000000E+0
21-Apr-25	02:58:06	-1.000000E-5	-1.900000E-4	3.459750E-1	-1.139000E-5	-7.200000E-8	-2.180000E-6	-2.000000E-8	0.000000E+0	0.000000E+0	1.964247E-4	2.976042E-9	0.000000E+0	0.000000E+0	1.999856E+1	0.000000E+0	8.000000E+0
21-Apr-25	02:58:06	-1.000000E-5	-1.900000E-4	3.443900E-1	-1.139800E-5	-9.800000E-8	-2.180000E-6	-2.000000E-8	0.000000E+0	0.000000E+0	1.964247E-4	2.976042E-9	0.000000E+0	0.000000E+0	1.999856E+1	0.000000E+0	8.000000E+0
21-Apr-25	02:58:07	-1.000000E-5	-1.900000E-4	3.428050E-1	-1.138800E-5	-9.600000E-8	-2.160000E-6	-2.000000E-8	0.000000E+0	0.000000E+0	1.964247E-4	2.976042E-9	0.000000E+0	0.000000E+0	1.999856E+1	0.000000E+0	8.000000E+0
21-Apr-25	02:58:07	-1.000000E-5	-1.900000E-4	3.412150E-1	-1.135400E-5	-7.800000E-8	-2.160000E-6	-2.000000E-8	0.000000E+0	0.000000E+0	1.964247E-4	2.976042E-9	0.000000E+0	0.000000E+0	1.999856E+1	0.000000E+0	8.000000E+0
21-Apr-25	02:58:08	-1.000000E-5	-1.900000E-4	3.396300E-1	-1.145800E-5	-3.800000E-8	-2.200000E-6	0.000000E+0	0.000000E+0	0.000000E+0	1.964247E-4	2.976042E-9	0.000000E+0	0.000000E+0	1.999856E+1	0.000000E+0	8.000000E+0
21-Apr-25	02:58:08	-1.000000E-5	-1.900000E-4	3.380450E-1	-1.143000E-5	-9.000000E-8	-2.200000E-6	0.000000E+0	0.000000E+0	0.000000E+0	1.964247E-4	2.976042E-9	0.000000E+0	0.000000E+0	1.999856E+1	0.000000E+0	8.000000E+0
21-Apr-25	02:58:09	-1.000000E-5	-1.900000E-4	3.360950E-1	-1.153400E-5	2.000000E-9	-2.180000E-6	-4.000000E-8	0.000000E+0	0.000000E+0	1.964247E-4	2.976042E-9	0.000000E+0	0.000000E+0	1.999856E+1	0.000000E+0	8.000000E+0
21-Apr-25	02:58:09	-1.000000E-5	-1.900000E-4	3.345050E-1	-1.149200E-5	-7.800000E-8	-2.200000E-6	-2.000000E-8	0.000000E+0	0.000000E+0	1.964247E-4	2.976042E-9	0.000000E+0	0.000000E+0	1.999856E+1	0.000000E+0	8.000000E+0
21-Apr-25	02:58:10	-1.000000E-5	-1.900000E-4	3.329400E-1	-1.141800E-5	-2.000000E-8	-2.180000E-6	-2.000000E-8	0.000000E+0	0.000000E+0	1.964247E-4	2.976042E-9	0.000000E+0	0.000000E+0	1.999856E+1	0.000000E+0	8.000000E+0
21-Apr-25	02:58:10	-1.000000E-5	-1.900000E-4	3.314900E-1	-1.150600E-5	5.000000E-8	-2.140000E-6	-4.000000E-8	0.000000E+0	0.000000E+0	1.964247E-4	2.976042E-9	0.000000E+0	0.000000E+0	1.999856E+1	0.000000E+0	8.000000E+0
21-Apr-25	02:58:11	-1.000000E-5	-1.900000E-4	3.300650E-1	-1.144600E-5	1.000000E-8	-2.160000E-6	-2.000000E-8	0.000000E+0	0.000000E+0	1.964247E-4	2.976042E-9	0.000000E+0	0.000000E+0	1.999856E+1	0.000000E+0	8.000000E+0
21-Apr-25	02:58:11	-1.000000E-5	-1.900000E-4	3.284800E-1	-1.140600E-5	-5.200000E-8	-2.180000E-6	0.000000E+0	0.000000E+0	0.000000E+0	1.964247E-4	2.976042E-9	0.000000E+0	0.000000E+0	1.999856E+1	0.000000E+0	8.000000E+0
21-Apr-25	02:58:12	-1.000000E-5	-1.900000E-4	3.262650E-1	-1.143400E-5	-9.000000E-8	-2.160000E-6	0.000000E+0	0.000000E+0	0.000000E+0	1.964247E-4	2.976042E-9	0.000000E+0	0.000000E+0	1.999856E+1	0.000000E+0	8.000000E+0
21-Apr-25	02:58:12	-1.000000E-5	-1.900000E-4	3.246750E-1	-1.139800E-5	-8.200000E-8	-2.160000E-6	-4.000000E-8	0.000000E+0	0.000000E+0	1.964247E-4	2.976042E-9	0.000000E+0	0.000000E+0	1.999856E+1	0.000000E+0	8.000000E+0
21-Apr-25	02:58:13	-1.000000E-5	-1.900000E-4	3.230900E-1	-1.142000E-5	-6.000000E-8	-2.160000E-6	-4.000000E-8	0.000000E+0	0.000000E+0	1.964247E-4	2.976042E-9	0.000000E+0	0.000000E+0	1.999856E+1	0.000000E+0	8.000000E+0
21-Apr-25	02:58:13	-1.000000E-5	-1.900000E-4	3.215100E-1	-1.137400E-5	-1.020000E-7	-2.180000E-6	-2.000000E-8	0.000000E+0	0.000000E+0	1.964247E-4	2.976042E-9	0.000000E+0	0.000000E+0	1.999856E+1	0.000000E+0	8.000000E+0
21-Apr-25	02:58:14	-1.000000E-5	-1.900000E-4	3.199200E-1	-1.143800E-5	-6.000000E-8	-2.180000E-6	-2.000000E-8	0.000000E+0	0.000000E+0	1.964247E-4	2.976042E-9	0.000000E+0	0.000000E+0	1.999856E+1	0.000000E+0	8.000000E+0
21-Apr-25	02:58:15	-1.000000E-5	-1.900000E-4	3.183350E-1	-1.141400E-5	-6.000000E-9	-2.200000E-6	-2.000000E-8	0.000000E+0	0.000000E+0	1.964247E-4	2.976042E-9	0.000000E+0	0.000000E+0	1.999856E+1	0.000000E+0	8.000000E+0
21-Apr-25	02:58:15	-1.000000E-5	-1.900000E-4	3.160600E-1	-1.143600E-5	-9.000000E-8	-2.200000E-6	0.000000E+0	0.000000E+0	0.000000E+0	1.964247E-4	2.976042E-9	0.000000E+0	0.000000E+0	1.999856E+1	0.000000E+0	8.000000E+0
21-Apr-25	02:58:16	-1.000000E-5	-1.900000E-4	3.144850E-1	-1.141000E-5	-8.000000E-8	-2.200000E-6	-2.000000E-8	0.000000E+0	0.000000E+0	1.964247E-4	2.976042E-9	0.000000E+0	0.000000E+0	1.999856E+1	0.000000E+0	8.000000E+0
21-Apr-25	02:58:16	-1.000000E-5	-1.900000E-4	3.128950E-1	-1.143600E-5	-7.600000E-8	-2.200000E-6	-2.000000E-8	0.000000E+0	0.000000E+0	1.964247E-4	2.976042E-9	0.000000E+0	0.000000E+0	1.999856E+1	0.000000E+0	8.000000E+0
21-Apr-25	02:58:17	-1.000000E-5	-1.900000E-4	3.113100E-1	-1.147000E-5	-6.000000E-8	-2.180000E-6	-2.000000E-8	0.000000E+0	0.000000E+0	1.964247E-4	2.976042E-9	0.000000E+0	0.000000E+0	1.999856E+1	0.000000E+0	8.000000E+0
21-Apr-25	02:58:17	-1.000000E-5	-1.900000E-4	3.097250E-1	-1.144600E-5	-9.600000E-8	-2.160000E-6	-2.000000E-8	0.000000E+0	0.000000E+0	1.964247E-4	2.976042E-9	0.000000E+0	0.000000E+0	1.999856E+1	0.000000E+0	8.000000E+0
21-Apr-25	02:58:18	-1.000000E-5	-1.900000E-4	3.081400E-1	-1.150600E-5	-6.000000E-8	-2.180000E-6	-4.000000E-8	0.000000E+0	0.000000E+0	1.964247E-4	2.976042E-9	0.000000E+0	0.000000E+0	1.999856E+1	0.000000E+0	8.000000E+0
21-Apr-25	02:58:18	-1.000000E-5	-1.900000E-4	3.065550E-1	-1.149400E-5	-9.600000E-8	-2.180000E-6	-4.000000E-8	0.000000E+0	0.000000E+0	1.964247E-4	2.976042E-9	0.000000E+0	0.000000E+0	1.999856E+1	0.000000E+0	8.000000E+0
21-Apr-25	02:58:19	-1.000000E-5	-1.900000E-4	3.043350E-1	-1.143200E-5	-6.800000E-8	-2.180000E-6	-2.000000E-8	0.000000E+0	0.000000E+0	1.964247E-4	2.976042E-9	0.000000E+0	0.000000E+0	1.999856E+1	0.000000E+0	8.000000E+0
21-Apr-25	02:58:19	-1.000000E-5	-1.900000E-4	3.027500E-1	-1.146600E-5	-1.100000E-7	-2.200000E-6	-2.000000E-8	0.000000E+0	0.000000E+0	1.964247E-4	2.976042E-9	0.000000E+0	0.000000E+0	1.999856E+1	0.000000E+0	8.000000E+0
21-Apr-25	02:58:20	-1.000000E-5	-1.900000E-4	3.011600E-1	-1.136000E-5	-1.400000E-7	-2.180000E-6	-4.000000E-8	0.000000E+0	0.000000E+0	1.964247E-4	2.976042E-9	0.000000E+0	0.000000E+0	1.999856E+1	0.000000E+0	8.000000E+0
21-Apr-25	02:58:20	-1.000000E-5	-1.900000E-4	2.995750E-1	-1.140400E-5	-1.640000E-7	-2.160000E-6	-4.000000E-8	0.000000E+0	0.000000E+0	1.964247E-4	2.976042E-9	0.000000E+0	0.000000E+0	1.999856E+1	0.000000E+0	8.000000E+0
21-Apr-25	02:58:21	-1.000000E-5	-1.900000E-4	2.979950E-1	-1.144000E-5	-8.000000E-9	-2.160000E-6	-4.000000E-8	0.000000E+0	0.000000E+0	1.964247E-4	2.976042E-9	0.000000E+0	0.000000E+0	1.999856E+1	0.000000E+0	8.000000E+0
21-Apr-25	02:58:21	-1.000000E-5	-1.900000E-4	2.962500E-1	-1.142400E-5	-1.000000E-7	-2.200000E-6	-4.000000E-8	0.000000E+0	0.000000E+0	1.964247E-4	2.976042E-9	0.000000E+0	0.000000E+0	1.999856E+1	0.000000E+0	8.000000E+0
21-Apr-25	02:58:22	-1.000000E-5	-1.900000E-4	2.946650E-1	-1.138400E-5	-8.600000E-8	-2.200000E-6	-6.000000E-8	0.000000E+0	0.000000E+0	1.964247E-4	2.976042E-9	0.000000E+0	0.000000E+0	1.999856E+1	0.000000E+0	8.000000E+0
21-Apr-25	02:58:22	-1.000000E-5	-1.900000E-4	2.929250E-1	-1.137000E-5	-7.800000E-8	-2.220000E-6	-2.000000E-8	0.000000E+0	0.000000E+0	1.964247E-4	2.976042E-9	0.000000E+0	0.000000E+0	1.999856E+1	0.000000E+0	8.000000E+0
21-Apr-25	02:58:23	-1.000000E-5	-1.900000E-4	2.914950E-1	-1.141600E-5	-1.520000E-7	-2.200000E-6	-2.000000E-8	0.000000E+0	0.000000E+0	1.964247E-4	2.976042E-9	0.000000E+0	0.000000E+0	1.999856E+1	0.000000E+0	8.000000E+0
21-Apr-25	02:58:23	-1.000000E-5	-1.900000E-4	2.899100E-1	-1.144600E-5	-2.000000E-8	-2.180000E-6	-2.000000E-8	0.000000E+0	0.000000E+0	1.964247E-4	2.976042E-9	0.000000E+0	0.000000E+0	1.999856E+1	0.000000E+0	8.000000E+0
21-Apr-25	02:58:24	-1.000000E-5	-1.900000E-4	2.883250E-1	-1.138600E-5	-4.000000E-8	-2.200000E-6	-4.000000E-8	0.000000E+0	0.000000E+0	1.964247E-4	2.976042E-9	0.000000E+0	0.000000E+0	1.999856E+1	0.000000E+0	8.000000E+0
21-Apr-25	02:58:24	-1.000000E-5	-1.900000E-4	2.867400E-1	-1.142800E-5	-1.460000E-7	-2.180000E-6	-2.000000E-8	0.000000E+0	0.000000E+0	1.964247E-4	2.976042E-9	0.000000E+0	0.000000E+0	1.999856E+1	0.000000E+0	8.000000E+0
21-Apr-25	02:58:25	-1.000000E-5	-1.900000E-4	2.851300E-1	-1.146800E-5	-9.800000E-8	-2.180000E-6	-2.000000E-8	0.000000E+0	0.000000E+0	1.964247E-4	2.976042E-9	0.000000E+0	0.000000E+0	1.999856E+1	0.000000E+0	8.000000E+0
21-Apr-25	02:58:26	-1.000000E-5	-1.900000E-4	2.827200E-1	-1.148200E-5	-2.200000E-8	-2.200000E-6	-4.000000E-8	0.000000E+0	0.000000E+0	1.964247E-4	2.976042E-9	0.000000E+0	0.000000E+0	1.999856E+1	0.000000E+0	8.000000E+0
21-Apr-25	02:58:26	-1.000000E-5	-1.900000E-4	2.809850E-1	-1.143000E-5	4.800000E-8	-2.180000E-6	-2.000000E-8	0.000000E+0	0.000000E+0	1.964247E-4	2.976042E-9	0.000000E+0	0.000000E+0	1.999856E+1	0.000000E+0	8.000000E+0
21-Apr-25	02:58:27	-1.000000E-5	-1.900000E-4	2.793950E-1	-1.138600E-5	-8.200000E-8	-2.160000E-6	-6.000000E-8	0.000000E+0	0.000000E+0	1.964247E-4	2.976042E-9	0.000000E+0	0.000000E+0	1.999856E+1	0.000000E+0	8.000000E+0
21-Apr-25	02:58:27	-1.000000E-5	-1.900000E-4	2.778150E-1	-1.140800E-5	-5.800000E-8	-2.160000E-6	-4.000000E-8	0.000000E+0	0.000000E+0	1.964247E-4	2.976042E-9	0.000000E+0	0.000000E+0	1.999856E+1	0.000000E+0	8.000000E+0
21-Apr-25	02:58:28	-1.000000E-5	-1.900000E-4	2.762250E-1	-1.144200E-5	-8.000000E-8	-2.180000E-6	-2.000000E-8	0.000000E+0	0.000000E+0	1.964247E-4	2.976042E-9	0.000000E+0	0.000000E+0	1.999856E+1	0.000000E+0	8.000000E+0
21-Apr-25	02:58:28	-1.000000E-5	-1.900000E-4	2.746350E-1	-1.144200E-5	-1.260000E-7	-2.200000E-6	-2.000000E-8	0.000000E+0	0.000000E+0	1.964247E-4	2.976042E-9	0.000000E+0	0.000000E+0	1.999856E+1	0.000000E+0	8.000000E+0
21-Apr-25	02:58:29	-1.000000E-5	-1.900000E-4	2.730550E-1	-1.141200E-5	-1.260000E-7	-2.200000E-6	-2.000000E-8	0.000000E+0	0.000000E+0	1.964247E-4	2.976042E-9	0.000000E+0	0.000000E+0	1.999856E+1	0.000000E+0	8.000000E+0
21-Apr-25	02:58:29	-1.000000E-5	-1.900000E-4	2.714700E-1	-1.142800E-5	-1.020000E-7	-2.200000E-6	-2.000000E-8	0.000000E+0	0.000000E+0	1.964247E-4	2.976042E-9	0.000000E+0	0.000000E+0	1.999856E+1	0.000000E+0	8.000000E+0
21-Apr-25	02:58:30	-1.000000E-5	-1.900000E-4	2.698800E-1	-1.151800E-5	-6.800000E-8	-2.200000E-6	-2.000000E-8	0.000000E+0	0.000000E+0	1.964247E-4	2.976042E-9	0.000000E+0	0.000000E+0	1.999856E+1	0.000000E+0	8.000000E+0
21-Apr-25	02:58:30	-1.000000E-5	-1.900000E-4	2.682950E-1	-1.150600E-5	-1.600000E-7	-2.180000E-6	-4.000000E-8	0.000000E+0	0.000000E+0	1.964247E-4	2.976042E-9	0.000000E+0	0.000000E+0	1.999856E+1	0.000000E+0	8.000000E+0
21-Apr-25	02:58:31	-1.000000E-5	-1.900000E-4	2.667100E-1	-1.148000E-5	-1.640000E-7	-2.200000E-6	0.000000E+0	0.000000E+0	0.000000E+0	1.964247E-4	2.976042E-9	0.000000E+0	0.000000E+0	1.999856E+1	0.000000E+0	8.000000E+0
21-Apr-25	02:58:31	-1.000000E-5	-1.900000E-4	2.651250E-1	-1.141200E-5	-5.400000E-8	-2.160000E-6	-2.000000E-8	0.000000E+0	0.000000E+0	1.964247E-4	2.976042E-9	0.000000E+0	0.000000E+0	1.999856E+1	0.000000E+0	8.000000E+0
21-Apr-25	02:58:32	-1.000000E-5	-1.900000E-4	2.635450E-1	-1.148000E-5	-3.200000E-8	-2.180000E-6	-2.000000E-8	0.000000E+0	0.000000E+0	1.964247E-4	2.976042E-9	0.000000E+0	0.000000E+0	1.999856E+1	0.000000E+0	8.000000E+0
21-Apr-25	02:58:32	-1.000000E-5	-1.900000E-4	2.616400E-1	-1.144800E-5	-1.260000E-7	-2.180000E-6	-2.000000E-8	0.000000E+0	0.000000E+0	1.964247E-4	2.976042E-9	0.000000E+0	0.000000E+0	1.999856E+1	0.000000E+0	8.000000E+0
21-Apr-25	02:58:33	-1.000000E-5	-1.900000E-4	2.600650E-1	-1.142000E-5	-1.120000E-7	-2.200000E-6	-2.000000E-8	0.000000E+0	0.000000E+0	1.964247E-4	2.976042E-9	0.000000E+0	0.000000E+0	1.999856E+1	0.000000E+0	8.000000E+0
21-Apr-25	02:58:33	-1.000000E-5	-1.900000E-4	2.584750E-1	-1.145000E-5	-1.080000E-7	-2.180000E-6	-2.000000E-8	0.000000E+0	0.000000E+0	1.964247E-4	2.976042E-9	0.000000E+0	0.000000E+0	1.999856E+1	0.000000E+0	8.000000E+0
21-Apr-25	02:58:34	-1.000000E-5	-1.900000E-4	2.568900E-1	-1.136600E-5	-1.120000E-7	-2.200000E-6	-2.000000E-8	0.000000E+0	0.000000E+0	1.964247E-4	2.976042E-9	0.000000E+0	0.000000E+0	1.999856E+1	0.000000E+0	8.000000E+0
21-Apr-25	02:58:34	-1.000000E-5	-1.900000E-4	2.553050E-1	-1.133400E-5	-5.200000E-8	-2.200000E-6	-4.000000E-8	0.000000E+0	0.000000E+0	1.964247E-4	2.976042E-9	0.000000E+0	0.000000E+0	1.999856E+1	0.000000E+0	8.000000E+0
21-Apr-25	02:58:35	-1.000000E-5	-1.900000E-4	2.537150E-1	-1.147600E-5	-1.180000E-7	-2.200000E-6	-2.000000E-8	0.000000E+0	0.000000E+0	1.964247E-4	2.976042E-9	0.000000E+0	0.000000E+0	1.999856E+1	0.000000E+0	8.000000E+0
21-Apr-25	02:58:35	-1.000000E-5	-1.900000E-4	2.521350E-1	-1.150000E-5	-1.180000E-7	-2.200000E-6	-2.000000E-8	0.000000E+0	0.000000E+0	1.964247E-4	2.976042E-9	0.000000E+0	0.000000E+0	1.999856E+1	0.000000E+0	8.000000E+0
21-Apr-25	02:58:36	-1.000000E-5	-1.900000E-4	2.505500E-1	-1.147600E-5	-1.580000E-7	-2.200000E-6	-4.000000E-8	0.000000E+0	0.000000E+0	1.964247E-4	2.976042E-9	0.000000E+0	0.000000E+0	1.999856E+1	0.000000E+0	8.000000E+0
21-Apr-25	02:58:36	-1.000000E-5	-1.900000E-4	2.488100E-1	-1.143600E-5	-1.540000E-7	-2.200000E-6	-2.000000E-8	0.000000E+0	0.000000E+0	1.964247E-4	2.976042E-9	0.000000E+0	0.000000E+0	1.999856E+1	0.000000E+0	8.000000E+0
21-Apr-25	02:58:37	-1.000000E-5	-1.900000E-4	2.472250E-1	-1.145200E-5	-1.520000E-7	-2.200000E-6	-2.000000E-8	0.000000E+0	0.000000E+0	1.964247E-4	2.976042E-9	0.000000E+0	0.000000E+0	1.999856E+1	0.000000E+0	8.000000E+0
21-Apr-25	02:58:37	-1.000000E-5	-1.900000E-4	2.456450E-1	-1.143400E-5	-1.320000E-7	-2.180000E-6	-2.000000E-8	0.000000E+0	0.000000E+0	1.964247E-4	2.976042E-9	0.000000E+0	0.000000E+0	1.999856E+1	0.000000E+0	8.000000E+0
21-Apr-25	02:58:38	-1.000000E-5	-1.900000E-4	2.440550E-1	-1.137000E-5	-8.200000E-8	-2.180000E-6	-2.000000E-8	0.000000E+0	0.000000E+0	1.964247E-4	2.976042E-9	0.000000E+0	0.000000E+0	1.999856E+1	0.000000E+0	8.000000E+0
21-Apr-25	02:58:39	-1.000000E-5	-1.900000E-4	2.421500E-1	-1.138400E-5	-1.640000E-7	-2.200000E-6	-2.000000E-8	0.000000E+0	0.000000E+0	1.964247E-4	2.976042E-9	0.000000E+0	0.000000E+0	1.999856E+1	0.000000E+0	8.000000E+0
21-Apr-25	02:58:39	-1.000000E-5	-1.900000E-4	2.405650E-1	-1.142400E-5	-1.560000E-7	-2.220000E-6	-4.000000E-8	0.000000E+0	0.000000E+0	1.964247E-4	2.976042E-9	0.000000E+0	0.000000E+0	1.999856E+1	0.000000E+0	8.000000E+0
21-Apr-25	02:58:40	-1.000000E-5	-1.900000E-4	2.389850E-1	-1.147200E-5	-5.600000E-8	-2.200000E-6	-4.000000E-8	0.000000E+0	0.000000E+0	1.964247E-4	2.976042E-9	0.000000E+0	0.000000E+0	1.999856E+1	0.000000E+0	8.000000E+0
21-Apr-25	02:58:40	-1.000000E-5	-1.900000E-4	2.370800E-1	-1.142000E-5	-8.400000E-8	-2.200000E-6	-4.000000E-8	0.000000E+0	0.000000E+0	1.964247E-4	2.976042E-9	0.000000E+0	0.000000E+0	1.999856E+1	0.000000E+0	8.000000E+0
21-Apr-25	02:58:41	-1.000000E-5	-1.900000E-4	2.354950E-1	-1.150600E-5	-1.400000E-8	-2.200000E-6	-2.000000E-8	0.000000E+0	0.000000E+0	1.964247E-4	2.976042E-9	0.000000E+0	0.000000E+0	1.999856E+1	0.000000E+0	8.000000E+0
21-Apr-25	02:58:41	-1.000000E-5	-1.900000E-4	2.340650E-1	-1.148000E-5	-5.400000E-8	-2.180000E-6	-4.000000E-8	0.000000E+0	0.000000E+0	1.964247E-4	2.976042E-9	0.000000E+0	0.000000E+0	1.999856E+1	0.000000E+0	8.000000E+0
21-Apr-25	02:58:42	-1.000000E-5	-1.900000E-4	2.324800E-1	-1.142000E-5	-8.000000E-9	-2.180000E-6	0.000000E+0	0.000000E+0	0.000000E+0	1.964247E-4	2.976042E-9	0.000000E+0	0.000000E+0	1.999856E+1	0.000000E+0	8.000000E+0
21-Apr-25	02:58:42	-1.000000E-5	-1.900000E-4	2.309000E-1	-1.150400E-5	-9.000000E-8	-2.200000E-6	0.000000E+0	0.000000E+0	0.000000E+0	1.964247E-4	2.976042E-9	0.000000E+0	0.000000E+0	1.999856E+1	0.000000E+0	8.000000E+0
21-Apr-25	02:58:43	-1.000000E-5	-1.900000E-4	2.293150E-1	-1.141400E-5	-1.220000E-7	-2.200000E-6	-2.000000E-8	0.000000E+0	0.000000E+0	1.964247E-4	2.976042E-9	0.000000E+0	0.000000E+0	1.999856E+1	0.000000E+0	8.000000E+0
21-Apr-25	02:58:43	-1.000000E-5	-1.900000E-4	2.277300E-1	-1.144000E-5	-2.000000E-8	-2.180000E-6	-2.000000E-8	0.000000E+0	0.000000E+0	1.964247E-4	2.976042E-9	0.000000E+0	0.000000E+0	1.999856E+1	0.000000E+0	8.000000E+0
21-Apr-25	02:58:44	-1.000000E-5	-1.900000E-4	2.261450E-1	-1.145200E-5	-8.400000E-8	-2.180000E-6	-2.000000E-8	0.000000E+0	0.000000E+0	1.964247E-4	2.976042E-9	0.000000E+0	0.000000E+0	1.999856E+1	0.000000E+0	8.000000E+0
21-Apr-25	02:58:44	-1.000000E-5	-1.900000E-4	2.245550E-1	-1.145200E-5	4.600000E-8	-2.200000E-6	-4.000000E-8	0.000000E+0	0.000000E+0	1.964247E-4	2.976042E-9	0.000000E+0	0.000000E+0	1.999856E+1	0.000000E+0	8.000000E+0
21-Apr-25	02:58:45	-1.000000E-5	-1.900000E-4	2.231350E-1	-1.145800E-5	-5.600000E-8	-2.200000E-6	-6.000000E-8	0.000000E+0	0.000000E+0	1.964247E-4	2.976042E-9	0.000000E+0	0.000000E+0	1.999856E+1	0.000000E+0	8.000000E+0
21-Apr-25	02:58:45	-1.000000E-5	-1.900000E-4	2.215500E-1	-1.137200E-5	-1.420000E-7	-2.180000E-6	-4.000000E-8	0.000000E+0	0.000000E+0	1.964247E-4	2.976042E-9	0.000000E+0	0.000000E+0	1.999856E+1	0.000000E+0	8.000000E+0
21-Apr-25	02:58:46	-1.000000E-5	-1.900000E-4	2.199650E-1	-1.146200E-5	-6.800000E-8	-2.200000E-6	-4.000000E-8	0.000000E+0	0.000000E+0	1.964247E-4	2.976042E-9	0.000000E+0	0.000000E+0	1.999856E+1	0.000000E+0	8.000000E+0
21-Apr-25	02:58:46	-1.000000E-5	-1.900000E-4	2.183800E-1	-1.146600E-5	-9.600000E-8	-2.200000E-6	-2.000000E-8	0.000000E+0	0.000000E+0	1.964247E-4	2.976042E-9	0.000000E+0	0.000000E+0	1.999856E+1	0.000000E+0	8.000000E+0
21-Apr-25	02:58:47	-1.000000E-5	-1.900000E-4	2.167900E-1	-1.142200E-5	-4.600000E-8	-2.200000E-6	-2.000000E-8	0.000000E+0	0.000000E+0	1.964247E-4	2.976042E-9	0.000000E+0	0.000000E+0	1.999856E+1	0.000000E+0	8.000000E+0
21-Apr-25	02:58:47	-1.000000E-5	-1.900000E-4	2.152050E-1	-1.144600E-5	-5.200000E-8	-2.180000E-6	-2.000000E-8	0.000000E+0	0.000000E+0	1.964247E-4	2.976042E-9	0.000000E+0	0.000000E+0	1.999856E+1	0.000000E+0	8.000000E+0
21-Apr-25	02:58:48	-1.000000E-5	-1.900000E-4	2.134700E-1	-1.141200E-5	-9.600000E-8	-2.180000E-6	-2.000000E-8	0.000000E+0	0.000000E+0	1.964247E-4	2.976042E-9	0.000000E+0	0.000000E+0	1.999856E+1	0.000000E+0	8.000000E+0
21-Apr-25	02:58:48	-1.000000E-5	-1.900000E-4	2.118800E-1	-1.138400E-5	-1.020000E-7	-2.160000E-6	0.000000E+0	0.000000E+0	0.000000E+0	1.964247E-4	2.976042E-9	0.000000E+0	0.000000E+0	1.999856E+1	0.000000E+0	8.000000E+0
21-Apr-25	02:58:49	-1.000000E-5	-1.900000E-4	2.102950E-1	-1.136200E-5	-2.200000E-8	-2.180000E-6	-2.000000E-8	0.000000E+0	0.000000E+0	1.964247E-4	2.976042E-9	0.000000E+0	0.000000E+0	1.999856E+1	0.000000E+0	8.000000E+0
21-Apr-25	02:58:49	-1.000000E-5	-1.900000E-4	2.078650E-1	-1.141800E-5	-6.600000E-8	-2.180000E-6	-2.000000E-8	0.000000E+0	0.000000E+0	1.964247E-4	2.976042E-9	0.000000E+0	0.000000E+0	1.999856E+1	0.000000E+0	8.000000E+0
21-Apr-25	02:58:50	-1.000000E-5	-1.900000E-4	2.062750E-1	-1.141400E-5	-1.120000E-7	-2.200000E-6	-2.000000E-8	0.000000E+0	0.000000E+0	1.964247E-4	2.976042E-9	0.000000E+0	0.000000E+0	1.999856E+1	0.000000E+0	8.000000E+0
21-Apr-25	02:58:50	-1.000000E-5	-1.900000E-4	2.046900E-1	-1.147000E-5	-1.060000E-7	-2.180000E-6	-2.000000E-8	0.000000E+0	0.000000E+0	1.964247E-4	2.976042E-9	0.000000E+0	0.000000E+0	1.999856E+1	0.000000E+0	8.000000E+0
21-Apr-25	02:58:51	-1.000000E-5	-1.900000E-4	2.031050E-1	-1.142400E-5	4.000000E-9	-2.180000E-6	-4.000000E-8	0.000000E+0	0.000000E+0	1.964247E-4	2.976042E-9	0.000000E+0	0.000000E+0	1.999856E+1	0.000000E+0	8.000000E+0
21-Apr-25	02:58:51	-1.000000E-5	-1.900000E-4	2.015200E-1	-1.142200E-5	8.800000E-8	-2.180000E-6	-2.000000E-8	0.000000E+0	0.000000E+0	1.964247E-4	2.976042E-9	0.000000E+0	0.000000E+0	1.999856E+1	0.000000E+0	8.000000E+0
21-Apr-25	02:58:52	-1.000000E-5	-1.900000E-4	1.999350E-1	-1.143600E-5	-5.000000E-8	-2.180000E-6	-2.000000E-8	0.000000E+0	0.000000E+0	1.964247E-4	2.976042E-9	0.000000E+0	0.000000E+0	1.999856E+1	0.000000E+0	8.000000E+0
21-Apr-25	02:58:52	-1.000000E-5	-1.900000E-4	1.985050E-1	-1.140600E-5	-1.000000E-7	-2.180000E-6	-2.000000E-8	0.000000E+0	0.000000E+0	1.964247E-4	2.976042E-9	0.000000E+0	0.000000E+0	1.999856E+1	0.000000E+0	8.000000E+0
21-Apr-25	02:58:53	-1.000000E-5	-1.900000E-4	1.969250E-1	-1.145800E-5	-1.280000E-7	-2.180000E-6	-4.000000E-8	0.000000E+0	0.000000E+0	1.964247E-4	2.976042E-9	0.000000E+0	0.000000E+0	1.999856E+1	0.000000E+0	8.000000E+0
21-Apr-25	02:58:53	-1.000000E-5	-1.900000E-4	1.953400E-1	-1.141200E-5	-1.640000E-7	-2.180000E-6	-4.000000E-8	0.000000E+0	0.000000E+0	1.964247E-4	2.976042E-9	0.000000E+0	0.000000E+0	1.999856E+1	0.000000E+0	8.000000E+0
21-Apr-25	02:58:54	-1.000000E-5	-1.900000E-4	1.937600E-1	-1.149200E-5	-1.840000E-7	-2.180000E-6	-2.000000E-8	0.000000E+0	0.000000E+0	1.964247E-4	2.976042E-9	0.000000E+0	0.000000E+0	1.999856E+1	0.000000E+0	8.000000E+0
21-Apr-25	02:58:54	-1.000000E-5	-1.900000E-4	1.921700E-1	-1.141400E-5	-1.040000E-7	-2.200000E-6	-2.000000E-8	0.000000E+0	0.000000E+0	1.964247E-4	2.976042E-9	0.000000E+0	0.000000E+0	1.999856E+1	0.000000E+0	8.000000E+0
21-Apr-25	02:58:55	-1.000000E-5	-1.900000E-4	1.907450E-1	-1.138400E-5	-5.000000E-8	-2.200000E-6	-2.000000E-8	0.000000E+0	0.000000E+0	1.964247E-4	2.976042E-9	0.000000E+0	0.000000E+0	1.999856E+1	0.000000E+0	8.000000E+0
21-Apr-25	02:58:56	-1.000000E-5	-1.900000E-4	1.888450E-1	-1.145800E-5	-1.800000E-8	-2.180000E-6	-2.000000E-8	0.000000E+0	0.000000E+0	1.964247E-4	2.976042E-9	0.000000E+0	0.000000E+0	1.999856E+1	0.000000E+0	8.000000E+0
21-Apr-25	02:58:56	-1.000000E-5	-1.900000E-4	1.865700E-1	-1.141600E-5	4.000000E-9	-2.200000E-6	-2.000000E-8	0.000000E+0	0.000000E+0	1.964247E-4	2.976042E-9	0.000000E+0	0.000000E+0	1.999856E+1	0.000000E+0	8.000000E+0
21-Apr-25	02:58:57	-1.000000E-5	-1.900000E-4	1.849850E-1	-1.132400E-5	-9.200000E-8	-2.200000E-6	-2.000000E-8	0.000000E+0	0.000000E+0	1.964247E-4	2.976042E-9	0.000000E+0	0.000000E+0	1.999856E+1	0.000000E+0	8.000000E+0
21-Apr-25	02:58:57	-1.000000E-5	-1.900000E-4	1.833950E-1	-1.138600E-5	-8.200000E-8	-2.200000E-6	-4.000000E-8	0.000000E+0	0.000000E+0	1.964247E-4	2.976042E-9	0.000000E+0	0.000000E+0	1.999856E+1	0.000000E+0	8.000000E+0
21-Apr-25	02:58:58	-1.000000E-5	-1.900000E-4	1.811850E-1	-1.151400E-5	-4.200000E-8	-2.180000E-6	-4.000000E-8	0.000000E+0	0.000000E+0	1.964247E-4	2.976042E-9	0.000000E+0	0.000000E+0	1.999856E+1	0.000000E+0	8.000000E+0
21-Apr-25	02:58:58	-1.000000E-5	-1.900000E-4	1.792800E-1	-1.152800E-5	-8.800000E-8	-2.200000E-6	-2.000000E-8	0.000000E+0	0.000000E+0	1.964247E-4	2.976042E-9	0.000000E+0	0.000000E+0	1.999856E+1	0.000000E+0	8.000000E+0
21-Apr-25	02:58:59	-1.000000E-5	-1.900000E-4	1.776950E-1	-1.148200E-5	-7.400000E-8	-2.180000E-6	0.000000E+0	0.000000E+0	0.000000E+0	1.964247E-4	2.976042E-9	0.000000E+0	0.000000E+0	1.999856E+1	0.000000E+0	8.000000E+0
21-Apr-25	02:58:59	-1.000000E-5	-1.900000E-4	1.761150E-1	-1.155600E-5	-1.880000E-7	-2.180000E-6	0.000000E+0	0.000000E+0	0.000000E+0	1.964247E-4	2.976042E-9	0.000000E+0	0.000000E+0	1.999856E+1	0.000000E+0	8.000000E+0
21-Apr-25	02:59:00	-1.000000E-5	-1.900000E-4	1.745250E-1	-1.146600E-5	-5.400000E-8	-2.200000E-6	-2.000000E-8	0.000000E+0	0.000000E+0	1.964247E-4	2.976042E-9	0.000000E+0	0.000000E+0	1.999856E+1	0.000000E+0	8.000000E+0
21-Apr-25	02:59:01	-1.000000E-5	-1.900000E-4	1.724150E-1	-1.137800E-5	-1.080000E-7	-2.200000E-6	-2.000000E-8	0.000000E+0	0.000000E+0	1.964247E-4	2.976042E-9	0.000000E+0	0.000000E+0	1.999856E+1	0.000000E+0	8.000000E+0
21-Apr-25	02:59:01	-1.000000E-5	-1.900000E-4	1.709850E-1	-1.142600E-5	-1.020000E-7	-2.180000E-6	-4.000000E-8	0.000000E+0	0.000000E+0	1.964247E-4	2.976042E-9	0.000000E+0	0.000000E+0	1.999856E+1	0.000000E+0	8.000000E+0
21-Apr-25	02:59:02	-1.000000E-5	-1.900000E-4	1.694050E-1	-1.143800E-5	-7.800000E-8	-2.180000E-6	-2.000000E-8	0.000000E+0	0.000000E+0	1.964247E-4	2.976042E-9	0.000000E+0	0.000000E+0	1.999856E+1	0.000000E+0	8.000000E+0
21-Apr-25	02:59:02	-1.000000E-5	-1.900000E-4	1.676550E-1	-1.144000E-5	-6.000000E-8	-2.180000E-6	-2.000000E-8	0.000000E+0	0.000000E+0	1.964247E-4	2.976042E-9	0.000000E+0	0.000000E+0	1.999856E+1	0.000000E+0	8.000000E+0
21-Apr-25	02:59:03	-1.000000E-5	-1.900000E-4	1.660650E-1	-1.145200E-5	-4.400000E-8	-2.160000E-6	-4.000000E-8	0.000000E+0	0.000000E+0	1.964247E-4	2.976042E-9	0.000000E+0	0.000000E+0	1.999856E+1	0.000000E+0	8.000000E+0
21-Apr-25	02:59:03	-1.000000E-5	-1.900000E-4	1.644900E-1	-1.143200E-5	-6.600000E-8	-2.180000E-6	-4.000000E-8	0.000000E+0	0.000000E+0	1.964247E-4	2.976042E-9	0.000000E+0	0.000000E+0	1.999856E+1	0.000000E+0	8.000000E+0
21-Apr-25	02:59:04	-1.000000E-5	-1.900000E-4	1.629050E-1	-1.142400E-5	-9.800000E-8	-2.200000E-6	-2.000000E-8	0.000000E+0	0.000000E+0	1.964247E-4	2.976042E-9	0.000000E+0	0.000000E+0	1.999856E+1	0.000000E+0	8.000000E+0
21-Apr-25	02:59:04	-1.000000E-5	-1.900000E-4	1.613200E-1	-1.146600E-5	-9.600000E-8	-2.180000E-6	-4.000000E-8	0.000000E+0	0.000000E+0	1.964247E-4	2.976042E-9	0.000000E+0	0.000000E+0	1.999856E+1	0.000000E+0	8.000000E+0
21-Apr-25	02:59:05	-1.000000E-5	-1.900000E-4	1.597350E-1	-1.149200E-5	-1.360000E-7	-2.180000E-6	0.000000E+0	0.000000E+0	0.000000E+0	1.964247E-4	2.976042E-9	0.000000E+0	0.000000E+0	1.999856E+1	0.000000E+0	8.000000E+0
21-Apr-25	02:59:05	-1.000000E-5	-1.900000E-4	1.581500E-1	-1.151000E-5	-3.200000E-8	-2.200000E-6	-2.000000E-8	0.000000E+0	0.000000E+0	1.964247E-4	2.976042E-9	0.000000E+0	0.000000E+0	1.999856E+1	0.000000E+0	8.000000E+0
21-Apr-25	02:59:06	-1.000000E-5	-1.900000E-4	1.565600E-1	-1.152000E-5	-8.200000E-8	-2.200000E-6	-4.000000E-8	0.000000E+0	0.000000E+0	1.964247E-4	2.976042E-9	0.000000E+0	0.000000E+0	1.999856E+1	0.000000E+0	8.000000E+0
21-Apr-25	02:59:06	-1.000000E-5	-1.900000E-4	1.548200E-1	-1.153600E-5	-7.200000E-8	-2.180000E-6	-2.000000E-8	0.000000E+0	0.000000E+0	1.964247E-4	2.976042E-9	0.000000E+0	0.000000E+0	1.999856E+1	0.000000E+0	8.000000E+0
21-Apr-25	02:59:07	-1.000000E-5	-1.900000E-4	1.531850E-1	-1.138600E-5	-6.400000E-8	-2.180000E-6	-4.000000E-8	0.000000E+0	0.000000E+0	1.964247E-4	2.976042E-9	0.000000E+0	0.000000E+0	1.999856E+1	0.000000E+0	8.000000E+0
21-Apr-25	02:59:07	-1.000000E-5	-1.900000E-4	1.511150E-1	-1.143400E-5	-5.800000E-8	-2.180000E-6	-2.000000E-8	0.000000E+0	0.000000E+0	1.964247E-4	2.976042E-9	0.000000E+0	0.000000E+0	1.999856E+1	0.000000E+0	8.000000E+0
21-Apr-25	02:59:08	-1.000000E-5	-1.900000E-4	1.495300E-1	-1.141000E-5	-8.000000E-8	-2.200000E-6	-4.000000E-8	0.000000E+0	0.000000E+0	1.964247E-4	2.976042E-9	0.000000E+0	0.000000E+0	1.999856E+1	0.000000E+0	8.000000E+0
21-Apr-25	02:59:08	-1.000000E-5	-1.900000E-4	1.479550E-1	-1.139600E-5	-1.060000E-7	-2.200000E-6	-2.000000E-8	0.000000E+0	0.000000E+0	1.964247E-4	2.976042E-9	0.000000E+0	0.000000E+0	1.999856E+1	0.000000E+0	8.000000E+0
21-Apr-25	02:59:09	-1.000000E-5	-1.900000E-4	1.462050E-1	-1.129600E-5	-1.680000E-7	-2.200000E-6	-4.000000E-8	0.000000E+0	0.000000E+0	1.964247E-4	2.976042E-9	0.000000E+0	0.000000E+0	1.999856E+1	0.000000E+0	8.000000E+0
21-Apr-25	02:59:09	-1.000000E-5	-1.900000E-4	1.446250E-1	-1.142600E-5	-6.600000E-8	-2.180000E-6	-2.000000E-8	0.000000E+0	0.000000E+0	1.964247E-4	2.976042E-9	0.000000E+0	0.000000E+0	1.999856E+1	0.000000E+0	8.000000E+0
21-Apr-25	02:59:10	-1.000000E-5	-1.900000E-4	1.430350E-1	-1.140000E-5	-1.700000E-7	-2.180000E-6	-2.000000E-8	0.000000E+0	0.000000E+0	1.964247E-4	2.976042E-9	0.000000E+0	0.000000E+0	1.999856E+1	0.000000E+0	8.000000E+0
21-Apr-25	02:59:10	-1.000000E-5	-1.900000E-4	1.414550E-1	-1.146800E-5	-1.320000E-7	-2.200000E-6	0.000000E+0	0.000000E+0	0.000000E+0	1.964247E-4	2.976042E-9	0.000000E+0	0.000000E+0	1.999856E+1	0.000000E+0	8.000000E+0
21-Apr-25	02:59:11	-1.000000E-5	-1.900000E-4	1.400250E-1	-1.145200E-5	-8.200000E-8	-2.200000E-6	-2.000000E-8	0.000000E+0	0.000000E+0	1.964247E-4	2.976042E-9	0.000000E+0	0.000000E+0	1.999856E+1	0.000000E+0	8.000000E+0
21-Apr-25	02:59:11	-1.000000E-5	-1.900000E-4	1.384350E-1	-1.142800E-5	-1.040000E-7	-2.200000E-6	-2.000000E-8	0.000000E+0	0.000000E+0	1.964247E-4	2.976042E-9	0.000000E+0	0.000000E+0	1.999856E+1	0.000000E+0	8.000000E+0
21-Apr-25	02:59:12	-1.000000E-5	-1.900000E-4	1.368500E-1	-1.146000E-5	-7.600000E-8	-2.180000E-6	0.000000E+0	0.000000E+0	0.000000E+0	1.964247E-4	2.976042E-9	0.000000E+0	0.000000E+0	1.999856E+1	0.000000E+0	8.000000E+0
21-Apr-25	02:59:13	-1.000000E-5	-1.900000E-4	1.352650E-1	-1.155600E-5	-2.000000E-8	-2.200000E-6	-2.000000E-8	0.000000E+0	0.000000E+0	1.964247E-4	2.976042E-9	0.000000E+0	0.000000E+0	1.999856E+1	0.000000E+0	8.000000E+0
21-Apr-25	02:59:13	-1.000000E-5	-1.900000E-4	1.330400E-1	-1.144600E-5	-6.800000E-8	-2.180000E-6	-2.000000E-8	0.000000E+0	0.000000E+0	1.964247E-4	2.976042E-9	0.000000E+0	0.000000E+0	1.999856E+1	0.000000E+0	8.000000E+0
21-Apr-25	02:59:14	-1.000000E-5	-1.900000E-4	1.314600E-1	-1.142800E-5	-5.800000E-8	-2.200000E-6	-2.000000E-8	0.000000E+0	0.000000E+0	1.964247E-4	2.976042E-9	0.000000E+0	0.000000E+0	1.999856E+1	0.000000E+0	8.000000E+0
21-Apr-25	02:59:14	-1.000000E-5	-1.900000E-4	1.298750E-1	-1.148000E-5	-3.800000E-8	-2.200000E-6	-2.000000E-8	0.000000E+0	0.000000E+0	1.964247E-4	2.976042E-9	0.000000E+0	0.000000E+0	1.999856E+1	0.000000E+0	8.000000E+0
21-Apr-25	02:59:15	-1.000000E-5	-1.900000E-4	1.282900E-1	-1.146600E-5	7.600000E-8	-2.200000E-6	-2.000000E-8	0.000000E+0	0.000000E+0	1.964247E-4	2.976042E-9	0.000000E+0	0.000000E+0	1.999856E+1	0.000000E+0	8.000000E+0
21-Apr-25	02:59:15	-1.000000E-5	-1.900000E-4	1.267100E-1	-1.145400E-5	-8.000000E-8	-2.160000E-6	-4.000000E-8	0.000000E+0	0.000000E+0	1.964247E-4	2.976042E-9	0.000000E+0	0.000000E+0	1.999856E+1	0.000000E+0	8.000000E+0
21-Apr-25	02:59:16	-1.000000E-5	-1.900000E-4	1.251250E-1	-1.141400E-5	-1.100000E-7	-2.180000E-6	-4.000000E-8	0.000000E+0	0.000000E+0	1.964247E-4	2.976042E-9	0.000000E+0	0.000000E+0	1.999856E+1	0.000000E+0	8.000000E+0
21-Apr-25	02:59:16	-1.000000E-5	-1.900000E-4	1.235400E-1	-1.133600E-5	-5.800000E-8	-2.180000E-6	-4.000000E-8	0.000000E+0	0.000000E+0	1.964247E-4	2.976042E-9	0.000000E+0	0.000000E+0	1.999856E+1	0.000000E+0	8.000000E+0
21-Apr-25	02:59:17	-1.000000E-5	-1.900000E-4	1.219550E-1	-1.145600E-5	-4.200000E-8	-2.200000E-6	-2.000000E-8	0.000000E+0	0.000000E+0	1.964247E-4	2.976042E-9	0.000000E+0	0.000000E+0	1.999856E+1	0.000000E+0	8.000000E+0
21-Apr-25	02:59:17	-1.000000E-5	-1.900000E-4	1.203700E-1	-1.151200E-5	-5.000000E-8	-2.180000E-6	-2.000000E-8	0.000000E+0	0.000000E+0	1.964247E-4	2.976042E-9	0.000000E+0	0.000000E+0	1.999856E+1	0.000000E+0	8.000000E+0
21-Apr-25	02:59:18	-1.000000E-5	-1.900000E-4	1.187850E-1	-1.156800E-5	-1.600000E-8	-2.200000E-6	-2.000000E-8	0.000000E+0	0.000000E+0	1.964247E-4	2.976042E-9	0.000000E+0	0.000000E+0	1.999856E+1	0.000000E+0	8.000000E+0
21-Apr-25	02:59:18	-1.000000E-5	-1.900000E-4	1.168850E-1	-1.145800E-5	-1.800000E-8	-2.200000E-6	-4.000000E-8	0.000000E+0	0.000000E+0	1.964247E-4	2.976042E-9	0.000000E+0	0.000000E+0	1.999856E+1	0.000000E+0	8.000000E+0
21-Apr-25	02:59:19	-1.000000E-5	-1.900000E-4	1.153000E-1	-1.148200E-5	-6.600000E-8	-2.200000E-6	-4.000000E-8	0.000000E+0	0.000000E+0	1.964247E-4	2.976042E-9	0.000000E+0	0.000000E+0	1.999856E+1	0.000000E+0	8.000000E+0
21-Apr-25	02:59:19	-1.000000E-5	-1.900000E-4	1.137200E-1	-1.144800E-5	-1.060000E-7	-2.200000E-6	-2.000000E-8	0.000000E+0	0.000000E+0	1.964247E-4	2.976042E-9	0.000000E+0	0.000000E+0	1.999856E+1	0.000000E+0	8.000000E+0
21-Apr-25	02:59:20	-1.000000E-5	-1.900000E-4	1.120750E-1	-1.142600E-5	-3.800000E-8	-2.200000E-6	0.000000E+0	0.000000E+0	0.000000E+0	1.964247E-4	2.976042E-9	0.000000E+0	0.000000E+0	1.999856E+1	0.000000E+0	8.000000E+0
21-Apr-25	02:59:20	-1.000000E-5	-1.900000E-4	1.104950E-1	-1.141200E-5	-3.200000E-8	-2.180000E-6	-2.000000E-8	0.000000E+0	0.000000E+0	1.964247E-4	2.976042E-9	0.000000E+0	0.000000E+0	1.999856E+1	0.000000E+0	8.000000E+0
21-Apr-25	02:59:21	-1.000000E-5	-1.900000E-4	1.089050E-1	-1.132400E-5	-4.600000E-8	-2.200000E-6	-4.000000E-8	0.000000E+0	0.000000E+0	1.964247E-4	2.976042E-9	0.000000E+0	0.000000E+0	1.999856E+1	0.000000E+0	8.000000E+0
21-Apr-25	02:59:21	-1.000000E-5	-1.900000E-4	1.073200E-1	-1.139400E-5	-1.220000E-7	-2.200000E-6	-2.000000E-8	0.000000E+0	0.000000E+0	1.964247E-4	2.976042E-9	0.000000E+0	0.000000E+0	1.999856E+1	0.000000E+0	8.000000E+0
21-Apr-25	02:59:22	-1.000000E-5	-1.900000E-4	1.049450E-1	-1.154400E-5	-2.200000E-8	-2.200000E-6	-2.000000E-8	0.000000E+0	0.000000E+0	1.964247E-4	2.976042E-9	0.000000E+0	0.000000E+0	1.999856E+1	0.000000E+0	8.000000E+0
21-Apr-25	02:59:23	-1.000000E-5	-1.900000E-4	1.030450E-1	-1.154000E-5	3.200000E-8	-2.200000E-6	-2.000000E-8	0.000000E+0	0.000000E+0	1.964247E-4	2.976042E-9	0.000000E+0	0.000000E+0	1.999856E+1	0.000000E+0	8.000000E+0
21-Apr-25	02:59:23	-1.000000E-5	-1.900000E-4	1.014550E-1	-1.147600E-5	2.000000E-8	-2.200000E-6	-4.000000E-8	0.000000E+0	0.000000E+0	1.964247E-4	2.976042E-9	0.000000E+0	0.000000E+0	1.999856E+1	0.000000E+0	8.000000E+0
21-Apr-25	02:59:24	-1.000000E-5	-1.900000E-4	9.986500E-2	-1.145400E-5	-3.000000E-8	-2.200000E-6	-4.000000E-8	0.000000E+0	0.000000E+0	1.964247E-4	2.976042E-9	0.000000E+0	0.000000E+0	1.999856E+1	0.000000E+0	8.000000E+0
21-Apr-25	02:59:24	-1.000000E-5	-1.900000E-4	9.828500E-2	-1.146600E-5	-3.400000E-8	-2.180000E-6	-4.000000E-8	0.000000E+0	0.000000E+0	1.964247E-4	2.976042E-9	0.000000E+0	0.000000E+0	1.999856E+1	0.000000E+0	8.000000E+0
21-Apr-25	02:59:25	-1.000000E-5	-1.900000E-4	9.670500E-2	-1.151000E-5	-5.000000E-8	-2.200000E-6	-4.000000E-8	0.000000E+0	0.000000E+0	1.964247E-4	2.976042E-9	0.000000E+0	0.000000E+0	1.999856E+1	0.000000E+0	8.000000E+0
21-Apr-25	02:59:25	-1.000000E-5	-1.900000E-4	9.443500E-2	-1.140400E-5	-1.040000E-7	-2.180000E-6	0.000000E+0	0.000000E+0	0.000000E+0	1.964247E-4	2.976042E-9	0.000000E+0	0.000000E+0	1.999856E+1	0.000000E+0	8.000000E+0
21-Apr-25	02:59:26	-1.000000E-5	-1.900000E-4	9.269000E-2	-1.138800E-5	-7.200000E-8	-2.200000E-6	-2.000000E-8	0.000000E+0	0.000000E+0	1.964247E-4	2.976042E-9	0.000000E+0	0.000000E+0	1.999856E+1	0.000000E+0	8.000000E+0
21-Apr-25	02:59:26	-1.000000E-5	-1.900000E-4	9.110000E-2	-1.140400E-5	-3.800000E-8	-2.200000E-6	-4.000000E-8	0.000000E+0	0.000000E+0	1.964247E-4	2.976042E-9	0.000000E+0	0.000000E+0	1.999856E+1	0.000000E+0	8.000000E+0
21-Apr-25	02:59:27	-1.000000E-5	-1.900000E-4	8.952000E-2	-1.147800E-5	-7.000000E-8	-2.200000E-6	-4.000000E-8	0.000000E+0	0.000000E+0	1.964247E-4	2.976042E-9	0.000000E+0	0.000000E+0	1.999856E+1	0.000000E+0	8.000000E+0
21-Apr-25	02:59:27	-1.000000E-5	-1.900000E-4	8.793000E-2	-1.142600E-5	-1.160000E-7	-2.160000E-6	-2.000000E-8	0.000000E+0	0.000000E+0	1.964247E-4	2.976042E-9	0.000000E+0	0.000000E+0	1.999856E+1	0.000000E+0	8.000000E+0
21-Apr-25	02:59:28	-1.000000E-5	-1.900000E-4	8.635000E-2	-1.154200E-5	-1.700000E-7	-2.180000E-6	-4.000000E-8	0.000000E+0	0.000000E+0	1.964247E-4	2.976042E-9	0.000000E+0	0.000000E+0	1.999856E+1	0.000000E+0	8.000000E+0
21-Apr-25	02:59:28	-1.000000E-5	-1.900000E-4	8.460500E-2	-1.145200E-5	-1.320000E-7	-2.180000E-6	-4.000000E-8	0.000000E+0	0.000000E+0	1.964247E-4	2.976042E-9	0.000000E+0	0.000000E+0	1.999856E+1	0.000000E+0	8.000000E+0
21-Apr-25	02:59:29	-1.000000E-5	-1.900000E-4	8.233000E-2	-1.132800E-5	-6.400000E-8	-2.160000E-6	-2.000000E-8	0.000000E+0	0.000000E+0	1.964247E-4	2.976042E-9	0.000000E+0	0.000000E+0	1.999856E+1	0.000000E+0	8.000000E+0
21-Apr-25	02:59:30	-1.000000E-5	-1.900000E-4	8.075000E-2	-1.136800E-5	-4.000000E-9	-2.200000E-6	-2.000000E-8	0.000000E+0	0.000000E+0	1.964247E-4	2.976042E-9	0.000000E+0	0.000000E+0	1.999856E+1	0.000000E+0	8.000000E+0
21-Apr-25	02:59:30	-1.000000E-5	-1.900000E-4	7.900500E-2	-1.142000E-5	-9.000000E-8	-2.180000E-6	-2.000000E-8	0.000000E+0	0.000000E+0	1.964247E-4	2.976042E-9	0.000000E+0	0.000000E+0	1.999856E+1	0.000000E+0	8.000000E+0
21-Apr-25	02:59:31	-1.000000E-5	-1.900000E-4	7.742500E-2	-1.149200E-5	-7.400000E-8	-2.180000E-6	-4.000000E-8	0.000000E+0	0.000000E+0	1.964247E-4	2.976042E-9	0.000000E+0	0.000000E+0	1.999856E+1	0.000000E+0	8.000000E+0
21-Apr-25	02:59:31	-1.000000E-5	-1.900000E-4	7.583500E-2	-1.148600E-5	-8.600000E-8	-2.180000E-6	-4.000000E-8	0.000000E+0	0.000000E+0	1.964247E-4	2.976042E-9	0.000000E+0	0.000000E+0	1.999856E+1	0.000000E+0	8.000000E+0
21-Apr-25	02:59:32	-1.000000E-5	-1.900000E-4	7.440000E-2	-1.152400E-5	-9.200000E-8	-2.200000E-6	-2.000000E-8	0.000000E+0	0.000000E+0	1.964247E-4	2.976042E-9	0.000000E+0	0.000000E+0	1.999856E+1	0.000000E+0	8.000000E+0
21-Apr-25	02:59:32	-1.000000E-5	-1.900000E-4	7.282500E-2	-1.143000E-5	-3.000000E-8	-2.200000E-6	-2.000000E-8	0.000000E+0	0.000000E+0	1.964247E-4	2.976042E-9	0.000000E+0	0.000000E+0	1.999856E+1	0.000000E+0	8.000000E+0
21-Apr-25	02:59:33	-1.000000E-5	-1.900000E-4	7.123000E-2	-1.151600E-5	-7.200000E-8	-2.180000E-6	-2.000000E-8	0.000000E+0	0.000000E+0	1.964247E-4	2.976042E-9	0.000000E+0	0.000000E+0	1.999856E+1	0.000000E+0	8.000000E+0
21-Apr-25	02:59:33	-1.000000E-5	-1.900000E-4	6.933500E-2	-1.142800E-5	-1.400000E-7	-2.200000E-6	-2.000000E-8	0.000000E+0	0.000000E+0	1.964247E-4	2.976042E-9	0.000000E+0	0.000000E+0	1.999856E+1	0.000000E+0	8.000000E+0
21-Apr-25	02:59:34	-1.000000E-5	-1.900000E-4	6.790500E-2	-1.144400E-5	-7.000000E-8	-2.200000E-6	-2.000000E-8	0.000000E+0	0.000000E+0	1.964247E-4	2.976042E-9	0.000000E+0	0.000000E+0	1.999856E+1	0.000000E+0	8.000000E+0
21-Apr-25	02:59:34	-1.000000E-5	-1.900000E-4	6.631500E-2	-1.141400E-5	-5.200000E-8	-2.200000E-6	-2.000000E-8	0.000000E+0	0.000000E+0	1.964247E-4	2.976042E-9	0.000000E+0	0.000000E+0	1.999856E+1	0.000000E+0	8.000000E+0
21-Apr-25	02:59:35	-1.000000E-5	-1.900000E-4	6.391500E-2	-1.145000E-5	-2.000000E-8	-2.200000E-6	0.000000E+0	0.000000E+0	0.000000E+0	1.964247E-4	2.976042E-9	0.000000E+0	0.000000E+0	1.999856E+1	0.000000E+0	8.000000E+0
21-Apr-25	02:59:35	-1.000000E-5	-1.900000E-4	6.214500E-2	-1.139600E-5	1.600000E-8	-2.200000E-6	-2.000000E-8	0.000000E+0	0.000000E+0	1.964247E-4	2.976042E-9	0.000000E+0	0.000000E+0	1.999856E+1	0.000000E+0	8.000000E+0
21-Apr-25	02:59:36	-1.000000E-5	-1.900000E-4	6.056500E-2	-1.141400E-5	-9.400000E-8	-2.200000E-6	-4.000000E-8	0.000000E+0	0.000000E+0	1.964247E-4	2.976042E-9	0.000000E+0	0.000000E+0	1.999856E+1	0.000000E+0	8.000000E+0
21-Apr-25	02:59:36	-1.000000E-5	-1.900000E-4	5.897500E-2	-1.136200E-5	-9.000000E-8	-2.200000E-6	-4.000000E-8	0.000000E+0	0.000000E+0	1.964247E-4	2.976042E-9	0.000000E+0	0.000000E+0	1.999856E+1	0.000000E+0	8.000000E+0
21-Apr-25	02:59:37	-1.000000E-5	-1.900000E-4	5.739000E-2	-1.143000E-5	-5.800000E-8	-2.180000E-6	-2.000000E-8	0.000000E+0	0.000000E+0	1.964247E-4	2.976042E-9	0.000000E+0	0.000000E+0	1.999856E+1	0.000000E+0	8.000000E+0
21-Apr-25	02:59:38	-1.000000E-5	-1.900000E-4	5.544000E-2	-1.148000E-5	-8.800000E-8	-2.200000E-6	-4.000000E-8	0.000000E+0	0.000000E+0	1.964247E-4	2.976042E-9	0.000000E+0	0.000000E+0	1.999856E+1	0.000000E+0	8.000000E+0
21-Apr-25	02:59:38	-1.000000E-5	-1.900000E-4	5.385500E-2	-1.142400E-5	-2.000000E-8	-2.180000E-6	-2.000000E-8	0.000000E+0	0.000000E+0	1.964247E-4	2.976042E-9	0.000000E+0	0.000000E+0	1.999856E+1	0.000000E+0	8.000000E+0
21-Apr-25	02:59:39	-1.000000E-5	-1.900000E-4	5.226500E-2	-1.144400E-5	-1.560000E-7	-2.200000E-6	-2.000000E-8	0.000000E+0	0.000000E+0	1.964247E-4	2.976042E-9	0.000000E+0	0.000000E+0	1.999856E+1	0.000000E+0	8.000000E+0
21-Apr-25	02:59:39	-1.000000E-5	-1.900000E-4	5.051500E-2	-1.146200E-5	-1.440000E-7	-2.180000E-6	-4.000000E-8	0.000000E+0	0.000000E+0	1.964247E-4	2.976042E-9	0.000000E+0	0.000000E+0	1.999856E+1	0.000000E+0	8.000000E+0
21-Apr-25	02:59:40	-1.000000E-5	-1.900000E-4	4.894000E-2	-1.150600E-5	-5.200000E-8	-2.200000E-6	-4.000000E-8	0.000000E+0	0.000000E+0	1.964247E-4	2.976042E-9	0.000000E+0	0.000000E+0	1.999856E+1	0.000000E+0	8.000000E+0
21-Apr-25	02:59:40	-1.000000E-5	-1.900000E-4	4.735500E-2	-1.143400E-5	-8.000000E-8	-2.200000E-6	-2.000000E-8	0.000000E+0	0.000000E+0	1.964247E-4	2.976042E-9	0.000000E+0	0.000000E+0	1.999856E+1	0.000000E+0	8.000000E+0
21-Apr-25	02:59:41	-1.000000E-5	-1.900000E-4	4.593000E-2	-1.145800E-5	-7.800000E-8	-2.200000E-6	-2.000000E-8	0.000000E+0	0.000000E+0	1.964247E-4	2.976042E-9	0.000000E+0	0.000000E+0	1.999856E+1	0.000000E+0	8.000000E+0
21-Apr-25	02:59:41	-1.000000E-5	-1.900000E-4	4.434500E-2	-1.146400E-5	2.800000E-8	-2.180000E-6	-4.000000E-8	0.000000E+0	0.000000E+0	1.964247E-4	2.976042E-9	0.000000E+0	0.000000E+0	1.999856E+1	0.000000E+0	8.000000E+0
21-Apr-25	02:59:42	-1.000000E-5	-1.900000E-4	4.275500E-2	-1.149400E-5	-8.000000E-9	-2.200000E-6	-2.000000E-8	0.000000E+0	0.000000E+0	1.964247E-4	2.976042E-9	0.000000E+0	0.000000E+0	1.999856E+1	0.000000E+0	8.000000E+0
21-Apr-25	02:59:42	-1.000000E-5	-1.900000E-4	4.117000E-2	-1.141800E-5	-2.000000E-8	-2.180000E-6	-4.000000E-8	0.000000E+0	0.000000E+0	1.964247E-4	2.976042E-9	0.000000E+0	0.000000E+0	1.999856E+1	0.000000E+0	8.000000E+0
21-Apr-25	02:59:43	-1.000000E-5	-1.900000E-4	3.943500E-2	-1.147400E-5	-5.600000E-8	-2.160000E-6	-2.000000E-8	0.000000E+0	0.000000E+0	1.964247E-4	2.976042E-9	0.000000E+0	0.000000E+0	1.999856E+1	0.000000E+0	8.000000E+0
21-Apr-25	02:59:43	-1.000000E-5	-1.900000E-4	3.784000E-2	-1.136200E-5	-1.280000E-7	-2.180000E-6	-2.000000E-8	0.000000E+0	0.000000E+0	1.964247E-4	2.976042E-9	0.000000E+0	0.000000E+0	1.999856E+1	0.000000E+0	8.000000E+0
21-Apr-25	02:59:44	-1.000000E-5	-1.900000E-4	3.626000E-2	-1.139200E-5	-9.800000E-8	-2.200000E-6	-4.000000E-8	0.000000E+0	0.000000E+0	1.964247E-4	2.976042E-9	0.000000E+0	0.000000E+0	1.999856E+1	0.000000E+0	8.000000E+0
21-Apr-25	02:59:44	-1.000000E-5	-1.900000E-4	3.414000E-2	-1.137800E-5	-5.800000E-8	-2.180000E-6	-4.000000E-8	0.000000E+0	0.000000E+0	1.964247E-4	2.976042E-9	0.000000E+0	0.000000E+0	1.999856E+1	0.000000E+0	8.000000E+0
21-Apr-25	02:59:45	-1.000000E-5	-1.900000E-4	3.255500E-2	-1.145400E-5	-7.600000E-8	-2.180000E-6	-2.000000E-8	0.000000E+0	0.000000E+0	1.964247E-4	2.976042E-9	0.000000E+0	0.000000E+0	1.999856E+1	0.000000E+0	8.000000E+0
21-Apr-25	02:59:45	-1.000000E-5	-1.900000E-4	3.097500E-2	-1.150200E-5	-8.800000E-8	-2.200000E-6	-2.000000E-8	0.000000E+0	0.000000E+0	1.964247E-4	2.976042E-9	0.000000E+0	0.000000E+0	1.999856E+1	0.000000E+0	8.000000E+0
21-Apr-25	02:59:46	-1.000000E-5	-1.900000E-4	2.860000E-2	-1.143200E-5	-8.400000E-8	-2.180000E-6	-2.000000E-8	0.000000E+0	0.000000E+0	1.964247E-4	2.976042E-9	0.000000E+0	0.000000E+0	1.999856E+1	0.000000E+0	8.000000E+0
21-Apr-25	02:59:47	-1.000000E-5	-1.900000E-4	2.669500E-2	-1.144200E-5	-4.000000E-8	-2.200000E-6	-2.000000E-8	0.000000E+0	0.000000E+0	1.964247E-4	2.976042E-9	0.000000E+0	0.000000E+0	1.999856E+1	0.000000E+0	8.000000E+0
21-Apr-25	02:59:47	-1.000000E-5	-1.900000E-4	2.512000E-2	-1.141200E-5	-1.160000E-7	-2.200000E-6	-4.000000E-8	0.000000E+0	0.000000E+0	1.964247E-4	2.976042E-9	0.000000E+0	0.000000E+0	1.999856E+1	0.000000E+0	8.000000E+0
21-Apr-25	02:59:48	-1.000000E-5	-1.900000E-4	2.352500E-2	-1.142200E-5	-7.600000E-8	-2.200000E-6	-2.000000E-8	0.000000E+0	0.000000E+0	1.964247E-4	2.976042E-9	0.000000E+0	0.000000E+0	1.999856E+1	0.000000E+0	8.000000E+0
21-Apr-25	02:59:48	-1.000000E-5	-1.900000E-4	2.194500E-2	-1.136800E-5	-1.280000E-7	-2.220000E-6	-2.000000E-8	0.000000E+0	0.000000E+0	1.964247E-4	2.976042E-9	0.000000E+0	0.000000E+0	1.999856E+1	0.000000E+0	8.000000E+0
21-Apr-25	02:59:49	-1.000000E-5	-1.900000E-4	2.035500E-2	-1.137000E-5	-1.100000E-7	-2.200000E-6	-4.000000E-8	0.000000E+0	0.000000E+0	1.964247E-4	2.976042E-9	0.000000E+0	0.000000E+0	1.999856E+1	0.000000E+0	8.000000E+0
21-Apr-25	02:59:49	-1.000000E-5	-1.900000E-4	1.874500E-2	-1.142600E-5	-5.400000E-8	-2.200000E-6	-4.000000E-8	0.000000E+0	0.000000E+0	1.964247E-4	2.976042E-9	0.000000E+0	0.000000E+0	1.999856E+1	0.000000E+0	8.000000E+0
21-Apr-25	02:59:50	-1.000000E-5	-1.900000E-4	1.712500E-2	-1.140000E-5	-1.000000E-8	-2.200000E-6	-2.000000E-8	0.000000E+0	0.000000E+0	1.964247E-4	2.976042E-9	0.000000E+0	0.000000E+0	1.999856E+1	0.000000E+0	8.000000E+0
21-Apr-25	02:59:50	-1.000000E-5	-1.900000E-4	1.560000E-2	-1.148000E-5	-2.000000E-8	-2.200000E-6	-2.000000E-8	0.000000E+0	0.000000E+0	1.964247E-4	2.976042E-9	0.000000E+0	0.000000E+0	1.999856E+1	0.000000E+0	8.000000E+0
21-Apr-25	02:59:51	-1.000000E-5	-1.900000E-4	1.401500E-2	-1.146400E-5	-9.800000E-8	-2.200000E-6	-2.000000E-8	0.000000E+0	0.000000E+0	1.964247E-4	2.976042E-9	0.000000E+0	0.000000E+0	1.999856E+1	0.000000E+0	8.000000E+0
21-Apr-25	02:59:51	-1.000000E-5	-1.900000E-4	1.243500E-2	-1.149000E-5	-1.320000E-7	-2.200000E-6	-4.000000E-8	0.000000E+0	0.000000E+0	1.964247E-4	2.976042E-9	0.000000E+0	0.000000E+0	1.999856E+1	0.000000E+0	8.000000E+0
21-Apr-25	02:59:52	-1.000000E-5	-1.900000E-4	1.084500E-2	-1.159800E-5	2.400000E-8	-2.200000E-6	-2.000000E-8	0.000000E+0	0.000000E+0	1.964247E-4	2.976042E-9	0.000000E+0	0.000000E+0	1.999856E+1	0.000000E+0	8.000000E+0
21-Apr-25	02:59:52	-1.000000E-5	-1.900000E-4	8.570000E-3	-1.145800E-5	-1.400000E-8	-2.200000E-6	-2.000000E-8	0.000000E+0	0.000000E+0	1.964247E-4	2.976042E-9	0.000000E+0	0.000000E+0	1.999856E+1	0.000000E+0	8.000000E+0
21-Apr-25	02:59:53	-1.000000E-5	-1.900000E-4	6.355000E-3	-1.145000E-5	-1.600000E-7	-2.200000E-6	-2.000000E-8	0.000000E+0	0.000000E+0	1.964247E-4	2.976042E-9	0.000000E+0	0.000000E+0	1.999856E+1	0.000000E+0	8.000000E+0
21-Apr-25	02:59:54	-1.000000E-5	-1.900000E-4	4.770000E-3	-1.147400E-5	-5.600000E-8	-2.200000E-6	-4.000000E-8	0.000000E+0	0.000000E+0	1.964247E-4	2.976042E-9	0.000000E+0	0.000000E+0	1.999856E+1	0.000000E+0	8.000000E+0
21-Apr-25	02:59:54	-1.000000E-5	-1.900000E-4	3.175000E-3	-1.142400E-5	-1.400000E-8	-2.180000E-6	-4.000000E-8	0.000000E+0	0.000000E+0	1.964247E-4	2.976042E-9	0.000000E+0	0.000000E+0	1.999856E+1	0.000000E+0	8.000000E+0
21-Apr-25	02:59:55	-1.000000E-5	-1.900000E-4	1.750000E-3	-1.146200E-5	-1.600000E-8	-2.160000E-6	-2.000000E-8	0.000000E+0	0.000000E+0	1.964247E-4	2.976042E-9	0.000000E+0	0.000000E+0	1.999856E+1	0.000000E+0	8.000000E+0
21-Apr-25	02:59:55	-1.000000E-5	-1.900000E-4	1.650000E-4	-1.148600E-5	-5.200000E-8	-2.180000E-6	-2.000000E-8	0.000000E+0	0.000000E+0	1.964247E-4	2.976042E-9	0.000000E+0	0.000000E+0	1.999856E+1	0.000000E+0	8.000000E+0
21-Apr-25	02:59:56	-1.000000E-5	-1.900000E-4	-1.415000E-3	-1.146000E-5	-4.000000E-9	-2.200000E-6	-2.000000E-8	0.000000E+0	0.000000E+0	1.964247E-4	2.976042E-9	0.000000E+0	0.000000E+0	1.999856E+1	0.000000E+0	8.000000E+0
21-Apr-25	02:59:56	-1.000000E-5	-1.900000E-4	-2.995000E-3	-1.146800E-5	-8.000000E-9	-2.180000E-6	-4.000000E-8	0.000000E+0	0.000000E+0	1.964247E-4	2.976042E-9	0.000000E+0	0.000000E+0	1.999856E+1	0.000000E+0	8.000000E+0
21-Apr-25	02:59:57	-1.000000E-5	-1.900000E-4	-4.575000E-3	-1.153200E-5	2.600000E-8	-2.200000E-6	-4.000000E-8	0.000000E+0	0.000000E+0	1.964247E-4	2.976042E-9	0.000000E+0	0.000000E+0	1.999856E+1	0.000000E+0	8.000000E+0
21-Apr-25	02:59:57	-1.000000E-5	-1.900000E-4	-6.155000E-3	-1.148400E-5	-4.400000E-8	-2.180000E-6	-4.000000E-8	0.000000E+0	0.000000E+0	1.964247E-4	2.976042E-9	0.000000E+0	0.000000E+0	1.999856E+1	0.000000E+0	8.000000E+0
21-Apr-25	02:59:58	-1.000000E-5	-1.900000E-4	-7.910000E-3	-1.145600E-5	-6.000000E-8	-2.180000E-6	-4.000000E-8	0.000000E+0	0.000000E+0	1.964247E-4	2.976042E-9	0.000000E+0	0.000000E+0	1.999856E+1	0.000000E+0	8.000000E+0
21-Apr-25	02:59:58	-1.000000E-5	-1.900000E-4	-9.490000E-3	-1.151200E-5	-5.800000E-8	-2.180000E-6	-4.000000E-8	0.000000E+0	0.000000E+0	1.964247E-4	2.976042E-9	0.000000E+0	0.000000E+0	1.999856E+1	0.000000E+0	8.000000E+0
21-Apr-25	02:59:59	-1.000000E-5	-1.900000E-4	-1.107500E-2	-1.154000E-5	-5.800000E-8	-2.180000E-6	-4.000000E-8	0.000000E+0	0.000000E+0	1.964247E-4	2.976042E-9	0.000000E+0	0.000000E+0	1.999856E+1	0.000000E+0	8.000000E+0
21-Apr-25	02:59:59	-1.000000E-5	-1.900000E-4	-1.265500E-2	-1.143200E-5	-8.000000E-8	-2.180000E-6	-2.000000E-8	0.000000E+0	0.000000E+0	1.964247E-4	2.976042E-9	0.000000E+0	0.000000E+0	1.999856E+1	0.000000E+0	8.000000E+0
21-Apr-25	03:00:00	-1.000000E-5	-1.900000E-4	-1.477000E-2	-1.151400E-5	-6.600000E-8	-2.200000E-6	-4.000000E-8	0.000000E+0	0.000000E+0	1.964247E-4	2.976042E-9	0.000000E+0	0.000000E+0	1.999856E+1	0.000000E+0	8.000000E+0
21-Apr-25	03:00:00	-1.000000E-5	-1.900000E-4	-1.652000E-2	-1.152200E-5	3.400000E-8	-2.200000E-6	-4.000000E-8	0.000000E+0	0.000000E+0	1.964247E-4	2.976042E-9	0.000000E+0	0.000000E+0	1.999856E+1	0.000000E+0	8.000000E+0
21-Apr-25	03:00:01	-1.000000E-5	-1.900000E-4	-1.809500E-2	-1.153400E-5	-3.800000E-8	-2.180000E-6	-2.000000E-8	0.000000E+0	0.000000E+0	1.964247E-4	2.976042E-9	0.000000E+0	0.000000E+0	1.999856E+1	0.000000E+0	8.000000E+0
21-Apr-25	03:00:01	-1.000000E-5	-1.900000E-4	-1.967500E-2	-1.149800E-5	-1.400000E-7	-2.180000E-6	-2.000000E-8	0.000000E+0	0.000000E+0	1.964247E-4	2.976042E-9	0.000000E+0	0.000000E+0	1.999856E+1	0.000000E+0	8.000000E+0
21-Apr-25	03:00:02	-1.000000E-5	-1.900000E-4	-2.189500E-2	-1.151800E-5	-1.600000E-8	-2.180000E-6	-2.000000E-8	0.000000E+0	0.000000E+0	1.964247E-4	2.976042E-9	0.000000E+0	0.000000E+0	1.999856E+1	0.000000E+0	8.000000E+0
21-Apr-25	03:00:02	-1.000000E-5	-1.900000E-4	-2.332500E-2	-1.154400E-5	1.000000E-8	-2.180000E-6	-4.000000E-8	0.000000E+0	0.000000E+0	1.964247E-4	2.976042E-9	0.000000E+0	0.000000E+0	1.999856E+1	0.000000E+0	8.000000E+0
21-Apr-25	03:00:03	-1.000000E-5	-1.900000E-4	-2.491500E-2	-1.147400E-5	-7.600000E-8	-2.180000E-6	-2.000000E-8	0.000000E+0	0.000000E+0	1.964247E-4	2.976042E-9	0.000000E+0	0.000000E+0	1.999856E+1	0.000000E+0	8.000000E+0
21-Apr-25	03:00:03	-1.000000E-5	-1.900000E-4	-2.649500E-2	-1.149600E-5	-7.800000E-8	-2.180000E-6	0.000000E+0	0.000000E+0	0.000000E+0	1.964247E-4	2.976042E-9	0.000000E+0	0.000000E+0	1.999856E+1	0.000000E+0	8.000000E+0
21-Apr-25	03:00:04	-1.000000E-5	-1.900000E-4	-2.808000E-2	-1.146200E-5	1.600000E-8	-2.200000E-6	-4.000000E-8	0.000000E+0	0.000000E+0	1.964247E-4	2.976042E-9	0.000000E+0	0.000000E+0	1.999856E+1	0.000000E+0	8.000000E+0
21-Apr-25	03:00:05	-1.000000E-5	-1.900000E-4	-2.982500E-2	-1.151800E-5	-1.420000E-7	-2.160000E-6	-2.000000E-8	0.000000E+0	0.000000E+0	1.964247E-4	2.976042E-9	0.000000E+0	0.000000E+0	1.999856E+1	0.000000E+0	8.000000E+0
21-Apr-25	03:00:05	-1.000000E-5	-1.900000E-4	-3.157000E-2	-1.143000E-5	-2.000000E-7	-2.200000E-6	-6.000000E-8	0.000000E+0	0.000000E+0	1.964247E-4	2.976042E-9	0.000000E+0	0.000000E+0	1.999856E+1	0.000000E+0	8.000000E+0
21-Apr-25	03:00:06	-1.000000E-5	-1.900000E-4	-3.316500E-2	-1.139800E-5	-6.800000E-8	-2.180000E-6	-2.000000E-8	0.000000E+0	0.000000E+0	1.964247E-4	2.976042E-9	0.000000E+0	0.000000E+0	1.999856E+1	0.000000E+0	8.000000E+0
21-Apr-25	03:00:06	-1.000000E-5	-1.900000E-4	-3.489500E-2	-1.144600E-5	-1.000000E-7	-2.160000E-6	0.000000E+0	0.000000E+0	0.000000E+0	1.964247E-4	2.976042E-9	0.000000E+0	0.000000E+0	1.999856E+1	0.000000E+0	8.000000E+0
21-Apr-25	03:00:07	-1.000000E-5	-1.900000E-4	-3.648500E-2	-1.150800E-5	-1.940000E-7	-2.200000E-6	-4.000000E-8	0.000000E+0	0.000000E+0	1.964247E-4	2.976042E-9	0.000000E+0	0.000000E+0	1.999856E+1	0.000000E+0	8.000000E+0
21-Apr-25	03:00:07	-1.000000E-5	-1.900000E-4	-3.807000E-2	-1.147600E-5	-1.420000E-7	-2.200000E-6	-6.000000E-8	0.000000E+0	0.000000E+0	1.964247E-4	2.976042E-9	0.000000E+0	0.000000E+0	1.999856E+1	0.000000E+0	8.000000E+0
21-Apr-25	03:00:08	-1.000000E-5	-1.900000E-4	-4.033500E-2	-1.142200E-5	-5.600000E-8	-2.200000E-6	-6.000000E-8	0.000000E+0	0.000000E+0	1.964247E-4	2.976042E-9	0.000000E+0	0.000000E+0	1.999856E+1	0.000000E+0	8.000000E+0
21-Apr-25	03:00:08	-1.000000E-5	-1.900000E-4	-4.208500E-2	-1.145800E-5	-3.000000E-8	-2.200000E-6	-2.000000E-8	0.000000E+0	0.000000E+0	1.964247E-4	2.976042E-9	0.000000E+0	0.000000E+0	1.999856E+1	0.000000E+0	8.000000E+0
21-Apr-25	03:00:09	-1.000000E-5	-1.900000E-4	-4.366500E-2	-1.151200E-5	-3.000000E-8	-2.180000E-6	-2.000000E-8	0.000000E+0	0.000000E+0	1.964247E-4	2.976042E-9	0.000000E+0	0.000000E+0	1.999856E+1	0.000000E+0	8.000000E+0
21-Apr-25	03:00:09	-1.000000E-5	-1.900000E-4	-4.525000E-2	-1.151200E-5	-3.000000E-8	-2.180000E-6	-2.000000E-8	0.000000E+0	0.000000E+0	1.964247E-4	2.976042E-9	0.000000E+0	0.000000E+0	1.999856E+1	0.000000E+0	8.000000E+0
21-Apr-25	03:00:10	-1.000000E-5	-1.900000E-4	-4.715500E-2	-1.144400E-5	-1.000000E-7	-2.180000E-6	-2.000000E-8	0.000000E+0	0.000000E+0	1.964247E-4	2.976042E-9	0.000000E+0	0.000000E+0	1.999856E+1	0.000000E+0	8.000000E+0
21-Apr-25	03:00:10	-1.000000E-5	-1.900000E-4	-4.874500E-2	-1.144600E-5	-8.200000E-8	-2.180000E-6	-2.000000E-8	0.000000E+0	0.000000E+0	1.964247E-4	2.976042E-9	0.000000E+0	0.000000E+0	1.999856E+1	0.000000E+0	8.000000E+0
21-Apr-25	03:00:11	-1.000000E-5	-1.900000E-4	-5.033000E-2	-1.145000E-5	-3.000000E-8	-2.180000E-6	-4.000000E-8	0.000000E+0	0.000000E+0	1.964247E-4	2.976042E-9	0.000000E+0	0.000000E+0	1.999856E+1	0.000000E+0	8.000000E+0
21-Apr-25	03:00:12	-1.000000E-5	-1.900000E-4	-5.206500E-2	-1.147000E-5	-4.400000E-8	-2.180000E-6	-2.000000E-8	0.000000E+0	0.000000E+0	1.964247E-4	2.976042E-9	0.000000E+0	0.000000E+0	1.999856E+1	0.000000E+0	8.000000E+0
21-Apr-25	03:00:12	-1.000000E-5	-1.900000E-4	-5.365000E-2	-1.147400E-5	-1.600000E-8	-2.200000E-6	-2.000000E-8	0.000000E+0	0.000000E+0	1.964247E-4	2.976042E-9	0.000000E+0	0.000000E+0	1.999856E+1	0.000000E+0	8.000000E+0
21-Apr-25	03:00:13	-1.000000E-5	-1.900000E-4	-5.523500E-2	-1.152200E-5	2.000000E-9	-2.200000E-6	0.000000E+0	0.000000E+0	0.000000E+0	1.964247E-4	2.976042E-9	0.000000E+0	0.000000E+0	1.999856E+1	0.000000E+0	8.000000E+0
21-Apr-25	03:00:13	-1.000000E-5	-1.900000E-4	-5.682500E-2	-1.162400E-5	-4.400000E-8	-2.160000E-6	-2.000000E-8	0.000000E+0	0.000000E+0	1.964247E-4	2.976042E-9	0.000000E+0	0.000000E+0	1.999856E+1	0.000000E+0	8.000000E+0
21-Apr-25	03:00:14	-1.000000E-5	-1.900000E-4	-5.841000E-2	-1.152600E-5	-1.960000E-7	-2.200000E-6	-4.000000E-8	0.000000E+0	0.000000E+0	1.964247E-4	2.976042E-9	0.000000E+0	0.000000E+0	1.999856E+1	0.000000E+0	8.000000E+0
21-Apr-25	03:00:14	-1.000000E-5	-1.900000E-4	-6.030500E-2	-1.154000E-5	-7.400000E-8	-2.200000E-6	-4.000000E-8	0.000000E+0	0.000000E+0	1.964247E-4	2.976042E-9	0.000000E+0	0.000000E+0	1.999856E+1	0.000000E+0	8.000000E+0
21-Apr-25	03:00:15	-1.000000E-5	-1.900000E-4	-6.189500E-2	-1.143600E-5	-7.600000E-8	-2.200000E-6	-2.000000E-8	0.000000E+0	0.000000E+0	1.964247E-4	2.976042E-9	0.000000E+0	0.000000E+0	1.999856E+1	0.000000E+0	8.000000E+0
21-Apr-25	03:00:15	-1.000000E-5	-1.900000E-4	-6.364000E-2	-1.152600E-5	-1.000000E-7	-2.200000E-6	-2.000000E-8	0.000000E+0	0.000000E+0	1.964247E-4	2.976042E-9	0.000000E+0	0.000000E+0	1.999856E+1	0.000000E+0	8.000000E+0
21-Apr-25	03:00:16	-1.000000E-5	-1.900000E-4	-6.523500E-2	-1.152400E-5	-1.420000E-7	-2.200000E-6	-2.000000E-8	0.000000E+0	0.000000E+0	1.964247E-4	2.976042E-9	0.000000E+0	0.000000E+0	1.999856E+1	0.000000E+0	8.000000E+0
21-Apr-25	03:00:16	-1.000000E-5	-1.900000E-4	-6.681500E-2	-1.147000E-5	-7.800000E-8	-2.200000E-6	-2.000000E-8	0.000000E+0	0.000000E+0	1.964247E-4	2.976042E-9	0.000000E+0	0.000000E+0	1.999856E+1	0.000000E+0	8.000000E+0
21-Apr-25	03:00:17	-1.000000E-5	-1.900000E-4	-6.845500E-2	-1.157800E-5	-6.800000E-8	-2.200000E-6	-4.000000E-8	0.000000E+0	0.000000E+0	1.964247E-4	2.976042E-9	0.000000E+0	0.000000E+0	1.999856E+1	0.000000E+0	8.000000E+0
21-Apr-25	03:00:17	-1.000000E-5	-1.900000E-4	-7.003500E-2	-1.159400E-5	-7.200000E-8	-2.180000E-6	-4.000000E-8	0.000000E+0	0.000000E+0	1.964247E-4	2.976042E-9	0.000000E+0	0.000000E+0	1.999856E+1	0.000000E+0	8.000000E+0
21-Apr-25	03:00:18	-1.000000E-5	-1.900000E-4	-7.162000E-2	-1.164800E-5	-7.000000E-8	-2.200000E-6	-2.000000E-8	0.000000E+0	0.000000E+0	1.964247E-4	2.976042E-9	0.000000E+0	0.000000E+0	1.999856E+1	0.000000E+0	8.000000E+0
21-Apr-25	03:00:18	-1.000000E-5	-1.900000E-4	-7.320000E-2	-1.153000E-5	-1.800000E-8	-2.200000E-6	-4.000000E-8	0.000000E+0	0.000000E+0	1.964247E-4	2.976042E-9	0.000000E+0	0.000000E+0	1.999856E+1	0.000000E+0	8.000000E+0
21-Apr-25	03:00:19	-1.000000E-5	-1.900000E-4	-7.542500E-2	-1.165400E-5	-1.940000E-7	-2.200000E-6	0.000000E+0	0.000000E+0	0.000000E+0	1.964247E-4	2.976042E-9	0.000000E+0	0.000000E+0	1.999856E+1	0.000000E+0	8.000000E+0
21-Apr-25	03:00:19	-1.000000E-5	-1.900000E-4	-7.700500E-2	-1.149200E-5	-1.300000E-7	-2.180000E-6	-2.000000E-8	0.000000E+0	0.000000E+0	1.964247E-4	2.976042E-9	0.000000E+0	0.000000E+0	1.999856E+1	0.000000E+0	8.000000E+0
21-Apr-25	03:00:20	-1.000000E-5	-1.900000E-4	-7.911500E-2	-1.143600E-5	-9.600000E-8	-2.200000E-6	-2.000000E-8	0.000000E+0	0.000000E+0	1.964247E-4	2.976042E-9	0.000000E+0	0.000000E+0	1.999856E+1	0.000000E+0	8.000000E+0
21-Apr-25	03:00:21	-1.000000E-5	-1.900000E-4	-8.067500E-2	-1.151600E-5	-1.300000E-7	-2.200000E-6	-2.000000E-8	0.000000E+0	0.000000E+0	1.964247E-4	2.976042E-9	0.000000E+0	0.000000E+0	1.999856E+1	0.000000E+0	8.000000E+0
21-Apr-25	03:00:21	-1.000000E-5	-1.900000E-4	-8.224000E-2	-1.146600E-5	-1.720000E-7	-2.200000E-6	0.000000E+0	0.000000E+0	0.000000E+0	1.964247E-4	2.976042E-9	0.000000E+0	0.000000E+0	1.999856E+1	0.000000E+0	8.000000E+0
21-Apr-25	03:00:22	-1.000000E-5	-1.900000E-4	-8.383000E-2	-1.147600E-5	-1.800000E-8	-2.200000E-6	-4.000000E-8	0.000000E+0	0.000000E+0	1.964247E-4	2.976042E-9	0.000000E+0	0.000000E+0	1.999856E+1	0.000000E+0	8.000000E+0
21-Apr-25	03:00:22	-1.000000E-5	-1.900000E-4	-8.543000E-2	-1.149000E-5	-5.800000E-8	-2.180000E-6	-2.000000E-8	0.000000E+0	0.000000E+0	1.964247E-4	2.976042E-9	0.000000E+0	0.000000E+0	1.999856E+1	0.000000E+0	8.000000E+0
21-Apr-25	03:00:23	-1.000000E-5	-1.900000E-4	-8.704500E-2	-1.146800E-5	-1.240000E-7	-2.200000E-6	-2.000000E-8	0.000000E+0	0.000000E+0	1.964247E-4	2.976042E-9	0.000000E+0	0.000000E+0	1.999856E+1	0.000000E+0	8.000000E+0
21-Apr-25	03:00:23	-1.000000E-5	-1.900000E-4	-8.862500E-2	-1.144200E-5	-7.200000E-8	-2.200000E-6	-2.000000E-8	0.000000E+0	0.000000E+0	1.964247E-4	2.976042E-9	0.000000E+0	0.000000E+0	1.999856E+1	0.000000E+0	8.000000E+0
21-Apr-25	03:00:24	-1.000000E-5	-1.900000E-4	-9.021500E-2	-1.150800E-5	-5.800000E-8	-2.200000E-6	-2.000000E-8	0.000000E+0	0.000000E+0	1.964247E-4	2.976042E-9	0.000000E+0	0.000000E+0	1.999856E+1	0.000000E+0	8.000000E+0
21-Apr-25	03:00:24	-1.000000E-5	-1.900000E-4	-9.180000E-2	-1.149400E-5	-4.400000E-8	-2.180000E-6	-2.000000E-8	0.000000E+0	0.000000E+0	1.964247E-4	2.976042E-9	0.000000E+0	0.000000E+0	1.999856E+1	0.000000E+0	8.000000E+0
21-Apr-25	03:00:25	-1.000000E-5	-1.900000E-4	-9.338000E-2	-1.145000E-5	-1.640000E-7	-2.180000E-6	-4.000000E-8	0.000000E+0	0.000000E+0	1.964247E-4	2.976042E-9	0.000000E+0	0.000000E+0	1.999856E+1	0.000000E+0	8.000000E+0
21-Apr-25	03:00:25	-1.000000E-5	-1.900000E-4	-9.496500E-2	-1.147400E-5	-5.000000E-8	-2.180000E-6	-2.000000E-8	0.000000E+0	0.000000E+0	1.964247E-4	2.976042E-9	0.000000E+0	0.000000E+0	1.999856E+1	0.000000E+0	8.000000E+0
21-Apr-25	03:00:26	-1.000000E-5	-1.900000E-4	-9.671500E-2	-1.142800E-5	-3.000000E-8	-2.180000E-6	-4.000000E-8	0.000000E+0	0.000000E+0	1.964247E-4	2.976042E-9	0.000000E+0	0.000000E+0	1.999856E+1	0.000000E+0	8.000000E+0
21-Apr-25	03:00:26	-1.000000E-5	-1.900000E-4	-9.830000E-2	-1.151600E-5	-5.600000E-8	-2.180000E-6	-6.000000E-8	0.000000E+0	0.000000E+0	1.964247E-4	2.976042E-9	0.000000E+0	0.000000E+0	1.999856E+1	0.000000E+0	8.000000E+0
21-Apr-25	03:00:27	-1.000000E-5	-1.900000E-4	-9.988500E-2	-1.148600E-5	-1.760000E-7	-2.180000E-6	-2.000000E-8	0.000000E+0	0.000000E+0	1.964247E-4	2.976042E-9	0.000000E+0	0.000000E+0	1.999856E+1	0.000000E+0	8.000000E+0
21-Apr-25	03:00:27	-1.000000E-5	-1.900000E-4	-1.019450E-1	-1.151000E-5	-1.960000E-7	-2.180000E-6	-2.000000E-8	0.000000E+0	0.000000E+0	1.964247E-4	2.976042E-9	0.000000E+0	0.000000E+0	1.999856E+1	0.000000E+0	8.000000E+0
21-Apr-25	03:00:28	-1.000000E-5	-1.900000E-4	-1.035300E-1	-1.148200E-5	-8.400000E-8	-2.200000E-6	-2.000000E-8	0.000000E+0	0.000000E+0	1.964247E-4	2.976042E-9	0.000000E+0	0.000000E+0	1.999856E+1	0.000000E+0	8.000000E+0
21-Apr-25	03:00:28	-1.000000E-5	-1.900000E-4	-1.051100E-1	-1.151800E-5	-2.800000E-8	-2.180000E-6	-2.000000E-8	0.000000E+0	0.000000E+0	1.964247E-4	2.976042E-9	0.000000E+0	0.000000E+0	1.999856E+1	0.000000E+0	8.000000E+0
21-Apr-25	03:00:29	-1.000000E-5	-1.900000E-4	-1.067000E-1	-1.150800E-5	-1.320000E-7	-2.180000E-6	-2.000000E-8	0.000000E+0	0.000000E+0	1.964247E-4	2.976042E-9	0.000000E+0	0.000000E+0	1.999856E+1	0.000000E+0	8.000000E+0
21-Apr-25	03:00:29	-1.000000E-5	-1.900000E-4	-1.086050E-1	-1.138800E-5	-2.100000E-7	-2.200000E-6	-2.000000E-8	0.000000E+0	0.000000E+0	1.964247E-4	2.976042E-9	0.000000E+0	0.000000E+0	1.999856E+1	0.000000E+0	8.000000E+0
21-Apr-25	03:00:30	-1.000000E-5	-1.900000E-4	-1.101850E-1	-1.153400E-5	-6.400000E-8	-2.200000E-6	-4.000000E-8	0.000000E+0	0.000000E+0	1.964247E-4	2.976042E-9	0.000000E+0	0.000000E+0	1.999856E+1	0.000000E+0	8.000000E+0
21-Apr-25	03:00:30	-1.000000E-5	-1.900000E-4	-1.117650E-1	-1.145800E-5	-2.000000E-8	-2.200000E-6	-6.000000E-8	0.000000E+0	0.000000E+0	1.964247E-4	2.976042E-9	0.000000E+0	0.000000E+0	1.999856E+1	0.000000E+0	8.000000E+0
21-Apr-25	03:00:31	-1.000000E-5	-1.900000E-4	-1.138300E-1	-1.144200E-5	3.400000E-8	-2.200000E-6	-2.000000E-8	0.000000E+0	0.000000E+0	1.964247E-4	2.976042E-9	0.000000E+0	0.000000E+0	1.999856E+1	0.000000E+0	8.000000E+0
21-Apr-25	03:00:32	-1.000000E-5	-1.900000E-4	-1.156300E-1	-1.140400E-5	-4.800000E-8	-2.180000E-6	-4.000000E-8	0.000000E+0	0.000000E+0	1.964247E-4	2.976042E-9	0.000000E+0	0.000000E+0	1.999856E+1	0.000000E+0	8.000000E+0
21-Apr-25	03:00:32	-1.000000E-5	-1.900000E-4	-1.172200E-1	-1.144200E-5	-6.600000E-8	-2.200000E-6	-4.000000E-8	0.000000E+0	0.000000E+0	1.964247E-4	2.976042E-9	0.000000E+0	0.000000E+0	1.999856E+1	0.000000E+0	8.000000E+0
21-Apr-25	03:00:33	-1.000000E-5	-1.900000E-4	-1.187950E-1	-1.152200E-5	0.000000E+0	-2.180000E-6	-4.000000E-8	0.000000E+0	0.000000E+0	1.964247E-4	2.976042E-9	0.000000E+0	0.000000E+0	1.999856E+1	0.000000E+0	8.000000E+0
21-Apr-25	03:00:33	-1.000000E-5	-1.900000E-4	-1.203600E-1	-1.143200E-5	-1.660000E-7	-2.180000E-6	-4.000000E-8	0.000000E+0	0.000000E+0	1.964247E-4	2.976042E-9	0.000000E+0	0.000000E+0	1.999856E+1	0.000000E+0	8.000000E+0
21-Apr-25	03:00:34	-1.000000E-5	-1.900000E-4	-1.219150E-1	-1.142600E-5	-1.800000E-7	-2.180000E-6	-2.000000E-8	0.000000E+0	0.000000E+0	1.964247E-4	2.976042E-9	0.000000E+0	0.000000E+0	1.999856E+1	0.000000E+0	8.000000E+0
21-Apr-25	03:00:34	-1.000000E-5	-1.900000E-4	-1.240050E-1	-1.146800E-5	-4.000000E-8	-2.200000E-6	-2.000000E-8	0.000000E+0	0.000000E+0	1.964247E-4	2.976042E-9	0.000000E+0	0.000000E+0	1.999856E+1	0.000000E+0	8.000000E+0
21-Apr-25	03:00:35	-1.000000E-5	-1.900000E-4	-1.257800E-1	-1.151200E-5	-1.000000E-7	-2.200000E-6	-4.000000E-8	0.000000E+0	0.000000E+0	1.964247E-4	2.976042E-9	0.000000E+0	0.000000E+0	1.999856E+1	0.000000E+0	8.000000E+0
21-Apr-25	03:00:35	-1.000000E-5	-1.900000E-4	-1.273550E-1	-1.153600E-5	-4.400000E-8	-2.200000E-6	-4.000000E-8	0.000000E+0	0.000000E+0	1.964247E-4	2.976042E-9	0.000000E+0	0.000000E+0	1.999856E+1	0.000000E+0	8.000000E+0
21-Apr-25	03:00:36	-1.000000E-5	-1.900000E-4	-1.289500E-1	-1.143800E-5	-2.600000E-8	-2.180000E-6	-2.000000E-8	0.000000E+0	0.000000E+0	1.964247E-4	2.976042E-9	0.000000E+0	0.000000E+0	1.999856E+1	0.000000E+0	8.000000E+0
21-Apr-25	03:00:36	-1.000000E-5	-1.900000E-4	-1.305350E-1	-1.144600E-5	-1.200000E-8	-2.180000E-6	-2.000000E-8	0.000000E+0	0.000000E+0	1.964247E-4	2.976042E-9	0.000000E+0	0.000000E+0	1.999856E+1	0.000000E+0	8.000000E+0
21-Apr-25	03:00:37	-1.000000E-5	-1.900000E-4	-1.322800E-1	-1.151600E-5	7.000000E-8	-2.180000E-6	-2.000000E-8	0.000000E+0	0.000000E+0	1.964247E-4	2.976042E-9	0.000000E+0	0.000000E+0	1.999856E+1	0.000000E+0	8.000000E+0
21-Apr-25	03:00:37	-1.000000E-5	-1.900000E-4	-1.338700E-1	-1.145200E-5	-4.200000E-8	-2.180000E-6	-2.000000E-8	0.000000E+0	0.000000E+0	1.964247E-4	2.976042E-9	0.000000E+0	0.000000E+0	1.999856E+1	0.000000E+0	8.000000E+0
21-Apr-25	03:00:38	-1.000000E-5	-1.900000E-4	-1.354450E-1	-1.147800E-5	-3.400000E-8	-2.180000E-6	-4.000000E-8	0.000000E+0	0.000000E+0	1.964247E-4	2.976042E-9	0.000000E+0	0.000000E+0	1.999856E+1	0.000000E+0	8.000000E+0
21-Apr-25	03:00:38	-1.000000E-5	-1.900000E-4	-1.371900E-1	-1.145400E-5	-2.000000E-8	-2.180000E-6	-4.000000E-8	0.000000E+0	0.000000E+0	1.964247E-4	2.976042E-9	0.000000E+0	0.000000E+0	1.999856E+1	0.000000E+0	8.000000E+0
21-Apr-25	03:00:39	-1.000000E-5	-1.900000E-4	-1.390850E-1	-1.148000E-5	-1.160000E-7	-2.200000E-6	-2.000000E-8	0.000000E+0	0.000000E+0	1.964247E-4	2.976042E-9	0.000000E+0	0.000000E+0	1.999856E+1	0.000000E+0	8.000000E+0
21-Apr-25	03:00:40	-1.000000E-5	-1.900000E-4	-1.406750E-1	-1.153600E-5	-1.180000E-7	-2.200000E-6	-2.000000E-8	0.000000E+0	0.000000E+0	1.964247E-4	2.976042E-9	0.000000E+0	0.000000E+0	1.999856E+1	0.000000E+0	8.000000E+0
21-Apr-25	03:00:40	-1.000000E-5	-1.900000E-4	-1.422650E-1	-1.136400E-5	-8.000000E-8	-2.200000E-6	0.000000E+0	0.000000E+0	0.000000E+0	1.964247E-4	2.976042E-9	0.000000E+0	0.000000E+0	1.999856E+1	0.000000E+0	8.000000E+0
21-Apr-25	03:00:41	-1.000000E-5	-1.900000E-4	-1.445000E-1	-1.143800E-5	-5.200000E-8	-2.200000E-6	-2.000000E-8	0.000000E+0	0.000000E+0	1.964247E-4	2.976042E-9	0.000000E+0	0.000000E+0	1.999856E+1	0.000000E+0	8.000000E+0
21-Apr-25	03:00:41	-1.000000E-5	-1.900000E-4	-1.464350E-1	-1.139200E-5	-9.200000E-8	-2.180000E-6	-4.000000E-8	0.000000E+0	0.000000E+0	1.964247E-4	2.976042E-9	0.000000E+0	0.000000E+0	1.999856E+1	0.000000E+0	8.000000E+0
21-Apr-25	03:00:42	-1.000000E-5	-1.900000E-4	-1.480150E-1	-1.143800E-5	-7.000000E-8	-2.180000E-6	-4.000000E-8	0.000000E+0	0.000000E+0	1.964247E-4	2.976042E-9	0.000000E+0	0.000000E+0	1.999856E+1	0.000000E+0	8.000000E+0
21-Apr-25	03:00:43	-1.000000E-5	-1.900000E-4	-1.502400E-1	-1.153600E-5	-1.800000E-8	-2.180000E-6	-2.000000E-8	0.000000E+0	0.000000E+0	1.964247E-4	2.976042E-9	0.000000E+0	0.000000E+0	1.999856E+1	0.000000E+0	8.000000E+0
21-Apr-25	03:00:43	-1.000000E-5	-1.900000E-4	-1.518200E-1	-1.151400E-5	-2.600000E-8	-2.160000E-6	-2.000000E-8	0.000000E+0	0.000000E+0	1.964247E-4	2.976042E-9	0.000000E+0	0.000000E+0	1.999856E+1	0.000000E+0	8.000000E+0
21-Apr-25	03:00:44	-1.000000E-5	-1.900000E-4	-1.540850E-1	-1.157400E-5	-4.400000E-8	-2.180000E-6	-4.000000E-8	0.000000E+0	0.000000E+0	1.964247E-4	2.976042E-9	0.000000E+0	0.000000E+0	1.999856E+1	0.000000E+0	8.000000E+0
21-Apr-25	03:00:44	-1.000000E-5	-1.900000E-4	-1.561450E-1	-1.146800E-5	-1.000000E-7	-2.180000E-6	-2.000000E-8	0.000000E+0	0.000000E+0	1.964247E-4	2.976042E-9	0.000000E+0	0.000000E+0	1.999856E+1	0.000000E+0	8.000000E+0
21-Apr-25	03:00:45	-1.000000E-5	-1.900000E-4	-1.579000E-1	-1.144600E-5	-1.360000E-7	-2.200000E-6	-2.000000E-8	0.000000E+0	0.000000E+0	1.964247E-4	2.976042E-9	0.000000E+0	0.000000E+0	1.999856E+1	0.000000E+0	8.000000E+0
21-Apr-25	03:00:45	-1.000000E-5	-1.900000E-4	-1.594750E-1	-1.148800E-5	-1.420000E-7	-2.200000E-6	-2.000000E-8	0.000000E+0	0.000000E+0	1.964247E-4	2.976042E-9	0.000000E+0	0.000000E+0	1.999856E+1	0.000000E+0	8.000000E+0
21-Apr-25	03:00:46	-1.000000E-5	-1.900000E-4	-1.610650E-1	-1.154600E-5	-1.160000E-7	-2.180000E-6	-2.000000E-8	0.000000E+0	0.000000E+0	1.964247E-4	2.976042E-9	0.000000E+0	0.000000E+0	1.999856E+1	0.000000E+0	8.000000E+0
21-Apr-25	03:00:46	-1.000000E-5	-1.900000E-4	-1.624850E-1	-1.152000E-5	-8.800000E-8	-2.180000E-6	-4.000000E-8	0.000000E+0	0.000000E+0	1.964247E-4	2.976042E-9	0.000000E+0	0.000000E+0	1.999856E+1	0.000000E+0	8.000000E+0
21-Apr-25	03:00:47	-1.000000E-5	-1.900000E-4	-1.640750E-1	-1.149800E-5	-1.080000E-7	-2.180000E-6	-4.000000E-8	0.000000E+0	0.000000E+0	1.964247E-4	2.976042E-9	0.000000E+0	0.000000E+0	1.999856E+1	0.000000E+0	8.000000E+0
21-Apr-25	03:00:47	-1.000000E-5	-1.900000E-4	-1.656700E-1	-1.150200E-5	-6.400000E-8	-2.160000E-6	-4.000000E-8	0.000000E+0	0.000000E+0	1.964247E-4	2.976042E-9	0.000000E+0	0.000000E+0	1.999856E+1	0.000000E+0	8.000000E+0
21-Apr-25	03:00:48	-1.000000E-5	-1.900000E-4	-1.672550E-1	-1.148800E-5	1.400000E-8	-2.160000E-6	-6.000000E-8	0.000000E+0	0.000000E+0	1.964247E-4	2.976042E-9	0.000000E+0	0.000000E+0	1.999856E+1	0.000000E+0	8.000000E+0
21-Apr-25	03:00:49	-1.000000E-5	-1.900000E-4	-1.688300E-1	-1.151800E-5	-6.800000E-8	-2.140000E-6	-4.000000E-8	0.000000E+0	0.000000E+0	1.964247E-4	2.976042E-9	0.000000E+0	0.000000E+0	1.999856E+1	0.000000E+0	8.000000E+0
21-Apr-25	03:00:49	-1.000000E-5	-1.900000E-4	-1.707300E-1	-1.149200E-5	6.000000E-9	-2.160000E-6	-2.000000E-8	0.000000E+0	0.000000E+0	1.964247E-4	2.976042E-9	0.000000E+0	0.000000E+0	1.999856E+1	0.000000E+0	8.000000E+0
21-Apr-25	03:00:50	-1.000000E-5	-1.900000E-4	-1.723450E-1	-1.138000E-5	-3.200000E-8	-2.160000E-6	-2.000000E-8	0.000000E+0	0.000000E+0	1.964247E-4	2.976042E-9	0.000000E+0	0.000000E+0	1.999856E+1	0.000000E+0	8.000000E+0
21-Apr-25	03:00:50	-1.000000E-5	-1.900000E-4	-1.740850E-1	-1.149600E-5	-4.000000E-8	-2.180000E-6	-2.000000E-8	0.000000E+0	0.000000E+0	1.964247E-4	2.976042E-9	0.000000E+0	0.000000E+0	1.999856E+1	0.000000E+0	8.000000E+0
21-Apr-25	03:00:51	-1.000000E-5	-1.900000E-4	-1.756500E-1	-1.147200E-5	-1.160000E-7	-2.180000E-6	-2.000000E-8	0.000000E+0	0.000000E+0	1.964247E-4	2.976042E-9	0.000000E+0	0.000000E+0	1.999856E+1	0.000000E+0	8.000000E+0
21-Apr-25	03:00:51	-1.000000E-5	-1.900000E-4	-1.772250E-1	-1.146000E-5	-8.200000E-8	-2.180000E-6	-4.000000E-8	0.000000E+0	0.000000E+0	1.964247E-4	2.976042E-9	0.000000E+0	0.000000E+0	1.999856E+1	0.000000E+0	8.000000E+0
21-Apr-25	03:00:52	-1.000000E-5	-1.900000E-4	-1.788200E-1	-1.143800E-5	-4.800000E-8	-2.180000E-6	-4.000000E-8	0.000000E+0	0.000000E+0	1.964247E-4	2.976042E-9	0.000000E+0	0.000000E+0	1.999856E+1	0.000000E+0	8.000000E+0
21-Apr-25	03:00:52	-1.000000E-5	-1.900000E-4	-1.804000E-1	-1.134800E-5	3.200000E-8	-2.160000E-6	-4.000000E-8	0.000000E+0	0.000000E+0	1.964247E-4	2.976042E-9	0.000000E+0	0.000000E+0	1.999856E+1	0.000000E+0	8.000000E+0
21-Apr-25	03:00:53	-1.000000E-5	-1.900000E-4	-1.819850E-1	-1.139200E-5	3.400000E-8	-2.160000E-6	-2.000000E-8	0.000000E+0	0.000000E+0	1.964247E-4	2.976042E-9	0.000000E+0	0.000000E+0	1.999856E+1	0.000000E+0	8.000000E+0
21-Apr-25	03:00:53	-1.000000E-5	-1.900000E-4	-1.834700E-1	-1.142800E-5	-6.000000E-9	-2.180000E-6	-2.000000E-8	0.000000E+0	0.000000E+0	1.964247E-4	2.976042E-9	0.000000E+0	0.000000E+0	1.999856E+1	0.000000E+0	8.000000E+0
21-Apr-25	03:00:54	-1.000000E-5	-1.900000E-4	-1.850250E-1	-1.139800E-5	-4.800000E-8	-2.180000E-6	0.000000E+0	0.000000E+0	0.000000E+0	1.964247E-4	2.976042E-9	0.000000E+0	0.000000E+0	1.999856E+1	0.000000E+0	8.000000E+0
21-Apr-25	03:00:54	-1.000000E-5	-1.900000E-4	-1.866100E-1	-1.131800E-5	-5.200000E-8	-2.180000E-6	-2.000000E-8	0.000000E+0	0.000000E+0	1.964247E-4	2.976042E-9	0.000000E+0	0.000000E+0	1.999856E+1	0.000000E+0	8.000000E+0
21-Apr-25	03:00:55	-1.000000E-5	-1.900000E-4	-1.883750E-1	-1.148000E-5	-1.400000E-8	-2.180000E-6	-4.000000E-8	0.000000E+0	0.000000E+0	1.964247E-4	2.976042E-9	0.000000E+0	0.000000E+0	1.999856E+1	0.000000E+0	8.000000E+0
21-Apr-25	03:00:55	-1.000000E-5	-1.900000E-4	-1.899650E-1	-1.148400E-5	6.000000E-8	-2.180000E-6	-2.000000E-8	0.000000E+0	0.000000E+0	1.964247E-4	2.976042E-9	0.000000E+0	0.000000E+0	1.999856E+1	0.000000E+0	8.000000E+0
21-Apr-25	03:00:56	-1.000000E-5	-1.900000E-4	-1.915500E-1	-1.153400E-5	-4.000000E-9	-2.180000E-6	-2.000000E-8	0.000000E+0	0.000000E+0	1.964247E-4	2.976042E-9	0.000000E+0	0.000000E+0	1.999856E+1	0.000000E+0	8.000000E+0
21-Apr-25	03:00:56	-1.000000E-5	-1.900000E-4	-1.931350E-1	-1.150800E-5	-6.400000E-8	-2.180000E-6	-4.000000E-8	0.000000E+0	0.000000E+0	1.964247E-4	2.976042E-9	0.000000E+0	0.000000E+0	1.999856E+1	0.000000E+0	8.000000E+0
21-Apr-25	03:00:57	-1.000000E-5	-1.900000E-4	-1.953550E-1	-1.140600E-5	-1.360000E-7	-2.160000E-6	-4.000000E-8	0.000000E+0	0.000000E+0	1.964247E-4	2.976042E-9	0.000000E+0	0.000000E+0	1.999856E+1	0.000000E+0	8.000000E+0
21-Apr-25	03:00:58	-1.000000E-5	-1.900000E-4	-1.979200E-1	-1.142400E-5	-8.400000E-8	-2.180000E-6	-2.000000E-8	0.000000E+0	0.000000E+0	1.964247E-4	2.976042E-9	0.000000E+0	0.000000E+0	1.999856E+1	0.000000E+0	8.000000E+0
21-Apr-25	03:00:59	-1.000000E-5	-1.900000E-4	-2.004900E-1	-1.160600E-5	-1.720000E-7	-2.180000E-6	-2.000000E-8	0.000000E+0	0.000000E+0	1.964247E-4	2.976042E-9	0.000000E+0	0.000000E+0	1.999856E+1	0.000000E+0	8.000000E+0
21-Apr-25	03:00:59	-1.000000E-5	-1.900000E-4	-2.030700E-1	-1.146800E-5	-3.000000E-8	-2.180000E-6	-2.000000E-8	0.000000E+0	0.000000E+0	1.964247E-4	2.976042E-9	0.000000E+0	0.000000E+0	1.999856E+1	0.000000E+0	8.000000E+0
21-Apr-25	03:01:00	-1.000000E-5	-1.900000E-4	-2.054500E-1	-1.143800E-5	-7.600000E-8	-2.180000E-6	-2.000000E-8	0.000000E+0	0.000000E+0	1.964247E-4	2.976042E-9	0.000000E+0	0.000000E+0	1.999856E+1	0.000000E+0	8.000000E+0
21-Apr-25	03:01:01	-1.000000E-5	-1.900000E-4	-2.070350E-1	-1.156600E-5	-1.340000E-7	-2.180000E-6	-4.000000E-8	0.000000E+0	0.000000E+0	1.964247E-4	2.976042E-9	0.000000E+0	0.000000E+0	1.999856E+1	0.000000E+0	8.000000E+0
21-Apr-25	03:01:01	-1.000000E-5	-1.900000E-4	-2.094650E-1	-1.144800E-5	-1.220000E-7	-2.180000E-6	-4.000000E-8	0.000000E+0	0.000000E+0	1.964247E-4	2.976042E-9	0.000000E+0	0.000000E+0	1.999856E+1	0.000000E+0	8.000000E+0
21-Apr-25	03:01:02	-1.000000E-5	-1.900000E-4	-2.110450E-1	-1.154600E-5	-1.140000E-7	-2.180000E-6	-4.000000E-8	0.000000E+0	0.000000E+0	1.964247E-4	2.976042E-9	0.000000E+0	0.000000E+0	1.999856E+1	0.000000E+0	8.000000E+0
21-Apr-25	03:01:02	-1.000000E-5	-1.900000E-4	-2.124700E-1	-1.152000E-5	-1.200000E-8	-2.160000E-6	-2.000000E-8	0.000000E+0	0.000000E+0	1.964247E-4	2.976042E-9	0.000000E+0	0.000000E+0	1.999856E+1	0.000000E+0	8.000000E+0
21-Apr-25	03:01:03	-1.000000E-5	-1.900000E-4	-2.140550E-1	-1.142000E-5	1.400000E-8	-2.160000E-6	-4.000000E-8	0.000000E+0	0.000000E+0	1.964247E-4	2.976042E-9	0.000000E+0	0.000000E+0	1.999856E+1	0.000000E+0	8.000000E+0
21-Apr-25	03:01:03	-1.000000E-5	-1.900000E-4	-2.156450E-1	-1.146400E-5	-1.240000E-7	-2.160000E-6	-4.000000E-8	0.000000E+0	0.000000E+0	1.964247E-4	2.976042E-9	0.000000E+0	0.000000E+0	1.999856E+1	0.000000E+0	8.000000E+0
21-Apr-25	03:01:04	-1.000000E-5	-1.900000E-4	-2.170700E-1	-1.146400E-5	-1.360000E-7	-2.160000E-6	-2.000000E-8	0.000000E+0	0.000000E+0	1.964247E-4	2.976042E-9	0.000000E+0	0.000000E+0	1.999856E+1	0.000000E+0	8.000000E+0
21-Apr-25	03:01:04	-1.000000E-5	-1.900000E-4	-2.186550E-1	-1.137200E-5	-5.800000E-8	-2.160000E-6	-4.000000E-8	0.000000E+0	0.000000E+0	1.964247E-4	2.976042E-9	0.000000E+0	0.000000E+0	1.999856E+1	0.000000E+0	8.000000E+0
21-Apr-25	03:01:05	-1.000000E-5	-1.900000E-4	-2.208650E-1	-1.146000E-5	-5.200000E-8	-2.160000E-6	-2.000000E-8	0.000000E+0	0.000000E+0	1.964247E-4	2.976042E-9	0.000000E+0	0.000000E+0	1.999856E+1	0.000000E+0	8.000000E+0
21-Apr-25	03:01:05	-1.000000E-5	-1.900000E-4	-2.226150E-1	-1.145200E-5	-1.360000E-7	-2.180000E-6	-2.000000E-8	0.000000E+0	0.000000E+0	1.964247E-4	2.976042E-9	0.000000E+0	0.000000E+0	1.999856E+1	0.000000E+0	8.000000E+0
21-Apr-25	03:01:06	-1.000000E-5	-1.900000E-4	-2.242000E-1	-1.139800E-5	-5.600000E-8	-2.160000E-6	-2.000000E-8	0.000000E+0	0.000000E+0	1.964247E-4	2.976042E-9	0.000000E+0	0.000000E+0	1.999856E+1	0.000000E+0	8.000000E+0
21-Apr-25	03:01:07	-1.000000E-5	-1.900000E-4	-2.257900E-1	-1.138800E-5	-8.600000E-8	-2.160000E-6	-2.000000E-8	0.000000E+0	0.000000E+0	1.964247E-4	2.976042E-9	0.000000E+0	0.000000E+0	1.999856E+1	0.000000E+0	8.000000E+0
21-Apr-25	03:01:07	-1.000000E-5	-1.900000E-4	-2.277450E-1	-1.133400E-5	-2.800000E-8	-2.160000E-6	-2.000000E-8	0.000000E+0	0.000000E+0	1.964247E-4	2.976042E-9	0.000000E+0	0.000000E+0	1.999856E+1	0.000000E+0	8.000000E+0
21-Apr-25	03:01:07	-1.000000E-5	-1.900000E-4	-2.291650E-1	-1.141000E-5	-1.480000E-7	-2.180000E-6	-2.000000E-8	0.000000E+0	0.000000E+0	1.964247E-4	2.976042E-9	0.000000E+0	0.000000E+0	1.999856E+1	0.000000E+0	8.000000E+0
21-Apr-25	03:01:08	-1.000000E-5	-1.900000E-4	-2.307600E-1	-1.148400E-5	-6.800000E-8	-2.160000E-6	-2.000000E-8	0.000000E+0	0.000000E+0	1.964247E-4	2.976042E-9	0.000000E+0	0.000000E+0	1.999856E+1	0.000000E+0	8.000000E+0
21-Apr-25	03:01:09	-1.000000E-5	-1.900000E-4	-2.325050E-1	-1.139200E-5	-2.200000E-8	-2.160000E-6	-2.000000E-8	0.000000E+0	0.000000E+0	1.964247E-4	2.976042E-9	0.000000E+0	0.000000E+0	1.999856E+1	0.000000E+0	8.000000E+0
21-Apr-25	03:01:09	-1.000000E-5	-1.900000E-4	-2.340950E-1	-1.136000E-5	-4.000000E-8	-2.180000E-6	-2.000000E-8	0.000000E+0	0.000000E+0	1.964247E-4	2.976042E-9	0.000000E+0	0.000000E+0	1.999856E+1	0.000000E+0	8.000000E+0
21-Apr-25	03:01:10	-1.000000E-5	-1.900000E-4	-2.356700E-1	-1.147000E-5	8.400000E-8	-2.160000E-6	-2.000000E-8	0.000000E+0	0.000000E+0	1.964247E-4	2.976042E-9	0.000000E+0	0.000000E+0	1.999856E+1	0.000000E+0	8.000000E+0
21-Apr-25	03:01:10	-1.000000E-5	-1.900000E-4	-2.372550E-1	-1.149000E-5	-2.800000E-8	-2.160000E-6	-2.000000E-8	0.000000E+0	0.000000E+0	1.964247E-4	2.976042E-9	0.000000E+0	0.000000E+0	1.999856E+1	0.000000E+0	8.000000E+0
21-Apr-25	03:01:11	-1.000000E-5	-1.900000E-4	-2.388350E-1	-1.144800E-5	-7.800000E-8	-2.180000E-6	0.000000E+0	0.000000E+0	0.000000E+0	1.964247E-4	2.976042E-9	0.000000E+0	0.000000E+0	1.999856E+1	0.000000E+0	8.000000E+0
21-Apr-25	03:01:11	-1.000000E-5	-1.900000E-4	-2.404250E-1	-1.141400E-5	-3.000000E-8	-2.160000E-6	-2.000000E-8	0.000000E+0	0.000000E+0	1.964247E-4	2.976042E-9	0.000000E+0	0.000000E+0	1.999856E+1	0.000000E+0	8.000000E+0
21-Apr-25	03:01:11	-1.000000E-5	-1.900000E-4	-2.418550E-1	-1.142600E-5	-1.000000E-7	-2.140000E-6	-2.000000E-8	0.000000E+0	0.000000E+0	1.964247E-4	2.976042E-9	0.000000E+0	0.000000E+0	1.999856E+1	0.000000E+0	8.000000E+0
21-Apr-25	03:01:12	-1.000000E-5	-1.900000E-4	-2.434350E-1	-1.145600E-5	1.600000E-8	-2.160000E-6	-2.000000E-8	0.000000E+0	0.000000E+0	1.964247E-4	2.976042E-9	0.000000E+0	0.000000E+0	1.999856E+1	0.000000E+0	8.000000E+0
21-Apr-25	03:01:13	-1.000000E-5	-1.900000E-4	-2.450150E-1	-1.150000E-5	-3.800000E-8	-2.160000E-6	-2.000000E-8	0.000000E+0	0.000000E+0	1.964247E-4	2.976042E-9	0.000000E+0	0.000000E+0	1.999856E+1	0.000000E+0	8.000000E+0
21-Apr-25	03:01:13	-1.000000E-5	-1.900000E-4	-2.467900E-1	-1.140200E-5	-5.200000E-8	-2.160000E-6	-6.000000E-8	0.000000E+0	0.000000E+0	1.964247E-4	2.976042E-9	0.000000E+0	0.000000E+0	1.999856E+1	0.000000E+0	8.000000E+0
21-Apr-25	03:01:14	-1.000000E-5	-1.900000E-4	-2.483500E-1	-1.144000E-5	2.400000E-8	-2.140000E-6	-2.000000E-8	0.000000E+0	0.000000E+0	1.964247E-4	2.976042E-9	0.000000E+0	0.000000E+0	1.999856E+1	0.000000E+0	8.000000E+0
21-Apr-25	03:01:14	-1.000000E-5	-1.900000E-4	-2.499400E-1	-1.152000E-5	2.400000E-8	-2.160000E-6	-2.000000E-8	0.000000E+0	0.000000E+0	1.964247E-4	2.976042E-9	0.000000E+0	0.000000E+0	1.999856E+1	0.000000E+0	8.000000E+0
21-Apr-25	03:01:15	-1.000000E-5	-1.900000E-4	-2.515250E-1	-1.158200E-5	-9.200000E-8	-2.160000E-6	-4.000000E-8	0.000000E+0	0.000000E+0	1.964247E-4	2.976042E-9	0.000000E+0	0.000000E+0	1.999856E+1	0.000000E+0	8.000000E+0
21-Apr-25	03:01:15	-1.000000E-5	-1.900000E-4	-2.536350E-1	-1.142000E-5	-4.800000E-8	-2.180000E-6	-2.000000E-8	0.000000E+0	0.000000E+0	1.964247E-4	2.976042E-9	0.000000E+0	0.000000E+0	1.999856E+1	0.000000E+0	8.000000E+0
21-Apr-25	03:01:16	-1.000000E-5	-1.900000E-4	-2.558550E-1	-1.157400E-5	-9.400000E-8	-2.160000E-6	-4.000000E-8	0.000000E+0	0.000000E+0	1.964247E-4	2.976042E-9	0.000000E+0	0.000000E+0	1.999856E+1	0.000000E+0	8.000000E+0
21-Apr-25	03:01:17	-1.000000E-5	-1.900000E-4	-2.581300E-1	-1.148200E-5	-6.400000E-8	-2.160000E-6	-2.000000E-8	0.000000E+0	0.000000E+0	1.964247E-4	2.976042E-9	0.000000E+0	0.000000E+0	1.999856E+1	0.000000E+0	8.000000E+0
21-Apr-25	03:01:17	-1.000000E-5	-1.900000E-4	-2.597150E-1	-1.146200E-5	-1.280000E-7	-2.160000E-6	-2.000000E-8	0.000000E+0	0.000000E+0	1.964247E-4	2.976042E-9	0.000000E+0	0.000000E+0	1.999856E+1	0.000000E+0	8.000000E+0
21-Apr-25	03:01:18	-1.000000E-5	-1.900000E-4	-2.612950E-1	-1.144200E-5	-8.800000E-8	-2.160000E-6	-4.000000E-8	0.000000E+0	0.000000E+0	1.964247E-4	2.976042E-9	0.000000E+0	0.000000E+0	1.999856E+1	0.000000E+0	8.000000E+0
21-Apr-25	03:01:18	-1.000000E-5	-1.900000E-4	-2.628850E-1	-1.139600E-5	-9.000000E-8	-2.160000E-6	-2.000000E-8	0.000000E+0	0.000000E+0	1.964247E-4	2.976042E-9	0.000000E+0	0.000000E+0	1.999856E+1	0.000000E+0	8.000000E+0
21-Apr-25	03:01:19	-1.000000E-5	-1.900000E-4	-2.644450E-1	-1.138400E-5	-9.000000E-8	-2.160000E-6	-2.000000E-8	0.000000E+0	0.000000E+0	1.964247E-4	2.976042E-9	0.000000E+0	0.000000E+0	1.999856E+1	0.000000E+0	8.000000E+0
21-Apr-25	03:01:19	-1.000000E-5	-1.900000E-4	-2.665250E-1	-1.139000E-5	-5.200000E-8	-2.160000E-6	-4.000000E-8	0.000000E+0	0.000000E+0	1.964247E-4	2.976042E-9	0.000000E+0	0.000000E+0	1.999856E+1	0.000000E+0	8.000000E+0
21-Apr-25	03:01:20	-1.000000E-5	-1.900000E-4	-2.682600E-1	-1.139200E-5	-3.600000E-8	-2.140000E-6	-4.000000E-8	0.000000E+0	0.000000E+0	1.964247E-4	2.976042E-9	0.000000E+0	0.000000E+0	1.999856E+1	0.000000E+0	8.000000E+0
21-Apr-25	03:01:20	-1.000000E-5	-1.900000E-4	-2.698350E-1	-1.144800E-5	-8.800000E-8	-2.160000E-6	-2.000000E-8	0.000000E+0	0.000000E+0	1.964247E-4	2.976042E-9	0.000000E+0	0.000000E+0	1.999856E+1	0.000000E+0	8.000000E+0
21-Apr-25	03:01:21	-1.000000E-5	-1.900000E-4	-2.714250E-1	-1.145200E-5	-1.660000E-7	-2.160000E-6	-4.000000E-8	0.000000E+0	0.000000E+0	1.964247E-4	2.976042E-9	0.000000E+0	0.000000E+0	1.999856E+1	0.000000E+0	8.000000E+0
21-Apr-25	03:01:21	-1.000000E-5	-1.900000E-4	-2.734850E-1	-1.139600E-5	-1.160000E-7	-2.160000E-6	-4.000000E-8	0.000000E+0	0.000000E+0	1.964247E-4	2.976042E-9	0.000000E+0	0.000000E+0	1.999856E+1	0.000000E+0	8.000000E+0
21-Apr-25	03:01:22	-1.000000E-5	-1.900000E-4	-2.750650E-1	-1.140800E-5	-1.000000E-8	-2.160000E-6	-4.000000E-8	0.000000E+0	0.000000E+0	1.964247E-4	2.976042E-9	0.000000E+0	0.000000E+0	1.999856E+1	0.000000E+0	8.000000E+0
21-Apr-25	03:01:22	-1.000000E-5	-1.900000E-4	-2.766550E-1	-1.138200E-5	-1.200000E-8	-2.140000E-6	-4.000000E-8	0.000000E+0	0.000000E+0	1.964247E-4	2.976042E-9	0.000000E+0	0.000000E+0	1.999856E+1	0.000000E+0	8.000000E+0
21-Apr-25	03:01:23	-1.000000E-5	-1.900000E-4	-2.782350E-1	-1.141200E-5	-6.800000E-8	-2.140000E-6	-4.000000E-8	0.000000E+0	0.000000E+0	1.964247E-4	2.976042E-9	0.000000E+0	0.000000E+0	1.999856E+1	0.000000E+0	8.000000E+0
21-Apr-25	03:01:23	-1.000000E-5	-1.900000E-4	-2.798200E-1	-1.148000E-5	0.000000E+0	-2.140000E-6	-2.000000E-8	0.000000E+0	0.000000E+0	1.964247E-4	2.976042E-9	0.000000E+0	0.000000E+0	1.999856E+1	0.000000E+0	8.000000E+0
21-Apr-25	03:01:24	-1.000000E-5	-1.900000E-4	-2.814050E-1	-1.144800E-5	-1.040000E-7	-2.140000E-6	-2.000000E-8	0.000000E+0	0.000000E+0	1.964247E-4	2.976042E-9	0.000000E+0	0.000000E+0	1.999856E+1	0.000000E+0	8.000000E+0
21-Apr-25	03:01:24	-1.000000E-5	-1.900000E-4	-2.828400E-1	-1.146400E-5	-7.600000E-8	-2.140000E-6	-4.000000E-8	0.000000E+0	0.000000E+0	1.964247E-4	2.976042E-9	0.000000E+0	0.000000E+0	1.999856E+1	0.000000E+0	8.000000E+0
21-Apr-25	03:01:25	-1.000000E-5	-1.900000E-4	-2.844150E-1	-1.140200E-5	-4.600000E-8	-2.140000E-6	-2.000000E-8	0.000000E+0	0.000000E+0	1.964247E-4	2.976042E-9	0.000000E+0	0.000000E+0	1.999856E+1	0.000000E+0	8.000000E+0
21-Apr-25	03:01:25	-1.000000E-5	-1.900000E-4	-2.860050E-1	-1.140200E-5	-9.400000E-8	-2.140000E-6	-2.000000E-8	0.000000E+0	0.000000E+0	1.964247E-4	2.976042E-9	0.000000E+0	0.000000E+0	1.999856E+1	0.000000E+0	8.000000E+0
21-Apr-25	03:01:26	-1.000000E-5	-1.900000E-4	-2.875850E-1	-1.138600E-5	-4.200000E-8	-2.140000E-6	-2.000000E-8	0.000000E+0	0.000000E+0	1.964247E-4	2.976042E-9	0.000000E+0	0.000000E+0	1.999856E+1	0.000000E+0	8.000000E+0
21-Apr-25	03:01:26	-1.000000E-5	-1.900000E-4	-2.891700E-1	-1.139200E-5	-5.600000E-8	-2.140000E-6	-2.000000E-8	0.000000E+0	0.000000E+0	1.964247E-4	2.976042E-9	0.000000E+0	0.000000E+0	1.999856E+1	0.000000E+0	8.000000E+0
21-Apr-25	03:01:27	-1.000000E-5	-1.900000E-4	-2.907500E-1	-1.140400E-5	-9.600000E-8	-2.140000E-6	-2.000000E-8	0.000000E+0	0.000000E+0	1.964247E-4	2.976042E-9	0.000000E+0	0.000000E+0	1.999856E+1	0.000000E+0	8.000000E+0
21-Apr-25	03:01:27	-1.000000E-5	-1.900000E-4	-2.925000E-1	-1.143600E-5	-1.220000E-7	-2.140000E-6	-2.000000E-8	0.000000E+0	0.000000E+0	1.964247E-4	2.976042E-9	0.000000E+0	0.000000E+0	1.999856E+1	0.000000E+0	8.000000E+0
21-Apr-25	03:01:28	-1.000000E-5	-1.900000E-4	-2.940800E-1	-1.141400E-5	-2.200000E-8	-2.140000E-6	-4.000000E-8	0.000000E+0	0.000000E+0	1.964247E-4	2.976042E-9	0.000000E+0	0.000000E+0	1.999856E+1	0.000000E+0	8.000000E+0
21-Apr-25	03:01:28	-1.000000E-5	-1.900000E-4	-2.956650E-1	-1.144200E-5	-1.200000E-8	-2.140000E-6	-4.000000E-8	0.000000E+0	0.000000E+0	1.964247E-4	2.976042E-9	0.000000E+0	0.000000E+0	1.999856E+1	0.000000E+0	8.000000E+0
21-Apr-25	03:01:29	-1.000000E-5	-1.900000E-4	-2.972550E-1	-1.143200E-5	-8.400000E-8	-2.120000E-6	-2.000000E-8	0.000000E+0	0.000000E+0	1.964247E-4	2.976042E-9	0.000000E+0	0.000000E+0	1.999856E+1	0.000000E+0	8.000000E+0
21-Apr-25	03:01:29	-1.000000E-5	-1.900000E-4	-2.988450E-1	-1.139600E-5	-1.040000E-7	-2.140000E-6	-2.000000E-8	0.000000E+0	0.000000E+0	1.964247E-4	2.976042E-9	0.000000E+0	0.000000E+0	1.999856E+1	0.000000E+0	8.000000E+0
21-Apr-25	03:01:30	-1.000000E-5	-1.900000E-4	-3.004300E-1	-1.142600E-5	-1.180000E-7	-2.140000E-6	-2.000000E-8	0.000000E+0	0.000000E+0	1.964247E-4	2.976042E-9	0.000000E+0	0.000000E+0	1.999856E+1	0.000000E+0	8.000000E+0
21-Apr-25	03:01:30	-1.000000E-5	-1.900000E-4	-3.020050E-1	-1.146200E-5	1.200000E-8	-2.140000E-6	-2.000000E-8	0.000000E+0	0.000000E+0	1.964247E-4	2.976042E-9	0.000000E+0	0.000000E+0	1.999856E+1	0.000000E+0	8.000000E+0
21-Apr-25	03:01:31	-1.000000E-5	-1.900000E-4	-3.035950E-1	-1.142200E-5	-1.040000E-7	-2.140000E-6	-4.000000E-8	0.000000E+0	0.000000E+0	1.964247E-4	2.976042E-9	0.000000E+0	0.000000E+0	1.999856E+1	0.000000E+0	8.000000E+0
21-Apr-25	03:01:32	-1.000000E-5	-1.900000E-4	-3.053350E-1	-1.132400E-5	-8.600000E-8	-2.120000E-6	-4.000000E-8	0.000000E+0	0.000000E+0	1.964247E-4	2.976042E-9	0.000000E+0	0.000000E+0	1.999856E+1	0.000000E+0	8.000000E+0
21-Apr-25	03:01:32	-1.000000E-5	-1.900000E-4	-3.069150E-1	-1.142200E-5	-6.600000E-8	-2.140000E-6	-4.000000E-8	0.000000E+0	0.000000E+0	1.964247E-4	2.976042E-9	0.000000E+0	0.000000E+0	1.999856E+1	0.000000E+0	8.000000E+0
21-Apr-25	03:01:33	-1.000000E-5	-1.900000E-4	-3.085050E-1	-1.142400E-5	-1.080000E-7	-2.160000E-6	-2.000000E-8	0.000000E+0	0.000000E+0	1.964247E-4	2.976042E-9	0.000000E+0	0.000000E+0	1.999856E+1	0.000000E+0	8.000000E+0
21-Apr-25	03:01:33	-1.000000E-5	-1.900000E-4	-3.105600E-1	-1.154200E-5	-1.500000E-7	-2.140000E-6	-2.000000E-8	0.000000E+0	0.000000E+0	1.964247E-4	2.976042E-9	0.000000E+0	0.000000E+0	1.999856E+1	0.000000E+0	8.000000E+0
21-Apr-25	03:01:34	-1.000000E-5	-1.900000E-4	-3.121550E-1	-1.150200E-5	-4.400000E-8	-2.120000E-6	-4.000000E-8	0.000000E+0	0.000000E+0	1.964247E-4	2.976042E-9	0.000000E+0	0.000000E+0	1.999856E+1	0.000000E+0	8.000000E+0
21-Apr-25	03:01:34	-1.000000E-5	-1.900000E-4	-3.140500E-1	-1.144800E-5	-1.020000E-7	-2.120000E-6	-2.000000E-8	0.000000E+0	0.000000E+0	1.964247E-4	2.976042E-9	0.000000E+0	0.000000E+0	1.999856E+1	0.000000E+0	8.000000E+0
21-Apr-25	03:01:35	-1.000000E-5	-1.900000E-4	-3.154800E-1	-1.149600E-5	-5.000000E-8	-2.140000E-6	-2.000000E-8	0.000000E+0	0.000000E+0	1.964247E-4	2.976042E-9	0.000000E+0	0.000000E+0	1.999856E+1	0.000000E+0	8.000000E+0
21-Apr-25	03:01:35	-1.000000E-5	-1.900000E-4	-3.171200E-1	-1.148200E-5	-2.000000E-8	-2.120000E-6	-4.000000E-8	0.000000E+0	0.000000E+0	1.964247E-4	2.976042E-9	0.000000E+0	0.000000E+0	1.999856E+1	0.000000E+0	8.000000E+0
21-Apr-25	03:01:36	-1.000000E-5	-1.900000E-4	-3.187050E-1	-1.144200E-5	-5.600000E-8	-2.120000E-6	-2.000000E-8	0.000000E+0	0.000000E+0	1.964247E-4	2.976042E-9	0.000000E+0	0.000000E+0	1.999856E+1	0.000000E+0	8.000000E+0
21-Apr-25	03:01:36	-1.000000E-5	-1.900000E-4	-3.209150E-1	-1.137200E-5	-6.600000E-8	-2.120000E-6	-2.000000E-8	0.000000E+0	0.000000E+0	1.964247E-4	2.976042E-9	0.000000E+0	0.000000E+0	1.999856E+1	0.000000E+0	8.000000E+0
21-Apr-25	03:01:37	-1.000000E-5	-1.900000E-4	-3.225050E-1	-1.136400E-5	-8.200000E-8	-2.120000E-6	-4.000000E-8	0.000000E+0	0.000000E+0	1.964247E-4	2.976042E-9	0.000000E+0	0.000000E+0	1.999856E+1	0.000000E+0	8.000000E+0
21-Apr-25	03:01:37	-1.000000E-5	-1.900000E-4	-3.240900E-1	-1.139000E-5	-7.400000E-8	-2.120000E-6	-2.000000E-8	0.000000E+0	0.000000E+0	1.964247E-4	2.976042E-9	0.000000E+0	0.000000E+0	1.999856E+1	0.000000E+0	8.000000E+0
21-Apr-25	03:01:38	-1.000000E-5	-1.900000E-4	-3.256800E-1	-1.142000E-5	-5.800000E-8	-2.100000E-6	-4.000000E-8	0.000000E+0	0.000000E+0	1.964247E-4	2.976042E-9	0.000000E+0	0.000000E+0	1.999856E+1	0.000000E+0	8.000000E+0
21-Apr-25	03:01:39	-1.000000E-5	-1.900000E-4	-3.272550E-1	-1.144600E-5	-1.800000E-8	-2.120000E-6	-4.000000E-8	0.000000E+0	0.000000E+0	1.964247E-4	2.976042E-9	0.000000E+0	0.000000E+0	1.999856E+1	0.000000E+0	8.000000E+0
21-Apr-25	03:01:39	-1.000000E-5	-1.900000E-4	-3.296700E-1	-1.147200E-5	-1.180000E-7	-2.120000E-6	-2.000000E-8	0.000000E+0	0.000000E+0	1.964247E-4	2.976042E-9	0.000000E+0	0.000000E+0	1.999856E+1	0.000000E+0	8.000000E+0
21-Apr-25	03:01:40	-1.000000E-5	-1.900000E-4	-3.320750E-1	-1.151400E-5	-1.100000E-7	-2.120000E-6	0.000000E+0	0.000000E+0	0.000000E+0	1.964247E-4	2.976042E-9	0.000000E+0	0.000000E+0	1.999856E+1	0.000000E+0	8.000000E+0
21-Apr-25	03:01:40	-1.000000E-5	-1.900000E-4	-3.336650E-1	-1.147800E-5	-1.480000E-7	-2.120000E-6	0.000000E+0	0.000000E+0	0.000000E+0	1.964247E-4	2.976042E-9	0.000000E+0	0.000000E+0	1.999856E+1	0.000000E+0	8.000000E+0
21-Apr-25	03:01:41	-1.000000E-5	-1.900000E-4	-3.352450E-1	-1.141600E-5	-8.000000E-8	-2.120000E-6	-2.000000E-8	0.000000E+0	0.000000E+0	1.964247E-4	2.976042E-9	0.000000E+0	0.000000E+0	1.999856E+1	0.000000E+0	8.000000E+0
21-Apr-25	03:01:41	-1.000000E-5	-1.900000E-4	-3.368250E-1	-1.147600E-5	-5.400000E-8	-2.120000E-6	-4.000000E-8	0.000000E+0	0.000000E+0	1.964247E-4	2.976042E-9	0.000000E+0	0.000000E+0	1.999856E+1	0.000000E+0	8.000000E+0
21-Apr-25	03:01:42	-1.000000E-5	-1.900000E-4	-3.384100E-1	-1.138600E-5	-3.800000E-8	-2.120000E-6	-4.000000E-8	0.000000E+0	0.000000E+0	1.964247E-4	2.976042E-9	0.000000E+0	0.000000E+0	1.999856E+1	0.000000E+0	8.000000E+0
21-Apr-25	03:01:42	-1.000000E-5	-1.900000E-4	-3.399950E-1	-1.139400E-5	-1.160000E-7	-2.120000E-6	-4.000000E-8	0.000000E+0	0.000000E+0	1.964247E-4	2.976042E-9	0.000000E+0	0.000000E+0	1.999856E+1	0.000000E+0	8.000000E+0
21-Apr-25	03:01:43	-1.000000E-5	-1.900000E-4	-3.415800E-1	-1.143800E-5	-3.600000E-8	-2.120000E-6	-2.000000E-8	0.000000E+0	0.000000E+0	1.964247E-4	2.976042E-9	0.000000E+0	0.000000E+0	1.999856E+1	0.000000E+0	8.000000E+0
21-Apr-25	03:01:43	-1.000000E-5	-1.900000E-4	-3.431650E-1	-1.131200E-5	-1.420000E-7	-2.100000E-6	-2.000000E-8	0.000000E+0	0.000000E+0	1.964247E-4	2.976042E-9	0.000000E+0	0.000000E+0	1.999856E+1	0.000000E+0	8.000000E+0
21-Apr-25	03:01:44	-1.000000E-5	-1.900000E-4	-3.450650E-1	-1.136200E-5	-1.940000E-7	-2.100000E-6	-2.000000E-8	0.000000E+0	0.000000E+0	1.964247E-4	2.976042E-9	0.000000E+0	0.000000E+0	1.999856E+1	0.000000E+0	8.000000E+0
21-Apr-25	03:01:45	-1.000000E-5	-1.900000E-4	-3.464900E-1	-1.141600E-5	-1.860000E-7	-2.120000E-6	-2.000000E-8	0.000000E+0	0.000000E+0	1.964247E-4	2.976042E-9	0.000000E+0	0.000000E+0	1.999856E+1	0.000000E+0	8.000000E+0
21-Apr-25	03:01:45	-1.000000E-5	-1.900000E-4	-3.480750E-1	-1.142800E-5	-1.580000E-7	-2.120000E-6	0.000000E+0	0.000000E+0	0.000000E+0	1.964247E-4	2.976042E-9	0.000000E+0	0.000000E+0	1.999856E+1	0.000000E+0	8.000000E+0
21-Apr-25	03:01:46	-1.000000E-5	-1.900000E-4	-3.496700E-1	-1.140400E-5	-1.000000E-8	-2.120000E-6	0.000000E+0	0.000000E+0	0.000000E+0	1.964247E-4	2.976042E-9	0.000000E+0	0.000000E+0	1.999856E+1	0.000000E+0	8.000000E+0
21-Apr-25	03:01:46	-1.000000E-5	-1.900000E-4	-3.512500E-1	-1.149600E-5	2.400000E-8	-2.120000E-6	-2.000000E-8	0.000000E+0	0.000000E+0	1.964247E-4	2.976042E-9	0.000000E+0	0.000000E+0	1.999856E+1	0.000000E+0	8.000000E+0
21-Apr-25	03:01:47	-1.000000E-5	-1.900000E-4	-3.528300E-1	-1.138600E-5	-2.600000E-8	-2.140000E-6	-4.000000E-8	0.000000E+0	0.000000E+0	1.964247E-4	2.976042E-9	0.000000E+0	0.000000E+0	1.999856E+1	0.000000E+0	8.000000E+0
21-Apr-25	03:01:47	-1.000000E-5	-1.900000E-4	-3.544650E-1	-1.148800E-5	2.000000E-8	-2.140000E-6	-4.000000E-8	0.000000E+0	0.000000E+0	1.964247E-4	2.976042E-9	0.000000E+0	0.000000E+0	1.999856E+1	0.000000E+0	8.000000E+0
21-Apr-25	03:01:48	-1.000000E-5	-1.900000E-4	-3.560250E-1	-1.147200E-5	-9.800000E-8	-2.100000E-6	-2.000000E-8	0.000000E+0	0.000000E+0	1.964247E-4	2.976042E-9	0.000000E+0	0.000000E+0	1.999856E+1	0.000000E+0	8.000000E+0
21-Apr-25	03:01:48	-1.000000E-5	-1.900000E-4	-3.575900E-1	-1.140200E-5	-1.180000E-7	-2.060000E-6	-2.000000E-8	0.000000E+0	0.000000E+0	1.964247E-4	2.976042E-9	0.000000E+0	0.000000E+0	1.999856E+1	0.000000E+0	8.000000E+0
21-Apr-25	03:01:49	-1.000000E-5	-1.900000E-4	-3.591700E-1	-1.150600E-5	4.000000E-8	-1.980000E-6	-2.000000E-8	0.000000E+0	0.000000E+0	1.964247E-4	2.976042E-9	0.000000E+0	0.000000E+0	1.999856E+1	0.000000E+0	8.000000E+0
21-Apr-25	03:01:49	-1.000000E-5	-1.900000E-4	-3.611300E-1	-1.153600E-5	-3.600000E-8	-1.940000E-6	-2.000000E-8	0.000000E+0	0.000000E+0	1.964247E-4	2.976042E-9	0.000000E+0	0.000000E+0	1.999856E+1	0.000000E+0	8.000000E+0
21-Apr-25	03:01:50	-1.000000E-5	-1.900000E-4	-3.628700E-1	-1.153600E-5	4.000000E-9	-1.960000E-6	0.000000E+0	0.000000E+0	0.000000E+0	1.964247E-4	2.976042E-9	0.000000E+0	0.000000E+0	1.999856E+1	0.000000E+0	8.000000E+0
21-Apr-25	03:01:50	-1.000000E-5	-1.900000E-4	-3.644600E-1	-1.138000E-5	-6.800000E-8	-1.960000E-6	-2.000000E-8	0.000000E+0	0.000000E+0	1.964247E-4	2.976042E-9	0.000000E+0	0.000000E+0	1.999856E+1	0.000000E+0	8.000000E+0
21-Apr-25	03:01:51	-1.000000E-5	-1.900000E-4	-3.660500E-1	-1.145000E-5	-4.400000E-8	-1.960000E-6	-2.000000E-8	0.000000E+0	0.000000E+0	1.964247E-4	2.976042E-9	0.000000E+0	0.000000E+0	1.999856E+1	0.000000E+0	8.000000E+0
21-Apr-25	03:01:51	-1.000000E-5	-1.900000E-4	-3.679450E-1	-1.139000E-5	-4.600000E-8	-1.940000E-6	-4.000000E-8	0.000000E+0	0.000000E+0	1.964247E-4	2.976042E-9	0.000000E+0	0.000000E+0	1.999856E+1	0.000000E+0	8.000000E+0
21-Apr-25	03:01:52	-1.000000E-5	-1.900000E-4	-3.700050E-1	-1.142200E-5	-1.100000E-7	-1.960000E-6	-2.000000E-8	0.000000E+0	0.000000E+0	1.964247E-4	2.976042E-9	0.000000E+0	0.000000E+0	1.999856E+1	0.000000E+0	8.000000E+0
21-Apr-25	03:01:53	-1.000000E-5	-1.900000E-4	-3.717450E-1	-1.149800E-5	-1.120000E-7	-1.940000E-6	-4.000000E-8	0.000000E+0	0.000000E+0	1.964247E-4	2.976042E-9	0.000000E+0	0.000000E+0	1.999856E+1	0.000000E+0	8.000000E+0
21-Apr-25	03:01:53	-1.000000E-5	-1.900000E-4	-3.738550E-1	-1.143000E-5	-1.200000E-8	-1.940000E-6	-2.000000E-8	0.000000E+0	0.000000E+0	1.964247E-4	2.976042E-9	0.000000E+0	0.000000E+0	1.999856E+1	0.000000E+0	8.000000E+0
21-Apr-25	03:01:54	-1.000000E-5	-1.900000E-4	-3.755950E-1	-1.144800E-5	-1.200000E-8	-1.940000E-6	-4.000000E-8	0.000000E+0	0.000000E+0	1.964247E-4	2.976042E-9	0.000000E+0	0.000000E+0	1.999856E+1	0.000000E+0	8.000000E+0
21-Apr-25	03:01:54	-1.000000E-5	-1.900000E-4	-3.771700E-1	-1.152200E-5	-5.600000E-8	-1.940000E-6	-2.000000E-8	0.000000E+0	0.000000E+0	1.964247E-4	2.976042E-9	0.000000E+0	0.000000E+0	1.999856E+1	0.000000E+0	8.000000E+0
21-Apr-25	03:01:55	-1.000000E-5	-1.900000E-4	-3.792200E-1	-1.142800E-5	-1.600000E-8	-1.940000E-6	-2.000000E-8	0.000000E+0	0.000000E+0	1.964247E-4	2.976042E-9	0.000000E+0	0.000000E+0	1.999856E+1	0.000000E+0	8.000000E+0
21-Apr-25	03:01:56	-1.000000E-5	-1.900000E-4	-3.807950E-1	-1.148200E-5	-6.000000E-8	-1.940000E-6	-2.000000E-8	0.000000E+0	0.000000E+0	1.964247E-4	2.976042E-9	0.000000E+0	0.000000E+0	1.999856E+1	0.000000E+0	8.000000E+0
21-Apr-25	03:01:56	-1.000000E-5	-1.900000E-4	-3.829850E-1	-1.151600E-5	-5.600000E-8	-1.940000E-6	-2.000000E-8	0.000000E+0	0.000000E+0	1.964247E-4	2.976042E-9	0.000000E+0	0.000000E+0	1.999856E+1	0.000000E+0	8.000000E+0
21-Apr-25	03:01:57	-1.000000E-5	-1.900000E-4	-3.843900E-1	-1.148800E-5	-5.400000E-8	-1.960000E-6	-4.000000E-8	0.000000E+0	0.000000E+0	1.964247E-4	2.976042E-9	0.000000E+0	0.000000E+0	1.999856E+1	0.000000E+0	8.000000E+0
21-Apr-25	03:01:57	-1.000000E-5	-1.900000E-4	-3.859500E-1	-1.146200E-5	-6.600000E-8	-1.940000E-6	-4.000000E-8	0.000000E+0	0.000000E+0	1.964247E-4	2.976042E-9	0.000000E+0	0.000000E+0	1.999856E+1	0.000000E+0	8.000000E+0
21-Apr-25	03:01:58	-1.000000E-5	-1.900000E-4	-3.875100E-1	-1.140400E-5	-1.200000E-8	-1.940000E-6	-2.000000E-8	0.000000E+0	0.000000E+0	1.964247E-4	2.976042E-9	0.000000E+0	0.000000E+0	1.999856E+1	0.000000E+0	8.000000E+0
21-Apr-25	03:01:58	-1.000000E-5	-1.900000E-4	-3.890650E-1	-1.143800E-5	-5.400000E-8	-1.940000E-6	-2.000000E-8	0.000000E+0	0.000000E+0	1.964247E-4	2.976042E-9	0.000000E+0	0.000000E+0	1.999856E+1	0.000000E+0	8.000000E+0
21-Apr-25	03:01:59	-1.000000E-5	-1.900000E-4	-3.906150E-1	-1.137600E-5	-5.800000E-8	-1.940000E-6	-2.000000E-8	0.000000E+0	0.000000E+0	1.964247E-4	2.976042E-9	0.000000E+0	0.000000E+0	1.999856E+1	0.000000E+0	8.000000E+0
21-Apr-25	03:01:59	-1.000000E-5	-1.900000E-4	-3.921650E-1	-1.142800E-5	-1.020000E-7	-1.940000E-6	-4.000000E-8	0.000000E+0	0.000000E+0	1.964247E-4	2.976042E-9	0.000000E+0	0.000000E+0	1.999856E+1	0.000000E+0	8.000000E+0
21-Apr-25	03:02:00	-1.000000E-5	-1.900000E-4	-3.937050E-1	-1.148600E-5	-3.600000E-8	-1.920000E-6	-4.000000E-8	0.000000E+0	0.000000E+0	1.964247E-4	2.976042E-9	0.000000E+0	0.000000E+0	1.999856E+1	0.000000E+0	8.000000E+0
21-Apr-25	03:02:00	-1.000000E-5	-1.900000E-4	-3.958850E-1	-1.139000E-5	-1.200000E-7	-1.940000E-6	-2.000000E-8	0.000000E+0	0.000000E+0	1.964247E-4	2.976042E-9	0.000000E+0	0.000000E+0	1.999856E+1	0.000000E+0	8.000000E+0
21-Apr-25	03:02:01	-1.000000E-5	-1.900000E-4	-3.982150E-1	-1.148600E-5	-4.200000E-8	-1.940000E-6	-2.000000E-8	0.000000E+0	0.000000E+0	1.964247E-4	2.976042E-9	0.000000E+0	0.000000E+0	1.999856E+1	0.000000E+0	8.000000E+0
21-Apr-25	03:02:02	-1.000000E-5	-1.900000E-4	-3.997500E-1	-1.144200E-5	-1.600000E-8	-1.940000E-6	-4.000000E-8	0.000000E+0	0.000000E+0	1.964247E-4	2.976042E-9	0.000000E+0	0.000000E+0	1.999856E+1	0.000000E+0	8.000000E+0
21-Apr-25	03:02:02	-1.000000E-5	-1.900000E-4	-4.014300E-1	-1.141000E-5	-5.200000E-8	-1.920000E-6	-2.000000E-8	0.000000E+0	0.000000E+0	1.964247E-4	2.976042E-9	0.000000E+0	0.000000E+0	1.999856E+1	0.000000E+0	8.000000E+0
21-Apr-25	03:02:03	-1.000000E-5	-1.900000E-4	-4.029550E-1	-1.153400E-5	-9.800000E-8	-1.920000E-6	-2.000000E-8	0.000000E+0	0.000000E+0	1.964247E-4	2.976042E-9	0.000000E+0	0.000000E+0	1.999856E+1	0.000000E+0	8.000000E+0
21-Apr-25	03:02:03	-1.000000E-5	-1.900000E-4	-4.046250E-1	-1.149200E-5	-1.340000E-7	-1.920000E-6	-2.000000E-8	0.000000E+0	0.000000E+0	1.964247E-4	2.976042E-9	0.000000E+0	0.000000E+0	1.999856E+1	0.000000E+0	8.000000E+0
21-Apr-25	03:02:04	-1.000000E-5	-1.900000E-4	-4.061450E-1	-1.147000E-5	-6.200000E-8	-1.920000E-6	-2.000000E-8	0.000000E+0	0.000000E+0	1.964247E-4	2.976042E-9	0.000000E+0	0.000000E+0	1.999856E+1	0.000000E+0	8.000000E+0
21-Apr-25	03:02:04	-1.000000E-5	-1.900000E-4	-4.076550E-1	-1.139200E-5	-1.280000E-7	-1.920000E-6	-2.000000E-8	0.000000E+0	0.000000E+0	1.964247E-4	2.976042E-9	0.000000E+0	0.000000E+0	1.999856E+1	0.000000E+0	8.000000E+0
21-Apr-25	03:02:05	-1.000000E-5	-1.900000E-4	-4.091700E-1	-1.145400E-5	-5.800000E-8	-1.940000E-6	-2.000000E-8	0.000000E+0	0.000000E+0	1.964247E-4	2.976042E-9	0.000000E+0	0.000000E+0	1.999856E+1	0.000000E+0	8.000000E+0
21-Apr-25	03:02:05	-1.000000E-5	-1.900000E-4	-4.106750E-1	-1.141600E-5	-1.000000E-8	-1.920000E-6	-2.000000E-8	0.000000E+0	0.000000E+0	1.964247E-4	2.976042E-9	0.000000E+0	0.000000E+0	1.999856E+1	0.000000E+0	8.000000E+0
21-Apr-25	03:02:06	-1.000000E-5	-1.900000E-4	-4.121850E-1	-1.142000E-5	-3.400000E-8	-1.940000E-6	-2.000000E-8	0.000000E+0	0.000000E+0	1.964247E-4	2.976042E-9	0.000000E+0	0.000000E+0	1.999856E+1	0.000000E+0	8.000000E+0
21-Apr-25	03:02:06	-1.000000E-5	-1.900000E-4	-4.136900E-1	-1.140600E-5	-3.800000E-8	-1.960000E-6	-2.000000E-8	0.000000E+0	0.000000E+0	1.964247E-4	2.976042E-9	0.000000E+0	0.000000E+0	1.999856E+1	0.000000E+0	8.000000E+0
21-Apr-25	03:02:07	-1.000000E-5	-1.900000E-4	-4.151900E-1	-1.146400E-5	-7.400000E-8	-1.960000E-6	-2.000000E-8	0.000000E+0	0.000000E+0	1.964247E-4	2.976042E-9	0.000000E+0	0.000000E+0	1.999856E+1	0.000000E+0	8.000000E+0
21-Apr-25	03:02:07	-1.000000E-5	-1.900000E-4	-4.166850E-1	-1.141200E-5	1.000000E-8	-1.960000E-6	0.000000E+0	0.000000E+0	0.000000E+0	1.964247E-4	2.976042E-9	0.000000E+0	0.000000E+0	1.999856E+1	0.000000E+0	8.000000E+0
21-Apr-25	03:02:08	-1.000000E-5	-1.900000E-4	-4.181800E-1	-1.142000E-5	-2.800000E-8	-1.940000E-6	-2.000000E-8	0.000000E+0	0.000000E+0	1.964247E-4	2.976042E-9	0.000000E+0	0.000000E+0	1.999856E+1	0.000000E+0	8.000000E+0
21-Apr-25	03:02:08	-1.000000E-5	-1.900000E-4	-4.196700E-1	-1.147000E-5	-4.000000E-8	-1.940000E-6	-2.000000E-8	0.000000E+0	0.000000E+0	1.964247E-4	2.976042E-9	0.000000E+0	0.000000E+0	1.999856E+1	0.000000E+0	8.000000E+0
21-Apr-25	03:02:09	-1.000000E-5	-1.900000E-4	-4.211850E-1	-1.148000E-5	-7.000000E-8	-1.940000E-6	-2.000000E-8	0.000000E+0	0.000000E+0	1.964247E-4	2.976042E-9	0.000000E+0	0.000000E+0	1.999856E+1	0.000000E+0	8.000000E+0
21-Apr-25	03:02:09	-1.000000E-5	-1.900000E-4	-4.229900E-1	-1.149200E-5	-1.420000E-7	-1.940000E-6	0.000000E+0	0.000000E+0	0.000000E+0	1.964247E-4	2.976042E-9	0.000000E+0	0.000000E+0	1.999856E+1	0.000000E+0	8.000000E+0
21-Apr-25	03:02:10	-1.000000E-5	-1.900000E-4	-4.244700E-1	-1.147200E-5	-1.300000E-7	-1.920000E-6	-2.000000E-8	0.000000E+0	0.000000E+0	1.964247E-4	2.976042E-9	0.000000E+0	0.000000E+0	1.999856E+1	0.000000E+0	8.000000E+0
21-Apr-25	03:02:10	-1.000000E-5	-1.900000E-4	-4.259500E-1	-1.147400E-5	-2.000000E-9	-1.940000E-6	-2.000000E-8	0.000000E+0	0.000000E+0	1.964247E-4	2.976042E-9	0.000000E+0	0.000000E+0	1.999856E+1	0.000000E+0	8.000000E+0
21-Apr-25	03:02:11	-1.000000E-5	-1.900000E-4	-4.275700E-1	-1.142000E-5	1.800000E-8	-1.960000E-6	-2.000000E-8	0.000000E+0	0.000000E+0	1.964247E-4	2.976042E-9	0.000000E+0	0.000000E+0	1.999856E+1	0.000000E+0	8.000000E+0
21-Apr-25	03:02:11	-1.000000E-5	-1.900000E-4	-4.293300E-1	-1.133400E-5	-6.000000E-8	-1.940000E-6	-4.000000E-8	0.000000E+0	0.000000E+0	1.964247E-4	2.976042E-9	0.000000E+0	0.000000E+0	1.999856E+1	0.000000E+0	8.000000E+0
21-Apr-25	03:02:12	-1.000000E-5	-1.900000E-4	-4.308000E-1	-1.141000E-5	-1.060000E-7	-1.940000E-6	-2.000000E-8	0.000000E+0	0.000000E+0	1.964247E-4	2.976042E-9	0.000000E+0	0.000000E+0	1.999856E+1	0.000000E+0	8.000000E+0
21-Apr-25	03:02:12	-1.000000E-5	-1.900000E-4	-4.322600E-1	-1.135800E-5	-1.940000E-7	-1.940000E-6	-2.000000E-8	0.000000E+0	0.000000E+0	1.964247E-4	2.976042E-9	0.000000E+0	0.000000E+0	1.999856E+1	0.000000E+0	8.000000E+0
21-Apr-25	03:02:13	-1.000000E-5	-1.900000E-4	-4.335800E-1	-1.137000E-5	-1.520000E-7	-1.940000E-6	-4.000000E-8	0.000000E+0	0.000000E+0	1.964247E-4	2.976042E-9	0.000000E+0	0.000000E+0	1.999856E+1	0.000000E+0	8.000000E+0
21-Apr-25	03:02:13	-1.000000E-5	-1.900000E-4	-4.350350E-1	-1.136800E-5	-1.020000E-7	-1.940000E-6	-2.000000E-8	0.000000E+0	0.000000E+0	1.964247E-4	2.976042E-9	0.000000E+0	0.000000E+0	1.999856E+1	0.000000E+0	8.000000E+0
21-Apr-25	03:02:14	-1.000000E-5	-1.900000E-4	-4.364900E-1	-1.146800E-5	-1.800000E-8	-1.940000E-6	-2.000000E-8	0.000000E+0	0.000000E+0	1.964247E-4	2.976042E-9	0.000000E+0	0.000000E+0	1.999856E+1	0.000000E+0	8.000000E+0
21-Apr-25	03:02:15	-1.000000E-5	-1.900000E-4	-4.379400E-1	-1.134400E-5	0.000000E+0	-1.940000E-6	0.000000E+0	0.000000E+0	0.000000E+0	1.964247E-4	2.976042E-9	0.000000E+0	0.000000E+0	1.999856E+1	0.000000E+0	8.000000E+0
21-Apr-25	03:02:15	-1.000000E-5	-1.900000E-4	-4.401400E-1	-1.143200E-5	-8.600000E-8	-1.940000E-6	-2.000000E-8	0.000000E+0	0.000000E+0	1.964247E-4	2.976042E-9	0.000000E+0	0.000000E+0	1.999856E+1	0.000000E+0	8.000000E+0
21-Apr-25	03:02:16	-1.000000E-5	-1.900000E-4	-4.417600E-1	-1.137000E-5	-4.600000E-8	-1.940000E-6	-2.000000E-8	0.000000E+0	0.000000E+0	1.964247E-4	2.976042E-9	0.000000E+0	0.000000E+0	1.999856E+1	0.000000E+0	8.000000E+0
21-Apr-25	03:02:16	-1.000000E-5	-1.900000E-4	-4.431950E-1	-1.134200E-5	-1.400000E-7	-1.940000E-6	-2.000000E-8	0.000000E+0	0.000000E+0	1.964247E-4	2.976042E-9	0.000000E+0	0.000000E+0	1.999856E+1	0.000000E+0	8.000000E+0
21-Apr-25	03:02:17	-1.000000E-5	-1.900000E-4	-4.444950E-1	-1.134000E-5	-9.200000E-8	-1.940000E-6	-2.000000E-8	0.000000E+0	0.000000E+0	1.964247E-4	2.976042E-9	0.000000E+0	0.000000E+0	1.999856E+1	0.000000E+0	8.000000E+0
21-Apr-25	03:02:17	-1.000000E-5	-1.900000E-4	-4.459350E-1	-1.140600E-5	-7.200000E-8	-1.920000E-6	-4.000000E-8	0.000000E+0	0.000000E+0	1.964247E-4	2.976042E-9	0.000000E+0	0.000000E+0	1.999856E+1	0.000000E+0	8.000000E+0
21-Apr-25	03:02:18	-1.000000E-5	-1.900000E-4	-4.473650E-1	-1.139600E-5	-1.100000E-7	-1.940000E-6	-2.000000E-8	0.000000E+0	0.000000E+0	1.964247E-4	2.976042E-9	0.000000E+0	0.000000E+0	1.999856E+1	0.000000E+0	8.000000E+0
21-Apr-25	03:02:18	-1.000000E-5	-1.900000E-4	-4.487950E-1	-1.145600E-5	-1.600000E-8	-1.940000E-6	-2.000000E-8	0.000000E+0	0.000000E+0	1.964247E-4	2.976042E-9	0.000000E+0	0.000000E+0	1.999856E+1	0.000000E+0	8.000000E+0
21-Apr-25	03:02:19	-1.000000E-5	-1.900000E-4	-4.502200E-1	-1.140600E-5	-8.200000E-8	-1.940000E-6	-2.000000E-8	0.000000E+0	0.000000E+0	1.964247E-4	2.976042E-9	0.000000E+0	0.000000E+0	1.999856E+1	0.000000E+0	8.000000E+0
21-Apr-25	03:02:19	-1.000000E-5	-1.900000E-4	-4.516450E-1	-1.131800E-5	1.000000E-8	-1.940000E-6	-2.000000E-8	0.000000E+0	0.000000E+0	1.964247E-4	2.976042E-9	0.000000E+0	0.000000E+0	1.999856E+1	0.000000E+0	8.000000E+0
21-Apr-25	03:02:20	-1.000000E-5	-1.900000E-4	-4.529250E-1	-1.141600E-5	-1.400000E-8	-1.920000E-6	0.000000E+0	0.000000E+0	0.000000E+0	1.964247E-4	2.976042E-9	0.000000E+0	0.000000E+0	1.999856E+1	0.000000E+0	8.000000E+0
21-Apr-25	03:02:20	-1.000000E-5	-1.900000E-4	-4.543400E-1	-1.146800E-5	-1.480000E-7	-1.920000E-6	-2.000000E-8	0.000000E+0	0.000000E+0	1.964247E-4	2.976042E-9	0.000000E+0	0.000000E+0	1.999856E+1	0.000000E+0	8.000000E+0
21-Apr-25	03:02:21	-1.000000E-5	-1.900000E-4	-4.557550E-1	-1.145400E-5	-8.000000E-8	-1.920000E-6	-2.000000E-8	0.000000E+0	0.000000E+0	1.964247E-4	2.976042E-9	0.000000E+0	0.000000E+0	1.999856E+1	0.000000E+0	8.000000E+0
21-Apr-25	03:02:21	-1.000000E-5	-1.900000E-4	-4.571500E-1	-1.137000E-5	-5.800000E-8	-1.920000E-6	-2.000000E-8	0.000000E+0	0.000000E+0	1.964247E-4	2.976042E-9	0.000000E+0	0.000000E+0	1.999856E+1	0.000000E+0	8.000000E+0
21-Apr-25	03:02:22	-1.000000E-5	-1.900000E-4	-4.592850E-1	-1.140200E-5	4.000000E-9	-1.920000E-6	-4.000000E-8	0.000000E+0	0.000000E+0	1.964247E-4	2.976042E-9	0.000000E+0	0.000000E+0	1.999856E+1	0.000000E+0	8.000000E+0
21-Apr-25	03:02:22	-1.000000E-5	-1.900000E-4	-4.608300E-1	-1.143600E-5	1.000000E-8	-1.900000E-6	-2.000000E-8	0.000000E+0	0.000000E+0	1.964247E-4	2.976042E-9	0.000000E+0	0.000000E+0	1.999856E+1	0.000000E+0	8.000000E+0
21-Apr-25	03:02:23	-1.000000E-5	-1.900000E-4	-4.622300E-1	-1.141800E-5	2.000000E-9	-1.900000E-6	-2.000000E-8	0.000000E+0	0.000000E+0	1.964247E-4	2.976042E-9	0.000000E+0	0.000000E+0	1.999856E+1	0.000000E+0	8.000000E+0
21-Apr-25	03:02:23	-1.000000E-5	-1.900000E-4	-4.636300E-1	-1.140800E-5	-6.400000E-8	-1.920000E-6	-2.000000E-8	0.000000E+0	0.000000E+0	1.964247E-4	2.976042E-9	0.000000E+0	0.000000E+0	1.999856E+1	0.000000E+0	8.000000E+0
21-Apr-25	03:02:24	-1.000000E-5	-1.900000E-4	-4.650300E-1	-1.150000E-5	-1.240000E-7	-1.920000E-6	-2.000000E-8	0.000000E+0	0.000000E+0	1.964247E-4	2.976042E-9	0.000000E+0	0.000000E+0	1.999856E+1	0.000000E+0	8.000000E+0
21-Apr-25	03:02:24	-1.000000E-5	-1.900000E-4	-4.667050E-1	-1.145000E-5	-1.700000E-7	-1.920000E-6	-2.000000E-8	0.000000E+0	0.000000E+0	1.964247E-4	2.976042E-9	0.000000E+0	0.000000E+0	1.999856E+1	0.000000E+0	8.000000E+0
21-Apr-25	03:02:25	-1.000000E-5	-1.900000E-4	-4.680950E-1	-1.146200E-5	-1.460000E-7	-1.920000E-6	-2.000000E-8	0.000000E+0	0.000000E+0	1.964247E-4	2.976042E-9	0.000000E+0	0.000000E+0	1.999856E+1	0.000000E+0	8.000000E+0
21-Apr-25	03:02:25	-1.000000E-5	-1.900000E-4	-4.694750E-1	-1.137600E-5	-6.600000E-8	-1.920000E-6	-2.000000E-8	0.000000E+0	0.000000E+0	1.964247E-4	2.976042E-9	0.000000E+0	0.000000E+0	1.999856E+1	0.000000E+0	8.000000E+0
21-Apr-25	03:02:26	-1.000000E-5	-1.900000E-4	-4.708650E-1	-1.149200E-5	-9.000000E-8	-1.920000E-6	-2.000000E-8	0.000000E+0	0.000000E+0	1.964247E-4	2.976042E-9	0.000000E+0	0.000000E+0	1.999856E+1	0.000000E+0	8.000000E+0
21-Apr-25	03:02:26	-1.000000E-5	-1.900000E-4	-4.722450E-1	-1.152200E-5	-1.200000E-8	-1.900000E-6	-2.000000E-8	0.000000E+0	0.000000E+0	1.964247E-4	2.976042E-9	0.000000E+0	0.000000E+0	1.999856E+1	0.000000E+0	8.000000E+0
21-Apr-25	03:02:27	-1.000000E-5	-1.900000E-4	-4.736200E-1	-1.147200E-5	-5.400000E-8	-1.920000E-6	-2.000000E-8	0.000000E+0	0.000000E+0	1.964247E-4	2.976042E-9	0.000000E+0	0.000000E+0	1.999856E+1	0.000000E+0	8.000000E+0
21-Apr-25	03:02:27	-1.000000E-5	-1.900000E-4	-4.750000E-1	-1.128800E-5	-5.600000E-8	-1.940000E-6	-2.000000E-8	0.000000E+0	0.000000E+0	1.964247E-4	2.976042E-9	0.000000E+0	0.000000E+0	1.999856E+1	0.000000E+0	8.000000E+0
21-Apr-25	03:02:28	-1.000000E-5	-1.900000E-4	-4.763700E-1	-1.130200E-5	-8.400000E-8	-1.920000E-6	-2.000000E-8	0.000000E+0	0.000000E+0	1.964247E-4	2.976042E-9	0.000000E+0	0.000000E+0	1.999856E+1	0.000000E+0	8.000000E+0
21-Apr-25	03:02:29	-1.000000E-5	-1.900000E-4	-4.777400E-1	-1.133600E-5	-7.000000E-8	-1.920000E-6	-2.000000E-8	0.000000E+0	0.000000E+0	1.964247E-4	2.976042E-9	0.000000E+0	0.000000E+0	1.999856E+1	0.000000E+0	8.000000E+0
21-Apr-25	03:02:29	-1.000000E-5	-1.900000E-4	-4.792450E-1	-1.131400E-5	-7.600000E-8	-1.920000E-6	-4.000000E-8	0.000000E+0	0.000000E+0	1.964247E-4	2.976042E-9	0.000000E+0	0.000000E+0	1.999856E+1	0.000000E+0	8.000000E+0
21-Apr-25	03:02:30	-1.000000E-5	-1.900000E-4	-4.810350E-1	-1.145000E-5	2.200000E-8	-1.900000E-6	0.000000E+0	0.000000E+0	0.000000E+0	1.964247E-4	2.976042E-9	0.000000E+0	0.000000E+0	1.999856E+1	0.000000E+0	8.000000E+0
21-Apr-25	03:02:30	-1.000000E-5	-1.900000E-4	-4.823750E-1	-1.141000E-5	-2.800000E-8	-1.920000E-6	0.000000E+0	0.000000E+0	0.000000E+0	1.964247E-4	2.976042E-9	0.000000E+0	0.000000E+0	1.999856E+1	0.000000E+0	8.000000E+0
21-Apr-25	03:02:31	-1.000000E-5	-1.900000E-4	-4.835950E-1	-1.141400E-5	-1.040000E-7	-1.920000E-6	-2.000000E-8	0.000000E+0	0.000000E+0	1.964247E-4	2.976042E-9	0.000000E+0	0.000000E+0	1.999856E+1	0.000000E+0	8.000000E+0
21-Apr-25	03:02:31	-1.000000E-5	-1.900000E-4	-4.849550E-1	-1.148800E-5	-2.160000E-7	-1.900000E-6	-4.000000E-8	0.000000E+0	0.000000E+0	1.964247E-4	2.976042E-9	0.000000E+0	0.000000E+0	1.999856E+1	0.000000E+0	8.000000E+0
21-Apr-25	03:02:32	-1.000000E-5	-1.900000E-4	-4.864800E-1	-1.136000E-5	-1.140000E-7	-1.900000E-6	-4.000000E-8	0.000000E+0	0.000000E+0	1.964247E-4	2.976042E-9	0.000000E+0	0.000000E+0	1.999856E+1	0.000000E+0	8.000000E+0
21-Apr-25	03:02:32	-1.000000E-5	-1.900000E-4	-4.878300E-1	-1.135600E-5	-6.000000E-8	-1.920000E-6	-2.000000E-8	0.000000E+0	0.000000E+0	1.964247E-4	2.976042E-9	0.000000E+0	0.000000E+0	1.999856E+1	0.000000E+0	8.000000E+0
21-Apr-25	03:02:33	-1.000000E-5	-1.900000E-4	-4.891800E-1	-1.143600E-5	-6.000000E-9	-1.920000E-6	-4.000000E-8	0.000000E+0	0.000000E+0	1.964247E-4	2.976042E-9	0.000000E+0	0.000000E+0	1.999856E+1	0.000000E+0	8.000000E+0
21-Apr-25	03:02:33	-1.000000E-5	-1.900000E-4	-4.906550E-1	-1.137000E-5	-1.000000E-7	-1.920000E-6	-2.000000E-8	0.000000E+0	0.000000E+0	1.964247E-4	2.976042E-9	0.000000E+0	0.000000E+0	1.999856E+1	0.000000E+0	8.000000E+0
21-Apr-25	03:02:34	-1.000000E-5	-1.900000E-4	-4.922650E-1	-1.140200E-5	-1.680000E-7	-1.920000E-6	0.000000E+0	0.000000E+0	0.000000E+0	1.964247E-4	2.976042E-9	0.000000E+0	0.000000E+0	1.999856E+1	0.000000E+0	8.000000E+0
21-Apr-25	03:02:34	-1.000000E-5	-1.900000E-4	-4.936000E-1	-1.141600E-5	-1.480000E-7	-1.920000E-6	0.000000E+0	0.000000E+0	0.000000E+0	1.964247E-4	2.976042E-9	0.000000E+0	0.000000E+0	1.999856E+1	0.000000E+0	8.000000E+0
21-Apr-25	03:02:35	-1.000000E-5	-1.900000E-4	-4.949400E-1	-1.150800E-5	-9.800000E-8	-1.920000E-6	0.000000E+0	0.000000E+0	0.000000E+0	1.964247E-4	2.976042E-9	0.000000E+0	0.000000E+0	1.999856E+1	0.000000E+0	8.000000E+0
21-Apr-25	03:02:35	-1.000000E-5	-1.900000E-4	-4.962700E-1	-1.147400E-5	-1.300000E-7	-1.900000E-6	-2.000000E-8	0.000000E+0	0.000000E+0	1.964247E-4	2.976042E-9	0.000000E+0	0.000000E+0	1.999856E+1	0.000000E+0	8.000000E+0
21-Apr-25	03:02:36	-1.000000E-5	-1.900000E-4	-4.976000E-1	-1.144200E-5	-8.000000E-8	-1.900000E-6	-2.000000E-8	0.000000E+0	0.000000E+0	1.964247E-4	2.976042E-9	0.000000E+0	0.000000E+0	1.999856E+1	0.000000E+0	8.000000E+0
21-Apr-25	03:02:37	-1.000000E-5	-1.900000E-4	-4.989250E-1	-1.146600E-5	-1.340000E-7	-1.900000E-6	0.000000E+0	0.000000E+0	0.000000E+0	1.964247E-4	2.976042E-9	0.000000E+0	0.000000E+0	1.999856E+1	0.000000E+0	8.000000E+0
21-Apr-25	03:02:37	-1.000000E-5	-1.900000E-4	-5.006450E-1	-1.139800E-5	-1.560000E-7	-1.900000E-6	-2.000000E-8	0.000000E+0	0.000000E+0	1.964247E-4	2.976042E-9	0.000000E+0	0.000000E+0	1.999856E+1	0.000000E+0	8.000000E+0
21-Apr-25	03:02:38	-1.000000E-5	-1.900000E-4	-5.019650E-1	-1.140800E-5	-4.800000E-8	-1.880000E-6	-2.000000E-8	0.000000E+0	0.000000E+0	1.964247E-4	2.976042E-9	0.000000E+0	0.000000E+0	1.999856E+1	0.000000E+0	8.000000E+0
21-Apr-25	03:02:38	-1.000000E-5	-1.900000E-4	-5.037200E-1	-1.149200E-5	-9.000000E-8	-1.900000E-6	-2.000000E-8	0.000000E+0	0.000000E+0	1.964247E-4	2.976042E-9	0.000000E+0	0.000000E+0	1.999856E+1	0.000000E+0	8.000000E+0
21-Apr-25	03:02:39	-1.000000E-5	-1.900000E-4	-5.050350E-1	-1.158600E-5	-9.600000E-8	-1.880000E-6	-2.000000E-8	0.000000E+0	0.000000E+0	1.964247E-4	2.976042E-9	0.000000E+0	0.000000E+0	1.999856E+1	0.000000E+0	8.000000E+0
21-Apr-25	03:02:39	-1.000000E-5	-1.900000E-4	-5.063450E-1	-1.143200E-5	-5.000000E-8	-1.880000E-6	-2.000000E-8	0.000000E+0	0.000000E+0	1.964247E-4	2.976042E-9	0.000000E+0	0.000000E+0	1.999856E+1	0.000000E+0	8.000000E+0
21-Apr-25	03:02:40	-1.000000E-5	-1.900000E-4	-5.077850E-1	-1.157800E-5	-1.100000E-7	-1.920000E-6	-2.000000E-8	0.000000E+0	0.000000E+0	1.964247E-4	2.976042E-9	0.000000E+0	0.000000E+0	1.999856E+1	0.000000E+0	8.000000E+0
21-Apr-25	03:02:40	-1.000000E-5	-1.900000E-4	-5.090900E-1	-1.158400E-5	-1.620000E-7	-1.920000E-6	-2.000000E-8	0.000000E+0	0.000000E+0	1.964247E-4	2.976042E-9	0.000000E+0	0.000000E+0	1.999856E+1	0.000000E+0	8.000000E+0
21-Apr-25	03:02:41	-1.000000E-5	-1.900000E-4	-5.102600E-1	-1.138400E-5	-7.200000E-8	-1.900000E-6	-2.000000E-8	0.000000E+0	0.000000E+0	1.964247E-4	2.976042E-9	0.000000E+0	0.000000E+0	1.999856E+1	0.000000E+0	8.000000E+0
21-Apr-25	03:02:41	-1.000000E-5	-1.900000E-4	-5.115600E-1	-1.133800E-5	-9.800000E-8	-1.900000E-6	-2.000000E-8	0.000000E+0	0.000000E+0	1.964247E-4	2.976042E-9	0.000000E+0	0.000000E+0	1.999856E+1	0.000000E+0	8.000000E+0
21-Apr-25	03:02:42	-1.000000E-5	-1.900000E-4	-5.128550E-1	-1.141000E-5	-1.080000E-7	-1.880000E-6	-2.000000E-8	0.000000E+0	0.000000E+0	1.964247E-4	2.976042E-9	0.000000E+0	0.000000E+0	1.999856E+1	0.000000E+0	8.000000E+0
21-Apr-25	03:02:42	-1.000000E-5	-1.900000E-4	-5.141500E-1	-1.141600E-5	-2.200000E-8	-1.900000E-6	-2.000000E-8	0.000000E+0	0.000000E+0	1.964247E-4	2.976042E-9	0.000000E+0	0.000000E+0	1.999856E+1	0.000000E+0	8.000000E+0
21-Apr-25	03:02:43	-1.000000E-5	-1.900000E-4	-5.154400E-1	-1.144200E-5	5.000000E-8	-1.900000E-6	-2.000000E-8	0.000000E+0	0.000000E+0	1.964247E-4	2.976042E-9	0.000000E+0	0.000000E+0	1.999856E+1	0.000000E+0	8.000000E+0
21-Apr-25	03:02:43	-1.000000E-5	-1.900000E-4	-5.168550E-1	-1.150000E-5	-1.120000E-7	-1.880000E-6	-2.000000E-8	0.000000E+0	0.000000E+0	1.964247E-4	2.976042E-9	0.000000E+0	0.000000E+0	1.999856E+1	0.000000E+0	8.000000E+0
21-Apr-25	03:02:44	-1.000000E-5	-1.900000E-4	-5.181450E-1	-1.136400E-5	-1.400000E-7	-1.880000E-6	-2.000000E-8	0.000000E+0	0.000000E+0	1.964247E-4	2.976042E-9	0.000000E+0	0.000000E+0	1.999856E+1	0.000000E+0	8.000000E+0
21-Apr-25	03:02:44	-1.000000E-5	-1.900000E-4	-5.194250E-1	-1.132600E-5	-3.600000E-8	-1.880000E-6	-2.000000E-8	0.000000E+0	0.000000E+0	1.964247E-4	2.976042E-9	0.000000E+0	0.000000E+0	1.999856E+1	0.000000E+0	8.000000E+0
21-Apr-25	03:02:45	-1.000000E-5	-1.900000E-4	-5.207100E-1	-1.144800E-5	-8.000000E-9	-1.880000E-6	-2.000000E-8	0.000000E+0	0.000000E+0	1.964247E-4	2.976042E-9	0.000000E+0	0.000000E+0	1.999856E+1	0.000000E+0	8.000000E+0
21-Apr-25	03:02:45	-1.000000E-5	-1.900000E-4	-5.219850E-1	-1.155600E-5	-3.800000E-8	-1.880000E-6	-4.000000E-8	0.000000E+0	0.000000E+0	1.964247E-4	2.976042E-9	0.000000E+0	0.000000E+0	1.999856E+1	0.000000E+0	8.000000E+0
21-Apr-25	03:02:46	-1.000000E-5	-1.900000E-4	-5.232600E-1	-1.145400E-5	-9.000000E-8	-1.880000E-6	-4.000000E-8	0.000000E+0	0.000000E+0	1.964247E-4	2.976042E-9	0.000000E+0	0.000000E+0	1.999856E+1	0.000000E+0	8.000000E+0
21-Apr-25	03:02:46	-1.000000E-5	-1.900000E-4	-5.245350E-1	-1.147000E-5	-7.000000E-8	-1.880000E-6	-2.000000E-8	0.000000E+0	0.000000E+0	1.964247E-4	2.976042E-9	0.000000E+0	0.000000E+0	1.999856E+1	0.000000E+0	8.000000E+0
21-Apr-25	03:02:47	-1.000000E-5	-1.900000E-4	-5.258050E-1	-1.147800E-5	1.400000E-8	-1.880000E-6	-2.000000E-8	0.000000E+0	0.000000E+0	1.964247E-4	2.976042E-9	0.000000E+0	0.000000E+0	1.999856E+1	0.000000E+0	8.000000E+0
21-Apr-25	03:02:47	-1.000000E-5	-1.900000E-4	-5.272000E-1	-1.145000E-5	-7.400000E-8	-1.860000E-6	-2.000000E-8	0.000000E+0	0.000000E+0	1.964247E-4	2.976042E-9	0.000000E+0	0.000000E+0	1.999856E+1	0.000000E+0	8.000000E+0
21-Apr-25	03:02:48	-1.000000E-5	-1.900000E-4	-5.284600E-1	-1.141400E-5	-1.200000E-8	-1.860000E-6	-2.000000E-8	0.000000E+0	0.000000E+0	1.964247E-4	2.976042E-9	0.000000E+0	0.000000E+0	1.999856E+1	0.000000E+0	8.000000E+0
21-Apr-25	03:02:48	-1.000000E-5	-1.900000E-4	-5.297300E-1	-1.140400E-5	-9.600000E-8	-1.880000E-6	-4.000000E-8	0.000000E+0	0.000000E+0	1.964247E-4	2.976042E-9	0.000000E+0	0.000000E+0	1.999856E+1	0.000000E+0	8.000000E+0
21-Apr-25	03:02:49	-1.000000E-5	-1.900000E-4	-5.309900E-1	-1.138400E-5	-1.080000E-7	-1.880000E-6	-2.000000E-8	0.000000E+0	0.000000E+0	1.964247E-4	2.976042E-9	0.000000E+0	0.000000E+0	1.999856E+1	0.000000E+0	8.000000E+0
21-Apr-25	03:02:49	-1.000000E-5	-1.900000E-4	-5.323700E-1	-1.144400E-5	-8.200000E-8	-1.900000E-6	-2.000000E-8	0.000000E+0	0.000000E+0	1.964247E-4	2.976042E-9	0.000000E+0	0.000000E+0	1.999856E+1	0.000000E+0	8.000000E+0
21-Apr-25	03:02:50	-1.000000E-5	-1.900000E-4	-5.336200E-1	-1.142000E-5	-5.800000E-8	-1.900000E-6	-4.000000E-8	0.000000E+0	0.000000E+0	1.964247E-4	2.976042E-9	0.000000E+0	0.000000E+0	1.999856E+1	0.000000E+0	8.000000E+0
21-Apr-25	03:02:50	-1.000000E-5	-1.900000E-4	-5.348700E-1	-1.145400E-5	-2.600000E-8	-1.860000E-6	-4.000000E-8	0.000000E+0	0.000000E+0	1.964247E-4	2.976042E-9	0.000000E+0	0.000000E+0	1.999856E+1	0.000000E+0	8.000000E+0
21-Apr-25	03:02:51	-1.000000E-5	-1.900000E-4	-5.361200E-1	-1.146200E-5	-2.400000E-8	-1.860000E-6	-2.000000E-8	0.000000E+0	0.000000E+0	1.964247E-4	2.976042E-9	0.000000E+0	0.000000E+0	1.999856E+1	0.000000E+0	8.000000E+0
21-Apr-25	03:02:51	-1.000000E-5	-1.900000E-4	-5.373700E-1	-1.141800E-5	1.200000E-8	-1.880000E-6	-2.000000E-8	0.000000E+0	0.000000E+0	1.964247E-4	2.976042E-9	0.000000E+0	0.000000E+0	1.999856E+1	0.000000E+0	8.000000E+0
21-Apr-25	03:02:52	-1.000000E-5	-1.900000E-4	-5.386150E-1	-1.150400E-5	-2.200000E-8	-1.860000E-6	-2.000000E-8	0.000000E+0	0.000000E+0	1.964247E-4	2.976042E-9	0.000000E+0	0.000000E+0	1.999856E+1	0.000000E+0	8.000000E+0
21-Apr-25	03:02:52	-1.000000E-5	-1.900000E-4	-5.399800E-1	-1.149000E-5	-8.200000E-8	-1.880000E-6	-2.000000E-8	0.000000E+0	0.000000E+0	1.964247E-4	2.976042E-9	0.000000E+0	0.000000E+0	1.999856E+1	0.000000E+0	8.000000E+0
21-Apr-25	03:02:53	-1.000000E-5	-1.900000E-4	-5.412100E-1	-1.143400E-5	-8.000000E-8	-1.860000E-6	0.000000E+0	0.000000E+0	0.000000E+0	1.964247E-4	2.976042E-9	0.000000E+0	0.000000E+0	1.999856E+1	0.000000E+0	8.000000E+0
21-Apr-25	03:02:53	-1.000000E-5	-1.900000E-4	-5.424500E-1	-1.141000E-5	-1.800000E-8	-1.860000E-6	0.000000E+0	0.000000E+0	0.000000E+0	1.964247E-4	2.976042E-9	0.000000E+0	0.000000E+0	1.999856E+1	0.000000E+0	8.000000E+0
21-Apr-25	03:02:54	-1.000000E-5	-1.900000E-4	-5.436900E-1	-1.147200E-5	-6.000000E-8	-1.860000E-6	0.000000E+0	0.000000E+0	0.000000E+0	1.964247E-4	2.976042E-9	0.000000E+0	0.000000E+0	1.999856E+1	0.000000E+0	8.000000E+0
21-Apr-25	03:02:55	-1.000000E-5	-1.900000E-4	-5.449100E-1	-1.146600E-5	-1.800000E-8	-1.860000E-6	0.000000E+0	0.000000E+0	0.000000E+0	1.964247E-4	2.976042E-9	0.000000E+0	0.000000E+0	1.999856E+1	0.000000E+0	8.000000E+0
21-Apr-25	03:02:55	-1.000000E-5	-1.900000E-4	-5.466750E-1	-1.143800E-5	-1.260000E-7	-1.880000E-6	0.000000E+0	0.000000E+0	0.000000E+0	1.964247E-4	2.976042E-9	0.000000E+0	0.000000E+0	1.999856E+1	0.000000E+0	8.000000E+0
21-Apr-25	03:02:56	-1.000000E-5	-1.900000E-4	-5.482650E-1	-1.145200E-5	-7.200000E-8	-1.880000E-6	-2.000000E-8	0.000000E+0	0.000000E+0	1.964247E-4	2.976042E-9	0.000000E+0	0.000000E+0	1.999856E+1	0.000000E+0	8.000000E+0
21-Apr-25	03:02:56	-1.000000E-5	-1.900000E-4	-5.496050E-1	-1.149200E-5	-5.600000E-8	-1.860000E-6	-4.000000E-8	0.000000E+0	0.000000E+0	1.964247E-4	2.976042E-9	0.000000E+0	0.000000E+0	1.999856E+1	0.000000E+0	8.000000E+0
21-Apr-25	03:02:57	-1.000000E-5	-1.900000E-4	-5.509450E-1	-1.153400E-5	3.400000E-8	-1.860000E-6	-2.000000E-8	0.000000E+0	0.000000E+0	1.964247E-4	2.976042E-9	0.000000E+0	0.000000E+0	1.999856E+1	0.000000E+0	8.000000E+0
21-Apr-25	03:02:57	-1.000000E-5	-1.900000E-4	-5.521650E-1	-1.164200E-5	-1.260000E-7	-1.840000E-6	-2.000000E-8	0.000000E+0	0.000000E+0	1.964247E-4	2.976042E-9	0.000000E+0	0.000000E+0	1.999856E+1	0.000000E+0	8.000000E+0
21-Apr-25	03:02:58	-1.000000E-5	-1.900000E-4	-5.534950E-1	-1.154000E-5	-1.780000E-7	-1.860000E-6	-2.000000E-8	0.000000E+0	0.000000E+0	1.964247E-4	2.976042E-9	0.000000E+0	0.000000E+0	1.999856E+1	0.000000E+0	8.000000E+0
21-Apr-25	03:02:58	-1.000000E-5	-1.900000E-4	-5.547050E-1	-1.156200E-5	-1.060000E-7	-1.860000E-6	-2.000000E-8	0.000000E+0	0.000000E+0	1.964247E-4	2.976042E-9	0.000000E+0	0.000000E+0	1.999856E+1	0.000000E+0	8.000000E+0
21-Apr-25	03:02:59	-1.000000E-5	-1.900000E-4	-5.559150E-1	-1.149200E-5	-1.160000E-7	-1.860000E-6	-2.000000E-8	0.000000E+0	0.000000E+0	1.964247E-4	2.976042E-9	0.000000E+0	0.000000E+0	1.999856E+1	0.000000E+0	8.000000E+0
21-Apr-25	03:03:00	-1.000000E-5	-1.900000E-4	-5.574000E-1	-1.140200E-5	-1.140000E-7	-1.840000E-6	-2.000000E-8	0.000000E+0	0.000000E+0	1.964247E-4	2.976042E-9	0.000000E+0	0.000000E+0	1.999856E+1	0.000000E+0	8.000000E+0
21-Apr-25	03:03:00	-1.000000E-5	-1.900000E-4	-5.586000E-1	-1.138800E-5	-7.200000E-8	-1.840000E-6	-2.000000E-8	0.000000E+0	0.000000E+0	1.964247E-4	2.976042E-9	0.000000E+0	0.000000E+0	1.999856E+1	0.000000E+0	8.000000E+0
21-Apr-25	03:03:01	-1.000000E-5	-1.900000E-4	-5.599200E-1	-1.141600E-5	-1.160000E-7	-1.840000E-6	-4.000000E-8	0.000000E+0	0.000000E+0	1.964247E-4	2.976042E-9	0.000000E+0	0.000000E+0	1.999856E+1	0.000000E+0	8.000000E+0
21-Apr-25	03:03:01	-1.000000E-5	-1.900000E-4	-5.611150E-1	-1.157800E-5	-2.200000E-8	-1.840000E-6	-2.000000E-8	0.000000E+0	0.000000E+0	1.964247E-4	2.976042E-9	0.000000E+0	0.000000E+0	1.999856E+1	0.000000E+0	8.000000E+0
21-Apr-25	03:03:02	-1.000000E-5	-1.900000E-4	-5.623100E-1	-1.160200E-5	-9.600000E-8	-1.780000E-6	-2.000000E-8	0.000000E+0	0.000000E+0	1.964247E-4	2.976042E-9	0.000000E+0	0.000000E+0	1.999856E+1	0.000000E+0	8.000000E+0
21-Apr-25	03:03:02	-1.000000E-5	-1.900000E-4	-5.635050E-1	-1.153800E-5	-7.400000E-8	-1.800000E-6	-2.000000E-8	0.000000E+0	0.000000E+0	1.964247E-4	2.976042E-9	0.000000E+0	0.000000E+0	1.999856E+1	0.000000E+0	8.000000E+0
21-Apr-25	03:03:03	-1.000000E-5	-1.900000E-4	-5.646850E-1	-1.147800E-5	-7.800000E-8	-1.800000E-6	0.000000E+0	0.000000E+0	0.000000E+0	1.964247E-4	2.976042E-9	0.000000E+0	0.000000E+0	1.999856E+1	0.000000E+0	8.000000E+0
21-Apr-25	03:03:03	-1.000000E-5	-1.900000E-4	-5.658750E-1	-1.139800E-5	-1.600000E-8	-1.820000E-6	0.000000E+0	0.000000E+0	0.000000E+0	1.964247E-4	2.976042E-9	0.000000E+0	0.000000E+0	1.999856E+1	0.000000E+0	8.000000E+0
21-Apr-25	03:03:04	-1.000000E-5	-1.900000E-4	-5.671850E-1	-1.144400E-5	-5.000000E-8	-1.780000E-6	-2.000000E-8	0.000000E+0	0.000000E+0	1.964247E-4	2.976042E-9	0.000000E+0	0.000000E+0	1.999856E+1	0.000000E+0	8.000000E+0
21-Apr-25	03:03:04	-1.000000E-5	-1.900000E-4	-5.683600E-1	-1.152800E-5	-5.200000E-8	-1.800000E-6	-4.000000E-8	0.000000E+0	0.000000E+0	1.964247E-4	2.976042E-9	0.000000E+0	0.000000E+0	1.999856E+1	0.000000E+0	8.000000E+0
21-Apr-25	03:03:05	-1.000000E-5	-1.900000E-4	-5.695400E-1	-1.149400E-5	-6.600000E-8	-1.800000E-6	-2.000000E-8	0.000000E+0	0.000000E+0	1.964247E-4	2.976042E-9	0.000000E+0	0.000000E+0	1.999856E+1	0.000000E+0	8.000000E+0
21-Apr-25	03:03:05	-1.000000E-5	-1.900000E-4	-5.707150E-1	-1.150200E-5	-7.600000E-8	-1.800000E-6	-2.000000E-8	0.000000E+0	0.000000E+0	1.964247E-4	2.976042E-9	0.000000E+0	0.000000E+0	1.999856E+1	0.000000E+0	8.000000E+0
21-Apr-25	03:03:06	-1.000000E-5	-1.900000E-4	-5.718900E-1	-1.146600E-5	-8.800000E-8	-1.800000E-6	-2.000000E-8	0.000000E+0	0.000000E+0	1.964247E-4	2.976042E-9	0.000000E+0	0.000000E+0	1.999856E+1	0.000000E+0	8.000000E+0
21-Apr-25	03:03:06	-1.000000E-5	-1.900000E-4	-5.730650E-1	-1.154000E-5	-6.000000E-9	-1.780000E-6	-2.000000E-8	0.000000E+0	0.000000E+0	1.964247E-4	2.976042E-9	0.000000E+0	0.000000E+0	1.999856E+1	0.000000E+0	8.000000E+0
21-Apr-25	03:03:07	-1.000000E-5	-1.900000E-4	-5.745850E-1	-1.158600E-5	-2.000000E-8	-1.780000E-6	-2.000000E-8	0.000000E+0	0.000000E+0	1.964247E-4	2.976042E-9	0.000000E+0	0.000000E+0	1.999856E+1	0.000000E+0	8.000000E+0
21-Apr-25	03:03:07	-1.000000E-5	-1.900000E-4	-5.756350E-1	-1.155400E-5	-5.800000E-8	-1.780000E-6	-4.000000E-8	0.000000E+0	0.000000E+0	1.964247E-4	2.976042E-9	0.000000E+0	0.000000E+0	1.999856E+1	0.000000E+0	8.000000E+0
21-Apr-25	03:03:08	-1.000000E-5	-1.900000E-4	-5.768000E-1	-1.144800E-5	-5.200000E-8	-1.780000E-6	-4.000000E-8	0.000000E+0	0.000000E+0	1.964247E-4	2.976042E-9	0.000000E+0	0.000000E+0	1.999856E+1	0.000000E+0	8.000000E+0
21-Apr-25	03:03:08	-1.000000E-5	-1.900000E-4	-5.783050E-1	-1.145400E-5	-6.800000E-8	-1.780000E-6	-2.000000E-8	0.000000E+0	0.000000E+0	1.964247E-4	2.976042E-9	0.000000E+0	0.000000E+0	1.999856E+1	0.000000E+0	8.000000E+0
21-Apr-25	03:03:09	-1.000000E-5	-1.900000E-4	-5.794800E-1	-1.155200E-5	-1.420000E-7	-1.800000E-6	0.000000E+0	0.000000E+0	0.000000E+0	1.964247E-4	2.976042E-9	0.000000E+0	0.000000E+0	1.999856E+1	0.000000E+0	8.000000E+0
21-Apr-25	03:03:09	-1.000000E-5	-1.900000E-4	-5.807750E-1	-1.147600E-5	-1.600000E-8	-1.800000E-6	-2.000000E-8	0.000000E+0	0.000000E+0	1.964247E-4	2.976042E-9	0.000000E+0	0.000000E+0	1.999856E+1	0.000000E+0	8.000000E+0
21-Apr-25	03:03:10	-1.000000E-5	-1.900000E-4	-5.819250E-1	-1.138800E-5	-6.000000E-9	-1.800000E-6	-2.000000E-8	0.000000E+0	0.000000E+0	1.964247E-4	2.976042E-9	0.000000E+0	0.000000E+0	1.999856E+1	0.000000E+0	8.000000E+0
21-Apr-25	03:03:10	-1.000000E-5	-1.900000E-4	-5.830750E-1	-1.157600E-5	-3.200000E-8	-1.760000E-6	-2.000000E-8	0.000000E+0	0.000000E+0	1.964247E-4	2.976042E-9	0.000000E+0	0.000000E+0	1.999856E+1	0.000000E+0	8.000000E+0
21-Apr-25	03:03:11	-1.000000E-5	-1.900000E-4	-5.842250E-1	-1.155800E-5	-7.000000E-8	-1.780000E-6	-2.000000E-8	0.000000E+0	0.000000E+0	1.964247E-4	2.976042E-9	0.000000E+0	0.000000E+0	1.999856E+1	0.000000E+0	8.000000E+0
21-Apr-25	03:03:12	-1.000000E-5	-1.900000E-4	-5.853700E-1	-1.147200E-5	-3.800000E-8	-1.780000E-6	-2.000000E-8	0.000000E+0	0.000000E+0	1.964247E-4	2.976042E-9	0.000000E+0	0.000000E+0	1.999856E+1	0.000000E+0	8.000000E+0
21-Apr-25	03:03:12	-1.000000E-5	-1.900000E-4	-5.866300E-1	-1.155800E-5	-1.100000E-7	-1.760000E-6	-2.000000E-8	0.000000E+0	0.000000E+0	1.964247E-4	2.976042E-9	0.000000E+0	0.000000E+0	1.999856E+1	0.000000E+0	8.000000E+0
21-Apr-25	03:03:13	-1.000000E-5	-1.900000E-4	-5.877700E-1	-1.151200E-5	-1.020000E-7	-1.780000E-6	-4.000000E-8	0.000000E+0	0.000000E+0	1.964247E-4	2.976042E-9	0.000000E+0	0.000000E+0	1.999856E+1	0.000000E+0	8.000000E+0
21-Apr-25	03:03:13	-1.000000E-5	-1.900000E-4	-5.894800E-1	-1.149200E-5	-7.200000E-8	-1.780000E-6	-2.000000E-8	0.000000E+0	0.000000E+0	1.964247E-4	2.976042E-9	0.000000E+0	0.000000E+0	1.999856E+1	0.000000E+0	8.000000E+0
21-Apr-25	03:03:14	-1.000000E-5	-1.900000E-4	-5.907300E-1	-1.149000E-5	-8.000000E-8	-1.780000E-6	-4.000000E-8	0.000000E+0	0.000000E+0	1.964247E-4	2.976042E-9	0.000000E+0	0.000000E+0	1.999856E+1	0.000000E+0	8.000000E+0
21-Apr-25	03:03:14	-1.000000E-5	-1.900000E-4	-5.918600E-1	-1.156400E-5	-4.400000E-8	-1.760000E-6	-2.000000E-8	0.000000E+0	0.000000E+0	1.964247E-4	2.976042E-9	0.000000E+0	0.000000E+0	1.999856E+1	0.000000E+0	8.000000E+0
21-Apr-25	03:03:15	-1.000000E-5	-1.900000E-4	-5.929900E-1	-1.156800E-5	-7.000000E-8	-1.780000E-6	-2.000000E-8	0.000000E+0	0.000000E+0	1.964247E-4	2.976042E-9	0.000000E+0	0.000000E+0	1.999856E+1	0.000000E+0	8.000000E+0
21-Apr-25	03:03:15	-1.000000E-5	-1.900000E-4	-5.941150E-1	-1.150000E-5	-5.000000E-8	-1.780000E-6	-2.000000E-8	0.000000E+0	0.000000E+0	1.964247E-4	2.976042E-9	0.000000E+0	0.000000E+0	1.999856E+1	0.000000E+0	8.000000E+0
21-Apr-25	03:03:16	-1.000000E-5	-1.900000E-4	-5.952400E-1	-1.143000E-5	-6.000000E-8	-1.800000E-6	-4.000000E-8	0.000000E+0	0.000000E+0	1.964247E-4	2.976042E-9	0.000000E+0	0.000000E+0	1.999856E+1	0.000000E+0	8.000000E+0
21-Apr-25	03:03:17	-1.000000E-5	-1.900000E-4	-5.964750E-1	-1.147400E-5	-8.000000E-9	-1.780000E-6	-2.000000E-8	0.000000E+0	0.000000E+0	1.964247E-4	2.976042E-9	0.000000E+0	0.000000E+0	1.999856E+1	0.000000E+0	8.000000E+0
21-Apr-25	03:03:17	-1.000000E-5	-1.900000E-4	-5.981900E-1	-1.150800E-5	-1.320000E-7	-1.760000E-6	-2.000000E-8	0.000000E+0	0.000000E+0	1.964247E-4	2.976042E-9	0.000000E+0	0.000000E+0	1.999856E+1	0.000000E+0	8.000000E+0
21-Apr-25	03:03:18	-1.000000E-5	-1.900000E-4	-5.993100E-1	-1.143200E-5	-1.280000E-7	-1.760000E-6	0.000000E+0	0.000000E+0	0.000000E+0	1.964247E-4	2.976042E-9	0.000000E+0	0.000000E+0	1.999856E+1	0.000000E+0	8.000000E+0
21-Apr-25	03:03:18	-1.000000E-5	-1.900000E-4	-6.004250E-1	-1.145800E-5	-8.000000E-9	-1.780000E-6	0.000000E+0	0.000000E+0	0.000000E+0	1.964247E-4	2.976042E-9	0.000000E+0	0.000000E+0	1.999856E+1	0.000000E+0	8.000000E+0
21-Apr-25	03:03:19	-1.000000E-5	-1.900000E-4	-6.015350E-1	-1.136200E-5	-5.600000E-8	-1.780000E-6	-2.000000E-8	0.000000E+0	0.000000E+0	1.964247E-4	2.976042E-9	0.000000E+0	0.000000E+0	1.999856E+1	0.000000E+0	8.000000E+0
21-Apr-25	03:03:19	-1.000000E-5	-1.900000E-4	-6.026450E-1	-1.146800E-5	-1.140000E-7	-1.780000E-6	-2.000000E-8	0.000000E+0	0.000000E+0	1.964247E-4	2.976042E-9	0.000000E+0	0.000000E+0	1.999856E+1	0.000000E+0	8.000000E+0
21-Apr-25	03:03:20	-1.000000E-5	-1.900000E-4	-6.037550E-1	-1.141400E-5	3.600000E-8	-1.760000E-6	-2.000000E-8	0.000000E+0	0.000000E+0	1.964247E-4	2.976042E-9	0.000000E+0	0.000000E+0	1.999856E+1	0.000000E+0	8.000000E+0
21-Apr-25	03:03:20	-1.000000E-5	-1.900000E-4	-6.048650E-1	-1.148000E-5	-8.000000E-8	-1.740000E-6	-2.000000E-8	0.000000E+0	0.000000E+0	1.964247E-4	2.976042E-9	0.000000E+0	0.000000E+0	1.999856E+1	0.000000E+0	8.000000E+0
21-Apr-25	03:03:21	-1.000000E-5	-1.900000E-4	-6.060750E-1	-1.149000E-5	-1.140000E-7	-1.760000E-6	-4.000000E-8	0.000000E+0	0.000000E+0	1.964247E-4	2.976042E-9	0.000000E+0	0.000000E+0	1.999856E+1	0.000000E+0	8.000000E+0
21-Apr-25	03:03:21	-1.000000E-5	-1.900000E-4	-6.071800E-1	-1.149200E-5	-1.220000E-7	-1.760000E-6	-2.000000E-8	0.000000E+0	0.000000E+0	1.964247E-4	2.976042E-9	0.000000E+0	0.000000E+0	1.999856E+1	0.000000E+0	8.000000E+0
21-Apr-25	03:03:22	-1.000000E-5	-1.900000E-4	-6.082750E-1	-1.155800E-5	-9.200000E-8	-1.760000E-6	-2.000000E-8	0.000000E+0	0.000000E+0	1.964247E-4	2.976042E-9	0.000000E+0	0.000000E+0	1.999856E+1	0.000000E+0	8.000000E+0
21-Apr-25	03:03:22	-1.000000E-5	-1.900000E-4	-6.096050E-1	-1.145800E-5	-5.200000E-8	-1.740000E-6	-2.000000E-8	0.000000E+0	0.000000E+0	1.964247E-4	2.976042E-9	0.000000E+0	0.000000E+0	1.999856E+1	0.000000E+0	8.000000E+0
21-Apr-25	03:03:23	-1.000000E-5	-1.900000E-4	-6.108250E-1	-1.142800E-5	-6.200000E-8	-1.740000E-6	-2.000000E-8	0.000000E+0	0.000000E+0	1.964247E-4	2.976042E-9	0.000000E+0	0.000000E+0	1.999856E+1	0.000000E+0	8.000000E+0
21-Apr-25	03:03:23	-1.000000E-5	-1.900000E-4	-6.119000E-1	-1.147200E-5	-6.000000E-9	-1.760000E-6	0.000000E+0	0.000000E+0	0.000000E+0	1.964247E-4	2.976042E-9	0.000000E+0	0.000000E+0	1.999856E+1	0.000000E+0	8.000000E+0
21-Apr-25	03:03:24	-1.000000E-5	-1.900000E-4	-6.129650E-1	-1.151400E-5	-4.400000E-8	-1.760000E-6	0.000000E+0	0.000000E+0	0.000000E+0	1.964247E-4	2.976042E-9	0.000000E+0	0.000000E+0	1.999856E+1	0.000000E+0	8.000000E+0
21-Apr-25	03:03:24	-1.000000E-5	-1.900000E-4	-6.140550E-1	-1.153800E-5	-8.600000E-8	-1.740000E-6	-2.000000E-8	0.000000E+0	0.000000E+0	1.964247E-4	2.976042E-9	0.000000E+0	0.000000E+0	1.999856E+1	0.000000E+0	8.000000E+0
21-Apr-25	03:03:25	-1.000000E-5	-1.900000E-4	-6.151350E-1	-1.145400E-5	-6.200000E-8	-1.740000E-6	-2.000000E-8	0.000000E+0	0.000000E+0	1.964247E-4	2.976042E-9	0.000000E+0	0.000000E+0	1.999856E+1	0.000000E+0	8.000000E+0
21-Apr-25	03:03:26	-1.000000E-5	-1.900000E-4	-6.162200E-1	-1.140800E-5	-9.000000E-8	-1.740000E-6	-2.000000E-8	0.000000E+0	0.000000E+0	1.964247E-4	2.976042E-9	0.000000E+0	0.000000E+0	1.999856E+1	0.000000E+0	8.000000E+0
21-Apr-25	03:03:26	-1.000000E-5	-1.900000E-4	-6.176550E-1	-1.147000E-5	-5.800000E-8	-1.740000E-6	-2.000000E-8	0.000000E+0	0.000000E+0	1.964247E-4	2.976042E-9	0.000000E+0	0.000000E+0	1.999856E+1	0.000000E+0	8.000000E+0
21-Apr-25	03:03:27	-1.000000E-5	-1.900000E-4	-6.187350E-1	-1.151200E-5	-8.000000E-9	-1.720000E-6	-2.000000E-8	0.000000E+0	0.000000E+0	1.964247E-4	2.976042E-9	0.000000E+0	0.000000E+0	1.999856E+1	0.000000E+0	8.000000E+0
21-Apr-25	03:03:27	-1.000000E-5	-1.900000E-4	-6.198100E-1	-1.152200E-5	-1.060000E-7	-1.740000E-6	0.000000E+0	0.000000E+0	0.000000E+0	1.964247E-4	2.976042E-9	0.000000E+0	0.000000E+0	1.999856E+1	0.000000E+0	8.000000E+0
21-Apr-25	03:03:28	-1.000000E-5	-1.900000E-4	-6.210950E-1	-1.156200E-5	-1.020000E-7	-1.740000E-6	-2.000000E-8	0.000000E+0	0.000000E+0	1.964247E-4	2.976042E-9	0.000000E+0	0.000000E+0	1.999856E+1	0.000000E+0	8.000000E+0
21-Apr-25	03:03:28	-1.000000E-5	-1.900000E-4	-6.227000E-1	-1.147200E-5	-3.800000E-8	-1.720000E-6	-2.000000E-8	0.000000E+0	0.000000E+0	1.964247E-4	2.976042E-9	0.000000E+0	0.000000E+0	1.999856E+1	0.000000E+0	8.000000E+0
21-Apr-25	03:03:29	-1.000000E-5	-1.900000E-4	-6.237650E-1	-1.154000E-5	-5.400000E-8	-1.720000E-6	-2.000000E-8	0.000000E+0	0.000000E+0	1.964247E-4	2.976042E-9	0.000000E+0	0.000000E+0	1.999856E+1	0.000000E+0	8.000000E+0
21-Apr-25	03:03:29	-1.000000E-5	-1.900000E-4	-6.248350E-1	-1.154400E-5	-1.400000E-8	-1.740000E-6	-2.000000E-8	0.000000E+0	0.000000E+0	1.964247E-4	2.976042E-9	0.000000E+0	0.000000E+0	1.999856E+1	0.000000E+0	8.000000E+0
21-Apr-25	03:03:30	-1.000000E-5	-1.900000E-4	-6.261050E-1	-1.153000E-5	-7.600000E-8	-1.740000E-6	-2.000000E-8	0.000000E+0	0.000000E+0	1.964247E-4	2.976042E-9	0.000000E+0	0.000000E+0	1.999856E+1	0.000000E+0	8.000000E+0
21-Apr-25	03:03:30	-1.000000E-5	-1.900000E-4	-6.272000E-1	-1.149000E-5	-4.000000E-8	-1.720000E-6	-2.000000E-8	0.000000E+0	0.000000E+0	1.964247E-4	2.976042E-9	0.000000E+0	0.000000E+0	1.999856E+1	0.000000E+0	8.000000E+0
21-Apr-25	03:03:31	-1.000000E-5	-1.900000E-4	-6.282550E-1	-1.152800E-5	-3.400000E-8	-1.720000E-6	-4.000000E-8	0.000000E+0	0.000000E+0	1.964247E-4	2.976042E-9	0.000000E+0	0.000000E+0	1.999856E+1	0.000000E+0	8.000000E+0
21-Apr-25	03:03:32	-1.000000E-5	-1.900000E-4	-6.296250E-1	-1.147600E-5	-9.800000E-8	-1.720000E-6	-2.000000E-8	0.000000E+0	0.000000E+0	1.964247E-4	2.976042E-9	0.000000E+0	0.000000E+0	1.999856E+1	0.000000E+0	8.000000E+0
21-Apr-25	03:03:32	-1.000000E-5	-1.900000E-4	-6.306750E-1	-1.157600E-5	-1.440000E-7	-1.740000E-6	-2.000000E-8	0.000000E+0	0.000000E+0	1.964247E-4	2.976042E-9	0.000000E+0	0.000000E+0	1.999856E+1	0.000000E+0	8.000000E+0
21-Apr-25	03:03:33	-1.000000E-5	-1.900000E-4	-6.318300E-1	-1.149600E-5	-3.000000E-8	-1.740000E-6	0.000000E+0	0.000000E+0	0.000000E+0	1.964247E-4	2.976042E-9	0.000000E+0	0.000000E+0	1.999856E+1	0.000000E+0	8.000000E+0
21-Apr-25	03:03:33	-1.000000E-5	-1.900000E-4	-6.328750E-1	-1.153600E-5	-1.120000E-7	-1.720000E-6	0.000000E+0	0.000000E+0	0.000000E+0	1.964247E-4	2.976042E-9	0.000000E+0	0.000000E+0	1.999856E+1	0.000000E+0	8.000000E+0
21-Apr-25	03:03:34	-1.000000E-5	-1.900000E-4	-6.338150E-1	-1.158400E-5	-6.400000E-8	-1.720000E-6	0.000000E+0	0.000000E+0	0.000000E+0	1.964247E-4	2.976042E-9	0.000000E+0	0.000000E+0	1.999856E+1	0.000000E+0	8.000000E+0
21-Apr-25	03:03:34	-1.000000E-5	-1.900000E-4	-6.348550E-1	-1.148000E-5	-6.600000E-8	-1.720000E-6	-2.000000E-8	0.000000E+0	0.000000E+0	1.964247E-4	2.976042E-9	0.000000E+0	0.000000E+0	1.999856E+1	0.000000E+0	8.000000E+0
21-Apr-25	03:03:35	-1.000000E-5	-1.900000E-4	-6.359000E-1	-1.144600E-5	-6.800000E-8	-1.720000E-6	0.000000E+0	0.000000E+0	0.000000E+0	1.964247E-4	2.976042E-9	0.000000E+0	0.000000E+0	1.999856E+1	0.000000E+0	8.000000E+0
21-Apr-25	03:03:35	-1.000000E-5	-1.900000E-4	-6.369400E-1	-1.148200E-5	-5.000000E-8	-1.720000E-6	-2.000000E-8	0.000000E+0	0.000000E+0	1.964247E-4	2.976042E-9	0.000000E+0	0.000000E+0	1.999856E+1	0.000000E+0	8.000000E+0
21-Apr-25	03:03:36	-1.000000E-5	-1.900000E-4	-6.380800E-1	-1.153600E-5	-4.800000E-8	-1.700000E-6	-4.000000E-8	0.000000E+0	0.000000E+0	1.964247E-4	2.976042E-9	0.000000E+0	0.000000E+0	1.999856E+1	0.000000E+0	8.000000E+0
21-Apr-25	03:03:36	-1.000000E-5	-1.900000E-4	-6.392100E-1	-1.153400E-5	-6.800000E-8	-1.720000E-6	0.000000E+0	0.000000E+0	0.000000E+0	1.964247E-4	2.976042E-9	0.000000E+0	0.000000E+0	1.999856E+1	0.000000E+0	8.000000E+0
21-Apr-25	03:03:37	-1.000000E-5	-1.900000E-4	-6.402450E-1	-1.155600E-5	-3.800000E-8	-1.720000E-6	-2.000000E-8	0.000000E+0	0.000000E+0	1.964247E-4	2.976042E-9	0.000000E+0	0.000000E+0	1.999856E+1	0.000000E+0	8.000000E+0
21-Apr-25	03:03:37	-1.000000E-5	-1.900000E-4	-6.413050E-1	-1.149200E-5	-5.200000E-8	-1.720000E-6	-2.000000E-8	0.000000E+0	0.000000E+0	1.964247E-4	2.976042E-9	0.000000E+0	0.000000E+0	1.999856E+1	0.000000E+0	8.000000E+0
21-Apr-25	03:03:38	-1.000000E-5	-1.900000E-4	-6.423350E-1	-1.143800E-5	3.600000E-8	-1.720000E-6	-4.000000E-8	0.000000E+0	0.000000E+0	1.964247E-4	2.976042E-9	0.000000E+0	0.000000E+0	1.999856E+1	0.000000E+0	8.000000E+0
21-Apr-25	03:03:38	-1.000000E-5	-1.900000E-4	-6.435600E-1	-1.158200E-5	-1.060000E-7	-1.720000E-6	-2.000000E-8	0.000000E+0	0.000000E+0	1.964247E-4	2.976042E-9	0.000000E+0	0.000000E+0	1.999856E+1	0.000000E+0	8.000000E+0
21-Apr-25	03:03:39	-1.000000E-5	-1.900000E-4	-6.445850E-1	-1.154800E-5	-1.600000E-7	-1.720000E-6	0.000000E+0	0.000000E+0	0.000000E+0	1.964247E-4	2.976042E-9	0.000000E+0	0.000000E+0	1.999856E+1	0.000000E+0	8.000000E+0
21-Apr-25	03:03:40	-1.000000E-5	-1.900000E-4	-6.459150E-1	-1.153800E-5	-1.260000E-7	-1.720000E-6	-2.000000E-8	0.000000E+0	0.000000E+0	1.964247E-4	2.976042E-9	0.000000E+0	0.000000E+0	1.999856E+1	0.000000E+0	8.000000E+0
21-Apr-25	03:03:40	-1.000000E-5	-1.900000E-4	-6.469350E-1	-1.146200E-5	1.400000E-8	-1.720000E-6	-2.000000E-8	0.000000E+0	0.000000E+0	1.964247E-4	2.976042E-9	0.000000E+0	0.000000E+0	1.999856E+1	0.000000E+0	8.000000E+0
21-Apr-25	03:03:41	-1.000000E-5	-1.900000E-4	-6.479500E-1	-1.152000E-5	2.600000E-8	-1.720000E-6	-4.000000E-8	0.000000E+0	0.000000E+0	1.964247E-4	2.976042E-9	0.000000E+0	0.000000E+0	1.999856E+1	0.000000E+0	8.000000E+0
21-Apr-25	03:03:41	-1.000000E-5	-1.900000E-4	-6.489650E-1	-1.144200E-5	-5.600000E-8	-1.720000E-6	-2.000000E-8	0.000000E+0	0.000000E+0	1.964247E-4	2.976042E-9	0.000000E+0	0.000000E+0	1.999856E+1	0.000000E+0	8.000000E+0
21-Apr-25	03:03:42	-1.000000E-5	-1.900000E-4	-6.499750E-1	-1.149400E-5	-8.200000E-8	-1.720000E-6	-2.000000E-8	0.000000E+0	0.000000E+0	1.964247E-4	2.976042E-9	0.000000E+0	0.000000E+0	1.999856E+1	0.000000E+0	8.000000E+0
21-Apr-25	03:03:42	-1.000000E-5	-1.900000E-4	-6.510800E-1	-1.147600E-5	-2.600000E-8	-1.720000E-6	0.000000E+0	0.000000E+0	0.000000E+0	1.964247E-4	2.976042E-9	0.000000E+0	0.000000E+0	1.999856E+1	0.000000E+0	8.000000E+0
21-Apr-25	03:03:43	-1.000000E-5	-1.900000E-4	-6.520900E-1	-1.148600E-5	-2.600000E-8	-1.720000E-6	0.000000E+0	0.000000E+0	0.000000E+0	1.964247E-4	2.976042E-9	0.000000E+0	0.000000E+0	1.999856E+1	0.000000E+0	8.000000E+0
21-Apr-25	03:03:43	-1.000000E-5	-1.900000E-4	-6.531900E-1	-1.157200E-5	3.200000E-8	-1.720000E-6	0.000000E+0	0.000000E+0	0.000000E+0	1.964247E-4	2.976042E-9	0.000000E+0	0.000000E+0	1.999856E+1	0.000000E+0	8.000000E+0
21-Apr-25	03:03:44	-1.000000E-5	-1.900000E-4	-6.541950E-1	-1.152000E-5	-3.000000E-8	-1.720000E-6	0.000000E+0	0.000000E+0	0.000000E+0	1.964247E-4	2.976042E-9	0.000000E+0	0.000000E+0	1.999856E+1	0.000000E+0	8.000000E+0
21-Apr-25	03:03:44	-1.000000E-5	-1.900000E-4	-6.551900E-1	-1.159800E-5	-4.600000E-8	-1.720000E-6	-2.000000E-8	0.000000E+0	0.000000E+0	1.964247E-4	2.976042E-9	0.000000E+0	0.000000E+0	1.999856E+1	0.000000E+0	8.000000E+0
21-Apr-25	03:03:45	-1.000000E-5	-1.900000E-4	-6.561900E-1	-1.154400E-5	-5.800000E-8	-1.700000E-6	-2.000000E-8	0.000000E+0	0.000000E+0	1.964247E-4	2.976042E-9	0.000000E+0	0.000000E+0	1.999856E+1	0.000000E+0	8.000000E+0
21-Apr-25	03:03:45	-1.000000E-5	-1.900000E-4	-6.571900E-1	-1.147200E-5	-4.400000E-8	-1.700000E-6	-2.000000E-8	0.000000E+0	0.000000E+0	1.964247E-4	2.976042E-9	0.000000E+0	0.000000E+0	1.999856E+1	0.000000E+0	8.000000E+0
21-Apr-25	03:03:46	-1.000000E-5	-1.900000E-4	-6.581850E-1	-1.150600E-5	-7.600000E-8	-1.700000E-6	-4.000000E-8	0.000000E+0	0.000000E+0	1.964247E-4	2.976042E-9	0.000000E+0	0.000000E+0	1.999856E+1	0.000000E+0	8.000000E+0
21-Apr-25	03:03:46	-1.000000E-5	-1.900000E-4	-6.590750E-1	-1.155000E-5	-3.000000E-8	-1.720000E-6	-2.000000E-8	0.000000E+0	0.000000E+0	1.964247E-4	2.976042E-9	0.000000E+0	0.000000E+0	1.999856E+1	0.000000E+0	8.000000E+0
21-Apr-25	03:03:47	-1.000000E-5	-1.900000E-4	-6.600700E-1	-1.148800E-5	-1.600000E-8	-1.720000E-6	-2.000000E-8	0.000000E+0	0.000000E+0	1.964247E-4	2.976042E-9	0.000000E+0	0.000000E+0	1.999856E+1	0.000000E+0	8.000000E+0
21-Apr-25	03:03:47	-1.000000E-5	-1.900000E-4	-6.610550E-1	-1.146000E-5	-1.600000E-7	-1.700000E-6	-2.000000E-8	0.000000E+0	0.000000E+0	1.964247E-4	2.976042E-9	0.000000E+0	0.000000E+0	1.999856E+1	0.000000E+0	8.000000E+0
21-Apr-25	03:03:48	-1.000000E-5	-1.900000E-4	-6.622550E-1	-1.151200E-5	-6.000000E-8	-1.700000E-6	-2.000000E-8	0.000000E+0	0.000000E+0	1.964247E-4	2.976042E-9	0.000000E+0	0.000000E+0	1.999856E+1	0.000000E+0	8.000000E+0
21-Apr-25	03:03:48	-1.000000E-5	-1.900000E-4	-6.632200E-1	-1.151000E-5	-7.200000E-8	-1.720000E-6	-4.000000E-8	0.000000E+0	0.000000E+0	1.964247E-4	2.976042E-9	0.000000E+0	0.000000E+0	1.999856E+1	0.000000E+0	8.000000E+0
21-Apr-25	03:03:49	-1.000000E-5	-1.900000E-4	-6.641350E-1	-1.153600E-5	-7.000000E-8	-1.720000E-6	-4.000000E-8	0.000000E+0	0.000000E+0	1.964247E-4	2.976042E-9	0.000000E+0	0.000000E+0	1.999856E+1	0.000000E+0	8.000000E+0
21-Apr-25	03:03:49	-1.000000E-5	-1.900000E-4	-6.650950E-1	-1.148200E-5	-6.000000E-8	-1.740000E-6	-4.000000E-8	0.000000E+0	0.000000E+0	1.964247E-4	2.976042E-9	0.000000E+0	0.000000E+0	1.999856E+1	0.000000E+0	8.000000E+0
21-Apr-25	03:03:50	-1.000000E-5	-1.900000E-4	-6.659600E-1	-1.148200E-5	-8.800000E-8	-1.720000E-6	-2.000000E-8	0.000000E+0	0.000000E+0	1.964247E-4	2.976042E-9	0.000000E+0	0.000000E+0	1.999856E+1	0.000000E+0	8.000000E+0
21-Apr-25	03:03:50	-1.000000E-5	-1.900000E-4	-6.669700E-1	-1.147000E-5	-9.600000E-8	-1.720000E-6	-2.000000E-8	0.000000E+0	0.000000E+0	1.964247E-4	2.976042E-9	0.000000E+0	0.000000E+0	1.999856E+1	0.000000E+0	8.000000E+0
21-Apr-25	03:03:51	-1.000000E-5	-1.900000E-4	-6.679400E-1	-1.147400E-5	-2.400000E-8	-1.700000E-6	-2.000000E-8	0.000000E+0	0.000000E+0	1.964247E-4	2.976042E-9	0.000000E+0	0.000000E+0	1.999856E+1	0.000000E+0	8.000000E+0
21-Apr-25	03:03:51	-1.000000E-5	-1.900000E-4	-6.688800E-1	-1.154000E-5	-8.000000E-9	-1.680000E-6	-2.000000E-8	0.000000E+0	0.000000E+0	1.964247E-4	2.976042E-9	0.000000E+0	0.000000E+0	1.999856E+1	0.000000E+0	8.000000E+0
21-Apr-25	03:03:52	-1.000000E-5	-1.900000E-4	-6.698650E-1	-1.154200E-5	-1.620000E-7	-1.680000E-6	0.000000E+0	0.000000E+0	0.000000E+0	1.964247E-4	2.976042E-9	0.000000E+0	0.000000E+0	1.999856E+1	0.000000E+0	8.000000E+0
21-Apr-25	03:03:52	-1.000000E-5	-1.900000E-4	-6.711350E-1	-1.153000E-5	-1.080000E-7	-1.680000E-6	-2.000000E-8	0.000000E+0	0.000000E+0	1.964247E-4	2.976042E-9	0.000000E+0	0.000000E+0	1.999856E+1	0.000000E+0	8.000000E+0
21-Apr-25	03:03:53	-1.000000E-5	-1.900000E-4	-6.721050E-1	-1.145400E-5	-7.400000E-8	-1.680000E-6	-2.000000E-8	0.000000E+0	0.000000E+0	1.964247E-4	2.976042E-9	0.000000E+0	0.000000E+0	1.999856E+1	0.000000E+0	8.000000E+0
21-Apr-25	03:03:53	-1.000000E-5	-1.900000E-4	-6.731650E-1	-1.149000E-5	-1.000000E-7	-1.680000E-6	-2.000000E-8	0.000000E+0	0.000000E+0	1.964247E-4	2.976042E-9	0.000000E+0	0.000000E+0	1.999856E+1	0.000000E+0	8.000000E+0
21-Apr-25	03:03:54	-1.000000E-5	-1.900000E-4	-6.741300E-1	-1.148200E-5	-1.860000E-7	-1.680000E-6	-2.000000E-8	0.000000E+0	0.000000E+0	1.964247E-4	2.976042E-9	0.000000E+0	0.000000E+0	1.999856E+1	0.000000E+0	8.000000E+0
21-Apr-25	03:03:54	-1.000000E-5	-1.900000E-4	-6.750850E-1	-1.154000E-5	-8.000000E-8	-1.680000E-6	-4.000000E-8	0.000000E+0	0.000000E+0	1.964247E-4	2.976042E-9	0.000000E+0	0.000000E+0	1.999856E+1	0.000000E+0	8.000000E+0
21-Apr-25	03:03:55	-1.000000E-5	-1.900000E-4	-6.764200E-1	-1.147200E-5	-8.000000E-8	-1.700000E-6	0.000000E+0	0.000000E+0	0.000000E+0	1.964247E-4	2.976042E-9	0.000000E+0	0.000000E+0	1.999856E+1	0.000000E+0	8.000000E+0
21-Apr-25	03:03:56	-1.000000E-5	-1.900000E-4	-6.779600E-1	-1.144800E-5	-8.400000E-8	-1.680000E-6	-4.000000E-8	0.000000E+0	0.000000E+0	1.964247E-4	2.976042E-9	0.000000E+0	0.000000E+0	1.999856E+1	0.000000E+0	8.000000E+0
21-Apr-25	03:03:56	-1.000000E-5	-1.900000E-4	-6.792100E-1	-1.162400E-5	-9.000000E-8	-1.680000E-6	-2.000000E-8	0.000000E+0	0.000000E+0	1.964247E-4	2.976042E-9	0.000000E+0	0.000000E+0	1.999856E+1	0.000000E+0	8.000000E+0
21-Apr-25	03:03:57	-1.000000E-5	-1.900000E-4	-6.801550E-1	-1.147600E-5	-1.040000E-7	-1.660000E-6	-2.000000E-8	0.000000E+0	0.000000E+0	1.964247E-4	2.976042E-9	0.000000E+0	0.000000E+0	1.999856E+1	0.000000E+0	8.000000E+0
21-Apr-25	03:03:58	-1.000000E-5	-1.900000E-4	-6.815750E-1	-1.151400E-5	-1.060000E-7	-1.660000E-6	-2.000000E-8	0.000000E+0	0.000000E+0	1.964247E-4	2.976042E-9	0.000000E+0	0.000000E+0	1.999856E+1	0.000000E+0	8.000000E+0
21-Apr-25	03:03:58	-1.000000E-5	-1.900000E-4	-6.825500E-1	-1.157200E-5	-7.000000E-8	-1.660000E-6	-4.000000E-8	0.000000E+0	0.000000E+0	1.964247E-4	2.976042E-9	0.000000E+0	0.000000E+0	1.999856E+1	0.000000E+0	8.000000E+0
21-Apr-25	03:03:59	-1.000000E-5	-1.900000E-4	-6.837750E-1	-1.152600E-5	-1.060000E-7	-1.680000E-6	0.000000E+0	0.000000E+0	0.000000E+0	1.964247E-4	2.976042E-9	0.000000E+0	0.000000E+0	1.999856E+1	0.000000E+0	8.000000E+0
21-Apr-25	03:03:59	-1.000000E-5	-1.900000E-4	-6.848000E-1	-1.157000E-5	-1.200000E-7	-1.700000E-6	-2.000000E-8	0.000000E+0	0.000000E+0	1.964247E-4	2.976042E-9	0.000000E+0	0.000000E+0	1.999856E+1	0.000000E+0	8.000000E+0
21-Apr-25	03:04:00	-1.000000E-5	-1.900000E-4	-6.857400E-1	-1.147200E-5	1.000000E-8	-1.660000E-6	-4.000000E-8	0.000000E+0	0.000000E+0	1.964247E-4	2.976042E-9	0.000000E+0	0.000000E+0	1.999856E+1	0.000000E+0	8.000000E+0
21-Apr-25	03:04:01	-1.000000E-5	-1.900000E-4	-6.866750E-1	-1.152400E-5	-1.200000E-8	-1.660000E-6	-6.000000E-8	0.000000E+0	0.000000E+0	1.964247E-4	2.976042E-9	0.000000E+0	0.000000E+0	1.999856E+1	0.000000E+0	8.000000E+0
21-Apr-25	03:04:01	-1.000000E-5	-1.900000E-4	-6.880100E-1	-1.151600E-5	-5.800000E-8	-1.660000E-6	-2.000000E-8	0.000000E+0	0.000000E+0	1.964247E-4	2.976042E-9	0.000000E+0	0.000000E+0	1.999856E+1	0.000000E+0	8.000000E+0
21-Apr-25	03:04:02	-1.000000E-5	-1.900000E-4	-6.889400E-1	-1.144400E-5	-6.600000E-8	-1.680000E-6	-4.000000E-8	0.000000E+0	0.000000E+0	1.964247E-4	2.976042E-9	0.000000E+0	0.000000E+0	1.999856E+1	0.000000E+0	8.000000E+0
21-Apr-25	03:04:02	-1.000000E-5	-1.900000E-4	-6.898650E-1	-1.125600E-5	-1.100000E-7	-1.680000E-6	-2.000000E-8	0.000000E+0	0.000000E+0	1.964247E-4	2.976042E-9	0.000000E+0	0.000000E+0	1.999856E+1	0.000000E+0	8.000000E+0
21-Apr-25	03:04:03	-1.000000E-5	-1.900000E-4	-6.907950E-1	-1.142200E-5	-1.160000E-7	-1.680000E-6	-2.000000E-8	0.000000E+0	0.000000E+0	1.964247E-4	2.976042E-9	0.000000E+0	0.000000E+0	1.999856E+1	0.000000E+0	8.000000E+0
21-Apr-25	03:04:03	-1.000000E-5	-1.900000E-4	-6.917150E-1	-1.153400E-5	-1.520000E-7	-1.660000E-6	-2.000000E-8	0.000000E+0	0.000000E+0	1.964247E-4	2.976042E-9	0.000000E+0	0.000000E+0	1.999856E+1	0.000000E+0	8.000000E+0
21-Apr-25	03:04:04	-1.000000E-5	-1.900000E-4	-6.928250E-1	-1.144800E-5	-8.600000E-8	-1.640000E-6	-2.000000E-8	0.000000E+0	0.000000E+0	1.964247E-4	2.976042E-9	0.000000E+0	0.000000E+0	1.999856E+1	0.000000E+0	8.000000E+0
21-Apr-25	03:04:04	-1.000000E-5	-1.900000E-4	-6.937400E-1	-1.148200E-5	-1.160000E-7	-1.620000E-6	-2.000000E-8	0.000000E+0	0.000000E+0	1.964247E-4	2.976042E-9	0.000000E+0	0.000000E+0	1.999856E+1	0.000000E+0	8.000000E+0
21-Apr-25	03:04:05	-1.000000E-5	-1.900000E-4	-6.946550E-1	-1.143000E-5	-3.200000E-8	-1.640000E-6	-2.000000E-8	0.000000E+0	0.000000E+0	1.964247E-4	2.976042E-9	0.000000E+0	0.000000E+0	1.999856E+1	0.000000E+0	8.000000E+0
21-Apr-25	03:04:05	-1.000000E-5	-1.900000E-4	-6.957550E-1	-1.148800E-5	-3.400000E-8	-1.660000E-6	-2.000000E-8	0.000000E+0	0.000000E+0	1.964247E-4	2.976042E-9	0.000000E+0	0.000000E+0	1.999856E+1	0.000000E+0	8.000000E+0
21-Apr-25	03:04:06	-1.000000E-5	-1.900000E-4	-6.966650E-1	-1.158400E-5	-4.200000E-8	-1.640000E-6	-2.000000E-8	0.000000E+0	0.000000E+0	1.964247E-4	2.976042E-9	0.000000E+0	0.000000E+0	1.999856E+1	0.000000E+0	8.000000E+0
21-Apr-25	03:04:06	-1.000000E-5	-1.900000E-4	-6.975800E-1	-1.146800E-5	-1.800000E-7	-1.640000E-6	-4.000000E-8	0.000000E+0	0.000000E+0	1.964247E-4	2.976042E-9	0.000000E+0	0.000000E+0	1.999856E+1	0.000000E+0	8.000000E+0
21-Apr-25	03:04:07	-1.000000E-5	-1.900000E-4	-6.986700E-1	-1.157600E-5	-1.800000E-7	-1.640000E-6	0.000000E+0	0.000000E+0	0.000000E+0	1.964247E-4	2.976042E-9	0.000000E+0	0.000000E+0	1.999856E+1	0.000000E+0	8.000000E+0
21-Apr-25	03:04:08	-1.000000E-5	-1.900000E-4	-6.995800E-1	-1.151200E-5	-1.700000E-7	-1.640000E-6	0.000000E+0	0.000000E+0	0.000000E+0	1.964247E-4	2.976042E-9	0.000000E+0	0.000000E+0	1.999856E+1	0.000000E+0	8.000000E+0
21-Apr-25	03:04:08	-1.000000E-5	-1.900000E-4	-7.007500E-1	-1.144400E-5	-9.400000E-8	-1.660000E-6	-2.000000E-8	0.000000E+0	0.000000E+0	1.964247E-4	2.976042E-9	0.000000E+0	0.000000E+0	1.999856E+1	0.000000E+0	8.000000E+0
21-Apr-25	03:04:09	-1.000000E-5	-1.900000E-4	-7.016700E-1	-1.150600E-5	-1.800000E-8	-1.640000E-6	-4.000000E-8	0.000000E+0	0.000000E+0	1.964247E-4	2.976042E-9	0.000000E+0	0.000000E+0	1.999856E+1	0.000000E+0	8.000000E+0
21-Apr-25	03:04:09	-1.000000E-5	-1.900000E-4	-7.025800E-1	-1.159600E-5	3.800000E-8	-1.640000E-6	-2.000000E-8	0.000000E+0	0.000000E+0	1.964247E-4	2.976042E-9	0.000000E+0	0.000000E+0	1.999856E+1	0.000000E+0	8.000000E+0
21-Apr-25	03:04:10	-1.000000E-5	-1.900000E-4	-7.033900E-1	-1.136400E-5	-1.100000E-7	-1.640000E-6	-2.000000E-8	0.000000E+0	0.000000E+0	1.964247E-4	2.976042E-9	0.000000E+0	0.000000E+0	1.999856E+1	0.000000E+0	8.000000E+0
21-Apr-25	03:04:10	-1.000000E-5	-1.900000E-4	-7.046500E-1	-1.145000E-5	-8.800000E-8	-1.660000E-6	-2.000000E-8	0.000000E+0	0.000000E+0	1.964247E-4	2.976042E-9	0.000000E+0	0.000000E+0	1.999856E+1	0.000000E+0	8.000000E+0
21-Apr-25	03:04:11	-1.000000E-5	-1.900000E-4	-7.060800E-1	-1.143600E-5	-4.400000E-8	-1.660000E-6	0.000000E+0	0.000000E+0	0.000000E+0	1.964247E-4	2.976042E-9	0.000000E+0	0.000000E+0	1.999856E+1	0.000000E+0	8.000000E+0
21-Apr-25	03:04:12	-1.000000E-5	-1.900000E-4	-7.075350E-1	-1.147800E-5	-6.800000E-8	-1.660000E-6	-4.000000E-8	0.000000E+0	0.000000E+0	1.964247E-4	2.976042E-9	0.000000E+0	0.000000E+0	1.999856E+1	0.000000E+0	8.000000E+0
21-Apr-25	03:04:13	-1.000000E-5	-1.900000E-4	-7.086950E-1	-1.143200E-5	-8.200000E-8	-1.620000E-6	-4.000000E-8	0.000000E+0	0.000000E+0	1.964247E-4	2.976042E-9	0.000000E+0	0.000000E+0	1.999856E+1	0.000000E+0	8.000000E+0
21-Apr-25	03:04:13	-1.000000E-5	-1.900000E-4	-7.094850E-1	-1.138800E-5	3.000000E-8	-1.620000E-6	0.000000E+0	0.000000E+0	0.000000E+0	1.964247E-4	2.976042E-9	0.000000E+0	0.000000E+0	1.999856E+1	0.000000E+0	8.000000E+0
21-Apr-25	03:04:14	-1.000000E-5	-1.900000E-4	-7.103750E-1	-1.135400E-5	-2.600000E-8	-1.640000E-6	-2.000000E-8	0.000000E+0	0.000000E+0	1.964247E-4	2.976042E-9	0.000000E+0	0.000000E+0	1.999856E+1	0.000000E+0	8.000000E+0
21-Apr-25	03:04:14	-1.000000E-5	-1.900000E-4	-7.116250E-1	-1.147200E-5	-9.400000E-8	-1.640000E-6	-2.000000E-8	0.000000E+0	0.000000E+0	1.964247E-4	2.976042E-9	0.000000E+0	0.000000E+0	1.999856E+1	0.000000E+0	8.000000E+0
21-Apr-25	03:04:15	-1.000000E-5	-1.900000E-4	-7.126950E-1	-1.152000E-5	-8.000000E-8	-1.640000E-6	-2.000000E-8	0.000000E+0	0.000000E+0	1.964247E-4	2.976042E-9	0.000000E+0	0.000000E+0	1.999856E+1	0.000000E+0	8.000000E+0
21-Apr-25	03:04:15	-1.000000E-5	-1.900000E-4	-7.135700E-1	-1.153000E-5	-1.580000E-7	-1.640000E-6	-2.000000E-8	0.000000E+0	0.000000E+0	1.964247E-4	2.976042E-9	0.000000E+0	0.000000E+0	1.999856E+1	0.000000E+0	8.000000E+0
21-Apr-25	03:04:16	-1.000000E-5	-1.900000E-4	-7.144450E-1	-1.153600E-5	-8.200000E-8	-1.640000E-6	-2.000000E-8	0.000000E+0	0.000000E+0	1.964247E-4	2.976042E-9	0.000000E+0	0.000000E+0	1.999856E+1	0.000000E+0	8.000000E+0
21-Apr-25	03:04:16	-1.000000E-5	-1.900000E-4	-7.153200E-1	-1.146600E-5	-8.800000E-8	-1.660000E-6	-4.000000E-8	0.000000E+0	0.000000E+0	1.964247E-4	2.976042E-9	0.000000E+0	0.000000E+0	1.999856E+1	0.000000E+0	8.000000E+0
21-Apr-25	03:04:17	-1.000000E-5	-1.900000E-4	-7.161900E-1	-1.142000E-5	-5.800000E-8	-1.660000E-6	-4.000000E-8	0.000000E+0	0.000000E+0	1.964247E-4	2.976042E-9	0.000000E+0	0.000000E+0	1.999856E+1	0.000000E+0	8.000000E+0
21-Apr-25	03:04:18	-1.000000E-5	-1.900000E-4	-7.170600E-1	-1.138200E-5	-4.200000E-8	-1.660000E-6	-4.000000E-8	0.000000E+0	0.000000E+0	1.964247E-4	2.976042E-9	0.000000E+0	0.000000E+0	1.999856E+1	0.000000E+0	8.000000E+0
21-Apr-25	03:04:18	-1.000000E-5	-1.900000E-4	-7.181900E-1	-1.143800E-5	-6.800000E-8	-1.640000E-6	-2.000000E-8	0.000000E+0	0.000000E+0	1.964247E-4	2.976042E-9	0.000000E+0	0.000000E+0	1.999856E+1	0.000000E+0	8.000000E+0
21-Apr-25	03:04:19	-1.000000E-5	-1.900000E-4	-7.190550E-1	-1.144600E-5	-1.240000E-7	-1.660000E-6	0.000000E+0	0.000000E+0	0.000000E+0	1.964247E-4	2.976042E-9	0.000000E+0	0.000000E+0	1.999856E+1	0.000000E+0	8.000000E+0
21-Apr-25	03:04:19	-1.000000E-5	-1.900000E-4	-7.200100E-1	-1.141000E-5	-1.520000E-7	-1.640000E-6	-2.000000E-8	0.000000E+0	0.000000E+0	1.964247E-4	2.976042E-9	0.000000E+0	0.000000E+0	1.999856E+1	0.000000E+0	8.000000E+0
21-Apr-25	03:04:20	-1.000000E-5	-1.900000E-4	-7.208700E-1	-1.147000E-5	-1.320000E-7	-1.640000E-6	-2.000000E-8	0.000000E+0	0.000000E+0	1.964247E-4	2.976042E-9	0.000000E+0	0.000000E+0	1.999856E+1	0.000000E+0	8.000000E+0
21-Apr-25	03:04:20	-1.000000E-5	-1.900000E-4	-7.221000E-1	-1.142200E-5	-1.120000E-7	-1.640000E-6	-2.000000E-8	0.000000E+0	0.000000E+0	1.964247E-4	2.976042E-9	0.000000E+0	0.000000E+0	1.999856E+1	0.000000E+0	8.000000E+0
21-Apr-25	03:04:21	-1.000000E-5	-1.900000E-4	-7.228700E-1	-1.140200E-5	-6.000000E-8	-1.660000E-6	0.000000E+0	0.000000E+0	0.000000E+0	1.964247E-4	2.976042E-9	0.000000E+0	0.000000E+0	1.999856E+1	0.000000E+0	8.000000E+0
21-Apr-25	03:04:21	-1.000000E-5	-1.900000E-4	-7.236450E-1	-1.138200E-5	-5.000000E-8	-1.640000E-6	-2.000000E-8	0.000000E+0	0.000000E+0	1.964247E-4	2.976042E-9	0.000000E+0	0.000000E+0	1.999856E+1	0.000000E+0	8.000000E+0
21-Apr-25	03:04:22	-1.000000E-5	-1.900000E-4	-7.244950E-1	-1.140000E-5	-1.060000E-7	-1.640000E-6	-2.000000E-8	0.000000E+0	0.000000E+0	1.964247E-4	2.976042E-9	0.000000E+0	0.000000E+0	1.999856E+1	0.000000E+0	8.000000E+0
21-Apr-25	03:04:22	-1.000000E-5	-1.900000E-4	-7.253500E-1	-1.141800E-5	-9.600000E-8	-1.640000E-6	-2.000000E-8	0.000000E+0	0.000000E+0	1.964247E-4	2.976042E-9	0.000000E+0	0.000000E+0	1.999856E+1	0.000000E+0	8.000000E+0
21-Apr-25	03:04:23	-1.000000E-5	-1.900000E-4	-7.262000E-1	-1.140200E-5	-9.000000E-8	-1.640000E-6	-2.000000E-8	0.000000E+0	0.000000E+0	1.964247E-4	2.976042E-9	0.000000E+0	0.000000E+0	1.999856E+1	0.000000E+0	8.000000E+0
21-Apr-25	03:04:23	-1.000000E-5	-1.900000E-4	-7.270550E-1	-1.138800E-5	-5.800000E-8	-1.620000E-6	-2.000000E-8	0.000000E+0	0.000000E+0	1.964247E-4	2.976042E-9	0.000000E+0	0.000000E+0	1.999856E+1	0.000000E+0	8.000000E+0
21-Apr-25	03:04:24	-1.000000E-5	-1.900000E-4	-7.279250E-1	-1.141400E-5	-5.200000E-8	-1.640000E-6	0.000000E+0	0.000000E+0	0.000000E+0	1.964247E-4	2.976042E-9	0.000000E+0	0.000000E+0	1.999856E+1	0.000000E+0	8.000000E+0
21-Apr-25	03:04:24	-1.000000E-5	-1.900000E-4	-7.287550E-1	-1.131800E-5	-1.200000E-7	-1.640000E-6	0.000000E+0	0.000000E+0	0.000000E+0	1.964247E-4	2.976042E-9	0.000000E+0	0.000000E+0	1.999856E+1	0.000000E+0	8.000000E+0
21-Apr-25	03:04:25	-1.000000E-5	-1.900000E-4	-7.295850E-1	-1.136800E-5	-1.000000E-7	-1.660000E-6	-2.000000E-8	0.000000E+0	0.000000E+0	1.964247E-4	2.976042E-9	0.000000E+0	0.000000E+0	1.999856E+1	0.000000E+0	8.000000E+0
21-Apr-25	03:04:25	-1.000000E-5	-1.900000E-4	-7.304250E-1	-1.146200E-5	-6.800000E-8	-1.660000E-6	-4.000000E-8	0.000000E+0	0.000000E+0	1.964247E-4	2.976042E-9	0.000000E+0	0.000000E+0	1.999856E+1	0.000000E+0	8.000000E+0
21-Apr-25	03:04:26	-1.000000E-5	-1.900000E-4	-7.312700E-1	-1.144600E-5	2.000000E-9	-1.660000E-6	0.000000E+0	0.000000E+0	0.000000E+0	1.964247E-4	2.976042E-9	0.000000E+0	0.000000E+0	1.999856E+1	0.000000E+0	8.000000E+0
21-Apr-25	03:04:27	-1.000000E-5	-1.900000E-4	-7.324700E-1	-1.138400E-5	3.600000E-8	-1.640000E-6	0.000000E+0	0.000000E+0	0.000000E+0	1.964247E-4	2.976042E-9	0.000000E+0	0.000000E+0	1.999856E+1	0.000000E+0	8.000000E+0
21-Apr-25	03:04:27	-1.000000E-5	-1.900000E-4	-7.335550E-1	-1.144400E-5	-1.280000E-7	-1.620000E-6	0.000000E+0	0.000000E+0	0.000000E+0	1.964247E-4	2.976042E-9	0.000000E+0	0.000000E+0	1.999856E+1	0.000000E+0	8.000000E+0
21-Apr-25	03:04:28	-1.000000E-5	-1.900000E-4	-7.343950E-1	-1.152000E-5	-1.480000E-7	-1.620000E-6	-4.000000E-8	0.000000E+0	0.000000E+0	1.964247E-4	2.976042E-9	0.000000E+0	0.000000E+0	1.999856E+1	0.000000E+0	8.000000E+0
21-Apr-25	03:04:28	-1.000000E-5	-1.900000E-4	-7.352200E-1	-1.140000E-5	-5.600000E-8	-1.620000E-6	-4.000000E-8	0.000000E+0	0.000000E+0	1.964247E-4	2.976042E-9	0.000000E+0	0.000000E+0	1.999856E+1	0.000000E+0	8.000000E+0
21-Apr-25	03:04:29	-1.000000E-5	-1.900000E-4	-7.363250E-1	-1.148200E-5	-7.400000E-8	-1.640000E-6	-2.000000E-8	0.000000E+0	0.000000E+0	1.964247E-4	2.976042E-9	0.000000E+0	0.000000E+0	1.999856E+1	0.000000E+0	8.000000E+0
21-Apr-25	03:04:29	-1.000000E-5	-1.900000E-4	-7.371550E-1	-1.146000E-5	-5.800000E-8	-1.640000E-6	-2.000000E-8	0.000000E+0	0.000000E+0	1.964247E-4	2.976042E-9	0.000000E+0	0.000000E+0	1.999856E+1	0.000000E+0	8.000000E+0
21-Apr-25	03:04:30	-1.000000E-5	-1.900000E-4	-7.379850E-1	-1.144400E-5	2.000000E-8	-1.640000E-6	-2.000000E-8	0.000000E+0	0.000000E+0	1.964247E-4	2.976042E-9	0.000000E+0	0.000000E+0	1.999856E+1	0.000000E+0	8.000000E+0
21-Apr-25	03:04:30	-1.000000E-5	-1.900000E-4	-7.391350E-1	-1.143600E-5	-5.200000E-8	-1.640000E-6	0.000000E+0	0.000000E+0	0.000000E+0	1.964247E-4	2.976042E-9	0.000000E+0	0.000000E+0	1.999856E+1	0.000000E+0	8.000000E+0
21-Apr-25	03:04:31	-1.000000E-5	-1.900000E-4	-7.400400E-1	-1.147600E-5	-6.800000E-8	-1.640000E-6	-2.000000E-8	0.000000E+0	0.000000E+0	1.964247E-4	2.976042E-9	0.000000E+0	0.000000E+0	1.999856E+1	0.000000E+0	8.000000E+0
21-Apr-25	03:04:32	-1.000000E-5	-1.900000E-4	-7.409450E-1	-1.150200E-5	-1.020000E-7	-1.640000E-6	-2.000000E-8	0.000000E+0	0.000000E+0	1.964247E-4	2.976042E-9	0.000000E+0	0.000000E+0	1.999856E+1	0.000000E+0	8.000000E+0
21-Apr-25	03:04:32	-1.000000E-5	-1.900000E-4	-7.416800E-1	-1.145200E-5	-5.400000E-8	-1.640000E-6	0.000000E+0	0.000000E+0	0.000000E+0	1.964247E-4	2.976042E-9	0.000000E+0	0.000000E+0	1.999856E+1	0.000000E+0	8.000000E+0
21-Apr-25	03:04:32	-1.000000E-5	-1.900000E-4	-7.424950E-1	-1.137400E-5	-1.020000E-7	-1.620000E-6	-2.000000E-8	0.000000E+0	0.000000E+0	1.964247E-4	2.976042E-9	0.000000E+0	0.000000E+0	1.999856E+1	0.000000E+0	8.000000E+0
21-Apr-25	03:04:33	-1.000000E-5	-1.900000E-4	-7.432300E-1	-1.156400E-5	-1.500000E-7	-1.660000E-6	-2.000000E-8	0.000000E+0	0.000000E+0	1.964247E-4	2.976042E-9	0.000000E+0	0.000000E+0	1.999856E+1	0.000000E+0	8.000000E+0
21-Apr-25	03:04:34	-1.000000E-5	-1.900000E-4	-7.443650E-1	-1.148200E-5	-1.180000E-7	-1.640000E-6	-4.000000E-8	0.000000E+0	0.000000E+0	1.964247E-4	2.976042E-9	0.000000E+0	0.000000E+0	1.999856E+1	0.000000E+0	8.000000E+0
21-Apr-25	03:04:34	-1.000000E-5	-1.900000E-4	-7.453550E-1	-1.148600E-5	-2.800000E-8	-1.620000E-6	-2.000000E-8	0.000000E+0	0.000000E+0	1.964247E-4	2.976042E-9	0.000000E+0	0.000000E+0	1.999856E+1	0.000000E+0	8.000000E+0
21-Apr-25	03:04:35	-1.000000E-5	-1.900000E-4	-7.461750E-1	-1.142400E-5	-1.200000E-8	-1.620000E-6	-2.000000E-8	0.000000E+0	0.000000E+0	1.964247E-4	2.976042E-9	0.000000E+0	0.000000E+0	1.999856E+1	0.000000E+0	8.000000E+0
21-Apr-25	03:04:35	-1.000000E-5	-1.900000E-4	-7.472200E-1	-1.155800E-5	-7.600000E-8	-1.640000E-6	-2.000000E-8	0.000000E+0	0.000000E+0	1.964247E-4	2.976042E-9	0.000000E+0	0.000000E+0	1.999856E+1	0.000000E+0	8.000000E+0
21-Apr-25	03:04:36	-1.000000E-5	-1.900000E-4	-7.480300E-1	-1.148000E-5	-1.000000E-7	-1.640000E-6	0.000000E+0	0.000000E+0	0.000000E+0	1.964247E-4	2.976042E-9	0.000000E+0	0.000000E+0	1.999856E+1	0.000000E+0	8.000000E+0
21-Apr-25	03:04:36	-1.000000E-5	-1.900000E-4	-7.487500E-1	-1.148800E-5	-5.800000E-8	-1.640000E-6	0.000000E+0	0.000000E+0	0.000000E+0	1.964247E-4	2.976042E-9	0.000000E+0	0.000000E+0	1.999856E+1	0.000000E+0	8.000000E+0
21-Apr-25	03:04:37	-1.000000E-5	-1.900000E-4	-7.495500E-1	-1.150800E-5	-2.000000E-8	-1.620000E-6	0.000000E+0	0.000000E+0	0.000000E+0	1.964247E-4	2.976042E-9	0.000000E+0	0.000000E+0	1.999856E+1	0.000000E+0	8.000000E+0
21-Apr-25	03:04:38	-1.000000E-5	-1.900000E-4	-7.505900E-1	-1.146400E-5	-4.800000E-8	-1.620000E-6	-2.000000E-8	0.000000E+0	0.000000E+0	1.964247E-4	2.976042E-9	0.000000E+0	0.000000E+0	1.999856E+1	0.000000E+0	8.000000E+0
21-Apr-25	03:04:38	-1.000000E-5	-1.900000E-4	-7.513900E-1	-1.150200E-5	-6.400000E-8	-1.620000E-6	-4.000000E-8	0.000000E+0	0.000000E+0	1.964247E-4	2.976042E-9	0.000000E+0	0.000000E+0	1.999856E+1	0.000000E+0	8.000000E+0
21-Apr-25	03:04:39	-1.000000E-5	-1.900000E-4	-7.522600E-1	-1.152200E-5	-2.400000E-8	-1.600000E-6	-2.000000E-8	0.000000E+0	0.000000E+0	1.964247E-4	2.976042E-9	0.000000E+0	0.000000E+0	1.999856E+1	0.000000E+0	8.000000E+0
21-Apr-25	03:04:39	-1.000000E-5	-1.900000E-4	-7.532450E-1	-1.146800E-5	-3.000000E-8	-1.620000E-6	-4.000000E-8	0.000000E+0	0.000000E+0	1.964247E-4	2.976042E-9	0.000000E+0	0.000000E+0	1.999856E+1	0.000000E+0	8.000000E+0
21-Apr-25	03:04:40	-1.000000E-5	-1.900000E-4	-7.540300E-1	-1.144000E-5	-1.300000E-7	-1.620000E-6	-4.000000E-8	0.000000E+0	0.000000E+0	1.964247E-4	2.976042E-9	0.000000E+0	0.000000E+0	1.999856E+1	0.000000E+0	8.000000E+0
21-Apr-25	03:04:40	-1.000000E-5	-1.900000E-4	-7.548250E-1	-1.146600E-5	-1.060000E-7	-1.600000E-6	-2.000000E-8	0.000000E+0	0.000000E+0	1.964247E-4	2.976042E-9	0.000000E+0	0.000000E+0	1.999856E+1	0.000000E+0	8.000000E+0
21-Apr-25	03:04:41	-1.000000E-5	-1.900000E-4	-7.556100E-1	-1.150000E-5	-6.200000E-8	-1.600000E-6	-2.000000E-8	0.000000E+0	0.000000E+0	1.964247E-4	2.976042E-9	0.000000E+0	0.000000E+0	1.999856E+1	0.000000E+0	8.000000E+0
21-Apr-25	03:04:41	-1.000000E-5	-1.900000E-4	-7.564000E-1	-1.146600E-5	-1.020000E-7	-1.620000E-6	0.000000E+0	0.000000E+0	0.000000E+0	1.964247E-4	2.976042E-9	0.000000E+0	0.000000E+0	1.999856E+1	0.000000E+0	8.000000E+0
21-Apr-25	03:04:42	-1.000000E-5	-1.900000E-4	-7.571850E-1	-1.150000E-5	-3.600000E-8	-1.640000E-6	0.000000E+0	0.000000E+0	0.000000E+0	1.964247E-4	2.976042E-9	0.000000E+0	0.000000E+0	1.999856E+1	0.000000E+0	8.000000E+0
21-Apr-25	03:04:42	-1.000000E-5	-1.900000E-4	-7.573850E-1	-1.144800E-5	-1.800000E-8	-1.640000E-6	-2.000000E-8	0.000000E+0	0.000000E+0	1.964247E-4	2.976042E-9	0.000000E+0	0.000000E+0	1.999856E+1	0.000000E+0	8.000000E+0
21-Apr-25	03:04:43	-1.000000E-5	-1.900000E-4	-7.588300E-1	-1.154200E-5	-6.600000E-8	-1.620000E-6	-4.000000E-8	0.000000E+0	0.000000E+0	1.964247E-4	2.976042E-9	0.000000E+0	0.000000E+0	1.999856E+1	0.000000E+0	8.000000E+0
21-Apr-25	03:04:43	-1.000000E-5	-1.900000E-4	-7.595450E-1	-1.137600E-5	-1.240000E-7	-1.620000E-6	0.000000E+0	0.000000E+0	0.000000E+0	1.964247E-4	2.976042E-9	0.000000E+0	0.000000E+0	1.999856E+1	0.000000E+0	8.000000E+0
21-Apr-25	03:04:44	-1.000000E-5	-1.900000E-4	-7.604200E-1	-1.142400E-5	-7.800000E-8	-1.620000E-6	-2.000000E-8	0.000000E+0	0.000000E+0	1.964247E-4	2.976042E-9	0.000000E+0	0.000000E+0	1.999856E+1	0.000000E+0	8.000000E+0
21-Apr-25	03:04:44	-1.000000E-5	-1.900000E-4	-7.611150E-1	-1.134800E-5	-4.800000E-8	-1.600000E-6	-2.000000E-8	0.000000E+0	0.000000E+0	1.964247E-4	2.976042E-9	0.000000E+0	0.000000E+0	1.999856E+1	0.000000E+0	8.000000E+0
21-Apr-25	03:04:45	-1.000000E-5	-1.900000E-4	-7.618100E-1	-1.142000E-5	-1.080000E-7	-1.600000E-6	-2.000000E-8	0.000000E+0	0.000000E+0	1.964247E-4	2.976042E-9	0.000000E+0	0.000000E+0	1.999856E+1	0.000000E+0	8.000000E+0
21-Apr-25	03:04:45	-1.000000E-5	-1.900000E-4	-7.625100E-1	-1.152400E-5	-6.000000E-8	-1.600000E-6	-2.000000E-8	0.000000E+0	0.000000E+0	1.964247E-4	2.976042E-9	0.000000E+0	0.000000E+0	1.999856E+1	0.000000E+0	8.000000E+0
21-Apr-25	03:04:46	-1.000000E-5	-1.900000E-4	-7.632800E-1	-1.149400E-5	-8.400000E-8	-1.600000E-6	0.000000E+0	0.000000E+0	0.000000E+0	1.964247E-4	2.976042E-9	0.000000E+0	0.000000E+0	1.999856E+1	0.000000E+0	8.000000E+0
21-Apr-25	03:04:46	-1.000000E-5	-1.900000E-4	-7.640500E-1	-1.143800E-5	-1.160000E-7	-1.620000E-6	-2.000000E-8	0.000000E+0	0.000000E+0	1.964247E-4	2.976042E-9	0.000000E+0	0.000000E+0	1.999856E+1	0.000000E+0	8.000000E+0
21-Apr-25	03:04:47	-1.000000E-5	-1.900000E-4	-7.648200E-1	-1.139200E-5	-6.000000E-8	-1.600000E-6	-2.000000E-8	0.000000E+0	0.000000E+0	1.964247E-4	2.976042E-9	0.000000E+0	0.000000E+0	1.999856E+1	0.000000E+0	8.000000E+0
21-Apr-25	03:04:47	-1.000000E-5	-1.900000E-4	-7.655300E-1	-1.152600E-5	-6.400000E-8	-1.600000E-6	0.000000E+0	0.000000E+0	0.000000E+0	1.964247E-4	2.976042E-9	0.000000E+0	0.000000E+0	1.999856E+1	0.000000E+0	8.000000E+0
21-Apr-25	03:04:48	-1.000000E-5	-1.900000E-4	-7.663800E-1	-1.146000E-5	-6.000000E-8	-1.620000E-6	0.000000E+0	0.000000E+0	0.000000E+0	1.964247E-4	2.976042E-9	0.000000E+0	0.000000E+0	1.999856E+1	0.000000E+0	8.000000E+0
21-Apr-25	03:04:48	-1.000000E-5	-1.900000E-4	-7.670650E-1	-1.141400E-5	-5.600000E-8	-1.620000E-6	-2.000000E-8	0.000000E+0	0.000000E+0	1.964247E-4	2.976042E-9	0.000000E+0	0.000000E+0	1.999856E+1	0.000000E+0	8.000000E+0
21-Apr-25	03:04:48	-1.000000E-5	-1.900000E-4	-7.677600E-1	-1.142600E-5	1.000000E-8	-1.620000E-6	-4.000000E-8	0.000000E+0	0.000000E+0	1.964247E-4	2.976042E-9	0.000000E+0	0.000000E+0	1.999856E+1	0.000000E+0	8.000000E+0
21-Apr-25	03:04:49	-1.000000E-5	-1.900000E-4	-7.684450E-1	-1.140000E-5	-8.000000E-8	-1.620000E-6	-2.000000E-8	0.000000E+0	0.000000E+0	1.964247E-4	2.976042E-9	0.000000E+0	0.000000E+0	1.999856E+1	0.000000E+0	8.000000E+0
21-Apr-25	03:04:49	-1.000000E-5	-1.900000E-4	-7.692750E-1	-1.142800E-5	-1.700000E-7	-1.620000E-6	-2.000000E-8	0.000000E+0	0.000000E+0	1.964247E-4	2.976042E-9	0.000000E+0	0.000000E+0	1.999856E+1	0.000000E+0	8.000000E+0
21-Apr-25	03:04:50	-1.000000E-5	-1.900000E-4	-7.699600E-1	-1.138200E-5	-1.920000E-7	-1.620000E-6	-4.000000E-8	0.000000E+0	0.000000E+0	1.964247E-4	2.976042E-9	0.000000E+0	0.000000E+0	1.999856E+1	0.000000E+0	8.000000E+0
21-Apr-25	03:04:51	-1.000000E-5	-1.900000E-4	-7.708800E-1	-1.142400E-5	-9.800000E-8	-1.600000E-6	-2.000000E-8	0.000000E+0	0.000000E+0	1.964247E-4	2.976042E-9	0.000000E+0	0.000000E+0	1.999856E+1	0.000000E+0	8.000000E+0
21-Apr-25	03:04:51	-1.000000E-5	-1.900000E-4	-7.716500E-1	-1.145200E-5	2.000000E-9	-1.600000E-6	-2.000000E-8	0.000000E+0	0.000000E+0	1.964247E-4	2.976042E-9	0.000000E+0	0.000000E+0	1.999856E+1	0.000000E+0	8.000000E+0
21-Apr-25	03:04:52	-1.000000E-5	-1.900000E-4	-7.724750E-1	-1.139000E-5	-2.000000E-9	-1.600000E-6	0.000000E+0	0.000000E+0	0.000000E+0	1.964247E-4	2.976042E-9	0.000000E+0	0.000000E+0	1.999856E+1	0.000000E+0	8.000000E+0
21-Apr-25	03:04:52	-1.000000E-5	-1.900000E-4	-7.726600E-1	-1.142000E-5	-3.000000E-8	-1.600000E-6	-2.000000E-8	0.000000E+0	0.000000E+0	1.964247E-4	2.976042E-9	0.000000E+0	0.000000E+0	1.999856E+1	0.000000E+0	8.000000E+0
21-Apr-25	03:04:53	-1.000000E-5	-1.900000E-4	-7.740650E-1	-1.150200E-5	-1.340000E-7	-1.580000E-6	-2.000000E-8	0.000000E+0	0.000000E+0	1.964247E-4	2.976042E-9	0.000000E+0	0.000000E+0	1.999856E+1	0.000000E+0	8.000000E+0
21-Apr-25	03:04:53	-1.000000E-5	-1.900000E-4	-7.747500E-1	-1.149600E-5	-7.400000E-8	-1.580000E-6	0.000000E+0	0.000000E+0	0.000000E+0	1.964247E-4	2.976042E-9	0.000000E+0	0.000000E+0	1.999856E+1	0.000000E+0	8.000000E+0
21-Apr-25	03:04:54	-1.000000E-5	-1.900000E-4	-7.754950E-1	-1.149000E-5	-5.000000E-8	-1.600000E-6	-2.000000E-8	0.000000E+0	0.000000E+0	1.964247E-4	2.976042E-9	0.000000E+0	0.000000E+0	1.999856E+1	0.000000E+0	8.000000E+0
21-Apr-25	03:04:54	-1.000000E-5	-1.900000E-4	-7.763150E-1	-1.146200E-5	-4.400000E-8	-1.580000E-6	-4.000000E-8	0.000000E+0	0.000000E+0	1.964247E-4	2.976042E-9	0.000000E+0	0.000000E+0	1.999856E+1	0.000000E+0	8.000000E+0
21-Apr-25	03:04:55	-1.000000E-5	-1.900000E-4	-7.769850E-1	-1.150400E-5	-5.800000E-8	-1.580000E-6	0.000000E+0	0.000000E+0	0.000000E+0	1.964247E-4	2.976042E-9	0.000000E+0	0.000000E+0	1.999856E+1	0.000000E+0	8.000000E+0
21-Apr-25	03:04:55	-1.000000E-5	-1.900000E-4	-7.776500E-1	-1.142600E-5	-1.320000E-7	-1.600000E-6	0.000000E+0	0.000000E+0	0.000000E+0	1.964247E-4	2.976042E-9	0.000000E+0	0.000000E+0	1.999856E+1	0.000000E+0	8.000000E+0
21-Apr-25	03:04:56	-1.000000E-5	-1.900000E-4	-7.784650E-1	-1.140200E-5	-1.340000E-7	-1.600000E-6	-2.000000E-8	0.000000E+0	0.000000E+0	1.964247E-4	2.976042E-9	0.000000E+0	0.000000E+0	1.999856E+1	0.000000E+0	8.000000E+0
21-Apr-25	03:04:56	-1.000000E-5	-1.900000E-4	-7.791300E-1	-1.139400E-5	-6.200000E-8	-1.600000E-6	-2.000000E-8	0.000000E+0	0.000000E+0	1.964247E-4	2.976042E-9	0.000000E+0	0.000000E+0	1.999856E+1	0.000000E+0	8.000000E+0
21-Apr-25	03:04:57	-1.000000E-5	-1.900000E-4	-7.793900E-1	-1.136800E-5	-6.000000E-9	-1.580000E-6	0.000000E+0	0.000000E+0	0.000000E+0	1.964247E-4	2.976042E-9	0.000000E+0	0.000000E+0	1.999856E+1	0.000000E+0	8.000000E+0
21-Apr-25	03:04:57	-1.000000E-5	-1.900000E-4	-7.807550E-1	-1.153600E-5	-1.200000E-8	-1.580000E-6	-4.000000E-8	0.000000E+0	0.000000E+0	1.964247E-4	2.976042E-9	0.000000E+0	0.000000E+0	1.999856E+1	0.000000E+0	8.000000E+0
21-Apr-25	03:04:58	-1.000000E-5	-1.900000E-4	-7.816350E-1	-1.151200E-5	-1.200000E-7	-1.600000E-6	-4.000000E-8	0.000000E+0	0.000000E+0	1.964247E-4	2.976042E-9	0.000000E+0	0.000000E+0	1.999856E+1	0.000000E+0	8.000000E+0
21-Apr-25	03:04:58	-1.000000E-5	-1.900000E-4	-7.817550E-1	-1.146800E-5	-7.200000E-8	-1.600000E-6	-2.000000E-8	0.000000E+0	0.000000E+0	1.964247E-4	2.976042E-9	0.000000E+0	0.000000E+0	1.999856E+1	0.000000E+0	8.000000E+0
21-Apr-25	03:04:59	-1.000000E-5	-1.900000E-4	-7.831150E-1	-1.148400E-5	-4.600000E-8	-1.580000E-6	-4.000000E-8	0.000000E+0	0.000000E+0	1.964247E-4	2.976042E-9	0.000000E+0	0.000000E+0	1.999856E+1	0.000000E+0	8.000000E+0
21-Apr-25	03:04:59	-1.000000E-5	-1.900000E-4	-7.839900E-1	-1.150000E-5	-6.200000E-8	-1.600000E-6	-2.000000E-8	0.000000E+0	0.000000E+0	1.964247E-4	2.976042E-9	0.000000E+0	0.000000E+0	1.999856E+1	0.000000E+0	8.000000E+0
21-Apr-25	03:05:00	-1.000000E-5	-1.900000E-4	-7.847950E-1	-1.149600E-5	-1.220000E-7	-1.620000E-6	-2.000000E-8	0.000000E+0	0.000000E+0	1.964247E-4	2.976042E-9	0.000000E+0	0.000000E+0	1.999856E+1	0.000000E+0	8.000000E+0
21-Apr-25	03:05:01	-1.000000E-5	-1.900000E-4	-7.855950E-1	-1.141800E-5	-1.160000E-7	-1.620000E-6	-4.000000E-8	0.000000E+0	0.000000E+0	1.964247E-4	2.976042E-9	0.000000E+0	0.000000E+0	1.999856E+1	0.000000E+0	8.000000E+0
21-Apr-25	03:05:01	-1.000000E-5	-1.900000E-4	-7.863900E-1	-1.149400E-5	-4.200000E-8	-1.600000E-6	-2.000000E-8	0.000000E+0	0.000000E+0	1.964247E-4	2.976042E-9	0.000000E+0	0.000000E+0	1.999856E+1	0.000000E+0	8.000000E+0
21-Apr-25	03:05:02	-1.000000E-5	-1.900000E-4	-7.871150E-1	-1.153400E-5	-4.400000E-8	-1.580000E-6	-4.000000E-8	0.000000E+0	0.000000E+0	1.964247E-4	2.976042E-9	0.000000E+0	0.000000E+0	1.999856E+1	0.000000E+0	8.000000E+0
21-Apr-25	03:05:02	-1.000000E-5	-1.900000E-4	-7.878550E-1	-1.152600E-5	-3.400000E-8	-1.600000E-6	-2.000000E-8	0.000000E+0	0.000000E+0	1.964247E-4	2.976042E-9	0.000000E+0	0.000000E+0	1.999856E+1	0.000000E+0	8.000000E+0
21-Apr-25	03:05:03	-1.000000E-5	-1.900000E-4	-7.885050E-1	-1.141400E-5	2.600000E-8	-1.580000E-6	-2.000000E-8	0.000000E+0	0.000000E+0	1.964247E-4	2.976042E-9	0.000000E+0	0.000000E+0	1.999856E+1	0.000000E+0	8.000000E+0
21-Apr-25	03:05:03	-1.000000E-5	-1.900000E-4	-7.887550E-1	-1.144800E-5	-4.000000E-8	-1.600000E-6	-2.000000E-8	0.000000E+0	0.000000E+0	1.964247E-4	2.976042E-9	0.000000E+0	0.000000E+0	1.999856E+1	0.000000E+0	8.000000E+0
21-Apr-25	03:05:04	-1.000000E-5	-1.900000E-4	-7.900800E-1	-1.150600E-5	-1.480000E-7	-1.600000E-6	-2.000000E-8	0.000000E+0	0.000000E+0	1.964247E-4	2.976042E-9	0.000000E+0	0.000000E+0	1.999856E+1	0.000000E+0	8.000000E+0
21-Apr-25	03:05:04	-1.000000E-5	-1.900000E-4	-7.907250E-1	-1.144600E-5	-5.400000E-8	-1.580000E-6	-2.000000E-8	0.000000E+0	0.000000E+0	1.964247E-4	2.976042E-9	0.000000E+0	0.000000E+0	1.999856E+1	0.000000E+0	8.000000E+0
21-Apr-25	03:05:05	-1.000000E-5	-1.900000E-4	-7.914400E-1	-1.144400E-5	-8.000000E-8	-1.600000E-6	-2.000000E-8	0.000000E+0	0.000000E+0	1.964247E-4	2.976042E-9	0.000000E+0	0.000000E+0	1.999856E+1	0.000000E+0	8.000000E+0
21-Apr-25	03:05:05	-1.000000E-5	-1.900000E-4	-7.921450E-1	-1.145600E-5	-2.800000E-8	-1.600000E-6	-2.000000E-8	0.000000E+0	0.000000E+0	1.964247E-4	2.976042E-9	0.000000E+0	0.000000E+0	1.999856E+1	0.000000E+0	8.000000E+0
21-Apr-25	03:05:06	-1.000000E-5	-1.900000E-4	-7.927850E-1	-1.147000E-5	1.800000E-8	-1.580000E-6	-2.000000E-8	0.000000E+0	0.000000E+0	1.964247E-4	2.976042E-9	0.000000E+0	0.000000E+0	1.999856E+1	0.000000E+0	8.000000E+0
21-Apr-25	03:05:06	-1.000000E-5	-1.900000E-4	-7.934250E-1	-1.142600E-5	-1.120000E-7	-1.580000E-6	-2.000000E-8	0.000000E+0	0.000000E+0	1.964247E-4	2.976042E-9	0.000000E+0	0.000000E+0	1.999856E+1	0.000000E+0	8.000000E+0
21-Apr-25	03:05:06	-1.000000E-5	-1.900000E-4	-7.941300E-1	-1.153800E-5	-8.400000E-8	-1.600000E-6	0.000000E+0	0.000000E+0	0.000000E+0	1.964247E-4	2.976042E-9	0.000000E+0	0.000000E+0	1.999856E+1	0.000000E+0	8.000000E+0
21-Apr-25	03:05:07	-1.000000E-5	-1.900000E-4	-7.947750E-1	-1.148400E-5	-9.600000E-8	-1.600000E-6	-2.000000E-8	0.000000E+0	0.000000E+0	1.964247E-4	2.976042E-9	0.000000E+0	0.000000E+0	1.999856E+1	0.000000E+0	8.000000E+0
21-Apr-25	03:05:07	-1.000000E-5	-1.900000E-4	-7.954900E-1	-1.152000E-5	8.000000E-9	-1.560000E-6	-2.000000E-8	0.000000E+0	0.000000E+0	1.964247E-4	2.976042E-9	0.000000E+0	0.000000E+0	1.999856E+1	0.000000E+0	8.000000E+0
21-Apr-25	03:05:08	-1.000000E-5	-1.900000E-4	-7.962000E-1	-1.150200E-5	2.800000E-8	-1.580000E-6	-2.000000E-8	0.000000E+0	0.000000E+0	1.964247E-4	2.976042E-9	0.000000E+0	0.000000E+0	1.999856E+1	0.000000E+0	8.000000E+0
21-Apr-25	03:05:08	-1.000000E-5	-1.900000E-4	-7.968300E-1	-1.152400E-5	3.800000E-8	-1.600000E-6	0.000000E+0	0.000000E+0	0.000000E+0	1.964247E-4	2.976042E-9	0.000000E+0	0.000000E+0	1.999856E+1	0.000000E+0	8.000000E+0
21-Apr-25	03:05:09	-1.000000E-5	-1.900000E-4	-7.975300E-1	-1.148400E-5	-2.600000E-8	-1.580000E-6	-2.000000E-8	0.000000E+0	0.000000E+0	1.964247E-4	2.976042E-9	0.000000E+0	0.000000E+0	1.999856E+1	0.000000E+0	8.000000E+0
21-Apr-25	03:05:09	-1.000000E-5	-1.900000E-4	-7.981550E-1	-1.144200E-5	-8.200000E-8	-1.580000E-6	-2.000000E-8	0.000000E+0	0.000000E+0	1.964247E-4	2.976042E-9	0.000000E+0	0.000000E+0	1.999856E+1	0.000000E+0	8.000000E+0
21-Apr-25	03:05:10	-1.000000E-5	-1.900000E-4	-7.982600E-1	-1.152600E-5	-1.160000E-7	-1.580000E-6	-2.000000E-8	0.000000E+0	0.000000E+0	1.964247E-4	2.976042E-9	0.000000E+0	0.000000E+0	1.999856E+1	0.000000E+0	8.000000E+0
21-Apr-25	03:05:10	-1.000000E-5	-1.900000E-4	-7.995550E-1	-1.155000E-5	-1.020000E-7	-1.580000E-6	0.000000E+0	0.000000E+0	0.000000E+0	1.964247E-4	2.976042E-9	0.000000E+0	0.000000E+0	1.999856E+1	0.000000E+0	8.000000E+0
21-Apr-25	03:05:11	-1.000000E-5	-1.900000E-4	-8.001800E-1	-1.158000E-5	-1.300000E-7	-1.580000E-6	-2.000000E-8	0.000000E+0	0.000000E+0	1.964247E-4	2.976042E-9	0.000000E+0	0.000000E+0	1.999856E+1	0.000000E+0	8.000000E+0
21-Apr-25	03:05:11	-1.000000E-5	-1.900000E-4	-8.008750E-1	-1.150800E-5	-1.700000E-7	-1.580000E-6	-2.000000E-8	0.000000E+0	0.000000E+0	1.964247E-4	2.976042E-9	0.000000E+0	0.000000E+0	1.999856E+1	0.000000E+0	8.000000E+0
21-Apr-25	03:05:12	-1.000000E-5	-1.900000E-4	-8.015150E-1	-1.155000E-5	-8.200000E-8	-1.580000E-6	-2.000000E-8	0.000000E+0	0.000000E+0	1.964247E-4	2.976042E-9	0.000000E+0	0.000000E+0	1.999856E+1	0.000000E+0	8.000000E+0
21-Apr-25	03:05:12	-1.000000E-5	-1.900000E-4	-8.021350E-1	-1.152600E-5	-3.400000E-8	-1.560000E-6	-2.000000E-8	0.000000E+0	0.000000E+0	1.964247E-4	2.976042E-9	0.000000E+0	0.000000E+0	1.999856E+1	0.000000E+0	8.000000E+0
21-Apr-25	03:05:13	-1.000000E-5	-1.900000E-4	-8.022350E-1	-1.144600E-5	-4.600000E-8	-1.580000E-6	-2.000000E-8	0.000000E+0	0.000000E+0	1.964247E-4	2.976042E-9	0.000000E+0	0.000000E+0	1.999856E+1	0.000000E+0	8.000000E+0
21-Apr-25	03:05:13	-1.000000E-5	-1.900000E-4	-8.033650E-1	-1.148400E-5	-3.400000E-8	-1.580000E-6	-2.000000E-8	0.000000E+0	0.000000E+0	1.964247E-4	2.976042E-9	0.000000E+0	0.000000E+0	1.999856E+1	0.000000E+0	8.000000E+0
21-Apr-25	03:05:14	-1.000000E-5	-1.900000E-4	-8.040550E-1	-1.149200E-5	-6.000000E-8	-1.560000E-6	-2.000000E-8	0.000000E+0	0.000000E+0	1.964247E-4	2.976042E-9	0.000000E+0	0.000000E+0	1.999856E+1	0.000000E+0	8.000000E+0
21-Apr-25	03:05:14	-1.000000E-5	-1.900000E-4	-8.046850E-1	-1.147200E-5	-1.160000E-7	-1.560000E-6	0.000000E+0	0.000000E+0	0.000000E+0	1.964247E-4	2.976042E-9	0.000000E+0	0.000000E+0	1.999856E+1	0.000000E+0	8.000000E+0
21-Apr-25	03:05:15	-1.000000E-5	-1.900000E-4	-8.053050E-1	-1.143800E-5	-1.340000E-7	-1.560000E-6	-2.000000E-8	0.000000E+0	0.000000E+0	1.964247E-4	2.976042E-9	0.000000E+0	0.000000E+0	1.999856E+1	0.000000E+0	8.000000E+0
21-Apr-25	03:05:15	-1.000000E-5	-1.900000E-4	-8.059900E-1	-1.154200E-5	-5.800000E-8	-1.580000E-6	-2.000000E-8	0.000000E+0	0.000000E+0	1.964247E-4	2.976042E-9	0.000000E+0	0.000000E+0	1.999856E+1	0.000000E+0	8.000000E+0
21-Apr-25	03:05:16	-1.000000E-5	-1.900000E-4	-8.066750E-1	-1.152400E-5	-6.800000E-8	-1.580000E-6	-4.000000E-8	0.000000E+0	0.000000E+0	1.964247E-4	2.976042E-9	0.000000E+0	0.000000E+0	1.999856E+1	0.000000E+0	8.000000E+0
21-Apr-25	03:05:16	-1.000000E-5	-1.900000E-4	-8.074200E-1	-1.155200E-5	-1.260000E-7	-1.540000E-6	0.000000E+0	0.000000E+0	0.000000E+0	1.964247E-4	2.976042E-9	0.000000E+0	0.000000E+0	1.999856E+1	0.000000E+0	8.000000E+0
21-Apr-25	03:05:17	-1.000000E-5	-1.900000E-4	-8.081600E-1	-1.157400E-5	-3.000000E-8	-1.560000E-6	-2.000000E-8	0.000000E+0	0.000000E+0	1.964247E-4	2.976042E-9	0.000000E+0	0.000000E+0	1.999856E+1	0.000000E+0	8.000000E+0
21-Apr-25	03:05:17	-1.000000E-5	-1.900000E-4	-8.087700E-1	-1.148400E-5	-4.000000E-8	-1.560000E-6	-4.000000E-8	0.000000E+0	0.000000E+0	1.964247E-4	2.976042E-9	0.000000E+0	0.000000E+0	1.999856E+1	0.000000E+0	8.000000E+0
21-Apr-25	03:05:18	-1.000000E-5	-1.900000E-4	-8.095150E-1	-1.151000E-5	-1.100000E-7	-1.560000E-6	-4.000000E-8	0.000000E+0	0.000000E+0	1.964247E-4	2.976042E-9	0.000000E+0	0.000000E+0	1.999856E+1	0.000000E+0	8.000000E+0
21-Apr-25	03:05:18	-1.000000E-5	-1.900000E-4	-8.101300E-1	-1.154800E-5	-1.060000E-7	-1.560000E-6	-2.000000E-8	0.000000E+0	0.000000E+0	1.964247E-4	2.976042E-9	0.000000E+0	0.000000E+0	1.999856E+1	0.000000E+0	8.000000E+0
21-Apr-25	03:05:19	-1.000000E-5	-1.900000E-4	-8.108850E-1	-1.158000E-5	-7.000000E-8	-1.560000E-6	0.000000E+0	0.000000E+0	0.000000E+0	1.964247E-4	2.976042E-9	0.000000E+0	0.000000E+0	1.999856E+1	0.000000E+0	8.000000E+0
21-Apr-25	03:05:19	-1.000000E-5	-1.900000E-4	-8.110550E-1	-1.148200E-5	-6.600000E-8	-1.560000E-6	-2.000000E-8	0.000000E+0	0.000000E+0	1.964247E-4	2.976042E-9	0.000000E+0	0.000000E+0	1.999856E+1	0.000000E+0	8.000000E+0
21-Apr-25	03:05:20	-1.000000E-5	-1.900000E-4	-8.122850E-1	-1.159200E-5	-3.600000E-8	-1.540000E-6	-4.000000E-8	0.000000E+0	0.000000E+0	1.964247E-4	2.976042E-9	0.000000E+0	0.000000E+0	1.999856E+1	0.000000E+0	8.000000E+0
21-Apr-25	03:05:20	-1.000000E-5	-1.900000E-4	-8.130850E-1	-1.154200E-5	-2.060000E-7	-1.580000E-6	-2.000000E-8	0.000000E+0	0.000000E+0	1.964247E-4	2.976042E-9	0.000000E+0	0.000000E+0	1.999856E+1	0.000000E+0	8.000000E+0
21-Apr-25	03:05:21	-1.000000E-5	-1.900000E-4	-8.131900E-1	-1.146000E-5	-1.620000E-7	-1.600000E-6	0.000000E+0	0.000000E+0	0.000000E+0	1.964247E-4	2.976042E-9	0.000000E+0	0.000000E+0	1.999856E+1	0.000000E+0	8.000000E+0
21-Apr-25	03:05:21	-1.000000E-5	-1.900000E-4	-8.144150E-1	-1.144200E-5	-1.280000E-7	-1.580000E-6	0.000000E+0	0.000000E+0	0.000000E+0	1.964247E-4	2.976042E-9	0.000000E+0	0.000000E+0	1.999856E+1	0.000000E+0	8.000000E+0
21-Apr-25	03:05:22	-1.000000E-5	-1.900000E-4	-8.150150E-1	-1.147800E-5	-1.080000E-7	-1.540000E-6	0.000000E+0	0.000000E+0	0.000000E+0	1.964247E-4	2.976042E-9	0.000000E+0	0.000000E+0	1.999856E+1	0.000000E+0	8.000000E+0
21-Apr-25	03:05:22	-1.000000E-5	-1.900000E-4	-8.156750E-1	-1.145800E-5	-8.600000E-8	-1.540000E-6	-4.000000E-8	0.000000E+0	0.000000E+0	1.964247E-4	2.976042E-9	0.000000E+0	0.000000E+0	1.999856E+1	0.000000E+0	8.000000E+0
21-Apr-25	03:05:23	-1.000000E-5	-1.900000E-4	-8.163350E-1	-1.145000E-5	-3.400000E-8	-1.560000E-6	-2.000000E-8	0.000000E+0	0.000000E+0	1.964247E-4	2.976042E-9	0.000000E+0	0.000000E+0	1.999856E+1	0.000000E+0	8.000000E+0
21-Apr-25	03:05:23	-1.000000E-5	-1.900000E-4	-8.169900E-1	-1.147600E-5	-2.800000E-8	-1.580000E-6	-2.000000E-8	0.000000E+0	0.000000E+0	1.964247E-4	2.976042E-9	0.000000E+0	0.000000E+0	1.999856E+1	0.000000E+0	8.000000E+0
21-Apr-25	03:05:24	-1.000000E-5	-1.900000E-4	-8.175850E-1	-1.148200E-5	1.800000E-8	-1.560000E-6	-2.000000E-8	0.000000E+0	0.000000E+0	1.964247E-4	2.976042E-9	0.000000E+0	0.000000E+0	1.999856E+1	0.000000E+0	8.000000E+0
21-Apr-25	03:05:24	-1.000000E-5	-1.900000E-4	-8.178850E-1	-1.156600E-5	-1.140000E-7	-1.560000E-6	-4.000000E-8	0.000000E+0	0.000000E+0	1.964247E-4	2.976042E-9	0.000000E+0	0.000000E+0	1.999856E+1	0.000000E+0	8.000000E+0
21-Apr-25	03:05:25	-1.000000E-5	-1.900000E-4	-8.190450E-1	-1.156800E-5	-7.000000E-8	-1.560000E-6	-2.000000E-8	0.000000E+0	0.000000E+0	1.964247E-4	2.976042E-9	0.000000E+0	0.000000E+0	1.999856E+1	0.000000E+0	8.000000E+0
21-Apr-25	03:05:25	-1.000000E-5	-1.900000E-4	-8.197650E-1	-1.148600E-5	-8.000000E-8	-1.560000E-6	-2.000000E-8	0.000000E+0	0.000000E+0	1.964247E-4	2.976042E-9	0.000000E+0	0.000000E+0	1.999856E+1	0.000000E+0	8.000000E+0
21-Apr-25	03:05:26	-1.000000E-5	-1.900000E-4	-8.203500E-1	-1.141400E-5	-1.020000E-7	-1.540000E-6	-2.000000E-8	0.000000E+0	0.000000E+0	1.964247E-4	2.976042E-9	0.000000E+0	0.000000E+0	1.999856E+1	0.000000E+0	8.000000E+0
21-Apr-25	03:05:26	-1.000000E-5	-1.900000E-4	-8.210650E-1	-1.141600E-5	2.000000E-8	-1.560000E-6	-2.000000E-8	0.000000E+0	0.000000E+0	1.964247E-4	2.976042E-9	0.000000E+0	0.000000E+0	1.999856E+1	0.000000E+0	8.000000E+0
21-Apr-25	03:05:27	-1.000000E-5	-1.900000E-4	-8.217750E-1	-1.141600E-5	-1.600000E-8	-1.560000E-6	0.000000E+0	0.000000E+0	0.000000E+0	1.964247E-4	2.976042E-9	0.000000E+0	0.000000E+0	1.999856E+1	0.000000E+0	8.000000E+0
21-Apr-25	03:05:28	-1.000000E-5	-1.900000E-4	-8.220000E-1	-1.148200E-5	-6.200000E-8	-1.580000E-6	-2.000000E-8	0.000000E+0	0.000000E+0	1.964247E-4	2.976042E-9	0.000000E+0	0.000000E+0	1.999856E+1	0.000000E+0	8.000000E+0
21-Apr-25	03:05:28	-1.000000E-5	-1.900000E-4	-8.232200E-1	-1.146800E-5	-1.040000E-7	-1.540000E-6	-2.000000E-8	0.000000E+0	0.000000E+0	1.964247E-4	2.976042E-9	0.000000E+0	0.000000E+0	1.999856E+1	0.000000E+0	8.000000E+0
21-Apr-25	03:05:29	-1.000000E-5	-1.900000E-4	-8.237950E-1	-1.149400E-5	-5.400000E-8	-1.540000E-6	-2.000000E-8	0.000000E+0	0.000000E+0	1.964247E-4	2.976042E-9	0.000000E+0	0.000000E+0	1.999856E+1	0.000000E+0	8.000000E+0
21-Apr-25	03:05:29	-1.000000E-5	-1.900000E-4	-8.244450E-1	-1.140200E-5	-1.300000E-7	-1.540000E-6	-2.000000E-8	0.000000E+0	0.000000E+0	1.964247E-4	2.976042E-9	0.000000E+0	0.000000E+0	1.999856E+1	0.000000E+0	8.000000E+0
21-Apr-25	03:05:29	-1.000000E-5	-1.900000E-4	-8.250200E-1	-1.146000E-5	-9.600000E-8	-1.560000E-6	-2.000000E-8	0.000000E+0	0.000000E+0	1.964247E-4	2.976042E-9	0.000000E+0	0.000000E+0	1.999856E+1	0.000000E+0	8.000000E+0
21-Apr-25	03:05:30	-1.000000E-5	-1.900000E-4	-8.255950E-1	-1.155400E-5	-1.800000E-8	-1.560000E-6	-2.000000E-8	0.000000E+0	0.000000E+0	1.964247E-4	2.976042E-9	0.000000E+0	0.000000E+0	1.999856E+1	0.000000E+0	8.000000E+0
21-Apr-25	03:05:31	-1.000000E-5	-1.900000E-4	-8.257550E-1	-1.154400E-5	-5.600000E-8	-1.540000E-6	0.000000E+0	0.000000E+0	0.000000E+0	1.964247E-4	2.976042E-9	0.000000E+0	0.000000E+0	1.999856E+1	0.000000E+0	8.000000E+0
21-Apr-25	03:05:31	-1.000000E-5	-1.900000E-4	-8.269350E-1	-1.152800E-5	-1.600000E-7	-1.540000E-6	0.000000E+0	0.000000E+0	0.000000E+0	1.964247E-4	2.976042E-9	0.000000E+0	0.000000E+0	1.999856E+1	0.000000E+0	8.000000E+0
21-Apr-25	03:05:31	-1.000000E-5	-1.900000E-4	-8.275100E-1	-1.145800E-5	-1.480000E-7	-1.560000E-6	0.000000E+0	0.000000E+0	0.000000E+0	1.964247E-4	2.976042E-9	0.000000E+0	0.000000E+0	1.999856E+1	0.000000E+0	8.000000E+0
21-Apr-25	03:05:32	-1.000000E-5	-1.900000E-4	-8.277400E-1	-1.147000E-5	-8.200000E-8	-1.540000E-6	-2.000000E-8	0.000000E+0	0.000000E+0	1.964247E-4	2.976042E-9	0.000000E+0	0.000000E+0	1.999856E+1	0.000000E+0	8.000000E+0
21-Apr-25	03:05:32	-1.000000E-5	-1.900000E-4	-8.287950E-1	-1.156400E-5	-1.080000E-7	-1.520000E-6	0.000000E+0	0.000000E+0	0.000000E+0	1.964247E-4	2.976042E-9	0.000000E+0	0.000000E+0	1.999856E+1	0.000000E+0	8.000000E+0
21-Apr-25	03:05:33	-1.000000E-5	-1.900000E-4	-8.294300E-1	-1.159600E-5	-1.640000E-7	-1.520000E-6	-2.000000E-8	0.000000E+0	0.000000E+0	1.964247E-4	2.976042E-9	0.000000E+0	0.000000E+0	1.999856E+1	0.000000E+0	8.000000E+0
21-Apr-25	03:05:33	-1.000000E-5	-1.900000E-4	-8.299950E-1	-1.155200E-5	-9.400000E-8	-1.520000E-6	-4.000000E-8	0.000000E+0	0.000000E+0	1.964247E-4	2.976042E-9	0.000000E+0	0.000000E+0	1.999856E+1	0.000000E+0	8.000000E+0
21-Apr-25	03:05:34	-1.000000E-5	-1.900000E-4	-8.305700E-1	-1.150200E-5	-1.200000E-7	-1.520000E-6	-2.000000E-8	0.000000E+0	0.000000E+0	1.964247E-4	2.976042E-9	0.000000E+0	0.000000E+0	1.999856E+1	0.000000E+0	8.000000E+0
21-Apr-25	03:05:34	-1.000000E-5	-1.900000E-4	-8.312600E-1	-1.153200E-5	-1.160000E-7	-1.520000E-6	0.000000E+0	0.000000E+0	0.000000E+0	1.964247E-4	2.976042E-9	0.000000E+0	0.000000E+0	1.999856E+1	0.000000E+0	8.000000E+0
21-Apr-25	03:05:35	-1.000000E-5	-1.900000E-4	-8.318300E-1	-1.161200E-5	-7.000000E-8	-1.520000E-6	0.000000E+0	0.000000E+0	0.000000E+0	1.964247E-4	2.976042E-9	0.000000E+0	0.000000E+0	1.999856E+1	0.000000E+0	8.000000E+0
21-Apr-25	03:05:35	-1.000000E-5	-1.900000E-4	-8.324600E-1	-1.154000E-5	2.200000E-8	-1.500000E-6	0.000000E+0	0.000000E+0	0.000000E+0	1.964247E-4	2.976042E-9	0.000000E+0	0.000000E+0	1.999856E+1	0.000000E+0	8.000000E+0
21-Apr-25	03:05:36	-1.000000E-5	-1.900000E-4	-8.331500E-1	-1.156600E-5	-1.300000E-7	-1.520000E-6	-2.000000E-8	0.000000E+0	0.000000E+0	1.964247E-4	2.976042E-9	0.000000E+0	0.000000E+0	1.999856E+1	0.000000E+0	8.000000E+0
21-Apr-25	03:05:36	-1.000000E-5	-1.900000E-4	-8.337150E-1	-1.148400E-5	-1.140000E-7	-1.520000E-6	-2.000000E-8	0.000000E+0	0.000000E+0	1.964247E-4	2.976042E-9	0.000000E+0	0.000000E+0	1.999856E+1	0.000000E+0	8.000000E+0
21-Apr-25	03:05:37	-1.000000E-5	-1.900000E-4	-8.338050E-1	-1.145800E-5	-6.600000E-8	-1.540000E-6	-2.000000E-8	0.000000E+0	0.000000E+0	1.964247E-4	2.976042E-9	0.000000E+0	0.000000E+0	1.999856E+1	0.000000E+0	8.000000E+0
21-Apr-25	03:05:37	-1.000000E-5	-1.900000E-4	-8.348250E-1	-1.153800E-5	-1.640000E-7	-1.540000E-6	0.000000E+0	0.000000E+0	0.000000E+0	1.964247E-4	2.976042E-9	0.000000E+0	0.000000E+0	1.999856E+1	0.000000E+0	8.000000E+0
21-Apr-25	03:05:38	-1.000000E-5	-1.900000E-4	-8.354500E-1	-1.158200E-5	-7.400000E-8	-1.540000E-6	-2.000000E-8	0.000000E+0	0.000000E+0	1.964247E-4	2.976042E-9	0.000000E+0	0.000000E+0	1.999856E+1	0.000000E+0	8.000000E+0
21-Apr-25	03:05:38	-1.000000E-5	-1.900000E-4	-8.360650E-1	-1.163000E-5	-1.040000E-7	-1.540000E-6	0.000000E+0	0.000000E+0	0.000000E+0	1.964247E-4	2.976042E-9	0.000000E+0	0.000000E+0	1.999856E+1	0.000000E+0	8.000000E+0
21-Apr-25	03:05:39	-1.000000E-5	-1.900000E-4	-8.362300E-1	-1.144800E-5	-1.820000E-7	-1.560000E-6	-2.000000E-8	0.000000E+0	0.000000E+0	1.964247E-4	2.976042E-9	0.000000E+0	0.000000E+0	1.999856E+1	0.000000E+0	8.000000E+0
21-Apr-25	03:05:39	-1.000000E-5	-1.900000E-4	-8.372550E-1	-1.145200E-5	-9.200000E-8	-1.540000E-6	-2.000000E-8	0.000000E+0	0.000000E+0	1.964247E-4	2.976042E-9	0.000000E+0	0.000000E+0	1.999856E+1	0.000000E+0	8.000000E+0
21-Apr-25	03:05:40	-1.000000E-5	-1.900000E-4	-8.378050E-1	-1.147400E-5	-7.600000E-8	-1.540000E-6	-2.000000E-8	0.000000E+0	0.000000E+0	1.964247E-4	2.976042E-9	0.000000E+0	0.000000E+0	1.999856E+1	0.000000E+0	8.000000E+0
21-Apr-25	03:05:40	-1.000000E-5	-1.900000E-4	-8.384250E-1	-1.147000E-5	-7.800000E-8	-1.540000E-6	0.000000E+0	0.000000E+0	0.000000E+0	1.964247E-4	2.976042E-9	0.000000E+0	0.000000E+0	1.999856E+1	0.000000E+0	8.000000E+0
21-Apr-25	03:05:41	-1.000000E-5	-1.900000E-4	-8.389750E-1	-1.152600E-5	-4.400000E-8	-1.520000E-6	0.000000E+0	0.000000E+0	0.000000E+0	1.964247E-4	2.976042E-9	0.000000E+0	0.000000E+0	1.999856E+1	0.000000E+0	8.000000E+0
21-Apr-25	03:05:41	-1.000000E-5	-1.900000E-4	-8.395200E-1	-1.156200E-5	-1.160000E-7	-1.540000E-6	-2.000000E-8	0.000000E+0	0.000000E+0	1.964247E-4	2.976042E-9	0.000000E+0	0.000000E+0	1.999856E+1	0.000000E+0	8.000000E+0
21-Apr-25	03:05:42	-1.000000E-5	-1.900000E-4	-8.401250E-1	-1.165600E-5	-8.400000E-8	-1.540000E-6	-2.000000E-8	0.000000E+0	0.000000E+0	1.964247E-4	2.976042E-9	0.000000E+0	0.000000E+0	1.999856E+1	0.000000E+0	8.000000E+0
21-Apr-25	03:05:42	-1.000000E-5	-1.900000E-4	-8.402200E-1	-1.155200E-5	-1.200000E-7	-1.540000E-6	-2.000000E-8	0.000000E+0	0.000000E+0	1.964247E-4	2.976042E-9	0.000000E+0	0.000000E+0	1.999856E+1	0.000000E+0	8.000000E+0
21-Apr-25	03:05:43	-1.000000E-5	-1.900000E-4	-8.414300E-1	-1.153400E-5	4.000000E-9	-1.540000E-6	-4.000000E-8	0.000000E+0	0.000000E+0	1.964247E-4	2.976042E-9	0.000000E+0	0.000000E+0	1.999856E+1	0.000000E+0	8.000000E+0
21-Apr-25	03:05:43	-1.000000E-5	-1.900000E-4	-8.419700E-1	-1.155200E-5	6.000000E-9	-1.540000E-6	-2.000000E-8	0.000000E+0	0.000000E+0	1.964247E-4	2.976042E-9	0.000000E+0	0.000000E+0	1.999856E+1	0.000000E+0	8.000000E+0
21-Apr-25	03:05:44	-1.000000E-5	-1.900000E-4	-8.425200E-1	-1.157400E-5	-8.800000E-8	-1.560000E-6	0.000000E+0	0.000000E+0	0.000000E+0	1.964247E-4	2.976042E-9	0.000000E+0	0.000000E+0	1.999856E+1	0.000000E+0	8.000000E+0
21-Apr-25	03:05:44	-1.000000E-5	-1.900000E-4	-8.430600E-1	-1.160600E-5	-4.200000E-8	-1.540000E-6	-2.000000E-8	0.000000E+0	0.000000E+0	1.964247E-4	2.976042E-9	0.000000E+0	0.000000E+0	1.999856E+1	0.000000E+0	8.000000E+0
21-Apr-25	03:05:45	-1.000000E-5	-1.900000E-4	-8.436600E-1	-1.150200E-5	-7.000000E-8	-1.540000E-6	-2.000000E-8	0.000000E+0	0.000000E+0	1.964247E-4	2.976042E-9	0.000000E+0	0.000000E+0	1.999856E+1	0.000000E+0	8.000000E+0
21-Apr-25	03:05:45	-1.000000E-5	-1.900000E-4	-8.442600E-1	-1.151600E-5	-9.200000E-8	-1.540000E-6	-2.000000E-8	0.000000E+0	0.000000E+0	1.964247E-4	2.976042E-9	0.000000E+0	0.000000E+0	1.999856E+1	0.000000E+0	8.000000E+0
21-Apr-25	03:05:46	-1.000000E-5	-1.900000E-4	-8.448800E-1	-1.149800E-5	-9.400000E-8	-1.540000E-6	-2.000000E-8	0.000000E+0	0.000000E+0	1.964247E-4	2.976042E-9	0.000000E+0	0.000000E+0	1.999856E+1	0.000000E+0	8.000000E+0
21-Apr-25	03:05:46	-1.000000E-5	-1.900000E-4	-8.455350E-1	-1.145800E-5	-4.800000E-8	-1.540000E-6	0.000000E+0	0.000000E+0	0.000000E+0	1.964247E-4	2.976042E-9	0.000000E+0	0.000000E+0	1.999856E+1	0.000000E+0	8.000000E+0
21-Apr-25	03:05:47	-1.000000E-5	-1.900000E-4	-8.461300E-1	-1.155000E-5	-7.200000E-8	-1.520000E-6	-2.000000E-8	0.000000E+0	0.000000E+0	1.964247E-4	2.976042E-9	0.000000E+0	0.000000E+0	1.999856E+1	0.000000E+0	8.000000E+0
21-Apr-25	03:05:47	-1.000000E-5	-1.900000E-4	-8.466650E-1	-1.147600E-5	-1.040000E-7	-1.520000E-6	-2.000000E-8	0.000000E+0	0.000000E+0	1.964247E-4	2.976042E-9	0.000000E+0	0.000000E+0	1.999856E+1	0.000000E+0	8.000000E+0
21-Apr-25	03:05:48	-1.000000E-5	-1.900000E-4	-8.472550E-1	-1.147600E-5	-9.400000E-8	-1.540000E-6	-2.000000E-8	0.000000E+0	0.000000E+0	1.964247E-4	2.976042E-9	0.000000E+0	0.000000E+0	1.999856E+1	0.000000E+0	8.000000E+0
21-Apr-25	03:05:48	-1.000000E-5	-1.900000E-4	-8.477900E-1	-1.145800E-5	-5.200000E-8	-1.540000E-6	-2.000000E-8	0.000000E+0	0.000000E+0	1.964247E-4	2.976042E-9	0.000000E+0	0.000000E+0	1.999856E+1	0.000000E+0	8.000000E+0
21-Apr-25	03:05:49	-1.000000E-5	-1.900000E-4	-8.484400E-1	-1.137800E-5	-1.200000E-8	-1.540000E-6	-2.000000E-8	0.000000E+0	0.000000E+0	1.964247E-4	2.976042E-9	0.000000E+0	0.000000E+0	1.999856E+1	0.000000E+0	8.000000E+0
21-Apr-25	03:05:49	-1.000000E-5	-1.900000E-4	-8.490300E-1	-1.150800E-5	-2.000000E-9	-1.540000E-6	-4.000000E-8	0.000000E+0	0.000000E+0	1.964247E-4	2.976042E-9	0.000000E+0	0.000000E+0	1.999856E+1	0.000000E+0	8.000000E+0
21-Apr-25	03:05:50	-1.000000E-5	-1.900000E-4	-8.496750E-1	-1.153400E-5	-3.000000E-8	-1.540000E-6	-2.000000E-8	0.000000E+0	0.000000E+0	1.964247E-4	2.976042E-9	0.000000E+0	0.000000E+0	1.999856E+1	0.000000E+0	8.000000E+0
21-Apr-25	03:05:50	-1.000000E-5	-1.900000E-4	-8.497750E-1	-1.152200E-5	-5.600000E-8	-1.540000E-6	0.000000E+0	0.000000E+0	0.000000E+0	1.964247E-4	2.976042E-9	0.000000E+0	0.000000E+0	1.999856E+1	0.000000E+0	8.000000E+0
21-Apr-25	03:05:51	-1.000000E-5	-1.900000E-4	-8.508100E-1	-1.143200E-5	-1.880000E-7	-1.520000E-6	0.000000E+0	0.000000E+0	0.000000E+0	1.964247E-4	2.976042E-9	0.000000E+0	0.000000E+0	1.999856E+1	0.000000E+0	8.000000E+0
21-Apr-25	03:05:51	-1.000000E-5	-1.900000E-4	-8.514550E-1	-1.145800E-5	-1.940000E-7	-1.540000E-6	0.000000E+0	0.000000E+0	0.000000E+0	1.964247E-4	2.976042E-9	0.000000E+0	0.000000E+0	1.999856E+1	0.000000E+0	8.000000E+0
21-Apr-25	03:05:52	-1.000000E-5	-1.900000E-4	-8.519800E-1	-1.155200E-5	-1.460000E-7	-1.540000E-6	-2.000000E-8	0.000000E+0	0.000000E+0	1.964247E-4	2.976042E-9	0.000000E+0	0.000000E+0	1.999856E+1	0.000000E+0	8.000000E+0
21-Apr-25	03:05:52	-1.000000E-5	-1.900000E-4	-8.525650E-1	-1.154800E-5	-6.200000E-8	-1.540000E-6	-4.000000E-8	0.000000E+0	0.000000E+0	1.964247E-4	2.976042E-9	0.000000E+0	0.000000E+0	1.999856E+1	0.000000E+0	8.000000E+0
21-Apr-25	03:05:53	-1.000000E-5	-1.900000E-4	-8.530850E-1	-1.152200E-5	-7.200000E-8	-1.540000E-6	-2.000000E-8	0.000000E+0	0.000000E+0	1.964247E-4	2.976042E-9	0.000000E+0	0.000000E+0	1.999856E+1	0.000000E+0	8.000000E+0
21-Apr-25	03:05:53	-1.000000E-5	-1.900000E-4	-8.537800E-1	-1.154000E-5	-1.800000E-8	-1.540000E-6	0.000000E+0	0.000000E+0	0.000000E+0	1.964247E-4	2.976042E-9	0.000000E+0	0.000000E+0	1.999856E+1	0.000000E+0	8.000000E+0
21-Apr-25	03:05:54	-1.000000E-5	-1.900000E-4	-8.543200E-1	-1.148800E-5	-1.040000E-7	-1.540000E-6	-2.000000E-8	0.000000E+0	0.000000E+0	1.964247E-4	2.976042E-9	0.000000E+0	0.000000E+0	1.999856E+1	0.000000E+0	8.000000E+0
21-Apr-25	03:05:54	-1.000000E-5	-1.900000E-4	-8.548950E-1	-1.154400E-5	-1.360000E-7	-1.540000E-6	-2.000000E-8	0.000000E+0	0.000000E+0	1.964247E-4	2.976042E-9	0.000000E+0	0.000000E+0	1.999856E+1	0.000000E+0	8.000000E+0
21-Apr-25	03:05:55	-1.000000E-5	-1.900000E-4	-8.555300E-1	-1.152200E-5	-4.400000E-8	-1.540000E-6	-2.000000E-8	0.000000E+0	0.000000E+0	1.964247E-4	2.976042E-9	0.000000E+0	0.000000E+0	1.999856E+1	0.000000E+0	8.000000E+0
21-Apr-25	03:05:55	-1.000000E-5	-1.900000E-4	-8.561650E-1	-1.150800E-5	-4.000000E-8	-1.540000E-6	-2.000000E-8	0.000000E+0	0.000000E+0	1.964247E-4	2.976042E-9	0.000000E+0	0.000000E+0	1.999856E+1	0.000000E+0	8.000000E+0
21-Apr-25	03:05:56	-1.000000E-5	-1.900000E-4	-8.567500E-1	-1.153400E-5	-6.000000E-8	-1.540000E-6	-4.000000E-8	0.000000E+0	0.000000E+0	1.964247E-4	2.976042E-9	0.000000E+0	0.000000E+0	1.999856E+1	0.000000E+0	8.000000E+0
21-Apr-25	03:05:56	-1.000000E-5	-1.900000E-4	-8.568950E-1	-1.159600E-5	-5.200000E-8	-1.540000E-6	0.000000E+0	0.000000E+0	0.000000E+0	1.964247E-4	2.976042E-9	0.000000E+0	0.000000E+0	1.999856E+1	0.000000E+0	8.000000E+0
21-Apr-25	03:05:57	-1.000000E-5	-1.900000E-4	-8.579600E-1	-1.151000E-5	-8.800000E-8	-1.540000E-6	-2.000000E-8	0.000000E+0	0.000000E+0	1.964247E-4	2.976042E-9	0.000000E+0	0.000000E+0	1.999856E+1	0.000000E+0	8.000000E+0
21-Apr-25	03:05:57	-1.000000E-5	-1.900000E-4	-8.584700E-1	-1.143800E-5	-9.000000E-8	-1.540000E-6	-2.000000E-8	0.000000E+0	0.000000E+0	1.964247E-4	2.976042E-9	0.000000E+0	0.000000E+0	1.999856E+1	0.000000E+0	8.000000E+0
21-Apr-25	03:05:58	-1.000000E-5	-1.900000E-4	-8.586700E-1	-1.138800E-5	-1.060000E-7	-1.540000E-6	-2.000000E-8	0.000000E+0	0.000000E+0	1.964247E-4	2.976042E-9	0.000000E+0	0.000000E+0	1.999856E+1	0.000000E+0	8.000000E+0
21-Apr-25	03:05:58	-1.000000E-5	-1.900000E-4	-8.596050E-1	-1.147200E-5	-8.200000E-8	-1.520000E-6	0.000000E+0	0.000000E+0	0.000000E+0	1.964247E-4	2.976042E-9	0.000000E+0	0.000000E+0	1.999856E+1	0.000000E+0	8.000000E+0
21-Apr-25	03:05:59	-1.000000E-5	-1.900000E-4	-8.601900E-1	-1.140600E-5	-7.800000E-8	-1.500000E-6	-4.000000E-8	0.000000E+0	0.000000E+0	1.964247E-4	2.976042E-9	0.000000E+0	0.000000E+0	1.999856E+1	0.000000E+0	8.000000E+0
21-Apr-25	03:05:59	-1.000000E-5	-1.900000E-4	-8.606950E-1	-1.145200E-5	-1.120000E-7	-1.520000E-6	-2.000000E-8	0.000000E+0	0.000000E+0	1.964247E-4	2.976042E-9	0.000000E+0	0.000000E+0	1.999856E+1	0.000000E+0	8.000000E+0
21-Apr-25	03:06:00	-1.000000E-5	-1.900000E-4	-8.609500E-1	-1.149200E-5	-3.200000E-8	-1.520000E-6	0.000000E+0	0.000000E+0	0.000000E+0	1.964247E-4	2.976042E-9	0.000000E+0	0.000000E+0	1.999856E+1	0.000000E+0	8.000000E+0
21-Apr-25	03:06:00	-1.000000E-5	-1.900000E-4	-8.619350E-1	-1.145600E-5	-1.340000E-7	-1.540000E-6	-2.000000E-8	0.000000E+0	0.000000E+0	1.964247E-4	2.976042E-9	0.000000E+0	0.000000E+0	1.999856E+1	0.000000E+0	8.000000E+0
21-Apr-25	03:06:01	-1.000000E-5	-1.900000E-4	-8.625600E-1	-1.150200E-5	-1.060000E-7	-1.540000E-6	-2.000000E-8	0.000000E+0	0.000000E+0	1.964247E-4	2.976042E-9	0.000000E+0	0.000000E+0	1.999856E+1	0.000000E+0	8.000000E+0
21-Apr-25	03:06:01	-1.000000E-5	-1.900000E-4	-8.627600E-1	-1.145400E-5	-1.380000E-7	-1.520000E-6	-2.000000E-8	0.000000E+0	0.000000E+0	1.964247E-4	2.976042E-9	0.000000E+0	0.000000E+0	1.999856E+1	0.000000E+0	8.000000E+0
21-Apr-25	03:06:02	-1.000000E-5	-1.900000E-4	-8.637450E-1	-1.135200E-5	-2.800000E-8	-1.540000E-6	0.000000E+0	0.000000E+0	0.000000E+0	1.964247E-4	2.976042E-9	0.000000E+0	0.000000E+0	1.999856E+1	0.000000E+0	8.000000E+0
21-Apr-25	03:06:02	-1.000000E-5	-1.900000E-4	-8.643550E-1	-1.143400E-5	1.000000E-8	-1.520000E-6	-2.000000E-8	0.000000E+0	0.000000E+0	1.964247E-4	2.976042E-9	0.000000E+0	0.000000E+0	1.999856E+1	0.000000E+0	8.000000E+0
21-Apr-25	03:06:03	-1.000000E-5	-1.900000E-4	-8.648550E-1	-1.132800E-5	6.000000E-9	-1.540000E-6	0.000000E+0	0.000000E+0	0.000000E+0	1.964247E-4	2.976042E-9	0.000000E+0	0.000000E+0	1.999856E+1	0.000000E+0	8.000000E+0
21-Apr-25	03:06:04	-1.000000E-5	-1.900000E-4	-8.654650E-1	-1.147800E-5	-8.800000E-8	-1.540000E-6	-2.000000E-8	0.000000E+0	0.000000E+0	1.964247E-4	2.976042E-9	0.000000E+0	0.000000E+0	1.999856E+1	0.000000E+0	8.000000E+0
21-Apr-25	03:06:04	-1.000000E-5	-1.900000E-4	-8.660950E-1	-1.136200E-5	-8.000000E-8	-1.540000E-6	-4.000000E-8	0.000000E+0	0.000000E+0	1.964247E-4	2.976042E-9	0.000000E+0	0.000000E+0	1.999856E+1	0.000000E+0	8.000000E+0
21-Apr-25	03:06:05	-1.000000E-5	-1.900000E-4	-8.662850E-1	-1.143200E-5	-3.200000E-8	-1.540000E-6	-4.000000E-8	0.000000E+0	0.000000E+0	1.964247E-4	2.976042E-9	0.000000E+0	0.000000E+0	1.999856E+1	0.000000E+0	8.000000E+0
21-Apr-25	03:06:05	-1.000000E-5	-1.900000E-4	-8.672550E-1	-1.147800E-5	-3.200000E-8	-1.520000E-6	-2.000000E-8	0.000000E+0	0.000000E+0	1.964247E-4	2.976042E-9	0.000000E+0	0.000000E+0	1.999856E+1	0.000000E+0	8.000000E+0
21-Apr-25	03:06:06	-1.000000E-5	-1.900000E-4	-8.678050E-1	-1.137200E-5	4.000000E-9	-1.540000E-6	0.000000E+0	0.000000E+0	0.000000E+0	1.964247E-4	2.976042E-9	0.000000E+0	0.000000E+0	1.999856E+1	0.000000E+0	8.000000E+0
21-Apr-25	03:06:06	-1.000000E-5	-1.900000E-4	-8.683550E-1	-1.133400E-5	-8.400000E-8	-1.540000E-6	0.000000E+0	0.000000E+0	0.000000E+0	1.964247E-4	2.976042E-9	0.000000E+0	0.000000E+0	1.999856E+1	0.000000E+0	8.000000E+0
21-Apr-25	03:06:07	-1.000000E-5	-1.900000E-4	-8.689550E-1	-1.137400E-5	-1.160000E-7	-1.520000E-6	-2.000000E-8	0.000000E+0	0.000000E+0	1.964247E-4	2.976042E-9	0.000000E+0	0.000000E+0	1.999856E+1	0.000000E+0	8.000000E+0
21-Apr-25	03:06:07	-1.000000E-5	-1.900000E-4	-8.694450E-1	-1.139600E-5	-1.220000E-7	-1.520000E-6	-2.000000E-8	0.000000E+0	0.000000E+0	1.964247E-4	2.976042E-9	0.000000E+0	0.000000E+0	1.999856E+1	0.000000E+0	8.000000E+0
21-Apr-25	03:06:08	-1.000000E-5	-1.900000E-4	-8.699350E-1	-1.142200E-5	-9.600000E-8	-1.520000E-6	-2.000000E-8	0.000000E+0	0.000000E+0	1.964247E-4	2.976042E-9	0.000000E+0	0.000000E+0	1.999856E+1	0.000000E+0	8.000000E+0
21-Apr-25	03:06:08	-1.000000E-5	-1.900000E-4	-8.704250E-1	-1.149800E-5	-3.000000E-8	-1.520000E-6	-2.000000E-8	0.000000E+0	0.000000E+0	1.964247E-4	2.976042E-9	0.000000E+0	0.000000E+0	1.999856E+1	0.000000E+0	8.000000E+0
21-Apr-25	03:06:08	-1.000000E-5	-1.900000E-4	-8.709700E-1	-1.144200E-5	-3.600000E-8	-1.540000E-6	-2.000000E-8	0.000000E+0	0.000000E+0	1.964247E-4	2.976042E-9	0.000000E+0	0.000000E+0	1.999856E+1	0.000000E+0	8.000000E+0
21-Apr-25	03:06:09	-1.000000E-5	-1.900000E-4	-8.714550E-1	-1.140000E-5	-4.600000E-8	-1.520000E-6	-2.000000E-8	0.000000E+0	0.000000E+0	1.964247E-4	2.976042E-9	0.000000E+0	0.000000E+0	1.999856E+1	0.000000E+0	8.000000E+0
21-Apr-25	03:06:09	-1.000000E-5	-1.900000E-4	-8.720500E-1	-1.141000E-5	-1.140000E-7	-1.540000E-6	0.000000E+0	0.000000E+0	0.000000E+0	1.964247E-4	2.976042E-9	0.000000E+0	0.000000E+0	1.999856E+1	0.000000E+0	8.000000E+0
21-Apr-25	03:06:10	-1.000000E-5	-1.900000E-4	-8.725350E-1	-1.146600E-5	-1.040000E-7	-1.540000E-6	-2.000000E-8	0.000000E+0	0.000000E+0	1.964247E-4	2.976042E-9	0.000000E+0	0.000000E+0	1.999856E+1	0.000000E+0	8.000000E+0
21-Apr-25	03:06:11	-1.000000E-5	-1.900000E-4	-8.730750E-1	-1.144600E-5	-3.000000E-8	-1.540000E-6	-2.000000E-8	0.000000E+0	0.000000E+0	1.964247E-4	2.976042E-9	0.000000E+0	0.000000E+0	1.999856E+1	0.000000E+0	8.000000E+0
21-Apr-25	03:06:11	-1.000000E-5	-1.900000E-4	-8.733250E-1	-1.143200E-5	-9.200000E-8	-1.540000E-6	-2.000000E-8	0.000000E+0	0.000000E+0	1.964247E-4	2.976042E-9	0.000000E+0	0.000000E+0	1.999856E+1	0.000000E+0	8.000000E+0
21-Apr-25	03:06:12	-1.000000E-5	-1.900000E-4	-8.742700E-1	-1.141400E-5	-1.020000E-7	-1.540000E-6	-2.000000E-8	0.000000E+0	0.000000E+0	1.964247E-4	2.976042E-9	0.000000E+0	0.000000E+0	1.999856E+1	0.000000E+0	8.000000E+0
21-Apr-25	03:06:12	-1.000000E-5	-1.900000E-4	-8.747550E-1	-1.141800E-5	-1.520000E-7	-1.520000E-6	-2.000000E-8	0.000000E+0	0.000000E+0	1.964247E-4	2.976042E-9	0.000000E+0	0.000000E+0	1.999856E+1	0.000000E+0	8.000000E+0
21-Apr-25	03:06:13	-1.000000E-5	-1.900000E-4	-8.752900E-1	-1.142400E-5	-1.520000E-7	-1.520000E-6	0.000000E+0	0.000000E+0	0.000000E+0	1.964247E-4	2.976042E-9	0.000000E+0	0.000000E+0	1.999856E+1	0.000000E+0	8.000000E+0
21-Apr-25	03:06:13	-1.000000E-5	-1.900000E-4	-8.758250E-1	-1.142600E-5	-1.400000E-8	-1.520000E-6	-2.000000E-8	0.000000E+0	0.000000E+0	1.964247E-4	2.976042E-9	0.000000E+0	0.000000E+0	1.999856E+1	0.000000E+0	8.000000E+0
21-Apr-25	03:06:14	-1.000000E-5	-1.900000E-4	-8.763550E-1	-1.146200E-5	2.000000E-9	-1.520000E-6	-2.000000E-8	0.000000E+0	0.000000E+0	1.964247E-4	2.976042E-9	0.000000E+0	0.000000E+0	1.999856E+1	0.000000E+0	8.000000E+0
21-Apr-25	03:06:14	-1.000000E-5	-1.900000E-4	-8.768800E-1	-1.147200E-5	-6.800000E-8	-1.540000E-6	-2.000000E-8	0.000000E+0	0.000000E+0	1.964247E-4	2.976042E-9	0.000000E+0	0.000000E+0	1.999856E+1	0.000000E+0	8.000000E+0
21-Apr-25	03:06:15	-1.000000E-5	-1.900000E-4	-8.774600E-1	-1.149000E-5	2.600000E-8	-1.520000E-6	-4.000000E-8	0.000000E+0	0.000000E+0	1.964247E-4	2.976042E-9	0.000000E+0	0.000000E+0	1.999856E+1	0.000000E+0	8.000000E+0
21-Apr-25	03:06:15	-1.000000E-5	-1.900000E-4	-8.779550E-1	-1.156400E-5	-6.200000E-8	-1.520000E-6	-2.000000E-8	0.000000E+0	0.000000E+0	1.964247E-4	2.976042E-9	0.000000E+0	0.000000E+0	1.999856E+1	0.000000E+0	8.000000E+0
21-Apr-25	03:06:16	-1.000000E-5	-1.900000E-4	-8.780800E-1	-1.139600E-5	-3.600000E-8	-1.520000E-6	0.000000E+0	0.000000E+0	0.000000E+0	1.964247E-4	2.976042E-9	0.000000E+0	0.000000E+0	1.999856E+1	0.000000E+0	8.000000E+0
21-Apr-25	03:06:16	-1.000000E-5	-1.900000E-4	-8.790600E-1	-1.144800E-5	2.000000E-9	-1.520000E-6	-2.000000E-8	0.000000E+0	0.000000E+0	1.964247E-4	2.976042E-9	0.000000E+0	0.000000E+0	1.999856E+1	0.000000E+0	8.000000E+0
21-Apr-25	03:06:17	-1.000000E-5	-1.900000E-4	-8.795300E-1	-1.147200E-5	2.000000E-8	-1.520000E-6	-2.000000E-8	0.000000E+0	0.000000E+0	1.964247E-4	2.976042E-9	0.000000E+0	0.000000E+0	1.999856E+1	0.000000E+0	8.000000E+0
21-Apr-25	03:06:17	-1.000000E-5	-1.900000E-4	-8.797100E-1	-1.137000E-5	-7.000000E-8	-1.520000E-6	-2.000000E-8	0.000000E+0	0.000000E+0	1.964247E-4	2.976042E-9	0.000000E+0	0.000000E+0	1.999856E+1	0.000000E+0	8.000000E+0
21-Apr-25	03:06:18	-1.000000E-5	-1.900000E-4	-8.805900E-1	-1.146600E-5	-8.600000E-8	-1.520000E-6	-2.000000E-8	0.000000E+0	0.000000E+0	1.964247E-4	2.976042E-9	0.000000E+0	0.000000E+0	1.999856E+1	0.000000E+0	8.000000E+0
21-Apr-25	03:06:18	-1.000000E-5	-1.900000E-4	-8.810600E-1	-1.148400E-5	-4.200000E-8	-1.540000E-6	-2.000000E-8	0.000000E+0	0.000000E+0	1.964247E-4	2.976042E-9	0.000000E+0	0.000000E+0	1.999856E+1	0.000000E+0	8.000000E+0
21-Apr-25	03:06:19	-1.000000E-5	-1.900000E-4	-8.816350E-1	-1.140800E-5	-4.200000E-8	-1.540000E-6	-2.000000E-8	0.000000E+0	0.000000E+0	1.964247E-4	2.976042E-9	0.000000E+0	0.000000E+0	1.999856E+1	0.000000E+0	8.000000E+0
21-Apr-25	03:06:19	-1.000000E-5	-1.900000E-4	-8.820950E-1	-1.140400E-5	-1.320000E-7	-1.540000E-6	0.000000E+0	0.000000E+0	0.000000E+0	1.964247E-4	2.976042E-9	0.000000E+0	0.000000E+0	1.999856E+1	0.000000E+0	8.000000E+0
21-Apr-25	03:06:20	-1.000000E-5	-1.900000E-4	-8.827200E-1	-1.133400E-5	-1.700000E-7	-1.540000E-6	0.000000E+0	0.000000E+0	0.000000E+0	1.964247E-4	2.976042E-9	0.000000E+0	0.000000E+0	1.999856E+1	0.000000E+0	8.000000E+0
21-Apr-25	03:06:20	-1.000000E-5	-1.900000E-4	-8.831850E-1	-1.135800E-5	-9.600000E-8	-1.540000E-6	-2.000000E-8	0.000000E+0	0.000000E+0	1.964247E-4	2.976042E-9	0.000000E+0	0.000000E+0	1.999856E+1	0.000000E+0	8.000000E+0
21-Apr-25	03:06:21	-1.000000E-5	-1.900000E-4	-8.837050E-1	-1.140400E-5	-1.420000E-7	-1.540000E-6	-2.000000E-8	0.000000E+0	0.000000E+0	1.964247E-4	2.976042E-9	0.000000E+0	0.000000E+0	1.999856E+1	0.000000E+0	8.000000E+0
21-Apr-25	03:06:21	-1.000000E-5	-1.900000E-4	-8.842250E-1	-1.133600E-5	-1.040000E-7	-1.520000E-6	-2.000000E-8	0.000000E+0	0.000000E+0	1.964247E-4	2.976042E-9	0.000000E+0	0.000000E+0	1.999856E+1	0.000000E+0	8.000000E+0
21-Apr-25	03:06:22	-1.000000E-5	-1.900000E-4	-8.846950E-1	-1.138200E-5	-7.400000E-8	-1.540000E-6	0.000000E+0	0.000000E+0	0.000000E+0	1.964247E-4	2.976042E-9	0.000000E+0	0.000000E+0	1.999856E+1	0.000000E+0	8.000000E+0
21-Apr-25	03:06:22	-1.000000E-5	-1.900000E-4	-8.853050E-1	-1.135600E-5	-1.300000E-7	-1.540000E-6	-2.000000E-8	0.000000E+0	0.000000E+0	1.964247E-4	2.976042E-9	0.000000E+0	0.000000E+0	1.999856E+1	0.000000E+0	8.000000E+0
21-Apr-25	03:06:23	-1.000000E-5	-1.900000E-4	-8.858700E-1	-1.140000E-5	-6.000000E-9	-1.520000E-6	0.000000E+0	0.000000E+0	0.000000E+0	1.964247E-4	2.976042E-9	0.000000E+0	0.000000E+0	1.999856E+1	0.000000E+0	8.000000E+0
21-Apr-25	03:06:23	-1.000000E-5	-1.900000E-4	-8.863250E-1	-1.151600E-5	-1.600000E-8	-1.540000E-6	-2.000000E-8	0.000000E+0	0.000000E+0	1.964247E-4	2.976042E-9	0.000000E+0	0.000000E+0	1.999856E+1	0.000000E+0	8.000000E+0
21-Apr-25	03:06:24	-1.000000E-5	-1.900000E-4	-8.868900E-1	-1.146600E-5	-1.060000E-7	-1.520000E-6	-2.000000E-8	0.000000E+0	0.000000E+0	1.964247E-4	2.976042E-9	0.000000E+0	0.000000E+0	1.999856E+1	0.000000E+0	8.000000E+0
21-Apr-25	03:06:24	-1.000000E-5	-1.900000E-4	-8.873950E-1	-1.145800E-5	-1.360000E-7	-1.540000E-6	-2.000000E-8	0.000000E+0	0.000000E+0	1.964247E-4	2.976042E-9	0.000000E+0	0.000000E+0	1.999856E+1	0.000000E+0	8.000000E+0
21-Apr-25	03:06:25	-1.000000E-5	-1.900000E-4	-8.878000E-1	-1.149200E-5	-1.400000E-7	-1.540000E-6	-2.000000E-8	0.000000E+0	0.000000E+0	1.964247E-4	2.976042E-9	0.000000E+0	0.000000E+0	1.999856E+1	0.000000E+0	8.000000E+0
21-Apr-25	03:06:25	-1.000000E-5	-1.900000E-4	-8.879850E-1	-1.144000E-5	-4.200000E-8	-1.520000E-6	-2.000000E-8	0.000000E+0	0.000000E+0	1.964247E-4	2.976042E-9	0.000000E+0	0.000000E+0	1.999856E+1	0.000000E+0	8.000000E+0
21-Apr-25	03:06:26	-1.000000E-5	-1.900000E-4	-8.889700E-1	-1.151800E-5	-8.200000E-8	-1.520000E-6	-4.000000E-8	0.000000E+0	0.000000E+0	1.964247E-4	2.976042E-9	0.000000E+0	0.000000E+0	1.999856E+1	0.000000E+0	8.000000E+0
21-Apr-25	03:06:26	-1.000000E-5	-1.900000E-4	-8.894250E-1	-1.144000E-5	-8.400000E-8	-1.500000E-6	-2.000000E-8	0.000000E+0	0.000000E+0	1.964247E-4	2.976042E-9	0.000000E+0	0.000000E+0	1.999856E+1	0.000000E+0	8.000000E+0
21-Apr-25	03:06:27	-1.000000E-5	-1.900000E-4	-8.899300E-1	-1.140600E-5	3.200000E-8	-1.500000E-6	0.000000E+0	0.000000E+0	0.000000E+0	1.964247E-4	2.976042E-9	0.000000E+0	0.000000E+0	1.999856E+1	0.000000E+0	8.000000E+0
21-Apr-25	03:06:27	-1.000000E-5	-1.900000E-4	-8.900050E-1	-1.142200E-5	-6.800000E-8	-1.540000E-6	0.000000E+0	0.000000E+0	0.000000E+0	1.964247E-4	2.976042E-9	0.000000E+0	0.000000E+0	1.999856E+1	0.000000E+0	8.000000E+0
21-Apr-25	03:06:28	-1.000000E-5	-1.900000E-4	-8.909300E-1	-1.147600E-5	-6.000000E-8	-1.540000E-6	0.000000E+0	0.000000E+0	0.000000E+0	1.964247E-4	2.976042E-9	0.000000E+0	0.000000E+0	1.999856E+1	0.000000E+0	8.000000E+0
21-Apr-25	03:06:28	-1.000000E-5	-1.900000E-4	-8.914350E-1	-1.139200E-5	-5.800000E-8	-1.520000E-6	-2.000000E-8	0.000000E+0	0.000000E+0	1.964247E-4	2.976042E-9	0.000000E+0	0.000000E+0	1.999856E+1	0.000000E+0	8.000000E+0
21-Apr-25	03:06:29	-1.000000E-5	-1.900000E-4	-8.918400E-1	-1.134800E-5	-1.000000E-7	-1.500000E-6	0.000000E+0	0.000000E+0	0.000000E+0	1.964247E-4	2.976042E-9	0.000000E+0	0.000000E+0	1.999856E+1	0.000000E+0	8.000000E+0
21-Apr-25	03:06:29	-1.000000E-5	-1.900000E-4	-8.924450E-1	-1.136400E-5	-1.200000E-7	-1.520000E-6	-2.000000E-8	0.000000E+0	0.000000E+0	1.964247E-4	2.976042E-9	0.000000E+0	0.000000E+0	1.999856E+1	0.000000E+0	8.000000E+0
21-Apr-25	03:06:30	-1.000000E-5	-1.900000E-4	-8.930850E-1	-1.146000E-5	-1.240000E-7	-1.520000E-6	-2.000000E-8	0.000000E+0	0.000000E+0	1.964247E-4	2.976042E-9	0.000000E+0	0.000000E+0	1.999856E+1	0.000000E+0	8.000000E+0
21-Apr-25	03:06:30	-1.000000E-5	-1.900000E-4	-8.931600E-1	-1.145400E-5	-1.280000E-7	-1.520000E-6	0.000000E+0	0.000000E+0	0.000000E+0	1.964247E-4	2.976042E-9	0.000000E+0	0.000000E+0	1.999856E+1	0.000000E+0	8.000000E+0
21-Apr-25	03:06:31	-1.000000E-5	-1.900000E-4	-8.940400E-1	-1.143400E-5	-6.600000E-8	-1.520000E-6	-2.000000E-8	0.000000E+0	0.000000E+0	1.964247E-4	2.976042E-9	0.000000E+0	0.000000E+0	1.999856E+1	0.000000E+0	8.000000E+0
21-Apr-25	03:06:31	-1.000000E-5	-1.900000E-4	-8.944300E-1	-1.142800E-5	-1.240000E-7	-1.500000E-6	-2.000000E-8	0.000000E+0	0.000000E+0	1.964247E-4	2.976042E-9	0.000000E+0	0.000000E+0	1.999856E+1	0.000000E+0	8.000000E+0
21-Apr-25	03:06:32	-1.000000E-5	-1.900000E-4	-8.949200E-1	-1.147400E-5	-6.600000E-8	-1.500000E-6	0.000000E+0	0.000000E+0	0.000000E+0	1.964247E-4	2.976042E-9	0.000000E+0	0.000000E+0	1.999856E+1	0.000000E+0	8.000000E+0
21-Apr-25	03:06:32	-1.000000E-5	-1.900000E-4	-8.953650E-1	-1.139600E-5	2.000000E-8	-1.520000E-6	-2.000000E-8	0.000000E+0	0.000000E+0	1.964247E-4	2.976042E-9	0.000000E+0	0.000000E+0	1.999856E+1	0.000000E+0	8.000000E+0
21-Apr-25	03:06:33	-1.000000E-5	-1.900000E-4	-8.959050E-1	-1.142800E-5	-6.400000E-8	-1.500000E-6	-2.000000E-8	0.000000E+0	0.000000E+0	1.964247E-4	2.976042E-9	0.000000E+0	0.000000E+0	1.999856E+1	0.000000E+0	8.000000E+0
21-Apr-25	03:06:33	-1.000000E-5	-1.900000E-4	-8.960200E-1	-1.147400E-5	-1.340000E-7	-1.520000E-6	-2.000000E-8	0.000000E+0	0.000000E+0	1.964247E-4	2.976042E-9	0.000000E+0	0.000000E+0	1.999856E+1	0.000000E+0	8.000000E+0
21-Apr-25	03:06:34	-1.000000E-5	-1.900000E-4	-8.969250E-1	-1.135000E-5	-9.400000E-8	-1.500000E-6	-2.000000E-8	0.000000E+0	0.000000E+0	1.964247E-4	2.976042E-9	0.000000E+0	0.000000E+0	1.999856E+1	0.000000E+0	8.000000E+0
21-Apr-25	03:06:34	-1.000000E-5	-1.900000E-4	-8.973650E-1	-1.142800E-5	-1.400000E-8	-1.520000E-6	0.000000E+0	0.000000E+0	0.000000E+0	1.964247E-4	2.976042E-9	0.000000E+0	0.000000E+0	1.999856E+1	0.000000E+0	8.000000E+0
21-Apr-25	03:06:35	-1.000000E-5	-1.900000E-4	-8.975300E-1	-1.152000E-5	-1.800000E-8	-1.540000E-6	0.000000E+0	0.000000E+0	0.000000E+0	1.964247E-4	2.976042E-9	0.000000E+0	0.000000E+0	1.999856E+1	0.000000E+0	8.000000E+0
21-Apr-25	03:06:35	-1.000000E-5	-1.900000E-4	-8.983450E-1	-1.154200E-5	-8.000000E-9	-1.520000E-6	0.000000E+0	0.000000E+0	0.000000E+0	1.964247E-4	2.976042E-9	0.000000E+0	0.000000E+0	1.999856E+1	0.000000E+0	8.000000E+0
21-Apr-25	03:06:36	-1.000000E-5	-1.900000E-4	-8.988800E-1	-1.148200E-5	-7.000000E-8	-1.500000E-6	-2.000000E-8	0.000000E+0	0.000000E+0	1.964247E-4	2.976042E-9	0.000000E+0	0.000000E+0	1.999856E+1	0.000000E+0	8.000000E+0
21-Apr-25	03:06:36	-1.000000E-5	-1.900000E-4	-8.990900E-1	-1.147000E-5	-2.200000E-8	-1.520000E-6	-4.000000E-8	0.000000E+0	0.000000E+0	1.964247E-4	2.976042E-9	0.000000E+0	0.000000E+0	1.999856E+1	0.000000E+0	8.000000E+0
21-Apr-25	03:06:37	-1.000000E-5	-1.900000E-4	-8.995650E-1	-1.149800E-5	-1.400000E-7	-1.500000E-6	-2.000000E-8	0.000000E+0	0.000000E+0	1.964247E-4	2.976042E-9	0.000000E+0	0.000000E+0	1.999856E+1	0.000000E+0	8.000000E+0
21-Apr-25	03:06:38	-1.000000E-5	-1.900000E-4	-8.982750E-1	-1.147200E-5	-1.100000E-7	-1.520000E-6	0.000000E+0	0.000000E+0	0.000000E+0	1.964247E-4	2.976042E-9	0.000000E+0	0.000000E+0	1.999856E+1	0.000000E+0	8.000000E+0
21-Apr-25	03:06:38	-1.000000E-5	-1.900000E-4	-8.961600E-1	-1.144000E-5	-5.600000E-8	-1.540000E-6	-4.000000E-8	0.000000E+0	0.000000E+0	1.964247E-4	2.976042E-9	0.000000E+0	0.000000E+0	1.999856E+1	0.000000E+0	8.000000E+0
21-Apr-25	03:06:39	-1.000000E-5	-1.900000E-4	-8.947300E-1	-1.134800E-5	-8.200000E-8	-1.520000E-6	-4.000000E-8	0.000000E+0	0.000000E+0	1.964247E-4	2.976042E-9	0.000000E+0	0.000000E+0	1.999856E+1	0.000000E+0	8.000000E+0
21-Apr-25	03:06:39	-1.000000E-5	-1.900000E-4	-8.931450E-1	-1.125800E-5	-1.100000E-7	-1.500000E-6	0.000000E+0	0.000000E+0	0.000000E+0	1.964247E-4	2.976042E-9	0.000000E+0	0.000000E+0	1.999856E+1	0.000000E+0	8.000000E+0
21-Apr-25	03:06:40	-1.000000E-5	-1.900000E-4	-8.915650E-1	-1.144000E-5	-5.800000E-8	-1.500000E-6	-2.000000E-8	0.000000E+0	0.000000E+0	1.964247E-4	2.976042E-9	0.000000E+0	0.000000E+0	1.999856E+1	0.000000E+0	8.000000E+0
21-Apr-25	03:06:40	-1.000000E-5	-1.900000E-4	-8.899750E-1	-1.152400E-5	-5.600000E-8	-1.520000E-6	-2.000000E-8	0.000000E+0	0.000000E+0	1.964247E-4	2.976042E-9	0.000000E+0	0.000000E+0	1.999856E+1	0.000000E+0	8.000000E+0
21-Apr-25	03:06:41	-1.000000E-5	-1.900000E-4	-8.877500E-1	-1.146000E-5	-3.600000E-8	-1.520000E-6	-2.000000E-8	0.000000E+0	0.000000E+0	1.964247E-4	2.976042E-9	0.000000E+0	0.000000E+0	1.999856E+1	0.000000E+0	8.000000E+0
21-Apr-25	03:06:42	-1.000000E-5	-1.900000E-4	-8.851950E-1	-1.140400E-5	-3.800000E-8	-1.500000E-6	-2.000000E-8	0.000000E+0	0.000000E+0	1.964247E-4	2.976042E-9	0.000000E+0	0.000000E+0	1.999856E+1	0.000000E+0	8.000000E+0
21-Apr-25	03:06:42	-1.000000E-5	-1.900000E-4	-8.834850E-1	-1.146200E-5	-1.160000E-7	-1.500000E-6	-2.000000E-8	0.000000E+0	0.000000E+0	1.964247E-4	2.976042E-9	0.000000E+0	0.000000E+0	1.999856E+1	0.000000E+0	8.000000E+0
21-Apr-25	03:06:43	-1.000000E-5	-1.900000E-4	-8.818750E-1	-1.137200E-5	-4.600000E-8	-1.520000E-6	-2.000000E-8	0.000000E+0	0.000000E+0	1.964247E-4	2.976042E-9	0.000000E+0	0.000000E+0	1.999856E+1	0.000000E+0	8.000000E+0
21-Apr-25	03:06:43	-1.000000E-5	-1.900000E-4	-8.801100E-1	-1.142600E-5	-6.200000E-8	-1.520000E-6	-2.000000E-8	0.000000E+0	0.000000E+0	1.964247E-4	2.976042E-9	0.000000E+0	0.000000E+0	1.999856E+1	0.000000E+0	8.000000E+0
21-Apr-25	03:06:44	-1.000000E-5	-1.900000E-4	-8.783550E-1	-1.141600E-5	-7.600000E-8	-1.520000E-6	0.000000E+0	0.000000E+0	0.000000E+0	1.964247E-4	2.976042E-9	0.000000E+0	0.000000E+0	1.999856E+1	0.000000E+0	8.000000E+0
21-Apr-25	03:06:44	-1.000000E-5	-1.900000E-4	-8.767700E-1	-1.145200E-5	-1.140000E-7	-1.520000E-6	-4.000000E-8	0.000000E+0	0.000000E+0	1.964247E-4	2.976042E-9	0.000000E+0	0.000000E+0	1.999856E+1	0.000000E+0	8.000000E+0
21-Apr-25	03:06:45	-1.000000E-5	-1.900000E-4	-8.753600E-1	-1.139600E-5	-1.740000E-7	-1.520000E-6	-2.000000E-8	0.000000E+0	0.000000E+0	1.964247E-4	2.976042E-9	0.000000E+0	0.000000E+0	1.999856E+1	0.000000E+0	8.000000E+0
21-Apr-25	03:06:45	-1.000000E-5	-1.900000E-4	-8.737650E-1	-1.138400E-5	-1.020000E-7	-1.500000E-6	-2.000000E-8	0.000000E+0	0.000000E+0	1.964247E-4	2.976042E-9	0.000000E+0	0.000000E+0	1.999856E+1	0.000000E+0	8.000000E+0
21-Apr-25	03:06:46	-1.000000E-5	-1.900000E-4	-8.721800E-1	-1.136200E-5	-4.400000E-8	-1.500000E-6	-2.000000E-8	0.000000E+0	0.000000E+0	1.964247E-4	2.976042E-9	0.000000E+0	0.000000E+0	1.999856E+1	0.000000E+0	8.000000E+0
21-Apr-25	03:06:46	-1.000000E-5	-1.900000E-4	-8.705950E-1	-1.139400E-5	-1.100000E-7	-1.540000E-6	-2.000000E-8	0.000000E+0	0.000000E+0	1.964247E-4	2.976042E-9	0.000000E+0	0.000000E+0	1.999856E+1	0.000000E+0	8.000000E+0
21-Apr-25	03:06:47	-1.000000E-5	-1.900000E-4	-8.690150E-1	-1.158800E-5	1.000000E-8	-1.520000E-6	-6.000000E-8	0.000000E+0	0.000000E+0	1.964247E-4	2.976042E-9	0.000000E+0	0.000000E+0	1.999856E+1	0.000000E+0	8.000000E+0
21-Apr-25	03:06:47	-1.000000E-5	-1.900000E-4	-8.674400E-1	-1.141400E-5	-8.800000E-8	-1.540000E-6	-4.000000E-8	0.000000E+0	0.000000E+0	1.964247E-4	2.976042E-9	0.000000E+0	0.000000E+0	1.999856E+1	0.000000E+0	8.000000E+0
21-Apr-25	03:06:48	-1.000000E-5	-1.900000E-4	-8.658550E-1	-1.138000E-5	1.600000E-8	-1.540000E-6	-4.000000E-8	0.000000E+0	0.000000E+0	1.964247E-4	2.976042E-9	0.000000E+0	0.000000E+0	1.999856E+1	0.000000E+0	8.000000E+0
21-Apr-25	03:06:48	-1.000000E-5	-1.900000E-4	-8.642650E-1	-1.145200E-5	-4.200000E-8	-1.520000E-6	-2.000000E-8	0.000000E+0	0.000000E+0	1.964247E-4	2.976042E-9	0.000000E+0	0.000000E+0	1.999856E+1	0.000000E+0	8.000000E+0
21-Apr-25	03:06:49	-1.000000E-5	-1.900000E-4	-8.626750E-1	-1.136200E-5	-1.200000E-7	-1.520000E-6	-2.000000E-8	0.000000E+0	0.000000E+0	1.964247E-4	2.976042E-9	0.000000E+0	0.000000E+0	1.999856E+1	0.000000E+0	8.000000E+0
21-Apr-25	03:06:49	-1.000000E-5	-1.900000E-4	-8.610900E-1	-1.143200E-5	-1.460000E-7	-1.520000E-6	0.000000E+0	0.000000E+0	0.000000E+0	1.964247E-4	2.976042E-9	0.000000E+0	0.000000E+0	1.999856E+1	0.000000E+0	8.000000E+0
21-Apr-25	03:06:50	-1.000000E-5	-1.900000E-4	-8.593450E-1	-1.143000E-5	-4.400000E-8	-1.540000E-6	0.000000E+0	0.000000E+0	0.000000E+0	1.964247E-4	2.976042E-9	0.000000E+0	0.000000E+0	1.999856E+1	0.000000E+0	8.000000E+0
21-Apr-25	03:06:50	-1.000000E-5	-1.900000E-4	-8.577650E-1	-1.142800E-5	-5.400000E-8	-1.540000E-6	0.000000E+0	0.000000E+0	0.000000E+0	1.964247E-4	2.976042E-9	0.000000E+0	0.000000E+0	1.999856E+1	0.000000E+0	8.000000E+0
21-Apr-25	03:06:51	-1.000000E-5	-1.900000E-4	-8.561700E-1	-1.145200E-5	-6.800000E-8	-1.540000E-6	0.000000E+0	0.000000E+0	0.000000E+0	1.964247E-4	2.976042E-9	0.000000E+0	0.000000E+0	1.999856E+1	0.000000E+0	8.000000E+0
21-Apr-25	03:06:51	-1.000000E-5	-1.900000E-4	-8.545850E-1	-1.148200E-5	-4.800000E-8	-1.520000E-6	-2.000000E-8	0.000000E+0	0.000000E+0	1.964247E-4	2.976042E-9	0.000000E+0	0.000000E+0	1.999856E+1	0.000000E+0	8.000000E+0
21-Apr-25	03:06:52	-1.000000E-5	-1.900000E-4	-8.530000E-1	-1.148200E-5	-8.800000E-8	-1.540000E-6	0.000000E+0	0.000000E+0	0.000000E+0	1.964247E-4	2.976042E-9	0.000000E+0	0.000000E+0	1.999856E+1	0.000000E+0	8.000000E+0
21-Apr-25	03:06:52	-1.000000E-5	-1.900000E-4	-8.514250E-1	-1.138600E-5	-1.640000E-7	-1.540000E-6	0.000000E+0	0.000000E+0	0.000000E+0	1.964247E-4	2.976042E-9	0.000000E+0	0.000000E+0	1.999856E+1	0.000000E+0	8.000000E+0
21-Apr-25	03:06:53	-1.000000E-5	-1.900000E-4	-8.498450E-1	-1.143200E-5	-9.200000E-8	-1.560000E-6	0.000000E+0	0.000000E+0	0.000000E+0	1.964247E-4	2.976042E-9	0.000000E+0	0.000000E+0	1.999856E+1	0.000000E+0	8.000000E+0
21-Apr-25	03:06:53	-1.000000E-5	-1.900000E-4	-8.482500E-1	-1.142200E-5	-1.040000E-7	-1.540000E-6	0.000000E+0	0.000000E+0	0.000000E+0	1.964247E-4	2.976042E-9	0.000000E+0	0.000000E+0	1.999856E+1	0.000000E+0	8.000000E+0
21-Apr-25	03:06:54	-1.000000E-5	-1.900000E-4	-8.458700E-1	-1.139800E-5	-5.800000E-8	-1.540000E-6	0.000000E+0	0.000000E+0	0.000000E+0	1.964247E-4	2.976042E-9	0.000000E+0	0.000000E+0	1.999856E+1	0.000000E+0	8.000000E+0
21-Apr-25	03:06:55	-1.000000E-5	-1.900000E-4	-8.440750E-1	-1.137400E-5	-9.600000E-8	-1.540000E-6	0.000000E+0	0.000000E+0	0.000000E+0	1.964247E-4	2.976042E-9	0.000000E+0	0.000000E+0	1.999856E+1	0.000000E+0	8.000000E+0
21-Apr-25	03:06:55	-1.000000E-5	-1.900000E-4	-8.423400E-1	-1.131400E-5	-7.200000E-8	-1.560000E-6	-2.000000E-8	0.000000E+0	0.000000E+0	1.964247E-4	2.976042E-9	0.000000E+0	0.000000E+0	1.999856E+1	0.000000E+0	8.000000E+0
21-Apr-25	03:06:56	-1.000000E-5	-1.900000E-4	-8.404350E-1	-1.139200E-5	-6.200000E-8	-1.560000E-6	-2.000000E-8	0.000000E+0	0.000000E+0	1.964247E-4	2.976042E-9	0.000000E+0	0.000000E+0	1.999856E+1	0.000000E+0	8.000000E+0
21-Apr-25	03:06:56	-1.000000E-5	-1.900000E-4	-8.388450E-1	-1.149800E-5	-3.400000E-8	-1.540000E-6	0.000000E+0	0.000000E+0	0.000000E+0	1.964247E-4	2.976042E-9	0.000000E+0	0.000000E+0	1.999856E+1	0.000000E+0	8.000000E+0
21-Apr-25	03:06:57	-1.000000E-5	-1.900000E-4	-8.372650E-1	-1.143600E-5	-8.000000E-9	-1.540000E-6	-2.000000E-8	0.000000E+0	0.000000E+0	1.964247E-4	2.976042E-9	0.000000E+0	0.000000E+0	1.999856E+1	0.000000E+0	8.000000E+0
21-Apr-25	03:06:57	-1.000000E-5	-1.900000E-4	-8.356800E-1	-1.127800E-5	-8.400000E-8	-1.560000E-6	-2.000000E-8	0.000000E+0	0.000000E+0	1.964247E-4	2.976042E-9	0.000000E+0	0.000000E+0	1.999856E+1	0.000000E+0	8.000000E+0
21-Apr-25	03:06:58	-1.000000E-5	-1.900000E-4	-8.341050E-1	-1.136600E-5	-2.000000E-9	-1.560000E-6	-4.000000E-8	0.000000E+0	0.000000E+0	1.964247E-4	2.976042E-9	0.000000E+0	0.000000E+0	1.999856E+1	0.000000E+0	8.000000E+0
21-Apr-25	03:06:58	-1.000000E-5	-1.900000E-4	-8.326800E-1	-1.133200E-5	7.000000E-8	-1.540000E-6	-2.000000E-8	0.000000E+0	0.000000E+0	1.964247E-4	2.976042E-9	0.000000E+0	0.000000E+0	1.999856E+1	0.000000E+0	8.000000E+0
21-Apr-25	03:06:59	-1.000000E-5	-1.900000E-4	-8.310900E-1	-1.136200E-5	-1.060000E-7	-1.540000E-6	-4.000000E-8	0.000000E+0	0.000000E+0	1.964247E-4	2.976042E-9	0.000000E+0	0.000000E+0	1.999856E+1	0.000000E+0	8.000000E+0
21-Apr-25	03:06:59	-1.000000E-5	-1.900000E-4	-8.294800E-1	-1.140600E-5	-1.340000E-7	-1.540000E-6	-4.000000E-8	0.000000E+0	0.000000E+0	1.964247E-4	2.976042E-9	0.000000E+0	0.000000E+0	1.999856E+1	0.000000E+0	8.000000E+0
21-Apr-25	03:07:00	-1.000000E-5	-1.900000E-4	-8.270700E-1	-1.145000E-5	-1.280000E-7	-1.540000E-6	-2.000000E-8	0.000000E+0	0.000000E+0	1.964247E-4	2.976042E-9	0.000000E+0	0.000000E+0	1.999856E+1	0.000000E+0	8.000000E+0
21-Apr-25	03:07:01	-1.000000E-5	-1.900000E-4	-8.246450E-1	-1.133000E-5	-1.440000E-7	-1.560000E-6	-2.000000E-8	0.000000E+0	0.000000E+0	1.964247E-4	2.976042E-9	0.000000E+0	0.000000E+0	1.999856E+1	0.000000E+0	8.000000E+0
21-Apr-25	03:07:01	-1.000000E-5	-1.900000E-4	-8.230500E-1	-1.136800E-5	-1.600000E-8	-1.540000E-6	-2.000000E-8	0.000000E+0	0.000000E+0	1.964247E-4	2.976042E-9	0.000000E+0	0.000000E+0	1.999856E+1	0.000000E+0	8.000000E+0
21-Apr-25	03:07:02	-1.000000E-5	-1.900000E-4	-8.214700E-1	-1.140000E-5	-7.600000E-8	-1.540000E-6	-2.000000E-8	0.000000E+0	0.000000E+0	1.964247E-4	2.976042E-9	0.000000E+0	0.000000E+0	1.999856E+1	0.000000E+0	8.000000E+0
21-Apr-25	03:07:02	-1.000000E-5	-1.900000E-4	-8.198900E-1	-1.146200E-5	-5.600000E-8	-1.540000E-6	-2.000000E-8	0.000000E+0	0.000000E+0	1.964247E-4	2.976042E-9	0.000000E+0	0.000000E+0	1.999856E+1	0.000000E+0	8.000000E+0
21-Apr-25	03:07:03	-1.000000E-5	-1.900000E-4	-8.184650E-1	-1.138000E-5	-1.000000E-8	-1.540000E-6	-2.000000E-8	0.000000E+0	0.000000E+0	1.964247E-4	2.976042E-9	0.000000E+0	0.000000E+0	1.999856E+1	0.000000E+0	8.000000E+0
21-Apr-25	03:07:03	-1.000000E-5	-1.900000E-4	-8.168850E-1	-1.134400E-5	-5.800000E-8	-1.540000E-6	-2.000000E-8	0.000000E+0	0.000000E+0	1.964247E-4	2.976042E-9	0.000000E+0	0.000000E+0	1.999856E+1	0.000000E+0	8.000000E+0
21-Apr-25	03:07:04	-1.000000E-5	-1.900000E-4	-8.153050E-1	-1.134400E-5	-3.200000E-8	-1.540000E-6	-4.000000E-8	0.000000E+0	0.000000E+0	1.964247E-4	2.976042E-9	0.000000E+0	0.000000E+0	1.999856E+1	0.000000E+0	8.000000E+0
21-Apr-25	03:07:04	-1.000000E-5	-1.900000E-4	-8.134000E-1	-1.141800E-5	-1.040000E-7	-1.560000E-6	0.000000E+0	0.000000E+0	0.000000E+0	1.964247E-4	2.976042E-9	0.000000E+0	0.000000E+0	1.999856E+1	0.000000E+0	8.000000E+0
21-Apr-25	03:07:05	-1.000000E-5	-1.900000E-4	-8.116550E-1	-1.138400E-5	-8.200000E-8	-1.560000E-6	-2.000000E-8	0.000000E+0	0.000000E+0	1.964247E-4	2.976042E-9	0.000000E+0	0.000000E+0	1.999856E+1	0.000000E+0	8.000000E+0
21-Apr-25	03:07:06	-1.000000E-5	-1.900000E-4	-8.100700E-1	-1.144000E-5	-1.020000E-7	-1.560000E-6	-2.000000E-8	0.000000E+0	0.000000E+0	1.964247E-4	2.976042E-9	0.000000E+0	0.000000E+0	1.999856E+1	0.000000E+0	8.000000E+0
21-Apr-25	03:07:06	-1.000000E-5	-1.900000E-4	-8.078600E-1	-1.141800E-5	-2.600000E-8	-1.540000E-6	-2.000000E-8	0.000000E+0	0.000000E+0	1.964247E-4	2.976042E-9	0.000000E+0	0.000000E+0	1.999856E+1	0.000000E+0	8.000000E+0
21-Apr-25	03:07:07	-1.000000E-5	-1.900000E-4	-8.061100E-1	-1.135600E-5	-7.000000E-8	-1.540000E-6	0.000000E+0	0.000000E+0	0.000000E+0	1.964247E-4	2.976042E-9	0.000000E+0	0.000000E+0	1.999856E+1	0.000000E+0	8.000000E+0
21-Apr-25	03:07:07	-1.000000E-5	-1.900000E-4	-8.038650E-1	-1.141200E-5	-1.460000E-7	-1.540000E-6	-2.000000E-8	0.000000E+0	0.000000E+0	1.964247E-4	2.976042E-9	0.000000E+0	0.000000E+0	1.999856E+1	0.000000E+0	8.000000E+0
21-Apr-25	03:07:08	-1.000000E-5	-1.900000E-4	-8.019450E-1	-1.131800E-5	-9.200000E-8	-1.580000E-6	-2.000000E-8	0.000000E+0	0.000000E+0	1.964247E-4	2.976042E-9	0.000000E+0	0.000000E+0	1.999856E+1	0.000000E+0	8.000000E+0
21-Apr-25	03:07:09	-1.000000E-5	-1.900000E-4	-8.002350E-1	-1.135000E-5	8.200000E-8	-1.560000E-6	-2.000000E-8	0.000000E+0	0.000000E+0	1.964247E-4	2.976042E-9	0.000000E+0	0.000000E+0	1.999856E+1	0.000000E+0	8.000000E+0
21-Apr-25	03:07:09	-1.000000E-5	-1.900000E-4	-7.983000E-1	-1.142800E-5	-9.400000E-8	-1.560000E-6	-2.000000E-8	0.000000E+0	0.000000E+0	1.964247E-4	2.976042E-9	0.000000E+0	0.000000E+0	1.999856E+1	0.000000E+0	8.000000E+0
21-Apr-25	03:07:10	-1.000000E-5	-1.900000E-4	-7.967150E-1	-1.139400E-5	-7.800000E-8	-1.560000E-6	-2.000000E-8	0.000000E+0	0.000000E+0	1.964247E-4	2.976042E-9	0.000000E+0	0.000000E+0	1.999856E+1	0.000000E+0	8.000000E+0
21-Apr-25	03:07:10	-1.000000E-5	-1.900000E-4	-7.951250E-1	-1.131800E-5	-9.200000E-8	-1.560000E-6	-2.000000E-8	0.000000E+0	0.000000E+0	1.964247E-4	2.976042E-9	0.000000E+0	0.000000E+0	1.999856E+1	0.000000E+0	8.000000E+0
21-Apr-25	03:07:11	-1.000000E-5	-1.900000E-4	-7.935350E-1	-1.136800E-5	4.200000E-8	-1.560000E-6	-2.000000E-8	0.000000E+0	0.000000E+0	1.964247E-4	2.976042E-9	0.000000E+0	0.000000E+0	1.999856E+1	0.000000E+0	8.000000E+0
21-Apr-25	03:07:11	-1.000000E-5	-1.900000E-4	-7.919550E-1	-1.135400E-5	-1.800000E-8	-1.540000E-6	-2.000000E-8	0.000000E+0	0.000000E+0	1.964247E-4	2.976042E-9	0.000000E+0	0.000000E+0	1.999856E+1	0.000000E+0	8.000000E+0
21-Apr-25	03:07:12	-1.000000E-5	-1.900000E-4	-7.902100E-1	-1.140400E-5	-2.000000E-8	-1.580000E-6	-2.000000E-8	0.000000E+0	0.000000E+0	1.964247E-4	2.976042E-9	0.000000E+0	0.000000E+0	1.999856E+1	0.000000E+0	8.000000E+0
21-Apr-25	03:07:12	-1.000000E-5	-1.900000E-4	-7.886150E-1	-1.137200E-5	-7.200000E-8	-1.600000E-6	0.000000E+0	0.000000E+0	0.000000E+0	1.964247E-4	2.976042E-9	0.000000E+0	0.000000E+0	1.999856E+1	0.000000E+0	8.000000E+0
21-Apr-25	03:07:13	-1.000000E-5	-1.900000E-4	-7.870350E-1	-1.140200E-5	-1.360000E-7	-1.580000E-6	-2.000000E-8	0.000000E+0	0.000000E+0	1.964247E-4	2.976042E-9	0.000000E+0	0.000000E+0	1.999856E+1	0.000000E+0	8.000000E+0
21-Apr-25	03:07:13	-1.000000E-5	-1.900000E-4	-7.854500E-1	-1.139400E-5	-6.600000E-8	-1.560000E-6	-4.000000E-8	0.000000E+0	0.000000E+0	1.964247E-4	2.976042E-9	0.000000E+0	0.000000E+0	1.999856E+1	0.000000E+0	8.000000E+0
21-Apr-25	03:07:14	-1.000000E-5	-1.900000E-4	-7.838750E-1	-1.138600E-5	-7.800000E-8	-1.580000E-6	-2.000000E-8	0.000000E+0	0.000000E+0	1.964247E-4	2.976042E-9	0.000000E+0	0.000000E+0	1.999856E+1	0.000000E+0	8.000000E+0
21-Apr-25	03:07:14	-1.000000E-5	-1.900000E-4	-7.823350E-1	-1.132600E-5	-6.200000E-8	-1.580000E-6	-2.000000E-8	0.000000E+0	0.000000E+0	1.964247E-4	2.976042E-9	0.000000E+0	0.000000E+0	1.999856E+1	0.000000E+0	8.000000E+0
21-Apr-25	03:07:15	-1.000000E-5	-1.900000E-4	-7.807450E-1	-1.150600E-5	-6.200000E-8	-1.580000E-6	-2.000000E-8	0.000000E+0	0.000000E+0	1.964247E-4	2.976042E-9	0.000000E+0	0.000000E+0	1.999856E+1	0.000000E+0	8.000000E+0
21-Apr-25	03:07:15	-1.000000E-5	-1.900000E-4	-7.787950E-1	-1.148000E-5	-4.000000E-8	-1.560000E-6	-2.000000E-8	0.000000E+0	0.000000E+0	1.964247E-4	2.976042E-9	0.000000E+0	0.000000E+0	1.999856E+1	0.000000E+0	8.000000E+0
21-Apr-25	03:07:16	-1.000000E-5	-1.900000E-4	-7.772050E-1	-1.147000E-5	-9.800000E-8	-1.580000E-6	-4.000000E-8	0.000000E+0	0.000000E+0	1.964247E-4	2.976042E-9	0.000000E+0	0.000000E+0	1.999856E+1	0.000000E+0	8.000000E+0
21-Apr-25	03:07:16	-1.000000E-5	-1.900000E-4	-7.754650E-1	-1.142400E-5	-1.000000E-7	-1.580000E-6	-2.000000E-8	0.000000E+0	0.000000E+0	1.964247E-4	2.976042E-9	0.000000E+0	0.000000E+0	1.999856E+1	0.000000E+0	8.000000E+0
21-Apr-25	03:07:17	-1.000000E-5	-1.900000E-4	-7.738800E-1	-1.148400E-5	-7.000000E-8	-1.540000E-6	-2.000000E-8	0.000000E+0	0.000000E+0	1.964247E-4	2.976042E-9	0.000000E+0	0.000000E+0	1.999856E+1	0.000000E+0	8.000000E+0
21-Apr-25	03:07:17	-1.000000E-5	-1.900000E-4	-7.722950E-1	-1.141800E-5	-1.800000E-8	-1.560000E-6	-2.000000E-8	0.000000E+0	0.000000E+0	1.964247E-4	2.976042E-9	0.000000E+0	0.000000E+0	1.999856E+1	0.000000E+0	8.000000E+0
21-Apr-25	03:07:18	-1.000000E-5	-1.900000E-4	-7.707100E-1	-1.143400E-5	-6.200000E-8	-1.560000E-6	-2.000000E-8	0.000000E+0	0.000000E+0	1.964247E-4	2.976042E-9	0.000000E+0	0.000000E+0	1.999856E+1	0.000000E+0	8.000000E+0
21-Apr-25	03:07:19	-1.000000E-5	-1.900000E-4	-7.683400E-1	-1.139400E-5	-1.260000E-7	-1.580000E-6	-2.000000E-8	0.000000E+0	0.000000E+0	1.964247E-4	2.976042E-9	0.000000E+0	0.000000E+0	1.999856E+1	0.000000E+0	8.000000E+0
21-Apr-25	03:07:19	-1.000000E-5	-1.900000E-4	-7.666000E-1	-1.141200E-5	-7.400000E-8	-1.580000E-6	-4.000000E-8	0.000000E+0	0.000000E+0	1.964247E-4	2.976042E-9	0.000000E+0	0.000000E+0	1.999856E+1	0.000000E+0	8.000000E+0
21-Apr-25	03:07:20	-1.000000E-5	-1.900000E-4	-7.650100E-1	-1.135600E-5	-3.600000E-8	-1.580000E-6	-4.000000E-8	0.000000E+0	0.000000E+0	1.964247E-4	2.976042E-9	0.000000E+0	0.000000E+0	1.999856E+1	0.000000E+0	8.000000E+0
21-Apr-25	03:07:20	-1.000000E-5	-1.900000E-4	-7.634200E-1	-1.139000E-5	1.200000E-8	-1.580000E-6	-2.000000E-8	0.000000E+0	0.000000E+0	1.964247E-4	2.976042E-9	0.000000E+0	0.000000E+0	1.999856E+1	0.000000E+0	8.000000E+0
21-Apr-25	03:07:21	-1.000000E-5	-1.900000E-4	-7.618350E-1	-1.146800E-5	3.000000E-8	-1.560000E-6	-2.000000E-8	0.000000E+0	0.000000E+0	1.964247E-4	2.976042E-9	0.000000E+0	0.000000E+0	1.999856E+1	0.000000E+0	8.000000E+0
21-Apr-25	03:07:21	-1.000000E-5	-1.900000E-4	-7.602500E-1	-1.145600E-5	-5.200000E-8	-1.580000E-6	-2.000000E-8	0.000000E+0	0.000000E+0	1.964247E-4	2.976042E-9	0.000000E+0	0.000000E+0	1.999856E+1	0.000000E+0	8.000000E+0
21-Apr-25	03:07:22	-1.000000E-5	-1.900000E-4	-7.585100E-1	-1.141000E-5	-7.200000E-8	-1.560000E-6	-2.000000E-8	0.000000E+0	0.000000E+0	1.964247E-4	2.976042E-9	0.000000E+0	0.000000E+0	1.999856E+1	0.000000E+0	8.000000E+0
21-Apr-25	03:07:22	-1.000000E-5	-1.900000E-4	-7.569250E-1	-1.140600E-5	-7.600000E-8	-1.560000E-6	0.000000E+0	0.000000E+0	0.000000E+0	1.964247E-4	2.976042E-9	0.000000E+0	0.000000E+0	1.999856E+1	0.000000E+0	8.000000E+0
21-Apr-25	03:07:23	-1.000000E-5	-1.900000E-4	-7.546500E-1	-1.131800E-5	6.000000E-9	-1.580000E-6	-2.000000E-8	0.000000E+0	0.000000E+0	1.964247E-4	2.976042E-9	0.000000E+0	0.000000E+0	1.999856E+1	0.000000E+0	8.000000E+0
21-Apr-25	03:07:23	-1.000000E-5	-1.900000E-4	-7.530600E-1	-1.132600E-5	-6.200000E-8	-1.580000E-6	-2.000000E-8	0.000000E+0	0.000000E+0	1.964247E-4	2.976042E-9	0.000000E+0	0.000000E+0	1.999856E+1	0.000000E+0	8.000000E+0
21-Apr-25	03:07:24	-1.000000E-5	-1.900000E-4	-7.514800E-1	-1.135600E-5	-4.400000E-8	-1.580000E-6	0.000000E+0	0.000000E+0	0.000000E+0	1.964247E-4	2.976042E-9	0.000000E+0	0.000000E+0	1.999856E+1	0.000000E+0	8.000000E+0
21-Apr-25	03:07:24	-1.000000E-5	-1.900000E-4	-7.499000E-1	-1.130000E-5	-1.040000E-7	-1.580000E-6	0.000000E+0	0.000000E+0	0.000000E+0	1.964247E-4	2.976042E-9	0.000000E+0	0.000000E+0	1.999856E+1	0.000000E+0	8.000000E+0
21-Apr-25	03:07:25	-1.000000E-5	-1.900000E-4	-7.483450E-1	-1.137800E-5	-1.040000E-7	-1.580000E-6	-2.000000E-8	0.000000E+0	0.000000E+0	1.964247E-4	2.976042E-9	0.000000E+0	0.000000E+0	1.999856E+1	0.000000E+0	8.000000E+0
21-Apr-25	03:07:26	-1.000000E-5	-1.900000E-4	-7.467800E-1	-1.138000E-5	-8.200000E-8	-1.580000E-6	-2.000000E-8	0.000000E+0	0.000000E+0	1.964247E-4	2.976042E-9	0.000000E+0	0.000000E+0	1.999856E+1	0.000000E+0	8.000000E+0
21-Apr-25	03:07:26	-1.000000E-5	-1.900000E-4	-7.446650E-1	-1.143200E-5	-9.200000E-8	-1.560000E-6	0.000000E+0	0.000000E+0	0.000000E+0	1.964247E-4	2.976042E-9	0.000000E+0	0.000000E+0	1.999856E+1	0.000000E+0	8.000000E+0
21-Apr-25	03:07:27	-1.000000E-5	-1.900000E-4	-7.430850E-1	-1.142000E-5	-1.000000E-7	-1.560000E-6	-2.000000E-8	0.000000E+0	0.000000E+0	1.964247E-4	2.976042E-9	0.000000E+0	0.000000E+0	1.999856E+1	0.000000E+0	8.000000E+0
21-Apr-25	03:07:27	-1.000000E-5	-1.900000E-4	-7.415000E-1	-1.141400E-5	-7.000000E-8	-1.560000E-6	-2.000000E-8	0.000000E+0	0.000000E+0	1.964247E-4	2.976042E-9	0.000000E+0	0.000000E+0	1.999856E+1	0.000000E+0	8.000000E+0
21-Apr-25	03:07:28	-1.000000E-5	-1.900000E-4	-7.399100E-1	-1.148800E-5	-5.400000E-8	-1.580000E-6	-4.000000E-8	0.000000E+0	0.000000E+0	1.964247E-4	2.976042E-9	0.000000E+0	0.000000E+0	1.999856E+1	0.000000E+0	8.000000E+0
21-Apr-25	03:07:28	-1.000000E-5	-1.900000E-4	-7.381750E-1	-1.135000E-5	-1.500000E-7	-1.600000E-6	-2.000000E-8	0.000000E+0	0.000000E+0	1.964247E-4	2.976042E-9	0.000000E+0	0.000000E+0	1.999856E+1	0.000000E+0	8.000000E+0
21-Apr-25	03:07:29	-1.000000E-5	-1.900000E-4	-7.359050E-1	-1.139800E-5	-4.200000E-8	-1.580000E-6	-2.000000E-8	0.000000E+0	0.000000E+0	1.964247E-4	2.976042E-9	0.000000E+0	0.000000E+0	1.999856E+1	0.000000E+0	8.000000E+0
21-Apr-25	03:07:30	-1.000000E-5	-1.900000E-4	-7.337000E-1	-1.146600E-5	-3.000000E-8	-1.600000E-6	-4.000000E-8	0.000000E+0	0.000000E+0	1.964247E-4	2.976042E-9	0.000000E+0	0.000000E+0	1.999856E+1	0.000000E+0	8.000000E+0
21-Apr-25	03:07:30	-1.000000E-5	-1.900000E-4	-7.321050E-1	-1.144800E-5	6.000000E-9	-1.600000E-6	-4.000000E-8	0.000000E+0	0.000000E+0	1.964247E-4	2.976042E-9	0.000000E+0	0.000000E+0	1.999856E+1	0.000000E+0	8.000000E+0
21-Apr-25	03:07:30	-1.000000E-5	-1.900000E-4	-7.305150E-1	-1.136200E-5	-6.000000E-8	-1.600000E-6	-2.000000E-8	0.000000E+0	0.000000E+0	1.964247E-4	2.976042E-9	0.000000E+0	0.000000E+0	1.999856E+1	0.000000E+0	8.000000E+0
21-Apr-25	03:07:31	-1.000000E-5	-1.900000E-4	-7.289300E-1	-1.139000E-5	-1.820000E-7	-1.580000E-6	-2.000000E-8	0.000000E+0	0.000000E+0	1.964247E-4	2.976042E-9	0.000000E+0	0.000000E+0	1.999856E+1	0.000000E+0	8.000000E+0
21-Apr-25	03:07:31	-1.000000E-5	-1.900000E-4	-7.273450E-1	-1.143000E-5	-1.340000E-7	-1.600000E-6	-4.000000E-8	0.000000E+0	0.000000E+0	1.964247E-4	2.976042E-9	0.000000E+0	0.000000E+0	1.999856E+1	0.000000E+0	8.000000E+0
21-Apr-25	03:07:32	-1.000000E-5	-1.900000E-4	-7.257600E-1	-1.140600E-5	-1.280000E-7	-1.600000E-6	-2.000000E-8	0.000000E+0	0.000000E+0	1.964247E-4	2.976042E-9	0.000000E+0	0.000000E+0	1.999856E+1	0.000000E+0	8.000000E+0
21-Apr-25	03:07:33	-1.000000E-5	-1.900000E-4	-7.241650E-1	-1.143400E-5	-1.140000E-7	-1.580000E-6	-2.000000E-8	0.000000E+0	0.000000E+0	1.964247E-4	2.976042E-9	0.000000E+0	0.000000E+0	1.999856E+1	0.000000E+0	8.000000E+0
21-Apr-25	03:07:33	-1.000000E-5	-1.900000E-4	-7.218950E-1	-1.147000E-5	-1.220000E-7	-1.600000E-6	-2.000000E-8	0.000000E+0	0.000000E+0	1.964247E-4	2.976042E-9	0.000000E+0	0.000000E+0	1.999856E+1	0.000000E+0	8.000000E+0
21-Apr-25	03:07:34	-1.000000E-5	-1.900000E-4	-7.203100E-1	-1.145000E-5	-3.200000E-8	-1.600000E-6	-2.000000E-8	0.000000E+0	0.000000E+0	1.964247E-4	2.976042E-9	0.000000E+0	0.000000E+0	1.999856E+1	0.000000E+0	8.000000E+0
21-Apr-25	03:07:34	-1.000000E-5	-1.900000E-4	-7.187250E-1	-1.140000E-5	-1.140000E-7	-1.600000E-6	-4.000000E-8	0.000000E+0	0.000000E+0	1.964247E-4	2.976042E-9	0.000000E+0	0.000000E+0	1.999856E+1	0.000000E+0	8.000000E+0
21-Apr-25	03:07:35	-1.000000E-5	-1.900000E-4	-7.171550E-1	-1.145000E-5	-1.520000E-7	-1.600000E-6	-4.000000E-8	0.000000E+0	0.000000E+0	1.964247E-4	2.976042E-9	0.000000E+0	0.000000E+0	1.999856E+1	0.000000E+0	8.000000E+0
21-Apr-25	03:07:35	-1.000000E-5	-1.900000E-4	-7.155600E-1	-1.144200E-5	-9.200000E-8	-1.600000E-6	-2.000000E-8	0.000000E+0	0.000000E+0	1.964247E-4	2.976042E-9	0.000000E+0	0.000000E+0	1.999856E+1	0.000000E+0	8.000000E+0
21-Apr-25	03:07:36	-1.000000E-5	-1.900000E-4	-7.139750E-1	-1.145600E-5	-7.400000E-8	-1.600000E-6	0.000000E+0	0.000000E+0	0.000000E+0	1.964247E-4	2.976042E-9	0.000000E+0	0.000000E+0	1.999856E+1	0.000000E+0	8.000000E+0
21-Apr-25	03:07:36	-1.000000E-5	-1.900000E-4	-7.123900E-1	-1.141400E-5	-1.320000E-7	-1.600000E-6	-2.000000E-8	0.000000E+0	0.000000E+0	1.964247E-4	2.976042E-9	0.000000E+0	0.000000E+0	1.999856E+1	0.000000E+0	8.000000E+0
21-Apr-25	03:07:37	-1.000000E-5	-1.900000E-4	-7.108000E-1	-1.132600E-5	-6.600000E-8	-1.600000E-6	-2.000000E-8	0.000000E+0	0.000000E+0	1.964247E-4	2.976042E-9	0.000000E+0	0.000000E+0	1.999856E+1	0.000000E+0	8.000000E+0
21-Apr-25	03:07:37	-1.000000E-5	-1.900000E-4	-7.092200E-1	-1.130600E-5	-1.000000E-8	-1.600000E-6	-4.000000E-8	0.000000E+0	0.000000E+0	1.964247E-4	2.976042E-9	0.000000E+0	0.000000E+0	1.999856E+1	0.000000E+0	8.000000E+0
21-Apr-25	03:07:38	-1.000000E-5	-1.900000E-4	-7.076400E-1	-1.140200E-5	2.000000E-8	-1.620000E-6	-2.000000E-8	0.000000E+0	0.000000E+0	1.964247E-4	2.976042E-9	0.000000E+0	0.000000E+0	1.999856E+1	0.000000E+0	8.000000E+0
21-Apr-25	03:07:38	-1.000000E-5	-1.900000E-4	-7.060500E-1	-1.140400E-5	3.800000E-8	-1.620000E-6	-2.000000E-8	0.000000E+0	0.000000E+0	1.964247E-4	2.976042E-9	0.000000E+0	0.000000E+0	1.999856E+1	0.000000E+0	8.000000E+0
21-Apr-25	03:07:39	-1.000000E-5	-1.900000E-4	-7.045200E-1	-1.142000E-5	-5.400000E-8	-1.600000E-6	-2.000000E-8	0.000000E+0	0.000000E+0	1.964247E-4	2.976042E-9	0.000000E+0	0.000000E+0	1.999856E+1	0.000000E+0	8.000000E+0
21-Apr-25	03:07:39	-1.000000E-5	-1.900000E-4	-7.025700E-1	-1.142200E-5	-7.400000E-8	-1.600000E-6	0.000000E+0	0.000000E+0	0.000000E+0	1.964247E-4	2.976042E-9	0.000000E+0	0.000000E+0	1.999856E+1	0.000000E+0	8.000000E+0
21-Apr-25	03:07:40	-1.000000E-5	-1.900000E-4	-7.009850E-1	-1.140800E-5	-4.000000E-8	-1.600000E-6	-4.000000E-8	0.000000E+0	0.000000E+0	1.964247E-4	2.976042E-9	0.000000E+0	0.000000E+0	1.999856E+1	0.000000E+0	8.000000E+0
21-Apr-25	03:07:40	-1.000000E-5	-1.900000E-4	-6.994100E-1	-1.144200E-5	-1.000000E-7	-1.600000E-6	-2.000000E-8	0.000000E+0	0.000000E+0	1.964247E-4	2.976042E-9	0.000000E+0	0.000000E+0	1.999856E+1	0.000000E+0	8.000000E+0
21-Apr-25	03:07:41	-1.000000E-5	-1.900000E-4	-6.971850E-1	-1.141200E-5	-8.000000E-8	-1.620000E-6	-2.000000E-8	0.000000E+0	0.000000E+0	1.964247E-4	2.976042E-9	0.000000E+0	0.000000E+0	1.999856E+1	0.000000E+0	8.000000E+0
21-Apr-25	03:07:42	-1.000000E-5	-1.900000E-4	-6.949600E-1	-1.141000E-5	-5.000000E-8	-1.600000E-6	-2.000000E-8	0.000000E+0	0.000000E+0	1.964247E-4	2.976042E-9	0.000000E+0	0.000000E+0	1.999856E+1	0.000000E+0	8.000000E+0
21-Apr-25	03:07:42	-1.000000E-5	-1.900000E-4	-6.933850E-1	-1.141800E-5	-6.000000E-8	-1.620000E-6	-2.000000E-8	0.000000E+0	0.000000E+0	1.964247E-4	2.976042E-9	0.000000E+0	0.000000E+0	1.999856E+1	0.000000E+0	8.000000E+0
21-Apr-25	03:07:43	-1.000000E-5	-1.900000E-4	-6.914250E-1	-1.145800E-5	-5.400000E-8	-1.600000E-6	-4.000000E-8	0.000000E+0	0.000000E+0	1.964247E-4	2.976042E-9	0.000000E+0	0.000000E+0	1.999856E+1	0.000000E+0	8.000000E+0
21-Apr-25	03:07:44	-1.000000E-5	-1.900000E-4	-6.896750E-1	-1.141600E-5	-8.200000E-8	-1.620000E-6	-2.000000E-8	0.000000E+0	0.000000E+0	1.964247E-4	2.976042E-9	0.000000E+0	0.000000E+0	1.999856E+1	0.000000E+0	8.000000E+0
21-Apr-25	03:07:44	-1.000000E-5	-1.900000E-4	-6.874600E-1	-1.137800E-5	-9.200000E-8	-1.600000E-6	-2.000000E-8	0.000000E+0	0.000000E+0	1.964247E-4	2.976042E-9	0.000000E+0	0.000000E+0	1.999856E+1	0.000000E+0	8.000000E+0
21-Apr-25	03:07:45	-1.000000E-5	-1.900000E-4	-6.858750E-1	-1.140600E-5	-1.120000E-7	-1.600000E-6	-4.000000E-8	0.000000E+0	0.000000E+0	1.964247E-4	2.976042E-9	0.000000E+0	0.000000E+0	1.999856E+1	0.000000E+0	8.000000E+0
21-Apr-25	03:07:45	-1.000000E-5	-1.900000E-4	-6.836600E-1	-1.141600E-5	-1.380000E-7	-1.620000E-6	0.000000E+0	0.000000E+0	0.000000E+0	1.964247E-4	2.976042E-9	0.000000E+0	0.000000E+0	1.999856E+1	0.000000E+0	8.000000E+0
21-Apr-25	03:07:46	-1.000000E-5	-1.900000E-4	-6.820550E-1	-1.139400E-5	-5.600000E-8	-1.620000E-6	0.000000E+0	0.000000E+0	0.000000E+0	1.964247E-4	2.976042E-9	0.000000E+0	0.000000E+0	1.999856E+1	0.000000E+0	8.000000E+0
21-Apr-25	03:07:46	-1.000000E-5	-1.900000E-4	-6.803100E-1	-1.140200E-5	-7.600000E-8	-1.620000E-6	-2.000000E-8	0.000000E+0	0.000000E+0	1.964247E-4	2.976042E-9	0.000000E+0	0.000000E+0	1.999856E+1	0.000000E+0	8.000000E+0
21-Apr-25	03:07:47	-1.000000E-5	-1.900000E-4	-6.785400E-1	-1.145000E-5	-8.000000E-8	-1.620000E-6	-4.000000E-8	0.000000E+0	0.000000E+0	1.964247E-4	2.976042E-9	0.000000E+0	0.000000E+0	1.999856E+1	0.000000E+0	8.000000E+0
21-Apr-25	03:07:47	-1.000000E-5	-1.900000E-4	-6.769500E-1	-1.142200E-5	-7.400000E-8	-1.620000E-6	-4.000000E-8	0.000000E+0	0.000000E+0	1.964247E-4	2.976042E-9	0.000000E+0	0.000000E+0	1.999856E+1	0.000000E+0	8.000000E+0
21-Apr-25	03:07:48	-1.000000E-5	-1.900000E-4	-6.753700E-1	-1.131600E-5	-7.000000E-8	-1.620000E-6	-2.000000E-8	0.000000E+0	0.000000E+0	1.964247E-4	2.976042E-9	0.000000E+0	0.000000E+0	1.999856E+1	0.000000E+0	8.000000E+0
21-Apr-25	03:07:48	-1.000000E-5	-1.900000E-4	-6.736300E-1	-1.129400E-5	-3.600000E-8	-1.620000E-6	-2.000000E-8	0.000000E+0	0.000000E+0	1.964247E-4	2.976042E-9	0.000000E+0	0.000000E+0	1.999856E+1	0.000000E+0	8.000000E+0
21-Apr-25	03:07:49	-1.000000E-5	-1.900000E-4	-6.720400E-1	-1.136000E-5	-9.800000E-8	-1.600000E-6	-2.000000E-8	0.000000E+0	0.000000E+0	1.964247E-4	2.976042E-9	0.000000E+0	0.000000E+0	1.999856E+1	0.000000E+0	8.000000E+0
21-Apr-25	03:07:49	-1.000000E-5	-1.900000E-4	-6.706200E-1	-1.141200E-5	-4.800000E-8	-1.620000E-6	-2.000000E-8	0.000000E+0	0.000000E+0	1.964247E-4	2.976042E-9	0.000000E+0	0.000000E+0	1.999856E+1	0.000000E+0	8.000000E+0
21-Apr-25	03:07:50	-1.000000E-5	-1.900000E-4	-6.690350E-1	-1.141200E-5	8.000000E-9	-1.620000E-6	-2.000000E-8	0.000000E+0	0.000000E+0	1.964247E-4	2.976042E-9	0.000000E+0	0.000000E+0	1.999856E+1	0.000000E+0	8.000000E+0
21-Apr-25	03:07:50	-1.000000E-5	-1.900000E-4	-6.674650E-1	-1.139600E-5	-5.000000E-8	-1.620000E-6	-4.000000E-8	0.000000E+0	0.000000E+0	1.964247E-4	2.976042E-9	0.000000E+0	0.000000E+0	1.999856E+1	0.000000E+0	8.000000E+0
21-Apr-25	03:07:51	-1.000000E-5	-1.900000E-4	-6.658800E-1	-1.144000E-5	-5.200000E-8	-1.620000E-6	-4.000000E-8	0.000000E+0	0.000000E+0	1.964247E-4	2.976042E-9	0.000000E+0	0.000000E+0	1.999856E+1	0.000000E+0	8.000000E+0
21-Apr-25	03:07:52	-1.000000E-5	-1.900000E-4	-6.642850E-1	-1.135400E-5	-7.600000E-8	-1.620000E-6	-4.000000E-8	0.000000E+0	0.000000E+0	1.964247E-4	2.976042E-9	0.000000E+0	0.000000E+0	1.999856E+1	0.000000E+0	8.000000E+0
21-Apr-25	03:07:52	-1.000000E-5	-1.900000E-4	-6.618800E-1	-1.147000E-5	-1.080000E-7	-1.620000E-6	0.000000E+0	0.000000E+0	0.000000E+0	1.964247E-4	2.976042E-9	0.000000E+0	0.000000E+0	1.999856E+1	0.000000E+0	8.000000E+0
21-Apr-25	03:07:53	-1.000000E-5	-1.900000E-4	-6.594700E-1	-1.133200E-5	-1.080000E-7	-1.620000E-6	-2.000000E-8	0.000000E+0	0.000000E+0	1.964247E-4	2.976042E-9	0.000000E+0	0.000000E+0	1.999856E+1	0.000000E+0	8.000000E+0
21-Apr-25	03:07:53	-1.000000E-5	-1.900000E-4	-6.580550E-1	-1.139200E-5	-1.620000E-7	-1.620000E-6	-2.000000E-8	0.000000E+0	0.000000E+0	1.964247E-4	2.976042E-9	0.000000E+0	0.000000E+0	1.999856E+1	0.000000E+0	8.000000E+0
21-Apr-25	03:07:54	-1.000000E-5	-1.900000E-4	-6.564550E-1	-1.147400E-5	-1.300000E-7	-1.620000E-6	-2.000000E-8	0.000000E+0	0.000000E+0	1.964247E-4	2.976042E-9	0.000000E+0	0.000000E+0	1.999856E+1	0.000000E+0	8.000000E+0
21-Apr-25	03:07:55	-1.000000E-5	-1.900000E-4	-6.543950E-1	-1.147800E-5	-2.200000E-8	-1.620000E-6	-2.000000E-8	0.000000E+0	0.000000E+0	1.964247E-4	2.976042E-9	0.000000E+0	0.000000E+0	1.999856E+1	0.000000E+0	8.000000E+0
21-Apr-25	03:07:55	-1.000000E-5	-1.900000E-4	-6.529700E-1	-1.145800E-5	-1.800000E-8	-1.620000E-6	-4.000000E-8	0.000000E+0	0.000000E+0	1.964247E-4	2.976042E-9	0.000000E+0	0.000000E+0	1.999856E+1	0.000000E+0	8.000000E+0
21-Apr-25	03:07:56	-1.000000E-5	-1.900000E-4	-6.513400E-1	-1.140400E-5	-2.800000E-8	-1.620000E-6	-2.000000E-8	0.000000E+0	0.000000E+0	1.964247E-4	2.976042E-9	0.000000E+0	0.000000E+0	1.999856E+1	0.000000E+0	8.000000E+0
21-Apr-25	03:07:56	-1.000000E-5	-1.900000E-4	-6.497850E-1	-1.139200E-5	3.800000E-8	-1.620000E-6	-2.000000E-8	0.000000E+0	0.000000E+0	1.964247E-4	2.976042E-9	0.000000E+0	0.000000E+0	1.999856E+1	0.000000E+0	8.000000E+0
21-Apr-25	03:07:57	-1.000000E-5	-1.900000E-4	-6.482150E-1	-1.123800E-5	8.600000E-8	-1.620000E-6	-2.000000E-8	0.000000E+0	0.000000E+0	1.964247E-4	2.976042E-9	0.000000E+0	0.000000E+0	1.999856E+1	0.000000E+0	8.000000E+0
21-Apr-25	03:07:57	-1.000000E-5	-1.900000E-4	-6.466350E-1	-1.138000E-5	2.200000E-8	-1.600000E-6	-2.000000E-8	0.000000E+0	0.000000E+0	1.964247E-4	2.976042E-9	0.000000E+0	0.000000E+0	1.999856E+1	0.000000E+0	8.000000E+0
21-Apr-25	03:07:58	-1.000000E-5	-1.900000E-4	-6.443600E-1	-1.143800E-5	-5.000000E-8	-1.620000E-6	0.000000E+0	0.000000E+0	0.000000E+0	1.964247E-4	2.976042E-9	0.000000E+0	0.000000E+0	1.999856E+1	0.000000E+0	8.000000E+0
21-Apr-25	03:07:58	-1.000000E-5	-1.900000E-4	-6.427750E-1	-1.140000E-5	-6.600000E-8	-1.620000E-6	0.000000E+0	0.000000E+0	0.000000E+0	1.964247E-4	2.976042E-9	0.000000E+0	0.000000E+0	1.999856E+1	0.000000E+0	8.000000E+0
21-Apr-25	03:07:59	-1.000000E-5	-1.900000E-4	-6.407150E-1	-1.138000E-5	-8.600000E-8	-1.600000E-6	-2.000000E-8	0.000000E+0	0.000000E+0	1.964247E-4	2.976042E-9	0.000000E+0	0.000000E+0	1.999856E+1	0.000000E+0	8.000000E+0
21-Apr-25	03:07:59	-1.000000E-5	-1.900000E-4	-6.389400E-1	-1.131200E-5	-7.600000E-8	-1.620000E-6	0.000000E+0	0.000000E+0	0.000000E+0	1.964247E-4	2.976042E-9	0.000000E+0	0.000000E+0	1.999856E+1	0.000000E+0	8.000000E+0
21-Apr-25	03:08:00	-1.000000E-5	-1.900000E-4	-6.374900E-1	-1.136800E-5	-8.200000E-8	-1.620000E-6	-2.000000E-8	0.000000E+0	0.000000E+0	1.964247E-4	2.976042E-9	0.000000E+0	0.000000E+0	1.999856E+1	0.000000E+0	8.000000E+0
21-Apr-25	03:08:00	-1.000000E-5	-1.900000E-4	-6.359100E-1	-1.139800E-5	-5.000000E-8	-1.620000E-6	-2.000000E-8	0.000000E+0	0.000000E+0	1.964247E-4	2.976042E-9	0.000000E+0	0.000000E+0	1.999856E+1	0.000000E+0	8.000000E+0
21-Apr-25	03:08:01	-1.000000E-5	-1.900000E-4	-6.343300E-1	-1.139200E-5	-1.000000E-8	-1.640000E-6	-2.000000E-8	0.000000E+0	0.000000E+0	1.964247E-4	2.976042E-9	0.000000E+0	0.000000E+0	1.999856E+1	0.000000E+0	8.000000E+0
21-Apr-25	03:08:01	-1.000000E-5	-1.900000E-4	-6.327500E-1	-1.143200E-5	-7.200000E-8	-1.620000E-6	-4.000000E-8	0.000000E+0	0.000000E+0	1.964247E-4	2.976042E-9	0.000000E+0	0.000000E+0	1.999856E+1	0.000000E+0	8.000000E+0
21-Apr-25	03:08:02	-1.000000E-5	-1.900000E-4	-6.311550E-1	-1.142600E-5	-1.320000E-7	-1.620000E-6	-2.000000E-8	0.000000E+0	0.000000E+0	1.964247E-4	2.976042E-9	0.000000E+0	0.000000E+0	1.999856E+1	0.000000E+0	8.000000E+0
21-Apr-25	03:08:03	-1.000000E-5	-1.900000E-4	-6.295750E-1	-1.142800E-5	-3.200000E-8	-1.620000E-6	0.000000E+0	0.000000E+0	0.000000E+0	1.964247E-4	2.976042E-9	0.000000E+0	0.000000E+0	1.999856E+1	0.000000E+0	8.000000E+0
21-Apr-25	03:08:03	-1.000000E-5	-1.900000E-4	-6.276700E-1	-1.140400E-5	-3.200000E-8	-1.620000E-6	-4.000000E-8	0.000000E+0	0.000000E+0	1.964247E-4	2.976042E-9	0.000000E+0	0.000000E+0	1.999856E+1	0.000000E+0	8.000000E+0
21-Apr-25	03:08:03	-1.000000E-5	-1.900000E-4	-6.260850E-1	-1.146600E-5	-1.400000E-8	-1.620000E-6	-2.000000E-8	0.000000E+0	0.000000E+0	1.964247E-4	2.976042E-9	0.000000E+0	0.000000E+0	1.999856E+1	0.000000E+0	8.000000E+0
21-Apr-25	03:08:04	-1.000000E-5	-1.900000E-4	-6.246600E-1	-1.142200E-5	4.000000E-9	-1.620000E-6	-2.000000E-8	0.000000E+0	0.000000E+0	1.964247E-4	2.976042E-9	0.000000E+0	0.000000E+0	1.999856E+1	0.000000E+0	8.000000E+0
21-Apr-25	03:08:04	-1.000000E-5	-1.900000E-4	-6.230750E-1	-1.136600E-5	-2.800000E-8	-1.640000E-6	-2.000000E-8	0.000000E+0	0.000000E+0	1.964247E-4	2.976042E-9	0.000000E+0	0.000000E+0	1.999856E+1	0.000000E+0	8.000000E+0
21-Apr-25	03:08:05	-1.000000E-5	-1.900000E-4	-6.216450E-1	-1.138000E-5	-6.200000E-8	-1.620000E-6	-2.000000E-8	0.000000E+0	0.000000E+0	1.964247E-4	2.976042E-9	0.000000E+0	0.000000E+0	1.999856E+1	0.000000E+0	8.000000E+0
21-Apr-25	03:08:05	-1.000000E-5	-1.900000E-4	-6.202250E-1	-1.138400E-5	-8.200000E-8	-1.620000E-6	-2.000000E-8	0.000000E+0	0.000000E+0	1.964247E-4	2.976042E-9	0.000000E+0	0.000000E+0	1.999856E+1	0.000000E+0	8.000000E+0
21-Apr-25	03:08:06	-1.000000E-5	-1.900000E-4	-6.186350E-1	-1.136600E-5	-8.600000E-8	-1.640000E-6	-2.000000E-8	0.000000E+0	0.000000E+0	1.964247E-4	2.976042E-9	0.000000E+0	0.000000E+0	1.999856E+1	0.000000E+0	8.000000E+0
21-Apr-25	03:08:06	-1.000000E-5	-1.900000E-4	-6.170600E-1	-1.141400E-5	-1.740000E-7	-1.620000E-6	-4.000000E-8	0.000000E+0	0.000000E+0	1.964247E-4	2.976042E-9	0.000000E+0	0.000000E+0	1.999856E+1	0.000000E+0	8.000000E+0
21-Apr-25	03:08:07	-1.000000E-5	-1.900000E-4	-6.153100E-1	-1.146400E-5	-9.400000E-8	-1.620000E-6	-2.000000E-8	0.000000E+0	0.000000E+0	1.964247E-4	2.976042E-9	0.000000E+0	0.000000E+0	1.999856E+1	0.000000E+0	8.000000E+0
21-Apr-25	03:08:08	-1.000000E-5	-1.900000E-4	-6.135450E-1	-1.142200E-5	-8.800000E-8	-1.640000E-6	-2.000000E-8	0.000000E+0	0.000000E+0	1.964247E-4	2.976042E-9	0.000000E+0	0.000000E+0	1.999856E+1	0.000000E+0	8.000000E+0
21-Apr-25	03:08:08	-1.000000E-5	-1.900000E-4	-6.112900E-1	-1.140400E-5	-1.800000E-8	-1.660000E-6	-2.000000E-8	0.000000E+0	0.000000E+0	1.964247E-4	2.976042E-9	0.000000E+0	0.000000E+0	1.999856E+1	0.000000E+0	8.000000E+0
21-Apr-25	03:08:09	-1.000000E-5	-1.900000E-4	-6.097100E-1	-1.144200E-5	-8.400000E-8	-1.640000E-6	-4.000000E-8	0.000000E+0	0.000000E+0	1.964247E-4	2.976042E-9	0.000000E+0	0.000000E+0	1.999856E+1	0.000000E+0	8.000000E+0
21-Apr-25	03:08:09	-1.000000E-5	-1.900000E-4	-6.081300E-1	-1.140000E-5	-1.300000E-7	-1.640000E-6	-2.000000E-8	0.000000E+0	0.000000E+0	1.964247E-4	2.976042E-9	0.000000E+0	0.000000E+0	1.999856E+1	0.000000E+0	8.000000E+0
21-Apr-25	03:08:10	-1.000000E-5	-1.900000E-4	-6.065450E-1	-1.142600E-5	-8.600000E-8	-1.640000E-6	-2.000000E-8	0.000000E+0	0.000000E+0	1.964247E-4	2.976042E-9	0.000000E+0	0.000000E+0	1.999856E+1	0.000000E+0	8.000000E+0
21-Apr-25	03:08:10	-1.000000E-5	-1.900000E-4	-6.049650E-1	-1.151600E-5	-1.660000E-7	-1.640000E-6	-2.000000E-8	0.000000E+0	0.000000E+0	1.964247E-4	2.976042E-9	0.000000E+0	0.000000E+0	1.999856E+1	0.000000E+0	8.000000E+0
21-Apr-25	03:08:11	-1.000000E-5	-1.900000E-4	-6.033800E-1	-1.145800E-5	-1.300000E-7	-1.640000E-6	-2.000000E-8	0.000000E+0	0.000000E+0	1.964247E-4	2.976042E-9	0.000000E+0	0.000000E+0	1.999856E+1	0.000000E+0	8.000000E+0
21-Apr-25	03:08:11	-1.000000E-5	-1.900000E-4	-6.012700E-1	-1.134600E-5	-3.800000E-8	-1.680000E-6	0.000000E+0	0.000000E+0	0.000000E+0	1.964247E-4	2.976042E-9	0.000000E+0	0.000000E+0	1.999856E+1	0.000000E+0	8.000000E+0
21-Apr-25	03:08:12	-1.000000E-5	-1.900000E-4	-5.996900E-1	-1.138000E-5	-1.800000E-8	-1.660000E-6	-2.000000E-8	0.000000E+0	0.000000E+0	1.964247E-4	2.976042E-9	0.000000E+0	0.000000E+0	1.999856E+1	0.000000E+0	8.000000E+0
21-Apr-25	03:08:12	-1.000000E-5	-1.900000E-4	-5.979350E-1	-1.120800E-5	1.280000E-7	-1.640000E-6	-2.000000E-8	0.000000E+0	0.000000E+0	1.964247E-4	2.976042E-9	0.000000E+0	0.000000E+0	1.999856E+1	0.000000E+0	8.000000E+0
21-Apr-25	03:08:13	-1.000000E-5	-1.900000E-4	-5.963550E-1	-1.151400E-5	-6.400000E-8	-1.640000E-6	-2.000000E-8	0.000000E+0	0.000000E+0	1.964247E-4	2.976042E-9	0.000000E+0	0.000000E+0	1.999856E+1	0.000000E+0	8.000000E+0
21-Apr-25	03:08:13	-1.000000E-5	-1.900000E-4	-5.947650E-1	-1.148400E-5	-7.800000E-8	-1.620000E-6	0.000000E+0	0.000000E+0	0.000000E+0	1.964247E-4	2.976042E-9	0.000000E+0	0.000000E+0	1.999856E+1	0.000000E+0	8.000000E+0
21-Apr-25	03:08:14	-1.000000E-5	-1.900000E-4	-5.931800E-1	-1.142000E-5	-2.040000E-7	-1.640000E-6	0.000000E+0	0.000000E+0	0.000000E+0	1.964247E-4	2.976042E-9	0.000000E+0	0.000000E+0	1.999856E+1	0.000000E+0	8.000000E+0
21-Apr-25	03:08:14	-1.000000E-5	-1.900000E-4	-5.917550E-1	-1.149200E-5	-1.820000E-7	-1.620000E-6	-2.000000E-8	0.000000E+0	0.000000E+0	1.964247E-4	2.976042E-9	0.000000E+0	0.000000E+0	1.999856E+1	0.000000E+0	8.000000E+0
21-Apr-25	03:08:15	-1.000000E-5	-1.900000E-4	-5.901700E-1	-1.146200E-5	-6.400000E-8	-1.640000E-6	-2.000000E-8	0.000000E+0	0.000000E+0	1.964247E-4	2.976042E-9	0.000000E+0	0.000000E+0	1.999856E+1	0.000000E+0	8.000000E+0
21-Apr-25	03:08:16	-1.000000E-5	-1.900000E-4	-5.881050E-1	-1.146400E-5	-9.000000E-8	-1.620000E-6	0.000000E+0	0.000000E+0	0.000000E+0	1.964247E-4	2.976042E-9	0.000000E+0	0.000000E+0	1.999856E+1	0.000000E+0	8.000000E+0
21-Apr-25	03:08:16	-1.000000E-5	-1.900000E-4	-5.860500E-1	-1.149000E-5	-8.000000E-8	-1.660000E-6	-2.000000E-8	0.000000E+0	0.000000E+0	1.964247E-4	2.976042E-9	0.000000E+0	0.000000E+0	1.999856E+1	0.000000E+0	8.000000E+0
21-Apr-25	03:08:17	-1.000000E-5	-1.900000E-4	-5.844650E-1	-1.142200E-5	-2.400000E-8	-1.640000E-6	-2.000000E-8	0.000000E+0	0.000000E+0	1.964247E-4	2.976042E-9	0.000000E+0	0.000000E+0	1.999856E+1	0.000000E+0	8.000000E+0
21-Apr-25	03:08:17	-1.000000E-5	-1.900000E-4	-5.830450E-1	-1.147600E-5	-7.400000E-8	-1.640000E-6	-2.000000E-8	0.000000E+0	0.000000E+0	1.964247E-4	2.976042E-9	0.000000E+0	0.000000E+0	1.999856E+1	0.000000E+0	8.000000E+0
21-Apr-25	03:08:18	-1.000000E-5	-1.900000E-4	-5.814550E-1	-1.148800E-5	-1.160000E-7	-1.640000E-6	-2.000000E-8	0.000000E+0	0.000000E+0	1.964247E-4	2.976042E-9	0.000000E+0	0.000000E+0	1.999856E+1	0.000000E+0	8.000000E+0
21-Apr-25	03:08:18	-1.000000E-5	-1.900000E-4	-5.798750E-1	-1.152600E-5	-9.400000E-8	-1.660000E-6	-2.000000E-8	0.000000E+0	0.000000E+0	1.964247E-4	2.976042E-9	0.000000E+0	0.000000E+0	1.999856E+1	0.000000E+0	8.000000E+0
21-Apr-25	03:08:19	-1.000000E-5	-1.900000E-4	-5.779600E-1	-1.148000E-5	-6.600000E-8	-1.660000E-6	-2.000000E-8	0.000000E+0	0.000000E+0	1.964247E-4	2.976042E-9	0.000000E+0	0.000000E+0	1.999856E+1	0.000000E+0	8.000000E+0
21-Apr-25	03:08:19	-1.000000E-5	-1.900000E-4	-5.757550E-1	-1.137200E-5	-1.040000E-7	-1.660000E-6	-2.000000E-8	0.000000E+0	0.000000E+0	1.964247E-4	2.976042E-9	0.000000E+0	0.000000E+0	1.999856E+1	0.000000E+0	8.000000E+0
21-Apr-25	03:08:20	-1.000000E-5	-1.900000E-4	-5.741650E-1	-1.143600E-5	-4.200000E-8	-1.640000E-6	-2.000000E-8	0.000000E+0	0.000000E+0	1.964247E-4	2.976042E-9	0.000000E+0	0.000000E+0	1.999856E+1	0.000000E+0	8.000000E+0
21-Apr-25	03:08:20	-1.000000E-5	-1.900000E-4	-5.725750E-1	-1.144400E-5	-1.220000E-7	-1.640000E-6	-2.000000E-8	0.000000E+0	0.000000E+0	1.964247E-4	2.976042E-9	0.000000E+0	0.000000E+0	1.999856E+1	0.000000E+0	8.000000E+0
21-Apr-25	03:08:21	-1.000000E-5	-1.900000E-4	-5.710000E-1	-1.145800E-5	-1.040000E-7	-1.660000E-6	-2.000000E-8	0.000000E+0	0.000000E+0	1.964247E-4	2.976042E-9	0.000000E+0	0.000000E+0	1.999856E+1	0.000000E+0	8.000000E+0
21-Apr-25	03:08:21	-1.000000E-5	-1.900000E-4	-5.694100E-1	-1.136400E-5	-5.400000E-8	-1.660000E-6	0.000000E+0	0.000000E+0	0.000000E+0	1.964247E-4	2.976042E-9	0.000000E+0	0.000000E+0	1.999856E+1	0.000000E+0	8.000000E+0
21-Apr-25	03:08:22	-1.000000E-5	-1.900000E-4	-5.678350E-1	-1.140400E-5	-2.160000E-7	-1.640000E-6	-2.000000E-8	0.000000E+0	0.000000E+0	1.964247E-4	2.976042E-9	0.000000E+0	0.000000E+0	1.999856E+1	0.000000E+0	8.000000E+0
21-Apr-25	03:08:22	-1.000000E-5	-1.900000E-4	-5.662550E-1	-1.144600E-5	8.000000E-9	-1.640000E-6	-2.000000E-8	0.000000E+0	0.000000E+0	1.964247E-4	2.976042E-9	0.000000E+0	0.000000E+0	1.999856E+1	0.000000E+0	8.000000E+0
21-Apr-25	03:08:23	-1.000000E-5	-1.900000E-4	-5.646600E-1	-1.146600E-5	2.000000E-8	-1.640000E-6	-2.000000E-8	0.000000E+0	0.000000E+0	1.964247E-4	2.976042E-9	0.000000E+0	0.000000E+0	1.999856E+1	0.000000E+0	8.000000E+0
21-Apr-25	03:08:24	-1.000000E-5	-1.900000E-4	-5.627600E-1	-1.143400E-5	-5.200000E-8	-1.640000E-6	-2.000000E-8	0.000000E+0	0.000000E+0	1.964247E-4	2.976042E-9	0.000000E+0	0.000000E+0	1.999856E+1	0.000000E+0	8.000000E+0
21-Apr-25	03:08:24	-1.000000E-5	-1.900000E-4	-5.611750E-1	-1.139800E-5	-1.180000E-7	-1.660000E-6	-2.000000E-8	0.000000E+0	0.000000E+0	1.964247E-4	2.976042E-9	0.000000E+0	0.000000E+0	1.999856E+1	0.000000E+0	8.000000E+0
21-Apr-25	03:08:25	-1.000000E-5	-1.900000E-4	-5.593800E-1	-1.144600E-5	-7.600000E-8	-1.640000E-6	-2.000000E-8	0.000000E+0	0.000000E+0	1.964247E-4	2.976042E-9	0.000000E+0	0.000000E+0	1.999856E+1	0.000000E+0	8.000000E+0
21-Apr-25	03:08:25	-1.000000E-5	-1.900000E-4	-5.578200E-1	-1.147800E-5	2.000000E-9	-1.640000E-6	-2.000000E-8	0.000000E+0	0.000000E+0	1.964247E-4	2.976042E-9	0.000000E+0	0.000000E+0	1.999856E+1	0.000000E+0	8.000000E+0
21-Apr-25	03:08:26	-1.000000E-5	-1.900000E-4	-5.562250E-1	-1.138400E-5	7.200000E-8	-1.660000E-6	0.000000E+0	0.000000E+0	0.000000E+0	1.964247E-4	2.976042E-9	0.000000E+0	0.000000E+0	1.999856E+1	0.000000E+0	8.000000E+0
21-Apr-25	03:08:26	-1.000000E-5	-1.900000E-4	-5.538400E-1	-1.135200E-5	-4.800000E-8	-1.660000E-6	-2.000000E-8	0.000000E+0	0.000000E+0	1.964247E-4	2.976042E-9	0.000000E+0	0.000000E+0	1.999856E+1	0.000000E+0	8.000000E+0
21-Apr-25	03:08:27	-1.000000E-5	-1.900000E-4	-5.522400E-1	-1.144000E-5	-1.200000E-8	-1.640000E-6	-2.000000E-8	0.000000E+0	0.000000E+0	1.964247E-4	2.976042E-9	0.000000E+0	0.000000E+0	1.999856E+1	0.000000E+0	8.000000E+0
21-Apr-25	03:08:27	-1.000000E-5	-1.900000E-4	-5.506750E-1	-1.140400E-5	-6.000000E-9	-1.640000E-6	-4.000000E-8	0.000000E+0	0.000000E+0	1.964247E-4	2.976042E-9	0.000000E+0	0.000000E+0	1.999856E+1	0.000000E+0	8.000000E+0
21-Apr-25	03:08:28	-1.000000E-5	-1.900000E-4	-5.490750E-1	-1.134800E-5	-8.000000E-9	-1.660000E-6	-4.000000E-8	0.000000E+0	0.000000E+0	1.964247E-4	2.976042E-9	0.000000E+0	0.000000E+0	1.999856E+1	0.000000E+0	8.000000E+0
21-Apr-25	03:08:28	-1.000000E-5	-1.900000E-4	-5.475000E-1	-1.130600E-5	-1.080000E-7	-1.660000E-6	-2.000000E-8	0.000000E+0	0.000000E+0	1.964247E-4	2.976042E-9	0.000000E+0	0.000000E+0	1.999856E+1	0.000000E+0	8.000000E+0
21-Apr-25	03:08:29	-1.000000E-5	-1.900000E-4	-5.459100E-1	-1.144400E-5	-7.600000E-8	-1.660000E-6	-2.000000E-8	0.000000E+0	0.000000E+0	1.964247E-4	2.976042E-9	0.000000E+0	0.000000E+0	1.999856E+1	0.000000E+0	8.000000E+0
21-Apr-25	03:08:29	-1.000000E-5	-1.900000E-4	-5.443250E-1	-1.144800E-5	2.000000E-9	-1.660000E-6	-2.000000E-8	0.000000E+0	0.000000E+0	1.964247E-4	2.976042E-9	0.000000E+0	0.000000E+0	1.999856E+1	0.000000E+0	8.000000E+0
21-Apr-25	03:08:30	-1.000000E-5	-1.900000E-4	-5.422750E-1	-1.145200E-5	-1.600000E-8	-1.660000E-6	-4.000000E-8	0.000000E+0	0.000000E+0	1.964247E-4	2.976042E-9	0.000000E+0	0.000000E+0	1.999856E+1	0.000000E+0	8.000000E+0
21-Apr-25	03:08:30	-1.000000E-5	-1.900000E-4	-5.406850E-1	-1.137600E-5	-3.200000E-8	-1.680000E-6	0.000000E+0	0.000000E+0	0.000000E+0	1.964247E-4	2.976042E-9	0.000000E+0	0.000000E+0	1.999856E+1	0.000000E+0	8.000000E+0
21-Apr-25	03:08:31	-1.000000E-5	-1.900000E-4	-5.391050E-1	-1.139000E-5	3.600000E-8	-1.660000E-6	-2.000000E-8	0.000000E+0	0.000000E+0	1.964247E-4	2.976042E-9	0.000000E+0	0.000000E+0	1.999856E+1	0.000000E+0	8.000000E+0
21-Apr-25	03:08:32	-1.000000E-5	-1.900000E-4	-5.373050E-1	-1.140400E-5	-1.180000E-7	-1.640000E-6	-2.000000E-8	0.000000E+0	0.000000E+0	1.964247E-4	2.976042E-9	0.000000E+0	0.000000E+0	1.999856E+1	0.000000E+0	8.000000E+0
21-Apr-25	03:08:32	-1.000000E-5	-1.900000E-4	-5.357750E-1	-1.149000E-5	-1.320000E-7	-1.660000E-6	-2.000000E-8	0.000000E+0	0.000000E+0	1.964247E-4	2.976042E-9	0.000000E+0	0.000000E+0	1.999856E+1	0.000000E+0	8.000000E+0
21-Apr-25	03:08:33	-1.000000E-5	-1.900000E-4	-5.342000E-1	-1.147800E-5	-1.140000E-7	-1.660000E-6	-2.000000E-8	0.000000E+0	0.000000E+0	1.964247E-4	2.976042E-9	0.000000E+0	0.000000E+0	1.999856E+1	0.000000E+0	8.000000E+0
21-Apr-25	03:08:33	-1.000000E-5	-1.900000E-4	-5.322700E-1	-1.149600E-5	-6.400000E-8	-1.660000E-6	0.000000E+0	0.000000E+0	0.000000E+0	1.964247E-4	2.976042E-9	0.000000E+0	0.000000E+0	1.999856E+1	0.000000E+0	8.000000E+0
21-Apr-25	03:08:34	-1.000000E-5	-1.900000E-4	-5.306850E-1	-1.140600E-5	-2.200000E-8	-1.640000E-6	-2.000000E-8	0.000000E+0	0.000000E+0	1.964247E-4	2.976042E-9	0.000000E+0	0.000000E+0	1.999856E+1	0.000000E+0	8.000000E+0
21-Apr-25	03:08:34	-1.000000E-5	-1.900000E-4	-5.291450E-1	-1.137600E-5	-4.000000E-8	-1.660000E-6	-2.000000E-8	0.000000E+0	0.000000E+0	1.964247E-4	2.976042E-9	0.000000E+0	0.000000E+0	1.999856E+1	0.000000E+0	8.000000E+0
21-Apr-25	03:08:35	-1.000000E-5	-1.900000E-4	-5.271900E-1	-1.143800E-5	-1.220000E-7	-1.660000E-6	-2.000000E-8	0.000000E+0	0.000000E+0	1.964247E-4	2.976042E-9	0.000000E+0	0.000000E+0	1.999856E+1	0.000000E+0	8.000000E+0
21-Apr-25	03:08:35	-1.000000E-5	-1.900000E-4	-5.256100E-1	-1.145600E-5	-1.480000E-7	-1.660000E-6	-2.000000E-8	0.000000E+0	0.000000E+0	1.964247E-4	2.976042E-9	0.000000E+0	0.000000E+0	1.999856E+1	0.000000E+0	8.000000E+0
21-Apr-25	03:08:36	-1.000000E-5	-1.900000E-4	-5.240200E-1	-1.142400E-5	-1.000000E-8	-1.660000E-6	-2.000000E-8	0.000000E+0	0.000000E+0	1.964247E-4	2.976042E-9	0.000000E+0	0.000000E+0	1.999856E+1	0.000000E+0	8.000000E+0
21-Apr-25	03:08:37	-1.000000E-5	-1.900000E-4	-5.218050E-1	-1.133800E-5	-1.240000E-7	-1.680000E-6	-2.000000E-8	0.000000E+0	0.000000E+0	1.964247E-4	2.976042E-9	0.000000E+0	0.000000E+0	1.999856E+1	0.000000E+0	8.000000E+0
21-Apr-25	03:08:37	-1.000000E-5	-1.900000E-4	-5.198950E-1	-1.131600E-5	-7.000000E-8	-1.680000E-6	-2.000000E-8	0.000000E+0	0.000000E+0	1.964247E-4	2.976042E-9	0.000000E+0	0.000000E+0	1.999856E+1	0.000000E+0	8.000000E+0
21-Apr-25	03:08:38	-1.000000E-5	-1.900000E-4	-5.179950E-1	-1.136600E-5	-1.520000E-7	-1.660000E-6	-4.000000E-8	0.000000E+0	0.000000E+0	1.964247E-4	2.976042E-9	0.000000E+0	0.000000E+0	1.999856E+1	0.000000E+0	8.000000E+0
21-Apr-25	03:08:38	-1.000000E-5	-1.900000E-4	-5.164200E-1	-1.137600E-5	-4.000000E-8	-1.660000E-6	-2.000000E-8	0.000000E+0	0.000000E+0	1.964247E-4	2.976042E-9	0.000000E+0	0.000000E+0	1.999856E+1	0.000000E+0	8.000000E+0
21-Apr-25	03:08:39	-1.000000E-5	-1.900000E-4	-5.144550E-1	-1.139000E-5	-1.040000E-7	-1.660000E-6	0.000000E+0	0.000000E+0	0.000000E+0	1.964247E-4	2.976042E-9	0.000000E+0	0.000000E+0	1.999856E+1	0.000000E+0	8.000000E+0
21-Apr-25	03:08:39	-1.000000E-5	-1.900000E-4	-5.128700E-1	-1.142600E-5	-2.600000E-8	-1.660000E-6	0.000000E+0	0.000000E+0	0.000000E+0	1.964247E-4	2.976042E-9	0.000000E+0	0.000000E+0	1.999856E+1	0.000000E+0	8.000000E+0
21-Apr-25	03:08:40	-1.000000E-5	-1.900000E-4	-5.111250E-1	-1.151600E-5	-6.200000E-8	-1.660000E-6	-2.000000E-8	0.000000E+0	0.000000E+0	1.964247E-4	2.976042E-9	0.000000E+0	0.000000E+0	1.999856E+1	0.000000E+0	8.000000E+0
21-Apr-25	03:08:40	-1.000000E-5	-1.900000E-4	-5.095450E-1	-1.150400E-5	-5.400000E-8	-1.660000E-6	-4.000000E-8	0.000000E+0	0.000000E+0	1.964247E-4	2.976042E-9	0.000000E+0	0.000000E+0	1.999856E+1	0.000000E+0	8.000000E+0
21-Apr-25	03:08:41	-1.000000E-5	-1.900000E-4	-5.079650E-1	-1.139800E-5	-2.000000E-8	-1.680000E-6	-2.000000E-8	0.000000E+0	0.000000E+0	1.964247E-4	2.976042E-9	0.000000E+0	0.000000E+0	1.999856E+1	0.000000E+0	8.000000E+0
21-Apr-25	03:08:41	-1.000000E-5	-1.900000E-4	-5.060550E-1	-1.142400E-5	-1.360000E-7	-1.680000E-6	0.000000E+0	0.000000E+0	0.000000E+0	1.964247E-4	2.976042E-9	0.000000E+0	0.000000E+0	1.999856E+1	0.000000E+0	8.000000E+0
21-Apr-25	03:08:42	-1.000000E-5	-1.900000E-4	-5.044700E-1	-1.134400E-5	-9.200000E-8	-1.660000E-6	0.000000E+0	0.000000E+0	0.000000E+0	1.964247E-4	2.976042E-9	0.000000E+0	0.000000E+0	1.999856E+1	0.000000E+0	8.000000E+0
21-Apr-25	03:08:42	-1.000000E-5	-1.900000E-4	-5.028850E-1	-1.144800E-5	-8.000000E-9	-1.660000E-6	-2.000000E-8	0.000000E+0	0.000000E+0	1.964247E-4	2.976042E-9	0.000000E+0	0.000000E+0	1.999856E+1	0.000000E+0	8.000000E+0
21-Apr-25	03:08:43	-1.000000E-5	-1.900000E-4	-5.013050E-1	-1.147600E-5	-5.200000E-8	-1.680000E-6	-2.000000E-8	0.000000E+0	0.000000E+0	1.964247E-4	2.976042E-9	0.000000E+0	0.000000E+0	1.999856E+1	0.000000E+0	8.000000E+0
21-Apr-25	03:08:43	-1.000000E-5	-1.900000E-4	-4.997250E-1	-1.139200E-5	-1.060000E-7	-1.700000E-6	-4.000000E-8	0.000000E+0	0.000000E+0	1.964247E-4	2.976042E-9	0.000000E+0	0.000000E+0	1.999856E+1	0.000000E+0	8.000000E+0
21-Apr-25	03:08:44	-1.000000E-5	-1.900000E-4	-4.981300E-1	-1.142800E-5	-1.040000E-7	-1.700000E-6	-2.000000E-8	0.000000E+0	0.000000E+0	1.964247E-4	2.976042E-9	0.000000E+0	0.000000E+0	1.999856E+1	0.000000E+0	8.000000E+0
21-Apr-25	03:08:44	-1.000000E-5	-1.900000E-4	-4.967050E-1	-1.145400E-5	-5.800000E-8	-1.680000E-6	-2.000000E-8	0.000000E+0	0.000000E+0	1.964247E-4	2.976042E-9	0.000000E+0	0.000000E+0	1.999856E+1	0.000000E+0	8.000000E+0
21-Apr-25	03:08:45	-1.000000E-5	-1.900000E-4	-4.951200E-1	-1.143800E-5	-5.600000E-8	-1.660000E-6	-2.000000E-8	0.000000E+0	0.000000E+0	1.964247E-4	2.976042E-9	0.000000E+0	0.000000E+0	1.999856E+1	0.000000E+0	8.000000E+0
21-Apr-25	03:08:45	-1.000000E-5	-1.900000E-4	-4.935350E-1	-1.144000E-5	-1.040000E-7	-1.660000E-6	-2.000000E-8	0.000000E+0	0.000000E+0	1.964247E-4	2.976042E-9	0.000000E+0	0.000000E+0	1.999856E+1	0.000000E+0	8.000000E+0
21-Apr-25	03:08:46	-1.000000E-5	-1.900000E-4	-4.919550E-1	-1.137600E-5	-9.800000E-8	-1.660000E-6	-2.000000E-8	0.000000E+0	0.000000E+0	1.964247E-4	2.976042E-9	0.000000E+0	0.000000E+0	1.999856E+1	0.000000E+0	8.000000E+0
21-Apr-25	03:08:46	-1.000000E-5	-1.900000E-4	-4.903650E-1	-1.130200E-5	-3.400000E-8	-1.660000E-6	-2.000000E-8	0.000000E+0	0.000000E+0	1.964247E-4	2.976042E-9	0.000000E+0	0.000000E+0	1.999856E+1	0.000000E+0	8.000000E+0
21-Apr-25	03:08:47	-1.000000E-5	-1.900000E-4	-4.887750E-1	-1.138400E-5	-3.400000E-8	-1.680000E-6	-2.000000E-8	0.000000E+0	0.000000E+0	1.964247E-4	2.976042E-9	0.000000E+0	0.000000E+0	1.999856E+1	0.000000E+0	8.000000E+0
21-Apr-25	03:08:47	-1.000000E-5	-1.900000E-4	-4.870400E-1	-1.128800E-5	3.000000E-8	-1.680000E-6	-2.000000E-8	0.000000E+0	0.000000E+0	1.964247E-4	2.976042E-9	0.000000E+0	0.000000E+0	1.999856E+1	0.000000E+0	8.000000E+0
21-Apr-25	03:08:48	-1.000000E-5	-1.900000E-4	-4.854500E-1	-1.138600E-5	-1.000000E-8	-1.680000E-6	-4.000000E-8	0.000000E+0	0.000000E+0	1.964247E-4	2.976042E-9	0.000000E+0	0.000000E+0	1.999856E+1	0.000000E+0	8.000000E+0
21-Apr-25	03:08:49	-1.000000E-5	-1.900000E-4	-4.838750E-1	-1.145600E-5	-3.600000E-8	-1.680000E-6	-2.000000E-8	0.000000E+0	0.000000E+0	1.964247E-4	2.976042E-9	0.000000E+0	0.000000E+0	1.999856E+1	0.000000E+0	8.000000E+0
21-Apr-25	03:08:49	-1.000000E-5	-1.900000E-4	-4.815950E-1	-1.146400E-5	-2.800000E-8	-1.680000E-6	-2.000000E-8	0.000000E+0	0.000000E+0	1.964247E-4	2.976042E-9	0.000000E+0	0.000000E+0	1.999856E+1	0.000000E+0	8.000000E+0
21-Apr-25	03:08:50	-1.000000E-5	-1.900000E-4	-4.800200E-1	-1.136400E-5	-2.600000E-8	-1.680000E-6	-2.000000E-8	0.000000E+0	0.000000E+0	1.964247E-4	2.976042E-9	0.000000E+0	0.000000E+0	1.999856E+1	0.000000E+0	8.000000E+0
21-Apr-25	03:08:50	-1.000000E-5	-1.900000E-4	-4.784350E-1	-1.138800E-5	-1.800000E-8	-1.680000E-6	-2.000000E-8	0.000000E+0	0.000000E+0	1.964247E-4	2.976042E-9	0.000000E+0	0.000000E+0	1.999856E+1	0.000000E+0	8.000000E+0
21-Apr-25	03:08:51	-1.000000E-5	-1.900000E-4	-4.768450E-1	-1.148200E-5	-5.400000E-8	-1.680000E-6	-2.000000E-8	0.000000E+0	0.000000E+0	1.964247E-4	2.976042E-9	0.000000E+0	0.000000E+0	1.999856E+1	0.000000E+0	8.000000E+0
21-Apr-25	03:08:51	-1.000000E-5	-1.900000E-4	-4.754550E-1	-1.143400E-5	-8.200000E-8	-1.680000E-6	-2.000000E-8	0.000000E+0	0.000000E+0	1.964247E-4	2.976042E-9	0.000000E+0	0.000000E+0	1.999856E+1	0.000000E+0	8.000000E+0
21-Apr-25	03:08:52	-1.000000E-5	-1.900000E-4	-4.738350E-1	-1.135200E-5	-1.240000E-7	-1.680000E-6	-2.000000E-8	0.000000E+0	0.000000E+0	1.964247E-4	2.976042E-9	0.000000E+0	0.000000E+0	1.999856E+1	0.000000E+0	8.000000E+0
21-Apr-25	03:08:52	-1.000000E-5	-1.900000E-4	-4.717750E-1	-1.140800E-5	-4.000000E-9	-1.680000E-6	-2.000000E-8	0.000000E+0	0.000000E+0	1.964247E-4	2.976042E-9	0.000000E+0	0.000000E+0	1.999856E+1	0.000000E+0	8.000000E+0
21-Apr-25	03:08:53	-1.000000E-5	-1.900000E-4	-4.701950E-1	-1.143600E-5	-5.200000E-8	-1.680000E-6	-2.000000E-8	0.000000E+0	0.000000E+0	1.964247E-4	2.976042E-9	0.000000E+0	0.000000E+0	1.999856E+1	0.000000E+0	8.000000E+0
21-Apr-25	03:08:53	-1.000000E-5	-1.900000E-4	-4.686100E-1	-1.141800E-5	-1.100000E-7	-1.680000E-6	-2.000000E-8	0.000000E+0	0.000000E+0	1.964247E-4	2.976042E-9	0.000000E+0	0.000000E+0	1.999856E+1	0.000000E+0	8.000000E+0
21-Apr-25	03:08:54	-1.000000E-5	-1.900000E-4	-4.668750E-1	-1.143600E-5	1.200000E-8	-1.700000E-6	-2.000000E-8	0.000000E+0	0.000000E+0	1.964247E-4	2.976042E-9	0.000000E+0	0.000000E+0	1.999856E+1	0.000000E+0	8.000000E+0
21-Apr-25	03:08:54	-1.000000E-5	-1.900000E-4	-4.652850E-1	-1.137800E-5	-2.200000E-8	-1.680000E-6	-2.000000E-8	0.000000E+0	0.000000E+0	1.964247E-4	2.976042E-9	0.000000E+0	0.000000E+0	1.999856E+1	0.000000E+0	8.000000E+0
21-Apr-25	03:08:55	-1.000000E-5	-1.900000E-4	-4.636950E-1	-1.137400E-5	-4.000000E-9	-1.700000E-6	-2.000000E-8	0.000000E+0	0.000000E+0	1.964247E-4	2.976042E-9	0.000000E+0	0.000000E+0	1.999856E+1	0.000000E+0	8.000000E+0
21-Apr-25	03:08:55	-1.000000E-5	-1.900000E-4	-4.621150E-1	-1.146800E-5	-3.400000E-8	-1.700000E-6	-2.000000E-8	0.000000E+0	0.000000E+0	1.964247E-4	2.976042E-9	0.000000E+0	0.000000E+0	1.999856E+1	0.000000E+0	8.000000E+0
21-Apr-25	03:08:56	-1.000000E-5	-1.900000E-4	-4.605200E-1	-1.148600E-5	-6.600000E-8	-1.680000E-6	-2.000000E-8	0.000000E+0	0.000000E+0	1.964247E-4	2.976042E-9	0.000000E+0	0.000000E+0	1.999856E+1	0.000000E+0	8.000000E+0
21-Apr-25	03:08:57	-1.000000E-5	-1.900000E-4	-4.583050E-1	-1.149000E-5	-1.040000E-7	-1.680000E-6	0.000000E+0	0.000000E+0	0.000000E+0	1.964247E-4	2.976042E-9	0.000000E+0	0.000000E+0	1.999856E+1	0.000000E+0	8.000000E+0
21-Apr-25	03:08:57	-1.000000E-5	-1.900000E-4	-4.565550E-1	-1.147800E-5	-8.800000E-8	-1.680000E-6	0.000000E+0	0.000000E+0	0.000000E+0	1.964247E-4	2.976042E-9	0.000000E+0	0.000000E+0	1.999856E+1	0.000000E+0	8.000000E+0
21-Apr-25	03:08:58	-1.000000E-5	-1.900000E-4	-4.549700E-1	-1.146600E-5	-1.040000E-7	-1.680000E-6	-2.000000E-8	0.000000E+0	0.000000E+0	1.964247E-4	2.976042E-9	0.000000E+0	0.000000E+0	1.999856E+1	0.000000E+0	8.000000E+0
21-Apr-25	03:08:58	-1.000000E-5	-1.900000E-4	-4.533850E-1	-1.146400E-5	-1.080000E-7	-1.680000E-6	-2.000000E-8	0.000000E+0	0.000000E+0	1.964247E-4	2.976042E-9	0.000000E+0	0.000000E+0	1.999856E+1	0.000000E+0	8.000000E+0
21-Apr-25	03:08:59	-1.000000E-5	-1.900000E-4	-4.518050E-1	-1.146600E-5	1.800000E-8	-1.680000E-6	-2.000000E-8	0.000000E+0	0.000000E+0	1.964247E-4	2.976042E-9	0.000000E+0	0.000000E+0	1.999856E+1	0.000000E+0	8.000000E+0
21-Apr-25	03:08:59	-1.000000E-5	-1.900000E-4	-4.503850E-1	-1.144000E-5	-5.000000E-8	-1.700000E-6	-2.000000E-8	0.000000E+0	0.000000E+0	1.964247E-4	2.976042E-9	0.000000E+0	0.000000E+0	1.999856E+1	0.000000E+0	8.000000E+0
21-Apr-25	03:09:00	-1.000000E-5	-1.900000E-4	-4.481350E-1	-1.136800E-5	5.800000E-8	-1.700000E-6	-2.000000E-8	0.000000E+0	0.000000E+0	1.964247E-4	2.976042E-9	0.000000E+0	0.000000E+0	1.999856E+1	0.000000E+0	8.000000E+0
21-Apr-25	03:09:01	-1.000000E-5	-1.900000E-4	-4.455750E-1	-1.147000E-5	-6.600000E-8	-1.700000E-6	-2.000000E-8	0.000000E+0	0.000000E+0	1.964247E-4	2.976042E-9	0.000000E+0	0.000000E+0	1.999856E+1	0.000000E+0	8.000000E+0
21-Apr-25	03:09:01	-1.000000E-5	-1.900000E-4	-4.438250E-1	-1.146400E-5	-3.000000E-8	-1.680000E-6	-2.000000E-8	0.000000E+0	0.000000E+0	1.964247E-4	2.976042E-9	0.000000E+0	0.000000E+0	1.999856E+1	0.000000E+0	8.000000E+0
21-Apr-25	03:09:02	-1.000000E-5	-1.900000E-4	-4.422550E-1	-1.147000E-5	-9.800000E-8	-1.680000E-6	-2.000000E-8	0.000000E+0	0.000000E+0	1.964247E-4	2.976042E-9	0.000000E+0	0.000000E+0	1.999856E+1	0.000000E+0	8.000000E+0
21-Apr-25	03:09:02	-1.000000E-5	-1.900000E-4	-4.406650E-1	-1.140000E-5	-9.600000E-8	-1.680000E-6	-2.000000E-8	0.000000E+0	0.000000E+0	1.964247E-4	2.976042E-9	0.000000E+0	0.000000E+0	1.999856E+1	0.000000E+0	8.000000E+0
21-Apr-25	03:09:03	-1.000000E-5	-1.900000E-4	-4.389150E-1	-1.146600E-5	-9.600000E-8	-1.680000E-6	-4.000000E-8	0.000000E+0	0.000000E+0	1.964247E-4	2.976042E-9	0.000000E+0	0.000000E+0	1.999856E+1	0.000000E+0	8.000000E+0
21-Apr-25	03:09:03	-1.000000E-5	-1.900000E-4	-4.373350E-1	-1.142400E-5	-8.000000E-8	-1.700000E-6	-2.000000E-8	0.000000E+0	0.000000E+0	1.964247E-4	2.976042E-9	0.000000E+0	0.000000E+0	1.999856E+1	0.000000E+0	8.000000E+0
21-Apr-25	03:09:04	-1.000000E-5	-1.900000E-4	-4.357500E-1	-1.143000E-5	2.000000E-8	-1.700000E-6	-2.000000E-8	0.000000E+0	0.000000E+0	1.964247E-4	2.976042E-9	0.000000E+0	0.000000E+0	1.999856E+1	0.000000E+0	8.000000E+0
21-Apr-25	03:09:04	-1.000000E-5	-1.900000E-4	-4.341750E-1	-1.147200E-5	-3.800000E-8	-1.700000E-6	-2.000000E-8	0.000000E+0	0.000000E+0	1.964247E-4	2.976042E-9	0.000000E+0	0.000000E+0	1.999856E+1	0.000000E+0	8.000000E+0
21-Apr-25	03:09:05	-1.000000E-5	-1.900000E-4	-4.325900E-1	-1.143600E-5	-7.200000E-8	-1.700000E-6	0.000000E+0	0.000000E+0	0.000000E+0	1.964247E-4	2.976042E-9	0.000000E+0	0.000000E+0	1.999856E+1	0.000000E+0	8.000000E+0
21-Apr-25	03:09:05	-1.000000E-5	-1.900000E-4	-4.306800E-1	-1.144000E-5	-2.600000E-8	-1.700000E-6	-2.000000E-8	0.000000E+0	0.000000E+0	1.964247E-4	2.976042E-9	0.000000E+0	0.000000E+0	1.999856E+1	0.000000E+0	8.000000E+0
21-Apr-25	03:09:06	-1.000000E-5	-1.900000E-4	-4.290950E-1	-1.134600E-5	-9.600000E-8	-1.680000E-6	-2.000000E-8	0.000000E+0	0.000000E+0	1.964247E-4	2.976042E-9	0.000000E+0	0.000000E+0	1.999856E+1	0.000000E+0	8.000000E+0
21-Apr-25	03:09:06	-1.000000E-5	-1.900000E-4	-4.276750E-1	-1.139600E-5	-1.440000E-7	-1.680000E-6	-4.000000E-8	0.000000E+0	0.000000E+0	1.964247E-4	2.976042E-9	0.000000E+0	0.000000E+0	1.999856E+1	0.000000E+0	8.000000E+0
21-Apr-25	03:09:07	-1.000000E-5	-1.900000E-4	-4.260900E-1	-1.133800E-5	-6.200000E-8	-1.700000E-6	-4.000000E-8	0.000000E+0	0.000000E+0	1.964247E-4	2.976042E-9	0.000000E+0	0.000000E+0	1.999856E+1	0.000000E+0	8.000000E+0
21-Apr-25	03:09:07	-1.000000E-5	-1.900000E-4	-4.245000E-1	-1.141000E-5	-1.520000E-7	-1.700000E-6	-2.000000E-8	0.000000E+0	0.000000E+0	1.964247E-4	2.976042E-9	0.000000E+0	0.000000E+0	1.999856E+1	0.000000E+0	8.000000E+0
21-Apr-25	03:09:08	-1.000000E-5	-1.900000E-4	-4.229050E-1	-1.142800E-5	-8.800000E-8	-1.700000E-6	-2.000000E-8	0.000000E+0	0.000000E+0	1.964247E-4	2.976042E-9	0.000000E+0	0.000000E+0	1.999856E+1	0.000000E+0	8.000000E+0
21-Apr-25	03:09:08	-1.000000E-5	-1.900000E-4	-4.213300E-1	-1.143800E-5	-5.600000E-8	-1.720000E-6	-2.000000E-8	0.000000E+0	0.000000E+0	1.964247E-4	2.976042E-9	0.000000E+0	0.000000E+0	1.999856E+1	0.000000E+0	8.000000E+0
21-Apr-25	03:09:09	-1.000000E-5	-1.900000E-4	-4.197450E-1	-1.147600E-5	-7.400000E-8	-1.700000E-6	-4.000000E-8	0.000000E+0	0.000000E+0	1.964247E-4	2.976042E-9	0.000000E+0	0.000000E+0	1.999856E+1	0.000000E+0	8.000000E+0
21-Apr-25	03:09:10	-1.000000E-5	-1.900000E-4	-4.179850E-1	-1.135800E-5	-6.200000E-8	-1.700000E-6	-4.000000E-8	0.000000E+0	0.000000E+0	1.964247E-4	2.976042E-9	0.000000E+0	0.000000E+0	1.999856E+1	0.000000E+0	8.000000E+0
21-Apr-25	03:09:10	-1.000000E-5	-1.900000E-4	-4.154200E-1	-1.137600E-5	-1.080000E-7	-1.700000E-6	-2.000000E-8	0.000000E+0	0.000000E+0	1.964247E-4	2.976042E-9	0.000000E+0	0.000000E+0	1.999856E+1	0.000000E+0	8.000000E+0
21-Apr-25	03:09:11	-1.000000E-5	-1.900000E-4	-4.133600E-1	-1.139400E-5	-1.180000E-7	-1.700000E-6	-4.000000E-8	0.000000E+0	0.000000E+0	1.964247E-4	2.976042E-9	0.000000E+0	0.000000E+0	1.999856E+1	0.000000E+0	8.000000E+0
21-Apr-25	03:09:11	-1.000000E-5	-1.900000E-4	-4.119350E-1	-1.135600E-5	-5.800000E-8	-1.680000E-6	-2.000000E-8	0.000000E+0	0.000000E+0	1.964247E-4	2.976042E-9	0.000000E+0	0.000000E+0	1.999856E+1	0.000000E+0	8.000000E+0
21-Apr-25	03:09:12	-1.000000E-5	-1.900000E-4	-4.103450E-1	-1.141600E-5	-1.280000E-7	-1.680000E-6	-2.000000E-8	0.000000E+0	0.000000E+0	1.964247E-4	2.976042E-9	0.000000E+0	0.000000E+0	1.999856E+1	0.000000E+0	8.000000E+0
21-Apr-25	03:09:12	-1.000000E-5	-1.900000E-4	-4.087700E-1	-1.141800E-5	-1.100000E-7	-1.700000E-6	-2.000000E-8	0.000000E+0	0.000000E+0	1.964247E-4	2.976042E-9	0.000000E+0	0.000000E+0	1.999856E+1	0.000000E+0	8.000000E+0
21-Apr-25	03:09:13	-1.000000E-5	-1.900000E-4	-4.064900E-1	-1.132000E-5	-9.600000E-8	-1.700000E-6	-2.000000E-8	0.000000E+0	0.000000E+0	1.964247E-4	2.976042E-9	0.000000E+0	0.000000E+0	1.999856E+1	0.000000E+0	8.000000E+0
21-Apr-25	03:09:13	-1.000000E-5	-1.900000E-4	-4.049100E-1	-1.134600E-5	-3.800000E-8	-1.700000E-6	0.000000E+0	0.000000E+0	0.000000E+0	1.964247E-4	2.976042E-9	0.000000E+0	0.000000E+0	1.999856E+1	0.000000E+0	8.000000E+0
21-Apr-25	03:09:14	-1.000000E-5	-1.900000E-4	-4.033300E-1	-1.146600E-5	-6.200000E-8	-1.680000E-6	-2.000000E-8	0.000000E+0	0.000000E+0	1.964247E-4	2.976042E-9	0.000000E+0	0.000000E+0	1.999856E+1	0.000000E+0	8.000000E+0
21-Apr-25	03:09:14	-1.000000E-5	-1.900000E-4	-4.017500E-1	-1.142800E-5	-4.200000E-8	-1.700000E-6	-2.000000E-8	0.000000E+0	0.000000E+0	1.964247E-4	2.976042E-9	0.000000E+0	0.000000E+0	1.999856E+1	0.000000E+0	8.000000E+0
21-Apr-25	03:09:15	-1.000000E-5	-1.900000E-4	-4.001750E-1	-1.137800E-5	-7.800000E-8	-1.700000E-6	-2.000000E-8	0.000000E+0	0.000000E+0	1.964247E-4	2.976042E-9	0.000000E+0	0.000000E+0	1.999856E+1	0.000000E+0	8.000000E+0
21-Apr-25	03:09:15	-1.000000E-5	-1.900000E-4	-3.985800E-1	-1.142400E-5	-1.240000E-7	-1.700000E-6	-2.000000E-8	0.000000E+0	0.000000E+0	1.964247E-4	2.976042E-9	0.000000E+0	0.000000E+0	1.999856E+1	0.000000E+0	8.000000E+0
21-Apr-25	03:09:16	-1.000000E-5	-1.900000E-4	-3.969900E-1	-1.136800E-5	0.000000E+0	-1.700000E-6	-2.000000E-8	0.000000E+0	0.000000E+0	1.964247E-4	2.976042E-9	0.000000E+0	0.000000E+0	1.999856E+1	0.000000E+0	8.000000E+0
21-Apr-25	03:09:17	-1.000000E-5	-1.900000E-4	-3.947700E-1	-1.144000E-5	-1.000000E-7	-1.700000E-6	-2.000000E-8	0.000000E+0	0.000000E+0	1.964247E-4	2.976042E-9	0.000000E+0	0.000000E+0	1.999856E+1	0.000000E+0	8.000000E+0
21-Apr-25	03:09:17	-1.000000E-5	-1.900000E-4	-3.923950E-1	-1.141600E-5	-3.800000E-8	-1.700000E-6	-2.000000E-8	0.000000E+0	0.000000E+0	1.964247E-4	2.976042E-9	0.000000E+0	0.000000E+0	1.999856E+1	0.000000E+0	8.000000E+0
21-Apr-25	03:09:18	-1.000000E-5	-1.900000E-4	-3.906450E-1	-1.143000E-5	-2.200000E-8	-1.720000E-6	-2.000000E-8	0.000000E+0	0.000000E+0	1.964247E-4	2.976042E-9	0.000000E+0	0.000000E+0	1.999856E+1	0.000000E+0	8.000000E+0
21-Apr-25	03:09:18	-1.000000E-5	-1.900000E-4	-3.890650E-1	-1.133000E-5	-8.000000E-9	-1.700000E-6	-2.000000E-8	0.000000E+0	0.000000E+0	1.964247E-4	2.976042E-9	0.000000E+0	0.000000E+0	1.999856E+1	0.000000E+0	8.000000E+0
21-Apr-25	03:09:19	-1.000000E-5	-1.900000E-4	-3.874750E-1	-1.134800E-5	-3.000000E-8	-1.700000E-6	-2.000000E-8	0.000000E+0	0.000000E+0	1.964247E-4	2.976042E-9	0.000000E+0	0.000000E+0	1.999856E+1	0.000000E+0	8.000000E+0
21-Apr-25	03:09:19	-1.000000E-5	-1.900000E-4	-3.860250E-1	-1.142000E-5	-3.200000E-8	-1.720000E-6	-4.000000E-8	0.000000E+0	0.000000E+0	1.964247E-4	2.976042E-9	0.000000E+0	0.000000E+0	1.999856E+1	0.000000E+0	8.000000E+0
21-Apr-25	03:09:20	-1.000000E-5	-1.900000E-4	-3.846250E-1	-1.149600E-5	-1.060000E-7	-1.700000E-6	-4.000000E-8	0.000000E+0	0.000000E+0	1.964247E-4	2.976042E-9	0.000000E+0	0.000000E+0	1.999856E+1	0.000000E+0	8.000000E+0
21-Apr-25	03:09:20	-1.000000E-5	-1.900000E-4	-3.830000E-1	-1.140000E-5	-1.800000E-8	-1.700000E-6	-2.000000E-8	0.000000E+0	0.000000E+0	1.964247E-4	2.976042E-9	0.000000E+0	0.000000E+0	1.999856E+1	0.000000E+0	8.000000E+0
21-Apr-25	03:09:21	-1.000000E-5	-1.900000E-4	-3.814550E-1	-1.143600E-5	-2.400000E-8	-1.700000E-6	-2.000000E-8	0.000000E+0	0.000000E+0	1.964247E-4	2.976042E-9	0.000000E+0	0.000000E+0	1.999856E+1	0.000000E+0	8.000000E+0
21-Apr-25	03:09:21	-1.000000E-5	-1.900000E-4	-3.798750E-1	-1.141000E-5	-4.000000E-8	-1.700000E-6	-2.000000E-8	0.000000E+0	0.000000E+0	1.964247E-4	2.976042E-9	0.000000E+0	0.000000E+0	1.999856E+1	0.000000E+0	8.000000E+0
21-Apr-25	03:09:22	-1.000000E-5	-1.900000E-4	-3.776000E-1	-1.140800E-5	-3.200000E-8	-1.720000E-6	-2.000000E-8	0.000000E+0	0.000000E+0	1.964247E-4	2.976042E-9	0.000000E+0	0.000000E+0	1.999856E+1	0.000000E+0	8.000000E+0
21-Apr-25	03:09:23	-1.000000E-5	-1.900000E-4	-3.760150E-1	-1.137200E-5	2.400000E-8	-1.700000E-6	-2.000000E-8	0.000000E+0	0.000000E+0	1.964247E-4	2.976042E-9	0.000000E+0	0.000000E+0	1.999856E+1	0.000000E+0	8.000000E+0
21-Apr-25	03:09:23	-1.000000E-5	-1.900000E-4	-3.739550E-1	-1.148000E-5	3.600000E-8	-1.720000E-6	-2.000000E-8	0.000000E+0	0.000000E+0	1.964247E-4	2.976042E-9	0.000000E+0	0.000000E+0	1.999856E+1	0.000000E+0	8.000000E+0
21-Apr-25	03:09:24	-1.000000E-5	-1.900000E-4	-3.722050E-1	-1.143400E-5	-4.600000E-8	-1.720000E-6	-2.000000E-8	0.000000E+0	0.000000E+0	1.964247E-4	2.976042E-9	0.000000E+0	0.000000E+0	1.999856E+1	0.000000E+0	8.000000E+0
21-Apr-25	03:09:24	-1.000000E-5	-1.900000E-4	-3.704450E-1	-1.142600E-5	-1.020000E-7	-1.700000E-6	-2.000000E-8	0.000000E+0	0.000000E+0	1.964247E-4	2.976042E-9	0.000000E+0	0.000000E+0	1.999856E+1	0.000000E+0	8.000000E+0
21-Apr-25	03:09:25	-1.000000E-5	-1.900000E-4	-3.688300E-1	-1.143600E-5	-1.880000E-7	-1.720000E-6	-4.000000E-8	0.000000E+0	0.000000E+0	1.964247E-4	2.976042E-9	0.000000E+0	0.000000E+0	1.999856E+1	0.000000E+0	8.000000E+0
21-Apr-25	03:09:25	-1.000000E-5	-1.900000E-4	-3.672600E-1	-1.150000E-5	-1.300000E-7	-1.720000E-6	-2.000000E-8	0.000000E+0	0.000000E+0	1.964247E-4	2.976042E-9	0.000000E+0	0.000000E+0	1.999856E+1	0.000000E+0	8.000000E+0
21-Apr-25	03:09:26	-1.000000E-5	-1.900000E-4	-3.656700E-1	-1.142200E-5	-4.600000E-8	-1.720000E-6	-2.000000E-8	0.000000E+0	0.000000E+0	1.964247E-4	2.976042E-9	0.000000E+0	0.000000E+0	1.999856E+1	0.000000E+0	8.000000E+0
21-Apr-25	03:09:26	-1.000000E-5	-1.900000E-4	-3.641050E-1	-1.154200E-5	-6.600000E-8	-1.720000E-6	-2.000000E-8	0.000000E+0	0.000000E+0	1.964247E-4	2.976042E-9	0.000000E+0	0.000000E+0	1.999856E+1	0.000000E+0	8.000000E+0
21-Apr-25	03:09:27	-1.000000E-5	-1.900000E-4	-3.625450E-1	-1.144200E-5	-1.240000E-7	-1.720000E-6	-2.000000E-8	0.000000E+0	0.000000E+0	1.964247E-4	2.976042E-9	0.000000E+0	0.000000E+0	1.999856E+1	0.000000E+0	8.000000E+0
21-Apr-25	03:09:27	-1.000000E-5	-1.900000E-4	-3.609350E-1	-1.148400E-5	-2.000000E-8	-1.720000E-6	-4.000000E-8	0.000000E+0	0.000000E+0	1.964247E-4	2.976042E-9	0.000000E+0	0.000000E+0	1.999856E+1	0.000000E+0	8.000000E+0
21-Apr-25	03:09:28	-1.000000E-5	-1.900000E-4	-3.593300E-1	-1.137600E-5	-5.200000E-8	-1.720000E-6	-4.000000E-8	0.000000E+0	0.000000E+0	1.964247E-4	2.976042E-9	0.000000E+0	0.000000E+0	1.999856E+1	0.000000E+0	8.000000E+0
21-Apr-25	03:09:28	-1.000000E-5	-1.900000E-4	-3.577400E-1	-1.138200E-5	-7.800000E-8	-1.720000E-6	-2.000000E-8	0.000000E+0	0.000000E+0	1.964247E-4	2.976042E-9	0.000000E+0	0.000000E+0	1.999856E+1	0.000000E+0	8.000000E+0
21-Apr-25	03:09:29	-1.000000E-5	-1.900000E-4	-3.559900E-1	-1.137400E-5	-9.000000E-8	-1.720000E-6	-2.000000E-8	0.000000E+0	0.000000E+0	1.964247E-4	2.976042E-9	0.000000E+0	0.000000E+0	1.999856E+1	0.000000E+0	8.000000E+0
21-Apr-25	03:09:29	-1.000000E-5	-1.900000E-4	-3.544050E-1	-1.145800E-5	-1.480000E-7	-1.720000E-6	0.000000E+0	0.000000E+0	0.000000E+0	1.964247E-4	2.976042E-9	0.000000E+0	0.000000E+0	1.999856E+1	0.000000E+0	8.000000E+0
21-Apr-25	03:09:30	-1.000000E-5	-1.900000E-4	-3.528250E-1	-1.146800E-5	-9.400000E-8	-1.720000E-6	0.000000E+0	0.000000E+0	0.000000E+0	1.964247E-4	2.976042E-9	0.000000E+0	0.000000E+0	1.999856E+1	0.000000E+0	8.000000E+0
21-Apr-25	03:09:30	-1.000000E-5	-1.900000E-4	-3.512450E-1	-1.144200E-5	-7.600000E-8	-1.720000E-6	-2.000000E-8	0.000000E+0	0.000000E+0	1.964247E-4	2.976042E-9	0.000000E+0	0.000000E+0	1.999856E+1	0.000000E+0	8.000000E+0
21-Apr-25	03:09:31	-1.000000E-5	-1.900000E-4	-3.491850E-1	-1.147400E-5	-6.400000E-8	-1.720000E-6	-2.000000E-8	0.000000E+0	0.000000E+0	1.964247E-4	2.976042E-9	0.000000E+0	0.000000E+0	1.999856E+1	0.000000E+0	8.000000E+0
21-Apr-25	03:09:32	-1.000000E-5	-1.900000E-4	-3.476000E-1	-1.137200E-5	-8.000000E-8	-1.700000E-6	-2.000000E-8	0.000000E+0	0.000000E+0	1.964247E-4	2.976042E-9	0.000000E+0	0.000000E+0	1.999856E+1	0.000000E+0	8.000000E+0
21-Apr-25	03:09:32	-1.000000E-5	-1.900000E-4	-3.458550E-1	-1.140200E-5	-4.200000E-8	-1.700000E-6	0.000000E+0	0.000000E+0	0.000000E+0	1.964247E-4	2.976042E-9	0.000000E+0	0.000000E+0	1.999856E+1	0.000000E+0	8.000000E+0
21-Apr-25	03:09:33	-1.000000E-5	-1.900000E-4	-3.442700E-1	-1.140200E-5	-1.900000E-7	-1.720000E-6	-2.000000E-8	0.000000E+0	0.000000E+0	1.964247E-4	2.976042E-9	0.000000E+0	0.000000E+0	1.999856E+1	0.000000E+0	8.000000E+0
21-Apr-25	03:09:33	-1.000000E-5	-1.900000E-4	-3.426850E-1	-1.134200E-5	-1.540000E-7	-1.720000E-6	-2.000000E-8	0.000000E+0	0.000000E+0	1.964247E-4	2.976042E-9	0.000000E+0	0.000000E+0	1.999856E+1	0.000000E+0	8.000000E+0
21-Apr-25	03:09:34	-1.000000E-5	-1.900000E-4	-3.411050E-1	-1.139000E-5	-8.200000E-8	-1.720000E-6	0.000000E+0	0.000000E+0	0.000000E+0	1.964247E-4	2.976042E-9	0.000000E+0	0.000000E+0	1.999856E+1	0.000000E+0	8.000000E+0
21-Apr-25	03:09:34	-1.000000E-5	-1.900000E-4	-3.395150E-1	-1.141200E-5	-9.400000E-8	-1.720000E-6	-2.000000E-8	0.000000E+0	0.000000E+0	1.964247E-4	2.976042E-9	0.000000E+0	0.000000E+0	1.999856E+1	0.000000E+0	8.000000E+0
21-Apr-25	03:09:35	-1.000000E-5	-1.900000E-4	-3.379350E-1	-1.147800E-5	-4.000000E-8	-1.720000E-6	-2.000000E-8	0.000000E+0	0.000000E+0	1.964247E-4	2.976042E-9	0.000000E+0	0.000000E+0	1.999856E+1	0.000000E+0	8.000000E+0
21-Apr-25	03:09:35	-1.000000E-5	-1.900000E-4	-3.365100E-1	-1.151000E-5	-3.000000E-8	-1.720000E-6	-2.000000E-8	0.000000E+0	0.000000E+0	1.964247E-4	2.976042E-9	0.000000E+0	0.000000E+0	1.999856E+1	0.000000E+0	8.000000E+0
21-Apr-25	03:09:35	-1.000000E-5	-1.900000E-4	-3.350900E-1	-1.146600E-5	-6.400000E-8	-1.720000E-6	-2.000000E-8	0.000000E+0	0.000000E+0	1.964247E-4	2.976042E-9	0.000000E+0	0.000000E+0	1.999856E+1	0.000000E+0	8.000000E+0
21-Apr-25	03:09:36	-1.000000E-5	-1.900000E-4	-3.335150E-1	-1.140000E-5	-7.400000E-8	-1.720000E-6	-2.000000E-8	0.000000E+0	0.000000E+0	1.964247E-4	2.976042E-9	0.000000E+0	0.000000E+0	1.999856E+1	0.000000E+0	8.000000E+0
21-Apr-25	03:09:37	-1.000000E-5	-1.900000E-4	-3.315450E-1	-1.147200E-5	-1.420000E-7	-1.720000E-6	-2.000000E-8	0.000000E+0	0.000000E+0	1.964247E-4	2.976042E-9	0.000000E+0	0.000000E+0	1.999856E+1	0.000000E+0	8.000000E+0
21-Apr-25	03:09:37	-1.000000E-5	-1.900000E-4	-3.299600E-1	-1.136800E-5	-6.600000E-8	-1.700000E-6	-2.000000E-8	0.000000E+0	0.000000E+0	1.964247E-4	2.976042E-9	0.000000E+0	0.000000E+0	1.999856E+1	0.000000E+0	8.000000E+0
21-Apr-25	03:09:38	-1.000000E-5	-1.900000E-4	-3.282150E-1	-1.141400E-5	-2.800000E-8	-1.720000E-6	-2.000000E-8	0.000000E+0	0.000000E+0	1.964247E-4	2.976042E-9	0.000000E+0	0.000000E+0	1.999856E+1	0.000000E+0	8.000000E+0
21-Apr-25	03:09:38	-1.000000E-5	-1.900000E-4	-3.266300E-1	-1.148200E-5	-1.040000E-7	-1.720000E-6	-2.000000E-8	0.000000E+0	0.000000E+0	1.964247E-4	2.976042E-9	0.000000E+0	0.000000E+0	1.999856E+1	0.000000E+0	8.000000E+0
21-Apr-25	03:09:39	-1.000000E-5	-1.900000E-4	-3.252050E-1	-1.138400E-5	-1.220000E-7	-1.720000E-6	-2.000000E-8	0.000000E+0	0.000000E+0	1.964247E-4	2.976042E-9	0.000000E+0	0.000000E+0	1.999856E+1	0.000000E+0	8.000000E+0
21-Apr-25	03:09:39	-1.000000E-5	-1.900000E-4	-3.236150E-1	-1.140600E-5	-1.100000E-7	-1.720000E-6	-2.000000E-8	0.000000E+0	0.000000E+0	1.964247E-4	2.976042E-9	0.000000E+0	0.000000E+0	1.999856E+1	0.000000E+0	8.000000E+0
21-Apr-25	03:09:40	-1.000000E-5	-1.900000E-4	-3.220350E-1	-1.142200E-5	-6.400000E-8	-1.720000E-6	-2.000000E-8	0.000000E+0	0.000000E+0	1.964247E-4	2.976042E-9	0.000000E+0	0.000000E+0	1.999856E+1	0.000000E+0	8.000000E+0
21-Apr-25	03:09:40	-1.000000E-5	-1.900000E-4	-3.204500E-1	-1.134000E-5	-9.000000E-8	-1.720000E-6	-2.000000E-8	0.000000E+0	0.000000E+0	1.964247E-4	2.976042E-9	0.000000E+0	0.000000E+0	1.999856E+1	0.000000E+0	8.000000E+0
21-Apr-25	03:09:41	-1.000000E-5	-1.900000E-4	-3.188650E-1	-1.139200E-5	2.400000E-8	-1.700000E-6	0.000000E+0	0.000000E+0	0.000000E+0	1.964247E-4	2.976042E-9	0.000000E+0	0.000000E+0	1.999856E+1	0.000000E+0	8.000000E+0
21-Apr-25	03:09:41	-1.000000E-5	-1.900000E-4	-3.172850E-1	-1.146600E-5	4.800000E-8	-1.700000E-6	-2.000000E-8	0.000000E+0	0.000000E+0	1.964247E-4	2.976042E-9	0.000000E+0	0.000000E+0	1.999856E+1	0.000000E+0	8.000000E+0
21-Apr-25	03:09:42	-1.000000E-5	-1.900000E-4	-3.158600E-1	-1.154000E-5	-6.400000E-8	-1.720000E-6	-2.000000E-8	0.000000E+0	0.000000E+0	1.964247E-4	2.976042E-9	0.000000E+0	0.000000E+0	1.999856E+1	0.000000E+0	8.000000E+0
21-Apr-25	03:09:42	-1.000000E-5	-1.900000E-4	-3.142700E-1	-1.148000E-5	-2.800000E-8	-1.720000E-6	-2.000000E-8	0.000000E+0	0.000000E+0	1.964247E-4	2.976042E-9	0.000000E+0	0.000000E+0	1.999856E+1	0.000000E+0	8.000000E+0
21-Apr-25	03:09:42	-1.000000E-5	-1.900000E-4	-3.128400E-1	-1.140200E-5	-5.800000E-8	-1.720000E-6	-2.000000E-8	0.000000E+0	0.000000E+0	1.964247E-4	2.976042E-9	0.000000E+0	0.000000E+0	1.999856E+1	0.000000E+0	8.000000E+0
21-Apr-25	03:09:43	-1.000000E-5	-1.900000E-4	-3.112550E-1	-1.142200E-5	-2.600000E-8	-1.720000E-6	-2.000000E-8	0.000000E+0	0.000000E+0	1.964247E-4	2.976042E-9	0.000000E+0	0.000000E+0	1.999856E+1	0.000000E+0	8.000000E+0
21-Apr-25	03:09:43	-1.000000E-5	-1.900000E-4	-3.096750E-1	-1.134200E-5	1.400000E-7	-1.720000E-6	-2.000000E-8	0.000000E+0	0.000000E+0	1.964247E-4	2.976042E-9	0.000000E+0	0.000000E+0	1.999856E+1	0.000000E+0	8.000000E+0
21-Apr-25	03:09:44	-1.000000E-5	-1.900000E-4	-3.080900E-1	-1.143600E-5	-5.200000E-8	-1.720000E-6	-2.000000E-8	0.000000E+0	0.000000E+0	1.964247E-4	2.976042E-9	0.000000E+0	0.000000E+0	1.999856E+1	0.000000E+0	8.000000E+0
21-Apr-25	03:09:45	-1.000000E-5	-1.900000E-4	-3.063400E-1	-1.141800E-5	-1.400000E-7	-1.700000E-6	0.000000E+0	0.000000E+0	0.000000E+0	1.964247E-4	2.976042E-9	0.000000E+0	0.000000E+0	1.999856E+1	0.000000E+0	8.000000E+0
21-Apr-25	03:09:45	-1.000000E-5	-1.900000E-4	-3.046100E-1	-1.143800E-5	-1.380000E-7	-1.720000E-6	0.000000E+0	0.000000E+0	0.000000E+0	1.964247E-4	2.976042E-9	0.000000E+0	0.000000E+0	1.999856E+1	0.000000E+0	8.000000E+0
21-Apr-25	03:09:46	-1.000000E-5	-1.900000E-4	-3.028600E-1	-1.149000E-5	-1.040000E-7	-1.720000E-6	0.000000E+0	0.000000E+0	0.000000E+0	1.964247E-4	2.976042E-9	0.000000E+0	0.000000E+0	1.999856E+1	0.000000E+0	8.000000E+0
21-Apr-25	03:09:46	-1.000000E-5	-1.900000E-4	-3.012900E-1	-1.141400E-5	-4.000000E-9	-1.720000E-6	-2.000000E-8	0.000000E+0	0.000000E+0	1.964247E-4	2.976042E-9	0.000000E+0	0.000000E+0	1.999856E+1	0.000000E+0	8.000000E+0
21-Apr-25	03:09:47	-1.000000E-5	-1.900000E-4	-2.998600E-1	-1.148400E-5	-6.200000E-8	-1.720000E-6	0.000000E+0	0.000000E+0	0.000000E+0	1.964247E-4	2.976042E-9	0.000000E+0	0.000000E+0	1.999856E+1	0.000000E+0	8.000000E+0
21-Apr-25	03:09:47	-1.000000E-5	-1.900000E-4	-2.982750E-1	-1.149200E-5	-7.600000E-8	-1.720000E-6	-2.000000E-8	0.000000E+0	0.000000E+0	1.964247E-4	2.976042E-9	0.000000E+0	0.000000E+0	1.999856E+1	0.000000E+0	8.000000E+0
21-Apr-25	03:09:48	-1.000000E-5	-1.900000E-4	-2.966800E-1	-1.142400E-5	-1.120000E-7	-1.720000E-6	-4.000000E-8	0.000000E+0	0.000000E+0	1.964247E-4	2.976042E-9	0.000000E+0	0.000000E+0	1.999856E+1	0.000000E+0	8.000000E+0
21-Apr-25	03:09:48	-1.000000E-5	-1.900000E-4	-2.950950E-1	-1.142400E-5	-1.020000E-7	-1.720000E-6	-4.000000E-8	0.000000E+0	0.000000E+0	1.964247E-4	2.976042E-9	0.000000E+0	0.000000E+0	1.999856E+1	0.000000E+0	8.000000E+0
21-Apr-25	03:09:49	-1.000000E-5	-1.900000E-4	-2.935150E-1	-1.136800E-5	-9.600000E-8	-1.740000E-6	-2.000000E-8	0.000000E+0	0.000000E+0	1.964247E-4	2.976042E-9	0.000000E+0	0.000000E+0	1.999856E+1	0.000000E+0	8.000000E+0
21-Apr-25	03:09:49	-1.000000E-5	-1.900000E-4	-2.919300E-1	-1.141200E-5	-1.580000E-7	-1.740000E-6	0.000000E+0	0.000000E+0	0.000000E+0	1.964247E-4	2.976042E-9	0.000000E+0	0.000000E+0	1.999856E+1	0.000000E+0	8.000000E+0
21-Apr-25	03:09:50	-1.000000E-5	-1.900000E-4	-2.903450E-1	-1.142200E-5	-1.200000E-7	-1.720000E-6	0.000000E+0	0.000000E+0	0.000000E+0	1.964247E-4	2.976042E-9	0.000000E+0	0.000000E+0	1.999856E+1	0.000000E+0	8.000000E+0
21-Apr-25	03:09:50	-1.000000E-5	-1.900000E-4	-2.884400E-1	-1.136400E-5	-9.200000E-8	-1.720000E-6	-2.000000E-8	0.000000E+0	0.000000E+0	1.964247E-4	2.976042E-9	0.000000E+0	0.000000E+0	1.999856E+1	0.000000E+0	8.000000E+0
21-Apr-25	03:09:51	-1.000000E-5	-1.900000E-4	-2.868550E-1	-1.143800E-5	-6.600000E-8	-1.720000E-6	-2.000000E-8	0.000000E+0	0.000000E+0	1.964247E-4	2.976042E-9	0.000000E+0	0.000000E+0	1.999856E+1	0.000000E+0	8.000000E+0
21-Apr-25	03:09:51	-1.000000E-5	-1.900000E-4	-2.854300E-1	-1.139000E-5	-8.800000E-8	-1.720000E-6	-2.000000E-8	0.000000E+0	0.000000E+0	1.964247E-4	2.976042E-9	0.000000E+0	0.000000E+0	1.999856E+1	0.000000E+0	8.000000E+0
21-Apr-25	03:09:52	-1.000000E-5	-1.900000E-4	-2.838600E-1	-1.143000E-5	1.600000E-8	-1.720000E-6	-4.000000E-8	0.000000E+0	0.000000E+0	1.964247E-4	2.976042E-9	0.000000E+0	0.000000E+0	1.999856E+1	0.000000E+0	8.000000E+0
21-Apr-25	03:09:52	-1.000000E-5	-1.900000E-4	-2.824250E-1	-1.143400E-5	8.000000E-9	-1.720000E-6	-4.000000E-8	0.000000E+0	0.000000E+0	1.964247E-4	2.976042E-9	0.000000E+0	0.000000E+0	1.999856E+1	0.000000E+0	8.000000E+0
21-Apr-25	03:09:53	-1.000000E-5	-1.900000E-4	-2.808450E-1	-1.140400E-5	-3.200000E-8	-1.720000E-6	-4.000000E-8	0.000000E+0	0.000000E+0	1.964247E-4	2.976042E-9	0.000000E+0	0.000000E+0	1.999856E+1	0.000000E+0	8.000000E+0
21-Apr-25	03:09:53	-1.000000E-5	-1.900000E-4	-2.792550E-1	-1.135800E-5	-1.320000E-7	-1.720000E-6	0.000000E+0	0.000000E+0	0.000000E+0	1.964247E-4	2.976042E-9	0.000000E+0	0.000000E+0	1.999856E+1	0.000000E+0	8.000000E+0
21-Apr-25	03:09:54	-1.000000E-5	-1.900000E-4	-2.776750E-1	-1.132800E-5	-1.020000E-7	-1.720000E-6	-2.000000E-8	0.000000E+0	0.000000E+0	1.964247E-4	2.976042E-9	0.000000E+0	0.000000E+0	1.999856E+1	0.000000E+0	8.000000E+0
21-Apr-25	03:09:54	-1.000000E-5	-1.900000E-4	-2.757800E-1	-1.141000E-5	-8.200000E-8	-1.720000E-6	-2.000000E-8	0.000000E+0	0.000000E+0	1.964247E-4	2.976042E-9	0.000000E+0	0.000000E+0	1.999856E+1	0.000000E+0	8.000000E+0
21-Apr-25	03:09:55	-1.000000E-5	-1.900000E-4	-2.741900E-1	-1.134200E-5	-8.800000E-8	-1.720000E-6	-2.000000E-8	0.000000E+0	0.000000E+0	1.964247E-4	2.976042E-9	0.000000E+0	0.000000E+0	1.999856E+1	0.000000E+0	8.000000E+0
21-Apr-25	03:09:55	-1.000000E-5	-1.900000E-4	-2.726050E-1	-1.134800E-5	-1.580000E-7	-1.720000E-6	-2.000000E-8	0.000000E+0	0.000000E+0	1.964247E-4	2.976042E-9	0.000000E+0	0.000000E+0	1.999856E+1	0.000000E+0	8.000000E+0
21-Apr-25	03:09:56	-1.000000E-5	-1.900000E-4	-2.707050E-1	-1.146000E-5	-9.600000E-8	-1.740000E-6	-2.000000E-8	0.000000E+0	0.000000E+0	1.964247E-4	2.976042E-9	0.000000E+0	0.000000E+0	1.999856E+1	0.000000E+0	8.000000E+0
21-Apr-25	03:09:56	-1.000000E-5	-1.900000E-4	-2.691200E-1	-1.147800E-5	-1.580000E-7	-1.720000E-6	-2.000000E-8	0.000000E+0	0.000000E+0	1.964247E-4	2.976042E-9	0.000000E+0	0.000000E+0	1.999856E+1	0.000000E+0	8.000000E+0
21-Apr-25	03:09:57	-1.000000E-5	-1.900000E-4	-2.675400E-1	-1.139800E-5	-2.100000E-7	-1.720000E-6	-2.000000E-8	0.000000E+0	0.000000E+0	1.964247E-4	2.976042E-9	0.000000E+0	0.000000E+0	1.999856E+1	0.000000E+0	8.000000E+0
21-Apr-25	03:09:57	-1.000000E-5	-1.900000E-4	-2.659500E-1	-1.132200E-5	-1.820000E-7	-1.720000E-6	-2.000000E-8	0.000000E+0	0.000000E+0	1.964247E-4	2.976042E-9	0.000000E+0	0.000000E+0	1.999856E+1	0.000000E+0	8.000000E+0
21-Apr-25	03:09:58	-1.000000E-5	-1.900000E-4	-2.643400E-1	-1.135000E-5	-3.800000E-8	-1.740000E-6	-2.000000E-8	0.000000E+0	0.000000E+0	1.964247E-4	2.976042E-9	0.000000E+0	0.000000E+0	1.999856E+1	0.000000E+0	8.000000E+0
21-Apr-25	03:09:58	-1.000000E-5	-1.900000E-4	-2.627500E-1	-1.139600E-5	-4.800000E-8	-1.720000E-6	-2.000000E-8	0.000000E+0	0.000000E+0	1.964247E-4	2.976042E-9	0.000000E+0	0.000000E+0	1.999856E+1	0.000000E+0	8.000000E+0
21-Apr-25	03:09:59	-1.000000E-5	-1.900000E-4	-2.611650E-1	-1.136600E-5	-8.000000E-8	-1.720000E-6	-4.000000E-8	0.000000E+0	0.000000E+0	1.964247E-4	2.976042E-9	0.000000E+0	0.000000E+0	1.999856E+1	0.000000E+0	8.000000E+0
21-Apr-25	03:09:59	-1.000000E-5	-1.900000E-4	-2.595750E-1	-1.134800E-5	-1.060000E-7	-1.720000E-6	-4.000000E-8	0.000000E+0	0.000000E+0	1.964247E-4	2.976042E-9	0.000000E+0	0.000000E+0	1.999856E+1	0.000000E+0	8.000000E+0
21-Apr-25	03:10:00	-1.000000E-5	-1.900000E-4	-2.580000E-1	-1.142000E-5	-1.280000E-7	-1.720000E-6	-2.000000E-8	0.000000E+0	0.000000E+0	1.964247E-4	2.976042E-9	0.000000E+0	0.000000E+0	1.999856E+1	0.000000E+0	8.000000E+0
21-Apr-25	03:10:00	-1.000000E-5	-1.900000E-4	-2.559250E-1	-1.147000E-5	-1.460000E-7	-1.720000E-6	-2.000000E-8	0.000000E+0	0.000000E+0	1.964247E-4	2.976042E-9	0.000000E+0	0.000000E+0	1.999856E+1	0.000000E+0	8.000000E+0
21-Apr-25	03:10:01	-1.000000E-5	-1.900000E-4	-2.543400E-1	-1.140400E-5	-1.060000E-7	-1.740000E-6	0.000000E+0	0.000000E+0	0.000000E+0	1.964247E-4	2.976042E-9	0.000000E+0	0.000000E+0	1.999856E+1	0.000000E+0	8.000000E+0
21-Apr-25	03:10:01	-1.000000E-5	-1.900000E-4	-2.527600E-1	-1.138200E-5	8.000000E-9	-1.720000E-6	-2.000000E-8	0.000000E+0	0.000000E+0	1.964247E-4	2.976042E-9	0.000000E+0	0.000000E+0	1.999856E+1	0.000000E+0	8.000000E+0
21-Apr-25	03:10:02	-1.000000E-5	-1.900000E-4	-2.511800E-1	-1.141400E-5	-1.400000E-8	-1.720000E-6	-4.000000E-8	0.000000E+0	0.000000E+0	1.964247E-4	2.976042E-9	0.000000E+0	0.000000E+0	1.999856E+1	0.000000E+0	8.000000E+0
21-Apr-25	03:10:03	-1.000000E-5	-1.900000E-4	-2.494400E-1	-1.141200E-5	-7.200000E-8	-1.720000E-6	-2.000000E-8	0.000000E+0	0.000000E+0	1.964247E-4	2.976042E-9	0.000000E+0	0.000000E+0	1.999856E+1	0.000000E+0	8.000000E+0
21-Apr-25	03:10:03	-1.000000E-5	-1.900000E-4	-2.478450E-1	-1.142800E-5	-1.600000E-8	-1.720000E-6	-2.000000E-8	0.000000E+0	0.000000E+0	1.964247E-4	2.976042E-9	0.000000E+0	0.000000E+0	1.999856E+1	0.000000E+0	8.000000E+0
21-Apr-25	03:10:04	-1.000000E-5	-1.900000E-4	-2.462650E-1	-1.146000E-5	-8.800000E-8	-1.720000E-6	-2.000000E-8	0.000000E+0	0.000000E+0	1.964247E-4	2.976042E-9	0.000000E+0	0.000000E+0	1.999856E+1	0.000000E+0	8.000000E+0
21-Apr-25	03:10:04	-1.000000E-5	-1.900000E-4	-2.445200E-1	-1.137400E-5	-1.840000E-7	-1.740000E-6	-2.000000E-8	0.000000E+0	0.000000E+0	1.964247E-4	2.976042E-9	0.000000E+0	0.000000E+0	1.999856E+1	0.000000E+0	8.000000E+0
21-Apr-25	03:10:05	-1.000000E-5	-1.900000E-4	-2.429350E-1	-1.140600E-5	-1.500000E-7	-1.720000E-6	-4.000000E-8	0.000000E+0	0.000000E+0	1.964247E-4	2.976042E-9	0.000000E+0	0.000000E+0	1.999856E+1	0.000000E+0	8.000000E+0
21-Apr-25	03:10:05	-1.000000E-5	-1.900000E-4	-2.415100E-1	-1.141000E-5	-7.600000E-8	-1.740000E-6	-2.000000E-8	0.000000E+0	0.000000E+0	1.964247E-4	2.976042E-9	0.000000E+0	0.000000E+0	1.999856E+1	0.000000E+0	8.000000E+0
21-Apr-25	03:10:06	-1.000000E-5	-1.900000E-4	-2.399200E-1	-1.142000E-5	-6.400000E-8	-1.740000E-6	-2.000000E-8	0.000000E+0	0.000000E+0	1.964247E-4	2.976042E-9	0.000000E+0	0.000000E+0	1.999856E+1	0.000000E+0	8.000000E+0
21-Apr-25	03:10:06	-1.000000E-5	-1.900000E-4	-2.383400E-1	-1.134400E-5	-8.800000E-8	-1.740000E-6	-4.000000E-8	0.000000E+0	0.000000E+0	1.964247E-4	2.976042E-9	0.000000E+0	0.000000E+0	1.999856E+1	0.000000E+0	8.000000E+0
21-Apr-25	03:10:07	-1.000000E-5	-1.900000E-4	-2.367500E-1	-1.137600E-5	-9.800000E-8	-1.720000E-6	-2.000000E-8	0.000000E+0	0.000000E+0	1.964247E-4	2.976042E-9	0.000000E+0	0.000000E+0	1.999856E+1	0.000000E+0	8.000000E+0
21-Apr-25	03:10:07	-1.000000E-5	-1.900000E-4	-2.351750E-1	-1.144600E-5	-1.520000E-7	-1.720000E-6	-2.000000E-8	0.000000E+0	0.000000E+0	1.964247E-4	2.976042E-9	0.000000E+0	0.000000E+0	1.999856E+1	0.000000E+0	8.000000E+0
21-Apr-25	03:10:08	-1.000000E-5	-1.900000E-4	-2.329650E-1	-1.139800E-5	-1.700000E-7	-1.740000E-6	-2.000000E-8	0.000000E+0	0.000000E+0	1.964247E-4	2.976042E-9	0.000000E+0	0.000000E+0	1.999856E+1	0.000000E+0	8.000000E+0
21-Apr-25	03:10:08	-1.000000E-5	-1.900000E-4	-2.313700E-1	-1.142000E-5	-9.400000E-8	-1.740000E-6	-2.000000E-8	0.000000E+0	0.000000E+0	1.964247E-4	2.976042E-9	0.000000E+0	0.000000E+0	1.999856E+1	0.000000E+0	8.000000E+0
21-Apr-25	03:10:09	-1.000000E-5	-1.900000E-4	-2.294150E-1	-1.143800E-5	-1.400000E-8	-1.740000E-6	-2.000000E-8	0.000000E+0	0.000000E+0	1.964247E-4	2.976042E-9	0.000000E+0	0.000000E+0	1.999856E+1	0.000000E+0	8.000000E+0
21-Apr-25	03:10:10	-1.000000E-5	-1.900000E-4	-2.271900E-1	-1.151600E-5	-1.020000E-7	-1.740000E-6	-2.000000E-8	0.000000E+0	0.000000E+0	1.964247E-4	2.976042E-9	0.000000E+0	0.000000E+0	1.999856E+1	0.000000E+0	8.000000E+0
21-Apr-25	03:10:10	-1.000000E-5	-1.900000E-4	-2.252650E-1	-1.148000E-5	-6.600000E-8	-1.720000E-6	-2.000000E-8	0.000000E+0	0.000000E+0	1.964247E-4	2.976042E-9	0.000000E+0	0.000000E+0	1.999856E+1	0.000000E+0	8.000000E+0
21-Apr-25	03:10:11	-1.000000E-5	-1.900000E-4	-2.236550E-1	-1.141800E-5	-2.200000E-8	-1.720000E-6	-2.000000E-8	0.000000E+0	0.000000E+0	1.964247E-4	2.976042E-9	0.000000E+0	0.000000E+0	1.999856E+1	0.000000E+0	8.000000E+0
21-Apr-25	03:10:11	-1.000000E-5	-1.900000E-4	-2.220900E-1	-1.146800E-5	-1.340000E-7	-1.720000E-6	-2.000000E-8	0.000000E+0	0.000000E+0	1.964247E-4	2.976042E-9	0.000000E+0	0.000000E+0	1.999856E+1	0.000000E+0	8.000000E+0
21-Apr-25	03:10:12	-1.000000E-5	-1.900000E-4	-2.205400E-1	-1.140000E-5	8.000000E-9	-1.720000E-6	-2.000000E-8	0.000000E+0	0.000000E+0	1.964247E-4	2.976042E-9	0.000000E+0	0.000000E+0	1.999856E+1	0.000000E+0	8.000000E+0
21-Apr-25	03:10:12	-1.000000E-5	-1.900000E-4	-2.189500E-1	-1.143800E-5	-2.200000E-8	-1.720000E-6	-2.000000E-8	0.000000E+0	0.000000E+0	1.964247E-4	2.976042E-9	0.000000E+0	0.000000E+0	1.999856E+1	0.000000E+0	8.000000E+0
21-Apr-25	03:10:13	-1.000000E-5	-1.900000E-4	-2.173800E-1	-1.136400E-5	-6.600000E-8	-1.740000E-6	-2.000000E-8	0.000000E+0	0.000000E+0	1.964247E-4	2.976042E-9	0.000000E+0	0.000000E+0	1.999856E+1	0.000000E+0	8.000000E+0
21-Apr-25	03:10:13	-1.000000E-5	-1.900000E-4	-2.157850E-1	-1.146400E-5	-1.700000E-7	-1.720000E-6	-2.000000E-8	0.000000E+0	0.000000E+0	1.964247E-4	2.976042E-9	0.000000E+0	0.000000E+0	1.999856E+1	0.000000E+0	8.000000E+0
21-Apr-25	03:10:14	-1.000000E-5	-1.900000E-4	-2.142050E-1	-1.143400E-5	-1.440000E-7	-1.740000E-6	0.000000E+0	0.000000E+0	0.000000E+0	1.964247E-4	2.976042E-9	0.000000E+0	0.000000E+0	1.999856E+1	0.000000E+0	8.000000E+0
21-Apr-25	03:10:14	-1.000000E-5	-1.900000E-4	-2.126150E-1	-1.130600E-5	-4.400000E-8	-1.720000E-6	-2.000000E-8	0.000000E+0	0.000000E+0	1.964247E-4	2.976042E-9	0.000000E+0	0.000000E+0	1.999856E+1	0.000000E+0	8.000000E+0
21-Apr-25	03:10:15	-1.000000E-5	-1.900000E-4	-2.110350E-1	-1.139600E-5	-1.400000E-8	-1.720000E-6	-4.000000E-8	0.000000E+0	0.000000E+0	1.964247E-4	2.976042E-9	0.000000E+0	0.000000E+0	1.999856E+1	0.000000E+0	8.000000E+0
21-Apr-25	03:10:15	-1.000000E-5	-1.900000E-4	-2.094500E-1	-1.141600E-5	-7.000000E-8	-1.740000E-6	-2.000000E-8	0.000000E+0	0.000000E+0	1.964247E-4	2.976042E-9	0.000000E+0	0.000000E+0	1.999856E+1	0.000000E+0	8.000000E+0
21-Apr-25	03:10:16	-1.000000E-5	-1.900000E-4	-2.078700E-1	-1.138800E-5	-5.600000E-8	-1.760000E-6	-2.000000E-8	0.000000E+0	0.000000E+0	1.964247E-4	2.976042E-9	0.000000E+0	0.000000E+0	1.999856E+1	0.000000E+0	8.000000E+0
21-Apr-25	03:10:16	-1.000000E-5	-1.900000E-4	-2.062800E-1	-1.148400E-5	-7.000000E-8	-1.720000E-6	-2.000000E-8	0.000000E+0	0.000000E+0	1.964247E-4	2.976042E-9	0.000000E+0	0.000000E+0	1.999856E+1	0.000000E+0	8.000000E+0
21-Apr-25	03:10:17	-1.000000E-5	-1.900000E-4	-2.047000E-1	-1.145200E-5	-8.800000E-8	-1.720000E-6	-2.000000E-8	0.000000E+0	0.000000E+0	1.964247E-4	2.976042E-9	0.000000E+0	0.000000E+0	1.999856E+1	0.000000E+0	8.000000E+0
21-Apr-25	03:10:17	-1.000000E-5	-1.900000E-4	-2.031150E-1	-1.146600E-5	-1.040000E-7	-1.720000E-6	-2.000000E-8	0.000000E+0	0.000000E+0	1.964247E-4	2.976042E-9	0.000000E+0	0.000000E+0	1.999856E+1	0.000000E+0	8.000000E+0
21-Apr-25	03:10:18	-1.000000E-5	-1.900000E-4	-2.015300E-1	-1.145600E-5	-1.540000E-7	-1.720000E-6	-2.000000E-8	0.000000E+0	0.000000E+0	1.964247E-4	2.976042E-9	0.000000E+0	0.000000E+0	1.999856E+1	0.000000E+0	8.000000E+0
21-Apr-25	03:10:18	-1.000000E-5	-1.900000E-4	-1.999550E-1	-1.144600E-5	-4.600000E-8	-1.740000E-6	-2.000000E-8	0.000000E+0	0.000000E+0	1.964247E-4	2.976042E-9	0.000000E+0	0.000000E+0	1.999856E+1	0.000000E+0	8.000000E+0
21-Apr-25	03:10:19	-1.000000E-5	-1.900000E-4	-1.978300E-1	-1.147800E-5	4.000000E-9	-1.720000E-6	-2.000000E-8	0.000000E+0	0.000000E+0	1.964247E-4	2.976042E-9	0.000000E+0	0.000000E+0	1.999856E+1	0.000000E+0	8.000000E+0
21-Apr-25	03:10:19	-1.000000E-5	-1.900000E-4	-1.964050E-1	-1.141400E-5	-4.400000E-8	-1.720000E-6	0.000000E+0	0.000000E+0	0.000000E+0	1.964247E-4	2.976042E-9	0.000000E+0	0.000000E+0	1.999856E+1	0.000000E+0	8.000000E+0
21-Apr-25	03:10:20	-1.000000E-5	-1.900000E-4	-1.945050E-1	-1.141600E-5	-5.600000E-8	-1.740000E-6	-2.000000E-8	0.000000E+0	0.000000E+0	1.964247E-4	2.976042E-9	0.000000E+0	0.000000E+0	1.999856E+1	0.000000E+0	8.000000E+0
21-Apr-25	03:10:20	-1.000000E-5	-1.900000E-4	-1.929150E-1	-1.143400E-5	-5.400000E-8	-1.740000E-6	-2.000000E-8	0.000000E+0	0.000000E+0	1.964247E-4	2.976042E-9	0.000000E+0	0.000000E+0	1.999856E+1	0.000000E+0	8.000000E+0
21-Apr-25	03:10:21	-1.000000E-5	-1.900000E-4	-1.913400E-1	-1.138400E-5	-5.800000E-8	-1.720000E-6	0.000000E+0	0.000000E+0	0.000000E+0	1.964247E-4	2.976042E-9	0.000000E+0	0.000000E+0	1.999856E+1	0.000000E+0	8.000000E+0
21-Apr-25	03:10:21	-1.000000E-5	-1.900000E-4	-1.899050E-1	-1.130800E-5	-1.140000E-7	-1.720000E-6	-4.000000E-8	0.000000E+0	0.000000E+0	1.964247E-4	2.976042E-9	0.000000E+0	0.000000E+0	1.999856E+1	0.000000E+0	8.000000E+0
21-Apr-25	03:10:22	-1.000000E-5	-1.900000E-4	-1.884750E-1	-1.144000E-5	4.000000E-9	-1.720000E-6	-2.000000E-8	0.000000E+0	0.000000E+0	1.964247E-4	2.976042E-9	0.000000E+0	0.000000E+0	1.999856E+1	0.000000E+0	8.000000E+0
21-Apr-25	03:10:22	-1.000000E-5	-1.900000E-4	-1.868850E-1	-1.143800E-5	2.000000E-8	-1.740000E-6	-2.000000E-8	0.000000E+0	0.000000E+0	1.964247E-4	2.976042E-9	0.000000E+0	0.000000E+0	1.999856E+1	0.000000E+0	8.000000E+0
21-Apr-25	03:10:23	-1.000000E-5	-1.900000E-4	-1.853050E-1	-1.149800E-5	-1.100000E-7	-1.740000E-6	-2.000000E-8	0.000000E+0	0.000000E+0	1.964247E-4	2.976042E-9	0.000000E+0	0.000000E+0	1.999856E+1	0.000000E+0	8.000000E+0
21-Apr-25	03:10:23	-1.000000E-5	-1.900000E-4	-1.835700E-1	-1.141400E-5	-1.100000E-7	-1.720000E-6	-2.000000E-8	0.000000E+0	0.000000E+0	1.964247E-4	2.976042E-9	0.000000E+0	0.000000E+0	1.999856E+1	0.000000E+0	8.000000E+0
21-Apr-25	03:10:24	-1.000000E-5	-1.900000E-4	-1.819850E-1	-1.147200E-5	2.200000E-8	-1.720000E-6	-2.000000E-8	0.000000E+0	0.000000E+0	1.964247E-4	2.976042E-9	0.000000E+0	0.000000E+0	1.999856E+1	0.000000E+0	8.000000E+0
21-Apr-25	03:10:24	-1.000000E-5	-1.900000E-4	-1.804000E-1	-1.141000E-5	-5.200000E-8	-1.740000E-6	0.000000E+0	0.000000E+0	0.000000E+0	1.964247E-4	2.976042E-9	0.000000E+0	0.000000E+0	1.999856E+1	0.000000E+0	8.000000E+0
21-Apr-25	03:10:25	-1.000000E-5	-1.900000E-4	-1.788100E-1	-1.143800E-5	-6.000000E-9	-1.720000E-6	0.000000E+0	0.000000E+0	0.000000E+0	1.964247E-4	2.976042E-9	0.000000E+0	0.000000E+0	1.999856E+1	0.000000E+0	8.000000E+0
21-Apr-25	03:10:25	-1.000000E-5	-1.900000E-4	-1.772250E-1	-1.137400E-5	-8.200000E-8	-1.720000E-6	0.000000E+0	0.000000E+0	0.000000E+0	1.964247E-4	2.976042E-9	0.000000E+0	0.000000E+0	1.999856E+1	0.000000E+0	8.000000E+0
21-Apr-25	03:10:26	-1.000000E-5	-1.900000E-4	-1.756500E-1	-1.142800E-5	-1.260000E-7	-1.740000E-6	-2.000000E-8	0.000000E+0	0.000000E+0	1.964247E-4	2.976042E-9	0.000000E+0	0.000000E+0	1.999856E+1	0.000000E+0	8.000000E+0
21-Apr-25	03:10:27	-1.000000E-5	-1.900000E-4	-1.740600E-1	-1.140000E-5	-1.160000E-7	-1.720000E-6	-2.000000E-8	0.000000E+0	0.000000E+0	1.964247E-4	2.976042E-9	0.000000E+0	0.000000E+0	1.999856E+1	0.000000E+0	8.000000E+0
21-Apr-25	03:10:27	-1.000000E-5	-1.900000E-4	-1.716300E-1	-1.137400E-5	-8.200000E-8	-1.740000E-6	-2.000000E-8	0.000000E+0	0.000000E+0	1.964247E-4	2.976042E-9	0.000000E+0	0.000000E+0	1.999856E+1	0.000000E+0	8.000000E+0
21-Apr-25	03:10:28	-1.000000E-5	-1.900000E-4	-1.695750E-1	-1.147000E-5	-5.200000E-8	-1.740000E-6	-2.000000E-8	0.000000E+0	0.000000E+0	1.964247E-4	2.976042E-9	0.000000E+0	0.000000E+0	1.999856E+1	0.000000E+0	8.000000E+0
21-Apr-25	03:10:28	-1.000000E-5	-1.900000E-4	-1.681500E-1	-1.148800E-5	-5.800000E-8	-1.740000E-6	-4.000000E-8	0.000000E+0	0.000000E+0	1.964247E-4	2.976042E-9	0.000000E+0	0.000000E+0	1.999856E+1	0.000000E+0	8.000000E+0
21-Apr-25	03:10:29	-1.000000E-5	-1.900000E-4	-1.665650E-1	-1.147600E-5	-7.800000E-8	-1.740000E-6	-2.000000E-8	0.000000E+0	0.000000E+0	1.964247E-4	2.976042E-9	0.000000E+0	0.000000E+0	1.999856E+1	0.000000E+0	8.000000E+0
21-Apr-25	03:10:29	-1.000000E-5	-1.900000E-4	-1.645000E-1	-1.148200E-5	-1.220000E-7	-1.740000E-6	-4.000000E-8	0.000000E+0	0.000000E+0	1.964247E-4	2.976042E-9	0.000000E+0	0.000000E+0	1.999856E+1	0.000000E+0	8.000000E+0
21-Apr-25	03:10:30	-1.000000E-5	-1.900000E-4	-1.629200E-1	-1.145000E-5	-6.200000E-8	-1.740000E-6	-2.000000E-8	0.000000E+0	0.000000E+0	1.964247E-4	2.976042E-9	0.000000E+0	0.000000E+0	1.999856E+1	0.000000E+0	8.000000E+0
21-Apr-25	03:10:31	-1.000000E-5	-1.900000E-4	-1.613250E-1	-1.139600E-5	-1.000000E-8	-1.740000E-6	-2.000000E-8	0.000000E+0	0.000000E+0	1.964247E-4	2.976042E-9	0.000000E+0	0.000000E+0	1.999856E+1	0.000000E+0	8.000000E+0
21-Apr-25	03:10:31	-1.000000E-5	-1.900000E-4	-1.590600E-1	-1.139800E-5	4.000000E-9	-1.760000E-6	-2.000000E-8	0.000000E+0	0.000000E+0	1.964247E-4	2.976042E-9	0.000000E+0	0.000000E+0	1.999856E+1	0.000000E+0	8.000000E+0
21-Apr-25	03:10:32	-1.000000E-5	-1.900000E-4	-1.566800E-1	-1.133200E-5	-5.000000E-8	-1.740000E-6	-4.000000E-8	0.000000E+0	0.000000E+0	1.964247E-4	2.976042E-9	0.000000E+0	0.000000E+0	1.999856E+1	0.000000E+0	8.000000E+0
21-Apr-25	03:10:32	-1.000000E-5	-1.900000E-4	-1.550950E-1	-1.141200E-5	-1.000000E-8	-1.740000E-6	-2.000000E-8	0.000000E+0	0.000000E+0	1.964247E-4	2.976042E-9	0.000000E+0	0.000000E+0	1.999856E+1	0.000000E+0	8.000000E+0
21-Apr-25	03:10:33	-1.000000E-5	-1.900000E-4	-1.534850E-1	-1.153600E-5	-4.000000E-9	-1.740000E-6	-2.000000E-8	0.000000E+0	0.000000E+0	1.964247E-4	2.976042E-9	0.000000E+0	0.000000E+0	1.999856E+1	0.000000E+0	8.000000E+0
21-Apr-25	03:10:34	-1.000000E-5	-1.900000E-4	-1.509350E-1	-1.144400E-5	-5.600000E-8	-1.740000E-6	-2.000000E-8	0.000000E+0	0.000000E+0	1.964247E-4	2.976042E-9	0.000000E+0	0.000000E+0	1.999856E+1	0.000000E+0	8.000000E+0
21-Apr-25	03:10:34	-1.000000E-5	-1.900000E-4	-1.491900E-1	-1.150400E-5	-1.200000E-7	-1.740000E-6	0.000000E+0	0.000000E+0	0.000000E+0	1.964247E-4	2.976042E-9	0.000000E+0	0.000000E+0	1.999856E+1	0.000000E+0	8.000000E+0
21-Apr-25	03:10:35	-1.000000E-5	-1.900000E-4	-1.476000E-1	-1.143600E-5	-1.360000E-7	-1.740000E-6	-2.000000E-8	0.000000E+0	0.000000E+0	1.964247E-4	2.976042E-9	0.000000E+0	0.000000E+0	1.999856E+1	0.000000E+0	8.000000E+0
21-Apr-25	03:10:35	-1.000000E-5	-1.900000E-4	-1.461700E-1	-1.139600E-5	-7.600000E-8	-1.740000E-6	-2.000000E-8	0.000000E+0	0.000000E+0	1.964247E-4	2.976042E-9	0.000000E+0	0.000000E+0	1.999856E+1	0.000000E+0	8.000000E+0
21-Apr-25	03:10:36	-1.000000E-5	-1.900000E-4	-1.445850E-1	-1.151200E-5	-8.200000E-8	-1.740000E-6	-2.000000E-8	0.000000E+0	0.000000E+0	1.964247E-4	2.976042E-9	0.000000E+0	0.000000E+0	1.999856E+1	0.000000E+0	8.000000E+0
21-Apr-25	03:10:36	-1.000000E-5	-1.900000E-4	-1.430050E-1	-1.147600E-5	-4.600000E-8	-1.740000E-6	-2.000000E-8	0.000000E+0	0.000000E+0	1.964247E-4	2.976042E-9	0.000000E+0	0.000000E+0	1.999856E+1	0.000000E+0	8.000000E+0
21-Apr-25	03:10:37	-1.000000E-5	-1.900000E-4	-1.414250E-1	-1.143400E-5	-3.200000E-8	-1.740000E-6	-2.000000E-8	0.000000E+0	0.000000E+0	1.964247E-4	2.976042E-9	0.000000E+0	0.000000E+0	1.999856E+1	0.000000E+0	8.000000E+0
21-Apr-25	03:10:37	-1.000000E-5	-1.900000E-4	-1.398350E-1	-1.143200E-5	1.200000E-8	-1.740000E-6	-4.000000E-8	0.000000E+0	0.000000E+0	1.964247E-4	2.976042E-9	0.000000E+0	0.000000E+0	1.999856E+1	0.000000E+0	8.000000E+0
21-Apr-25	03:10:38	-1.000000E-5	-1.900000E-4	-1.378800E-1	-1.149400E-5	-8.000000E-8	-1.740000E-6	-2.000000E-8	0.000000E+0	0.000000E+0	1.964247E-4	2.976042E-9	0.000000E+0	0.000000E+0	1.999856E+1	0.000000E+0	8.000000E+0
21-Apr-25	03:10:38	-1.000000E-5	-1.900000E-4	-1.363050E-1	-1.144400E-5	-6.200000E-8	-1.720000E-6	-2.000000E-8	0.000000E+0	0.000000E+0	1.964247E-4	2.976042E-9	0.000000E+0	0.000000E+0	1.999856E+1	0.000000E+0	8.000000E+0
21-Apr-25	03:10:39	-1.000000E-5	-1.900000E-4	-1.347200E-1	-1.147400E-5	2.000000E-9	-1.740000E-6	-2.000000E-8	0.000000E+0	0.000000E+0	1.964247E-4	2.976042E-9	0.000000E+0	0.000000E+0	1.999856E+1	0.000000E+0	8.000000E+0
21-Apr-25	03:10:39	-1.000000E-5	-1.900000E-4	-1.331500E-1	-1.145800E-5	2.200000E-8	-1.740000E-6	-2.000000E-8	0.000000E+0	0.000000E+0	1.964247E-4	2.976042E-9	0.000000E+0	0.000000E+0	1.999856E+1	0.000000E+0	8.000000E+0
21-Apr-25	03:10:40	-1.000000E-5	-1.900000E-4	-1.315450E-1	-1.139200E-5	-7.000000E-8	-1.720000E-6	-4.000000E-8	0.000000E+0	0.000000E+0	1.964247E-4	2.976042E-9	0.000000E+0	0.000000E+0	1.999856E+1	0.000000E+0	8.000000E+0
21-Apr-25	03:10:40	-1.000000E-5	-1.900000E-4	-1.299650E-1	-1.143000E-5	-7.000000E-8	-1.720000E-6	-2.000000E-8	0.000000E+0	0.000000E+0	1.964247E-4	2.976042E-9	0.000000E+0	0.000000E+0	1.999856E+1	0.000000E+0	8.000000E+0
21-Apr-25	03:10:41	-1.000000E-5	-1.900000E-4	-1.283750E-1	-1.147000E-5	-1.000000E-7	-1.740000E-6	-2.000000E-8	0.000000E+0	0.000000E+0	1.964247E-4	2.976042E-9	0.000000E+0	0.000000E+0	1.999856E+1	0.000000E+0	8.000000E+0
21-Apr-25	03:10:41	-1.000000E-5	-1.900000E-4	-1.267900E-1	-1.144600E-5	-1.640000E-7	-1.740000E-6	0.000000E+0	0.000000E+0	0.000000E+0	1.964247E-4	2.976042E-9	0.000000E+0	0.000000E+0	1.999856E+1	0.000000E+0	8.000000E+0
21-Apr-25	03:10:42	-1.000000E-5	-1.900000E-4	-1.252100E-1	-1.138200E-5	-7.600000E-8	-1.740000E-6	0.000000E+0	0.000000E+0	0.000000E+0	1.964247E-4	2.976042E-9	0.000000E+0	0.000000E+0	1.999856E+1	0.000000E+0	8.000000E+0
21-Apr-25	03:10:42	-1.000000E-5	-1.900000E-4	-1.233050E-1	-1.141200E-5	-1.620000E-7	-1.740000E-6	-2.000000E-8	0.000000E+0	0.000000E+0	1.964247E-4	2.976042E-9	0.000000E+0	0.000000E+0	1.999856E+1	0.000000E+0	8.000000E+0
21-Apr-25	03:10:43	-1.000000E-5	-1.900000E-4	-1.217200E-1	-1.155800E-5	-1.060000E-7	-1.760000E-6	0.000000E+0	0.000000E+0	0.000000E+0	1.964247E-4	2.976042E-9	0.000000E+0	0.000000E+0	1.999856E+1	0.000000E+0	8.000000E+0
21-Apr-25	03:10:43	-1.000000E-5	-1.900000E-4	-1.201250E-1	-1.147200E-5	-1.200000E-7	-1.740000E-6	-2.000000E-8	0.000000E+0	0.000000E+0	1.964247E-4	2.976042E-9	0.000000E+0	0.000000E+0	1.999856E+1	0.000000E+0	8.000000E+0
21-Apr-25	03:10:44	-1.000000E-5	-1.900000E-4	-1.182300E-1	-1.139600E-5	2.200000E-8	-1.760000E-6	-2.000000E-8	0.000000E+0	0.000000E+0	1.964247E-4	2.976042E-9	0.000000E+0	0.000000E+0	1.999856E+1	0.000000E+0	8.000000E+0
21-Apr-25	03:10:44	-1.000000E-5	-1.900000E-4	-1.166550E-1	-1.140600E-5	6.000000E-9	-1.760000E-6	0.000000E+0	0.000000E+0	0.000000E+0	1.964247E-4	2.976042E-9	0.000000E+0	0.000000E+0	1.999856E+1	0.000000E+0	8.000000E+0
21-Apr-25	03:10:45	-1.000000E-5	-1.900000E-4	-1.150650E-1	-1.141800E-5	-1.180000E-7	-1.740000E-6	-2.000000E-8	0.000000E+0	0.000000E+0	1.964247E-4	2.976042E-9	0.000000E+0	0.000000E+0	1.999856E+1	0.000000E+0	8.000000E+0
21-Apr-25	03:10:46	-1.000000E-5	-1.900000E-4	-1.134750E-1	-1.153600E-5	-1.080000E-7	-1.740000E-6	-2.000000E-8	0.000000E+0	0.000000E+0	1.964247E-4	2.976042E-9	0.000000E+0	0.000000E+0	1.999856E+1	0.000000E+0	8.000000E+0
21-Apr-25	03:10:46	-1.000000E-5	-1.900000E-4	-1.118900E-1	-1.146000E-5	-2.200000E-8	-1.740000E-6	-2.000000E-8	0.000000E+0	0.000000E+0	1.964247E-4	2.976042E-9	0.000000E+0	0.000000E+0	1.999856E+1	0.000000E+0	8.000000E+0
21-Apr-25	03:10:47	-1.000000E-5	-1.900000E-4	-1.101200E-1	-1.143000E-5	6.800000E-8	-1.760000E-6	-2.000000E-8	0.000000E+0	0.000000E+0	1.964247E-4	2.976042E-9	0.000000E+0	0.000000E+0	1.999856E+1	0.000000E+0	8.000000E+0
21-Apr-25	03:10:47	-1.000000E-5	-1.900000E-4	-1.085400E-1	-1.148000E-5	-1.020000E-7	-1.720000E-6	-2.000000E-8	0.000000E+0	0.000000E+0	1.964247E-4	2.976042E-9	0.000000E+0	0.000000E+0	1.999856E+1	0.000000E+0	8.000000E+0
21-Apr-25	03:10:48	-1.000000E-5	-1.900000E-4	-1.069550E-1	-1.149000E-5	-6.000000E-8	-1.740000E-6	-4.000000E-8	0.000000E+0	0.000000E+0	1.964247E-4	2.976042E-9	0.000000E+0	0.000000E+0	1.999856E+1	0.000000E+0	8.000000E+0
21-Apr-25	03:10:48	-1.000000E-5	-1.900000E-4	-1.053400E-1	-1.142000E-5	-3.000000E-8	-1.740000E-6	-2.000000E-8	0.000000E+0	0.000000E+0	1.964247E-4	2.976042E-9	0.000000E+0	0.000000E+0	1.999856E+1	0.000000E+0	8.000000E+0
21-Apr-25	03:10:49	-1.000000E-5	-1.900000E-4	-1.039200E-1	-1.147600E-5	-2.000000E-8	-1.740000E-6	-2.000000E-8	0.000000E+0	0.000000E+0	1.964247E-4	2.976042E-9	0.000000E+0	0.000000E+0	1.999856E+1	0.000000E+0	8.000000E+0
21-Apr-25	03:10:49	-1.000000E-5	-1.900000E-4	-1.023300E-1	-1.145800E-5	-5.600000E-8	-1.740000E-6	-2.000000E-8	0.000000E+0	0.000000E+0	1.964247E-4	2.976042E-9	0.000000E+0	0.000000E+0	1.999856E+1	0.000000E+0	8.000000E+0
21-Apr-25	03:10:50	-1.000000E-5	-1.900000E-4	-1.001200E-1	-1.141000E-5	-7.800000E-8	-1.740000E-6	-2.000000E-8	0.000000E+0	0.000000E+0	1.964247E-4	2.976042E-9	0.000000E+0	0.000000E+0	1.999856E+1	0.000000E+0	8.000000E+0
21-Apr-25	03:10:50	-1.000000E-5	-1.900000E-4	-9.789500E-2	-1.137600E-5	-1.200000E-7	-1.740000E-6	-2.000000E-8	0.000000E+0	0.000000E+0	1.964247E-4	2.976042E-9	0.000000E+0	0.000000E+0	1.999856E+1	0.000000E+0	8.000000E+0
21-Apr-25	03:10:51	-1.000000E-5	-1.900000E-4	-9.647000E-2	-1.142400E-5	-5.400000E-8	-1.720000E-6	0.000000E+0	0.000000E+0	0.000000E+0	1.964247E-4	2.976042E-9	0.000000E+0	0.000000E+0	1.999856E+1	0.000000E+0	8.000000E+0
21-Apr-25	03:10:51	-1.000000E-5	-1.900000E-4	-9.488500E-2	-1.144400E-5	-5.200000E-8	-1.720000E-6	0.000000E+0	0.000000E+0	0.000000E+0	1.964247E-4	2.976042E-9	0.000000E+0	0.000000E+0	1.999856E+1	0.000000E+0	8.000000E+0
21-Apr-25	03:10:52	-1.000000E-5	-1.900000E-4	-9.330500E-2	-1.140600E-5	-3.600000E-8	-1.740000E-6	-2.000000E-8	0.000000E+0	0.000000E+0	1.964247E-4	2.976042E-9	0.000000E+0	0.000000E+0	1.999856E+1	0.000000E+0	8.000000E+0
21-Apr-25	03:10:52	-1.000000E-5	-1.900000E-4	-9.172000E-2	-1.140400E-5	-1.200000E-7	-1.740000E-6	-2.000000E-8	0.000000E+0	0.000000E+0	1.964247E-4	2.976042E-9	0.000000E+0	0.000000E+0	1.999856E+1	0.000000E+0	8.000000E+0
21-Apr-25	03:10:53	-1.000000E-5	-1.900000E-4	-9.013500E-2	-1.131800E-5	-1.280000E-7	-1.760000E-6	-2.000000E-8	0.000000E+0	0.000000E+0	1.964247E-4	2.976042E-9	0.000000E+0	0.000000E+0	1.999856E+1	0.000000E+0	8.000000E+0
21-Apr-25	03:10:53	-1.000000E-5	-1.900000E-4	-8.854500E-2	-1.142000E-5	-4.200000E-8	-1.740000E-6	-2.000000E-8	0.000000E+0	0.000000E+0	1.964247E-4	2.976042E-9	0.000000E+0	0.000000E+0	1.999856E+1	0.000000E+0	8.000000E+0
21-Apr-25	03:10:54	-1.000000E-5	-1.900000E-4	-8.696500E-2	-1.146000E-5	-6.800000E-8	-1.740000E-6	0.000000E+0	0.000000E+0	0.000000E+0	1.964247E-4	2.976042E-9	0.000000E+0	0.000000E+0	1.999856E+1	0.000000E+0	8.000000E+0
21-Apr-25	03:10:54	-1.000000E-5	-1.900000E-4	-8.516500E-2	-1.137200E-5	-3.000000E-8	-1.740000E-6	-2.000000E-8	0.000000E+0	0.000000E+0	1.964247E-4	2.976042E-9	0.000000E+0	0.000000E+0	1.999856E+1	0.000000E+0	8.000000E+0
21-Apr-25	03:10:55	-1.000000E-5	-1.900000E-4	-8.358500E-2	-1.134800E-5	-2.600000E-8	-1.740000E-6	0.000000E+0	0.000000E+0	0.000000E+0	1.964247E-4	2.976042E-9	0.000000E+0	0.000000E+0	1.999856E+1	0.000000E+0	8.000000E+0
21-Apr-25	03:10:55	-1.000000E-5	-1.900000E-4	-8.205500E-2	-1.143000E-5	-1.000000E-7	-1.740000E-6	-2.000000E-8	0.000000E+0	0.000000E+0	1.964247E-4	2.976042E-9	0.000000E+0	0.000000E+0	1.999856E+1	0.000000E+0	8.000000E+0
21-Apr-25	03:10:56	-1.000000E-5	-1.900000E-4	-8.044000E-2	-1.145800E-5	-2.800000E-8	-1.740000E-6	-2.000000E-8	0.000000E+0	0.000000E+0	1.964247E-4	2.976042E-9	0.000000E+0	0.000000E+0	1.999856E+1	0.000000E+0	8.000000E+0
21-Apr-25	03:10:56	-1.000000E-5	-1.900000E-4	-7.883500E-2	-1.145400E-5	-1.240000E-7	-1.740000E-6	0.000000E+0	0.000000E+0	0.000000E+0	1.964247E-4	2.976042E-9	0.000000E+0	0.000000E+0	1.999856E+1	0.000000E+0	8.000000E+0
21-Apr-25	03:10:57	-1.000000E-5	-1.900000E-4	-7.727000E-2	-1.145800E-5	-7.400000E-8	-1.740000E-6	-2.000000E-8	0.000000E+0	0.000000E+0	1.964247E-4	2.976042E-9	0.000000E+0	0.000000E+0	1.999856E+1	0.000000E+0	8.000000E+0
21-Apr-25	03:10:57	-1.000000E-5	-1.900000E-4	-7.572500E-2	-1.146800E-5	-2.600000E-8	-1.740000E-6	0.000000E+0	0.000000E+0	0.000000E+0	1.964247E-4	2.976042E-9	0.000000E+0	0.000000E+0	1.999856E+1	0.000000E+0	8.000000E+0
21-Apr-25	03:10:58	-1.000000E-5	-1.900000E-4	-7.413500E-2	-1.149000E-5	-1.120000E-7	-1.740000E-6	-2.000000E-8	0.000000E+0	0.000000E+0	1.964247E-4	2.976042E-9	0.000000E+0	0.000000E+0	1.999856E+1	0.000000E+0	8.000000E+0
21-Apr-25	03:10:59	-1.000000E-5	-1.900000E-4	-7.255000E-2	-1.137400E-5	1.400000E-8	-1.740000E-6	-2.000000E-8	0.000000E+0	0.000000E+0	1.964247E-4	2.976042E-9	0.000000E+0	0.000000E+0	1.999856E+1	0.000000E+0	8.000000E+0
21-Apr-25	03:10:59	-1.000000E-5	-1.900000E-4	-7.027500E-2	-1.141400E-5	-1.200000E-7	-1.740000E-6	-2.000000E-8	0.000000E+0	0.000000E+0	1.964247E-4	2.976042E-9	0.000000E+0	0.000000E+0	1.999856E+1	0.000000E+0	8.000000E+0
21-Apr-25	03:11:00	-1.000000E-5	-1.900000E-4	-6.869000E-2	-1.138800E-5	-1.140000E-7	-1.740000E-6	-2.000000E-8	0.000000E+0	0.000000E+0	1.964247E-4	2.976042E-9	0.000000E+0	0.000000E+0	1.999856E+1	0.000000E+0	8.000000E+0
21-Apr-25	03:11:00	-1.000000E-5	-1.900000E-4	-6.711500E-2	-1.142000E-5	-1.200000E-7	-1.760000E-6	-4.000000E-8	0.000000E+0	0.000000E+0	1.964247E-4	2.976042E-9	0.000000E+0	0.000000E+0	1.999856E+1	0.000000E+0	8.000000E+0
21-Apr-25	03:11:01	-1.000000E-5	-1.900000E-4	-6.552500E-2	-1.137600E-5	-7.600000E-8	-1.760000E-6	-2.000000E-8	0.000000E+0	0.000000E+0	1.964247E-4	2.976042E-9	0.000000E+0	0.000000E+0	1.999856E+1	0.000000E+0	8.000000E+0
21-Apr-25	03:11:01	-1.000000E-5	-1.900000E-4	-6.394000E-2	-1.136800E-5	-1.300000E-7	-1.740000E-6	-2.000000E-8	0.000000E+0	0.000000E+0	1.964247E-4	2.976042E-9	0.000000E+0	0.000000E+0	1.999856E+1	0.000000E+0	8.000000E+0
21-Apr-25	03:11:02	-1.000000E-5	-1.900000E-4	-6.235500E-2	-1.144000E-5	-1.680000E-7	-1.760000E-6	-2.000000E-8	0.000000E+0	0.000000E+0	1.964247E-4	2.976042E-9	0.000000E+0	0.000000E+0	1.999856E+1	0.000000E+0	8.000000E+0
21-Apr-25	03:11:02	-1.000000E-5	-1.900000E-4	-6.076500E-2	-1.144600E-5	-1.020000E-7	-1.740000E-6	-2.000000E-8	0.000000E+0	0.000000E+0	1.964247E-4	2.976042E-9	0.000000E+0	0.000000E+0	1.999856E+1	0.000000E+0	8.000000E+0
21-Apr-25	03:11:03	-1.000000E-5	-1.900000E-4	-5.918000E-2	-1.138200E-5	-1.280000E-7	-1.740000E-6	-2.000000E-8	0.000000E+0	0.000000E+0	1.964247E-4	2.976042E-9	0.000000E+0	0.000000E+0	1.999856E+1	0.000000E+0	8.000000E+0
21-Apr-25	03:11:03	-1.000000E-5	-1.900000E-4	-5.728000E-2	-1.139600E-5	-7.200000E-8	-1.740000E-6	-2.000000E-8	0.000000E+0	0.000000E+0	1.964247E-4	2.976042E-9	0.000000E+0	0.000000E+0	1.999856E+1	0.000000E+0	8.000000E+0
21-Apr-25	03:11:04	-1.000000E-5	-1.900000E-4	-5.522000E-2	-1.142600E-5	-9.000000E-8	-1.740000E-6	-2.000000E-8	0.000000E+0	0.000000E+0	1.964247E-4	2.976042E-9	0.000000E+0	0.000000E+0	1.999856E+1	0.000000E+0	8.000000E+0
21-Apr-25	03:11:04	-1.000000E-5	-1.900000E-4	-5.379500E-2	-1.134400E-5	-1.400000E-8	-1.740000E-6	-2.000000E-8	0.000000E+0	0.000000E+0	1.964247E-4	2.976042E-9	0.000000E+0	0.000000E+0	1.999856E+1	0.000000E+0	8.000000E+0
21-Apr-25	03:11:05	-1.000000E-5	-1.900000E-4	-5.221000E-2	-1.141800E-5	-1.240000E-7	-1.760000E-6	-4.000000E-8	0.000000E+0	0.000000E+0	1.964247E-4	2.976042E-9	0.000000E+0	0.000000E+0	1.999856E+1	0.000000E+0	8.000000E+0
21-Apr-25	03:11:05	-1.000000E-5	-1.900000E-4	-5.063000E-2	-1.141600E-5	-1.640000E-7	-1.740000E-6	-2.000000E-8	0.000000E+0	0.000000E+0	1.964247E-4	2.976042E-9	0.000000E+0	0.000000E+0	1.999856E+1	0.000000E+0	8.000000E+0
21-Apr-25	03:11:06	-1.000000E-5	-1.900000E-4	-4.904500E-2	-1.141800E-5	-2.200000E-8	-1.720000E-6	-2.000000E-8	0.000000E+0	0.000000E+0	1.964247E-4	2.976042E-9	0.000000E+0	0.000000E+0	1.999856E+1	0.000000E+0	8.000000E+0
21-Apr-25	03:11:06	-1.000000E-5	-1.900000E-4	-4.713500E-2	-1.140400E-5	-1.280000E-7	-1.740000E-6	-4.000000E-8	0.000000E+0	0.000000E+0	1.964247E-4	2.976042E-9	0.000000E+0	0.000000E+0	1.999856E+1	0.000000E+0	8.000000E+0
21-Apr-25	03:11:07	-1.000000E-5	-1.900000E-4	-4.555500E-2	-1.147000E-5	-7.400000E-8	-1.740000E-6	-4.000000E-8	0.000000E+0	0.000000E+0	1.964247E-4	2.976042E-9	0.000000E+0	0.000000E+0	1.999856E+1	0.000000E+0	8.000000E+0
21-Apr-25	03:11:07	-1.000000E-5	-1.900000E-4	-4.391500E-2	-1.147800E-5	-1.520000E-7	-1.740000E-6	-2.000000E-8	0.000000E+0	0.000000E+0	1.964247E-4	2.976042E-9	0.000000E+0	0.000000E+0	1.999856E+1	0.000000E+0	8.000000E+0
21-Apr-25	03:11:08	-1.000000E-5	-1.900000E-4	-4.249500E-2	-1.154400E-5	-4.000000E-8	-1.760000E-6	-2.000000E-8	0.000000E+0	0.000000E+0	1.964247E-4	2.976042E-9	0.000000E+0	0.000000E+0	1.999856E+1	0.000000E+0	8.000000E+0
21-Apr-25	03:11:08	-1.000000E-5	-1.900000E-4	-4.107000E-2	-1.147400E-5	-2.400000E-8	-1.760000E-6	-4.000000E-8	0.000000E+0	0.000000E+0	1.964247E-4	2.976042E-9	0.000000E+0	0.000000E+0	1.999856E+1	0.000000E+0	8.000000E+0
21-Apr-25	03:11:09	-1.000000E-5	-1.900000E-4	-3.948000E-2	-1.143000E-5	-1.200000E-8	-1.740000E-6	-2.000000E-8	0.000000E+0	0.000000E+0	1.964247E-4	2.976042E-9	0.000000E+0	0.000000E+0	1.999856E+1	0.000000E+0	8.000000E+0
21-Apr-25	03:11:10	-1.000000E-5	-1.900000E-4	-3.727000E-2	-1.136800E-5	-9.000000E-8	-1.720000E-6	2.000000E-8	0.000000E+0	0.000000E+0	1.964247E-4	2.976042E-9	0.000000E+0	0.000000E+0	1.999856E+1	0.000000E+0	8.000000E+0
21-Apr-25	03:11:10	-1.000000E-5	-1.900000E-4	-3.568000E-2	-1.148200E-5	-1.280000E-7	-1.740000E-6	0.000000E+0	0.000000E+0	0.000000E+0	1.964247E-4	2.976042E-9	0.000000E+0	0.000000E+0	1.999856E+1	0.000000E+0	8.000000E+0
21-Apr-25	03:11:11	-1.000000E-5	-1.900000E-4	-3.410500E-2	-1.147200E-5	-1.240000E-7	-1.740000E-6	0.000000E+0	0.000000E+0	0.000000E+0	1.964247E-4	2.976042E-9	0.000000E+0	0.000000E+0	1.999856E+1	0.000000E+0	8.000000E+0
21-Apr-25	03:11:11	-1.000000E-5	-1.900000E-4	-3.201500E-2	-1.136600E-5	-6.200000E-8	-1.720000E-6	0.000000E+0	0.000000E+0	0.000000E+0	1.964247E-4	2.976042E-9	0.000000E+0	0.000000E+0	1.999856E+1	0.000000E+0	8.000000E+0
21-Apr-25	03:11:12	-1.000000E-5	-1.900000E-4	-3.043000E-2	-1.141800E-5	-1.160000E-7	-1.740000E-6	0.000000E+0	0.000000E+0	0.000000E+0	1.964247E-4	2.976042E-9	0.000000E+0	0.000000E+0	1.999856E+1	0.000000E+0	8.000000E+0
21-Apr-25	03:11:12	-1.000000E-5	-1.900000E-4	-2.834000E-2	-1.139600E-5	-4.000000E-8	-1.740000E-6	-4.000000E-8	0.000000E+0	0.000000E+0	1.964247E-4	2.976042E-9	0.000000E+0	0.000000E+0	1.999856E+1	0.000000E+0	8.000000E+0
21-Apr-25	03:11:13	-1.000000E-5	-1.900000E-4	-2.659500E-2	-1.145000E-5	-4.200000E-8	-1.760000E-6	-4.000000E-8	0.000000E+0	0.000000E+0	1.964247E-4	2.976042E-9	0.000000E+0	0.000000E+0	1.999856E+1	0.000000E+0	8.000000E+0
21-Apr-25	03:11:14	-1.000000E-5	-1.900000E-4	-2.501500E-2	-1.144200E-5	-3.400000E-8	-1.740000E-6	-2.000000E-8	0.000000E+0	0.000000E+0	1.964247E-4	2.976042E-9	0.000000E+0	0.000000E+0	1.999856E+1	0.000000E+0	8.000000E+0
21-Apr-25	03:11:14	-1.000000E-5	-1.900000E-4	-2.326500E-2	-1.142800E-5	-1.200000E-8	-1.720000E-6	-2.000000E-8	0.000000E+0	0.000000E+0	1.964247E-4	2.976042E-9	0.000000E+0	0.000000E+0	1.999856E+1	0.000000E+0	8.000000E+0
21-Apr-25	03:11:14	-1.000000E-5	-1.900000E-4	-2.168000E-2	-1.144800E-5	-1.600000E-8	-1.740000E-6	-2.000000E-8	0.000000E+0	0.000000E+0	1.964247E-4	2.976042E-9	0.000000E+0	0.000000E+0	1.999856E+1	0.000000E+0	8.000000E+0
21-Apr-25	03:11:15	-1.000000E-5	-1.900000E-4	-2.026000E-2	-1.144000E-5	-7.000000E-8	-1.740000E-6	0.000000E+0	0.000000E+0	0.000000E+0	1.964247E-4	2.976042E-9	0.000000E+0	0.000000E+0	1.999856E+1	0.000000E+0	8.000000E+0
21-Apr-25	03:11:15	-1.000000E-5	-1.900000E-4	-1.867000E-2	-1.140600E-5	-9.200000E-8	-1.720000E-6	-2.000000E-8	0.000000E+0	0.000000E+0	1.964247E-4	2.976042E-9	0.000000E+0	0.000000E+0	1.999856E+1	0.000000E+0	8.000000E+0
21-Apr-25	03:11:16	-1.000000E-5	-1.900000E-4	-1.709500E-2	-1.142800E-5	-9.200000E-8	-1.740000E-6	-2.000000E-8	0.000000E+0	0.000000E+0	1.964247E-4	2.976042E-9	0.000000E+0	0.000000E+0	1.999856E+1	0.000000E+0	8.000000E+0
21-Apr-25	03:11:16	-1.000000E-5	-1.900000E-4	-1.566500E-2	-1.142600E-5	-2.000000E-8	-1.760000E-6	-2.000000E-8	0.000000E+0	0.000000E+0	1.964247E-4	2.976042E-9	0.000000E+0	0.000000E+0	1.999856E+1	0.000000E+0	8.000000E+0
21-Apr-25	03:11:17	-1.000000E-5	-1.900000E-4	-1.408000E-2	-1.139600E-5	1.200000E-8	-1.740000E-6	-4.000000E-8	0.000000E+0	0.000000E+0	1.964247E-4	2.976042E-9	0.000000E+0	0.000000E+0	1.999856E+1	0.000000E+0	8.000000E+0
21-Apr-25	03:11:18	-1.000000E-5	-1.900000E-4	-1.202000E-2	-1.141400E-5	-4.200000E-8	-1.740000E-6	-2.000000E-8	0.000000E+0	0.000000E+0	1.964247E-4	2.976042E-9	0.000000E+0	0.000000E+0	1.999856E+1	0.000000E+0	8.000000E+0
21-Apr-25	03:11:18	-1.000000E-5	-1.900000E-4	-1.059000E-2	-1.139600E-5	-1.380000E-7	-1.720000E-6	-2.000000E-8	0.000000E+0	0.000000E+0	1.964247E-4	2.976042E-9	0.000000E+0	0.000000E+0	1.999856E+1	0.000000E+0	8.000000E+0
21-Apr-25	03:11:19	-1.000000E-5	-1.900000E-4	-9.015000E-3	-1.137400E-5	-1.040000E-7	-1.740000E-6	-2.000000E-8	0.000000E+0	0.000000E+0	1.964247E-4	2.976042E-9	0.000000E+0	0.000000E+0	1.999856E+1	0.000000E+0	8.000000E+0
21-Apr-25	03:11:19	-1.000000E-5	-1.900000E-4	-7.425000E-3	-1.136800E-5	-1.560000E-7	-1.740000E-6	0.000000E+0	0.000000E+0	0.000000E+0	1.964247E-4	2.976042E-9	0.000000E+0	0.000000E+0	1.999856E+1	0.000000E+0	8.000000E+0
21-Apr-25	03:11:20	-1.000000E-5	-1.900000E-4	-5.845000E-3	-1.138200E-5	-1.500000E-7	-1.740000E-6	-2.000000E-8	0.000000E+0	0.000000E+0	1.964247E-4	2.976042E-9	0.000000E+0	0.000000E+0	1.999856E+1	0.000000E+0	8.000000E+0
21-Apr-25	03:11:20	-1.000000E-5	-1.900000E-4	-3.575000E-3	-1.139200E-5	-1.280000E-7	-1.740000E-6	0.000000E+0	0.000000E+0	0.000000E+0	1.964247E-4	2.976042E-9	0.000000E+0	0.000000E+0	1.999856E+1	0.000000E+0	8.000000E+0
21-Apr-25	03:11:21	-1.000000E-5	-1.900000E-4	-1.675000E-3	-1.140000E-5	-4.000000E-9	-1.740000E-6	-2.000000E-8	0.000000E+0	0.000000E+0	1.964247E-4	2.976042E-9	0.000000E+0	0.000000E+0	1.999856E+1	0.000000E+0	8.000000E+0
21-Apr-25	03:11:21	-1.000000E-5	-1.900000E-4	-1.050000E-4	-1.140800E-5	-6.000000E-9	-1.720000E-6	-2.000000E-8	0.000000E+0	0.000000E+0	1.964247E-4	2.976042E-9	0.000000E+0	0.000000E+0	1.999856E+1	0.000000E+0	8.000000E+0
21-Apr-25	03:11:22	-1.000000E-5	-1.900000E-4	1.480000E-3	-1.146400E-5	-9.800000E-8	-1.740000E-6	-2.000000E-8	0.000000E+0	0.000000E+0	1.964247E-4	2.976042E-9	0.000000E+0	0.000000E+0	1.999856E+1	0.000000E+0	8.000000E+0
21-Apr-25	03:11:22	-1.000000E-5	-1.900000E-4	3.540000E-3	-1.153000E-5	-4.000000E-8	-1.760000E-6	0.000000E+0	0.000000E+0	0.000000E+0	1.964247E-4	2.976042E-9	0.000000E+0	0.000000E+0	1.999856E+1	0.000000E+0	8.000000E+0
21-Apr-25	03:11:23	-1.000000E-5	-1.900000E-4	5.160000E-3	-1.150800E-5	-1.040000E-7	-1.740000E-6	-2.000000E-8	0.000000E+0	0.000000E+0	1.964247E-4	2.976042E-9	0.000000E+0	0.000000E+0	1.999856E+1	0.000000E+0	8.000000E+0
21-Apr-25	03:11:24	-1.000000E-5	-1.900000E-4	6.900000E-3	-1.141800E-5	-6.400000E-8	-1.720000E-6	-4.000000E-8	0.000000E+0	0.000000E+0	1.964247E-4	2.976042E-9	0.000000E+0	0.000000E+0	1.999856E+1	0.000000E+0	8.000000E+0
21-Apr-25	03:11:24	-1.000000E-5	-1.900000E-4	9.150000E-3	-1.140800E-5	-9.200000E-8	-1.720000E-6	-2.000000E-8	0.000000E+0	0.000000E+0	1.964247E-4	2.976042E-9	0.000000E+0	0.000000E+0	1.999856E+1	0.000000E+0	8.000000E+0
21-Apr-25	03:11:25	-1.000000E-5	-1.900000E-4	1.136500E-2	-1.133800E-5	-1.540000E-7	-1.720000E-6	-2.000000E-8	0.000000E+0	0.000000E+0	1.964247E-4	2.976042E-9	0.000000E+0	0.000000E+0	1.999856E+1	0.000000E+0	8.000000E+0
21-Apr-25	03:11:26	-1.000000E-5	-1.900000E-4	1.359500E-2	-1.145200E-5	-1.420000E-7	-1.740000E-6	0.000000E+0	0.000000E+0	0.000000E+0	1.964247E-4	2.976042E-9	0.000000E+0	0.000000E+0	1.999856E+1	0.000000E+0	8.000000E+0
21-Apr-25	03:11:26	-1.000000E-5	-1.900000E-4	1.585500E-2	-1.136600E-5	-1.060000E-7	-1.740000E-6	-2.000000E-8	0.000000E+0	0.000000E+0	1.964247E-4	2.976042E-9	0.000000E+0	0.000000E+0	1.999856E+1	0.000000E+0	8.000000E+0
21-Apr-25	03:11:27	-1.000000E-5	-1.900000E-4	1.744000E-2	-1.147000E-5	3.200000E-8	-1.720000E-6	-2.000000E-8	0.000000E+0	0.000000E+0	1.964247E-4	2.976042E-9	0.000000E+0	0.000000E+0	1.999856E+1	0.000000E+0	8.000000E+0
21-Apr-25	03:11:27	-1.000000E-5	-1.900000E-4	1.902500E-2	-1.128600E-5	0.000000E+0	-1.720000E-6	-2.000000E-8	0.000000E+0	0.000000E+0	1.964247E-4	2.976042E-9	0.000000E+0	0.000000E+0	1.999856E+1	0.000000E+0	8.000000E+0
21-Apr-25	03:11:28	-1.000000E-5	-1.900000E-4	2.060500E-2	-1.138200E-5	2.400000E-8	-1.740000E-6	-2.000000E-8	0.000000E+0	0.000000E+0	1.964247E-4	2.976042E-9	0.000000E+0	0.000000E+0	1.999856E+1	0.000000E+0	8.000000E+0
21-Apr-25	03:11:28	-1.000000E-5	-1.900000E-4	2.204000E-2	-1.139000E-5	-6.400000E-8	-1.740000E-6	-2.000000E-8	0.000000E+0	0.000000E+0	1.964247E-4	2.976042E-9	0.000000E+0	0.000000E+0	1.999856E+1	0.000000E+0	8.000000E+0
21-Apr-25	03:11:29	-1.000000E-5	-1.900000E-4	2.362500E-2	-1.136200E-5	1.400000E-8	-1.720000E-6	-2.000000E-8	0.000000E+0	0.000000E+0	1.964247E-4	2.976042E-9	0.000000E+0	0.000000E+0	1.999856E+1	0.000000E+0	8.000000E+0
21-Apr-25	03:11:29	-1.000000E-5	-1.900000E-4	2.521000E-2	-1.139400E-5	-7.400000E-8	-1.720000E-6	0.000000E+0	0.000000E+0	0.000000E+0	1.964247E-4	2.976042E-9	0.000000E+0	0.000000E+0	1.999856E+1	0.000000E+0	8.000000E+0
21-Apr-25	03:11:30	-1.000000E-5	-1.900000E-4	2.679500E-2	-1.141800E-5	-9.400000E-8	-1.720000E-6	0.000000E+0	0.000000E+0	0.000000E+0	1.964247E-4	2.976042E-9	0.000000E+0	0.000000E+0	1.999856E+1	0.000000E+0	8.000000E+0
21-Apr-25	03:11:30	-1.000000E-5	-1.900000E-4	2.822000E-2	-1.136200E-5	-8.000000E-8	-1.720000E-6	-2.000000E-8	0.000000E+0	0.000000E+0	1.964247E-4	2.976042E-9	0.000000E+0	0.000000E+0	1.999856E+1	0.000000E+0	8.000000E+0
21-Apr-25	03:11:31	-1.000000E-5	-1.900000E-4	2.981000E-2	-1.133400E-5	-1.040000E-7	-1.740000E-6	0.000000E+0	0.000000E+0	0.000000E+0	1.964247E-4	2.976042E-9	0.000000E+0	0.000000E+0	1.999856E+1	0.000000E+0	8.000000E+0
21-Apr-25	03:11:32	-1.000000E-5	-1.900000E-4	3.201500E-2	-1.135600E-5	-1.540000E-7	-1.720000E-6	0.000000E+0	0.000000E+0	0.000000E+0	1.964247E-4	2.976042E-9	0.000000E+0	0.000000E+0	1.999856E+1	0.000000E+0	8.000000E+0
21-Apr-25	03:11:32	-1.000000E-5	-1.900000E-4	3.426000E-2	-1.138800E-5	-1.180000E-7	-1.720000E-6	-2.000000E-8	0.000000E+0	0.000000E+0	1.964247E-4	2.976042E-9	0.000000E+0	0.000000E+0	1.999856E+1	0.000000E+0	8.000000E+0
21-Apr-25	03:11:33	-1.000000E-5	-1.900000E-4	3.582000E-2	-1.145000E-5	-1.060000E-7	-1.720000E-6	-4.000000E-8	0.000000E+0	0.000000E+0	1.964247E-4	2.976042E-9	0.000000E+0	0.000000E+0	1.999856E+1	0.000000E+0	8.000000E+0
21-Apr-25	03:11:33	-1.000000E-5	-1.900000E-4	3.740500E-2	-1.144000E-5	-4.200000E-8	-1.720000E-6	-2.000000E-8	0.000000E+0	0.000000E+0	1.964247E-4	2.976042E-9	0.000000E+0	0.000000E+0	1.999856E+1	0.000000E+0	8.000000E+0
21-Apr-25	03:11:34	-1.000000E-5	-1.900000E-4	3.968500E-2	-1.152000E-5	-8.400000E-8	-1.740000E-6	0.000000E+0	0.000000E+0	0.000000E+0	1.964247E-4	2.976042E-9	0.000000E+0	0.000000E+0	1.999856E+1	0.000000E+0	8.000000E+0
21-Apr-25	03:11:35	-1.000000E-5	-1.900000E-4	4.221000E-2	-1.145000E-5	-3.800000E-8	-1.740000E-6	-2.000000E-8	0.000000E+0	0.000000E+0	1.964247E-4	2.976042E-9	0.000000E+0	0.000000E+0	1.999856E+1	0.000000E+0	8.000000E+0
21-Apr-25	03:11:35	-1.000000E-5	-1.900000E-4	4.430500E-2	-1.135800E-5	-2.200000E-8	-1.720000E-6	-2.000000E-8	0.000000E+0	0.000000E+0	1.964247E-4	2.976042E-9	0.000000E+0	0.000000E+0	1.999856E+1	0.000000E+0	8.000000E+0
21-Apr-25	03:11:36	-1.000000E-5	-1.900000E-4	4.606500E-2	-1.143800E-5	-1.540000E-7	-1.740000E-6	-2.000000E-8	0.000000E+0	0.000000E+0	1.964247E-4	2.976042E-9	0.000000E+0	0.000000E+0	1.999856E+1	0.000000E+0	8.000000E+0
21-Apr-25	03:11:36	-1.000000E-5	-1.900000E-4	4.765500E-2	-1.143600E-5	-1.040000E-7	-1.720000E-6	-2.000000E-8	0.000000E+0	0.000000E+0	1.964247E-4	2.976042E-9	0.000000E+0	0.000000E+0	1.999856E+1	0.000000E+0	8.000000E+0
21-Apr-25	03:11:37	-1.000000E-5	-1.900000E-4	4.987500E-2	-1.152800E-5	-1.620000E-7	-1.720000E-6	-2.000000E-8	0.000000E+0	0.000000E+0	1.964247E-4	2.976042E-9	0.000000E+0	0.000000E+0	1.999856E+1	0.000000E+0	8.000000E+0
21-Apr-25	03:11:38	-1.000000E-5	-1.900000E-4	5.161500E-2	-1.142800E-5	-1.320000E-7	-1.720000E-6	-2.000000E-8	0.000000E+0	0.000000E+0	1.964247E-4	2.976042E-9	0.000000E+0	0.000000E+0	1.999856E+1	0.000000E+0	8.000000E+0
21-Apr-25	03:11:38	-1.000000E-5	-1.900000E-4	5.304500E-2	-1.144000E-5	-1.180000E-7	-1.720000E-6	-2.000000E-8	0.000000E+0	0.000000E+0	1.964247E-4	2.976042E-9	0.000000E+0	0.000000E+0	1.999856E+1	0.000000E+0	8.000000E+0
21-Apr-25	03:11:39	-1.000000E-5	-1.900000E-4	5.462500E-2	-1.146000E-5	-1.480000E-7	-1.740000E-6	-2.000000E-8	0.000000E+0	0.000000E+0	1.964247E-4	2.976042E-9	0.000000E+0	0.000000E+0	1.999856E+1	0.000000E+0	8.000000E+0
21-Apr-25	03:11:39	-1.000000E-5	-1.900000E-4	5.621500E-2	-1.139000E-5	-1.720000E-7	-1.720000E-6	-2.000000E-8	0.000000E+0	0.000000E+0	1.964247E-4	2.976042E-9	0.000000E+0	0.000000E+0	1.999856E+1	0.000000E+0	8.000000E+0
21-Apr-25	03:11:40	-1.000000E-5	-1.900000E-4	5.795000E-2	-1.143800E-5	-2.800000E-8	-1.720000E-6	-2.000000E-8	0.000000E+0	0.000000E+0	1.964247E-4	2.976042E-9	0.000000E+0	0.000000E+0	1.999856E+1	0.000000E+0	8.000000E+0
21-Apr-25	03:11:40	-1.000000E-5	-1.900000E-4	5.954000E-2	-1.154800E-5	-4.400000E-8	-1.720000E-6	-2.000000E-8	0.000000E+0	0.000000E+0	1.964247E-4	2.976042E-9	0.000000E+0	0.000000E+0	1.999856E+1	0.000000E+0	8.000000E+0
21-Apr-25	03:11:41	-1.000000E-5	-1.900000E-4	6.112500E-2	-1.139800E-5	-1.220000E-7	-1.720000E-6	-2.000000E-8	0.000000E+0	0.000000E+0	1.964247E-4	2.976042E-9	0.000000E+0	0.000000E+0	1.999856E+1	0.000000E+0	8.000000E+0
21-Apr-25	03:11:41	-1.000000E-5	-1.900000E-4	6.273500E-2	-1.139200E-5	-1.100000E-7	-1.720000E-6	0.000000E+0	0.000000E+0	0.000000E+0	1.964247E-4	2.976042E-9	0.000000E+0	0.000000E+0	1.999856E+1	0.000000E+0	8.000000E+0
21-Apr-25	03:11:42	-1.000000E-5	-1.900000E-4	6.429500E-2	-1.140000E-5	-8.800000E-8	-1.720000E-6	0.000000E+0	0.000000E+0	0.000000E+0	1.964247E-4	2.976042E-9	0.000000E+0	0.000000E+0	1.999856E+1	0.000000E+0	8.000000E+0
21-Apr-25	03:11:42	-1.000000E-5	-1.900000E-4	6.571000E-2	-1.138200E-5	-2.200000E-8	-1.720000E-6	-2.000000E-8	0.000000E+0	0.000000E+0	1.964247E-4	2.976042E-9	0.000000E+0	0.000000E+0	1.999856E+1	0.000000E+0	8.000000E+0
21-Apr-25	03:11:43	-1.000000E-5	-1.900000E-4	6.732500E-2	-1.145600E-5	-7.200000E-8	-1.720000E-6	-2.000000E-8	0.000000E+0	0.000000E+0	1.964247E-4	2.976042E-9	0.000000E+0	0.000000E+0	1.999856E+1	0.000000E+0	8.000000E+0
21-Apr-25	03:11:43	-1.000000E-5	-1.900000E-4	6.893500E-2	-1.142400E-5	1.600000E-8	-1.740000E-6	0.000000E+0	0.000000E+0	0.000000E+0	1.964247E-4	2.976042E-9	0.000000E+0	0.000000E+0	1.999856E+1	0.000000E+0	8.000000E+0
21-Apr-25	03:11:44	-1.000000E-5	-1.900000E-4	7.068500E-2	-1.140200E-5	-4.200000E-8	-1.720000E-6	-2.000000E-8	0.000000E+0	0.000000E+0	1.964247E-4	2.976042E-9	0.000000E+0	0.000000E+0	1.999856E+1	0.000000E+0	8.000000E+0
21-Apr-25	03:11:44	-1.000000E-5	-1.900000E-4	7.227000E-2	-1.145000E-5	-3.400000E-8	-1.720000E-6	-4.000000E-8	0.000000E+0	0.000000E+0	1.964247E-4	2.976042E-9	0.000000E+0	0.000000E+0	1.999856E+1	0.000000E+0	8.000000E+0
21-Apr-25	03:11:45	-1.000000E-5	-1.900000E-4	7.385500E-2	-1.141200E-5	3.000000E-8	-1.720000E-6	-2.000000E-8	0.000000E+0	0.000000E+0	1.964247E-4	2.976042E-9	0.000000E+0	0.000000E+0	1.999856E+1	0.000000E+0	8.000000E+0
21-Apr-25	03:11:45	-1.000000E-5	-1.900000E-4	7.576000E-2	-1.140000E-5	-1.080000E-7	-1.720000E-6	-2.000000E-8	0.000000E+0	0.000000E+0	1.964247E-4	2.976042E-9	0.000000E+0	0.000000E+0	1.999856E+1	0.000000E+0	8.000000E+0
21-Apr-25	03:11:46	-1.000000E-5	-1.900000E-4	7.750000E-2	-1.146000E-5	-2.200000E-8	-1.720000E-6	0.000000E+0	0.000000E+0	0.000000E+0	1.964247E-4	2.976042E-9	0.000000E+0	0.000000E+0	1.999856E+1	0.000000E+0	8.000000E+0
21-Apr-25	03:11:47	-1.000000E-5	-1.900000E-4	8.009000E-2	-1.145200E-5	-3.800000E-8	-1.720000E-6	0.000000E+0	0.000000E+0	0.000000E+0	1.964247E-4	2.976042E-9	0.000000E+0	0.000000E+0	1.999856E+1	0.000000E+0	8.000000E+0
21-Apr-25	03:11:47	-1.000000E-5	-1.900000E-4	8.199000E-2	-1.145800E-5	-6.000000E-8	-1.740000E-6	0.000000E+0	0.000000E+0	0.000000E+0	1.964247E-4	2.976042E-9	0.000000E+0	0.000000E+0	1.999856E+1	0.000000E+0	8.000000E+0
21-Apr-25	03:11:48	-1.000000E-5	-1.900000E-4	8.357000E-2	-1.139000E-5	-1.120000E-7	-1.740000E-6	-2.000000E-8	0.000000E+0	0.000000E+0	1.964247E-4	2.976042E-9	0.000000E+0	0.000000E+0	1.999856E+1	0.000000E+0	8.000000E+0
21-Apr-25	03:11:48	-1.000000E-5	-1.900000E-4	8.516000E-2	-1.139600E-5	-5.800000E-8	-1.720000E-6	-2.000000E-8	0.000000E+0	0.000000E+0	1.964247E-4	2.976042E-9	0.000000E+0	0.000000E+0	1.999856E+1	0.000000E+0	8.000000E+0
21-Apr-25	03:11:49	-1.000000E-5	-1.900000E-4	8.674000E-2	-1.143000E-5	-8.000000E-8	-1.720000E-6	0.000000E+0	0.000000E+0	0.000000E+0	1.964247E-4	2.976042E-9	0.000000E+0	0.000000E+0	1.999856E+1	0.000000E+0	8.000000E+0
21-Apr-25	03:11:49	-1.000000E-5	-1.900000E-4	8.880000E-2	-1.152400E-5	-1.180000E-7	-1.720000E-6	-2.000000E-8	0.000000E+0	0.000000E+0	1.964247E-4	2.976042E-9	0.000000E+0	0.000000E+0	1.999856E+1	0.000000E+0	8.000000E+0
21-Apr-25	03:11:50	-1.000000E-5	-1.900000E-4	9.038500E-2	-1.135400E-5	-8.600000E-8	-1.740000E-6	-2.000000E-8	0.000000E+0	0.000000E+0	1.964247E-4	2.976042E-9	0.000000E+0	0.000000E+0	1.999856E+1	0.000000E+0	8.000000E+0
21-Apr-25	03:11:51	-1.000000E-5	-1.900000E-4	9.279000E-2	-1.141200E-5	-1.500000E-7	-1.720000E-6	-2.000000E-8	0.000000E+0	0.000000E+0	1.964247E-4	2.976042E-9	0.000000E+0	0.000000E+0	1.999856E+1	0.000000E+0	8.000000E+0
21-Apr-25	03:11:51	-1.000000E-5	-1.900000E-4	9.472000E-2	-1.144000E-5	-1.100000E-7	-1.740000E-6	-4.000000E-8	0.000000E+0	0.000000E+0	1.964247E-4	2.976042E-9	0.000000E+0	0.000000E+0	1.999856E+1	0.000000E+0	8.000000E+0
21-Apr-25	03:11:52	-1.000000E-5	-1.900000E-4	9.630000E-2	-1.135600E-5	-6.400000E-8	-1.760000E-6	0.000000E+0	0.000000E+0	0.000000E+0	1.964247E-4	2.976042E-9	0.000000E+0	0.000000E+0	1.999856E+1	0.000000E+0	8.000000E+0
21-Apr-25	03:11:52	-1.000000E-5	-1.900000E-4	9.788500E-2	-1.139600E-5	-1.560000E-7	-1.720000E-6	-4.000000E-8	0.000000E+0	0.000000E+0	1.964247E-4	2.976042E-9	0.000000E+0	0.000000E+0	1.999856E+1	0.000000E+0	8.000000E+0
21-Apr-25	03:11:53	-1.000000E-5	-1.900000E-4	9.946500E-2	-1.142400E-5	-1.220000E-7	-1.720000E-6	-4.000000E-8	0.000000E+0	0.000000E+0	1.964247E-4	2.976042E-9	0.000000E+0	0.000000E+0	1.999856E+1	0.000000E+0	8.000000E+0
21-Apr-25	03:11:53	-1.000000E-5	-1.900000E-4	1.010250E-1	-1.144800E-5	-1.500000E-7	-1.720000E-6	-2.000000E-8	0.000000E+0	0.000000E+0	1.964247E-4	2.976042E-9	0.000000E+0	0.000000E+0	1.999856E+1	0.000000E+0	8.000000E+0
21-Apr-25	03:11:54	-1.000000E-5	-1.900000E-4	1.032450E-1	-1.141400E-5	4.000000E-9	-1.720000E-6	0.000000E+0	0.000000E+0	0.000000E+0	1.964247E-4	2.976042E-9	0.000000E+0	0.000000E+0	1.999856E+1	0.000000E+0	8.000000E+0
21-Apr-25	03:11:55	-1.000000E-5	-1.900000E-4	1.051800E-1	-1.135400E-5	7.000000E-8	-1.720000E-6	-2.000000E-8	0.000000E+0	0.000000E+0	1.964247E-4	2.976042E-9	0.000000E+0	0.000000E+0	1.999856E+1	0.000000E+0	8.000000E+0
21-Apr-25	03:11:55	-1.000000E-5	-1.900000E-4	1.067550E-1	-1.137400E-5	-2.400000E-8	-1.720000E-6	-2.000000E-8	0.000000E+0	0.000000E+0	1.964247E-4	2.976042E-9	0.000000E+0	0.000000E+0	1.999856E+1	0.000000E+0	8.000000E+0
21-Apr-25	03:11:56	-1.000000E-5	-1.900000E-4	1.083400E-1	-1.141000E-5	-1.600000E-8	-1.740000E-6	-2.000000E-8	0.000000E+0	0.000000E+0	1.964247E-4	2.976042E-9	0.000000E+0	0.000000E+0	1.999856E+1	0.000000E+0	8.000000E+0
21-Apr-25	03:11:56	-1.000000E-5	-1.900000E-4	1.099300E-1	-1.139800E-5	-8.600000E-8	-1.740000E-6	0.000000E+0	0.000000E+0	0.000000E+0	1.964247E-4	2.976042E-9	0.000000E+0	0.000000E+0	1.999856E+1	0.000000E+0	8.000000E+0
21-Apr-25	03:11:57	-1.000000E-5	-1.900000E-4	1.115150E-1	-1.133200E-5	-1.240000E-7	-1.720000E-6	0.000000E+0	0.000000E+0	0.000000E+0	1.964247E-4	2.976042E-9	0.000000E+0	0.000000E+0	1.999856E+1	0.000000E+0	8.000000E+0
21-Apr-25	03:11:57	-1.000000E-5	-1.900000E-4	1.130950E-1	-1.131200E-5	6.000000E-8	-1.720000E-6	0.000000E+0	0.000000E+0	0.000000E+0	1.964247E-4	2.976042E-9	0.000000E+0	0.000000E+0	1.999856E+1	0.000000E+0	8.000000E+0
21-Apr-25	03:11:58	-1.000000E-5	-1.900000E-4	1.145250E-1	-1.134400E-5	-6.600000E-8	-1.720000E-6	-2.000000E-8	0.000000E+0	0.000000E+0	1.964247E-4	2.976042E-9	0.000000E+0	0.000000E+0	1.999856E+1	0.000000E+0	8.000000E+0
21-Apr-25	03:11:58	-1.000000E-5	-1.900000E-4	1.159400E-1	-1.150200E-5	-6.200000E-8	-1.720000E-6	0.000000E+0	0.000000E+0	0.000000E+0	1.964247E-4	2.976042E-9	0.000000E+0	0.000000E+0	1.999856E+1	0.000000E+0	8.000000E+0
21-Apr-25	03:11:59	-1.000000E-5	-1.900000E-4	1.175350E-1	-1.140800E-5	-9.200000E-8	-1.720000E-6	-2.000000E-8	0.000000E+0	0.000000E+0	1.964247E-4	2.976042E-9	0.000000E+0	0.000000E+0	1.999856E+1	0.000000E+0	8.000000E+0
21-Apr-25	03:11:59	-1.000000E-5	-1.900000E-4	1.191150E-1	-1.140200E-5	-9.000000E-8	-1.720000E-6	-2.000000E-8	0.000000E+0	0.000000E+0	1.964247E-4	2.976042E-9	0.000000E+0	0.000000E+0	1.999856E+1	0.000000E+0	8.000000E+0
21-Apr-25	03:12:00	-1.000000E-5	-1.900000E-4	1.207000E-1	-1.145000E-5	-9.200000E-8	-1.760000E-6	0.000000E+0	0.000000E+0	0.000000E+0	1.964247E-4	2.976042E-9	0.000000E+0	0.000000E+0	1.999856E+1	0.000000E+0	8.000000E+0
21-Apr-25	03:12:00	-1.000000E-5	-1.900000E-4	1.222850E-1	-1.139800E-5	-8.200000E-8	-1.740000E-6	-2.000000E-8	0.000000E+0	0.000000E+0	1.964247E-4	2.976042E-9	0.000000E+0	0.000000E+0	1.999856E+1	0.000000E+0	8.000000E+0
21-Apr-25	03:12:01	-1.000000E-5	-1.900000E-4	1.238700E-1	-1.135200E-5	-1.340000E-7	-1.740000E-6	-2.000000E-8	0.000000E+0	0.000000E+0	1.964247E-4	2.976042E-9	0.000000E+0	0.000000E+0	1.999856E+1	0.000000E+0	8.000000E+0
21-Apr-25	03:12:01	-1.000000E-5	-1.900000E-4	1.254500E-1	-1.138600E-5	-8.600000E-8	-1.720000E-6	-4.000000E-8	0.000000E+0	0.000000E+0	1.964247E-4	2.976042E-9	0.000000E+0	0.000000E+0	1.999856E+1	0.000000E+0	8.000000E+0
21-Apr-25	03:12:02	-1.000000E-5	-1.900000E-4	1.270350E-1	-1.146200E-5	-8.000000E-9	-1.700000E-6	-4.000000E-8	0.000000E+0	0.000000E+0	1.964247E-4	2.976042E-9	0.000000E+0	0.000000E+0	1.999856E+1	0.000000E+0	8.000000E+0
21-Apr-25	03:12:02	-1.000000E-5	-1.900000E-4	1.286150E-1	-1.136200E-5	4.000000E-8	-1.720000E-6	-2.000000E-8	0.000000E+0	0.000000E+0	1.964247E-4	2.976042E-9	0.000000E+0	0.000000E+0	1.999856E+1	0.000000E+0	8.000000E+0
21-Apr-25	03:12:03	-1.000000E-5	-1.900000E-4	1.307050E-1	-1.137800E-5	-4.200000E-8	-1.740000E-6	0.000000E+0	0.000000E+0	0.000000E+0	1.964247E-4	2.976042E-9	0.000000E+0	0.000000E+0	1.999856E+1	0.000000E+0	8.000000E+0
21-Apr-25	03:12:03	-1.000000E-5	-1.900000E-4	1.322850E-1	-1.132600E-5	-9.400000E-8	-1.720000E-6	0.000000E+0	0.000000E+0	0.000000E+0	1.964247E-4	2.976042E-9	0.000000E+0	0.000000E+0	1.999856E+1	0.000000E+0	8.000000E+0
21-Apr-25	03:12:04	-1.000000E-5	-1.900000E-4	1.338950E-1	-1.139000E-5	-8.800000E-8	-1.720000E-6	-2.000000E-8	0.000000E+0	0.000000E+0	1.964247E-4	2.976042E-9	0.000000E+0	0.000000E+0	1.999856E+1	0.000000E+0	8.000000E+0
21-Apr-25	03:12:04	-1.000000E-5	-1.900000E-4	1.361150E-1	-1.135600E-5	-7.600000E-8	-1.740000E-6	-2.000000E-8	0.000000E+0	0.000000E+0	1.964247E-4	2.976042E-9	0.000000E+0	0.000000E+0	1.999856E+1	0.000000E+0	8.000000E+0
21-Apr-25	03:12:05	-1.000000E-5	-1.900000E-4	1.378650E-1	-1.137200E-5	-1.080000E-7	-1.740000E-6	-2.000000E-8	0.000000E+0	0.000000E+0	1.964247E-4	2.976042E-9	0.000000E+0	0.000000E+0	1.999856E+1	0.000000E+0	8.000000E+0
21-Apr-25	03:12:05	-1.000000E-5	-1.900000E-4	1.394500E-1	-1.143800E-5	-1.840000E-7	-1.720000E-6	-2.000000E-8	0.000000E+0	0.000000E+0	1.964247E-4	2.976042E-9	0.000000E+0	0.000000E+0	1.999856E+1	0.000000E+0	8.000000E+0
21-Apr-25	03:12:06	-1.000000E-5	-1.900000E-4	1.410300E-1	-1.149400E-5	0.000000E+0	-1.720000E-6	-2.000000E-8	0.000000E+0	0.000000E+0	1.964247E-4	2.976042E-9	0.000000E+0	0.000000E+0	1.999856E+1	0.000000E+0	8.000000E+0
21-Apr-25	03:12:07	-1.000000E-5	-1.900000E-4	1.433050E-1	-1.142400E-5	-5.400000E-8	-1.720000E-6	-2.000000E-8	0.000000E+0	0.000000E+0	1.964247E-4	2.976042E-9	0.000000E+0	0.000000E+0	1.999856E+1	0.000000E+0	8.000000E+0
21-Apr-25	03:12:07	-1.000000E-5	-1.900000E-4	1.448900E-1	-1.137800E-5	-6.600000E-8	-1.720000E-6	0.000000E+0	0.000000E+0	0.000000E+0	1.964247E-4	2.976042E-9	0.000000E+0	0.000000E+0	1.999856E+1	0.000000E+0	8.000000E+0
21-Apr-25	03:12:08	-1.000000E-5	-1.900000E-4	1.464750E-1	-1.141200E-5	-5.600000E-8	-1.720000E-6	-2.000000E-8	0.000000E+0	0.000000E+0	1.964247E-4	2.976042E-9	0.000000E+0	0.000000E+0	1.999856E+1	0.000000E+0	8.000000E+0
21-Apr-25	03:12:08	-1.000000E-5	-1.900000E-4	1.480550E-1	-1.138000E-5	-5.000000E-8	-1.720000E-6	-2.000000E-8	0.000000E+0	0.000000E+0	1.964247E-4	2.976042E-9	0.000000E+0	0.000000E+0	1.999856E+1	0.000000E+0	8.000000E+0
21-Apr-25	03:12:09	-1.000000E-5	-1.900000E-4	1.496400E-1	-1.137200E-5	-9.200000E-8	-1.720000E-6	-4.000000E-8	0.000000E+0	0.000000E+0	1.964247E-4	2.976042E-9	0.000000E+0	0.000000E+0	1.999856E+1	0.000000E+0	8.000000E+0
21-Apr-25	03:12:09	-1.000000E-5	-1.900000E-4	1.512250E-1	-1.136000E-5	-7.800000E-8	-1.720000E-6	-2.000000E-8	0.000000E+0	0.000000E+0	1.964247E-4	2.976042E-9	0.000000E+0	0.000000E+0	1.999856E+1	0.000000E+0	8.000000E+0
21-Apr-25	03:12:10	-1.000000E-5	-1.900000E-4	1.529700E-1	-1.141400E-5	-9.800000E-8	-1.720000E-6	-4.000000E-8	0.000000E+0	0.000000E+0	1.964247E-4	2.976042E-9	0.000000E+0	0.000000E+0	1.999856E+1	0.000000E+0	8.000000E+0
21-Apr-25	03:12:10	-1.000000E-5	-1.900000E-4	1.545500E-1	-1.139200E-5	-9.400000E-8	-1.720000E-6	-2.000000E-8	0.000000E+0	0.000000E+0	1.964247E-4	2.976042E-9	0.000000E+0	0.000000E+0	1.999856E+1	0.000000E+0	8.000000E+0
21-Apr-25	03:12:11	-1.000000E-5	-1.900000E-4	1.561450E-1	-1.138400E-5	-4.600000E-8	-1.720000E-6	0.000000E+0	0.000000E+0	0.000000E+0	1.964247E-4	2.976042E-9	0.000000E+0	0.000000E+0	1.999856E+1	0.000000E+0	8.000000E+0
21-Apr-25	03:12:11	-1.000000E-5	-1.900000E-4	1.577200E-1	-1.132200E-5	-9.400000E-8	-1.720000E-6	-2.000000E-8	0.000000E+0	0.000000E+0	1.964247E-4	2.976042E-9	0.000000E+0	0.000000E+0	1.999856E+1	0.000000E+0	8.000000E+0
21-Apr-25	03:12:12	-1.000000E-5	-1.900000E-4	1.596250E-1	-1.136800E-5	-1.740000E-7	-1.720000E-6	0.000000E+0	0.000000E+0	0.000000E+0	1.964247E-4	2.976042E-9	0.000000E+0	0.000000E+0	1.999856E+1	0.000000E+0	8.000000E+0
21-Apr-25	03:12:12	-1.000000E-5	-1.900000E-4	1.612150E-1	-1.138000E-5	-1.360000E-7	-1.720000E-6	-2.000000E-8	0.000000E+0	0.000000E+0	1.964247E-4	2.976042E-9	0.000000E+0	0.000000E+0	1.999856E+1	0.000000E+0	8.000000E+0
21-Apr-25	03:12:13	-1.000000E-5	-1.900000E-4	1.628250E-1	-1.139400E-5	-6.000000E-8	-1.720000E-6	-2.000000E-8	0.000000E+0	0.000000E+0	1.964247E-4	2.976042E-9	0.000000E+0	0.000000E+0	1.999856E+1	0.000000E+0	8.000000E+0
21-Apr-25	03:12:13	-1.000000E-5	-1.900000E-4	1.647500E-1	-1.141800E-5	2.000000E-9	-1.740000E-6	-2.000000E-8	0.000000E+0	0.000000E+0	1.964247E-4	2.976042E-9	0.000000E+0	0.000000E+0	1.999856E+1	0.000000E+0	8.000000E+0
21-Apr-25	03:12:14	-1.000000E-5	-1.900000E-4	1.663250E-1	-1.138600E-5	-1.200000E-8	-1.740000E-6	-2.000000E-8	0.000000E+0	0.000000E+0	1.964247E-4	2.976042E-9	0.000000E+0	0.000000E+0	1.999856E+1	0.000000E+0	8.000000E+0
21-Apr-25	03:12:14	-1.000000E-5	-1.900000E-4	1.677550E-1	-1.142600E-5	-6.000000E-9	-1.740000E-6	-2.000000E-8	0.000000E+0	0.000000E+0	1.964247E-4	2.976042E-9	0.000000E+0	0.000000E+0	1.999856E+1	0.000000E+0	8.000000E+0
21-Apr-25	03:12:15	-1.000000E-5	-1.900000E-4	1.693450E-1	-1.141400E-5	-7.200000E-8	-1.760000E-6	0.000000E+0	0.000000E+0	0.000000E+0	1.964247E-4	2.976042E-9	0.000000E+0	0.000000E+0	1.999856E+1	0.000000E+0	8.000000E+0
21-Apr-25	03:12:15	-1.000000E-5	-1.900000E-4	1.709250E-1	-1.134400E-5	-1.260000E-7	-1.720000E-6	-2.000000E-8	0.000000E+0	0.000000E+0	1.964247E-4	2.976042E-9	0.000000E+0	0.000000E+0	1.999856E+1	0.000000E+0	8.000000E+0
21-Apr-25	03:12:16	-1.000000E-5	-1.900000E-4	1.725150E-1	-1.128200E-5	1.800000E-8	-1.740000E-6	-4.000000E-8	0.000000E+0	0.000000E+0	1.964247E-4	2.976042E-9	0.000000E+0	0.000000E+0	1.999856E+1	0.000000E+0	8.000000E+0
21-Apr-25	03:12:16	-1.000000E-5	-1.900000E-4	1.740950E-1	-1.133000E-5	-1.160000E-7	-1.740000E-6	-4.000000E-8	0.000000E+0	0.000000E+0	1.964247E-4	2.976042E-9	0.000000E+0	0.000000E+0	1.999856E+1	0.000000E+0	8.000000E+0
21-Apr-25	03:12:17	-1.000000E-5	-1.900000E-4	1.756850E-1	-1.143800E-5	-1.120000E-7	-1.720000E-6	-2.000000E-8	0.000000E+0	0.000000E+0	1.964247E-4	2.976042E-9	0.000000E+0	0.000000E+0	1.999856E+1	0.000000E+0	8.000000E+0
21-Apr-25	03:12:17	-1.000000E-5	-1.900000E-4	1.775900E-1	-1.140000E-5	-7.800000E-8	-1.720000E-6	-2.000000E-8	0.000000E+0	0.000000E+0	1.964247E-4	2.976042E-9	0.000000E+0	0.000000E+0	1.999856E+1	0.000000E+0	8.000000E+0
21-Apr-25	03:12:18	-1.000000E-5	-1.900000E-4	1.791650E-1	-1.146000E-5	-3.000000E-8	-1.720000E-6	-2.000000E-8	0.000000E+0	0.000000E+0	1.964247E-4	2.976042E-9	0.000000E+0	0.000000E+0	1.999856E+1	0.000000E+0	8.000000E+0
21-Apr-25	03:12:19	-1.000000E-5	-1.900000E-4	1.812300E-1	-1.140400E-5	-1.440000E-7	-1.740000E-6	-2.000000E-8	0.000000E+0	0.000000E+0	1.964247E-4	2.976042E-9	0.000000E+0	0.000000E+0	1.999856E+1	0.000000E+0	8.000000E+0
21-Apr-25	03:12:19	-1.000000E-5	-1.900000E-4	1.828100E-1	-1.131800E-5	-8.000000E-8	-1.720000E-6	-2.000000E-8	0.000000E+0	0.000000E+0	1.964247E-4	2.976042E-9	0.000000E+0	0.000000E+0	1.999856E+1	0.000000E+0	8.000000E+0
21-Apr-25	03:12:20	-1.000000E-5	-1.900000E-4	1.842400E-1	-1.131800E-5	-1.340000E-7	-1.720000E-6	-2.000000E-8	0.000000E+0	0.000000E+0	1.964247E-4	2.976042E-9	0.000000E+0	0.000000E+0	1.999856E+1	0.000000E+0	8.000000E+0
21-Apr-25	03:12:20	-1.000000E-5	-1.900000E-4	1.858200E-1	-1.141200E-5	-1.140000E-7	-1.720000E-6	-2.000000E-8	0.000000E+0	0.000000E+0	1.964247E-4	2.976042E-9	0.000000E+0	0.000000E+0	1.999856E+1	0.000000E+0	8.000000E+0
21-Apr-25	03:12:21	-1.000000E-5	-1.900000E-4	1.874100E-1	-1.135400E-5	-2.200000E-8	-1.720000E-6	-2.000000E-8	0.000000E+0	0.000000E+0	1.964247E-4	2.976042E-9	0.000000E+0	0.000000E+0	1.999856E+1	0.000000E+0	8.000000E+0
21-Apr-25	03:12:21	-1.000000E-5	-1.900000E-4	1.889950E-1	-1.133400E-5	4.000000E-8	-1.720000E-6	-4.000000E-8	0.000000E+0	0.000000E+0	1.964247E-4	2.976042E-9	0.000000E+0	0.000000E+0	1.999856E+1	0.000000E+0	8.000000E+0
21-Apr-25	03:12:22	-1.000000E-5	-1.900000E-4	1.907850E-1	-1.132200E-5	-3.000000E-8	-1.720000E-6	-2.000000E-8	0.000000E+0	0.000000E+0	1.964247E-4	2.976042E-9	0.000000E+0	0.000000E+0	1.999856E+1	0.000000E+0	8.000000E+0
21-Apr-25	03:12:22	-1.000000E-5	-1.900000E-4	1.923450E-1	-1.134800E-5	-5.200000E-8	-1.720000E-6	-2.000000E-8	0.000000E+0	0.000000E+0	1.964247E-4	2.976042E-9	0.000000E+0	0.000000E+0	1.999856E+1	0.000000E+0	8.000000E+0
21-Apr-25	03:12:23	-1.000000E-5	-1.900000E-4	1.939050E-1	-1.136400E-5	-4.000000E-9	-1.720000E-6	-2.000000E-8	0.000000E+0	0.000000E+0	1.964247E-4	2.976042E-9	0.000000E+0	0.000000E+0	1.999856E+1	0.000000E+0	8.000000E+0
21-Apr-25	03:12:23	-1.000000E-5	-1.900000E-4	1.954850E-1	-1.137000E-5	-2.800000E-8	-1.720000E-6	0.000000E+0	0.000000E+0	0.000000E+0	1.964247E-4	2.976042E-9	0.000000E+0	0.000000E+0	1.999856E+1	0.000000E+0	8.000000E+0
21-Apr-25	03:12:24	-1.000000E-5	-1.900000E-4	1.970950E-1	-1.143600E-5	-2.200000E-8	-1.720000E-6	-2.000000E-8	0.000000E+0	0.000000E+0	1.964247E-4	2.976042E-9	0.000000E+0	0.000000E+0	1.999856E+1	0.000000E+0	8.000000E+0
21-Apr-25	03:12:24	-1.000000E-5	-1.900000E-4	1.988650E-1	-1.135600E-5	-2.600000E-8	-1.720000E-6	-2.000000E-8	0.000000E+0	0.000000E+0	1.964247E-4	2.976042E-9	0.000000E+0	0.000000E+0	1.999856E+1	0.000000E+0	8.000000E+0
21-Apr-25	03:12:25	-1.000000E-5	-1.900000E-4	2.006050E-1	-1.132600E-5	-4.200000E-8	-1.720000E-6	-2.000000E-8	0.000000E+0	0.000000E+0	1.964247E-4	2.976042E-9	0.000000E+0	0.000000E+0	1.999856E+1	0.000000E+0	8.000000E+0
21-Apr-25	03:12:25	-1.000000E-5	-1.900000E-4	2.021950E-1	-1.134400E-5	-1.520000E-7	-1.720000E-6	-2.000000E-8	0.000000E+0	0.000000E+0	1.964247E-4	2.976042E-9	0.000000E+0	0.000000E+0	1.999856E+1	0.000000E+0	8.000000E+0
21-Apr-25	03:12:26	-1.000000E-5	-1.900000E-4	2.045750E-1	-1.129600E-5	-9.600000E-8	-1.720000E-6	0.000000E+0	0.000000E+0	0.000000E+0	1.964247E-4	2.976042E-9	0.000000E+0	0.000000E+0	1.999856E+1	0.000000E+0	8.000000E+0
21-Apr-25	03:12:27	-1.000000E-5	-1.900000E-4	2.064800E-1	-1.135600E-5	-1.680000E-7	-1.720000E-6	-2.000000E-8	0.000000E+0	0.000000E+0	1.964247E-4	2.976042E-9	0.000000E+0	0.000000E+0	1.999856E+1	0.000000E+0	8.000000E+0
21-Apr-25	03:12:27	-1.000000E-5	-1.900000E-4	2.080600E-1	-1.140800E-5	-1.180000E-7	-1.720000E-6	-2.000000E-8	0.000000E+0	0.000000E+0	1.964247E-4	2.976042E-9	0.000000E+0	0.000000E+0	1.999856E+1	0.000000E+0	8.000000E+0
21-Apr-25	03:12:28	-1.000000E-5	-1.900000E-4	2.096450E-1	-1.136600E-5	-7.800000E-8	-1.720000E-6	-2.000000E-8	0.000000E+0	0.000000E+0	1.964247E-4	2.976042E-9	0.000000E+0	0.000000E+0	1.999856E+1	0.000000E+0	8.000000E+0
21-Apr-25	03:12:28	-1.000000E-5	-1.900000E-4	2.110700E-1	-1.134600E-5	-6.800000E-8	-1.720000E-6	-2.000000E-8	0.000000E+0	0.000000E+0	1.964247E-4	2.976042E-9	0.000000E+0	0.000000E+0	1.999856E+1	0.000000E+0	8.000000E+0
21-Apr-25	03:12:29	-1.000000E-5	-1.900000E-4	2.126550E-1	-1.130800E-5	-1.800000E-8	-1.720000E-6	-2.000000E-8	0.000000E+0	0.000000E+0	1.964247E-4	2.976042E-9	0.000000E+0	0.000000E+0	1.999856E+1	0.000000E+0	8.000000E+0
21-Apr-25	03:12:29	-1.000000E-5	-1.900000E-4	2.147650E-1	-1.140800E-5	-1.200000E-7	-1.720000E-6	-2.000000E-8	0.000000E+0	0.000000E+0	1.964247E-4	2.976042E-9	0.000000E+0	0.000000E+0	1.999856E+1	0.000000E+0	8.000000E+0
21-Apr-25	03:12:30	-1.000000E-5	-1.900000E-4	2.163500E-1	-1.135600E-5	-6.400000E-8	-1.700000E-6	-2.000000E-8	0.000000E+0	0.000000E+0	1.964247E-4	2.976042E-9	0.000000E+0	0.000000E+0	1.999856E+1	0.000000E+0	8.000000E+0
21-Apr-25	03:12:30	-1.000000E-5	-1.900000E-4	2.180900E-1	-1.145000E-5	-1.040000E-7	-1.720000E-6	0.000000E+0	0.000000E+0	0.000000E+0	1.964247E-4	2.976042E-9	0.000000E+0	0.000000E+0	1.999856E+1	0.000000E+0	8.000000E+0
21-Apr-25	03:12:31	-1.000000E-5	-1.900000E-4	2.198350E-1	-1.140200E-5	-1.060000E-7	-1.720000E-6	-2.000000E-8	0.000000E+0	0.000000E+0	1.964247E-4	2.976042E-9	0.000000E+0	0.000000E+0	1.999856E+1	0.000000E+0	8.000000E+0
21-Apr-25	03:12:31	-1.000000E-5	-1.900000E-4	2.214200E-1	-1.144600E-5	-3.800000E-8	-1.720000E-6	-4.000000E-8	0.000000E+0	0.000000E+0	1.964247E-4	2.976042E-9	0.000000E+0	0.000000E+0	1.999856E+1	0.000000E+0	8.000000E+0
21-Apr-25	03:12:32	-1.000000E-5	-1.900000E-4	2.236400E-1	-1.134600E-5	-7.400000E-8	-1.720000E-6	-2.000000E-8	0.000000E+0	0.000000E+0	1.964247E-4	2.976042E-9	0.000000E+0	0.000000E+0	1.999856E+1	0.000000E+0	8.000000E+0
21-Apr-25	03:12:33	-1.000000E-5	-1.900000E-4	2.252250E-1	-1.142600E-5	-4.400000E-8	-1.720000E-6	-2.000000E-8	0.000000E+0	0.000000E+0	1.964247E-4	2.976042E-9	0.000000E+0	0.000000E+0	1.999856E+1	0.000000E+0	8.000000E+0
21-Apr-25	03:12:33	-1.000000E-5	-1.900000E-4	2.268150E-1	-1.131600E-5	-1.140000E-7	-1.700000E-6	-2.000000E-8	0.000000E+0	0.000000E+0	1.964247E-4	2.976042E-9	0.000000E+0	0.000000E+0	1.999856E+1	0.000000E+0	8.000000E+0
21-Apr-25	03:12:34	-1.000000E-5	-1.900000E-4	2.283900E-1	-1.132800E-5	-8.600000E-8	-1.720000E-6	0.000000E+0	0.000000E+0	0.000000E+0	1.964247E-4	2.976042E-9	0.000000E+0	0.000000E+0	1.999856E+1	0.000000E+0	8.000000E+0
21-Apr-25	03:12:34	-1.000000E-5	-1.900000E-4	2.299800E-1	-1.145000E-5	-1.300000E-7	-1.700000E-6	-4.000000E-8	0.000000E+0	0.000000E+0	1.964247E-4	2.976042E-9	0.000000E+0	0.000000E+0	1.999856E+1	0.000000E+0	8.000000E+0
21-Apr-25	03:12:35	-1.000000E-5	-1.900000E-4	2.322450E-1	-1.129400E-5	3.200000E-8	-1.720000E-6	-4.000000E-8	0.000000E+0	0.000000E+0	1.964247E-4	2.976042E-9	0.000000E+0	0.000000E+0	1.999856E+1	0.000000E+0	8.000000E+0
21-Apr-25	03:12:35	-1.000000E-5	-1.900000E-4	2.338300E-1	-1.143600E-5	-3.200000E-8	-1.720000E-6	-4.000000E-8	0.000000E+0	0.000000E+0	1.964247E-4	2.976042E-9	0.000000E+0	0.000000E+0	1.999856E+1	0.000000E+0	8.000000E+0
21-Apr-25	03:12:36	-1.000000E-5	-1.900000E-4	2.354200E-1	-1.146800E-5	-6.200000E-8	-1.720000E-6	-4.000000E-8	0.000000E+0	0.000000E+0	1.964247E-4	2.976042E-9	0.000000E+0	0.000000E+0	1.999856E+1	0.000000E+0	8.000000E+0
21-Apr-25	03:12:36	-1.000000E-5	-1.900000E-4	2.371600E-1	-1.143200E-5	-1.060000E-7	-1.720000E-6	0.000000E+0	0.000000E+0	0.000000E+0	1.964247E-4	2.976042E-9	0.000000E+0	0.000000E+0	1.999856E+1	0.000000E+0	8.000000E+0
21-Apr-25	03:12:37	-1.000000E-5	-1.900000E-4	2.387450E-1	-1.137600E-5	-1.820000E-7	-1.720000E-6	-2.000000E-8	0.000000E+0	0.000000E+0	1.964247E-4	2.976042E-9	0.000000E+0	0.000000E+0	1.999856E+1	0.000000E+0	8.000000E+0
21-Apr-25	03:12:37	-1.000000E-5	-1.900000E-4	2.403300E-1	-1.146600E-5	-4.000000E-8	-1.720000E-6	-4.000000E-8	0.000000E+0	0.000000E+0	1.964247E-4	2.976042E-9	0.000000E+0	0.000000E+0	1.999856E+1	0.000000E+0	8.000000E+0
21-Apr-25	03:12:38	-1.000000E-5	-1.900000E-4	2.419100E-1	-1.139800E-5	-1.020000E-7	-1.720000E-6	-4.000000E-8	0.000000E+0	0.000000E+0	1.964247E-4	2.976042E-9	0.000000E+0	0.000000E+0	1.999856E+1	0.000000E+0	8.000000E+0
21-Apr-25	03:12:38	-1.000000E-5	-1.900000E-4	2.435000E-1	-1.131600E-5	-8.000000E-8	-1.700000E-6	0.000000E+0	0.000000E+0	0.000000E+0	1.964247E-4	2.976042E-9	0.000000E+0	0.000000E+0	1.999856E+1	0.000000E+0	8.000000E+0
21-Apr-25	03:12:39	-1.000000E-5	-1.900000E-4	2.450850E-1	-1.138800E-5	4.000000E-9	-1.720000E-6	0.000000E+0	0.000000E+0	0.000000E+0	1.964247E-4	2.976042E-9	0.000000E+0	0.000000E+0	1.999856E+1	0.000000E+0	8.000000E+0
21-Apr-25	03:12:39	-1.000000E-5	-1.900000E-4	2.466650E-1	-1.135000E-5	-1.260000E-7	-1.720000E-6	0.000000E+0	0.000000E+0	0.000000E+0	1.964247E-4	2.976042E-9	0.000000E+0	0.000000E+0	1.999856E+1	0.000000E+0	8.000000E+0
21-Apr-25	03:12:40	-1.000000E-5	-1.900000E-4	2.485700E-1	-1.141800E-5	-2.020000E-7	-1.720000E-6	-2.000000E-8	0.000000E+0	0.000000E+0	1.964247E-4	2.976042E-9	0.000000E+0	0.000000E+0	1.999856E+1	0.000000E+0	8.000000E+0
21-Apr-25	03:12:40	-1.000000E-5	-1.900000E-4	2.501500E-1	-1.142000E-5	-1.560000E-7	-1.720000E-6	-4.000000E-8	0.000000E+0	0.000000E+0	1.964247E-4	2.976042E-9	0.000000E+0	0.000000E+0	1.999856E+1	0.000000E+0	8.000000E+0
21-Apr-25	03:12:41	-1.000000E-5	-1.900000E-4	2.517350E-1	-1.146600E-5	-1.160000E-7	-1.720000E-6	-2.000000E-8	0.000000E+0	0.000000E+0	1.964247E-4	2.976042E-9	0.000000E+0	0.000000E+0	1.999856E+1	0.000000E+0	8.000000E+0
21-Apr-25	03:12:41	-1.000000E-5	-1.900000E-4	2.531650E-1	-1.137800E-5	-7.800000E-8	-1.700000E-6	-2.000000E-8	0.000000E+0	0.000000E+0	1.964247E-4	2.976042E-9	0.000000E+0	0.000000E+0	1.999856E+1	0.000000E+0	8.000000E+0
21-Apr-25	03:12:42	-1.000000E-5	-1.900000E-4	2.547450E-1	-1.134800E-5	-8.200000E-8	-1.720000E-6	-2.000000E-8	0.000000E+0	0.000000E+0	1.964247E-4	2.976042E-9	0.000000E+0	0.000000E+0	1.999856E+1	0.000000E+0	8.000000E+0
21-Apr-25	03:12:42	-1.000000E-5	-1.900000E-4	2.563300E-1	-1.137400E-5	-8.800000E-8	-1.720000E-6	-4.000000E-8	0.000000E+0	0.000000E+0	1.964247E-4	2.976042E-9	0.000000E+0	0.000000E+0	1.999856E+1	0.000000E+0	8.000000E+0
21-Apr-25	03:12:43	-1.000000E-5	-1.900000E-4	2.579100E-1	-1.140600E-5	-7.000000E-8	-1.700000E-6	0.000000E+0	0.000000E+0	0.000000E+0	1.964247E-4	2.976042E-9	0.000000E+0	0.000000E+0	1.999856E+1	0.000000E+0	8.000000E+0
21-Apr-25	03:12:44	-1.000000E-5	-1.900000E-4	2.601900E-1	-1.135400E-5	-8.400000E-8	-1.720000E-6	-2.000000E-8	0.000000E+0	0.000000E+0	1.964247E-4	2.976042E-9	0.000000E+0	0.000000E+0	1.999856E+1	0.000000E+0	8.000000E+0
21-Apr-25	03:12:44	-1.000000E-5	-1.900000E-4	2.619250E-1	-1.136200E-5	-6.000000E-9	-1.700000E-6	-4.000000E-8	0.000000E+0	0.000000E+0	1.964247E-4	2.976042E-9	0.000000E+0	0.000000E+0	1.999856E+1	0.000000E+0	8.000000E+0
21-Apr-25	03:12:45	-1.000000E-5	-1.900000E-4	2.635100E-1	-1.139800E-5	-8.800000E-8	-1.700000E-6	-2.000000E-8	0.000000E+0	0.000000E+0	1.964247E-4	2.976042E-9	0.000000E+0	0.000000E+0	1.999856E+1	0.000000E+0	8.000000E+0
21-Apr-25	03:12:45	-1.000000E-5	-1.900000E-4	2.655700E-1	-1.142400E-5	-9.000000E-8	-1.700000E-6	0.000000E+0	0.000000E+0	0.000000E+0	1.964247E-4	2.976042E-9	0.000000E+0	0.000000E+0	1.999856E+1	0.000000E+0	8.000000E+0
21-Apr-25	03:12:46	-1.000000E-5	-1.900000E-4	2.669950E-1	-1.139000E-5	-2.800000E-8	-1.700000E-6	0.000000E+0	0.000000E+0	0.000000E+0	1.964247E-4	2.976042E-9	0.000000E+0	0.000000E+0	1.999856E+1	0.000000E+0	8.000000E+0
21-Apr-25	03:12:46	-1.000000E-5	-1.900000E-4	2.684200E-1	-1.137600E-5	-7.000000E-8	-1.700000E-6	0.000000E+0	0.000000E+0	0.000000E+0	1.964247E-4	2.976042E-9	0.000000E+0	0.000000E+0	1.999856E+1	0.000000E+0	8.000000E+0
21-Apr-25	03:12:47	-1.000000E-5	-1.900000E-4	2.699950E-1	-1.139200E-5	-4.000000E-8	-1.700000E-6	0.000000E+0	0.000000E+0	0.000000E+0	1.964247E-4	2.976042E-9	0.000000E+0	0.000000E+0	1.999856E+1	0.000000E+0	8.000000E+0
21-Apr-25	03:12:47	-1.000000E-5	-1.900000E-4	2.715950E-1	-1.127200E-5	-1.080000E-7	-1.700000E-6	0.000000E+0	0.000000E+0	0.000000E+0	1.964247E-4	2.976042E-9	0.000000E+0	0.000000E+0	1.999856E+1	0.000000E+0	8.000000E+0
21-Apr-25	03:12:48	-1.000000E-5	-1.900000E-4	2.731700E-1	-1.136400E-5	-9.400000E-8	-1.700000E-6	0.000000E+0	0.000000E+0	0.000000E+0	1.964247E-4	2.976042E-9	0.000000E+0	0.000000E+0	1.999856E+1	0.000000E+0	8.000000E+0
21-Apr-25	03:12:48	-1.000000E-5	-1.900000E-4	2.747550E-1	-1.138200E-5	-3.800000E-8	-1.700000E-6	-2.000000E-8	0.000000E+0	0.000000E+0	1.964247E-4	2.976042E-9	0.000000E+0	0.000000E+0	1.999856E+1	0.000000E+0	8.000000E+0
21-Apr-25	03:12:49	-1.000000E-5	-1.900000E-4	2.768500E-1	-1.133600E-5	-9.000000E-8	-1.720000E-6	0.000000E+0	0.000000E+0	0.000000E+0	1.964247E-4	2.976042E-9	0.000000E+0	0.000000E+0	1.999856E+1	0.000000E+0	8.000000E+0
21-Apr-25	03:12:49	-1.000000E-5	-1.900000E-4	2.782500E-1	-1.135400E-5	-5.000000E-8	-1.720000E-6	-2.000000E-8	0.000000E+0	0.000000E+0	1.964247E-4	2.976042E-9	0.000000E+0	0.000000E+0	1.999856E+1	0.000000E+0	8.000000E+0
21-Apr-25	03:12:50	-1.000000E-5	-1.900000E-4	2.798850E-1	-1.143600E-5	-1.100000E-7	-1.700000E-6	-2.000000E-8	0.000000E+0	0.000000E+0	1.964247E-4	2.976042E-9	0.000000E+0	0.000000E+0	1.999856E+1	0.000000E+0	8.000000E+0
21-Apr-25	03:12:50	-1.000000E-5	-1.900000E-4	2.814650E-1	-1.132600E-5	-1.400000E-7	-1.700000E-6	-2.000000E-8	0.000000E+0	0.000000E+0	1.964247E-4	2.976042E-9	0.000000E+0	0.000000E+0	1.999856E+1	0.000000E+0	8.000000E+0
21-Apr-25	03:12:51	-1.000000E-5	-1.900000E-4	2.833650E-1	-1.136200E-5	-1.200000E-7	-1.720000E-6	-2.000000E-8	0.000000E+0	0.000000E+0	1.964247E-4	2.976042E-9	0.000000E+0	0.000000E+0	1.999856E+1	0.000000E+0	8.000000E+0
21-Apr-25	03:12:52	-1.000000E-5	-1.900000E-4	2.854300E-1	-1.133600E-5	-8.000000E-8	-1.720000E-6	-4.000000E-8	0.000000E+0	0.000000E+0	1.964247E-4	2.976042E-9	0.000000E+0	0.000000E+0	1.999856E+1	0.000000E+0	8.000000E+0
21-Apr-25	03:12:52	-1.000000E-5	-1.900000E-4	2.870100E-1	-1.131800E-5	-8.400000E-8	-1.720000E-6	-4.000000E-8	0.000000E+0	0.000000E+0	1.964247E-4	2.976042E-9	0.000000E+0	0.000000E+0	1.999856E+1	0.000000E+0	8.000000E+0
21-Apr-25	03:12:53	-1.000000E-5	-1.900000E-4	2.886000E-1	-1.127000E-5	-2.600000E-8	-1.700000E-6	-2.000000E-8	0.000000E+0	0.000000E+0	1.964247E-4	2.976042E-9	0.000000E+0	0.000000E+0	1.999856E+1	0.000000E+0	8.000000E+0
21-Apr-25	03:12:53	-1.000000E-5	-1.900000E-4	2.901850E-1	-1.132600E-5	1.200000E-8	-1.700000E-6	-2.000000E-8	0.000000E+0	0.000000E+0	1.964247E-4	2.976042E-9	0.000000E+0	0.000000E+0	1.999856E+1	0.000000E+0	8.000000E+0
21-Apr-25	03:12:54	-1.000000E-5	-1.900000E-4	2.919250E-1	-1.138800E-5	2.000000E-9	-1.700000E-6	-2.000000E-8	0.000000E+0	0.000000E+0	1.964247E-4	2.976042E-9	0.000000E+0	0.000000E+0	1.999856E+1	0.000000E+0	8.000000E+0
21-Apr-25	03:12:54	-1.000000E-5	-1.900000E-4	2.935150E-1	-1.136000E-5	-6.200000E-8	-1.720000E-6	-2.000000E-8	0.000000E+0	0.000000E+0	1.964247E-4	2.976042E-9	0.000000E+0	0.000000E+0	1.999856E+1	0.000000E+0	8.000000E+0
21-Apr-25	03:12:55	-1.000000E-5	-1.900000E-4	2.949400E-1	-1.143800E-5	-1.100000E-7	-1.700000E-6	0.000000E+0	0.000000E+0	0.000000E+0	1.964247E-4	2.976042E-9	0.000000E+0	0.000000E+0	1.999856E+1	0.000000E+0	8.000000E+0
21-Apr-25	03:12:55	-1.000000E-5	-1.900000E-4	2.965200E-1	-1.140400E-5	-1.260000E-7	-1.760000E-6	-2.000000E-8	0.000000E+0	0.000000E+0	1.964247E-4	2.976042E-9	0.000000E+0	0.000000E+0	1.999856E+1	0.000000E+0	8.000000E+0
21-Apr-25	03:12:56	-1.000000E-5	-1.900000E-4	2.981050E-1	-1.121000E-5	-6.200000E-8	-1.780000E-6	-2.000000E-8	0.000000E+0	0.000000E+0	1.964247E-4	2.976042E-9	0.000000E+0	0.000000E+0	1.999856E+1	0.000000E+0	8.000000E+0
21-Apr-25	03:12:56	-1.000000E-5	-1.900000E-4	2.995300E-1	-1.124600E-5	-1.020000E-7	-1.780000E-6	-2.000000E-8	0.000000E+0	0.000000E+0	1.964247E-4	2.976042E-9	0.000000E+0	0.000000E+0	1.999856E+1	0.000000E+0	8.000000E+0
21-Apr-25	03:12:57	-1.000000E-5	-1.900000E-4	3.011150E-1	-1.124600E-5	-5.000000E-8	-1.780000E-6	-2.000000E-8	0.000000E+0	0.000000E+0	1.964247E-4	2.976042E-9	0.000000E+0	0.000000E+0	1.999856E+1	0.000000E+0	8.000000E+0
21-Apr-25	03:12:57	-1.000000E-5	-1.900000E-4	3.033900E-1	-1.125800E-5	-1.140000E-7	-1.780000E-6	0.000000E+0	0.000000E+0	0.000000E+0	1.964247E-4	2.976042E-9	0.000000E+0	0.000000E+0	1.999856E+1	0.000000E+0	8.000000E+0
21-Apr-25	03:12:58	-1.000000E-5	-1.900000E-4	3.056100E-1	-1.118800E-5	-1.320000E-7	-1.780000E-6	-2.000000E-8	0.000000E+0	0.000000E+0	1.964247E-4	2.976042E-9	0.000000E+0	0.000000E+0	1.999856E+1	0.000000E+0	8.000000E+0
21-Apr-25	03:12:58	-1.000000E-5	-1.900000E-4	3.071900E-1	-1.124200E-5	-1.320000E-7	-1.780000E-6	-2.000000E-8	0.000000E+0	0.000000E+0	1.964247E-4	2.976042E-9	0.000000E+0	0.000000E+0	1.999856E+1	0.000000E+0	8.000000E+0
21-Apr-25	03:12:59	-1.000000E-5	-1.900000E-4	3.087800E-1	-1.130200E-5	-1.140000E-7	-1.780000E-6	-2.000000E-8	0.000000E+0	0.000000E+0	1.964247E-4	2.976042E-9	0.000000E+0	0.000000E+0	1.999856E+1	0.000000E+0	8.000000E+0
21-Apr-25	03:12:59	-1.000000E-5	-1.900000E-4	3.103650E-1	-1.127000E-5	-7.000000E-8	-1.780000E-6	-2.000000E-8	0.000000E+0	0.000000E+0	1.964247E-4	2.976042E-9	0.000000E+0	0.000000E+0	1.999856E+1	0.000000E+0	8.000000E+0
21-Apr-25	03:13:00	-1.000000E-5	-1.900000E-4	3.119500E-1	-1.124400E-5	-1.720000E-7	-1.800000E-6	-2.000000E-8	0.000000E+0	0.000000E+0	1.964247E-4	2.976042E-9	0.000000E+0	0.000000E+0	1.999856E+1	0.000000E+0	8.000000E+0
21-Apr-25	03:13:00	-1.000000E-5	-1.900000E-4	3.135350E-1	-1.127600E-5	-1.760000E-7	-1.800000E-6	-2.000000E-8	0.000000E+0	0.000000E+0	1.964247E-4	2.976042E-9	0.000000E+0	0.000000E+0	1.999856E+1	0.000000E+0	8.000000E+0
21-Apr-25	03:13:01	-1.000000E-5	-1.900000E-4	3.151200E-1	-1.121400E-5	-1.260000E-7	-1.800000E-6	-2.000000E-8	0.000000E+0	0.000000E+0	1.964247E-4	2.976042E-9	0.000000E+0	0.000000E+0	1.999856E+1	0.000000E+0	8.000000E+0
21-Apr-25	03:13:02	-1.000000E-5	-1.900000E-4	3.167000E-1	-1.127400E-5	-1.100000E-7	-1.780000E-6	-2.000000E-8	0.000000E+0	0.000000E+0	1.964247E-4	2.976042E-9	0.000000E+0	0.000000E+0	1.999856E+1	0.000000E+0	8.000000E+0
21-Apr-25	03:13:02	-1.000000E-5	-1.900000E-4	3.184950E-1	-1.140200E-5	4.600000E-8	-1.780000E-6	-2.000000E-8	0.000000E+0	0.000000E+0	1.964247E-4	2.976042E-9	0.000000E+0	0.000000E+0	1.999856E+1	0.000000E+0	8.000000E+0
21-Apr-25	03:13:02	-1.000000E-5	-1.900000E-4	3.199250E-1	-1.135400E-5	3.800000E-8	-1.780000E-6	-4.000000E-8	0.000000E+0	0.000000E+0	1.964247E-4	2.976042E-9	0.000000E+0	0.000000E+0	1.999856E+1	0.000000E+0	8.000000E+0
21-Apr-25	03:13:03	-1.000000E-5	-1.900000E-4	3.215050E-1	-1.129400E-5	-2.800000E-8	-1.780000E-6	-2.000000E-8	0.000000E+0	0.000000E+0	1.964247E-4	2.976042E-9	0.000000E+0	0.000000E+0	1.999856E+1	0.000000E+0	8.000000E+0
21-Apr-25	03:13:04	-1.000000E-5	-1.900000E-4	3.230900E-1	-1.128800E-5	-4.200000E-8	-1.780000E-6	-2.000000E-8	0.000000E+0	0.000000E+0	1.964247E-4	2.976042E-9	0.000000E+0	0.000000E+0	1.999856E+1	0.000000E+0	8.000000E+0
21-Apr-25	03:13:04	-1.000000E-5	-1.900000E-4	3.248250E-1	-1.126200E-5	8.000000E-9	-1.760000E-6	-2.000000E-8	0.000000E+0	0.000000E+0	1.964247E-4	2.976042E-9	0.000000E+0	0.000000E+0	1.999856E+1	0.000000E+0	8.000000E+0
21-Apr-25	03:13:05	-1.000000E-5	-1.900000E-4	3.264200E-1	-1.125200E-5	-1.020000E-7	-1.780000E-6	-2.000000E-8	0.000000E+0	0.000000E+0	1.964247E-4	2.976042E-9	0.000000E+0	0.000000E+0	1.999856E+1	0.000000E+0	8.000000E+0
21-Apr-25	03:13:05	-1.000000E-5	-1.900000E-4	3.278450E-1	-1.117600E-5	-9.600000E-8	-1.780000E-6	-2.000000E-8	0.000000E+0	0.000000E+0	1.964247E-4	2.976042E-9	0.000000E+0	0.000000E+0	1.999856E+1	0.000000E+0	8.000000E+0
21-Apr-25	03:13:05	-1.000000E-5	-1.900000E-4	3.294250E-1	-1.118000E-5	-4.600000E-8	-1.780000E-6	-2.000000E-8	0.000000E+0	0.000000E+0	1.964247E-4	2.976042E-9	0.000000E+0	0.000000E+0	1.999856E+1	0.000000E+0	8.000000E+0
21-Apr-25	03:13:06	-1.000000E-5	-1.900000E-4	3.310100E-1	-1.129600E-5	-1.080000E-7	-1.780000E-6	-4.000000E-8	0.000000E+0	0.000000E+0	1.964247E-4	2.976042E-9	0.000000E+0	0.000000E+0	1.999856E+1	0.000000E+0	8.000000E+0
21-Apr-25	03:13:06	-1.000000E-5	-1.900000E-4	3.325900E-1	-1.126400E-5	-1.160000E-7	-1.780000E-6	-4.000000E-8	0.000000E+0	0.000000E+0	1.964247E-4	2.976042E-9	0.000000E+0	0.000000E+0	1.999856E+1	0.000000E+0	8.000000E+0
21-Apr-25	03:13:07	-1.000000E-5	-1.900000E-4	3.341800E-1	-1.128600E-5	-8.400000E-8	-1.780000E-6	-2.000000E-8	0.000000E+0	0.000000E+0	1.964247E-4	2.976042E-9	0.000000E+0	0.000000E+0	1.999856E+1	0.000000E+0	8.000000E+0
21-Apr-25	03:13:07	-1.000000E-5	-1.900000E-4	3.356100E-1	-1.130400E-5	-6.400000E-8	-1.780000E-6	-2.000000E-8	0.000000E+0	0.000000E+0	1.964247E-4	2.976042E-9	0.000000E+0	0.000000E+0	1.999856E+1	0.000000E+0	8.000000E+0
21-Apr-25	03:13:08	-1.000000E-5	-1.900000E-4	3.371950E-1	-1.125400E-5	-3.400000E-8	-1.780000E-6	-2.000000E-8	0.000000E+0	0.000000E+0	1.964247E-4	2.976042E-9	0.000000E+0	0.000000E+0	1.999856E+1	0.000000E+0	8.000000E+0
21-Apr-25	03:13:08	-1.000000E-5	-1.900000E-4	3.387750E-1	-1.125400E-5	-1.480000E-7	-1.780000E-6	-2.000000E-8	0.000000E+0	0.000000E+0	1.964247E-4	2.976042E-9	0.000000E+0	0.000000E+0	1.999856E+1	0.000000E+0	8.000000E+0
21-Apr-25	03:13:09	-1.000000E-5	-1.900000E-4	3.403650E-1	-1.134200E-5	-7.000000E-8	-1.760000E-6	-2.000000E-8	0.000000E+0	0.000000E+0	1.964247E-4	2.976042E-9	0.000000E+0	0.000000E+0	1.999856E+1	0.000000E+0	8.000000E+0
21-Apr-25	03:13:09	-1.000000E-5	-1.900000E-4	3.421000E-1	-1.127400E-5	-1.500000E-7	-1.780000E-6	-2.000000E-8	0.000000E+0	0.000000E+0	1.964247E-4	2.976042E-9	0.000000E+0	0.000000E+0	1.999856E+1	0.000000E+0	8.000000E+0
21-Apr-25	03:13:10	-1.000000E-5	-1.900000E-4	3.436950E-1	-1.133200E-5	-8.000000E-8	-1.760000E-6	-2.000000E-8	0.000000E+0	0.000000E+0	1.964247E-4	2.976042E-9	0.000000E+0	0.000000E+0	1.999856E+1	0.000000E+0	8.000000E+0
21-Apr-25	03:13:10	-1.000000E-5	-1.900000E-4	3.452750E-1	-1.125800E-5	-7.200000E-8	-1.760000E-6	-2.000000E-8	0.000000E+0	0.000000E+0	1.964247E-4	2.976042E-9	0.000000E+0	0.000000E+0	1.999856E+1	0.000000E+0	8.000000E+0
21-Apr-25	03:13:11	-1.000000E-5	-1.900000E-4	3.468650E-1	-1.121400E-5	-2.800000E-8	-1.760000E-6	-2.000000E-8	0.000000E+0	0.000000E+0	1.964247E-4	2.976042E-9	0.000000E+0	0.000000E+0	1.999856E+1	0.000000E+0	8.000000E+0
21-Apr-25	03:13:12	-1.000000E-5	-1.900000E-4	3.490800E-1	-1.125000E-5	-4.400000E-8	-1.780000E-6	0.000000E+0	0.000000E+0	0.000000E+0	1.964247E-4	2.976042E-9	0.000000E+0	0.000000E+0	1.999856E+1	0.000000E+0	8.000000E+0
21-Apr-25	03:13:12	-1.000000E-5	-1.900000E-4	3.506600E-1	-1.123600E-5	-7.200000E-8	-1.780000E-6	-2.000000E-8	0.000000E+0	0.000000E+0	1.964247E-4	2.976042E-9	0.000000E+0	0.000000E+0	1.999856E+1	0.000000E+0	8.000000E+0
21-Apr-25	03:13:13	-1.000000E-5	-1.900000E-4	3.527300E-1	-1.123200E-5	-1.200000E-7	-1.800000E-6	0.000000E+0	0.000000E+0	0.000000E+0	1.964247E-4	2.976042E-9	0.000000E+0	0.000000E+0	1.999856E+1	0.000000E+0	8.000000E+0
21-Apr-25	03:13:13	-1.000000E-5	-1.900000E-4	3.544700E-1	-1.118000E-5	-5.000000E-8	-1.760000E-6	0.000000E+0	0.000000E+0	0.000000E+0	1.964247E-4	2.976042E-9	0.000000E+0	0.000000E+0	1.999856E+1	0.000000E+0	8.000000E+0
21-Apr-25	03:13:14	-1.000000E-5	-1.900000E-4	3.558900E-1	-1.121800E-5	-5.600000E-8	-1.760000E-6	-2.000000E-8	0.000000E+0	0.000000E+0	1.964247E-4	2.976042E-9	0.000000E+0	0.000000E+0	1.999856E+1	0.000000E+0	8.000000E+0
21-Apr-25	03:13:14	-1.000000E-5	-1.900000E-4	3.574400E-1	-1.123200E-5	-1.160000E-7	-1.740000E-6	-2.000000E-8	0.000000E+0	0.000000E+0	1.964247E-4	2.976042E-9	0.000000E+0	0.000000E+0	1.999856E+1	0.000000E+0	8.000000E+0
21-Apr-25	03:13:15	-1.000000E-5	-1.900000E-4	3.599050E-1	-1.122600E-5	-6.200000E-8	-1.540000E-6	-2.000000E-8	0.000000E+0	0.000000E+0	1.964247E-4	2.976042E-9	0.000000E+0	0.000000E+0	1.999856E+1	0.000000E+0	8.000000E+0
21-Apr-25	03:13:16	-1.000000E-5	-1.900000E-4	3.621250E-1	-1.124000E-5	-1.180000E-7	-1.540000E-6	-2.000000E-8	0.000000E+0	0.000000E+0	1.964247E-4	2.976042E-9	0.000000E+0	0.000000E+0	1.999856E+1	0.000000E+0	8.000000E+0
