! Date:	28-Apr-25
!Time:	11:08
! User Name:	Aditya
! Sample Name:	CBS_Pt
! Sample ID:	D51_SiO2 Substrate
! Current Source:	Keithley_6221_Delta
! LockIn Specifications:
!LockIn Input Voltage (V)=	
!LockIn Input Frequency (Hz)=	
!Time Constant for Zi LockIn  1st Harmonic (s)=	
!Time Constant for Zi LockIn 2nd Harmonic (s)=	
!Time Constant of SR7265=	
!Time Constant of SR7225=	
! Measuring Insturment 1:	
! Measuring Insturment 1:	
! U1, th1 (volts):	
! U2, th2 (volts):	
! U3, th3 (volts):	
! U4 , th4(volts):	
! U5, th5 (volts):	
! Comments:	


! 
! 
date	time	Hx (T)	Hy (T)	Hz (T)	U1	th1	U2 (V)	th2	Av_HP34420A_10points (V)	Std_HP34420A_10points	Std_DeltaVolatge	Std_DeltaVolatge	U5(V)	th5	Tcryo (K)	Tsample (K)	Heater Power (%)	
28-Apr-25	11:08:01	-1.000000E-5	1.930000E-3	-8.000000E-5	-7.685000E-5	-9.000000E-7	-8.000000E-9	1.480000E-7	0.000000E+0	0.000000E+0	1.964247E-4	2.976042E-9	0.000000E+0	0.000000E+0	1.999959E+1	0.000000E+0	4.000000E+0
28-Apr-25	11:08:02	-1.000000E-5	9.610000E-3	-8.000000E-5	-7.680000E-5	-8.500000E-7	6.200000E-8	1.160000E-7	0.000000E+0	0.000000E+0	1.964247E-4	2.976042E-9	0.000000E+0	0.000000E+0	1.999959E+1	0.000000E+0	4.000000E+0
28-Apr-25	11:08:02	-1.000000E-5	1.874500E-2	-8.000000E-5	-7.680000E-5	-9.000000E-7	5.200000E-8	2.000000E-9	0.000000E+0	0.000000E+0	1.964247E-4	2.976042E-9	0.000000E+0	0.000000E+0	1.999959E+1	0.000000E+0	4.000000E+0
28-Apr-25	11:08:03	-1.000000E-5	2.759000E-2	-8.000000E-5	-7.690000E-5	-9.500000E-7	3.200000E-8	-1.100000E-7	0.000000E+0	0.000000E+0	1.964247E-4	2.976042E-9	0.000000E+0	0.000000E+0	1.999959E+1	0.000000E+0	4.000000E+0
28-Apr-25	11:08:03	-1.000000E-5	3.641500E-2	-8.000000E-5	-7.695000E-5	-8.500000E-7	3.800000E-8	-1.420000E-7	0.000000E+0	0.000000E+0	1.964247E-4	2.976042E-9	0.000000E+0	0.000000E+0	1.999959E+1	0.000000E+0	4.000000E+0
28-Apr-25	11:08:04	-1.000000E-5	4.556500E-2	-8.000000E-5	-7.690000E-5	-7.500000E-7	4.400000E-8	-1.140000E-7	0.000000E+0	0.000000E+0	1.964247E-4	2.976042E-9	0.000000E+0	0.000000E+0	1.999959E+1	0.000000E+0	4.000000E+0
28-Apr-25	11:08:04	-1.000000E-5	5.561000E-2	-8.000000E-5	-7.690000E-5	-7.500000E-7	2.000000E-9	-9.600000E-8	0.000000E+0	0.000000E+0	1.964247E-4	2.976042E-9	0.000000E+0	0.000000E+0	1.999959E+1	0.000000E+0	4.000000E+0
28-Apr-25	11:08:05	-1.000000E-5	6.434000E-2	-8.000000E-5	-7.690000E-5	-7.500000E-7	-4.600000E-8	-9.400000E-8	0.000000E+0	0.000000E+0	1.964247E-4	2.976042E-9	0.000000E+0	0.000000E+0	1.999959E+1	0.000000E+0	4.000000E+0
28-Apr-25	11:08:05	-1.000000E-5	7.357000E-2	-8.000000E-5	-7.685000E-5	-7.000000E-7	-4.200000E-8	-1.060000E-7	0.000000E+0	0.000000E+0	1.964247E-4	2.976042E-9	0.000000E+0	0.000000E+0	1.999959E+1	0.000000E+0	4.000000E+0
28-Apr-25	11:08:06	-1.000000E-5	8.242500E-2	-8.000000E-5	-7.690000E-5	-8.000000E-7	4.000000E-9	-1.020000E-7	0.000000E+0	0.000000E+0	1.964247E-4	2.976042E-9	0.000000E+0	0.000000E+0	1.999959E+1	0.000000E+0	4.000000E+0
28-Apr-25	11:08:06	-1.000000E-5	9.245000E-2	-8.000000E-5	-7.695000E-5	-8.500000E-7	1.400000E-8	-1.100000E-7	0.000000E+0	0.000000E+0	1.964247E-4	2.976042E-9	0.000000E+0	0.000000E+0	1.999959E+1	0.000000E+0	4.000000E+0
28-Apr-25	11:08:07	-1.000000E-5	1.014500E-1	-8.000000E-5	-7.690000E-5	-9.000000E-7	-4.000000E-9	-2.100000E-7	0.000000E+0	0.000000E+0	1.964247E-4	2.976042E-9	0.000000E+0	0.000000E+0	1.999959E+1	0.000000E+0	4.000000E+0
28-Apr-25	11:08:07	-1.000000E-5	1.095650E-1	-8.000000E-5	-7.675000E-5	-7.500000E-7	0.000000E+0	-3.100000E-7	0.000000E+0	0.000000E+0	1.964247E-4	2.976042E-9	0.000000E+0	0.000000E+0	1.999959E+1	0.000000E+0	4.000000E+0
28-Apr-25	11:08:08	-1.000000E-5	1.185300E-1	-8.000000E-5	-7.695000E-5	-7.500000E-7	5.600000E-8	-2.940000E-7	0.000000E+0	0.000000E+0	1.964247E-4	2.976042E-9	0.000000E+0	0.000000E+0	1.999959E+1	0.000000E+0	4.000000E+0
28-Apr-25	11:08:08	-1.000000E-5	1.275350E-1	-8.000000E-5	-7.685000E-5	-8.500000E-7	1.620000E-7	-1.420000E-7	0.000000E+0	0.000000E+0	1.964247E-4	2.976042E-9	0.000000E+0	0.000000E+0	1.999959E+1	0.000000E+0	4.000000E+0
28-Apr-25	11:08:09	-1.000000E-5	1.364750E-1	-8.000000E-5	-7.670000E-5	-8.000000E-7	2.140000E-7	2.000000E-9	0.000000E+0	0.000000E+0	1.964247E-4	2.976042E-9	0.000000E+0	0.000000E+0	1.999959E+1	0.000000E+0	4.000000E+0
28-Apr-25	11:08:09	-1.000000E-5	1.451950E-1	-8.000000E-5	-7.680000E-5	-8.500000E-7	1.680000E-7	4.600000E-8	0.000000E+0	0.000000E+0	1.964247E-4	2.976042E-9	0.000000E+0	0.000000E+0	1.999959E+1	0.000000E+0	4.000000E+0
28-Apr-25	11:08:10	-1.000000E-5	1.562900E-1	-8.000000E-5	-7.680000E-5	-6.000000E-7	1.100000E-7	4.000000E-8	0.000000E+0	0.000000E+0	1.964247E-4	2.976042E-9	0.000000E+0	0.000000E+0	1.999959E+1	0.000000E+0	4.000000E+0
28-Apr-25	11:08:11	-1.000000E-5	1.652650E-1	-8.000000E-5	-7.680000E-5	-9.000000E-7	1.840000E-7	7.000000E-8	0.000000E+0	0.000000E+0	1.964247E-4	2.976042E-9	0.000000E+0	0.000000E+0	1.999959E+1	0.000000E+0	4.000000E+0
28-Apr-25	11:08:11	-1.000000E-5	1.742250E-1	-8.000000E-5	-7.680000E-5	-1.050000E-6	2.800000E-7	6.400000E-8	0.000000E+0	0.000000E+0	1.964247E-4	2.976042E-9	0.000000E+0	0.000000E+0	1.999959E+1	0.000000E+0	4.000000E+0
28-Apr-25	11:08:12	-1.000000E-5	1.831800E-1	-8.000000E-5	-7.680000E-5	-8.500000E-7	2.260000E-7	1.200000E-8	0.000000E+0	0.000000E+0	1.964247E-4	2.976042E-9	0.000000E+0	0.000000E+0	1.999959E+1	0.000000E+0	4.000000E+0
28-Apr-25	11:08:12	-1.000000E-5	1.940050E-1	-8.000000E-5	-7.675000E-5	-8.000000E-7	1.120000E-7	1.000000E-8	0.000000E+0	0.000000E+0	1.964247E-4	2.976042E-9	0.000000E+0	0.000000E+0	1.999959E+1	0.000000E+0	4.000000E+0
28-Apr-25	11:08:13	-1.000000E-5	2.029900E-1	-8.000000E-5	-7.695000E-5	-1.000000E-6	5.400000E-8	3.400000E-8	0.000000E+0	0.000000E+0	1.964247E-4	2.976042E-9	0.000000E+0	0.000000E+0	1.999959E+1	0.000000E+0	4.000000E+0
28-Apr-25	11:08:13	-1.000000E-5	2.166400E-1	-8.000000E-5	-7.670000E-5	-4.500000E-7	3.000000E-8	1.240000E-7	0.000000E+0	0.000000E+0	1.964247E-4	2.976042E-9	0.000000E+0	0.000000E+0	1.999959E+1	0.000000E+0	4.000000E+0
28-Apr-25	11:08:14	-1.000000E-5	2.257650E-1	-8.000000E-5	-7.665000E-5	-5.500000E-7	2.400000E-8	2.260000E-7	0.000000E+0	0.000000E+0	1.964247E-4	2.976042E-9	0.000000E+0	0.000000E+0	1.999959E+1	0.000000E+0	4.000000E+0
28-Apr-25	11:08:14	-1.000000E-5	2.347500E-1	-8.000000E-5	-7.670000E-5	-8.500000E-7	7.800000E-8	3.360000E-7	0.000000E+0	0.000000E+0	1.964247E-4	2.976042E-9	0.000000E+0	0.000000E+0	1.999959E+1	0.000000E+0	4.000000E+0
28-Apr-25	11:08:15	-1.000000E-5	2.437500E-1	-8.000000E-5	-7.695000E-5	-9.500000E-7	1.840000E-7	3.900000E-7	0.000000E+0	0.000000E+0	1.964247E-4	2.976042E-9	0.000000E+0	0.000000E+0	1.999959E+1	0.000000E+0	4.000000E+0
28-Apr-25	11:08:15	-1.000000E-5	2.527400E-1	-8.000000E-5	-7.690000E-5	-9.500000E-7	2.220000E-7	3.380000E-7	0.000000E+0	0.000000E+0	1.964247E-4	2.976042E-9	0.000000E+0	0.000000E+0	1.999959E+1	0.000000E+0	4.000000E+0
28-Apr-25	11:08:16	-1.000000E-5	2.608050E-1	-8.000000E-5	-7.685000E-5	-9.000000E-7	1.700000E-7	1.660000E-7	0.000000E+0	0.000000E+0	1.964247E-4	2.976042E-9	0.000000E+0	0.000000E+0	1.999959E+1	0.000000E+0	4.000000E+0
28-Apr-25	11:08:16	-1.000000E-5	2.697900E-1	-8.000000E-5	-7.680000E-5	-7.000000E-7	1.020000E-7	-3.400000E-8	0.000000E+0	0.000000E+0	1.964247E-4	2.976042E-9	0.000000E+0	0.000000E+0	1.999959E+1	0.000000E+0	4.000000E+0
28-Apr-25	11:08:17	-1.000000E-5	2.787650E-1	-8.000000E-5	-7.705000E-5	-8.000000E-7	6.400000E-8	-1.040000E-7	0.000000E+0	0.000000E+0	1.964247E-4	2.976042E-9	0.000000E+0	0.000000E+0	1.999959E+1	0.000000E+0	4.000000E+0
28-Apr-25	11:08:18	-1.000000E-5	2.904650E-1	-8.000000E-5	-7.680000E-5	-9.000000E-7	8.000000E-9	9.400000E-8	0.000000E+0	0.000000E+0	1.964247E-4	2.976042E-9	0.000000E+0	0.000000E+0	1.999959E+1	0.000000E+0	4.000000E+0
28-Apr-25	11:08:18	-1.000000E-5	3.003800E-1	-8.000000E-5	-7.690000E-5	-9.500000E-7	-2.400000E-8	9.600000E-8	0.000000E+0	0.000000E+0	1.964247E-4	2.976042E-9	0.000000E+0	0.000000E+0	1.999959E+1	0.000000E+0	4.000000E+0
28-Apr-25	11:08:19	-1.000000E-5	3.093450E-1	-8.000000E-5	-7.675000E-5	-9.000000E-7	2.600000E-8	-6.000000E-8	0.000000E+0	0.000000E+0	1.964247E-4	2.976042E-9	0.000000E+0	0.000000E+0	1.999959E+1	0.000000E+0	4.000000E+0
28-Apr-25	11:08:19	-1.000000E-5	3.183150E-1	-8.000000E-5	-7.605000E-5	-9.500000E-7	1.260000E-7	-1.400000E-7	0.000000E+0	0.000000E+0	1.964247E-4	2.976042E-9	0.000000E+0	0.000000E+0	1.999959E+1	0.000000E+0	4.000000E+0
28-Apr-25	11:08:19	-1.000000E-5	3.263950E-1	-8.000000E-5	-7.370000E-5	-9.500000E-7	1.660000E-7	-7.800000E-8	0.000000E+0	0.000000E+0	1.964247E-4	2.976042E-9	0.000000E+0	0.000000E+0	1.999959E+1	0.000000E+0	4.000000E+0
28-Apr-25	11:08:20	-1.000000E-5	3.354000E-1	-8.000000E-5	-7.305000E-5	-9.500000E-7	1.360000E-7	-1.800000E-8	0.000000E+0	0.000000E+0	1.964247E-4	2.976042E-9	0.000000E+0	0.000000E+0	1.999959E+1	0.000000E+0	4.000000E+0
28-Apr-25	11:08:20	-1.000000E-5	3.443750E-1	-8.000000E-5	-7.305000E-5	-1.000000E-6	6.000000E-8	-6.400000E-8	0.000000E+0	0.000000E+0	1.964247E-4	2.976042E-9	0.000000E+0	0.000000E+0	1.999959E+1	0.000000E+0	4.000000E+0
28-Apr-25	11:08:21	-1.000000E-5	3.533550E-1	-8.000000E-5	-7.320000E-5	-8.500000E-7	-3.200000E-8	-1.760000E-7	0.000000E+0	0.000000E+0	1.964247E-4	2.976042E-9	0.000000E+0	0.000000E+0	1.999959E+1	0.000000E+0	4.000000E+0
28-Apr-25	11:08:22	-1.000000E-5	3.632400E-1	-8.000000E-5	-7.275000E-5	-8.000000E-7	-1.560000E-7	-3.060000E-7	0.000000E+0	0.000000E+0	1.964247E-4	2.976042E-9	0.000000E+0	0.000000E+0	1.999959E+1	0.000000E+0	4.000000E+0
28-Apr-25	11:08:22	-1.000000E-5	3.721900E-1	-8.000000E-5	-7.270000E-5	-7.000000E-7	-1.860000E-7	-3.900000E-7	0.000000E+0	0.000000E+0	1.964247E-4	2.976042E-9	0.000000E+0	0.000000E+0	1.999959E+1	0.000000E+0	4.000000E+0
28-Apr-25	11:08:23	-1.000000E-5	3.812150E-1	-8.000000E-5	-7.260000E-5	-7.000000E-7	-1.020000E-7	-4.260000E-7	0.000000E+0	0.000000E+0	1.964247E-4	2.976042E-9	0.000000E+0	0.000000E+0	1.999959E+1	0.000000E+0	4.000000E+0
28-Apr-25	11:08:23	-1.000000E-5	3.902450E-1	-8.000000E-5	-7.275000E-5	-8.000000E-7	-4.000000E-9	-4.240000E-7	0.000000E+0	0.000000E+0	1.964247E-4	2.976042E-9	0.000000E+0	0.000000E+0	1.999959E+1	0.000000E+0	4.000000E+0
28-Apr-25	11:08:24	-1.000000E-5	3.982950E-1	-8.000000E-5	-7.255000E-5	-6.500000E-7	-2.600000E-8	-3.960000E-7	0.000000E+0	0.000000E+0	1.964247E-4	2.976042E-9	0.000000E+0	0.000000E+0	1.999959E+1	0.000000E+0	4.000000E+0
28-Apr-25	11:08:24	-1.000000E-5	4.074500E-1	-8.000000E-5	-7.210000E-5	-9.500000E-7	-1.440000E-7	-2.880000E-7	0.000000E+0	0.000000E+0	1.964247E-4	2.976042E-9	0.000000E+0	0.000000E+0	1.999959E+1	0.000000E+0	4.000000E+0
28-Apr-25	11:08:25	-1.000000E-5	4.210900E-1	-8.000000E-5	-7.200000E-5	-1.050000E-6	-1.340000E-7	7.000000E-8	0.000000E+0	0.000000E+0	1.964247E-4	2.976042E-9	0.000000E+0	0.000000E+0	1.999959E+1	0.000000E+0	4.000000E+0
28-Apr-25	11:08:26	-1.000000E-5	4.318800E-1	-8.000000E-5	-7.190000E-5	-1.050000E-6	6.000000E-8	1.720000E-7	0.000000E+0	0.000000E+0	1.964247E-4	2.976042E-9	0.000000E+0	0.000000E+0	1.999959E+1	0.000000E+0	4.000000E+0
28-Apr-25	11:08:26	-1.000000E-5	4.438650E-1	-8.000000E-5	-7.170000E-5	-7.500000E-7	2.300000E-7	1.280000E-7	0.000000E+0	0.000000E+0	1.964247E-4	2.976042E-9	0.000000E+0	0.000000E+0	1.999959E+1	0.000000E+0	4.000000E+0
28-Apr-25	11:08:27	-1.000000E-5	4.537400E-1	-8.000000E-5	-7.135000E-5	-7.000000E-7	1.620000E-7	4.400000E-8	0.000000E+0	0.000000E+0	1.964247E-4	2.976042E-9	0.000000E+0	0.000000E+0	1.999959E+1	0.000000E+0	4.000000E+0
28-Apr-25	11:08:27	-1.000000E-5	4.627150E-1	-8.000000E-5	-7.100000E-5	-6.000000E-7	-2.600000E-8	2.000000E-9	0.000000E+0	0.000000E+0	1.964247E-4	2.976042E-9	0.000000E+0	0.000000E+0	1.999959E+1	0.000000E+0	4.000000E+0
28-Apr-25	11:08:28	-1.000000E-5	4.761900E-1	-8.000000E-5	-7.100000E-5	-8.000000E-7	-2.280000E-7	-2.400000E-8	0.000000E+0	0.000000E+0	1.964247E-4	2.976042E-9	0.000000E+0	0.000000E+0	1.999959E+1	0.000000E+0	4.000000E+0
28-Apr-25	11:08:28	-1.000000E-5	4.851900E-1	-8.000000E-5	-7.080000E-5	-8.000000E-7	-1.840000E-7	-8.800000E-8	0.000000E+0	0.000000E+0	1.964247E-4	2.976042E-9	0.000000E+0	0.000000E+0	1.999959E+1	0.000000E+0	4.000000E+0
28-Apr-25	11:08:29	-1.000000E-5	4.943500E-1	-8.000000E-5	-7.075000E-5	-8.000000E-7	-1.100000E-7	-1.720000E-7	0.000000E+0	0.000000E+0	1.964247E-4	2.976042E-9	0.000000E+0	0.000000E+0	1.999959E+1	0.000000E+0	4.000000E+0
28-Apr-25	11:08:29	-1.000000E-5	5.031700E-1	-8.000000E-5	-7.095000E-5	-8.000000E-7	-9.000000E-8	-2.660000E-7	0.000000E+0	0.000000E+0	1.964247E-4	2.976042E-9	0.000000E+0	0.000000E+0	1.999959E+1	0.000000E+0	4.000000E+0
28-Apr-25	11:08:30	-1.000000E-5	5.112550E-1	-8.000000E-5	-7.080000E-5	-7.500000E-7	-8.000000E-8	-3.460000E-7	0.000000E+0	0.000000E+0	1.964247E-4	2.976042E-9	0.000000E+0	0.000000E+0	1.999959E+1	0.000000E+0	4.000000E+0
28-Apr-25	11:08:30	-1.000000E-5	5.205350E-1	-8.000000E-5	-7.090000E-5	-6.500000E-7	2.400000E-8	-3.900000E-7	0.000000E+0	0.000000E+0	1.964247E-4	2.976042E-9	0.000000E+0	0.000000E+0	1.999959E+1	0.000000E+0	4.000000E+0
28-Apr-25	11:08:31	-1.000000E-5	5.292450E-1	-8.000000E-5	-7.080000E-5	-5.000000E-7	1.880000E-7	-2.940000E-7	0.000000E+0	0.000000E+0	1.964247E-4	2.976042E-9	0.000000E+0	0.000000E+0	1.999959E+1	0.000000E+0	4.000000E+0
28-Apr-25	11:08:31	-1.000000E-5	5.385100E-1	-8.000000E-5	-7.090000E-5	-9.000000E-7	2.360000E-7	-7.600000E-8	0.000000E+0	0.000000E+0	1.964247E-4	2.976042E-9	0.000000E+0	0.000000E+0	1.999959E+1	0.000000E+0	4.000000E+0
28-Apr-25	11:08:32	-1.000000E-5	5.483600E-1	-8.000000E-5	-7.095000E-5	-8.500000E-7	1.280000E-7	3.000000E-8	0.000000E+0	0.000000E+0	1.964247E-4	2.976042E-9	0.000000E+0	0.000000E+0	1.999959E+1	0.000000E+0	4.000000E+0
28-Apr-25	11:08:32	-1.000000E-5	5.573450E-1	-8.000000E-5	-7.070000E-5	-8.500000E-7	5.400000E-8	-4.200000E-8	0.000000E+0	0.000000E+0	1.964247E-4	2.976042E-9	0.000000E+0	0.000000E+0	1.999959E+1	0.000000E+0	4.000000E+0
28-Apr-25	11:08:33	-1.000000E-5	5.663300E-1	-8.000000E-5	-7.080000E-5	-9.500000E-7	1.020000E-7	-1.260000E-7	0.000000E+0	0.000000E+0	1.964247E-4	2.976042E-9	0.000000E+0	0.000000E+0	1.999959E+1	0.000000E+0	4.000000E+0
28-Apr-25	11:08:33	-1.000000E-5	5.753350E-1	-8.000000E-5	-7.080000E-5	-7.000000E-7	1.460000E-7	-8.600000E-8	0.000000E+0	0.000000E+0	1.964247E-4	2.976042E-9	0.000000E+0	0.000000E+0	1.999959E+1	0.000000E+0	4.000000E+0
28-Apr-25	11:08:34	-1.000000E-5	5.843400E-1	-8.000000E-5	-7.080000E-5	-6.500000E-7	4.400000E-8	3.400000E-8	0.000000E+0	0.000000E+0	1.964247E-4	2.976042E-9	0.000000E+0	0.000000E+0	1.999959E+1	0.000000E+0	4.000000E+0
28-Apr-25	11:08:34	-1.000000E-5	5.933200E-1	-8.000000E-5	-7.080000E-5	-9.000000E-7	-1.700000E-7	5.400000E-8	0.000000E+0	0.000000E+0	1.964247E-4	2.976042E-9	0.000000E+0	0.000000E+0	1.999959E+1	0.000000E+0	4.000000E+0
28-Apr-25	11:08:35	-1.000000E-5	6.023200E-1	-8.000000E-5	-7.075000E-5	-9.000000E-7	-2.320000E-7	-6.200000E-8	0.000000E+0	0.000000E+0	1.964247E-4	2.976042E-9	0.000000E+0	0.000000E+0	1.999959E+1	0.000000E+0	4.000000E+0
28-Apr-25	11:08:35	-1.000000E-5	6.113000E-1	-8.000000E-5	-7.055000E-5	-8.000000E-7	-1.620000E-7	-1.700000E-7	0.000000E+0	0.000000E+0	1.964247E-4	2.976042E-9	0.000000E+0	0.000000E+0	1.999959E+1	0.000000E+0	4.000000E+0
28-Apr-25	11:08:36	-1.000000E-5	6.202950E-1	-8.000000E-5	-7.080000E-5	-9.500000E-7	-8.600000E-8	-1.820000E-7	0.000000E+0	0.000000E+0	1.964247E-4	2.976042E-9	0.000000E+0	0.000000E+0	1.999959E+1	0.000000E+0	4.000000E+0
28-Apr-25	11:08:36	-1.000000E-5	6.292750E-1	-8.000000E-5	-7.060000E-5	-1.050000E-6	-6.000000E-8	-1.180000E-7	0.000000E+0	0.000000E+0	1.964247E-4	2.976042E-9	0.000000E+0	0.000000E+0	1.999959E+1	0.000000E+0	4.000000E+0
28-Apr-25	11:08:37	-1.000000E-5	6.400400E-1	-8.000000E-5	-7.085000E-5	-6.000000E-7	7.000000E-8	-1.200000E-8	0.000000E+0	0.000000E+0	1.964247E-4	2.976042E-9	0.000000E+0	0.000000E+0	1.999959E+1	0.000000E+0	4.000000E+0
28-Apr-25	11:08:37	-1.000000E-5	6.490300E-1	-8.000000E-5	-7.070000E-5	-7.000000E-7	1.940000E-7	6.000000E-9	0.000000E+0	0.000000E+0	1.964247E-4	2.976042E-9	0.000000E+0	0.000000E+0	1.999959E+1	0.000000E+0	4.000000E+0
28-Apr-25	11:08:38	-1.000000E-5	6.579950E-1	-8.000000E-5	-7.045000E-5	-9.500000E-7	1.680000E-7	6.000000E-9	0.000000E+0	0.000000E+0	1.964247E-4	2.976042E-9	0.000000E+0	0.000000E+0	1.999959E+1	0.000000E+0	4.000000E+0
28-Apr-25	11:08:39	-1.000000E-5	6.670000E-1	-8.000000E-5	-7.065000E-5	-8.000000E-7	4.000000E-8	7.800000E-8	0.000000E+0	0.000000E+0	1.964247E-4	2.976042E-9	0.000000E+0	0.000000E+0	1.999959E+1	0.000000E+0	4.000000E+0
28-Apr-25	11:08:39	-1.000000E-5	6.807700E-1	-8.000000E-5	-7.080000E-5	-6.000000E-7	0.000000E+0	2.080000E-7	0.000000E+0	0.000000E+0	1.964247E-4	2.976042E-9	0.000000E+0	0.000000E+0	1.999959E+1	0.000000E+0	4.000000E+0
28-Apr-25	11:08:40	-1.000000E-5	6.906700E-1	-8.000000E-5	-7.080000E-5	-7.000000E-7	1.240000E-7	1.540000E-7	0.000000E+0	0.000000E+0	1.964247E-4	2.976042E-9	0.000000E+0	0.000000E+0	1.999959E+1	0.000000E+0	4.000000E+0
28-Apr-25	11:08:40	-1.000000E-5	6.996400E-1	-8.000000E-5	-7.075000E-5	-7.500000E-7	2.300000E-7	6.800000E-8	0.000000E+0	0.000000E+0	1.964247E-4	2.976042E-9	0.000000E+0	0.000000E+0	1.999959E+1	0.000000E+0	4.000000E+0
28-Apr-25	11:08:41	-1.000000E-5	7.086300E-1	-8.000000E-5	-7.060000E-5	-7.500000E-7	2.240000E-7	0.000000E+0	0.000000E+0	0.000000E+0	1.964247E-4	2.976042E-9	0.000000E+0	0.000000E+0	1.999959E+1	0.000000E+0	4.000000E+0
28-Apr-25	11:08:41	-1.000000E-5	7.185300E-1	-8.000000E-5	-7.050000E-5	-8.500000E-7	8.600000E-8	-6.600000E-8	0.000000E+0	0.000000E+0	1.964247E-4	2.976042E-9	0.000000E+0	0.000000E+0	1.999959E+1	0.000000E+0	4.000000E+0
28-Apr-25	11:08:42	-1.000000E-5	7.275000E-1	-8.000000E-5	-7.050000E-5	-7.000000E-7	-5.000000E-8	-1.200000E-7	0.000000E+0	0.000000E+0	1.964247E-4	2.976042E-9	0.000000E+0	0.000000E+0	1.999959E+1	0.000000E+0	4.000000E+0
28-Apr-25	11:08:42	-1.000000E-5	7.364550E-1	-8.000000E-5	-7.025000E-5	-6.000000E-7	-1.360000E-7	-1.940000E-7	0.000000E+0	0.000000E+0	1.964247E-4	2.976042E-9	0.000000E+0	0.000000E+0	1.999959E+1	0.000000E+0	4.000000E+0
28-Apr-25	11:08:43	-1.000000E-5	7.454200E-1	-8.000000E-5	-6.500000E-5	-6.000000E-7	-1.480000E-7	-2.600000E-7	0.000000E+0	0.000000E+0	1.964247E-4	2.976042E-9	0.000000E+0	0.000000E+0	1.999959E+1	0.000000E+0	4.000000E+0
28-Apr-25	11:08:43	-1.000000E-5	7.544150E-1	-8.000000E-5	-6.165000E-5	-6.000000E-7	-1.440000E-7	-2.500000E-7	0.000000E+0	0.000000E+0	1.964247E-4	2.976042E-9	0.000000E+0	0.000000E+0	1.999959E+1	0.000000E+0	4.000000E+0
28-Apr-25	11:08:44	-1.000000E-5	7.625100E-1	-8.000000E-5	-6.175000E-5	-5.000000E-7	-1.580000E-7	-1.780000E-7	0.000000E+0	0.000000E+0	1.964247E-4	2.976042E-9	0.000000E+0	0.000000E+0	1.999959E+1	0.000000E+0	4.000000E+0
28-Apr-25	11:08:44	-1.000000E-5	7.715350E-1	-8.000000E-5	-6.165000E-5	-5.000000E-7	-1.880000E-7	-8.800000E-8	0.000000E+0	0.000000E+0	1.964247E-4	2.976042E-9	0.000000E+0	0.000000E+0	1.999959E+1	0.000000E+0	4.000000E+0
28-Apr-25	11:08:45	-1.000000E-5	7.795950E-1	-8.000000E-5	-6.160000E-5	-7.500000E-7	-2.180000E-7	4.400000E-8	0.000000E+0	0.000000E+0	1.964247E-4	2.976042E-9	0.000000E+0	0.000000E+0	1.999959E+1	0.000000E+0	4.000000E+0
28-Apr-25	11:08:45	-1.000000E-5	7.886100E-1	-8.000000E-5	-6.145000E-5	-5.000000E-7	-2.200000E-7	1.840000E-7	0.000000E+0	0.000000E+0	1.964247E-4	2.976042E-9	0.000000E+0	0.000000E+0	1.999959E+1	0.000000E+0	4.000000E+0
28-Apr-25	11:08:46	-1.000000E-5	7.975800E-1	-8.000000E-5	-6.140000E-5	-4.000000E-7	-2.060000E-7	2.360000E-7	0.000000E+0	0.000000E+0	1.964247E-4	2.976042E-9	0.000000E+0	0.000000E+0	1.999959E+1	0.000000E+0	4.000000E+0
28-Apr-25	11:08:46	-1.000000E-5	8.065900E-1	-8.000000E-5	-6.145000E-5	-5.500000E-7	-1.780000E-7	1.320000E-7	0.000000E+0	0.000000E+0	1.964247E-4	2.976042E-9	0.000000E+0	0.000000E+0	1.999959E+1	0.000000E+0	4.000000E+0
28-Apr-25	11:08:47	-1.000000E-5	8.155900E-1	-8.000000E-5	-6.145000E-5	-5.500000E-7	-1.060000E-7	-6.400000E-8	0.000000E+0	0.000000E+0	1.964247E-4	2.976042E-9	0.000000E+0	0.000000E+0	1.999959E+1	0.000000E+0	4.000000E+0
28-Apr-25	11:08:47	-1.000000E-5	8.236700E-1	-8.000000E-5	-6.120000E-5	-5.500000E-7	-1.800000E-8	-2.020000E-7	0.000000E+0	0.000000E+0	1.964247E-4	2.976042E-9	0.000000E+0	0.000000E+0	1.999959E+1	0.000000E+0	4.000000E+0
28-Apr-25	11:08:48	-1.000000E-5	8.326550E-1	-8.000000E-5	-6.135000E-5	-6.000000E-7	4.800000E-8	-1.940000E-7	0.000000E+0	0.000000E+0	1.964247E-4	2.976042E-9	0.000000E+0	0.000000E+0	1.999959E+1	0.000000E+0	4.000000E+0
28-Apr-25	11:08:48	-1.000000E-5	8.425200E-1	-8.000000E-5	-5.785000E-5	-5.500000E-7	-2.400000E-8	-1.220000E-7	0.000000E+0	0.000000E+0	1.964247E-4	2.976042E-9	0.000000E+0	0.000000E+0	1.999959E+1	0.000000E+0	4.000000E+0
28-Apr-25	11:08:49	-1.000000E-5	8.514950E-1	-8.000000E-5	-5.225000E-5	-4.500000E-7	-1.820000E-7	-1.140000E-7	0.000000E+0	0.000000E+0	1.964247E-4	2.976042E-9	0.000000E+0	0.000000E+0	1.999959E+1	0.000000E+0	4.000000E+0
28-Apr-25	11:08:49	-1.000000E-5	8.605100E-1	-8.000000E-5	-5.205000E-5	-3.500000E-7	-1.680000E-7	-1.000000E-7	0.000000E+0	0.000000E+0	1.964247E-4	2.976042E-9	0.000000E+0	0.000000E+0	1.999959E+1	0.000000E+0	4.000000E+0
28-Apr-25	11:08:50	-1.000000E-5	8.695000E-1	-8.000000E-5	-5.200000E-5	-4.500000E-7	5.400000E-8	-1.200000E-8	0.000000E+0	0.000000E+0	1.964247E-4	2.976042E-9	0.000000E+0	0.000000E+0	1.999959E+1	0.000000E+0	4.000000E+0
28-Apr-25	11:08:50	-1.000000E-5	8.784650E-1	-8.000000E-5	-5.200000E-5	-4.500000E-7	1.800000E-7	1.400000E-8	0.000000E+0	0.000000E+0	1.964247E-4	2.976042E-9	0.000000E+0	0.000000E+0	1.999959E+1	0.000000E+0	4.000000E+0
28-Apr-25	11:08:51	-1.000000E-5	8.874700E-1	-8.000000E-5	-5.165000E-5	-4.500000E-7	9.400000E-8	-1.140000E-7	0.000000E+0	0.000000E+0	1.964247E-4	2.976042E-9	0.000000E+0	0.000000E+0	1.999959E+1	0.000000E+0	4.000000E+0
28-Apr-25	11:08:51	-1.000000E-5	8.955500E-1	-8.000000E-5	-5.145000E-5	-3.500000E-7	-4.000000E-9	-2.220000E-7	0.000000E+0	0.000000E+0	1.964247E-4	2.976042E-9	0.000000E+0	0.000000E+0	1.999959E+1	0.000000E+0	4.000000E+0
28-Apr-25	11:08:52	-1.000000E-5	9.036750E-1	-8.000000E-5	-5.135000E-5	-4.500000E-7	-3.400000E-8	-1.660000E-7	0.000000E+0	0.000000E+0	1.964247E-4	2.976042E-9	0.000000E+0	0.000000E+0	1.999959E+1	0.000000E+0	4.000000E+0
28-Apr-25	11:08:52	-1.000000E-5	9.126450E-1	-8.000000E-5	-5.135000E-5	-4.500000E-7	-6.000000E-9	0.000000E+0	0.000000E+0	0.000000E+0	1.964247E-4	2.976042E-9	0.000000E+0	0.000000E+0	1.999959E+1	0.000000E+0	4.000000E+0
28-Apr-25	11:08:53	-1.000000E-5	9.246050E-1	-8.000000E-5	-5.125000E-5	-5.000000E-7	6.800000E-8	1.660000E-7	0.000000E+0	0.000000E+0	1.964247E-4	2.976042E-9	0.000000E+0	0.000000E+0	1.999959E+1	0.000000E+0	4.000000E+0
28-Apr-25	11:08:53	-1.000000E-5	9.344650E-1	-8.000000E-5	-5.130000E-5	-4.000000E-7	6.600000E-8	1.660000E-7	0.000000E+0	0.000000E+0	1.964247E-4	2.976042E-9	0.000000E+0	0.000000E+0	1.999959E+1	0.000000E+0	4.000000E+0
28-Apr-25	11:08:54	-1.000000E-5	9.434450E-1	-8.000000E-5	-5.115000E-5	-5.500000E-7	-3.800000E-8	1.100000E-7	0.000000E+0	0.000000E+0	1.964247E-4	2.976042E-9	0.000000E+0	0.000000E+0	1.999959E+1	0.000000E+0	4.000000E+0
28-Apr-25	11:08:55	-1.000000E-5	9.524600E-1	-8.000000E-5	-5.135000E-5	-4.000000E-7	-1.540000E-7	3.200000E-8	0.000000E+0	0.000000E+0	1.964247E-4	2.976042E-9	0.000000E+0	0.000000E+0	1.999959E+1	0.000000E+0	4.000000E+0
28-Apr-25	11:08:55	-1.000000E-5	9.650550E-1	-8.000000E-5	-5.020000E-5	-5.000000E-7	-3.200000E-8	-6.800000E-8	0.000000E+0	0.000000E+0	1.964247E-4	2.976042E-9	0.000000E+0	0.000000E+0	1.999959E+1	0.000000E+0	4.000000E+0
28-Apr-25	11:08:56	-1.000000E-5	9.761200E-1	-8.000000E-5	-3.790000E-5	-3.000000E-7	2.100000E-7	-1.520000E-7	0.000000E+0	0.000000E+0	1.964247E-4	2.976042E-9	0.000000E+0	0.000000E+0	1.999959E+1	0.000000E+0	4.000000E+0
28-Apr-25	11:08:56	-1.000000E-5	9.860150E-1	-8.000000E-5	-3.580000E-5	-2.000000E-7	2.760000E-7	-2.320000E-7	0.000000E+0	0.000000E+0	1.964247E-4	2.976042E-9	0.000000E+0	0.000000E+0	1.999959E+1	0.000000E+0	4.000000E+0
28-Apr-25	11:08:57	-1.000000E-5	9.950050E-1	-8.000000E-5	-3.585000E-5	-2.500000E-7	1.920000E-7	-2.720000E-7	0.000000E+0	0.000000E+0	1.964247E-4	2.976042E-9	0.000000E+0	0.000000E+0	1.999959E+1	0.000000E+0	4.000000E+0
28-Apr-25	11:08:58	-1.000000E-5	1.008670E+0	-8.000000E-5	-3.575000E-5	-2.500000E-7	7.400000E-8	-2.240000E-7	0.000000E+0	0.000000E+0	1.964247E-4	2.976042E-9	0.000000E+0	0.000000E+0	1.999959E+1	0.000000E+0	4.000000E+0
28-Apr-25	11:08:58	-1.000000E-5	1.021385E+0	-8.000000E-5	-3.570000E-5	-2.500000E-7	1.120000E-7	-3.600000E-8	0.000000E+0	0.000000E+0	1.964247E-4	2.976042E-9	0.000000E+0	0.000000E+0	1.999959E+1	0.000000E+0	4.000000E+0
28-Apr-25	11:08:59	-1.000000E-5	1.030350E+0	-8.000000E-5	-3.575000E-5	-2.500000E-7	1.740000E-7	1.120000E-7	0.000000E+0	0.000000E+0	1.964247E-4	2.976042E-9	0.000000E+0	0.000000E+0	1.999959E+1	0.000000E+0	4.000000E+0
28-Apr-25	11:08:59	-1.000000E-5	1.039315E+0	-8.000000E-5	-3.565000E-5	-1.500000E-7	2.280000E-7	1.700000E-7	0.000000E+0	0.000000E+0	1.964247E-4	2.976042E-9	0.000000E+0	0.000000E+0	1.999959E+1	0.000000E+0	4.000000E+0
28-Apr-25	11:09:00	-1.000000E-5	1.049235E+0	-8.000000E-5	-3.555000E-5	-2.000000E-7	2.180000E-7	9.200000E-8	0.000000E+0	0.000000E+0	1.964247E-4	2.976042E-9	0.000000E+0	0.000000E+0	1.999959E+1	0.000000E+0	4.000000E+0
28-Apr-25	11:09:00	-1.000000E-5	1.058205E+0	-8.000000E-5	-3.540000E-5	-4.000000E-7	1.980000E-7	-1.200000E-8	0.000000E+0	0.000000E+0	1.964247E-4	2.976042E-9	0.000000E+0	0.000000E+0	1.999959E+1	0.000000E+0	4.000000E+0
28-Apr-25	11:09:01	-1.000000E-5	1.068105E+0	-8.000000E-5	-3.520000E-5	-1.500000E-7	2.640000E-7	-8.200000E-8	0.000000E+0	0.000000E+0	1.964247E-4	2.976042E-9	0.000000E+0	0.000000E+0	1.999959E+1	0.000000E+0	4.000000E+0
28-Apr-25	11:09:01	-1.000000E-5	1.077235E+0	-8.000000E-5	-3.540000E-5	-2.500000E-7	3.560000E-7	-1.420000E-7	0.000000E+0	0.000000E+0	1.964247E-4	2.976042E-9	0.000000E+0	0.000000E+0	1.999959E+1	0.000000E+0	4.000000E+0
28-Apr-25	11:09:02	-1.000000E-5	1.088140E+0	-8.000000E-5	-3.550000E-5	-3.500000E-7	3.180000E-7	-1.640000E-7	0.000000E+0	0.000000E+0	1.964247E-4	2.976042E-9	0.000000E+0	0.000000E+0	1.999959E+1	0.000000E+0	4.000000E+0
28-Apr-25	11:09:02	-1.000000E-5	1.097170E+0	-8.000000E-5	-3.510000E-5	0.000000E+0	1.680000E-7	-2.020000E-7	0.000000E+0	0.000000E+0	1.964247E-4	2.976042E-9	0.000000E+0	0.000000E+0	1.999959E+1	0.000000E+0	4.000000E+0
28-Apr-25	11:09:03	-1.000000E-5	1.106115E+0	-8.000000E-5	-3.490000E-5	-2.000000E-7	2.000000E-9	-2.240000E-7	0.000000E+0	0.000000E+0	1.964247E-4	2.976042E-9	0.000000E+0	0.000000E+0	1.999959E+1	0.000000E+0	4.000000E+0
28-Apr-25	11:09:03	-1.000000E-5	1.114215E+0	-8.000000E-5	-3.505000E-5	-4.000000E-7	-7.600000E-8	-1.520000E-7	0.000000E+0	0.000000E+0	1.964247E-4	2.976042E-9	0.000000E+0	0.000000E+0	1.999959E+1	0.000000E+0	4.000000E+0
28-Apr-25	11:09:04	-1.000000E-5	1.123165E+0	-8.000000E-5	-3.530000E-5	-1.000000E-7	-9.600000E-8	-2.800000E-8	0.000000E+0	0.000000E+0	1.964247E-4	2.976042E-9	0.000000E+0	0.000000E+0	1.999959E+1	0.000000E+0	4.000000E+0
28-Apr-25	11:09:04	-1.000000E-5	1.131250E+0	-8.000000E-5	-3.570000E-5	-1.000000E-7	-7.200000E-8	2.000000E-9	0.000000E+0	0.000000E+0	1.964247E-4	2.976042E-9	0.000000E+0	0.000000E+0	1.999959E+1	0.000000E+0	4.000000E+0
28-Apr-25	11:09:05	-1.000000E-5	1.140275E+0	-8.000000E-5	-3.525000E-5	-6.000000E-7	0.000000E+0	-5.000000E-8	0.000000E+0	0.000000E+0	1.964247E-4	2.976042E-9	0.000000E+0	0.000000E+0	1.999959E+1	0.000000E+0	4.000000E+0
28-Apr-25	11:09:05	-1.000000E-5	1.149295E+0	-8.000000E-5	-3.515000E-5	-4.000000E-7	9.000000E-8	-5.400000E-8	0.000000E+0	0.000000E+0	1.964247E-4	2.976042E-9	0.000000E+0	0.000000E+0	1.999959E+1	0.000000E+0	4.000000E+0
28-Apr-25	11:09:06	-1.000000E-5	1.159145E+0	-8.000000E-5	-3.485000E-5	-5.000000E-7	1.040000E-7	4.600000E-8	0.000000E+0	0.000000E+0	1.964247E-4	2.976042E-9	0.000000E+0	0.000000E+0	1.999959E+1	0.000000E+0	4.000000E+0
28-Apr-25	11:09:07	-1.000000E-5	1.169050E+0	-8.000000E-5	-3.515000E-5	-2.500000E-7	1.000000E-8	1.360000E-7	0.000000E+0	0.000000E+0	1.964247E-4	2.976042E-9	0.000000E+0	0.000000E+0	1.999959E+1	0.000000E+0	4.000000E+0
28-Apr-25	11:09:07	-1.000000E-5	1.182505E+0	-8.000000E-5	-3.510000E-5	-2.500000E-7	-4.600000E-8	8.000000E-8	0.000000E+0	0.000000E+0	1.964247E-4	2.976042E-9	0.000000E+0	0.000000E+0	1.999959E+1	0.000000E+0	4.000000E+0
28-Apr-25	11:09:08	-1.000000E-5	1.191525E+0	-8.000000E-5	-3.500000E-5	-1.000000E-7	-2.800000E-8	-8.000000E-9	0.000000E+0	0.000000E+0	1.964247E-4	2.976042E-9	0.000000E+0	0.000000E+0	1.999959E+1	0.000000E+0	4.000000E+0
28-Apr-25	11:09:08	-1.000000E-5	1.200520E+0	-8.000000E-5	-3.490000E-5	-3.000000E-7	0.000000E+0	-8.400000E-8	0.000000E+0	0.000000E+0	1.964247E-4	2.976042E-9	0.000000E+0	0.000000E+0	1.999959E+1	0.000000E+0	4.000000E+0
28-Apr-25	11:09:09	-1.000000E-5	1.209480E+0	-8.000000E-5	-3.475000E-5	-2.000000E-7	1.400000E-8	-1.120000E-7	0.000000E+0	0.000000E+0	1.964247E-4	2.976042E-9	0.000000E+0	0.000000E+0	1.999959E+1	0.000000E+0	4.000000E+0
28-Apr-25	11:09:09	-1.000000E-5	1.218470E+0	-8.000000E-5	-3.445000E-5	-4.500000E-7	2.600000E-8	-1.220000E-7	0.000000E+0	0.000000E+0	1.964247E-4	2.976042E-9	0.000000E+0	0.000000E+0	1.999959E+1	0.000000E+0	4.000000E+0
28-Apr-25	11:09:10	-1.000000E-5	1.227455E+0	-8.000000E-5	-3.470000E-5	-3.500000E-7	3.400000E-8	-1.180000E-7	0.000000E+0	0.000000E+0	1.964247E-4	2.976042E-9	0.000000E+0	0.000000E+0	1.999959E+1	0.000000E+0	4.000000E+0
28-Apr-25	11:09:10	-1.000000E-5	1.238410E+0	-8.000000E-5	-3.490000E-5	-6.500000E-7	4.000000E-8	-3.800000E-8	0.000000E+0	0.000000E+0	1.964247E-4	2.976042E-9	0.000000E+0	0.000000E+0	1.999959E+1	0.000000E+0	4.000000E+0
28-Apr-25	11:09:11	-1.000000E-5	1.247525E+0	-8.000000E-5	-3.470000E-5	-3.500000E-7	1.800000E-8	2.400000E-8	0.000000E+0	0.000000E+0	1.964247E-4	2.976042E-9	0.000000E+0	0.000000E+0	1.999959E+1	0.000000E+0	4.000000E+0
28-Apr-25	11:09:11	-1.000000E-5	1.256500E+0	-8.000000E-5	-3.470000E-5	-6.000000E-7	-5.000000E-8	6.600000E-8	0.000000E+0	0.000000E+0	1.964247E-4	2.976042E-9	0.000000E+0	0.000000E+0	1.999959E+1	0.000000E+0	4.000000E+0
28-Apr-25	11:09:12	-1.000000E-5	1.264610E+0	-8.000000E-5	-3.430000E-5	-3.500000E-7	-1.600000E-7	1.300000E-7	0.000000E+0	0.000000E+0	1.964247E-4	2.976042E-9	0.000000E+0	0.000000E+0	1.999959E+1	0.000000E+0	4.000000E+0
28-Apr-25	11:09:12	-1.000000E-5	1.273570E+0	-8.000000E-5	-3.405000E-5	-4.500000E-7	-2.600000E-7	1.660000E-7	0.000000E+0	0.000000E+0	1.964247E-4	2.976042E-9	0.000000E+0	0.000000E+0	1.999959E+1	0.000000E+0	4.000000E+0
28-Apr-25	11:09:13	-1.000000E-5	1.284400E+0	-8.000000E-5	-3.390000E-5	-3.000000E-7	-2.540000E-7	1.040000E-7	0.000000E+0	0.000000E+0	1.964247E-4	2.976042E-9	0.000000E+0	0.000000E+0	1.999959E+1	0.000000E+0	4.000000E+0
28-Apr-25	11:09:14	-1.000000E-5	1.296975E+0	-8.000000E-5	-3.260000E-5	-4.500000E-7	-1.620000E-7	5.000000E-8	0.000000E+0	0.000000E+0	1.964247E-4	2.976042E-9	0.000000E+0	0.000000E+0	1.999959E+1	0.000000E+0	4.000000E+0
28-Apr-25	11:09:14	-1.000000E-5	1.308000E+0	-8.000000E-5	-3.255000E-5	-3.000000E-7	-1.860000E-7	1.340000E-7	0.000000E+0	0.000000E+0	1.964247E-4	2.976042E-9	0.000000E+0	0.000000E+0	1.999959E+1	0.000000E+0	4.000000E+0
28-Apr-25	11:09:15	-1.000000E-5	1.319675E+0	-8.000000E-5	-3.285000E-5	-6.500000E-7	-1.620000E-7	2.000000E-7	0.000000E+0	0.000000E+0	1.964247E-4	2.976042E-9	0.000000E+0	0.000000E+0	1.999959E+1	0.000000E+0	4.000000E+0
28-Apr-25	11:09:16	-1.000000E-5	1.328700E+0	-8.000000E-5	-3.255000E-5	-6.500000E-7	-1.380000E-7	2.840000E-7	0.000000E+0	0.000000E+0	1.964247E-4	2.976042E-9	0.000000E+0	0.000000E+0	1.999959E+1	0.000000E+0	4.000000E+0
28-Apr-25	11:09:16	-1.000000E-5	1.341450E+0	-8.000000E-5	-3.240000E-5	-6.500000E-7	-1.340000E-7	4.460000E-7	0.000000E+0	0.000000E+0	1.964247E-4	2.976042E-9	0.000000E+0	0.000000E+0	1.999959E+1	0.000000E+0	4.000000E+0
28-Apr-25	11:09:17	-1.000000E-5	1.355050E+0	-8.000000E-5	-3.250000E-5	-3.500000E-7	4.800000E-8	2.600000E-7	0.000000E+0	0.000000E+0	1.964247E-4	2.976042E-9	0.000000E+0	0.000000E+0	1.999959E+1	0.000000E+0	4.000000E+0
28-Apr-25	11:09:17	-1.000000E-5	1.365830E+0	-8.000000E-5	-3.235000E-5	-4.000000E-7	1.260000E-7	2.600000E-8	0.000000E+0	0.000000E+0	1.964247E-4	2.976042E-9	0.000000E+0	0.000000E+0	1.999959E+1	0.000000E+0	4.000000E+0
28-Apr-25	11:09:18	-1.000000E-5	1.374095E+0	-8.000000E-5	-3.225000E-5	-4.000000E-7	1.320000E-7	-4.400000E-8	0.000000E+0	0.000000E+0	1.964247E-4	2.976042E-9	0.000000E+0	0.000000E+0	1.999959E+1	0.000000E+0	4.000000E+0
28-Apr-25	11:09:18	-1.000000E-5	1.382955E+0	-8.000000E-5	-3.235000E-5	-6.000000E-7	1.400000E-7	-4.200000E-8	0.000000E+0	0.000000E+0	1.964247E-4	2.976042E-9	0.000000E+0	0.000000E+0	1.999959E+1	0.000000E+0	4.000000E+0
28-Apr-25	11:09:19	-1.000000E-5	1.391920E+0	-8.000000E-5	-3.225000E-5	-3.500000E-7	1.300000E-7	-1.800000E-8	0.000000E+0	0.000000E+0	1.964247E-4	2.976042E-9	0.000000E+0	0.000000E+0	1.999959E+1	0.000000E+0	4.000000E+0
28-Apr-25	11:09:19	-1.000000E-5	1.400000E+0	-8.000000E-5	-3.230000E-5	-2.000000E-7	7.400000E-8	2.000000E-8	0.000000E+0	0.000000E+0	1.964247E-4	2.976042E-9	0.000000E+0	0.000000E+0	1.999959E+1	0.000000E+0	4.000000E+0
28-Apr-25	11:09:20	-1.000000E-5	1.408970E+0	-8.000000E-5	-3.215000E-5	-2.000000E-7	1.400000E-8	4.400000E-8	0.000000E+0	0.000000E+0	1.964247E-4	2.976042E-9	0.000000E+0	0.000000E+0	1.999959E+1	0.000000E+0	4.000000E+0
28-Apr-25	11:09:20	-1.000000E-5	1.417060E+0	-8.000000E-5	-3.175000E-5	-3.500000E-7	-3.000000E-8	-6.000000E-9	0.000000E+0	0.000000E+0	1.964247E-4	2.976042E-9	0.000000E+0	0.000000E+0	1.999959E+1	0.000000E+0	4.000000E+0
28-Apr-25	11:09:21	-1.000000E-5	1.426045E+0	-8.000000E-5	-3.130000E-5	-3.000000E-7	-7.000000E-8	-1.040000E-7	0.000000E+0	0.000000E+0	1.964247E-4	2.976042E-9	0.000000E+0	0.000000E+0	1.999959E+1	0.000000E+0	4.000000E+0
28-Apr-25	11:09:21	-1.000000E-5	1.434155E+0	-8.000000E-5	-3.135000E-5	-1.500000E-7	-1.000000E-8	-1.440000E-7	0.000000E+0	0.000000E+0	1.964247E-4	2.976042E-9	0.000000E+0	0.000000E+0	1.999959E+1	0.000000E+0	4.000000E+0
28-Apr-25	11:09:22	-1.000000E-5	1.443125E+0	-8.000000E-5	-3.150000E-5	-2.000000E-7	1.460000E-7	-1.180000E-7	0.000000E+0	0.000000E+0	1.964247E-4	2.976042E-9	0.000000E+0	0.000000E+0	1.999959E+1	0.000000E+0	4.000000E+0
28-Apr-25	11:09:22	-1.000000E-5	1.453305E+0	-8.000000E-5	-3.140000E-5	-2.000000E-7	2.160000E-7	-8.400000E-8	0.000000E+0	0.000000E+0	1.964247E-4	2.976042E-9	0.000000E+0	0.000000E+0	1.999959E+1	0.000000E+0	4.000000E+0
28-Apr-25	11:09:23	-1.000000E-5	1.462275E+0	-8.000000E-5	-3.150000E-5	-3.000000E-7	1.420000E-7	-9.800000E-8	0.000000E+0	0.000000E+0	1.964247E-4	2.976042E-9	0.000000E+0	0.000000E+0	1.999959E+1	0.000000E+0	4.000000E+0
28-Apr-25	11:09:23	-1.000000E-5	1.472165E+0	-8.000000E-5	-3.140000E-5	-3.500000E-7	1.280000E-7	-1.560000E-7	0.000000E+0	0.000000E+0	1.964247E-4	2.976042E-9	0.000000E+0	0.000000E+0	1.999959E+1	0.000000E+0	4.000000E+0
28-Apr-25	11:09:24	-1.000000E-5	1.485650E+0	-8.000000E-5	-3.125000E-5	-3.000000E-7	2.520000E-7	-2.480000E-7	0.000000E+0	0.000000E+0	1.964247E-4	2.976042E-9	0.000000E+0	0.000000E+0	1.999959E+1	0.000000E+0	4.000000E+0
28-Apr-25	11:09:25	-1.000000E-5	1.493730E+0	-8.000000E-5	-3.115000E-5	-2.000000E-7	1.840000E-7	-2.620000E-7	0.000000E+0	0.000000E+0	1.964247E-4	2.976042E-9	0.000000E+0	0.000000E+0	1.999959E+1	0.000000E+0	4.000000E+0
28-Apr-25	11:09:25	-1.000000E-5	1.502670E+0	-8.000000E-5	-3.115000E-5	-1.500000E-7	5.000000E-8	-2.160000E-7	0.000000E+0	0.000000E+0	1.964247E-4	2.976042E-9	0.000000E+0	0.000000E+0	1.999959E+1	0.000000E+0	4.000000E+0
28-Apr-25	11:09:26	-1.000000E-5	1.511635E+0	-8.000000E-5	-3.105000E-5	-1.500000E-7	6.800000E-8	-1.500000E-7	0.000000E+0	0.000000E+0	1.964247E-4	2.976042E-9	0.000000E+0	0.000000E+0	1.999959E+1	0.000000E+0	4.000000E+0
28-Apr-25	11:09:26	-1.000000E-5	1.520585E+0	-8.000000E-5	-3.115000E-5	-1.000000E-7	1.980000E-7	-8.800000E-8	0.000000E+0	0.000000E+0	1.964247E-4	2.976042E-9	0.000000E+0	0.000000E+0	1.999959E+1	0.000000E+0	4.000000E+0
28-Apr-25	11:09:27	-1.000000E-5	1.529605E+0	-8.000000E-5	-3.080000E-5	0.000000E+0	2.220000E-7	0.000000E+0	0.000000E+0	0.000000E+0	1.964247E-4	2.976042E-9	0.000000E+0	0.000000E+0	1.999959E+1	0.000000E+0	4.000000E+0
28-Apr-25	11:09:27	-1.000000E-5	1.538565E+0	-8.000000E-5	-3.095000E-5	-1.500000E-7	9.800000E-8	6.400000E-8	0.000000E+0	0.000000E+0	1.964247E-4	2.976042E-9	0.000000E+0	0.000000E+0	1.999959E+1	0.000000E+0	4.000000E+0
28-Apr-25	11:09:27	-1.000000E-5	1.546675E+0	-8.000000E-5	-3.080000E-5	-5.000000E-7	-3.400000E-8	2.200000E-8	0.000000E+0	0.000000E+0	1.964247E-4	2.976042E-9	0.000000E+0	0.000000E+0	1.999959E+1	0.000000E+0	4.000000E+0
28-Apr-25	11:09:28	-1.000000E-5	1.555645E+0	-8.000000E-5	-3.070000E-5	-4.500000E-7	-1.440000E-7	-7.200000E-8	0.000000E+0	0.000000E+0	1.964247E-4	2.976042E-9	0.000000E+0	0.000000E+0	1.999959E+1	0.000000E+0	4.000000E+0
28-Apr-25	11:09:28	-1.000000E-5	1.564660E+0	-8.000000E-5	-3.070000E-5	-4.500000E-7	-2.280000E-7	-8.000000E-8	0.000000E+0	0.000000E+0	1.964247E-4	2.976042E-9	0.000000E+0	0.000000E+0	1.999959E+1	0.000000E+0	4.000000E+0
28-Apr-25	11:09:29	-1.000000E-5	1.573640E+0	-8.000000E-5	-3.075000E-5	-3.500000E-7	-2.880000E-7	-4.000000E-9	0.000000E+0	0.000000E+0	1.964247E-4	2.976042E-9	0.000000E+0	0.000000E+0	1.999959E+1	0.000000E+0	4.000000E+0
28-Apr-25	11:09:29	-1.000000E-5	1.581735E+0	-8.000000E-5	-3.075000E-5	-4.500000E-7	-3.040000E-7	1.000000E-8	0.000000E+0	0.000000E+0	1.964247E-4	2.976042E-9	0.000000E+0	0.000000E+0	1.999959E+1	0.000000E+0	4.000000E+0
28-Apr-25	11:09:30	-1.000000E-5	1.590715E+0	-8.000000E-5	-3.040000E-5	-2.500000E-7	-2.440000E-7	-6.000000E-8	0.000000E+0	0.000000E+0	1.964247E-4	2.976042E-9	0.000000E+0	0.000000E+0	1.999959E+1	0.000000E+0	4.000000E+0
28-Apr-25	11:09:31	-1.000000E-5	1.603580E+0	-8.000000E-5	-3.025000E-5	-3.500000E-7	5.200000E-8	-5.800000E-8	0.000000E+0	0.000000E+0	1.964247E-4	2.976042E-9	0.000000E+0	0.000000E+0	1.999959E+1	0.000000E+0	4.000000E+0
28-Apr-25	11:09:31	-1.000000E-5	1.613485E+0	-8.000000E-5	-3.000000E-5	-3.000000E-7	2.660000E-7	6.000000E-8	0.000000E+0	0.000000E+0	1.964247E-4	2.976042E-9	0.000000E+0	0.000000E+0	1.999959E+1	0.000000E+0	4.000000E+0
28-Apr-25	11:09:32	-1.000000E-5	1.621595E+0	-8.000000E-5	-3.025000E-5	-5.000000E-8	3.560000E-7	1.460000E-7	0.000000E+0	0.000000E+0	1.964247E-4	2.976042E-9	0.000000E+0	0.000000E+0	1.999959E+1	0.000000E+0	4.000000E+0
28-Apr-25	11:09:32	-1.000000E-5	1.630575E+0	-8.000000E-5	-2.970000E-5	1.000000E-7	2.560000E-7	1.500000E-7	0.000000E+0	0.000000E+0	1.964247E-4	2.976042E-9	0.000000E+0	0.000000E+0	1.999959E+1	0.000000E+0	4.000000E+0
28-Apr-25	11:09:33	-1.000000E-5	1.644200E+0	-8.000000E-5	-2.950000E-5	-3.500000E-7	-1.400000E-8	7.000000E-8	0.000000E+0	0.000000E+0	1.964247E-4	2.976042E-9	0.000000E+0	0.000000E+0	1.999959E+1	0.000000E+0	4.000000E+0
28-Apr-25	11:09:34	-1.000000E-5	1.657840E+0	-8.000000E-5	-2.990000E-5	-4.500000E-7	-2.000000E-8	0.000000E+0	0.000000E+0	0.000000E+0	1.964247E-4	2.976042E-9	0.000000E+0	0.000000E+0	1.999959E+1	0.000000E+0	4.000000E+0
28-Apr-25	11:09:34	-1.000000E-5	1.666805E+0	-8.000000E-5	-2.980000E-5	-2.000000E-7	8.600000E-8	1.020000E-7	0.000000E+0	0.000000E+0	1.964247E-4	2.976042E-9	0.000000E+0	0.000000E+0	1.999959E+1	0.000000E+0	4.000000E+0
28-Apr-25	11:09:35	-1.000000E-5	1.675800E+0	-8.000000E-5	-2.955000E-5	-3.500000E-7	2.200000E-7	2.520000E-7	0.000000E+0	0.000000E+0	1.964247E-4	2.976042E-9	0.000000E+0	0.000000E+0	1.999959E+1	0.000000E+0	4.000000E+0
28-Apr-25	11:09:35	-1.000000E-5	1.684755E+0	-8.000000E-5	-2.965000E-5	-3.000000E-7	2.700000E-7	2.360000E-7	0.000000E+0	0.000000E+0	1.964247E-4	2.976042E-9	0.000000E+0	0.000000E+0	1.999959E+1	0.000000E+0	4.000000E+0
28-Apr-25	11:09:36	-1.000000E-5	1.693765E+0	-8.000000E-5	-2.950000E-5	-3.000000E-7	1.720000E-7	6.800000E-8	0.000000E+0	0.000000E+0	1.964247E-4	2.976042E-9	0.000000E+0	0.000000E+0	1.999959E+1	0.000000E+0	4.000000E+0
28-Apr-25	11:09:36	-1.000000E-5	1.702700E+0	-8.000000E-5	-2.945000E-5	-3.500000E-7	4.000000E-8	-7.000000E-8	0.000000E+0	0.000000E+0	1.964247E-4	2.976042E-9	0.000000E+0	0.000000E+0	1.999959E+1	0.000000E+0	4.000000E+0
28-Apr-25	11:09:37	-1.000000E-5	1.710855E+0	-8.000000E-5	-2.925000E-5	-3.500000E-7	8.000000E-9	-8.400000E-8	0.000000E+0	0.000000E+0	1.964247E-4	2.976042E-9	0.000000E+0	0.000000E+0	1.999959E+1	0.000000E+0	4.000000E+0
28-Apr-25	11:09:37	-1.000000E-5	1.719845E+0	-8.000000E-5	-2.945000E-5	-3.000000E-7	6.800000E-8	-3.400000E-8	0.000000E+0	0.000000E+0	1.964247E-4	2.976042E-9	0.000000E+0	0.000000E+0	1.999959E+1	0.000000E+0	4.000000E+0
28-Apr-25	11:09:38	-1.000000E-5	1.728825E+0	-8.000000E-5	-2.915000E-5	0.000000E+0	1.420000E-7	1.800000E-8	0.000000E+0	0.000000E+0	1.964247E-4	2.976042E-9	0.000000E+0	0.000000E+0	1.999959E+1	0.000000E+0	4.000000E+0
28-Apr-25	11:09:38	-1.000000E-5	1.737805E+0	-8.000000E-5	-2.905000E-5	-5.000000E-8	1.400000E-7	4.200000E-8	0.000000E+0	0.000000E+0	1.964247E-4	2.976042E-9	0.000000E+0	0.000000E+0	1.999959E+1	0.000000E+0	4.000000E+0
28-Apr-25	11:09:39	-1.000000E-5	1.745885E+0	-8.000000E-5	-2.920000E-5	-2.000000E-7	1.000000E-7	3.200000E-8	0.000000E+0	0.000000E+0	1.964247E-4	2.976042E-9	0.000000E+0	0.000000E+0	1.999959E+1	0.000000E+0	4.000000E+0
28-Apr-25	11:09:39	-1.000000E-5	1.754895E+0	-8.000000E-5	-2.930000E-5	-4.500000E-7	8.200000E-8	-2.200000E-8	0.000000E+0	0.000000E+0	1.964247E-4	2.976042E-9	0.000000E+0	0.000000E+0	1.999959E+1	0.000000E+0	4.000000E+0
28-Apr-25	11:09:40	-1.000000E-5	1.763900E+0	-8.000000E-5	-2.915000E-5	-3.000000E-7	7.400000E-8	-9.600000E-8	0.000000E+0	0.000000E+0	1.964247E-4	2.976042E-9	0.000000E+0	0.000000E+0	1.999959E+1	0.000000E+0	4.000000E+0
28-Apr-25	11:09:40	-1.000000E-5	1.773765E+0	-8.000000E-5	-2.915000E-5	-4.000000E-7	4.600000E-8	-1.520000E-7	0.000000E+0	0.000000E+0	1.964247E-4	2.976042E-9	0.000000E+0	0.000000E+0	1.999959E+1	0.000000E+0	4.000000E+0
28-Apr-25	11:09:41	-1.000000E-5	1.782880E+0	-8.000000E-5	-2.920000E-5	-2.000000E-7	6.000000E-9	-1.920000E-7	0.000000E+0	0.000000E+0	1.964247E-4	2.976042E-9	0.000000E+0	0.000000E+0	1.999959E+1	0.000000E+0	4.000000E+0
28-Apr-25	11:09:41	-1.000000E-5	1.793810E+0	-8.000000E-5	-2.925000E-5	-3.000000E-7	-5.000000E-8	-2.220000E-7	0.000000E+0	0.000000E+0	1.964247E-4	2.976042E-9	0.000000E+0	0.000000E+0	1.999959E+1	0.000000E+0	4.000000E+0
28-Apr-25	11:09:42	-1.000000E-5	1.802820E+0	-8.000000E-5	-2.915000E-5	-1.500000E-7	-5.800000E-8	-8.600000E-8	0.000000E+0	0.000000E+0	1.964247E-4	2.976042E-9	0.000000E+0	0.000000E+0	1.999959E+1	0.000000E+0	4.000000E+0
28-Apr-25	11:09:42	-1.000000E-5	1.812720E+0	-8.000000E-5	-2.915000E-5	-5.000000E-8	6.000000E-9	1.280000E-7	0.000000E+0	0.000000E+0	1.964247E-4	2.976042E-9	0.000000E+0	0.000000E+0	1.999959E+1	0.000000E+0	4.000000E+0
28-Apr-25	11:09:43	-1.000000E-5	1.821685E+0	-8.000000E-5	-2.910000E-5	-5.000000E-8	1.120000E-7	2.440000E-7	0.000000E+0	0.000000E+0	1.964247E-4	2.976042E-9	0.000000E+0	0.000000E+0	1.999959E+1	0.000000E+0	4.000000E+0
28-Apr-25	11:09:43	-1.000000E-5	1.829775E+0	-8.000000E-5	-2.880000E-5	-1.500000E-7	2.060000E-7	1.800000E-7	0.000000E+0	0.000000E+0	1.964247E-4	2.976042E-9	0.000000E+0	0.000000E+0	1.999959E+1	0.000000E+0	4.000000E+0
28-Apr-25	11:09:44	-1.000000E-5	1.838730E+0	-8.000000E-5	-2.870000E-5	-4.000000E-7	2.340000E-7	4.000000E-8	0.000000E+0	0.000000E+0	1.964247E-4	2.976042E-9	0.000000E+0	0.000000E+0	1.999959E+1	0.000000E+0	4.000000E+0
28-Apr-25	11:09:44	-1.000000E-5	1.846835E+0	-8.000000E-5	-2.890000E-5	-2.000000E-7	1.700000E-7	-9.200000E-8	0.000000E+0	0.000000E+0	1.964247E-4	2.976042E-9	0.000000E+0	0.000000E+0	1.999959E+1	0.000000E+0	4.000000E+0
28-Apr-25	11:09:45	-1.000000E-5	1.855835E+0	-8.000000E-5	-2.875000E-5	-5.000000E-8	7.600000E-8	-1.680000E-7	0.000000E+0	0.000000E+0	1.964247E-4	2.976042E-9	0.000000E+0	0.000000E+0	1.999959E+1	0.000000E+0	4.000000E+0
28-Apr-25	11:09:45	-1.000000E-5	1.864795E+0	-8.000000E-5	-2.890000E-5	5.000000E-8	2.200000E-8	-1.940000E-7	0.000000E+0	0.000000E+0	1.964247E-4	2.976042E-9	0.000000E+0	0.000000E+0	1.999959E+1	0.000000E+0	4.000000E+0
28-Apr-25	11:09:46	-1.000000E-5	1.877540E+0	-8.000000E-5	-2.850000E-5	-6.000000E-7	3.600000E-8	-1.520000E-7	0.000000E+0	0.000000E+0	1.964247E-4	2.976042E-9	0.000000E+0	0.000000E+0	1.999959E+1	0.000000E+0	4.000000E+0
28-Apr-25	11:09:47	-1.000000E-5	1.892055E+0	-8.000000E-5	-2.845000E-5	-2.500000E-7	9.200000E-8	-2.400000E-8	0.000000E+0	0.000000E+0	1.964247E-4	2.976042E-9	0.000000E+0	0.000000E+0	1.999959E+1	0.000000E+0	4.000000E+0
28-Apr-25	11:09:47	-1.000000E-5	1.901990E+0	-8.000000E-5	-2.870000E-5	-3.000000E-7	6.000000E-9	2.600000E-8	0.000000E+0	0.000000E+0	1.964247E-4	2.976042E-9	0.000000E+0	0.000000E+0	1.999959E+1	0.000000E+0	4.000000E+0
28-Apr-25	11:09:48	-1.000000E-5	1.910965E+0	-8.000000E-5	-2.875000E-5	-2.000000E-7	-1.260000E-7	1.160000E-7	0.000000E+0	0.000000E+0	1.964247E-4	2.976042E-9	0.000000E+0	0.000000E+0	1.999959E+1	0.000000E+0	4.000000E+0
28-Apr-25	11:09:48	-1.000000E-5	1.919945E+0	-8.000000E-5	-2.865000E-5	-2.500000E-7	-1.940000E-7	2.480000E-7	0.000000E+0	0.000000E+0	1.964247E-4	2.976042E-9	0.000000E+0	0.000000E+0	1.999959E+1	0.000000E+0	4.000000E+0
28-Apr-25	11:09:49	-1.000000E-5	1.928925E+0	-8.000000E-5	-2.865000E-5	-1.000000E-7	-1.640000E-7	2.780000E-7	0.000000E+0	0.000000E+0	1.964247E-4	2.976042E-9	0.000000E+0	0.000000E+0	1.999959E+1	0.000000E+0	4.000000E+0
28-Apr-25	11:09:49	-1.000000E-5	1.938815E+0	-8.000000E-5	-2.865000E-5	0.000000E+0	-1.400000E-8	1.080000E-7	0.000000E+0	0.000000E+0	1.964247E-4	2.976042E-9	0.000000E+0	0.000000E+0	1.999959E+1	0.000000E+0	4.000000E+0
28-Apr-25	11:09:50	-1.000000E-5	1.948105E+0	-8.000000E-5	-2.830000E-5	-1.500000E-7	1.360000E-7	-8.800000E-8	0.000000E+0	0.000000E+0	1.964247E-4	2.976042E-9	0.000000E+0	0.000000E+0	1.999959E+1	0.000000E+0	4.000000E+0
28-Apr-25	11:09:50	-1.000000E-5	1.956215E+0	-8.000000E-5	-2.815000E-5	-3.500000E-7	1.960000E-7	-2.400000E-7	0.000000E+0	0.000000E+0	1.964247E-4	2.976042E-9	0.000000E+0	0.000000E+0	1.999959E+1	0.000000E+0	4.000000E+0
28-Apr-25	11:09:51	-1.000000E-5	1.965185E+0	-8.000000E-5	-2.855000E-5	-1.500000E-7	1.800000E-7	-3.520000E-7	0.000000E+0	0.000000E+0	1.964247E-4	2.976042E-9	0.000000E+0	0.000000E+0	1.999959E+1	0.000000E+0	4.000000E+0
28-Apr-25	11:09:51	-1.000000E-5	1.974175E+0	-8.000000E-5	-2.870000E-5	-1.000000E-7	1.280000E-7	-3.620000E-7	0.000000E+0	0.000000E+0	1.964247E-4	2.976042E-9	0.000000E+0	0.000000E+0	1.999959E+1	0.000000E+0	4.000000E+0
28-Apr-25	11:09:52	-1.000000E-5	1.983160E+0	-8.000000E-5	-2.840000E-5	-1.500000E-7	1.060000E-7	-2.620000E-7	0.000000E+0	0.000000E+0	1.964247E-4	2.976042E-9	0.000000E+0	0.000000E+0	1.999959E+1	0.000000E+0	4.000000E+0
28-Apr-25	11:09:53	-1.000000E-5	1.992150E+0	-8.000000E-5	-2.850000E-5	-3.000000E-7	1.320000E-7	-1.600000E-7	0.000000E+0	0.000000E+0	1.964247E-4	2.976042E-9	0.000000E+0	0.000000E+0	1.999959E+1	0.000000E+0	4.000000E+0
28-Apr-25	11:09:53	-1.000000E-5	2.004725E+0	-8.000000E-5	-2.825000E-5	-2.500000E-7	1.360000E-7	-1.620000E-7	0.000000E+0	0.000000E+0	1.964247E-4	2.976042E-9	0.000000E+0	0.000000E+0	1.999959E+1	0.000000E+0	4.000000E+0
28-Apr-25	11:09:54	-1.000000E-5	2.018515E+0	-8.000000E-5	-2.830000E-5	-3.000000E-7	-2.000000E-8	-6.200000E-8	0.000000E+0	0.000000E+0	1.964247E-4	2.976042E-9	0.000000E+0	0.000000E+0	1.999959E+1	0.000000E+0	4.000000E+0
28-Apr-25	11:09:54	-1.000000E-5	2.029275E+0	-8.000000E-5	-2.825000E-5	-3.500000E-7	-8.800000E-8	8.000000E-8	0.000000E+0	0.000000E+0	1.964247E-4	2.976042E-9	0.000000E+0	0.000000E+0	1.999959E+1	0.000000E+0	4.000000E+0
28-Apr-25	11:09:55	-1.000000E-5	2.037370E+0	-8.000000E-5	-2.820000E-5	-2.500000E-7	-4.000000E-8	8.200000E-8	0.000000E+0	0.000000E+0	1.964247E-4	2.976042E-9	0.000000E+0	0.000000E+0	1.999959E+1	0.000000E+0	4.000000E+0
28-Apr-25	11:09:55	-1.000000E-5	2.046370E+0	-8.000000E-5	-2.825000E-5	-2.500000E-7	4.400000E-8	2.000000E-9	0.000000E+0	0.000000E+0	1.964247E-4	2.976042E-9	0.000000E+0	0.000000E+0	1.999959E+1	0.000000E+0	4.000000E+0
28-Apr-25	11:09:56	-1.000000E-5	2.056255E+0	-8.000000E-5	-2.815000E-5	-1.500000E-7	1.240000E-7	-7.200000E-8	0.000000E+0	0.000000E+0	1.964247E-4	2.976042E-9	0.000000E+0	0.000000E+0	1.999959E+1	0.000000E+0	4.000000E+0
28-Apr-25	11:09:56	-1.000000E-5	2.064330E+0	-8.000000E-5	-2.820000E-5	-2.500000E-7	1.300000E-7	-4.600000E-8	0.000000E+0	0.000000E+0	1.964247E-4	2.976042E-9	0.000000E+0	0.000000E+0	1.999959E+1	0.000000E+0	4.000000E+0
28-Apr-25	11:09:57	-1.000000E-5	2.073315E+0	-8.000000E-5	-2.810000E-5	-2.000000E-7	3.600000E-8	8.200000E-8	0.000000E+0	0.000000E+0	1.964247E-4	2.976042E-9	0.000000E+0	0.000000E+0	1.999959E+1	0.000000E+0	4.000000E+0
28-Apr-25	11:09:57	-1.000000E-5	2.083210E+0	-8.000000E-5	-2.835000E-5	-4.000000E-7	-9.000000E-8	1.880000E-7	0.000000E+0	0.000000E+0	1.964247E-4	2.976042E-9	0.000000E+0	0.000000E+0	1.999959E+1	0.000000E+0	4.000000E+0
28-Apr-25	11:09:58	-1.000000E-5	2.092185E+0	-8.000000E-5	-2.835000E-5	-2.000000E-7	-1.900000E-7	1.960000E-7	0.000000E+0	0.000000E+0	1.964247E-4	2.976042E-9	0.000000E+0	0.000000E+0	1.999959E+1	0.000000E+0	4.000000E+0
28-Apr-25	11:09:58	-1.000000E-5	2.102080E+0	-8.000000E-5	-2.825000E-5	-1.500000E-7	-1.640000E-7	4.200000E-8	0.000000E+0	0.000000E+0	1.964247E-4	2.976042E-9	0.000000E+0	0.000000E+0	1.999959E+1	0.000000E+0	4.000000E+0
28-Apr-25	11:09:59	-1.000000E-5	2.110160E+0	-8.000000E-5	-2.830000E-5	-1.500000E-7	-1.200000E-8	-1.220000E-7	0.000000E+0	0.000000E+0	1.964247E-4	2.976042E-9	0.000000E+0	0.000000E+0	1.999959E+1	0.000000E+0	4.000000E+0
28-Apr-25	11:09:59	-1.000000E-5	2.119470E+0	-8.000000E-5	-2.825000E-5	-2.500000E-7	1.500000E-7	-1.720000E-7	0.000000E+0	0.000000E+0	1.964247E-4	2.976042E-9	0.000000E+0	0.000000E+0	1.999959E+1	0.000000E+0	4.000000E+0
28-Apr-25	11:10:00	-1.000000E-5	2.130235E+0	-8.000000E-5	-2.810000E-5	-3.000000E-7	2.020000E-7	-4.000000E-9	0.000000E+0	0.000000E+0	1.964247E-4	2.976042E-9	0.000000E+0	0.000000E+0	1.999959E+1	0.000000E+0	4.000000E+0
28-Apr-25	11:10:01	-1.000000E-5	2.139260E+0	-8.000000E-5	-2.825000E-5	-4.500000E-7	1.120000E-7	2.080000E-7	0.000000E+0	0.000000E+0	1.964247E-4	2.976042E-9	0.000000E+0	0.000000E+0	1.999959E+1	0.000000E+0	4.000000E+0
28-Apr-25	11:10:01	-1.000000E-5	2.149425E+0	-8.000000E-5	-2.815000E-5	-4.000000E-7	6.000000E-9	2.980000E-7	0.000000E+0	0.000000E+0	1.964247E-4	2.976042E-9	0.000000E+0	0.000000E+0	1.999959E+1	0.000000E+0	4.000000E+0
28-Apr-25	11:10:02	-1.000000E-5	2.158390E+0	-8.000000E-5	-2.815000E-5	-3.500000E-7	0.000000E+0	2.100000E-7	0.000000E+0	0.000000E+0	1.964247E-4	2.976042E-9	0.000000E+0	0.000000E+0	1.999959E+1	0.000000E+0	4.000000E+0
28-Apr-25	11:10:02	-1.000000E-5	2.167375E+0	-8.000000E-5	-2.825000E-5	-3.500000E-7	1.020000E-7	7.800000E-8	0.000000E+0	0.000000E+0	1.964247E-4	2.976042E-9	0.000000E+0	0.000000E+0	1.999959E+1	0.000000E+0	4.000000E+0
28-Apr-25	11:10:03	-1.000000E-5	2.176355E+0	-8.000000E-5	-2.820000E-5	-3.000000E-7	2.100000E-7	-4.200000E-8	0.000000E+0	0.000000E+0	1.964247E-4	2.976042E-9	0.000000E+0	0.000000E+0	1.999959E+1	0.000000E+0	4.000000E+0
28-Apr-25	11:10:03	-1.000000E-5	2.185360E+0	-8.000000E-5	-2.810000E-5	-1.000000E-7	1.720000E-7	-1.820000E-7	0.000000E+0	0.000000E+0	1.964247E-4	2.976042E-9	0.000000E+0	0.000000E+0	1.999959E+1	0.000000E+0	4.000000E+0
28-Apr-25	11:10:04	-1.000000E-5	2.193445E+0	-8.000000E-5	-2.825000E-5	-1.000000E-7	7.200000E-8	-2.640000E-7	0.000000E+0	0.000000E+0	1.964247E-4	2.976042E-9	0.000000E+0	0.000000E+0	1.999959E+1	0.000000E+0	4.000000E+0
28-Apr-25	11:10:04	-1.000000E-5	2.202445E+0	-8.000000E-5	-2.835000E-5	-1.500000E-7	1.020000E-7	-2.320000E-7	0.000000E+0	0.000000E+0	1.964247E-4	2.976042E-9	0.000000E+0	0.000000E+0	1.999959E+1	0.000000E+0	4.000000E+0
28-Apr-25	11:10:05	-1.000000E-5	2.211395E+0	-8.000000E-5	-2.825000E-5	-3.500000E-7	1.800000E-7	-1.500000E-7	0.000000E+0	0.000000E+0	1.964247E-4	2.976042E-9	0.000000E+0	0.000000E+0	1.999959E+1	0.000000E+0	4.000000E+0
28-Apr-25	11:10:05	-1.000000E-5	2.221300E+0	-8.000000E-5	-2.820000E-5	-3.000000E-7	7.000000E-8	-1.140000E-7	0.000000E+0	0.000000E+0	1.964247E-4	2.976042E-9	0.000000E+0	0.000000E+0	1.999959E+1	0.000000E+0	4.000000E+0
28-Apr-25	11:10:06	-1.000000E-5	2.230300E+0	-8.000000E-5	-2.820000E-5	-1.500000E-7	-7.000000E-8	-1.660000E-7	0.000000E+0	0.000000E+0	1.964247E-4	2.976042E-9	0.000000E+0	0.000000E+0	1.999959E+1	0.000000E+0	4.000000E+0
28-Apr-25	11:10:06	-1.000000E-5	2.239280E+0	-8.000000E-5	-2.815000E-5	-1.000000E-7	-1.140000E-7	-2.400000E-7	0.000000E+0	0.000000E+0	1.964247E-4	2.976042E-9	0.000000E+0	0.000000E+0	1.999959E+1	0.000000E+0	4.000000E+0
28-Apr-25	11:10:07	-1.000000E-5	2.248250E+0	-8.000000E-5	-2.810000E-5	-5.000000E-8	-7.600000E-8	-2.280000E-7	0.000000E+0	0.000000E+0	1.964247E-4	2.976042E-9	0.000000E+0	0.000000E+0	1.999959E+1	0.000000E+0	4.000000E+0
28-Apr-25	11:10:07	-1.000000E-5	2.257215E+0	-8.000000E-5	-2.825000E-5	-2.000000E-7	-5.000000E-8	-1.380000E-7	0.000000E+0	0.000000E+0	1.964247E-4	2.976042E-9	0.000000E+0	0.000000E+0	1.999959E+1	0.000000E+0	4.000000E+0
28-Apr-25	11:10:08	-1.000000E-5	2.266200E+0	-8.000000E-5	-2.810000E-5	-2.500000E-7	-2.400000E-8	-5.200000E-8	0.000000E+0	0.000000E+0	1.964247E-4	2.976042E-9	0.000000E+0	0.000000E+0	1.999959E+1	0.000000E+0	4.000000E+0
28-Apr-25	11:10:08	-1.000000E-5	2.277895E+0	-8.000000E-5	-2.810000E-5	-2.500000E-7	6.000000E-8	4.800000E-8	0.000000E+0	0.000000E+0	1.964247E-4	2.976042E-9	0.000000E+0	0.000000E+0	1.999959E+1	0.000000E+0	4.000000E+0
28-Apr-25	11:10:09	-1.000000E-5	2.287205E+0	-8.000000E-5	-2.790000E-5	-1.500000E-7	5.200000E-8	7.600000E-8	0.000000E+0	0.000000E+0	1.964247E-4	2.976042E-9	0.000000E+0	0.000000E+0	1.999959E+1	0.000000E+0	4.000000E+0
28-Apr-25	11:10:09	-1.000000E-5	2.296175E+0	-8.000000E-5	-2.775000E-5	5.000000E-8	-5.200000E-8	2.200000E-8	0.000000E+0	0.000000E+0	1.964247E-4	2.976042E-9	0.000000E+0	0.000000E+0	1.999959E+1	0.000000E+0	4.000000E+0
28-Apr-25	11:10:10	-1.000000E-5	2.307860E+0	-8.000000E-5	-2.790000E-5	-5.000000E-8	-1.420000E-7	-9.000000E-8	0.000000E+0	0.000000E+0	1.964247E-4	2.976042E-9	0.000000E+0	0.000000E+0	1.999959E+1	0.000000E+0	4.000000E+0
28-Apr-25	11:10:10	-1.000000E-5	2.316840E+0	-8.000000E-5	-2.785000E-5	-2.000000E-7	-9.800000E-8	-1.200000E-7	0.000000E+0	0.000000E+0	1.964247E-4	2.976042E-9	0.000000E+0	0.000000E+0	1.999959E+1	0.000000E+0	4.000000E+0
28-Apr-25	11:10:11	-1.000000E-5	2.326760E+0	-8.000000E-5	-2.785000E-5	-1.500000E-7	-4.800000E-8	-5.600000E-8	0.000000E+0	0.000000E+0	1.964247E-4	2.976042E-9	0.000000E+0	0.000000E+0	1.999959E+1	0.000000E+0	4.000000E+0
28-Apr-25	11:10:11	-1.000000E-5	2.334840E+0	-8.000000E-5	-2.790000E-5	-2.500000E-7	-7.200000E-8	0.000000E+0	0.000000E+0	0.000000E+0	1.964247E-4	2.976042E-9	0.000000E+0	0.000000E+0	1.999959E+1	0.000000E+0	4.000000E+0
28-Apr-25	11:10:12	-1.000000E-5	2.343835E+0	-8.000000E-5	-2.800000E-5	-2.500000E-7	-1.080000E-7	-2.000000E-9	0.000000E+0	0.000000E+0	1.964247E-4	2.976042E-9	0.000000E+0	0.000000E+0	1.999959E+1	0.000000E+0	4.000000E+0
28-Apr-25	11:10:12	-1.000000E-5	2.352810E+0	-8.000000E-5	-2.780000E-5	-1.500000E-7	-1.440000E-7	-3.600000E-8	0.000000E+0	0.000000E+0	1.964247E-4	2.976042E-9	0.000000E+0	0.000000E+0	1.999959E+1	0.000000E+0	4.000000E+0
28-Apr-25	11:10:13	-1.000000E-5	2.361790E+0	-8.000000E-5	-2.765000E-5	-3.000000E-7	-1.800000E-7	-4.600000E-8	0.000000E+0	0.000000E+0	1.964247E-4	2.976042E-9	0.000000E+0	0.000000E+0	1.999959E+1	0.000000E+0	4.000000E+0
28-Apr-25	11:10:13	-1.000000E-5	2.370780E+0	-8.000000E-5	-2.770000E-5	-3.500000E-7	-1.400000E-7	-7.400000E-8	0.000000E+0	0.000000E+0	1.964247E-4	2.976042E-9	0.000000E+0	0.000000E+0	1.999959E+1	0.000000E+0	4.000000E+0
28-Apr-25	11:10:14	-1.000000E-5	2.379790E+0	-8.000000E-5	-2.765000E-5	-3.500000E-7	-1.000000E-8	-1.780000E-7	0.000000E+0	0.000000E+0	1.964247E-4	2.976042E-9	0.000000E+0	0.000000E+0	1.999959E+1	0.000000E+0	4.000000E+0
28-Apr-25	11:10:14	-1.000000E-5	2.388750E+0	-8.000000E-5	-2.765000E-5	-3.000000E-7	4.200000E-8	-2.420000E-7	0.000000E+0	0.000000E+0	1.964247E-4	2.976042E-9	0.000000E+0	0.000000E+0	1.999959E+1	0.000000E+0	4.000000E+0
28-Apr-25	11:10:15	-1.000000E-5	2.397760E+0	-8.000000E-5	-2.790000E-5	-1.000000E-7	-7.200000E-8	-1.760000E-7	0.000000E+0	0.000000E+0	1.964247E-4	2.976042E-9	0.000000E+0	0.000000E+0	1.999959E+1	0.000000E+0	4.000000E+0
28-Apr-25	11:10:15	-1.000000E-5	2.406725E+0	-8.000000E-5	-2.785000E-5	-3.000000E-7	-2.760000E-7	-7.200000E-8	0.000000E+0	0.000000E+0	1.964247E-4	2.976042E-9	0.000000E+0	0.000000E+0	1.999959E+1	0.000000E+0	4.000000E+0
28-Apr-25	11:10:16	-1.000000E-5	2.415865E+0	-8.000000E-5	-2.765000E-5	-4.500000E-7	-3.700000E-7	-1.200000E-8	0.000000E+0	0.000000E+0	1.964247E-4	2.976042E-9	0.000000E+0	0.000000E+0	1.999959E+1	0.000000E+0	4.000000E+0
28-Apr-25	11:10:16	-1.000000E-5	2.423820E+0	-8.000000E-5	-2.760000E-5	-3.000000E-7	-2.520000E-7	-4.000000E-9	0.000000E+0	0.000000E+0	1.964247E-4	2.976042E-9	0.000000E+0	0.000000E+0	1.999959E+1	0.000000E+0	4.000000E+0
28-Apr-25	11:10:17	-1.000000E-5	2.433115E+0	-8.000000E-5	-2.760000E-5	-2.500000E-7	-5.800000E-8	-4.600000E-8	0.000000E+0	0.000000E+0	1.964247E-4	2.976042E-9	0.000000E+0	0.000000E+0	1.999959E+1	0.000000E+0	4.000000E+0
28-Apr-25	11:10:17	-1.000000E-5	2.442060E+0	-8.000000E-5	-2.775000E-5	-3.000000E-7	7.600000E-8	-1.220000E-7	0.000000E+0	0.000000E+0	1.964247E-4	2.976042E-9	0.000000E+0	0.000000E+0	1.999959E+1	0.000000E+0	4.000000E+0
28-Apr-25	11:10:18	-1.000000E-5	2.454630E+0	-8.000000E-5	-2.785000E-5	-2.000000E-7	1.540000E-7	-1.620000E-7	0.000000E+0	0.000000E+0	1.964247E-4	2.976042E-9	0.000000E+0	0.000000E+0	1.999959E+1	0.000000E+0	4.000000E+0
28-Apr-25	11:10:19	-1.000000E-5	2.465460E+0	-8.000000E-5	-2.770000E-5	-1.000000E-7	1.440000E-7	-1.200000E-7	0.000000E+0	0.000000E+0	1.964247E-4	2.976042E-9	0.000000E+0	0.000000E+0	1.999959E+1	0.000000E+0	4.000000E+0
28-Apr-25	11:10:19	-1.000000E-5	2.474435E+0	-8.000000E-5	-2.755000E-5	-2.000000E-7	1.600000E-7	-7.000000E-8	0.000000E+0	0.000000E+0	1.964247E-4	2.976042E-9	0.000000E+0	0.000000E+0	1.999959E+1	0.000000E+0	4.000000E+0
28-Apr-25	11:10:20	-1.000000E-5	2.483420E+0	-8.000000E-5	-2.755000E-5	-2.000000E-7	2.600000E-7	-2.600000E-8	0.000000E+0	0.000000E+0	1.964247E-4	2.976042E-9	0.000000E+0	0.000000E+0	1.999959E+1	0.000000E+0	4.000000E+0
28-Apr-25	11:10:20	-1.000000E-5	2.492405E+0	-8.000000E-5	-2.755000E-5	-2.000000E-7	2.620000E-7	2.600000E-8	0.000000E+0	0.000000E+0	1.964247E-4	2.976042E-9	0.000000E+0	0.000000E+0	1.999959E+1	0.000000E+0	4.000000E+0
28-Apr-25	11:10:21	-1.000000E-5	2.501395E+0	-8.000000E-5	-2.735000E-5	-1.500000E-7	6.600000E-8	8.600000E-8	0.000000E+0	0.000000E+0	1.964247E-4	2.976042E-9	0.000000E+0	0.000000E+0	1.999959E+1	0.000000E+0	4.000000E+0
28-Apr-25	11:10:21	-1.000000E-5	2.510390E+0	-8.000000E-5	-2.740000E-5	5.000000E-8	-1.440000E-7	8.600000E-8	0.000000E+0	0.000000E+0	1.964247E-4	2.976042E-9	0.000000E+0	0.000000E+0	1.999959E+1	0.000000E+0	4.000000E+0
28-Apr-25	11:10:22	-1.000000E-5	2.523285E+0	-8.000000E-5	-2.760000E-5	-2.500000E-7	-1.480000E-7	-7.200000E-8	0.000000E+0	0.000000E+0	1.964247E-4	2.976042E-9	0.000000E+0	0.000000E+0	1.999959E+1	0.000000E+0	4.000000E+0
28-Apr-25	11:10:22	-1.000000E-5	2.532260E+0	-8.000000E-5	-2.760000E-5	-2.500000E-7	-8.400000E-8	-1.300000E-7	0.000000E+0	0.000000E+0	1.964247E-4	2.976042E-9	0.000000E+0	0.000000E+0	1.999959E+1	0.000000E+0	4.000000E+0
28-Apr-25	11:10:23	-1.000000E-5	2.540325E+0	-8.000000E-5	-2.740000E-5	-2.500000E-7	-1.000000E-7	-8.200000E-8	0.000000E+0	0.000000E+0	1.964247E-4	2.976042E-9	0.000000E+0	0.000000E+0	1.999959E+1	0.000000E+0	4.000000E+0
28-Apr-25	11:10:23	-1.000000E-5	2.548410E+0	-8.000000E-5	-2.760000E-5	-1.500000E-7	-1.300000E-7	1.000000E-8	0.000000E+0	0.000000E+0	1.964247E-4	2.976042E-9	0.000000E+0	0.000000E+0	1.999959E+1	0.000000E+0	4.000000E+0
28-Apr-25	11:10:24	-1.000000E-5	2.557405E+0	-8.000000E-5	-2.775000E-5	-1.500000E-7	-1.100000E-7	1.020000E-7	0.000000E+0	0.000000E+0	1.964247E-4	2.976042E-9	0.000000E+0	0.000000E+0	1.999959E+1	0.000000E+0	4.000000E+0
28-Apr-25	11:10:25	-1.000000E-5	2.569095E+0	-8.000000E-5	-2.775000E-5	0.000000E+0	-1.040000E-7	1.240000E-7	0.000000E+0	0.000000E+0	1.964247E-4	2.976042E-9	0.000000E+0	0.000000E+0	1.999959E+1	0.000000E+0	4.000000E+0
28-Apr-25	11:10:25	-1.000000E-5	2.581675E+0	-8.000000E-5	-2.750000E-5	-3.500000E-7	-9.000000E-8	7.600000E-8	0.000000E+0	0.000000E+0	1.964247E-4	2.976042E-9	0.000000E+0	0.000000E+0	1.999959E+1	0.000000E+0	4.000000E+0
28-Apr-25	11:10:26	-1.000000E-5	2.589760E+0	-8.000000E-5	-2.745000E-5	-3.000000E-7	1.800000E-8	6.400000E-8	0.000000E+0	0.000000E+0	1.964247E-4	2.976042E-9	0.000000E+0	0.000000E+0	1.999959E+1	0.000000E+0	4.000000E+0
28-Apr-25	11:10:26	-1.000000E-5	2.598755E+0	-8.000000E-5	-2.770000E-5	-2.000000E-7	1.040000E-7	-6.000000E-9	0.000000E+0	0.000000E+0	1.964247E-4	2.976042E-9	0.000000E+0	0.000000E+0	1.999959E+1	0.000000E+0	4.000000E+0
28-Apr-25	11:10:27	-1.000000E-5	2.610720E+0	-8.000000E-5	-2.755000E-5	-2.500000E-7	2.000000E-9	-1.360000E-7	0.000000E+0	0.000000E+0	1.964247E-4	2.976042E-9	0.000000E+0	0.000000E+0	1.999959E+1	0.000000E+0	4.000000E+0
28-Apr-25	11:10:27	-1.000000E-5	2.623280E+0	-8.000000E-5	-2.725000E-5	-1.500000E-7	-1.920000E-7	-1.020000E-7	0.000000E+0	0.000000E+0	1.964247E-4	2.976042E-9	0.000000E+0	0.000000E+0	1.999959E+1	0.000000E+0	4.000000E+0
28-Apr-25	11:10:28	-1.000000E-5	2.632230E+0	-8.000000E-5	-2.745000E-5	-3.000000E-7	-1.760000E-7	-6.600000E-8	0.000000E+0	0.000000E+0	1.964247E-4	2.976042E-9	0.000000E+0	0.000000E+0	1.999959E+1	0.000000E+0	4.000000E+0
28-Apr-25	11:10:28	-1.000000E-5	2.641160E+0	-8.000000E-5	-2.765000E-5	-3.500000E-7	-1.000000E-7	-1.280000E-7	0.000000E+0	0.000000E+0	1.964247E-4	2.976042E-9	0.000000E+0	0.000000E+0	1.999959E+1	0.000000E+0	4.000000E+0
28-Apr-25	11:10:29	-1.000000E-5	2.650085E+0	-8.000000E-5	-2.755000E-5	-1.500000E-7	-4.200000E-8	-2.800000E-7	0.000000E+0	0.000000E+0	1.964247E-4	2.976042E-9	0.000000E+0	0.000000E+0	1.999959E+1	0.000000E+0	4.000000E+0
28-Apr-25	11:10:30	-1.000000E-5	2.659855E+0	-8.000000E-5	-2.755000E-5	-3.500000E-7	5.200000E-8	-3.740000E-7	0.000000E+0	0.000000E+0	1.964247E-4	2.976042E-9	0.000000E+0	0.000000E+0	1.999959E+1	0.000000E+0	4.000000E+0
28-Apr-25	11:10:30	-1.000000E-5	2.668720E+0	-8.000000E-5	-2.760000E-5	-4.000000E-7	1.000000E-7	-2.780000E-7	0.000000E+0	0.000000E+0	1.964247E-4	2.976042E-9	0.000000E+0	0.000000E+0	1.999959E+1	0.000000E+0	4.000000E+0
28-Apr-25	11:10:31	-1.000000E-5	2.677555E+0	-8.000000E-5	-2.730000E-5	-3.000000E-7	4.200000E-8	-1.860000E-7	0.000000E+0	0.000000E+0	1.964247E-4	2.976042E-9	0.000000E+0	0.000000E+0	1.999959E+1	0.000000E+0	4.000000E+0
28-Apr-25	11:10:31	-1.000000E-5	2.685495E+0	-8.000000E-5	-2.745000E-5	-4.000000E-7	-1.200000E-8	-2.280000E-7	0.000000E+0	0.000000E+0	1.964247E-4	2.976042E-9	0.000000E+0	0.000000E+0	1.999959E+1	0.000000E+0	4.000000E+0
28-Apr-25	11:10:31	-1.000000E-5	2.694285E+0	-8.000000E-5	-2.760000E-5	-4.500000E-7	1.000000E-8	-3.100000E-7	0.000000E+0	0.000000E+0	1.964247E-4	2.976042E-9	0.000000E+0	0.000000E+0	1.999959E+1	0.000000E+0	4.000000E+0
28-Apr-25	11:10:32	-1.000000E-5	2.702185E+0	-8.000000E-5	-2.765000E-5	-5.000000E-8	5.400000E-8	-2.900000E-7	0.000000E+0	0.000000E+0	1.964247E-4	2.976042E-9	0.000000E+0	0.000000E+0	1.999959E+1	0.000000E+0	4.000000E+0
28-Apr-25	11:10:32	-1.000000E-5	2.710920E+0	-8.000000E-5	-2.760000E-5	-2.000000E-7	4.000000E-8	-1.740000E-7	0.000000E+0	0.000000E+0	1.964247E-4	2.976042E-9	0.000000E+0	0.000000E+0	1.999959E+1	0.000000E+0	4.000000E+0
28-Apr-25	11:10:33	-1.000000E-5	2.719625E+0	-8.000000E-5	-2.770000E-5	-6.000000E-7	-4.000000E-9	-7.400000E-8	0.000000E+0	0.000000E+0	1.964247E-4	2.976042E-9	0.000000E+0	0.000000E+0	1.999959E+1	0.000000E+0	4.000000E+0
28-Apr-25	11:10:33	-1.000000E-5	2.727450E+0	-8.000000E-5	-2.750000E-5	-2.500000E-7	-5.800000E-8	-5.800000E-8	0.000000E+0	0.000000E+0	1.964247E-4	2.976042E-9	0.000000E+0	0.000000E+0	1.999959E+1	0.000000E+0	4.000000E+0
28-Apr-25	11:10:34	-1.000000E-5	2.736120E+0	-8.000000E-5	-2.735000E-5	-2.500000E-7	-1.300000E-7	-9.000000E-8	0.000000E+0	0.000000E+0	1.964247E-4	2.976042E-9	0.000000E+0	0.000000E+0	1.999959E+1	0.000000E+0	4.000000E+0
28-Apr-25	11:10:34	-1.000000E-5	2.744775E+0	-8.000000E-5	-2.735000E-5	-4.500000E-7	-1.640000E-7	-1.340000E-7	0.000000E+0	0.000000E+0	1.964247E-4	2.976042E-9	0.000000E+0	0.000000E+0	1.999959E+1	0.000000E+0	4.000000E+0
28-Apr-25	11:10:35	-1.000000E-5	2.753385E+0	-8.000000E-5	-2.725000E-5	-1.500000E-7	-1.440000E-7	-1.760000E-7	0.000000E+0	0.000000E+0	1.964247E-4	2.976042E-9	0.000000E+0	0.000000E+0	1.999959E+1	0.000000E+0	4.000000E+0
28-Apr-25	11:10:35	-1.000000E-5	2.761105E+0	-8.000000E-5	-2.740000E-5	0.000000E+0	-9.800000E-8	-2.320000E-7	0.000000E+0	0.000000E+0	1.964247E-4	2.976042E-9	0.000000E+0	0.000000E+0	1.999959E+1	0.000000E+0	4.000000E+0
28-Apr-25	11:10:36	-1.000000E-5	2.769675E+0	-8.000000E-5	-2.740000E-5	-3.000000E-7	-6.200000E-8	-2.540000E-7	0.000000E+0	0.000000E+0	1.964247E-4	2.976042E-9	0.000000E+0	0.000000E+0	1.999959E+1	0.000000E+0	4.000000E+0
28-Apr-25	11:10:36	-1.000000E-5	2.779930E+0	-8.000000E-5	-2.740000E-5	-2.500000E-7	-4.600000E-8	-1.320000E-7	0.000000E+0	0.000000E+0	1.964247E-4	2.976042E-9	0.000000E+0	0.000000E+0	1.999959E+1	0.000000E+0	4.000000E+0
28-Apr-25	11:10:37	-1.000000E-5	2.788450E+0	-8.000000E-5	-2.725000E-5	-3.500000E-7	-2.600000E-8	-2.000000E-8	0.000000E+0	0.000000E+0	1.964247E-4	2.976042E-9	0.000000E+0	0.000000E+0	1.999959E+1	0.000000E+0	4.000000E+0
28-Apr-25	11:10:38	-1.000000E-5	2.797935E+0	-8.000000E-5	-2.735000E-5	-3.500000E-7	-3.400000E-8	-7.600000E-8	0.000000E+0	0.000000E+0	1.964247E-4	2.976042E-9	0.000000E+0	0.000000E+0	1.999959E+1	0.000000E+0	4.000000E+0
28-Apr-25	11:10:38	-1.000000E-5	2.806250E+0	-8.000000E-5	-2.740000E-5	-2.500000E-7	-1.380000E-7	-1.900000E-7	0.000000E+0	0.000000E+0	1.964247E-4	2.976042E-9	0.000000E+0	0.000000E+0	1.999959E+1	0.000000E+0	4.000000E+0
28-Apr-25	11:10:39	-1.000000E-5	2.814830E+0	-8.000000E-5	-2.750000E-5	-2.000000E-7	-2.560000E-7	-2.380000E-7	0.000000E+0	0.000000E+0	1.964247E-4	2.976042E-9	0.000000E+0	0.000000E+0	1.999959E+1	0.000000E+0	4.000000E+0
28-Apr-25	11:10:39	-1.000000E-5	2.825065E+0	-8.000000E-5	-2.720000E-5	-1.500000E-7	-2.320000E-7	-1.240000E-7	0.000000E+0	0.000000E+0	1.964247E-4	2.976042E-9	0.000000E+0	0.000000E+0	1.999959E+1	0.000000E+0	4.000000E+0
28-Apr-25	11:10:40	-1.000000E-5	2.833445E+0	-8.000000E-5	-2.720000E-5	-2.000000E-7	-1.020000E-7	6.800000E-8	0.000000E+0	0.000000E+0	1.964247E-4	2.976042E-9	0.000000E+0	0.000000E+0	1.999959E+1	0.000000E+0	4.000000E+0
28-Apr-25	11:10:40	-1.000000E-5	2.840980E+0	-8.000000E-5	-2.735000E-5	-1.500000E-7	-4.000000E-8	1.580000E-7	0.000000E+0	0.000000E+0	1.964247E-4	2.976042E-9	0.000000E+0	0.000000E+0	1.999959E+1	0.000000E+0	4.000000E+0
28-Apr-25	11:10:41	-1.000000E-5	2.849325E+0	-8.000000E-5	-2.745000E-5	-2.000000E-7	-5.600000E-8	9.600000E-8	0.000000E+0	0.000000E+0	1.964247E-4	2.976042E-9	0.000000E+0	0.000000E+0	1.999959E+1	0.000000E+0	4.000000E+0
28-Apr-25	11:10:41	-1.000000E-5	2.860130E+0	-8.000000E-5	-2.740000E-5	-3.000000E-7	-8.000000E-8	-6.200000E-8	0.000000E+0	0.000000E+0	1.964247E-4	2.976042E-9	0.000000E+0	0.000000E+0	1.999959E+1	0.000000E+0	4.000000E+0
28-Apr-25	11:10:42	-1.000000E-5	2.868405E+0	-8.000000E-5	-2.720000E-5	-2.000000E-7	-7.400000E-8	-1.400000E-7	0.000000E+0	0.000000E+0	1.964247E-4	2.976042E-9	0.000000E+0	0.000000E+0	1.999959E+1	0.000000E+0	4.000000E+0
28-Apr-25	11:10:42	-1.000000E-5	2.875840E+0	-8.000000E-5	-2.725000E-5	-3.000000E-7	-7.800000E-8	-1.840000E-7	0.000000E+0	0.000000E+0	1.964247E-4	2.976042E-9	0.000000E+0	0.000000E+0	1.999959E+1	0.000000E+0	4.000000E+0
28-Apr-25	11:10:43	-1.000000E-5	2.884075E+0	-8.000000E-5	-2.720000E-5	-4.000000E-7	-9.800000E-8	-2.000000E-7	0.000000E+0	0.000000E+0	1.964247E-4	2.976042E-9	0.000000E+0	0.000000E+0	1.999959E+1	0.000000E+0	4.000000E+0
28-Apr-25	11:10:43	-1.000000E-5	2.892280E+0	-8.000000E-5	-2.720000E-5	-3.000000E-7	-8.400000E-8	-1.840000E-7	0.000000E+0	0.000000E+0	1.964247E-4	2.976042E-9	0.000000E+0	0.000000E+0	1.999959E+1	0.000000E+0	4.000000E+0
28-Apr-25	11:10:44	-1.000000E-5	2.900475E+0	-8.000000E-5	-2.730000E-5	-1.000000E-7	-3.000000E-8	-1.420000E-7	0.000000E+0	0.000000E+0	1.964247E-4	2.976042E-9	0.000000E+0	0.000000E+0	1.999959E+1	0.000000E+0	4.000000E+0
28-Apr-25	11:10:44	-1.000000E-5	2.908620E+0	-8.000000E-5	-2.730000E-5	-3.000000E-7	-2.000000E-8	-1.260000E-7	0.000000E+0	0.000000E+0	1.964247E-4	2.976042E-9	0.000000E+0	0.000000E+0	1.999959E+1	0.000000E+0	4.000000E+0
28-Apr-25	11:10:45	-1.000000E-5	2.917040E+0	-8.000000E-5	-2.730000E-5	-3.000000E-7	-6.800000E-8	-1.940000E-7	0.000000E+0	0.000000E+0	1.964247E-4	2.976042E-9	0.000000E+0	0.000000E+0	1.999959E+1	0.000000E+0	4.000000E+0
28-Apr-25	11:10:45	-1.000000E-5	2.927595E+0	-8.000000E-5	-2.730000E-5	-3.000000E-7	-7.000000E-8	-2.880000E-7	0.000000E+0	0.000000E+0	1.964247E-4	2.976042E-9	0.000000E+0	0.000000E+0	1.999959E+1	0.000000E+0	4.000000E+0
28-Apr-25	11:10:46	-1.000000E-5	2.935685E+0	-8.000000E-5	-2.720000E-5	-2.500000E-7	-1.600000E-8	-2.300000E-7	0.000000E+0	0.000000E+0	1.964247E-4	2.976042E-9	0.000000E+0	0.000000E+0	1.999959E+1	0.000000E+0	4.000000E+0
28-Apr-25	11:10:46	-1.000000E-5	2.942945E+0	-8.000000E-5	-2.715000E-5	-3.500000E-7	3.000000E-8	-1.380000E-7	0.000000E+0	0.000000E+0	1.964247E-4	2.976042E-9	0.000000E+0	0.000000E+0	1.999959E+1	0.000000E+0	4.000000E+0
28-Apr-25	11:10:47	-1.000000E-5	2.952600E+0	-8.000000E-5	-2.710000E-5	-3.500000E-7	7.000000E-8	-9.600000E-8	0.000000E+0	0.000000E+0	1.964247E-4	2.976042E-9	0.000000E+0	0.000000E+0	1.999959E+1	0.000000E+0	4.000000E+0
28-Apr-25	11:10:47	-1.000000E-5	2.959815E+0	-8.000000E-5	-2.710000E-5	-3.000000E-7	7.800000E-8	-1.060000E-7	0.000000E+0	0.000000E+0	1.964247E-4	2.976042E-9	0.000000E+0	0.000000E+0	1.999959E+1	0.000000E+0	4.000000E+0
28-Apr-25	11:10:48	-1.000000E-5	2.967815E+0	-8.000000E-5	-2.715000E-5	-1.000000E-7	3.800000E-8	-1.500000E-7	0.000000E+0	0.000000E+0	1.964247E-4	2.976042E-9	0.000000E+0	0.000000E+0	1.999959E+1	0.000000E+0	4.000000E+0
28-Apr-25	11:10:48	-1.000000E-5	2.975790E+0	-8.000000E-5	-2.720000E-5	-3.000000E-7	0.000000E+0	-1.820000E-7	0.000000E+0	0.000000E+0	1.964247E-4	2.976042E-9	0.000000E+0	0.000000E+0	1.999959E+1	0.000000E+0	4.000000E+0
28-Apr-25	11:10:49	-1.000000E-5	2.983740E+0	-8.000000E-5	-2.720000E-5	-1.500000E-7	2.800000E-8	-1.420000E-7	0.000000E+0	0.000000E+0	1.964247E-4	2.976042E-9	0.000000E+0	0.000000E+0	1.999959E+1	0.000000E+0	4.000000E+0
28-Apr-25	11:10:49	-1.000000E-5	2.991660E+0	-8.000000E-5	-2.740000E-5	1.500000E-7	6.200000E-8	-6.600000E-8	0.000000E+0	0.000000E+0	1.964247E-4	2.976042E-9	0.000000E+0	0.000000E+0	1.999959E+1	0.000000E+0	4.000000E+0
28-Apr-25	11:10:50	-1.000000E-5	2.999565E+0	-8.000000E-5	-2.720000E-5	-3.000000E-7	2.400000E-8	-3.400000E-8	0.000000E+0	0.000000E+0	1.964247E-4	2.976042E-9	0.000000E+0	0.000000E+0	1.999959E+1	0.000000E+0	4.000000E+0
28-Apr-25	11:10:50	-1.000000E-5	3.006660E+0	-8.000000E-5	-2.720000E-5	-3.500000E-7	-4.400000E-8	6.000000E-9	0.000000E+0	0.000000E+0	1.964247E-4	2.976042E-9	0.000000E+0	0.000000E+0	1.999959E+1	0.000000E+0	4.000000E+0
28-Apr-25	11:10:51	-1.000000E-5	3.016090E+0	-8.000000E-5	-2.715000E-5	-1.500000E-7	-1.740000E-7	5.600000E-8	0.000000E+0	0.000000E+0	1.964247E-4	2.976042E-9	0.000000E+0	0.000000E+0	1.999959E+1	0.000000E+0	4.000000E+0
28-Apr-25	11:10:51	-1.000000E-5	3.024190E+0	-8.000000E-5	-2.725000E-5	-4.500000E-7	-2.920000E-7	3.200000E-8	0.000000E+0	0.000000E+0	1.964247E-4	2.976042E-9	0.000000E+0	0.000000E+0	1.999959E+1	0.000000E+0	4.000000E+0
28-Apr-25	11:10:52	-1.000000E-5	3.031990E+0	-8.000000E-5	-2.735000E-5	-4.500000E-7	-2.600000E-7	1.800000E-8	0.000000E+0	0.000000E+0	1.964247E-4	2.976042E-9	0.000000E+0	0.000000E+0	1.999959E+1	0.000000E+0	4.000000E+0
28-Apr-25	11:10:53	-1.000000E-5	3.041320E+0	-8.000000E-5	-2.735000E-5	-2.500000E-7	0.000000E+0	9.000000E-8	0.000000E+0	0.000000E+0	1.964247E-4	2.976042E-9	0.000000E+0	0.000000E+0	1.999959E+1	0.000000E+0	4.000000E+0
28-Apr-25	11:10:53	-1.000000E-5	3.049090E+0	-8.000000E-5	-2.720000E-5	-2.500000E-7	1.960000E-7	1.100000E-7	0.000000E+0	0.000000E+0	1.964247E-4	2.976042E-9	0.000000E+0	0.000000E+0	1.999959E+1	0.000000E+0	4.000000E+0
28-Apr-25	11:10:54	-1.000000E-5	3.057590E+0	-8.000000E-5	-2.710000E-5	-1.500000E-7	2.660000E-7	5.200000E-8	0.000000E+0	0.000000E+0	1.964247E-4	2.976042E-9	0.000000E+0	0.000000E+0	1.999959E+1	0.000000E+0	4.000000E+0
28-Apr-25	11:10:54	-1.000000E-5	3.065315E+0	-8.000000E-5	-2.695000E-5	-3.500000E-7	1.260000E-7	-4.000000E-9	0.000000E+0	0.000000E+0	1.964247E-4	2.976042E-9	0.000000E+0	0.000000E+0	1.999959E+1	0.000000E+0	4.000000E+0
28-Apr-25	11:10:55	-1.000000E-5	3.073005E+0	-8.000000E-5	-2.715000E-5	-4.000000E-7	-1.880000E-7	-1.040000E-7	0.000000E+0	0.000000E+0	1.964247E-4	2.976042E-9	0.000000E+0	0.000000E+0	1.999959E+1	0.000000E+0	4.000000E+0
28-Apr-25	11:10:55	-1.000000E-5	3.082200E+0	-8.000000E-5	-2.725000E-5	-3.500000E-7	-5.280000E-7	-2.800000E-7	0.000000E+0	0.000000E+0	1.964247E-4	2.976042E-9	0.000000E+0	0.000000E+0	1.999959E+1	0.000000E+0	4.000000E+0
28-Apr-25	11:10:56	-1.000000E-5	3.089845E+0	-8.000000E-5	-2.725000E-5	-3.000000E-7	-4.880000E-7	-2.540000E-7	0.000000E+0	0.000000E+0	1.964247E-4	2.976042E-9	0.000000E+0	0.000000E+0	1.999959E+1	0.000000E+0	4.000000E+0
28-Apr-25	11:10:56	-1.000000E-5	3.097460E+0	-8.000000E-5	-2.720000E-5	-1.000000E-7	-3.380000E-7	-7.600000E-8	0.000000E+0	0.000000E+0	1.964247E-4	2.976042E-9	0.000000E+0	0.000000E+0	1.999959E+1	0.000000E+0	4.000000E+0
28-Apr-25	11:10:57	-1.000000E-5	3.109080E+0	-8.000000E-5	-2.715000E-5	-3.000000E-7	-2.240000E-7	1.400000E-7	0.000000E+0	0.000000E+0	1.964247E-4	2.976042E-9	0.000000E+0	0.000000E+0	1.999959E+1	0.000000E+0	4.000000E+0
28-Apr-25	11:10:57	-1.000000E-5	3.116645E+0	-8.000000E-5	-2.715000E-5	-4.000000E-7	-2.140000E-7	1.180000E-7	0.000000E+0	0.000000E+0	1.964247E-4	2.976042E-9	0.000000E+0	0.000000E+0	1.999959E+1	0.000000E+0	4.000000E+0
28-Apr-25	11:10:58	-1.000000E-5	3.124185E+0	-8.000000E-5	-2.730000E-5	-2.000000E-7	-2.240000E-7	7.200000E-8	0.000000E+0	0.000000E+0	1.964247E-4	2.976042E-9	0.000000E+0	0.000000E+0	1.999959E+1	0.000000E+0	4.000000E+0
28-Apr-25	11:10:58	-1.000000E-5	3.131710E+0	-8.000000E-5	-2.725000E-5	-3.000000E-7	-2.480000E-7	5.600000E-8	0.000000E+0	0.000000E+0	1.964247E-4	2.976042E-9	0.000000E+0	0.000000E+0	1.999959E+1	0.000000E+0	4.000000E+0
28-Apr-25	11:10:59	-1.000000E-5	3.139215E+0	-8.000000E-5	-2.710000E-5	-2.500000E-7	-2.660000E-7	5.600000E-8	0.000000E+0	0.000000E+0	1.964247E-4	2.976042E-9	0.000000E+0	0.000000E+0	1.999959E+1	0.000000E+0	4.000000E+0
28-Apr-25	11:11:00	-1.000000E-5	3.149680E+0	-8.000000E-5	-2.705000E-5	-2.500000E-7	-1.040000E-7	1.040000E-7	0.000000E+0	0.000000E+0	1.964247E-4	2.976042E-9	0.000000E+0	0.000000E+0	1.999959E+1	0.000000E+0	4.000000E+0
28-Apr-25	11:11:00	-1.000000E-5	3.160340E+0	-8.000000E-5	-2.720000E-5	-1.500000E-7	2.380000E-7	1.240000E-7	0.000000E+0	0.000000E+0	1.964247E-4	2.976042E-9	0.000000E+0	0.000000E+0	1.999959E+1	0.000000E+0	4.000000E+0
28-Apr-25	11:11:01	-1.000000E-5	3.167750E+0	-8.000000E-5	-2.715000E-5	-3.000000E-7	3.020000E-7	7.200000E-8	0.000000E+0	0.000000E+0	1.964247E-4	2.976042E-9	0.000000E+0	0.000000E+0	1.999959E+1	0.000000E+0	4.000000E+0
28-Apr-25	11:11:01	-1.000000E-5	3.175160E+0	-8.000000E-5	-2.710000E-5	-2.500000E-7	2.280000E-7	6.000000E-9	0.000000E+0	0.000000E+0	1.964247E-4	2.976042E-9	0.000000E+0	0.000000E+0	1.999959E+1	0.000000E+0	4.000000E+0
28-Apr-25	11:11:02	-1.000000E-5	3.181785E+0	-8.000000E-5	-2.695000E-5	-1.500000E-7	1.320000E-7	-1.400000E-8	0.000000E+0	0.000000E+0	1.964247E-4	2.976042E-9	0.000000E+0	0.000000E+0	1.999959E+1	0.000000E+0	4.000000E+0
28-Apr-25	11:11:02	-1.000000E-5	3.189140E+0	-8.000000E-5	-2.700000E-5	-5.000000E-8	2.400000E-8	2.200000E-8	0.000000E+0	0.000000E+0	1.964247E-4	2.976042E-9	0.000000E+0	0.000000E+0	1.999959E+1	0.000000E+0	4.000000E+0
28-Apr-25	11:11:03	-1.000000E-5	3.196350E+0	-8.000000E-5	-2.705000E-5	-1.000000E-7	-1.080000E-7	3.000000E-8	0.000000E+0	0.000000E+0	1.964247E-4	2.976042E-9	0.000000E+0	0.000000E+0	1.999959E+1	0.000000E+0	4.000000E+0
28-Apr-25	11:11:03	-1.000000E-5	3.203540E+0	-8.000000E-5	-2.695000E-5	-2.000000E-7	-2.060000E-7	-1.140000E-7	0.000000E+0	0.000000E+0	1.964247E-4	2.976042E-9	0.000000E+0	0.000000E+0	1.999959E+1	0.000000E+0	4.000000E+0
28-Apr-25	11:11:04	-1.000000E-5	3.210100E+0	-8.000000E-5	-2.690000E-5	-4.000000E-7	-1.940000E-7	-3.160000E-7	0.000000E+0	0.000000E+0	1.964247E-4	2.976042E-9	0.000000E+0	0.000000E+0	1.999959E+1	0.000000E+0	4.000000E+0
28-Apr-25	11:11:04	-1.000000E-5	3.217390E+0	-8.000000E-5	-2.705000E-5	-3.500000E-7	-7.400000E-8	-3.720000E-7	0.000000E+0	0.000000E+0	1.964247E-4	2.976042E-9	0.000000E+0	0.000000E+0	1.999959E+1	0.000000E+0	4.000000E+0
28-Apr-25	11:11:05	-1.000000E-5	3.227765E+0	-8.000000E-5	-2.710000E-5	-1.500000E-7	1.120000E-7	-2.580000E-7	0.000000E+0	0.000000E+0	1.964247E-4	2.976042E-9	0.000000E+0	0.000000E+0	1.999959E+1	0.000000E+0	4.000000E+0
28-Apr-25	11:11:05	-1.000000E-5	3.234985E+0	-8.000000E-5	-2.710000E-5	-5.000000E-8	1.280000E-7	-1.580000E-7	0.000000E+0	0.000000E+0	1.964247E-4	2.976042E-9	0.000000E+0	0.000000E+0	1.999959E+1	0.000000E+0	4.000000E+0
28-Apr-25	11:11:06	-1.000000E-5	3.242185E+0	-8.000000E-5	-2.695000E-5	-4.000000E-7	4.000000E-8	-1.400000E-8	0.000000E+0	0.000000E+0	1.964247E-4	2.976042E-9	0.000000E+0	0.000000E+0	1.999959E+1	0.000000E+0	4.000000E+0
28-Apr-25	11:11:06	-1.000000E-5	3.249370E+0	-8.000000E-5	-2.700000E-5	-5.000000E-7	-5.600000E-8	1.200000E-7	0.000000E+0	0.000000E+0	1.964247E-4	2.976042E-9	0.000000E+0	0.000000E+0	1.999959E+1	0.000000E+0	4.000000E+0
28-Apr-25	11:11:07	-1.000000E-5	3.256515E+0	-8.000000E-5	-2.705000E-5	-1.000000E-7	-8.800000E-8	1.320000E-7	0.000000E+0	0.000000E+0	1.964247E-4	2.976042E-9	0.000000E+0	0.000000E+0	1.999959E+1	0.000000E+0	4.000000E+0
28-Apr-25	11:11:08	-1.000000E-5	3.264350E+0	-8.000000E-5	-2.725000E-5	-3.000000E-7	-4.400000E-8	2.800000E-8	0.000000E+0	0.000000E+0	1.964247E-4	2.976042E-9	0.000000E+0	0.000000E+0	1.999959E+1	0.000000E+0	4.000000E+0
28-Apr-25	11:11:08	-1.000000E-5	3.271470E+0	-8.000000E-5	-2.720000E-5	-2.500000E-7	2.200000E-8	-3.800000E-8	0.000000E+0	0.000000E+0	1.964247E-4	2.976042E-9	0.000000E+0	0.000000E+0	1.999959E+1	0.000000E+0	4.000000E+0
28-Apr-25	11:11:09	-1.000000E-5	3.279270E+0	-8.000000E-5	-2.700000E-5	-2.000000E-7	5.400000E-8	-4.000000E-8	0.000000E+0	0.000000E+0	1.964247E-4	2.976042E-9	0.000000E+0	0.000000E+0	1.999959E+1	0.000000E+0	4.000000E+0
28-Apr-25	11:11:09	-1.000000E-5	3.285630E+0	-8.000000E-5	-2.705000E-5	-1.000000E-7	3.400000E-8	-3.000000E-8	0.000000E+0	0.000000E+0	1.964247E-4	2.976042E-9	0.000000E+0	0.000000E+0	1.999959E+1	0.000000E+0	4.000000E+0
28-Apr-25	11:11:10	-1.000000E-5	3.292695E+0	-8.000000E-5	-2.710000E-5	-2.000000E-7	-2.000000E-9	-8.000000E-9	0.000000E+0	0.000000E+0	1.964247E-4	2.976042E-9	0.000000E+0	0.000000E+0	1.999959E+1	0.000000E+0	4.000000E+0
28-Apr-25	11:11:10	-1.000000E-5	3.299735E+0	-8.000000E-5	-2.695000E-5	-1.000000E-7	-1.200000E-8	5.600000E-8	0.000000E+0	0.000000E+0	1.964247E-4	2.976042E-9	0.000000E+0	0.000000E+0	1.999959E+1	0.000000E+0	4.000000E+0
28-Apr-25	11:11:11	-1.000000E-5	3.306745E+0	-8.000000E-5	-2.680000E-5	-5.000000E-8	-1.200000E-8	1.360000E-7	0.000000E+0	0.000000E+0	1.964247E-4	2.976042E-9	0.000000E+0	0.000000E+0	1.999959E+1	0.000000E+0	4.000000E+0
28-Apr-25	11:11:11	-1.000000E-5	3.313725E+0	-8.000000E-5	-2.705000E-5	-2.000000E-7	-2.200000E-8	1.620000E-7	0.000000E+0	0.000000E+0	1.964247E-4	2.976042E-9	0.000000E+0	0.000000E+0	1.999959E+1	0.000000E+0	4.000000E+0
28-Apr-25	11:11:12	-1.000000E-5	3.323720E+0	-8.000000E-5	-2.705000E-5	-5.000000E-8	-7.600000E-8	9.800000E-8	0.000000E+0	0.000000E+0	1.964247E-4	2.976042E-9	0.000000E+0	0.000000E+0	1.999959E+1	0.000000E+0	4.000000E+0
28-Apr-25	11:11:12	-1.000000E-5	3.331335E+0	-8.000000E-5	-2.705000E-5	-1.500000E-7	-7.200000E-8	4.000000E-9	0.000000E+0	0.000000E+0	1.964247E-4	2.976042E-9	0.000000E+0	0.000000E+0	1.999959E+1	0.000000E+0	4.000000E+0
28-Apr-25	11:11:13	-1.000000E-5	3.338265E+0	-8.000000E-5	-2.705000E-5	-2.000000E-7	0.000000E+0	-6.200000E-8	0.000000E+0	0.000000E+0	1.964247E-4	2.976042E-9	0.000000E+0	0.000000E+0	1.999959E+1	0.000000E+0	4.000000E+0
28-Apr-25	11:11:13	-1.000000E-5	3.345870E+0	-8.000000E-5	-2.720000E-5	-3.000000E-7	1.600000E-8	-6.600000E-8	0.000000E+0	0.000000E+0	1.964247E-4	2.976042E-9	0.000000E+0	0.000000E+0	1.999959E+1	0.000000E+0	4.000000E+0
28-Apr-25	11:11:14	-1.000000E-5	3.352740E+0	-8.000000E-5	-2.715000E-5	-2.500000E-7	-4.200000E-8	6.000000E-9	0.000000E+0	0.000000E+0	1.964247E-4	2.976042E-9	0.000000E+0	0.000000E+0	1.999959E+1	0.000000E+0	4.000000E+0
28-Apr-25	11:11:14	-1.000000E-5	3.359605E+0	-8.000000E-5	-2.690000E-5	1.500000E-7	-1.140000E-7	1.540000E-7	0.000000E+0	0.000000E+0	1.964247E-4	2.976042E-9	0.000000E+0	0.000000E+0	1.999959E+1	0.000000E+0	4.000000E+0
28-Apr-25	11:11:15	-1.000000E-5	3.366445E+0	-8.000000E-5	-2.705000E-5	-5.000000E-8	-1.520000E-7	2.640000E-7	0.000000E+0	0.000000E+0	1.964247E-4	2.976042E-9	0.000000E+0	0.000000E+0	1.999959E+1	0.000000E+0	4.000000E+0
28-Apr-25	11:11:15	-1.000000E-5	3.373260E+0	-8.000000E-5	-2.710000E-5	-1.500000E-7	-1.560000E-7	2.280000E-7	0.000000E+0	0.000000E+0	1.964247E-4	2.976042E-9	0.000000E+0	0.000000E+0	1.999959E+1	0.000000E+0	4.000000E+0
28-Apr-25	11:11:16	-1.000000E-5	3.380050E+0	-8.000000E-5	-2.710000E-5	-2.500000E-7	-1.440000E-7	1.020000E-7	0.000000E+0	0.000000E+0	1.964247E-4	2.976042E-9	0.000000E+0	0.000000E+0	1.999959E+1	0.000000E+0	4.000000E+0
28-Apr-25	11:11:16	-1.000000E-5	3.386835E+0	-8.000000E-5	-2.715000E-5	-2.000000E-7	-9.200000E-8	4.000000E-9	0.000000E+0	0.000000E+0	1.964247E-4	2.976042E-9	0.000000E+0	0.000000E+0	1.999959E+1	0.000000E+0	4.000000E+0
28-Apr-25	11:11:17	-1.000000E-5	3.392915E+0	-8.000000E-5	-2.700000E-5	-2.500000E-7	-1.600000E-8	-3.800000E-8	0.000000E+0	0.000000E+0	1.964247E-4	2.976042E-9	0.000000E+0	0.000000E+0	1.999959E+1	0.000000E+0	4.000000E+0
28-Apr-25	11:11:18	-1.000000E-5	3.401015E+0	-8.000000E-5	-2.715000E-5	-2.000000E-7	0.000000E+0	-1.460000E-7	0.000000E+0	0.000000E+0	1.964247E-4	2.976042E-9	0.000000E+0	0.000000E+0	1.999959E+1	0.000000E+0	4.000000E+0
28-Apr-25	11:11:18	-1.000000E-5	3.409960E+0	-8.000000E-5	-2.740000E-5	-5.500000E-7	-4.200000E-8	-3.340000E-7	0.000000E+0	0.000000E+0	1.964247E-4	2.976042E-9	0.000000E+0	0.000000E+0	1.999959E+1	0.000000E+0	4.000000E+0
28-Apr-25	11:11:19	-1.000000E-5	3.416650E+0	-8.000000E-5	-2.730000E-5	-2.500000E-7	-3.800000E-8	-3.440000E-7	0.000000E+0	0.000000E+0	1.964247E-4	2.976042E-9	0.000000E+0	0.000000E+0	1.999959E+1	0.000000E+0	4.000000E+0
28-Apr-25	11:11:19	-1.000000E-5	3.423325E+0	-8.000000E-5	-2.710000E-5	-1.500000E-7	-4.000000E-8	-2.400000E-7	0.000000E+0	0.000000E+0	1.964247E-4	2.976042E-9	0.000000E+0	0.000000E+0	1.999959E+1	0.000000E+0	4.000000E+0
28-Apr-25	11:11:20	-1.000000E-5	3.429975E+0	-8.000000E-5	-2.715000E-5	-5.000000E-8	-5.400000E-8	-1.440000E-7	0.000000E+0	0.000000E+0	1.964247E-4	2.976042E-9	0.000000E+0	0.000000E+0	1.999959E+1	0.000000E+0	4.000000E+0
28-Apr-25	11:11:20	-1.000000E-5	3.435950E+0	-8.000000E-5	-2.695000E-5	-3.000000E-7	-6.600000E-8	-8.800000E-8	0.000000E+0	0.000000E+0	1.964247E-4	2.976042E-9	0.000000E+0	0.000000E+0	1.999959E+1	0.000000E+0	4.000000E+0
28-Apr-25	11:11:21	-1.000000E-5	3.443875E+0	-8.000000E-5	-2.720000E-5	-2.500000E-7	-7.200000E-8	-3.800000E-8	0.000000E+0	0.000000E+0	1.964247E-4	2.976042E-9	0.000000E+0	0.000000E+0	1.999959E+1	0.000000E+0	4.000000E+0
28-Apr-25	11:11:21	-1.000000E-5	3.451130E+0	-8.000000E-5	-2.705000E-5	-2.000000E-7	-9.600000E-8	3.400000E-8	0.000000E+0	0.000000E+0	1.964247E-4	2.976042E-9	0.000000E+0	0.000000E+0	1.999959E+1	0.000000E+0	4.000000E+0
28-Apr-25	11:11:22	-1.000000E-5	3.457050E+0	-8.000000E-5	-2.700000E-5	-2.500000E-7	-9.800000E-8	5.400000E-8	0.000000E+0	0.000000E+0	1.964247E-4	2.976042E-9	0.000000E+0	0.000000E+0	1.999959E+1	0.000000E+0	4.000000E+0
28-Apr-25	11:11:22	-1.000000E-5	3.463705E+0	-8.000000E-5	-2.710000E-5	-3.000000E-7	-5.000000E-8	-4.600000E-8	0.000000E+0	0.000000E+0	1.964247E-4	2.976042E-9	0.000000E+0	0.000000E+0	1.999959E+1	0.000000E+0	4.000000E+0
28-Apr-25	11:11:23	-1.000000E-5	3.470340E+0	-8.000000E-5	-2.710000E-5	-2.500000E-7	-1.200000E-8	-1.740000E-7	0.000000E+0	0.000000E+0	1.964247E-4	2.976042E-9	0.000000E+0	0.000000E+0	1.999959E+1	0.000000E+0	4.000000E+0
28-Apr-25	11:11:23	-1.000000E-5	3.476105E+0	-8.000000E-5	-2.685000E-5	-1.500000E-7	-6.000000E-9	-1.980000E-7	0.000000E+0	0.000000E+0	1.964247E-4	2.976042E-9	0.000000E+0	0.000000E+0	1.999959E+1	0.000000E+0	4.000000E+0
28-Apr-25	11:11:24	-1.000000E-5	3.482500E+0	-8.000000E-5	-2.700000E-5	-1.000000E-7	4.600000E-8	-1.320000E-7	0.000000E+0	0.000000E+0	1.964247E-4	2.976042E-9	0.000000E+0	0.000000E+0	1.999959E+1	0.000000E+0	4.000000E+0
28-Apr-25	11:11:24	-1.000000E-5	3.489840E+0	-8.000000E-5	-2.710000E-5	-1.500000E-7	1.340000E-7	-1.600000E-8	0.000000E+0	0.000000E+0	1.964247E-4	2.976042E-9	0.000000E+0	0.000000E+0	1.999959E+1	0.000000E+0	4.000000E+0
28-Apr-25	11:11:25	-1.000000E-5	3.496300E+0	-8.000000E-5	-2.695000E-5	-3.000000E-7	9.000000E-8	8.200000E-8	0.000000E+0	0.000000E+0	1.964247E-4	2.976042E-9	0.000000E+0	0.000000E+0	1.999959E+1	0.000000E+0	4.000000E+0
28-Apr-25	11:11:25	-1.000000E-5	3.502625E+0	-8.000000E-5	-2.700000E-5	-3.000000E-7	-2.800000E-8	1.620000E-7	0.000000E+0	0.000000E+0	1.964247E-4	2.976042E-9	0.000000E+0	0.000000E+0	1.999959E+1	0.000000E+0	4.000000E+0
28-Apr-25	11:11:26	-1.000000E-5	3.509795E+0	-8.000000E-5	-2.700000E-5	-3.000000E-7	-9.000000E-8	1.740000E-7	0.000000E+0	0.000000E+0	1.964247E-4	2.976042E-9	0.000000E+0	0.000000E+0	1.999959E+1	0.000000E+0	4.000000E+0
28-Apr-25	11:11:26	-1.000000E-5	3.516190E+0	-8.000000E-5	-2.695000E-5	-2.500000E-7	-5.600000E-8	1.240000E-7	0.000000E+0	0.000000E+0	1.964247E-4	2.976042E-9	0.000000E+0	0.000000E+0	1.999959E+1	0.000000E+0	4.000000E+0
28-Apr-25	11:11:27	-1.000000E-5	3.522590E+0	-8.000000E-5	-2.685000E-5	-3.000000E-7	-5.000000E-8	1.200000E-7	0.000000E+0	0.000000E+0	1.964247E-4	2.976042E-9	0.000000E+0	0.000000E+0	1.999959E+1	0.000000E+0	4.000000E+0
28-Apr-25	11:11:27	-1.000000E-5	3.529570E+0	-8.000000E-5	-2.705000E-5	-3.000000E-7	-1.000000E-7	1.100000E-7	0.000000E+0	0.000000E+0	1.964247E-4	2.976042E-9	0.000000E+0	0.000000E+0	1.999959E+1	0.000000E+0	4.000000E+0
28-Apr-25	11:11:28	-1.000000E-5	3.537185E+0	-8.000000E-5	-2.700000E-5	-2.500000E-7	-9.600000E-8	-4.200000E-8	0.000000E+0	0.000000E+0	1.964247E-4	2.976042E-9	0.000000E+0	0.000000E+0	1.999959E+1	0.000000E+0	4.000000E+0
28-Apr-25	11:11:28	-1.000000E-5	3.545390E+0	-8.000000E-5	-2.690000E-5	-1.500000E-7	-8.400000E-8	-1.300000E-7	0.000000E+0	0.000000E+0	1.964247E-4	2.976042E-9	0.000000E+0	0.000000E+0	1.999959E+1	0.000000E+0	4.000000E+0
28-Apr-25	11:11:29	-1.000000E-5	3.551695E+0	-8.000000E-5	-2.715000E-5	0.000000E+0	-1.560000E-7	-5.000000E-8	0.000000E+0	0.000000E+0	1.964247E-4	2.976042E-9	0.000000E+0	0.000000E+0	1.999959E+1	0.000000E+0	4.000000E+0
28-Apr-25	11:11:30	-1.000000E-5	3.557980E+0	-8.000000E-5	-2.720000E-5	-2.000000E-7	-2.100000E-7	2.400000E-8	0.000000E+0	0.000000E+0	1.964247E-4	2.976042E-9	0.000000E+0	0.000000E+0	1.999959E+1	0.000000E+0	4.000000E+0
28-Apr-25	11:11:30	-1.000000E-5	3.566940E+0	-8.000000E-5	-2.710000E-5	-2.000000E-7	-2.380000E-7	4.400000E-8	0.000000E+0	0.000000E+0	1.964247E-4	2.976042E-9	0.000000E+0	0.000000E+0	1.999959E+1	0.000000E+0	4.000000E+0
28-Apr-25	11:11:31	-1.000000E-5	3.573175E+0	-8.000000E-5	-2.705000E-5	-2.500000E-7	-2.720000E-7	5.600000E-8	0.000000E+0	0.000000E+0	1.964247E-4	2.976042E-9	0.000000E+0	0.000000E+0	1.999959E+1	0.000000E+0	4.000000E+0
28-Apr-25	11:11:31	-1.000000E-5	3.579385E+0	-8.000000E-5	-2.710000E-5	-2.000000E-7	-2.400000E-7	3.400000E-8	0.000000E+0	0.000000E+0	1.964247E-4	2.976042E-9	0.000000E+0	0.000000E+0	1.999959E+1	0.000000E+0	4.000000E+0
28-Apr-25	11:11:32	-1.000000E-5	3.585480E+0	-8.000000E-5	-2.710000E-5	-2.500000E-7	-1.340000E-7	-6.600000E-8	0.000000E+0	0.000000E+0	1.964247E-4	2.976042E-9	0.000000E+0	0.000000E+0	1.999959E+1	0.000000E+0	4.000000E+0
28-Apr-25	11:11:32	-1.000000E-5	3.591565E+0	-8.000000E-5	-2.695000E-5	-2.500000E-7	-9.600000E-8	-1.940000E-7	0.000000E+0	0.000000E+0	1.964247E-4	2.976042E-9	0.000000E+0	0.000000E+0	1.999959E+1	0.000000E+0	4.000000E+0
28-Apr-25	11:11:33	-1.000000E-5	3.597735E+0	-8.000000E-5	-2.695000E-5	-3.500000E-7	-1.440000E-7	-2.440000E-7	0.000000E+0	0.000000E+0	1.964247E-4	2.976042E-9	0.000000E+0	0.000000E+0	1.999959E+1	0.000000E+0	4.000000E+0
28-Apr-25	11:11:33	-1.000000E-5	3.603885E+0	-8.000000E-5	-2.690000E-5	-2.500000E-7	-1.220000E-7	-1.580000E-7	0.000000E+0	0.000000E+0	1.964247E-4	2.976042E-9	0.000000E+0	0.000000E+0	1.999959E+1	0.000000E+0	4.000000E+0
28-Apr-25	11:11:34	-1.000000E-5	3.610000E+0	-8.000000E-5	-2.685000E-5	-3.000000E-7	0.000000E+0	-1.000000E-8	0.000000E+0	0.000000E+0	1.964247E-4	2.976042E-9	0.000000E+0	0.000000E+0	1.999959E+1	0.000000E+0	4.000000E+0
28-Apr-25	11:11:34	-1.000000E-5	3.616215E+0	-8.000000E-5	-2.705000E-5	-1.000000E-7	5.400000E-8	1.080000E-7	0.000000E+0	0.000000E+0	1.964247E-4	2.976042E-9	0.000000E+0	0.000000E+0	1.999959E+1	0.000000E+0	4.000000E+0
28-Apr-25	11:11:35	-1.000000E-5	3.623020E+0	-8.000000E-5	-2.700000E-5	-1.000000E-7	-5.600000E-8	9.000000E-8	0.000000E+0	0.000000E+0	1.964247E-4	2.976042E-9	0.000000E+0	0.000000E+0	1.999959E+1	0.000000E+0	4.000000E+0
28-Apr-25	11:11:35	-1.000000E-5	3.628485E+0	-8.000000E-5	-2.685000E-5	-2.500000E-7	-1.680000E-7	-1.200000E-8	0.000000E+0	0.000000E+0	1.964247E-4	2.976042E-9	0.000000E+0	0.000000E+0	1.999959E+1	0.000000E+0	4.000000E+0
28-Apr-25	11:11:36	-1.000000E-5	3.634545E+0	-8.000000E-5	-2.685000E-5	-2.000000E-7	-1.660000E-7	-1.560000E-7	0.000000E+0	0.000000E+0	1.964247E-4	2.976042E-9	0.000000E+0	0.000000E+0	1.999959E+1	0.000000E+0	4.000000E+0
28-Apr-25	11:11:36	-1.000000E-5	3.640590E+0	-8.000000E-5	-2.710000E-5	-2.500000E-7	-6.200000E-8	-1.920000E-7	0.000000E+0	0.000000E+0	1.964247E-4	2.976042E-9	0.000000E+0	0.000000E+0	1.999959E+1	0.000000E+0	4.000000E+0
28-Apr-25	11:11:37	-1.000000E-5	3.646600E+0	-8.000000E-5	-2.705000E-5	-3.000000E-7	5.000000E-8	1.400000E-8	0.000000E+0	0.000000E+0	1.964247E-4	2.976042E-9	0.000000E+0	0.000000E+0	1.999959E+1	0.000000E+0	4.000000E+0
28-Apr-25	11:11:37	-1.000000E-5	3.653200E+0	-8.000000E-5	-2.695000E-5	-2.500000E-7	1.200000E-7	3.080000E-7	0.000000E+0	0.000000E+0	1.964247E-4	2.976042E-9	0.000000E+0	0.000000E+0	1.999959E+1	0.000000E+0	4.000000E+0
28-Apr-25	11:11:38	-1.000000E-5	3.659180E+0	-8.000000E-5	-2.695000E-5	-3.000000E-7	1.140000E-7	2.560000E-7	0.000000E+0	0.000000E+0	1.964247E-4	2.976042E-9	0.000000E+0	0.000000E+0	1.999959E+1	0.000000E+0	4.000000E+0
28-Apr-25	11:11:38	-1.000000E-5	3.665145E+0	-8.000000E-5	-2.690000E-5	-1.500000E-7	1.100000E-7	-2.000000E-9	0.000000E+0	0.000000E+0	1.964247E-4	2.976042E-9	0.000000E+0	0.000000E+0	1.999959E+1	0.000000E+0	4.000000E+0
28-Apr-25	11:11:39	-1.000000E-5	3.671095E+0	-8.000000E-5	-2.680000E-5	-2.500000E-7	1.980000E-7	-2.360000E-7	0.000000E+0	0.000000E+0	1.964247E-4	2.976042E-9	0.000000E+0	0.000000E+0	1.999959E+1	0.000000E+0	4.000000E+0
28-Apr-25	11:11:39	-1.000000E-5	3.677025E+0	-8.000000E-5	-2.690000E-5	-3.000000E-7	3.380000E-7	-3.120000E-7	0.000000E+0	0.000000E+0	1.964247E-4	2.976042E-9	0.000000E+0	0.000000E+0	1.999959E+1	0.000000E+0	4.000000E+0
28-Apr-25	11:11:40	-1.000000E-5	3.685515E+0	-8.000000E-5	-2.685000E-5	-3.500000E-7	3.420000E-7	-1.300000E-7	0.000000E+0	0.000000E+0	1.964247E-4	2.976042E-9	0.000000E+0	0.000000E+0	1.999959E+1	0.000000E+0	4.000000E+0
28-Apr-25	11:11:41	-1.000000E-5	3.692005E+0	-8.000000E-5	-2.680000E-5	-2.000000E-7	2.660000E-7	0.000000E+0	0.000000E+0	0.000000E+0	1.964247E-4	2.976042E-9	0.000000E+0	0.000000E+0	1.999959E+1	0.000000E+0	4.000000E+0
28-Apr-25	11:11:41	-1.000000E-5	3.697875E+0	-8.000000E-5	-2.700000E-5	-2.000000E-7	2.140000E-7	7.800000E-8	0.000000E+0	0.000000E+0	1.964247E-4	2.976042E-9	0.000000E+0	0.000000E+0	1.999959E+1	0.000000E+0	4.000000E+0
28-Apr-25	11:11:42	-1.000000E-5	3.703730E+0	-8.000000E-5	-2.695000E-5	-1.500000E-7	1.360000E-7	7.800000E-8	0.000000E+0	0.000000E+0	1.964247E-4	2.976042E-9	0.000000E+0	0.000000E+0	1.999959E+1	0.000000E+0	4.000000E+0
28-Apr-25	11:11:42	-1.000000E-5	3.710175E+0	-8.000000E-5	-2.700000E-5	-2.500000E-7	-1.800000E-8	3.600000E-8	0.000000E+0	0.000000E+0	1.964247E-4	2.976042E-9	0.000000E+0	0.000000E+0	1.999959E+1	0.000000E+0	4.000000E+0
28-Apr-25	11:11:43	-1.000000E-5	3.715985E+0	-8.000000E-5	-2.705000E-5	-1.000000E-7	-1.280000E-7	5.800000E-8	0.000000E+0	0.000000E+0	1.964247E-4	2.976042E-9	0.000000E+0	0.000000E+0	1.999959E+1	0.000000E+0	4.000000E+0
28-Apr-25	11:11:43	-1.000000E-5	3.721785E+0	-8.000000E-5	-2.705000E-5	-1.500000E-7	-1.760000E-7	1.040000E-7	0.000000E+0	0.000000E+0	1.964247E-4	2.976042E-9	0.000000E+0	0.000000E+0	1.999959E+1	0.000000E+0	4.000000E+0
28-Apr-25	11:11:44	-1.000000E-5	3.727005E+0	-8.000000E-5	-2.695000E-5	-2.000000E-7	-1.780000E-7	9.000000E-8	0.000000E+0	0.000000E+0	1.964247E-4	2.976042E-9	0.000000E+0	0.000000E+0	1.999959E+1	0.000000E+0	4.000000E+0
28-Apr-25	11:11:44	-1.000000E-5	3.732775E+0	-8.000000E-5	-2.685000E-5	-3.000000E-7	-1.720000E-7	-8.000000E-9	0.000000E+0	0.000000E+0	1.964247E-4	2.976042E-9	0.000000E+0	0.000000E+0	1.999959E+1	0.000000E+0	4.000000E+0
28-Apr-25	11:11:45	-1.000000E-5	3.738525E+0	-8.000000E-5	-2.675000E-5	-2.500000E-7	-1.380000E-7	-1.240000E-7	0.000000E+0	0.000000E+0	1.964247E-4	2.976042E-9	0.000000E+0	0.000000E+0	1.999959E+1	0.000000E+0	4.000000E+0
28-Apr-25	11:11:45	-1.000000E-5	3.743700E+0	-8.000000E-5	-2.680000E-5	-3.000000E-7	-2.400000E-8	-6.800000E-8	0.000000E+0	0.000000E+0	1.964247E-4	2.976042E-9	0.000000E+0	0.000000E+0	1.999959E+1	0.000000E+0	4.000000E+0
28-Apr-25	11:11:46	-1.000000E-5	3.749420E+0	-8.000000E-5	-2.695000E-5	-3.000000E-7	1.320000E-7	1.460000E-7	0.000000E+0	0.000000E+0	1.964247E-4	2.976042E-9	0.000000E+0	0.000000E+0	1.999959E+1	0.000000E+0	4.000000E+0
28-Apr-25	11:11:46	-1.000000E-5	3.755115E+0	-8.000000E-5	-2.685000E-5	-4.000000E-7	2.000000E-7	2.600000E-7	0.000000E+0	0.000000E+0	1.964247E-4	2.976042E-9	0.000000E+0	0.000000E+0	1.999959E+1	0.000000E+0	4.000000E+0
28-Apr-25	11:11:46	-1.000000E-5	3.760235E+0	-8.000000E-5	-2.670000E-5	-3.000000E-7	1.660000E-7	1.460000E-7	0.000000E+0	0.000000E+0	1.964247E-4	2.976042E-9	0.000000E+0	0.000000E+0	1.999959E+1	0.000000E+0	4.000000E+0
28-Apr-25	11:11:47	-1.000000E-5	3.765910E+0	-8.000000E-5	-2.670000E-5	-4.000000E-7	1.460000E-7	1.400000E-8	0.000000E+0	0.000000E+0	1.964247E-4	2.976042E-9	0.000000E+0	0.000000E+0	1.999959E+1	0.000000E+0	4.000000E+0
28-Apr-25	11:11:47	-1.000000E-5	3.771585E+0	-8.000000E-5	-2.665000E-5	-3.500000E-7	1.920000E-7	4.400000E-8	0.000000E+0	0.000000E+0	1.964247E-4	2.976042E-9	0.000000E+0	0.000000E+0	1.999959E+1	0.000000E+0	4.000000E+0
28-Apr-25	11:11:48	-1.000000E-5	3.776660E+0	-8.000000E-5	-2.680000E-5	-3.500000E-7	2.300000E-7	1.360000E-7	0.000000E+0	0.000000E+0	1.964247E-4	2.976042E-9	0.000000E+0	0.000000E+0	1.999959E+1	0.000000E+0	4.000000E+0
28-Apr-25	11:11:48	-1.000000E-5	3.782280E+0	-8.000000E-5	-2.690000E-5	-3.000000E-7	2.160000E-7	1.140000E-7	0.000000E+0	0.000000E+0	1.964247E-4	2.976042E-9	0.000000E+0	0.000000E+0	1.999959E+1	0.000000E+0	4.000000E+0
28-Apr-25	11:11:49	-1.000000E-5	3.788460E+0	-8.000000E-5	-2.695000E-5	-2.000000E-7	2.020000E-7	6.000000E-9	0.000000E+0	0.000000E+0	1.964247E-4	2.976042E-9	0.000000E+0	0.000000E+0	1.999959E+1	0.000000E+0	4.000000E+0
28-Apr-25	11:11:49	-1.000000E-5	3.794055E+0	-8.000000E-5	-2.690000E-5	-2.000000E-7	1.840000E-7	0.000000E+0	0.000000E+0	0.000000E+0	1.964247E-4	2.976042E-9	0.000000E+0	0.000000E+0	1.999959E+1	0.000000E+0	4.000000E+0
28-Apr-25	11:11:50	-1.000000E-5	3.799070E+0	-8.000000E-5	-2.690000E-5	-1.500000E-7	1.280000E-7	4.800000E-8	0.000000E+0	0.000000E+0	1.964247E-4	2.976042E-9	0.000000E+0	0.000000E+0	1.999959E+1	0.000000E+0	4.000000E+0
28-Apr-25	11:11:50	-1.000000E-5	3.804635E+0	-8.000000E-5	-2.695000E-5	-2.500000E-7	4.200000E-8	8.000000E-9	0.000000E+0	0.000000E+0	1.964247E-4	2.976042E-9	0.000000E+0	0.000000E+0	1.999959E+1	0.000000E+0	4.000000E+0
28-Apr-25	11:11:51	-1.000000E-5	3.810180E+0	-8.000000E-5	-2.690000E-5	-2.500000E-7	-5.600000E-8	-1.100000E-7	0.000000E+0	0.000000E+0	1.964247E-4	2.976042E-9	0.000000E+0	0.000000E+0	1.999959E+1	0.000000E+0	4.000000E+0
28-Apr-25	11:11:51	-1.000000E-5	3.815710E+0	-8.000000E-5	-2.690000E-5	-2.000000E-7	-1.340000E-7	-1.100000E-7	0.000000E+0	0.000000E+0	1.964247E-4	2.976042E-9	0.000000E+0	0.000000E+0	1.999959E+1	0.000000E+0	4.000000E+0
28-Apr-25	11:11:52	-1.000000E-5	3.821230E+0	-8.000000E-5	-2.685000E-5	-2.500000E-7	-1.380000E-7	2.200000E-8	0.000000E+0	0.000000E+0	1.964247E-4	2.976042E-9	0.000000E+0	0.000000E+0	1.999959E+1	0.000000E+0	4.000000E+0
28-Apr-25	11:11:53	-1.000000E-5	3.826820E+0	-8.000000E-5	-2.680000E-5	-3.000000E-7	-6.200000E-8	6.800000E-8	0.000000E+0	0.000000E+0	1.964247E-4	2.976042E-9	0.000000E+0	0.000000E+0	1.999959E+1	0.000000E+0	4.000000E+0
28-Apr-25	11:11:53	-1.000000E-5	3.832935E+0	-8.000000E-5	-2.680000E-5	-3.000000E-7	1.400000E-8	-6.600000E-8	0.000000E+0	0.000000E+0	1.964247E-4	2.976042E-9	0.000000E+0	0.000000E+0	1.999959E+1	0.000000E+0	4.000000E+0
28-Apr-25	11:11:53	-1.000000E-5	3.838405E+0	-8.000000E-5	-2.695000E-5	-2.500000E-7	1.400000E-8	-1.740000E-7	0.000000E+0	0.000000E+0	1.964247E-4	2.976042E-9	0.000000E+0	0.000000E+0	1.999959E+1	0.000000E+0	4.000000E+0
28-Apr-25	11:11:54	-1.000000E-5	3.843860E+0	-8.000000E-5	-2.685000E-5	-3.000000E-7	-8.000000E-9	-1.780000E-7	0.000000E+0	0.000000E+0	1.964247E-4	2.976042E-9	0.000000E+0	0.000000E+0	1.999959E+1	0.000000E+0	4.000000E+0
28-Apr-25	11:11:54	-1.000000E-5	3.849290E+0	-8.000000E-5	-2.685000E-5	-2.500000E-7	3.600000E-8	-1.300000E-7	0.000000E+0	0.000000E+0	1.964247E-4	2.976042E-9	0.000000E+0	0.000000E+0	1.999959E+1	0.000000E+0	4.000000E+0
28-Apr-25	11:11:55	-1.000000E-5	3.854620E+0	-8.000000E-5	-2.685000E-5	-3.000000E-7	1.440000E-7	-7.800000E-8	0.000000E+0	0.000000E+0	1.964247E-4	2.976042E-9	0.000000E+0	0.000000E+0	1.999959E+1	0.000000E+0	4.000000E+0
28-Apr-25	11:11:55	-1.000000E-5	3.860025E+0	-8.000000E-5	-2.680000E-5	-3.500000E-7	1.520000E-7	-7.600000E-8	0.000000E+0	0.000000E+0	1.964247E-4	2.976042E-9	0.000000E+0	0.000000E+0	1.999959E+1	0.000000E+0	4.000000E+0
28-Apr-25	11:11:56	-1.000000E-5	3.864970E+0	-8.000000E-5	-2.685000E-5	-2.000000E-7	6.000000E-9	-1.380000E-7	0.000000E+0	0.000000E+0	1.964247E-4	2.976042E-9	0.000000E+0	0.000000E+0	1.999959E+1	0.000000E+0	4.000000E+0
28-Apr-25	11:11:56	-1.000000E-5	3.870350E+0	-8.000000E-5	-2.680000E-5	-2.500000E-7	-1.240000E-7	-1.920000E-7	0.000000E+0	0.000000E+0	1.964247E-4	2.976042E-9	0.000000E+0	0.000000E+0	1.999959E+1	0.000000E+0	4.000000E+0
28-Apr-25	11:11:57	-1.000000E-5	3.875720E+0	-8.000000E-5	-2.690000E-5	-2.500000E-7	-8.200000E-8	-1.240000E-7	0.000000E+0	0.000000E+0	1.964247E-4	2.976042E-9	0.000000E+0	0.000000E+0	1.999959E+1	0.000000E+0	4.000000E+0
28-Apr-25	11:11:58	-1.000000E-5	3.883180E+0	-8.000000E-5	-2.685000E-5	-2.000000E-7	1.620000E-7	2.000000E-7	0.000000E+0	0.000000E+0	1.964247E-4	2.976042E-9	0.000000E+0	0.000000E+0	1.999959E+1	0.000000E+0	4.000000E+0
28-Apr-25	11:11:58	-1.000000E-5	3.889035E+0	-8.000000E-5	-2.695000E-5	-3.000000E-7	1.800000E-7	2.640000E-7	0.000000E+0	0.000000E+0	1.964247E-4	2.976042E-9	0.000000E+0	0.000000E+0	1.999959E+1	0.000000E+0	4.000000E+0
28-Apr-25	11:11:59	-1.000000E-5	3.894340E+0	-8.000000E-5	-2.685000E-5	-2.500000E-7	1.960000E-7	1.480000E-7	0.000000E+0	0.000000E+0	1.964247E-4	2.976042E-9	0.000000E+0	0.000000E+0	1.999959E+1	0.000000E+0	4.000000E+0
28-Apr-25	11:11:59	-1.000000E-5	3.899615E+0	-8.000000E-5	-2.670000E-5	-3.500000E-7	3.180000E-7	-8.000000E-8	0.000000E+0	0.000000E+0	1.964247E-4	2.976042E-9	0.000000E+0	0.000000E+0	1.999959E+1	0.000000E+0	4.000000E+0
28-Apr-25	11:12:00	-1.000000E-5	3.907605E+0	-8.000000E-5	-2.680000E-5	-2.000000E-7	3.860000E-7	-1.920000E-7	0.000000E+0	0.000000E+0	1.964247E-4	2.976042E-9	0.000000E+0	0.000000E+0	1.999959E+1	0.000000E+0	4.000000E+0
28-Apr-25	11:12:01	-1.000000E-5	3.913905E+0	-8.000000E-5	-2.690000E-5	-1.500000E-7	2.420000E-7	2.600000E-8	0.000000E+0	0.000000E+0	1.964247E-4	2.976042E-9	0.000000E+0	0.000000E+0	1.999959E+1	0.000000E+0	4.000000E+0
28-Apr-25	11:12:01	-1.000000E-5	3.919060E+0	-8.000000E-5	-2.685000E-5	-2.000000E-7	1.440000E-7	2.040000E-7	0.000000E+0	0.000000E+0	1.964247E-4	2.976042E-9	0.000000E+0	0.000000E+0	1.999959E+1	0.000000E+0	4.000000E+0
28-Apr-25	11:12:02	-1.000000E-5	3.924275E+0	-8.000000E-5	-2.685000E-5	-2.000000E-7	1.280000E-7	2.000000E-7	0.000000E+0	0.000000E+0	1.964247E-4	2.976042E-9	0.000000E+0	0.000000E+0	1.999959E+1	0.000000E+0	4.000000E+0
28-Apr-25	11:12:02	-1.000000E-5	3.928940E+0	-8.000000E-5	-2.665000E-5	-1.500000E-7	9.400000E-8	1.260000E-7	0.000000E+0	0.000000E+0	1.964247E-4	2.976042E-9	0.000000E+0	0.000000E+0	1.999959E+1	0.000000E+0	4.000000E+0
28-Apr-25	11:12:03	-1.000000E-5	3.934120E+0	-8.000000E-5	-2.670000E-5	-1.500000E-7	-8.000000E-9	1.220000E-7	0.000000E+0	0.000000E+0	1.964247E-4	2.976042E-9	0.000000E+0	0.000000E+0	1.999959E+1	0.000000E+0	4.000000E+0
28-Apr-25	11:12:03	-1.000000E-5	3.939300E+0	-8.000000E-5	-2.685000E-5	-2.500000E-7	-1.180000E-7	2.080000E-7	0.000000E+0	0.000000E+0	1.964247E-4	2.976042E-9	0.000000E+0	0.000000E+0	1.999959E+1	0.000000E+0	4.000000E+0
28-Apr-25	11:12:04	-1.000000E-5	3.944460E+0	-8.000000E-5	-2.675000E-5	-1.000000E-7	-1.260000E-7	3.020000E-7	0.000000E+0	0.000000E+0	1.964247E-4	2.976042E-9	0.000000E+0	0.000000E+0	1.999959E+1	0.000000E+0	4.000000E+0
28-Apr-25	11:12:04	-1.000000E-5	3.949595E+0	-8.000000E-5	-2.670000E-5	-1.500000E-7	-5.000000E-8	3.440000E-7	0.000000E+0	0.000000E+0	1.964247E-4	2.976042E-9	0.000000E+0	0.000000E+0	1.999959E+1	0.000000E+0	4.000000E+0
28-Apr-25	11:12:05	-1.000000E-5	3.954800E+0	-8.000000E-5	-2.660000E-5	-3.000000E-7	1.400000E-8	2.540000E-7	0.000000E+0	0.000000E+0	1.964247E-4	2.976042E-9	0.000000E+0	0.000000E+0	1.999959E+1	0.000000E+0	4.000000E+0
28-Apr-25	11:12:05	-1.000000E-5	3.960340E+0	-8.000000E-5	-2.675000E-5	-2.000000E-7	2.200000E-8	1.000000E-7	0.000000E+0	0.000000E+0	1.964247E-4	2.976042E-9	0.000000E+0	0.000000E+0	1.999959E+1	0.000000E+0	4.000000E+0
28-Apr-25	11:12:06	-1.000000E-5	3.965440E+0	-8.000000E-5	-2.665000E-5	-1.000000E-7	6.800000E-8	-1.400000E-8	0.000000E+0	0.000000E+0	1.964247E-4	2.976042E-9	0.000000E+0	0.000000E+0	1.999959E+1	0.000000E+0	4.000000E+0
28-Apr-25	11:12:06	-1.000000E-5	3.970530E+0	-8.000000E-5	-2.680000E-5	-1.500000E-7	1.160000E-7	-2.400000E-8	0.000000E+0	0.000000E+0	1.964247E-4	2.976042E-9	0.000000E+0	0.000000E+0	1.999959E+1	0.000000E+0	4.000000E+0
28-Apr-25	11:12:07	-1.000000E-5	3.975600E+0	-8.000000E-5	-2.670000E-5	-2.000000E-7	7.800000E-8	2.000000E-8	0.000000E+0	0.000000E+0	1.964247E-4	2.976042E-9	0.000000E+0	0.000000E+0	1.999959E+1	0.000000E+0	4.000000E+0
28-Apr-25	11:12:07	-1.000000E-5	3.981320E+0	-8.000000E-5	-2.680000E-5	-3.500000E-7	0.000000E+0	2.000000E-9	0.000000E+0	0.000000E+0	1.964247E-4	2.976042E-9	0.000000E+0	0.000000E+0	1.999959E+1	0.000000E+0	4.000000E+0
28-Apr-25	11:12:08	-1.000000E-5	3.986355E+0	-8.000000E-5	-2.680000E-5	-3.000000E-7	-8.000000E-9	-1.240000E-7	0.000000E+0	0.000000E+0	1.964247E-4	2.976042E-9	0.000000E+0	0.000000E+0	1.999959E+1	0.000000E+0	4.000000E+0
28-Apr-25	11:12:08	-1.000000E-5	3.990875E+0	-8.000000E-5	-2.680000E-5	-2.500000E-7	4.000000E-8	-2.760000E-7	0.000000E+0	0.000000E+0	1.964247E-4	2.976042E-9	0.000000E+0	0.000000E+0	1.999959E+1	0.000000E+0	4.000000E+0
28-Apr-25	11:12:09	-1.000000E-5	3.995885E+0	-8.000000E-5	-2.690000E-5	-1.000000E-7	1.140000E-7	-3.260000E-7	0.000000E+0	0.000000E+0	1.964247E-4	2.976042E-9	0.000000E+0	0.000000E+0	1.999959E+1	0.000000E+0	4.000000E+0
28-Apr-25	11:12:09	-1.000000E-5	4.000870E+0	-8.000000E-5	-2.685000E-5	-1.000000E-7	1.880000E-7	-2.360000E-7	0.000000E+0	0.000000E+0	1.964247E-4	2.976042E-9	0.000000E+0	0.000000E+0	1.999959E+1	0.000000E+0	4.000000E+0
28-Apr-25	11:12:10	-1.000000E-5	4.005850E+0	-8.000000E-5	-2.685000E-5	-1.500000E-7	2.180000E-7	-5.800000E-8	0.000000E+0	0.000000E+0	1.964247E-4	2.976042E-9	0.000000E+0	0.000000E+0	1.999959E+1	0.000000E+0	4.000000E+0
28-Apr-25	11:12:10	-1.000000E-5	4.011300E+0	-8.000000E-5	-2.680000E-5	-3.500000E-7	1.340000E-7	6.000000E-8	0.000000E+0	0.000000E+0	1.964247E-4	2.976042E-9	0.000000E+0	0.000000E+0	1.999959E+1	0.000000E+0	4.000000E+0
28-Apr-25	11:12:11	-1.000000E-5	4.016240E+0	-8.000000E-5	-2.675000E-5	-1.000000E-7	-5.400000E-8	1.800000E-8	0.000000E+0	0.000000E+0	1.964247E-4	2.976042E-9	0.000000E+0	0.000000E+0	1.999959E+1	0.000000E+0	4.000000E+0
28-Apr-25	11:12:11	-1.000000E-5	4.021185E+0	-8.000000E-5	-2.675000E-5	0.000000E+0	-1.840000E-7	-3.600000E-8	0.000000E+0	0.000000E+0	1.964247E-4	2.976042E-9	0.000000E+0	0.000000E+0	1.999959E+1	0.000000E+0	4.000000E+0
28-Apr-25	11:12:12	-1.000000E-5	4.026100E+0	-8.000000E-5	-2.675000E-5	-1.500000E-7	-1.900000E-7	-5.000000E-8	0.000000E+0	0.000000E+0	1.964247E-4	2.976042E-9	0.000000E+0	0.000000E+0	1.999959E+1	0.000000E+0	4.000000E+0
28-Apr-25	11:12:12	-1.000000E-5	4.031005E+0	-8.000000E-5	-2.680000E-5	-1.000000E-7	-3.600000E-8	-8.600000E-8	0.000000E+0	0.000000E+0	1.964247E-4	2.976042E-9	0.000000E+0	0.000000E+0	1.999959E+1	0.000000E+0	4.000000E+0
28-Apr-25	11:12:13	-1.000000E-5	4.035900E+0	-8.000000E-5	-2.690000E-5	-3.500000E-7	1.460000E-7	-2.020000E-7	0.000000E+0	0.000000E+0	1.964247E-4	2.976042E-9	0.000000E+0	0.000000E+0	1.999959E+1	0.000000E+0	4.000000E+0
28-Apr-25	11:12:13	-1.000000E-5	4.040775E+0	-8.000000E-5	-2.675000E-5	-3.000000E-7	1.680000E-7	-3.220000E-7	0.000000E+0	0.000000E+0	1.964247E-4	2.976042E-9	0.000000E+0	0.000000E+0	1.999959E+1	0.000000E+0	4.000000E+0
28-Apr-25	11:12:14	-1.000000E-5	4.045150E+0	-8.000000E-5	-2.665000E-5	-1.500000E-7	4.600000E-8	-2.920000E-7	0.000000E+0	0.000000E+0	1.964247E-4	2.976042E-9	0.000000E+0	0.000000E+0	1.999959E+1	0.000000E+0	4.000000E+0
28-Apr-25	11:12:14	-1.000000E-5	4.049995E+0	-8.000000E-5	-2.680000E-5	-2.500000E-7	-1.200000E-8	-6.600000E-8	0.000000E+0	0.000000E+0	1.964247E-4	2.976042E-9	0.000000E+0	0.000000E+0	1.999959E+1	0.000000E+0	4.000000E+0
28-Apr-25	11:12:15	-1.000000E-5	4.054820E+0	-8.000000E-5	-2.675000E-5	-2.000000E-7	9.000000E-8	1.800000E-7	0.000000E+0	0.000000E+0	1.964247E-4	2.976042E-9	0.000000E+0	0.000000E+0	1.999959E+1	0.000000E+0	4.000000E+0
28-Apr-25	11:12:15	-1.000000E-5	4.059170E+0	-8.000000E-5	-2.680000E-5	-2.000000E-7	1.940000E-7	2.680000E-7	0.000000E+0	0.000000E+0	1.964247E-4	2.976042E-9	0.000000E+0	0.000000E+0	1.999959E+1	0.000000E+0	4.000000E+0
28-Apr-25	11:12:16	-1.000000E-5	4.063970E+0	-8.000000E-5	-2.680000E-5	-2.000000E-7	1.860000E-7	2.240000E-7	0.000000E+0	0.000000E+0	1.964247E-4	2.976042E-9	0.000000E+0	0.000000E+0	1.999959E+1	0.000000E+0	4.000000E+0
28-Apr-25	11:12:16	-1.000000E-5	4.068775E+0	-8.000000E-5	-2.685000E-5	-2.500000E-7	1.400000E-7	1.020000E-7	0.000000E+0	0.000000E+0	1.964247E-4	2.976042E-9	0.000000E+0	0.000000E+0	1.999959E+1	0.000000E+0	4.000000E+0
28-Apr-25	11:12:17	-1.000000E-5	4.073555E+0	-8.000000E-5	-2.685000E-5	-2.000000E-7	1.320000E-7	-7.200000E-8	0.000000E+0	0.000000E+0	1.964247E-4	2.976042E-9	0.000000E+0	0.000000E+0	1.999959E+1	0.000000E+0	4.000000E+0
28-Apr-25	11:12:17	-1.000000E-5	4.078770E+0	-8.000000E-5	-2.670000E-5	-2.000000E-7	1.020000E-7	-2.980000E-7	0.000000E+0	0.000000E+0	1.964247E-4	2.976042E-9	0.000000E+0	0.000000E+0	1.999959E+1	0.000000E+0	4.000000E+0
28-Apr-25	11:12:18	-1.000000E-5	4.083600E+0	-8.000000E-5	-2.660000E-5	-2.500000E-7	5.200000E-8	-3.460000E-7	0.000000E+0	0.000000E+0	1.964247E-4	2.976042E-9	0.000000E+0	0.000000E+0	1.999959E+1	0.000000E+0	4.000000E+0
28-Apr-25	11:12:18	-1.000000E-5	4.088420E+0	-8.000000E-5	-2.675000E-5	-1.500000E-7	2.000000E-9	-8.200000E-8	0.000000E+0	0.000000E+0	1.964247E-4	2.976042E-9	0.000000E+0	0.000000E+0	1.999959E+1	0.000000E+0	4.000000E+0
28-Apr-25	11:12:19	-1.000000E-5	4.094090E+0	-8.000000E-5	-2.665000E-5	-1.500000E-7	-3.200000E-8	1.420000E-7	0.000000E+0	0.000000E+0	1.964247E-4	2.976042E-9	0.000000E+0	0.000000E+0	1.999959E+1	0.000000E+0	4.000000E+0
28-Apr-25	11:12:19	-1.000000E-5	4.098800E+0	-8.000000E-5	-2.670000E-5	-2.500000E-7	-5.000000E-8	1.960000E-7	0.000000E+0	0.000000E+0	1.964247E-4	2.976042E-9	0.000000E+0	0.000000E+0	1.999959E+1	0.000000E+0	4.000000E+0
28-Apr-25	11:12:20	-1.000000E-5	4.103495E+0	-8.000000E-5	-2.665000E-5	-2.000000E-7	-4.200000E-8	1.400000E-7	0.000000E+0	0.000000E+0	1.964247E-4	2.976042E-9	0.000000E+0	0.000000E+0	1.999959E+1	0.000000E+0	4.000000E+0
28-Apr-25	11:12:20	-1.000000E-5	4.109110E+0	-8.000000E-5	-2.670000E-5	-2.500000E-7	6.000000E-8	8.800000E-8	0.000000E+0	0.000000E+0	1.964247E-4	2.976042E-9	0.000000E+0	0.000000E+0	1.999959E+1	0.000000E+0	4.000000E+0
28-Apr-25	11:12:21	-1.000000E-5	4.113770E+0	-8.000000E-5	-2.675000E-5	-2.500000E-7	1.480000E-7	1.180000E-7	0.000000E+0	0.000000E+0	1.964247E-4	2.976042E-9	0.000000E+0	0.000000E+0	1.999959E+1	0.000000E+0	4.000000E+0
28-Apr-25	11:12:21	-1.000000E-5	4.118420E+0	-8.000000E-5	-2.680000E-5	-3.000000E-7	1.300000E-7	2.380000E-7	0.000000E+0	0.000000E+0	1.964247E-4	2.976042E-9	0.000000E+0	0.000000E+0	1.999959E+1	0.000000E+0	4.000000E+0
28-Apr-25	11:12:22	-1.000000E-5	4.122590E+0	-8.000000E-5	-2.665000E-5	-3.000000E-7	7.000000E-8	3.480000E-7	0.000000E+0	0.000000E+0	1.964247E-4	2.976042E-9	0.000000E+0	0.000000E+0	1.999959E+1	0.000000E+0	4.000000E+0
28-Apr-25	11:12:22	-1.000000E-5	4.127215E+0	-8.000000E-5	-2.655000E-5	-1.000000E-7	6.800000E-8	3.100000E-7	0.000000E+0	0.000000E+0	1.964247E-4	2.976042E-9	0.000000E+0	0.000000E+0	1.999959E+1	0.000000E+0	4.000000E+0
28-Apr-25	11:12:23	-1.000000E-5	4.131820E+0	-8.000000E-5	-2.645000E-5	-3.000000E-7	1.140000E-7	1.420000E-7	0.000000E+0	0.000000E+0	1.964247E-4	2.976042E-9	0.000000E+0	0.000000E+0	1.999959E+1	0.000000E+0	4.000000E+0
28-Apr-25	11:12:23	-1.000000E-5	4.136425E+0	-8.000000E-5	-2.680000E-5	-3.000000E-7	1.460000E-7	1.400000E-8	0.000000E+0	0.000000E+0	1.964247E-4	2.976042E-9	0.000000E+0	0.000000E+0	1.999959E+1	0.000000E+0	4.000000E+0
28-Apr-25	11:12:24	-1.000000E-5	4.141005E+0	-8.000000E-5	-2.670000E-5	-3.000000E-7	1.880000E-7	2.000000E-9	0.000000E+0	0.000000E+0	1.964247E-4	2.976042E-9	0.000000E+0	0.000000E+0	1.999959E+1	0.000000E+0	4.000000E+0
28-Apr-25	11:12:24	-1.000000E-5	4.146015E+0	-8.000000E-5	-2.660000E-5	-5.000000E-8	2.940000E-7	3.200000E-8	0.000000E+0	0.000000E+0	1.964247E-4	2.976042E-9	0.000000E+0	0.000000E+0	1.999959E+1	0.000000E+0	4.000000E+0
28-Apr-25	11:12:25	-1.000000E-5	4.150560E+0	-8.000000E-5	-2.655000E-5	-3.000000E-7	3.380000E-7	4.800000E-8	0.000000E+0	0.000000E+0	1.964247E-4	2.976042E-9	0.000000E+0	0.000000E+0	1.999959E+1	0.000000E+0	4.000000E+0
28-Apr-25	11:12:25	-1.000000E-5	4.154645E+0	-8.000000E-5	-2.650000E-5	-3.500000E-7	2.480000E-7	7.800000E-8	0.000000E+0	0.000000E+0	1.964247E-4	2.976042E-9	0.000000E+0	0.000000E+0	1.999959E+1	0.000000E+0	4.000000E+0
28-Apr-25	11:12:26	-1.000000E-5	4.159170E+0	-8.000000E-5	-2.655000E-5	-1.500000E-7	3.600000E-8	1.200000E-7	0.000000E+0	0.000000E+0	1.964247E-4	2.976042E-9	0.000000E+0	0.000000E+0	1.999959E+1	0.000000E+0	4.000000E+0
28-Apr-25	11:12:27	-1.000000E-5	4.165565E+0	-8.000000E-5	-2.650000E-5	-2.000000E-7	-1.920000E-7	9.400000E-8	0.000000E+0	0.000000E+0	1.964247E-4	2.976042E-9	0.000000E+0	0.000000E+0	1.999959E+1	0.000000E+0	4.000000E+0
28-Apr-25	11:12:27	-1.000000E-5	4.170580E+0	-8.000000E-5	-2.670000E-5	-2.000000E-7	-1.500000E-7	6.400000E-8	0.000000E+0	0.000000E+0	1.964247E-4	2.976042E-9	0.000000E+0	0.000000E+0	1.999959E+1	0.000000E+0	4.000000E+0
28-Apr-25	11:12:28	-1.000000E-5	4.175055E+0	-8.000000E-5	-2.680000E-5	-2.000000E-7	-1.440000E-7	6.000000E-8	0.000000E+0	0.000000E+0	1.964247E-4	2.976042E-9	0.000000E+0	0.000000E+0	1.999959E+1	0.000000E+0	4.000000E+0
28-Apr-25	11:12:28	-1.000000E-5	4.179525E+0	-8.000000E-5	-2.680000E-5	-2.000000E-7	-2.060000E-7	3.400000E-8	0.000000E+0	0.000000E+0	1.964247E-4	2.976042E-9	0.000000E+0	0.000000E+0	1.999959E+1	0.000000E+0	4.000000E+0
28-Apr-25	11:12:28	-1.000000E-5	4.183535E+0	-8.000000E-5	-2.690000E-5	-1.500000E-7	-2.280000E-7	-8.000000E-9	0.000000E+0	0.000000E+0	1.964247E-4	2.976042E-9	0.000000E+0	0.000000E+0	1.999959E+1	0.000000E+0	4.000000E+0
28-Apr-25	11:12:29	-1.000000E-5	4.187970E+0	-8.000000E-5	-2.665000E-5	-1.500000E-7	-2.320000E-7	-2.000000E-8	0.000000E+0	0.000000E+0	1.964247E-4	2.976042E-9	0.000000E+0	0.000000E+0	1.999959E+1	0.000000E+0	4.000000E+0
28-Apr-25	11:12:29	-1.000000E-5	4.192390E+0	-8.000000E-5	-2.665000E-5	-3.000000E-7	-2.880000E-7	-1.200000E-8	0.000000E+0	0.000000E+0	1.964247E-4	2.976042E-9	0.000000E+0	0.000000E+0	1.999959E+1	0.000000E+0	4.000000E+0
28-Apr-25	11:12:30	-1.000000E-5	4.196370E+0	-8.000000E-5	-2.675000E-5	-2.000000E-7	-3.180000E-7	-1.200000E-8	0.000000E+0	0.000000E+0	1.964247E-4	2.976042E-9	0.000000E+0	0.000000E+0	1.999959E+1	0.000000E+0	4.000000E+0
28-Apr-25	11:12:30	-1.000000E-5	4.200775E+0	-8.000000E-5	-2.660000E-5	-2.000000E-7	-2.880000E-7	-2.600000E-8	0.000000E+0	0.000000E+0	1.964247E-4	2.976042E-9	0.000000E+0	0.000000E+0	1.999959E+1	0.000000E+0	4.000000E+0
28-Apr-25	11:12:31	-1.000000E-5	4.204740E+0	-8.000000E-5	-2.670000E-5	-1.500000E-7	-2.580000E-7	-8.400000E-8	0.000000E+0	0.000000E+0	1.964247E-4	2.976042E-9	0.000000E+0	0.000000E+0	1.999959E+1	0.000000E+0	4.000000E+0
28-Apr-25	11:12:31	-1.000000E-5	4.209110E+0	-8.000000E-5	-2.680000E-5	-1.500000E-7	-2.160000E-7	-1.660000E-7	0.000000E+0	0.000000E+0	1.964247E-4	2.976042E-9	0.000000E+0	0.000000E+0	1.999959E+1	0.000000E+0	4.000000E+0
28-Apr-25	11:12:32	-1.000000E-5	4.213400E+0	-8.000000E-5	-2.665000E-5	-2.000000E-7	-1.200000E-7	-1.520000E-7	0.000000E+0	0.000000E+0	1.964247E-4	2.976042E-9	0.000000E+0	0.000000E+0	1.999959E+1	0.000000E+0	4.000000E+0
28-Apr-25	11:12:32	-1.000000E-5	4.217680E+0	-8.000000E-5	-2.680000E-5	-2.000000E-7	-2.400000E-8	-4.600000E-8	0.000000E+0	0.000000E+0	1.964247E-4	2.976042E-9	0.000000E+0	0.000000E+0	1.999959E+1	0.000000E+0	4.000000E+0
28-Apr-25	11:12:33	-1.000000E-5	4.221595E+0	-8.000000E-5	-2.660000E-5	-3.500000E-7	0.000000E+0	4.800000E-8	0.000000E+0	0.000000E+0	1.964247E-4	2.976042E-9	0.000000E+0	0.000000E+0	1.999959E+1	0.000000E+0	4.000000E+0
28-Apr-25	11:12:33	-1.000000E-5	4.225930E+0	-8.000000E-5	-2.680000E-5	-2.500000E-7	-2.000000E-8	9.600000E-8	0.000000E+0	0.000000E+0	1.964247E-4	2.976042E-9	0.000000E+0	0.000000E+0	1.999959E+1	0.000000E+0	4.000000E+0
28-Apr-25	11:12:34	-1.000000E-5	4.229820E+0	-8.000000E-5	-2.665000E-5	-2.500000E-7	-4.000000E-8	7.800000E-8	0.000000E+0	0.000000E+0	1.964247E-4	2.976042E-9	0.000000E+0	0.000000E+0	1.999959E+1	0.000000E+0	4.000000E+0
28-Apr-25	11:12:34	-1.000000E-5	4.234125E+0	-8.000000E-5	-2.660000E-5	-2.000000E-7	-4.200000E-8	1.000000E-8	0.000000E+0	0.000000E+0	1.964247E-4	2.976042E-9	0.000000E+0	0.000000E+0	1.999959E+1	0.000000E+0	4.000000E+0
28-Apr-25	11:12:35	-1.000000E-5	4.238415E+0	-8.000000E-5	-2.675000E-5	-2.000000E-7	-4.000000E-9	-3.600000E-8	0.000000E+0	0.000000E+0	1.964247E-4	2.976042E-9	0.000000E+0	0.000000E+0	1.999959E+1	0.000000E+0	4.000000E+0
28-Apr-25	11:12:35	-1.000000E-5	4.242700E+0	-8.000000E-5	-2.690000E-5	-1.500000E-7	9.000000E-8	-8.200000E-8	0.000000E+0	0.000000E+0	1.964247E-4	2.976042E-9	0.000000E+0	0.000000E+0	1.999959E+1	0.000000E+0	4.000000E+0
28-Apr-25	11:12:36	-1.000000E-5	4.248810E+0	-8.000000E-5	-2.685000E-5	-2.000000E-7	1.580000E-7	-1.780000E-7	0.000000E+0	0.000000E+0	1.964247E-4	2.976042E-9	0.000000E+0	0.000000E+0	1.999959E+1	0.000000E+0	4.000000E+0
28-Apr-25	11:12:37	-1.000000E-5	4.255190E+0	-8.000000E-5	-2.680000E-5	-3.000000E-7	1.540000E-7	-1.980000E-7	0.000000E+0	0.000000E+0	1.964247E-4	2.976042E-9	0.000000E+0	0.000000E+0	1.999959E+1	0.000000E+0	4.000000E+0
28-Apr-25	11:12:37	-1.000000E-5	4.259990E+0	-8.000000E-5	-2.670000E-5	-5.000000E-8	1.840000E-7	-7.400000E-8	0.000000E+0	0.000000E+0	1.964247E-4	2.976042E-9	0.000000E+0	0.000000E+0	1.999959E+1	0.000000E+0	4.000000E+0
28-Apr-25	11:12:38	-1.000000E-5	4.264200E+0	-8.000000E-5	-2.670000E-5	0.000000E+0	2.340000E-7	9.200000E-8	0.000000E+0	0.000000E+0	1.964247E-4	2.976042E-9	0.000000E+0	0.000000E+0	1.999959E+1	0.000000E+0	4.000000E+0
28-Apr-25	11:12:38	-1.000000E-5	4.268410E+0	-8.000000E-5	-2.620000E-5	-3.500000E-7	2.140000E-7	2.140000E-7	0.000000E+0	0.000000E+0	1.964247E-4	2.976042E-9	0.000000E+0	0.000000E+0	1.999959E+1	0.000000E+0	4.000000E+0
28-Apr-25	11:12:39	-1.000000E-5	4.272105E+0	-8.000000E-5	-2.615000E-5	-1.000000E-7	1.160000E-7	2.020000E-7	0.000000E+0	0.000000E+0	1.964247E-4	2.976042E-9	0.000000E+0	0.000000E+0	1.999959E+1	0.000000E+0	4.000000E+0
28-Apr-25	11:12:39	-1.000000E-5	4.276360E+0	-8.000000E-5	-2.645000E-5	-1.500000E-7	6.000000E-8	1.020000E-7	0.000000E+0	0.000000E+0	1.964247E-4	2.976042E-9	0.000000E+0	0.000000E+0	1.999959E+1	0.000000E+0	4.000000E+0
28-Apr-25	11:12:40	-1.000000E-5	4.280115E+0	-8.000000E-5	-2.655000E-5	-5.000000E-8	8.200000E-8	-3.800000E-8	0.000000E+0	0.000000E+0	1.964247E-4	2.976042E-9	0.000000E+0	0.000000E+0	1.999959E+1	0.000000E+0	4.000000E+0
28-Apr-25	11:12:40	-1.000000E-5	4.284285E+0	-8.000000E-5	-2.655000E-5	-2.000000E-7	6.400000E-8	-2.100000E-7	0.000000E+0	0.000000E+0	1.964247E-4	2.976042E-9	0.000000E+0	0.000000E+0	1.999959E+1	0.000000E+0	4.000000E+0
28-Apr-25	11:12:41	-1.000000E-5	4.288440E+0	-8.000000E-5	-2.690000E-5	-2.000000E-7	-7.000000E-8	-3.640000E-7	0.000000E+0	0.000000E+0	1.964247E-4	2.976042E-9	0.000000E+0	0.000000E+0	1.999959E+1	0.000000E+0	4.000000E+0
28-Apr-25	11:12:41	-1.000000E-5	4.292580E+0	-8.000000E-5	-2.660000E-5	0.000000E+0	-1.740000E-7	-3.980000E-7	0.000000E+0	0.000000E+0	1.964247E-4	2.976042E-9	0.000000E+0	0.000000E+0	1.999959E+1	0.000000E+0	4.000000E+0
28-Apr-25	11:12:42	-1.000000E-5	4.296640E+0	-8.000000E-5	-2.655000E-5	-1.000000E-7	-1.300000E-7	-2.800000E-7	0.000000E+0	0.000000E+0	1.964247E-4	2.976042E-9	0.000000E+0	0.000000E+0	1.999959E+1	0.000000E+0	4.000000E+0
28-Apr-25	11:12:42	-1.000000E-5	4.302470E+0	-8.000000E-5	-2.630000E-5	-4.000000E-7	-2.800000E-8	-6.600000E-8	0.000000E+0	0.000000E+0	1.964247E-4	2.976042E-9	0.000000E+0	0.000000E+0	1.999959E+1	0.000000E+0	4.000000E+0
28-Apr-25	11:12:43	-1.000000E-5	4.306970E+0	-8.000000E-5	-2.635000E-5	-2.500000E-7	-7.400000E-8	-7.200000E-8	0.000000E+0	0.000000E+0	1.964247E-4	2.976042E-9	0.000000E+0	0.000000E+0	1.999959E+1	0.000000E+0	4.000000E+0
28-Apr-25	11:12:43	-1.000000E-5	4.311040E+0	-8.000000E-5	-2.660000E-5	-2.500000E-7	-1.260000E-7	-8.000000E-8	0.000000E+0	0.000000E+0	1.964247E-4	2.976042E-9	0.000000E+0	0.000000E+0	1.999959E+1	0.000000E+0	4.000000E+0
28-Apr-25	11:12:44	-1.000000E-5	4.314715E+0	-8.000000E-5	-2.655000E-5	-2.000000E-7	-1.340000E-7	4.000000E-9	0.000000E+0	0.000000E+0	1.964247E-4	2.976042E-9	0.000000E+0	0.000000E+0	1.999959E+1	0.000000E+0	4.000000E+0
28-Apr-25	11:12:44	-1.000000E-5	4.318760E+0	-8.000000E-5	-2.680000E-5	-2.000000E-7	-1.180000E-7	8.200000E-8	0.000000E+0	0.000000E+0	1.964247E-4	2.976042E-9	0.000000E+0	0.000000E+0	1.999959E+1	0.000000E+0	4.000000E+0
28-Apr-25	11:12:45	-1.000000E-5	4.322410E+0	-8.000000E-5	-2.660000E-5	0.000000E+0	-8.800000E-8	7.400000E-8	0.000000E+0	0.000000E+0	1.964247E-4	2.976042E-9	0.000000E+0	0.000000E+0	1.999959E+1	0.000000E+0	4.000000E+0
28-Apr-25	11:12:45	-1.000000E-5	4.326450E+0	-8.000000E-5	-2.665000E-5	-3.000000E-7	-4.200000E-8	4.400000E-8	0.000000E+0	0.000000E+0	1.964247E-4	2.976042E-9	0.000000E+0	0.000000E+0	1.999959E+1	0.000000E+0	4.000000E+0
28-Apr-25	11:12:46	-1.000000E-5	4.330060E+0	-8.000000E-5	-2.665000E-5	-5.000000E-7	4.000000E-9	4.000000E-8	0.000000E+0	0.000000E+0	1.964247E-4	2.976042E-9	0.000000E+0	0.000000E+0	1.999959E+1	0.000000E+0	4.000000E+0
28-Apr-25	11:12:46	-1.000000E-5	4.334065E+0	-8.000000E-5	-2.665000E-5	-2.000000E-7	5.000000E-8	-1.400000E-8	0.000000E+0	0.000000E+0	1.964247E-4	2.976042E-9	0.000000E+0	0.000000E+0	1.999959E+1	0.000000E+0	4.000000E+0
28-Apr-25	11:12:47	-1.000000E-5	4.338480E+0	-8.000000E-5	-2.635000E-5	-5.000000E-8	1.180000E-7	-1.360000E-7	0.000000E+0	0.000000E+0	1.964247E-4	2.976042E-9	0.000000E+0	0.000000E+0	1.999959E+1	0.000000E+0	4.000000E+0
28-Apr-25	11:12:47	-1.000000E-5	4.342480E+0	-8.000000E-5	-2.650000E-5	-2.000000E-7	1.780000E-7	-1.540000E-7	0.000000E+0	0.000000E+0	1.964247E-4	2.976042E-9	0.000000E+0	0.000000E+0	1.999959E+1	0.000000E+0	4.000000E+0
28-Apr-25	11:12:48	-1.000000E-5	4.346470E+0	-8.000000E-5	-2.660000E-5	-2.000000E-7	2.300000E-7	-7.800000E-8	0.000000E+0	0.000000E+0	1.964247E-4	2.976042E-9	0.000000E+0	0.000000E+0	1.999959E+1	0.000000E+0	4.000000E+0
28-Apr-25	11:12:48	-1.000000E-5	4.350810E+0	-8.000000E-5	-2.630000E-5	-2.000000E-7	2.540000E-7	4.000000E-9	0.000000E+0	0.000000E+0	1.964247E-4	2.976042E-9	0.000000E+0	0.000000E+0	1.999959E+1	0.000000E+0	4.000000E+0
28-Apr-25	11:12:49	-1.000000E-5	4.355565E+0	-8.000000E-5	-2.650000E-5	-1.000000E-7	1.740000E-7	2.400000E-8	0.000000E+0	0.000000E+0	1.964247E-4	2.976042E-9	0.000000E+0	0.000000E+0	1.999959E+1	0.000000E+0	4.000000E+0
28-Apr-25	11:12:50	-1.000000E-5	4.356145E+0	-8.000000E-5	-2.685000E-5	-2.500000E-7	8.400000E-8	3.200000E-8	0.000000E+0	0.000000E+0	1.964247E-4	2.976042E-9	0.000000E+0	0.000000E+0	1.999959E+1	0.000000E+0	4.000000E+0
28-Apr-25	11:12:50	-1.000000E-5	4.363545E+0	-8.000000E-5	-2.655000E-5	-1.000000E-7	8.000000E-8	2.400000E-8	0.000000E+0	0.000000E+0	1.964247E-4	2.976042E-9	0.000000E+0	0.000000E+0	1.999959E+1	0.000000E+0	4.000000E+0
28-Apr-25	11:12:51	-1.000000E-5	4.367855E+0	-8.000000E-5	-2.660000E-5	-2.500000E-7	1.000000E-7	-3.600000E-8	0.000000E+0	0.000000E+0	1.964247E-4	2.976042E-9	0.000000E+0	0.000000E+0	1.999959E+1	0.000000E+0	4.000000E+0
28-Apr-25	11:12:51	-1.000000E-5	4.371370E+0	-8.000000E-5	-2.660000E-5	-1.000000E-7	2.200000E-8	-7.000000E-8	0.000000E+0	0.000000E+0	1.964247E-4	2.976042E-9	0.000000E+0	0.000000E+0	1.999959E+1	0.000000E+0	4.000000E+0
28-Apr-25	11:12:52	-1.000000E-5	4.374865E+0	-8.000000E-5	-2.670000E-5	-3.000000E-7	-1.260000E-7	-4.200000E-8	0.000000E+0	0.000000E+0	1.964247E-4	2.976042E-9	0.000000E+0	0.000000E+0	1.999959E+1	0.000000E+0	4.000000E+0
28-Apr-25	11:12:52	-1.000000E-5	4.378725E+0	-8.000000E-5	-2.675000E-5	-2.000000E-7	-2.480000E-7	3.600000E-8	0.000000E+0	0.000000E+0	1.964247E-4	2.976042E-9	0.000000E+0	0.000000E+0	1.999959E+1	0.000000E+0	4.000000E+0
28-Apr-25	11:12:53	-1.000000E-5	4.382990E+0	-8.000000E-5	-2.660000E-5	-2.000000E-7	-1.600000E-7	1.120000E-7	0.000000E+0	0.000000E+0	1.964247E-4	2.976042E-9	0.000000E+0	0.000000E+0	1.999959E+1	0.000000E+0	4.000000E+0
28-Apr-25	11:12:53	-1.000000E-5	4.387365E+0	-8.000000E-5	-2.660000E-5	-1.000000E-7	2.200000E-8	8.400000E-8	0.000000E+0	0.000000E+0	1.964247E-4	2.976042E-9	0.000000E+0	0.000000E+0	1.999959E+1	0.000000E+0	4.000000E+0
28-Apr-25	11:12:54	-1.000000E-5	4.390830E+0	-8.000000E-5	-2.655000E-5	0.000000E+0	4.800000E-8	-3.200000E-8	0.000000E+0	0.000000E+0	1.964247E-4	2.976042E-9	0.000000E+0	0.000000E+0	1.999959E+1	0.000000E+0	4.000000E+0
28-Apr-25	11:12:54	-1.000000E-5	4.391400E+0	-8.000000E-5	-2.640000E-5	0.000000E+0	-2.600000E-8	-1.380000E-7	0.000000E+0	0.000000E+0	1.964247E-4	2.976042E-9	0.000000E+0	0.000000E+0	1.999959E+1	0.000000E+0	4.000000E+0
28-Apr-25	11:12:54	-1.000000E-5	4.398125E+0	-8.000000E-5	-2.625000E-5	-2.500000E-7	-5.400000E-8	-1.500000E-7	0.000000E+0	0.000000E+0	1.964247E-4	2.976042E-9	0.000000E+0	0.000000E+0	1.999959E+1	0.000000E+0	4.000000E+0
28-Apr-25	11:12:55	-1.000000E-5	4.401550E+0	-8.000000E-5	-2.640000E-5	-2.500000E-7	4.200000E-8	-1.000000E-7	0.000000E+0	0.000000E+0	1.964247E-4	2.976042E-9	0.000000E+0	0.000000E+0	1.999959E+1	0.000000E+0	4.000000E+0
28-Apr-25	11:12:56	-1.000000E-5	4.403250E+0	-8.000000E-5	-2.650000E-5	-2.000000E-7	2.040000E-7	-1.080000E-7	0.000000E+0	0.000000E+0	1.964247E-4	2.976042E-9	0.000000E+0	0.000000E+0	1.999959E+1	0.000000E+0	4.000000E+0
28-Apr-25	11:12:56	-1.000000E-5	4.410275E+0	-8.000000E-5	-2.645000E-5	-5.000000E-8	1.420000E-7	-1.960000E-7	0.000000E+0	0.000000E+0	1.964247E-4	2.976042E-9	0.000000E+0	0.000000E+0	1.999959E+1	0.000000E+0	4.000000E+0
28-Apr-25	11:12:57	-1.000000E-5	4.413675E+0	-8.000000E-5	-2.645000E-5	-1.000000E-7	-2.800000E-8	-1.980000E-7	0.000000E+0	0.000000E+0	1.964247E-4	2.976042E-9	0.000000E+0	0.000000E+0	1.999959E+1	0.000000E+0	4.000000E+0
28-Apr-25	11:12:57	-1.000000E-5	4.417065E+0	-8.000000E-5	-2.660000E-5	-1.000000E-7	-1.560000E-7	-1.200000E-7	0.000000E+0	0.000000E+0	1.964247E-4	2.976042E-9	0.000000E+0	0.000000E+0	1.999959E+1	0.000000E+0	4.000000E+0
28-Apr-25	11:12:58	-1.000000E-5	4.418440E+0	-8.000000E-5	-2.650000E-5	-2.500000E-7	-1.740000E-7	-4.800000E-8	0.000000E+0	0.000000E+0	1.964247E-4	2.976042E-9	0.000000E+0	0.000000E+0	1.999959E+1	0.000000E+0	4.000000E+0
28-Apr-25	11:12:58	-1.000000E-5	4.425820E+0	-8.000000E-5	-2.660000E-5	-1.000000E-7	-8.800000E-8	-7.800000E-8	0.000000E+0	0.000000E+0	1.964247E-4	2.976042E-9	0.000000E+0	0.000000E+0	1.999959E+1	0.000000E+0	4.000000E+0
28-Apr-25	11:12:59	-1.000000E-5	4.427495E+0	-8.000000E-5	-2.650000E-5	-1.500000E-7	6.000000E-9	-1.220000E-7	0.000000E+0	0.000000E+0	1.964247E-4	2.976042E-9	0.000000E+0	0.000000E+0	1.999959E+1	0.000000E+0	4.000000E+0
28-Apr-25	11:12:59	-1.000000E-5	4.433645E+0	-8.000000E-5	-2.655000E-5	-2.000000E-7	-2.000000E-9	-1.420000E-7	0.000000E+0	0.000000E+0	1.964247E-4	2.976042E-9	0.000000E+0	0.000000E+0	1.999959E+1	0.000000E+0	4.000000E+0
28-Apr-25	11:13:00	-1.000000E-5	4.436975E+0	-8.000000E-5	-2.675000E-5	-5.000000E-8	-8.800000E-8	-1.960000E-7	0.000000E+0	0.000000E+0	1.964247E-4	2.976042E-9	0.000000E+0	0.000000E+0	1.999959E+1	0.000000E+0	4.000000E+0
28-Apr-25	11:13:00	-1.000000E-5	4.441415E+0	-8.000000E-5	-2.665000E-5	0.000000E+0	-2.100000E-7	-3.180000E-7	0.000000E+0	0.000000E+0	1.964247E-4	2.976042E-9	0.000000E+0	0.000000E+0	1.999959E+1	0.000000E+0	4.000000E+0
28-Apr-25	11:13:01	-1.000000E-5	4.442030E+0	-8.000000E-5	-2.660000E-5	-3.000000E-7	-2.720000E-7	-3.120000E-7	0.000000E+0	0.000000E+0	1.964247E-4	2.976042E-9	0.000000E+0	0.000000E+0	1.999959E+1	0.000000E+0	4.000000E+0
28-Apr-25	11:13:01	-1.000000E-5	4.448905E+0	-8.000000E-5	-2.655000E-5	-2.500000E-7	-2.700000E-7	-1.180000E-7	0.000000E+0	0.000000E+0	1.964247E-4	2.976042E-9	0.000000E+0	0.000000E+0	1.999959E+1	0.000000E+0	4.000000E+0
28-Apr-25	11:13:02	-1.000000E-5	4.453295E+0	-8.000000E-5	-2.645000E-5	-5.000000E-8	-6.000000E-8	3.000000E-8	0.000000E+0	0.000000E+0	1.964247E-4	2.976042E-9	0.000000E+0	0.000000E+0	1.999959E+1	0.000000E+0	4.000000E+0
28-Apr-25	11:13:02	-1.000000E-5	4.457310E+0	-8.000000E-5	-2.650000E-5	-1.500000E-7	2.100000E-7	7.800000E-8	0.000000E+0	0.000000E+0	1.964247E-4	2.976042E-9	0.000000E+0	0.000000E+0	1.999959E+1	0.000000E+0	4.000000E+0
28-Apr-25	11:13:03	-1.000000E-5	4.460585E+0	-8.000000E-5	-2.655000E-5	-1.000000E-7	3.860000E-7	1.320000E-7	0.000000E+0	0.000000E+0	1.964247E-4	2.976042E-9	0.000000E+0	0.000000E+0	1.999959E+1	0.000000E+0	4.000000E+0
28-Apr-25	11:13:04	-1.000000E-5	4.464935E+0	-8.000000E-5	-2.655000E-5	-2.000000E-7	3.020000E-7	8.400000E-8	0.000000E+0	0.000000E+0	1.964247E-4	2.976042E-9	0.000000E+0	0.000000E+0	1.999959E+1	0.000000E+0	4.000000E+0
28-Apr-25	11:13:04	-1.000000E-5	4.469270E+0	-8.000000E-5	-2.655000E-5	-3.000000E-7	2.260000E-7	-6.200000E-8	0.000000E+0	0.000000E+0	1.964247E-4	2.976042E-9	0.000000E+0	0.000000E+0	1.999959E+1	0.000000E+0	4.000000E+0
28-Apr-25	11:13:05	-1.000000E-5	4.472505E+0	-8.000000E-5	-2.630000E-5	-3.000000E-7	2.840000E-7	-1.400000E-7	0.000000E+0	0.000000E+0	1.964247E-4	2.976042E-9	0.000000E+0	0.000000E+0	1.999959E+1	0.000000E+0	4.000000E+0
28-Apr-25	11:13:05	-1.000000E-5	4.475735E+0	-8.000000E-5	-2.630000E-5	-4.000000E-7	3.360000E-7	-1.380000E-7	0.000000E+0	0.000000E+0	1.964247E-4	2.976042E-9	0.000000E+0	0.000000E+0	1.999959E+1	0.000000E+0	4.000000E+0
28-Apr-25	11:13:05	-1.000000E-5	4.479095E+0	-8.000000E-5	-2.650000E-5	-4.000000E-7	2.640000E-7	-9.000000E-8	0.000000E+0	0.000000E+0	1.964247E-4	2.976042E-9	0.000000E+0	0.000000E+0	1.999959E+1	0.000000E+0	4.000000E+0
28-Apr-25	11:13:06	-1.000000E-5	4.482670E+0	-8.000000E-5	-2.670000E-5	-2.500000E-7	1.180000E-7	-1.200000E-8	0.000000E+0	0.000000E+0	1.964247E-4	2.976042E-9	0.000000E+0	0.000000E+0	1.999959E+1	0.000000E+0	4.000000E+0
28-Apr-25	11:13:06	-1.000000E-5	4.485880E+0	-8.000000E-5	-2.660000E-5	-2.000000E-7	6.000000E-8	6.800000E-8	0.000000E+0	0.000000E+0	1.964247E-4	2.976042E-9	0.000000E+0	0.000000E+0	1.999959E+1	0.000000E+0	4.000000E+0
28-Apr-25	11:13:07	-1.000000E-5	4.486410E+0	-8.000000E-5	-2.650000E-5	-2.500000E-7	8.000000E-8	1.580000E-7	0.000000E+0	0.000000E+0	1.964247E-4	2.976042E-9	0.000000E+0	0.000000E+0	1.999959E+1	0.000000E+0	4.000000E+0
28-Apr-25	11:13:07	-1.000000E-5	4.492625E+0	-8.000000E-5	-2.660000E-5	-2.000000E-7	9.400000E-8	2.800000E-7	0.000000E+0	0.000000E+0	1.964247E-4	2.976042E-9	0.000000E+0	0.000000E+0	1.999959E+1	0.000000E+0	4.000000E+0
28-Apr-25	11:13:08	-1.000000E-5	4.495800E+0	-8.000000E-5	-2.650000E-5	-1.000000E-7	4.800000E-8	3.780000E-7	0.000000E+0	0.000000E+0	1.964247E-4	2.976042E-9	0.000000E+0	0.000000E+0	1.999959E+1	0.000000E+0	4.000000E+0
28-Apr-25	11:13:08	-1.000000E-5	4.499690E+0	-8.000000E-5	-2.660000E-5	-4.000000E-7	-6.600000E-8	2.860000E-7	0.000000E+0	0.000000E+0	1.964247E-4	2.976042E-9	0.000000E+0	0.000000E+0	1.999959E+1	0.000000E+0	4.000000E+0
28-Apr-25	11:13:09	-1.000000E-5	4.500205E+0	-8.000000E-5	-2.675000E-5	-2.000000E-7	-1.520000E-7	3.800000E-8	0.000000E+0	0.000000E+0	1.964247E-4	2.976042E-9	0.000000E+0	0.000000E+0	1.999959E+1	0.000000E+0	4.000000E+0
28-Apr-25	11:13:09	-1.000000E-5	4.506000E+0	-8.000000E-5	-2.660000E-5	-2.500000E-7	-1.660000E-7	-1.260000E-7	0.000000E+0	0.000000E+0	1.964247E-4	2.976042E-9	0.000000E+0	0.000000E+0	1.999959E+1	0.000000E+0	4.000000E+0
28-Apr-25	11:13:10	-1.000000E-5	4.509500E+0	-8.000000E-5	-2.650000E-5	-2.500000E-7	-1.120000E-7	-1.200000E-7	0.000000E+0	0.000000E+0	1.964247E-4	2.976042E-9	0.000000E+0	0.000000E+0	1.999959E+1	0.000000E+0	4.000000E+0
28-Apr-25	11:13:10	-1.000000E-5	4.512630E+0	-8.000000E-5	-2.660000E-5	-3.500000E-7	-3.400000E-8	-3.600000E-8	0.000000E+0	0.000000E+0	1.964247E-4	2.976042E-9	0.000000E+0	0.000000E+0	1.999959E+1	0.000000E+0	4.000000E+0
28-Apr-25	11:13:11	-1.000000E-5	4.516445E+0	-8.000000E-5	-2.650000E-5	-2.500000E-7	1.600000E-8	6.000000E-9	0.000000E+0	0.000000E+0	1.964247E-4	2.976042E-9	0.000000E+0	0.000000E+0	1.999959E+1	0.000000E+0	4.000000E+0
28-Apr-25	11:13:11	-1.000000E-5	4.519560E+0	-8.000000E-5	-2.645000E-5	-2.500000E-7	6.600000E-8	-2.000000E-8	0.000000E+0	0.000000E+0	1.964247E-4	2.976042E-9	0.000000E+0	0.000000E+0	1.999959E+1	0.000000E+0	4.000000E+0
28-Apr-25	11:13:12	-1.000000E-5	4.523065E+0	-8.000000E-5	-2.660000E-5	-2.500000E-7	8.200000E-8	-1.100000E-7	0.000000E+0	0.000000E+0	1.964247E-4	2.976042E-9	0.000000E+0	0.000000E+0	1.999959E+1	0.000000E+0	4.000000E+0
28-Apr-25	11:13:12	-1.000000E-5	4.526565E+0	-8.000000E-5	-2.650000E-5	-3.500000E-7	6.000000E-9	-9.000000E-8	0.000000E+0	0.000000E+0	1.964247E-4	2.976042E-9	0.000000E+0	0.000000E+0	1.999959E+1	0.000000E+0	4.000000E+0
28-Apr-25	11:13:13	-1.000000E-5	4.529680E+0	-8.000000E-5	-2.650000E-5	-4.000000E-7	-1.060000E-7	7.800000E-8	0.000000E+0	0.000000E+0	1.964247E-4	2.976042E-9	0.000000E+0	0.000000E+0	1.999959E+1	0.000000E+0	4.000000E+0
28-Apr-25	11:13:13	-1.000000E-5	4.530875E+0	-8.000000E-5	-2.660000E-5	-3.500000E-7	-1.340000E-7	1.880000E-7	0.000000E+0	0.000000E+0	1.964247E-4	2.976042E-9	0.000000E+0	0.000000E+0	1.999959E+1	0.000000E+0	4.000000E+0
28-Apr-25	11:13:14	-1.000000E-5	4.536515E+0	-8.000000E-5	-2.650000E-5	-3.000000E-7	-7.400000E-8	1.020000E-7	0.000000E+0	0.000000E+0	1.964247E-4	2.976042E-9	0.000000E+0	0.000000E+0	1.999959E+1	0.000000E+0	4.000000E+0
28-Apr-25	11:13:14	-1.000000E-5	4.540030E+0	-8.000000E-5	-2.640000E-5	-3.000000E-7	0.000000E+0	-5.400000E-8	0.000000E+0	0.000000E+0	1.964247E-4	2.976042E-9	0.000000E+0	0.000000E+0	1.999959E+1	0.000000E+0	4.000000E+0
28-Apr-25	11:13:15	-1.000000E-5	4.543080E+0	-8.000000E-5	-2.655000E-5	-4.000000E-7	8.600000E-8	-2.060000E-7	0.000000E+0	0.000000E+0	1.964247E-4	2.976042E-9	0.000000E+0	0.000000E+0	1.999959E+1	0.000000E+0	4.000000E+0
28-Apr-25	11:13:15	-1.000000E-5	4.544245E+0	-8.000000E-5	-2.665000E-5	-1.500000E-7	1.360000E-7	-3.320000E-7	0.000000E+0	0.000000E+0	1.964247E-4	2.976042E-9	0.000000E+0	0.000000E+0	1.999959E+1	0.000000E+0	4.000000E+0
28-Apr-25	11:13:16	-1.000000E-5	4.550505E+0	-8.000000E-5	-2.665000E-5	-1.500000E-7	7.800000E-8	-2.820000E-7	0.000000E+0	0.000000E+0	1.964247E-4	2.976042E-9	0.000000E+0	0.000000E+0	1.999959E+1	0.000000E+0	4.000000E+0
28-Apr-25	11:13:16	-1.000000E-5	4.553520E+0	-8.000000E-5	-2.640000E-5	-2.000000E-7	8.400000E-8	-1.640000E-7	0.000000E+0	0.000000E+0	1.964247E-4	2.976042E-9	0.000000E+0	0.000000E+0	1.999959E+1	0.000000E+0	4.000000E+0
28-Apr-25	11:13:17	-1.000000E-5	4.556890E+0	-8.000000E-5	-2.640000E-5	-4.500000E-7	1.700000E-7	-1.100000E-7	0.000000E+0	0.000000E+0	1.964247E-4	2.976042E-9	0.000000E+0	0.000000E+0	1.999959E+1	0.000000E+0	4.000000E+0
28-Apr-25	11:13:17	-1.000000E-5	4.559905E+0	-8.000000E-5	-2.670000E-5	-1.500000E-7	1.260000E-7	-1.320000E-7	0.000000E+0	0.000000E+0	1.964247E-4	2.976042E-9	0.000000E+0	0.000000E+0	1.999959E+1	0.000000E+0	4.000000E+0
28-Apr-25	11:13:18	-1.000000E-5	4.563895E+0	-8.000000E-5	-2.660000E-5	-2.000000E-7	-9.800000E-8	-1.140000E-7	0.000000E+0	0.000000E+0	1.964247E-4	2.976042E-9	0.000000E+0	0.000000E+0	1.999959E+1	0.000000E+0	4.000000E+0
28-Apr-25	11:13:18	-1.000000E-5	4.567975E+0	-8.000000E-5	-2.655000E-5	-2.000000E-7	-1.160000E-7	-2.000000E-8	0.000000E+0	0.000000E+0	1.964247E-4	2.976042E-9	0.000000E+0	0.000000E+0	1.999959E+1	0.000000E+0	4.000000E+0
28-Apr-25	11:13:19	-1.000000E-5	4.570965E+0	-8.000000E-5	-2.645000E-5	-5.000000E-8	-8.000000E-9	5.200000E-8	0.000000E+0	0.000000E+0	1.964247E-4	2.976042E-9	0.000000E+0	0.000000E+0	1.999959E+1	0.000000E+0	4.000000E+0
28-Apr-25	11:13:19	-1.000000E-5	4.573940E+0	-8.000000E-5	-2.660000E-5	-2.000000E-7	3.200000E-8	4.400000E-8	0.000000E+0	0.000000E+0	1.964247E-4	2.976042E-9	0.000000E+0	0.000000E+0	1.999959E+1	0.000000E+0	4.000000E+0
28-Apr-25	11:13:20	-1.000000E-5	4.574435E+0	-8.000000E-5	-2.655000E-5	-5.500000E-7	-2.600000E-8	-2.000000E-8	0.000000E+0	0.000000E+0	1.964247E-4	2.976042E-9	0.000000E+0	0.000000E+0	1.999959E+1	0.000000E+0	4.000000E+0
28-Apr-25	11:13:20	-1.000000E-5	4.580200E+0	-8.000000E-5	-2.670000E-5	-6.500000E-7	-1.040000E-7	-5.400000E-8	0.000000E+0	0.000000E+0	1.964247E-4	2.976042E-9	0.000000E+0	0.000000E+0	1.999959E+1	0.000000E+0	4.000000E+0
28-Apr-25	11:13:21	-1.000000E-5	4.583130E+0	-8.000000E-5	-2.665000E-5	-3.500000E-7	-1.320000E-7	-3.000000E-8	0.000000E+0	0.000000E+0	1.964247E-4	2.976042E-9	0.000000E+0	0.000000E+0	1.999959E+1	0.000000E+0	4.000000E+0
28-Apr-25	11:13:21	-1.000000E-5	4.586070E+0	-8.000000E-5	-2.655000E-5	-3.000000E-7	-1.060000E-7	-4.000000E-9	0.000000E+0	0.000000E+0	1.964247E-4	2.976042E-9	0.000000E+0	0.000000E+0	1.999959E+1	0.000000E+0	4.000000E+0
28-Apr-25	11:13:22	-1.000000E-5	4.587210E+0	-8.000000E-5	-2.655000E-5	-2.500000E-7	-3.000000E-8	6.000000E-9	0.000000E+0	0.000000E+0	1.964247E-4	2.976042E-9	0.000000E+0	0.000000E+0	1.999959E+1	0.000000E+0	4.000000E+0
28-Apr-25	11:13:22	-1.000000E-5	4.593325E+0	-8.000000E-5	-2.685000E-5	-1.500000E-7	6.800000E-8	1.800000E-8	0.000000E+0	0.000000E+0	1.964247E-4	2.976042E-9	0.000000E+0	0.000000E+0	1.999959E+1	0.000000E+0	4.000000E+0
28-Apr-25	11:13:23	-1.000000E-5	4.596885E+0	-8.000000E-5	-2.660000E-5	-1.000000E-7	1.840000E-7	-1.200000E-8	0.000000E+0	0.000000E+0	1.964247E-4	2.976042E-9	0.000000E+0	0.000000E+0	1.999959E+1	0.000000E+0	4.000000E+0
28-Apr-25	11:13:23	-1.000000E-5	4.597355E+0	-8.000000E-5	-2.655000E-5	-2.000000E-7	2.120000E-7	-7.400000E-8	0.000000E+0	0.000000E+0	1.964247E-4	2.976042E-9	0.000000E+0	0.000000E+0	1.999959E+1	0.000000E+0	4.000000E+0
28-Apr-25	11:13:24	-1.000000E-5	4.603315E+0	-8.000000E-5	-2.660000E-5	-1.500000E-7	1.520000E-7	-1.120000E-7	0.000000E+0	0.000000E+0	1.964247E-4	2.976042E-9	0.000000E+0	0.000000E+0	1.999959E+1	0.000000E+0	4.000000E+0
28-Apr-25	11:13:25	-1.000000E-5	4.607265E+0	-8.000000E-5	-2.660000E-5	-2.000000E-7	1.380000E-7	-6.600000E-8	0.000000E+0	0.000000E+0	1.964247E-4	2.976042E-9	0.000000E+0	0.000000E+0	1.999959E+1	0.000000E+0	4.000000E+0
28-Apr-25	11:13:25	-1.000000E-5	4.611090E+0	-8.000000E-5	-2.645000E-5	-3.500000E-7	9.800000E-8	4.000000E-9	0.000000E+0	0.000000E+0	1.964247E-4	2.976042E-9	0.000000E+0	0.000000E+0	1.999959E+1	0.000000E+0	4.000000E+0
28-Apr-25	11:13:25	-1.000000E-5	4.613955E+0	-8.000000E-5	-2.645000E-5	-2.500000E-7	8.000000E-9	4.000000E-8	0.000000E+0	0.000000E+0	1.964247E-4	2.976042E-9	0.000000E+0	0.000000E+0	1.999959E+1	0.000000E+0	4.000000E+0
28-Apr-25	11:13:26	-1.000000E-5	4.616815E+0	-8.000000E-5	-2.645000E-5	-1.500000E-7	-6.200000E-8	-1.600000E-8	0.000000E+0	0.000000E+0	1.964247E-4	2.976042E-9	0.000000E+0	0.000000E+0	1.999959E+1	0.000000E+0	4.000000E+0
28-Apr-25	11:13:26	-1.000000E-5	4.619650E+0	-8.000000E-5	-2.650000E-5	-2.000000E-7	-8.200000E-8	-2.020000E-7	0.000000E+0	0.000000E+0	1.964247E-4	2.976042E-9	0.000000E+0	0.000000E+0	1.999959E+1	0.000000E+0	4.000000E+0
28-Apr-25	11:13:27	-1.000000E-5	4.622800E+0	-8.000000E-5	-2.645000E-5	-1.500000E-7	-8.400000E-8	-3.460000E-7	0.000000E+0	0.000000E+0	1.964247E-4	2.976042E-9	0.000000E+0	0.000000E+0	1.999959E+1	0.000000E+0	4.000000E+0
28-Apr-25	11:13:27	-1.000000E-5	4.625635E+0	-8.000000E-5	-2.650000E-5	-3.000000E-7	-7.200000E-8	-2.980000E-7	0.000000E+0	0.000000E+0	1.964247E-4	2.976042E-9	0.000000E+0	0.000000E+0	1.999959E+1	0.000000E+0	4.000000E+0
28-Apr-25	11:13:28	-1.000000E-5	4.628825E+0	-8.000000E-5	-2.655000E-5	-1.500000E-7	-2.400000E-8	-1.400000E-7	0.000000E+0	0.000000E+0	1.964247E-4	2.976042E-9	0.000000E+0	0.000000E+0	1.999959E+1	0.000000E+0	4.000000E+0
28-Apr-25	11:13:28	-1.000000E-5	4.632305E+0	-8.000000E-5	-2.630000E-5	-1.000000E-7	7.800000E-8	2.200000E-8	0.000000E+0	0.000000E+0	1.964247E-4	2.976042E-9	0.000000E+0	0.000000E+0	1.999959E+1	0.000000E+0	4.000000E+0
28-Apr-25	11:13:29	-1.000000E-5	4.635105E+0	-8.000000E-5	-2.620000E-5	-4.500000E-7	1.760000E-7	8.200000E-8	0.000000E+0	0.000000E+0	1.964247E-4	2.976042E-9	0.000000E+0	0.000000E+0	1.999959E+1	0.000000E+0	4.000000E+0
28-Apr-25	11:13:29	-1.000000E-5	4.637920E+0	-8.000000E-5	-2.640000E-5	-2.500000E-7	2.460000E-7	7.200000E-8	0.000000E+0	0.000000E+0	1.964247E-4	2.976042E-9	0.000000E+0	0.000000E+0	1.999959E+1	0.000000E+0	4.000000E+0
28-Apr-25	11:13:30	-1.000000E-5	4.638370E+0	-8.000000E-5	-2.650000E-5	-1.000000E-7	2.380000E-7	4.000000E-8	0.000000E+0	0.000000E+0	1.964247E-4	2.976042E-9	0.000000E+0	0.000000E+0	1.999959E+1	0.000000E+0	4.000000E+0
28-Apr-25	11:13:30	-1.000000E-5	4.643480E+0	-8.000000E-5	-2.650000E-5	-2.500000E-7	1.700000E-7	7.800000E-8	0.000000E+0	0.000000E+0	1.964247E-4	2.976042E-9	0.000000E+0	0.000000E+0	1.999959E+1	0.000000E+0	4.000000E+0
28-Apr-25	11:13:31	-1.000000E-5	4.646555E+0	-8.000000E-5	-2.640000E-5	-2.000000E-7	9.400000E-8	1.400000E-7	0.000000E+0	0.000000E+0	1.964247E-4	2.976042E-9	0.000000E+0	0.000000E+0	1.999959E+1	0.000000E+0	4.000000E+0
28-Apr-25	11:13:31	-1.000000E-5	4.649315E+0	-8.000000E-5	-2.640000E-5	-3.000000E-7	3.400000E-8	1.020000E-7	0.000000E+0	0.000000E+0	1.964247E-4	2.976042E-9	0.000000E+0	0.000000E+0	1.999959E+1	0.000000E+0	4.000000E+0
28-Apr-25	11:13:32	-1.000000E-5	4.652075E+0	-8.000000E-5	-2.650000E-5	-3.000000E-7	-6.600000E-8	-8.000000E-9	0.000000E+0	0.000000E+0	1.964247E-4	2.976042E-9	0.000000E+0	0.000000E+0	1.999959E+1	0.000000E+0	4.000000E+0
28-Apr-25	11:13:32	-1.000000E-5	4.655185E+0	-8.000000E-5	-2.645000E-5	-1.500000E-7	-1.780000E-7	-1.060000E-7	0.000000E+0	0.000000E+0	1.964247E-4	2.976042E-9	0.000000E+0	0.000000E+0	1.999959E+1	0.000000E+0	4.000000E+0
28-Apr-25	11:13:33	-1.000000E-5	4.658895E+0	-8.000000E-5	-2.645000E-5	-2.000000E-7	-8.200000E-8	-1.200000E-7	0.000000E+0	0.000000E+0	1.964247E-4	2.976042E-9	0.000000E+0	0.000000E+0	1.999959E+1	0.000000E+0	4.000000E+0
28-Apr-25	11:13:33	-1.000000E-5	4.661935E+0	-8.000000E-5	-2.665000E-5	-3.500000E-7	1.020000E-7	-1.420000E-7	0.000000E+0	0.000000E+0	1.964247E-4	2.976042E-9	0.000000E+0	0.000000E+0	1.999959E+1	0.000000E+0	4.000000E+0
28-Apr-25	11:13:34	-1.000000E-5	4.664940E+0	-8.000000E-5	-2.675000E-5	-5.000000E-8	8.800000E-8	-1.380000E-7	0.000000E+0	0.000000E+0	1.964247E-4	2.976042E-9	0.000000E+0	0.000000E+0	1.999959E+1	0.000000E+0	4.000000E+0
28-Apr-25	11:13:34	-1.000000E-5	4.668320E+0	-8.000000E-5	-2.645000E-5	-5.000000E-8	-1.600000E-7	-4.000000E-9	0.000000E+0	0.000000E+0	1.964247E-4	2.976042E-9	0.000000E+0	0.000000E+0	1.999959E+1	0.000000E+0	4.000000E+0
28-Apr-25	11:13:35	-1.000000E-5	4.672275E+0	-8.000000E-5	-2.660000E-5	-2.500000E-7	-2.920000E-7	9.000000E-8	0.000000E+0	0.000000E+0	1.964247E-4	2.976042E-9	0.000000E+0	0.000000E+0	1.999959E+1	0.000000E+0	4.000000E+0
28-Apr-25	11:13:35	-1.000000E-5	4.675255E+0	-8.000000E-5	-2.655000E-5	-2.000000E-7	-2.120000E-7	6.400000E-8	0.000000E+0	0.000000E+0	1.964247E-4	2.976042E-9	0.000000E+0	0.000000E+0	1.999959E+1	0.000000E+0	4.000000E+0
28-Apr-25	11:13:36	-1.000000E-5	4.677945E+0	-8.000000E-5	-2.670000E-5	-4.000000E-7	-2.400000E-8	1.000000E-8	0.000000E+0	0.000000E+0	1.964247E-4	2.976042E-9	0.000000E+0	0.000000E+0	1.999959E+1	0.000000E+0	4.000000E+0
28-Apr-25	11:13:36	-1.000000E-5	4.681235E+0	-8.000000E-5	-2.650000E-5	-2.500000E-7	1.540000E-7	-2.800000E-8	0.000000E+0	0.000000E+0	1.964247E-4	2.976042E-9	0.000000E+0	0.000000E+0	1.999959E+1	0.000000E+0	4.000000E+0
28-Apr-25	11:13:37	-1.000000E-5	4.683960E+0	-8.000000E-5	-2.640000E-5	-3.500000E-7	2.680000E-7	-7.600000E-8	0.000000E+0	0.000000E+0	1.964247E-4	2.976042E-9	0.000000E+0	0.000000E+0	1.999959E+1	0.000000E+0	4.000000E+0
28-Apr-25	11:13:37	-1.000000E-5	4.686675E+0	-8.000000E-5	-2.655000E-5	-1.500000E-7	3.320000E-7	-1.500000E-7	0.000000E+0	0.000000E+0	1.964247E-4	2.976042E-9	0.000000E+0	0.000000E+0	1.999959E+1	0.000000E+0	4.000000E+0
28-Apr-25	11:13:38	-1.000000E-5	4.687085E+0	-8.000000E-5	-2.660000E-5	-1.500000E-7	3.560000E-7	-2.060000E-7	0.000000E+0	0.000000E+0	1.964247E-4	2.976042E-9	0.000000E+0	0.000000E+0	1.999959E+1	0.000000E+0	4.000000E+0
28-Apr-25	11:13:38	-1.000000E-5	4.692280E+0	-8.000000E-5	-2.630000E-5	-5.000000E-8	2.940000E-7	-1.300000E-7	0.000000E+0	0.000000E+0	1.964247E-4	2.976042E-9	0.000000E+0	0.000000E+0	1.999959E+1	0.000000E+0	4.000000E+0
28-Apr-25	11:13:39	-1.000000E-5	4.695215E+0	-8.000000E-5	-2.630000E-5	-2.500000E-7	1.740000E-7	4.200000E-8	0.000000E+0	0.000000E+0	1.964247E-4	2.976042E-9	0.000000E+0	0.000000E+0	1.999959E+1	0.000000E+0	4.000000E+0
28-Apr-25	11:13:39	-1.000000E-5	4.697915E+0	-8.000000E-5	-2.660000E-5	-2.500000E-7	9.200000E-8	1.680000E-7	0.000000E+0	0.000000E+0	1.964247E-4	2.976042E-9	0.000000E+0	0.000000E+0	1.999959E+1	0.000000E+0	4.000000E+0
28-Apr-25	11:13:40	-1.000000E-5	4.700530E+0	-8.000000E-5	-2.640000E-5	-2.500000E-7	1.380000E-7	1.160000E-7	0.000000E+0	0.000000E+0	1.964247E-4	2.976042E-9	0.000000E+0	0.000000E+0	1.999959E+1	0.000000E+0	4.000000E+0
28-Apr-25	11:13:40	-1.000000E-5	4.704065E+0	-8.000000E-5	-2.650000E-5	-4.000000E-7	2.580000E-7	-8.400000E-8	0.000000E+0	0.000000E+0	1.964247E-4	2.976042E-9	0.000000E+0	0.000000E+0	1.999959E+1	0.000000E+0	4.000000E+0
28-Apr-25	11:13:41	-1.000000E-5	4.707830E+0	-8.000000E-5	-2.650000E-5	-2.500000E-7	2.800000E-7	-1.380000E-7	0.000000E+0	0.000000E+0	1.964247E-4	2.976042E-9	0.000000E+0	0.000000E+0	1.999959E+1	0.000000E+0	4.000000E+0
28-Apr-25	11:13:42	-1.000000E-5	4.711585E+0	-8.000000E-5	-2.645000E-5	0.000000E+0	2.220000E-7	-8.800000E-8	0.000000E+0	0.000000E+0	1.964247E-4	2.976042E-9	0.000000E+0	0.000000E+0	1.999959E+1	0.000000E+0	4.000000E+0
28-Apr-25	11:13:42	-1.000000E-5	4.714760E+0	-8.000000E-5	-2.640000E-5	-2.000000E-7	1.700000E-7	-1.420000E-7	0.000000E+0	0.000000E+0	1.964247E-4	2.976042E-9	0.000000E+0	0.000000E+0	1.999959E+1	0.000000E+0	4.000000E+0
28-Apr-25	11:13:43	-1.000000E-5	4.715180E+0	-8.000000E-5	-2.660000E-5	-5.000000E-8	6.800000E-8	-1.980000E-7	0.000000E+0	0.000000E+0	1.964247E-4	2.976042E-9	0.000000E+0	0.000000E+0	1.999959E+1	0.000000E+0	4.000000E+0
28-Apr-25	11:13:43	-1.000000E-5	4.720490E+0	-8.000000E-5	-2.665000E-5	-1.000000E-7	-1.340000E-7	-2.020000E-7	0.000000E+0	0.000000E+0	1.964247E-4	2.976042E-9	0.000000E+0	0.000000E+0	1.999959E+1	0.000000E+0	4.000000E+0
28-Apr-25	11:13:44	-1.000000E-5	4.723625E+0	-8.000000E-5	-2.655000E-5	-1.000000E-7	-2.020000E-7	-1.680000E-7	0.000000E+0	0.000000E+0	1.964247E-4	2.976042E-9	0.000000E+0	0.000000E+0	1.999959E+1	0.000000E+0	4.000000E+0
28-Apr-25	11:13:44	-1.000000E-5	4.726855E+0	-8.000000E-5	-2.655000E-5	-1.500000E-7	-6.600000E-8	-1.160000E-7	0.000000E+0	0.000000E+0	1.964247E-4	2.976042E-9	0.000000E+0	0.000000E+0	1.999959E+1	0.000000E+0	4.000000E+0
28-Apr-25	11:13:45	-1.000000E-5	4.729405E+0	-8.000000E-5	-2.650000E-5	-4.000000E-7	0.000000E+0	-6.600000E-8	0.000000E+0	0.000000E+0	1.964247E-4	2.976042E-9	0.000000E+0	0.000000E+0	1.999959E+1	0.000000E+0	4.000000E+0
28-Apr-25	11:13:45	-1.000000E-5	4.732785E+0	-8.000000E-5	-2.645000E-5	-2.500000E-7	-5.200000E-8	-7.200000E-8	0.000000E+0	0.000000E+0	1.964247E-4	2.976042E-9	0.000000E+0	0.000000E+0	1.999959E+1	0.000000E+0	4.000000E+0
28-Apr-25	11:13:46	-1.000000E-5	4.733480E+0	-8.000000E-5	-2.665000E-5	-1.500000E-7	-3.200000E-8	-8.000000E-8	0.000000E+0	0.000000E+0	1.964247E-4	2.976042E-9	0.000000E+0	0.000000E+0	1.999959E+1	0.000000E+0	4.000000E+0
28-Apr-25	11:13:46	-1.000000E-5	4.738170E+0	-8.000000E-5	-2.675000E-5	-3.500000E-7	1.800000E-8	-2.400000E-8	0.000000E+0	0.000000E+0	1.964247E-4	2.976042E-9	0.000000E+0	0.000000E+0	1.999959E+1	0.000000E+0	4.000000E+0
28-Apr-25	11:13:47	-1.000000E-5	4.740960E+0	-8.000000E-5	-2.660000E-5	-1.000000E-7	-5.400000E-8	3.400000E-8	0.000000E+0	0.000000E+0	1.964247E-4	2.976042E-9	0.000000E+0	0.000000E+0	1.999959E+1	0.000000E+0	4.000000E+0
28-Apr-25	11:13:47	-1.000000E-5	4.743480E+0	-8.000000E-5	-2.665000E-5	-1.000000E-7	-2.200000E-7	-8.000000E-9	0.000000E+0	0.000000E+0	1.964247E-4	2.976042E-9	0.000000E+0	0.000000E+0	1.999959E+1	0.000000E+0	4.000000E+0
28-Apr-25	11:13:48	-1.000000E-5	4.746590E+0	-8.000000E-5	-2.650000E-5	-1.500000E-7	-3.680000E-7	-1.600000E-7	0.000000E+0	0.000000E+0	1.964247E-4	2.976042E-9	0.000000E+0	0.000000E+0	1.999959E+1	0.000000E+0	4.000000E+0
28-Apr-25	11:13:48	-1.000000E-5	4.749355E+0	-8.000000E-5	-2.665000E-5	-3.500000E-7	-3.460000E-7	-2.720000E-7	0.000000E+0	0.000000E+0	1.964247E-4	2.976042E-9	0.000000E+0	0.000000E+0	1.999959E+1	0.000000E+0	4.000000E+0
28-Apr-25	11:13:49	-1.000000E-5	4.751930E+0	-8.000000E-5	-2.650000E-5	-3.000000E-7	-1.940000E-7	-3.460000E-7	0.000000E+0	0.000000E+0	1.964247E-4	2.976042E-9	0.000000E+0	0.000000E+0	1.999959E+1	0.000000E+0	4.000000E+0
28-Apr-25	11:13:49	-1.000000E-5	4.754140E+0	-8.000000E-5	-2.660000E-5	-2.000000E-7	4.800000E-8	-4.000000E-7	0.000000E+0	0.000000E+0	1.964247E-4	2.976042E-9	0.000000E+0	0.000000E+0	1.999959E+1	0.000000E+0	4.000000E+0
28-Apr-25	11:13:50	-1.000000E-5	4.756195E+0	-8.000000E-5	-2.650000E-5	-3.000000E-7	1.940000E-7	-3.560000E-7	0.000000E+0	0.000000E+0	1.964247E-4	2.976042E-9	0.000000E+0	0.000000E+0	1.999959E+1	0.000000E+0	4.000000E+0
28-Apr-25	11:13:50	-1.000000E-5	4.758300E+0	-8.000000E-5	-2.665000E-5	-2.000000E-7	2.140000E-7	-2.380000E-7	0.000000E+0	0.000000E+0	1.964247E-4	2.976042E-9	0.000000E+0	0.000000E+0	1.999959E+1	0.000000E+0	4.000000E+0
28-Apr-25	11:13:51	-1.000000E-5	4.760565E+0	-8.000000E-5	-2.655000E-5	-2.000000E-7	1.800000E-7	-1.520000E-7	0.000000E+0	0.000000E+0	1.964247E-4	2.976042E-9	0.000000E+0	0.000000E+0	1.999959E+1	0.000000E+0	4.000000E+0
28-Apr-25	11:13:51	-1.000000E-5	4.762585E+0	-8.000000E-5	-2.645000E-5	-3.000000E-7	2.000000E-7	-1.480000E-7	0.000000E+0	0.000000E+0	1.964247E-4	2.976042E-9	0.000000E+0	0.000000E+0	1.999959E+1	0.000000E+0	4.000000E+0
28-Apr-25	11:13:52	-1.000000E-5	4.765270E+0	-8.000000E-5	-2.655000E-5	-3.500000E-7	2.260000E-7	-1.820000E-7	0.000000E+0	0.000000E+0	1.964247E-4	2.976042E-9	0.000000E+0	0.000000E+0	1.999959E+1	0.000000E+0	4.000000E+0
28-Apr-25	11:13:52	-1.000000E-5	4.765605E+0	-8.000000E-5	-2.635000E-5	-2.500000E-7	1.880000E-7	-2.040000E-7	0.000000E+0	0.000000E+0	1.964247E-4	2.976042E-9	0.000000E+0	0.000000E+0	1.999959E+1	0.000000E+0	4.000000E+0
28-Apr-25	11:13:53	-1.000000E-5	4.769730E+0	-8.000000E-5	-2.635000E-5	-2.500000E-7	4.800000E-8	-2.420000E-7	0.000000E+0	0.000000E+0	1.964247E-4	2.976042E-9	0.000000E+0	0.000000E+0	1.999959E+1	0.000000E+0	4.000000E+0
28-Apr-25	11:13:53	-1.000000E-5	4.772190E+0	-8.000000E-5	-2.650000E-5	-4.000000E-7	-1.600000E-7	-2.460000E-7	0.000000E+0	0.000000E+0	1.964247E-4	2.976042E-9	0.000000E+0	0.000000E+0	1.999959E+1	0.000000E+0	4.000000E+0
28-Apr-25	11:13:54	-1.000000E-5	4.774250E+0	-8.000000E-5	-2.665000E-5	-2.500000E-7	-2.500000E-7	-1.780000E-7	0.000000E+0	0.000000E+0	1.964247E-4	2.976042E-9	0.000000E+0	0.000000E+0	1.999959E+1	0.000000E+0	4.000000E+0
28-Apr-25	11:13:54	-1.000000E-5	4.776235E+0	-8.000000E-5	-2.655000E-5	-3.500000E-7	-1.780000E-7	-1.060000E-7	0.000000E+0	0.000000E+0	1.964247E-4	2.976042E-9	0.000000E+0	0.000000E+0	1.999959E+1	0.000000E+0	4.000000E+0
28-Apr-25	11:13:55	-1.000000E-5	4.778210E+0	-8.000000E-5	-2.655000E-5	-2.500000E-7	-3.000000E-8	-6.400000E-8	0.000000E+0	0.000000E+0	1.964247E-4	2.976042E-9	0.000000E+0	0.000000E+0	1.999959E+1	0.000000E+0	4.000000E+0
28-Apr-25	11:13:55	-1.000000E-5	4.778535E+0	-8.000000E-5	-2.670000E-5	-2.500000E-7	4.000000E-8	-6.000000E-9	0.000000E+0	0.000000E+0	1.964247E-4	2.976042E-9	0.000000E+0	0.000000E+0	1.999959E+1	0.000000E+0	4.000000E+0
28-Apr-25	11:13:56	-1.000000E-5	4.782365E+0	-8.000000E-5	-2.645000E-5	-5.000000E-8	2.800000E-8	9.400000E-8	0.000000E+0	0.000000E+0	1.964247E-4	2.976042E-9	0.000000E+0	0.000000E+0	1.999959E+1	0.000000E+0	4.000000E+0
28-Apr-25	11:13:56	-1.000000E-5	4.784330E+0	-8.000000E-5	-2.645000E-5	5.000000E-8	2.800000E-8	1.660000E-7	0.000000E+0	0.000000E+0	1.964247E-4	2.976042E-9	0.000000E+0	0.000000E+0	1.999959E+1	0.000000E+0	4.000000E+0
28-Apr-25	11:13:57	-1.000000E-5	4.786285E+0	-8.000000E-5	-2.655000E-5	-1.000000E-7	4.000000E-8	1.320000E-7	0.000000E+0	0.000000E+0	1.964247E-4	2.976042E-9	0.000000E+0	0.000000E+0	1.999959E+1	0.000000E+0	4.000000E+0
28-Apr-25	11:13:57	-1.000000E-5	4.787080E+0	-8.000000E-5	-2.645000E-5	-1.500000E-7	2.400000E-8	4.000000E-9	0.000000E+0	0.000000E+0	1.964247E-4	2.976042E-9	0.000000E+0	0.000000E+0	1.999959E+1	0.000000E+0	4.000000E+0
28-Apr-25	11:13:58	-1.000000E-5	4.790690E+0	-8.000000E-5	-2.660000E-5	-2.000000E-7	8.000000E-9	-5.000000E-8	0.000000E+0	0.000000E+0	1.964247E-4	2.976042E-9	0.000000E+0	0.000000E+0	1.999959E+1	0.000000E+0	4.000000E+0
28-Apr-25	11:13:58	-1.000000E-5	4.792860E+0	-8.000000E-5	-2.640000E-5	-2.500000E-7	-2.000000E-8	-3.800000E-8	0.000000E+0	0.000000E+0	1.964247E-4	2.976042E-9	0.000000E+0	0.000000E+0	1.999959E+1	0.000000E+0	4.000000E+0
28-Apr-25	11:13:59	-1.000000E-5	4.794775E+0	-8.000000E-5	-2.635000E-5	-2.000000E-7	-1.220000E-7	1.000000E-8	0.000000E+0	0.000000E+0	1.964247E-4	2.976042E-9	0.000000E+0	0.000000E+0	1.999959E+1	0.000000E+0	4.000000E+0
28-Apr-25	11:13:59	-1.000000E-5	4.797115E+0	-8.000000E-5	-2.640000E-5	-2.000000E-7	-2.800000E-7	6.800000E-8	0.000000E+0	0.000000E+0	1.964247E-4	2.976042E-9	0.000000E+0	0.000000E+0	1.999959E+1	0.000000E+0	4.000000E+0
28-Apr-25	11:14:00	-1.000000E-5	4.799055E+0	-8.000000E-5	-2.660000E-5	-2.000000E-7	-2.840000E-7	6.400000E-8	0.000000E+0	0.000000E+0	1.964247E-4	2.976042E-9	0.000000E+0	0.000000E+0	1.999959E+1	0.000000E+0	4.000000E+0
28-Apr-25	11:14:00	-1.000000E-5	4.799370E+0	-8.000000E-5	-2.650000E-5	-3.000000E-7	-1.560000E-7	8.000000E-9	0.000000E+0	0.000000E+0	1.964247E-4	2.976042E-9	0.000000E+0	0.000000E+0	1.999959E+1	0.000000E+0	4.000000E+0
28-Apr-25	11:14:00	-1.000000E-5	4.803100E+0	-8.000000E-5	-2.635000E-5	-3.000000E-7	-2.000000E-8	-9.200000E-8	0.000000E+0	0.000000E+0	1.964247E-4	2.976042E-9	0.000000E+0	0.000000E+0	1.999959E+1	0.000000E+0	4.000000E+0
28-Apr-25	11:14:01	-1.000000E-5	4.805015E+0	-8.000000E-5	-2.645000E-5	-1.000000E-7	3.000000E-8	-2.200000E-7	0.000000E+0	0.000000E+0	1.964247E-4	2.976042E-9	0.000000E+0	0.000000E+0	1.999959E+1	0.000000E+0	4.000000E+0
28-Apr-25	11:14:01	-1.000000E-5	4.806925E+0	-8.000000E-5	-2.655000E-5	-1.000000E-7	2.800000E-8	-3.260000E-7	0.000000E+0	0.000000E+0	1.964247E-4	2.976042E-9	0.000000E+0	0.000000E+0	1.999959E+1	0.000000E+0	4.000000E+0
28-Apr-25	11:14:02	-1.000000E-5	4.807440E+0	-8.000000E-5	-2.655000E-5	-1.000000E-7	2.000000E-9	-3.460000E-7	0.000000E+0	0.000000E+0	1.964247E-4	2.976042E-9	0.000000E+0	0.000000E+0	1.999959E+1	0.000000E+0	4.000000E+0
28-Apr-25	11:14:02	-1.000000E-5	4.811410E+0	-8.000000E-5	-2.650000E-5	-2.000000E-7	-2.600000E-8	-3.340000E-7	0.000000E+0	0.000000E+0	1.964247E-4	2.976042E-9	0.000000E+0	0.000000E+0	1.999959E+1	0.000000E+0	4.000000E+0
28-Apr-25	11:14:03	-1.000000E-5	4.813295E+0	-8.000000E-5	-2.640000E-5	5.000000E-8	-1.600000E-8	-3.620000E-7	0.000000E+0	0.000000E+0	1.964247E-4	2.976042E-9	0.000000E+0	0.000000E+0	1.999959E+1	0.000000E+0	4.000000E+0
28-Apr-25	11:14:03	-1.000000E-5	4.815600E+0	-8.000000E-5	-2.650000E-5	-5.000000E-8	2.600000E-8	-3.900000E-7	0.000000E+0	0.000000E+0	1.964247E-4	2.976042E-9	0.000000E+0	0.000000E+0	1.999959E+1	0.000000E+0	4.000000E+0
28-Apr-25	11:14:04	-1.000000E-5	4.817475E+0	-8.000000E-5	-2.645000E-5	-2.000000E-7	3.600000E-8	-3.320000E-7	0.000000E+0	0.000000E+0	1.964247E-4	2.976042E-9	0.000000E+0	0.000000E+0	1.999959E+1	0.000000E+0	4.000000E+0
28-Apr-25	11:14:04	-1.000000E-5	4.819360E+0	-8.000000E-5	-2.645000E-5	-1.500000E-7	2.600000E-8	-1.440000E-7	0.000000E+0	0.000000E+0	1.964247E-4	2.976042E-9	0.000000E+0	0.000000E+0	1.999959E+1	0.000000E+0	4.000000E+0
28-Apr-25	11:14:05	-1.000000E-5	4.819665E+0	-8.000000E-5	-2.660000E-5	-1.000000E-7	3.000000E-8	8.800000E-8	0.000000E+0	0.000000E+0	1.964247E-4	2.976042E-9	0.000000E+0	0.000000E+0	1.999959E+1	0.000000E+0	4.000000E+0
28-Apr-25	11:14:05	-1.000000E-5	4.823280E+0	-8.000000E-5	-2.650000E-5	-1.500000E-7	7.400000E-8	2.080000E-7	0.000000E+0	0.000000E+0	1.964247E-4	2.976042E-9	0.000000E+0	0.000000E+0	1.999959E+1	0.000000E+0	4.000000E+0
28-Apr-25	11:14:06	-1.000000E-5	4.825130E+0	-8.000000E-5	-2.635000E-5	-4.500000E-7	1.460000E-7	1.260000E-7	0.000000E+0	0.000000E+0	1.964247E-4	2.976042E-9	0.000000E+0	0.000000E+0	1.999959E+1	0.000000E+0	4.000000E+0
28-Apr-25	11:14:06	-1.000000E-5	4.826960E+0	-8.000000E-5	-2.635000E-5	-2.500000E-7	2.180000E-7	6.000000E-9	0.000000E+0	0.000000E+0	1.964247E-4	2.976042E-9	0.000000E+0	0.000000E+0	1.999959E+1	0.000000E+0	4.000000E+0
28-Apr-25	11:14:07	-1.000000E-5	4.829040E+0	-8.000000E-5	-2.640000E-5	-1.000000E-7	2.520000E-7	9.800000E-8	0.000000E+0	0.000000E+0	1.964247E-4	2.976042E-9	0.000000E+0	0.000000E+0	1.999959E+1	0.000000E+0	4.000000E+0
28-Apr-25	11:14:07	-1.000000E-5	4.831100E+0	-8.000000E-5	-2.640000E-5	-2.000000E-7	1.920000E-7	3.540000E-7	0.000000E+0	0.000000E+0	1.964247E-4	2.976042E-9	0.000000E+0	0.000000E+0	1.999959E+1	0.000000E+0	4.000000E+0
28-Apr-25	11:14:08	-1.000000E-5	4.833130E+0	-8.000000E-5	-2.650000E-5	-2.500000E-7	8.600000E-8	4.720000E-7	0.000000E+0	0.000000E+0	1.964247E-4	2.976042E-9	0.000000E+0	0.000000E+0	1.999959E+1	0.000000E+0	4.000000E+0
28-Apr-25	11:14:08	-1.000000E-5	4.835150E+0	-8.000000E-5	-2.640000E-5	-3.500000E-7	1.000000E-8	3.360000E-7	0.000000E+0	0.000000E+0	1.964247E-4	2.976042E-9	0.000000E+0	0.000000E+0	1.999959E+1	0.000000E+0	4.000000E+0
28-Apr-25	11:14:09	-1.000000E-5	4.837180E+0	-8.000000E-5	-2.635000E-5	-3.000000E-7	3.000000E-8	1.280000E-7	0.000000E+0	0.000000E+0	1.964247E-4	2.976042E-9	0.000000E+0	0.000000E+0	1.999959E+1	0.000000E+0	4.000000E+0
28-Apr-25	11:14:09	-1.000000E-5	4.838990E+0	-8.000000E-5	-2.655000E-5	-2.500000E-7	1.200000E-7	1.000000E-8	0.000000E+0	0.000000E+0	1.964247E-4	2.976042E-9	0.000000E+0	0.000000E+0	1.999959E+1	0.000000E+0	4.000000E+0
28-Apr-25	11:14:10	-1.000000E-5	4.839295E+0	-8.000000E-5	-2.650000E-5	-2.500000E-7	1.980000E-7	-8.000000E-9	0.000000E+0	0.000000E+0	1.964247E-4	2.976042E-9	0.000000E+0	0.000000E+0	1.999959E+1	0.000000E+0	4.000000E+0
28-Apr-25	11:14:10	-1.000000E-5	4.842815E+0	-8.000000E-5	-2.635000E-5	-2.500000E-7	1.920000E-7	4.000000E-9	0.000000E+0	0.000000E+0	1.964247E-4	2.976042E-9	0.000000E+0	0.000000E+0	1.999959E+1	0.000000E+0	4.000000E+0
28-Apr-25	11:14:11	-1.000000E-5	4.844620E+0	-8.000000E-5	-2.645000E-5	-1.000000E-7	1.580000E-7	5.400000E-8	0.000000E+0	0.000000E+0	1.964247E-4	2.976042E-9	0.000000E+0	0.000000E+0	1.999959E+1	0.000000E+0	4.000000E+0
28-Apr-25	11:14:11	-1.000000E-5	4.846470E+0	-8.000000E-5	-2.635000E-5	-1.000000E-7	1.920000E-7	1.680000E-7	0.000000E+0	0.000000E+0	1.964247E-4	2.976042E-9	0.000000E+0	0.000000E+0	1.999959E+1	0.000000E+0	4.000000E+0
28-Apr-25	11:14:12	-1.000000E-5	4.847145E+0	-8.000000E-5	-2.610000E-5	-2.000000E-7	2.460000E-7	2.640000E-7	0.000000E+0	0.000000E+0	1.964247E-4	2.976042E-9	0.000000E+0	0.000000E+0	1.999959E+1	0.000000E+0	4.000000E+0
28-Apr-25	11:14:12	-1.000000E-5	4.850840E+0	-8.000000E-5	-2.645000E-5	-3.000000E-7	1.620000E-7	8.800000E-8	0.000000E+0	0.000000E+0	1.964247E-4	2.976042E-9	0.000000E+0	0.000000E+0	1.999959E+1	0.000000E+0	4.000000E+0
28-Apr-25	11:14:13	-1.000000E-5	4.852420E+0	-8.000000E-5	-2.645000E-5	-2.000000E-7	5.600000E-8	-2.360000E-7	0.000000E+0	0.000000E+0	1.964247E-4	2.976042E-9	0.000000E+0	0.000000E+0	1.999959E+1	0.000000E+0	4.000000E+0
28-Apr-25	11:14:13	-1.000000E-5	4.854575E+0	-8.000000E-5	-2.635000E-5	-2.000000E-7	4.000000E-8	-5.500000E-7	0.000000E+0	0.000000E+0	1.964247E-4	2.976042E-9	0.000000E+0	0.000000E+0	1.999959E+1	0.000000E+0	4.000000E+0
28-Apr-25	11:14:14	-1.000000E-5	4.856960E+0	-8.000000E-5	-2.655000E-5	-2.500000E-7	3.000000E-8	-6.000000E-7	0.000000E+0	0.000000E+0	1.964247E-4	2.976042E-9	0.000000E+0	0.000000E+0	1.999959E+1	0.000000E+0	4.000000E+0
28-Apr-25	11:14:14	-1.000000E-5	4.858765E+0	-8.000000E-5	-2.650000E-5	-3.000000E-7	-1.000000E-7	-4.200000E-7	0.000000E+0	0.000000E+0	1.964247E-4	2.976042E-9	0.000000E+0	0.000000E+0	1.999959E+1	0.000000E+0	4.000000E+0
28-Apr-25	11:14:15	-1.000000E-5	4.860895E+0	-8.000000E-5	-2.635000E-5	-3.000000E-7	-1.640000E-7	-1.340000E-7	0.000000E+0	0.000000E+0	1.964247E-4	2.976042E-9	0.000000E+0	0.000000E+0	1.999959E+1	0.000000E+0	4.000000E+0
28-Apr-25	11:14:15	-1.000000E-5	4.862650E+0	-8.000000E-5	-2.650000E-5	-4.000000E-7	-1.600000E-8	3.800000E-8	0.000000E+0	0.000000E+0	1.964247E-4	2.976042E-9	0.000000E+0	0.000000E+0	1.999959E+1	0.000000E+0	4.000000E+0
28-Apr-25	11:14:16	-1.000000E-5	4.864780E+0	-8.000000E-5	-2.655000E-5	-1.500000E-7	2.020000E-7	2.200000E-8	0.000000E+0	0.000000E+0	1.964247E-4	2.976042E-9	0.000000E+0	0.000000E+0	1.999959E+1	0.000000E+0	4.000000E+0
28-Apr-25	11:14:16	-1.000000E-5	4.866715E+0	-8.000000E-5	-2.655000E-5	-2.000000E-7	2.140000E-7	-1.200000E-7	0.000000E+0	0.000000E+0	1.964247E-4	2.976042E-9	0.000000E+0	0.000000E+0	1.999959E+1	0.000000E+0	4.000000E+0
28-Apr-25	11:14:17	-1.000000E-5	4.868435E+0	-8.000000E-5	-2.650000E-5	5.000000E-8	1.700000E-7	-2.540000E-7	0.000000E+0	0.000000E+0	1.964247E-4	2.976042E-9	0.000000E+0	0.000000E+0	1.999959E+1	0.000000E+0	4.000000E+0
28-Apr-25	11:14:17	-1.000000E-5	4.870160E+0	-8.000000E-5	-2.630000E-5	-2.500000E-7	1.040000E-7	-3.420000E-7	0.000000E+0	0.000000E+0	1.964247E-4	2.976042E-9	0.000000E+0	0.000000E+0	1.999959E+1	0.000000E+0	4.000000E+0
28-Apr-25	11:14:18	-1.000000E-5	4.872465E+0	-8.000000E-5	-2.655000E-5	-1.500000E-7	-6.000000E-9	-4.500000E-7	0.000000E+0	0.000000E+0	1.964247E-4	2.976042E-9	0.000000E+0	0.000000E+0	1.999959E+1	0.000000E+0	4.000000E+0
28-Apr-25	11:14:18	-1.000000E-5	4.874165E+0	-8.000000E-5	-2.630000E-5	-1.500000E-7	-5.800000E-8	-3.940000E-7	0.000000E+0	0.000000E+0	1.964247E-4	2.976042E-9	0.000000E+0	0.000000E+0	1.999959E+1	0.000000E+0	4.000000E+0
28-Apr-25	11:14:19	-1.000000E-5	4.876280E+0	-8.000000E-5	-2.635000E-5	-1.500000E-7	-7.000000E-8	-7.600000E-8	0.000000E+0	0.000000E+0	1.964247E-4	2.976042E-9	0.000000E+0	0.000000E+0	1.999959E+1	0.000000E+0	4.000000E+0
28-Apr-25	11:14:19	-1.000000E-5	4.878570E+0	-8.000000E-5	-2.665000E-5	-3.500000E-7	-1.060000E-7	2.380000E-7	0.000000E+0	0.000000E+0	1.964247E-4	2.976042E-9	0.000000E+0	0.000000E+0	1.999959E+1	0.000000E+0	4.000000E+0
28-Apr-25	11:14:20	-1.000000E-5	4.880260E+0	-8.000000E-5	-2.650000E-5	-2.500000E-7	-1.240000E-7	2.460000E-7	0.000000E+0	0.000000E+0	1.964247E-4	2.976042E-9	0.000000E+0	0.000000E+0	1.999959E+1	0.000000E+0	4.000000E+0
28-Apr-25	11:14:20	-1.000000E-5	4.882320E+0	-8.000000E-5	-2.640000E-5	-1.500000E-7	-3.600000E-8	1.280000E-7	0.000000E+0	0.000000E+0	1.964247E-4	2.976042E-9	0.000000E+0	0.000000E+0	1.999959E+1	0.000000E+0	4.000000E+0
28-Apr-25	11:14:21	-1.000000E-5	4.884010E+0	-8.000000E-5	-2.635000E-5	-1.000000E-7	6.600000E-8	5.600000E-8	0.000000E+0	0.000000E+0	1.964247E-4	2.976042E-9	0.000000E+0	0.000000E+0	1.999959E+1	0.000000E+0	4.000000E+0
28-Apr-25	11:14:21	-1.000000E-5	4.884280E+0	-8.000000E-5	-2.645000E-5	-2.500000E-7	8.000000E-8	3.200000E-8	0.000000E+0	0.000000E+0	1.964247E-4	2.976042E-9	0.000000E+0	0.000000E+0	1.999959E+1	0.000000E+0	4.000000E+0
28-Apr-25	11:14:22	-1.000000E-5	4.887365E+0	-8.000000E-5	-2.640000E-5	-3.000000E-7	-8.000000E-9	4.000000E-8	0.000000E+0	0.000000E+0	1.964247E-4	2.976042E-9	0.000000E+0	0.000000E+0	1.999959E+1	0.000000E+0	4.000000E+0
28-Apr-25	11:14:22	-1.000000E-5	4.889215E+0	-8.000000E-5	-2.635000E-5	-3.500000E-7	-1.240000E-7	8.000000E-8	0.000000E+0	0.000000E+0	1.964247E-4	2.976042E-9	0.000000E+0	0.000000E+0	1.999959E+1	0.000000E+0	4.000000E+0
28-Apr-25	11:14:23	-1.000000E-5	4.890875E+0	-8.000000E-5	-2.650000E-5	-3.000000E-7	-1.720000E-7	1.360000E-7	0.000000E+0	0.000000E+0	1.964247E-4	2.976042E-9	0.000000E+0	0.000000E+0	1.999959E+1	0.000000E+0	4.000000E+0
28-Apr-25	11:14:23	-1.000000E-5	4.892525E+0	-8.000000E-5	-2.650000E-5	-1.000000E-7	-1.120000E-7	1.800000E-7	0.000000E+0	0.000000E+0	1.964247E-4	2.976042E-9	0.000000E+0	0.000000E+0	1.999959E+1	0.000000E+0	4.000000E+0
28-Apr-25	11:14:24	-1.000000E-5	4.894425E+0	-8.000000E-5	-2.635000E-5	-1.500000E-7	4.000000E-8	1.800000E-7	0.000000E+0	0.000000E+0	1.964247E-4	2.976042E-9	0.000000E+0	0.000000E+0	1.999959E+1	0.000000E+0	4.000000E+0
28-Apr-25	11:14:24	-1.000000E-5	4.894685E+0	-8.000000E-5	-2.640000E-5	-2.500000E-7	1.800000E-7	1.060000E-7	0.000000E+0	0.000000E+0	1.964247E-4	2.976042E-9	0.000000E+0	0.000000E+0	1.999959E+1	0.000000E+0	4.000000E+0
28-Apr-25	11:14:25	-1.000000E-5	4.897715E+0	-8.000000E-5	-2.635000E-5	-2.000000E-7	2.080000E-7	-2.000000E-8	0.000000E+0	0.000000E+0	1.964247E-4	2.976042E-9	0.000000E+0	0.000000E+0	1.999959E+1	0.000000E+0	4.000000E+0
28-Apr-25	11:14:25	-1.000000E-5	4.899535E+0	-8.000000E-5	-2.625000E-5	-3.000000E-7	7.600000E-8	-6.400000E-8	0.000000E+0	0.000000E+0	1.964247E-4	2.976042E-9	0.000000E+0	0.000000E+0	1.999959E+1	0.000000E+0	4.000000E+0
28-Apr-25	11:14:26	-1.000000E-5	4.901535E+0	-8.000000E-5	-2.650000E-5	-3.000000E-7	-7.200000E-8	8.200000E-8	0.000000E+0	0.000000E+0	1.964247E-4	2.976042E-9	0.000000E+0	0.000000E+0	1.999959E+1	0.000000E+0	4.000000E+0
28-Apr-25	11:14:26	-1.000000E-5	4.903765E+0	-8.000000E-5	-2.635000E-5	-4.500000E-7	-2.000000E-8	1.300000E-7	0.000000E+0	0.000000E+0	1.964247E-4	2.976042E-9	0.000000E+0	0.000000E+0	1.999959E+1	0.000000E+0	4.000000E+0
28-Apr-25	11:14:27	-1.000000E-5	4.905565E+0	-8.000000E-5	-2.635000E-5	-2.500000E-7	4.400000E-8	-6.000000E-9	0.000000E+0	0.000000E+0	1.964247E-4	2.976042E-9	0.000000E+0	0.000000E+0	1.999959E+1	0.000000E+0	4.000000E+0
28-Apr-25	11:14:27	-1.000000E-5	4.907530E+0	-8.000000E-5	-2.650000E-5	-2.500000E-7	1.060000E-7	-1.180000E-7	0.000000E+0	0.000000E+0	1.964247E-4	2.976042E-9	0.000000E+0	0.000000E+0	1.999959E+1	0.000000E+0	4.000000E+0
28-Apr-25	11:14:28	-1.000000E-5	4.909330E+0	-8.000000E-5	-2.645000E-5	-2.000000E-7	2.160000E-7	-5.000000E-8	0.000000E+0	0.000000E+0	1.964247E-4	2.976042E-9	0.000000E+0	0.000000E+0	1.999959E+1	0.000000E+0	4.000000E+0
28-Apr-25	11:14:28	-1.000000E-5	4.910940E+0	-8.000000E-5	-2.645000E-5	-1.500000E-7	3.240000E-7	1.600000E-8	0.000000E+0	0.000000E+0	1.964247E-4	2.976042E-9	0.000000E+0	0.000000E+0	1.999959E+1	0.000000E+0	4.000000E+0
28-Apr-25	11:14:29	-1.000000E-5	4.912545E+0	-8.000000E-5	-2.640000E-5	-3.000000E-7	3.820000E-7	-3.400000E-8	0.000000E+0	0.000000E+0	1.964247E-4	2.976042E-9	0.000000E+0	0.000000E+0	1.999959E+1	0.000000E+0	4.000000E+0
28-Apr-25	11:14:29	-1.000000E-5	4.914315E+0	-8.000000E-5	-2.640000E-5	-3.500000E-7	3.480000E-7	-1.460000E-7	0.000000E+0	0.000000E+0	1.964247E-4	2.976042E-9	0.000000E+0	0.000000E+0	1.999959E+1	0.000000E+0	4.000000E+0
28-Apr-25	11:14:30	-1.000000E-5	4.916150E+0	-8.000000E-5	-2.640000E-5	-2.500000E-7	2.040000E-7	-2.120000E-7	0.000000E+0	0.000000E+0	1.964247E-4	2.976042E-9	0.000000E+0	0.000000E+0	1.999959E+1	0.000000E+0	4.000000E+0
28-Apr-25	11:14:30	-1.000000E-5	4.917730E+0	-8.000000E-5	-2.660000E-5	-1.000000E-7	6.000000E-8	-1.540000E-7	0.000000E+0	0.000000E+0	1.964247E-4	2.976042E-9	0.000000E+0	0.000000E+0	1.999959E+1	0.000000E+0	4.000000E+0
28-Apr-25	11:14:31	-1.000000E-5	4.917995E+0	-8.000000E-5	-2.650000E-5	-2.000000E-7	-1.000000E-8	-1.200000E-8	0.000000E+0	0.000000E+0	1.964247E-4	2.976042E-9	0.000000E+0	0.000000E+0	1.999959E+1	0.000000E+0	4.000000E+0
28-Apr-25	11:14:31	-1.000000E-5	4.921075E+0	-8.000000E-5	-2.675000E-5	-4.000000E-7	2.000000E-9	1.200000E-7	0.000000E+0	0.000000E+0	1.964247E-4	2.976042E-9	0.000000E+0	0.000000E+0	1.999959E+1	0.000000E+0	4.000000E+0
28-Apr-25	11:14:32	-1.000000E-5	4.922640E+0	-8.000000E-5	-2.660000E-5	-2.500000E-7	6.000000E-9	1.480000E-7	0.000000E+0	0.000000E+0	1.964247E-4	2.976042E-9	0.000000E+0	0.000000E+0	1.999959E+1	0.000000E+0	4.000000E+0
28-Apr-25	11:14:32	-1.000000E-5	4.924210E+0	-8.000000E-5	-2.640000E-5	-5.000000E-8	-3.000000E-8	1.100000E-7	0.000000E+0	0.000000E+0	1.964247E-4	2.976042E-9	0.000000E+0	0.000000E+0	1.999959E+1	0.000000E+0	4.000000E+0
28-Apr-25	11:14:33	-1.000000E-5	4.924825E+0	-8.000000E-5	-2.660000E-5	-2.000000E-7	-3.800000E-8	1.200000E-7	0.000000E+0	0.000000E+0	1.964247E-4	2.976042E-9	0.000000E+0	0.000000E+0	1.999959E+1	0.000000E+0	4.000000E+0
28-Apr-25	11:14:33	-1.000000E-5	4.928210E+0	-8.000000E-5	-2.645000E-5	-2.000000E-7	1.400000E-8	2.080000E-7	0.000000E+0	0.000000E+0	1.964247E-4	2.976042E-9	0.000000E+0	0.000000E+0	1.999959E+1	0.000000E+0	4.000000E+0
28-Apr-25	11:14:34	-1.000000E-5	4.929840E+0	-8.000000E-5	-2.655000E-5	-1.500000E-7	1.000000E-8	2.900000E-7	0.000000E+0	0.000000E+0	1.964247E-4	2.976042E-9	0.000000E+0	0.000000E+0	1.999959E+1	0.000000E+0	4.000000E+0
28-Apr-25	11:14:34	-1.000000E-5	4.931390E+0	-8.000000E-5	-2.670000E-5	-1.500000E-7	-1.200000E-8	3.780000E-7	0.000000E+0	0.000000E+0	1.964247E-4	2.976042E-9	0.000000E+0	0.000000E+0	1.999959E+1	0.000000E+0	4.000000E+0
28-Apr-25	11:14:35	-1.000000E-5	4.932935E+0	-8.000000E-5	-2.665000E-5	-3.500000E-7	-1.000000E-8	3.660000E-7	0.000000E+0	0.000000E+0	1.964247E-4	2.976042E-9	0.000000E+0	0.000000E+0	1.999959E+1	0.000000E+0	4.000000E+0
28-Apr-25	11:14:35	-1.000000E-5	4.934625E+0	-8.000000E-5	-2.660000E-5	-1.500000E-7	1.400000E-8	2.100000E-7	0.000000E+0	0.000000E+0	1.964247E-4	2.976042E-9	0.000000E+0	0.000000E+0	1.999959E+1	0.000000E+0	4.000000E+0
28-Apr-25	11:14:36	-1.000000E-5	4.936165E+0	-8.000000E-5	-2.650000E-5	-5.000000E-8	7.800000E-8	5.200000E-8	0.000000E+0	0.000000E+0	1.964247E-4	2.976042E-9	0.000000E+0	0.000000E+0	1.999959E+1	0.000000E+0	4.000000E+0
28-Apr-25	11:14:36	-1.000000E-5	4.938110E+0	-8.000000E-5	-2.655000E-5	-5.000000E-8	1.560000E-7	3.000000E-8	0.000000E+0	0.000000E+0	1.964247E-4	2.976042E-9	0.000000E+0	0.000000E+0	1.999959E+1	0.000000E+0	4.000000E+0
28-Apr-25	11:14:36	-1.000000E-5	4.939455E+0	-8.000000E-5	-2.635000E-5	-1.500000E-7	1.920000E-7	6.000000E-8	0.000000E+0	0.000000E+0	1.964247E-4	2.976042E-9	0.000000E+0	0.000000E+0	1.999959E+1	0.000000E+0	4.000000E+0
28-Apr-25	11:14:37	-1.000000E-5	4.940045E+0	-8.000000E-5	-2.640000E-5	-1.000000E-7	1.560000E-7	7.800000E-8	0.000000E+0	0.000000E+0	1.964247E-4	2.976042E-9	0.000000E+0	0.000000E+0	1.999959E+1	0.000000E+0	4.000000E+0
28-Apr-25	11:14:38	-1.000000E-5	4.943165E+0	-8.000000E-5	-2.650000E-5	-1.500000E-7	3.000000E-8	2.000000E-8	0.000000E+0	0.000000E+0	1.964247E-4	2.976042E-9	0.000000E+0	0.000000E+0	1.999959E+1	0.000000E+0	4.000000E+0
28-Apr-25	11:14:38	-1.000000E-5	4.944670E+0	-8.000000E-5	-2.645000E-5	-1.000000E-7	-9.400000E-8	-7.800000E-8	0.000000E+0	0.000000E+0	1.964247E-4	2.976042E-9	0.000000E+0	0.000000E+0	1.999959E+1	0.000000E+0	4.000000E+0
28-Apr-25	11:14:38	-1.000000E-5	4.946240E+0	-8.000000E-5	-2.650000E-5	-3.000000E-7	-1.480000E-7	-1.480000E-7	0.000000E+0	0.000000E+0	1.964247E-4	2.976042E-9	0.000000E+0	0.000000E+0	1.999959E+1	0.000000E+0	4.000000E+0
28-Apr-25	11:14:39	-1.000000E-5	4.947750E+0	-8.000000E-5	-2.645000E-5	-2.000000E-7	-1.420000E-7	-1.600000E-7	0.000000E+0	0.000000E+0	1.964247E-4	2.976042E-9	0.000000E+0	0.000000E+0	1.999959E+1	0.000000E+0	4.000000E+0
28-Apr-25	11:14:39	-1.000000E-5	4.949245E+0	-8.000000E-5	-2.650000E-5	-1.500000E-7	-1.640000E-7	-1.600000E-7	0.000000E+0	0.000000E+0	1.964247E-4	2.976042E-9	0.000000E+0	0.000000E+0	1.999959E+1	0.000000E+0	4.000000E+0
28-Apr-25	11:14:40	-1.000000E-5	4.950750E+0	-8.000000E-5	-2.645000E-5	0.000000E+0	-2.120000E-7	-1.760000E-7	0.000000E+0	0.000000E+0	1.964247E-4	2.976042E-9	0.000000E+0	0.000000E+0	1.999959E+1	0.000000E+0	4.000000E+0
28-Apr-25	11:14:40	-1.000000E-5	4.951000E+0	-8.000000E-5	-2.645000E-5	-2.000000E-7	-1.980000E-7	-1.720000E-7	0.000000E+0	0.000000E+0	1.964247E-4	2.976042E-9	0.000000E+0	0.000000E+0	1.999959E+1	0.000000E+0	4.000000E+0
28-Apr-25	11:14:41	-1.000000E-5	4.953895E+0	-8.000000E-5	-2.650000E-5	-2.500000E-7	-1.520000E-7	-1.520000E-7	0.000000E+0	0.000000E+0	1.964247E-4	2.976042E-9	0.000000E+0	0.000000E+0	1.999959E+1	0.000000E+0	4.000000E+0
28-Apr-25	11:14:41	-1.000000E-5	4.955530E+0	-8.000000E-5	-2.650000E-5	-2.500000E-7	-1.660000E-7	-1.420000E-7	0.000000E+0	0.000000E+0	1.964247E-4	2.976042E-9	0.000000E+0	0.000000E+0	1.999959E+1	0.000000E+0	4.000000E+0
28-Apr-25	11:14:42	-1.000000E-5	4.956105E+0	-8.000000E-5	-2.655000E-5	-3.500000E-7	-1.640000E-7	-1.020000E-7	0.000000E+0	0.000000E+0	1.964247E-4	2.976042E-9	0.000000E+0	0.000000E+0	1.999959E+1	0.000000E+0	4.000000E+0
28-Apr-25	11:14:42	-1.000000E-5	4.959170E+0	-8.000000E-5	-2.645000E-5	-4.000000E-7	-2.800000E-8	-9.000000E-8	0.000000E+0	0.000000E+0	1.964247E-4	2.976042E-9	0.000000E+0	0.000000E+0	1.999959E+1	0.000000E+0	4.000000E+0
28-Apr-25	11:14:43	-1.000000E-5	4.960640E+0	-8.000000E-5	-2.620000E-5	-1.500000E-7	9.400000E-8	-1.940000E-7	0.000000E+0	0.000000E+0	1.964247E-4	2.976042E-9	0.000000E+0	0.000000E+0	1.999959E+1	0.000000E+0	4.000000E+0
28-Apr-25	11:14:43	-1.000000E-5	4.962430E+0	-8.000000E-5	-2.650000E-5	-4.000000E-7	1.460000E-7	-2.860000E-7	0.000000E+0	0.000000E+0	1.964247E-4	2.976042E-9	0.000000E+0	0.000000E+0	1.999959E+1	0.000000E+0	4.000000E+0
28-Apr-25	11:14:44	-1.000000E-5	4.962675E+0	-8.000000E-5	-2.655000E-5	-4.000000E-7	1.620000E-7	-1.900000E-7	0.000000E+0	0.000000E+0	1.964247E-4	2.976042E-9	0.000000E+0	0.000000E+0	1.999959E+1	0.000000E+0	4.000000E+0
28-Apr-25	11:14:44	-1.000000E-5	4.965355E+0	-8.000000E-5	-2.635000E-5	-5.000000E-8	1.320000E-7	-7.600000E-8	0.000000E+0	0.000000E+0	1.964247E-4	2.976042E-9	0.000000E+0	0.000000E+0	1.999959E+1	0.000000E+0	4.000000E+0
28-Apr-25	11:14:45	-1.000000E-5	4.966950E+0	-8.000000E-5	-2.635000E-5	-2.000000E-7	-2.000000E-8	-6.400000E-8	0.000000E+0	0.000000E+0	1.964247E-4	2.976042E-9	0.000000E+0	0.000000E+0	1.999959E+1	0.000000E+0	4.000000E+0
28-Apr-25	11:14:45	-1.000000E-5	4.968395E+0	-8.000000E-5	-2.660000E-5	-2.500000E-7	-1.980000E-7	-1.060000E-7	0.000000E+0	0.000000E+0	1.964247E-4	2.976042E-9	0.000000E+0	0.000000E+0	1.999959E+1	0.000000E+0	4.000000E+0
28-Apr-25	11:14:46	-1.000000E-5	4.969875E+0	-8.000000E-5	-2.650000E-5	-2.000000E-7	-2.700000E-7	-1.600000E-7	0.000000E+0	0.000000E+0	1.964247E-4	2.976042E-9	0.000000E+0	0.000000E+0	1.999959E+1	0.000000E+0	4.000000E+0
28-Apr-25	11:14:46	-1.000000E-5	4.971660E+0	-8.000000E-5	-2.640000E-5	-1.500000E-7	-2.340000E-7	-1.900000E-7	0.000000E+0	0.000000E+0	1.964247E-4	2.976042E-9	0.000000E+0	0.000000E+0	1.999959E+1	0.000000E+0	4.000000E+0
28-Apr-25	11:14:47	-1.000000E-5	4.971885E+0	-8.000000E-5	-2.670000E-5	-1.000000E-7	-2.140000E-7	-1.180000E-7	0.000000E+0	0.000000E+0	1.964247E-4	2.976042E-9	0.000000E+0	0.000000E+0	1.999959E+1	0.000000E+0	4.000000E+0
28-Apr-25	11:14:47	-1.000000E-5	4.974665E+0	-8.000000E-5	-2.655000E-5	-2.000000E-7	-2.400000E-7	4.400000E-8	0.000000E+0	0.000000E+0	1.964247E-4	2.976042E-9	0.000000E+0	0.000000E+0	1.999959E+1	0.000000E+0	4.000000E+0
28-Apr-25	11:14:48	-1.000000E-5	4.976240E+0	-8.000000E-5	-2.645000E-5	-3.000000E-7	-2.820000E-7	2.140000E-7	0.000000E+0	0.000000E+0	1.964247E-4	2.976042E-9	0.000000E+0	0.000000E+0	1.999959E+1	0.000000E+0	4.000000E+0
28-Apr-25	11:14:48	-1.000000E-5	4.977810E+0	-8.000000E-5	-2.645000E-5	-2.000000E-7	-2.960000E-7	2.900000E-7	0.000000E+0	0.000000E+0	1.964247E-4	2.976042E-9	0.000000E+0	0.000000E+0	1.999959E+1	0.000000E+0	4.000000E+0
28-Apr-25	11:14:49	-1.000000E-5	4.978045E+0	-8.000000E-5	-2.655000E-5	-2.500000E-7	-2.940000E-7	3.060000E-7	0.000000E+0	0.000000E+0	1.964247E-4	2.976042E-9	0.000000E+0	0.000000E+0	1.999959E+1	0.000000E+0	4.000000E+0
28-Apr-25	11:14:49	-1.000000E-5	4.980620E+0	-8.000000E-5	-2.650000E-5	-3.000000E-7	-2.740000E-7	2.560000E-7	0.000000E+0	0.000000E+0	1.964247E-4	2.976042E-9	0.000000E+0	0.000000E+0	1.999959E+1	0.000000E+0	4.000000E+0
28-Apr-25	11:14:50	-1.000000E-5	4.982180E+0	-8.000000E-5	-2.650000E-5	-3.500000E-7	-1.820000E-7	1.320000E-7	0.000000E+0	0.000000E+0	1.964247E-4	2.976042E-9	0.000000E+0	0.000000E+0	1.999959E+1	0.000000E+0	4.000000E+0
28-Apr-25	11:14:50	-1.000000E-5	4.983735E+0	-8.000000E-5	-2.640000E-5	-4.000000E-7	2.200000E-8	-4.200000E-8	0.000000E+0	0.000000E+0	1.964247E-4	2.976042E-9	0.000000E+0	0.000000E+0	1.999959E+1	0.000000E+0	4.000000E+0
28-Apr-25	11:14:51	-1.000000E-5	4.985430E+0	-8.000000E-5	-2.635000E-5	-2.000000E-7	2.040000E-7	-1.440000E-7	0.000000E+0	0.000000E+0	1.964247E-4	2.976042E-9	0.000000E+0	0.000000E+0	1.999959E+1	0.000000E+0	4.000000E+0
28-Apr-25	11:14:51	-1.000000E-5	4.986845E+0	-8.000000E-5	-2.640000E-5	-1.500000E-7	2.120000E-7	-1.600000E-7	0.000000E+0	0.000000E+0	1.964247E-4	2.976042E-9	0.000000E+0	0.000000E+0	1.999959E+1	0.000000E+0	4.000000E+0
28-Apr-25	11:14:52	-1.000000E-5	4.988435E+0	-8.000000E-5	-2.650000E-5	-1.500000E-7	1.040000E-7	-1.740000E-7	0.000000E+0	0.000000E+0	1.964247E-4	2.976042E-9	0.000000E+0	0.000000E+0	1.999959E+1	0.000000E+0	4.000000E+0
28-Apr-25	11:14:52	-1.000000E-5	4.990105E+0	-8.000000E-5	-2.635000E-5	-1.500000E-7	4.400000E-8	-1.980000E-7	0.000000E+0	0.000000E+0	1.964247E-4	2.976042E-9	0.000000E+0	0.000000E+0	1.999959E+1	0.000000E+0	4.000000E+0
28-Apr-25	11:14:53	-1.000000E-5	4.991640E+0	-8.000000E-5	-2.645000E-5	-4.000000E-7	1.140000E-7	-1.620000E-7	0.000000E+0	0.000000E+0	1.964247E-4	2.976042E-9	0.000000E+0	0.000000E+0	1.999959E+1	0.000000E+0	4.000000E+0
28-Apr-25	11:14:53	-1.000000E-5	4.993165E+0	-8.000000E-5	-2.625000E-5	-4.500000E-7	2.160000E-7	-1.140000E-7	0.000000E+0	0.000000E+0	1.964247E-4	2.976042E-9	0.000000E+0	0.000000E+0	1.999959E+1	0.000000E+0	4.000000E+0
28-Apr-25	11:14:54	-1.000000E-5	4.994680E+0	-8.000000E-5	-2.635000E-5	-2.000000E-7	3.100000E-7	-1.380000E-7	0.000000E+0	0.000000E+0	1.964247E-4	2.976042E-9	0.000000E+0	0.000000E+0	1.999959E+1	0.000000E+0	4.000000E+0
28-Apr-25	11:14:54	-1.000000E-5	4.996505E+0	-8.000000E-5	-2.645000E-5	-2.500000E-7	4.060000E-7	-1.780000E-7	0.000000E+0	0.000000E+0	1.964247E-4	2.976042E-9	0.000000E+0	0.000000E+0	1.999959E+1	0.000000E+0	4.000000E+0
28-Apr-25	11:14:55	-1.000000E-5	4.996720E+0	-8.000000E-5	-2.640000E-5	-1.500000E-7	4.100000E-7	-1.520000E-7	0.000000E+0	0.000000E+0	1.964247E-4	2.976042E-9	0.000000E+0	0.000000E+0	1.999959E+1	0.000000E+0	4.000000E+0
28-Apr-25	11:14:55	-1.000000E-5	4.999380E+0	-8.000000E-5	-2.640000E-5	-2.000000E-7	3.340000E-7	-7.400000E-8	0.000000E+0	0.000000E+0	1.964247E-4	2.976042E-9	0.000000E+0	0.000000E+0	1.999959E+1	0.000000E+0	4.000000E+0
28-Apr-25	11:14:56	-1.000000E-5	5.000735E+0	-8.000000E-5	-2.660000E-5	-2.000000E-7	2.640000E-7	-1.600000E-8	0.000000E+0	0.000000E+0	1.964247E-4	2.976042E-9	0.000000E+0	0.000000E+0	1.999959E+1	0.000000E+0	4.000000E+0
28-Apr-25	11:14:56	-1.000000E-5	5.001425E+0	-8.000000E-5	-2.665000E-5	-2.500000E-7	2.180000E-7	-2.800000E-8	0.000000E+0	0.000000E+0	1.964247E-4	2.976042E-9	0.000000E+0	0.000000E+0	1.999959E+1	0.000000E+0	4.000000E+0
28-Apr-25	11:14:57	-1.000000E-5	5.003895E+0	-8.000000E-5	-2.665000E-5	-4.000000E-7	1.760000E-7	-9.200000E-8	0.000000E+0	0.000000E+0	1.964247E-4	2.976042E-9	0.000000E+0	0.000000E+0	1.999959E+1	0.000000E+0	4.000000E+0
28-Apr-25	11:14:57	-1.000000E-5	5.005385E+0	-8.000000E-5	-2.645000E-5	-3.500000E-7	8.200000E-8	-1.160000E-7	0.000000E+0	0.000000E+0	1.964247E-4	2.976042E-9	0.000000E+0	0.000000E+0	1.999959E+1	0.000000E+0	4.000000E+0
28-Apr-25	11:14:58	-1.000000E-5	5.006750E+0	-8.000000E-5	-2.655000E-5	-1.000000E-7	-6.200000E-8	-8.800000E-8	0.000000E+0	0.000000E+0	1.964247E-4	2.976042E-9	0.000000E+0	0.000000E+0	1.999959E+1	0.000000E+0	4.000000E+0
28-Apr-25	11:14:58	-1.000000E-5	5.007295E+0	-8.000000E-5	-2.650000E-5	-2.000000E-7	-2.340000E-7	-6.800000E-8	0.000000E+0	0.000000E+0	1.964247E-4	2.976042E-9	0.000000E+0	0.000000E+0	1.999959E+1	0.000000E+0	4.000000E+0
28-Apr-25	11:14:59	-1.000000E-5	5.010090E+0	-8.000000E-5	-2.665000E-5	1.000000E-7	-2.780000E-7	-1.420000E-7	0.000000E+0	0.000000E+0	1.964247E-4	2.976042E-9	0.000000E+0	0.000000E+0	1.999959E+1	0.000000E+0	4.000000E+0
28-Apr-25	11:14:59	-1.000000E-5	5.011430E+0	-8.000000E-5	-2.655000E-5	-1.000000E-7	-2.200000E-7	-2.300000E-7	0.000000E+0	0.000000E+0	1.964247E-4	2.976042E-9	0.000000E+0	0.000000E+0	1.999959E+1	0.000000E+0	4.000000E+0
28-Apr-25	11:15:00	-1.000000E-5	5.012935E+0	-8.000000E-5	-2.640000E-5	-2.000000E-7	-1.140000E-7	-2.500000E-7	0.000000E+0	0.000000E+0	1.964247E-4	2.976042E-9	0.000000E+0	0.000000E+0	1.999959E+1	0.000000E+0	4.000000E+0
28-Apr-25	11:15:00	-1.000000E-5	5.014285E+0	-8.000000E-5	-2.655000E-5	0.000000E+0	2.600000E-8	-1.640000E-7	0.000000E+0	0.000000E+0	1.964247E-4	2.976042E-9	0.000000E+0	0.000000E+0	1.999959E+1	0.000000E+0	4.000000E+0
28-Apr-25	11:15:01	-1.000000E-5	5.015925E+0	-8.000000E-5	-2.655000E-5	-2.000000E-7	9.400000E-8	-6.400000E-8	0.000000E+0	0.000000E+0	1.964247E-4	2.976042E-9	0.000000E+0	0.000000E+0	1.999959E+1	0.000000E+0	4.000000E+0
28-Apr-25	11:15:01	-1.000000E-5	5.017280E+0	-8.000000E-5	-2.630000E-5	-1.500000E-7	4.600000E-8	-2.400000E-8	0.000000E+0	0.000000E+0	1.964247E-4	2.976042E-9	0.000000E+0	0.000000E+0	1.999959E+1	0.000000E+0	4.000000E+0
28-Apr-25	11:15:02	-1.000000E-5	5.018615E+0	-8.000000E-5	-2.645000E-5	-2.000000E-7	-7.000000E-8	-3.200000E-8	0.000000E+0	0.000000E+0	1.964247E-4	2.976042E-9	0.000000E+0	0.000000E+0	1.999959E+1	0.000000E+0	4.000000E+0
28-Apr-25	11:15:02	-1.000000E-5	5.020180E+0	-8.000000E-5	-2.665000E-5	-2.000000E-7	-1.340000E-7	-8.800000E-8	0.000000E+0	0.000000E+0	1.964247E-4	2.976042E-9	0.000000E+0	0.000000E+0	1.999959E+1	0.000000E+0	4.000000E+0
28-Apr-25	11:15:03	-1.000000E-5	5.021520E+0	-8.000000E-5	-2.660000E-5	-2.000000E-7	-9.000000E-8	-1.660000E-7	0.000000E+0	0.000000E+0	1.964247E-4	2.976042E-9	0.000000E+0	0.000000E+0	1.999959E+1	0.000000E+0	4.000000E+0
28-Apr-25	11:15:03	-1.000000E-5	5.021735E+0	-8.000000E-5	-2.650000E-5	-5.000000E-8	2.000000E-9	-1.700000E-7	0.000000E+0	0.000000E+0	1.964247E-4	2.976042E-9	0.000000E+0	0.000000E+0	1.999959E+1	0.000000E+0	4.000000E+0
28-Apr-25	11:15:04	-1.000000E-5	5.024365E+0	-8.000000E-5	-2.655000E-5	-2.500000E-7	9.000000E-8	-5.600000E-8	0.000000E+0	0.000000E+0	1.964247E-4	2.976042E-9	0.000000E+0	0.000000E+0	1.999959E+1	0.000000E+0	4.000000E+0
28-Apr-25	11:15:04	-1.000000E-5	5.025725E+0	-8.000000E-5	-2.635000E-5	-1.500000E-7	1.320000E-7	1.400000E-8	0.000000E+0	0.000000E+0	1.964247E-4	2.976042E-9	0.000000E+0	0.000000E+0	1.999959E+1	0.000000E+0	4.000000E+0
28-Apr-25	11:15:04	-1.000000E-5	5.027080E+0	-8.000000E-5	-2.650000E-5	-1.000000E-7	9.600000E-8	-5.000000E-8	0.000000E+0	0.000000E+0	1.964247E-4	2.976042E-9	0.000000E+0	0.000000E+0	1.999959E+1	0.000000E+0	4.000000E+0
28-Apr-25	11:15:05	-1.000000E-5	5.028445E+0	-8.000000E-5	-2.660000E-5	5.000000E-8	1.800000E-8	-1.620000E-7	0.000000E+0	0.000000E+0	1.964247E-4	2.976042E-9	0.000000E+0	0.000000E+0	1.999959E+1	0.000000E+0	4.000000E+0
28-Apr-25	11:15:05	-1.000000E-5	5.030165E+0	-8.000000E-5	-2.640000E-5	-1.000000E-7	-2.000000E-8	-1.900000E-7	0.000000E+0	0.000000E+0	1.964247E-4	2.976042E-9	0.000000E+0	0.000000E+0	1.999959E+1	0.000000E+0	4.000000E+0
28-Apr-25	11:15:06	-1.000000E-5	5.030545E+0	-8.000000E-5	-2.640000E-5	-1.000000E-7	-8.000000E-9	-1.440000E-7	0.000000E+0	0.000000E+0	1.964247E-4	2.976042E-9	0.000000E+0	0.000000E+0	1.999959E+1	0.000000E+0	4.000000E+0
28-Apr-25	11:15:06	-1.000000E-5	5.033080E+0	-8.000000E-5	-2.645000E-5	-1.000000E-7	6.000000E-9	-1.040000E-7	0.000000E+0	0.000000E+0	1.964247E-4	2.976042E-9	0.000000E+0	0.000000E+0	1.999959E+1	0.000000E+0	4.000000E+0
28-Apr-25	11:15:07	-1.000000E-5	5.034480E+0	-8.000000E-5	-2.650000E-5	-2.000000E-7	3.000000E-8	-9.200000E-8	0.000000E+0	0.000000E+0	1.964247E-4	2.976042E-9	0.000000E+0	0.000000E+0	1.999959E+1	0.000000E+0	4.000000E+0
28-Apr-25	11:15:07	-1.000000E-5	5.035865E+0	-8.000000E-5	-2.630000E-5	-1.000000E-7	6.000000E-8	-1.180000E-7	0.000000E+0	0.000000E+0	1.964247E-4	2.976042E-9	0.000000E+0	0.000000E+0	1.999959E+1	0.000000E+0	4.000000E+0
28-Apr-25	11:15:08	-1.000000E-5	5.036425E+0	-8.000000E-5	-2.630000E-5	-1.500000E-7	5.000000E-8	-1.100000E-7	0.000000E+0	0.000000E+0	1.964247E-4	2.976042E-9	0.000000E+0	0.000000E+0	1.999959E+1	0.000000E+0	4.000000E+0
28-Apr-25	11:15:08	-1.000000E-5	5.039315E+0	-8.000000E-5	-2.650000E-5	1.500000E-7	-5.000000E-8	2.200000E-8	0.000000E+0	0.000000E+0	1.964247E-4	2.976042E-9	0.000000E+0	0.000000E+0	1.999959E+1	0.000000E+0	4.000000E+0
28-Apr-25	11:15:09	-1.000000E-5	5.040740E+0	-8.000000E-5	-2.645000E-5	0.000000E+0	-9.400000E-8	7.800000E-8	0.000000E+0	0.000000E+0	1.964247E-4	2.976042E-9	0.000000E+0	0.000000E+0	1.999959E+1	0.000000E+0	4.000000E+0
28-Apr-25	11:15:09	-1.000000E-5	5.042370E+0	-8.000000E-5	-2.685000E-5	-3.500000E-7	-3.200000E-8	2.000000E-9	0.000000E+0	0.000000E+0	1.964247E-4	2.976042E-9	0.000000E+0	0.000000E+0	1.999959E+1	0.000000E+0	4.000000E+0
28-Apr-25	11:15:10	-1.000000E-5	5.043815E+0	-8.000000E-5	-2.630000E-5	-1.500000E-7	4.200000E-8	-5.000000E-8	0.000000E+0	0.000000E+0	1.964247E-4	2.976042E-9	0.000000E+0	0.000000E+0	1.999959E+1	0.000000E+0	4.000000E+0
28-Apr-25	11:15:10	-1.000000E-5	5.045570E+0	-8.000000E-5	-2.630000E-5	-4.000000E-7	3.800000E-8	0.000000E+0	0.000000E+0	0.000000E+0	1.964247E-4	2.976042E-9	0.000000E+0	0.000000E+0	1.999959E+1	0.000000E+0	4.000000E+0
28-Apr-25	11:15:11	-1.000000E-5	5.047205E+0	-8.000000E-5	-2.650000E-5	-3.000000E-7	-1.000000E-8	-2.000000E-9	0.000000E+0	0.000000E+0	1.964247E-4	2.976042E-9	0.000000E+0	0.000000E+0	1.999959E+1	0.000000E+0	4.000000E+0
28-Apr-25	11:15:12	-1.000000E-5	5.049005E+0	-8.000000E-5	-2.660000E-5	-2.500000E-7	3.200000E-8	-1.920000E-7	0.000000E+0	0.000000E+0	1.964247E-4	2.976042E-9	0.000000E+0	0.000000E+0	1.999959E+1	0.000000E+0	4.000000E+0
28-Apr-25	11:15:12	-1.000000E-5	5.050800E+0	-8.000000E-5	-2.635000E-5	-2.000000E-7	1.840000E-7	-2.860000E-7	0.000000E+0	0.000000E+0	1.964247E-4	2.976042E-9	0.000000E+0	0.000000E+0	1.999959E+1	0.000000E+0	4.000000E+0
28-Apr-25	11:15:13	-1.000000E-5	5.052315E+0	-8.000000E-5	-2.655000E-5	-2.000000E-7	2.940000E-7	-1.780000E-7	0.000000E+0	0.000000E+0	1.964247E-4	2.976042E-9	0.000000E+0	0.000000E+0	1.999959E+1	0.000000E+0	4.000000E+0
28-Apr-25	11:15:13	-1.000000E-5	5.054345E+0	-8.000000E-5	-2.645000E-5	0.000000E+0	1.780000E-7	-2.800000E-8	0.000000E+0	0.000000E+0	1.964247E-4	2.976042E-9	0.000000E+0	0.000000E+0	1.999959E+1	0.000000E+0	4.000000E+0
28-Apr-25	11:15:14	-1.000000E-5	5.055865E+0	-8.000000E-5	-2.650000E-5	0.000000E+0	2.600000E-8	-2.000000E-9	0.000000E+0	0.000000E+0	1.964247E-4	2.976042E-9	0.000000E+0	0.000000E+0	1.999959E+1	0.000000E+0	4.000000E+0
28-Apr-25	11:15:14	-1.000000E-5	5.057725E+0	-8.000000E-5	-2.665000E-5	-1.500000E-7	-4.000000E-9	-3.800000E-8	0.000000E+0	0.000000E+0	1.964247E-4	2.976042E-9	0.000000E+0	0.000000E+0	1.999959E+1	0.000000E+0	4.000000E+0
28-Apr-25	11:15:15	-1.000000E-5	5.059605E+0	-8.000000E-5	-2.675000E-5	-5.000000E-8	7.000000E-8	-4.600000E-8	0.000000E+0	0.000000E+0	1.964247E-4	2.976042E-9	0.000000E+0	0.000000E+0	1.999959E+1	0.000000E+0	4.000000E+0
28-Apr-25	11:15:15	-1.000000E-5	5.061495E+0	-8.000000E-5	-2.650000E-5	-5.000000E-8	5.600000E-8	-2.000000E-8	0.000000E+0	0.000000E+0	1.964247E-4	2.976042E-9	0.000000E+0	0.000000E+0	1.999959E+1	0.000000E+0	4.000000E+0
28-Apr-25	11:15:16	-1.000000E-5	5.061750E+0	-8.000000E-5	-2.650000E-5	-5.000000E-7	-2.800000E-8	-5.800000E-8	0.000000E+0	0.000000E+0	1.964247E-4	2.976042E-9	0.000000E+0	0.000000E+0	1.999959E+1	0.000000E+0	4.000000E+0
28-Apr-25	11:15:16	-1.000000E-5	5.064795E+0	-8.000000E-5	-2.655000E-5	-2.000000E-7	-9.600000E-8	-1.680000E-7	0.000000E+0	0.000000E+0	1.964247E-4	2.976042E-9	0.000000E+0	0.000000E+0	1.999959E+1	0.000000E+0	4.000000E+0
28-Apr-25	11:15:17	-1.000000E-5	5.066390E+0	-8.000000E-5	-2.645000E-5	-5.000000E-8	-9.800000E-8	-2.500000E-7	0.000000E+0	0.000000E+0	1.964247E-4	2.976042E-9	0.000000E+0	0.000000E+0	1.999959E+1	0.000000E+0	4.000000E+0
28-Apr-25	11:15:17	-1.000000E-5	5.067190E+0	-8.000000E-5	-2.650000E-5	-3.000000E-7	-5.200000E-8	-2.000000E-7	0.000000E+0	0.000000E+0	1.964247E-4	2.976042E-9	0.000000E+0	0.000000E+0	1.999959E+1	0.000000E+0	4.000000E+0
28-Apr-25	11:15:18	-1.000000E-5	5.070345E+0	-8.000000E-5	-2.665000E-5	-2.000000E-7	-2.400000E-8	-4.600000E-8	0.000000E+0	0.000000E+0	1.964247E-4	2.976042E-9	0.000000E+0	0.000000E+0	1.999959E+1	0.000000E+0	4.000000E+0
28-Apr-25	11:15:18	-1.000000E-5	5.072110E+0	-8.000000E-5	-2.650000E-5	-2.500000E-7	-1.600000E-8	6.000000E-8	0.000000E+0	0.000000E+0	1.964247E-4	2.976042E-9	0.000000E+0	0.000000E+0	1.999959E+1	0.000000E+0	4.000000E+0
28-Apr-25	11:15:19	-1.000000E-5	5.073690E+0	-8.000000E-5	-2.645000E-5	-2.500000E-7	-1.400000E-8	1.480000E-7	0.000000E+0	0.000000E+0	1.964247E-4	2.976042E-9	0.000000E+0	0.000000E+0	1.999959E+1	0.000000E+0	4.000000E+0
28-Apr-25	11:15:19	-1.000000E-5	5.075270E+0	-8.000000E-5	-2.645000E-5	-2.000000E-7	2.000000E-9	2.380000E-7	0.000000E+0	0.000000E+0	1.964247E-4	2.976042E-9	0.000000E+0	0.000000E+0	1.999959E+1	0.000000E+0	4.000000E+0
28-Apr-25	11:15:20	-1.000000E-5	5.076905E+0	-8.000000E-5	-2.650000E-5	-1.000000E-7	3.200000E-8	3.220000E-7	0.000000E+0	0.000000E+0	1.964247E-4	2.976042E-9	0.000000E+0	0.000000E+0	1.999959E+1	0.000000E+0	4.000000E+0
28-Apr-25	11:15:20	-1.000000E-5	5.078465E+0	-8.000000E-5	-2.650000E-5	-2.500000E-7	1.600000E-8	3.480000E-7	0.000000E+0	0.000000E+0	1.964247E-4	2.976042E-9	0.000000E+0	0.000000E+0	1.999959E+1	0.000000E+0	4.000000E+0
28-Apr-25	11:15:21	-1.000000E-5	5.080205E+0	-8.000000E-5	-2.655000E-5	-3.500000E-7	-5.800000E-8	2.640000E-7	0.000000E+0	0.000000E+0	1.964247E-4	2.976042E-9	0.000000E+0	0.000000E+0	1.999959E+1	0.000000E+0	4.000000E+0
28-Apr-25	11:15:21	-1.000000E-5	5.082295E+0	-8.000000E-5	-2.645000E-5	-3.000000E-7	6.000000E-9	1.200000E-7	0.000000E+0	0.000000E+0	1.964247E-4	2.976042E-9	0.000000E+0	0.000000E+0	1.999959E+1	0.000000E+0	4.000000E+0
28-Apr-25	11:15:22	-1.000000E-5	5.084015E+0	-8.000000E-5	-2.650000E-5	-2.000000E-7	1.800000E-7	1.400000E-8	0.000000E+0	0.000000E+0	1.964247E-4	2.976042E-9	0.000000E+0	0.000000E+0	1.999959E+1	0.000000E+0	4.000000E+0
28-Apr-25	11:15:22	-1.000000E-5	5.084265E+0	-8.000000E-5	-2.645000E-5	-1.000000E-7	3.020000E-7	-7.600000E-8	0.000000E+0	0.000000E+0	1.964247E-4	2.976042E-9	0.000000E+0	0.000000E+0	1.999959E+1	0.000000E+0	4.000000E+0
28-Apr-25	11:15:23	-1.000000E-5	5.087285E+0	-8.000000E-5	-2.640000E-5	-1.500000E-7	3.240000E-7	-6.600000E-8	0.000000E+0	0.000000E+0	1.964247E-4	2.976042E-9	0.000000E+0	0.000000E+0	1.999959E+1	0.000000E+0	4.000000E+0
28-Apr-25	11:15:23	-1.000000E-5	5.088825E+0	-8.000000E-5	-2.640000E-5	-3.000000E-7	2.800000E-7	5.400000E-8	0.000000E+0	0.000000E+0	1.964247E-4	2.976042E-9	0.000000E+0	0.000000E+0	1.999959E+1	0.000000E+0	4.000000E+0
28-Apr-25	11:15:24	-1.000000E-5	5.090695E+0	-8.000000E-5	-2.630000E-5	-3.000000E-7	1.920000E-7	1.560000E-7	0.000000E+0	0.000000E+0	1.964247E-4	2.976042E-9	0.000000E+0	0.000000E+0	1.999959E+1	0.000000E+0	4.000000E+0
28-Apr-25	11:15:24	-1.000000E-5	5.092575E+0	-8.000000E-5	-2.645000E-5	-1.000000E-7	4.400000E-8	1.500000E-7	0.000000E+0	0.000000E+0	1.964247E-4	2.976042E-9	0.000000E+0	0.000000E+0	1.999959E+1	0.000000E+0	4.000000E+0
28-Apr-25	11:15:25	-1.000000E-5	5.094160E+0	-8.000000E-5	-2.645000E-5	-1.500000E-7	-9.400000E-8	1.500000E-7	0.000000E+0	0.000000E+0	1.964247E-4	2.976042E-9	0.000000E+0	0.000000E+0	1.999959E+1	0.000000E+0	4.000000E+0
28-Apr-25	11:15:25	-1.000000E-5	5.095690E+0	-8.000000E-5	-2.675000E-5	-1.500000E-7	-1.680000E-7	1.320000E-7	0.000000E+0	0.000000E+0	1.964247E-4	2.976042E-9	0.000000E+0	0.000000E+0	1.999959E+1	0.000000E+0	4.000000E+0
28-Apr-25	11:15:26	-1.000000E-5	5.096265E+0	-8.000000E-5	-2.640000E-5	-1.000000E-7	-1.520000E-7	3.000000E-8	0.000000E+0	0.000000E+0	1.964247E-4	2.976042E-9	0.000000E+0	0.000000E+0	1.999959E+1	0.000000E+0	4.000000E+0
28-Apr-25	11:15:26	-1.000000E-5	5.098900E+0	-8.000000E-5	-2.645000E-5	-1.000000E-7	-1.700000E-7	-5.400000E-8	0.000000E+0	0.000000E+0	1.964247E-4	2.976042E-9	0.000000E+0	0.000000E+0	1.999959E+1	0.000000E+0	4.000000E+0
28-Apr-25	11:15:27	-1.000000E-5	5.100605E+0	-8.000000E-5	-2.645000E-5	-2.000000E-7	-2.640000E-7	-6.400000E-8	0.000000E+0	0.000000E+0	1.964247E-4	2.976042E-9	0.000000E+0	0.000000E+0	1.999959E+1	0.000000E+0	4.000000E+0
28-Apr-25	11:15:27	-1.000000E-5	5.102245E+0	-8.000000E-5	-2.650000E-5	-3.500000E-7	-3.000000E-7	-1.200000E-8	0.000000E+0	0.000000E+0	1.964247E-4	2.976042E-9	0.000000E+0	0.000000E+0	1.999959E+1	0.000000E+0	4.000000E+0
28-Apr-25	11:15:28	-1.000000E-5	5.104095E+0	-8.000000E-5	-2.645000E-5	-1.000000E-7	-1.040000E-7	1.000000E-7	0.000000E+0	0.000000E+0	1.964247E-4	2.976042E-9	0.000000E+0	0.000000E+0	1.999959E+1	0.000000E+0	4.000000E+0
28-Apr-25	11:15:28	-1.000000E-5	5.106080E+0	-8.000000E-5	-2.640000E-5	0.000000E+0	1.460000E-7	2.720000E-7	0.000000E+0	0.000000E+0	1.964247E-4	2.976042E-9	0.000000E+0	0.000000E+0	1.999959E+1	0.000000E+0	4.000000E+0
28-Apr-25	11:15:29	-1.000000E-5	5.107580E+0	-8.000000E-5	-2.650000E-5	-1.500000E-7	2.760000E-7	3.560000E-7	0.000000E+0	0.000000E+0	1.964247E-4	2.976042E-9	0.000000E+0	0.000000E+0	1.999959E+1	0.000000E+0	4.000000E+0
28-Apr-25	11:15:29	-1.000000E-5	5.109075E+0	-8.000000E-5	-2.635000E-5	-5.000000E-8	2.760000E-7	2.540000E-7	0.000000E+0	0.000000E+0	1.964247E-4	2.976042E-9	0.000000E+0	0.000000E+0	1.999959E+1	0.000000E+0	4.000000E+0
28-Apr-25	11:15:30	-1.000000E-5	5.110615E+0	-8.000000E-5	-2.635000E-5	-1.000000E-7	2.060000E-7	1.400000E-8	0.000000E+0	0.000000E+0	1.964247E-4	2.976042E-9	0.000000E+0	0.000000E+0	1.999959E+1	0.000000E+0	4.000000E+0
28-Apr-25	11:15:30	-1.000000E-5	5.112090E+0	-8.000000E-5	-2.630000E-5	0.000000E+0	1.740000E-7	-2.040000E-7	0.000000E+0	0.000000E+0	1.964247E-4	2.976042E-9	0.000000E+0	0.000000E+0	1.999959E+1	0.000000E+0	4.000000E+0
28-Apr-25	11:15:31	-1.000000E-5	5.114055E+0	-8.000000E-5	-2.645000E-5	-2.000000E-7	2.940000E-7	-1.820000E-7	0.000000E+0	0.000000E+0	1.964247E-4	2.976042E-9	0.000000E+0	0.000000E+0	1.999959E+1	0.000000E+0	4.000000E+0
28-Apr-25	11:15:31	-1.000000E-5	5.116000E+0	-8.000000E-5	-2.665000E-5	-3.000000E-7	4.040000E-7	-1.440000E-7	0.000000E+0	0.000000E+0	1.964247E-4	2.976042E-9	0.000000E+0	0.000000E+0	1.999959E+1	0.000000E+0	4.000000E+0
28-Apr-25	11:15:32	-1.000000E-5	5.117465E+0	-8.000000E-5	-2.645000E-5	-1.500000E-7	4.120000E-7	-2.280000E-7	0.000000E+0	0.000000E+0	1.964247E-4	2.976042E-9	0.000000E+0	0.000000E+0	1.999959E+1	0.000000E+0	4.000000E+0
28-Apr-25	11:15:32	-1.000000E-5	5.119070E+0	-8.000000E-5	-2.650000E-5	-3.500000E-7	3.460000E-7	-3.040000E-7	0.000000E+0	0.000000E+0	1.964247E-4	2.976042E-9	0.000000E+0	0.000000E+0	1.999959E+1	0.000000E+0	4.000000E+0
28-Apr-25	11:15:33	-1.000000E-5	5.120900E+0	-8.000000E-5	-2.650000E-5	-4.000000E-7	1.920000E-7	-3.040000E-7	0.000000E+0	0.000000E+0	1.964247E-4	2.976042E-9	0.000000E+0	0.000000E+0	1.999959E+1	0.000000E+0	4.000000E+0
28-Apr-25	11:15:33	-1.000000E-5	5.122350E+0	-8.000000E-5	-2.650000E-5	-2.000000E-7	1.200000E-8	-3.440000E-7	0.000000E+0	0.000000E+0	1.964247E-4	2.976042E-9	0.000000E+0	0.000000E+0	1.999959E+1	0.000000E+0	4.000000E+0
28-Apr-25	11:15:34	-1.000000E-5	5.122735E+0	-8.000000E-5	-2.650000E-5	-1.500000E-7	-6.600000E-8	-3.540000E-7	0.000000E+0	0.000000E+0	1.964247E-4	2.976042E-9	0.000000E+0	0.000000E+0	1.999959E+1	0.000000E+0	4.000000E+0
28-Apr-25	11:15:34	-1.000000E-5	5.125710E+0	-8.000000E-5	-2.645000E-5	-3.000000E-7	4.600000E-8	-2.500000E-7	0.000000E+0	0.000000E+0	1.964247E-4	2.976042E-9	0.000000E+0	0.000000E+0	1.999959E+1	0.000000E+0	4.000000E+0
28-Apr-25	11:15:35	-1.000000E-5	5.127140E+0	-8.000000E-5	-2.640000E-5	-3.500000E-7	2.160000E-7	-1.500000E-7	0.000000E+0	0.000000E+0	1.964247E-4	2.976042E-9	0.000000E+0	0.000000E+0	1.999959E+1	0.000000E+0	4.000000E+0
28-Apr-25	11:15:35	-1.000000E-5	5.128890E+0	-8.000000E-5	-2.645000E-5	-2.000000E-7	3.100000E-7	-1.020000E-7	0.000000E+0	0.000000E+0	1.964247E-4	2.976042E-9	0.000000E+0	0.000000E+0	1.999959E+1	0.000000E+0	4.000000E+0
28-Apr-25	11:15:36	-1.000000E-5	5.130295E+0	-8.000000E-5	-2.660000E-5	-1.000000E-7	2.480000E-7	-1.000000E-7	0.000000E+0	0.000000E+0	1.964247E-4	2.976042E-9	0.000000E+0	0.000000E+0	1.999959E+1	0.000000E+0	4.000000E+0
28-Apr-25	11:15:36	-1.000000E-5	5.131745E+0	-8.000000E-5	-2.655000E-5	-2.500000E-7	1.040000E-7	-1.220000E-7	0.000000E+0	0.000000E+0	1.964247E-4	2.976042E-9	0.000000E+0	0.000000E+0	1.999959E+1	0.000000E+0	4.000000E+0
28-Apr-25	11:15:37	-1.000000E-5	5.132000E+0	-8.000000E-5	-2.635000E-5	-4.000000E-7	3.200000E-8	-1.440000E-7	0.000000E+0	0.000000E+0	1.964247E-4	2.976042E-9	0.000000E+0	0.000000E+0	1.999959E+1	0.000000E+0	4.000000E+0
28-Apr-25	11:15:37	-1.000000E-5	5.134755E+0	-8.000000E-5	-2.635000E-5	-2.500000E-7	1.000000E-7	-1.180000E-7	0.000000E+0	0.000000E+0	1.964247E-4	2.976042E-9	0.000000E+0	0.000000E+0	1.999959E+1	0.000000E+0	4.000000E+0
28-Apr-25	11:15:38	-1.000000E-5	5.136160E+0	-8.000000E-5	-2.645000E-5	0.000000E+0	1.940000E-7	-9.200000E-8	0.000000E+0	0.000000E+0	1.964247E-4	2.976042E-9	0.000000E+0	0.000000E+0	1.999959E+1	0.000000E+0	4.000000E+0
28-Apr-25	11:15:38	-1.000000E-5	5.137725E+0	-8.000000E-5	-2.630000E-5	-1.500000E-7	1.960000E-7	-1.420000E-7	0.000000E+0	0.000000E+0	1.964247E-4	2.976042E-9	0.000000E+0	0.000000E+0	1.999959E+1	0.000000E+0	4.000000E+0
28-Apr-25	11:15:39	-1.000000E-5	5.138100E+0	-8.000000E-5	-2.650000E-5	-2.500000E-7	1.400000E-7	-1.680000E-7	0.000000E+0	0.000000E+0	1.964247E-4	2.976042E-9	0.000000E+0	0.000000E+0	1.999959E+1	0.000000E+0	4.000000E+0
28-Apr-25	11:15:39	-1.000000E-5	5.140825E+0	-8.000000E-5	-2.645000E-5	-3.000000E-7	5.600000E-8	-9.600000E-8	0.000000E+0	0.000000E+0	1.964247E-4	2.976042E-9	0.000000E+0	0.000000E+0	1.999959E+1	0.000000E+0	4.000000E+0
28-Apr-25	11:15:40	-1.000000E-5	5.142360E+0	-8.000000E-5	-2.650000E-5	-3.500000E-7	-2.200000E-8	-6.800000E-8	0.000000E+0	0.000000E+0	1.964247E-4	2.976042E-9	0.000000E+0	0.000000E+0	1.999959E+1	0.000000E+0	4.000000E+0
28-Apr-25	11:15:40	-1.000000E-5	5.141870E+0	-8.000000E-5	-2.655000E-5	-2.000000E-7	-6.600000E-8	-1.320000E-7	0.000000E+0	0.000000E+0	1.964247E-4	2.976042E-9	0.000000E+0	0.000000E+0	1.999959E+1	0.000000E+0	4.000000E+0
28-Apr-25	11:15:41	-1.000000E-5	5.134320E+0	-8.000000E-5	-2.640000E-5	-1.500000E-7	-3.400000E-8	-1.380000E-7	0.000000E+0	0.000000E+0	1.964247E-4	2.976042E-9	0.000000E+0	0.000000E+0	1.999959E+1	0.000000E+0	4.000000E+0
28-Apr-25	11:15:41	-1.000000E-5	5.125330E+0	-8.000000E-5	-2.640000E-5	-1.500000E-7	2.200000E-8	-8.000000E-8	0.000000E+0	0.000000E+0	1.964247E-4	2.976042E-9	0.000000E+0	0.000000E+0	1.999959E+1	0.000000E+0	4.000000E+0
28-Apr-25	11:15:42	-1.000000E-5	5.114565E+0	-8.000000E-5	-2.640000E-5	0.000000E+0	3.800000E-8	-1.200000E-8	0.000000E+0	0.000000E+0	1.964247E-4	2.976042E-9	0.000000E+0	0.000000E+0	1.999959E+1	0.000000E+0	4.000000E+0
28-Apr-25	11:15:42	-1.000000E-5	5.105555E+0	-8.000000E-5	-2.640000E-5	-5.000000E-8	2.000000E-9	4.000000E-8	0.000000E+0	0.000000E+0	1.964247E-4	2.976042E-9	0.000000E+0	0.000000E+0	1.999959E+1	0.000000E+0	4.000000E+0
28-Apr-25	11:15:43	-1.000000E-5	5.096565E+0	-8.000000E-5	-2.635000E-5	-5.000000E-8	-3.000000E-8	3.800000E-8	0.000000E+0	0.000000E+0	1.964247E-4	2.976042E-9	0.000000E+0	0.000000E+0	1.999959E+1	0.000000E+0	4.000000E+0
28-Apr-25	11:15:43	-1.000000E-5	5.088450E+0	-8.000000E-5	-2.635000E-5	-1.000000E-7	-6.600000E-8	-6.400000E-8	0.000000E+0	0.000000E+0	1.964247E-4	2.976042E-9	0.000000E+0	0.000000E+0	1.999959E+1	0.000000E+0	4.000000E+0
28-Apr-25	11:15:44	-1.000000E-5	5.079490E+0	-8.000000E-5	-2.655000E-5	-1.500000E-7	-9.600000E-8	-1.560000E-7	0.000000E+0	0.000000E+0	1.964247E-4	2.976042E-9	0.000000E+0	0.000000E+0	1.999959E+1	0.000000E+0	4.000000E+0
28-Apr-25	11:15:44	-1.000000E-5	5.068715E+0	-8.000000E-5	-2.670000E-5	-2.500000E-7	-1.200000E-8	-7.800000E-8	0.000000E+0	0.000000E+0	1.964247E-4	2.976042E-9	0.000000E+0	0.000000E+0	1.999959E+1	0.000000E+0	4.000000E+0
28-Apr-25	11:15:45	-1.000000E-5	5.059725E+0	-8.000000E-5	-2.645000E-5	-2.500000E-7	1.280000E-7	-1.400000E-8	0.000000E+0	0.000000E+0	1.964247E-4	2.976042E-9	0.000000E+0	0.000000E+0	1.999959E+1	0.000000E+0	4.000000E+0
28-Apr-25	11:15:45	-1.000000E-5	5.050725E+0	-8.000000E-5	-2.635000E-5	-1.500000E-7	2.360000E-7	-4.200000E-8	0.000000E+0	0.000000E+0	1.964247E-4	2.976042E-9	0.000000E+0	0.000000E+0	1.999959E+1	0.000000E+0	4.000000E+0
28-Apr-25	11:15:46	-1.000000E-5	5.041725E+0	-8.000000E-5	-2.645000E-5	-2.000000E-7	2.440000E-7	-9.200000E-8	0.000000E+0	0.000000E+0	1.964247E-4	2.976042E-9	0.000000E+0	0.000000E+0	1.999959E+1	0.000000E+0	4.000000E+0
28-Apr-25	11:15:46	-1.000000E-5	5.032745E+0	-8.000000E-5	-2.645000E-5	-2.500000E-7	1.640000E-7	-1.160000E-7	0.000000E+0	0.000000E+0	1.964247E-4	2.976042E-9	0.000000E+0	0.000000E+0	1.999959E+1	0.000000E+0	4.000000E+0
28-Apr-25	11:15:47	-1.000000E-5	5.023760E+0	-8.000000E-5	-2.645000E-5	-1.000000E-7	-3.600000E-8	-1.780000E-7	0.000000E+0	0.000000E+0	1.964247E-4	2.976042E-9	0.000000E+0	0.000000E+0	1.999959E+1	0.000000E+0	4.000000E+0
28-Apr-25	11:15:47	-1.000000E-5	5.011905E+0	-8.000000E-5	-2.650000E-5	-1.500000E-7	-2.520000E-7	-2.840000E-7	0.000000E+0	0.000000E+0	1.964247E-4	2.976042E-9	0.000000E+0	0.000000E+0	1.999959E+1	0.000000E+0	4.000000E+0
28-Apr-25	11:15:48	-1.000000E-5	5.002770E+0	-8.000000E-5	-2.650000E-5	-3.000000E-7	-2.040000E-7	-2.720000E-7	0.000000E+0	0.000000E+0	1.964247E-4	2.976042E-9	0.000000E+0	0.000000E+0	1.999959E+1	0.000000E+0	4.000000E+0
28-Apr-25	11:15:48	-1.000000E-5	4.993795E+0	-8.000000E-5	-2.650000E-5	-2.000000E-7	4.000000E-8	-1.820000E-7	0.000000E+0	0.000000E+0	1.964247E-4	2.976042E-9	0.000000E+0	0.000000E+0	1.999959E+1	0.000000E+0	4.000000E+0
28-Apr-25	11:15:49	-1.000000E-5	4.984805E+0	-8.000000E-5	-2.640000E-5	-3.500000E-7	2.220000E-7	-1.360000E-7	0.000000E+0	0.000000E+0	1.964247E-4	2.976042E-9	0.000000E+0	0.000000E+0	1.999959E+1	0.000000E+0	4.000000E+0
28-Apr-25	11:15:49	-1.000000E-5	4.975830E+0	-8.000000E-5	-2.645000E-5	-3.000000E-7	1.840000E-7	-1.600000E-7	0.000000E+0	0.000000E+0	1.964247E-4	2.976042E-9	0.000000E+0	0.000000E+0	1.999959E+1	0.000000E+0	4.000000E+0
28-Apr-25	11:15:50	-1.000000E-5	4.966845E+0	-8.000000E-5	-2.655000E-5	-2.500000E-7	-6.000000E-9	-1.820000E-7	0.000000E+0	0.000000E+0	1.964247E-4	2.976042E-9	0.000000E+0	0.000000E+0	1.999959E+1	0.000000E+0	4.000000E+0
28-Apr-25	11:15:51	-1.000000E-5	4.957840E+0	-8.000000E-5	-2.645000E-5	-3.000000E-7	-1.940000E-7	-1.520000E-7	0.000000E+0	0.000000E+0	1.964247E-4	2.976042E-9	0.000000E+0	0.000000E+0	1.999959E+1	0.000000E+0	4.000000E+0
28-Apr-25	11:15:51	-1.000000E-5	4.945255E+0	-8.000000E-5	-2.650000E-5	-2.000000E-7	-2.860000E-7	-1.480000E-7	0.000000E+0	0.000000E+0	1.964247E-4	2.976042E-9	0.000000E+0	0.000000E+0	1.999959E+1	0.000000E+0	4.000000E+0
28-Apr-25	11:15:52	-1.000000E-5	4.936275E+0	-8.000000E-5	-2.660000E-5	-3.000000E-7	-2.540000E-7	-2.400000E-7	0.000000E+0	0.000000E+0	1.964247E-4	2.976042E-9	0.000000E+0	0.000000E+0	1.999959E+1	0.000000E+0	4.000000E+0
28-Apr-25	11:15:52	-1.000000E-5	4.927290E+0	-8.000000E-5	-2.640000E-5	-4.000000E-7	-1.480000E-7	-3.060000E-7	0.000000E+0	0.000000E+0	1.964247E-4	2.976042E-9	0.000000E+0	0.000000E+0	1.999959E+1	0.000000E+0	4.000000E+0
28-Apr-25	11:15:53	-1.000000E-5	4.918285E+0	-8.000000E-5	-2.675000E-5	-3.000000E-7	-1.600000E-8	-2.400000E-7	0.000000E+0	0.000000E+0	1.964247E-4	2.976042E-9	0.000000E+0	0.000000E+0	1.999959E+1	0.000000E+0	4.000000E+0
28-Apr-25	11:15:53	-1.000000E-5	4.909290E+0	-8.000000E-5	-2.645000E-5	-1.000000E-7	8.600000E-8	-1.100000E-7	0.000000E+0	0.000000E+0	1.964247E-4	2.976042E-9	0.000000E+0	0.000000E+0	1.999959E+1	0.000000E+0	4.000000E+0
28-Apr-25	11:15:54	-1.000000E-5	4.901185E+0	-8.000000E-5	-2.635000E-5	-5.000000E-8	1.240000E-7	-6.800000E-8	0.000000E+0	0.000000E+0	1.964247E-4	2.976042E-9	0.000000E+0	0.000000E+0	1.999959E+1	0.000000E+0	4.000000E+0
28-Apr-25	11:15:54	-1.000000E-5	4.892210E+0	-8.000000E-5	-2.640000E-5	-2.500000E-7	1.060000E-7	-1.020000E-7	0.000000E+0	0.000000E+0	1.964247E-4	2.976042E-9	0.000000E+0	0.000000E+0	1.999959E+1	0.000000E+0	4.000000E+0
28-Apr-25	11:15:55	-1.000000E-5	4.883225E+0	-8.000000E-5	-2.650000E-5	-1.500000E-7	5.600000E-8	-1.020000E-7	0.000000E+0	0.000000E+0	1.964247E-4	2.976042E-9	0.000000E+0	0.000000E+0	1.999959E+1	0.000000E+0	4.000000E+0
28-Apr-25	11:15:55	-1.000000E-5	4.874240E+0	-8.000000E-5	-2.660000E-5	-5.000000E-8	1.000000E-8	4.000000E-9	0.000000E+0	0.000000E+0	1.964247E-4	2.976042E-9	0.000000E+0	0.000000E+0	1.999959E+1	0.000000E+0	4.000000E+0
28-Apr-25	11:15:56	-1.000000E-5	4.866150E+0	-8.000000E-5	-2.645000E-5	-1.500000E-7	-3.800000E-8	1.520000E-7	0.000000E+0	0.000000E+0	1.964247E-4	2.976042E-9	0.000000E+0	0.000000E+0	1.999959E+1	0.000000E+0	4.000000E+0
28-Apr-25	11:15:56	-1.000000E-5	4.857145E+0	-8.000000E-5	-2.660000E-5	-3.500000E-7	-6.800000E-8	2.080000E-7	0.000000E+0	0.000000E+0	1.964247E-4	2.976042E-9	0.000000E+0	0.000000E+0	1.999959E+1	0.000000E+0	4.000000E+0
28-Apr-25	11:15:57	-1.000000E-5	4.848165E+0	-8.000000E-5	-2.655000E-5	-2.000000E-7	-4.400000E-8	1.620000E-7	0.000000E+0	0.000000E+0	1.964247E-4	2.976042E-9	0.000000E+0	0.000000E+0	1.999959E+1	0.000000E+0	4.000000E+0
28-Apr-25	11:15:57	-1.000000E-5	4.838290E+0	-8.000000E-5	-2.640000E-5	-1.500000E-7	-8.000000E-9	9.200000E-8	0.000000E+0	0.000000E+0	1.964247E-4	2.976042E-9	0.000000E+0	0.000000E+0	1.999959E+1	0.000000E+0	4.000000E+0
28-Apr-25	11:15:58	-1.000000E-5	4.830200E+0	-8.000000E-5	-2.655000E-5	-2.500000E-7	1.000000E-8	4.000000E-8	0.000000E+0	0.000000E+0	1.964247E-4	2.976042E-9	0.000000E+0	0.000000E+0	1.999959E+1	0.000000E+0	4.000000E+0
28-Apr-25	11:15:58	-1.000000E-5	4.821190E+0	-8.000000E-5	-2.660000E-5	-3.000000E-7	8.000000E-9	0.000000E+0	0.000000E+0	0.000000E+0	1.964247E-4	2.976042E-9	0.000000E+0	0.000000E+0	1.999959E+1	0.000000E+0	4.000000E+0
28-Apr-25	11:15:59	-1.000000E-5	4.811170E+0	-8.000000E-5	-2.655000E-5	-2.500000E-7	-1.180000E-7	2.000000E-9	0.000000E+0	0.000000E+0	1.964247E-4	2.976042E-9	0.000000E+0	0.000000E+0	1.999959E+1	0.000000E+0	4.000000E+0
28-Apr-25	11:15:59	-1.000000E-5	4.802020E+0	-8.000000E-5	-2.675000E-5	-5.000000E-8	-2.940000E-7	3.200000E-8	0.000000E+0	0.000000E+0	1.964247E-4	2.976042E-9	0.000000E+0	0.000000E+0	1.999959E+1	0.000000E+0	4.000000E+0
28-Apr-25	11:16:00	-1.000000E-5	4.793935E+0	-8.000000E-5	-2.655000E-5	-3.500000E-7	-3.640000E-7	7.600000E-8	0.000000E+0	0.000000E+0	1.964247E-4	2.976042E-9	0.000000E+0	0.000000E+0	1.999959E+1	0.000000E+0	4.000000E+0
28-Apr-25	11:16:00	-1.000000E-5	4.784970E+0	-8.000000E-5	-2.635000E-5	-3.000000E-7	-2.300000E-7	1.300000E-7	0.000000E+0	0.000000E+0	1.964247E-4	2.976042E-9	0.000000E+0	0.000000E+0	1.999959E+1	0.000000E+0	4.000000E+0
28-Apr-25	11:16:01	-1.000000E-5	4.774155E+0	-8.000000E-5	-2.640000E-5	-1.500000E-7	7.600000E-8	1.040000E-7	0.000000E+0	0.000000E+0	1.964247E-4	2.976042E-9	0.000000E+0	0.000000E+0	1.999959E+1	0.000000E+0	4.000000E+0
28-Apr-25	11:16:01	-1.000000E-5	4.764265E+0	-8.000000E-5	-2.640000E-5	-1.500000E-7	2.280000E-7	1.000000E-8	0.000000E+0	0.000000E+0	1.964247E-4	2.976042E-9	0.000000E+0	0.000000E+0	1.999959E+1	0.000000E+0	4.000000E+0
28-Apr-25	11:16:02	-1.000000E-5	4.755275E+0	-8.000000E-5	-2.640000E-5	-2.000000E-7	3.220000E-7	-7.800000E-8	0.000000E+0	0.000000E+0	1.964247E-4	2.976042E-9	0.000000E+0	0.000000E+0	1.999959E+1	0.000000E+0	4.000000E+0
28-Apr-25	11:16:02	-1.000000E-5	4.745385E+0	-8.000000E-5	-2.660000E-5	-3.000000E-7	3.160000E-7	-1.860000E-7	0.000000E+0	0.000000E+0	1.964247E-4	2.976042E-9	0.000000E+0	0.000000E+0	1.999959E+1	0.000000E+0	4.000000E+0
28-Apr-25	11:16:03	-1.000000E-5	4.736410E+0	-8.000000E-5	-2.645000E-5	-1.000000E-7	1.960000E-7	-2.760000E-7	0.000000E+0	0.000000E+0	1.964247E-4	2.976042E-9	0.000000E+0	0.000000E+0	1.999959E+1	0.000000E+0	4.000000E+0
28-Apr-25	11:16:03	-1.000000E-5	4.727405E+0	-8.000000E-5	-2.660000E-5	-2.000000E-7	3.400000E-8	-2.860000E-7	0.000000E+0	0.000000E+0	1.964247E-4	2.976042E-9	0.000000E+0	0.000000E+0	1.999959E+1	0.000000E+0	4.000000E+0
28-Apr-25	11:16:04	-1.000000E-5	4.718425E+0	-8.000000E-5	-2.665000E-5	-2.000000E-7	-5.800000E-8	-2.180000E-7	0.000000E+0	0.000000E+0	1.964247E-4	2.976042E-9	0.000000E+0	0.000000E+0	1.999959E+1	0.000000E+0	4.000000E+0
28-Apr-25	11:16:05	-1.000000E-5	4.706725E+0	-8.000000E-5	-2.645000E-5	-1.500000E-7	-9.600000E-8	-1.340000E-7	0.000000E+0	0.000000E+0	1.964247E-4	2.976042E-9	0.000000E+0	0.000000E+0	1.999959E+1	0.000000E+0	4.000000E+0
28-Apr-25	11:16:05	-1.000000E-5	4.695815E+0	-8.000000E-5	-2.655000E-5	-3.000000E-7	-1.220000E-7	-1.220000E-7	0.000000E+0	0.000000E+0	1.964247E-4	2.976042E-9	0.000000E+0	0.000000E+0	1.999959E+1	0.000000E+0	4.000000E+0
28-Apr-25	11:16:06	-1.000000E-5	4.687725E+0	-8.000000E-5	-2.650000E-5	-2.000000E-7	-8.400000E-8	-1.060000E-7	0.000000E+0	0.000000E+0	1.964247E-4	2.976042E-9	0.000000E+0	0.000000E+0	1.999959E+1	0.000000E+0	4.000000E+0
28-Apr-25	11:16:06	-1.000000E-5	4.678570E+0	-8.000000E-5	-2.645000E-5	-1.500000E-7	4.600000E-8	-8.600000E-8	0.000000E+0	0.000000E+0	1.964247E-4	2.976042E-9	0.000000E+0	0.000000E+0	1.999959E+1	0.000000E+0	4.000000E+0
28-Apr-25	11:16:07	-1.000000E-5	4.669565E+0	-8.000000E-5	-2.645000E-5	-2.000000E-7	1.660000E-7	-2.400000E-8	0.000000E+0	0.000000E+0	1.964247E-4	2.976042E-9	0.000000E+0	0.000000E+0	1.999959E+1	0.000000E+0	4.000000E+0
28-Apr-25	11:16:07	-1.000000E-5	4.657000E+0	-8.000000E-5	-2.645000E-5	-2.000000E-7	9.800000E-8	1.620000E-7	0.000000E+0	0.000000E+0	1.964247E-4	2.976042E-9	0.000000E+0	0.000000E+0	1.999959E+1	0.000000E+0	4.000000E+0
28-Apr-25	11:16:08	-1.000000E-5	4.648915E+0	-8.000000E-5	-2.655000E-5	-2.500000E-7	-2.000000E-8	1.880000E-7	0.000000E+0	0.000000E+0	1.964247E-4	2.976042E-9	0.000000E+0	0.000000E+0	1.999959E+1	0.000000E+0	4.000000E+0
28-Apr-25	11:16:08	-1.000000E-5	4.639920E+0	-8.000000E-5	-2.660000E-5	-3.000000E-7	-1.160000E-7	7.000000E-8	0.000000E+0	0.000000E+0	1.964247E-4	2.976042E-9	0.000000E+0	0.000000E+0	1.999959E+1	0.000000E+0	4.000000E+0
28-Apr-25	11:16:09	-1.000000E-5	4.626425E+0	-8.000000E-5	-2.670000E-5	-3.000000E-7	-1.940000E-7	-1.300000E-7	0.000000E+0	0.000000E+0	1.964247E-4	2.976042E-9	0.000000E+0	0.000000E+0	1.999959E+1	0.000000E+0	4.000000E+0
28-Apr-25	11:16:10	-1.000000E-5	4.616250E+0	-8.000000E-5	-2.675000E-5	-3.500000E-7	-1.500000E-7	-1.640000E-7	0.000000E+0	0.000000E+0	1.964247E-4	2.976042E-9	0.000000E+0	0.000000E+0	1.999959E+1	0.000000E+0	4.000000E+0
28-Apr-25	11:16:10	-1.000000E-5	4.606370E+0	-8.000000E-5	-2.645000E-5	-3.500000E-7	-9.400000E-8	-1.420000E-7	0.000000E+0	0.000000E+0	1.964247E-4	2.976042E-9	0.000000E+0	0.000000E+0	1.999959E+1	0.000000E+0	4.000000E+0
28-Apr-25	11:16:11	-1.000000E-5	4.597385E+0	-8.000000E-5	-2.620000E-5	-3.000000E-7	-6.000000E-8	-1.220000E-7	0.000000E+0	0.000000E+0	1.964247E-4	2.976042E-9	0.000000E+0	0.000000E+0	1.999959E+1	0.000000E+0	4.000000E+0
28-Apr-25	11:16:11	-1.000000E-5	4.587485E+0	-8.000000E-5	-2.645000E-5	-2.500000E-7	-2.400000E-8	-1.540000E-7	0.000000E+0	0.000000E+0	1.964247E-4	2.976042E-9	0.000000E+0	0.000000E+0	1.999959E+1	0.000000E+0	4.000000E+0
28-Apr-25	11:16:12	-1.000000E-5	4.578485E+0	-8.000000E-5	-2.665000E-5	-1.500000E-7	-5.000000E-8	-2.020000E-7	0.000000E+0	0.000000E+0	1.964247E-4	2.976042E-9	0.000000E+0	0.000000E+0	1.999959E+1	0.000000E+0	4.000000E+0
28-Apr-25	11:16:12	-1.000000E-5	4.570405E+0	-8.000000E-5	-2.650000E-5	-1.500000E-7	-1.300000E-7	-2.300000E-7	0.000000E+0	0.000000E+0	1.964247E-4	2.976042E-9	0.000000E+0	0.000000E+0	1.999959E+1	0.000000E+0	4.000000E+0
28-Apr-25	11:16:13	-1.000000E-5	4.561410E+0	-8.000000E-5	-2.645000E-5	-1.500000E-7	-1.640000E-7	-2.420000E-7	0.000000E+0	0.000000E+0	1.964247E-4	2.976042E-9	0.000000E+0	0.000000E+0	1.999959E+1	0.000000E+0	4.000000E+0
28-Apr-25	11:16:13	-1.000000E-5	4.552430E+0	-8.000000E-5	-2.660000E-5	-1.000000E-7	-1.720000E-7	-2.480000E-7	0.000000E+0	0.000000E+0	1.964247E-4	2.976042E-9	0.000000E+0	0.000000E+0	1.999959E+1	0.000000E+0	4.000000E+0
28-Apr-25	11:16:14	-1.000000E-5	4.543440E+0	-8.000000E-5	-2.665000E-5	-5.000000E-8	-2.320000E-7	-2.580000E-7	0.000000E+0	0.000000E+0	1.964247E-4	2.976042E-9	0.000000E+0	0.000000E+0	1.999959E+1	0.000000E+0	4.000000E+0
28-Apr-25	11:16:14	-1.000000E-5	4.534440E+0	-8.000000E-5	-2.650000E-5	-1.000000E-7	-2.400000E-7	-2.120000E-7	0.000000E+0	0.000000E+0	1.964247E-4	2.976042E-9	0.000000E+0	0.000000E+0	1.999959E+1	0.000000E+0	4.000000E+0
28-Apr-25	11:16:14	-1.000000E-5	4.526345E+0	-8.000000E-5	-2.645000E-5	-2.500000E-7	-9.600000E-8	-6.400000E-8	0.000000E+0	0.000000E+0	1.964247E-4	2.976042E-9	0.000000E+0	0.000000E+0	1.999959E+1	0.000000E+0	4.000000E+0
28-Apr-25	11:16:15	-1.000000E-5	4.517360E+0	-8.000000E-5	-2.650000E-5	-1.000000E-7	1.280000E-7	6.000000E-8	0.000000E+0	0.000000E+0	1.964247E-4	2.976042E-9	0.000000E+0	0.000000E+0	1.999959E+1	0.000000E+0	4.000000E+0
28-Apr-25	11:16:15	-1.000000E-5	4.509275E+0	-8.000000E-5	-2.670000E-5	-1.000000E-7	2.380000E-7	-1.400000E-8	0.000000E+0	0.000000E+0	1.964247E-4	2.976042E-9	0.000000E+0	0.000000E+0	1.999959E+1	0.000000E+0	4.000000E+0
28-Apr-25	11:16:16	-1.000000E-5	4.500300E+0	-8.000000E-5	-2.685000E-5	-1.500000E-7	1.660000E-7	-1.760000E-7	0.000000E+0	0.000000E+0	1.964247E-4	2.976042E-9	0.000000E+0	0.000000E+0	1.999959E+1	0.000000E+0	4.000000E+0
28-Apr-25	11:16:16	-1.000000E-5	4.491310E+0	-8.000000E-5	-2.680000E-5	-2.500000E-7	6.000000E-8	-2.120000E-7	0.000000E+0	0.000000E+0	1.964247E-4	2.976042E-9	0.000000E+0	0.000000E+0	1.999959E+1	0.000000E+0	4.000000E+0
28-Apr-25	11:16:17	-1.000000E-5	4.482305E+0	-8.000000E-5	-2.680000E-5	-4.500000E-7	7.800000E-8	-1.580000E-7	0.000000E+0	0.000000E+0	1.964247E-4	2.976042E-9	0.000000E+0	0.000000E+0	1.999959E+1	0.000000E+0	4.000000E+0
28-Apr-25	11:16:18	-1.000000E-5	4.473305E+0	-8.000000E-5	-2.670000E-5	-3.000000E-7	1.900000E-7	-1.240000E-7	0.000000E+0	0.000000E+0	1.964247E-4	2.976042E-9	0.000000E+0	0.000000E+0	1.999959E+1	0.000000E+0	4.000000E+0
28-Apr-25	11:16:18	-1.000000E-5	4.460450E+0	-8.000000E-5	-2.670000E-5	-5.000000E-7	2.460000E-7	-5.600000E-8	0.000000E+0	0.000000E+0	1.964247E-4	2.976042E-9	0.000000E+0	0.000000E+0	1.999959E+1	0.000000E+0	4.000000E+0
28-Apr-25	11:16:19	-1.000000E-5	4.448755E+0	-8.000000E-5	-2.655000E-5	-2.500000E-7	1.540000E-7	1.800000E-8	0.000000E+0	0.000000E+0	1.964247E-4	2.976042E-9	0.000000E+0	0.000000E+0	1.999959E+1	0.000000E+0	4.000000E+0
28-Apr-25	11:16:19	-1.000000E-5	4.439750E+0	-8.000000E-5	-2.660000E-5	-2.500000E-7	9.200000E-8	3.000000E-8	0.000000E+0	0.000000E+0	1.964247E-4	2.976042E-9	0.000000E+0	0.000000E+0	1.999959E+1	0.000000E+0	4.000000E+0
28-Apr-25	11:16:20	-1.000000E-5	4.430760E+0	-8.000000E-5	-2.680000E-5	-2.000000E-7	3.800000E-8	2.000000E-9	0.000000E+0	0.000000E+0	1.964247E-4	2.976042E-9	0.000000E+0	0.000000E+0	1.999959E+1	0.000000E+0	4.000000E+0
28-Apr-25	11:16:20	-1.000000E-5	4.421775E+0	-8.000000E-5	-2.665000E-5	-1.500000E-7	4.000000E-9	-6.400000E-8	0.000000E+0	0.000000E+0	1.964247E-4	2.976042E-9	0.000000E+0	0.000000E+0	1.999959E+1	0.000000E+0	4.000000E+0
28-Apr-25	11:16:21	-1.000000E-5	4.412795E+0	-8.000000E-5	-2.655000E-5	-3.500000E-7	-1.600000E-8	-8.200000E-8	0.000000E+0	0.000000E+0	1.964247E-4	2.976042E-9	0.000000E+0	0.000000E+0	1.999959E+1	0.000000E+0	4.000000E+0
28-Apr-25	11:16:21	-1.000000E-5	4.403800E+0	-8.000000E-5	-2.655000E-5	-2.500000E-7	-8.600000E-8	8.000000E-9	0.000000E+0	0.000000E+0	1.964247E-4	2.976042E-9	0.000000E+0	0.000000E+0	1.999959E+1	0.000000E+0	4.000000E+0
28-Apr-25	11:16:22	-1.000000E-5	4.394815E+0	-8.000000E-5	-2.650000E-5	-2.000000E-7	-1.260000E-7	3.400000E-8	0.000000E+0	0.000000E+0	1.964247E-4	2.976042E-9	0.000000E+0	0.000000E+0	1.999959E+1	0.000000E+0	4.000000E+0
28-Apr-25	11:16:22	-1.000000E-5	4.385820E+0	-8.000000E-5	-2.645000E-5	-2.500000E-7	-9.400000E-8	-7.200000E-8	0.000000E+0	0.000000E+0	1.964247E-4	2.976042E-9	0.000000E+0	0.000000E+0	1.999959E+1	0.000000E+0	4.000000E+0
28-Apr-25	11:16:23	-1.000000E-5	4.376835E+0	-8.000000E-5	-2.655000E-5	-2.000000E-7	-3.200000E-8	-2.400000E-7	0.000000E+0	0.000000E+0	1.964247E-4	2.976042E-9	0.000000E+0	0.000000E+0	1.999959E+1	0.000000E+0	4.000000E+0
28-Apr-25	11:16:23	-1.000000E-5	4.367835E+0	-8.000000E-5	-2.665000E-5	-2.500000E-7	8.000000E-9	-3.220000E-7	0.000000E+0	0.000000E+0	1.964247E-4	2.976042E-9	0.000000E+0	0.000000E+0	1.999959E+1	0.000000E+0	4.000000E+0
28-Apr-25	11:16:24	-1.000000E-5	4.357060E+0	-8.000000E-5	-2.660000E-5	-3.000000E-7	6.400000E-8	-2.960000E-7	0.000000E+0	0.000000E+0	1.964247E-4	2.976042E-9	0.000000E+0	0.000000E+0	1.999959E+1	0.000000E+0	4.000000E+0
28-Apr-25	11:16:24	-1.000000E-5	4.348065E+0	-8.000000E-5	-2.640000E-5	-2.500000E-7	8.200000E-8	-1.780000E-7	0.000000E+0	0.000000E+0	1.964247E-4	2.976042E-9	0.000000E+0	0.000000E+0	1.999959E+1	0.000000E+0	4.000000E+0
28-Apr-25	11:16:25	-1.000000E-5	4.339070E+0	-8.000000E-5	-2.645000E-5	-2.500000E-7	9.000000E-8	-5.600000E-8	0.000000E+0	0.000000E+0	1.964247E-4	2.976042E-9	0.000000E+0	0.000000E+0	1.999959E+1	0.000000E+0	4.000000E+0
28-Apr-25	11:16:26	-1.000000E-5	4.330085E+0	-8.000000E-5	-2.670000E-5	-5.000000E-8	1.000000E-7	-2.400000E-8	0.000000E+0	0.000000E+0	1.964247E-4	2.976042E-9	0.000000E+0	0.000000E+0	1.999959E+1	0.000000E+0	4.000000E+0
28-Apr-25	11:16:26	-1.000000E-5	4.316335E+0	-8.000000E-5	-2.675000E-5	-2.500000E-7	9.000000E-8	-1.800000E-7	0.000000E+0	0.000000E+0	1.964247E-4	2.976042E-9	0.000000E+0	0.000000E+0	1.999959E+1	0.000000E+0	4.000000E+0
28-Apr-25	11:16:27	-1.000000E-5	4.305530E+0	-8.000000E-5	-2.645000E-5	-1.500000E-7	9.800000E-8	-2.360000E-7	0.000000E+0	0.000000E+0	1.964247E-4	2.976042E-9	0.000000E+0	0.000000E+0	1.999959E+1	0.000000E+0	4.000000E+0
28-Apr-25	11:16:27	-1.000000E-5	4.297425E+0	-8.000000E-5	-2.665000E-5	-5.000000E-7	7.000000E-8	-2.440000E-7	0.000000E+0	0.000000E+0	1.964247E-4	2.976042E-9	0.000000E+0	0.000000E+0	1.999959E+1	0.000000E+0	4.000000E+0
28-Apr-25	11:16:28	-1.000000E-5	4.288435E+0	-8.000000E-5	-2.660000E-5	-1.000000E-7	8.000000E-9	-2.960000E-7	0.000000E+0	0.000000E+0	1.964247E-4	2.976042E-9	0.000000E+0	0.000000E+0	1.999959E+1	0.000000E+0	4.000000E+0
28-Apr-25	11:16:28	-1.000000E-5	4.279465E+0	-8.000000E-5	-2.655000E-5	-5.000000E-8	-3.400000E-8	-4.100000E-7	0.000000E+0	0.000000E+0	1.964247E-4	2.976042E-9	0.000000E+0	0.000000E+0	1.999959E+1	0.000000E+0	4.000000E+0
28-Apr-25	11:16:29	-1.000000E-5	4.270485E+0	-8.000000E-5	-2.660000E-5	-3.500000E-7	-7.200000E-8	-4.920000E-7	0.000000E+0	0.000000E+0	1.964247E-4	2.976042E-9	0.000000E+0	0.000000E+0	1.999959E+1	0.000000E+0	4.000000E+0
28-Apr-25	11:16:29	-1.000000E-5	4.261480E+0	-8.000000E-5	-2.670000E-5	-2.000000E-7	-1.780000E-7	-4.700000E-7	0.000000E+0	0.000000E+0	1.964247E-4	2.976042E-9	0.000000E+0	0.000000E+0	1.999959E+1	0.000000E+0	4.000000E+0
28-Apr-25	11:16:30	-1.000000E-5	4.252490E+0	-8.000000E-5	-2.665000E-5	-5.000000E-8	-2.780000E-7	-4.220000E-7	0.000000E+0	0.000000E+0	1.964247E-4	2.976042E-9	0.000000E+0	0.000000E+0	1.999959E+1	0.000000E+0	4.000000E+0
28-Apr-25	11:16:30	-1.000000E-5	4.243495E+0	-8.000000E-5	-2.680000E-5	-3.500000E-7	-2.060000E-7	-4.060000E-7	0.000000E+0	0.000000E+0	1.964247E-4	2.976042E-9	0.000000E+0	0.000000E+0	1.999959E+1	0.000000E+0	4.000000E+0
28-Apr-25	11:16:31	-1.000000E-5	4.234505E+0	-8.000000E-5	-2.675000E-5	-2.000000E-7	1.000000E-8	-3.960000E-7	0.000000E+0	0.000000E+0	1.964247E-4	2.976042E-9	0.000000E+0	0.000000E+0	1.999959E+1	0.000000E+0	4.000000E+0
28-Apr-25	11:16:31	-1.000000E-5	4.226420E+0	-8.000000E-5	-2.655000E-5	-1.000000E-7	2.200000E-7	-3.800000E-7	0.000000E+0	0.000000E+0	1.964247E-4	2.976042E-9	0.000000E+0	0.000000E+0	1.999959E+1	0.000000E+0	4.000000E+0
28-Apr-25	11:16:32	-1.000000E-5	4.217455E+0	-8.000000E-5	-2.670000E-5	-1.000000E-7	3.200000E-7	-3.220000E-7	0.000000E+0	0.000000E+0	1.964247E-4	2.976042E-9	0.000000E+0	0.000000E+0	1.999959E+1	0.000000E+0	4.000000E+0
28-Apr-25	11:16:32	-1.000000E-5	4.208280E+0	-8.000000E-5	-2.695000E-5	-1.000000E-7	3.180000E-7	-1.340000E-7	0.000000E+0	0.000000E+0	1.964247E-4	2.976042E-9	0.000000E+0	0.000000E+0	1.999959E+1	0.000000E+0	4.000000E+0
28-Apr-25	11:16:33	-1.000000E-5	4.197355E+0	-8.000000E-5	-2.700000E-5	-4.000000E-7	2.560000E-7	9.000000E-8	0.000000E+0	0.000000E+0	1.964247E-4	2.976042E-9	0.000000E+0	0.000000E+0	1.999959E+1	0.000000E+0	4.000000E+0
28-Apr-25	11:16:33	-1.000000E-5	4.187460E+0	-8.000000E-5	-2.690000E-5	-3.500000E-7	2.280000E-7	-4.000000E-9	0.000000E+0	0.000000E+0	1.964247E-4	2.976042E-9	0.000000E+0	0.000000E+0	1.999959E+1	0.000000E+0	4.000000E+0
28-Apr-25	11:16:34	-1.000000E-5	4.178475E+0	-8.000000E-5	-2.675000E-5	-2.500000E-7	1.580000E-7	-1.440000E-7	0.000000E+0	0.000000E+0	1.964247E-4	2.976042E-9	0.000000E+0	0.000000E+0	1.999959E+1	0.000000E+0	4.000000E+0
28-Apr-25	11:16:34	-1.000000E-5	4.170405E+0	-8.000000E-5	-2.695000E-5	-2.500000E-7	3.400000E-8	-1.660000E-7	0.000000E+0	0.000000E+0	1.964247E-4	2.976042E-9	0.000000E+0	0.000000E+0	1.999959E+1	0.000000E+0	4.000000E+0
28-Apr-25	11:16:35	-1.000000E-5	4.160475E+0	-8.000000E-5	-2.685000E-5	0.000000E+0	2.200000E-8	-1.780000E-7	0.000000E+0	0.000000E+0	1.964247E-4	2.976042E-9	0.000000E+0	0.000000E+0	1.999959E+1	0.000000E+0	4.000000E+0
28-Apr-25	11:16:35	-1.000000E-5	4.151485E+0	-8.000000E-5	-2.670000E-5	-1.500000E-7	8.800000E-8	-2.120000E-7	0.000000E+0	0.000000E+0	1.964247E-4	2.976042E-9	0.000000E+0	0.000000E+0	1.999959E+1	0.000000E+0	4.000000E+0
28-Apr-25	11:16:36	-1.000000E-5	4.142500E+0	-8.000000E-5	-2.685000E-5	-2.000000E-7	4.400000E-8	-1.780000E-7	0.000000E+0	0.000000E+0	1.964247E-4	2.976042E-9	0.000000E+0	0.000000E+0	1.999959E+1	0.000000E+0	4.000000E+0
28-Apr-25	11:16:36	-1.000000E-5	4.133515E+0	-8.000000E-5	-2.690000E-5	-2.500000E-7	-9.600000E-8	-1.100000E-7	0.000000E+0	0.000000E+0	1.964247E-4	2.976042E-9	0.000000E+0	0.000000E+0	1.999959E+1	0.000000E+0	4.000000E+0
28-Apr-25	11:16:37	-1.000000E-5	4.124535E+0	-8.000000E-5	-2.680000E-5	-3.500000E-7	-1.460000E-7	-1.000000E-7	0.000000E+0	0.000000E+0	1.964247E-4	2.976042E-9	0.000000E+0	0.000000E+0	1.999959E+1	0.000000E+0	4.000000E+0
28-Apr-25	11:16:37	-1.000000E-5	4.115540E+0	-8.000000E-5	-2.690000E-5	-2.000000E-7	-8.800000E-8	-1.220000E-7	0.000000E+0	0.000000E+0	1.964247E-4	2.976042E-9	0.000000E+0	0.000000E+0	1.999959E+1	0.000000E+0	4.000000E+0
28-Apr-25	11:16:38	-1.000000E-5	4.106545E+0	-8.000000E-5	-2.675000E-5	-2.500000E-7	4.400000E-8	-1.580000E-7	0.000000E+0	0.000000E+0	1.964247E-4	2.976042E-9	0.000000E+0	0.000000E+0	1.999959E+1	0.000000E+0	4.000000E+0
28-Apr-25	11:16:38	-1.000000E-5	4.096500E+0	-8.000000E-5	-2.670000E-5	-2.000000E-7	2.220000E-7	-2.320000E-7	0.000000E+0	0.000000E+0	1.964247E-4	2.976042E-9	0.000000E+0	0.000000E+0	1.999959E+1	0.000000E+0	4.000000E+0
28-Apr-25	11:16:39	-1.000000E-5	4.087530E+0	-8.000000E-5	-2.685000E-5	-2.500000E-7	2.680000E-7	-2.460000E-7	0.000000E+0	0.000000E+0	1.964247E-4	2.976042E-9	0.000000E+0	0.000000E+0	1.999959E+1	0.000000E+0	4.000000E+0
28-Apr-25	11:16:40	-1.000000E-5	4.074785E+0	-8.000000E-5	-2.670000E-5	-4.000000E-7	1.160000E-7	-1.000000E-7	0.000000E+0	0.000000E+0	1.964247E-4	2.976042E-9	0.000000E+0	0.000000E+0	1.999959E+1	0.000000E+0	4.000000E+0
28-Apr-25	11:16:40	-1.000000E-5	4.062205E+0	-8.000000E-5	-2.695000E-5	-2.000000E-7	-7.200000E-8	-8.000000E-9	0.000000E+0	0.000000E+0	1.964247E-4	2.976042E-9	0.000000E+0	0.000000E+0	1.999959E+1	0.000000E+0	4.000000E+0
28-Apr-25	11:16:41	-1.000000E-5	4.053210E+0	-8.000000E-5	-2.690000E-5	-1.500000E-7	-1.200000E-7	-8.800000E-8	0.000000E+0	0.000000E+0	1.964247E-4	2.976042E-9	0.000000E+0	0.000000E+0	1.999959E+1	0.000000E+0	4.000000E+0
28-Apr-25	11:16:41	-1.000000E-5	4.044215E+0	-8.000000E-5	-2.700000E-5	-1.000000E-7	-1.260000E-7	-2.120000E-7	0.000000E+0	0.000000E+0	1.964247E-4	2.976042E-9	0.000000E+0	0.000000E+0	1.999959E+1	0.000000E+0	4.000000E+0
28-Apr-25	11:16:42	-1.000000E-5	4.034060E+0	-8.000000E-5	-2.690000E-5	-2.000000E-7	-1.520000E-7	-2.940000E-7	0.000000E+0	0.000000E+0	1.964247E-4	2.976042E-9	0.000000E+0	0.000000E+0	1.999959E+1	0.000000E+0	4.000000E+0
28-Apr-25	11:16:42	-1.000000E-5	4.025045E+0	-8.000000E-5	-2.685000E-5	-3.500000E-7	-2.240000E-7	-3.040000E-7	0.000000E+0	0.000000E+0	1.964247E-4	2.976042E-9	0.000000E+0	0.000000E+0	1.999959E+1	0.000000E+0	4.000000E+0
28-Apr-25	11:16:43	-1.000000E-5	4.015165E+0	-8.000000E-5	-2.685000E-5	-2.500000E-7	-3.240000E-7	-3.120000E-7	0.000000E+0	0.000000E+0	1.964247E-4	2.976042E-9	0.000000E+0	0.000000E+0	1.999959E+1	0.000000E+0	4.000000E+0
28-Apr-25	11:16:43	-1.000000E-5	4.007070E+0	-8.000000E-5	-2.675000E-5	-1.500000E-7	-3.120000E-7	-2.920000E-7	0.000000E+0	0.000000E+0	1.964247E-4	2.976042E-9	0.000000E+0	0.000000E+0	1.999959E+1	0.000000E+0	4.000000E+0
28-Apr-25	11:16:44	-1.000000E-5	3.997185E+0	-8.000000E-5	-2.690000E-5	-1.500000E-7	-2.000000E-7	-1.560000E-7	0.000000E+0	0.000000E+0	1.964247E-4	2.976042E-9	0.000000E+0	0.000000E+0	1.999959E+1	0.000000E+0	4.000000E+0
28-Apr-25	11:16:44	-1.000000E-5	3.989095E+0	-8.000000E-5	-2.695000E-5	-1.500000E-7	-1.440000E-7	-2.000000E-9	0.000000E+0	0.000000E+0	1.964247E-4	2.976042E-9	0.000000E+0	0.000000E+0	1.999959E+1	0.000000E+0	4.000000E+0
28-Apr-25	11:16:45	-1.000000E-5	3.979210E+0	-8.000000E-5	-2.680000E-5	-2.500000E-7	-1.640000E-7	9.000000E-8	0.000000E+0	0.000000E+0	1.964247E-4	2.976042E-9	0.000000E+0	0.000000E+0	1.999959E+1	0.000000E+0	4.000000E+0
28-Apr-25	11:16:46	-1.000000E-5	3.970205E+0	-8.000000E-5	-2.685000E-5	-5.000000E-8	-1.720000E-7	7.400000E-8	0.000000E+0	0.000000E+0	1.964247E-4	2.976042E-9	0.000000E+0	0.000000E+0	1.999959E+1	0.000000E+0	4.000000E+0
28-Apr-25	11:16:46	-1.000000E-5	3.957335E+0	-8.000000E-5	-2.710000E-5	-2.000000E-7	-6.800000E-8	4.400000E-8	0.000000E+0	0.000000E+0	1.964247E-4	2.976042E-9	0.000000E+0	0.000000E+0	1.999959E+1	0.000000E+0	4.000000E+0
28-Apr-25	11:16:47	-1.000000E-5	3.947445E+0	-8.000000E-5	-2.725000E-5	-1.500000E-7	3.800000E-8	8.200000E-8	0.000000E+0	0.000000E+0	1.964247E-4	2.976042E-9	0.000000E+0	0.000000E+0	1.999959E+1	0.000000E+0	4.000000E+0
28-Apr-25	11:16:47	-1.000000E-5	3.939370E+0	-8.000000E-5	-2.720000E-5	-3.500000E-7	1.260000E-7	8.800000E-8	0.000000E+0	0.000000E+0	1.964247E-4	2.976042E-9	0.000000E+0	0.000000E+0	1.999959E+1	0.000000E+0	4.000000E+0
28-Apr-25	11:16:48	-1.000000E-5	3.927675E+0	-8.000000E-5	-2.690000E-5	-1.000000E-7	1.180000E-7	4.400000E-8	0.000000E+0	0.000000E+0	1.964247E-4	2.976042E-9	0.000000E+0	0.000000E+0	1.999959E+1	0.000000E+0	4.000000E+0
28-Apr-25	11:16:48	-1.000000E-5	3.917780E+0	-8.000000E-5	-2.655000E-5	-3.500000E-7	1.100000E-7	6.000000E-8	0.000000E+0	0.000000E+0	1.964247E-4	2.976042E-9	0.000000E+0	0.000000E+0	1.999959E+1	0.000000E+0	4.000000E+0
28-Apr-25	11:16:49	-1.000000E-5	3.908785E+0	-8.000000E-5	-2.675000E-5	-3.000000E-7	1.460000E-7	1.120000E-7	0.000000E+0	0.000000E+0	1.964247E-4	2.976042E-9	0.000000E+0	0.000000E+0	1.999959E+1	0.000000E+0	4.000000E+0
28-Apr-25	11:16:50	-1.000000E-5	3.897715E+0	-8.000000E-5	-2.715000E-5	-3.500000E-7	9.800000E-8	1.040000E-7	0.000000E+0	0.000000E+0	1.964247E-4	2.976042E-9	0.000000E+0	0.000000E+0	1.999959E+1	0.000000E+0	4.000000E+0
28-Apr-25	11:16:50	-1.000000E-5	3.887805E+0	-8.000000E-5	-2.695000E-5	-5.000000E-7	-2.200000E-8	2.000000E-9	0.000000E+0	0.000000E+0	1.964247E-4	2.976042E-9	0.000000E+0	0.000000E+0	1.999959E+1	0.000000E+0	4.000000E+0
28-Apr-25	11:16:51	-1.000000E-5	3.878820E+0	-8.000000E-5	-2.710000E-5	-4.500000E-7	-1.260000E-7	-1.060000E-7	0.000000E+0	0.000000E+0	1.964247E-4	2.976042E-9	0.000000E+0	0.000000E+0	1.999959E+1	0.000000E+0	4.000000E+0
28-Apr-25	11:16:51	-1.000000E-5	3.869825E+0	-8.000000E-5	-2.710000E-5	-2.500000E-7	-1.460000E-7	-1.620000E-7	0.000000E+0	0.000000E+0	1.964247E-4	2.976042E-9	0.000000E+0	0.000000E+0	1.999959E+1	0.000000E+0	4.000000E+0
28-Apr-25	11:16:52	-1.000000E-5	3.859040E+0	-8.000000E-5	-2.700000E-5	-4.000000E-7	-7.200000E-8	-9.600000E-8	0.000000E+0	0.000000E+0	1.964247E-4	2.976042E-9	0.000000E+0	0.000000E+0	1.999959E+1	0.000000E+0	4.000000E+0
28-Apr-25	11:16:52	-1.000000E-5	3.850060E+0	-8.000000E-5	-2.700000E-5	-3.500000E-7	-1.600000E-8	-2.600000E-8	0.000000E+0	0.000000E+0	1.964247E-4	2.976042E-9	0.000000E+0	0.000000E+0	1.999959E+1	0.000000E+0	4.000000E+0
28-Apr-25	11:16:53	-1.000000E-5	3.841985E+0	-8.000000E-5	-2.675000E-5	-4.000000E-7	-5.400000E-8	-2.000000E-8	0.000000E+0	0.000000E+0	1.964247E-4	2.976042E-9	0.000000E+0	0.000000E+0	1.999959E+1	0.000000E+0	4.000000E+0
28-Apr-25	11:16:53	-1.000000E-5	3.832670E+0	-8.000000E-5	-2.695000E-5	-2.500000E-7	-2.040000E-7	-6.400000E-8	0.000000E+0	0.000000E+0	1.964247E-4	2.976042E-9	0.000000E+0	0.000000E+0	1.999959E+1	0.000000E+0	4.000000E+0
28-Apr-25	11:16:54	-1.000000E-5	3.823680E+0	-8.000000E-5	-2.705000E-5	-1.000000E-7	-3.180000E-7	-7.800000E-8	0.000000E+0	0.000000E+0	1.964247E-4	2.976042E-9	0.000000E+0	0.000000E+0	1.999959E+1	0.000000E+0	4.000000E+0
28-Apr-25	11:16:54	-1.000000E-5	3.815590E+0	-8.000000E-5	-2.695000E-5	-1.500000E-7	-2.460000E-7	-3.200000E-8	0.000000E+0	0.000000E+0	1.964247E-4	2.976042E-9	0.000000E+0	0.000000E+0	1.999959E+1	0.000000E+0	4.000000E+0
28-Apr-25	11:16:55	-1.000000E-5	3.806605E+0	-8.000000E-5	-2.695000E-5	-2.000000E-7	-1.000000E-7	2.400000E-8	0.000000E+0	0.000000E+0	1.964247E-4	2.976042E-9	0.000000E+0	0.000000E+0	1.999959E+1	0.000000E+0	4.000000E+0
28-Apr-25	11:16:55	-1.000000E-5	3.797625E+0	-8.000000E-5	-2.705000E-5	-1.000000E-7	-5.000000E-8	6.400000E-8	0.000000E+0	0.000000E+0	1.964247E-4	2.976042E-9	0.000000E+0	0.000000E+0	1.999959E+1	0.000000E+0	4.000000E+0
28-Apr-25	11:16:56	-1.000000E-5	3.788615E+0	-8.000000E-5	-2.705000E-5	-1.500000E-7	-1.180000E-7	8.000000E-8	0.000000E+0	0.000000E+0	1.964247E-4	2.976042E-9	0.000000E+0	0.000000E+0	1.999959E+1	0.000000E+0	4.000000E+0
28-Apr-25	11:16:56	-1.000000E-5	3.780805E+0	-8.000000E-5	-2.680000E-5	-1.500000E-7	-1.380000E-7	3.400000E-8	0.000000E+0	0.000000E+0	1.964247E-4	2.976042E-9	0.000000E+0	0.000000E+0	1.999959E+1	0.000000E+0	4.000000E+0
28-Apr-25	11:16:57	-1.000000E-5	3.769730E+0	-8.000000E-5	-2.690000E-5	-2.500000E-7	-8.000000E-9	-1.220000E-7	0.000000E+0	0.000000E+0	1.964247E-4	2.976042E-9	0.000000E+0	0.000000E+0	1.999959E+1	0.000000E+0	4.000000E+0
28-Apr-25	11:16:57	-1.000000E-5	3.760760E+0	-8.000000E-5	-2.710000E-5	-2.000000E-7	7.800000E-8	-2.060000E-7	0.000000E+0	0.000000E+0	1.964247E-4	2.976042E-9	0.000000E+0	0.000000E+0	1.999959E+1	0.000000E+0	4.000000E+0
28-Apr-25	11:16:58	-1.000000E-5	3.751790E+0	-8.000000E-5	-2.705000E-5	-2.000000E-7	-1.000000E-8	-1.340000E-7	0.000000E+0	0.000000E+0	1.964247E-4	2.976042E-9	0.000000E+0	0.000000E+0	1.999959E+1	0.000000E+0	4.000000E+0
28-Apr-25	11:16:58	-1.000000E-5	3.740995E+0	-8.000000E-5	-2.690000E-5	-1.000000E-7	-2.560000E-7	4.000000E-9	0.000000E+0	0.000000E+0	1.964247E-4	2.976042E-9	0.000000E+0	0.000000E+0	1.999959E+1	0.000000E+0	4.000000E+0
28-Apr-25	11:16:59	-1.000000E-5	3.732885E+0	-8.000000E-5	-2.710000E-5	-1.500000E-7	-3.960000E-7	0.000000E+0	0.000000E+0	0.000000E+0	1.964247E-4	2.976042E-9	0.000000E+0	0.000000E+0	1.999959E+1	0.000000E+0	4.000000E+0
28-Apr-25	11:16:59	-1.000000E-5	3.723905E+0	-8.000000E-5	-2.710000E-5	-2.500000E-7	-4.060000E-7	-8.800000E-8	0.000000E+0	0.000000E+0	1.964247E-4	2.976042E-9	0.000000E+0	0.000000E+0	1.999959E+1	0.000000E+0	4.000000E+0
28-Apr-25	11:17:00	-1.000000E-5	3.714910E+0	-8.000000E-5	-2.710000E-5	-2.500000E-7	-2.480000E-7	-1.820000E-7	0.000000E+0	0.000000E+0	1.964247E-4	2.976042E-9	0.000000E+0	0.000000E+0	1.999959E+1	0.000000E+0	4.000000E+0
28-Apr-25	11:17:00	-1.000000E-5	3.705930E+0	-8.000000E-5	-2.730000E-5	-6.000000E-7	-5.400000E-8	-1.760000E-7	0.000000E+0	0.000000E+0	1.964247E-4	2.976042E-9	0.000000E+0	0.000000E+0	1.999959E+1	0.000000E+0	4.000000E+0
28-Apr-25	11:17:01	-1.000000E-5	3.696955E+0	-8.000000E-5	-2.725000E-5	-1.500000E-7	4.600000E-8	-3.800000E-8	0.000000E+0	0.000000E+0	1.964247E-4	2.976042E-9	0.000000E+0	0.000000E+0	1.999959E+1	0.000000E+0	4.000000E+0
28-Apr-25	11:17:01	-1.000000E-5	3.687940E+0	-8.000000E-5	-2.700000E-5	-1.500000E-7	2.000000E-9	1.260000E-7	0.000000E+0	0.000000E+0	1.964247E-4	2.976042E-9	0.000000E+0	0.000000E+0	1.999959E+1	0.000000E+0	4.000000E+0
28-Apr-25	11:17:02	-1.000000E-5	3.678960E+0	-8.000000E-5	-2.720000E-5	-3.500000E-7	-8.800000E-8	1.340000E-7	0.000000E+0	0.000000E+0	1.964247E-4	2.976042E-9	0.000000E+0	0.000000E+0	1.999959E+1	0.000000E+0	4.000000E+0
28-Apr-25	11:17:02	-1.000000E-5	3.669960E+0	-8.000000E-5	-2.720000E-5	-5.000000E-8	-8.000000E-8	-8.600000E-8	0.000000E+0	0.000000E+0	1.964247E-4	2.976042E-9	0.000000E+0	0.000000E+0	1.999959E+1	0.000000E+0	4.000000E+0
28-Apr-25	11:17:03	-1.000000E-5	3.660995E+0	-8.000000E-5	-2.720000E-5	-2.000000E-7	1.600000E-8	-3.700000E-7	0.000000E+0	0.000000E+0	1.964247E-4	2.976042E-9	0.000000E+0	0.000000E+0	1.999959E+1	0.000000E+0	4.000000E+0
28-Apr-25	11:17:03	-1.000000E-5	3.650205E+0	-8.000000E-5	-2.715000E-5	-2.500000E-7	1.500000E-7	-4.400000E-7	0.000000E+0	0.000000E+0	1.964247E-4	2.976042E-9	0.000000E+0	0.000000E+0	1.999959E+1	0.000000E+0	4.000000E+0
28-Apr-25	11:17:04	-1.000000E-5	3.640310E+0	-8.000000E-5	-2.710000E-5	-1.000000E-7	2.600000E-7	-2.580000E-7	0.000000E+0	0.000000E+0	1.964247E-4	2.976042E-9	0.000000E+0	0.000000E+0	1.999959E+1	0.000000E+0	4.000000E+0
28-Apr-25	11:17:05	-1.000000E-5	3.626530E+0	-8.000000E-5	-2.695000E-5	-1.000000E-7	6.600000E-8	-1.100000E-7	0.000000E+0	0.000000E+0	1.964247E-4	2.976042E-9	0.000000E+0	0.000000E+0	1.999959E+1	0.000000E+0	4.000000E+0
28-Apr-25	11:17:05	-1.000000E-5	3.617540E+0	-8.000000E-5	-2.715000E-5	-2.500000E-7	-1.120000E-7	-4.400000E-8	0.000000E+0	0.000000E+0	1.964247E-4	2.976042E-9	0.000000E+0	0.000000E+0	1.999959E+1	0.000000E+0	4.000000E+0
28-Apr-25	11:17:06	-1.000000E-5	3.608550E+0	-8.000000E-5	-2.710000E-5	-2.500000E-7	-1.760000E-7	4.400000E-8	0.000000E+0	0.000000E+0	1.964247E-4	2.976042E-9	0.000000E+0	0.000000E+0	1.999959E+1	0.000000E+0	4.000000E+0
28-Apr-25	11:17:06	-1.000000E-5	3.599545E+0	-8.000000E-5	-2.715000E-5	-2.500000E-7	-3.000000E-7	1.160000E-7	0.000000E+0	0.000000E+0	1.964247E-4	2.976042E-9	0.000000E+0	0.000000E+0	1.999959E+1	0.000000E+0	4.000000E+0
28-Apr-25	11:17:07	-1.000000E-5	3.590555E+0	-8.000000E-5	-2.730000E-5	-1.500000E-7	-5.880000E-7	6.800000E-8	0.000000E+0	0.000000E+0	1.964247E-4	2.976042E-9	0.000000E+0	0.000000E+0	1.999959E+1	0.000000E+0	4.000000E+0
28-Apr-25	11:17:07	-1.000000E-5	3.581565E+0	-8.000000E-5	-2.705000E-5	-2.000000E-7	-7.700000E-7	0.000000E+0	0.000000E+0	0.000000E+0	1.964247E-4	2.976042E-9	0.000000E+0	0.000000E+0	1.999959E+1	0.000000E+0	4.000000E+0
28-Apr-25	11:17:08	-1.000000E-5	3.573490E+0	-8.000000E-5	-2.720000E-5	-4.000000E-7	-7.800000E-7	2.600000E-8	0.000000E+0	0.000000E+0	1.964247E-4	2.976042E-9	0.000000E+0	0.000000E+0	1.999959E+1	0.000000E+0	4.000000E+0
28-Apr-25	11:17:08	-1.000000E-5	3.564500E+0	-8.000000E-5	-2.730000E-5	-3.500000E-7	-6.700000E-7	1.360000E-7	0.000000E+0	0.000000E+0	1.964247E-4	2.976042E-9	0.000000E+0	0.000000E+0	1.999959E+1	0.000000E+0	4.000000E+0
28-Apr-25	11:17:09	-1.000000E-5	3.551775E+0	-8.000000E-5	-2.715000E-5	-3.000000E-7	-4.740000E-7	1.720000E-7	0.000000E+0	0.000000E+0	1.964247E-4	2.976042E-9	0.000000E+0	0.000000E+0	1.999959E+1	0.000000E+0	4.000000E+0
28-Apr-25	11:17:10	-1.000000E-5	3.538135E+0	-8.000000E-5	-2.730000E-5	-1.500000E-7	-2.300000E-7	-2.000000E-9	0.000000E+0	0.000000E+0	1.964247E-4	2.976042E-9	0.000000E+0	0.000000E+0	1.999959E+1	0.000000E+0	4.000000E+0
28-Apr-25	11:17:10	-1.000000E-5	3.528250E+0	-8.000000E-5	-2.720000E-5	-5.000000E-8	-1.820000E-7	-9.600000E-8	0.000000E+0	0.000000E+0	1.964247E-4	2.976042E-9	0.000000E+0	0.000000E+0	1.999959E+1	0.000000E+0	4.000000E+0
28-Apr-25	11:17:11	-1.000000E-5	3.519255E+0	-8.000000E-5	-2.705000E-5	-1.500000E-7	-1.520000E-7	-2.020000E-7	0.000000E+0	0.000000E+0	1.964247E-4	2.976042E-9	0.000000E+0	0.000000E+0	1.999959E+1	0.000000E+0	4.000000E+0
28-Apr-25	11:17:11	-1.000000E-5	3.510275E+0	-8.000000E-5	-2.730000E-5	-3.000000E-7	2.600000E-8	-2.440000E-7	0.000000E+0	0.000000E+0	1.964247E-4	2.976042E-9	0.000000E+0	0.000000E+0	1.999959E+1	0.000000E+0	4.000000E+0
28-Apr-25	11:17:12	-1.000000E-5	3.498570E+0	-8.000000E-5	-2.720000E-5	-2.500000E-7	4.720000E-7	1.800000E-8	0.000000E+0	0.000000E+0	1.964247E-4	2.976042E-9	0.000000E+0	0.000000E+0	1.999959E+1	0.000000E+0	4.000000E+0
28-Apr-25	11:17:12	-1.000000E-5	3.489590E+0	-8.000000E-5	-2.710000E-5	-2.500000E-7	7.220000E-7	2.340000E-7	0.000000E+0	0.000000E+0	1.964247E-4	2.976042E-9	0.000000E+0	0.000000E+0	1.999959E+1	0.000000E+0	4.000000E+0
28-Apr-25	11:17:13	-1.000000E-5	3.480595E+0	-8.000000E-5	-2.720000E-5	-2.000000E-7	6.520000E-7	1.540000E-7	0.000000E+0	0.000000E+0	1.964247E-4	2.976042E-9	0.000000E+0	0.000000E+0	1.999959E+1	0.000000E+0	4.000000E+0
28-Apr-25	11:17:14	-1.000000E-5	3.466820E+0	-8.000000E-5	-2.720000E-5	-3.500000E-7	1.300000E-7	-1.240000E-7	0.000000E+0	0.000000E+0	1.964247E-4	2.976042E-9	0.000000E+0	0.000000E+0	1.999959E+1	0.000000E+0	4.000000E+0
28-Apr-25	11:17:14	-1.000000E-5	3.454235E+0	-8.000000E-5	-2.730000E-5	-2.500000E-7	-7.200000E-8	1.080000E-7	0.000000E+0	0.000000E+0	1.964247E-4	2.976042E-9	0.000000E+0	0.000000E+0	1.999959E+1	0.000000E+0	4.000000E+0
28-Apr-25	11:17:15	-1.000000E-5	3.441345E+0	-8.000000E-5	-2.730000E-5	-4.500000E-7	-1.040000E-7	1.740000E-7	0.000000E+0	0.000000E+0	1.964247E-4	2.976042E-9	0.000000E+0	0.000000E+0	1.999959E+1	0.000000E+0	4.000000E+0
28-Apr-25	11:17:15	-1.000000E-5	3.432495E+0	-8.000000E-5	-2.720000E-5	-1.000000E-7	1.400000E-8	8.200000E-8	0.000000E+0	0.000000E+0	1.964247E-4	2.976042E-9	0.000000E+0	0.000000E+0	1.999959E+1	0.000000E+0	4.000000E+0
28-Apr-25	11:17:16	-1.000000E-5	3.423660E+0	-8.000000E-5	-2.715000E-5	5.000000E-8	1.240000E-7	2.400000E-8	0.000000E+0	0.000000E+0	1.964247E-4	2.976042E-9	0.000000E+0	0.000000E+0	1.999959E+1	0.000000E+0	4.000000E+0
28-Apr-25	11:17:16	-1.000000E-5	3.414680E+0	-8.000000E-5	-2.740000E-5	-2.000000E-7	1.560000E-7	0.000000E+0	0.000000E+0	0.000000E+0	1.964247E-4	2.976042E-9	0.000000E+0	0.000000E+0	1.999959E+1	0.000000E+0	4.000000E+0
28-Apr-25	11:17:17	-1.000000E-5	3.406265E+0	-8.000000E-5	-2.750000E-5	-5.000000E-7	1.420000E-7	2.000000E-9	0.000000E+0	0.000000E+0	1.964247E-4	2.976042E-9	0.000000E+0	0.000000E+0	1.999959E+1	0.000000E+0	4.000000E+0
28-Apr-25	11:17:17	-1.000000E-5	3.397555E+0	-8.000000E-5	-2.750000E-5	-2.500000E-7	6.800000E-8	3.200000E-8	0.000000E+0	0.000000E+0	1.964247E-4	2.976042E-9	0.000000E+0	0.000000E+0	1.999959E+1	0.000000E+0	4.000000E+0
28-Apr-25	11:17:18	-1.000000E-5	3.389485E+0	-8.000000E-5	-2.740000E-5	-1.000000E-7	-5.800000E-8	7.800000E-8	0.000000E+0	0.000000E+0	1.964247E-4	2.976042E-9	0.000000E+0	0.000000E+0	1.999959E+1	0.000000E+0	4.000000E+0
28-Apr-25	11:17:18	-1.000000E-5	3.380205E+0	-8.000000E-5	-2.790000E-5	5.000000E-8	-1.420000E-7	1.320000E-7	0.000000E+0	0.000000E+0	1.964247E-4	2.976042E-9	0.000000E+0	0.000000E+0	1.999959E+1	0.000000E+0	4.000000E+0
28-Apr-25	11:17:19	-1.000000E-5	3.372115E+0	-8.000000E-5	-2.765000E-5	-1.000000E-7	-1.440000E-7	1.460000E-7	0.000000E+0	0.000000E+0	1.964247E-4	2.976042E-9	0.000000E+0	0.000000E+0	1.999959E+1	0.000000E+0	4.000000E+0
28-Apr-25	11:17:19	-1.000000E-5	3.363120E+0	-8.000000E-5	-2.740000E-5	-2.500000E-7	-1.420000E-7	1.020000E-7	0.000000E+0	0.000000E+0	1.964247E-4	2.976042E-9	0.000000E+0	0.000000E+0	1.999959E+1	0.000000E+0	4.000000E+0
28-Apr-25	11:17:20	-1.000000E-5	3.354135E+0	-8.000000E-5	-2.725000E-5	-2.500000E-7	-2.100000E-7	6.000000E-8	0.000000E+0	0.000000E+0	1.964247E-4	2.976042E-9	0.000000E+0	0.000000E+0	1.999959E+1	0.000000E+0	4.000000E+0
28-Apr-25	11:17:20	-1.000000E-5	3.346180E+0	-8.000000E-5	-2.730000E-5	-2.000000E-7	-2.640000E-7	6.800000E-8	0.000000E+0	0.000000E+0	1.964247E-4	2.976042E-9	0.000000E+0	0.000000E+0	1.999959E+1	0.000000E+0	4.000000E+0
28-Apr-25	11:17:21	-1.000000E-5	3.337350E+0	-8.000000E-5	-2.740000E-5	-1.000000E-7	-2.280000E-7	1.120000E-7	0.000000E+0	0.000000E+0	1.964247E-4	2.976042E-9	0.000000E+0	0.000000E+0	1.999959E+1	0.000000E+0	4.000000E+0
28-Apr-25	11:17:21	-1.000000E-5	3.329265E+0	-8.000000E-5	-2.735000E-5	-2.000000E-7	-1.420000E-7	1.640000E-7	0.000000E+0	0.000000E+0	1.964247E-4	2.976042E-9	0.000000E+0	0.000000E+0	1.999959E+1	0.000000E+0	4.000000E+0
28-Apr-25	11:17:22	-1.000000E-5	3.319085E+0	-8.000000E-5	-2.730000E-5	-2.000000E-7	-4.600000E-8	1.340000E-7	0.000000E+0	0.000000E+0	1.964247E-4	2.976042E-9	0.000000E+0	0.000000E+0	1.999959E+1	0.000000E+0	4.000000E+0
28-Apr-25	11:17:22	-1.000000E-5	3.306465E+0	-8.000000E-5	-2.730000E-5	-2.500000E-7	5.200000E-8	-1.800000E-8	0.000000E+0	0.000000E+0	1.964247E-4	2.976042E-9	0.000000E+0	0.000000E+0	1.999959E+1	0.000000E+0	4.000000E+0
28-Apr-25	11:17:23	-1.000000E-5	3.296595E+0	-8.000000E-5	-2.730000E-5	-2.000000E-7	5.200000E-8	2.000000E-9	0.000000E+0	0.000000E+0	1.964247E-4	2.976042E-9	0.000000E+0	0.000000E+0	1.999959E+1	0.000000E+0	4.000000E+0
28-Apr-25	11:17:23	-1.000000E-5	3.287610E+0	-8.000000E-5	-2.725000E-5	-3.000000E-7	4.000000E-9	9.600000E-8	0.000000E+0	0.000000E+0	1.964247E-4	2.976042E-9	0.000000E+0	0.000000E+0	1.999959E+1	0.000000E+0	4.000000E+0
28-Apr-25	11:17:24	-1.000000E-5	3.277740E+0	-8.000000E-5	-2.740000E-5	-2.500000E-7	-2.800000E-8	1.600000E-7	0.000000E+0	0.000000E+0	1.964247E-4	2.976042E-9	0.000000E+0	0.000000E+0	1.999959E+1	0.000000E+0	4.000000E+0
28-Apr-25	11:17:25	-1.000000E-5	3.268745E+0	-8.000000E-5	-2.720000E-5	-3.500000E-7	-6.600000E-8	1.460000E-7	0.000000E+0	0.000000E+0	1.964247E-4	2.976042E-9	0.000000E+0	0.000000E+0	1.999959E+1	0.000000E+0	4.000000E+0
28-Apr-25	11:17:25	-1.000000E-5	3.259725E+0	-8.000000E-5	-2.720000E-5	-3.500000E-7	-1.620000E-7	1.360000E-7	0.000000E+0	0.000000E+0	1.964247E-4	2.976042E-9	0.000000E+0	0.000000E+0	1.999959E+1	0.000000E+0	4.000000E+0
28-Apr-25	11:17:26	-1.000000E-5	3.250740E+0	-8.000000E-5	-2.745000E-5	-4.000000E-7	-2.480000E-7	1.040000E-7	0.000000E+0	0.000000E+0	1.964247E-4	2.976042E-9	0.000000E+0	0.000000E+0	1.999959E+1	0.000000E+0	4.000000E+0
28-Apr-25	11:17:27	-1.000000E-5	3.237270E+0	-8.000000E-5	-2.750000E-5	-3.500000E-7	-2.860000E-7	-1.260000E-7	0.000000E+0	0.000000E+0	1.964247E-4	2.976042E-9	0.000000E+0	0.000000E+0	1.999959E+1	0.000000E+0	4.000000E+0
28-Apr-25	11:17:27	-1.000000E-5	3.222575E+0	-8.000000E-5	-2.745000E-5	-3.000000E-7	-2.880000E-7	-1.380000E-7	0.000000E+0	0.000000E+0	1.964247E-4	2.976042E-9	0.000000E+0	0.000000E+0	1.999959E+1	0.000000E+0	4.000000E+0
28-Apr-25	11:17:28	-1.000000E-5	3.213590E+0	-8.000000E-5	-2.725000E-5	-3.500000E-7	-2.040000E-7	-1.060000E-7	0.000000E+0	0.000000E+0	1.964247E-4	2.976042E-9	0.000000E+0	0.000000E+0	1.999959E+1	0.000000E+0	4.000000E+0
28-Apr-25	11:17:28	-1.000000E-5	3.203695E+0	-8.000000E-5	-2.725000E-5	-2.500000E-7	-3.200000E-8	-1.380000E-7	0.000000E+0	0.000000E+0	1.964247E-4	2.976042E-9	0.000000E+0	0.000000E+0	1.999959E+1	0.000000E+0	4.000000E+0
28-Apr-25	11:17:29	-1.000000E-5	3.191720E+0	-8.000000E-5	-2.730000E-5	-3.500000E-7	2.000000E-7	-1.280000E-7	0.000000E+0	0.000000E+0	1.964247E-4	2.976042E-9	0.000000E+0	0.000000E+0	1.999959E+1	0.000000E+0	4.000000E+0
28-Apr-25	11:17:29	-1.000000E-5	3.181855E+0	-8.000000E-5	-2.745000E-5	-1.500000E-7	2.880000E-7	-9.200000E-8	0.000000E+0	0.000000E+0	1.964247E-4	2.976042E-9	0.000000E+0	0.000000E+0	1.999959E+1	0.000000E+0	4.000000E+0
28-Apr-25	11:17:30	-1.000000E-5	3.172845E+0	-8.000000E-5	-2.750000E-5	0.000000E+0	2.600000E-7	-1.340000E-7	0.000000E+0	0.000000E+0	1.964247E-4	2.976042E-9	0.000000E+0	0.000000E+0	1.999959E+1	0.000000E+0	4.000000E+0
28-Apr-25	11:17:30	-1.000000E-5	3.163840E+0	-8.000000E-5	-2.750000E-5	-2.500000E-7	1.320000E-7	-2.740000E-7	0.000000E+0	0.000000E+0	1.964247E-4	2.976042E-9	0.000000E+0	0.000000E+0	1.999959E+1	0.000000E+0	4.000000E+0
28-Apr-25	11:17:31	-1.000000E-5	3.154865E+0	-8.000000E-5	-2.740000E-5	-3.500000E-7	-3.800000E-8	-3.840000E-7	0.000000E+0	0.000000E+0	1.964247E-4	2.976042E-9	0.000000E+0	0.000000E+0	1.999959E+1	0.000000E+0	4.000000E+0
28-Apr-25	11:17:31	-1.000000E-5	3.144970E+0	-8.000000E-5	-2.750000E-5	-3.500000E-7	-2.120000E-7	-3.280000E-7	0.000000E+0	0.000000E+0	1.964247E-4	2.976042E-9	0.000000E+0	0.000000E+0	1.999959E+1	0.000000E+0	4.000000E+0
28-Apr-25	11:17:32	-1.000000E-5	3.134950E+0	-8.000000E-5	-2.745000E-5	-2.000000E-7	-2.740000E-7	-1.880000E-7	0.000000E+0	0.000000E+0	1.964247E-4	2.976042E-9	0.000000E+0	0.000000E+0	1.999959E+1	0.000000E+0	4.000000E+0
28-Apr-25	11:17:33	-1.000000E-5	3.122190E+0	-8.000000E-5	-2.745000E-5	-1.500000E-7	-2.200000E-7	-1.720000E-7	0.000000E+0	0.000000E+0	1.964247E-4	2.976042E-9	0.000000E+0	0.000000E+0	1.999959E+1	0.000000E+0	4.000000E+0
28-Apr-25	11:17:33	-1.000000E-5	3.114085E+0	-8.000000E-5	-2.745000E-5	-1.500000E-7	-1.540000E-7	-9.800000E-8	0.000000E+0	0.000000E+0	1.964247E-4	2.976042E-9	0.000000E+0	0.000000E+0	1.999959E+1	0.000000E+0	4.000000E+0
28-Apr-25	11:17:34	-1.000000E-5	3.105115E+0	-8.000000E-5	-2.740000E-5	-2.500000E-7	-6.200000E-8	7.800000E-8	0.000000E+0	0.000000E+0	1.964247E-4	2.976042E-9	0.000000E+0	0.000000E+0	1.999959E+1	0.000000E+0	4.000000E+0
28-Apr-25	11:17:34	-1.000000E-5	3.096140E+0	-8.000000E-5	-2.750000E-5	-1.500000E-7	-6.000000E-9	2.040000E-7	0.000000E+0	0.000000E+0	1.964247E-4	2.976042E-9	0.000000E+0	0.000000E+0	1.999959E+1	0.000000E+0	4.000000E+0
28-Apr-25	11:17:35	-1.000000E-5	3.087145E+0	-8.000000E-5	-2.745000E-5	-2.000000E-7	-2.600000E-8	1.300000E-7	0.000000E+0	0.000000E+0	1.964247E-4	2.976042E-9	0.000000E+0	0.000000E+0	1.999959E+1	0.000000E+0	4.000000E+0
28-Apr-25	11:17:35	-1.000000E-5	3.077245E+0	-8.000000E-5	-2.745000E-5	-2.500000E-7	-8.000000E-8	-7.200000E-8	0.000000E+0	0.000000E+0	1.964247E-4	2.976042E-9	0.000000E+0	0.000000E+0	1.999959E+1	0.000000E+0	4.000000E+0
28-Apr-25	11:17:36	-1.000000E-5	3.069150E+0	-8.000000E-5	-2.745000E-5	-2.500000E-7	-7.800000E-8	-1.600000E-7	0.000000E+0	0.000000E+0	1.964247E-4	2.976042E-9	0.000000E+0	0.000000E+0	1.999959E+1	0.000000E+0	4.000000E+0
28-Apr-25	11:17:36	-1.000000E-5	3.060165E+0	-8.000000E-5	-2.760000E-5	-4.000000E-7	1.400000E-8	-1.800000E-7	0.000000E+0	0.000000E+0	1.964247E-4	2.976042E-9	0.000000E+0	0.000000E+0	1.999959E+1	0.000000E+0	4.000000E+0
28-Apr-25	11:17:37	-1.000000E-5	3.050100E+0	-8.000000E-5	-2.760000E-5	-3.500000E-7	1.580000E-7	-2.440000E-7	0.000000E+0	0.000000E+0	1.964247E-4	2.976042E-9	0.000000E+0	0.000000E+0	1.999959E+1	0.000000E+0	4.000000E+0
28-Apr-25	11:17:37	-1.000000E-5	3.040085E+0	-8.000000E-5	-2.750000E-5	-3.500000E-7	1.500000E-7	-3.340000E-7	0.000000E+0	0.000000E+0	1.964247E-4	2.976042E-9	0.000000E+0	0.000000E+0	1.999959E+1	0.000000E+0	4.000000E+0
28-Apr-25	11:17:38	-1.000000E-5	3.031085E+0	-8.000000E-5	-2.750000E-5	-2.500000E-7	5.800000E-8	-2.940000E-7	0.000000E+0	0.000000E+0	1.964247E-4	2.976042E-9	0.000000E+0	0.000000E+0	1.999959E+1	0.000000E+0	4.000000E+0
28-Apr-25	11:17:38	-1.000000E-5	3.022090E+0	-8.000000E-5	-2.760000E-5	-2.500000E-7	2.600000E-8	-1.080000E-7	0.000000E+0	0.000000E+0	1.964247E-4	2.976042E-9	0.000000E+0	0.000000E+0	1.999959E+1	0.000000E+0	4.000000E+0
28-Apr-25	11:17:39	-1.000000E-5	3.014045E+0	-8.000000E-5	-2.755000E-5	-2.000000E-7	8.200000E-8	5.400000E-8	0.000000E+0	0.000000E+0	1.964247E-4	2.976042E-9	0.000000E+0	0.000000E+0	1.999959E+1	0.000000E+0	4.000000E+0
28-Apr-25	11:17:39	-1.000000E-5	3.005065E+0	-8.000000E-5	-2.755000E-5	-2.500000E-7	1.200000E-7	9.200000E-8	0.000000E+0	0.000000E+0	1.964247E-4	2.976042E-9	0.000000E+0	0.000000E+0	1.999959E+1	0.000000E+0	4.000000E+0
28-Apr-25	11:17:40	-1.000000E-5	2.996980E+0	-8.000000E-5	-2.760000E-5	-3.000000E-7	1.120000E-7	2.400000E-8	0.000000E+0	0.000000E+0	1.964247E-4	2.976042E-9	0.000000E+0	0.000000E+0	1.999959E+1	0.000000E+0	4.000000E+0
28-Apr-25	11:17:40	-1.000000E-5	2.988005E+0	-8.000000E-5	-2.770000E-5	-1.500000E-7	9.400000E-8	-9.600000E-8	0.000000E+0	0.000000E+0	1.964247E-4	2.976042E-9	0.000000E+0	0.000000E+0	1.999959E+1	0.000000E+0	4.000000E+0
28-Apr-25	11:17:41	-1.000000E-5	2.977200E+0	-8.000000E-5	-2.745000E-5	-2.500000E-7	4.600000E-8	-2.380000E-7	0.000000E+0	0.000000E+0	1.964247E-4	2.976042E-9	0.000000E+0	0.000000E+0	1.999959E+1	0.000000E+0	4.000000E+0
28-Apr-25	11:17:41	-1.000000E-5	2.969105E+0	-8.000000E-5	-2.765000E-5	-3.000000E-7	-2.000000E-9	-2.880000E-7	0.000000E+0	0.000000E+0	1.964247E-4	2.976042E-9	0.000000E+0	0.000000E+0	1.999959E+1	0.000000E+0	4.000000E+0
28-Apr-25	11:17:42	-1.000000E-5	2.960135E+0	-8.000000E-5	-2.765000E-5	-2.000000E-7	-1.800000E-8	-2.780000E-7	0.000000E+0	0.000000E+0	1.964247E-4	2.976042E-9	0.000000E+0	0.000000E+0	1.999959E+1	0.000000E+0	4.000000E+0
28-Apr-25	11:17:42	-1.000000E-5	2.949940E+0	-8.000000E-5	-2.760000E-5	-4.500000E-7	1.600000E-8	-1.720000E-7	0.000000E+0	0.000000E+0	1.964247E-4	2.976042E-9	0.000000E+0	0.000000E+0	1.999959E+1	0.000000E+0	4.000000E+0
28-Apr-25	11:17:43	-1.000000E-5	2.940970E+0	-8.000000E-5	-2.745000E-5	-3.500000E-7	9.400000E-8	-5.200000E-8	0.000000E+0	0.000000E+0	1.964247E-4	2.976042E-9	0.000000E+0	0.000000E+0	1.999959E+1	0.000000E+0	4.000000E+0
28-Apr-25	11:17:43	-1.000000E-5	2.931960E+0	-8.000000E-5	-2.740000E-5	-5.000000E-8	1.120000E-7	5.600000E-8	0.000000E+0	0.000000E+0	1.964247E-4	2.976042E-9	0.000000E+0	0.000000E+0	1.999959E+1	0.000000E+0	4.000000E+0
28-Apr-25	11:17:44	-1.000000E-5	2.922970E+0	-8.000000E-5	-2.760000E-5	-1.000000E-7	-2.800000E-8	4.600000E-8	0.000000E+0	0.000000E+0	1.964247E-4	2.976042E-9	0.000000E+0	0.000000E+0	1.999959E+1	0.000000E+0	4.000000E+0
28-Apr-25	11:17:44	-1.000000E-5	2.913985E+0	-8.000000E-5	-2.745000E-5	-3.000000E-7	-1.440000E-7	-5.400000E-8	0.000000E+0	0.000000E+0	1.964247E-4	2.976042E-9	0.000000E+0	0.000000E+0	1.999959E+1	0.000000E+0	4.000000E+0
28-Apr-25	11:17:45	-1.000000E-5	2.904120E+0	-8.000000E-5	-2.785000E-5	-2.500000E-7	-2.400000E-8	-2.040000E-7	0.000000E+0	0.000000E+0	1.964247E-4	2.976042E-9	0.000000E+0	0.000000E+0	1.999959E+1	0.000000E+0	4.000000E+0
28-Apr-25	11:17:45	-1.000000E-5	2.895120E+0	-8.000000E-5	-2.785000E-5	-5.000000E-8	1.240000E-7	-3.260000E-7	0.000000E+0	0.000000E+0	1.964247E-4	2.976042E-9	0.000000E+0	0.000000E+0	1.999959E+1	0.000000E+0	4.000000E+0
28-Apr-25	11:17:46	-1.000000E-5	2.886130E+0	-8.000000E-5	-2.770000E-5	-5.000000E-8	1.080000E-7	-4.240000E-7	0.000000E+0	0.000000E+0	1.964247E-4	2.976042E-9	0.000000E+0	0.000000E+0	1.999959E+1	0.000000E+0	4.000000E+0
28-Apr-25	11:17:47	-1.000000E-5	2.875340E+0	-8.000000E-5	-2.780000E-5	-2.000000E-7	-4.200000E-8	-3.760000E-7	0.000000E+0	0.000000E+0	1.964247E-4	2.976042E-9	0.000000E+0	0.000000E+0	1.999959E+1	0.000000E+0	4.000000E+0
28-Apr-25	11:17:47	-1.000000E-5	2.864550E+0	-8.000000E-5	-2.775000E-5	-2.000000E-7	-1.320000E-7	-2.100000E-7	0.000000E+0	0.000000E+0	1.964247E-4	2.976042E-9	0.000000E+0	0.000000E+0	1.999959E+1	0.000000E+0	4.000000E+0
28-Apr-25	11:17:48	-1.000000E-5	2.855565E+0	-8.000000E-5	-2.755000E-5	-3.000000E-7	-1.200000E-7	-1.560000E-7	0.000000E+0	0.000000E+0	1.964247E-4	2.976042E-9	0.000000E+0	0.000000E+0	1.999959E+1	0.000000E+0	4.000000E+0
28-Apr-25	11:17:48	-1.000000E-5	2.846575E+0	-8.000000E-5	-2.770000E-5	-5.000000E-7	-4.200000E-8	-1.140000E-7	0.000000E+0	0.000000E+0	1.964247E-4	2.976042E-9	0.000000E+0	0.000000E+0	1.999959E+1	0.000000E+0	4.000000E+0
28-Apr-25	11:17:49	-1.000000E-5	2.833670E+0	-8.000000E-5	-2.775000E-5	-3.500000E-7	9.600000E-8	-4.600000E-8	0.000000E+0	0.000000E+0	1.964247E-4	2.976042E-9	0.000000E+0	0.000000E+0	1.999959E+1	0.000000E+0	4.000000E+0
28-Apr-25	11:17:49	-1.000000E-5	2.825580E+0	-8.000000E-5	-2.780000E-5	-2.500000E-7	1.060000E-7	-1.020000E-7	0.000000E+0	0.000000E+0	1.964247E-4	2.976042E-9	0.000000E+0	0.000000E+0	1.999959E+1	0.000000E+0	4.000000E+0
28-Apr-25	11:17:50	-1.000000E-5	2.816610E+0	-8.000000E-5	-2.765000E-5	-3.000000E-7	4.200000E-8	-1.880000E-7	0.000000E+0	0.000000E+0	1.964247E-4	2.976042E-9	0.000000E+0	0.000000E+0	1.999959E+1	0.000000E+0	4.000000E+0
28-Apr-25	11:17:50	-1.000000E-5	2.807630E+0	-8.000000E-5	-2.765000E-5	-3.000000E-7	1.600000E-8	-1.480000E-7	0.000000E+0	0.000000E+0	1.964247E-4	2.976042E-9	0.000000E+0	0.000000E+0	1.999959E+1	0.000000E+0	4.000000E+0
28-Apr-25	11:17:51	-1.000000E-5	2.793840E+0	-8.000000E-5	-2.790000E-5	-3.000000E-7	1.360000E-7	6.200000E-8	0.000000E+0	0.000000E+0	1.964247E-4	2.976042E-9	0.000000E+0	0.000000E+0	1.999959E+1	0.000000E+0	4.000000E+0
28-Apr-25	11:17:52	-1.000000E-5	2.784830E+0	-8.000000E-5	-2.795000E-5	-3.000000E-7	2.240000E-7	5.800000E-8	0.000000E+0	0.000000E+0	1.964247E-4	2.976042E-9	0.000000E+0	0.000000E+0	1.999959E+1	0.000000E+0	4.000000E+0
28-Apr-25	11:17:52	-1.000000E-5	2.774075E+0	-8.000000E-5	-2.780000E-5	-1.500000E-7	1.460000E-7	-8.400000E-8	0.000000E+0	0.000000E+0	1.964247E-4	2.976042E-9	0.000000E+0	0.000000E+0	1.999959E+1	0.000000E+0	4.000000E+0
28-Apr-25	11:17:53	-1.000000E-5	2.765095E+0	-8.000000E-5	-2.770000E-5	-2.000000E-7	-8.000000E-9	-1.180000E-7	0.000000E+0	0.000000E+0	1.964247E-4	2.976042E-9	0.000000E+0	0.000000E+0	1.999959E+1	0.000000E+0	4.000000E+0
28-Apr-25	11:17:53	-1.000000E-5	2.756100E+0	-8.000000E-5	-2.760000E-5	-2.000000E-7	-6.200000E-8	-3.800000E-8	0.000000E+0	0.000000E+0	1.964247E-4	2.976042E-9	0.000000E+0	0.000000E+0	1.999959E+1	0.000000E+0	4.000000E+0
28-Apr-25	11:17:54	-1.000000E-5	2.747095E+0	-8.000000E-5	-2.770000E-5	-2.000000E-7	2.600000E-8	7.800000E-8	0.000000E+0	0.000000E+0	1.964247E-4	2.976042E-9	0.000000E+0	0.000000E+0	1.999959E+1	0.000000E+0	4.000000E+0
28-Apr-25	11:17:54	-1.000000E-5	2.738090E+0	-8.000000E-5	-2.785000E-5	-2.500000E-7	1.840000E-7	1.900000E-7	0.000000E+0	0.000000E+0	1.964247E-4	2.976042E-9	0.000000E+0	0.000000E+0	1.999959E+1	0.000000E+0	4.000000E+0
28-Apr-25	11:17:55	-1.000000E-5	2.729115E+0	-8.000000E-5	-2.800000E-5	-4.000000E-7	3.880000E-7	2.760000E-7	0.000000E+0	0.000000E+0	1.964247E-4	2.976042E-9	0.000000E+0	0.000000E+0	1.999959E+1	0.000000E+0	4.000000E+0
28-Apr-25	11:17:56	-1.000000E-5	2.716530E+0	-8.000000E-5	-2.800000E-5	-2.500000E-7	6.280000E-7	1.640000E-7	0.000000E+0	0.000000E+0	1.964247E-4	2.976042E-9	0.000000E+0	0.000000E+0	1.999959E+1	0.000000E+0	4.000000E+0
28-Apr-25	11:17:56	-1.000000E-5	2.702740E+0	-8.000000E-5	-2.785000E-5	-3.500000E-7	5.600000E-7	-1.800000E-8	0.000000E+0	0.000000E+0	1.964247E-4	2.976042E-9	0.000000E+0	0.000000E+0	1.999959E+1	0.000000E+0	4.000000E+0
28-Apr-25	11:17:57	-1.000000E-5	2.693755E+0	-8.000000E-5	-2.780000E-5	-3.000000E-7	5.100000E-7	-1.400000E-8	0.000000E+0	0.000000E+0	1.964247E-4	2.976042E-9	0.000000E+0	0.000000E+0	1.999959E+1	0.000000E+0	4.000000E+0
28-Apr-25	11:17:57	-1.000000E-5	2.682955E+0	-8.000000E-5	-2.785000E-5	-2.500000E-7	4.100000E-7	1.080000E-7	0.000000E+0	0.000000E+0	1.964247E-4	2.976042E-9	0.000000E+0	0.000000E+0	1.999959E+1	0.000000E+0	4.000000E+0
28-Apr-25	11:17:58	-1.000000E-5	2.673075E+0	-8.000000E-5	-2.770000E-5	-4.000000E-7	1.160000E-7	2.040000E-7	0.000000E+0	0.000000E+0	1.964247E-4	2.976042E-9	0.000000E+0	0.000000E+0	1.999959E+1	0.000000E+0	4.000000E+0
28-Apr-25	11:17:59	-1.000000E-5	2.658405E+0	-8.000000E-5	-2.785000E-5	-2.500000E-7	-7.400000E-8	1.340000E-7	0.000000E+0	0.000000E+0	1.964247E-4	2.976042E-9	0.000000E+0	0.000000E+0	1.999959E+1	0.000000E+0	4.000000E+0
28-Apr-25	11:17:59	-1.000000E-5	2.648460E+0	-8.000000E-5	-2.785000E-5	-2.500000E-7	-5.400000E-8	7.400000E-8	0.000000E+0	0.000000E+0	1.964247E-4	2.976042E-9	0.000000E+0	0.000000E+0	1.999959E+1	0.000000E+0	4.000000E+0
28-Apr-25	11:18:00	-1.000000E-5	2.639480E+0	-8.000000E-5	-2.795000E-5	-1.500000E-7	-8.400000E-8	-3.800000E-8	0.000000E+0	0.000000E+0	1.964247E-4	2.976042E-9	0.000000E+0	0.000000E+0	1.999959E+1	0.000000E+0	4.000000E+0
28-Apr-25	11:18:00	-1.000000E-5	2.629600E+0	-8.000000E-5	-2.785000E-5	-2.000000E-7	-1.600000E-7	-2.600000E-7	0.000000E+0	0.000000E+0	1.964247E-4	2.976042E-9	0.000000E+0	0.000000E+0	1.999959E+1	0.000000E+0	4.000000E+0
28-Apr-25	11:18:01	-1.000000E-5	2.620635E+0	-8.000000E-5	-2.785000E-5	-1.500000E-7	-1.540000E-7	-3.220000E-7	0.000000E+0	0.000000E+0	1.964247E-4	2.976042E-9	0.000000E+0	0.000000E+0	1.999959E+1	0.000000E+0	4.000000E+0
28-Apr-25	11:18:01	-1.000000E-5	2.610740E+0	-8.000000E-5	-2.785000E-5	-2.000000E-7	-7.000000E-8	-1.900000E-7	0.000000E+0	0.000000E+0	1.964247E-4	2.976042E-9	0.000000E+0	0.000000E+0	1.999959E+1	0.000000E+0	4.000000E+0
28-Apr-25	11:18:02	-1.000000E-5	2.601735E+0	-8.000000E-5	-2.780000E-5	-2.500000E-7	4.400000E-8	-5.000000E-8	0.000000E+0	0.000000E+0	1.964247E-4	2.976042E-9	0.000000E+0	0.000000E+0	1.999959E+1	0.000000E+0	4.000000E+0
28-Apr-25	11:18:02	-1.000000E-5	2.592750E+0	-8.000000E-5	-2.790000E-5	-1.000000E-7	1.140000E-7	0.000000E+0	0.000000E+0	0.000000E+0	1.964247E-4	2.976042E-9	0.000000E+0	0.000000E+0	1.999959E+1	0.000000E+0	4.000000E+0
28-Apr-25	11:18:03	-1.000000E-5	2.583775E+0	-8.000000E-5	-2.790000E-5	-1.500000E-7	7.400000E-8	-2.000000E-8	0.000000E+0	0.000000E+0	1.964247E-4	2.976042E-9	0.000000E+0	0.000000E+0	1.999959E+1	0.000000E+0	4.000000E+0
28-Apr-25	11:18:03	-1.000000E-5	2.574775E+0	-8.000000E-5	-2.800000E-5	-2.500000E-7	-2.000000E-8	-4.000000E-8	0.000000E+0	0.000000E+0	1.964247E-4	2.976042E-9	0.000000E+0	0.000000E+0	1.999959E+1	0.000000E+0	4.000000E+0
28-Apr-25	11:18:04	-1.000000E-5	2.565800E+0	-8.000000E-5	-2.810000E-5	-2.000000E-7	-5.200000E-8	2.000000E-9	0.000000E+0	0.000000E+0	1.964247E-4	2.976042E-9	0.000000E+0	0.000000E+0	1.999959E+1	0.000000E+0	4.000000E+0
28-Apr-25	11:18:04	-1.000000E-5	2.557705E+0	-8.000000E-5	-2.790000E-5	-2.000000E-7	-1.600000E-8	1.120000E-7	0.000000E+0	0.000000E+0	1.964247E-4	2.976042E-9	0.000000E+0	0.000000E+0	1.999959E+1	0.000000E+0	4.000000E+0
28-Apr-25	11:18:05	-1.000000E-5	2.548680E+0	-8.000000E-5	-2.785000E-5	-2.000000E-7	2.000000E-9	2.300000E-7	0.000000E+0	0.000000E+0	1.964247E-4	2.976042E-9	0.000000E+0	0.000000E+0	1.999959E+1	0.000000E+0	4.000000E+0
28-Apr-25	11:18:05	-1.000000E-5	2.539715E+0	-8.000000E-5	-2.805000E-5	-1.500000E-7	-2.000000E-9	2.860000E-7	0.000000E+0	0.000000E+0	1.964247E-4	2.976042E-9	0.000000E+0	0.000000E+0	1.999959E+1	0.000000E+0	4.000000E+0
28-Apr-25	11:18:06	-1.000000E-5	2.531620E+0	-8.000000E-5	-2.800000E-5	-2.000000E-7	2.600000E-8	2.560000E-7	0.000000E+0	0.000000E+0	1.964247E-4	2.976042E-9	0.000000E+0	0.000000E+0	1.999959E+1	0.000000E+0	4.000000E+0
28-Apr-25	11:18:06	-1.000000E-5	2.522660E+0	-8.000000E-5	-2.800000E-5	-3.500000E-7	7.800000E-8	1.700000E-7	0.000000E+0	0.000000E+0	1.964247E-4	2.976042E-9	0.000000E+0	0.000000E+0	1.999959E+1	0.000000E+0	4.000000E+0
28-Apr-25	11:18:07	-1.000000E-5	2.513665E+0	-8.000000E-5	-2.790000E-5	-1.500000E-7	7.000000E-8	7.800000E-8	0.000000E+0	0.000000E+0	1.964247E-4	2.976042E-9	0.000000E+0	0.000000E+0	1.999959E+1	0.000000E+0	4.000000E+0
28-Apr-25	11:18:07	-1.000000E-5	2.504660E+0	-8.000000E-5	-2.795000E-5	-3.500000E-7	1.600000E-8	-3.200000E-8	0.000000E+0	0.000000E+0	1.964247E-4	2.976042E-9	0.000000E+0	0.000000E+0	1.999959E+1	0.000000E+0	4.000000E+0
28-Apr-25	11:18:08	-1.000000E-5	2.494760E+0	-8.000000E-5	-2.795000E-5	-2.000000E-7	-8.000000E-9	-1.100000E-7	0.000000E+0	0.000000E+0	1.964247E-4	2.976042E-9	0.000000E+0	0.000000E+0	1.999959E+1	0.000000E+0	4.000000E+0
28-Apr-25	11:18:08	-1.000000E-5	2.483685E+0	-8.000000E-5	-2.800000E-5	-1.500000E-7	-1.200000E-8	-1.780000E-7	0.000000E+0	0.000000E+0	1.964247E-4	2.976042E-9	0.000000E+0	0.000000E+0	1.999959E+1	0.000000E+0	4.000000E+0
28-Apr-25	11:18:09	-1.000000E-5	2.473815E+0	-8.000000E-5	-2.790000E-5	-2.500000E-7	6.000000E-9	-1.820000E-7	0.000000E+0	0.000000E+0	1.964247E-4	2.976042E-9	0.000000E+0	0.000000E+0	1.999959E+1	0.000000E+0	4.000000E+0
28-Apr-25	11:18:09	-1.000000E-5	2.464805E+0	-8.000000E-5	-2.800000E-5	-4.500000E-7	4.200000E-8	-1.860000E-7	0.000000E+0	0.000000E+0	1.964247E-4	2.976042E-9	0.000000E+0	0.000000E+0	1.999959E+1	0.000000E+0	4.000000E+0
28-Apr-25	11:18:10	-1.000000E-5	2.456685E+0	-8.000000E-5	-2.815000E-5	-3.500000E-7	7.000000E-8	-1.560000E-7	0.000000E+0	0.000000E+0	1.964247E-4	2.976042E-9	0.000000E+0	0.000000E+0	1.999959E+1	0.000000E+0	4.000000E+0
28-Apr-25	11:18:10	-1.000000E-5	2.447710E+0	-8.000000E-5	-2.805000E-5	-2.000000E-7	9.800000E-8	-8.200000E-8	0.000000E+0	0.000000E+0	1.964247E-4	2.976042E-9	0.000000E+0	0.000000E+0	1.999959E+1	0.000000E+0	4.000000E+0
28-Apr-25	11:18:11	-1.000000E-5	2.438740E+0	-8.000000E-5	-2.815000E-5	-2.000000E-7	1.080000E-7	-6.200000E-8	0.000000E+0	0.000000E+0	1.964247E-4	2.976042E-9	0.000000E+0	0.000000E+0	1.999959E+1	0.000000E+0	4.000000E+0
28-Apr-25	11:18:12	-1.000000E-5	2.426155E+0	-8.000000E-5	-2.810000E-5	-1.500000E-7	1.320000E-7	-1.780000E-7	0.000000E+0	0.000000E+0	1.964247E-4	2.976042E-9	0.000000E+0	0.000000E+0	1.999959E+1	0.000000E+0	4.000000E+0
28-Apr-25	11:18:12	-1.000000E-5	2.416275E+0	-8.000000E-5	-2.805000E-5	-1.000000E-7	2.280000E-7	-2.100000E-7	0.000000E+0	0.000000E+0	1.964247E-4	2.976042E-9	0.000000E+0	0.000000E+0	1.999959E+1	0.000000E+0	4.000000E+0
28-Apr-25	11:18:13	-1.000000E-5	2.406070E+0	-8.000000E-5	-2.795000E-5	-2.000000E-7	2.960000E-7	-1.980000E-7	0.000000E+0	0.000000E+0	1.964247E-4	2.976042E-9	0.000000E+0	0.000000E+0	1.999959E+1	0.000000E+0	4.000000E+0
28-Apr-25	11:18:13	-1.000000E-5	2.397990E+0	-8.000000E-5	-2.810000E-5	-2.000000E-7	2.600000E-7	-1.340000E-7	0.000000E+0	0.000000E+0	1.964247E-4	2.976042E-9	0.000000E+0	0.000000E+0	1.999959E+1	0.000000E+0	4.000000E+0
28-Apr-25	11:18:14	-1.000000E-5	2.388990E+0	-8.000000E-5	-2.810000E-5	-2.000000E-7	1.640000E-7	1.800000E-8	0.000000E+0	0.000000E+0	1.964247E-4	2.976042E-9	0.000000E+0	0.000000E+0	1.999959E+1	0.000000E+0	4.000000E+0
28-Apr-25	11:18:14	-1.000000E-5	2.380020E+0	-8.000000E-5	-2.820000E-5	-2.000000E-7	-8.200000E-8	2.820000E-7	0.000000E+0	0.000000E+0	1.964247E-4	2.976042E-9	0.000000E+0	0.000000E+0	1.999959E+1	0.000000E+0	4.000000E+0
28-Apr-25	11:18:15	-1.000000E-5	2.370115E+0	-8.000000E-5	-2.810000E-5	-2.000000E-7	-3.620000E-7	4.580000E-7	0.000000E+0	0.000000E+0	1.964247E-4	2.976042E-9	0.000000E+0	0.000000E+0	1.999959E+1	0.000000E+0	4.000000E+0
28-Apr-25	11:18:15	-1.000000E-5	2.361110E+0	-8.000000E-5	-2.810000E-5	-2.000000E-7	-4.360000E-7	4.080000E-7	0.000000E+0	0.000000E+0	1.964247E-4	2.976042E-9	0.000000E+0	0.000000E+0	1.999959E+1	0.000000E+0	4.000000E+0
28-Apr-25	11:18:16	-1.000000E-5	2.350325E+0	-8.000000E-5	-2.820000E-5	-2.500000E-7	-2.740000E-7	1.920000E-7	0.000000E+0	0.000000E+0	1.964247E-4	2.976042E-9	0.000000E+0	0.000000E+0	1.999959E+1	0.000000E+0	4.000000E+0
28-Apr-25	11:18:16	-1.000000E-5	2.341345E+0	-8.000000E-5	-2.795000E-5	-2.500000E-7	-1.780000E-7	3.600000E-8	0.000000E+0	0.000000E+0	1.964247E-4	2.976042E-9	0.000000E+0	0.000000E+0	1.999959E+1	0.000000E+0	4.000000E+0
28-Apr-25	11:18:17	-1.000000E-5	2.332370E+0	-8.000000E-5	-2.810000E-5	-1.000000E-7	-2.440000E-7	4.000000E-8	0.000000E+0	0.000000E+0	1.964247E-4	2.976042E-9	0.000000E+0	0.000000E+0	1.999959E+1	0.000000E+0	4.000000E+0
28-Apr-25	11:18:17	-1.000000E-5	2.322460E+0	-8.000000E-5	-2.825000E-5	-2.000000E-7	-2.620000E-7	7.000000E-8	0.000000E+0	0.000000E+0	1.964247E-4	2.976042E-9	0.000000E+0	0.000000E+0	1.999959E+1	0.000000E+0	4.000000E+0
28-Apr-25	11:18:18	-1.000000E-5	2.313480E+0	-8.000000E-5	-2.815000E-5	-3.500000E-7	-1.080000E-7	-1.000000E-8	0.000000E+0	0.000000E+0	1.964247E-4	2.976042E-9	0.000000E+0	0.000000E+0	1.999959E+1	0.000000E+0	4.000000E+0
28-Apr-25	11:18:18	-1.000000E-5	2.304475E+0	-8.000000E-5	-2.830000E-5	-2.000000E-7	3.200000E-8	-1.620000E-7	0.000000E+0	0.000000E+0	1.964247E-4	2.976042E-9	0.000000E+0	0.000000E+0	1.999959E+1	0.000000E+0	4.000000E+0
28-Apr-25	11:18:19	-1.000000E-5	2.293685E+0	-8.000000E-5	-2.820000E-5	-2.000000E-7	-3.200000E-8	-2.440000E-7	0.000000E+0	0.000000E+0	1.964247E-4	2.976042E-9	0.000000E+0	0.000000E+0	1.999959E+1	0.000000E+0	4.000000E+0
28-Apr-25	11:18:19	-1.000000E-5	2.284715E+0	-8.000000E-5	-2.815000E-5	-2.500000E-7	-1.080000E-7	-2.120000E-7	0.000000E+0	0.000000E+0	1.964247E-4	2.976042E-9	0.000000E+0	0.000000E+0	1.999959E+1	0.000000E+0	4.000000E+0
28-Apr-25	11:18:20	-1.000000E-5	2.275710E+0	-8.000000E-5	-2.825000E-5	-2.500000E-7	-6.200000E-8	-1.360000E-7	0.000000E+0	0.000000E+0	1.964247E-4	2.976042E-9	0.000000E+0	0.000000E+0	1.999959E+1	0.000000E+0	4.000000E+0
28-Apr-25	11:18:20	-1.000000E-5	2.266695E+0	-8.000000E-5	-2.830000E-5	-2.500000E-7	4.400000E-8	-6.000000E-8	0.000000E+0	0.000000E+0	1.964247E-4	2.976042E-9	0.000000E+0	0.000000E+0	1.999959E+1	0.000000E+0	4.000000E+0
28-Apr-25	11:18:21	-1.000000E-5	2.257705E+0	-8.000000E-5	-2.825000E-5	-3.000000E-7	1.320000E-7	-3.800000E-8	0.000000E+0	0.000000E+0	1.964247E-4	2.976042E-9	0.000000E+0	0.000000E+0	1.999959E+1	0.000000E+0	4.000000E+0
28-Apr-25	11:18:21	-1.000000E-5	2.248725E+0	-8.000000E-5	-2.815000E-5	-2.500000E-7	1.840000E-7	-6.600000E-8	0.000000E+0	0.000000E+0	1.964247E-4	2.976042E-9	0.000000E+0	0.000000E+0	1.999959E+1	0.000000E+0	4.000000E+0
28-Apr-25	11:18:22	-1.000000E-5	2.239755E+0	-8.000000E-5	-2.830000E-5	-2.500000E-7	1.640000E-7	-1.000000E-7	0.000000E+0	0.000000E+0	1.964247E-4	2.976042E-9	0.000000E+0	0.000000E+0	1.999959E+1	0.000000E+0	4.000000E+0
28-Apr-25	11:18:22	-1.000000E-5	2.230780E+0	-8.000000E-5	-2.815000E-5	-4.000000E-7	3.600000E-8	-1.220000E-7	0.000000E+0	0.000000E+0	1.964247E-4	2.976042E-9	0.000000E+0	0.000000E+0	1.999959E+1	0.000000E+0	4.000000E+0
28-Apr-25	11:18:23	-1.000000E-5	2.220875E+0	-8.000000E-5	-2.820000E-5	-3.000000E-7	-1.080000E-7	-1.220000E-7	0.000000E+0	0.000000E+0	1.964247E-4	2.976042E-9	0.000000E+0	0.000000E+0	1.999959E+1	0.000000E+0	4.000000E+0
28-Apr-25	11:18:24	-1.000000E-5	2.210685E+0	-8.000000E-5	-2.820000E-5	-2.000000E-7	-1.260000E-7	-9.200000E-8	0.000000E+0	0.000000E+0	1.964247E-4	2.976042E-9	0.000000E+0	0.000000E+0	1.999959E+1	0.000000E+0	4.000000E+0
28-Apr-25	11:18:24	-1.000000E-5	2.200805E+0	-8.000000E-5	-2.800000E-5	-2.000000E-7	-8.600000E-8	-1.260000E-7	0.000000E+0	0.000000E+0	1.964247E-4	2.976042E-9	0.000000E+0	0.000000E+0	1.999959E+1	0.000000E+0	4.000000E+0
28-Apr-25	11:18:25	-1.000000E-5	2.191840E+0	-8.000000E-5	-2.820000E-5	-2.500000E-7	-7.800000E-8	-2.040000E-7	0.000000E+0	0.000000E+0	1.964247E-4	2.976042E-9	0.000000E+0	0.000000E+0	1.999959E+1	0.000000E+0	4.000000E+0
28-Apr-25	11:18:25	-1.000000E-5	2.182835E+0	-8.000000E-5	-2.825000E-5	-2.000000E-7	-1.140000E-7	-2.400000E-7	0.000000E+0	0.000000E+0	1.964247E-4	2.976042E-9	0.000000E+0	0.000000E+0	1.999959E+1	0.000000E+0	4.000000E+0
28-Apr-25	11:18:25	-1.000000E-5	2.174720E+0	-8.000000E-5	-2.840000E-5	-3.000000E-7	-1.540000E-7	-2.020000E-7	0.000000E+0	0.000000E+0	1.964247E-4	2.976042E-9	0.000000E+0	0.000000E+0	1.999959E+1	0.000000E+0	4.000000E+0
28-Apr-25	11:18:26	-1.000000E-5	2.166640E+0	-8.000000E-5	-2.825000E-5	-3.500000E-7	-1.820000E-7	-1.260000E-7	0.000000E+0	0.000000E+0	1.964247E-4	2.976042E-9	0.000000E+0	0.000000E+0	1.999959E+1	0.000000E+0	4.000000E+0
28-Apr-25	11:18:26	-1.000000E-5	2.157640E+0	-8.000000E-5	-2.830000E-5	-3.500000E-7	-1.820000E-7	-2.600000E-8	0.000000E+0	0.000000E+0	1.964247E-4	2.976042E-9	0.000000E+0	0.000000E+0	1.999959E+1	0.000000E+0	4.000000E+0
28-Apr-25	11:18:27	-1.000000E-5	2.148675E+0	-8.000000E-5	-2.830000E-5	-3.000000E-7	-1.420000E-7	7.000000E-8	0.000000E+0	0.000000E+0	1.964247E-4	2.976042E-9	0.000000E+0	0.000000E+0	1.999959E+1	0.000000E+0	4.000000E+0
28-Apr-25	11:18:28	-1.000000E-5	2.139685E+0	-8.000000E-5	-2.835000E-5	-5.000000E-8	-3.600000E-8	8.600000E-8	0.000000E+0	0.000000E+0	1.964247E-4	2.976042E-9	0.000000E+0	0.000000E+0	1.999959E+1	0.000000E+0	4.000000E+0
28-Apr-25	11:18:28	-1.000000E-5	2.127090E+0	-8.000000E-5	-2.825000E-5	-2.000000E-7	1.620000E-7	-5.200000E-8	0.000000E+0	0.000000E+0	1.964247E-4	2.976042E-9	0.000000E+0	0.000000E+0	1.999959E+1	0.000000E+0	4.000000E+0
28-Apr-25	11:18:29	-1.000000E-5	2.118105E+0	-8.000000E-5	-2.820000E-5	-2.500000E-7	1.620000E-7	-1.280000E-7	0.000000E+0	0.000000E+0	1.964247E-4	2.976042E-9	0.000000E+0	0.000000E+0	1.999959E+1	0.000000E+0	4.000000E+0
28-Apr-25	11:18:29	-1.000000E-5	2.105215E+0	-8.000000E-5	-2.840000E-5	-3.000000E-7	-4.000000E-9	-7.000000E-8	0.000000E+0	0.000000E+0	1.964247E-4	2.976042E-9	0.000000E+0	0.000000E+0	1.999959E+1	0.000000E+0	4.000000E+0
28-Apr-25	11:18:30	-1.000000E-5	2.096235E+0	-8.000000E-5	-2.825000E-5	-2.500000E-7	-9.000000E-8	5.400000E-8	0.000000E+0	0.000000E+0	1.964247E-4	2.976042E-9	0.000000E+0	0.000000E+0	1.999959E+1	0.000000E+0	4.000000E+0
28-Apr-25	11:18:30	-1.000000E-5	2.088135E+0	-8.000000E-5	-2.825000E-5	-3.500000E-7	-1.180000E-7	1.740000E-7	0.000000E+0	0.000000E+0	1.964247E-4	2.976042E-9	0.000000E+0	0.000000E+0	1.999959E+1	0.000000E+0	4.000000E+0
28-Apr-25	11:18:31	-1.000000E-5	2.079130E+0	-8.000000E-5	-2.840000E-5	-3.500000E-7	-1.480000E-7	2.540000E-7	0.000000E+0	0.000000E+0	1.964247E-4	2.976042E-9	0.000000E+0	0.000000E+0	1.999959E+1	0.000000E+0	4.000000E+0
28-Apr-25	11:18:31	-1.000000E-5	2.070140E+0	-8.000000E-5	-2.840000E-5	-3.500000E-7	-2.340000E-7	2.260000E-7	0.000000E+0	0.000000E+0	1.964247E-4	2.976042E-9	0.000000E+0	0.000000E+0	1.999959E+1	0.000000E+0	4.000000E+0
28-Apr-25	11:18:32	-1.000000E-5	2.062070E+0	-8.000000E-5	-2.830000E-5	-3.500000E-7	-3.520000E-7	1.120000E-7	0.000000E+0	0.000000E+0	1.964247E-4	2.976042E-9	0.000000E+0	0.000000E+0	1.999959E+1	0.000000E+0	4.000000E+0
28-Apr-25	11:18:32	-1.000000E-5	2.053080E+0	-8.000000E-5	-2.830000E-5	-2.500000E-7	-4.140000E-7	1.400000E-8	0.000000E+0	0.000000E+0	1.964247E-4	2.976042E-9	0.000000E+0	0.000000E+0	1.999959E+1	0.000000E+0	4.000000E+0
28-Apr-25	11:18:33	-1.000000E-5	2.041415E+0	-8.000000E-5	-2.845000E-5	-2.000000E-7	-3.540000E-7	-4.200000E-8	0.000000E+0	0.000000E+0	1.964247E-4	2.976042E-9	0.000000E+0	0.000000E+0	1.999959E+1	0.000000E+0	4.000000E+0
28-Apr-25	11:18:33	-1.000000E-5	2.033290E+0	-8.000000E-5	-2.840000E-5	-2.000000E-7	-2.780000E-7	-1.040000E-7	0.000000E+0	0.000000E+0	1.964247E-4	2.976042E-9	0.000000E+0	0.000000E+0	1.999959E+1	0.000000E+0	4.000000E+0
28-Apr-25	11:18:34	-1.000000E-5	2.024320E+0	-8.000000E-5	-2.840000E-5	-1.500000E-7	-2.700000E-7	-1.980000E-7	0.000000E+0	0.000000E+0	1.964247E-4	2.976042E-9	0.000000E+0	0.000000E+0	1.999959E+1	0.000000E+0	4.000000E+0
28-Apr-25	11:18:34	-1.000000E-5	2.014435E+0	-8.000000E-5	-2.840000E-5	-2.000000E-7	-3.300000E-7	-2.360000E-7	0.000000E+0	0.000000E+0	1.964247E-4	2.976042E-9	0.000000E+0	0.000000E+0	1.999959E+1	0.000000E+0	4.000000E+0
28-Apr-25	11:18:35	-1.000000E-5	2.005440E+0	-8.000000E-5	-2.855000E-5	-2.000000E-7	-3.740000E-7	-1.320000E-7	0.000000E+0	0.000000E+0	1.964247E-4	2.976042E-9	0.000000E+0	0.000000E+0	1.999959E+1	0.000000E+0	4.000000E+0
28-Apr-25	11:18:35	-1.000000E-5	1.995565E+0	-8.000000E-5	-2.855000E-5	-1.500000E-7	-3.800000E-7	7.400000E-8	0.000000E+0	0.000000E+0	1.964247E-4	2.976042E-9	0.000000E+0	0.000000E+0	1.999959E+1	0.000000E+0	4.000000E+0
28-Apr-25	11:18:36	-1.000000E-5	1.986535E+0	-8.000000E-5	-2.840000E-5	-3.500000E-7	-3.380000E-7	1.660000E-7	0.000000E+0	0.000000E+0	1.964247E-4	2.976042E-9	0.000000E+0	0.000000E+0	1.999959E+1	0.000000E+0	4.000000E+0
28-Apr-25	11:18:36	-1.000000E-5	1.978450E+0	-8.000000E-5	-2.840000E-5	-3.500000E-7	-2.520000E-7	1.320000E-7	0.000000E+0	0.000000E+0	1.964247E-4	2.976042E-9	0.000000E+0	0.000000E+0	1.999959E+1	0.000000E+0	4.000000E+0
28-Apr-25	11:18:37	-1.000000E-5	1.969460E+0	-8.000000E-5	-2.845000E-5	-1.500000E-7	-1.200000E-7	6.000000E-9	0.000000E+0	0.000000E+0	1.964247E-4	2.976042E-9	0.000000E+0	0.000000E+0	1.999959E+1	0.000000E+0	4.000000E+0
28-Apr-25	11:18:37	-1.000000E-5	1.960500E+0	-8.000000E-5	-2.850000E-5	-1.500000E-7	-2.800000E-8	-1.180000E-7	0.000000E+0	0.000000E+0	1.964247E-4	2.976042E-9	0.000000E+0	0.000000E+0	1.999959E+1	0.000000E+0	4.000000E+0
28-Apr-25	11:18:38	-1.000000E-5	1.952430E+0	-8.000000E-5	-2.845000E-5	5.000000E-8	-1.400000E-8	-1.580000E-7	0.000000E+0	0.000000E+0	1.964247E-4	2.976042E-9	0.000000E+0	0.000000E+0	1.999959E+1	0.000000E+0	4.000000E+0
28-Apr-25	11:18:38	-1.000000E-5	1.943410E+0	-8.000000E-5	-2.865000E-5	-5.000000E-8	-4.000000E-8	-1.100000E-7	0.000000E+0	0.000000E+0	1.964247E-4	2.976042E-9	0.000000E+0	0.000000E+0	1.999959E+1	0.000000E+0	4.000000E+0
28-Apr-25	11:18:39	-1.000000E-5	1.934395E+0	-8.000000E-5	-2.865000E-5	-3.000000E-7	-4.800000E-8	-6.200000E-8	0.000000E+0	0.000000E+0	1.964247E-4	2.976042E-9	0.000000E+0	0.000000E+0	1.999959E+1	0.000000E+0	4.000000E+0
28-Apr-25	11:18:40	-1.000000E-5	1.921675E+0	-8.000000E-5	-2.835000E-5	-3.500000E-7	2.200000E-8	-7.600000E-8	0.000000E+0	0.000000E+0	1.964247E-4	2.976042E-9	0.000000E+0	0.000000E+0	1.999959E+1	0.000000E+0	4.000000E+0
28-Apr-25	11:18:40	-1.000000E-5	1.911640E+0	-8.000000E-5	-2.830000E-5	-3.000000E-7	4.400000E-8	-1.300000E-7	0.000000E+0	0.000000E+0	1.964247E-4	2.976042E-9	0.000000E+0	0.000000E+0	1.999959E+1	0.000000E+0	4.000000E+0
28-Apr-25	11:18:41	-1.000000E-5	1.902640E+0	-8.000000E-5	-2.830000E-5	-2.000000E-7	4.400000E-8	-2.120000E-7	0.000000E+0	0.000000E+0	1.964247E-4	2.976042E-9	0.000000E+0	0.000000E+0	1.999959E+1	0.000000E+0	4.000000E+0
28-Apr-25	11:18:41	-1.000000E-5	1.893625E+0	-8.000000E-5	-2.850000E-5	-4.000000E-7	6.200000E-8	-2.740000E-7	0.000000E+0	0.000000E+0	1.964247E-4	2.976042E-9	0.000000E+0	0.000000E+0	1.999959E+1	0.000000E+0	4.000000E+0
28-Apr-25	11:18:42	-1.000000E-5	1.884615E+0	-8.000000E-5	-2.865000E-5	-3.000000E-7	2.600000E-8	-2.380000E-7	0.000000E+0	0.000000E+0	1.964247E-4	2.976042E-9	0.000000E+0	0.000000E+0	1.999959E+1	0.000000E+0	4.000000E+0
28-Apr-25	11:18:42	-1.000000E-5	1.873830E+0	-8.000000E-5	-2.835000E-5	-4.500000E-7	-1.020000E-7	-1.660000E-7	0.000000E+0	0.000000E+0	1.964247E-4	2.976042E-9	0.000000E+0	0.000000E+0	1.999959E+1	0.000000E+0	4.000000E+0
28-Apr-25	11:18:43	-1.000000E-5	1.864880E+0	-8.000000E-5	-2.835000E-5	-2.000000E-7	-1.420000E-7	-1.620000E-7	0.000000E+0	0.000000E+0	1.964247E-4	2.976042E-9	0.000000E+0	0.000000E+0	1.999959E+1	0.000000E+0	4.000000E+0
28-Apr-25	11:18:43	-1.000000E-5	1.855910E+0	-8.000000E-5	-2.850000E-5	-1.000000E-7	-1.260000E-7	-1.420000E-7	0.000000E+0	0.000000E+0	1.964247E-4	2.976042E-9	0.000000E+0	0.000000E+0	1.999959E+1	0.000000E+0	4.000000E+0
28-Apr-25	11:18:44	-1.000000E-5	1.846910E+0	-8.000000E-5	-2.855000E-5	-1.500000E-7	-1.200000E-7	-4.600000E-8	0.000000E+0	0.000000E+0	1.964247E-4	2.976042E-9	0.000000E+0	0.000000E+0	1.999959E+1	0.000000E+0	4.000000E+0
28-Apr-25	11:18:44	-1.000000E-5	1.836995E+0	-8.000000E-5	-2.870000E-5	-3.500000E-7	-1.020000E-7	7.000000E-8	0.000000E+0	0.000000E+0	1.964247E-4	2.976042E-9	0.000000E+0	0.000000E+0	1.999959E+1	0.000000E+0	4.000000E+0
28-Apr-25	11:18:45	-1.000000E-5	1.827115E+0	-8.000000E-5	-2.865000E-5	-4.500000E-7	-2.800000E-8	4.800000E-8	0.000000E+0	0.000000E+0	1.964247E-4	2.976042E-9	0.000000E+0	0.000000E+0	1.999959E+1	0.000000E+0	4.000000E+0
28-Apr-25	11:18:45	-1.000000E-5	1.818145E+0	-8.000000E-5	-2.865000E-5	-3.000000E-7	4.000000E-8	0.000000E+0	0.000000E+0	0.000000E+0	1.964247E-4	2.976042E-9	0.000000E+0	0.000000E+0	1.999959E+1	0.000000E+0	4.000000E+0
28-Apr-25	11:18:46	-1.000000E-5	1.809165E+0	-8.000000E-5	-2.860000E-5	-1.500000E-7	6.000000E-9	2.000000E-9	0.000000E+0	0.000000E+0	1.964247E-4	2.976042E-9	0.000000E+0	0.000000E+0	1.999959E+1	0.000000E+0	4.000000E+0
28-Apr-25	11:18:46	-1.000000E-5	1.800150E+0	-8.000000E-5	-2.845000E-5	-1.000000E-7	-1.300000E-7	1.000000E-8	0.000000E+0	0.000000E+0	1.964247E-4	2.976042E-9	0.000000E+0	0.000000E+0	1.999959E+1	0.000000E+0	4.000000E+0
28-Apr-25	11:18:47	-1.000000E-5	1.791135E+0	-8.000000E-5	-2.865000E-5	0.000000E+0	-2.800000E-7	-2.800000E-8	0.000000E+0	0.000000E+0	1.964247E-4	2.976042E-9	0.000000E+0	0.000000E+0	1.999959E+1	0.000000E+0	4.000000E+0
28-Apr-25	11:18:47	-1.000000E-5	1.782175E+0	-8.000000E-5	-2.880000E-5	-2.000000E-7	-2.740000E-7	-6.200000E-8	0.000000E+0	0.000000E+0	1.964247E-4	2.976042E-9	0.000000E+0	0.000000E+0	1.999959E+1	0.000000E+0	4.000000E+0
28-Apr-25	11:18:48	-1.000000E-5	1.773190E+0	-8.000000E-5	-2.865000E-5	-2.000000E-7	-9.600000E-8	-5.400000E-8	0.000000E+0	0.000000E+0	1.964247E-4	2.976042E-9	0.000000E+0	0.000000E+0	1.999959E+1	0.000000E+0	4.000000E+0
28-Apr-25	11:18:48	-1.000000E-5	1.764215E+0	-8.000000E-5	-2.875000E-5	-1.500000E-7	1.120000E-7	-1.600000E-8	0.000000E+0	0.000000E+0	1.964247E-4	2.976042E-9	0.000000E+0	0.000000E+0	1.999959E+1	0.000000E+0	4.000000E+0
28-Apr-25	11:18:49	-1.000000E-5	1.755210E+0	-8.000000E-5	-2.875000E-5	-1.500000E-7	1.640000E-7	3.000000E-8	0.000000E+0	0.000000E+0	1.964247E-4	2.976042E-9	0.000000E+0	0.000000E+0	1.999959E+1	0.000000E+0	4.000000E+0
28-Apr-25	11:18:49	-1.000000E-5	1.747115E+0	-8.000000E-5	-2.875000E-5	-1.500000E-7	1.020000E-7	5.800000E-8	0.000000E+0	0.000000E+0	1.964247E-4	2.976042E-9	0.000000E+0	0.000000E+0	1.999959E+1	0.000000E+0	4.000000E+0
28-Apr-25	11:18:50	-1.000000E-5	1.737075E+0	-8.000000E-5	-2.865000E-5	-2.000000E-7	-3.800000E-8	-2.000000E-8	0.000000E+0	0.000000E+0	1.964247E-4	2.976042E-9	0.000000E+0	0.000000E+0	1.999959E+1	0.000000E+0	4.000000E+0
28-Apr-25	11:18:50	-1.000000E-5	1.727925E+0	-8.000000E-5	-2.860000E-5	-1.500000E-7	-8.400000E-8	-1.840000E-7	0.000000E+0	0.000000E+0	1.964247E-4	2.976042E-9	0.000000E+0	0.000000E+0	1.999959E+1	0.000000E+0	4.000000E+0
28-Apr-25	11:18:51	-1.000000E-5	1.719100E+0	-8.000000E-5	-2.870000E-5	-3.000000E-7	-3.800000E-8	-3.180000E-7	0.000000E+0	0.000000E+0	1.964247E-4	2.976042E-9	0.000000E+0	0.000000E+0	1.999959E+1	0.000000E+0	4.000000E+0
28-Apr-25	11:18:51	-1.000000E-5	1.710850E+0	-8.000000E-5	-2.865000E-5	-2.500000E-7	4.600000E-8	-2.840000E-7	0.000000E+0	0.000000E+0	1.964247E-4	2.976042E-9	0.000000E+0	0.000000E+0	1.999959E+1	0.000000E+0	4.000000E+0
28-Apr-25	11:18:52	-1.000000E-5	1.701840E+0	-8.000000E-5	-2.875000E-5	-1.500000E-7	9.400000E-8	-1.640000E-7	0.000000E+0	0.000000E+0	1.964247E-4	2.976042E-9	0.000000E+0	0.000000E+0	1.999959E+1	0.000000E+0	4.000000E+0
28-Apr-25	11:18:52	-1.000000E-5	1.692870E+0	-8.000000E-5	-2.880000E-5	-2.500000E-7	8.600000E-8	-1.100000E-7	0.000000E+0	0.000000E+0	1.964247E-4	2.976042E-9	0.000000E+0	0.000000E+0	1.999959E+1	0.000000E+0	4.000000E+0
28-Apr-25	11:18:53	-1.000000E-5	1.680270E+0	-8.000000E-5	-2.865000E-5	-4.500000E-7	8.800000E-8	-1.300000E-7	0.000000E+0	0.000000E+0	1.964247E-4	2.976042E-9	0.000000E+0	0.000000E+0	1.999959E+1	0.000000E+0	4.000000E+0
28-Apr-25	11:18:53	-1.000000E-5	1.672210E+0	-8.000000E-5	-2.860000E-5	-3.000000E-7	8.600000E-8	-7.600000E-8	0.000000E+0	0.000000E+0	1.964247E-4	2.976042E-9	0.000000E+0	0.000000E+0	1.999959E+1	0.000000E+0	4.000000E+0
28-Apr-25	11:18:54	-1.000000E-5	1.663225E+0	-8.000000E-5	-2.855000E-5	-3.000000E-7	-2.000000E-9	5.200000E-8	0.000000E+0	0.000000E+0	1.964247E-4	2.976042E-9	0.000000E+0	0.000000E+0	1.999959E+1	0.000000E+0	4.000000E+0
28-Apr-25	11:18:54	-1.000000E-5	1.654075E+0	-8.000000E-5	-2.895000E-5	-2.000000E-7	-1.320000E-7	1.000000E-7	0.000000E+0	0.000000E+0	1.964247E-4	2.976042E-9	0.000000E+0	0.000000E+0	1.999959E+1	0.000000E+0	4.000000E+0
28-Apr-25	11:18:55	-1.000000E-5	1.646120E+0	-8.000000E-5	-2.915000E-5	-2.000000E-7	-2.300000E-7	6.000000E-8	0.000000E+0	0.000000E+0	1.964247E-4	2.976042E-9	0.000000E+0	0.000000E+0	1.999959E+1	0.000000E+0	4.000000E+0
28-Apr-25	11:18:56	-1.000000E-5	1.633250E+0	-8.000000E-5	-2.875000E-5	-2.500000E-7	-2.160000E-7	5.200000E-8	0.000000E+0	0.000000E+0	1.964247E-4	2.976042E-9	0.000000E+0	0.000000E+0	1.999959E+1	0.000000E+0	4.000000E+0
28-Apr-25	11:18:56	-1.000000E-5	1.623370E+0	-8.000000E-5	-2.870000E-5	-2.500000E-7	-1.720000E-7	8.600000E-8	0.000000E+0	0.000000E+0	1.964247E-4	2.976042E-9	0.000000E+0	0.000000E+0	1.999959E+1	0.000000E+0	4.000000E+0
28-Apr-25	11:18:57	-1.000000E-5	1.614345E+0	-8.000000E-5	-2.870000E-5	-3.500000E-7	-1.340000E-7	8.000000E-8	0.000000E+0	0.000000E+0	1.964247E-4	2.976042E-9	0.000000E+0	0.000000E+0	1.999959E+1	0.000000E+0	4.000000E+0
28-Apr-25	11:18:57	-1.000000E-5	1.605360E+0	-8.000000E-5	-2.860000E-5	-2.000000E-7	-7.000000E-8	5.400000E-8	0.000000E+0	0.000000E+0	1.964247E-4	2.976042E-9	0.000000E+0	0.000000E+0	1.999959E+1	0.000000E+0	4.000000E+0
28-Apr-25	11:18:58	-1.000000E-5	1.596365E+0	-8.000000E-5	-2.875000E-5	-2.000000E-7	-4.400000E-8	7.600000E-8	0.000000E+0	0.000000E+0	1.964247E-4	2.976042E-9	0.000000E+0	0.000000E+0	1.999959E+1	0.000000E+0	4.000000E+0
28-Apr-25	11:18:58	-1.000000E-5	1.587370E+0	-8.000000E-5	-2.885000E-5	-2.500000E-7	-5.200000E-8	1.040000E-7	0.000000E+0	0.000000E+0	1.964247E-4	2.976042E-9	0.000000E+0	0.000000E+0	1.999959E+1	0.000000E+0	4.000000E+0
28-Apr-25	11:18:59	-1.000000E-5	1.578395E+0	-8.000000E-5	-2.880000E-5	-2.000000E-7	0.000000E+0	8.800000E-8	0.000000E+0	0.000000E+0	1.964247E-4	2.976042E-9	0.000000E+0	0.000000E+0	1.999959E+1	0.000000E+0	4.000000E+0
28-Apr-25	11:18:59	-1.000000E-5	1.569425E+0	-8.000000E-5	-2.870000E-5	-2.500000E-7	1.000000E-7	5.200000E-8	0.000000E+0	0.000000E+0	1.964247E-4	2.976042E-9	0.000000E+0	0.000000E+0	1.999959E+1	0.000000E+0	4.000000E+0
28-Apr-25	11:19:00	-1.000000E-5	1.560405E+0	-8.000000E-5	-2.880000E-5	-5.000000E-8	1.540000E-7	6.000000E-9	0.000000E+0	0.000000E+0	1.964247E-4	2.976042E-9	0.000000E+0	0.000000E+0	1.999959E+1	0.000000E+0	4.000000E+0
28-Apr-25	11:19:00	-1.000000E-5	1.551420E+0	-8.000000E-5	-2.875000E-5	-1.500000E-7	1.660000E-7	-5.400000E-8	0.000000E+0	0.000000E+0	1.964247E-4	2.976042E-9	0.000000E+0	0.000000E+0	1.999959E+1	0.000000E+0	4.000000E+0
28-Apr-25	11:19:01	-1.000000E-5	1.542415E+0	-8.000000E-5	-2.880000E-5	-2.500000E-7	2.000000E-7	-7.400000E-8	0.000000E+0	0.000000E+0	1.964247E-4	2.976042E-9	0.000000E+0	0.000000E+0	1.999959E+1	0.000000E+0	4.000000E+0
28-Apr-25	11:19:01	-1.000000E-5	1.534325E+0	-8.000000E-5	-2.895000E-5	-2.500000E-7	2.260000E-7	-1.800000E-8	0.000000E+0	0.000000E+0	1.964247E-4	2.976042E-9	0.000000E+0	0.000000E+0	1.999959E+1	0.000000E+0	4.000000E+0
28-Apr-25	11:19:02	-1.000000E-5	1.525345E+0	-8.000000E-5	-2.870000E-5	-2.000000E-7	2.100000E-7	7.000000E-8	0.000000E+0	0.000000E+0	1.964247E-4	2.976042E-9	0.000000E+0	0.000000E+0	1.999959E+1	0.000000E+0	4.000000E+0
28-Apr-25	11:19:02	-1.000000E-5	1.514520E+0	-8.000000E-5	-2.885000E-5	-3.000000E-7	1.740000E-7	1.540000E-7	0.000000E+0	0.000000E+0	1.964247E-4	2.976042E-9	0.000000E+0	0.000000E+0	1.999959E+1	0.000000E+0	4.000000E+0
28-Apr-25	11:19:03	-1.000000E-5	1.505630E+0	-8.000000E-5	-2.875000E-5	-2.500000E-7	1.620000E-7	1.880000E-7	0.000000E+0	0.000000E+0	1.964247E-4	2.976042E-9	0.000000E+0	0.000000E+0	1.999959E+1	0.000000E+0	4.000000E+0
28-Apr-25	11:19:03	-1.000000E-5	1.496645E+0	-8.000000E-5	-2.890000E-5	-5.000000E-8	1.560000E-7	2.000000E-7	0.000000E+0	0.000000E+0	1.964247E-4	2.976042E-9	0.000000E+0	0.000000E+0	1.999959E+1	0.000000E+0	4.000000E+0
28-Apr-25	11:19:04	-1.000000E-5	1.486780E+0	-8.000000E-5	-2.895000E-5	-4.000000E-7	1.020000E-7	1.560000E-7	0.000000E+0	0.000000E+0	1.964247E-4	2.976042E-9	0.000000E+0	0.000000E+0	1.999959E+1	0.000000E+0	4.000000E+0
28-Apr-25	11:19:04	-1.000000E-5	1.477820E+0	-8.000000E-5	-2.900000E-5	-4.000000E-7	-3.200000E-8	8.600000E-8	0.000000E+0	0.000000E+0	1.964247E-4	2.976042E-9	0.000000E+0	0.000000E+0	1.999959E+1	0.000000E+0	4.000000E+0
28-Apr-25	11:19:05	-1.000000E-5	1.469710E+0	-8.000000E-5	-2.895000E-5	-5.000000E-7	-1.900000E-7	8.000000E-9	0.000000E+0	0.000000E+0	1.964247E-4	2.976042E-9	0.000000E+0	0.000000E+0	1.999959E+1	0.000000E+0	4.000000E+0
28-Apr-25	11:19:05	-1.000000E-5	1.460690E+0	-8.000000E-5	-2.910000E-5	-3.000000E-7	-2.760000E-7	-8.800000E-8	0.000000E+0	0.000000E+0	1.964247E-4	2.976042E-9	0.000000E+0	0.000000E+0	1.999959E+1	0.000000E+0	4.000000E+0
28-Apr-25	11:19:06	-1.000000E-5	1.448725E+0	-8.000000E-5	-2.900000E-5	-5.000000E-8	-2.180000E-7	-2.300000E-7	0.000000E+0	0.000000E+0	1.964247E-4	2.976042E-9	0.000000E+0	0.000000E+0	1.999959E+1	0.000000E+0	4.000000E+0
28-Apr-25	11:19:07	-1.000000E-5	1.439765E+0	-8.000000E-5	-2.880000E-5	-1.500000E-7	-9.600000E-8	-2.960000E-7	0.000000E+0	0.000000E+0	1.964247E-4	2.976042E-9	0.000000E+0	0.000000E+0	1.999959E+1	0.000000E+0	4.000000E+0
28-Apr-25	11:19:07	-1.000000E-5	1.428980E+0	-8.000000E-5	-2.890000E-5	-1.000000E-7	5.000000E-8	-2.320000E-7	0.000000E+0	0.000000E+0	1.964247E-4	2.976042E-9	0.000000E+0	0.000000E+0	1.999959E+1	0.000000E+0	4.000000E+0
28-Apr-25	11:19:08	-1.000000E-5	1.419950E+0	-8.000000E-5	-2.895000E-5	0.000000E+0	1.080000E-7	-1.000000E-7	0.000000E+0	0.000000E+0	1.964247E-4	2.976042E-9	0.000000E+0	0.000000E+0	1.999959E+1	0.000000E+0	4.000000E+0
28-Apr-25	11:19:08	-1.000000E-5	1.410965E+0	-8.000000E-5	-2.900000E-5	-1.500000E-7	-3.200000E-8	-9.600000E-8	0.000000E+0	0.000000E+0	1.964247E-4	2.976042E-9	0.000000E+0	0.000000E+0	1.999959E+1	0.000000E+0	4.000000E+0
28-Apr-25	11:19:09	-1.000000E-5	1.400185E+0	-8.000000E-5	-2.885000E-5	-1.500000E-7	-2.000000E-7	-2.400000E-7	0.000000E+0	0.000000E+0	1.964247E-4	2.976042E-9	0.000000E+0	0.000000E+0	1.999959E+1	0.000000E+0	4.000000E+0
28-Apr-25	11:19:09	-1.000000E-5	1.391215E+0	-8.000000E-5	-2.900000E-5	-2.500000E-7	-1.780000E-7	-3.080000E-7	0.000000E+0	0.000000E+0	1.964247E-4	2.976042E-9	0.000000E+0	0.000000E+0	1.999959E+1	0.000000E+0	4.000000E+0
28-Apr-25	11:19:10	-1.000000E-5	1.382250E+0	-8.000000E-5	-2.910000E-5	-3.000000E-7	-5.200000E-8	-2.120000E-7	0.000000E+0	0.000000E+0	1.964247E-4	2.976042E-9	0.000000E+0	0.000000E+0	1.999959E+1	0.000000E+0	4.000000E+0
28-Apr-25	11:19:10	-1.000000E-5	1.371435E+0	-8.000000E-5	-2.890000E-5	-3.000000E-7	4.800000E-8	5.000000E-8	0.000000E+0	0.000000E+0	1.964247E-4	2.976042E-9	0.000000E+0	0.000000E+0	1.999959E+1	0.000000E+0	4.000000E+0
28-Apr-25	11:19:11	-1.000000E-5	1.362430E+0	-8.000000E-5	-2.895000E-5	-2.000000E-7	2.200000E-8	1.520000E-7	0.000000E+0	0.000000E+0	1.964247E-4	2.976042E-9	0.000000E+0	0.000000E+0	1.999959E+1	0.000000E+0	4.000000E+0
28-Apr-25	11:19:11	-1.000000E-5	1.354340E+0	-8.000000E-5	-2.920000E-5	-2.500000E-7	-3.400000E-8	1.160000E-7	0.000000E+0	0.000000E+0	1.964247E-4	2.976042E-9	0.000000E+0	0.000000E+0	1.999959E+1	0.000000E+0	4.000000E+0
28-Apr-25	11:19:12	-1.000000E-5	1.345365E+0	-8.000000E-5	-2.910000E-5	-3.000000E-7	-6.800000E-8	4.800000E-8	0.000000E+0	0.000000E+0	1.964247E-4	2.976042E-9	0.000000E+0	0.000000E+0	1.999959E+1	0.000000E+0	4.000000E+0
28-Apr-25	11:19:12	-1.000000E-5	1.336075E+0	-8.000000E-5	-2.890000E-5	-3.000000E-7	-5.200000E-8	1.200000E-8	0.000000E+0	0.000000E+0	1.964247E-4	2.976042E-9	0.000000E+0	0.000000E+0	1.999959E+1	0.000000E+0	4.000000E+0
28-Apr-25	11:19:13	-1.000000E-5	1.327080E+0	-8.000000E-5	-2.890000E-5	-3.000000E-7	-1.200000E-8	-2.000000E-8	0.000000E+0	0.000000E+0	1.964247E-4	2.976042E-9	0.000000E+0	0.000000E+0	1.999959E+1	0.000000E+0	4.000000E+0
28-Apr-25	11:19:13	-1.000000E-5	1.318070E+0	-8.000000E-5	-2.895000E-5	-2.000000E-7	8.000000E-9	-1.000000E-7	0.000000E+0	0.000000E+0	1.964247E-4	2.976042E-9	0.000000E+0	0.000000E+0	1.999959E+1	0.000000E+0	4.000000E+0
28-Apr-25	11:19:14	-1.000000E-5	1.309995E+0	-8.000000E-5	-2.885000E-5	-1.500000E-7	2.000000E-9	-1.800000E-7	0.000000E+0	0.000000E+0	1.964247E-4	2.976042E-9	0.000000E+0	0.000000E+0	1.999959E+1	0.000000E+0	4.000000E+0
28-Apr-25	11:19:14	-1.000000E-5	1.301020E+0	-8.000000E-5	-2.885000E-5	-2.500000E-7	-2.200000E-8	-1.680000E-7	0.000000E+0	0.000000E+0	1.964247E-4	2.976042E-9	0.000000E+0	0.000000E+0	1.999959E+1	0.000000E+0	4.000000E+0
28-Apr-25	11:19:15	-1.000000E-5	1.292060E+0	-8.000000E-5	-2.910000E-5	-4.000000E-7	-6.200000E-8	-4.000000E-9	0.000000E+0	0.000000E+0	1.964247E-4	2.976042E-9	0.000000E+0	0.000000E+0	1.999959E+1	0.000000E+0	4.000000E+0
28-Apr-25	11:19:15	-1.000000E-5	1.283200E+0	-8.000000E-5	-2.915000E-5	-2.000000E-7	-1.020000E-7	1.420000E-7	0.000000E+0	0.000000E+0	1.964247E-4	2.976042E-9	0.000000E+0	0.000000E+0	1.999959E+1	0.000000E+0	4.000000E+0
28-Apr-25	11:19:16	-1.000000E-5	1.274210E+0	-8.000000E-5	-2.885000E-5	0.000000E+0	-1.180000E-7	1.180000E-7	0.000000E+0	0.000000E+0	1.964247E-4	2.976042E-9	0.000000E+0	0.000000E+0	1.999959E+1	0.000000E+0	4.000000E+0
28-Apr-25	11:19:16	-1.000000E-5	1.263280E+0	-8.000000E-5	-2.920000E-5	-2.500000E-7	-9.400000E-8	-8.000000E-8	0.000000E+0	0.000000E+0	1.964247E-4	2.976042E-9	0.000000E+0	0.000000E+0	1.999959E+1	0.000000E+0	4.000000E+0
28-Apr-25	11:19:17	-1.000000E-5	1.254290E+0	-8.000000E-5	-2.920000E-5	-3.500000E-7	-4.600000E-8	-1.340000E-7	0.000000E+0	0.000000E+0	1.964247E-4	2.976042E-9	0.000000E+0	0.000000E+0	1.999959E+1	0.000000E+0	4.000000E+0
28-Apr-25	11:19:17	-1.000000E-5	1.246215E+0	-8.000000E-5	-2.930000E-5	-4.000000E-7	1.400000E-8	-1.140000E-7	0.000000E+0	0.000000E+0	1.964247E-4	2.976042E-9	0.000000E+0	0.000000E+0	1.999959E+1	0.000000E+0	4.000000E+0
28-Apr-25	11:19:18	-1.000000E-5	1.237200E+0	-8.000000E-5	-2.920000E-5	-3.000000E-7	4.200000E-8	-1.460000E-7	0.000000E+0	0.000000E+0	1.964247E-4	2.976042E-9	0.000000E+0	0.000000E+0	1.999959E+1	0.000000E+0	4.000000E+0
28-Apr-25	11:19:18	-1.000000E-5	1.229090E+0	-8.000000E-5	-2.915000E-5	-3.000000E-7	5.200000E-8	-2.440000E-7	0.000000E+0	0.000000E+0	1.964247E-4	2.976042E-9	0.000000E+0	0.000000E+0	1.999959E+1	0.000000E+0	4.000000E+0
28-Apr-25	11:19:19	-1.000000E-5	1.218310E+0	-8.000000E-5	-2.935000E-5	-2.500000E-7	1.000000E-7	-3.920000E-7	0.000000E+0	0.000000E+0	1.964247E-4	2.976042E-9	0.000000E+0	0.000000E+0	1.999959E+1	0.000000E+0	4.000000E+0
28-Apr-25	11:19:19	-1.000000E-5	1.210220E+0	-8.000000E-5	-2.910000E-5	-1.000000E-7	7.600000E-8	-4.740000E-7	0.000000E+0	0.000000E+0	1.964247E-4	2.976042E-9	0.000000E+0	0.000000E+0	1.999959E+1	0.000000E+0	4.000000E+0
28-Apr-25	11:19:20	-1.000000E-5	1.201230E+0	-8.000000E-5	-2.905000E-5	-2.500000E-7	-6.400000E-8	-4.860000E-7	0.000000E+0	0.000000E+0	1.964247E-4	2.976042E-9	0.000000E+0	0.000000E+0	1.999959E+1	0.000000E+0	4.000000E+0
28-Apr-25	11:19:20	-1.000000E-5	1.192275E+0	-8.000000E-5	-2.910000E-5	-3.000000E-7	-1.780000E-7	-4.200000E-7	0.000000E+0	0.000000E+0	1.964247E-4	2.976042E-9	0.000000E+0	0.000000E+0	1.999959E+1	0.000000E+0	4.000000E+0
28-Apr-25	11:19:21	-1.000000E-5	1.183250E+0	-8.000000E-5	-2.920000E-5	-2.000000E-7	-1.340000E-7	-2.660000E-7	0.000000E+0	0.000000E+0	1.964247E-4	2.976042E-9	0.000000E+0	0.000000E+0	1.999959E+1	0.000000E+0	4.000000E+0
28-Apr-25	11:19:21	-1.000000E-5	1.174265E+0	-8.000000E-5	-2.945000E-5	-2.500000E-7	-4.200000E-8	-7.200000E-8	0.000000E+0	0.000000E+0	1.964247E-4	2.976042E-9	0.000000E+0	0.000000E+0	1.999959E+1	0.000000E+0	4.000000E+0
28-Apr-25	11:19:22	-1.000000E-5	1.166165E+0	-8.000000E-5	-2.940000E-5	-1.500000E-7	0.000000E+0	1.400000E-8	0.000000E+0	0.000000E+0	1.964247E-4	2.976042E-9	0.000000E+0	0.000000E+0	1.999959E+1	0.000000E+0	4.000000E+0
28-Apr-25	11:19:22	-1.000000E-5	1.157190E+0	-8.000000E-5	-2.935000E-5	-1.500000E-7	0.000000E+0	0.000000E+0	0.000000E+0	0.000000E+0	1.964247E-4	2.976042E-9	0.000000E+0	0.000000E+0	1.999959E+1	0.000000E+0	4.000000E+0
28-Apr-25	11:19:23	-1.000000E-5	1.148200E+0	-8.000000E-5	-2.935000E-5	-2.000000E-7	-3.200000E-8	-2.400000E-8	0.000000E+0	0.000000E+0	1.964247E-4	2.976042E-9	0.000000E+0	0.000000E+0	1.999959E+1	0.000000E+0	4.000000E+0
28-Apr-25	11:19:23	-1.000000E-5	1.139195E+0	-8.000000E-5	-2.915000E-5	-5.000000E-8	-4.200000E-8	-9.600000E-8	0.000000E+0	0.000000E+0	1.964247E-4	2.976042E-9	0.000000E+0	0.000000E+0	1.999959E+1	0.000000E+0	4.000000E+0
28-Apr-25	11:19:24	-1.000000E-5	1.130155E+0	-8.000000E-5	-2.920000E-5	-1.000000E-7	4.200000E-8	-2.440000E-7	0.000000E+0	0.000000E+0	1.964247E-4	2.976042E-9	0.000000E+0	0.000000E+0	1.999959E+1	0.000000E+0	4.000000E+0
28-Apr-25	11:19:24	-1.000000E-5	1.121200E+0	-8.000000E-5	-2.920000E-5	-4.000000E-7	2.380000E-7	-3.940000E-7	0.000000E+0	0.000000E+0	1.964247E-4	2.976042E-9	0.000000E+0	0.000000E+0	1.999959E+1	0.000000E+0	4.000000E+0
28-Apr-25	11:19:25	-1.000000E-5	1.111310E+0	-8.000000E-5	-2.920000E-5	-3.500000E-7	3.240000E-7	-4.220000E-7	0.000000E+0	0.000000E+0	1.964247E-4	2.976042E-9	0.000000E+0	0.000000E+0	1.999959E+1	0.000000E+0	4.000000E+0
28-Apr-25	11:19:25	-1.000000E-5	1.102210E+0	-8.000000E-5	-2.935000E-5	-2.000000E-7	2.620000E-7	-3.840000E-7	0.000000E+0	0.000000E+0	1.964247E-4	2.976042E-9	0.000000E+0	0.000000E+0	1.999959E+1	0.000000E+0	4.000000E+0
28-Apr-25	11:19:26	-1.000000E-5	1.093070E+0	-8.000000E-5	-2.930000E-5	-2.500000E-7	1.560000E-7	-2.060000E-7	0.000000E+0	0.000000E+0	1.964247E-4	2.976042E-9	0.000000E+0	0.000000E+0	1.999959E+1	0.000000E+0	4.000000E+0
28-Apr-25	11:19:26	-1.000000E-5	1.084200E+0	-8.000000E-5	-2.925000E-5	-3.500000E-7	1.200000E-7	9.800000E-8	0.000000E+0	0.000000E+0	1.964247E-4	2.976042E-9	0.000000E+0	0.000000E+0	1.999959E+1	0.000000E+0	4.000000E+0
28-Apr-25	11:19:27	-1.000000E-5	1.076115E+0	-8.000000E-5	-2.945000E-5	-4.500000E-7	1.660000E-7	2.900000E-7	0.000000E+0	0.000000E+0	1.964247E-4	2.976042E-9	0.000000E+0	0.000000E+0	1.999959E+1	0.000000E+0	4.000000E+0
28-Apr-25	11:19:27	-1.000000E-5	1.066080E+0	-8.000000E-5	-2.945000E-5	-4.500000E-7	2.240000E-7	2.600000E-7	0.000000E+0	0.000000E+0	1.964247E-4	2.976042E-9	0.000000E+0	0.000000E+0	1.999959E+1	0.000000E+0	4.000000E+0
28-Apr-25	11:19:28	-1.000000E-5	1.053505E+0	-8.000000E-5	-2.955000E-5	-5.000000E-7	1.680000E-7	1.000000E-7	0.000000E+0	0.000000E+0	1.964247E-4	2.976042E-9	0.000000E+0	0.000000E+0	1.999959E+1	0.000000E+0	4.000000E+0
28-Apr-25	11:19:29	-1.000000E-5	1.043610E+0	-8.000000E-5	-2.945000E-5	-2.000000E-7	1.480000E-7	5.200000E-8	0.000000E+0	0.000000E+0	1.964247E-4	2.976042E-9	0.000000E+0	0.000000E+0	1.999959E+1	0.000000E+0	4.000000E+0
28-Apr-25	11:19:29	-1.000000E-5	1.033725E+0	-8.000000E-5	-2.935000E-5	-3.000000E-7	1.480000E-7	0.000000E+0	0.000000E+0	0.000000E+0	1.964247E-4	2.976042E-9	0.000000E+0	0.000000E+0	1.999959E+1	0.000000E+0	4.000000E+0
28-Apr-25	11:19:30	-1.000000E-5	1.024730E+0	-8.000000E-5	-2.940000E-5	-1.500000E-7	1.320000E-7	-1.040000E-7	0.000000E+0	0.000000E+0	1.964247E-4	2.976042E-9	0.000000E+0	0.000000E+0	1.999959E+1	0.000000E+0	4.000000E+0
28-Apr-25	11:19:30	-1.000000E-5	1.015450E+0	-8.000000E-5	-2.940000E-5	-1.500000E-7	2.000000E-7	-1.680000E-7	0.000000E+0	0.000000E+0	1.964247E-4	2.976042E-9	0.000000E+0	0.000000E+0	1.999959E+1	0.000000E+0	4.000000E+0
28-Apr-25	11:19:31	-1.000000E-5	1.003800E+0	-8.000000E-5	-2.925000E-5	-2.000000E-7	3.180000E-7	-1.100000E-7	0.000000E+0	0.000000E+0	1.964247E-4	2.976042E-9	0.000000E+0	0.000000E+0	1.999959E+1	0.000000E+0	4.000000E+0
28-Apr-25	11:19:31	-1.000000E-5	9.956850E-1	-8.000000E-5	-2.945000E-5	-2.500000E-7	2.520000E-7	-7.200000E-8	0.000000E+0	0.000000E+0	1.964247E-4	2.976042E-9	0.000000E+0	0.000000E+0	1.999959E+1	0.000000E+0	4.000000E+0
28-Apr-25	11:19:32	-1.000000E-5	9.866750E-1	-8.000000E-5	-2.925000E-5	-2.000000E-7	1.260000E-7	-9.200000E-8	0.000000E+0	0.000000E+0	1.964247E-4	2.976042E-9	0.000000E+0	0.000000E+0	1.999959E+1	0.000000E+0	4.000000E+0
28-Apr-25	11:19:33	-1.000000E-5	9.740950E-1	-8.000000E-5	-2.940000E-5	-5.000000E-8	4.800000E-8	-8.600000E-8	0.000000E+0	0.000000E+0	1.964247E-4	2.976042E-9	0.000000E+0	0.000000E+0	1.999959E+1	0.000000E+0	4.000000E+0
28-Apr-25	11:19:33	-1.000000E-5	9.612250E-1	-8.000000E-5	-2.915000E-5	-5.000000E-7	7.400000E-8	1.120000E-7	0.000000E+0	0.000000E+0	1.964247E-4	2.976042E-9	0.000000E+0	0.000000E+0	1.999959E+1	0.000000E+0	4.000000E+0
28-Apr-25	11:19:34	-1.000000E-5	9.522100E-1	-8.000000E-5	-2.935000E-5	-1.500000E-7	2.600000E-8	2.140000E-7	0.000000E+0	0.000000E+0	1.964247E-4	2.976042E-9	0.000000E+0	0.000000E+0	1.999959E+1	0.000000E+0	4.000000E+0
28-Apr-25	11:19:34	-1.000000E-5	9.432050E-1	-8.000000E-5	-2.950000E-5	0.000000E+0	-9.600000E-8	1.620000E-7	0.000000E+0	0.000000E+0	1.964247E-4	2.976042E-9	0.000000E+0	0.000000E+0	1.999959E+1	0.000000E+0	4.000000E+0
28-Apr-25	11:19:35	-1.000000E-5	9.342300E-1	-8.000000E-5	-2.955000E-5	-5.000000E-8	-1.600000E-7	4.800000E-8	0.000000E+0	0.000000E+0	1.964247E-4	2.976042E-9	0.000000E+0	0.000000E+0	1.999959E+1	0.000000E+0	4.000000E+0
28-Apr-25	11:19:35	-1.000000E-5	9.255450E-1	-8.000000E-5	-2.940000E-5	-3.000000E-7	-1.260000E-7	1.800000E-8	0.000000E+0	0.000000E+0	1.964247E-4	2.976042E-9	0.000000E+0	0.000000E+0	1.999959E+1	0.000000E+0	4.000000E+0
28-Apr-25	11:19:36	-1.000000E-5	9.144750E-1	-8.000000E-5	-2.950000E-5	-6.000000E-7	-3.600000E-8	4.400000E-8	0.000000E+0	0.000000E+0	1.964247E-4	2.976042E-9	0.000000E+0	0.000000E+0	1.999959E+1	0.000000E+0	4.000000E+0
28-Apr-25	11:19:37	-1.000000E-5	8.999350E-1	-8.000000E-5	-2.960000E-5	-5.000000E-8	5.200000E-8	3.000000E-8	0.000000E+0	0.000000E+0	1.964247E-4	2.976042E-9	0.000000E+0	0.000000E+0	1.999959E+1	0.000000E+0	4.000000E+0
28-Apr-25	11:19:37	-1.000000E-5	8.871900E-1	-8.000000E-5	-2.950000E-5	-2.500000E-7	8.600000E-8	1.500000E-7	0.000000E+0	0.000000E+0	1.964247E-4	2.976042E-9	0.000000E+0	0.000000E+0	1.999959E+1	0.000000E+0	4.000000E+0
28-Apr-25	11:19:38	-1.000000E-5	8.782150E-1	-8.000000E-5	-2.945000E-5	-3.500000E-7	1.100000E-7	2.180000E-7	0.000000E+0	0.000000E+0	1.964247E-4	2.976042E-9	0.000000E+0	0.000000E+0	1.999959E+1	0.000000E+0	4.000000E+0
28-Apr-25	11:19:38	-1.000000E-5	8.692300E-1	-8.000000E-5	-2.970000E-5	-2.500000E-7	1.120000E-7	1.600000E-7	0.000000E+0	0.000000E+0	1.964247E-4	2.976042E-9	0.000000E+0	0.000000E+0	1.999959E+1	0.000000E+0	4.000000E+0
28-Apr-25	11:19:39	-1.000000E-5	8.602450E-1	-8.000000E-5	-2.955000E-5	-2.500000E-7	8.600000E-8	8.200000E-8	0.000000E+0	0.000000E+0	1.964247E-4	2.976042E-9	0.000000E+0	0.000000E+0	1.999959E+1	0.000000E+0	4.000000E+0
28-Apr-25	11:19:39	-1.000000E-5	8.512300E-1	-8.000000E-5	-2.940000E-5	-3.500000E-7	5.600000E-8	1.340000E-7	0.000000E+0	0.000000E+0	1.964247E-4	2.976042E-9	0.000000E+0	0.000000E+0	1.999959E+1	0.000000E+0	4.000000E+0
28-Apr-25	11:19:40	-1.000000E-5	8.422300E-1	-8.000000E-5	-2.965000E-5	-3.500000E-7	2.600000E-8	2.080000E-7	0.000000E+0	0.000000E+0	1.964247E-4	2.976042E-9	0.000000E+0	0.000000E+0	1.999959E+1	0.000000E+0	4.000000E+0
28-Apr-25	11:19:40	-1.000000E-5	8.332600E-1	-8.000000E-5	-2.970000E-5	-2.500000E-7	4.800000E-8	1.160000E-7	0.000000E+0	0.000000E+0	1.964247E-4	2.976042E-9	0.000000E+0	0.000000E+0	1.999959E+1	0.000000E+0	4.000000E+0
28-Apr-25	11:19:41	-1.000000E-5	8.233650E-1	-8.000000E-5	-2.970000E-5	-5.000000E-8	9.400000E-8	-4.000000E-8	0.000000E+0	0.000000E+0	1.964247E-4	2.976042E-9	0.000000E+0	0.000000E+0	1.999959E+1	0.000000E+0	4.000000E+0
28-Apr-25	11:19:41	-1.000000E-5	8.143950E-1	-8.000000E-5	-2.970000E-5	-5.000000E-8	-4.000000E-9	-4.000000E-8	0.000000E+0	0.000000E+0	1.964247E-4	2.976042E-9	0.000000E+0	0.000000E+0	1.999959E+1	0.000000E+0	4.000000E+0
28-Apr-25	11:19:42	-1.000000E-5	8.053750E-1	-8.000000E-5	-2.965000E-5	-3.500000E-7	-2.360000E-7	4.000000E-8	0.000000E+0	0.000000E+0	1.964247E-4	2.976042E-9	0.000000E+0	0.000000E+0	1.999959E+1	0.000000E+0	4.000000E+0
28-Apr-25	11:19:42	-1.000000E-5	7.963900E-1	-8.000000E-5	-2.955000E-5	-3.000000E-7	-3.120000E-7	4.000000E-8	0.000000E+0	0.000000E+0	1.964247E-4	2.976042E-9	0.000000E+0	0.000000E+0	1.999959E+1	0.000000E+0	4.000000E+0
28-Apr-25	11:19:43	-1.000000E-5	7.873850E-1	-8.000000E-5	-2.965000E-5	-1.500000E-7	-1.960000E-7	-2.000000E-8	0.000000E+0	0.000000E+0	1.964247E-4	2.976042E-9	0.000000E+0	0.000000E+0	1.999959E+1	0.000000E+0	4.000000E+0
28-Apr-25	11:19:43	-1.000000E-5	7.793000E-1	-8.000000E-5	-2.950000E-5	-5.000000E-8	-1.200000E-8	-6.600000E-8	0.000000E+0	0.000000E+0	1.964247E-4	2.976042E-9	0.000000E+0	0.000000E+0	1.999959E+1	0.000000E+0	4.000000E+0
28-Apr-25	11:19:44	-1.000000E-5	7.703200E-1	-8.000000E-5	-2.955000E-5	-2.500000E-7	7.200000E-8	-1.120000E-7	0.000000E+0	0.000000E+0	1.964247E-4	2.976042E-9	0.000000E+0	0.000000E+0	1.999959E+1	0.000000E+0	4.000000E+0
28-Apr-25	11:19:44	-1.000000E-5	7.613050E-1	-8.000000E-5	-2.975000E-5	-4.500000E-7	3.600000E-8	-2.100000E-7	0.000000E+0	0.000000E+0	1.964247E-4	2.976042E-9	0.000000E+0	0.000000E+0	1.999959E+1	0.000000E+0	4.000000E+0
28-Apr-25	11:19:45	-1.000000E-5	7.522750E-1	-8.000000E-5	-2.955000E-5	-4.000000E-7	-4.600000E-8	-2.960000E-7	0.000000E+0	0.000000E+0	1.964247E-4	2.976042E-9	0.000000E+0	0.000000E+0	1.999959E+1	0.000000E+0	4.000000E+0
28-Apr-25	11:19:45	-1.000000E-5	7.415350E-1	-8.000000E-5	-2.975000E-5	-3.500000E-7	-1.260000E-7	-2.760000E-7	0.000000E+0	0.000000E+0	1.964247E-4	2.976042E-9	0.000000E+0	0.000000E+0	1.999959E+1	0.000000E+0	4.000000E+0
28-Apr-25	11:19:46	-1.000000E-5	7.286550E-1	-8.000000E-5	-2.975000E-5	-2.000000E-7	-1.840000E-7	-1.440000E-7	0.000000E+0	0.000000E+0	1.964247E-4	2.976042E-9	0.000000E+0	0.000000E+0	1.999959E+1	0.000000E+0	4.000000E+0
28-Apr-25	11:19:47	-1.000000E-5	7.188100E-1	-8.000000E-5	-2.985000E-5	-1.500000E-7	-1.220000E-7	-3.000000E-8	0.000000E+0	0.000000E+0	1.964247E-4	2.976042E-9	0.000000E+0	0.000000E+0	1.999959E+1	0.000000E+0	4.000000E+0
28-Apr-25	11:19:47	-1.000000E-5	7.097850E-1	-8.000000E-5	-2.965000E-5	-2.500000E-7	1.000000E-8	4.400000E-8	0.000000E+0	0.000000E+0	1.964247E-4	2.976042E-9	0.000000E+0	0.000000E+0	1.999959E+1	0.000000E+0	4.000000E+0
28-Apr-25	11:19:48	-1.000000E-5	7.008050E-1	-8.000000E-5	-2.980000E-5	-3.000000E-7	8.200000E-8	4.800000E-8	0.000000E+0	0.000000E+0	1.964247E-4	2.976042E-9	0.000000E+0	0.000000E+0	1.999959E+1	0.000000E+0	4.000000E+0
28-Apr-25	11:19:48	-1.000000E-5	6.927050E-1	-8.000000E-5	-2.980000E-5	-3.000000E-7	1.200000E-8	-8.000000E-9	0.000000E+0	0.000000E+0	1.964247E-4	2.976042E-9	0.000000E+0	0.000000E+0	1.999959E+1	0.000000E+0	4.000000E+0
28-Apr-25	11:19:49	-1.000000E-5	6.837350E-1	-8.000000E-5	-2.965000E-5	-3.000000E-7	-9.200000E-8	-4.400000E-8	0.000000E+0	0.000000E+0	1.964247E-4	2.976042E-9	0.000000E+0	0.000000E+0	1.999959E+1	0.000000E+0	4.000000E+0
28-Apr-25	11:19:49	-1.000000E-5	6.747550E-1	-8.000000E-5	-2.965000E-5	-3.000000E-7	-1.420000E-7	2.200000E-8	0.000000E+0	0.000000E+0	1.964247E-4	2.976042E-9	0.000000E+0	0.000000E+0	1.999959E+1	0.000000E+0	4.000000E+0
28-Apr-25	11:19:50	-1.000000E-5	6.621300E-1	-8.000000E-5	-2.980000E-5	-4.000000E-7	-1.440000E-7	1.600000E-7	0.000000E+0	0.000000E+0	1.964247E-4	2.976042E-9	0.000000E+0	0.000000E+0	1.999959E+1	0.000000E+0	4.000000E+0
28-Apr-25	11:19:50	-1.000000E-5	6.531450E-1	-8.000000E-5	-2.970000E-5	-1.500000E-7	-1.440000E-7	9.600000E-8	0.000000E+0	0.000000E+0	1.964247E-4	2.976042E-9	0.000000E+0	0.000000E+0	1.999959E+1	0.000000E+0	4.000000E+0
28-Apr-25	11:19:51	-1.000000E-5	6.420900E-1	-8.000000E-5	-2.975000E-5	-4.500000E-7	-7.400000E-8	-6.000000E-9	0.000000E+0	0.000000E+0	1.964247E-4	2.976042E-9	0.000000E+0	0.000000E+0	1.999959E+1	0.000000E+0	4.000000E+0
28-Apr-25	11:19:51	-1.000000E-5	6.339900E-1	-8.000000E-5	-2.970000E-5	-4.000000E-7	8.000000E-9	4.000000E-8	0.000000E+0	0.000000E+0	1.964247E-4	2.976042E-9	0.000000E+0	0.000000E+0	1.999959E+1	0.000000E+0	4.000000E+0
28-Apr-25	11:19:52	-1.000000E-5	6.259250E-1	-8.000000E-5	-2.970000E-5	-3.500000E-7	1.400000E-8	8.600000E-8	0.000000E+0	0.000000E+0	1.964247E-4	2.976042E-9	0.000000E+0	0.000000E+0	1.999959E+1	0.000000E+0	4.000000E+0
28-Apr-25	11:19:52	-1.000000E-5	6.169000E-1	-8.000000E-5	-2.980000E-5	-2.500000E-7	-7.800000E-8	-7.600000E-8	0.000000E+0	0.000000E+0	1.964247E-4	2.976042E-9	0.000000E+0	0.000000E+0	1.999959E+1	0.000000E+0	4.000000E+0
28-Apr-25	11:19:53	-1.000000E-5	6.070300E-1	-8.000000E-5	-2.990000E-5	-2.000000E-7	-1.940000E-7	-3.640000E-7	0.000000E+0	0.000000E+0	1.964247E-4	2.976042E-9	0.000000E+0	0.000000E+0	1.999959E+1	0.000000E+0	4.000000E+0
28-Apr-25	11:19:53	-1.000000E-5	5.980350E-1	-8.000000E-5	-2.980000E-5	-2.500000E-7	-2.240000E-7	-4.020000E-7	0.000000E+0	0.000000E+0	1.964247E-4	2.976042E-9	0.000000E+0	0.000000E+0	1.999959E+1	0.000000E+0	4.000000E+0
28-Apr-25	11:19:54	-1.000000E-5	5.899400E-1	-8.000000E-5	-2.975000E-5	-2.500000E-7	-2.160000E-7	-2.600000E-7	0.000000E+0	0.000000E+0	1.964247E-4	2.976042E-9	0.000000E+0	0.000000E+0	1.999959E+1	0.000000E+0	4.000000E+0
28-Apr-25	11:19:54	-1.000000E-5	5.809550E-1	-8.000000E-5	-2.985000E-5	-3.500000E-7	-1.900000E-7	-1.060000E-7	0.000000E+0	0.000000E+0	1.964247E-4	2.976042E-9	0.000000E+0	0.000000E+0	1.999959E+1	0.000000E+0	4.000000E+0
28-Apr-25	11:19:55	-1.000000E-5	5.719650E-1	-8.000000E-5	-2.985000E-5	-4.000000E-7	-1.040000E-7	-3.600000E-8	0.000000E+0	0.000000E+0	1.964247E-4	2.976042E-9	0.000000E+0	0.000000E+0	1.999959E+1	0.000000E+0	4.000000E+0
28-Apr-25	11:19:55	-1.000000E-5	5.629300E-1	-8.000000E-5	-2.985000E-5	-3.500000E-7	-1.000000E-8	-4.600000E-8	0.000000E+0	0.000000E+0	1.964247E-4	2.976042E-9	0.000000E+0	0.000000E+0	1.999959E+1	0.000000E+0	4.000000E+0
28-Apr-25	11:19:56	-1.000000E-5	5.539900E-1	-8.000000E-5	-2.980000E-5	-2.500000E-7	-8.000000E-9	-7.600000E-8	0.000000E+0	0.000000E+0	1.964247E-4	2.976042E-9	0.000000E+0	0.000000E+0	1.999959E+1	0.000000E+0	4.000000E+0
28-Apr-25	11:19:56	-1.000000E-5	5.449800E-1	-8.000000E-5	-2.990000E-5	-4.500000E-7	-3.400000E-8	-1.000000E-7	0.000000E+0	0.000000E+0	1.964247E-4	2.976042E-9	0.000000E+0	0.000000E+0	1.999959E+1	0.000000E+0	4.000000E+0
28-Apr-25	11:19:57	-1.000000E-5	5.351400E-1	-8.000000E-5	-2.975000E-5	-2.500000E-7	2.200000E-8	-1.300000E-7	0.000000E+0	0.000000E+0	1.964247E-4	2.976042E-9	0.000000E+0	0.000000E+0	1.999959E+1	0.000000E+0	4.000000E+0
28-Apr-25	11:19:57	-1.000000E-5	5.261350E-1	-8.000000E-5	-2.975000E-5	-2.000000E-7	7.800000E-8	-1.480000E-7	0.000000E+0	0.000000E+0	1.964247E-4	2.976042E-9	0.000000E+0	0.000000E+0	1.999959E+1	0.000000E+0	4.000000E+0
28-Apr-25	11:19:58	-1.000000E-5	5.171300E-1	-8.000000E-5	-3.005000E-5	-2.000000E-7	7.200000E-8	-1.640000E-7	0.000000E+0	0.000000E+0	1.964247E-4	2.976042E-9	0.000000E+0	0.000000E+0	1.999959E+1	0.000000E+0	4.000000E+0
28-Apr-25	11:19:59	-1.000000E-5	5.051550E-1	-8.000000E-5	-3.000000E-5	-3.500000E-7	4.400000E-8	-1.860000E-7	0.000000E+0	0.000000E+0	1.964247E-4	2.976042E-9	0.000000E+0	0.000000E+0	1.999959E+1	0.000000E+0	4.000000E+0
28-Apr-25	11:19:59	-1.000000E-5	4.952800E-1	-8.000000E-5	-2.990000E-5	-3.500000E-7	-1.200000E-8	-1.100000E-7	0.000000E+0	0.000000E+0	1.964247E-4	2.976042E-9	0.000000E+0	0.000000E+0	1.999959E+1	0.000000E+0	4.000000E+0
28-Apr-25	11:20:00	-1.000000E-5	4.862850E-1	-8.000000E-5	-2.980000E-5	-2.000000E-7	-1.500000E-7	-1.000000E-8	0.000000E+0	0.000000E+0	1.964247E-4	2.976042E-9	0.000000E+0	0.000000E+0	1.999959E+1	0.000000E+0	4.000000E+0
28-Apr-25	11:20:00	-1.000000E-5	4.763850E-1	-8.000000E-5	-3.005000E-5	-3.000000E-7	-2.420000E-7	-5.400000E-8	0.000000E+0	0.000000E+0	1.964247E-4	2.976042E-9	0.000000E+0	0.000000E+0	1.999959E+1	0.000000E+0	4.000000E+0
28-Apr-25	11:20:01	-1.000000E-5	4.673750E-1	-8.000000E-5	-2.995000E-5	-3.000000E-7	-2.640000E-7	-1.560000E-7	0.000000E+0	0.000000E+0	1.964247E-4	2.976042E-9	0.000000E+0	0.000000E+0	1.999959E+1	0.000000E+0	4.000000E+0
28-Apr-25	11:20:01	-1.000000E-5	4.593250E-1	-8.000000E-5	-2.985000E-5	-1.500000E-7	-2.000000E-7	-1.480000E-7	0.000000E+0	0.000000E+0	1.964247E-4	2.976042E-9	0.000000E+0	0.000000E+0	1.999959E+1	0.000000E+0	4.000000E+0
28-Apr-25	11:20:02	-1.000000E-5	4.503250E-1	-8.000000E-5	-2.995000E-5	0.000000E+0	-4.800000E-8	-2.600000E-8	0.000000E+0	0.000000E+0	1.964247E-4	2.976042E-9	0.000000E+0	0.000000E+0	1.999959E+1	0.000000E+0	4.000000E+0
28-Apr-25	11:20:02	-1.000000E-5	4.413450E-1	-8.000000E-5	-2.985000E-5	-2.000000E-7	9.000000E-8	9.600000E-8	0.000000E+0	0.000000E+0	1.964247E-4	2.976042E-9	0.000000E+0	0.000000E+0	1.999959E+1	0.000000E+0	4.000000E+0
28-Apr-25	11:20:03	-1.000000E-5	4.323450E-1	-8.000000E-5	-2.990000E-5	-2.500000E-7	6.600000E-8	1.040000E-7	0.000000E+0	0.000000E+0	1.964247E-4	2.976042E-9	0.000000E+0	0.000000E+0	1.999959E+1	0.000000E+0	4.000000E+0
28-Apr-25	11:20:03	-1.000000E-5	4.233450E-1	-8.000000E-5	-2.985000E-5	-2.500000E-7	-3.600000E-8	-1.000000E-8	0.000000E+0	0.000000E+0	1.964247E-4	2.976042E-9	0.000000E+0	0.000000E+0	1.999959E+1	0.000000E+0	4.000000E+0
28-Apr-25	11:20:04	-1.000000E-5	4.095650E-1	-8.000000E-5	-3.000000E-5	-2.500000E-7	-4.200000E-8	-1.180000E-7	0.000000E+0	0.000000E+0	1.964247E-4	2.976042E-9	0.000000E+0	0.000000E+0	1.999959E+1	0.000000E+0	4.000000E+0
28-Apr-25	11:20:04	-1.000000E-5	3.996700E-1	-8.000000E-5	-3.015000E-5	-4.500000E-7	-6.000000E-8	-1.220000E-7	0.000000E+0	0.000000E+0	1.964247E-4	2.976042E-9	0.000000E+0	0.000000E+0	1.999959E+1	0.000000E+0	4.000000E+0
28-Apr-25	11:20:05	-1.000000E-5	3.915600E-1	-8.000000E-5	-3.010000E-5	-2.500000E-7	-8.800000E-8	-1.340000E-7	0.000000E+0	0.000000E+0	1.964247E-4	2.976042E-9	0.000000E+0	0.000000E+0	1.999959E+1	0.000000E+0	4.000000E+0
28-Apr-25	11:20:05	-1.000000E-5	3.807400E-1	-8.000000E-5	-3.020000E-5	-2.000000E-7	-7.400000E-8	-8.600000E-8	0.000000E+0	0.000000E+0	1.964247E-4	2.976042E-9	0.000000E+0	0.000000E+0	1.999959E+1	0.000000E+0	4.000000E+0
28-Apr-25	11:20:06	-1.000000E-5	3.717400E-1	-8.000000E-5	-3.020000E-5	-1.000000E-7	-6.000000E-8	6.800000E-8	0.000000E+0	0.000000E+0	1.964247E-4	2.976042E-9	0.000000E+0	0.000000E+0	1.999959E+1	0.000000E+0	4.000000E+0
28-Apr-25	11:20:06	-1.000000E-5	3.618600E-1	-8.000000E-5	-3.000000E-5	-1.500000E-7	-9.000000E-8	2.720000E-7	0.000000E+0	0.000000E+0	1.964247E-4	2.976042E-9	0.000000E+0	0.000000E+0	1.999959E+1	0.000000E+0	4.000000E+0
28-Apr-25	11:20:07	-1.000000E-5	3.529050E-1	-8.000000E-5	-2.995000E-5	-5.000000E-8	-7.200000E-8	3.380000E-7	0.000000E+0	0.000000E+0	1.964247E-4	2.976042E-9	0.000000E+0	0.000000E+0	1.999959E+1	0.000000E+0	4.000000E+0
28-Apr-25	11:20:08	-1.000000E-5	3.439300E-1	-8.000000E-5	-3.030000E-5	-1.500000E-7	2.200000E-8	2.460000E-7	0.000000E+0	0.000000E+0	1.964247E-4	2.976042E-9	0.000000E+0	0.000000E+0	1.999959E+1	0.000000E+0	4.000000E+0
28-Apr-25	11:20:08	-1.000000E-5	3.340350E-1	-8.000000E-5	-3.015000E-5	-3.500000E-7	9.800000E-8	7.600000E-8	0.000000E+0	0.000000E+0	1.964247E-4	2.976042E-9	0.000000E+0	0.000000E+0	1.999959E+1	0.000000E+0	4.000000E+0
28-Apr-25	11:20:08	-1.000000E-5	3.259300E-1	-8.000000E-5	-3.020000E-5	-2.000000E-7	8.200000E-8	1.600000E-8	0.000000E+0	0.000000E+0	1.964247E-4	2.976042E-9	0.000000E+0	0.000000E+0	1.999959E+1	0.000000E+0	4.000000E+0
28-Apr-25	11:20:09	-1.000000E-5	3.169700E-1	-8.000000E-5	-3.030000E-5	-1.500000E-7	8.400000E-8	0.000000E+0	0.000000E+0	0.000000E+0	1.964247E-4	2.976042E-9	0.000000E+0	0.000000E+0	1.999959E+1	0.000000E+0	4.000000E+0
28-Apr-25	11:20:09	-1.000000E-5	3.088600E-1	-8.000000E-5	-3.035000E-5	-1.500000E-7	1.120000E-7	-5.000000E-8	0.000000E+0	0.000000E+0	1.964247E-4	2.976042E-9	0.000000E+0	0.000000E+0	1.999959E+1	0.000000E+0	4.000000E+0
28-Apr-25	11:20:10	-1.000000E-5	2.999100E-1	-8.000000E-5	-3.025000E-5	-2.000000E-7	1.200000E-7	-1.040000E-7	0.000000E+0	0.000000E+0	1.964247E-4	2.976042E-9	0.000000E+0	0.000000E+0	1.999959E+1	0.000000E+0	4.000000E+0
28-Apr-25	11:20:10	-1.000000E-5	2.908800E-1	-8.000000E-5	-3.035000E-5	-2.500000E-7	1.280000E-7	-7.800000E-8	0.000000E+0	0.000000E+0	1.964247E-4	2.976042E-9	0.000000E+0	0.000000E+0	1.999959E+1	0.000000E+0	4.000000E+0
28-Apr-25	11:20:11	-1.000000E-5	2.790250E-1	-8.000000E-5	-3.035000E-5	-2.500000E-7	1.200000E-7	1.000000E-7	0.000000E+0	0.000000E+0	1.964247E-4	2.976042E-9	0.000000E+0	0.000000E+0	1.999959E+1	0.000000E+0	4.000000E+0
28-Apr-25	11:20:12	-1.000000E-5	2.690150E-1	-8.000000E-5	-3.035000E-5	-2.000000E-7	6.000000E-9	1.880000E-7	0.000000E+0	0.000000E+0	1.964247E-4	2.976042E-9	0.000000E+0	0.000000E+0	1.999959E+1	0.000000E+0	4.000000E+0
28-Apr-25	11:20:12	-1.000000E-5	2.600300E-1	-8.000000E-5	-3.020000E-5	-3.000000E-7	-1.260000E-7	1.760000E-7	0.000000E+0	0.000000E+0	1.964247E-4	2.976042E-9	0.000000E+0	0.000000E+0	1.999959E+1	0.000000E+0	4.000000E+0
28-Apr-25	11:20:13	-1.000000E-5	2.510600E-1	-8.000000E-5	-3.025000E-5	-3.500000E-7	-1.340000E-7	1.000000E-7	0.000000E+0	0.000000E+0	1.964247E-4	2.976042E-9	0.000000E+0	0.000000E+0	1.999959E+1	0.000000E+0	4.000000E+0
28-Apr-25	11:20:13	-1.000000E-5	2.420700E-1	-8.000000E-5	-3.040000E-5	-2.500000E-7	0.000000E+0	4.200000E-8	0.000000E+0	0.000000E+0	1.964247E-4	2.976042E-9	0.000000E+0	0.000000E+0	1.999959E+1	0.000000E+0	4.000000E+0
28-Apr-25	11:20:14	-1.000000E-5	2.330450E-1	-8.000000E-5	-3.040000E-5	-2.000000E-7	1.500000E-7	3.000000E-8	0.000000E+0	0.000000E+0	1.964247E-4	2.976042E-9	0.000000E+0	0.000000E+0	1.999959E+1	0.000000E+0	4.000000E+0
28-Apr-25	11:20:14	-1.000000E-5	2.213550E-1	-8.000000E-5	-3.030000E-5	-4.000000E-7	2.180000E-7	-2.000000E-9	0.000000E+0	0.000000E+0	1.964247E-4	2.976042E-9	0.000000E+0	0.000000E+0	1.999959E+1	0.000000E+0	4.000000E+0
28-Apr-25	11:20:15	-1.000000E-5	2.114700E-1	-8.000000E-5	-3.025000E-5	-2.000000E-7	1.560000E-7	-7.800000E-8	0.000000E+0	0.000000E+0	1.964247E-4	2.976042E-9	0.000000E+0	0.000000E+0	1.999959E+1	0.000000E+0	4.000000E+0
28-Apr-25	11:20:15	-1.000000E-5	2.024800E-1	-8.000000E-5	-3.030000E-5	-3.500000E-7	5.600000E-8	-9.400000E-8	0.000000E+0	0.000000E+0	1.964247E-4	2.976042E-9	0.000000E+0	0.000000E+0	1.999959E+1	0.000000E+0	4.000000E+0
28-Apr-25	11:20:16	-1.000000E-5	1.934700E-1	-8.000000E-5	-3.060000E-5	-4.000000E-7	-5.400000E-8	-8.000000E-9	0.000000E+0	0.000000E+0	1.964247E-4	2.976042E-9	0.000000E+0	0.000000E+0	1.999959E+1	0.000000E+0	4.000000E+0
28-Apr-25	11:20:16	-1.000000E-5	1.844500E-1	-8.000000E-5	-3.045000E-5	-3.000000E-7	-1.460000E-7	7.400000E-8	0.000000E+0	0.000000E+0	1.964247E-4	2.976042E-9	0.000000E+0	0.000000E+0	1.999959E+1	0.000000E+0	4.000000E+0
28-Apr-25	11:20:17	-1.000000E-5	1.746150E-1	-8.000000E-5	-3.035000E-5	-2.500000E-7	-2.160000E-7	6.800000E-8	0.000000E+0	0.000000E+0	1.964247E-4	2.976042E-9	0.000000E+0	0.000000E+0	1.999959E+1	0.000000E+0	4.000000E+0
28-Apr-25	11:20:18	-1.000000E-5	1.645850E-1	-8.000000E-5	-3.040000E-5	-3.000000E-7	-2.340000E-7	-3.600000E-8	0.000000E+0	0.000000E+0	1.964247E-4	2.976042E-9	0.000000E+0	0.000000E+0	1.999959E+1	0.000000E+0	4.000000E+0
28-Apr-25	11:20:18	-1.000000E-5	1.545650E-1	-8.000000E-5	-3.035000E-5	-3.000000E-7	-1.940000E-7	-9.000000E-8	0.000000E+0	0.000000E+0	1.964247E-4	2.976042E-9	0.000000E+0	0.000000E+0	1.999959E+1	0.000000E+0	4.000000E+0
28-Apr-25	11:20:18	-1.000000E-5	1.464700E-1	-8.000000E-5	-3.045000E-5	-2.500000E-7	-2.060000E-7	-5.200000E-8	0.000000E+0	0.000000E+0	1.964247E-4	2.976042E-9	0.000000E+0	0.000000E+0	1.999959E+1	0.000000E+0	4.000000E+0
28-Apr-25	11:20:19	-1.000000E-5	1.374350E-1	-8.000000E-5	-3.035000E-5	-2.500000E-7	-2.860000E-7	7.800000E-8	0.000000E+0	0.000000E+0	1.964247E-4	2.976042E-9	0.000000E+0	0.000000E+0	1.999959E+1	0.000000E+0	4.000000E+0
28-Apr-25	11:20:19	-1.000000E-5	1.293850E-1	-8.000000E-5	-3.045000E-5	-3.000000E-7	-3.040000E-7	1.920000E-7	0.000000E+0	0.000000E+0	1.964247E-4	2.976042E-9	0.000000E+0	0.000000E+0	1.999959E+1	0.000000E+0	4.000000E+0
28-Apr-25	11:20:20	-1.000000E-5	1.203800E-1	-8.000000E-5	-3.050000E-5	-2.500000E-7	-1.960000E-7	1.940000E-7	0.000000E+0	0.000000E+0	1.964247E-4	2.976042E-9	0.000000E+0	0.000000E+0	1.999959E+1	0.000000E+0	4.000000E+0
28-Apr-25	11:20:20	-1.000000E-5	1.105100E-1	-8.000000E-5	-3.045000E-5	-1.500000E-7	-1.160000E-7	7.600000E-8	0.000000E+0	0.000000E+0	1.964247E-4	2.976042E-9	0.000000E+0	0.000000E+0	1.999959E+1	0.000000E+0	4.000000E+0
28-Apr-25	11:20:21	-1.000000E-5	1.015000E-1	-8.000000E-5	-3.040000E-5	-3.000000E-7	-1.460000E-7	-7.000000E-8	0.000000E+0	0.000000E+0	1.964247E-4	2.976042E-9	0.000000E+0	0.000000E+0	1.999959E+1	0.000000E+0	4.000000E+0
28-Apr-25	11:20:22	-1.000000E-5	9.248500E-2	-8.000000E-5	-3.040000E-5	-4.000000E-7	-2.180000E-7	-1.700000E-7	0.000000E+0	0.000000E+0	1.964247E-4	2.976042E-9	0.000000E+0	0.000000E+0	1.999959E+1	0.000000E+0	4.000000E+0
28-Apr-25	11:20:22	-1.000000E-5	8.262000E-2	-8.000000E-5	-3.050000E-5	-2.500000E-7	-2.540000E-7	-1.860000E-7	0.000000E+0	0.000000E+0	1.964247E-4	2.976042E-9	0.000000E+0	0.000000E+0	1.999959E+1	0.000000E+0	4.000000E+0
28-Apr-25	11:20:22	-1.000000E-5	7.452500E-2	-8.000000E-5	-3.040000E-5	-2.500000E-7	-2.480000E-7	-2.060000E-7	0.000000E+0	0.000000E+0	1.964247E-4	2.976042E-9	0.000000E+0	0.000000E+0	1.999959E+1	0.000000E+0	4.000000E+0
28-Apr-25	11:20:23	-1.000000E-5	6.180000E-2	-8.000000E-5	-3.045000E-5	-3.500000E-7	-1.900000E-7	-2.880000E-7	0.000000E+0	0.000000E+0	1.964247E-4	2.976042E-9	0.000000E+0	0.000000E+0	1.999959E+1	0.000000E+0	4.000000E+0
28-Apr-25	11:20:24	-1.000000E-5	4.814000E-2	-8.000000E-5	-3.045000E-5	-3.000000E-7	-6.600000E-8	-2.800000E-7	0.000000E+0	0.000000E+0	1.964247E-4	2.976042E-9	0.000000E+0	0.000000E+0	1.999959E+1	0.000000E+0	4.000000E+0
28-Apr-25	11:20:25	-1.000000E-5	3.825000E-2	-8.000000E-5	-3.045000E-5	-3.000000E-7	-3.600000E-8	-1.980000E-7	0.000000E+0	0.000000E+0	1.964247E-4	2.976042E-9	0.000000E+0	0.000000E+0	1.999959E+1	0.000000E+0	4.000000E+0
28-Apr-25	11:20:25	-1.000000E-5	2.925500E-2	-8.000000E-5	-3.065000E-5	-3.000000E-7	-6.200000E-8	-1.520000E-7	0.000000E+0	0.000000E+0	1.964247E-4	2.976042E-9	0.000000E+0	0.000000E+0	1.999959E+1	0.000000E+0	4.000000E+0
28-Apr-25	11:20:26	-1.000000E-5	1.906000E-2	-8.000000E-5	-3.050000E-5	-2.500000E-7	-1.160000E-7	-2.200000E-7	0.000000E+0	0.000000E+0	1.964247E-4	2.976042E-9	0.000000E+0	0.000000E+0	1.999959E+1	0.000000E+0	4.000000E+0
28-Apr-25	11:20:26	-1.000000E-5	1.097500E-2	-8.000000E-5	-3.050000E-5	-2.500000E-7	-1.460000E-7	-2.740000E-7	0.000000E+0	0.000000E+0	1.964247E-4	2.976042E-9	0.000000E+0	0.000000E+0	1.999959E+1	0.000000E+0	4.000000E+0
28-Apr-25	11:20:26	-1.000000E-5	1.930000E-3	-8.000000E-5	-3.070000E-5	-5.000000E-8	-1.660000E-7	-2.320000E-7	0.000000E+0	0.000000E+0	1.964247E-4	2.976042E-9	0.000000E+0	0.000000E+0	1.999959E+1	0.000000E+0	4.000000E+0
28-Apr-25	11:20:27	-1.000000E-5	-6.030000E-3	-8.000000E-5	-3.055000E-5	-1.500000E-7	-2.120000E-7	-1.500000E-7	0.000000E+0	0.000000E+0	1.964247E-4	2.976042E-9	0.000000E+0	0.000000E+0	1.999959E+1	0.000000E+0	4.000000E+0
28-Apr-25	11:20:27	-1.000000E-5	-1.500000E-2	-8.000000E-5	-3.060000E-5	-1.000000E-7	-2.640000E-7	-1.060000E-7	0.000000E+0	0.000000E+0	1.964247E-4	2.976042E-9	0.000000E+0	0.000000E+0	1.999959E+1	0.000000E+0	4.000000E+0
28-Apr-25	11:20:28	-1.000000E-5	-2.306000E-2	-8.000000E-5	-3.040000E-5	-1.000000E-7	-2.480000E-7	-9.800000E-8	0.000000E+0	0.000000E+0	1.964247E-4	2.976042E-9	0.000000E+0	0.000000E+0	1.999959E+1	0.000000E+0	4.000000E+0
28-Apr-25	11:20:28	-1.000000E-5	-3.202000E-2	-8.000000E-5	-3.040000E-5	-3.000000E-7	-1.360000E-7	-1.180000E-7	0.000000E+0	0.000000E+0	1.964247E-4	2.976042E-9	0.000000E+0	0.000000E+0	1.999959E+1	0.000000E+0	4.000000E+0
28-Apr-25	11:20:29	-1.000000E-5	-4.102000E-2	-8.000000E-5	-3.045000E-5	-2.500000E-7	2.600000E-8	-1.880000E-7	0.000000E+0	0.000000E+0	1.964247E-4	2.976042E-9	0.000000E+0	0.000000E+0	1.999959E+1	0.000000E+0	4.000000E+0
28-Apr-25	11:20:30	-1.000000E-5	-5.361500E-2	-8.000000E-5	-3.065000E-5	-1.500000E-7	2.520000E-7	-2.760000E-7	0.000000E+0	0.000000E+0	1.964247E-4	2.976042E-9	0.000000E+0	0.000000E+0	1.999959E+1	0.000000E+0	4.000000E+0
28-Apr-25	11:20:30	-1.000000E-5	-6.350500E-2	-8.000000E-5	-3.070000E-5	-1.500000E-7	3.200000E-7	-1.760000E-7	0.000000E+0	0.000000E+0	1.964247E-4	2.976042E-9	0.000000E+0	0.000000E+0	1.999959E+1	0.000000E+0	4.000000E+0
28-Apr-25	11:20:31	-1.000000E-5	-7.247000E-2	-8.000000E-5	-3.060000E-5	-2.000000E-7	3.240000E-7	0.000000E+0	0.000000E+0	0.000000E+0	1.964247E-4	2.976042E-9	0.000000E+0	0.000000E+0	1.999959E+1	0.000000E+0	4.000000E+0
28-Apr-25	11:20:31	-1.000000E-5	-8.160500E-2	-8.000000E-5	-3.055000E-5	-3.500000E-7	2.480000E-7	1.040000E-7	0.000000E+0	0.000000E+0	1.964247E-4	2.976042E-9	0.000000E+0	0.000000E+0	1.999959E+1	0.000000E+0	4.000000E+0
28-Apr-25	11:20:32	-1.000000E-5	-9.076500E-2	-8.000000E-5	-3.075000E-5	-2.500000E-7	1.320000E-7	7.200000E-8	0.000000E+0	0.000000E+0	1.964247E-4	2.976042E-9	0.000000E+0	0.000000E+0	1.999959E+1	0.000000E+0	4.000000E+0
28-Apr-25	11:20:32	-1.000000E-5	-9.977000E-2	-8.000000E-5	-3.070000E-5	-2.500000E-7	3.000000E-8	-2.000000E-8	0.000000E+0	0.000000E+0	1.964247E-4	2.976042E-9	0.000000E+0	0.000000E+0	1.999959E+1	0.000000E+0	4.000000E+0
28-Apr-25	11:20:33	-1.000000E-5	-1.087250E-1	-8.000000E-5	-3.070000E-5	-4.000000E-7	4.600000E-8	-6.600000E-8	0.000000E+0	0.000000E+0	1.964247E-4	2.976042E-9	0.000000E+0	0.000000E+0	1.999959E+1	0.000000E+0	4.000000E+0
28-Apr-25	11:20:33	-1.000000E-5	-1.177100E-1	-8.000000E-5	-3.050000E-5	-3.000000E-7	1.460000E-7	-3.800000E-8	0.000000E+0	0.000000E+0	1.964247E-4	2.976042E-9	0.000000E+0	0.000000E+0	1.999959E+1	0.000000E+0	4.000000E+0
28-Apr-25	11:20:34	-1.000000E-5	-1.257800E-1	-8.000000E-5	-3.065000E-5	-1.000000E-7	1.900000E-7	-6.200000E-8	0.000000E+0	0.000000E+0	1.964247E-4	2.976042E-9	0.000000E+0	0.000000E+0	1.999959E+1	0.000000E+0	4.000000E+0
28-Apr-25	11:20:34	-1.000000E-5	-1.344850E-1	-8.000000E-5	-3.075000E-5	-2.000000E-7	1.760000E-7	-1.380000E-7	0.000000E+0	0.000000E+0	1.964247E-4	2.976042E-9	0.000000E+0	0.000000E+0	1.999959E+1	0.000000E+0	4.000000E+0
28-Apr-25	11:20:35	-1.000000E-5	-1.434850E-1	-8.000000E-5	-3.070000E-5	-2.000000E-7	1.740000E-7	-1.060000E-7	0.000000E+0	0.000000E+0	1.964247E-4	2.976042E-9	0.000000E+0	0.000000E+0	1.999959E+1	0.000000E+0	4.000000E+0
28-Apr-25	11:20:35	-1.000000E-5	-1.526350E-1	-8.000000E-5	-3.060000E-5	-3.500000E-7	1.660000E-7	3.600000E-8	0.000000E+0	0.000000E+0	1.964247E-4	2.976042E-9	0.000000E+0	0.000000E+0	1.999959E+1	0.000000E+0	4.000000E+0
28-Apr-25	11:20:36	-1.000000E-5	-1.626750E-1	-8.000000E-5	-3.070000E-5	-3.000000E-7	1.380000E-7	1.260000E-7	0.000000E+0	0.000000E+0	1.964247E-4	2.976042E-9	0.000000E+0	0.000000E+0	1.999959E+1	0.000000E+0	4.000000E+0
28-Apr-25	11:20:36	-1.000000E-5	-1.716400E-1	-8.000000E-5	-3.080000E-5	-2.000000E-7	1.320000E-7	6.400000E-8	0.000000E+0	0.000000E+0	1.964247E-4	2.976042E-9	0.000000E+0	0.000000E+0	1.999959E+1	0.000000E+0	4.000000E+0
28-Apr-25	11:20:37	-1.000000E-5	-1.815650E-1	-8.000000E-5	-3.085000E-5	-3.500000E-7	1.200000E-7	-7.000000E-8	0.000000E+0	0.000000E+0	1.964247E-4	2.976042E-9	0.000000E+0	0.000000E+0	1.999959E+1	0.000000E+0	4.000000E+0
28-Apr-25	11:20:37	-1.000000E-5	-1.914650E-1	-8.000000E-5	-3.075000E-5	-3.500000E-7	3.400000E-8	-6.800000E-8	0.000000E+0	0.000000E+0	1.964247E-4	2.976042E-9	0.000000E+0	0.000000E+0	1.999959E+1	0.000000E+0	4.000000E+0
28-Apr-25	11:20:38	-1.000000E-5	-2.004300E-1	-8.000000E-5	-3.070000E-5	-2.500000E-7	-1.000000E-7	6.000000E-8	0.000000E+0	0.000000E+0	1.964247E-4	2.976042E-9	0.000000E+0	0.000000E+0	1.999959E+1	0.000000E+0	4.000000E+0
28-Apr-25	11:20:38	-1.000000E-5	-2.094150E-1	-8.000000E-5	-3.075000E-5	-3.000000E-7	-2.460000E-7	1.480000E-7	0.000000E+0	0.000000E+0	1.964247E-4	2.976042E-9	0.000000E+0	0.000000E+0	1.999959E+1	0.000000E+0	4.000000E+0
28-Apr-25	11:20:39	-1.000000E-5	-2.174950E-1	-8.000000E-5	-3.065000E-5	-3.500000E-7	-2.940000E-7	6.400000E-8	0.000000E+0	0.000000E+0	1.964247E-4	2.976042E-9	0.000000E+0	0.000000E+0	1.999959E+1	0.000000E+0	4.000000E+0
28-Apr-25	11:20:39	-1.000000E-5	-2.264600E-1	-8.000000E-5	-3.055000E-5	-2.000000E-7	-2.160000E-7	-5.600000E-8	0.000000E+0	0.000000E+0	1.964247E-4	2.976042E-9	0.000000E+0	0.000000E+0	1.999959E+1	0.000000E+0	4.000000E+0
28-Apr-25	11:20:40	-1.000000E-5	-2.354800E-1	-8.000000E-5	-3.065000E-5	-3.000000E-7	-7.000000E-8	-7.400000E-8	0.000000E+0	0.000000E+0	1.964247E-4	2.976042E-9	0.000000E+0	0.000000E+0	1.999959E+1	0.000000E+0	4.000000E+0
28-Apr-25	11:20:40	-1.000000E-5	-2.444450E-1	-8.000000E-5	-3.075000E-5	0.000000E+0	0.000000E+0	-4.600000E-8	0.000000E+0	0.000000E+0	1.964247E-4	2.976042E-9	0.000000E+0	0.000000E+0	1.999959E+1	0.000000E+0	4.000000E+0
28-Apr-25	11:20:41	-1.000000E-5	-2.534350E-1	-8.000000E-5	-3.080000E-5	-1.500000E-7	-7.000000E-8	-8.400000E-8	0.000000E+0	0.000000E+0	1.964247E-4	2.976042E-9	0.000000E+0	0.000000E+0	1.999959E+1	0.000000E+0	4.000000E+0
28-Apr-25	11:20:41	-1.000000E-5	-2.615350E-1	-8.000000E-5	-3.070000E-5	-3.500000E-7	-2.400000E-7	-1.440000E-7	0.000000E+0	0.000000E+0	1.964247E-4	2.976042E-9	0.000000E+0	0.000000E+0	1.999959E+1	0.000000E+0	4.000000E+0
28-Apr-25	11:20:42	-1.000000E-5	-2.696350E-1	-8.000000E-5	-3.080000E-5	-3.500000E-7	-4.200000E-7	-1.420000E-7	0.000000E+0	0.000000E+0	1.964247E-4	2.976042E-9	0.000000E+0	0.000000E+0	1.999959E+1	0.000000E+0	4.000000E+0
28-Apr-25	11:20:42	-1.000000E-5	-2.786350E-1	-8.000000E-5	-3.095000E-5	-2.500000E-7	-4.440000E-7	-5.400000E-8	0.000000E+0	0.000000E+0	1.964247E-4	2.976042E-9	0.000000E+0	0.000000E+0	1.999959E+1	0.000000E+0	4.000000E+0
28-Apr-25	11:20:43	-1.000000E-5	-2.876550E-1	-8.000000E-5	-3.070000E-5	-2.000000E-7	-2.420000E-7	2.000000E-9	0.000000E+0	0.000000E+0	1.964247E-4	2.976042E-9	0.000000E+0	0.000000E+0	1.999959E+1	0.000000E+0	4.000000E+0
28-Apr-25	11:20:43	-1.000000E-5	-2.966000E-1	-8.000000E-5	-3.080000E-5	-3.000000E-7	-2.200000E-8	1.600000E-8	0.000000E+0	0.000000E+0	1.964247E-4	2.976042E-9	0.000000E+0	0.000000E+0	1.999959E+1	0.000000E+0	4.000000E+0
28-Apr-25	11:20:44	-1.000000E-5	-3.057350E-1	-8.000000E-5	-3.100000E-5	-2.500000E-7	-1.000000E-8	1.960000E-7	0.000000E+0	0.000000E+0	1.964247E-4	2.976042E-9	0.000000E+0	0.000000E+0	1.999959E+1	0.000000E+0	4.000000E+0
28-Apr-25	11:20:44	-1.000000E-5	-3.165150E-1	-8.000000E-5	-3.090000E-5	-2.500000E-7	-4.200000E-8	4.080000E-7	0.000000E+0	0.000000E+0	1.964247E-4	2.976042E-9	0.000000E+0	0.000000E+0	1.999959E+1	0.000000E+0	4.000000E+0
28-Apr-25	11:20:45	-1.000000E-5	-3.256600E-1	-8.000000E-5	-3.095000E-5	-3.000000E-7	-2.200000E-8	4.080000E-7	0.000000E+0	0.000000E+0	1.964247E-4	2.976042E-9	0.000000E+0	0.000000E+0	1.999959E+1	0.000000E+0	4.000000E+0
28-Apr-25	11:20:45	-1.000000E-5	-3.337700E-1	-8.000000E-5	-3.090000E-5	-3.000000E-7	1.600000E-8	2.160000E-7	0.000000E+0	0.000000E+0	1.964247E-4	2.976042E-9	0.000000E+0	0.000000E+0	1.999959E+1	0.000000E+0	4.000000E+0
28-Apr-25	11:20:46	-1.000000E-5	-3.418550E-1	-8.000000E-5	-3.085000E-5	-2.500000E-7	8.200000E-8	4.400000E-8	0.000000E+0	0.000000E+0	1.964247E-4	2.976042E-9	0.000000E+0	0.000000E+0	1.999959E+1	0.000000E+0	4.000000E+0
28-Apr-25	11:20:46	-1.000000E-5	-3.508550E-1	-8.000000E-5	-3.095000E-5	-2.000000E-7	1.480000E-7	2.400000E-8	0.000000E+0	0.000000E+0	1.964247E-4	2.976042E-9	0.000000E+0	0.000000E+0	1.999959E+1	0.000000E+0	4.000000E+0
28-Apr-25	11:20:47	-1.000000E-5	-3.598200E-1	-8.000000E-5	-3.095000E-5	-2.500000E-7	1.200000E-7	7.000000E-8	0.000000E+0	0.000000E+0	1.964247E-4	2.976042E-9	0.000000E+0	0.000000E+0	1.999959E+1	0.000000E+0	4.000000E+0
28-Apr-25	11:20:47	-1.000000E-5	-3.688250E-1	-8.000000E-5	-3.095000E-5	-1.500000E-7	-1.600000E-8	7.400000E-8	0.000000E+0	0.000000E+0	1.964247E-4	2.976042E-9	0.000000E+0	0.000000E+0	1.999959E+1	0.000000E+0	4.000000E+0
28-Apr-25	11:20:48	-1.000000E-5	-3.769700E-1	-8.000000E-5	-3.105000E-5	-1.000000E-7	-1.360000E-7	3.400000E-8	0.000000E+0	0.000000E+0	1.964247E-4	2.976042E-9	0.000000E+0	0.000000E+0	1.999959E+1	0.000000E+0	4.000000E+0
28-Apr-25	11:20:48	-1.000000E-5	-3.850550E-1	-8.000000E-5	-3.115000E-5	-3.000000E-7	-1.600000E-7	4.000000E-9	0.000000E+0	0.000000E+0	1.964247E-4	2.976042E-9	0.000000E+0	0.000000E+0	1.999959E+1	0.000000E+0	4.000000E+0
28-Apr-25	11:20:49	-1.000000E-5	-3.940250E-1	-8.000000E-5	-3.115000E-5	-2.000000E-7	-8.800000E-8	2.000000E-9	0.000000E+0	0.000000E+0	1.964247E-4	2.976042E-9	0.000000E+0	0.000000E+0	1.999959E+1	0.000000E+0	4.000000E+0
28-Apr-25	11:20:49	-1.000000E-5	-4.029950E-1	-8.000000E-5	-3.095000E-5	-2.000000E-7	4.600000E-8	-5.400000E-8	0.000000E+0	0.000000E+0	1.964247E-4	2.976042E-9	0.000000E+0	0.000000E+0	1.999959E+1	0.000000E+0	4.000000E+0
28-Apr-25	11:20:50	-1.000000E-5	-4.119850E-1	-8.000000E-5	-3.090000E-5	-3.000000E-7	1.620000E-7	-1.440000E-7	0.000000E+0	0.000000E+0	1.964247E-4	2.976042E-9	0.000000E+0	0.000000E+0	1.999959E+1	0.000000E+0	4.000000E+0
28-Apr-25	11:20:50	-1.000000E-5	-4.209750E-1	-8.000000E-5	-3.090000E-5	0.000000E+0	1.200000E-7	-4.200000E-8	0.000000E+0	0.000000E+0	1.964247E-4	2.976042E-9	0.000000E+0	0.000000E+0	1.999959E+1	0.000000E+0	4.000000E+0
28-Apr-25	11:20:51	-1.000000E-5	-4.317550E-1	-8.000000E-5	-3.105000E-5	-1.500000E-7	-2.800000E-8	1.280000E-7	0.000000E+0	0.000000E+0	1.964247E-4	2.976042E-9	0.000000E+0	0.000000E+0	1.999959E+1	0.000000E+0	4.000000E+0
28-Apr-25	11:20:51	-1.000000E-5	-4.409000E-1	-8.000000E-5	-3.115000E-5	-4.000000E-7	-1.700000E-7	1.120000E-7	0.000000E+0	0.000000E+0	1.964247E-4	2.976042E-9	0.000000E+0	0.000000E+0	1.999959E+1	0.000000E+0	4.000000E+0
28-Apr-25	11:20:52	-1.000000E-5	-4.491200E-1	-8.000000E-5	-3.130000E-5	-3.500000E-7	-2.580000E-7	-8.000000E-8	0.000000E+0	0.000000E+0	1.964247E-4	2.976042E-9	0.000000E+0	0.000000E+0	1.999959E+1	0.000000E+0	4.000000E+0
28-Apr-25	11:20:52	-1.000000E-5	-4.581150E-1	-8.000000E-5	-3.125000E-5	-2.000000E-7	-3.580000E-7	-2.500000E-7	0.000000E+0	0.000000E+0	1.964247E-4	2.976042E-9	0.000000E+0	0.000000E+0	1.999959E+1	0.000000E+0	4.000000E+0
28-Apr-25	11:20:53	-1.000000E-5	-4.707350E-1	-8.000000E-5	-3.115000E-5	-2.000000E-7	-4.540000E-7	-2.760000E-7	0.000000E+0	0.000000E+0	1.964247E-4	2.976042E-9	0.000000E+0	0.000000E+0	1.999959E+1	0.000000E+0	4.000000E+0
28-Apr-25	11:20:53	-1.000000E-5	-4.797050E-1	-8.000000E-5	-3.105000E-5	-3.000000E-7	-2.920000E-7	-3.000000E-7	0.000000E+0	0.000000E+0	1.964247E-4	2.976042E-9	0.000000E+0	0.000000E+0	1.999959E+1	0.000000E+0	4.000000E+0
28-Apr-25	11:20:54	-1.000000E-5	-4.895800E-1	-8.000000E-5	-3.120000E-5	-3.500000E-7	-9.400000E-8	-3.380000E-7	0.000000E+0	0.000000E+0	1.964247E-4	2.976042E-9	0.000000E+0	0.000000E+0	1.999959E+1	0.000000E+0	4.000000E+0
28-Apr-25	11:20:54	-1.000000E-5	-4.985550E-1	-8.000000E-5	-3.130000E-5	-3.500000E-7	2.000000E-8	-2.980000E-7	0.000000E+0	0.000000E+0	1.964247E-4	2.976042E-9	0.000000E+0	0.000000E+0	1.999959E+1	0.000000E+0	4.000000E+0
28-Apr-25	11:20:55	-1.000000E-5	-5.066350E-1	-8.000000E-5	-3.130000E-5	-4.000000E-7	6.000000E-8	-1.680000E-7	0.000000E+0	0.000000E+0	1.964247E-4	2.976042E-9	0.000000E+0	0.000000E+0	1.999959E+1	0.000000E+0	4.000000E+0
28-Apr-25	11:20:55	-1.000000E-5	-5.165300E-1	-8.000000E-5	-3.120000E-5	-2.000000E-7	6.800000E-8	-7.000000E-8	0.000000E+0	0.000000E+0	1.964247E-4	2.976042E-9	0.000000E+0	0.000000E+0	1.999959E+1	0.000000E+0	4.000000E+0
28-Apr-25	11:20:56	-1.000000E-5	-5.246600E-1	-8.000000E-5	-3.115000E-5	-2.500000E-7	1.160000E-7	-5.800000E-8	0.000000E+0	0.000000E+0	1.964247E-4	2.976042E-9	0.000000E+0	0.000000E+0	1.999959E+1	0.000000E+0	4.000000E+0
28-Apr-25	11:20:56	-1.000000E-5	-5.348200E-1	-8.000000E-5	-3.135000E-5	-2.500000E-7	2.560000E-7	-1.620000E-7	0.000000E+0	0.000000E+0	1.964247E-4	2.976042E-9	0.000000E+0	0.000000E+0	1.999959E+1	0.000000E+0	4.000000E+0
28-Apr-25	11:20:57	-1.000000E-5	-5.429100E-1	-8.000000E-5	-3.150000E-5	-4.000000E-7	3.320000E-7	-2.780000E-7	0.000000E+0	0.000000E+0	1.964247E-4	2.976042E-9	0.000000E+0	0.000000E+0	1.999959E+1	0.000000E+0	4.000000E+0
28-Apr-25	11:20:57	-1.000000E-5	-5.518950E-1	-8.000000E-5	-3.120000E-5	-2.500000E-7	2.400000E-7	-2.740000E-7	0.000000E+0	0.000000E+0	1.964247E-4	2.976042E-9	0.000000E+0	0.000000E+0	1.999959E+1	0.000000E+0	4.000000E+0
28-Apr-25	11:20:58	-1.000000E-5	-5.618150E-1	-8.000000E-5	-3.130000E-5	-3.500000E-7	1.140000E-7	-1.460000E-7	0.000000E+0	0.000000E+0	1.964247E-4	2.976042E-9	0.000000E+0	0.000000E+0	1.999959E+1	0.000000E+0	4.000000E+0
28-Apr-25	11:20:58	-1.000000E-5	-5.708550E-1	-8.000000E-5	-3.115000E-5	-2.000000E-7	9.400000E-8	-1.060000E-7	0.000000E+0	0.000000E+0	1.964247E-4	2.976042E-9	0.000000E+0	0.000000E+0	1.999959E+1	0.000000E+0	4.000000E+0
28-Apr-25	11:20:59	-1.000000E-5	-5.797850E-1	-8.000000E-5	-3.125000E-5	-2.500000E-7	1.080000E-7	-1.940000E-7	0.000000E+0	0.000000E+0	1.964247E-4	2.976042E-9	0.000000E+0	0.000000E+0	1.999959E+1	0.000000E+0	4.000000E+0
28-Apr-25	11:21:00	-1.000000E-5	-5.923650E-1	-8.000000E-5	-3.130000E-5	-3.500000E-7	2.600000E-8	-2.620000E-7	0.000000E+0	0.000000E+0	1.964247E-4	2.976042E-9	0.000000E+0	0.000000E+0	1.999959E+1	0.000000E+0	4.000000E+0
28-Apr-25	11:21:00	-1.000000E-5	-6.013450E-1	-8.000000E-5	-3.135000E-5	-3.500000E-7	-7.600000E-8	-2.480000E-7	0.000000E+0	0.000000E+0	1.964247E-4	2.976042E-9	0.000000E+0	0.000000E+0	1.999959E+1	0.000000E+0	4.000000E+0
28-Apr-25	11:21:01	-1.000000E-5	-6.103400E-1	-8.000000E-5	-3.130000E-5	-2.000000E-7	-1.920000E-7	-2.020000E-7	0.000000E+0	0.000000E+0	1.964247E-4	2.976042E-9	0.000000E+0	0.000000E+0	1.999959E+1	0.000000E+0	4.000000E+0
28-Apr-25	11:21:01	-1.000000E-5	-6.193350E-1	-8.000000E-5	-3.135000E-5	-2.500000E-7	-2.500000E-7	-1.380000E-7	0.000000E+0	0.000000E+0	1.964247E-4	2.976042E-9	0.000000E+0	0.000000E+0	1.999959E+1	0.000000E+0	4.000000E+0
28-Apr-25	11:21:02	-1.000000E-5	-6.301000E-1	-8.000000E-5	-3.135000E-5	-4.000000E-7	-1.980000E-7	-1.780000E-7	0.000000E+0	0.000000E+0	1.964247E-4	2.976042E-9	0.000000E+0	0.000000E+0	1.999959E+1	0.000000E+0	4.000000E+0
28-Apr-25	11:21:03	-1.000000E-5	-6.437400E-1	-8.000000E-5	-3.125000E-5	-3.000000E-7	-4.200000E-8	-2.260000E-7	0.000000E+0	0.000000E+0	1.964247E-4	2.976042E-9	0.000000E+0	0.000000E+0	1.999959E+1	0.000000E+0	4.000000E+0
28-Apr-25	11:21:03	-1.000000E-5	-6.538050E-1	-8.000000E-5	-3.130000E-5	-1.500000E-7	1.240000E-7	-1.780000E-7	0.000000E+0	0.000000E+0	1.964247E-4	2.976042E-9	0.000000E+0	0.000000E+0	1.999959E+1	0.000000E+0	4.000000E+0
28-Apr-25	11:21:04	-1.000000E-5	-6.628150E-1	-8.000000E-5	-3.130000E-5	-1.500000E-7	2.860000E-7	-1.140000E-7	0.000000E+0	0.000000E+0	1.964247E-4	2.976042E-9	0.000000E+0	0.000000E+0	1.999959E+1	0.000000E+0	4.000000E+0
28-Apr-25	11:21:04	-1.000000E-5	-6.717950E-1	-8.000000E-5	-3.140000E-5	-3.500000E-7	3.320000E-7	6.000000E-9	0.000000E+0	0.000000E+0	1.964247E-4	2.976042E-9	0.000000E+0	0.000000E+0	1.999959E+1	0.000000E+0	4.000000E+0
28-Apr-25	11:21:05	-1.000000E-5	-6.807600E-1	-8.000000E-5	-3.130000E-5	-2.500000E-7	2.460000E-7	1.320000E-7	0.000000E+0	0.000000E+0	1.964247E-4	2.976042E-9	0.000000E+0	0.000000E+0	1.999959E+1	0.000000E+0	4.000000E+0
28-Apr-25	11:21:05	-1.000000E-5	-6.906500E-1	-8.000000E-5	-3.135000E-5	-1.500000E-7	1.700000E-7	1.480000E-7	0.000000E+0	0.000000E+0	1.964247E-4	2.976042E-9	0.000000E+0	0.000000E+0	1.999959E+1	0.000000E+0	4.000000E+0
28-Apr-25	11:21:06	-1.000000E-5	-6.996250E-1	-8.000000E-5	-3.135000E-5	-3.500000E-7	2.020000E-7	1.020000E-7	0.000000E+0	0.000000E+0	1.964247E-4	2.976042E-9	0.000000E+0	0.000000E+0	1.999959E+1	0.000000E+0	4.000000E+0
28-Apr-25	11:21:06	-1.000000E-5	-7.086500E-1	-8.000000E-5	-3.130000E-5	-4.500000E-7	2.480000E-7	8.400000E-8	0.000000E+0	0.000000E+0	1.964247E-4	2.976042E-9	0.000000E+0	0.000000E+0	1.999959E+1	0.000000E+0	4.000000E+0
28-Apr-25	11:21:07	-1.000000E-5	-7.167400E-1	-8.000000E-5	-3.130000E-5	-2.500000E-7	1.700000E-7	6.400000E-8	0.000000E+0	0.000000E+0	1.964247E-4	2.976042E-9	0.000000E+0	0.000000E+0	1.999959E+1	0.000000E+0	4.000000E+0
28-Apr-25	11:21:07	-1.000000E-5	-7.257400E-1	-8.000000E-5	-3.130000E-5	-4.000000E-7	-8.000000E-9	4.800000E-8	0.000000E+0	0.000000E+0	1.964247E-4	2.976042E-9	0.000000E+0	0.000000E+0	1.999959E+1	0.000000E+0	4.000000E+0
28-Apr-25	11:21:08	-1.000000E-5	-7.347300E-1	-8.000000E-5	-3.130000E-5	-3.000000E-7	-7.200000E-8	8.600000E-8	0.000000E+0	0.000000E+0	1.964247E-4	2.976042E-9	0.000000E+0	0.000000E+0	1.999959E+1	0.000000E+0	4.000000E+0
28-Apr-25	11:21:08	-1.000000E-5	-7.437150E-1	-8.000000E-5	-3.155000E-5	-3.500000E-7	3.400000E-8	1.280000E-7	0.000000E+0	0.000000E+0	1.964247E-4	2.976042E-9	0.000000E+0	0.000000E+0	1.999959E+1	0.000000E+0	4.000000E+0
28-Apr-25	11:21:09	-1.000000E-5	-7.536650E-1	-8.000000E-5	-3.145000E-5	-3.000000E-7	1.020000E-7	1.540000E-7	0.000000E+0	0.000000E+0	1.964247E-4	2.976042E-9	0.000000E+0	0.000000E+0	1.999959E+1	0.000000E+0	4.000000E+0
28-Apr-25	11:21:09	-1.000000E-5	-7.617450E-1	-8.000000E-5	-3.145000E-5	-1.000000E-7	1.400000E-8	1.780000E-7	0.000000E+0	0.000000E+0	1.964247E-4	2.976042E-9	0.000000E+0	0.000000E+0	1.999959E+1	0.000000E+0	4.000000E+0
28-Apr-25	11:21:10	-1.000000E-5	-7.707050E-1	-8.000000E-5	-3.165000E-5	-1.500000E-7	-8.000000E-8	1.720000E-7	0.000000E+0	0.000000E+0	1.964247E-4	2.976042E-9	0.000000E+0	0.000000E+0	1.999959E+1	0.000000E+0	4.000000E+0
28-Apr-25	11:21:10	-1.000000E-5	-7.832800E-1	-8.000000E-5	-3.150000E-5	-2.500000E-7	-1.040000E-7	1.280000E-7	0.000000E+0	0.000000E+0	1.964247E-4	2.976042E-9	0.000000E+0	0.000000E+0	1.999959E+1	0.000000E+0	4.000000E+0
28-Apr-25	11:21:11	-1.000000E-5	-7.922400E-1	-8.000000E-5	-3.150000E-5	-2.000000E-7	-6.600000E-8	1.240000E-7	0.000000E+0	0.000000E+0	1.964247E-4	2.976042E-9	0.000000E+0	0.000000E+0	1.999959E+1	0.000000E+0	4.000000E+0
28-Apr-25	11:21:11	-1.000000E-5	-8.015600E-1	-8.000000E-5	-3.150000E-5	-3.000000E-7	3.000000E-8	9.600000E-8	0.000000E+0	0.000000E+0	1.964247E-4	2.976042E-9	0.000000E+0	0.000000E+0	1.999959E+1	0.000000E+0	4.000000E+0
28-Apr-25	11:21:12	-1.000000E-5	-8.096350E-1	-8.000000E-5	-3.150000E-5	-3.500000E-7	9.800000E-8	6.000000E-9	0.000000E+0	0.000000E+0	1.964247E-4	2.976042E-9	0.000000E+0	0.000000E+0	1.999959E+1	0.000000E+0	4.000000E+0
28-Apr-25	11:21:12	-1.000000E-5	-8.186150E-1	-8.000000E-5	-3.140000E-5	-4.500000E-7	7.200000E-8	-9.600000E-8	0.000000E+0	0.000000E+0	1.964247E-4	2.976042E-9	0.000000E+0	0.000000E+0	1.999959E+1	0.000000E+0	4.000000E+0
28-Apr-25	11:21:13	-1.000000E-5	-8.293950E-1	-8.000000E-5	-3.150000E-5	-2.000000E-7	-2.800000E-8	-1.340000E-7	0.000000E+0	0.000000E+0	1.964247E-4	2.976042E-9	0.000000E+0	0.000000E+0	1.999959E+1	0.000000E+0	4.000000E+0
28-Apr-25	11:21:13	-1.000000E-5	-8.374850E-1	-8.000000E-5	-3.150000E-5	-1.500000E-7	-7.000000E-8	-9.600000E-8	0.000000E+0	0.000000E+0	1.964247E-4	2.976042E-9	0.000000E+0	0.000000E+0	1.999959E+1	0.000000E+0	4.000000E+0
28-Apr-25	11:21:14	-1.000000E-5	-8.464850E-1	-8.000000E-5	-3.155000E-5	-2.000000E-7	-5.800000E-8	-9.600000E-8	0.000000E+0	0.000000E+0	1.964247E-4	2.976042E-9	0.000000E+0	0.000000E+0	1.999959E+1	0.000000E+0	4.000000E+0
28-Apr-25	11:21:14	-1.000000E-5	-8.581850E-1	-8.000000E-5	-3.165000E-5	-2.000000E-7	-3.400000E-8	-8.600000E-8	0.000000E+0	0.000000E+0	1.964247E-4	2.976042E-9	0.000000E+0	0.000000E+0	1.999959E+1	0.000000E+0	4.000000E+0
28-Apr-25	11:21:15	-1.000000E-5	-8.671650E-1	-8.000000E-5	-3.155000E-5	-2.000000E-7	-1.060000E-7	7.400000E-8	0.000000E+0	0.000000E+0	1.964247E-4	2.976042E-9	0.000000E+0	0.000000E+0	1.999959E+1	0.000000E+0	4.000000E+0
28-Apr-25	11:21:15	-1.000000E-5	-8.761200E-1	-8.000000E-5	-3.150000E-5	-2.500000E-7	-1.820000E-7	2.080000E-7	0.000000E+0	0.000000E+0	1.964247E-4	2.976042E-9	0.000000E+0	0.000000E+0	1.999959E+1	0.000000E+0	4.000000E+0
28-Apr-25	11:21:16	-1.000000E-5	-8.851000E-1	-8.000000E-5	-3.145000E-5	-3.500000E-7	-1.660000E-7	1.760000E-7	0.000000E+0	0.000000E+0	1.964247E-4	2.976042E-9	0.000000E+0	0.000000E+0	1.999959E+1	0.000000E+0	4.000000E+0
28-Apr-25	11:21:16	-1.000000E-5	-8.941100E-1	-8.000000E-5	-3.165000E-5	-3.500000E-7	-5.000000E-8	-2.000000E-8	0.000000E+0	0.000000E+0	1.964247E-4	2.976042E-9	0.000000E+0	0.000000E+0	1.999959E+1	0.000000E+0	4.000000E+0
28-Apr-25	11:21:17	-1.000000E-5	-9.031100E-1	-8.000000E-5	-3.155000E-5	-2.000000E-7	6.000000E-8	-1.480000E-7	0.000000E+0	0.000000E+0	1.964247E-4	2.976042E-9	0.000000E+0	0.000000E+0	1.999959E+1	0.000000E+0	4.000000E+0
28-Apr-25	11:21:17	-1.000000E-5	-9.120800E-1	-8.000000E-5	-3.150000E-5	-2.000000E-7	5.200000E-8	-3.000000E-8	0.000000E+0	0.000000E+0	1.964247E-4	2.976042E-9	0.000000E+0	0.000000E+0	1.999959E+1	0.000000E+0	4.000000E+0
28-Apr-25	11:21:18	-1.000000E-5	-9.210850E-1	-8.000000E-5	-3.155000E-5	-3.500000E-7	6.000000E-9	1.200000E-7	0.000000E+0	0.000000E+0	1.964247E-4	2.976042E-9	0.000000E+0	0.000000E+0	1.999959E+1	0.000000E+0	4.000000E+0
28-Apr-25	11:21:18	-1.000000E-5	-9.300700E-1	-8.000000E-5	-3.160000E-5	-3.000000E-7	-6.000000E-9	8.000000E-8	0.000000E+0	0.000000E+0	1.964247E-4	2.976042E-9	0.000000E+0	0.000000E+0	1.999959E+1	0.000000E+0	4.000000E+0
28-Apr-25	11:21:19	-1.000000E-5	-9.381900E-1	-8.000000E-5	-3.155000E-5	-4.000000E-7	8.000000E-9	-6.800000E-8	0.000000E+0	0.000000E+0	1.964247E-4	2.976042E-9	0.000000E+0	0.000000E+0	1.999959E+1	0.000000E+0	4.000000E+0
28-Apr-25	11:21:19	-1.000000E-5	-9.472100E-1	-8.000000E-5	-3.180000E-5	-3.500000E-7	2.000000E-9	-1.040000E-7	0.000000E+0	0.000000E+0	1.964247E-4	2.976042E-9	0.000000E+0	0.000000E+0	1.999959E+1	0.000000E+0	4.000000E+0
28-Apr-25	11:21:20	-1.000000E-5	-9.561600E-1	-8.000000E-5	-3.185000E-5	-2.000000E-7	2.000000E-9	7.800000E-8	0.000000E+0	0.000000E+0	1.964247E-4	2.976042E-9	0.000000E+0	0.000000E+0	1.999959E+1	0.000000E+0	4.000000E+0
28-Apr-25	11:21:20	-1.000000E-5	-9.651250E-1	-8.000000E-5	-3.175000E-5	-2.000000E-7	7.400000E-8	2.600000E-7	0.000000E+0	0.000000E+0	1.964247E-4	2.976042E-9	0.000000E+0	0.000000E+0	1.999959E+1	0.000000E+0	4.000000E+0
28-Apr-25	11:21:21	-1.000000E-5	-9.741000E-1	-8.000000E-5	-3.180000E-5	-2.000000E-7	1.200000E-7	2.820000E-7	0.000000E+0	0.000000E+0	1.964247E-4	2.976042E-9	0.000000E+0	0.000000E+0	1.999959E+1	0.000000E+0	4.000000E+0
28-Apr-25	11:21:21	-1.000000E-5	-9.830900E-1	-8.000000E-5	-3.170000E-5	-3.000000E-7	-1.400000E-8	1.920000E-7	0.000000E+0	0.000000E+0	1.964247E-4	2.976042E-9	0.000000E+0	0.000000E+0	1.999959E+1	0.000000E+0	4.000000E+0
28-Apr-25	11:21:22	-1.000000E-5	-9.915000E-1	-8.000000E-5	-3.175000E-5	-3.500000E-7	-2.300000E-7	5.200000E-8	0.000000E+0	0.000000E+0	1.964247E-4	2.976042E-9	0.000000E+0	0.000000E+0	1.999959E+1	0.000000E+0	4.000000E+0
28-Apr-25	11:21:22	-1.000000E-5	-1.000325E+0	-8.000000E-5	-3.175000E-5	-3.000000E-7	-4.020000E-7	-1.440000E-7	0.000000E+0	0.000000E+0	1.964247E-4	2.976042E-9	0.000000E+0	0.000000E+0	1.999959E+1	0.000000E+0	4.000000E+0
28-Apr-25	11:21:23	-1.000000E-5	-1.008280E+0	-8.000000E-5	-3.180000E-5	-3.500000E-7	-4.520000E-7	-2.840000E-7	0.000000E+0	0.000000E+0	1.964247E-4	2.976042E-9	0.000000E+0	0.000000E+0	1.999959E+1	0.000000E+0	4.000000E+0
28-Apr-25	11:21:23	-1.000000E-5	-1.017560E+0	-8.000000E-5	-3.190000E-5	-3.000000E-7	-3.840000E-7	-3.000000E-7	0.000000E+0	0.000000E+0	1.964247E-4	2.976042E-9	0.000000E+0	0.000000E+0	1.999959E+1	0.000000E+0	4.000000E+0
28-Apr-25	11:21:24	-1.000000E-5	-1.026555E+0	-8.000000E-5	-3.180000E-5	-3.500000E-7	-2.080000E-7	-2.140000E-7	0.000000E+0	0.000000E+0	1.964247E-4	2.976042E-9	0.000000E+0	0.000000E+0	1.999959E+1	0.000000E+0	4.000000E+0
28-Apr-25	11:21:24	-1.000000E-5	-1.036475E+0	-8.000000E-5	-3.180000E-5	-3.500000E-7	0.000000E+0	-2.800000E-8	0.000000E+0	0.000000E+0	1.964247E-4	2.976042E-9	0.000000E+0	0.000000E+0	1.999959E+1	0.000000E+0	4.000000E+0
28-Apr-25	11:21:25	-1.000000E-5	-1.046355E+0	-8.000000E-5	-3.185000E-5	-3.000000E-7	1.020000E-7	1.740000E-7	0.000000E+0	0.000000E+0	1.964247E-4	2.976042E-9	0.000000E+0	0.000000E+0	1.999959E+1	0.000000E+0	4.000000E+0
28-Apr-25	11:21:25	-1.000000E-5	-1.056225E+0	-8.000000E-5	-3.190000E-5	-3.000000E-7	1.540000E-7	2.300000E-7	0.000000E+0	0.000000E+0	1.964247E-4	2.976042E-9	0.000000E+0	0.000000E+0	1.999959E+1	0.000000E+0	4.000000E+0
28-Apr-25	11:21:26	-1.000000E-5	-1.064305E+0	-8.000000E-5	-3.190000E-5	-4.000000E-7	1.980000E-7	1.660000E-7	0.000000E+0	0.000000E+0	1.964247E-4	2.976042E-9	0.000000E+0	0.000000E+0	1.999959E+1	0.000000E+0	4.000000E+0
28-Apr-25	11:21:27	-1.000000E-5	-1.077045E+0	-8.000000E-5	-3.190000E-5	-2.500000E-7	1.640000E-7	5.200000E-8	0.000000E+0	0.000000E+0	1.964247E-4	2.976042E-9	0.000000E+0	0.000000E+0	1.999959E+1	0.000000E+0	4.000000E+0
28-Apr-25	11:21:27	-1.000000E-5	-1.087105E+0	-8.000000E-5	-3.195000E-5	-2.000000E-7	1.360000E-7	-4.000000E-8	0.000000E+0	0.000000E+0	1.964247E-4	2.976042E-9	0.000000E+0	0.000000E+0	1.999959E+1	0.000000E+0	4.000000E+0
28-Apr-25	11:21:28	-1.000000E-5	-1.096095E+0	-8.000000E-5	-3.195000E-5	-2.500000E-7	1.620000E-7	-1.320000E-7	0.000000E+0	0.000000E+0	1.964247E-4	2.976042E-9	0.000000E+0	0.000000E+0	1.999959E+1	0.000000E+0	4.000000E+0
28-Apr-25	11:21:28	-1.000000E-5	-1.105075E+0	-8.000000E-5	-3.185000E-5	-3.500000E-7	1.960000E-7	-1.680000E-7	0.000000E+0	0.000000E+0	1.964247E-4	2.976042E-9	0.000000E+0	0.000000E+0	1.999959E+1	0.000000E+0	4.000000E+0
28-Apr-25	11:21:29	-1.000000E-5	-1.114085E+0	-8.000000E-5	-3.205000E-5	-2.500000E-7	1.700000E-7	-1.000000E-7	0.000000E+0	0.000000E+0	1.964247E-4	2.976042E-9	0.000000E+0	0.000000E+0	1.999959E+1	0.000000E+0	4.000000E+0
28-Apr-25	11:21:29	-1.000000E-5	-1.123965E+0	-8.000000E-5	-3.200000E-5	-2.500000E-7	1.240000E-7	6.000000E-8	0.000000E+0	0.000000E+0	1.964247E-4	2.976042E-9	0.000000E+0	0.000000E+0	1.999959E+1	0.000000E+0	4.000000E+0
28-Apr-25	11:21:30	-1.000000E-5	-1.132120E+0	-8.000000E-5	-3.210000E-5	-2.000000E-7	1.480000E-7	1.300000E-7	0.000000E+0	0.000000E+0	1.964247E-4	2.976042E-9	0.000000E+0	0.000000E+0	1.999959E+1	0.000000E+0	4.000000E+0
28-Apr-25	11:21:30	-1.000000E-5	-1.141095E+0	-8.000000E-5	-3.210000E-5	-2.000000E-7	1.920000E-7	9.800000E-8	0.000000E+0	0.000000E+0	1.964247E-4	2.976042E-9	0.000000E+0	0.000000E+0	1.999959E+1	0.000000E+0	4.000000E+0
28-Apr-25	11:21:31	-1.000000E-5	-1.152160E+0	-8.000000E-5	-3.200000E-5	-1.500000E-7	1.360000E-7	2.800000E-8	0.000000E+0	0.000000E+0	1.964247E-4	2.976042E-9	0.000000E+0	0.000000E+0	1.999959E+1	0.000000E+0	4.000000E+0
28-Apr-25	11:21:31	-1.000000E-5	-1.160830E+0	-8.000000E-5	-3.195000E-5	-2.500000E-7	3.600000E-8	1.800000E-8	0.000000E+0	0.000000E+0	1.964247E-4	2.976042E-9	0.000000E+0	0.000000E+0	1.999959E+1	0.000000E+0	4.000000E+0
28-Apr-25	11:21:32	-1.000000E-5	-1.168905E+0	-8.000000E-5	-3.185000E-5	-4.000000E-7	6.000000E-9	1.200000E-8	0.000000E+0	0.000000E+0	1.964247E-4	2.976042E-9	0.000000E+0	0.000000E+0	1.999959E+1	0.000000E+0	4.000000E+0
28-Apr-25	11:21:32	-1.000000E-5	-1.177905E+0	-8.000000E-5	-3.195000E-5	-3.500000E-7	0.000000E+0	-4.200000E-8	0.000000E+0	0.000000E+0	1.964247E-4	2.976042E-9	0.000000E+0	0.000000E+0	1.999959E+1	0.000000E+0	4.000000E+0
28-Apr-25	11:21:33	-1.000000E-5	-1.189900E+0	-8.000000E-5	-3.205000E-5	-1.500000E-7	-1.200000E-7	-1.860000E-7	0.000000E+0	0.000000E+0	1.964247E-4	2.976042E-9	0.000000E+0	0.000000E+0	1.999959E+1	0.000000E+0	4.000000E+0
28-Apr-25	11:21:34	-1.000000E-5	-1.199780E+0	-8.000000E-5	-3.200000E-5	-2.500000E-7	-1.980000E-7	-1.980000E-7	0.000000E+0	0.000000E+0	1.964247E-4	2.976042E-9	0.000000E+0	0.000000E+0	1.999959E+1	0.000000E+0	4.000000E+0
28-Apr-25	11:21:34	-1.000000E-5	-1.212360E+0	-8.000000E-5	-3.225000E-5	-4.000000E-7	-2.240000E-7	-4.200000E-8	0.000000E+0	0.000000E+0	1.964247E-4	2.976042E-9	0.000000E+0	0.000000E+0	1.999959E+1	0.000000E+0	4.000000E+0
28-Apr-25	11:21:35	-1.000000E-5	-1.221390E+0	-8.000000E-5	-3.215000E-5	-3.500000E-7	-1.860000E-7	6.800000E-8	0.000000E+0	0.000000E+0	1.964247E-4	2.976042E-9	0.000000E+0	0.000000E+0	1.999959E+1	0.000000E+0	4.000000E+0
28-Apr-25	11:21:35	-1.000000E-5	-1.231290E+0	-8.000000E-5	-3.210000E-5	-3.500000E-7	-7.600000E-8	6.600000E-8	0.000000E+0	0.000000E+0	1.964247E-4	2.976042E-9	0.000000E+0	0.000000E+0	1.999959E+1	0.000000E+0	4.000000E+0
28-Apr-25	11:21:36	-1.000000E-5	-1.239360E+0	-8.000000E-5	-3.195000E-5	-2.500000E-7	8.000000E-9	-4.000000E-9	0.000000E+0	0.000000E+0	1.964247E-4	2.976042E-9	0.000000E+0	0.000000E+0	1.999959E+1	0.000000E+0	4.000000E+0
28-Apr-25	11:21:36	-1.000000E-5	-1.248350E+0	-8.000000E-5	-3.205000E-5	-3.000000E-7	5.600000E-8	-4.400000E-8	0.000000E+0	0.000000E+0	1.964247E-4	2.976042E-9	0.000000E+0	0.000000E+0	1.999959E+1	0.000000E+0	4.000000E+0
28-Apr-25	11:21:37	-1.000000E-5	-1.257315E+0	-8.000000E-5	-3.220000E-5	-3.500000E-7	6.800000E-8	4.600000E-8	0.000000E+0	0.000000E+0	1.964247E-4	2.976042E-9	0.000000E+0	0.000000E+0	1.999959E+1	0.000000E+0	4.000000E+0
28-Apr-25	11:21:37	-1.000000E-5	-1.266290E+0	-8.000000E-5	-3.210000E-5	-3.500000E-7	4.400000E-8	2.260000E-7	0.000000E+0	0.000000E+0	1.964247E-4	2.976042E-9	0.000000E+0	0.000000E+0	1.999959E+1	0.000000E+0	4.000000E+0
28-Apr-25	11:21:38	-1.000000E-5	-1.276530E+0	-8.000000E-5	-3.225000E-5	-2.500000E-7	6.000000E-9	3.240000E-7	0.000000E+0	0.000000E+0	1.964247E-4	2.976042E-9	0.000000E+0	0.000000E+0	1.999959E+1	0.000000E+0	4.000000E+0
28-Apr-25	11:21:38	-1.000000E-5	-1.285505E+0	-8.000000E-5	-3.205000E-5	-2.500000E-7	7.800000E-8	2.720000E-7	0.000000E+0	0.000000E+0	1.964247E-4	2.976042E-9	0.000000E+0	0.000000E+0	1.999959E+1	0.000000E+0	4.000000E+0
28-Apr-25	11:21:39	-1.000000E-5	-1.294485E+0	-8.000000E-5	-3.210000E-5	-2.000000E-7	2.820000E-7	2.600000E-7	0.000000E+0	0.000000E+0	1.964247E-4	2.976042E-9	0.000000E+0	0.000000E+0	1.999959E+1	0.000000E+0	4.000000E+0
28-Apr-25	11:21:39	-1.000000E-5	-1.303510E+0	-8.000000E-5	-3.240000E-5	-2.500000E-7	4.880000E-7	3.120000E-7	0.000000E+0	0.000000E+0	1.964247E-4	2.976042E-9	0.000000E+0	0.000000E+0	1.999959E+1	0.000000E+0	4.000000E+0
28-Apr-25	11:21:40	-1.000000E-5	-1.312475E+0	-8.000000E-5	-3.220000E-5	-2.000000E-7	5.180000E-7	2.960000E-7	0.000000E+0	0.000000E+0	1.964247E-4	2.976042E-9	0.000000E+0	0.000000E+0	1.999959E+1	0.000000E+0	4.000000E+0
28-Apr-25	11:21:40	-1.000000E-5	-1.321530E+0	-8.000000E-5	-3.220000E-5	-2.500000E-7	4.080000E-7	1.460000E-7	0.000000E+0	0.000000E+0	1.964247E-4	2.976042E-9	0.000000E+0	0.000000E+0	1.999959E+1	0.000000E+0	4.000000E+0
28-Apr-25	11:21:41	-1.000000E-5	-1.332300E+0	-8.000000E-5	-3.210000E-5	-2.000000E-7	2.140000E-7	-5.600000E-8	0.000000E+0	0.000000E+0	1.964247E-4	2.976042E-9	0.000000E+0	0.000000E+0	1.999959E+1	0.000000E+0	4.000000E+0
28-Apr-25	11:21:41	-1.000000E-5	-1.342150E+0	-8.000000E-5	-3.220000E-5	-2.000000E-7	4.000000E-8	-1.340000E-7	0.000000E+0	0.000000E+0	1.964247E-4	2.976042E-9	0.000000E+0	0.000000E+0	1.999959E+1	0.000000E+0	4.000000E+0
28-Apr-25	11:21:42	-1.000000E-5	-1.350245E+0	-8.000000E-5	-3.240000E-5	-3.000000E-7	-2.200000E-8	-1.700000E-7	0.000000E+0	0.000000E+0	1.964247E-4	2.976042E-9	0.000000E+0	0.000000E+0	1.999959E+1	0.000000E+0	4.000000E+0
28-Apr-25	11:21:42	-1.000000E-5	-1.359195E+0	-8.000000E-5	-3.235000E-5	-2.000000E-7	0.000000E+0	-1.600000E-7	0.000000E+0	0.000000E+0	1.964247E-4	2.976042E-9	0.000000E+0	0.000000E+0	1.999959E+1	0.000000E+0	4.000000E+0
28-Apr-25	11:21:43	-1.000000E-5	-1.368230E+0	-8.000000E-5	-3.225000E-5	-2.000000E-7	2.400000E-8	-5.800000E-8	0.000000E+0	0.000000E+0	1.964247E-4	2.976042E-9	0.000000E+0	0.000000E+0	1.999959E+1	0.000000E+0	4.000000E+0
28-Apr-25	11:21:43	-1.000000E-5	-1.378090E+0	-8.000000E-5	-3.230000E-5	-4.000000E-7	-1.000000E-8	4.200000E-8	0.000000E+0	0.000000E+0	1.964247E-4	2.976042E-9	0.000000E+0	0.000000E+0	1.999959E+1	0.000000E+0	4.000000E+0
28-Apr-25	11:21:44	-1.000000E-5	-1.386200E+0	-8.000000E-5	-3.235000E-5	-3.000000E-7	-1.600000E-8	1.120000E-7	0.000000E+0	0.000000E+0	1.964247E-4	2.976042E-9	0.000000E+0	0.000000E+0	1.999959E+1	0.000000E+0	4.000000E+0
28-Apr-25	11:21:44	-1.000000E-5	-1.394280E+0	-8.000000E-5	-3.245000E-5	0.000000E+0	6.200000E-8	1.620000E-7	0.000000E+0	0.000000E+0	1.964247E-4	2.976042E-9	0.000000E+0	0.000000E+0	1.999959E+1	0.000000E+0	4.000000E+0
28-Apr-25	11:21:45	-1.000000E-5	-1.403270E+0	-8.000000E-5	-3.245000E-5	-2.000000E-7	1.760000E-7	1.320000E-7	0.000000E+0	0.000000E+0	1.964247E-4	2.976042E-9	0.000000E+0	0.000000E+0	1.999959E+1	0.000000E+0	4.000000E+0
28-Apr-25	11:21:45	-1.000000E-5	-1.412285E+0	-8.000000E-5	-3.240000E-5	-1.000000E-7	1.920000E-7	2.200000E-8	0.000000E+0	0.000000E+0	1.964247E-4	2.976042E-9	0.000000E+0	0.000000E+0	1.999959E+1	0.000000E+0	4.000000E+0
28-Apr-25	11:21:46	-1.000000E-5	-1.421335E+0	-8.000000E-5	-3.230000E-5	-5.000000E-7	1.460000E-7	-7.600000E-8	0.000000E+0	0.000000E+0	1.964247E-4	2.976042E-9	0.000000E+0	0.000000E+0	1.999959E+1	0.000000E+0	4.000000E+0
28-Apr-25	11:21:46	-1.000000E-5	-1.430270E+0	-8.000000E-5	-3.235000E-5	-4.000000E-7	1.400000E-7	-1.040000E-7	0.000000E+0	0.000000E+0	1.964247E-4	2.976042E-9	0.000000E+0	0.000000E+0	1.999959E+1	0.000000E+0	4.000000E+0
28-Apr-25	11:21:47	-1.000000E-5	-1.441190E+0	-8.000000E-5	-3.245000E-5	-2.000000E-7	8.000000E-8	-2.600000E-8	0.000000E+0	0.000000E+0	1.964247E-4	2.976042E-9	0.000000E+0	0.000000E+0	1.999959E+1	0.000000E+0	4.000000E+0
28-Apr-25	11:21:47	-1.000000E-5	-1.451230E+0	-8.000000E-5	-3.240000E-5	-2.500000E-7	-3.200000E-8	9.000000E-8	0.000000E+0	0.000000E+0	1.964247E-4	2.976042E-9	0.000000E+0	0.000000E+0	1.999959E+1	0.000000E+0	4.000000E+0
28-Apr-25	11:21:48	-1.000000E-5	-1.461120E+0	-8.000000E-5	-3.240000E-5	-3.500000E-7	-6.200000E-8	2.000000E-7	0.000000E+0	0.000000E+0	1.964247E-4	2.976042E-9	0.000000E+0	0.000000E+0	1.999959E+1	0.000000E+0	4.000000E+0
28-Apr-25	11:21:49	-1.000000E-5	-1.470160E+0	-8.000000E-5	-3.250000E-5	-3.000000E-7	3.200000E-8	1.400000E-7	0.000000E+0	0.000000E+0	1.964247E-4	2.976042E-9	0.000000E+0	0.000000E+0	1.999959E+1	0.000000E+0	4.000000E+0
28-Apr-25	11:21:49	-1.000000E-5	-1.479125E+0	-8.000000E-5	-3.260000E-5	-3.000000E-7	7.000000E-8	4.000000E-9	0.000000E+0	0.000000E+0	1.964247E-4	2.976042E-9	0.000000E+0	0.000000E+0	1.999959E+1	0.000000E+0	4.000000E+0
28-Apr-25	11:21:50	-1.000000E-5	-1.491735E+0	-8.000000E-5	-3.260000E-5	-2.500000E-7	-1.380000E-7	8.000000E-9	0.000000E+0	0.000000E+0	1.964247E-4	2.976042E-9	0.000000E+0	0.000000E+0	1.999959E+1	0.000000E+0	4.000000E+0
28-Apr-25	11:21:50	-1.000000E-5	-1.500715E+0	-8.000000E-5	-3.245000E-5	-3.500000E-7	-3.060000E-7	8.200000E-8	0.000000E+0	0.000000E+0	1.964247E-4	2.976042E-9	0.000000E+0	0.000000E+0	1.999959E+1	0.000000E+0	4.000000E+0
28-Apr-25	11:21:51	-1.000000E-5	-1.509765E+0	-8.000000E-5	-3.245000E-5	-2.000000E-7	-3.980000E-7	4.800000E-8	0.000000E+0	0.000000E+0	1.964247E-4	2.976042E-9	0.000000E+0	0.000000E+0	1.999959E+1	0.000000E+0	4.000000E+0
28-Apr-25	11:21:52	-1.000000E-5	-1.522300E+0	-8.000000E-5	-3.250000E-5	-4.500000E-7	-3.680000E-7	-9.400000E-8	0.000000E+0	0.000000E+0	1.964247E-4	2.976042E-9	0.000000E+0	0.000000E+0	1.999959E+1	0.000000E+0	4.000000E+0
28-Apr-25	11:21:52	-1.000000E-5	-1.535905E+0	-8.000000E-5	-3.250000E-5	-2.500000E-7	-2.540000E-7	1.000000E-8	0.000000E+0	0.000000E+0	1.964247E-4	2.976042E-9	0.000000E+0	0.000000E+0	1.999959E+1	0.000000E+0	4.000000E+0
28-Apr-25	11:21:53	-1.000000E-5	-1.544880E+0	-8.000000E-5	-3.280000E-5	-2.000000E-7	-2.220000E-7	7.400000E-8	0.000000E+0	0.000000E+0	1.964247E-4	2.976042E-9	0.000000E+0	0.000000E+0	1.999959E+1	0.000000E+0	4.000000E+0
28-Apr-25	11:21:53	-1.000000E-5	-1.553865E+0	-8.000000E-5	-3.295000E-5	-3.500000E-7	-1.600000E-7	6.000000E-8	0.000000E+0	0.000000E+0	1.964247E-4	2.976042E-9	0.000000E+0	0.000000E+0	1.999959E+1	0.000000E+0	4.000000E+0
28-Apr-25	11:21:54	-1.000000E-5	-1.567675E+0	-8.000000E-5	-3.275000E-5	-3.000000E-7	-1.220000E-7	-1.400000E-8	0.000000E+0	0.000000E+0	1.964247E-4	2.976042E-9	0.000000E+0	0.000000E+0	1.999959E+1	0.000000E+0	4.000000E+0
28-Apr-25	11:21:55	-1.000000E-5	-1.577535E+0	-8.000000E-5	-3.270000E-5	-3.000000E-7	-2.460000E-7	-1.800000E-8	0.000000E+0	0.000000E+0	1.964247E-4	2.976042E-9	0.000000E+0	0.000000E+0	1.999959E+1	0.000000E+0	4.000000E+0
28-Apr-25	11:21:55	-1.000000E-5	-1.585610E+0	-8.000000E-5	-3.260000E-5	-2.500000E-7	-3.440000E-7	-2.000000E-9	0.000000E+0	0.000000E+0	1.964247E-4	2.976042E-9	0.000000E+0	0.000000E+0	1.999959E+1	0.000000E+0	4.000000E+0
28-Apr-25	11:21:56	-1.000000E-5	-1.594595E+0	-8.000000E-5	-3.270000E-5	-1.500000E-7	-3.340000E-7	0.000000E+0	0.000000E+0	0.000000E+0	1.964247E-4	2.976042E-9	0.000000E+0	0.000000E+0	1.999959E+1	0.000000E+0	4.000000E+0
28-Apr-25	11:21:56	-1.000000E-5	-1.604530E+0	-8.000000E-5	-3.270000E-5	-2.500000E-7	-2.540000E-7	1.000000E-8	0.000000E+0	0.000000E+0	1.964247E-4	2.976042E-9	0.000000E+0	0.000000E+0	1.999959E+1	0.000000E+0	4.000000E+0
28-Apr-25	11:21:57	-1.000000E-5	-1.613670E+0	-8.000000E-5	-3.270000E-5	-3.500000E-7	-2.260000E-7	1.020000E-7	0.000000E+0	0.000000E+0	1.964247E-4	2.976042E-9	0.000000E+0	0.000000E+0	1.999959E+1	0.000000E+0	4.000000E+0
28-Apr-25	11:21:57	-1.000000E-5	-1.623675E+0	-8.000000E-5	-3.275000E-5	-2.500000E-7	-2.260000E-7	1.720000E-7	0.000000E+0	0.000000E+0	1.964247E-4	2.976042E-9	0.000000E+0	0.000000E+0	1.999959E+1	0.000000E+0	4.000000E+0
28-Apr-25	11:21:58	-1.000000E-5	-1.631750E+0	-8.000000E-5	-3.305000E-5	-4.500000E-7	-1.360000E-7	2.000000E-7	0.000000E+0	0.000000E+0	1.964247E-4	2.976042E-9	0.000000E+0	0.000000E+0	1.999959E+1	0.000000E+0	4.000000E+0
28-Apr-25	11:21:58	-1.000000E-5	-1.639830E+0	-8.000000E-5	-3.300000E-5	-4.500000E-7	3.800000E-8	3.040000E-7	0.000000E+0	0.000000E+0	1.964247E-4	2.976042E-9	0.000000E+0	0.000000E+0	1.999959E+1	0.000000E+0	4.000000E+0
28-Apr-25	11:21:58	-1.000000E-5	-1.648825E+0	-8.000000E-5	-3.285000E-5	-3.000000E-7	1.140000E-7	4.940000E-7	0.000000E+0	0.000000E+0	1.964247E-4	2.976042E-9	0.000000E+0	0.000000E+0	1.999959E+1	0.000000E+0	4.000000E+0
28-Apr-25	11:21:59	-1.000000E-5	-1.657870E+0	-8.000000E-5	-3.265000E-5	-3.500000E-7	1.600000E-8	5.480000E-7	0.000000E+0	0.000000E+0	1.964247E-4	2.976042E-9	0.000000E+0	0.000000E+0	1.999959E+1	0.000000E+0	4.000000E+0
28-Apr-25	11:22:00	-1.000000E-5	-1.667710E+0	-8.000000E-5	-3.275000E-5	-3.000000E-7	-1.440000E-7	3.200000E-7	0.000000E+0	0.000000E+0	1.964247E-4	2.976042E-9	0.000000E+0	0.000000E+0	1.999959E+1	0.000000E+0	4.000000E+0
28-Apr-25	11:22:00	-1.000000E-5	-1.677600E+0	-8.000000E-5	-3.270000E-5	-3.000000E-7	-1.860000E-7	2.080000E-7	0.000000E+0	0.000000E+0	1.964247E-4	2.976042E-9	0.000000E+0	0.000000E+0	1.999959E+1	0.000000E+0	4.000000E+0
28-Apr-25	11:22:01	-1.000000E-5	-1.686580E+0	-8.000000E-5	-3.280000E-5	-3.500000E-7	-1.540000E-7	2.760000E-7	0.000000E+0	0.000000E+0	1.964247E-4	2.976042E-9	0.000000E+0	0.000000E+0	1.999959E+1	0.000000E+0	4.000000E+0
28-Apr-25	11:22:01	-1.000000E-5	-1.695605E+0	-8.000000E-5	-3.285000E-5	-2.000000E-7	-4.000000E-8	3.040000E-7	0.000000E+0	0.000000E+0	1.964247E-4	2.976042E-9	0.000000E+0	0.000000E+0	1.999959E+1	0.000000E+0	4.000000E+0
28-Apr-25	11:22:02	-1.000000E-5	-1.705535E+0	-8.000000E-5	-3.280000E-5	-3.500000E-7	1.080000E-7	1.140000E-7	0.000000E+0	0.000000E+0	1.964247E-4	2.976042E-9	0.000000E+0	0.000000E+0	1.999959E+1	0.000000E+0	4.000000E+0
28-Apr-25	11:22:02	-1.000000E-5	-1.714470E+0	-8.000000E-5	-3.295000E-5	-3.000000E-7	1.080000E-7	-3.800000E-8	0.000000E+0	0.000000E+0	1.964247E-4	2.976042E-9	0.000000E+0	0.000000E+0	1.999959E+1	0.000000E+0	4.000000E+0
28-Apr-25	11:22:03	-1.000000E-5	-1.724355E+0	-8.000000E-5	-3.290000E-5	-3.500000E-7	-2.600000E-8	-8.000000E-9	0.000000E+0	0.000000E+0	1.964247E-4	2.976042E-9	0.000000E+0	0.000000E+0	1.999959E+1	0.000000E+0	4.000000E+0
28-Apr-25	11:22:03	-1.000000E-5	-1.732410E+0	-8.000000E-5	-3.290000E-5	-4.000000E-7	-1.360000E-7	4.200000E-8	0.000000E+0	0.000000E+0	1.964247E-4	2.976042E-9	0.000000E+0	0.000000E+0	1.999959E+1	0.000000E+0	4.000000E+0
28-Apr-25	11:22:04	-1.000000E-5	-1.741425E+0	-8.000000E-5	-3.300000E-5	-4.500000E-7	-1.560000E-7	5.600000E-8	0.000000E+0	0.000000E+0	1.964247E-4	2.976042E-9	0.000000E+0	0.000000E+0	1.999959E+1	0.000000E+0	4.000000E+0
28-Apr-25	11:22:04	-1.000000E-5	-1.750420E+0	-8.000000E-5	-3.295000E-5	-3.000000E-7	-1.040000E-7	1.020000E-7	0.000000E+0	0.000000E+0	1.964247E-4	2.976042E-9	0.000000E+0	0.000000E+0	1.999959E+1	0.000000E+0	4.000000E+0
28-Apr-25	11:22:05	-1.000000E-5	-1.759395E+0	-8.000000E-5	-3.290000E-5	-4.000000E-7	-9.800000E-8	1.660000E-7	0.000000E+0	0.000000E+0	1.964247E-4	2.976042E-9	0.000000E+0	0.000000E+0	1.999959E+1	0.000000E+0	4.000000E+0
28-Apr-25	11:22:05	-1.000000E-5	-1.767470E+0	-8.000000E-5	-3.280000E-5	-3.000000E-7	-1.560000E-7	1.120000E-7	0.000000E+0	0.000000E+0	1.964247E-4	2.976042E-9	0.000000E+0	0.000000E+0	1.999959E+1	0.000000E+0	4.000000E+0
28-Apr-25	11:22:06	-1.000000E-5	-1.776475E+0	-8.000000E-5	-3.285000E-5	-1.500000E-7	-1.740000E-7	-3.000000E-8	0.000000E+0	0.000000E+0	1.964247E-4	2.976042E-9	0.000000E+0	0.000000E+0	1.999959E+1	0.000000E+0	4.000000E+0
28-Apr-25	11:22:06	-1.000000E-5	-1.786355E+0	-8.000000E-5	-3.300000E-5	-3.000000E-7	-6.200000E-8	-1.040000E-7	0.000000E+0	0.000000E+0	1.964247E-4	2.976042E-9	0.000000E+0	0.000000E+0	1.999959E+1	0.000000E+0	4.000000E+0
28-Apr-25	11:22:07	-1.000000E-5	-1.795395E+0	-8.000000E-5	-3.315000E-5	-4.500000E-7	1.020000E-7	-8.800000E-8	0.000000E+0	0.000000E+0	1.964247E-4	2.976042E-9	0.000000E+0	0.000000E+0	1.999959E+1	0.000000E+0	4.000000E+0
28-Apr-25	11:22:07	-1.000000E-5	-1.804370E+0	-8.000000E-5	-3.315000E-5	-4.500000E-7	2.220000E-7	-9.000000E-8	0.000000E+0	0.000000E+0	1.964247E-4	2.976042E-9	0.000000E+0	0.000000E+0	1.999959E+1	0.000000E+0	4.000000E+0
28-Apr-25	11:22:08	-1.000000E-5	-1.813340E+0	-8.000000E-5	-3.315000E-5	-4.000000E-7	2.520000E-7	-1.040000E-7	0.000000E+0	0.000000E+0	1.964247E-4	2.976042E-9	0.000000E+0	0.000000E+0	1.999959E+1	0.000000E+0	4.000000E+0
28-Apr-25	11:22:08	-1.000000E-5	-1.822310E+0	-8.000000E-5	-3.310000E-5	-3.000000E-7	1.660000E-7	-7.000000E-8	0.000000E+0	0.000000E+0	1.964247E-4	2.976042E-9	0.000000E+0	0.000000E+0	1.999959E+1	0.000000E+0	4.000000E+0
28-Apr-25	11:22:09	-1.000000E-5	-1.830400E+0	-8.000000E-5	-3.315000E-5	-1.500000E-7	0.000000E+0	3.200000E-8	0.000000E+0	0.000000E+0	1.964247E-4	2.976042E-9	0.000000E+0	0.000000E+0	1.999959E+1	0.000000E+0	4.000000E+0
28-Apr-25	11:22:09	-1.000000E-5	-1.839710E+0	-8.000000E-5	-3.310000E-5	-3.500000E-7	-1.460000E-7	1.400000E-7	0.000000E+0	0.000000E+0	1.964247E-4	2.976042E-9	0.000000E+0	0.000000E+0	1.999959E+1	0.000000E+0	4.000000E+0
28-Apr-25	11:22:10	-1.000000E-5	-1.847680E+0	-8.000000E-5	-3.295000E-5	-3.000000E-7	-1.520000E-7	1.700000E-7	0.000000E+0	0.000000E+0	1.964247E-4	2.976042E-9	0.000000E+0	0.000000E+0	1.999959E+1	0.000000E+0	4.000000E+0
28-Apr-25	11:22:10	-1.000000E-5	-1.855590E+0	-8.000000E-5	-3.305000E-5	-2.500000E-7	-4.400000E-8	1.560000E-7	0.000000E+0	0.000000E+0	1.964247E-4	2.976042E-9	0.000000E+0	0.000000E+0	1.999959E+1	0.000000E+0	4.000000E+0
28-Apr-25	11:22:11	-1.000000E-5	-1.864915E+0	-8.000000E-5	-3.310000E-5	-4.000000E-7	3.800000E-8	2.360000E-7	0.000000E+0	0.000000E+0	1.964247E-4	2.976042E-9	0.000000E+0	0.000000E+0	1.999959E+1	0.000000E+0	4.000000E+0
28-Apr-25	11:22:11	-1.000000E-5	-1.873870E+0	-8.000000E-5	-3.335000E-5	-3.500000E-7	3.000000E-8	4.260000E-7	0.000000E+0	0.000000E+0	1.964247E-4	2.976042E-9	0.000000E+0	0.000000E+0	1.999959E+1	0.000000E+0	4.000000E+0
28-Apr-25	11:22:12	-1.000000E-5	-1.882905E+0	-8.000000E-5	-3.315000E-5	-3.000000E-7	2.000000E-9	5.340000E-7	0.000000E+0	0.000000E+0	1.964247E-4	2.976042E-9	0.000000E+0	0.000000E+0	1.999959E+1	0.000000E+0	4.000000E+0
28-Apr-25	11:22:12	-1.000000E-5	-1.896420E+0	-8.000000E-5	-3.315000E-5	-2.500000E-7	-1.800000E-8	3.200000E-7	0.000000E+0	0.000000E+0	1.964247E-4	2.976042E-9	0.000000E+0	0.000000E+0	1.999959E+1	0.000000E+0	4.000000E+0
28-Apr-25	11:22:13	-1.000000E-5	-1.911070E+0	-8.000000E-5	-3.305000E-5	-1.500000E-7	1.120000E-7	5.200000E-8	0.000000E+0	0.000000E+0	1.964247E-4	2.976042E-9	0.000000E+0	0.000000E+0	1.999959E+1	0.000000E+0	4.000000E+0
28-Apr-25	11:22:14	-1.000000E-5	-1.920025E+0	-8.000000E-5	-3.330000E-5	-5.000000E-8	2.300000E-7	0.000000E+0	0.000000E+0	0.000000E+0	1.964247E-4	2.976042E-9	0.000000E+0	0.000000E+0	1.999959E+1	0.000000E+0	4.000000E+0
28-Apr-25	11:22:14	-1.000000E-5	-1.930810E+0	-8.000000E-5	-3.315000E-5	-1.500000E-7	1.540000E-7	1.800000E-8	0.000000E+0	0.000000E+0	1.964247E-4	2.976042E-9	0.000000E+0	0.000000E+0	1.999959E+1	0.000000E+0	4.000000E+0
28-Apr-25	11:22:15	-1.000000E-5	-1.942670E+0	-8.000000E-5	-3.315000E-5	-2.500000E-7	6.000000E-9	1.760000E-7	0.000000E+0	0.000000E+0	1.964247E-4	2.976042E-9	0.000000E+0	0.000000E+0	1.999959E+1	0.000000E+0	4.000000E+0
28-Apr-25	11:22:15	-1.000000E-5	-1.952685E+0	-8.000000E-5	-3.320000E-5	-3.500000E-7	2.000000E-9	2.640000E-7	0.000000E+0	0.000000E+0	1.964247E-4	2.976042E-9	0.000000E+0	0.000000E+0	1.999959E+1	0.000000E+0	4.000000E+0
28-Apr-25	11:22:16	-1.000000E-5	-1.960770E+0	-8.000000E-5	-3.330000E-5	-3.000000E-7	3.600000E-8	2.520000E-7	0.000000E+0	0.000000E+0	1.964247E-4	2.976042E-9	0.000000E+0	0.000000E+0	1.999959E+1	0.000000E+0	4.000000E+0
28-Apr-25	11:22:16	-1.000000E-5	-1.969745E+0	-8.000000E-5	-3.335000E-5	-4.000000E-7	8.200000E-8	1.880000E-7	0.000000E+0	0.000000E+0	1.964247E-4	2.976042E-9	0.000000E+0	0.000000E+0	1.999959E+1	0.000000E+0	4.000000E+0
28-Apr-25	11:22:17	-1.000000E-5	-1.977870E+0	-8.000000E-5	-3.340000E-5	-3.000000E-7	1.100000E-7	1.340000E-7	0.000000E+0	0.000000E+0	1.964247E-4	2.976042E-9	0.000000E+0	0.000000E+0	1.999959E+1	0.000000E+0	4.000000E+0
28-Apr-25	11:22:17	-1.000000E-5	-1.986870E+0	-8.000000E-5	-3.340000E-5	-2.000000E-7	9.400000E-8	5.800000E-8	0.000000E+0	0.000000E+0	1.964247E-4	2.976042E-9	0.000000E+0	0.000000E+0	1.999959E+1	0.000000E+0	4.000000E+0
28-Apr-25	11:22:18	-1.000000E-5	-1.998525E+0	-8.000000E-5	-3.340000E-5	-4.000000E-7	3.000000E-8	-6.600000E-8	0.000000E+0	0.000000E+0	1.964247E-4	2.976042E-9	0.000000E+0	0.000000E+0	1.999959E+1	0.000000E+0	4.000000E+0
28-Apr-25	11:22:19	-1.000000E-5	-2.007530E+0	-8.000000E-5	-3.350000E-5	-4.000000E-7	2.000000E-9	-5.000000E-8	0.000000E+0	0.000000E+0	1.964247E-4	2.976042E-9	0.000000E+0	0.000000E+0	1.999959E+1	0.000000E+0	4.000000E+0
28-Apr-25	11:22:19	-1.000000E-5	-2.020080E+0	-8.000000E-5	-3.335000E-5	-3.000000E-7	1.600000E-8	4.400000E-8	0.000000E+0	0.000000E+0	1.964247E-4	2.976042E-9	0.000000E+0	0.000000E+0	1.999959E+1	0.000000E+0	4.000000E+0
28-Apr-25	11:22:20	-1.000000E-5	-2.029260E+0	-8.000000E-5	-3.350000E-5	-4.500000E-7	4.400000E-8	-6.000000E-9	0.000000E+0	0.000000E+0	1.964247E-4	2.976042E-9	0.000000E+0	0.000000E+0	1.999959E+1	0.000000E+0	4.000000E+0
28-Apr-25	11:22:20	-1.000000E-5	-2.039295E+0	-8.000000E-5	-3.345000E-5	-4.000000E-7	9.800000E-8	-5.400000E-8	0.000000E+0	0.000000E+0	1.964247E-4	2.976042E-9	0.000000E+0	0.000000E+0	1.999959E+1	0.000000E+0	4.000000E+0
28-Apr-25	11:22:21	-1.000000E-5	-2.047385E+0	-8.000000E-5	-3.370000E-5	-2.500000E-7	1.620000E-7	-4.200000E-8	0.000000E+0	0.000000E+0	1.964247E-4	2.976042E-9	0.000000E+0	0.000000E+0	1.999959E+1	0.000000E+0	4.000000E+0
28-Apr-25	11:22:21	-1.000000E-5	-2.056350E+0	-8.000000E-5	-3.375000E-5	-3.000000E-7	1.600000E-7	-3.600000E-8	0.000000E+0	0.000000E+0	1.964247E-4	2.976042E-9	0.000000E+0	0.000000E+0	1.999959E+1	0.000000E+0	4.000000E+0
28-Apr-25	11:22:22	-1.000000E-5	-2.067160E+0	-8.000000E-5	-3.365000E-5	-2.000000E-7	8.200000E-8	-3.000000E-8	0.000000E+0	0.000000E+0	1.964247E-4	2.976042E-9	0.000000E+0	0.000000E+0	1.999959E+1	0.000000E+0	4.000000E+0
28-Apr-25	11:22:22	-1.000000E-5	-2.077115E+0	-8.000000E-5	-3.360000E-5	-5.000000E-7	5.200000E-8	1.000000E-8	0.000000E+0	0.000000E+0	1.964247E-4	2.976042E-9	0.000000E+0	0.000000E+0	1.999959E+1	0.000000E+0	4.000000E+0
28-Apr-25	11:22:23	-1.000000E-5	-2.086080E+0	-8.000000E-5	-3.370000E-5	-3.000000E-7	2.000000E-9	-1.000000E-8	0.000000E+0	0.000000E+0	1.964247E-4	2.976042E-9	0.000000E+0	0.000000E+0	1.999959E+1	0.000000E+0	4.000000E+0
28-Apr-25	11:22:23	-1.000000E-5	-2.095040E+0	-8.000000E-5	-3.370000E-5	-3.500000E-7	-2.400000E-8	-3.800000E-8	0.000000E+0	0.000000E+0	1.964247E-4	2.976042E-9	0.000000E+0	0.000000E+0	1.999959E+1	0.000000E+0	4.000000E+0
28-Apr-25	11:22:24	-1.000000E-5	-2.104000E+0	-8.000000E-5	-3.355000E-5	-3.000000E-7	2.600000E-8	1.000000E-8	0.000000E+0	0.000000E+0	1.964247E-4	2.976042E-9	0.000000E+0	0.000000E+0	1.999959E+1	0.000000E+0	4.000000E+0
28-Apr-25	11:22:24	-1.000000E-5	-2.113880E+0	-8.000000E-5	-3.355000E-5	-2.500000E-7	1.260000E-7	1.040000E-7	0.000000E+0	0.000000E+0	1.964247E-4	2.976042E-9	0.000000E+0	0.000000E+0	1.999959E+1	0.000000E+0	4.000000E+0
28-Apr-25	11:22:25	-1.000000E-5	-2.121990E+0	-8.000000E-5	-3.365000E-5	-3.500000E-7	1.400000E-7	1.380000E-7	0.000000E+0	0.000000E+0	1.964247E-4	2.976042E-9	0.000000E+0	0.000000E+0	1.999959E+1	0.000000E+0	4.000000E+0
28-Apr-25	11:22:25	-1.000000E-5	-2.131015E+0	-8.000000E-5	-3.355000E-5	-3.000000E-7	8.000000E-8	1.760000E-7	0.000000E+0	0.000000E+0	1.964247E-4	2.976042E-9	0.000000E+0	0.000000E+0	1.999959E+1	0.000000E+0	4.000000E+0
28-Apr-25	11:22:26	-1.000000E-5	-2.139960E+0	-8.000000E-5	-3.365000E-5	-3.000000E-7	8.000000E-9	2.600000E-7	0.000000E+0	0.000000E+0	1.964247E-4	2.976042E-9	0.000000E+0	0.000000E+0	1.999959E+1	0.000000E+0	4.000000E+0
28-Apr-25	11:22:26	-1.000000E-5	-2.148960E+0	-8.000000E-5	-3.375000E-5	-2.500000E-7	-5.000000E-8	2.980000E-7	0.000000E+0	0.000000E+0	1.964247E-4	2.976042E-9	0.000000E+0	0.000000E+0	1.999959E+1	0.000000E+0	4.000000E+0
28-Apr-25	11:22:27	-1.000000E-5	-2.157045E+0	-8.000000E-5	-3.370000E-5	-4.000000E-7	-1.520000E-7	2.500000E-7	0.000000E+0	0.000000E+0	1.964247E-4	2.976042E-9	0.000000E+0	0.000000E+0	1.999959E+1	0.000000E+0	4.000000E+0
28-Apr-25	11:22:27	-1.000000E-5	-2.166070E+0	-8.000000E-5	-3.360000E-5	-2.500000E-7	-2.500000E-7	2.180000E-7	0.000000E+0	0.000000E+0	1.964247E-4	2.976042E-9	0.000000E+0	0.000000E+0	1.999959E+1	0.000000E+0	4.000000E+0
28-Apr-25	11:22:28	-1.000000E-5	-2.174180E+0	-8.000000E-5	-3.375000E-5	-2.000000E-7	-2.740000E-7	2.300000E-7	0.000000E+0	0.000000E+0	1.964247E-4	2.976042E-9	0.000000E+0	0.000000E+0	1.999959E+1	0.000000E+0	4.000000E+0
28-Apr-25	11:22:28	-1.000000E-5	-2.183165E+0	-8.000000E-5	-3.385000E-5	-1.000000E-7	-2.280000E-7	1.420000E-7	0.000000E+0	0.000000E+0	1.964247E-4	2.976042E-9	0.000000E+0	0.000000E+0	1.999959E+1	0.000000E+0	4.000000E+0
28-Apr-25	11:22:29	-1.000000E-5	-2.192125E+0	-8.000000E-5	-3.375000E-5	-1.500000E-7	-1.960000E-7	-8.800000E-8	0.000000E+0	0.000000E+0	1.964247E-4	2.976042E-9	0.000000E+0	0.000000E+0	1.999959E+1	0.000000E+0	4.000000E+0
28-Apr-25	11:22:29	-1.000000E-5	-2.200215E+0	-8.000000E-5	-3.380000E-5	-2.500000E-7	-1.780000E-7	-2.200000E-7	0.000000E+0	0.000000E+0	1.964247E-4	2.976042E-9	0.000000E+0	0.000000E+0	1.999959E+1	0.000000E+0	4.000000E+0
28-Apr-25	11:22:30	-1.000000E-5	-2.209175E+0	-8.000000E-5	-3.370000E-5	0.000000E+0	-1.640000E-7	-8.200000E-8	0.000000E+0	0.000000E+0	1.964247E-4	2.976042E-9	0.000000E+0	0.000000E+0	1.999959E+1	0.000000E+0	4.000000E+0
28-Apr-25	11:22:30	-1.000000E-5	-2.218220E+0	-8.000000E-5	-3.365000E-5	-1.500000E-7	-1.840000E-7	9.600000E-8	0.000000E+0	0.000000E+0	1.964247E-4	2.976042E-9	0.000000E+0	0.000000E+0	1.999959E+1	0.000000E+0	4.000000E+0
28-Apr-25	11:22:31	-1.000000E-5	-2.229005E+0	-8.000000E-5	-3.375000E-5	-1.500000E-7	-2.120000E-7	2.000000E-9	0.000000E+0	0.000000E+0	1.964247E-4	2.976042E-9	0.000000E+0	0.000000E+0	1.999959E+1	0.000000E+0	4.000000E+0
28-Apr-25	11:22:31	-1.000000E-5	-2.238000E+0	-8.000000E-5	-3.395000E-5	-2.500000E-7	-1.420000E-7	-1.680000E-7	0.000000E+0	0.000000E+0	1.964247E-4	2.976042E-9	0.000000E+0	0.000000E+0	1.999959E+1	0.000000E+0	4.000000E+0
28-Apr-25	11:22:32	-1.000000E-5	-2.250885E+0	-8.000000E-5	-3.395000E-5	-3.500000E-7	4.400000E-8	-7.600000E-8	0.000000E+0	0.000000E+0	1.964247E-4	2.976042E-9	0.000000E+0	0.000000E+0	1.999959E+1	0.000000E+0	4.000000E+0
28-Apr-25	11:22:32	-1.000000E-5	-2.258975E+0	-8.000000E-5	-3.390000E-5	-2.500000E-7	1.620000E-7	1.420000E-7	0.000000E+0	0.000000E+0	1.964247E-4	2.976042E-9	0.000000E+0	0.000000E+0	1.999959E+1	0.000000E+0	4.000000E+0
28-Apr-25	11:22:33	-1.000000E-5	-2.267005E+0	-8.000000E-5	-3.395000E-5	-2.500000E-7	2.520000E-7	2.520000E-7	0.000000E+0	0.000000E+0	1.964247E-4	2.976042E-9	0.000000E+0	0.000000E+0	1.999959E+1	0.000000E+0	4.000000E+0
28-Apr-25	11:22:34	-1.000000E-5	-2.275950E+0	-8.000000E-5	-3.390000E-5	-4.000000E-7	2.420000E-7	1.880000E-7	0.000000E+0	0.000000E+0	1.964247E-4	2.976042E-9	0.000000E+0	0.000000E+0	1.999959E+1	0.000000E+0	4.000000E+0
28-Apr-25	11:22:34	-1.000000E-5	-2.288670E+0	-8.000000E-5	-3.400000E-5	-3.000000E-7	7.800000E-8	3.400000E-8	0.000000E+0	0.000000E+0	1.964247E-4	2.976042E-9	0.000000E+0	0.000000E+0	1.999959E+1	0.000000E+0	4.000000E+0
28-Apr-25	11:22:35	-1.000000E-5	-2.298515E+0	-8.000000E-5	-3.410000E-5	-2.500000E-7	-1.400000E-8	-3.200000E-8	0.000000E+0	0.000000E+0	1.964247E-4	2.976042E-9	0.000000E+0	0.000000E+0	1.999959E+1	0.000000E+0	4.000000E+0
28-Apr-25	11:22:35	-1.000000E-5	-2.307510E+0	-8.000000E-5	-3.410000E-5	-3.000000E-7	-9.800000E-8	-7.600000E-8	0.000000E+0	0.000000E+0	1.964247E-4	2.976042E-9	0.000000E+0	0.000000E+0	1.999959E+1	0.000000E+0	4.000000E+0
28-Apr-25	11:22:36	-1.000000E-5	-2.316505E+0	-8.000000E-5	-3.395000E-5	-3.500000E-7	-6.600000E-8	-7.000000E-8	0.000000E+0	0.000000E+0	1.964247E-4	2.976042E-9	0.000000E+0	0.000000E+0	1.999959E+1	0.000000E+0	4.000000E+0
28-Apr-25	11:22:36	-1.000000E-5	-2.324590E+0	-8.000000E-5	-3.405000E-5	-4.500000E-7	8.600000E-8	-3.600000E-8	0.000000E+0	0.000000E+0	1.964247E-4	2.976042E-9	0.000000E+0	0.000000E+0	1.999959E+1	0.000000E+0	4.000000E+0
28-Apr-25	11:22:37	-1.000000E-5	-2.333580E+0	-8.000000E-5	-3.415000E-5	-3.500000E-7	1.200000E-7	-4.800000E-8	0.000000E+0	0.000000E+0	1.964247E-4	2.976042E-9	0.000000E+0	0.000000E+0	1.999959E+1	0.000000E+0	4.000000E+0
28-Apr-25	11:22:37	-1.000000E-5	-2.343480E+0	-8.000000E-5	-3.405000E-5	-4.000000E-7	-5.400000E-8	-1.340000E-7	0.000000E+0	0.000000E+0	1.964247E-4	2.976042E-9	0.000000E+0	0.000000E+0	1.999959E+1	0.000000E+0	4.000000E+0
28-Apr-25	11:22:38	-1.000000E-5	-2.352435E+0	-8.000000E-5	-3.410000E-5	-4.500000E-7	-1.900000E-7	-1.620000E-7	0.000000E+0	0.000000E+0	1.964247E-4	2.976042E-9	0.000000E+0	0.000000E+0	1.999959E+1	0.000000E+0	4.000000E+0
28-Apr-25	11:22:38	-1.000000E-5	-2.362370E+0	-8.000000E-5	-3.410000E-5	-2.500000E-7	-2.560000E-7	-4.000000E-8	0.000000E+0	0.000000E+0	1.964247E-4	2.976042E-9	0.000000E+0	0.000000E+0	1.999959E+1	0.000000E+0	4.000000E+0
28-Apr-25	11:22:39	-1.000000E-5	-2.371495E+0	-8.000000E-5	-3.425000E-5	-3.500000E-7	-3.160000E-7	7.600000E-8	0.000000E+0	0.000000E+0	1.964247E-4	2.976042E-9	0.000000E+0	0.000000E+0	1.999959E+1	0.000000E+0	4.000000E+0
28-Apr-25	11:22:39	-1.000000E-5	-2.380295E+0	-8.000000E-5	-3.445000E-5	-2.500000E-7	-3.480000E-7	9.800000E-8	0.000000E+0	0.000000E+0	1.964247E-4	2.976042E-9	0.000000E+0	0.000000E+0	1.999959E+1	0.000000E+0	4.000000E+0
28-Apr-25	11:22:40	-1.000000E-5	-2.389585E+0	-8.000000E-5	-3.425000E-5	-2.500000E-7	-2.620000E-7	8.600000E-8	0.000000E+0	0.000000E+0	1.964247E-4	2.976042E-9	0.000000E+0	0.000000E+0	1.999959E+1	0.000000E+0	4.000000E+0
28-Apr-25	11:22:40	-1.000000E-5	-2.398550E+0	-8.000000E-5	-3.415000E-5	-3.000000E-7	-1.120000E-7	1.040000E-7	0.000000E+0	0.000000E+0	1.964247E-4	2.976042E-9	0.000000E+0	0.000000E+0	1.999959E+1	0.000000E+0	4.000000E+0
28-Apr-25	11:22:41	-1.000000E-5	-2.407435E+0	-8.000000E-5	-3.425000E-5	-3.000000E-7	-5.800000E-8	1.460000E-7	0.000000E+0	0.000000E+0	1.964247E-4	2.976042E-9	0.000000E+0	0.000000E+0	1.999959E+1	0.000000E+0	4.000000E+0
28-Apr-25	11:22:41	-1.000000E-5	-2.416270E+0	-8.000000E-5	-3.390000E-5	-2.000000E-7	-1.220000E-7	1.740000E-7	0.000000E+0	0.000000E+0	1.964247E-4	2.976042E-9	0.000000E+0	0.000000E+0	1.999959E+1	0.000000E+0	4.000000E+0
28-Apr-25	11:22:42	-1.000000E-5	-2.425540E+0	-8.000000E-5	-3.435000E-5	-3.500000E-7	-2.160000E-7	1.400000E-7	0.000000E+0	0.000000E+0	1.964247E-4	2.976042E-9	0.000000E+0	0.000000E+0	1.999959E+1	0.000000E+0	4.000000E+0
28-Apr-25	11:22:42	-1.000000E-5	-2.436345E+0	-8.000000E-5	-3.435000E-5	-5.000000E-7	-2.120000E-7	7.400000E-8	0.000000E+0	0.000000E+0	1.964247E-4	2.976042E-9	0.000000E+0	0.000000E+0	1.999959E+1	0.000000E+0	4.000000E+0
28-Apr-25	11:22:43	-1.000000E-5	-2.445325E+0	-8.000000E-5	-3.390000E-5	-3.500000E-7	-1.180000E-7	1.600000E-8	0.000000E+0	0.000000E+0	1.964247E-4	2.976042E-9	0.000000E+0	0.000000E+0	1.999959E+1	0.000000E+0	4.000000E+0
28-Apr-25	11:22:44	-1.000000E-5	-2.457065E+0	-8.000000E-5	-3.430000E-5	-4.000000E-7	4.400000E-8	-2.800000E-8	0.000000E+0	0.000000E+0	1.964247E-4	2.976042E-9	0.000000E+0	0.000000E+0	1.999959E+1	0.000000E+0	4.000000E+0
28-Apr-25	11:22:44	-1.000000E-5	-2.465150E+0	-8.000000E-5	-3.430000E-5	-1.500000E-7	1.000000E-7	-3.600000E-8	0.000000E+0	0.000000E+0	1.964247E-4	2.976042E-9	0.000000E+0	0.000000E+0	1.999959E+1	0.000000E+0	4.000000E+0
28-Apr-25	11:22:45	-1.000000E-5	-2.474125E+0	-8.000000E-5	-3.420000E-5	-2.500000E-7	1.160000E-7	-5.400000E-8	0.000000E+0	0.000000E+0	1.964247E-4	2.976042E-9	0.000000E+0	0.000000E+0	1.999959E+1	0.000000E+0	4.000000E+0
28-Apr-25	11:22:45	-1.000000E-5	-2.483985E+0	-8.000000E-5	-3.440000E-5	-1.500000E-7	1.240000E-7	-1.260000E-7	0.000000E+0	0.000000E+0	1.964247E-4	2.976042E-9	0.000000E+0	0.000000E+0	1.999959E+1	0.000000E+0	4.000000E+0
28-Apr-25	11:22:46	-1.000000E-5	-2.492955E+0	-8.000000E-5	-3.435000E-5	-2.500000E-7	1.020000E-7	-1.800000E-7	0.000000E+0	0.000000E+0	1.964247E-4	2.976042E-9	0.000000E+0	0.000000E+0	1.999959E+1	0.000000E+0	4.000000E+0
28-Apr-25	11:22:46	-1.000000E-5	-2.503200E+0	-8.000000E-5	-3.425000E-5	-3.000000E-7	5.800000E-8	-1.660000E-7	0.000000E+0	0.000000E+0	1.964247E-4	2.976042E-9	0.000000E+0	0.000000E+0	1.999959E+1	0.000000E+0	4.000000E+0
28-Apr-25	11:22:47	-1.000000E-5	-2.512145E+0	-8.000000E-5	-3.455000E-5	-1.500000E-7	6.400000E-8	-8.800000E-8	0.000000E+0	0.000000E+0	1.964247E-4	2.976042E-9	0.000000E+0	0.000000E+0	1.999959E+1	0.000000E+0	4.000000E+0
28-Apr-25	11:22:47	-1.000000E-5	-2.521145E+0	-8.000000E-5	-3.440000E-5	-5.000000E-8	8.400000E-8	-4.000000E-9	0.000000E+0	0.000000E+0	1.964247E-4	2.976042E-9	0.000000E+0	0.000000E+0	1.999959E+1	0.000000E+0	4.000000E+0
28-Apr-25	11:22:48	-1.000000E-5	-2.530125E+0	-8.000000E-5	-3.440000E-5	-2.000000E-7	8.200000E-8	2.400000E-8	0.000000E+0	0.000000E+0	1.964247E-4	2.976042E-9	0.000000E+0	0.000000E+0	1.999959E+1	0.000000E+0	4.000000E+0
28-Apr-25	11:22:48	-1.000000E-5	-2.539100E+0	-8.000000E-5	-3.445000E-5	-3.500000E-7	1.240000E-7	3.000000E-8	0.000000E+0	0.000000E+0	1.964247E-4	2.976042E-9	0.000000E+0	0.000000E+0	1.999959E+1	0.000000E+0	4.000000E+0
28-Apr-25	11:22:49	-1.000000E-5	-2.548125E+0	-8.000000E-5	-3.440000E-5	-3.000000E-7	2.380000E-7	1.800000E-8	0.000000E+0	0.000000E+0	1.964247E-4	2.976042E-9	0.000000E+0	0.000000E+0	1.999959E+1	0.000000E+0	4.000000E+0
28-Apr-25	11:22:49	-1.000000E-5	-2.557145E+0	-8.000000E-5	-3.460000E-5	-3.000000E-7	3.380000E-7	-9.600000E-8	0.000000E+0	0.000000E+0	1.964247E-4	2.976042E-9	0.000000E+0	0.000000E+0	1.999959E+1	0.000000E+0	4.000000E+0
28-Apr-25	11:22:50	-1.000000E-5	-2.566085E+0	-8.000000E-5	-3.460000E-5	-3.000000E-7	3.520000E-7	-2.360000E-7	0.000000E+0	0.000000E+0	1.964247E-4	2.976042E-9	0.000000E+0	0.000000E+0	1.999959E+1	0.000000E+0	4.000000E+0
28-Apr-25	11:22:50	-1.000000E-5	-2.575090E+0	-8.000000E-5	-3.455000E-5	-3.000000E-7	2.920000E-7	-2.420000E-7	0.000000E+0	0.000000E+0	1.964247E-4	2.976042E-9	0.000000E+0	0.000000E+0	1.999959E+1	0.000000E+0	4.000000E+0
28-Apr-25	11:22:51	-1.000000E-5	-2.587640E+0	-8.000000E-5	-3.465000E-5	-3.000000E-7	1.880000E-7	-1.820000E-7	0.000000E+0	0.000000E+0	1.964247E-4	2.976042E-9	0.000000E+0	0.000000E+0	1.999959E+1	0.000000E+0	4.000000E+0
28-Apr-25	11:22:51	-1.000000E-5	-2.600575E+0	-8.000000E-5	-3.470000E-5	-4.000000E-7	1.460000E-7	-1.900000E-7	0.000000E+0	0.000000E+0	1.964247E-4	2.976042E-9	0.000000E+0	0.000000E+0	1.999959E+1	0.000000E+0	4.000000E+0
28-Apr-25	11:22:52	-1.000000E-5	-2.609580E+0	-8.000000E-5	-3.460000E-5	-2.500000E-7	9.400000E-8	-7.600000E-8	0.000000E+0	0.000000E+0	1.964247E-4	2.976042E-9	0.000000E+0	0.000000E+0	1.999959E+1	0.000000E+0	4.000000E+0
28-Apr-25	11:22:52	-1.000000E-5	-2.618560E+0	-8.000000E-5	-3.470000E-5	-4.000000E-7	6.000000E-8	4.600000E-8	0.000000E+0	0.000000E+0	1.964247E-4	2.976042E-9	0.000000E+0	0.000000E+0	1.999959E+1	0.000000E+0	4.000000E+0
28-Apr-25	11:22:53	-1.000000E-5	-2.626650E+0	-8.000000E-5	-3.490000E-5	-5.000000E-7	1.040000E-7	8.200000E-8	0.000000E+0	0.000000E+0	1.964247E-4	2.976042E-9	0.000000E+0	0.000000E+0	1.999959E+1	0.000000E+0	4.000000E+0
28-Apr-25	11:22:54	-1.000000E-5	-2.635625E+0	-8.000000E-5	-3.480000E-5	-3.000000E-7	2.140000E-7	6.800000E-8	0.000000E+0	0.000000E+0	1.964247E-4	2.976042E-9	0.000000E+0	0.000000E+0	1.999959E+1	0.000000E+0	4.000000E+0
28-Apr-25	11:22:54	-1.000000E-5	-2.647345E+0	-8.000000E-5	-3.460000E-5	-4.500000E-7	4.340000E-7	4.000000E-9	0.000000E+0	0.000000E+0	1.964247E-4	2.976042E-9	0.000000E+0	0.000000E+0	1.999959E+1	0.000000E+0	4.000000E+0
28-Apr-25	11:22:55	-1.000000E-5	-2.659905E+0	-8.000000E-5	-3.470000E-5	-3.500000E-7	5.140000E-7	-1.600000E-8	0.000000E+0	0.000000E+0	1.964247E-4	2.976042E-9	0.000000E+0	0.000000E+0	1.999959E+1	0.000000E+0	4.000000E+0
28-Apr-25	11:22:56	-1.000000E-5	-2.672715E+0	-8.000000E-5	-3.465000E-5	-4.500000E-7	2.620000E-7	6.800000E-8	0.000000E+0	0.000000E+0	1.964247E-4	2.976042E-9	0.000000E+0	0.000000E+0	1.999959E+1	0.000000E+0	4.000000E+0
28-Apr-25	11:22:56	-1.000000E-5	-2.681625E+0	-8.000000E-5	-3.475000E-5	-2.000000E-7	1.660000E-7	7.800000E-8	0.000000E+0	0.000000E+0	1.964247E-4	2.976042E-9	0.000000E+0	0.000000E+0	1.999959E+1	0.000000E+0	4.000000E+0
28-Apr-25	11:22:57	-1.000000E-5	-2.690515E+0	-8.000000E-5	-3.480000E-5	-2.000000E-7	2.000000E-7	3.200000E-8	0.000000E+0	0.000000E+0	1.964247E-4	2.976042E-9	0.000000E+0	0.000000E+0	1.999959E+1	0.000000E+0	4.000000E+0
28-Apr-25	11:22:57	-1.000000E-5	-2.702910E+0	-8.000000E-5	-3.470000E-5	-3.000000E-7	2.340000E-7	1.200000E-8	0.000000E+0	0.000000E+0	1.964247E-4	2.976042E-9	0.000000E+0	0.000000E+0	1.999959E+1	0.000000E+0	4.000000E+0
28-Apr-25	11:22:58	-1.000000E-5	-2.711735E+0	-8.000000E-5	-3.485000E-5	-4.000000E-7	1.740000E-7	3.400000E-8	0.000000E+0	0.000000E+0	1.964247E-4	2.976042E-9	0.000000E+0	0.000000E+0	1.999959E+1	0.000000E+0	4.000000E+0
28-Apr-25	11:22:58	-1.000000E-5	-2.720525E+0	-8.000000E-5	-3.480000E-5	-4.000000E-7	1.200000E-7	-3.000000E-8	0.000000E+0	0.000000E+0	1.964247E-4	2.976042E-9	0.000000E+0	0.000000E+0	1.999959E+1	0.000000E+0	4.000000E+0
28-Apr-25	11:22:59	-1.000000E-5	-2.729295E+0	-8.000000E-5	-3.460000E-5	-3.000000E-7	1.140000E-7	-1.320000E-7	0.000000E+0	0.000000E+0	1.964247E-4	2.976042E-9	0.000000E+0	0.000000E+0	1.999959E+1	0.000000E+0	4.000000E+0
28-Apr-25	11:22:59	-1.000000E-5	-2.738055E+0	-8.000000E-5	-3.475000E-5	-3.000000E-7	1.900000E-7	-1.300000E-7	0.000000E+0	0.000000E+0	1.964247E-4	2.976042E-9	0.000000E+0	0.000000E+0	1.999959E+1	0.000000E+0	4.000000E+0
28-Apr-25	11:23:00	-1.000000E-5	-2.746785E+0	-8.000000E-5	-3.485000E-5	-2.000000E-7	3.020000E-7	-8.000000E-8	0.000000E+0	0.000000E+0	1.964247E-4	2.976042E-9	0.000000E+0	0.000000E+0	1.999959E+1	0.000000E+0	4.000000E+0
28-Apr-25	11:23:00	-1.000000E-5	-2.755495E+0	-8.000000E-5	-3.485000E-5	-5.500000E-7	2.840000E-7	-3.000000E-8	0.000000E+0	0.000000E+0	1.964247E-4	2.976042E-9	0.000000E+0	0.000000E+0	1.999959E+1	0.000000E+0	4.000000E+0
28-Apr-25	11:23:01	-1.000000E-5	-2.764135E+0	-8.000000E-5	-3.500000E-5	-6.500000E-7	1.080000E-7	1.140000E-7	0.000000E+0	0.000000E+0	1.964247E-4	2.976042E-9	0.000000E+0	0.000000E+0	1.999959E+1	0.000000E+0	4.000000E+0
28-Apr-25	11:23:01	-1.000000E-5	-2.773660E+0	-8.000000E-5	-3.495000E-5	-4.000000E-7	-7.400000E-8	2.600000E-7	0.000000E+0	0.000000E+0	1.964247E-4	2.976042E-9	0.000000E+0	0.000000E+0	1.999959E+1	0.000000E+0	4.000000E+0
28-Apr-25	11:23:02	-1.000000E-5	-2.784000E+0	-8.000000E-5	-3.485000E-5	-4.000000E-7	-9.400000E-8	7.200000E-8	0.000000E+0	0.000000E+0	1.964247E-4	2.976042E-9	0.000000E+0	0.000000E+0	1.999959E+1	0.000000E+0	4.000000E+0
28-Apr-25	11:23:02	-1.000000E-5	-2.792590E+0	-8.000000E-5	-3.495000E-5	-4.500000E-7	2.000000E-9	-1.640000E-7	0.000000E+0	0.000000E+0	1.964247E-4	2.976042E-9	0.000000E+0	0.000000E+0	1.999959E+1	0.000000E+0	4.000000E+0
28-Apr-25	11:23:03	-1.000000E-5	-2.802015E+0	-8.000000E-5	-3.490000E-5	-2.000000E-7	4.800000E-8	-1.860000E-7	0.000000E+0	0.000000E+0	1.964247E-4	2.976042E-9	0.000000E+0	0.000000E+0	1.999959E+1	0.000000E+0	4.000000E+0
28-Apr-25	11:23:04	-1.000000E-5	-2.815110E+0	-8.000000E-5	-3.500000E-5	-3.500000E-7	-2.000000E-8	-1.420000E-7	0.000000E+0	0.000000E+0	1.964247E-4	2.976042E-9	0.000000E+0	0.000000E+0	1.999959E+1	0.000000E+0	4.000000E+0
28-Apr-25	11:23:04	-1.000000E-5	-2.827840E+0	-8.000000E-5	-3.490000E-5	-4.000000E-7	-1.620000E-7	-1.320000E-7	0.000000E+0	0.000000E+0	1.964247E-4	2.976042E-9	0.000000E+0	0.000000E+0	1.999959E+1	0.000000E+0	4.000000E+0
28-Apr-25	11:23:05	-1.000000E-5	-2.836300E+0	-8.000000E-5	-3.495000E-5	-3.500000E-7	-2.460000E-7	-1.020000E-7	0.000000E+0	0.000000E+0	1.964247E-4	2.976042E-9	0.000000E+0	0.000000E+0	1.999959E+1	0.000000E+0	4.000000E+0
28-Apr-25	11:23:06	-1.000000E-5	-2.844740E+0	-8.000000E-5	-3.505000E-5	-2.500000E-7	-2.320000E-7	-7.200000E-8	0.000000E+0	0.000000E+0	1.964247E-4	2.976042E-9	0.000000E+0	0.000000E+0	1.999959E+1	0.000000E+0	4.000000E+0
28-Apr-25	11:23:06	-1.000000E-5	-2.856655E+0	-8.000000E-5	-3.510000E-5	-3.500000E-7	-1.600000E-8	-8.000000E-9	0.000000E+0	0.000000E+0	1.964247E-4	2.976042E-9	0.000000E+0	0.000000E+0	1.999959E+1	0.000000E+0	4.000000E+0
28-Apr-25	11:23:07	-1.000000E-5	-2.869370E+0	-8.000000E-5	-3.495000E-5	-3.000000E-7	2.560000E-7	-7.200000E-8	0.000000E+0	0.000000E+0	1.964247E-4	2.976042E-9	0.000000E+0	0.000000E+0	1.999959E+1	0.000000E+0	4.000000E+0
28-Apr-25	11:23:07	-1.000000E-5	-2.877725E+0	-8.000000E-5	-3.505000E-5	-2.500000E-7	4.680000E-7	-1.760000E-7	0.000000E+0	0.000000E+0	1.964247E-4	2.976042E-9	0.000000E+0	0.000000E+0	1.999959E+1	0.000000E+0	4.000000E+0
28-Apr-25	11:23:08	-1.000000E-5	-2.886035E+0	-8.000000E-5	-3.525000E-5	-1.500000E-7	5.020000E-7	-2.080000E-7	0.000000E+0	0.000000E+0	1.964247E-4	2.976042E-9	0.000000E+0	0.000000E+0	1.999959E+1	0.000000E+0	4.000000E+0
28-Apr-25	11:23:08	-1.000000E-5	-2.894315E+0	-8.000000E-5	-3.505000E-5	-1.500000E-7	3.520000E-7	-1.420000E-7	0.000000E+0	0.000000E+0	1.964247E-4	2.976042E-9	0.000000E+0	0.000000E+0	1.999959E+1	0.000000E+0	4.000000E+0
28-Apr-25	11:23:09	-1.000000E-5	-2.902595E+0	-8.000000E-5	-3.500000E-5	-3.500000E-7	2.000000E-7	-1.400000E-8	0.000000E+0	0.000000E+0	1.964247E-4	2.976042E-9	0.000000E+0	0.000000E+0	1.999959E+1	0.000000E+0	4.000000E+0
28-Apr-25	11:23:09	-1.000000E-5	-2.910835E+0	-8.000000E-5	-3.510000E-5	-2.000000E-7	2.360000E-7	1.000000E-7	0.000000E+0	0.000000E+0	1.964247E-4	2.976042E-9	0.000000E+0	0.000000E+0	1.999959E+1	0.000000E+0	4.000000E+0
28-Apr-25	11:23:10	-1.000000E-5	-2.919045E+0	-8.000000E-5	-3.520000E-5	-3.000000E-7	3.020000E-7	6.400000E-8	0.000000E+0	0.000000E+0	1.964247E-4	2.976042E-9	0.000000E+0	0.000000E+0	1.999959E+1	0.000000E+0	4.000000E+0
28-Apr-25	11:23:10	-1.000000E-5	-2.926440E+0	-8.000000E-5	-3.525000E-5	-4.500000E-7	2.440000E-7	-8.800000E-8	0.000000E+0	0.000000E+0	1.964247E-4	2.976042E-9	0.000000E+0	0.000000E+0	1.999959E+1	0.000000E+0	4.000000E+0
28-Apr-25	11:23:11	-1.000000E-5	-2.938020E+0	-8.000000E-5	-3.525000E-5	-4.500000E-7	4.000000E-8	-1.900000E-7	0.000000E+0	0.000000E+0	1.964247E-4	2.976042E-9	0.000000E+0	0.000000E+0	1.999959E+1	0.000000E+0	4.000000E+0
28-Apr-25	11:23:12	-1.000000E-5	-2.947120E+0	-8.000000E-5	-3.530000E-5	-4.000000E-7	-2.800000E-8	-8.800000E-8	0.000000E+0	0.000000E+0	1.964247E-4	2.976042E-9	0.000000E+0	0.000000E+0	1.999959E+1	0.000000E+0	4.000000E+0
28-Apr-25	11:23:12	-1.000000E-5	-2.955240E+0	-8.000000E-5	-3.535000E-5	-3.500000E-7	-6.200000E-8	6.000000E-9	0.000000E+0	0.000000E+0	1.964247E-4	2.976042E-9	0.000000E+0	0.000000E+0	1.999959E+1	0.000000E+0	4.000000E+0
28-Apr-25	11:23:13	-1.000000E-5	-2.964150E+0	-8.000000E-5	-3.515000E-5	-3.000000E-7	-1.640000E-7	5.000000E-8	0.000000E+0	0.000000E+0	1.964247E-4	2.976042E-9	0.000000E+0	0.000000E+0	1.999959E+1	0.000000E+0	4.000000E+0
28-Apr-25	11:23:13	-1.000000E-5	-2.972215E+0	-8.000000E-5	-3.540000E-5	-3.000000E-7	-2.300000E-7	5.400000E-8	0.000000E+0	0.000000E+0	1.964247E-4	2.976042E-9	0.000000E+0	0.000000E+0	1.999959E+1	0.000000E+0	4.000000E+0
28-Apr-25	11:23:14	-1.000000E-5	-2.980255E+0	-8.000000E-5	-3.570000E-5	-1.500000E-7	-1.720000E-7	3.600000E-8	0.000000E+0	0.000000E+0	1.964247E-4	2.976042E-9	0.000000E+0	0.000000E+0	1.999959E+1	0.000000E+0	4.000000E+0
28-Apr-25	11:23:14	-1.000000E-5	-2.988245E+0	-8.000000E-5	-3.535000E-5	-1.500000E-7	-6.200000E-8	1.200000E-8	0.000000E+0	0.000000E+0	1.964247E-4	2.976042E-9	0.000000E+0	0.000000E+0	1.999959E+1	0.000000E+0	4.000000E+0
28-Apr-25	11:23:15	-1.000000E-5	-2.995450E+0	-8.000000E-5	-3.515000E-5	-2.500000E-7	-4.000000E-9	2.200000E-8	0.000000E+0	0.000000E+0	1.964247E-4	2.976042E-9	0.000000E+0	0.000000E+0	1.999959E+1	0.000000E+0	4.000000E+0
28-Apr-25	11:23:15	-1.000000E-5	-3.002650E+0	-8.000000E-5	-3.530000E-5	-4.000000E-7	-1.600000E-8	5.200000E-8	0.000000E+0	0.000000E+0	1.964247E-4	2.976042E-9	0.000000E+0	0.000000E+0	1.999959E+1	0.000000E+0	4.000000E+0
28-Apr-25	11:23:16	-1.000000E-5	-3.010610E+0	-8.000000E-5	-3.550000E-5	-4.000000E-7	-6.600000E-8	3.600000E-8	0.000000E+0	0.000000E+0	1.964247E-4	2.976042E-9	0.000000E+0	0.000000E+0	1.999959E+1	0.000000E+0	4.000000E+0
28-Apr-25	11:23:16	-1.000000E-5	-3.018545E+0	-8.000000E-5	-3.550000E-5	-3.000000E-7	-8.800000E-8	-3.800000E-8	0.000000E+0	0.000000E+0	1.964247E-4	2.976042E-9	0.000000E+0	0.000000E+0	1.999959E+1	0.000000E+0	4.000000E+0
28-Apr-25	11:23:17	-1.000000E-5	-3.026460E+0	-8.000000E-5	-3.545000E-5	-3.000000E-7	-5.400000E-8	-8.200000E-8	0.000000E+0	0.000000E+0	1.964247E-4	2.976042E-9	0.000000E+0	0.000000E+0	1.999959E+1	0.000000E+0	4.000000E+0
28-Apr-25	11:23:17	-1.000000E-5	-3.033545E+0	-8.000000E-5	-3.540000E-5	-3.000000E-7	-1.600000E-8	-2.800000E-8	0.000000E+0	0.000000E+0	1.964247E-4	2.976042E-9	0.000000E+0	0.000000E+0	1.999959E+1	0.000000E+0	4.000000E+0
28-Apr-25	11:23:18	-1.000000E-5	-3.041405E+0	-8.000000E-5	-3.530000E-5	-1.500000E-7	-2.000000E-8	9.000000E-8	0.000000E+0	0.000000E+0	1.964247E-4	2.976042E-9	0.000000E+0	0.000000E+0	1.999959E+1	0.000000E+0	4.000000E+0
28-Apr-25	11:23:18	-1.000000E-5	-3.052390E+0	-8.000000E-5	-3.550000E-5	-4.500000E-7	-8.000000E-8	1.800000E-7	0.000000E+0	0.000000E+0	1.964247E-4	2.976042E-9	0.000000E+0	0.000000E+0	1.999959E+1	0.000000E+0	4.000000E+0
28-Apr-25	11:23:19	-1.000000E-5	-3.064370E+0	-8.000000E-5	-3.535000E-5	-3.000000E-7	-3.200000E-8	1.120000E-7	0.000000E+0	0.000000E+0	1.964247E-4	2.976042E-9	0.000000E+0	0.000000E+0	1.999959E+1	0.000000E+0	4.000000E+0
28-Apr-25	11:23:20	-1.000000E-5	-3.072930E+0	-8.000000E-5	-3.530000E-5	-3.000000E-7	7.000000E-8	9.200000E-8	0.000000E+0	0.000000E+0	1.964247E-4	2.976042E-9	0.000000E+0	0.000000E+0	1.999959E+1	0.000000E+0	4.000000E+0
28-Apr-25	11:23:20	-1.000000E-5	-3.080685E+0	-8.000000E-5	-3.545000E-5	-2.500000E-7	1.820000E-7	8.600000E-8	0.000000E+0	0.000000E+0	1.964247E-4	2.976042E-9	0.000000E+0	0.000000E+0	1.999959E+1	0.000000E+0	4.000000E+0
28-Apr-25	11:23:21	-1.000000E-5	-3.089190E+0	-8.000000E-5	-3.565000E-5	-1.500000E-7	1.240000E-7	2.600000E-8	0.000000E+0	0.000000E+0	1.964247E-4	2.976042E-9	0.000000E+0	0.000000E+0	1.999959E+1	0.000000E+0	4.000000E+0
28-Apr-25	11:23:21	-1.000000E-5	-3.096120E+0	-8.000000E-5	-3.525000E-5	-3.000000E-7	-7.600000E-8	-6.400000E-8	0.000000E+0	0.000000E+0	1.964247E-4	2.976042E-9	0.000000E+0	0.000000E+0	1.999959E+1	0.000000E+0	4.000000E+0
28-Apr-25	11:23:22	-1.000000E-5	-3.103810E+0	-8.000000E-5	-3.535000E-5	-3.000000E-7	-2.180000E-7	-1.000000E-7	0.000000E+0	0.000000E+0	1.964247E-4	2.976042E-9	0.000000E+0	0.000000E+0	1.999959E+1	0.000000E+0	4.000000E+0
28-Apr-25	11:23:22	-1.000000E-5	-3.111465E+0	-8.000000E-5	-3.555000E-5	-1.500000E-7	-2.020000E-7	-6.800000E-8	0.000000E+0	0.000000E+0	1.964247E-4	2.976042E-9	0.000000E+0	0.000000E+0	1.999959E+1	0.000000E+0	4.000000E+0
28-Apr-25	11:23:23	-1.000000E-5	-3.119115E+0	-8.000000E-5	-3.555000E-5	-1.500000E-7	-1.380000E-7	-1.000000E-7	0.000000E+0	0.000000E+0	1.964247E-4	2.976042E-9	0.000000E+0	0.000000E+0	1.999959E+1	0.000000E+0	4.000000E+0
28-Apr-25	11:23:23	-1.000000E-5	-3.126745E+0	-8.000000E-5	-3.540000E-5	-4.000000E-7	-8.600000E-8	-1.760000E-7	0.000000E+0	0.000000E+0	1.964247E-4	2.976042E-9	0.000000E+0	0.000000E+0	1.999959E+1	0.000000E+0	4.000000E+0
28-Apr-25	11:23:24	-1.000000E-5	-3.137650E+0	-8.000000E-5	-3.540000E-5	-2.500000E-7	-7.800000E-8	-1.680000E-7	0.000000E+0	0.000000E+0	1.964247E-4	2.976042E-9	0.000000E+0	0.000000E+0	1.999959E+1	0.000000E+0	4.000000E+0
28-Apr-25	11:23:24	-1.000000E-5	-3.145195E+0	-8.000000E-5	-3.555000E-5	-2.500000E-7	-9.600000E-8	-1.480000E-7	0.000000E+0	0.000000E+0	1.964247E-4	2.976042E-9	0.000000E+0	0.000000E+0	1.999959E+1	0.000000E+0	4.000000E+0
28-Apr-25	11:23:25	-1.000000E-5	-3.154250E+0	-8.000000E-5	-3.555000E-5	-3.500000E-7	-4.600000E-8	-7.000000E-8	0.000000E+0	0.000000E+0	1.964247E-4	2.976042E-9	0.000000E+0	0.000000E+0	1.999959E+1	0.000000E+0	4.000000E+0
28-Apr-25	11:23:25	-1.000000E-5	-3.161780E+0	-8.000000E-5	-3.540000E-5	-3.000000E-7	0.000000E+0	5.600000E-8	0.000000E+0	0.000000E+0	1.964247E-4	2.976042E-9	0.000000E+0	0.000000E+0	1.999959E+1	0.000000E+0	4.000000E+0
28-Apr-25	11:23:26	-1.000000E-5	-3.169270E+0	-8.000000E-5	-3.560000E-5	-3.000000E-7	-2.000000E-9	9.600000E-8	0.000000E+0	0.000000E+0	1.964247E-4	2.976042E-9	0.000000E+0	0.000000E+0	1.999959E+1	0.000000E+0	4.000000E+0
28-Apr-25	11:23:26	-1.000000E-5	-3.176745E+0	-8.000000E-5	-3.565000E-5	-3.500000E-7	-6.200000E-8	2.600000E-8	0.000000E+0	0.000000E+0	1.964247E-4	2.976042E-9	0.000000E+0	0.000000E+0	1.999959E+1	0.000000E+0	4.000000E+0
28-Apr-25	11:23:27	-1.000000E-5	-3.184195E+0	-8.000000E-5	-3.560000E-5	-3.500000E-7	-1.340000E-7	-3.200000E-8	0.000000E+0	0.000000E+0	1.964247E-4	2.976042E-9	0.000000E+0	0.000000E+0	1.999959E+1	0.000000E+0	4.000000E+0
28-Apr-25	11:23:27	-1.000000E-5	-3.192370E+0	-8.000000E-5	-3.560000E-5	-2.000000E-7	-3.200000E-8	-3.800000E-8	0.000000E+0	0.000000E+0	1.964247E-4	2.976042E-9	0.000000E+0	0.000000E+0	1.999959E+1	0.000000E+0	4.000000E+0
28-Apr-25	11:23:28	-1.000000E-5	-3.199055E+0	-8.000000E-5	-3.565000E-5	-3.500000E-7	1.880000E-7	-7.800000E-8	0.000000E+0	0.000000E+0	1.964247E-4	2.976042E-9	0.000000E+0	0.000000E+0	1.999959E+1	0.000000E+0	4.000000E+0
28-Apr-25	11:23:28	-1.000000E-5	-3.206450E+0	-8.000000E-5	-3.560000E-5	-6.500000E-7	3.160000E-7	-1.440000E-7	0.000000E+0	0.000000E+0	1.964247E-4	2.976042E-9	0.000000E+0	0.000000E+0	1.999959E+1	0.000000E+0	4.000000E+0
28-Apr-25	11:23:29	-1.000000E-5	-3.214535E+0	-8.000000E-5	-3.545000E-5	-3.000000E-7	2.500000E-7	-1.140000E-7	0.000000E+0	0.000000E+0	1.964247E-4	2.976042E-9	0.000000E+0	0.000000E+0	1.999959E+1	0.000000E+0	4.000000E+0
28-Apr-25	11:23:30	-1.000000E-5	-3.221890E+0	-8.000000E-5	-3.560000E-5	-2.000000E-7	1.860000E-7	-5.000000E-8	0.000000E+0	0.000000E+0	1.964247E-4	2.976042E-9	0.000000E+0	0.000000E+0	1.999959E+1	0.000000E+0	4.000000E+0
28-Apr-25	11:23:30	-1.000000E-5	-3.231400E+0	-8.000000E-5	-3.565000E-5	-3.500000E-7	1.180000E-7	-4.600000E-8	0.000000E+0	0.000000E+0	1.964247E-4	2.976042E-9	0.000000E+0	0.000000E+0	1.999959E+1	0.000000E+0	4.000000E+0
28-Apr-25	11:23:31	-1.000000E-5	-3.238695E+0	-8.000000E-5	-3.575000E-5	-4.500000E-7	1.800000E-8	-3.800000E-8	0.000000E+0	0.000000E+0	1.964247E-4	2.976042E-9	0.000000E+0	0.000000E+0	1.999959E+1	0.000000E+0	4.000000E+0
28-Apr-25	11:23:31	-1.000000E-5	-3.245965E+0	-8.000000E-5	-3.565000E-5	-2.500000E-7	-2.400000E-8	1.200000E-8	0.000000E+0	0.000000E+0	1.964247E-4	2.976042E-9	0.000000E+0	0.000000E+0	1.999959E+1	0.000000E+0	4.000000E+0
28-Apr-25	11:23:32	-1.000000E-5	-3.253930E+0	-8.000000E-5	-3.560000E-5	-2.000000E-7	6.800000E-8	2.600000E-8	0.000000E+0	0.000000E+0	1.964247E-4	2.976042E-9	0.000000E+0	0.000000E+0	1.999959E+1	0.000000E+0	4.000000E+0
28-Apr-25	11:23:32	-1.000000E-5	-3.261165E+0	-8.000000E-5	-3.565000E-5	-2.500000E-7	1.660000E-7	1.400000E-8	0.000000E+0	0.000000E+0	1.964247E-4	2.976042E-9	0.000000E+0	0.000000E+0	1.999959E+1	0.000000E+0	4.000000E+0
28-Apr-25	11:23:33	-1.000000E-5	-3.268360E+0	-8.000000E-5	-3.560000E-5	-3.000000E-7	2.080000E-7	-3.800000E-8	0.000000E+0	0.000000E+0	1.964247E-4	2.976042E-9	0.000000E+0	0.000000E+0	1.999959E+1	0.000000E+0	4.000000E+0
28-Apr-25	11:23:33	-1.000000E-5	-3.278650E+0	-8.000000E-5	-3.580000E-5	-2.500000E-7	1.440000E-7	-1.820000E-7	0.000000E+0	0.000000E+0	1.964247E-4	2.976042E-9	0.000000E+0	0.000000E+0	1.999959E+1	0.000000E+0	4.000000E+0
28-Apr-25	11:23:34	-1.000000E-5	-3.285830E+0	-8.000000E-5	-3.575000E-5	-3.000000E-7	7.000000E-8	-1.940000E-7	0.000000E+0	0.000000E+0	1.964247E-4	2.976042E-9	0.000000E+0	0.000000E+0	1.999959E+1	0.000000E+0	4.000000E+0
28-Apr-25	11:23:34	-1.000000E-5	-3.292975E+0	-8.000000E-5	-3.585000E-5	-2.000000E-7	5.200000E-8	-1.280000E-7	0.000000E+0	0.000000E+0	1.964247E-4	2.976042E-9	0.000000E+0	0.000000E+0	1.999959E+1	0.000000E+0	4.000000E+0
28-Apr-25	11:23:35	-1.000000E-5	-3.300090E+0	-8.000000E-5	-3.575000E-5	-2.000000E-7	8.200000E-8	-5.000000E-8	0.000000E+0	0.000000E+0	1.964247E-4	2.976042E-9	0.000000E+0	0.000000E+0	1.999959E+1	0.000000E+0	4.000000E+0
28-Apr-25	11:23:35	-1.000000E-5	-3.307200E+0	-8.000000E-5	-3.585000E-5	-4.500000E-7	1.180000E-7	-1.200000E-8	0.000000E+0	0.000000E+0	1.964247E-4	2.976042E-9	0.000000E+0	0.000000E+0	1.999959E+1	0.000000E+0	4.000000E+0
28-Apr-25	11:23:36	-1.000000E-5	-3.314270E+0	-8.000000E-5	-3.570000E-5	-3.500000E-7	1.420000E-7	-6.200000E-8	0.000000E+0	0.000000E+0	1.964247E-4	2.976042E-9	0.000000E+0	0.000000E+0	1.999959E+1	0.000000E+0	4.000000E+0
28-Apr-25	11:23:36	-1.000000E-5	-3.320615E+0	-8.000000E-5	-3.565000E-5	-2.500000E-7	1.560000E-7	-1.960000E-7	0.000000E+0	0.000000E+0	1.964247E-4	2.976042E-9	0.000000E+0	0.000000E+0	1.999959E+1	0.000000E+0	4.000000E+0
28-Apr-25	11:23:37	-1.000000E-5	-3.327650E+0	-8.000000E-5	-3.570000E-5	-3.000000E-7	1.700000E-7	-3.460000E-7	0.000000E+0	0.000000E+0	1.964247E-4	2.976042E-9	0.000000E+0	0.000000E+0	1.999959E+1	0.000000E+0	4.000000E+0
28-Apr-25	11:23:37	-1.000000E-5	-3.336065E+0	-8.000000E-5	-3.585000E-5	-2.000000E-7	1.220000E-7	-4.220000E-7	0.000000E+0	0.000000E+0	1.964247E-4	2.976042E-9	0.000000E+0	0.000000E+0	1.999959E+1	0.000000E+0	4.000000E+0
28-Apr-25	11:23:38	-1.000000E-5	-3.343060E+0	-8.000000E-5	-3.595000E-5	-3.000000E-7	2.400000E-8	-3.820000E-7	0.000000E+0	0.000000E+0	1.964247E-4	2.976042E-9	0.000000E+0	0.000000E+0	1.999959E+1	0.000000E+0	4.000000E+0
28-Apr-25	11:23:39	-1.000000E-5	-3.353755E+0	-8.000000E-5	-3.585000E-5	-3.000000E-7	-4.200000E-8	-3.440000E-7	0.000000E+0	0.000000E+0	1.964247E-4	2.976042E-9	0.000000E+0	0.000000E+0	1.999959E+1	0.000000E+0	4.000000E+0
28-Apr-25	11:23:39	-1.000000E-5	-3.360590E+0	-8.000000E-5	-3.575000E-5	-2.500000E-7	2.000000E-9	-3.300000E-7	0.000000E+0	0.000000E+0	1.964247E-4	2.976042E-9	0.000000E+0	0.000000E+0	1.999959E+1	0.000000E+0	4.000000E+0
28-Apr-25	11:23:40	-1.000000E-5	-3.368995E+0	-8.000000E-5	-3.595000E-5	-3.000000E-7	1.800000E-8	-1.920000E-7	0.000000E+0	0.000000E+0	1.964247E-4	2.976042E-9	0.000000E+0	0.000000E+0	1.999959E+1	0.000000E+0	4.000000E+0
28-Apr-25	11:23:40	-1.000000E-5	-3.375880E+0	-8.000000E-5	-3.570000E-5	-4.500000E-7	-5.000000E-8	-3.800000E-8	0.000000E+0	0.000000E+0	1.964247E-4	2.976042E-9	0.000000E+0	0.000000E+0	1.999959E+1	0.000000E+0	4.000000E+0
28-Apr-25	11:23:41	-1.000000E-5	-3.382755E+0	-8.000000E-5	-3.575000E-5	-5.000000E-7	-1.060000E-7	5.400000E-8	0.000000E+0	0.000000E+0	1.964247E-4	2.976042E-9	0.000000E+0	0.000000E+0	1.999959E+1	0.000000E+0	4.000000E+0
28-Apr-25	11:23:41	-1.000000E-5	-3.389620E+0	-8.000000E-5	-3.600000E-5	-3.500000E-7	-3.800000E-8	1.000000E-8	0.000000E+0	0.000000E+0	1.964247E-4	2.976042E-9	0.000000E+0	0.000000E+0	1.999959E+1	0.000000E+0	4.000000E+0
28-Apr-25	11:23:42	-1.000000E-5	-3.396465E+0	-8.000000E-5	-3.605000E-5	-3.000000E-7	9.200000E-8	-1.960000E-7	0.000000E+0	0.000000E+0	1.964247E-4	2.976042E-9	0.000000E+0	0.000000E+0	1.999959E+1	0.000000E+0	4.000000E+0
28-Apr-25	11:23:42	-1.000000E-5	-3.403280E+0	-8.000000E-5	-3.590000E-5	-2.500000E-7	1.360000E-7	-4.500000E-7	0.000000E+0	0.000000E+0	1.964247E-4	2.976042E-9	0.000000E+0	0.000000E+0	1.999959E+1	0.000000E+0	4.000000E+0
28-Apr-25	11:23:43	-1.000000E-5	-3.410060E+0	-8.000000E-5	-3.580000E-5	-4.500000E-7	2.600000E-8	-5.200000E-7	0.000000E+0	0.000000E+0	1.964247E-4	2.976042E-9	0.000000E+0	0.000000E+0	1.999959E+1	0.000000E+0	4.000000E+0
28-Apr-25	11:23:44	-1.000000E-5	-3.419545E+0	-8.000000E-5	-3.590000E-5	-4.500000E-7	-1.820000E-7	-2.220000E-7	0.000000E+0	0.000000E+0	1.964247E-4	2.976042E-9	0.000000E+0	0.000000E+0	1.999959E+1	0.000000E+0	4.000000E+0
28-Apr-25	11:23:44	-1.000000E-5	-3.426280E+0	-8.000000E-5	-3.585000E-5	-4.500000E-7	-1.780000E-7	2.000000E-9	0.000000E+0	0.000000E+0	1.964247E-4	2.976042E-9	0.000000E+0	0.000000E+0	1.999959E+1	0.000000E+0	4.000000E+0
28-Apr-25	11:23:45	-1.000000E-5	-3.433035E+0	-8.000000E-5	-3.585000E-5	-2.500000E-7	-8.600000E-8	1.000000E-8	0.000000E+0	0.000000E+0	1.964247E-4	2.976042E-9	0.000000E+0	0.000000E+0	1.999959E+1	0.000000E+0	4.000000E+0
28-Apr-25	11:23:45	-1.000000E-5	-3.439735E+0	-8.000000E-5	-3.600000E-5	-3.500000E-7	-8.000000E-9	-1.300000E-7	0.000000E+0	0.000000E+0	1.964247E-4	2.976042E-9	0.000000E+0	0.000000E+0	1.999959E+1	0.000000E+0	4.000000E+0
28-Apr-25	11:23:45	-1.000000E-5	-3.446410E+0	-8.000000E-5	-3.595000E-5	-4.500000E-7	6.000000E-8	-2.000000E-7	0.000000E+0	0.000000E+0	1.964247E-4	2.976042E-9	0.000000E+0	0.000000E+0	1.999959E+1	0.000000E+0	4.000000E+0
28-Apr-25	11:23:46	-1.000000E-5	-3.452425E+0	-8.000000E-5	-3.595000E-5	-4.500000E-7	1.080000E-7	-1.000000E-7	0.000000E+0	0.000000E+0	1.964247E-4	2.976042E-9	0.000000E+0	0.000000E+0	1.999959E+1	0.000000E+0	4.000000E+0
28-Apr-25	11:23:47	-1.000000E-5	-3.459080E+0	-8.000000E-5	-3.600000E-5	-3.000000E-7	1.180000E-7	8.600000E-8	0.000000E+0	0.000000E+0	1.964247E-4	2.976042E-9	0.000000E+0	0.000000E+0	1.999959E+1	0.000000E+0	4.000000E+0
28-Apr-25	11:23:47	-1.000000E-5	-3.469255E+0	-8.000000E-5	-3.600000E-5	-5.500000E-7	9.200000E-8	1.540000E-7	0.000000E+0	0.000000E+0	1.964247E-4	2.976042E-9	0.000000E+0	0.000000E+0	1.999959E+1	0.000000E+0	4.000000E+0
28-Apr-25	11:23:48	-1.000000E-5	-3.477180E+0	-8.000000E-5	-3.610000E-5	-3.500000E-7	9.000000E-8	4.000000E-8	0.000000E+0	0.000000E+0	1.964247E-4	2.976042E-9	0.000000E+0	0.000000E+0	1.999959E+1	0.000000E+0	4.000000E+0
28-Apr-25	11:23:48	-1.000000E-5	-3.483775E+0	-8.000000E-5	-3.600000E-5	-4.500000E-7	1.320000E-7	-5.600000E-8	0.000000E+0	0.000000E+0	1.964247E-4	2.976042E-9	0.000000E+0	0.000000E+0	1.999959E+1	0.000000E+0	4.000000E+0
28-Apr-25	11:23:49	-1.000000E-5	-3.490325E+0	-8.000000E-5	-3.610000E-5	-2.500000E-7	2.800000E-7	-1.440000E-7	0.000000E+0	0.000000E+0	1.964247E-4	2.976042E-9	0.000000E+0	0.000000E+0	1.999959E+1	0.000000E+0	4.000000E+0
28-Apr-25	11:23:49	-1.000000E-5	-3.498170E+0	-8.000000E-5	-3.590000E-5	-1.500000E-7	4.640000E-7	-1.820000E-7	0.000000E+0	0.000000E+0	1.964247E-4	2.976042E-9	0.000000E+0	0.000000E+0	1.999959E+1	0.000000E+0	4.000000E+0
28-Apr-25	11:23:50	-1.000000E-5	-3.504900E+0	-8.000000E-5	-3.585000E-5	-4.000000E-7	3.360000E-7	-1.800000E-7	0.000000E+0	0.000000E+0	1.964247E-4	2.976042E-9	0.000000E+0	0.000000E+0	1.999959E+1	0.000000E+0	4.000000E+0
28-Apr-25	11:23:51	-1.000000E-5	-3.513995E+0	-8.000000E-5	-3.600000E-5	-3.000000E-7	-4.800000E-8	-2.060000E-7	0.000000E+0	0.000000E+0	1.964247E-4	2.976042E-9	0.000000E+0	0.000000E+0	1.999959E+1	0.000000E+0	4.000000E+0
28-Apr-25	11:23:51	-1.000000E-5	-3.520465E+0	-8.000000E-5	-3.605000E-5	-2.000000E-7	-8.400000E-8	-1.940000E-7	0.000000E+0	0.000000E+0	1.964247E-4	2.976042E-9	0.000000E+0	0.000000E+0	1.999959E+1	0.000000E+0	4.000000E+0
28-Apr-25	11:23:52	-1.000000E-5	-3.530375E+0	-8.000000E-5	-3.595000E-5	-4.000000E-7	9.600000E-8	-1.000000E-7	0.000000E+0	0.000000E+0	1.964247E-4	2.976042E-9	0.000000E+0	0.000000E+0	1.999959E+1	0.000000E+0	4.000000E+0
28-Apr-25	11:23:52	-1.000000E-5	-3.536775E+0	-8.000000E-5	-3.590000E-5	-6.000000E-7	8.400000E-8	-1.000000E-7	0.000000E+0	0.000000E+0	1.964247E-4	2.976042E-9	0.000000E+0	0.000000E+0	1.999959E+1	0.000000E+0	4.000000E+0
28-Apr-25	11:23:53	-1.000000E-5	-3.543190E+0	-8.000000E-5	-3.600000E-5	-5.500000E-7	-2.600000E-8	-1.140000E-7	0.000000E+0	0.000000E+0	1.964247E-4	2.976042E-9	0.000000E+0	0.000000E+0	1.999959E+1	0.000000E+0	4.000000E+0
28-Apr-25	11:23:53	-1.000000E-5	-3.549580E+0	-8.000000E-5	-3.605000E-5	-3.000000E-7	-1.220000E-7	-5.400000E-8	0.000000E+0	0.000000E+0	1.964247E-4	2.976042E-9	0.000000E+0	0.000000E+0	1.999959E+1	0.000000E+0	4.000000E+0
28-Apr-25	11:23:54	-1.000000E-5	-3.555325E+0	-8.000000E-5	-3.620000E-5	-2.000000E-7	-1.080000E-7	0.000000E+0	0.000000E+0	0.000000E+0	1.964247E-4	2.976042E-9	0.000000E+0	0.000000E+0	1.999959E+1	0.000000E+0	4.000000E+0
28-Apr-25	11:23:54	-1.000000E-5	-3.561675E+0	-8.000000E-5	-3.605000E-5	-2.500000E-7	-5.400000E-8	-4.600000E-8	0.000000E+0	0.000000E+0	1.964247E-4	2.976042E-9	0.000000E+0	0.000000E+0	1.999959E+1	0.000000E+0	4.000000E+0
28-Apr-25	11:23:55	-1.000000E-5	-3.567375E+0	-8.000000E-5	-3.600000E-5	-4.000000E-7	-2.400000E-8	-1.340000E-7	0.000000E+0	0.000000E+0	1.964247E-4	2.976042E-9	0.000000E+0	0.000000E+0	1.999959E+1	0.000000E+0	4.000000E+0
28-Apr-25	11:23:55	-1.000000E-5	-3.573705E+0	-8.000000E-5	-3.600000E-5	-4.500000E-7	1.600000E-8	-2.120000E-7	0.000000E+0	0.000000E+0	1.964247E-4	2.976042E-9	0.000000E+0	0.000000E+0	1.999959E+1	0.000000E+0	4.000000E+0
28-Apr-25	11:23:56	-1.000000E-5	-3.580000E+0	-8.000000E-5	-3.610000E-5	-3.000000E-7	6.400000E-8	-2.420000E-7	0.000000E+0	0.000000E+0	1.964247E-4	2.976042E-9	0.000000E+0	0.000000E+0	1.999959E+1	0.000000E+0	4.000000E+0
28-Apr-25	11:23:56	-1.000000E-5	-3.585650E+0	-8.000000E-5	-3.605000E-5	-4.000000E-7	4.800000E-8	-1.700000E-7	0.000000E+0	0.000000E+0	1.964247E-4	2.976042E-9	0.000000E+0	0.000000E+0	1.999959E+1	0.000000E+0	4.000000E+0
28-Apr-25	11:23:57	-1.000000E-5	-3.591905E+0	-8.000000E-5	-3.610000E-5	-4.000000E-7	-2.400000E-8	-3.600000E-8	0.000000E+0	0.000000E+0	1.964247E-4	2.976042E-9	0.000000E+0	0.000000E+0	1.999959E+1	0.000000E+0	4.000000E+0
28-Apr-25	11:23:57	-1.000000E-5	-3.598155E+0	-8.000000E-5	-3.595000E-5	-3.000000E-7	-6.600000E-8	4.000000E-8	0.000000E+0	0.000000E+0	1.964247E-4	2.976042E-9	0.000000E+0	0.000000E+0	1.999959E+1	0.000000E+0	4.000000E+0
28-Apr-25	11:23:58	-1.000000E-5	-3.605025E+0	-8.000000E-5	-3.610000E-5	-3.000000E-7	2.000000E-9	0.000000E+0	0.000000E+0	0.000000E+0	1.964247E-4	2.976042E-9	0.000000E+0	0.000000E+0	1.999959E+1	0.000000E+0	4.000000E+0
28-Apr-25	11:23:58	-1.000000E-5	-3.611225E+0	-8.000000E-5	-3.620000E-5	-3.500000E-7	8.600000E-8	-6.200000E-8	0.000000E+0	0.000000E+0	1.964247E-4	2.976042E-9	0.000000E+0	0.000000E+0	1.999959E+1	0.000000E+0	4.000000E+0
28-Apr-25	11:23:59	-1.000000E-5	-3.617420E+0	-8.000000E-5	-3.615000E-5	-3.000000E-7	7.200000E-8	-7.200000E-8	0.000000E+0	0.000000E+0	1.964247E-4	2.976042E-9	0.000000E+0	0.000000E+0	1.999959E+1	0.000000E+0	4.000000E+0
28-Apr-25	11:23:59	-1.000000E-5	-3.622970E+0	-8.000000E-5	-3.615000E-5	-4.000000E-7	1.400000E-8	-3.800000E-8	0.000000E+0	0.000000E+0	1.964247E-4	2.976042E-9	0.000000E+0	0.000000E+0	1.999959E+1	0.000000E+0	4.000000E+0
28-Apr-25	11:24:00	-1.000000E-5	-3.629120E+0	-8.000000E-5	-3.620000E-5	-3.500000E-7	4.600000E-8	-1.600000E-8	0.000000E+0	0.000000E+0	1.964247E-4	2.976042E-9	0.000000E+0	0.000000E+0	1.999959E+1	0.000000E+0	4.000000E+0
28-Apr-25	11:24:00	-1.000000E-5	-3.635285E+0	-8.000000E-5	-3.625000E-5	-2.000000E-7	1.880000E-7	-1.200000E-8	0.000000E+0	0.000000E+0	1.964247E-4	2.976042E-9	0.000000E+0	0.000000E+0	1.999959E+1	0.000000E+0	4.000000E+0
28-Apr-25	11:24:01	-1.000000E-5	-3.641395E+0	-8.000000E-5	-3.625000E-5	-3.000000E-7	3.380000E-7	4.000000E-8	0.000000E+0	0.000000E+0	1.964247E-4	2.976042E-9	0.000000E+0	0.000000E+0	1.999959E+1	0.000000E+0	4.000000E+0
28-Apr-25	11:24:02	-1.000000E-5	-3.650140E+0	-8.000000E-5	-3.615000E-5	-4.000000E-7	3.360000E-7	5.600000E-8	0.000000E+0	0.000000E+0	1.964247E-4	2.976042E-9	0.000000E+0	0.000000E+0	1.999959E+1	0.000000E+0	4.000000E+0
28-Apr-25	11:24:02	-1.000000E-5	-3.658650E+0	-8.000000E-5	-3.620000E-5	-3.500000E-7	7.800000E-8	-1.560000E-7	0.000000E+0	0.000000E+0	1.964247E-4	2.976042E-9	0.000000E+0	0.000000E+0	1.999959E+1	0.000000E+0	4.000000E+0
28-Apr-25	11:24:03	-1.000000E-5	-3.664695E+0	-8.000000E-5	-3.600000E-5	-3.000000E-7	-6.000000E-9	-1.980000E-7	0.000000E+0	0.000000E+0	1.964247E-4	2.976042E-9	0.000000E+0	0.000000E+0	1.999959E+1	0.000000E+0	4.000000E+0
28-Apr-25	11:24:03	-1.000000E-5	-3.670725E+0	-8.000000E-5	-3.610000E-5	-2.500000E-7	-3.200000E-8	-1.340000E-7	0.000000E+0	0.000000E+0	1.964247E-4	2.976042E-9	0.000000E+0	0.000000E+0	1.999959E+1	0.000000E+0	4.000000E+0
28-Apr-25	11:24:04	-1.000000E-5	-3.676145E+0	-8.000000E-5	-3.615000E-5	-3.000000E-7	-1.280000E-7	-5.000000E-8	0.000000E+0	0.000000E+0	1.964247E-4	2.976042E-9	0.000000E+0	0.000000E+0	1.999959E+1	0.000000E+0	4.000000E+0
28-Apr-25	11:24:04	-1.000000E-5	-3.682160E+0	-8.000000E-5	-3.630000E-5	-4.500000E-7	-2.720000E-7	9.800000E-8	0.000000E+0	0.000000E+0	1.964247E-4	2.976042E-9	0.000000E+0	0.000000E+0	1.999959E+1	0.000000E+0	4.000000E+0
28-Apr-25	11:24:05	-1.000000E-5	-3.688140E+0	-8.000000E-5	-3.630000E-5	-4.000000E-7	-3.100000E-7	3.060000E-7	0.000000E+0	0.000000E+0	1.964247E-4	2.976042E-9	0.000000E+0	0.000000E+0	1.999959E+1	0.000000E+0	4.000000E+0
28-Apr-25	11:24:05	-1.000000E-5	-3.694695E+0	-8.000000E-5	-3.615000E-5	-3.500000E-7	-1.820000E-7	3.660000E-7	0.000000E+0	0.000000E+0	1.964247E-4	2.976042E-9	0.000000E+0	0.000000E+0	1.999959E+1	0.000000E+0	4.000000E+0
28-Apr-25	11:24:06	-1.000000E-5	-3.702615E+0	-8.000000E-5	-3.620000E-5	-4.000000E-7	1.040000E-7	1.880000E-7	0.000000E+0	0.000000E+0	1.964247E-4	2.976042E-9	0.000000E+0	0.000000E+0	1.999959E+1	0.000000E+0	4.000000E+0
28-Apr-25	11:24:07	-1.000000E-5	-3.709145E+0	-8.000000E-5	-3.625000E-5	-2.500000E-7	3.380000E-7	1.500000E-7	0.000000E+0	0.000000E+0	1.964247E-4	2.976042E-9	0.000000E+0	0.000000E+0	1.999959E+1	0.000000E+0	4.000000E+0
28-Apr-25	11:24:07	-1.000000E-5	-3.716805E+0	-8.000000E-5	-3.625000E-5	-2.000000E-7	4.120000E-7	1.000000E-7	0.000000E+0	0.000000E+0	1.964247E-4	2.976042E-9	0.000000E+0	0.000000E+0	1.999959E+1	0.000000E+0	4.000000E+0
28-Apr-25	11:24:08	-1.000000E-5	-3.722695E+0	-8.000000E-5	-3.610000E-5	-4.000000E-7	2.360000E-7	-1.080000E-7	0.000000E+0	0.000000E+0	1.964247E-4	2.976042E-9	0.000000E+0	0.000000E+0	1.999959E+1	0.000000E+0	4.000000E+0
28-Apr-25	11:24:08	-1.000000E-5	-3.728555E+0	-8.000000E-5	-3.630000E-5	-3.000000E-7	2.200000E-8	-3.400000E-7	0.000000E+0	0.000000E+0	1.964247E-4	2.976042E-9	0.000000E+0	0.000000E+0	1.999959E+1	0.000000E+0	4.000000E+0
28-Apr-25	11:24:09	-1.000000E-5	-3.734425E+0	-8.000000E-5	-3.640000E-5	-4.500000E-7	-3.200000E-8	-3.680000E-7	0.000000E+0	0.000000E+0	1.964247E-4	2.976042E-9	0.000000E+0	0.000000E+0	1.999959E+1	0.000000E+0	4.000000E+0
28-Apr-25	11:24:09	-1.000000E-5	-3.740835E+0	-8.000000E-5	-3.620000E-5	-5.500000E-7	-4.000000E-9	-2.920000E-7	0.000000E+0	0.000000E+0	1.964247E-4	2.976042E-9	0.000000E+0	0.000000E+0	1.999959E+1	0.000000E+0	4.000000E+0
28-Apr-25	11:24:10	-1.000000E-5	-3.746645E+0	-8.000000E-5	-3.630000E-5	-3.500000E-7	1.020000E-7	-2.260000E-7	0.000000E+0	0.000000E+0	1.964247E-4	2.976042E-9	0.000000E+0	0.000000E+0	1.999959E+1	0.000000E+0	4.000000E+0
28-Apr-25	11:24:10	-1.000000E-5	-3.755520E+0	-8.000000E-5	-3.630000E-5	-4.500000E-7	3.000000E-7	-1.340000E-7	0.000000E+0	0.000000E+0	1.964247E-4	2.976042E-9	0.000000E+0	0.000000E+0	1.999959E+1	0.000000E+0	4.000000E+0
28-Apr-25	11:24:11	-1.000000E-5	-3.761300E+0	-8.000000E-5	-3.620000E-5	-4.500000E-7	2.880000E-7	-8.800000E-8	0.000000E+0	0.000000E+0	1.964247E-4	2.976042E-9	0.000000E+0	0.000000E+0	1.999959E+1	0.000000E+0	4.000000E+0
28-Apr-25	11:24:11	-1.000000E-5	-3.766480E+0	-8.000000E-5	-3.630000E-5	-4.000000E-7	2.100000E-7	-8.000000E-8	0.000000E+0	0.000000E+0	1.964247E-4	2.976042E-9	0.000000E+0	0.000000E+0	1.999959E+1	0.000000E+0	4.000000E+0
28-Apr-25	11:24:12	-1.000000E-5	-3.772205E+0	-8.000000E-5	-3.635000E-5	-3.000000E-7	1.460000E-7	-1.120000E-7	0.000000E+0	0.000000E+0	1.964247E-4	2.976042E-9	0.000000E+0	0.000000E+0	1.999959E+1	0.000000E+0	4.000000E+0
28-Apr-25	11:24:12	-1.000000E-5	-3.777920E+0	-8.000000E-5	-3.630000E-5	-3.500000E-7	5.400000E-8	-1.180000E-7	0.000000E+0	0.000000E+0	1.964247E-4	2.976042E-9	0.000000E+0	0.000000E+0	1.999959E+1	0.000000E+0	4.000000E+0
28-Apr-25	11:24:13	-1.000000E-5	-3.783625E+0	-8.000000E-5	-3.630000E-5	-4.000000E-7	-1.440000E-7	-5.800000E-8	0.000000E+0	0.000000E+0	1.964247E-4	2.976042E-9	0.000000E+0	0.000000E+0	1.999959E+1	0.000000E+0	4.000000E+0
28-Apr-25	11:24:13	-1.000000E-5	-3.789305E+0	-8.000000E-5	-3.640000E-5	-4.000000E-7	-3.620000E-7	3.400000E-8	0.000000E+0	0.000000E+0	1.964247E-4	2.976042E-9	0.000000E+0	0.000000E+0	1.999959E+1	0.000000E+0	4.000000E+0
28-Apr-25	11:24:14	-1.000000E-5	-3.794600E+0	-8.000000E-5	-3.625000E-5	-3.500000E-7	-4.020000E-7	1.380000E-7	0.000000E+0	0.000000E+0	1.964247E-4	2.976042E-9	0.000000E+0	0.000000E+0	1.999959E+1	0.000000E+0	4.000000E+0
28-Apr-25	11:24:14	-1.000000E-5	-3.801390E+0	-8.000000E-5	-3.625000E-5	-2.500000E-7	-1.060000E-7	3.100000E-7	0.000000E+0	0.000000E+0	1.964247E-4	2.976042E-9	0.000000E+0	0.000000E+0	1.999959E+1	0.000000E+0	4.000000E+0
28-Apr-25	11:24:15	-1.000000E-5	-3.807030E+0	-8.000000E-5	-3.645000E-5	-3.500000E-7	1.280000E-7	3.700000E-7	0.000000E+0	0.000000E+0	1.964247E-4	2.976042E-9	0.000000E+0	0.000000E+0	1.999959E+1	0.000000E+0	4.000000E+0
28-Apr-25	11:24:16	-1.000000E-5	-3.812660E+0	-8.000000E-5	-3.645000E-5	-2.500000E-7	1.660000E-7	3.520000E-7	0.000000E+0	0.000000E+0	1.964247E-4	2.976042E-9	0.000000E+0	0.000000E+0	1.999959E+1	0.000000E+0	4.000000E+0
28-Apr-25	11:24:16	-1.000000E-5	-3.819935E+0	-8.000000E-5	-3.640000E-5	-3.500000E-7	-1.180000E-7	2.900000E-7	0.000000E+0	0.000000E+0	1.964247E-4	2.976042E-9	0.000000E+0	0.000000E+0	1.999959E+1	0.000000E+0	4.000000E+0
28-Apr-25	11:24:17	-1.000000E-5	-3.824940E+0	-8.000000E-5	-3.640000E-5	-4.500000E-7	-3.220000E-7	2.220000E-7	0.000000E+0	0.000000E+0	1.964247E-4	2.976042E-9	0.000000E+0	0.000000E+0	1.999959E+1	0.000000E+0	4.000000E+0
28-Apr-25	11:24:17	-1.000000E-5	-3.830505E+0	-8.000000E-5	-3.625000E-5	-2.500000E-7	-3.560000E-7	1.020000E-7	0.000000E+0	0.000000E+0	1.964247E-4	2.976042E-9	0.000000E+0	0.000000E+0	1.999959E+1	0.000000E+0	4.000000E+0
28-Apr-25	11:24:18	-1.000000E-5	-3.836065E+0	-8.000000E-5	-3.620000E-5	-2.000000E-7	-2.120000E-7	-9.200000E-8	0.000000E+0	0.000000E+0	1.964247E-4	2.976042E-9	0.000000E+0	0.000000E+0	1.999959E+1	0.000000E+0	4.000000E+0
28-Apr-25	11:24:18	-1.000000E-5	-3.841615E+0	-8.000000E-5	-3.630000E-5	-1.500000E-7	-1.040000E-7	-2.640000E-7	0.000000E+0	0.000000E+0	1.964247E-4	2.976042E-9	0.000000E+0	0.000000E+0	1.999959E+1	0.000000E+0	4.000000E+0
28-Apr-25	11:24:19	-1.000000E-5	-3.847135E+0	-8.000000E-5	-3.635000E-5	-3.000000E-7	-8.600000E-8	-2.020000E-7	0.000000E+0	0.000000E+0	1.964247E-4	2.976042E-9	0.000000E+0	0.000000E+0	1.999959E+1	0.000000E+0	4.000000E+0
28-Apr-25	11:24:19	-1.000000E-5	-3.852650E+0	-8.000000E-5	-3.640000E-5	-3.000000E-7	-6.200000E-8	2.600000E-8	0.000000E+0	0.000000E+0	1.964247E-4	2.976042E-9	0.000000E+0	0.000000E+0	1.999959E+1	0.000000E+0	4.000000E+0
28-Apr-25	11:24:20	-1.000000E-5	-3.858125E+0	-8.000000E-5	-3.630000E-5	-3.000000E-7	-3.800000E-8	1.680000E-7	0.000000E+0	0.000000E+0	1.964247E-4	2.976042E-9	0.000000E+0	0.000000E+0	1.999959E+1	0.000000E+0	4.000000E+0
28-Apr-25	11:24:20	-1.000000E-5	-3.864145E+0	-8.000000E-5	-3.625000E-5	-4.500000E-7	-1.220000E-7	8.800000E-8	0.000000E+0	0.000000E+0	1.964247E-4	2.976042E-9	0.000000E+0	0.000000E+0	1.999959E+1	0.000000E+0	4.000000E+0
28-Apr-25	11:24:21	-1.000000E-5	-3.872490E+0	-8.000000E-5	-3.650000E-5	-3.000000E-7	-3.300000E-7	-4.400000E-8	0.000000E+0	0.000000E+0	1.964247E-4	2.976042E-9	0.000000E+0	0.000000E+0	1.999959E+1	0.000000E+0	4.000000E+0
28-Apr-25	11:24:21	-1.000000E-5	-3.877915E+0	-8.000000E-5	-3.645000E-5	-3.000000E-7	-3.300000E-7	-8.200000E-8	0.000000E+0	0.000000E+0	1.964247E-4	2.976042E-9	0.000000E+0	0.000000E+0	1.999959E+1	0.000000E+0	4.000000E+0
28-Apr-25	11:24:22	-1.000000E-5	-3.883320E+0	-8.000000E-5	-3.635000E-5	-4.000000E-7	-3.080000E-7	-1.920000E-7	0.000000E+0	0.000000E+0	1.964247E-4	2.976042E-9	0.000000E+0	0.000000E+0	1.999959E+1	0.000000E+0	4.000000E+0
28-Apr-25	11:24:22	-1.000000E-5	-3.888720E+0	-8.000000E-5	-3.655000E-5	-2.000000E-7	-3.040000E-7	-3.920000E-7	0.000000E+0	0.000000E+0	1.964247E-4	2.976042E-9	0.000000E+0	0.000000E+0	1.999959E+1	0.000000E+0	4.000000E+0
28-Apr-25	11:24:23	-1.000000E-5	-3.894120E+0	-8.000000E-5	-3.630000E-5	-3.000000E-7	-2.060000E-7	-4.720000E-7	0.000000E+0	0.000000E+0	1.964247E-4	2.976042E-9	0.000000E+0	0.000000E+0	1.999959E+1	0.000000E+0	4.000000E+0
28-Apr-25	11:24:23	-1.000000E-5	-3.898940E+0	-8.000000E-5	-3.635000E-5	-2.500000E-7	-6.200000E-8	-3.300000E-7	0.000000E+0	0.000000E+0	1.964247E-4	2.976042E-9	0.000000E+0	0.000000E+0	1.999959E+1	0.000000E+0	4.000000E+0
28-Apr-25	11:24:24	-1.000000E-5	-3.904310E+0	-8.000000E-5	-3.640000E-5	-3.500000E-7	-2.800000E-8	-1.340000E-7	0.000000E+0	0.000000E+0	1.964247E-4	2.976042E-9	0.000000E+0	0.000000E+0	1.999959E+1	0.000000E+0	4.000000E+0
28-Apr-25	11:24:24	-1.000000E-5	-3.910170E+0	-8.000000E-5	-3.640000E-5	-4.500000E-7	-5.200000E-8	0.000000E+0	0.000000E+0	0.000000E+0	1.964247E-4	2.976042E-9	0.000000E+0	0.000000E+0	1.999959E+1	0.000000E+0	4.000000E+0
28-Apr-25	11:24:25	-1.000000E-5	-3.916010E+0	-8.000000E-5	-3.660000E-5	-3.500000E-7	-9.200000E-8	8.000000E-9	0.000000E+0	0.000000E+0	1.964247E-4	2.976042E-9	0.000000E+0	0.000000E+0	1.999959E+1	0.000000E+0	4.000000E+0
28-Apr-25	11:24:26	-1.000000E-5	-3.923620E+0	-8.000000E-5	-3.650000E-5	-3.000000E-7	-1.860000E-7	-7.600000E-8	0.000000E+0	0.000000E+0	1.964247E-4	2.976042E-9	0.000000E+0	0.000000E+0	1.999959E+1	0.000000E+0	4.000000E+0
28-Apr-25	11:24:26	-1.000000E-5	-3.928885E+0	-8.000000E-5	-3.650000E-5	-3.500000E-7	-2.060000E-7	-1.460000E-7	0.000000E+0	0.000000E+0	1.964247E-4	2.976042E-9	0.000000E+0	0.000000E+0	1.999959E+1	0.000000E+0	4.000000E+0
28-Apr-25	11:24:27	-1.000000E-5	-3.934675E+0	-8.000000E-5	-3.635000E-5	-2.500000E-7	-9.400000E-8	-1.180000E-7	0.000000E+0	0.000000E+0	1.964247E-4	2.976042E-9	0.000000E+0	0.000000E+0	1.999959E+1	0.000000E+0	4.000000E+0
28-Apr-25	11:24:27	-1.000000E-5	-3.939915E+0	-8.000000E-5	-3.635000E-5	-3.500000E-7	6.800000E-8	3.000000E-8	0.000000E+0	0.000000E+0	1.964247E-4	2.976042E-9	0.000000E+0	0.000000E+0	1.999959E+1	0.000000E+0	4.000000E+0
28-Apr-25	11:24:28	-1.000000E-5	-3.944625E+0	-8.000000E-5	-3.650000E-5	-2.000000E-7	1.900000E-7	1.100000E-7	0.000000E+0	0.000000E+0	1.964247E-4	2.976042E-9	0.000000E+0	0.000000E+0	1.999959E+1	0.000000E+0	4.000000E+0
28-Apr-25	11:24:28	-1.000000E-5	-3.949840E+0	-8.000000E-5	-3.645000E-5	-3.500000E-7	2.460000E-7	-3.600000E-8	0.000000E+0	0.000000E+0	1.964247E-4	2.976042E-9	0.000000E+0	0.000000E+0	1.999959E+1	0.000000E+0	4.000000E+0
28-Apr-25	11:24:29	-1.000000E-5	-3.955035E+0	-8.000000E-5	-3.635000E-5	-2.000000E-7	3.160000E-7	-3.120000E-7	0.000000E+0	0.000000E+0	1.964247E-4	2.976042E-9	0.000000E+0	0.000000E+0	1.999959E+1	0.000000E+0	4.000000E+0
28-Apr-25	11:24:29	-1.000000E-5	-3.960735E+0	-8.000000E-5	-3.655000E-5	-2.000000E-7	3.780000E-7	-4.600000E-7	0.000000E+0	0.000000E+0	1.964247E-4	2.976042E-9	0.000000E+0	0.000000E+0	1.999959E+1	0.000000E+0	4.000000E+0
28-Apr-25	11:24:30	-1.000000E-5	-3.966505E+0	-8.000000E-5	-3.635000E-5	-2.500000E-7	2.540000E-7	-3.000000E-7	0.000000E+0	0.000000E+0	1.964247E-4	2.976042E-9	0.000000E+0	0.000000E+0	1.999959E+1	0.000000E+0	4.000000E+0
28-Apr-25	11:24:31	-1.000000E-5	-3.974825E+0	-8.000000E-5	-3.670000E-5	-3.000000E-7	5.400000E-8	2.000000E-8	0.000000E+0	0.000000E+0	1.964247E-4	2.976042E-9	0.000000E+0	0.000000E+0	1.999959E+1	0.000000E+0	4.000000E+0
28-Apr-25	11:24:31	-1.000000E-5	-3.980635E+0	-8.000000E-5	-3.650000E-5	-4.500000E-7	1.800000E-8	1.460000E-7	0.000000E+0	0.000000E+0	1.964247E-4	2.976042E-9	0.000000E+0	0.000000E+0	1.999959E+1	0.000000E+0	4.000000E+0
28-Apr-25	11:24:32	-1.000000E-5	-3.985735E+0	-8.000000E-5	-3.645000E-5	-3.000000E-7	-2.000000E-8	1.960000E-7	0.000000E+0	0.000000E+0	1.964247E-4	2.976042E-9	0.000000E+0	0.000000E+0	1.999959E+1	0.000000E+0	4.000000E+0
28-Apr-25	11:24:32	-1.000000E-5	-3.991340E+0	-8.000000E-5	-3.660000E-5	-3.000000E-7	-4.000000E-8	1.320000E-7	0.000000E+0	0.000000E+0	1.964247E-4	2.976042E-9	0.000000E+0	0.000000E+0	1.999959E+1	0.000000E+0	4.000000E+0
28-Apr-25	11:24:33	-1.000000E-5	-3.998445E+0	-8.000000E-5	-3.665000E-5	-3.500000E-7	1.400000E-8	4.600000E-8	0.000000E+0	0.000000E+0	1.964247E-4	2.976042E-9	0.000000E+0	0.000000E+0	1.999959E+1	0.000000E+0	4.000000E+0
28-Apr-25	11:24:34	-1.000000E-5	-4.005515E+0	-8.000000E-5	-3.660000E-5	-3.500000E-7	1.000000E-8	8.600000E-8	0.000000E+0	0.000000E+0	1.964247E-4	2.976042E-9	0.000000E+0	0.000000E+0	1.999959E+1	0.000000E+0	4.000000E+0
28-Apr-25	11:24:34	-1.000000E-5	-4.010565E+0	-8.000000E-5	-3.660000E-5	-4.000000E-7	-2.800000E-8	8.200000E-8	0.000000E+0	0.000000E+0	1.964247E-4	2.976042E-9	0.000000E+0	0.000000E+0	1.999959E+1	0.000000E+0	4.000000E+0
28-Apr-25	11:24:35	-1.000000E-5	-4.015590E+0	-8.000000E-5	-3.650000E-5	-2.500000E-7	-8.200000E-8	6.400000E-8	0.000000E+0	0.000000E+0	1.964247E-4	2.976042E-9	0.000000E+0	0.000000E+0	1.999959E+1	0.000000E+0	4.000000E+0
28-Apr-25	11:24:35	-1.000000E-5	-4.020600E+0	-8.000000E-5	-3.650000E-5	-4.500000E-7	-1.280000E-7	7.200000E-8	0.000000E+0	0.000000E+0	1.964247E-4	2.976042E-9	0.000000E+0	0.000000E+0	1.999959E+1	0.000000E+0	4.000000E+0
28-Apr-25	11:24:36	-1.000000E-5	-4.027755E+0	-8.000000E-5	-3.635000E-5	-5.500000E-7	-6.600000E-8	1.400000E-8	0.000000E+0	0.000000E+0	1.964247E-4	2.976042E-9	0.000000E+0	0.000000E+0	1.999959E+1	0.000000E+0	4.000000E+0
28-Apr-25	11:24:36	-1.000000E-5	-4.032240E+0	-8.000000E-5	-3.650000E-5	-3.500000E-7	-8.000000E-9	-1.020000E-7	0.000000E+0	0.000000E+0	1.964247E-4	2.976042E-9	0.000000E+0	0.000000E+0	1.999959E+1	0.000000E+0	4.000000E+0
28-Apr-25	11:24:37	-1.000000E-5	-4.037205E+0	-8.000000E-5	-3.645000E-5	-3.500000E-7	0.000000E+0	-2.320000E-7	0.000000E+0	0.000000E+0	1.964247E-4	2.976042E-9	0.000000E+0	0.000000E+0	1.999959E+1	0.000000E+0	4.000000E+0
28-Apr-25	11:24:37	-1.000000E-5	-4.042655E+0	-8.000000E-5	-3.645000E-5	-2.500000E-7	2.200000E-8	-2.220000E-7	0.000000E+0	0.000000E+0	1.964247E-4	2.976042E-9	0.000000E+0	0.000000E+0	1.999959E+1	0.000000E+0	4.000000E+0
28-Apr-25	11:24:38	-1.000000E-5	-4.047585E+0	-8.000000E-5	-3.640000E-5	-3.500000E-7	1.220000E-7	-1.140000E-7	0.000000E+0	0.000000E+0	1.964247E-4	2.976042E-9	0.000000E+0	0.000000E+0	1.999959E+1	0.000000E+0	4.000000E+0
28-Apr-25	11:24:38	-1.000000E-5	-4.052000E+0	-8.000000E-5	-3.645000E-5	-3.000000E-7	2.040000E-7	-5.600000E-8	0.000000E+0	0.000000E+0	1.964247E-4	2.976042E-9	0.000000E+0	0.000000E+0	1.999959E+1	0.000000E+0	4.000000E+0
28-Apr-25	11:24:39	-1.000000E-5	-4.056910E+0	-8.000000E-5	-3.650000E-5	-3.000000E-7	1.860000E-7	-6.400000E-8	0.000000E+0	0.000000E+0	1.964247E-4	2.976042E-9	0.000000E+0	0.000000E+0	1.999959E+1	0.000000E+0	4.000000E+0
28-Apr-25	11:24:40	-1.000000E-5	-4.063820E+0	-8.000000E-5	-3.650000E-5	-2.500000E-7	6.600000E-8	-8.200000E-8	0.000000E+0	0.000000E+0	1.964247E-4	2.976042E-9	0.000000E+0	0.000000E+0	1.999959E+1	0.000000E+0	4.000000E+0
28-Apr-25	11:24:40	-1.000000E-5	-4.070215E+0	-8.000000E-5	-3.660000E-5	-4.000000E-7	1.800000E-8	-1.640000E-7	0.000000E+0	0.000000E+0	1.964247E-4	2.976042E-9	0.000000E+0	0.000000E+0	1.999959E+1	0.000000E+0	4.000000E+0
28-Apr-25	11:24:41	-1.000000E-5	-4.075055E+0	-8.000000E-5	-3.660000E-5	-4.000000E-7	-1.600000E-8	-2.320000E-7	0.000000E+0	0.000000E+0	1.964247E-4	2.976042E-9	0.000000E+0	0.000000E+0	1.999959E+1	0.000000E+0	4.000000E+0
28-Apr-25	11:24:41	-1.000000E-5	-4.079900E+0	-8.000000E-5	-3.660000E-5	-4.000000E-7	-6.600000E-8	-2.220000E-7	0.000000E+0	0.000000E+0	1.964247E-4	2.976042E-9	0.000000E+0	0.000000E+0	1.999959E+1	0.000000E+0	4.000000E+0
28-Apr-25	11:24:42	-1.000000E-5	-4.086260E+0	-8.000000E-5	-3.650000E-5	-2.500000E-7	-1.440000E-7	-1.260000E-7	0.000000E+0	0.000000E+0	1.964247E-4	2.976042E-9	0.000000E+0	0.000000E+0	1.999959E+1	0.000000E+0	4.000000E+0
28-Apr-25	11:24:42	-1.000000E-5	-4.091620E+0	-8.000000E-5	-3.650000E-5	-3.000000E-7	-1.740000E-7	-6.400000E-8	0.000000E+0	0.000000E+0	1.964247E-4	2.976042E-9	0.000000E+0	0.000000E+0	1.999959E+1	0.000000E+0	4.000000E+0
28-Apr-25	11:24:43	-1.000000E-5	-4.097345E+0	-8.000000E-5	-3.635000E-5	-3.000000E-7	-1.820000E-7	-6.800000E-8	0.000000E+0	0.000000E+0	1.964247E-4	2.976042E-9	0.000000E+0	0.000000E+0	1.999959E+1	0.000000E+0	4.000000E+0
28-Apr-25	11:24:44	-1.000000E-5	-4.102115E+0	-8.000000E-5	-3.670000E-5	-3.500000E-7	-1.600000E-7	-1.080000E-7	0.000000E+0	0.000000E+0	1.964247E-4	2.976042E-9	0.000000E+0	0.000000E+0	1.999959E+1	0.000000E+0	4.000000E+0
28-Apr-25	11:24:44	-1.000000E-5	-4.108755E+0	-8.000000E-5	-3.665000E-5	-2.500000E-7	-5.400000E-8	-1.760000E-7	0.000000E+0	0.000000E+0	1.964247E-4	2.976042E-9	0.000000E+0	0.000000E+0	1.999959E+1	0.000000E+0	4.000000E+0
28-Apr-25	11:24:45	-1.000000E-5	-4.113490E+0	-8.000000E-5	-3.665000E-5	-4.000000E-7	6.800000E-8	-2.360000E-7	0.000000E+0	0.000000E+0	1.964247E-4	2.976042E-9	0.000000E+0	0.000000E+0	1.999959E+1	0.000000E+0	4.000000E+0
28-Apr-25	11:24:45	-1.000000E-5	-4.118305E+0	-8.000000E-5	-3.660000E-5	-2.500000E-7	2.080000E-7	-3.120000E-7	0.000000E+0	0.000000E+0	1.964247E-4	2.976042E-9	0.000000E+0	0.000000E+0	1.999959E+1	0.000000E+0	4.000000E+0
28-Apr-25	11:24:46	-1.000000E-5	-4.123550E+0	-8.000000E-5	-3.640000E-5	-3.500000E-7	2.000000E-7	-3.100000E-7	0.000000E+0	0.000000E+0	1.964247E-4	2.976042E-9	0.000000E+0	0.000000E+0	1.999959E+1	0.000000E+0	4.000000E+0
28-Apr-25	11:24:46	-1.000000E-5	-4.127765E+0	-8.000000E-5	-3.655000E-5	-4.000000E-7	6.800000E-8	-2.500000E-7	0.000000E+0	0.000000E+0	1.964247E-4	2.976042E-9	0.000000E+0	0.000000E+0	1.999959E+1	0.000000E+0	4.000000E+0
28-Apr-25	11:24:47	-1.000000E-5	-4.132445E+0	-8.000000E-5	-3.675000E-5	-3.500000E-7	-1.100000E-7	-1.900000E-7	0.000000E+0	0.000000E+0	1.964247E-4	2.976042E-9	0.000000E+0	0.000000E+0	1.999959E+1	0.000000E+0	4.000000E+0
28-Apr-25	11:24:47	-1.000000E-5	-4.137570E+0	-8.000000E-5	-3.665000E-5	-4.500000E-7	-2.220000E-7	-1.680000E-7	0.000000E+0	0.000000E+0	1.964247E-4	2.976042E-9	0.000000E+0	0.000000E+0	1.999959E+1	0.000000E+0	4.000000E+0
28-Apr-25	11:24:48	-1.000000E-5	-4.142220E+0	-8.000000E-5	-3.655000E-5	-3.000000E-7	-1.780000E-7	-1.340000E-7	0.000000E+0	0.000000E+0	1.964247E-4	2.976042E-9	0.000000E+0	0.000000E+0	1.999959E+1	0.000000E+0	4.000000E+0
28-Apr-25	11:24:48	-1.000000E-5	-4.147325E+0	-8.000000E-5	-3.665000E-5	-3.000000E-7	-1.280000E-7	-1.040000E-7	0.000000E+0	0.000000E+0	1.964247E-4	2.976042E-9	0.000000E+0	0.000000E+0	1.999959E+1	0.000000E+0	4.000000E+0
28-Apr-25	11:24:49	-1.000000E-5	-4.153785E+0	-8.000000E-5	-3.655000E-5	-4.000000E-7	-2.060000E-7	-2.240000E-7	0.000000E+0	0.000000E+0	1.964247E-4	2.976042E-9	0.000000E+0	0.000000E+0	1.999959E+1	0.000000E+0	4.000000E+0
28-Apr-25	11:24:49	-1.000000E-5	-4.158390E+0	-8.000000E-5	-3.655000E-5	-4.500000E-7	-2.700000E-7	-3.300000E-7	0.000000E+0	0.000000E+0	1.964247E-4	2.976042E-9	0.000000E+0	0.000000E+0	1.999959E+1	0.000000E+0	4.000000E+0
28-Apr-25	11:24:50	-1.000000E-5	-4.163125E+0	-8.000000E-5	-3.655000E-5	-3.500000E-7	-2.620000E-7	-2.840000E-7	0.000000E+0	0.000000E+0	1.964247E-4	2.976042E-9	0.000000E+0	0.000000E+0	1.999959E+1	0.000000E+0	4.000000E+0
28-Apr-25	11:24:50	-1.000000E-5	-4.167630E+0	-8.000000E-5	-3.665000E-5	-3.000000E-7	-1.600000E-7	-9.600000E-8	0.000000E+0	0.000000E+0	1.964247E-4	2.976042E-9	0.000000E+0	0.000000E+0	1.999959E+1	0.000000E+0	4.000000E+0
28-Apr-25	11:24:51	-1.000000E-5	-4.172110E+0	-8.000000E-5	-3.660000E-5	-2.000000E-7	-8.000000E-9	5.400000E-8	0.000000E+0	0.000000E+0	1.964247E-4	2.976042E-9	0.000000E+0	0.000000E+0	1.999959E+1	0.000000E+0	4.000000E+0
28-Apr-25	11:24:51	-1.000000E-5	-4.176665E+0	-8.000000E-5	-3.660000E-5	-2.500000E-7	9.000000E-8	1.160000E-7	0.000000E+0	0.000000E+0	1.964247E-4	2.976042E-9	0.000000E+0	0.000000E+0	1.999959E+1	0.000000E+0	4.000000E+0
28-Apr-25	11:24:52	-1.000000E-5	-4.181180E+0	-8.000000E-5	-3.660000E-5	-2.000000E-7	8.600000E-8	1.320000E-7	0.000000E+0	0.000000E+0	1.964247E-4	2.976042E-9	0.000000E+0	0.000000E+0	1.999959E+1	0.000000E+0	4.000000E+0
28-Apr-25	11:24:52	-1.000000E-5	-4.185265E+0	-8.000000E-5	-3.660000E-5	-3.000000E-7	2.200000E-8	1.340000E-7	0.000000E+0	0.000000E+0	1.964247E-4	2.976042E-9	0.000000E+0	0.000000E+0	1.999959E+1	0.000000E+0	4.000000E+0
28-Apr-25	11:24:53	-1.000000E-5	-4.189780E+0	-8.000000E-5	-3.665000E-5	-4.000000E-7	-1.000000E-7	1.480000E-7	0.000000E+0	0.000000E+0	1.964247E-4	2.976042E-9	0.000000E+0	0.000000E+0	1.999959E+1	0.000000E+0	4.000000E+0
28-Apr-25	11:24:53	-1.000000E-5	-4.194275E+0	-8.000000E-5	-3.650000E-5	-3.500000E-7	-2.320000E-7	1.800000E-7	0.000000E+0	0.000000E+0	1.964247E-4	2.976042E-9	0.000000E+0	0.000000E+0	1.999959E+1	0.000000E+0	4.000000E+0
28-Apr-25	11:24:54	-1.000000E-5	-4.198755E+0	-8.000000E-5	-3.650000E-5	-4.000000E-7	-2.460000E-7	1.700000E-7	0.000000E+0	0.000000E+0	1.964247E-4	2.976042E-9	0.000000E+0	0.000000E+0	1.999959E+1	0.000000E+0	4.000000E+0
28-Apr-25	11:24:54	-1.000000E-5	-4.203225E+0	-8.000000E-5	-3.650000E-5	-4.000000E-7	-1.040000E-7	6.800000E-8	0.000000E+0	0.000000E+0	1.964247E-4	2.976042E-9	0.000000E+0	0.000000E+0	1.999959E+1	0.000000E+0	4.000000E+0
28-Apr-25	11:24:55	-1.000000E-5	-4.207380E+0	-8.000000E-5	-3.655000E-5	-3.000000E-7	3.600000E-8	-3.600000E-8	0.000000E+0	0.000000E+0	1.964247E-4	2.976042E-9	0.000000E+0	0.000000E+0	1.999959E+1	0.000000E+0	4.000000E+0
28-Apr-25	11:24:56	-1.000000E-5	-4.213155E+0	-8.000000E-5	-3.660000E-5	-2.000000E-7	6.400000E-8	-2.000000E-8	0.000000E+0	0.000000E+0	1.964247E-4	2.976042E-9	0.000000E+0	0.000000E+0	1.999959E+1	0.000000E+0	4.000000E+0
28-Apr-25	11:24:56	-1.000000E-5	-4.217585E+0	-8.000000E-5	-3.660000E-5	-2.000000E-7	6.400000E-8	4.600000E-8	0.000000E+0	0.000000E+0	1.964247E-4	2.976042E-9	0.000000E+0	0.000000E+0	1.999959E+1	0.000000E+0	4.000000E+0
28-Apr-25	11:24:56	-1.000000E-5	-4.221545E+0	-8.000000E-5	-3.675000E-5	-2.500000E-7	1.060000E-7	-1.400000E-8	0.000000E+0	0.000000E+0	1.964247E-4	2.976042E-9	0.000000E+0	0.000000E+0	1.999959E+1	0.000000E+0	4.000000E+0
28-Apr-25	11:24:57	-1.000000E-5	-4.225950E+0	-8.000000E-5	-3.680000E-5	-2.500000E-7	9.800000E-8	-1.760000E-7	0.000000E+0	0.000000E+0	1.964247E-4	2.976042E-9	0.000000E+0	0.000000E+0	1.999959E+1	0.000000E+0	4.000000E+0
28-Apr-25	11:24:58	-1.000000E-5	-4.230350E+0	-8.000000E-5	-3.675000E-5	-4.500000E-7	3.600000E-8	-2.180000E-7	0.000000E+0	0.000000E+0	1.964247E-4	2.976042E-9	0.000000E+0	0.000000E+0	1.999959E+1	0.000000E+0	4.000000E+0
28-Apr-25	11:24:58	-1.000000E-5	-4.235745E+0	-8.000000E-5	-3.655000E-5	-4.500000E-7	5.000000E-8	-1.140000E-7	0.000000E+0	0.000000E+0	1.964247E-4	2.976042E-9	0.000000E+0	0.000000E+0	1.999959E+1	0.000000E+0	4.000000E+0
28-Apr-25	11:24:59	-1.000000E-5	-4.240110E+0	-8.000000E-5	-3.650000E-5	-4.000000E-7	7.000000E-8	-1.420000E-7	0.000000E+0	0.000000E+0	1.964247E-4	2.976042E-9	0.000000E+0	0.000000E+0	1.999959E+1	0.000000E+0	4.000000E+0
28-Apr-25	11:24:59	-1.000000E-5	-4.244460E+0	-8.000000E-5	-3.655000E-5	-3.000000E-7	3.200000E-8	-2.500000E-7	0.000000E+0	0.000000E+0	1.964247E-4	2.976042E-9	0.000000E+0	0.000000E+0	1.999959E+1	0.000000E+0	4.000000E+0
28-Apr-25	11:25:00	-1.000000E-5	-4.248350E+0	-8.000000E-5	-3.665000E-5	-2.000000E-7	2.200000E-8	-2.700000E-7	0.000000E+0	0.000000E+0	1.964247E-4	2.976042E-9	0.000000E+0	0.000000E+0	1.999959E+1	0.000000E+0	4.000000E+0
28-Apr-25	11:25:00	-1.000000E-5	-4.252270E+0	-8.000000E-5	-3.655000E-5	-2.000000E-7	4.800000E-8	-1.960000E-7	0.000000E+0	0.000000E+0	1.964247E-4	2.976042E-9	0.000000E+0	0.000000E+0	1.999959E+1	0.000000E+0	4.000000E+0
28-Apr-25	11:25:01	-1.000000E-5	-4.256575E+0	-8.000000E-5	-3.655000E-5	-2.000000E-7	7.000000E-8	-1.140000E-7	0.000000E+0	0.000000E+0	1.964247E-4	2.976042E-9	0.000000E+0	0.000000E+0	1.999959E+1	0.000000E+0	4.000000E+0
28-Apr-25	11:25:01	-1.000000E-5	-4.262580E+0	-8.000000E-5	-3.640000E-5	-2.500000E-7	1.220000E-7	-3.600000E-8	0.000000E+0	0.000000E+0	1.964247E-4	2.976042E-9	0.000000E+0	0.000000E+0	1.999959E+1	0.000000E+0	4.000000E+0
28-Apr-25	11:25:02	-1.000000E-5	-4.267270E+0	-8.000000E-5	-3.660000E-5	-3.000000E-7	1.500000E-7	-1.600000E-8	0.000000E+0	0.000000E+0	1.964247E-4	2.976042E-9	0.000000E+0	0.000000E+0	1.999959E+1	0.000000E+0	4.000000E+0
28-Apr-25	11:25:02	-1.000000E-5	-4.271110E+0	-8.000000E-5	-3.665000E-5	-3.500000E-7	2.260000E-7	-2.000000E-9	0.000000E+0	0.000000E+0	1.964247E-4	2.976042E-9	0.000000E+0	0.000000E+0	1.999959E+1	0.000000E+0	4.000000E+0
28-Apr-25	11:25:03	-1.000000E-5	-4.275510E+0	-8.000000E-5	-3.665000E-5	-3.500000E-7	3.340000E-7	2.000000E-9	0.000000E+0	0.000000E+0	1.964247E-4	2.976042E-9	0.000000E+0	0.000000E+0	1.999959E+1	0.000000E+0	4.000000E+0
28-Apr-25	11:25:03	-1.000000E-5	-4.280170E+0	-8.000000E-5	-3.650000E-5	-3.500000E-7	3.500000E-7	-3.600000E-8	0.000000E+0	0.000000E+0	1.964247E-4	2.976042E-9	0.000000E+0	0.000000E+0	1.999959E+1	0.000000E+0	4.000000E+0
28-Apr-25	11:25:04	-1.000000E-5	-4.284830E+0	-8.000000E-5	-3.660000E-5	-3.000000E-7	2.100000E-7	-4.400000E-8	0.000000E+0	0.000000E+0	1.964247E-4	2.976042E-9	0.000000E+0	0.000000E+0	1.999959E+1	0.000000E+0	4.000000E+0
28-Apr-25	11:25:04	-1.000000E-5	-4.289060E+0	-8.000000E-5	-3.655000E-5	-3.000000E-7	8.000000E-8	-2.600000E-8	0.000000E+0	0.000000E+0	1.964247E-4	2.976042E-9	0.000000E+0	0.000000E+0	1.999959E+1	0.000000E+0	4.000000E+0
28-Apr-25	11:25:05	-1.000000E-5	-4.293270E+0	-8.000000E-5	-3.660000E-5	-3.500000E-7	5.000000E-8	-8.000000E-8	0.000000E+0	0.000000E+0	1.964247E-4	2.976042E-9	0.000000E+0	0.000000E+0	1.999959E+1	0.000000E+0	4.000000E+0
28-Apr-25	11:25:05	-1.000000E-5	-4.297455E+0	-8.000000E-5	-3.665000E-5	-4.000000E-7	4.400000E-8	-2.160000E-7	0.000000E+0	0.000000E+0	1.964247E-4	2.976042E-9	0.000000E+0	0.000000E+0	1.999959E+1	0.000000E+0	4.000000E+0
28-Apr-25	11:25:06	-1.000000E-5	-4.302175E+0	-8.000000E-5	-3.665000E-5	-4.500000E-7	-4.800000E-8	-3.740000E-7	0.000000E+0	0.000000E+0	1.964247E-4	2.976042E-9	0.000000E+0	0.000000E+0	1.999959E+1	0.000000E+0	4.000000E+0
28-Apr-25	11:25:06	-1.000000E-5	-4.305930E+0	-8.000000E-5	-3.665000E-5	-4.500000E-7	-1.300000E-7	-3.960000E-7	0.000000E+0	0.000000E+0	1.964247E-4	2.976042E-9	0.000000E+0	0.000000E+0	1.999959E+1	0.000000E+0	4.000000E+0
28-Apr-25	11:25:07	-1.000000E-5	-4.310080E+0	-8.000000E-5	-3.660000E-5	-3.500000E-7	-1.280000E-7	-3.120000E-7	0.000000E+0	0.000000E+0	1.964247E-4	2.976042E-9	0.000000E+0	0.000000E+0	1.999959E+1	0.000000E+0	4.000000E+0
28-Apr-25	11:25:07	-1.000000E-5	-4.315035E+0	-8.000000E-5	-3.660000E-5	-2.500000E-7	1.800000E-8	-2.460000E-7	0.000000E+0	0.000000E+0	1.964247E-4	2.976042E-9	0.000000E+0	0.000000E+0	1.999959E+1	0.000000E+0	4.000000E+0
28-Apr-25	11:25:08	-1.000000E-5	-4.319160E+0	-8.000000E-5	-3.670000E-5	-4.000000E-7	1.560000E-7	-2.200000E-7	0.000000E+0	0.000000E+0	1.964247E-4	2.976042E-9	0.000000E+0	0.000000E+0	1.999959E+1	0.000000E+0	4.000000E+0
28-Apr-25	11:25:09	-1.000000E-5	-4.325055E+0	-8.000000E-5	-3.675000E-5	-3.000000E-7	1.320000E-7	-3.600000E-8	0.000000E+0	0.000000E+0	1.964247E-4	2.976042E-9	0.000000E+0	0.000000E+0	1.999959E+1	0.000000E+0	4.000000E+0
28-Apr-25	11:25:09	-1.000000E-5	-4.329140E+0	-8.000000E-5	-3.690000E-5	-1.500000E-7	2.000000E-9	7.400000E-8	0.000000E+0	0.000000E+0	1.964247E-4	2.976042E-9	0.000000E+0	0.000000E+0	1.999959E+1	0.000000E+0	4.000000E+0
28-Apr-25	11:25:10	-1.000000E-5	-4.334860E+0	-8.000000E-5	-3.670000E-5	-4.000000E-7	-2.400000E-8	1.280000E-7	0.000000E+0	0.000000E+0	1.964247E-4	2.976042E-9	0.000000E+0	0.000000E+0	1.999959E+1	0.000000E+0	4.000000E+0
28-Apr-25	11:25:10	-1.000000E-5	-4.339755E+0	-8.000000E-5	-3.665000E-5	-4.500000E-7	-2.000000E-8	1.700000E-7	0.000000E+0	0.000000E+0	1.964247E-4	2.976042E-9	0.000000E+0	0.000000E+0	1.999959E+1	0.000000E+0	4.000000E+0
28-Apr-25	11:25:11	-1.000000E-5	-4.343795E+0	-8.000000E-5	-3.660000E-5	-3.000000E-7	-7.600000E-8	1.540000E-7	0.000000E+0	0.000000E+0	1.964247E-4	2.976042E-9	0.000000E+0	0.000000E+0	1.999959E+1	0.000000E+0	4.000000E+0
28-Apr-25	11:25:12	-1.000000E-5	-4.349105E+0	-8.000000E-5	-3.660000E-5	-2.500000E-7	-8.800000E-8	1.600000E-7	0.000000E+0	0.000000E+0	1.964247E-4	2.976042E-9	0.000000E+0	0.000000E+0	1.999959E+1	0.000000E+0	4.000000E+0
28-Apr-25	11:25:12	-1.000000E-5	-4.353630E+0	-8.000000E-5	-3.660000E-5	-3.000000E-7	-1.600000E-8	3.200000E-7	0.000000E+0	0.000000E+0	1.964247E-4	2.976042E-9	0.000000E+0	0.000000E+0	1.999959E+1	0.000000E+0	4.000000E+0
28-Apr-25	11:25:13	-1.000000E-5	-4.357635E+0	-8.000000E-5	-3.665000E-5	-2.500000E-7	-4.000000E-9	4.700000E-7	0.000000E+0	0.000000E+0	1.964247E-4	2.976042E-9	0.000000E+0	0.000000E+0	1.999959E+1	0.000000E+0	4.000000E+0
28-Apr-25	11:25:13	-1.000000E-5	-4.361645E+0	-8.000000E-5	-3.660000E-5	-4.500000E-7	-7.000000E-8	4.200000E-7	0.000000E+0	0.000000E+0	1.964247E-4	2.976042E-9	0.000000E+0	0.000000E+0	1.999959E+1	0.000000E+0	4.000000E+0
28-Apr-25	11:25:14	-1.000000E-5	-4.365220E+0	-8.000000E-5	-3.665000E-5	-3.000000E-7	-8.800000E-8	2.660000E-7	0.000000E+0	0.000000E+0	1.964247E-4	2.976042E-9	0.000000E+0	0.000000E+0	1.999959E+1	0.000000E+0	4.000000E+0
28-Apr-25	11:25:14	-1.000000E-5	-4.368805E+0	-8.000000E-5	-3.660000E-5	-3.000000E-7	-2.600000E-8	1.360000E-7	0.000000E+0	0.000000E+0	1.964247E-4	2.976042E-9	0.000000E+0	0.000000E+0	1.999959E+1	0.000000E+0	4.000000E+0
28-Apr-25	11:25:15	-1.000000E-5	-4.372380E+0	-8.000000E-5	-3.660000E-5	-3.500000E-7	7.000000E-8	3.600000E-8	0.000000E+0	0.000000E+0	1.964247E-4	2.976042E-9	0.000000E+0	0.000000E+0	1.999959E+1	0.000000E+0	4.000000E+0
28-Apr-25	11:25:15	-1.000000E-5	-4.377130E+0	-8.000000E-5	-3.670000E-5	-4.000000E-7	1.580000E-7	-9.200000E-8	0.000000E+0	0.000000E+0	1.964247E-4	2.976042E-9	0.000000E+0	0.000000E+0	1.999959E+1	0.000000E+0	4.000000E+0
28-Apr-25	11:25:16	-1.000000E-5	-4.380680E+0	-8.000000E-5	-3.655000E-5	-3.000000E-7	2.100000E-7	-1.480000E-7	0.000000E+0	0.000000E+0	1.964247E-4	2.976042E-9	0.000000E+0	0.000000E+0	1.999959E+1	0.000000E+0	4.000000E+0
28-Apr-25	11:25:16	-1.000000E-5	-4.385005E+0	-8.000000E-5	-3.650000E-5	-3.000000E-7	2.980000E-7	-1.340000E-7	0.000000E+0	0.000000E+0	1.964247E-4	2.976042E-9	0.000000E+0	0.000000E+0	1.999959E+1	0.000000E+0	4.000000E+0
28-Apr-25	11:25:17	-1.000000E-5	-4.388520E+0	-8.000000E-5	-3.655000E-5	-2.000000E-7	2.940000E-7	-4.200000E-8	0.000000E+0	0.000000E+0	1.964247E-4	2.976042E-9	0.000000E+0	0.000000E+0	1.999959E+1	0.000000E+0	4.000000E+0
28-Apr-25	11:25:17	-1.000000E-5	-4.392430E+0	-8.000000E-5	-3.665000E-5	-3.000000E-7	9.800000E-8	8.600000E-8	0.000000E+0	0.000000E+0	1.964247E-4	2.976042E-9	0.000000E+0	0.000000E+0	1.999959E+1	0.000000E+0	4.000000E+0
28-Apr-25	11:25:18	-1.000000E-5	-4.393480E+0	-8.000000E-5	-3.665000E-5	-3.000000E-7	-1.940000E-7	1.660000E-7	0.000000E+0	0.000000E+0	1.964247E-4	2.976042E-9	0.000000E+0	0.000000E+0	1.999959E+1	0.000000E+0	4.000000E+0
28-Apr-25	11:25:18	-1.000000E-5	-4.399885E+0	-8.000000E-5	-3.680000E-5	-3.000000E-7	-3.220000E-7	1.740000E-7	0.000000E+0	0.000000E+0	1.964247E-4	2.976042E-9	0.000000E+0	0.000000E+0	1.999959E+1	0.000000E+0	4.000000E+0
28-Apr-25	11:25:18	-1.000000E-5	-4.403440E+0	-8.000000E-5	-3.665000E-5	-4.000000E-7	-2.740000E-7	1.100000E-7	0.000000E+0	0.000000E+0	1.964247E-4	2.976042E-9	0.000000E+0	0.000000E+0	1.999959E+1	0.000000E+0	4.000000E+0
28-Apr-25	11:25:19	-1.000000E-5	-4.406925E+0	-8.000000E-5	-3.670000E-5	-3.500000E-7	-1.600000E-7	-2.800000E-8	0.000000E+0	0.000000E+0	1.964247E-4	2.976042E-9	0.000000E+0	0.000000E+0	1.999959E+1	0.000000E+0	4.000000E+0
28-Apr-25	11:25:19	-1.000000E-5	-4.410395E+0	-8.000000E-5	-3.665000E-5	-2.000000E-7	-7.000000E-8	-1.680000E-7	0.000000E+0	0.000000E+0	1.964247E-4	2.976042E-9	0.000000E+0	0.000000E+0	1.999959E+1	0.000000E+0	4.000000E+0
28-Apr-25	11:25:20	-1.000000E-5	-4.414620E+0	-8.000000E-5	-3.665000E-5	-3.500000E-7	-5.200000E-8	-2.120000E-7	0.000000E+0	0.000000E+0	1.964247E-4	2.976042E-9	0.000000E+0	0.000000E+0	1.999959E+1	0.000000E+0	4.000000E+0
28-Apr-25	11:25:20	-1.000000E-5	-4.418075E+0	-8.000000E-5	-3.670000E-5	-3.500000E-7	-9.600000E-8	-2.040000E-7	0.000000E+0	0.000000E+0	1.964247E-4	2.976042E-9	0.000000E+0	0.000000E+0	1.999959E+1	0.000000E+0	4.000000E+0
28-Apr-25	11:25:21	-1.000000E-5	-4.422290E+0	-8.000000E-5	-3.660000E-5	-3.500000E-7	-1.000000E-7	-2.040000E-7	0.000000E+0	0.000000E+0	1.964247E-4	2.976042E-9	0.000000E+0	0.000000E+0	1.999959E+1	0.000000E+0	4.000000E+0
28-Apr-25	11:25:21	-1.000000E-5	-4.425700E+0	-8.000000E-5	-3.655000E-5	-3.500000E-7	-4.200000E-8	-1.680000E-7	0.000000E+0	0.000000E+0	1.964247E-4	2.976042E-9	0.000000E+0	0.000000E+0	1.999959E+1	0.000000E+0	4.000000E+0
28-Apr-25	11:25:22	-1.000000E-5	-4.429105E+0	-8.000000E-5	-3.680000E-5	-3.000000E-7	-1.600000E-8	-8.000000E-8	0.000000E+0	0.000000E+0	1.964247E-4	2.976042E-9	0.000000E+0	0.000000E+0	1.999959E+1	0.000000E+0	4.000000E+0
28-Apr-25	11:25:22	-1.000000E-5	-4.432535E+0	-8.000000E-5	-3.670000E-5	-3.500000E-7	-8.200000E-8	0.000000E+0	0.000000E+0	0.000000E+0	1.964247E-4	2.976042E-9	0.000000E+0	0.000000E+0	1.999959E+1	0.000000E+0	4.000000E+0
28-Apr-25	11:25:23	-1.000000E-5	-4.436320E+0	-8.000000E-5	-3.650000E-5	-3.500000E-7	-1.720000E-7	5.000000E-8	0.000000E+0	0.000000E+0	1.964247E-4	2.976042E-9	0.000000E+0	0.000000E+0	1.999959E+1	0.000000E+0	4.000000E+0
28-Apr-25	11:25:23	-1.000000E-5	-4.439760E+0	-8.000000E-5	-3.665000E-5	-3.000000E-7	-2.280000E-7	9.400000E-8	0.000000E+0	0.000000E+0	1.964247E-4	2.976042E-9	0.000000E+0	0.000000E+0	1.999959E+1	0.000000E+0	4.000000E+0
28-Apr-25	11:25:24	-1.000000E-5	-4.443195E+0	-8.000000E-5	-3.665000E-5	-3.500000E-7	-2.340000E-7	1.020000E-7	0.000000E+0	0.000000E+0	1.964247E-4	2.976042E-9	0.000000E+0	0.000000E+0	1.999959E+1	0.000000E+0	4.000000E+0
28-Apr-25	11:25:24	-1.000000E-5	-4.446585E+0	-8.000000E-5	-3.675000E-5	-4.000000E-7	-1.760000E-7	3.000000E-8	0.000000E+0	0.000000E+0	1.964247E-4	2.976042E-9	0.000000E+0	0.000000E+0	1.999959E+1	0.000000E+0	4.000000E+0
28-Apr-25	11:25:25	-1.000000E-5	-4.449940E+0	-8.000000E-5	-3.670000E-5	-3.000000E-7	-1.440000E-7	-4.000000E-8	0.000000E+0	0.000000E+0	1.964247E-4	2.976042E-9	0.000000E+0	0.000000E+0	1.999959E+1	0.000000E+0	4.000000E+0
28-Apr-25	11:25:25	-1.000000E-5	-4.453280E+0	-8.000000E-5	-3.640000E-5	-2.500000E-7	-1.760000E-7	-1.600000E-8	0.000000E+0	0.000000E+0	1.964247E-4	2.976042E-9	0.000000E+0	0.000000E+0	1.999959E+1	0.000000E+0	4.000000E+0
28-Apr-25	11:25:26	-1.000000E-5	-4.456625E+0	-8.000000E-5	-3.650000E-5	-4.500000E-7	-1.260000E-7	5.600000E-8	0.000000E+0	0.000000E+0	1.964247E-4	2.976042E-9	0.000000E+0	0.000000E+0	1.999959E+1	0.000000E+0	4.000000E+0
28-Apr-25	11:25:26	-1.000000E-5	-4.460345E+0	-8.000000E-5	-3.675000E-5	-5.500000E-7	7.400000E-8	9.400000E-8	0.000000E+0	0.000000E+0	1.964247E-4	2.976042E-9	0.000000E+0	0.000000E+0	1.999959E+1	0.000000E+0	4.000000E+0
28-Apr-25	11:25:27	-1.000000E-5	-4.464530E+0	-8.000000E-5	-3.680000E-5	-4.500000E-7	2.820000E-7	7.400000E-8	0.000000E+0	0.000000E+0	1.964247E-4	2.976042E-9	0.000000E+0	0.000000E+0	1.999959E+1	0.000000E+0	4.000000E+0
28-Apr-25	11:25:27	-1.000000E-5	-4.467850E+0	-8.000000E-5	-3.670000E-5	-4.500000E-7	3.140000E-7	9.200000E-8	0.000000E+0	0.000000E+0	1.964247E-4	2.976042E-9	0.000000E+0	0.000000E+0	1.999959E+1	0.000000E+0	4.000000E+0
28-Apr-25	11:25:28	-1.000000E-5	-4.471160E+0	-8.000000E-5	-3.685000E-5	-5.000000E-7	2.140000E-7	1.540000E-7	0.000000E+0	0.000000E+0	1.964247E-4	2.976042E-9	0.000000E+0	0.000000E+0	1.999959E+1	0.000000E+0	4.000000E+0
28-Apr-25	11:25:28	-1.000000E-5	-4.474445E+0	-8.000000E-5	-3.700000E-5	-3.000000E-7	4.800000E-8	1.240000E-7	0.000000E+0	0.000000E+0	1.964247E-4	2.976042E-9	0.000000E+0	0.000000E+0	1.999959E+1	0.000000E+0	4.000000E+0
28-Apr-25	11:25:28	-1.000000E-5	-4.478085E+0	-8.000000E-5	-3.685000E-5	-2.500000E-7	-4.600000E-8	-1.040000E-7	0.000000E+0	0.000000E+0	1.964247E-4	2.976042E-9	0.000000E+0	0.000000E+0	1.999959E+1	0.000000E+0	4.000000E+0
28-Apr-25	11:25:29	-1.000000E-5	-4.481375E+0	-8.000000E-5	-3.685000E-5	-3.000000E-7	0.000000E+0	-3.540000E-7	0.000000E+0	0.000000E+0	1.964247E-4	2.976042E-9	0.000000E+0	0.000000E+0	1.999959E+1	0.000000E+0	4.000000E+0
28-Apr-25	11:25:29	-1.000000E-5	-4.484780E+0	-8.000000E-5	-3.665000E-5	-4.000000E-7	7.800000E-8	-4.200000E-7	0.000000E+0	0.000000E+0	1.964247E-4	2.976042E-9	0.000000E+0	0.000000E+0	1.999959E+1	0.000000E+0	4.000000E+0
28-Apr-25	11:25:30	-1.000000E-5	-4.488025E+0	-8.000000E-5	-3.675000E-5	-2.500000E-7	8.200000E-8	-2.960000E-7	0.000000E+0	0.000000E+0	1.964247E-4	2.976042E-9	0.000000E+0	0.000000E+0	1.999959E+1	0.000000E+0	4.000000E+0
28-Apr-25	11:25:30	-1.000000E-5	-4.491290E+0	-8.000000E-5	-3.685000E-5	-3.000000E-7	-1.200000E-8	-1.660000E-7	0.000000E+0	0.000000E+0	1.964247E-4	2.976042E-9	0.000000E+0	0.000000E+0	1.999959E+1	0.000000E+0	4.000000E+0
28-Apr-25	11:25:31	-1.000000E-5	-4.494535E+0	-8.000000E-5	-3.685000E-5	-3.500000E-7	-1.220000E-7	-1.240000E-7	0.000000E+0	0.000000E+0	1.964247E-4	2.976042E-9	0.000000E+0	0.000000E+0	1.999959E+1	0.000000E+0	4.000000E+0
28-Apr-25	11:25:31	-1.000000E-5	-4.497780E+0	-8.000000E-5	-3.670000E-5	-2.000000E-7	-1.300000E-7	-5.200000E-8	0.000000E+0	0.000000E+0	1.964247E-4	2.976042E-9	0.000000E+0	0.000000E+0	1.999959E+1	0.000000E+0	4.000000E+0
28-Apr-25	11:25:32	-1.000000E-5	-4.501370E+0	-8.000000E-5	-3.645000E-5	-3.000000E-7	-7.000000E-8	1.580000E-7	0.000000E+0	0.000000E+0	1.964247E-4	2.976042E-9	0.000000E+0	0.000000E+0	1.999959E+1	0.000000E+0	4.000000E+0
28-Apr-25	11:25:32	-1.000000E-5	-4.504585E+0	-8.000000E-5	-3.650000E-5	-1.000000E-7	-5.800000E-8	3.380000E-7	0.000000E+0	0.000000E+0	1.964247E-4	2.976042E-9	0.000000E+0	0.000000E+0	1.999959E+1	0.000000E+0	4.000000E+0
28-Apr-25	11:25:33	-1.000000E-5	-4.507785E+0	-8.000000E-5	-3.675000E-5	-4.000000E-7	-7.400000E-8	3.400000E-7	0.000000E+0	0.000000E+0	1.964247E-4	2.976042E-9	0.000000E+0	0.000000E+0	1.999959E+1	0.000000E+0	4.000000E+0
28-Apr-25	11:25:33	-1.000000E-5	-4.510975E+0	-8.000000E-5	-3.675000E-5	-4.000000E-7	-6.200000E-8	2.340000E-7	0.000000E+0	0.000000E+0	1.964247E-4	2.976042E-9	0.000000E+0	0.000000E+0	1.999959E+1	0.000000E+0	4.000000E+0
28-Apr-25	11:25:33	-1.000000E-5	-4.514160E+0	-8.000000E-5	-3.685000E-5	-4.000000E-7	-7.400000E-8	1.720000E-7	0.000000E+0	0.000000E+0	1.964247E-4	2.976042E-9	0.000000E+0	0.000000E+0	1.999959E+1	0.000000E+0	4.000000E+0
28-Apr-25	11:25:34	-1.000000E-5	-4.515045E+0	-8.000000E-5	-3.680000E-5	-4.000000E-7	-1.760000E-7	1.940000E-7	0.000000E+0	0.000000E+0	1.964247E-4	2.976042E-9	0.000000E+0	0.000000E+0	1.999959E+1	0.000000E+0	4.000000E+0
28-Apr-25	11:25:34	-1.000000E-5	-4.521005E+0	-8.000000E-5	-3.675000E-5	-2.000000E-7	-2.500000E-7	2.160000E-7	0.000000E+0	0.000000E+0	1.964247E-4	2.976042E-9	0.000000E+0	0.000000E+0	1.999959E+1	0.000000E+0	4.000000E+0
28-Apr-25	11:25:35	-1.000000E-5	-4.525225E+0	-8.000000E-5	-3.675000E-5	-3.000000E-7	-1.660000E-7	1.960000E-7	0.000000E+0	0.000000E+0	1.964247E-4	2.976042E-9	0.000000E+0	0.000000E+0	1.999959E+1	0.000000E+0	4.000000E+0
28-Apr-25	11:25:36	-1.000000E-5	-4.528720E+0	-8.000000E-5	-3.650000E-5	-4.000000E-7	-8.400000E-8	2.120000E-7	0.000000E+0	0.000000E+0	1.964247E-4	2.976042E-9	0.000000E+0	0.000000E+0	1.999959E+1	0.000000E+0	4.000000E+0
28-Apr-25	11:25:36	-1.000000E-5	-4.532560E+0	-8.000000E-5	-3.640000E-5	-3.000000E-7	-1.060000E-7	3.060000E-7	0.000000E+0	0.000000E+0	1.964247E-4	2.976042E-9	0.000000E+0	0.000000E+0	1.999959E+1	0.000000E+0	4.000000E+0
28-Apr-25	11:25:37	-1.000000E-5	-4.535350E+0	-8.000000E-5	-3.665000E-5	-2.500000E-7	-9.200000E-8	3.660000E-7	0.000000E+0	0.000000E+0	1.964247E-4	2.976042E-9	0.000000E+0	0.000000E+0	1.999959E+1	0.000000E+0	4.000000E+0
28-Apr-25	11:25:37	-1.000000E-5	-4.539285E+0	-8.000000E-5	-3.675000E-5	-2.500000E-7	-2.600000E-8	3.060000E-7	0.000000E+0	0.000000E+0	1.964247E-4	2.976042E-9	0.000000E+0	0.000000E+0	1.999959E+1	0.000000E+0	4.000000E+0
28-Apr-25	11:25:37	-1.000000E-5	-4.542400E+0	-8.000000E-5	-3.670000E-5	-2.500000E-7	-7.000000E-8	1.400000E-7	0.000000E+0	0.000000E+0	1.964247E-4	2.976042E-9	0.000000E+0	0.000000E+0	1.999959E+1	0.000000E+0	4.000000E+0
28-Apr-25	11:25:38	-1.000000E-5	-4.545505E+0	-8.000000E-5	-3.650000E-5	-3.000000E-7	-1.640000E-7	-1.200000E-8	0.000000E+0	0.000000E+0	1.964247E-4	2.976042E-9	0.000000E+0	0.000000E+0	1.999959E+1	0.000000E+0	4.000000E+0
28-Apr-25	11:25:38	-1.000000E-5	-4.548605E+0	-8.000000E-5	-3.665000E-5	-3.000000E-7	-1.360000E-7	-7.000000E-8	0.000000E+0	0.000000E+0	1.964247E-4	2.976042E-9	0.000000E+0	0.000000E+0	1.999959E+1	0.000000E+0	4.000000E+0
28-Apr-25	11:25:39	-1.000000E-5	-4.552035E+0	-8.000000E-5	-3.665000E-5	-5.000000E-7	6.000000E-9	-1.040000E-7	0.000000E+0	0.000000E+0	1.964247E-4	2.976042E-9	0.000000E+0	0.000000E+0	1.999959E+1	0.000000E+0	4.000000E+0
28-Apr-25	11:25:39	-1.000000E-5	-4.555105E+0	-8.000000E-5	-3.665000E-5	-4.500000E-7	1.260000E-7	-1.960000E-7	0.000000E+0	0.000000E+0	1.964247E-4	2.976042E-9	0.000000E+0	0.000000E+0	1.999959E+1	0.000000E+0	4.000000E+0
28-Apr-25	11:25:40	-1.000000E-5	-4.558180E+0	-8.000000E-5	-3.670000E-5	-4.000000E-7	2.140000E-7	-2.820000E-7	0.000000E+0	0.000000E+0	1.964247E-4	2.976042E-9	0.000000E+0	0.000000E+0	1.999959E+1	0.000000E+0	4.000000E+0
28-Apr-25	11:25:40	-1.000000E-5	-4.561925E+0	-8.000000E-5	-3.650000E-5	-4.500000E-7	2.980000E-7	-2.200000E-7	0.000000E+0	0.000000E+0	1.964247E-4	2.976042E-9	0.000000E+0	0.000000E+0	1.999959E+1	0.000000E+0	4.000000E+0
28-Apr-25	11:25:41	-1.000000E-5	-4.564975E+0	-8.000000E-5	-3.675000E-5	-5.000000E-7	2.800000E-7	-9.600000E-8	0.000000E+0	0.000000E+0	1.964247E-4	2.976042E-9	0.000000E+0	0.000000E+0	1.999959E+1	0.000000E+0	4.000000E+0
28-Apr-25	11:25:41	-1.000000E-5	-4.568370E+0	-8.000000E-5	-3.685000E-5	-4.500000E-7	1.620000E-7	-4.000000E-8	0.000000E+0	0.000000E+0	1.964247E-4	2.976042E-9	0.000000E+0	0.000000E+0	1.999959E+1	0.000000E+0	4.000000E+0
28-Apr-25	11:25:42	-1.000000E-5	-4.571405E+0	-8.000000E-5	-3.675000E-5	-3.000000E-7	3.400000E-8	-5.400000E-8	0.000000E+0	0.000000E+0	1.964247E-4	2.976042E-9	0.000000E+0	0.000000E+0	1.999959E+1	0.000000E+0	4.000000E+0
28-Apr-25	11:25:42	-1.000000E-5	-4.575560E+0	-8.000000E-5	-3.675000E-5	-2.500000E-7	0.000000E+0	-4.200000E-8	0.000000E+0	0.000000E+0	1.964247E-4	2.976042E-9	0.000000E+0	0.000000E+0	1.999959E+1	0.000000E+0	4.000000E+0
28-Apr-25	11:25:43	-1.000000E-5	-4.578570E+0	-8.000000E-5	-3.675000E-5	-4.000000E-7	2.600000E-8	-2.000000E-9	0.000000E+0	0.000000E+0	1.964247E-4	2.976042E-9	0.000000E+0	0.000000E+0	1.999959E+1	0.000000E+0	4.000000E+0
28-Apr-25	11:25:43	-1.000000E-5	-4.579060E+0	-8.000000E-5	-3.675000E-5	-4.500000E-7	2.200000E-8	6.400000E-8	0.000000E+0	0.000000E+0	1.964247E-4	2.976042E-9	0.000000E+0	0.000000E+0	1.999959E+1	0.000000E+0	4.000000E+0
28-Apr-25	11:25:44	-1.000000E-5	-4.585575E+0	-8.000000E-5	-3.655000E-5	-3.000000E-7	-4.600000E-8	7.400000E-8	0.000000E+0	0.000000E+0	1.964247E-4	2.976042E-9	0.000000E+0	0.000000E+0	1.999959E+1	0.000000E+0	4.000000E+0
28-Apr-25	11:25:44	-1.000000E-5	-4.588565E+0	-8.000000E-5	-3.660000E-5	-3.000000E-7	-6.800000E-8	-3.800000E-8	0.000000E+0	0.000000E+0	1.964247E-4	2.976042E-9	0.000000E+0	0.000000E+0	1.999959E+1	0.000000E+0	4.000000E+0
28-Apr-25	11:25:45	-1.000000E-5	-4.591890E+0	-8.000000E-5	-3.680000E-5	-5.000000E-7	-3.400000E-8	-1.760000E-7	0.000000E+0	0.000000E+0	1.964247E-4	2.976042E-9	0.000000E+0	0.000000E+0	1.999959E+1	0.000000E+0	4.000000E+0
28-Apr-25	11:25:45	-1.000000E-5	-4.592375E+0	-8.000000E-5	-3.675000E-5	-4.000000E-7	-3.200000E-8	-2.120000E-7	0.000000E+0	0.000000E+0	1.964247E-4	2.976042E-9	0.000000E+0	0.000000E+0	1.999959E+1	0.000000E+0	4.000000E+0
28-Apr-25	11:25:46	-1.000000E-5	-4.597930E+0	-8.000000E-5	-3.665000E-5	-2.000000E-7	-7.200000E-8	-1.980000E-7	0.000000E+0	0.000000E+0	1.964247E-4	2.976042E-9	0.000000E+0	0.000000E+0	1.999959E+1	0.000000E+0	4.000000E+0
28-Apr-25	11:25:46	-1.000000E-5	-4.601555E+0	-8.000000E-5	-3.675000E-5	-4.000000E-7	-4.600000E-8	-1.500000E-7	0.000000E+0	0.000000E+0	1.964247E-4	2.976042E-9	0.000000E+0	0.000000E+0	1.999959E+1	0.000000E+0	4.000000E+0
28-Apr-25	11:25:47	-1.000000E-5	-4.604505E+0	-8.000000E-5	-3.670000E-5	-4.500000E-7	5.600000E-8	2.800000E-8	0.000000E+0	0.000000E+0	1.964247E-4	2.976042E-9	0.000000E+0	0.000000E+0	1.999959E+1	0.000000E+0	4.000000E+0
28-Apr-25	11:25:47	-1.000000E-5	-4.608090E+0	-8.000000E-5	-3.655000E-5	-2.000000E-7	6.800000E-8	3.200000E-7	0.000000E+0	0.000000E+0	1.964247E-4	2.976042E-9	0.000000E+0	0.000000E+0	1.999959E+1	0.000000E+0	4.000000E+0
28-Apr-25	11:25:48	-1.000000E-5	-4.611015E+0	-8.000000E-5	-3.670000E-5	-3.000000E-7	-4.000000E-8	4.100000E-7	0.000000E+0	0.000000E+0	1.964247E-4	2.976042E-9	0.000000E+0	0.000000E+0	1.999959E+1	0.000000E+0	4.000000E+0
28-Apr-25	11:25:48	-1.000000E-5	-4.614260E+0	-8.000000E-5	-3.690000E-5	-2.500000E-7	-8.000000E-8	2.800000E-7	0.000000E+0	0.000000E+0	1.964247E-4	2.976042E-9	0.000000E+0	0.000000E+0	1.999959E+1	0.000000E+0	4.000000E+0
28-Apr-25	11:25:49	-1.000000E-5	-4.616865E+0	-8.000000E-5	-3.670000E-5	-4.000000E-7	3.000000E-8	9.000000E-8	0.000000E+0	0.000000E+0	1.964247E-4	2.976042E-9	0.000000E+0	0.000000E+0	1.999959E+1	0.000000E+0	4.000000E+0
28-Apr-25	11:25:49	-1.000000E-5	-4.620145E+0	-8.000000E-5	-3.665000E-5	-3.500000E-7	2.100000E-7	2.000000E-9	0.000000E+0	0.000000E+0	1.964247E-4	2.976042E-9	0.000000E+0	0.000000E+0	1.999959E+1	0.000000E+0	4.000000E+0
28-Apr-25	11:25:50	-1.000000E-5	-4.621225E+0	-8.000000E-5	-3.690000E-5	-6.000000E-7	2.980000E-7	5.000000E-8	0.000000E+0	0.000000E+0	1.964247E-4	2.976042E-9	0.000000E+0	0.000000E+0	1.999959E+1	0.000000E+0	4.000000E+0
28-Apr-25	11:25:50	-1.000000E-5	-4.626510E+0	-8.000000E-5	-3.665000E-5	-5.000000E-7	2.660000E-7	6.000000E-8	0.000000E+0	0.000000E+0	1.964247E-4	2.976042E-9	0.000000E+0	0.000000E+0	1.999959E+1	0.000000E+0	4.000000E+0
28-Apr-25	11:25:51	-1.000000E-5	-4.630140E+0	-8.000000E-5	-3.680000E-5	-2.000000E-7	2.180000E-7	-6.000000E-9	0.000000E+0	0.000000E+0	1.964247E-4	2.976042E-9	0.000000E+0	0.000000E+0	1.999959E+1	0.000000E+0	4.000000E+0
28-Apr-25	11:25:51	-1.000000E-5	-4.633015E+0	-8.000000E-5	-3.685000E-5	-3.500000E-7	2.040000E-7	-2.000000E-8	0.000000E+0	0.000000E+0	1.964247E-4	2.976042E-9	0.000000E+0	0.000000E+0	1.999959E+1	0.000000E+0	4.000000E+0
28-Apr-25	11:25:52	-1.000000E-5	-4.633775E+0	-8.000000E-5	-3.660000E-5	-3.500000E-7	9.800000E-8	1.060000E-7	0.000000E+0	0.000000E+0	1.964247E-4	2.976042E-9	0.000000E+0	0.000000E+0	1.999959E+1	0.000000E+0	4.000000E+0
28-Apr-25	11:25:52	-1.000000E-5	-4.639350E+0	-8.000000E-5	-3.660000E-5	-3.000000E-7	-1.180000E-7	3.100000E-7	0.000000E+0	0.000000E+0	1.964247E-4	2.976042E-9	0.000000E+0	0.000000E+0	1.999959E+1	0.000000E+0	4.000000E+0
28-Apr-25	11:25:53	-1.000000E-5	-4.642520E+0	-8.000000E-5	-3.665000E-5	-1.000000E-7	-3.080000E-7	4.480000E-7	0.000000E+0	0.000000E+0	1.964247E-4	2.976042E-9	0.000000E+0	0.000000E+0	1.999959E+1	0.000000E+0	4.000000E+0
28-Apr-25	11:25:53	-1.000000E-5	-4.645670E+0	-8.000000E-5	-3.660000E-5	-3.000000E-7	-2.980000E-7	4.060000E-7	0.000000E+0	0.000000E+0	1.964247E-4	2.976042E-9	0.000000E+0	0.000000E+0	1.999959E+1	0.000000E+0	4.000000E+0
28-Apr-25	11:25:54	-1.000000E-5	-4.649185E+0	-8.000000E-5	-3.665000E-5	-3.500000E-7	-1.560000E-7	2.860000E-7	0.000000E+0	0.000000E+0	1.964247E-4	2.976042E-9	0.000000E+0	0.000000E+0	1.999959E+1	0.000000E+0	4.000000E+0
28-Apr-25	11:25:54	-1.000000E-5	-4.652065E+0	-8.000000E-5	-3.675000E-5	-2.500000E-7	-6.000000E-9	2.180000E-7	0.000000E+0	0.000000E+0	1.964247E-4	2.976042E-9	0.000000E+0	0.000000E+0	1.999959E+1	0.000000E+0	4.000000E+0
28-Apr-25	11:25:55	-1.000000E-5	-4.655495E+0	-8.000000E-5	-3.665000E-5	-4.000000E-7	1.220000E-7	1.420000E-7	0.000000E+0	0.000000E+0	1.964247E-4	2.976042E-9	0.000000E+0	0.000000E+0	1.999959E+1	0.000000E+0	4.000000E+0
28-Apr-25	11:25:55	-1.000000E-5	-4.658305E+0	-8.000000E-5	-3.660000E-5	-3.000000E-7	1.520000E-7	3.200000E-8	0.000000E+0	0.000000E+0	1.964247E-4	2.976042E-9	0.000000E+0	0.000000E+0	1.999959E+1	0.000000E+0	4.000000E+0
28-Apr-25	11:25:56	-1.000000E-5	-4.661090E+0	-8.000000E-5	-3.655000E-5	-2.500000E-7	1.680000E-7	-5.400000E-8	0.000000E+0	0.000000E+0	1.964247E-4	2.976042E-9	0.000000E+0	0.000000E+0	1.999959E+1	0.000000E+0	4.000000E+0
28-Apr-25	11:25:56	-1.000000E-5	-4.663875E+0	-8.000000E-5	-3.660000E-5	-3.500000E-7	2.420000E-7	-5.200000E-8	0.000000E+0	0.000000E+0	1.964247E-4	2.976042E-9	0.000000E+0	0.000000E+0	1.999959E+1	0.000000E+0	4.000000E+0
28-Apr-25	11:25:57	-1.000000E-5	-4.666970E+0	-8.000000E-5	-3.680000E-5	-2.500000E-7	2.900000E-7	2.000000E-9	0.000000E+0	0.000000E+0	1.964247E-4	2.976042E-9	0.000000E+0	0.000000E+0	1.999959E+1	0.000000E+0	4.000000E+0
28-Apr-25	11:25:57	-1.000000E-5	-4.669735E+0	-8.000000E-5	-3.680000E-5	-2.500000E-7	1.940000E-7	6.000000E-8	0.000000E+0	0.000000E+0	1.964247E-4	2.976042E-9	0.000000E+0	0.000000E+0	1.999959E+1	0.000000E+0	4.000000E+0
28-Apr-25	11:25:57	-1.000000E-5	-4.672510E+0	-8.000000E-5	-3.670000E-5	-4.000000E-7	5.200000E-8	1.020000E-7	0.000000E+0	0.000000E+0	1.964247E-4	2.976042E-9	0.000000E+0	0.000000E+0	1.999959E+1	0.000000E+0	4.000000E+0
28-Apr-25	11:25:58	-1.000000E-5	-4.675275E+0	-8.000000E-5	-3.665000E-5	-4.500000E-7	3.400000E-8	8.400000E-8	0.000000E+0	0.000000E+0	1.964247E-4	2.976042E-9	0.000000E+0	0.000000E+0	1.999959E+1	0.000000E+0	4.000000E+0
28-Apr-25	11:25:58	-1.000000E-5	-4.678075E+0	-8.000000E-5	-3.680000E-5	-5.000000E-8	1.420000E-7	-4.000000E-9	0.000000E+0	0.000000E+0	1.964247E-4	2.976042E-9	0.000000E+0	0.000000E+0	1.999959E+1	0.000000E+0	4.000000E+0
28-Apr-25	11:25:59	-1.000000E-5	-4.681160E+0	-8.000000E-5	-3.670000E-5	-1.000000E-7	1.780000E-7	-2.000000E-8	0.000000E+0	0.000000E+0	1.964247E-4	2.976042E-9	0.000000E+0	0.000000E+0	1.999959E+1	0.000000E+0	4.000000E+0
28-Apr-25	11:25:59	-1.000000E-5	-4.681610E+0	-8.000000E-5	-3.675000E-5	-1.000000E-7	1.320000E-7	1.120000E-7	0.000000E+0	0.000000E+0	1.964247E-4	2.976042E-9	0.000000E+0	0.000000E+0	1.999959E+1	0.000000E+0	4.000000E+0
28-Apr-25	11:26:00	-1.000000E-5	-4.687545E+0	-8.000000E-5	-3.690000E-5	-3.500000E-7	2.040000E-7	3.100000E-7	0.000000E+0	0.000000E+0	1.964247E-4	2.976042E-9	0.000000E+0	0.000000E+0	1.999959E+1	0.000000E+0	4.000000E+0
28-Apr-25	11:26:01	-1.000000E-5	-4.690265E+0	-8.000000E-5	-3.690000E-5	-4.000000E-7	3.160000E-7	3.620000E-7	0.000000E+0	0.000000E+0	1.964247E-4	2.976042E-9	0.000000E+0	0.000000E+0	1.999959E+1	0.000000E+0	4.000000E+0
28-Apr-25	11:26:01	-1.000000E-5	-4.691310E+0	-8.000000E-5	-3.695000E-5	-3.500000E-7	2.680000E-7	2.980000E-7	0.000000E+0	0.000000E+0	1.964247E-4	2.976042E-9	0.000000E+0	0.000000E+0	1.999959E+1	0.000000E+0	4.000000E+0
28-Apr-25	11:26:02	-1.000000E-5	-4.696850E+0	-8.000000E-5	-3.680000E-5	-5.000000E-7	8.200000E-8	9.000000E-8	0.000000E+0	0.000000E+0	1.964247E-4	2.976042E-9	0.000000E+0	0.000000E+0	1.999959E+1	0.000000E+0	4.000000E+0
28-Apr-25	11:26:02	-1.000000E-5	-4.699555E+0	-8.000000E-5	-3.660000E-5	-3.500000E-7	0.000000E+0	-8.800000E-8	0.000000E+0	0.000000E+0	1.964247E-4	2.976042E-9	0.000000E+0	0.000000E+0	1.999959E+1	0.000000E+0	4.000000E+0
28-Apr-25	11:26:02	-1.000000E-5	-4.702280E+0	-8.000000E-5	-3.670000E-5	-2.000000E-7	2.000000E-9	-1.600000E-7	0.000000E+0	0.000000E+0	1.964247E-4	2.976042E-9	0.000000E+0	0.000000E+0	1.999959E+1	0.000000E+0	4.000000E+0
28-Apr-25	11:26:03	-1.000000E-5	-4.704905E+0	-8.000000E-5	-3.670000E-5	-3.500000E-7	6.600000E-8	-1.220000E-7	0.000000E+0	0.000000E+0	1.964247E-4	2.976042E-9	0.000000E+0	0.000000E+0	1.999959E+1	0.000000E+0	4.000000E+0
28-Apr-25	11:26:03	-1.000000E-5	-4.707575E+0	-8.000000E-5	-3.665000E-5	-3.000000E-7	1.540000E-7	-6.600000E-8	0.000000E+0	0.000000E+0	1.964247E-4	2.976042E-9	0.000000E+0	0.000000E+0	1.999959E+1	0.000000E+0	4.000000E+0
28-Apr-25	11:26:04	-1.000000E-5	-4.710535E+0	-8.000000E-5	-3.675000E-5	-2.500000E-7	1.960000E-7	-2.400000E-8	0.000000E+0	0.000000E+0	1.964247E-4	2.976042E-9	0.000000E+0	0.000000E+0	1.999959E+1	0.000000E+0	4.000000E+0
28-Apr-25	11:26:04	-1.000000E-5	-4.713775E+0	-8.000000E-5	-3.690000E-5	-3.500000E-7	1.320000E-7	3.000000E-8	0.000000E+0	0.000000E+0	1.964247E-4	2.976042E-9	0.000000E+0	0.000000E+0	1.999959E+1	0.000000E+0	4.000000E+0
28-Apr-25	11:26:05	-1.000000E-5	-4.716525E+0	-8.000000E-5	-3.670000E-5	-3.000000E-7	6.800000E-8	3.600000E-8	0.000000E+0	0.000000E+0	1.964247E-4	2.976042E-9	0.000000E+0	0.000000E+0	1.999959E+1	0.000000E+0	4.000000E+0
28-Apr-25	11:26:05	-1.000000E-5	-4.719455E+0	-8.000000E-5	-3.670000E-5	-4.000000E-7	4.000000E-8	-5.000000E-8	0.000000E+0	0.000000E+0	1.964247E-4	2.976042E-9	0.000000E+0	0.000000E+0	1.999959E+1	0.000000E+0	4.000000E+0
28-Apr-25	11:26:06	-1.000000E-5	-4.720170E+0	-8.000000E-5	-3.680000E-5	-2.500000E-7	-4.000000E-9	-1.840000E-7	0.000000E+0	0.000000E+0	1.964247E-4	2.976042E-9	0.000000E+0	0.000000E+0	1.999959E+1	0.000000E+0	4.000000E+0
28-Apr-25	11:26:06	-1.000000E-5	-4.725580E+0	-8.000000E-5	-3.670000E-5	-3.500000E-7	-6.600000E-8	-2.240000E-7	0.000000E+0	0.000000E+0	1.964247E-4	2.976042E-9	0.000000E+0	0.000000E+0	1.999959E+1	0.000000E+0	4.000000E+0
28-Apr-25	11:26:07	-1.000000E-5	-4.728775E+0	-8.000000E-5	-3.675000E-5	-2.500000E-7	-6.200000E-8	-1.520000E-7	0.000000E+0	0.000000E+0	1.964247E-4	2.976042E-9	0.000000E+0	0.000000E+0	1.999959E+1	0.000000E+0	4.000000E+0
28-Apr-25	11:26:08	-1.000000E-5	-4.729210E+0	-8.000000E-5	-3.665000E-5	-3.500000E-7	1.800000E-8	-4.600000E-8	0.000000E+0	0.000000E+0	1.964247E-4	2.976042E-9	0.000000E+0	0.000000E+0	1.999959E+1	0.000000E+0	4.000000E+0
28-Apr-25	11:26:08	-1.000000E-5	-4.734895E+0	-8.000000E-5	-3.660000E-5	-4.500000E-7	1.800000E-7	2.000000E-8	0.000000E+0	0.000000E+0	1.964247E-4	2.976042E-9	0.000000E+0	0.000000E+0	1.999959E+1	0.000000E+0	4.000000E+0
28-Apr-25	11:26:09	-1.000000E-5	-4.737530E+0	-8.000000E-5	-3.680000E-5	-3.000000E-7	2.740000E-7	4.000000E-8	0.000000E+0	0.000000E+0	1.964247E-4	2.976042E-9	0.000000E+0	0.000000E+0	1.999959E+1	0.000000E+0	4.000000E+0
28-Apr-25	11:26:09	-1.000000E-5	-4.738510E+0	-8.000000E-5	-3.685000E-5	-2.500000E-7	1.860000E-7	4.200000E-8	0.000000E+0	0.000000E+0	1.964247E-4	2.976042E-9	0.000000E+0	0.000000E+0	1.999959E+1	0.000000E+0	4.000000E+0
28-Apr-25	11:26:10	-1.000000E-5	-4.743810E+0	-8.000000E-5	-3.670000E-5	-5.000000E-7	2.600000E-8	7.400000E-8	0.000000E+0	0.000000E+0	1.964247E-4	2.976042E-9	0.000000E+0	0.000000E+0	1.999959E+1	0.000000E+0	4.000000E+0
28-Apr-25	11:26:10	-1.000000E-5	-4.746375E+0	-8.000000E-5	-3.660000E-5	-4.500000E-7	1.600000E-8	1.220000E-7	0.000000E+0	0.000000E+0	1.964247E-4	2.976042E-9	0.000000E+0	0.000000E+0	1.999959E+1	0.000000E+0	4.000000E+0
28-Apr-25	11:26:11	-1.000000E-5	-4.749560E+0	-8.000000E-5	-3.675000E-5	-4.000000E-7	1.300000E-7	1.320000E-7	0.000000E+0	0.000000E+0	1.964247E-4	2.976042E-9	0.000000E+0	0.000000E+0	1.999959E+1	0.000000E+0	4.000000E+0
28-Apr-25	11:26:11	-1.000000E-5	-4.749705E+0	-8.000000E-5	-3.680000E-5	-3.500000E-7	2.120000E-7	9.600000E-8	0.000000E+0	0.000000E+0	1.964247E-4	2.976042E-9	0.000000E+0	0.000000E+0	1.999959E+1	0.000000E+0	4.000000E+0
28-Apr-25	11:26:11	-1.000000E-5	-4.754695E+0	-8.000000E-5	-3.675000E-5	-5.000000E-8	2.020000E-7	7.400000E-8	0.000000E+0	0.000000E+0	1.964247E-4	2.976042E-9	0.000000E+0	0.000000E+0	1.999959E+1	0.000000E+0	4.000000E+0
28-Apr-25	11:26:12	-1.000000E-5	-4.757780E+0	-8.000000E-5	-3.680000E-5	-2.500000E-7	1.420000E-7	2.200000E-8	0.000000E+0	0.000000E+0	1.964247E-4	2.976042E-9	0.000000E+0	0.000000E+0	1.999959E+1	0.000000E+0	4.000000E+0
28-Apr-25	11:26:13	-1.000000E-5	-4.760310E+0	-8.000000E-5	-3.680000E-5	-3.500000E-7	1.900000E-7	-1.360000E-7	0.000000E+0	0.000000E+0	1.964247E-4	2.976042E-9	0.000000E+0	0.000000E+0	1.999959E+1	0.000000E+0	4.000000E+0
28-Apr-25	11:26:13	-1.000000E-5	-4.763390E+0	-8.000000E-5	-3.675000E-5	-4.000000E-7	3.380000E-7	-3.760000E-7	0.000000E+0	0.000000E+0	1.964247E-4	2.976042E-9	0.000000E+0	0.000000E+0	1.999959E+1	0.000000E+0	4.000000E+0
28-Apr-25	11:26:14	-1.000000E-5	-4.766450E+0	-8.000000E-5	-3.680000E-5	-3.500000E-7	3.700000E-7	-4.640000E-7	0.000000E+0	0.000000E+0	1.964247E-4	2.976042E-9	0.000000E+0	0.000000E+0	1.999959E+1	0.000000E+0	4.000000E+0
28-Apr-25	11:26:14	-1.000000E-5	-4.768955E+0	-8.000000E-5	-3.695000E-5	-3.000000E-7	1.740000E-7	-3.940000E-7	0.000000E+0	0.000000E+0	1.964247E-4	2.976042E-9	0.000000E+0	0.000000E+0	1.999959E+1	0.000000E+0	4.000000E+0
28-Apr-25	11:26:15	-1.000000E-5	-4.771465E+0	-8.000000E-5	-3.695000E-5	-4.000000E-7	-1.260000E-7	-3.080000E-7	0.000000E+0	0.000000E+0	1.964247E-4	2.976042E-9	0.000000E+0	0.000000E+0	1.999959E+1	0.000000E+0	4.000000E+0
28-Apr-25	11:26:15	-1.000000E-5	-4.774230E+0	-8.000000E-5	-3.680000E-5	-4.000000E-7	-2.480000E-7	-2.860000E-7	0.000000E+0	0.000000E+0	1.964247E-4	2.976042E-9	0.000000E+0	0.000000E+0	1.999959E+1	0.000000E+0	4.000000E+0
28-Apr-25	11:26:15	-1.000000E-5	-4.774635E+0	-8.000000E-5	-3.660000E-5	-2.500000E-7	-1.320000E-7	-2.800000E-7	0.000000E+0	0.000000E+0	1.964247E-4	2.976042E-9	0.000000E+0	0.000000E+0	1.999959E+1	0.000000E+0	4.000000E+0
28-Apr-25	11:26:16	-1.000000E-5	-4.779180E+0	-8.000000E-5	-3.655000E-5	-2.000000E-7	3.600000E-8	-2.360000E-7	0.000000E+0	0.000000E+0	1.964247E-4	2.976042E-9	0.000000E+0	0.000000E+0	1.999959E+1	0.000000E+0	4.000000E+0
28-Apr-25	11:26:16	-1.000000E-5	-4.781920E+0	-8.000000E-5	-3.665000E-5	-2.500000E-7	6.800000E-8	-2.000000E-7	0.000000E+0	0.000000E+0	1.964247E-4	2.976042E-9	0.000000E+0	0.000000E+0	1.999959E+1	0.000000E+0	4.000000E+0
28-Apr-25	11:26:17	-1.000000E-5	-4.784430E+0	-8.000000E-5	-3.665000E-5	-3.500000E-7	-8.000000E-9	-2.020000E-7	0.000000E+0	0.000000E+0	1.964247E-4	2.976042E-9	0.000000E+0	0.000000E+0	1.999959E+1	0.000000E+0	4.000000E+0
28-Apr-25	11:26:17	-1.000000E-5	-4.785395E+0	-8.000000E-5	-3.675000E-5	-4.000000E-7	-6.800000E-8	-1.440000E-7	0.000000E+0	0.000000E+0	1.964247E-4	2.976042E-9	0.000000E+0	0.000000E+0	1.999959E+1	0.000000E+0	4.000000E+0
28-Apr-25	11:26:18	-1.000000E-5	-4.790195E+0	-8.000000E-5	-3.675000E-5	-3.500000E-7	-1.140000E-7	0.000000E+0	0.000000E+0	0.000000E+0	1.964247E-4	2.976042E-9	0.000000E+0	0.000000E+0	1.999959E+1	0.000000E+0	4.000000E+0
28-Apr-25	11:26:18	-1.000000E-5	-4.793170E+0	-8.000000E-5	-3.675000E-5	-2.500000E-7	-1.140000E-7	1.000000E-7	0.000000E+0	0.000000E+0	1.964247E-4	2.976042E-9	0.000000E+0	0.000000E+0	1.999959E+1	0.000000E+0	4.000000E+0
28-Apr-25	11:26:19	-1.000000E-5	-4.795595E+0	-8.000000E-5	-3.680000E-5	-2.500000E-7	-4.800000E-8	7.600000E-8	0.000000E+0	0.000000E+0	1.964247E-4	2.976042E-9	0.000000E+0	0.000000E+0	1.999959E+1	0.000000E+0	4.000000E+0
28-Apr-25	11:26:19	-1.000000E-5	-4.798570E+0	-8.000000E-5	-3.670000E-5	-4.000000E-7	4.000000E-8	-3.600000E-8	0.000000E+0	0.000000E+0	1.964247E-4	2.976042E-9	0.000000E+0	0.000000E+0	1.999959E+1	0.000000E+0	4.000000E+0
28-Apr-25	11:26:20	-1.000000E-5	-4.800995E+0	-8.000000E-5	-3.685000E-5	-3.500000E-7	8.600000E-8	-1.180000E-7	0.000000E+0	0.000000E+0	1.964247E-4	2.976042E-9	0.000000E+0	0.000000E+0	1.999959E+1	0.000000E+0	4.000000E+0
28-Apr-25	11:26:20	-1.000000E-5	-4.803925E+0	-8.000000E-5	-3.685000E-5	-5.500000E-7	7.000000E-8	-1.180000E-7	0.000000E+0	0.000000E+0	1.964247E-4	2.976042E-9	0.000000E+0	0.000000E+0	1.999959E+1	0.000000E+0	4.000000E+0
28-Apr-25	11:26:21	-1.000000E-5	-4.806415E+0	-8.000000E-5	-3.680000E-5	-4.500000E-7	-1.600000E-8	-9.000000E-8	0.000000E+0	0.000000E+0	1.964247E-4	2.976042E-9	0.000000E+0	0.000000E+0	1.999959E+1	0.000000E+0	4.000000E+0
28-Apr-25	11:26:21	-1.000000E-5	-4.808820E+0	-8.000000E-5	-3.675000E-5	-2.500000E-7	-1.300000E-7	-1.120000E-7	0.000000E+0	0.000000E+0	1.964247E-4	2.976042E-9	0.000000E+0	0.000000E+0	1.999959E+1	0.000000E+0	4.000000E+0
28-Apr-25	11:26:22	-1.000000E-5	-4.811210E+0	-8.000000E-5	-3.675000E-5	-2.500000E-7	-1.800000E-7	-1.620000E-7	0.000000E+0	0.000000E+0	1.964247E-4	2.976042E-9	0.000000E+0	0.000000E+0	1.999959E+1	0.000000E+0	4.000000E+0
28-Apr-25	11:26:22	-1.000000E-5	-4.813800E+0	-8.000000E-5	-3.685000E-5	-3.000000E-7	-1.180000E-7	-1.700000E-7	0.000000E+0	0.000000E+0	1.964247E-4	2.976042E-9	0.000000E+0	0.000000E+0	1.999959E+1	0.000000E+0	4.000000E+0
28-Apr-25	11:26:23	-1.000000E-5	-4.816180E+0	-8.000000E-5	-3.685000E-5	-3.500000E-7	-2.000000E-9	-1.200000E-7	0.000000E+0	0.000000E+0	1.964247E-4	2.976042E-9	0.000000E+0	0.000000E+0	1.999959E+1	0.000000E+0	4.000000E+0
28-Apr-25	11:26:23	-1.000000E-5	-4.818595E+0	-8.000000E-5	-3.660000E-5	-3.000000E-7	8.800000E-8	-7.400000E-8	0.000000E+0	0.000000E+0	1.964247E-4	2.976042E-9	0.000000E+0	0.000000E+0	1.999959E+1	0.000000E+0	4.000000E+0
28-Apr-25	11:26:24	-1.000000E-5	-4.820950E+0	-8.000000E-5	-3.665000E-5	-3.000000E-7	1.280000E-7	-9.800000E-8	0.000000E+0	0.000000E+0	1.964247E-4	2.976042E-9	0.000000E+0	0.000000E+0	1.999959E+1	0.000000E+0	4.000000E+0
28-Apr-25	11:26:24	-1.000000E-5	-4.823560E+0	-8.000000E-5	-3.675000E-5	-2.000000E-7	1.280000E-7	-1.540000E-7	0.000000E+0	0.000000E+0	1.964247E-4	2.976042E-9	0.000000E+0	0.000000E+0	1.999959E+1	0.000000E+0	4.000000E+0
28-Apr-25	11:26:25	-1.000000E-5	-4.825915E+0	-8.000000E-5	-3.675000E-5	-3.000000E-7	1.220000E-7	-1.720000E-7	0.000000E+0	0.000000E+0	1.964247E-4	2.976042E-9	0.000000E+0	0.000000E+0	1.999959E+1	0.000000E+0	4.000000E+0
28-Apr-25	11:26:25	-1.000000E-5	-4.826305E+0	-8.000000E-5	-3.665000E-5	-5.000000E-7	1.400000E-7	-1.920000E-7	0.000000E+0	0.000000E+0	1.964247E-4	2.976042E-9	0.000000E+0	0.000000E+0	1.999959E+1	0.000000E+0	4.000000E+0
28-Apr-25	11:26:26	-1.000000E-5	-4.831400E+0	-8.000000E-5	-3.670000E-5	-5.000000E-7	1.540000E-7	-2.280000E-7	0.000000E+0	0.000000E+0	1.964247E-4	2.976042E-9	0.000000E+0	0.000000E+0	1.999959E+1	0.000000E+0	4.000000E+0
28-Apr-25	11:26:26	-1.000000E-5	-4.834300E+0	-8.000000E-5	-3.660000E-5	-2.000000E-7	1.380000E-7	-1.900000E-7	0.000000E+0	0.000000E+0	1.964247E-4	2.976042E-9	0.000000E+0	0.000000E+0	1.999959E+1	0.000000E+0	4.000000E+0
28-Apr-25	11:26:27	-1.000000E-5	-4.837395E+0	-8.000000E-5	-3.665000E-5	-3.500000E-7	1.140000E-7	-1.040000E-7	0.000000E+0	0.000000E+0	1.964247E-4	2.976042E-9	0.000000E+0	0.000000E+0	1.999959E+1	0.000000E+0	4.000000E+0
28-Apr-25	11:26:27	-1.000000E-5	-4.839450E+0	-8.000000E-5	-3.675000E-5	-4.000000E-7	1.200000E-7	0.000000E+0	0.000000E+0	0.000000E+0	1.964247E-4	2.976042E-9	0.000000E+0	0.000000E+0	1.999959E+1	0.000000E+0	4.000000E+0
28-Apr-25	11:26:28	-1.000000E-5	-4.842285E+0	-8.000000E-5	-3.670000E-5	-3.500000E-7	1.680000E-7	1.000000E-7	0.000000E+0	0.000000E+0	1.964247E-4	2.976042E-9	0.000000E+0	0.000000E+0	1.999959E+1	0.000000E+0	4.000000E+0
28-Apr-25	11:26:28	-1.000000E-5	-4.844570E+0	-8.000000E-5	-3.665000E-5	-2.500000E-7	1.700000E-7	1.080000E-7	0.000000E+0	0.000000E+0	1.964247E-4	2.976042E-9	0.000000E+0	0.000000E+0	1.999959E+1	0.000000E+0	4.000000E+0
28-Apr-25	11:26:29	-1.000000E-5	-4.847130E+0	-8.000000E-5	-3.675000E-5	-3.500000E-7	7.200000E-8	1.260000E-7	0.000000E+0	0.000000E+0	1.964247E-4	2.976042E-9	0.000000E+0	0.000000E+0	1.999959E+1	0.000000E+0	4.000000E+0
28-Apr-25	11:26:29	-1.000000E-5	-4.849400E+0	-8.000000E-5	-3.690000E-5	-3.000000E-7	-2.400000E-8	1.600000E-7	0.000000E+0	0.000000E+0	1.964247E-4	2.976042E-9	0.000000E+0	0.000000E+0	1.999959E+1	0.000000E+0	4.000000E+0
28-Apr-25	11:26:30	-1.000000E-5	-4.851695E+0	-8.000000E-5	-3.695000E-5	-2.000000E-7	-2.000000E-8	9.800000E-8	0.000000E+0	0.000000E+0	1.964247E-4	2.976042E-9	0.000000E+0	0.000000E+0	1.999959E+1	0.000000E+0	4.000000E+0
28-Apr-25	11:26:30	-1.000000E-5	-4.854010E+0	-8.000000E-5	-3.680000E-5	-3.000000E-7	3.600000E-8	-5.600000E-8	0.000000E+0	0.000000E+0	1.964247E-4	2.976042E-9	0.000000E+0	0.000000E+0	1.999959E+1	0.000000E+0	4.000000E+0
28-Apr-25	11:26:31	-1.000000E-5	-4.856310E+0	-8.000000E-5	-3.665000E-5	-3.500000E-7	2.600000E-8	-1.900000E-7	0.000000E+0	0.000000E+0	1.964247E-4	2.976042E-9	0.000000E+0	0.000000E+0	1.999959E+1	0.000000E+0	4.000000E+0
28-Apr-25	11:26:31	-1.000000E-5	-4.858560E+0	-8.000000E-5	-3.670000E-5	-3.500000E-7	-5.600000E-8	-2.440000E-7	0.000000E+0	0.000000E+0	1.964247E-4	2.976042E-9	0.000000E+0	0.000000E+0	1.999959E+1	0.000000E+0	4.000000E+0
28-Apr-25	11:26:32	-1.000000E-5	-4.861555E+0	-8.000000E-5	-3.680000E-5	-4.500000E-7	-1.380000E-7	-2.820000E-7	0.000000E+0	0.000000E+0	1.964247E-4	2.976042E-9	0.000000E+0	0.000000E+0	1.999959E+1	0.000000E+0	4.000000E+0
28-Apr-25	11:26:32	-1.000000E-5	-4.864300E+0	-8.000000E-5	-3.685000E-5	-4.000000E-7	-1.320000E-7	-3.220000E-7	0.000000E+0	0.000000E+0	1.964247E-4	2.976042E-9	0.000000E+0	0.000000E+0	1.999959E+1	0.000000E+0	4.000000E+0
28-Apr-25	11:26:33	-1.000000E-5	-4.866540E+0	-8.000000E-5	-3.680000E-5	-3.500000E-7	-2.800000E-8	-2.540000E-7	0.000000E+0	0.000000E+0	1.964247E-4	2.976042E-9	0.000000E+0	0.000000E+0	1.999959E+1	0.000000E+0	4.000000E+0
28-Apr-25	11:26:33	-1.000000E-5	-4.868760E+0	-8.000000E-5	-3.670000E-5	-4.000000E-7	1.340000E-7	-8.800000E-8	0.000000E+0	0.000000E+0	1.964247E-4	2.976042E-9	0.000000E+0	0.000000E+0	1.999959E+1	0.000000E+0	4.000000E+0
28-Apr-25	11:26:34	-1.000000E-5	-4.871230E+0	-8.000000E-5	-3.670000E-5	-4.000000E-7	2.480000E-7	1.200000E-8	0.000000E+0	0.000000E+0	1.964247E-4	2.976042E-9	0.000000E+0	0.000000E+0	1.999959E+1	0.000000E+0	4.000000E+0
28-Apr-25	11:26:34	-1.000000E-5	-4.873450E+0	-8.000000E-5	-3.660000E-5	-3.500000E-7	2.440000E-7	-8.600000E-8	0.000000E+0	0.000000E+0	1.964247E-4	2.976042E-9	0.000000E+0	0.000000E+0	1.999959E+1	0.000000E+0	4.000000E+0
28-Apr-25	11:26:34	-1.000000E-5	-4.875665E+0	-8.000000E-5	-3.665000E-5	-3.500000E-7	1.680000E-7	-2.540000E-7	0.000000E+0	0.000000E+0	1.964247E-4	2.976042E-9	0.000000E+0	0.000000E+0	1.999959E+1	0.000000E+0	4.000000E+0
28-Apr-25	11:26:35	-1.000000E-5	-4.877865E+0	-8.000000E-5	-3.675000E-5	-4.000000E-7	8.400000E-8	-2.620000E-7	0.000000E+0	0.000000E+0	1.964247E-4	2.976042E-9	0.000000E+0	0.000000E+0	1.999959E+1	0.000000E+0	4.000000E+0
28-Apr-25	11:26:35	-1.000000E-5	-4.880050E+0	-8.000000E-5	-3.675000E-5	-2.000000E-7	8.000000E-9	-1.080000E-7	0.000000E+0	0.000000E+0	1.964247E-4	2.976042E-9	0.000000E+0	0.000000E+0	1.999959E+1	0.000000E+0	4.000000E+0
28-Apr-25	11:26:36	-1.000000E-5	-4.882245E+0	-8.000000E-5	-3.665000E-5	-3.500000E-7	-3.200000E-8	-1.400000E-8	0.000000E+0	0.000000E+0	1.964247E-4	2.976042E-9	0.000000E+0	0.000000E+0	1.999959E+1	0.000000E+0	4.000000E+0
28-Apr-25	11:26:36	-1.000000E-5	-4.884435E+0	-8.000000E-5	-3.670000E-5	-3.500000E-7	-1.800000E-8	-7.600000E-8	0.000000E+0	0.000000E+0	1.964247E-4	2.976042E-9	0.000000E+0	0.000000E+0	1.999959E+1	0.000000E+0	4.000000E+0
28-Apr-25	11:26:37	-1.000000E-5	-4.886875E+0	-8.000000E-5	-3.665000E-5	-4.500000E-7	1.200000E-8	-1.560000E-7	0.000000E+0	0.000000E+0	1.964247E-4	2.976042E-9	0.000000E+0	0.000000E+0	1.999959E+1	0.000000E+0	4.000000E+0
28-Apr-25	11:26:37	-1.000000E-5	-4.889050E+0	-8.000000E-5	-3.665000E-5	-3.000000E-7	2.600000E-8	-9.600000E-8	0.000000E+0	0.000000E+0	1.964247E-4	2.976042E-9	0.000000E+0	0.000000E+0	1.999959E+1	0.000000E+0	4.000000E+0
28-Apr-25	11:26:38	-1.000000E-5	-4.891220E+0	-8.000000E-5	-3.675000E-5	-2.500000E-7	3.600000E-8	8.000000E-8	0.000000E+0	0.000000E+0	1.964247E-4	2.976042E-9	0.000000E+0	0.000000E+0	1.999959E+1	0.000000E+0	4.000000E+0
28-Apr-25	11:26:38	-1.000000E-5	-4.893610E+0	-8.000000E-5	-3.695000E-5	-2.000000E-7	5.800000E-8	2.180000E-7	0.000000E+0	0.000000E+0	1.964247E-4	2.976042E-9	0.000000E+0	0.000000E+0	1.999959E+1	0.000000E+0	4.000000E+0
28-Apr-25	11:26:39	-1.000000E-5	-4.896100E+0	-8.000000E-5	-3.690000E-5	-3.000000E-7	9.800000E-8	1.180000E-7	0.000000E+0	0.000000E+0	1.964247E-4	2.976042E-9	0.000000E+0	0.000000E+0	1.999959E+1	0.000000E+0	4.000000E+0
28-Apr-25	11:26:39	-1.000000E-5	-4.898005E+0	-8.000000E-5	-3.675000E-5	-3.000000E-7	1.380000E-7	-1.240000E-7	0.000000E+0	0.000000E+0	1.964247E-4	2.976042E-9	0.000000E+0	0.000000E+0	1.999959E+1	0.000000E+0	4.000000E+0
28-Apr-25	11:26:40	-1.000000E-5	-4.898595E+0	-8.000000E-5	-3.680000E-5	-3.500000E-7	1.100000E-7	-2.700000E-7	0.000000E+0	0.000000E+0	1.964247E-4	2.976042E-9	0.000000E+0	0.000000E+0	1.999959E+1	0.000000E+0	4.000000E+0
28-Apr-25	11:26:40	-1.000000E-5	-4.902995E+0	-8.000000E-5	-3.670000E-5	-4.000000E-7	-1.000000E-8	-1.380000E-7	0.000000E+0	0.000000E+0	1.964247E-4	2.976042E-9	0.000000E+0	0.000000E+0	1.999959E+1	0.000000E+0	4.000000E+0
28-Apr-25	11:26:41	-1.000000E-5	-4.905165E+0	-8.000000E-5	-3.670000E-5	-3.000000E-7	-8.000000E-8	6.400000E-8	0.000000E+0	0.000000E+0	1.964247E-4	2.976042E-9	0.000000E+0	0.000000E+0	1.999959E+1	0.000000E+0	4.000000E+0
28-Apr-25	11:26:41	-1.000000E-5	-4.906010E+0	-8.000000E-5	-3.685000E-5	-3.000000E-7	-5.000000E-8	1.920000E-7	0.000000E+0	0.000000E+0	1.964247E-4	2.976042E-9	0.000000E+0	0.000000E+0	1.999959E+1	0.000000E+0	4.000000E+0
28-Apr-25	11:26:42	-1.000000E-5	-4.909910E+0	-8.000000E-5	-3.675000E-5	-3.500000E-7	5.000000E-8	1.660000E-7	0.000000E+0	0.000000E+0	1.964247E-4	2.976042E-9	0.000000E+0	0.000000E+0	1.999959E+1	0.000000E+0	4.000000E+0
28-Apr-25	11:26:42	-1.000000E-5	-4.912490E+0	-8.000000E-5	-3.670000E-5	-4.000000E-7	1.020000E-7	7.000000E-8	0.000000E+0	0.000000E+0	1.964247E-4	2.976042E-9	0.000000E+0	0.000000E+0	1.999959E+1	0.000000E+0	4.000000E+0
28-Apr-25	11:26:43	-1.000000E-5	-4.913535E+0	-8.000000E-5	-3.665000E-5	-4.500000E-7	-6.200000E-8	5.200000E-8	0.000000E+0	0.000000E+0	1.964247E-4	2.976042E-9	0.000000E+0	0.000000E+0	1.999959E+1	0.000000E+0	4.000000E+0
28-Apr-25	11:26:43	-1.000000E-5	-4.917380E+0	-8.000000E-5	-3.650000E-5	-4.500000E-7	-1.920000E-7	6.600000E-8	0.000000E+0	0.000000E+0	1.964247E-4	2.976042E-9	0.000000E+0	0.000000E+0	1.999959E+1	0.000000E+0	4.000000E+0
28-Apr-25	11:26:44	-1.000000E-5	-4.919925E+0	-8.000000E-5	-3.635000E-5	-3.500000E-7	-1.040000E-7	6.400000E-8	0.000000E+0	0.000000E+0	1.964247E-4	2.976042E-9	0.000000E+0	0.000000E+0	1.999959E+1	0.000000E+0	4.000000E+0
28-Apr-25	11:26:44	-1.000000E-5	-4.922000E+0	-8.000000E-5	-3.665000E-5	-3.500000E-7	1.360000E-7	1.020000E-7	0.000000E+0	0.000000E+0	1.964247E-4	2.976042E-9	0.000000E+0	0.000000E+0	1.999959E+1	0.000000E+0	4.000000E+0
28-Apr-25	11:26:45	-1.000000E-5	-4.924090E+0	-8.000000E-5	-3.685000E-5	-4.000000E-7	3.520000E-7	1.440000E-7	0.000000E+0	0.000000E+0	1.964247E-4	2.976042E-9	0.000000E+0	0.000000E+0	1.999959E+1	0.000000E+0	4.000000E+0
28-Apr-25	11:26:45	-1.000000E-5	-4.926630E+0	-8.000000E-5	-3.675000E-5	-4.500000E-7	3.420000E-7	1.020000E-7	0.000000E+0	0.000000E+0	1.964247E-4	2.976042E-9	0.000000E+0	0.000000E+0	1.999959E+1	0.000000E+0	4.000000E+0
28-Apr-25	11:26:46	-1.000000E-5	-4.928915E+0	-8.000000E-5	-3.680000E-5	-3.000000E-7	1.120000E-7	8.000000E-9	0.000000E+0	0.000000E+0	1.964247E-4	2.976042E-9	0.000000E+0	0.000000E+0	1.999959E+1	0.000000E+0	4.000000E+0
28-Apr-25	11:26:46	-1.000000E-5	-4.931435E+0	-8.000000E-5	-3.670000E-5	-3.000000E-7	-3.000000E-8	-4.400000E-8	0.000000E+0	0.000000E+0	1.964247E-4	2.976042E-9	0.000000E+0	0.000000E+0	1.999959E+1	0.000000E+0	4.000000E+0
28-Apr-25	11:26:47	-1.000000E-5	-4.934175E+0	-8.000000E-5	-3.675000E-5	-4.000000E-7	1.200000E-8	-8.000000E-8	0.000000E+0	0.000000E+0	1.964247E-4	2.976042E-9	0.000000E+0	0.000000E+0	1.999959E+1	0.000000E+0	4.000000E+0
28-Apr-25	11:26:47	-1.000000E-5	-4.936960E+0	-8.000000E-5	-3.680000E-5	-2.500000E-7	0.000000E+0	-1.340000E-7	0.000000E+0	0.000000E+0	1.964247E-4	2.976042E-9	0.000000E+0	0.000000E+0	1.999959E+1	0.000000E+0	4.000000E+0
28-Apr-25	11:26:48	-1.000000E-5	-4.937290E+0	-8.000000E-5	-3.690000E-5	-3.000000E-7	-9.000000E-8	-1.420000E-7	0.000000E+0	0.000000E+0	1.964247E-4	2.976042E-9	0.000000E+0	0.000000E+0	1.999959E+1	0.000000E+0	4.000000E+0
28-Apr-25	11:26:48	-1.000000E-5	-4.941050E+0	-8.000000E-5	-3.690000E-5	-3.500000E-7	-1.960000E-7	-1.520000E-7	0.000000E+0	0.000000E+0	1.964247E-4	2.976042E-9	0.000000E+0	0.000000E+0	1.999959E+1	0.000000E+0	4.000000E+0
28-Apr-25	11:26:49	-1.000000E-5	-4.943080E+0	-8.000000E-5	-3.680000E-5	-3.500000E-7	-3.460000E-7	-1.900000E-7	0.000000E+0	0.000000E+0	1.964247E-4	2.976042E-9	0.000000E+0	0.000000E+0	1.999959E+1	0.000000E+0	4.000000E+0
28-Apr-25	11:26:49	-1.000000E-5	-4.945555E+0	-8.000000E-5	-3.680000E-5	-3.000000E-7	-5.440000E-7	-1.500000E-7	0.000000E+0	0.000000E+0	1.964247E-4	2.976042E-9	0.000000E+0	0.000000E+0	1.999959E+1	0.000000E+0	4.000000E+0
28-Apr-25	11:26:50	-1.000000E-5	-4.947550E+0	-8.000000E-5	-3.680000E-5	-3.000000E-7	-5.680000E-7	3.400000E-8	0.000000E+0	0.000000E+0	1.964247E-4	2.976042E-9	0.000000E+0	0.000000E+0	1.999959E+1	0.000000E+0	4.000000E+0
28-Apr-25	11:26:50	-1.000000E-5	-4.949560E+0	-8.000000E-5	-3.675000E-5	-3.000000E-7	-3.980000E-7	2.640000E-7	0.000000E+0	0.000000E+0	1.964247E-4	2.976042E-9	0.000000E+0	0.000000E+0	1.999959E+1	0.000000E+0	4.000000E+0
28-Apr-25	11:26:51	-1.000000E-5	-4.950345E+0	-8.000000E-5	-3.675000E-5	-3.000000E-7	-1.660000E-7	3.180000E-7	0.000000E+0	0.000000E+0	1.964247E-4	2.976042E-9	0.000000E+0	0.000000E+0	1.999959E+1	0.000000E+0	4.000000E+0
28-Apr-25	11:26:51	-1.000000E-5	-4.954005E+0	-8.000000E-5	-3.680000E-5	-3.000000E-7	-7.600000E-8	1.680000E-7	0.000000E+0	0.000000E+0	1.964247E-4	2.976042E-9	0.000000E+0	0.000000E+0	1.999959E+1	0.000000E+0	4.000000E+0
28-Apr-25	11:26:52	-1.000000E-5	-4.956060E+0	-8.000000E-5	-3.685000E-5	-3.000000E-7	-4.400000E-8	6.000000E-9	0.000000E+0	0.000000E+0	1.964247E-4	2.976042E-9	0.000000E+0	0.000000E+0	1.999959E+1	0.000000E+0	4.000000E+0
28-Apr-25	11:26:52	-1.000000E-5	-4.958040E+0	-8.000000E-5	-3.680000E-5	-3.500000E-7	-1.800000E-8	-8.400000E-8	0.000000E+0	0.000000E+0	1.964247E-4	2.976042E-9	0.000000E+0	0.000000E+0	1.999959E+1	0.000000E+0	4.000000E+0
28-Apr-25	11:26:53	-1.000000E-5	-4.958795E+0	-8.000000E-5	-3.665000E-5	-5.000000E-7	2.000000E-9	-1.420000E-7	0.000000E+0	0.000000E+0	1.964247E-4	2.976042E-9	0.000000E+0	0.000000E+0	1.999959E+1	0.000000E+0	4.000000E+0
28-Apr-25	11:26:53	-1.000000E-5	-4.962640E+0	-8.000000E-5	-3.665000E-5	-4.000000E-7	6.400000E-8	-1.820000E-7	0.000000E+0	0.000000E+0	1.964247E-4	2.976042E-9	0.000000E+0	0.000000E+0	1.999959E+1	0.000000E+0	4.000000E+0
28-Apr-25	11:26:54	-1.000000E-5	-4.964395E+0	-8.000000E-5	-3.675000E-5	-2.500000E-7	1.500000E-7	-1.640000E-7	0.000000E+0	0.000000E+0	1.964247E-4	2.976042E-9	0.000000E+0	0.000000E+0	1.999959E+1	0.000000E+0	4.000000E+0
28-Apr-25	11:26:54	-1.000000E-5	-4.966605E+0	-8.000000E-5	-3.670000E-5	-3.500000E-7	1.580000E-7	-9.400000E-8	0.000000E+0	0.000000E+0	1.964247E-4	2.976042E-9	0.000000E+0	0.000000E+0	1.999959E+1	0.000000E+0	4.000000E+0
28-Apr-25	11:26:55	-1.000000E-5	-4.968370E+0	-8.000000E-5	-3.670000E-5	-3.000000E-7	7.200000E-8	6.000000E-9	0.000000E+0	0.000000E+0	1.964247E-4	2.976042E-9	0.000000E+0	0.000000E+0	1.999959E+1	0.000000E+0	4.000000E+0
28-Apr-25	11:26:55	-1.000000E-5	-4.970550E+0	-8.000000E-5	-3.675000E-5	-4.500000E-7	1.800000E-8	1.420000E-7	0.000000E+0	0.000000E+0	1.964247E-4	2.976042E-9	0.000000E+0	0.000000E+0	1.999959E+1	0.000000E+0	4.000000E+0
28-Apr-25	11:26:56	-1.000000E-5	-4.971290E+0	-8.000000E-5	-3.690000E-5	-3.500000E-7	4.800000E-8	2.720000E-7	0.000000E+0	0.000000E+0	1.964247E-4	2.976042E-9	0.000000E+0	0.000000E+0	1.999959E+1	0.000000E+0	4.000000E+0
28-Apr-25	11:26:56	-1.000000E-5	-4.974850E+0	-8.000000E-5	-3.670000E-5	-1.500000E-7	8.200000E-8	2.860000E-7	0.000000E+0	0.000000E+0	1.964247E-4	2.976042E-9	0.000000E+0	0.000000E+0	1.999959E+1	0.000000E+0	4.000000E+0
28-Apr-25	11:26:57	-1.000000E-5	-4.977210E+0	-8.000000E-5	-3.680000E-5	-3.000000E-7	1.420000E-7	2.180000E-7	0.000000E+0	0.000000E+0	1.964247E-4	2.976042E-9	0.000000E+0	0.000000E+0	1.999959E+1	0.000000E+0	4.000000E+0
28-Apr-25	11:26:57	-1.000000E-5	-4.979145E+0	-8.000000E-5	-3.670000E-5	-3.000000E-7	2.260000E-7	2.120000E-7	0.000000E+0	0.000000E+0	1.964247E-4	2.976042E-9	0.000000E+0	0.000000E+0	1.999959E+1	0.000000E+0	4.000000E+0
28-Apr-25	11:26:58	-1.000000E-5	-4.981055E+0	-8.000000E-5	-3.660000E-5	-3.000000E-7	2.760000E-7	2.700000E-7	0.000000E+0	0.000000E+0	1.964247E-4	2.976042E-9	0.000000E+0	0.000000E+0	1.999959E+1	0.000000E+0	4.000000E+0
28-Apr-25	11:26:58	-1.000000E-5	-4.983190E+0	-8.000000E-5	-3.665000E-5	-2.000000E-7	2.280000E-7	2.820000E-7	0.000000E+0	0.000000E+0	1.964247E-4	2.976042E-9	0.000000E+0	0.000000E+0	1.999959E+1	0.000000E+0	4.000000E+0
28-Apr-25	11:26:59	-1.000000E-5	-4.985090E+0	-8.000000E-5	-3.675000E-5	-3.000000E-7	7.200000E-8	1.880000E-7	0.000000E+0	0.000000E+0	1.964247E-4	2.976042E-9	0.000000E+0	0.000000E+0	1.999959E+1	0.000000E+0	4.000000E+0
28-Apr-25	11:26:59	-1.000000E-5	-4.987410E+0	-8.000000E-5	-3.655000E-5	-2.000000E-7	-8.600000E-8	-2.000000E-9	0.000000E+0	0.000000E+0	1.964247E-4	2.976042E-9	0.000000E+0	0.000000E+0	1.999959E+1	0.000000E+0	4.000000E+0
28-Apr-25	11:27:00	-1.000000E-5	-4.989380E+0	-8.000000E-5	-3.660000E-5	-2.500000E-7	-8.200000E-8	-1.940000E-7	0.000000E+0	0.000000E+0	1.964247E-4	2.976042E-9	0.000000E+0	0.000000E+0	1.999959E+1	0.000000E+0	4.000000E+0
28-Apr-25	11:27:00	-1.000000E-5	-4.991265E+0	-8.000000E-5	-3.675000E-5	-4.500000E-7	5.800000E-8	-3.480000E-7	0.000000E+0	0.000000E+0	1.964247E-4	2.976042E-9	0.000000E+0	0.000000E+0	1.999959E+1	0.000000E+0	4.000000E+0
28-Apr-25	11:27:00	-1.000000E-5	-4.993150E+0	-8.000000E-5	-3.675000E-5	-5.000000E-7	2.140000E-7	-3.880000E-7	0.000000E+0	0.000000E+0	1.964247E-4	2.976042E-9	0.000000E+0	0.000000E+0	1.999959E+1	0.000000E+0	4.000000E+0
28-Apr-25	11:27:01	-1.000000E-5	-4.995240E+0	-8.000000E-5	-3.670000E-5	-4.500000E-7	2.940000E-7	-2.940000E-7	0.000000E+0	0.000000E+0	1.964247E-4	2.976042E-9	0.000000E+0	0.000000E+0	1.999959E+1	0.000000E+0	4.000000E+0
28-Apr-25	11:27:01	-1.000000E-5	-4.997110E+0	-8.000000E-5	-3.675000E-5	-3.000000E-7	2.820000E-7	-1.340000E-7	0.000000E+0	0.000000E+0	1.964247E-4	2.976042E-9	0.000000E+0	0.000000E+0	1.999959E+1	0.000000E+0	4.000000E+0
28-Apr-25	11:27:02	-1.000000E-5	-4.999600E+0	-8.000000E-5	-3.670000E-5	-3.500000E-7	2.340000E-7	2.400000E-8	0.000000E+0	0.000000E+0	1.964247E-4	2.976042E-9	0.000000E+0	0.000000E+0	1.999959E+1	0.000000E+0	4.000000E+0
28-Apr-25	11:27:02	-1.000000E-5	-4.999900E+0	-8.000000E-5	-3.670000E-5	-3.500000E-7	2.000000E-7	3.400000E-8	0.000000E+0	0.000000E+0	1.964247E-4	2.976042E-9	0.000000E+0	0.000000E+0	1.999959E+1	0.000000E+0	4.000000E+0
28-Apr-25	11:27:03	-1.000000E-5	-5.003315E+0	-8.000000E-5	-3.665000E-5	-3.500000E-7	1.780000E-7	-3.800000E-8	0.000000E+0	0.000000E+0	1.964247E-4	2.976042E-9	0.000000E+0	0.000000E+0	1.999959E+1	0.000000E+0	4.000000E+0
28-Apr-25	11:27:03	-1.000000E-5	-5.005780E+0	-8.000000E-5	-3.665000E-5	-4.000000E-7	1.560000E-7	-2.120000E-7	0.000000E+0	0.000000E+0	1.964247E-4	2.976042E-9	0.000000E+0	0.000000E+0	1.999959E+1	0.000000E+0	4.000000E+0
28-Apr-25	11:27:04	-1.000000E-5	-5.007625E+0	-8.000000E-5	-3.675000E-5	-5.000000E-7	1.280000E-7	-2.660000E-7	0.000000E+0	0.000000E+0	1.964247E-4	2.976042E-9	0.000000E+0	0.000000E+0	1.999959E+1	0.000000E+0	4.000000E+0
28-Apr-25	11:27:05	-1.000000E-5	-5.009890E+0	-8.000000E-5	-3.665000E-5	-4.000000E-7	6.800000E-8	-6.800000E-8	0.000000E+0	0.000000E+0	1.964247E-4	2.976042E-9	0.000000E+0	0.000000E+0	1.999959E+1	0.000000E+0	4.000000E+0
28-Apr-25	11:27:05	-1.000000E-5	-5.011695E+0	-8.000000E-5	-3.660000E-5	-4.000000E-7	1.800000E-8	1.620000E-7	0.000000E+0	0.000000E+0	1.964247E-4	2.976042E-9	0.000000E+0	0.000000E+0	1.999959E+1	0.000000E+0	4.000000E+0
28-Apr-25	11:27:05	-1.000000E-5	-5.013770E+0	-8.000000E-5	-3.665000E-5	-3.500000E-7	6.000000E-9	2.100000E-7	0.000000E+0	0.000000E+0	1.964247E-4	2.976042E-9	0.000000E+0	0.000000E+0	1.999959E+1	0.000000E+0	4.000000E+0
28-Apr-25	11:27:06	-1.000000E-5	-5.015630E+0	-8.000000E-5	-3.680000E-5	-2.500000E-7	-4.000000E-9	1.220000E-7	0.000000E+0	0.000000E+0	1.964247E-4	2.976042E-9	0.000000E+0	0.000000E+0	1.999959E+1	0.000000E+0	4.000000E+0
28-Apr-25	11:27:06	-1.000000E-5	-5.017635E+0	-8.000000E-5	-3.660000E-5	-5.000000E-7	-6.200000E-8	8.200000E-8	0.000000E+0	0.000000E+0	1.964247E-4	2.976042E-9	0.000000E+0	0.000000E+0	1.999959E+1	0.000000E+0	4.000000E+0
28-Apr-25	11:27:07	-1.000000E-5	-5.019455E+0	-8.000000E-5	-3.665000E-5	-4.000000E-7	-1.120000E-7	8.600000E-8	0.000000E+0	0.000000E+0	1.964247E-4	2.976042E-9	0.000000E+0	0.000000E+0	1.999959E+1	0.000000E+0	4.000000E+0
28-Apr-25	11:27:07	-1.000000E-5	-5.021465E+0	-8.000000E-5	-3.670000E-5	-2.500000E-7	-1.200000E-7	1.040000E-7	0.000000E+0	0.000000E+0	1.964247E-4	2.976042E-9	0.000000E+0	0.000000E+0	1.999959E+1	0.000000E+0	4.000000E+0
28-Apr-25	11:27:08	-1.000000E-5	-5.023275E+0	-8.000000E-5	-3.660000E-5	-2.500000E-7	-1.280000E-7	1.020000E-7	0.000000E+0	0.000000E+0	1.964247E-4	2.976042E-9	0.000000E+0	0.000000E+0	1.999959E+1	0.000000E+0	4.000000E+0
28-Apr-25	11:27:08	-1.000000E-5	-5.025080E+0	-8.000000E-5	-3.685000E-5	-4.000000E-7	-1.880000E-7	2.000000E-9	0.000000E+0	0.000000E+0	1.964247E-4	2.976042E-9	0.000000E+0	0.000000E+0	1.999959E+1	0.000000E+0	4.000000E+0
28-Apr-25	11:27:09	-1.000000E-5	-5.027260E+0	-8.000000E-5	-3.675000E-5	-3.500000E-7	-3.180000E-7	-2.020000E-7	0.000000E+0	0.000000E+0	1.964247E-4	2.976042E-9	0.000000E+0	0.000000E+0	1.999959E+1	0.000000E+0	4.000000E+0
28-Apr-25	11:27:09	-1.000000E-5	-5.029035E+0	-8.000000E-5	-3.675000E-5	-3.500000E-7	-3.840000E-7	-2.480000E-7	0.000000E+0	0.000000E+0	1.964247E-4	2.976042E-9	0.000000E+0	0.000000E+0	1.999959E+1	0.000000E+0	4.000000E+0
28-Apr-25	11:27:10	-1.000000E-5	-5.031005E+0	-8.000000E-5	-3.675000E-5	-4.000000E-7	-3.440000E-7	-1.780000E-7	0.000000E+0	0.000000E+0	1.964247E-4	2.976042E-9	0.000000E+0	0.000000E+0	1.999959E+1	0.000000E+0	4.000000E+0
28-Apr-25	11:27:10	-1.000000E-5	-5.032770E+0	-8.000000E-5	-3.660000E-5	-5.500000E-7	-2.780000E-7	-1.520000E-7	0.000000E+0	0.000000E+0	1.964247E-4	2.976042E-9	0.000000E+0	0.000000E+0	1.999959E+1	0.000000E+0	4.000000E+0
28-Apr-25	11:27:11	-1.000000E-5	-5.034805E+0	-8.000000E-5	-3.680000E-5	-4.000000E-7	-3.100000E-7	-2.100000E-7	0.000000E+0	0.000000E+0	1.964247E-4	2.976042E-9	0.000000E+0	0.000000E+0	1.999959E+1	0.000000E+0	4.000000E+0
28-Apr-25	11:27:11	-1.000000E-5	-5.036755E+0	-8.000000E-5	-3.665000E-5	-4.500000E-7	-3.600000E-7	-1.980000E-7	0.000000E+0	0.000000E+0	1.964247E-4	2.976042E-9	0.000000E+0	0.000000E+0	1.999959E+1	0.000000E+0	4.000000E+0
28-Apr-25	11:27:12	-1.000000E-5	-5.038505E+0	-8.000000E-5	-3.670000E-5	-5.500000E-7	-3.200000E-7	-5.800000E-8	0.000000E+0	0.000000E+0	1.964247E-4	2.976042E-9	0.000000E+0	0.000000E+0	1.999959E+1	0.000000E+0	4.000000E+0
28-Apr-25	11:27:12	-1.000000E-5	-5.040465E+0	-8.000000E-5	-3.685000E-5	-3.000000E-7	-1.940000E-7	1.180000E-7	0.000000E+0	0.000000E+0	1.964247E-4	2.976042E-9	0.000000E+0	0.000000E+0	1.999959E+1	0.000000E+0	4.000000E+0
28-Apr-25	11:27:13	-1.000000E-5	-5.042210E+0	-8.000000E-5	-3.675000E-5	-2.000000E-7	-5.000000E-8	1.980000E-7	0.000000E+0	0.000000E+0	1.964247E-4	2.976042E-9	0.000000E+0	0.000000E+0	1.999959E+1	0.000000E+0	4.000000E+0
28-Apr-25	11:27:13	-1.000000E-5	-5.043930E+0	-8.000000E-5	-3.685000E-5	-2.500000E-7	7.400000E-8	1.640000E-7	0.000000E+0	0.000000E+0	1.964247E-4	2.976042E-9	0.000000E+0	0.000000E+0	1.999959E+1	0.000000E+0	4.000000E+0
28-Apr-25	11:27:14	-1.000000E-5	-5.045670E+0	-8.000000E-5	-3.680000E-5	-2.000000E-7	1.480000E-7	8.600000E-8	0.000000E+0	0.000000E+0	1.964247E-4	2.976042E-9	0.000000E+0	0.000000E+0	1.999959E+1	0.000000E+0	4.000000E+0
28-Apr-25	11:27:14	-1.000000E-5	-5.047410E+0	-8.000000E-5	-3.675000E-5	-5.000000E-7	1.540000E-7	-2.000000E-9	0.000000E+0	0.000000E+0	1.964247E-4	2.976042E-9	0.000000E+0	0.000000E+0	1.999959E+1	0.000000E+0	4.000000E+0
28-Apr-25	11:27:15	-1.000000E-5	-5.049320E+0	-8.000000E-5	-3.665000E-5	-5.000000E-7	1.200000E-7	-1.340000E-7	0.000000E+0	0.000000E+0	1.964247E-4	2.976042E-9	0.000000E+0	0.000000E+0	1.999959E+1	0.000000E+0	4.000000E+0
28-Apr-25	11:27:15	-1.000000E-5	-5.049795E+0	-8.000000E-5	-3.670000E-5	-4.000000E-7	8.800000E-8	-2.660000E-7	0.000000E+0	0.000000E+0	1.964247E-4	2.976042E-9	0.000000E+0	0.000000E+0	1.999959E+1	0.000000E+0	4.000000E+0
28-Apr-25	11:27:15	-1.000000E-5	-5.052945E+0	-8.000000E-5	-3.675000E-5	-4.000000E-7	6.000000E-8	-3.580000E-7	0.000000E+0	0.000000E+0	1.964247E-4	2.976042E-9	0.000000E+0	0.000000E+0	1.999959E+1	0.000000E+0	4.000000E+0
28-Apr-25	11:27:16	-1.000000E-5	-5.054725E+0	-8.000000E-5	-3.680000E-5	-4.000000E-7	4.000000E-8	-3.560000E-7	0.000000E+0	0.000000E+0	1.964247E-4	2.976042E-9	0.000000E+0	0.000000E+0	1.999959E+1	0.000000E+0	4.000000E+0
28-Apr-25	11:27:16	-1.000000E-5	-5.056425E+0	-8.000000E-5	-3.675000E-5	-2.000000E-7	5.200000E-8	-2.320000E-7	0.000000E+0	0.000000E+0	1.964247E-4	2.976042E-9	0.000000E+0	0.000000E+0	1.999959E+1	0.000000E+0	4.000000E+0
28-Apr-25	11:27:17	-1.000000E-5	-5.057060E+0	-8.000000E-5	-3.695000E-5	-1.000000E-7	1.120000E-7	-8.000000E-8	0.000000E+0	0.000000E+0	1.964247E-4	2.976042E-9	0.000000E+0	0.000000E+0	1.999959E+1	0.000000E+0	4.000000E+0
28-Apr-25	11:27:17	-1.000000E-5	-5.060175E+0	-8.000000E-5	-3.665000E-5	-5.500000E-7	1.040000E-7	-1.100000E-7	0.000000E+0	0.000000E+0	1.964247E-4	2.976042E-9	0.000000E+0	0.000000E+0	1.999959E+1	0.000000E+0	4.000000E+0
28-Apr-25	11:27:18	-1.000000E-5	-5.062250E+0	-8.000000E-5	-3.670000E-5	-3.000000E-7	-2.400000E-8	-2.400000E-7	0.000000E+0	0.000000E+0	1.964247E-4	2.976042E-9	0.000000E+0	0.000000E+0	1.999959E+1	0.000000E+0	4.000000E+0
28-Apr-25	11:27:18	-1.000000E-5	-5.063950E+0	-8.000000E-5	-3.650000E-5	-1.500000E-7	-1.040000E-7	-2.620000E-7	0.000000E+0	0.000000E+0	1.964247E-4	2.976042E-9	0.000000E+0	0.000000E+0	1.999959E+1	0.000000E+0	4.000000E+0
28-Apr-25	11:27:19	-1.000000E-5	-5.065660E+0	-8.000000E-5	-3.680000E-5	-2.500000E-7	-8.200000E-8	-2.020000E-7	0.000000E+0	0.000000E+0	1.964247E-4	2.976042E-9	0.000000E+0	0.000000E+0	1.999959E+1	0.000000E+0	4.000000E+0
28-Apr-25	11:27:19	-1.000000E-5	-5.067340E+0	-8.000000E-5	-3.680000E-5	-5.000000E-7	-3.600000E-8	-1.220000E-7	0.000000E+0	0.000000E+0	1.964247E-4	2.976042E-9	0.000000E+0	0.000000E+0	1.999959E+1	0.000000E+0	4.000000E+0
28-Apr-25	11:27:20	-1.000000E-5	-5.069015E+0	-8.000000E-5	-3.675000E-5	-5.000000E-7	-7.400000E-8	-3.200000E-8	0.000000E+0	0.000000E+0	1.964247E-4	2.976042E-9	0.000000E+0	0.000000E+0	1.999959E+1	0.000000E+0	4.000000E+0
28-Apr-25	11:27:20	-1.000000E-5	-5.070885E+0	-8.000000E-5	-3.700000E-5	-3.000000E-7	-1.760000E-7	5.800000E-8	0.000000E+0	0.000000E+0	1.964247E-4	2.976042E-9	0.000000E+0	0.000000E+0	1.999959E+1	0.000000E+0	4.000000E+0
28-Apr-25	11:27:21	-1.000000E-5	-5.072525E+0	-8.000000E-5	-3.685000E-5	-4.000000E-7	-2.380000E-7	6.400000E-8	0.000000E+0	0.000000E+0	1.964247E-4	2.976042E-9	0.000000E+0	0.000000E+0	1.999959E+1	0.000000E+0	4.000000E+0
28-Apr-25	11:27:21	-1.000000E-5	-5.074550E+0	-8.000000E-5	-3.690000E-5	-5.000000E-7	-2.500000E-7	-4.000000E-9	0.000000E+0	0.000000E+0	1.964247E-4	2.976042E-9	0.000000E+0	0.000000E+0	1.999959E+1	0.000000E+0	4.000000E+0
28-Apr-25	11:27:22	-1.000000E-5	-5.076185E+0	-8.000000E-5	-3.690000E-5	-4.500000E-7	-2.580000E-7	-7.000000E-8	0.000000E+0	0.000000E+0	1.964247E-4	2.976042E-9	0.000000E+0	0.000000E+0	1.999959E+1	0.000000E+0	4.000000E+0
28-Apr-25	11:27:22	-1.000000E-5	-5.077815E+0	-8.000000E-5	-3.695000E-5	-2.500000E-7	-1.900000E-7	-1.100000E-7	0.000000E+0	0.000000E+0	1.964247E-4	2.976042E-9	0.000000E+0	0.000000E+0	1.999959E+1	0.000000E+0	4.000000E+0
28-Apr-25	11:27:23	-1.000000E-5	-5.079645E+0	-8.000000E-5	-3.690000E-5	-3.500000E-7	-1.400000E-8	-1.760000E-7	0.000000E+0	0.000000E+0	1.964247E-4	2.976042E-9	0.000000E+0	0.000000E+0	1.999959E+1	0.000000E+0	4.000000E+0
28-Apr-25	11:27:23	-1.000000E-5	-5.081285E+0	-8.000000E-5	-3.680000E-5	-4.500000E-7	1.500000E-7	-2.660000E-7	0.000000E+0	0.000000E+0	1.964247E-4	2.976042E-9	0.000000E+0	0.000000E+0	1.999959E+1	0.000000E+0	4.000000E+0
28-Apr-25	11:27:24	-1.000000E-5	-5.083280E+0	-8.000000E-5	-3.655000E-5	-3.000000E-7	2.340000E-7	-3.380000E-7	0.000000E+0	0.000000E+0	1.964247E-4	2.976042E-9	0.000000E+0	0.000000E+0	1.999959E+1	0.000000E+0	4.000000E+0
28-Apr-25	11:27:24	-1.000000E-5	-5.084935E+0	-8.000000E-5	-3.680000E-5	-4.000000E-7	2.940000E-7	-3.440000E-7	0.000000E+0	0.000000E+0	1.964247E-4	2.976042E-9	0.000000E+0	0.000000E+0	1.999959E+1	0.000000E+0	4.000000E+0
28-Apr-25	11:27:25	-1.000000E-5	-5.085565E+0	-8.000000E-5	-3.680000E-5	-4.000000E-7	3.820000E-7	-2.940000E-7	0.000000E+0	0.000000E+0	1.964247E-4	2.976042E-9	0.000000E+0	0.000000E+0	1.999959E+1	0.000000E+0	4.000000E+0
28-Apr-25	11:27:25	-1.000000E-5	-5.088355E+0	-8.000000E-5	-3.670000E-5	-3.500000E-7	3.820000E-7	-2.360000E-7	0.000000E+0	0.000000E+0	1.964247E-4	2.976042E-9	0.000000E+0	0.000000E+0	1.999959E+1	0.000000E+0	4.000000E+0
28-Apr-25	11:27:26	-1.000000E-5	-5.090145E+0	-8.000000E-5	-3.680000E-5	-2.500000E-7	2.460000E-7	-1.760000E-7	0.000000E+0	0.000000E+0	1.964247E-4	2.976042E-9	0.000000E+0	0.000000E+0	1.999959E+1	0.000000E+0	4.000000E+0
28-Apr-25	11:27:26	-1.000000E-5	-5.091745E+0	-8.000000E-5	-3.680000E-5	-5.000000E-7	8.000000E-9	-9.800000E-8	0.000000E+0	0.000000E+0	1.964247E-4	2.976042E-9	0.000000E+0	0.000000E+0	1.999959E+1	0.000000E+0	4.000000E+0
28-Apr-25	11:27:27	-1.000000E-5	-5.092535E+0	-8.000000E-5	-3.695000E-5	-6.000000E-7	-9.200000E-8	-7.000000E-8	0.000000E+0	0.000000E+0	1.964247E-4	2.976042E-9	0.000000E+0	0.000000E+0	1.999959E+1	0.000000E+0	4.000000E+0
28-Apr-25	11:27:27	-1.000000E-5	-5.095875E+0	-8.000000E-5	-3.695000E-5	-6.500000E-7	-2.000000E-8	-1.640000E-7	0.000000E+0	0.000000E+0	1.964247E-4	2.976042E-9	0.000000E+0	0.000000E+0	1.999959E+1	0.000000E+0	4.000000E+0
28-Apr-25	11:27:28	-1.000000E-5	-5.097820E+0	-8.000000E-5	-3.660000E-5	-4.500000E-7	-2.000000E-8	-2.740000E-7	0.000000E+0	0.000000E+0	1.964247E-4	2.976042E-9	0.000000E+0	0.000000E+0	1.999959E+1	0.000000E+0	4.000000E+0
28-Apr-25	11:27:28	-1.000000E-5	-5.099735E+0	-8.000000E-5	-3.675000E-5	-2.000000E-7	-1.640000E-7	-2.520000E-7	0.000000E+0	0.000000E+0	1.964247E-4	2.976042E-9	0.000000E+0	0.000000E+0	1.999959E+1	0.000000E+0	4.000000E+0
28-Apr-25	11:27:29	-1.000000E-5	-5.101310E+0	-8.000000E-5	-3.675000E-5	-3.000000E-7	-2.420000E-7	-1.720000E-7	0.000000E+0	0.000000E+0	1.964247E-4	2.976042E-9	0.000000E+0	0.000000E+0	1.999959E+1	0.000000E+0	4.000000E+0
28-Apr-25	11:27:29	-1.000000E-5	-5.102890E+0	-8.000000E-5	-3.680000E-5	-2.000000E-7	-2.280000E-7	-9.800000E-8	0.000000E+0	0.000000E+0	1.964247E-4	2.976042E-9	0.000000E+0	0.000000E+0	1.999959E+1	0.000000E+0	4.000000E+0
28-Apr-25	11:27:30	-1.000000E-5	-5.104625E+0	-8.000000E-5	-3.680000E-5	-1.500000E-7	-1.580000E-7	-7.000000E-8	0.000000E+0	0.000000E+0	1.964247E-4	2.976042E-9	0.000000E+0	0.000000E+0	1.999959E+1	0.000000E+0	4.000000E+0
28-Apr-25	11:27:30	-1.000000E-5	-5.106570E+0	-8.000000E-5	-3.685000E-5	-4.500000E-7	-5.800000E-8	-7.000000E-8	0.000000E+0	0.000000E+0	1.964247E-4	2.976042E-9	0.000000E+0	0.000000E+0	1.999959E+1	0.000000E+0	4.000000E+0
28-Apr-25	11:27:31	-1.000000E-5	-5.108140E+0	-8.000000E-5	-3.680000E-5	-3.000000E-7	-8.000000E-9	-9.400000E-8	0.000000E+0	0.000000E+0	1.964247E-4	2.976042E-9	0.000000E+0	0.000000E+0	1.999959E+1	0.000000E+0	4.000000E+0
28-Apr-25	11:27:31	-1.000000E-5	-5.110025E+0	-8.000000E-5	-3.685000E-5	-3.000000E-7	-6.000000E-9	-1.980000E-7	0.000000E+0	0.000000E+0	1.964247E-4	2.976042E-9	0.000000E+0	0.000000E+0	1.999959E+1	0.000000E+0	4.000000E+0
28-Apr-25	11:27:32	-1.000000E-5	-5.111560E+0	-8.000000E-5	-3.700000E-5	-3.000000E-7	-3.600000E-8	-2.700000E-7	0.000000E+0	0.000000E+0	1.964247E-4	2.976042E-9	0.000000E+0	0.000000E+0	1.999959E+1	0.000000E+0	4.000000E+0
28-Apr-25	11:27:32	-1.000000E-5	-5.113265E+0	-8.000000E-5	-3.685000E-5	-2.500000E-7	-3.200000E-8	-1.800000E-7	0.000000E+0	0.000000E+0	1.964247E-4	2.976042E-9	0.000000E+0	0.000000E+0	1.999959E+1	0.000000E+0	4.000000E+0
28-Apr-25	11:27:33	-1.000000E-5	-5.113530E+0	-8.000000E-5	-3.680000E-5	-4.500000E-7	1.600000E-8	-2.000000E-8	0.000000E+0	0.000000E+0	1.964247E-4	2.976042E-9	0.000000E+0	0.000000E+0	1.999959E+1	0.000000E+0	4.000000E+0
28-Apr-25	11:27:33	-1.000000E-5	-5.116345E+0	-8.000000E-5	-3.675000E-5	-3.500000E-7	3.400000E-8	2.400000E-8	0.000000E+0	0.000000E+0	1.964247E-4	2.976042E-9	0.000000E+0	0.000000E+0	1.999959E+1	0.000000E+0	4.000000E+0
28-Apr-25	11:27:34	-1.000000E-5	-5.118040E+0	-8.000000E-5	-3.680000E-5	-2.000000E-7	-1.600000E-8	-6.200000E-8	0.000000E+0	0.000000E+0	1.964247E-4	2.976042E-9	0.000000E+0	0.000000E+0	1.999959E+1	0.000000E+0	4.000000E+0
28-Apr-25	11:27:34	-1.000000E-5	-5.119760E+0	-8.000000E-5	-3.685000E-5	-3.500000E-7	-5.800000E-8	-1.220000E-7	0.000000E+0	0.000000E+0	1.964247E-4	2.976042E-9	0.000000E+0	0.000000E+0	1.999959E+1	0.000000E+0	4.000000E+0
28-Apr-25	11:27:35	-1.000000E-5	-5.120350E+0	-8.000000E-5	-3.680000E-5	-3.000000E-7	-1.200000E-8	-4.200000E-8	0.000000E+0	0.000000E+0	1.964247E-4	2.976042E-9	0.000000E+0	0.000000E+0	1.999959E+1	0.000000E+0	4.000000E+0
28-Apr-25	11:27:35	-1.000000E-5	-5.123130E+0	-8.000000E-5	-3.675000E-5	-4.000000E-7	6.000000E-8	4.000000E-8	0.000000E+0	0.000000E+0	1.964247E-4	2.976042E-9	0.000000E+0	0.000000E+0	1.999959E+1	0.000000E+0	4.000000E+0
28-Apr-25	11:27:36	-1.000000E-5	-5.124630E+0	-8.000000E-5	-3.675000E-5	-3.500000E-7	1.240000E-7	3.400000E-8	0.000000E+0	0.000000E+0	1.964247E-4	2.976042E-9	0.000000E+0	0.000000E+0	1.999959E+1	0.000000E+0	4.000000E+0
28-Apr-25	11:27:36	-1.000000E-5	-5.126460E+0	-8.000000E-5	-3.680000E-5	-3.000000E-7	1.640000E-7	-1.600000E-8	0.000000E+0	0.000000E+0	1.964247E-4	2.976042E-9	0.000000E+0	0.000000E+0	1.999959E+1	0.000000E+0	4.000000E+0
28-Apr-25	11:27:37	-1.000000E-5	-5.127800E+0	-8.000000E-5	-3.685000E-5	-3.500000E-7	1.580000E-7	-8.000000E-9	0.000000E+0	0.000000E+0	1.964247E-4	2.976042E-9	0.000000E+0	0.000000E+0	1.999959E+1	0.000000E+0	4.000000E+0
28-Apr-25	11:27:37	-1.000000E-5	-5.129465E+0	-8.000000E-5	-3.655000E-5	-5.000000E-7	1.560000E-7	6.200000E-8	0.000000E+0	0.000000E+0	1.964247E-4	2.976042E-9	0.000000E+0	0.000000E+0	1.999959E+1	0.000000E+0	4.000000E+0
28-Apr-25	11:27:38	-1.000000E-5	-5.129885E+0	-8.000000E-5	-3.675000E-5	-3.500000E-7	1.960000E-7	1.360000E-7	0.000000E+0	0.000000E+0	1.964247E-4	2.976042E-9	0.000000E+0	0.000000E+0	1.999959E+1	0.000000E+0	4.000000E+0
28-Apr-25	11:27:38	-1.000000E-5	-5.132590E+0	-8.000000E-5	-3.685000E-5	-3.000000E-7	2.380000E-7	1.360000E-7	0.000000E+0	0.000000E+0	1.964247E-4	2.976042E-9	0.000000E+0	0.000000E+0	1.999959E+1	0.000000E+0	4.000000E+0
28-Apr-25	11:27:38	-1.000000E-5	-5.134420E+0	-8.000000E-5	-3.690000E-5	-3.000000E-7	2.360000E-7	2.400000E-8	0.000000E+0	0.000000E+0	1.964247E-4	2.976042E-9	0.000000E+0	0.000000E+0	1.999959E+1	0.000000E+0	4.000000E+0
28-Apr-25	11:27:39	-1.000000E-5	-5.135725E+0	-8.000000E-5	-3.690000E-5	-4.000000E-7	1.840000E-7	-7.600000E-8	0.000000E+0	0.000000E+0	1.964247E-4	2.976042E-9	0.000000E+0	0.000000E+0	1.999959E+1	0.000000E+0	4.000000E+0
28-Apr-25	11:27:39	-1.000000E-5	-5.136130E+0	-8.000000E-5	-3.665000E-5	-3.000000E-7	1.160000E-7	-8.000000E-8	0.000000E+0	0.000000E+0	1.964247E-4	2.976042E-9	0.000000E+0	0.000000E+0	1.999959E+1	0.000000E+0	4.000000E+0
28-Apr-25	11:27:40	-1.000000E-5	-5.138800E+0	-8.000000E-5	-3.645000E-5	-3.500000E-7	1.080000E-7	-6.000000E-9	0.000000E+0	0.000000E+0	1.964247E-4	2.976042E-9	0.000000E+0	0.000000E+0	1.999959E+1	0.000000E+0	4.000000E+0
28-Apr-25	11:27:40	-1.000000E-5	-5.140795E+0	-8.000000E-5	-3.665000E-5	-3.000000E-7	1.800000E-7	-1.200000E-8	0.000000E+0	0.000000E+0	1.964247E-4	2.976042E-9	0.000000E+0	0.000000E+0	1.999959E+1	0.000000E+0	4.000000E+0
28-Apr-25	11:27:41	-1.000000E-5	-5.142190E+0	-8.000000E-5	-3.675000E-5	-3.000000E-7	2.280000E-7	-9.200000E-8	0.000000E+0	0.000000E+0	1.964247E-4	2.976042E-9	0.000000E+0	0.000000E+0	1.999959E+1	0.000000E+0	4.000000E+0
28-Apr-25	11:27:42	-1.000000E-5	-5.141450E+0	-8.000000E-5	-3.665000E-5	-3.500000E-7	1.900000E-7	-1.280000E-7	0.000000E+0	0.000000E+0	1.964247E-4	2.976042E-9	0.000000E+0	0.000000E+0	1.999959E+1	0.000000E+0	4.000000E+0
28-Apr-25	11:27:42	-1.000000E-5	-5.134815E+0	-8.000000E-5	-3.680000E-5	-4.500000E-7	1.560000E-7	-6.000000E-8	0.000000E+0	0.000000E+0	1.964247E-4	2.976042E-9	0.000000E+0	0.000000E+0	1.999959E+1	0.000000E+0	4.000000E+0
28-Apr-25	11:27:43	-1.000000E-5	-5.125870E+0	-8.000000E-5	-3.685000E-5	-3.000000E-7	1.800000E-7	3.400000E-8	0.000000E+0	0.000000E+0	1.964247E-4	2.976042E-9	0.000000E+0	0.000000E+0	1.999959E+1	0.000000E+0	4.000000E+0
28-Apr-25	11:27:43	-1.000000E-5	-5.115980E+0	-8.000000E-5	-3.665000E-5	-4.000000E-7	1.880000E-7	3.600000E-8	0.000000E+0	0.000000E+0	1.964247E-4	2.976042E-9	0.000000E+0	0.000000E+0	1.999959E+1	0.000000E+0	4.000000E+0
28-Apr-25	11:27:44	-1.000000E-5	-5.107090E+0	-8.000000E-5	-3.680000E-5	-4.000000E-7	1.440000E-7	-3.200000E-8	0.000000E+0	0.000000E+0	1.964247E-4	2.976042E-9	0.000000E+0	0.000000E+0	1.999959E+1	0.000000E+0	4.000000E+0
28-Apr-25	11:27:44	-1.000000E-5	-5.098955E+0	-8.000000E-5	-3.680000E-5	-4.500000E-7	1.320000E-7	-1.140000E-7	0.000000E+0	0.000000E+0	1.964247E-4	2.976042E-9	0.000000E+0	0.000000E+0	1.999959E+1	0.000000E+0	4.000000E+0
28-Apr-25	11:27:45	-1.000000E-5	-5.089925E+0	-8.000000E-5	-3.660000E-5	-2.500000E-7	1.660000E-7	-1.860000E-7	0.000000E+0	0.000000E+0	1.964247E-4	2.976042E-9	0.000000E+0	0.000000E+0	1.999959E+1	0.000000E+0	4.000000E+0
28-Apr-25	11:27:45	-1.000000E-5	-5.080905E+0	-8.000000E-5	-3.670000E-5	-4.000000E-7	1.040000E-7	-1.880000E-7	0.000000E+0	0.000000E+0	1.964247E-4	2.976042E-9	0.000000E+0	0.000000E+0	1.999959E+1	0.000000E+0	4.000000E+0
28-Apr-25	11:27:46	-1.000000E-5	-5.071015E+0	-8.000000E-5	-3.685000E-5	-4.500000E-7	-6.600000E-8	-1.140000E-7	0.000000E+0	0.000000E+0	1.964247E-4	2.976042E-9	0.000000E+0	0.000000E+0	1.999959E+1	0.000000E+0	4.000000E+0
28-Apr-25	11:27:46	-1.000000E-5	-5.059370E+0	-8.000000E-5	-3.685000E-5	-4.000000E-7	-1.040000E-7	-1.380000E-7	0.000000E+0	0.000000E+0	1.964247E-4	2.976042E-9	0.000000E+0	0.000000E+0	1.999959E+1	0.000000E+0	4.000000E+0
28-Apr-25	11:27:47	-1.000000E-5	-5.049465E+0	-8.000000E-5	-3.685000E-5	-3.000000E-7	-6.400000E-8	-2.040000E-7	0.000000E+0	0.000000E+0	1.964247E-4	2.976042E-9	0.000000E+0	0.000000E+0	1.999959E+1	0.000000E+0	4.000000E+0
28-Apr-25	11:27:47	-1.000000E-5	-5.037475E+0	-8.000000E-5	-3.700000E-5	-3.500000E-7	-8.000000E-9	-1.980000E-7	0.000000E+0	0.000000E+0	1.964247E-4	2.976042E-9	0.000000E+0	0.000000E+0	1.999959E+1	0.000000E+0	4.000000E+0
28-Apr-25	11:27:48	-1.000000E-5	-5.027590E+0	-8.000000E-5	-3.670000E-5	-2.500000E-7	9.200000E-8	-1.760000E-7	0.000000E+0	0.000000E+0	1.964247E-4	2.976042E-9	0.000000E+0	0.000000E+0	1.999959E+1	0.000000E+0	4.000000E+0
28-Apr-25	11:27:49	-1.000000E-5	-5.017745E+0	-8.000000E-5	-3.675000E-5	-3.000000E-7	1.740000E-7	-1.480000E-7	0.000000E+0	0.000000E+0	1.964247E-4	2.976042E-9	0.000000E+0	0.000000E+0	1.999959E+1	0.000000E+0	4.000000E+0
28-Apr-25	11:27:49	-1.000000E-5	-5.008785E+0	-8.000000E-5	-3.690000E-5	-3.000000E-7	1.680000E-7	-1.040000E-7	0.000000E+0	0.000000E+0	1.964247E-4	2.976042E-9	0.000000E+0	0.000000E+0	1.999959E+1	0.000000E+0	4.000000E+0
28-Apr-25	11:27:50	-1.000000E-5	-4.999725E+0	-8.000000E-5	-3.675000E-5	-2.500000E-7	1.020000E-7	-7.800000E-8	0.000000E+0	0.000000E+0	1.964247E-4	2.976042E-9	0.000000E+0	0.000000E+0	1.999959E+1	0.000000E+0	4.000000E+0
28-Apr-25	11:27:50	-1.000000E-5	-4.990755E+0	-8.000000E-5	-3.680000E-5	-2.500000E-7	0.000000E+0	-8.000000E-8	0.000000E+0	0.000000E+0	1.964247E-4	2.976042E-9	0.000000E+0	0.000000E+0	1.999959E+1	0.000000E+0	4.000000E+0
28-Apr-25	11:27:51	-1.000000E-5	-4.978020E+0	-8.000000E-5	-3.690000E-5	-3.500000E-7	-3.800000E-8	-2.800000E-8	0.000000E+0	0.000000E+0	1.964247E-4	2.976042E-9	0.000000E+0	0.000000E+0	1.999959E+1	0.000000E+0	4.000000E+0
28-Apr-25	11:27:51	-1.000000E-5	-4.968010E+0	-8.000000E-5	-3.680000E-5	-3.500000E-7	-2.000000E-9	3.200000E-8	0.000000E+0	0.000000E+0	1.964247E-4	2.976042E-9	0.000000E+0	0.000000E+0	1.999959E+1	0.000000E+0	4.000000E+0
28-Apr-25	11:27:52	-1.000000E-5	-4.955420E+0	-8.000000E-5	-3.675000E-5	-1.500000E-7	-4.000000E-9	1.800000E-7	0.000000E+0	0.000000E+0	1.964247E-4	2.976042E-9	0.000000E+0	0.000000E+0	1.999959E+1	0.000000E+0	4.000000E+0
28-Apr-25	11:27:52	-1.000000E-5	-4.947325E+0	-8.000000E-5	-3.675000E-5	-1.500000E-7	1.200000E-8	2.780000E-7	0.000000E+0	0.000000E+0	1.964247E-4	2.976042E-9	0.000000E+0	0.000000E+0	1.999959E+1	0.000000E+0	4.000000E+0
28-Apr-25	11:27:53	-1.000000E-5	-4.937480E+0	-8.000000E-5	-3.665000E-5	-2.500000E-7	1.180000E-7	2.800000E-7	0.000000E+0	0.000000E+0	1.964247E-4	2.976042E-9	0.000000E+0	0.000000E+0	1.999959E+1	0.000000E+0	4.000000E+0
28-Apr-25	11:27:54	-1.000000E-5	-4.928500E+0	-8.000000E-5	-3.680000E-5	-4.500000E-7	1.920000E-7	1.500000E-7	0.000000E+0	0.000000E+0	1.964247E-4	2.976042E-9	0.000000E+0	0.000000E+0	1.999959E+1	0.000000E+0	4.000000E+0
28-Apr-25	11:27:54	-1.000000E-5	-4.918370E+0	-8.000000E-5	-3.680000E-5	-3.000000E-7	1.860000E-7	-5.800000E-8	0.000000E+0	0.000000E+0	1.964247E-4	2.976042E-9	0.000000E+0	0.000000E+0	1.999959E+1	0.000000E+0	4.000000E+0
28-Apr-25	11:27:55	-1.000000E-5	-4.908440E+0	-8.000000E-5	-3.675000E-5	-3.000000E-7	1.740000E-7	-1.420000E-7	0.000000E+0	0.000000E+0	1.964247E-4	2.976042E-9	0.000000E+0	0.000000E+0	1.999959E+1	0.000000E+0	4.000000E+0
28-Apr-25	11:27:55	-1.000000E-5	-4.899380E+0	-8.000000E-5	-3.685000E-5	-4.000000E-7	1.740000E-7	-1.500000E-7	0.000000E+0	0.000000E+0	1.964247E-4	2.976042E-9	0.000000E+0	0.000000E+0	1.999959E+1	0.000000E+0	4.000000E+0
28-Apr-25	11:27:56	-1.000000E-5	-4.890440E+0	-8.000000E-5	-3.680000E-5	-3.000000E-7	1.660000E-7	-1.360000E-7	0.000000E+0	0.000000E+0	1.964247E-4	2.976042E-9	0.000000E+0	0.000000E+0	1.999959E+1	0.000000E+0	4.000000E+0
28-Apr-25	11:27:56	-1.000000E-5	-4.882290E+0	-8.000000E-5	-3.680000E-5	-3.500000E-7	1.380000E-7	-1.520000E-7	0.000000E+0	0.000000E+0	1.964247E-4	2.976042E-9	0.000000E+0	0.000000E+0	1.999959E+1	0.000000E+0	4.000000E+0
28-Apr-25	11:27:57	-1.000000E-5	-4.873355E+0	-8.000000E-5	-3.690000E-5	-3.500000E-7	6.200000E-8	-2.360000E-7	0.000000E+0	0.000000E+0	1.964247E-4	2.976042E-9	0.000000E+0	0.000000E+0	1.999959E+1	0.000000E+0	4.000000E+0
28-Apr-25	11:27:57	-1.000000E-5	-4.859695E+0	-8.000000E-5	-3.675000E-5	-3.500000E-7	-7.400000E-8	-3.780000E-7	0.000000E+0	0.000000E+0	1.964247E-4	2.976042E-9	0.000000E+0	0.000000E+0	1.999959E+1	0.000000E+0	4.000000E+0
28-Apr-25	11:27:58	-1.000000E-5	-4.848750E+0	-8.000000E-5	-3.685000E-5	-3.500000E-7	-1.140000E-7	-2.480000E-7	0.000000E+0	0.000000E+0	1.964247E-4	2.976042E-9	0.000000E+0	0.000000E+0	1.999959E+1	0.000000E+0	4.000000E+0
28-Apr-25	11:27:58	-1.000000E-5	-4.839760E+0	-8.000000E-5	-3.685000E-5	-3.000000E-7	-1.260000E-7	-6.200000E-8	0.000000E+0	0.000000E+0	1.964247E-4	2.976042E-9	0.000000E+0	0.000000E+0	1.999959E+1	0.000000E+0	4.000000E+0
28-Apr-25	11:27:59	-1.000000E-5	-4.830775E+0	-8.000000E-5	-3.690000E-5	-2.500000E-7	-5.800000E-8	4.800000E-8	0.000000E+0	0.000000E+0	1.964247E-4	2.976042E-9	0.000000E+0	0.000000E+0	1.999959E+1	0.000000E+0	4.000000E+0
28-Apr-25	11:28:00	-1.000000E-5	-4.820920E+0	-8.000000E-5	-3.660000E-5	-3.000000E-7	2.600000E-8	8.000000E-8	0.000000E+0	0.000000E+0	1.964247E-4	2.976042E-9	0.000000E+0	0.000000E+0	1.999959E+1	0.000000E+0	4.000000E+0
28-Apr-25	11:28:00	-1.000000E-5	-4.811905E+0	-8.000000E-5	-3.650000E-5	-3.000000E-7	3.400000E-8	8.600000E-8	0.000000E+0	0.000000E+0	1.964247E-4	2.976042E-9	0.000000E+0	0.000000E+0	1.999959E+1	0.000000E+0	4.000000E+0
28-Apr-25	11:28:01	-1.000000E-5	-4.802900E+0	-8.000000E-5	-3.665000E-5	-1.000000E-7	-7.800000E-8	2.200000E-8	0.000000E+0	0.000000E+0	1.964247E-4	2.976042E-9	0.000000E+0	0.000000E+0	1.999959E+1	0.000000E+0	4.000000E+0
28-Apr-25	11:28:01	-1.000000E-5	-4.793945E+0	-8.000000E-5	-3.670000E-5	-3.500000E-7	-2.540000E-7	-1.080000E-7	0.000000E+0	0.000000E+0	1.964247E-4	2.976042E-9	0.000000E+0	0.000000E+0	1.999959E+1	0.000000E+0	4.000000E+0
28-Apr-25	11:28:02	-1.000000E-5	-4.784915E+0	-8.000000E-5	-3.675000E-5	-3.500000E-7	-3.680000E-7	-2.540000E-7	0.000000E+0	0.000000E+0	1.964247E-4	2.976042E-9	0.000000E+0	0.000000E+0	1.999959E+1	0.000000E+0	4.000000E+0
28-Apr-25	11:28:02	-1.000000E-5	-4.774785E+0	-8.000000E-5	-3.670000E-5	-3.000000E-7	-3.100000E-7	-2.800000E-7	0.000000E+0	0.000000E+0	1.964247E-4	2.976042E-9	0.000000E+0	0.000000E+0	1.999959E+1	0.000000E+0	4.000000E+0
28-Apr-25	11:28:03	-1.000000E-5	-4.765915E+0	-8.000000E-5	-3.670000E-5	-4.000000E-7	-2.120000E-7	-1.860000E-7	0.000000E+0	0.000000E+0	1.964247E-4	2.976042E-9	0.000000E+0	0.000000E+0	1.999959E+1	0.000000E+0	4.000000E+0
28-Apr-25	11:28:03	-1.000000E-5	-4.755870E+0	-8.000000E-5	-3.670000E-5	-4.500000E-7	-1.440000E-7	-3.000000E-8	0.000000E+0	0.000000E+0	1.964247E-4	2.976042E-9	0.000000E+0	0.000000E+0	1.999959E+1	0.000000E+0	4.000000E+0
28-Apr-25	11:28:04	-1.000000E-5	-4.746935E+0	-8.000000E-5	-3.660000E-5	-2.500000E-7	-9.600000E-8	5.800000E-8	0.000000E+0	0.000000E+0	1.964247E-4	2.976042E-9	0.000000E+0	0.000000E+0	1.999959E+1	0.000000E+0	4.000000E+0
28-Apr-25	11:28:04	-1.000000E-5	-4.737925E+0	-8.000000E-5	-3.690000E-5	-4.000000E-7	-3.600000E-8	8.000000E-9	0.000000E+0	0.000000E+0	1.964247E-4	2.976042E-9	0.000000E+0	0.000000E+0	1.999959E+1	0.000000E+0	4.000000E+0
28-Apr-25	11:28:05	-1.000000E-5	-4.727205E+0	-8.000000E-5	-3.685000E-5	-4.000000E-7	1.200000E-8	-1.980000E-7	0.000000E+0	0.000000E+0	1.964247E-4	2.976042E-9	0.000000E+0	0.000000E+0	1.999959E+1	0.000000E+0	4.000000E+0
28-Apr-25	11:28:05	-1.000000E-5	-4.717260E+0	-8.000000E-5	-3.675000E-5	-2.500000E-7	-5.200000E-8	-3.640000E-7	0.000000E+0	0.000000E+0	1.964247E-4	2.976042E-9	0.000000E+0	0.000000E+0	1.999959E+1	0.000000E+0	4.000000E+0
28-Apr-25	11:28:06	-1.000000E-5	-4.709145E+0	-8.000000E-5	-3.680000E-5	-4.000000E-7	-1.620000E-7	-3.180000E-7	0.000000E+0	0.000000E+0	1.964247E-4	2.976042E-9	0.000000E+0	0.000000E+0	1.999959E+1	0.000000E+0	4.000000E+0
28-Apr-25	11:28:06	-1.000000E-5	-4.700185E+0	-8.000000E-5	-3.675000E-5	-6.000000E-7	-2.020000E-7	-1.900000E-7	0.000000E+0	0.000000E+0	1.964247E-4	2.976042E-9	0.000000E+0	0.000000E+0	1.999959E+1	0.000000E+0	4.000000E+0
28-Apr-25	11:28:07	-1.000000E-5	-4.687315E+0	-8.000000E-5	-3.670000E-5	-4.000000E-7	-1.420000E-7	-1.420000E-7	0.000000E+0	0.000000E+0	1.964247E-4	2.976042E-9	0.000000E+0	0.000000E+0	1.999959E+1	0.000000E+0	4.000000E+0
28-Apr-25	11:28:07	-1.000000E-5	-4.679240E+0	-8.000000E-5	-3.665000E-5	-2.500000E-7	-1.140000E-7	-1.860000E-7	0.000000E+0	0.000000E+0	1.964247E-4	2.976042E-9	0.000000E+0	0.000000E+0	1.999959E+1	0.000000E+0	4.000000E+0
28-Apr-25	11:28:08	-1.000000E-5	-4.670180E+0	-8.000000E-5	-3.670000E-5	-3.000000E-7	-7.000000E-8	-2.120000E-7	0.000000E+0	0.000000E+0	1.964247E-4	2.976042E-9	0.000000E+0	0.000000E+0	1.999959E+1	0.000000E+0	4.000000E+0
28-Apr-25	11:28:09	-1.000000E-5	-4.659430E+0	-8.000000E-5	-3.675000E-5	-3.500000E-7	-2.800000E-8	-2.580000E-7	0.000000E+0	0.000000E+0	1.964247E-4	2.976042E-9	0.000000E+0	0.000000E+0	1.999959E+1	0.000000E+0	4.000000E+0
28-Apr-25	11:28:09	-1.000000E-5	-4.650445E+0	-8.000000E-5	-3.675000E-5	-2.000000E-7	-8.800000E-8	-3.000000E-7	0.000000E+0	0.000000E+0	1.964247E-4	2.976042E-9	0.000000E+0	0.000000E+0	1.999959E+1	0.000000E+0	4.000000E+0
28-Apr-25	11:28:09	-1.000000E-5	-4.642375E+0	-8.000000E-5	-3.670000E-5	-2.500000E-7	-2.220000E-7	-2.500000E-7	0.000000E+0	0.000000E+0	1.964247E-4	2.976042E-9	0.000000E+0	0.000000E+0	1.999959E+1	0.000000E+0	4.000000E+0
28-Apr-25	11:28:10	-1.000000E-5	-4.633405E+0	-8.000000E-5	-3.675000E-5	-2.500000E-7	-3.380000E-7	-1.480000E-7	0.000000E+0	0.000000E+0	1.964247E-4	2.976042E-9	0.000000E+0	0.000000E+0	1.999959E+1	0.000000E+0	4.000000E+0
28-Apr-25	11:28:10	-1.000000E-5	-4.624425E+0	-8.000000E-5	-3.690000E-5	-4.000000E-7	-3.220000E-7	-1.300000E-7	0.000000E+0	0.000000E+0	1.964247E-4	2.976042E-9	0.000000E+0	0.000000E+0	1.999959E+1	0.000000E+0	4.000000E+0
28-Apr-25	11:28:11	-1.000000E-5	-4.615410E+0	-8.000000E-5	-3.660000E-5	-2.500000E-7	-1.540000E-7	-1.760000E-7	0.000000E+0	0.000000E+0	1.964247E-4	2.976042E-9	0.000000E+0	0.000000E+0	1.999959E+1	0.000000E+0	4.000000E+0
28-Apr-25	11:28:12	-1.000000E-5	-4.605550E+0	-8.000000E-5	-3.670000E-5	-3.000000E-7	4.200000E-8	-1.520000E-7	0.000000E+0	0.000000E+0	1.964247E-4	2.976042E-9	0.000000E+0	0.000000E+0	1.999959E+1	0.000000E+0	4.000000E+0
28-Apr-25	11:28:12	-1.000000E-5	-4.596530E+0	-8.000000E-5	-3.680000E-5	-3.500000E-7	2.100000E-7	-9.200000E-8	0.000000E+0	0.000000E+0	1.964247E-4	2.976042E-9	0.000000E+0	0.000000E+0	1.999959E+1	0.000000E+0	4.000000E+0
28-Apr-25	11:28:12	-1.000000E-5	-4.587600E+0	-8.000000E-5	-3.660000E-5	-3.500000E-7	2.600000E-7	-7.000000E-8	0.000000E+0	0.000000E+0	1.964247E-4	2.976042E-9	0.000000E+0	0.000000E+0	1.999959E+1	0.000000E+0	4.000000E+0
28-Apr-25	11:28:13	-1.000000E-5	-4.579510E+0	-8.000000E-5	-3.670000E-5	-2.500000E-7	1.580000E-7	-1.000000E-7	0.000000E+0	0.000000E+0	1.964247E-4	2.976042E-9	0.000000E+0	0.000000E+0	1.999959E+1	0.000000E+0	4.000000E+0
28-Apr-25	11:28:13	-1.000000E-5	-4.571395E+0	-8.000000E-5	-3.680000E-5	-4.000000E-7	0.000000E+0	-1.380000E-7	0.000000E+0	0.000000E+0	1.964247E-4	2.976042E-9	0.000000E+0	0.000000E+0	1.999959E+1	0.000000E+0	4.000000E+0
28-Apr-25	11:28:14	-1.000000E-5	-4.562440E+0	-8.000000E-5	-3.675000E-5	-4.000000E-7	-7.200000E-8	-1.480000E-7	0.000000E+0	0.000000E+0	1.964247E-4	2.976042E-9	0.000000E+0	0.000000E+0	1.999959E+1	0.000000E+0	4.000000E+0
28-Apr-25	11:28:14	-1.000000E-5	-4.553475E+0	-8.000000E-5	-3.690000E-5	-5.000000E-7	-8.000000E-9	-1.340000E-7	0.000000E+0	0.000000E+0	1.964247E-4	2.976042E-9	0.000000E+0	0.000000E+0	1.999959E+1	0.000000E+0	4.000000E+0
28-Apr-25	11:28:15	-1.000000E-5	-4.544505E+0	-8.000000E-5	-3.690000E-5	-4.000000E-7	1.080000E-7	-1.160000E-7	0.000000E+0	0.000000E+0	1.964247E-4	2.976042E-9	0.000000E+0	0.000000E+0	1.999959E+1	0.000000E+0	4.000000E+0
28-Apr-25	11:28:16	-1.000000E-5	-4.531965E+0	-8.000000E-5	-3.670000E-5	-4.000000E-7	1.580000E-7	-1.000000E-7	0.000000E+0	0.000000E+0	1.964247E-4	2.976042E-9	0.000000E+0	0.000000E+0	1.999959E+1	0.000000E+0	4.000000E+0
28-Apr-25	11:28:16	-1.000000E-5	-4.522915E+0	-8.000000E-5	-3.680000E-5	-4.500000E-7	1.280000E-7	-1.040000E-7	0.000000E+0	0.000000E+0	1.964247E-4	2.976042E-9	0.000000E+0	0.000000E+0	1.999959E+1	0.000000E+0	4.000000E+0
28-Apr-25	11:28:17	-1.000000E-5	-4.513920E+0	-8.000000E-5	-3.660000E-5	-5.000000E-7	9.000000E-8	-1.180000E-7	0.000000E+0	0.000000E+0	1.964247E-4	2.976042E-9	0.000000E+0	0.000000E+0	1.999959E+1	0.000000E+0	4.000000E+0
28-Apr-25	11:28:17	-1.000000E-5	-4.504900E+0	-8.000000E-5	-3.660000E-5	-2.000000E-7	1.000000E-8	-6.200000E-8	0.000000E+0	0.000000E+0	1.964247E-4	2.976042E-9	0.000000E+0	0.000000E+0	1.999959E+1	0.000000E+0	4.000000E+0
28-Apr-25	11:28:18	-1.000000E-5	-4.495935E+0	-8.000000E-5	-3.670000E-5	-3.500000E-7	-5.600000E-8	3.400000E-8	0.000000E+0	0.000000E+0	1.964247E-4	2.976042E-9	0.000000E+0	0.000000E+0	1.999959E+1	0.000000E+0	4.000000E+0
28-Apr-25	11:28:18	-1.000000E-5	-4.486935E+0	-8.000000E-5	-3.690000E-5	-4.500000E-7	-4.800000E-8	6.800000E-8	0.000000E+0	0.000000E+0	1.964247E-4	2.976042E-9	0.000000E+0	0.000000E+0	1.999959E+1	0.000000E+0	4.000000E+0
28-Apr-25	11:28:19	-1.000000E-5	-4.478785E+0	-8.000000E-5	-3.685000E-5	-5.500000E-7	-2.600000E-8	9.400000E-8	0.000000E+0	0.000000E+0	1.964247E-4	2.976042E-9	0.000000E+0	0.000000E+0	1.999959E+1	0.000000E+0	4.000000E+0
28-Apr-25	11:28:19	-1.000000E-5	-4.469825E+0	-8.000000E-5	-3.670000E-5	-4.000000E-7	-6.600000E-8	2.040000E-7	0.000000E+0	0.000000E+0	1.964247E-4	2.976042E-9	0.000000E+0	0.000000E+0	1.999959E+1	0.000000E+0	4.000000E+0
28-Apr-25	11:28:20	-1.000000E-5	-4.460845E+0	-8.000000E-5	-3.665000E-5	-2.500000E-7	-1.680000E-7	2.720000E-7	0.000000E+0	0.000000E+0	1.964247E-4	2.976042E-9	0.000000E+0	0.000000E+0	1.999959E+1	0.000000E+0	4.000000E+0
28-Apr-25	11:28:20	-1.000000E-5	-4.451890E+0	-8.000000E-5	-3.655000E-5	-1.500000E-7	-2.260000E-7	2.060000E-7	0.000000E+0	0.000000E+0	1.964247E-4	2.976042E-9	0.000000E+0	0.000000E+0	1.999959E+1	0.000000E+0	4.000000E+0
28-Apr-25	11:28:21	-1.000000E-5	-4.443785E+0	-8.000000E-5	-3.670000E-5	0.000000E+0	-1.720000E-7	1.540000E-7	0.000000E+0	0.000000E+0	1.964247E-4	2.976042E-9	0.000000E+0	0.000000E+0	1.999959E+1	0.000000E+0	4.000000E+0
28-Apr-25	11:28:21	-1.000000E-5	-4.434795E+0	-8.000000E-5	-3.665000E-5	-2.000000E-7	-9.200000E-8	1.880000E-7	0.000000E+0	0.000000E+0	1.964247E-4	2.976042E-9	0.000000E+0	0.000000E+0	1.999959E+1	0.000000E+0	4.000000E+0
28-Apr-25	11:28:22	-1.000000E-5	-4.424570E+0	-8.000000E-5	-3.675000E-5	-3.500000E-7	-5.000000E-8	2.400000E-7	0.000000E+0	0.000000E+0	1.964247E-4	2.976042E-9	0.000000E+0	0.000000E+0	1.999959E+1	0.000000E+0	4.000000E+0
28-Apr-25	11:28:22	-1.000000E-5	-4.414690E+0	-8.000000E-5	-3.665000E-5	-3.500000E-7	2.000000E-9	2.380000E-7	0.000000E+0	0.000000E+0	1.964247E-4	2.976042E-9	0.000000E+0	0.000000E+0	1.999959E+1	0.000000E+0	4.000000E+0
28-Apr-25	11:28:23	-1.000000E-5	-4.405710E+0	-8.000000E-5	-3.670000E-5	-5.500000E-7	6.400000E-8	1.640000E-7	0.000000E+0	0.000000E+0	1.964247E-4	2.976042E-9	0.000000E+0	0.000000E+0	1.999959E+1	0.000000E+0	4.000000E+0
28-Apr-25	11:28:23	-1.000000E-5	-4.396725E+0	-8.000000E-5	-3.665000E-5	-4.000000E-7	6.000000E-8	6.000000E-8	0.000000E+0	0.000000E+0	1.964247E-4	2.976042E-9	0.000000E+0	0.000000E+0	1.999959E+1	0.000000E+0	4.000000E+0
28-Apr-25	11:28:24	-1.000000E-5	-4.385905E+0	-8.000000E-5	-3.670000E-5	-3.500000E-7	2.600000E-8	8.000000E-9	0.000000E+0	0.000000E+0	1.964247E-4	2.976042E-9	0.000000E+0	0.000000E+0	1.999959E+1	0.000000E+0	4.000000E+0
28-Apr-25	11:28:24	-1.000000E-5	-4.376920E+0	-8.000000E-5	-3.675000E-5	-3.000000E-7	3.000000E-8	2.000000E-9	0.000000E+0	0.000000E+0	1.964247E-4	2.976042E-9	0.000000E+0	0.000000E+0	1.999959E+1	0.000000E+0	4.000000E+0
28-Apr-25	11:28:25	-1.000000E-5	-4.367980E+0	-8.000000E-5	-3.680000E-5	-4.000000E-7	5.400000E-8	1.200000E-8	0.000000E+0	0.000000E+0	1.964247E-4	2.976042E-9	0.000000E+0	0.000000E+0	1.999959E+1	0.000000E+0	4.000000E+0
28-Apr-25	11:28:25	-1.000000E-5	-4.359875E+0	-8.000000E-5	-3.685000E-5	-1.000000E-7	7.000000E-8	2.200000E-8	0.000000E+0	0.000000E+0	1.964247E-4	2.976042E-9	0.000000E+0	0.000000E+0	1.999959E+1	0.000000E+0	4.000000E+0
28-Apr-25	11:28:26	-1.000000E-5	-4.350955E+0	-8.000000E-5	-3.680000E-5	-3.000000E-7	5.200000E-8	-1.600000E-8	0.000000E+0	0.000000E+0	1.964247E-4	2.976042E-9	0.000000E+0	0.000000E+0	1.999959E+1	0.000000E+0	4.000000E+0
28-Apr-25	11:28:26	-1.000000E-5	-4.341930E+0	-8.000000E-5	-3.675000E-5	-2.500000E-7	-4.000000E-9	-8.600000E-8	0.000000E+0	0.000000E+0	1.964247E-4	2.976042E-9	0.000000E+0	0.000000E+0	1.999959E+1	0.000000E+0	4.000000E+0
28-Apr-25	11:28:27	-1.000000E-5	-4.332765E+0	-8.000000E-5	-3.650000E-5	-2.000000E-7	-1.260000E-7	-1.300000E-7	0.000000E+0	0.000000E+0	1.964247E-4	2.976042E-9	0.000000E+0	0.000000E+0	1.999959E+1	0.000000E+0	4.000000E+0
28-Apr-25	11:28:27	-1.000000E-5	-4.322875E+0	-8.000000E-5	-3.650000E-5	-3.500000E-7	-2.480000E-7	-1.220000E-7	0.000000E+0	0.000000E+0	1.964247E-4	2.976042E-9	0.000000E+0	0.000000E+0	1.999959E+1	0.000000E+0	4.000000E+0
28-Apr-25	11:28:28	-1.000000E-5	-4.313700E+0	-8.000000E-5	-3.660000E-5	-3.500000E-7	-2.900000E-7	-1.000000E-7	0.000000E+0	0.000000E+0	1.964247E-4	2.976042E-9	0.000000E+0	0.000000E+0	1.999959E+1	0.000000E+0	4.000000E+0
28-Apr-25	11:28:28	-1.000000E-5	-4.305080E+0	-8.000000E-5	-3.680000E-5	-6.000000E-7	-2.240000E-7	-5.800000E-8	0.000000E+0	0.000000E+0	1.964247E-4	2.976042E-9	0.000000E+0	0.000000E+0	1.999959E+1	0.000000E+0	4.000000E+0
28-Apr-25	11:28:29	-1.000000E-5	-4.293045E+0	-8.000000E-5	-3.655000E-5	-3.000000E-7	-1.500000E-7	2.000000E-9	0.000000E+0	0.000000E+0	1.964247E-4	2.976042E-9	0.000000E+0	0.000000E+0	1.999959E+1	0.000000E+0	4.000000E+0
28-Apr-25	11:28:30	-1.000000E-5	-4.284030E+0	-8.000000E-5	-3.655000E-5	-1.000000E-7	-1.180000E-7	5.600000E-8	0.000000E+0	0.000000E+0	1.964247E-4	2.976042E-9	0.000000E+0	0.000000E+0	1.999959E+1	0.000000E+0	4.000000E+0
28-Apr-25	11:28:30	-1.000000E-5	-4.270585E+0	-8.000000E-5	-3.645000E-5	-5.000000E-7	1.180000E-7	1.900000E-7	0.000000E+0	0.000000E+0	1.964247E-4	2.976042E-9	0.000000E+0	0.000000E+0	1.999959E+1	0.000000E+0	4.000000E+0
28-Apr-25	11:28:31	-1.000000E-5	-4.259820E+0	-8.000000E-5	-3.655000E-5	-4.000000E-7	2.180000E-7	1.880000E-7	0.000000E+0	0.000000E+0	1.964247E-4	2.976042E-9	0.000000E+0	0.000000E+0	1.999959E+1	0.000000E+0	4.000000E+0
28-Apr-25	11:28:31	-1.000000E-5	-4.250865E+0	-8.000000E-5	-3.655000E-5	-2.500000E-7	1.560000E-7	1.600000E-8	0.000000E+0	0.000000E+0	1.964247E-4	2.976042E-9	0.000000E+0	0.000000E+0	1.999959E+1	0.000000E+0	4.000000E+0
28-Apr-25	11:28:32	-1.000000E-5	-4.241785E+0	-8.000000E-5	-3.660000E-5	-2.500000E-7	1.800000E-8	-2.020000E-7	0.000000E+0	0.000000E+0	1.964247E-4	2.976042E-9	0.000000E+0	0.000000E+0	1.999959E+1	0.000000E+0	4.000000E+0
28-Apr-25	11:28:32	-1.000000E-5	-4.233760E+0	-8.000000E-5	-3.665000E-5	-3.500000E-7	-8.400000E-8	-2.580000E-7	0.000000E+0	0.000000E+0	1.964247E-4	2.976042E-9	0.000000E+0	0.000000E+0	1.999959E+1	0.000000E+0	4.000000E+0
28-Apr-25	11:28:33	-1.000000E-5	-4.224745E+0	-8.000000E-5	-3.660000E-5	-5.000000E-7	-1.260000E-7	-1.820000E-7	0.000000E+0	0.000000E+0	1.964247E-4	2.976042E-9	0.000000E+0	0.000000E+0	1.999959E+1	0.000000E+0	4.000000E+0
28-Apr-25	11:28:33	-1.000000E-5	-4.215760E+0	-8.000000E-5	-3.670000E-5	-5.500000E-7	-8.200000E-8	-1.320000E-7	0.000000E+0	0.000000E+0	1.964247E-4	2.976042E-9	0.000000E+0	0.000000E+0	1.999959E+1	0.000000E+0	4.000000E+0
28-Apr-25	11:28:34	-1.000000E-5	-4.206775E+0	-8.000000E-5	-3.675000E-5	-5.500000E-7	4.200000E-8	-1.740000E-7	0.000000E+0	0.000000E+0	1.964247E-4	2.976042E-9	0.000000E+0	0.000000E+0	1.999959E+1	0.000000E+0	4.000000E+0
28-Apr-25	11:28:34	-1.000000E-5	-4.197775E+0	-8.000000E-5	-3.665000E-5	-4.500000E-7	1.040000E-7	-1.700000E-7	0.000000E+0	0.000000E+0	1.964247E-4	2.976042E-9	0.000000E+0	0.000000E+0	1.999959E+1	0.000000E+0	4.000000E+0
28-Apr-25	11:28:35	-1.000000E-5	-4.189675E+0	-8.000000E-5	-3.670000E-5	-3.500000E-7	5.600000E-8	-1.160000E-7	0.000000E+0	0.000000E+0	1.964247E-4	2.976042E-9	0.000000E+0	0.000000E+0	1.999959E+1	0.000000E+0	4.000000E+0
28-Apr-25	11:28:35	-1.000000E-5	-4.180755E+0	-8.000000E-5	-3.650000E-5	-1.500000E-7	-4.400000E-8	-1.080000E-7	0.000000E+0	0.000000E+0	1.964247E-4	2.976042E-9	0.000000E+0	0.000000E+0	1.999959E+1	0.000000E+0	4.000000E+0
28-Apr-25	11:28:36	-1.000000E-5	-4.171755E+0	-8.000000E-5	-3.645000E-5	-1.000000E-7	-8.600000E-8	-1.680000E-7	0.000000E+0	0.000000E+0	1.964247E-4	2.976042E-9	0.000000E+0	0.000000E+0	1.999959E+1	0.000000E+0	4.000000E+0
28-Apr-25	11:28:36	-1.000000E-5	-4.163440E+0	-8.000000E-5	-3.650000E-5	-2.000000E-7	-5.800000E-8	-2.020000E-7	0.000000E+0	0.000000E+0	1.964247E-4	2.976042E-9	0.000000E+0	0.000000E+0	1.999959E+1	0.000000E+0	4.000000E+0
28-Apr-25	11:28:37	-1.000000E-5	-4.154410E+0	-8.000000E-5	-3.645000E-5	-2.000000E-7	2.600000E-8	-1.240000E-7	0.000000E+0	0.000000E+0	1.964247E-4	2.976042E-9	0.000000E+0	0.000000E+0	1.999959E+1	0.000000E+0	4.000000E+0
28-Apr-25	11:28:37	-1.000000E-5	-4.141750E+0	-8.000000E-5	-3.645000E-5	-3.000000E-7	1.080000E-7	1.160000E-7	0.000000E+0	0.000000E+0	1.964247E-4	2.976042E-9	0.000000E+0	0.000000E+0	1.999959E+1	0.000000E+0	4.000000E+0
28-Apr-25	11:28:38	-1.000000E-5	-4.132775E+0	-8.000000E-5	-3.650000E-5	-4.500000E-7	6.800000E-8	2.300000E-7	0.000000E+0	0.000000E+0	1.964247E-4	2.976042E-9	0.000000E+0	0.000000E+0	1.999959E+1	0.000000E+0	4.000000E+0
28-Apr-25	11:28:38	-1.000000E-5	-4.124665E+0	-8.000000E-5	-3.665000E-5	-2.500000E-7	-2.000000E-8	1.540000E-7	0.000000E+0	0.000000E+0	1.964247E-4	2.976042E-9	0.000000E+0	0.000000E+0	1.999959E+1	0.000000E+0	4.000000E+0
28-Apr-25	11:28:39	-1.000000E-5	-4.115725E+0	-8.000000E-5	-3.670000E-5	-3.500000E-7	-9.200000E-8	4.000000E-9	0.000000E+0	0.000000E+0	1.964247E-4	2.976042E-9	0.000000E+0	0.000000E+0	1.999959E+1	0.000000E+0	4.000000E+0
28-Apr-25	11:28:39	-1.000000E-5	-4.106680E+0	-8.000000E-5	-3.655000E-5	-2.500000E-7	-1.260000E-7	-9.600000E-8	0.000000E+0	0.000000E+0	1.964247E-4	2.976042E-9	0.000000E+0	0.000000E+0	1.999959E+1	0.000000E+0	4.000000E+0
28-Apr-25	11:28:40	-1.000000E-5	-4.096645E+0	-8.000000E-5	-3.655000E-5	0.000000E+0	-1.420000E-7	-1.560000E-7	0.000000E+0	0.000000E+0	1.964247E-4	2.976042E-9	0.000000E+0	0.000000E+0	1.999959E+1	0.000000E+0	4.000000E+0
28-Apr-25	11:28:40	-1.000000E-5	-4.088410E+0	-8.000000E-5	-3.650000E-5	-2.500000E-7	-1.900000E-7	-2.240000E-7	0.000000E+0	0.000000E+0	1.964247E-4	2.976042E-9	0.000000E+0	0.000000E+0	1.999959E+1	0.000000E+0	4.000000E+0
28-Apr-25	11:28:41	-1.000000E-5	-4.079420E+0	-8.000000E-5	-3.650000E-5	-2.500000E-7	-2.480000E-7	-3.420000E-7	0.000000E+0	0.000000E+0	1.964247E-4	2.976042E-9	0.000000E+0	0.000000E+0	1.999959E+1	0.000000E+0	4.000000E+0
28-Apr-25	11:28:41	-1.000000E-5	-4.070470E+0	-8.000000E-5	-3.655000E-5	-3.000000E-7	-2.100000E-7	-4.600000E-7	0.000000E+0	0.000000E+0	1.964247E-4	2.976042E-9	0.000000E+0	0.000000E+0	1.999959E+1	0.000000E+0	4.000000E+0
28-Apr-25	11:28:42	-1.000000E-5	-4.061465E+0	-8.000000E-5	-3.660000E-5	-3.000000E-7	-3.400000E-8	-4.280000E-7	0.000000E+0	0.000000E+0	1.964247E-4	2.976042E-9	0.000000E+0	0.000000E+0	1.999959E+1	0.000000E+0	4.000000E+0
28-Apr-25	11:28:43	-1.000000E-5	-4.048830E+0	-8.000000E-5	-3.655000E-5	-3.500000E-7	2.420000E-7	-9.800000E-8	0.000000E+0	0.000000E+0	1.964247E-4	2.976042E-9	0.000000E+0	0.000000E+0	1.999959E+1	0.000000E+0	4.000000E+0
28-Apr-25	11:28:43	-1.000000E-5	-4.039880E+0	-8.000000E-5	-3.630000E-5	-6.500000E-7	2.260000E-7	1.220000E-7	0.000000E+0	0.000000E+0	1.964247E-4	2.976042E-9	0.000000E+0	0.000000E+0	1.999959E+1	0.000000E+0	4.000000E+0
28-Apr-25	11:28:44	-1.000000E-5	-4.026090E+0	-8.000000E-5	-3.670000E-5	-3.000000E-7	1.000000E-8	1.720000E-7	0.000000E+0	0.000000E+0	1.964247E-4	2.976042E-9	0.000000E+0	0.000000E+0	1.999959E+1	0.000000E+0	4.000000E+0
28-Apr-25	11:28:44	-1.000000E-5	-4.014420E+0	-8.000000E-5	-3.660000E-5	-4.500000E-7	-1.280000E-7	6.400000E-8	0.000000E+0	0.000000E+0	1.964247E-4	2.976042E-9	0.000000E+0	0.000000E+0	1.999959E+1	0.000000E+0	4.000000E+0
28-Apr-25	11:28:45	-1.000000E-5	-4.005400E+0	-8.000000E-5	-3.645000E-5	-4.000000E-7	-1.980000E-7	-1.000000E-7	0.000000E+0	0.000000E+0	1.964247E-4	2.976042E-9	0.000000E+0	0.000000E+0	1.999959E+1	0.000000E+0	4.000000E+0
28-Apr-25	11:28:45	-1.000000E-5	-3.996440E+0	-8.000000E-5	-3.635000E-5	-4.000000E-7	-1.400000E-7	-3.240000E-7	0.000000E+0	0.000000E+0	1.964247E-4	2.976042E-9	0.000000E+0	0.000000E+0	1.999959E+1	0.000000E+0	4.000000E+0
28-Apr-25	11:28:46	-1.000000E-5	-3.987475E+0	-8.000000E-5	-3.635000E-5	-6.000000E-7	0.000000E+0	-4.280000E-7	0.000000E+0	0.000000E+0	1.964247E-4	2.976042E-9	0.000000E+0	0.000000E+0	1.999959E+1	0.000000E+0	4.000000E+0
28-Apr-25	11:28:46	-1.000000E-5	-3.979400E+0	-8.000000E-5	-3.645000E-5	-3.000000E-7	5.400000E-8	-3.000000E-7	0.000000E+0	0.000000E+0	1.964247E-4	2.976042E-9	0.000000E+0	0.000000E+0	1.999959E+1	0.000000E+0	4.000000E+0
28-Apr-25	11:28:47	-1.000000E-5	-3.970430E+0	-8.000000E-5	-3.655000E-5	-4.000000E-7	6.000000E-9	-4.400000E-8	0.000000E+0	0.000000E+0	1.964247E-4	2.976042E-9	0.000000E+0	0.000000E+0	1.999959E+1	0.000000E+0	4.000000E+0
28-Apr-25	11:28:47	-1.000000E-5	-3.962315E+0	-8.000000E-5	-3.635000E-5	-3.500000E-7	-5.000000E-8	7.400000E-8	0.000000E+0	0.000000E+0	1.964247E-4	2.976042E-9	0.000000E+0	0.000000E+0	1.999959E+1	0.000000E+0	4.000000E+0
28-Apr-25	11:28:48	-1.000000E-5	-3.953295E+0	-8.000000E-5	-3.640000E-5	-3.500000E-7	-3.400000E-8	0.000000E+0	0.000000E+0	0.000000E+0	1.964247E-4	2.976042E-9	0.000000E+0	0.000000E+0	1.999959E+1	0.000000E+0	4.000000E+0
28-Apr-25	11:28:49	-1.000000E-5	-3.944335E+0	-8.000000E-5	-3.660000E-5	-3.500000E-7	6.600000E-8	-8.600000E-8	0.000000E+0	0.000000E+0	1.964247E-4	2.976042E-9	0.000000E+0	0.000000E+0	1.999959E+1	0.000000E+0	4.000000E+0
28-Apr-25	11:28:49	-1.000000E-5	-3.932355E+0	-8.000000E-5	-3.640000E-5	-3.500000E-7	1.920000E-7	4.800000E-8	0.000000E+0	0.000000E+0	1.964247E-4	2.976042E-9	0.000000E+0	0.000000E+0	1.999959E+1	0.000000E+0	4.000000E+0
28-Apr-25	11:28:49	-1.000000E-5	-3.924260E+0	-8.000000E-5	-3.645000E-5	-2.500000E-7	1.960000E-7	1.660000E-7	0.000000E+0	0.000000E+0	1.964247E-4	2.976042E-9	0.000000E+0	0.000000E+0	1.999959E+1	0.000000E+0	4.000000E+0
28-Apr-25	11:28:50	-1.000000E-5	-3.915270E+0	-8.000000E-5	-3.650000E-5	-2.000000E-7	1.540000E-7	1.080000E-7	0.000000E+0	0.000000E+0	1.964247E-4	2.976042E-9	0.000000E+0	0.000000E+0	1.999959E+1	0.000000E+0	4.000000E+0
28-Apr-25	11:28:51	-1.000000E-5	-3.904470E+0	-8.000000E-5	-3.660000E-5	-3.000000E-7	2.060000E-7	-9.000000E-8	0.000000E+0	0.000000E+0	1.964247E-4	2.976042E-9	0.000000E+0	0.000000E+0	1.999959E+1	0.000000E+0	4.000000E+0
28-Apr-25	11:28:51	-1.000000E-5	-3.895475E+0	-8.000000E-5	-3.655000E-5	-3.500000E-7	3.420000E-7	-1.740000E-7	0.000000E+0	0.000000E+0	1.964247E-4	2.976042E-9	0.000000E+0	0.000000E+0	1.999959E+1	0.000000E+0	4.000000E+0
28-Apr-25	11:28:52	-1.000000E-5	-3.886510E+0	-8.000000E-5	-3.635000E-5	-3.500000E-7	4.300000E-7	-1.680000E-7	0.000000E+0	0.000000E+0	1.964247E-4	2.976042E-9	0.000000E+0	0.000000E+0	1.999959E+1	0.000000E+0	4.000000E+0
28-Apr-25	11:28:52	-1.000000E-5	-3.877560E+0	-8.000000E-5	-3.650000E-5	-3.500000E-7	4.100000E-7	-1.820000E-7	0.000000E+0	0.000000E+0	1.964247E-4	2.976042E-9	0.000000E+0	0.000000E+0	1.999959E+1	0.000000E+0	4.000000E+0
28-Apr-25	11:28:53	-1.000000E-5	-3.865845E+0	-8.000000E-5	-3.630000E-5	-3.000000E-7	3.240000E-7	-2.300000E-7	0.000000E+0	0.000000E+0	1.964247E-4	2.976042E-9	0.000000E+0	0.000000E+0	1.999959E+1	0.000000E+0	4.000000E+0
28-Apr-25	11:28:53	-1.000000E-5	-3.857730E+0	-8.000000E-5	-3.635000E-5	-2.000000E-7	2.500000E-7	-1.300000E-7	0.000000E+0	0.000000E+0	1.964247E-4	2.976042E-9	0.000000E+0	0.000000E+0	1.999959E+1	0.000000E+0	4.000000E+0
28-Apr-25	11:28:54	-1.000000E-5	-3.847860E+0	-8.000000E-5	-3.645000E-5	-2.500000E-7	1.400000E-8	4.800000E-8	0.000000E+0	0.000000E+0	1.964247E-4	2.976042E-9	0.000000E+0	0.000000E+0	1.999959E+1	0.000000E+0	4.000000E+0
28-Apr-25	11:28:54	-1.000000E-5	-3.837855E+0	-8.000000E-5	-3.640000E-5	-3.000000E-7	-3.480000E-7	3.400000E-8	0.000000E+0	0.000000E+0	1.964247E-4	2.976042E-9	0.000000E+0	0.000000E+0	1.999959E+1	0.000000E+0	4.000000E+0
28-Apr-25	11:28:55	-1.000000E-5	-3.829590E+0	-8.000000E-5	-3.650000E-5	-3.500000E-7	-4.720000E-7	-9.200000E-8	0.000000E+0	0.000000E+0	1.964247E-4	2.976042E-9	0.000000E+0	0.000000E+0	1.999959E+1	0.000000E+0	4.000000E+0
28-Apr-25	11:28:55	-1.000000E-5	-3.820620E+0	-8.000000E-5	-3.650000E-5	-3.000000E-7	-3.600000E-7	-1.800000E-7	0.000000E+0	0.000000E+0	1.964247E-4	2.976042E-9	0.000000E+0	0.000000E+0	1.999959E+1	0.000000E+0	4.000000E+0
28-Apr-25	11:28:56	-1.000000E-5	-3.808965E+0	-8.000000E-5	-3.660000E-5	-2.500000E-7	-1.480000E-7	-1.780000E-7	0.000000E+0	0.000000E+0	1.964247E-4	2.976042E-9	0.000000E+0	0.000000E+0	1.999959E+1	0.000000E+0	4.000000E+0
28-Apr-25	11:28:56	-1.000000E-5	-3.799990E+0	-8.000000E-5	-3.635000E-5	-2.500000E-7	-1.340000E-7	-7.200000E-8	0.000000E+0	0.000000E+0	1.964247E-4	2.976042E-9	0.000000E+0	0.000000E+0	1.999959E+1	0.000000E+0	4.000000E+0
28-Apr-25	11:28:57	-1.000000E-5	-3.791040E+0	-8.000000E-5	-3.640000E-5	-3.500000E-7	-1.720000E-7	7.200000E-8	0.000000E+0	0.000000E+0	1.964247E-4	2.976042E-9	0.000000E+0	0.000000E+0	1.999959E+1	0.000000E+0	4.000000E+0
28-Apr-25	11:28:57	-1.000000E-5	-3.781130E+0	-8.000000E-5	-3.640000E-5	-3.500000E-7	-1.380000E-7	1.400000E-7	0.000000E+0	0.000000E+0	1.964247E-4	2.976042E-9	0.000000E+0	0.000000E+0	1.999959E+1	0.000000E+0	4.000000E+0
28-Apr-25	11:28:58	-1.000000E-5	-3.773070E+0	-8.000000E-5	-3.630000E-5	-3.000000E-7	3.600000E-8	1.720000E-7	0.000000E+0	0.000000E+0	1.964247E-4	2.976042E-9	0.000000E+0	0.000000E+0	1.999959E+1	0.000000E+0	4.000000E+0
28-Apr-25	11:28:58	-1.000000E-5	-3.763990E+0	-8.000000E-5	-3.635000E-5	-2.500000E-7	2.040000E-7	2.800000E-7	0.000000E+0	0.000000E+0	1.964247E-4	2.976042E-9	0.000000E+0	0.000000E+0	1.999959E+1	0.000000E+0	4.000000E+0
28-Apr-25	11:28:59	-1.000000E-5	-3.755060E+0	-8.000000E-5	-3.640000E-5	-3.500000E-7	2.080000E-7	3.800000E-7	0.000000E+0	0.000000E+0	1.964247E-4	2.976042E-9	0.000000E+0	0.000000E+0	1.999959E+1	0.000000E+0	4.000000E+0
28-Apr-25	11:28:59	-1.000000E-5	-3.746015E+0	-8.000000E-5	-3.645000E-5	-3.500000E-7	1.760000E-7	3.380000E-7	0.000000E+0	0.000000E+0	1.964247E-4	2.976042E-9	0.000000E+0	0.000000E+0	1.999959E+1	0.000000E+0	4.000000E+0
28-Apr-25	11:29:00	-1.000000E-5	-3.737060E+0	-8.000000E-5	-3.655000E-5	-3.500000E-7	2.520000E-7	2.180000E-7	0.000000E+0	0.000000E+0	1.964247E-4	2.976042E-9	0.000000E+0	0.000000E+0	1.999959E+1	0.000000E+0	4.000000E+0
28-Apr-25	11:29:00	-1.000000E-5	-3.728040E+0	-8.000000E-5	-3.635000E-5	-4.000000E-7	2.780000E-7	1.500000E-7	0.000000E+0	0.000000E+0	1.964247E-4	2.976042E-9	0.000000E+0	0.000000E+0	1.999959E+1	0.000000E+0	4.000000E+0
28-Apr-25	11:29:01	-1.000000E-5	-3.719035E+0	-8.000000E-5	-3.620000E-5	-3.500000E-7	1.440000E-7	1.340000E-7	0.000000E+0	0.000000E+0	1.964247E-4	2.976042E-9	0.000000E+0	0.000000E+0	1.999959E+1	0.000000E+0	4.000000E+0
28-Apr-25	11:29:01	-1.000000E-5	-3.710935E+0	-8.000000E-5	-3.630000E-5	-3.000000E-7	3.600000E-8	4.800000E-8	0.000000E+0	0.000000E+0	1.964247E-4	2.976042E-9	0.000000E+0	0.000000E+0	1.999959E+1	0.000000E+0	4.000000E+0
28-Apr-25	11:29:02	-1.000000E-5	-3.701995E+0	-8.000000E-5	-3.630000E-5	-2.500000E-7	8.000000E-8	-1.100000E-7	0.000000E+0	0.000000E+0	1.964247E-4	2.976042E-9	0.000000E+0	0.000000E+0	1.999959E+1	0.000000E+0	4.000000E+0
28-Apr-25	11:29:02	-1.000000E-5	-3.693030E+0	-8.000000E-5	-3.620000E-5	-3.000000E-7	2.000000E-7	-2.280000E-7	0.000000E+0	0.000000E+0	1.964247E-4	2.976042E-9	0.000000E+0	0.000000E+0	1.999959E+1	0.000000E+0	4.000000E+0
28-Apr-25	11:29:03	-1.000000E-5	-3.683105E+0	-8.000000E-5	-3.630000E-5	-4.500000E-7	1.580000E-7	-2.280000E-7	0.000000E+0	0.000000E+0	1.964247E-4	2.976042E-9	0.000000E+0	0.000000E+0	1.999959E+1	0.000000E+0	4.000000E+0
28-Apr-25	11:29:03	-1.000000E-5	-3.674100E+0	-8.000000E-5	-3.625000E-5	-4.000000E-7	2.000000E-9	-2.220000E-7	0.000000E+0	0.000000E+0	1.964247E-4	2.976042E-9	0.000000E+0	0.000000E+0	1.999959E+1	0.000000E+0	4.000000E+0
28-Apr-25	11:29:04	-1.000000E-5	-3.665095E+0	-8.000000E-5	-3.620000E-5	-4.500000E-7	-7.600000E-8	-2.480000E-7	0.000000E+0	0.000000E+0	1.964247E-4	2.976042E-9	0.000000E+0	0.000000E+0	1.999959E+1	0.000000E+0	4.000000E+0
28-Apr-25	11:29:05	-1.000000E-5	-3.652520E+0	-8.000000E-5	-3.630000E-5	-4.000000E-7	-1.300000E-7	-2.580000E-7	0.000000E+0	0.000000E+0	1.964247E-4	2.976042E-9	0.000000E+0	0.000000E+0	1.999959E+1	0.000000E+0	4.000000E+0
28-Apr-25	11:29:05	-1.000000E-5	-3.639650E+0	-8.000000E-5	-3.650000E-5	-3.500000E-7	-1.880000E-7	-1.440000E-7	0.000000E+0	0.000000E+0	1.964247E-4	2.976042E-9	0.000000E+0	0.000000E+0	1.999959E+1	0.000000E+0	4.000000E+0
28-Apr-25	11:29:06	-1.000000E-5	-3.630640E+0	-8.000000E-5	-3.640000E-5	-5.000000E-7	-2.600000E-8	-4.600000E-8	0.000000E+0	0.000000E+0	1.964247E-4	2.976042E-9	0.000000E+0	0.000000E+0	1.999959E+1	0.000000E+0	4.000000E+0
28-Apr-25	11:29:06	-1.000000E-5	-3.621635E+0	-8.000000E-5	-3.635000E-5	-4.500000E-7	1.760000E-7	2.000000E-9	0.000000E+0	0.000000E+0	1.964247E-4	2.976042E-9	0.000000E+0	0.000000E+0	1.999959E+1	0.000000E+0	4.000000E+0
28-Apr-25	11:29:07	-1.000000E-5	-3.612720E+0	-8.000000E-5	-3.625000E-5	-2.500000E-7	1.280000E-7	-7.000000E-8	0.000000E+0	0.000000E+0	1.964247E-4	2.976042E-9	0.000000E+0	0.000000E+0	1.999959E+1	0.000000E+0	4.000000E+0
28-Apr-25	11:29:08	-1.000000E-5	-3.600125E+0	-8.000000E-5	-3.610000E-5	-3.000000E-7	-1.560000E-7	-2.580000E-7	0.000000E+0	0.000000E+0	1.964247E-4	2.976042E-9	0.000000E+0	0.000000E+0	1.999959E+1	0.000000E+0	4.000000E+0
28-Apr-25	11:29:08	-1.000000E-5	-3.587255E+0	-8.000000E-5	-3.630000E-5	-1.500000E-7	-4.000000E-9	-1.680000E-7	0.000000E+0	0.000000E+0	1.964247E-4	2.976042E-9	0.000000E+0	0.000000E+0	1.999959E+1	0.000000E+0	4.000000E+0
28-Apr-25	11:29:09	-1.000000E-5	-3.578260E+0	-8.000000E-5	-3.635000E-5	-3.000000E-7	1.840000E-7	-6.000000E-8	0.000000E+0	0.000000E+0	1.964247E-4	2.976042E-9	0.000000E+0	0.000000E+0	1.999959E+1	0.000000E+0	4.000000E+0
28-Apr-25	11:29:09	-1.000000E-5	-3.565655E+0	-8.000000E-5	-3.645000E-5	-5.000000E-7	2.300000E-7	-7.600000E-8	0.000000E+0	0.000000E+0	1.964247E-4	2.976042E-9	0.000000E+0	0.000000E+0	1.999959E+1	0.000000E+0	4.000000E+0
28-Apr-25	11:29:10	-1.000000E-5	-3.556640E+0	-8.000000E-5	-3.640000E-5	-2.500000E-7	1.740000E-7	-5.000000E-8	0.000000E+0	0.000000E+0	1.964247E-4	2.976042E-9	0.000000E+0	0.000000E+0	1.999959E+1	0.000000E+0	4.000000E+0
28-Apr-25	11:29:11	-1.000000E-5	-3.545890E+0	-8.000000E-5	-3.620000E-5	-3.000000E-7	9.000000E-8	-3.600000E-8	0.000000E+0	0.000000E+0	1.964247E-4	2.976042E-9	0.000000E+0	0.000000E+0	1.999959E+1	0.000000E+0	4.000000E+0
28-Apr-25	11:29:11	-1.000000E-5	-3.533990E+0	-8.000000E-5	-3.620000E-5	-4.500000E-7	-3.600000E-8	-1.760000E-7	0.000000E+0	0.000000E+0	1.964247E-4	2.976042E-9	0.000000E+0	0.000000E+0	1.999959E+1	0.000000E+0	4.000000E+0
28-Apr-25	11:29:12	-1.000000E-5	-3.522185E+0	-8.000000E-5	-3.620000E-5	-2.500000E-7	-1.680000E-7	-1.080000E-7	0.000000E+0	0.000000E+0	1.964247E-4	2.976042E-9	0.000000E+0	0.000000E+0	1.999959E+1	0.000000E+0	4.000000E+0
28-Apr-25	11:29:12	-1.000000E-5	-3.513240E+0	-8.000000E-5	-3.615000E-5	-2.000000E-7	-2.040000E-7	3.200000E-8	0.000000E+0	0.000000E+0	1.964247E-4	2.976042E-9	0.000000E+0	0.000000E+0	1.999959E+1	0.000000E+0	4.000000E+0
28-Apr-25	11:29:13	-1.000000E-5	-3.505150E+0	-8.000000E-5	-3.610000E-5	-4.000000E-7	-2.340000E-7	5.200000E-8	0.000000E+0	0.000000E+0	1.964247E-4	2.976042E-9	0.000000E+0	0.000000E+0	1.999959E+1	0.000000E+0	4.000000E+0
28-Apr-25	11:29:13	-1.000000E-5	-3.497085E+0	-8.000000E-5	-3.615000E-5	-4.000000E-7	-3.340000E-7	-5.400000E-8	0.000000E+0	0.000000E+0	1.964247E-4	2.976042E-9	0.000000E+0	0.000000E+0	1.999959E+1	0.000000E+0	4.000000E+0
28-Apr-25	11:29:14	-1.000000E-5	-3.488060E+0	-8.000000E-5	-3.600000E-5	-3.500000E-7	-4.340000E-7	-1.440000E-7	0.000000E+0	0.000000E+0	1.964247E-4	2.976042E-9	0.000000E+0	0.000000E+0	1.999959E+1	0.000000E+0	4.000000E+0
28-Apr-25	11:29:14	-1.000000E-5	-3.479955E+0	-8.000000E-5	-3.600000E-5	-3.500000E-7	-4.400000E-7	-1.280000E-7	0.000000E+0	0.000000E+0	1.964247E-4	2.976042E-9	0.000000E+0	0.000000E+0	1.999959E+1	0.000000E+0	4.000000E+0
28-Apr-25	11:29:15	-1.000000E-5	-3.471005E+0	-8.000000E-5	-3.610000E-5	-5.000000E-7	-3.160000E-7	-2.600000E-8	0.000000E+0	0.000000E+0	1.964247E-4	2.976042E-9	0.000000E+0	0.000000E+0	1.999959E+1	0.000000E+0	4.000000E+0
28-Apr-25	11:29:15	-1.000000E-5	-3.462900E+0	-8.000000E-5	-3.620000E-5	-4.500000E-7	-3.600000E-8	1.060000E-7	0.000000E+0	0.000000E+0	1.964247E-4	2.976042E-9	0.000000E+0	0.000000E+0	1.999959E+1	0.000000E+0	4.000000E+0
28-Apr-25	11:29:16	-1.000000E-5	-3.453625E+0	-8.000000E-5	-3.615000E-5	-5.000000E-7	2.340000E-7	1.500000E-7	0.000000E+0	0.000000E+0	1.964247E-4	2.976042E-9	0.000000E+0	0.000000E+0	1.999959E+1	0.000000E+0	4.000000E+0
28-Apr-25	11:29:16	-1.000000E-5	-3.443720E+0	-8.000000E-5	-3.620000E-5	-4.000000E-7	3.320000E-7	1.200000E-8	0.000000E+0	0.000000E+0	1.964247E-4	2.976042E-9	0.000000E+0	0.000000E+0	1.999959E+1	0.000000E+0	4.000000E+0
28-Apr-25	11:29:17	-1.000000E-5	-3.433840E+0	-8.000000E-5	-3.625000E-5	-2.500000E-7	2.600000E-7	-2.360000E-7	0.000000E+0	0.000000E+0	1.964247E-4	2.976042E-9	0.000000E+0	0.000000E+0	1.999959E+1	0.000000E+0	4.000000E+0
28-Apr-25	11:29:17	-1.000000E-5	-3.422185E+0	-8.000000E-5	-3.615000E-5	-3.500000E-7	1.300000E-7	-2.720000E-7	0.000000E+0	0.000000E+0	1.964247E-4	2.976042E-9	0.000000E+0	0.000000E+0	1.999959E+1	0.000000E+0	4.000000E+0
28-Apr-25	11:29:18	-1.000000E-5	-3.412340E+0	-8.000000E-5	-3.625000E-5	-4.000000E-7	-1.800000E-8	-1.260000E-7	0.000000E+0	0.000000E+0	1.964247E-4	2.976042E-9	0.000000E+0	0.000000E+0	1.999959E+1	0.000000E+0	4.000000E+0
28-Apr-25	11:29:19	-1.000000E-5	-3.402155E+0	-8.000000E-5	-3.615000E-5	-4.000000E-7	-1.640000E-7	-7.200000E-8	0.000000E+0	0.000000E+0	1.964247E-4	2.976042E-9	0.000000E+0	0.000000E+0	1.999959E+1	0.000000E+0	4.000000E+0
28-Apr-25	11:29:19	-1.000000E-5	-3.393100E+0	-8.000000E-5	-3.620000E-5	-3.500000E-7	-2.320000E-7	-5.400000E-8	0.000000E+0	0.000000E+0	1.964247E-4	2.976042E-9	0.000000E+0	0.000000E+0	1.999959E+1	0.000000E+0	4.000000E+0
28-Apr-25	11:29:20	-1.000000E-5	-3.385005E+0	-8.000000E-5	-3.635000E-5	-4.500000E-7	-2.260000E-7	5.200000E-8	0.000000E+0	0.000000E+0	1.964247E-4	2.976042E-9	0.000000E+0	0.000000E+0	1.999959E+1	0.000000E+0	4.000000E+0
28-Apr-25	11:29:20	-1.000000E-5	-3.376035E+0	-8.000000E-5	-3.625000E-5	-4.000000E-7	-1.780000E-7	1.540000E-7	0.000000E+0	0.000000E+0	1.964247E-4	2.976042E-9	0.000000E+0	0.000000E+0	1.999959E+1	0.000000E+0	4.000000E+0
28-Apr-25	11:29:21	-1.000000E-5	-3.367020E+0	-8.000000E-5	-3.610000E-5	-4.500000E-7	-1.020000E-7	1.200000E-7	0.000000E+0	0.000000E+0	1.964247E-4	2.976042E-9	0.000000E+0	0.000000E+0	1.999959E+1	0.000000E+0	4.000000E+0
28-Apr-25	11:29:21	-1.000000E-5	-3.357140E+0	-8.000000E-5	-3.595000E-5	-3.500000E-7	5.000000E-8	-4.800000E-8	0.000000E+0	0.000000E+0	1.964247E-4	2.976042E-9	0.000000E+0	0.000000E+0	1.999959E+1	0.000000E+0	4.000000E+0
28-Apr-25	11:29:22	-1.000000E-5	-3.348140E+0	-8.000000E-5	-3.620000E-5	-4.000000E-7	1.880000E-7	-1.700000E-7	0.000000E+0	0.000000E+0	1.964247E-4	2.976042E-9	0.000000E+0	0.000000E+0	1.999959E+1	0.000000E+0	4.000000E+0
28-Apr-25	11:29:22	-1.000000E-5	-3.339135E+0	-8.000000E-5	-3.605000E-5	-3.000000E-7	1.880000E-7	-2.200000E-7	0.000000E+0	0.000000E+0	1.964247E-4	2.976042E-9	0.000000E+0	0.000000E+0	1.999959E+1	0.000000E+0	4.000000E+0
28-Apr-25	11:29:23	-1.000000E-5	-3.328375E+0	-8.000000E-5	-3.605000E-5	-2.500000E-7	1.800000E-8	-1.920000E-7	0.000000E+0	0.000000E+0	1.964247E-4	2.976042E-9	0.000000E+0	0.000000E+0	1.999959E+1	0.000000E+0	4.000000E+0
28-Apr-25	11:29:23	-1.000000E-5	-3.319390E+0	-8.000000E-5	-3.600000E-5	-3.000000E-7	-9.200000E-8	-5.800000E-8	0.000000E+0	0.000000E+0	1.964247E-4	2.976042E-9	0.000000E+0	0.000000E+0	1.999959E+1	0.000000E+0	4.000000E+0
28-Apr-25	11:29:24	-1.000000E-5	-3.311360E+0	-8.000000E-5	-3.610000E-5	-4.000000E-7	-5.000000E-8	9.400000E-8	0.000000E+0	0.000000E+0	1.964247E-4	2.976042E-9	0.000000E+0	0.000000E+0	1.999959E+1	0.000000E+0	4.000000E+0
28-Apr-25	11:29:24	-1.000000E-5	-3.302310E+0	-8.000000E-5	-3.625000E-5	-3.000000E-7	4.400000E-8	1.380000E-7	0.000000E+0	0.000000E+0	1.964247E-4	2.976042E-9	0.000000E+0	0.000000E+0	1.999959E+1	0.000000E+0	4.000000E+0
28-Apr-25	11:29:25	-1.000000E-5	-3.292410E+0	-8.000000E-5	-3.605000E-5	-2.500000E-7	6.800000E-8	4.400000E-8	0.000000E+0	0.000000E+0	1.964247E-4	2.976042E-9	0.000000E+0	0.000000E+0	1.999959E+1	0.000000E+0	4.000000E+0
28-Apr-25	11:29:25	-1.000000E-5	-3.284340E+0	-8.000000E-5	-3.600000E-5	-3.500000E-7	3.000000E-8	-4.800000E-8	0.000000E+0	0.000000E+0	1.964247E-4	2.976042E-9	0.000000E+0	0.000000E+0	1.999959E+1	0.000000E+0	4.000000E+0
28-Apr-25	11:29:26	-1.000000E-5	-3.275335E+0	-8.000000E-5	-3.600000E-5	-3.000000E-7	2.000000E-8	-1.340000E-7	0.000000E+0	0.000000E+0	1.964247E-4	2.976042E-9	0.000000E+0	0.000000E+0	1.999959E+1	0.000000E+0	4.000000E+0
28-Apr-25	11:29:26	-1.000000E-5	-3.266985E+0	-8.000000E-5	-3.605000E-5	-3.000000E-7	8.600000E-8	-2.060000E-7	0.000000E+0	0.000000E+0	1.964247E-4	2.976042E-9	0.000000E+0	0.000000E+0	1.999959E+1	0.000000E+0	4.000000E+0
28-Apr-25	11:29:27	-1.000000E-5	-3.259050E+0	-8.000000E-5	-3.605000E-5	-3.500000E-7	1.800000E-7	-2.300000E-7	0.000000E+0	0.000000E+0	1.964247E-4	2.976042E-9	0.000000E+0	0.000000E+0	1.999959E+1	0.000000E+0	4.000000E+0
28-Apr-25	11:29:27	-1.000000E-5	-3.249870E+0	-8.000000E-5	-3.605000E-5	-3.500000E-7	1.920000E-7	-1.860000E-7	0.000000E+0	0.000000E+0	1.964247E-4	2.976042E-9	0.000000E+0	0.000000E+0	1.999959E+1	0.000000E+0	4.000000E+0
28-Apr-25	11:29:28	-1.000000E-5	-3.241070E+0	-8.000000E-5	-3.610000E-5	-4.000000E-7	9.000000E-8	-1.460000E-7	0.000000E+0	0.000000E+0	1.964247E-4	2.976042E-9	0.000000E+0	0.000000E+0	1.999959E+1	0.000000E+0	4.000000E+0
28-Apr-25	11:29:28	-1.000000E-5	-3.231945E+0	-8.000000E-5	-3.590000E-5	-3.500000E-7	-4.000000E-9	-1.340000E-7	0.000000E+0	0.000000E+0	1.964247E-4	2.976042E-9	0.000000E+0	0.000000E+0	1.999959E+1	0.000000E+0	4.000000E+0
28-Apr-25	11:29:28	-1.000000E-5	-3.223870E+0	-8.000000E-5	-3.600000E-5	-4.000000E-7	1.200000E-8	-1.000000E-7	0.000000E+0	0.000000E+0	1.964247E-4	2.976042E-9	0.000000E+0	0.000000E+0	1.999959E+1	0.000000E+0	4.000000E+0
28-Apr-25	11:29:29	-1.000000E-5	-3.215820E+0	-8.000000E-5	-3.605000E-5	-3.000000E-7	8.200000E-8	-4.800000E-8	0.000000E+0	0.000000E+0	1.964247E-4	2.976042E-9	0.000000E+0	0.000000E+0	1.999959E+1	0.000000E+0	4.000000E+0
28-Apr-25	11:29:29	-1.000000E-5	-3.206770E+0	-8.000000E-5	-3.615000E-5	-3.000000E-7	9.800000E-8	-5.600000E-8	0.000000E+0	0.000000E+0	1.964247E-4	2.976042E-9	0.000000E+0	0.000000E+0	1.999959E+1	0.000000E+0	4.000000E+0
28-Apr-25	11:29:30	-1.000000E-5	-3.197765E+0	-8.000000E-5	-3.600000E-5	-3.500000E-7	2.200000E-8	-1.760000E-7	0.000000E+0	0.000000E+0	1.964247E-4	2.976042E-9	0.000000E+0	0.000000E+0	1.999959E+1	0.000000E+0	4.000000E+0
28-Apr-25	11:29:31	-1.000000E-5	-3.188800E+0	-8.000000E-5	-3.600000E-5	-4.500000E-7	-9.800000E-8	-3.320000E-7	0.000000E+0	0.000000E+0	1.964247E-4	2.976042E-9	0.000000E+0	0.000000E+0	1.999959E+1	0.000000E+0	4.000000E+0
28-Apr-25	11:29:31	-1.000000E-5	-3.176205E+0	-8.000000E-5	-3.595000E-5	-3.500000E-7	-1.620000E-7	-3.120000E-7	0.000000E+0	0.000000E+0	1.964247E-4	2.976042E-9	0.000000E+0	0.000000E+0	1.999959E+1	0.000000E+0	4.000000E+0
28-Apr-25	11:29:32	-1.000000E-5	-3.167245E+0	-8.000000E-5	-3.615000E-5	-4.000000E-7	-3.400000E-8	-1.340000E-7	0.000000E+0	0.000000E+0	1.964247E-4	2.976042E-9	0.000000E+0	0.000000E+0	1.999959E+1	0.000000E+0	4.000000E+0
28-Apr-25	11:29:32	-1.000000E-5	-3.159120E+0	-8.000000E-5	-3.605000E-5	-3.000000E-7	1.180000E-7	-4.000000E-8	0.000000E+0	0.000000E+0	1.964247E-4	2.976042E-9	0.000000E+0	0.000000E+0	1.999959E+1	0.000000E+0	4.000000E+0
28-Apr-25	11:29:33	-1.000000E-5	-3.151030E+0	-8.000000E-5	-3.590000E-5	-2.500000E-7	1.920000E-7	-1.800000E-8	0.000000E+0	0.000000E+0	1.964247E-4	2.976042E-9	0.000000E+0	0.000000E+0	1.999959E+1	0.000000E+0	4.000000E+0
28-Apr-25	11:29:33	-1.000000E-5	-3.142065E+0	-8.000000E-5	-3.590000E-5	-4.000000E-7	1.420000E-7	9.800000E-8	0.000000E+0	0.000000E+0	1.964247E-4	2.976042E-9	0.000000E+0	0.000000E+0	1.999959E+1	0.000000E+0	4.000000E+0
28-Apr-25	11:29:34	-1.000000E-5	-3.131275E+0	-8.000000E-5	-3.590000E-5	-3.000000E-7	-5.400000E-8	3.980000E-7	0.000000E+0	0.000000E+0	1.964247E-4	2.976042E-9	0.000000E+0	0.000000E+0	1.999959E+1	0.000000E+0	4.000000E+0
28-Apr-25	11:29:34	-1.000000E-5	-3.122340E+0	-8.000000E-5	-3.605000E-5	-2.500000E-7	-1.920000E-7	5.000000E-7	0.000000E+0	0.000000E+0	1.964247E-4	2.976042E-9	0.000000E+0	0.000000E+0	1.999959E+1	0.000000E+0	4.000000E+0
28-Apr-25	11:29:35	-1.000000E-5	-3.114210E+0	-8.000000E-5	-3.605000E-5	-3.000000E-7	-1.680000E-7	3.800000E-7	0.000000E+0	0.000000E+0	1.964247E-4	2.976042E-9	0.000000E+0	0.000000E+0	1.999959E+1	0.000000E+0	4.000000E+0
28-Apr-25	11:29:35	-1.000000E-5	-3.105210E+0	-8.000000E-5	-3.600000E-5	-3.500000E-7	-5.200000E-8	1.580000E-7	0.000000E+0	0.000000E+0	1.964247E-4	2.976042E-9	0.000000E+0	0.000000E+0	1.999959E+1	0.000000E+0	4.000000E+0
28-Apr-25	11:29:36	-1.000000E-5	-3.097130E+0	-8.000000E-5	-3.590000E-5	-5.000000E-7	-4.000000E-8	-2.000000E-8	0.000000E+0	0.000000E+0	1.964247E-4	2.976042E-9	0.000000E+0	0.000000E+0	1.999959E+1	0.000000E+0	4.000000E+0
28-Apr-25	11:29:36	-1.000000E-5	-3.088165E+0	-8.000000E-5	-3.595000E-5	-3.500000E-7	-1.820000E-7	-1.080000E-7	0.000000E+0	0.000000E+0	1.964247E-4	2.976042E-9	0.000000E+0	0.000000E+0	1.999959E+1	0.000000E+0	4.000000E+0
28-Apr-25	11:29:37	-1.000000E-5	-3.075285E+0	-8.000000E-5	-3.590000E-5	-3.000000E-7	-3.420000E-7	-1.040000E-7	0.000000E+0	0.000000E+0	1.964247E-4	2.976042E-9	0.000000E+0	0.000000E+0	1.999959E+1	0.000000E+0	4.000000E+0
28-Apr-25	11:29:37	-1.000000E-5	-3.062675E+0	-8.000000E-5	-3.575000E-5	-3.500000E-7	-7.000000E-8	-2.800000E-8	0.000000E+0	0.000000E+0	1.964247E-4	2.976042E-9	0.000000E+0	0.000000E+0	1.999959E+1	0.000000E+0	4.000000E+0
28-Apr-25	11:29:38	-1.000000E-5	-3.053715E+0	-8.000000E-5	-3.590000E-5	-3.000000E-7	1.360000E-7	1.400000E-8	0.000000E+0	0.000000E+0	1.964247E-4	2.976042E-9	0.000000E+0	0.000000E+0	1.999959E+1	0.000000E+0	4.000000E+0
28-Apr-25	11:29:38	-1.000000E-5	-3.044755E+0	-8.000000E-5	-3.590000E-5	-2.500000E-7	1.080000E-7	-2.400000E-8	0.000000E+0	0.000000E+0	1.964247E-4	2.976042E-9	0.000000E+0	0.000000E+0	1.999959E+1	0.000000E+0	4.000000E+0
28-Apr-25	11:29:39	-1.000000E-5	-3.035810E+0	-8.000000E-5	-3.590000E-5	-3.500000E-7	-9.200000E-8	-1.260000E-7	0.000000E+0	0.000000E+0	1.964247E-4	2.976042E-9	0.000000E+0	0.000000E+0	1.999959E+1	0.000000E+0	4.000000E+0
28-Apr-25	11:29:39	-1.000000E-5	-3.026950E+0	-8.000000E-5	-3.595000E-5	-2.500000E-7	-2.480000E-7	-1.300000E-7	0.000000E+0	0.000000E+0	1.964247E-4	2.976042E-9	0.000000E+0	0.000000E+0	1.999959E+1	0.000000E+0	4.000000E+0
28-Apr-25	11:29:40	-1.000000E-5	-3.018060E+0	-8.000000E-5	-3.590000E-5	-3.500000E-7	-2.360000E-7	4.000000E-9	0.000000E+0	0.000000E+0	1.964247E-4	2.976042E-9	0.000000E+0	0.000000E+0	1.999959E+1	0.000000E+0	4.000000E+0
28-Apr-25	11:29:41	-1.000000E-5	-3.005155E+0	-8.000000E-5	-3.575000E-5	-4.500000E-7	1.000000E-8	1.540000E-7	0.000000E+0	0.000000E+0	1.964247E-4	2.976042E-9	0.000000E+0	0.000000E+0	1.999959E+1	0.000000E+0	4.000000E+0
28-Apr-25	11:29:41	-1.000000E-5	-2.996130E+0	-8.000000E-5	-3.590000E-5	-3.000000E-7	2.000000E-7	1.620000E-7	0.000000E+0	0.000000E+0	1.964247E-4	2.976042E-9	0.000000E+0	0.000000E+0	1.999959E+1	0.000000E+0	4.000000E+0
28-Apr-25	11:29:42	-1.000000E-5	-2.987160E+0	-8.000000E-5	-3.580000E-5	-3.000000E-7	2.780000E-7	1.700000E-7	0.000000E+0	0.000000E+0	1.964247E-4	2.976042E-9	0.000000E+0	0.000000E+0	1.999959E+1	0.000000E+0	4.000000E+0
28-Apr-25	11:29:42	-1.000000E-5	-2.978160E+0	-8.000000E-5	-3.585000E-5	-3.000000E-7	2.080000E-7	1.880000E-7	0.000000E+0	0.000000E+0	1.964247E-4	2.976042E-9	0.000000E+0	0.000000E+0	1.999959E+1	0.000000E+0	4.000000E+0
28-Apr-25	11:29:43	-1.000000E-5	-2.969165E+0	-8.000000E-5	-3.585000E-5	-4.000000E-7	6.800000E-8	1.560000E-7	0.000000E+0	0.000000E+0	1.964247E-4	2.976042E-9	0.000000E+0	0.000000E+0	1.999959E+1	0.000000E+0	4.000000E+0
28-Apr-25	11:29:43	-1.000000E-5	-2.958355E+0	-8.000000E-5	-3.585000E-5	-4.000000E-7	-2.400000E-8	6.000000E-8	0.000000E+0	0.000000E+0	1.964247E-4	2.976042E-9	0.000000E+0	0.000000E+0	1.999959E+1	0.000000E+0	4.000000E+0
28-Apr-25	11:29:44	-1.000000E-5	-2.946695E+0	-8.000000E-5	-3.580000E-5	-3.000000E-7	-1.200000E-8	4.200000E-8	0.000000E+0	0.000000E+0	1.964247E-4	2.976042E-9	0.000000E+0	0.000000E+0	1.999959E+1	0.000000E+0	4.000000E+0
28-Apr-25	11:29:44	-1.000000E-5	-2.937725E+0	-8.000000E-5	-3.600000E-5	-1.500000E-7	-3.200000E-8	-6.600000E-8	0.000000E+0	0.000000E+0	1.964247E-4	2.976042E-9	0.000000E+0	0.000000E+0	1.999959E+1	0.000000E+0	4.000000E+0
28-Apr-25	11:29:45	-1.000000E-5	-2.928735E+0	-8.000000E-5	-3.590000E-5	-3.500000E-7	-3.800000E-8	-2.420000E-7	0.000000E+0	0.000000E+0	1.964247E-4	2.976042E-9	0.000000E+0	0.000000E+0	1.999959E+1	0.000000E+0	4.000000E+0
28-Apr-25	11:29:46	-1.000000E-5	-2.919700E+0	-8.000000E-5	-3.585000E-5	-4.000000E-7	3.400000E-8	-2.660000E-7	0.000000E+0	0.000000E+0	1.964247E-4	2.976042E-9	0.000000E+0	0.000000E+0	1.999959E+1	0.000000E+0	4.000000E+0
28-Apr-25	11:29:46	-1.000000E-5	-2.909650E+0	-8.000000E-5	-3.595000E-5	-4.000000E-7	1.560000E-7	1.160000E-7	0.000000E+0	0.000000E+0	1.964247E-4	2.976042E-9	0.000000E+0	0.000000E+0	1.999959E+1	0.000000E+0	4.000000E+0
28-Apr-25	11:29:46	-1.000000E-5	-2.900665E+0	-8.000000E-5	-3.590000E-5	-3.000000E-7	1.960000E-7	4.900000E-7	0.000000E+0	0.000000E+0	1.964247E-4	2.976042E-9	0.000000E+0	0.000000E+0	1.999959E+1	0.000000E+0	4.000000E+0
28-Apr-25	11:29:47	-1.000000E-5	-2.892440E+0	-8.000000E-5	-3.585000E-5	-3.500000E-7	1.720000E-7	5.520000E-7	0.000000E+0	0.000000E+0	1.964247E-4	2.976042E-9	0.000000E+0	0.000000E+0	1.999959E+1	0.000000E+0	4.000000E+0
28-Apr-25	11:29:47	-1.000000E-5	-2.884365E+0	-8.000000E-5	-3.570000E-5	-3.500000E-7	1.040000E-7	3.960000E-7	0.000000E+0	0.000000E+0	1.964247E-4	2.976042E-9	0.000000E+0	0.000000E+0	1.999959E+1	0.000000E+0	4.000000E+0
28-Apr-25	11:29:48	-1.000000E-5	-2.875355E+0	-8.000000E-5	-3.580000E-5	-3.000000E-7	4.400000E-8	1.760000E-7	0.000000E+0	0.000000E+0	1.964247E-4	2.976042E-9	0.000000E+0	0.000000E+0	1.999959E+1	0.000000E+0	4.000000E+0
28-Apr-25	11:29:48	-1.000000E-5	-2.866330E+0	-8.000000E-5	-3.585000E-5	-4.000000E-7	1.000000E-7	-5.000000E-8	0.000000E+0	0.000000E+0	1.964247E-4	2.976042E-9	0.000000E+0	0.000000E+0	1.999959E+1	0.000000E+0	4.000000E+0
28-Apr-25	11:29:49	-1.000000E-5	-2.857420E+0	-8.000000E-5	-3.575000E-5	-2.500000E-7	2.460000E-7	-2.480000E-7	0.000000E+0	0.000000E+0	1.964247E-4	2.976042E-9	0.000000E+0	0.000000E+0	1.999959E+1	0.000000E+0	4.000000E+0
28-Apr-25	11:29:49	-1.000000E-5	-2.847525E+0	-8.000000E-5	-3.565000E-5	-2.500000E-7	2.760000E-7	-3.440000E-7	0.000000E+0	0.000000E+0	1.964247E-4	2.976042E-9	0.000000E+0	0.000000E+0	1.999959E+1	0.000000E+0	4.000000E+0
28-Apr-25	11:29:50	-1.000000E-5	-2.838585E+0	-8.000000E-5	-3.560000E-5	-5.000000E-7	8.000000E-8	-3.620000E-7	0.000000E+0	0.000000E+0	1.964247E-4	2.976042E-9	0.000000E+0	0.000000E+0	1.999959E+1	0.000000E+0	4.000000E+0
28-Apr-25	11:29:51	-1.000000E-5	-2.828640E+0	-8.000000E-5	-3.565000E-5	-4.000000E-7	-1.040000E-7	-2.940000E-7	0.000000E+0	0.000000E+0	1.964247E-4	2.976042E-9	0.000000E+0	0.000000E+0	1.999959E+1	0.000000E+0	4.000000E+0
28-Apr-25	11:29:51	-1.000000E-5	-2.820535E+0	-8.000000E-5	-3.575000E-5	-3.500000E-7	-2.040000E-7	-1.300000E-7	0.000000E+0	0.000000E+0	1.964247E-4	2.976042E-9	0.000000E+0	0.000000E+0	1.999959E+1	0.000000E+0	4.000000E+0
28-Apr-25	11:29:51	-1.000000E-5	-2.812435E+0	-8.000000E-5	-3.570000E-5	-4.000000E-7	-2.320000E-7	1.800000E-8	0.000000E+0	0.000000E+0	1.964247E-4	2.976042E-9	0.000000E+0	0.000000E+0	1.999959E+1	0.000000E+0	4.000000E+0
28-Apr-25	11:29:52	-1.000000E-5	-2.803460E+0	-8.000000E-5	-3.575000E-5	-3.000000E-7	-1.280000E-7	-1.200000E-8	0.000000E+0	0.000000E+0	1.964247E-4	2.976042E-9	0.000000E+0	0.000000E+0	1.999959E+1	0.000000E+0	4.000000E+0
28-Apr-25	11:29:52	-1.000000E-5	-2.794450E+0	-8.000000E-5	-3.565000E-5	-2.000000E-7	6.400000E-8	-1.440000E-7	0.000000E+0	0.000000E+0	1.964247E-4	2.976042E-9	0.000000E+0	0.000000E+0	1.999959E+1	0.000000E+0	4.000000E+0
28-Apr-25	11:29:53	-1.000000E-5	-2.785470E+0	-8.000000E-5	-3.570000E-5	-1.500000E-7	1.320000E-7	-1.760000E-7	0.000000E+0	0.000000E+0	1.964247E-4	2.976042E-9	0.000000E+0	0.000000E+0	1.999959E+1	0.000000E+0	4.000000E+0
28-Apr-25	11:29:54	-1.000000E-5	-2.773775E+0	-8.000000E-5	-3.585000E-5	-2.500000E-7	-6.200000E-8	-4.400000E-8	0.000000E+0	0.000000E+0	1.964247E-4	2.976042E-9	0.000000E+0	0.000000E+0	1.999959E+1	0.000000E+0	4.000000E+0
28-Apr-25	11:29:54	-1.000000E-5	-2.763615E+0	-8.000000E-5	-3.560000E-5	-3.500000E-7	-1.780000E-7	6.200000E-8	0.000000E+0	0.000000E+0	1.964247E-4	2.976042E-9	0.000000E+0	0.000000E+0	1.999959E+1	0.000000E+0	4.000000E+0
28-Apr-25	11:29:55	-1.000000E-5	-2.754635E+0	-8.000000E-5	-3.580000E-5	-4.000000E-7	-1.540000E-7	1.080000E-7	0.000000E+0	0.000000E+0	1.964247E-4	2.976042E-9	0.000000E+0	0.000000E+0	1.999959E+1	0.000000E+0	4.000000E+0
28-Apr-25	11:29:55	-1.000000E-5	-2.745815E+0	-8.000000E-5	-3.565000E-5	-3.500000E-7	-1.000000E-7	8.600000E-8	0.000000E+0	0.000000E+0	1.964247E-4	2.976042E-9	0.000000E+0	0.000000E+0	1.999959E+1	0.000000E+0	4.000000E+0
28-Apr-25	11:29:56	-1.000000E-5	-2.736960E+0	-8.000000E-5	-3.555000E-5	-3.000000E-7	-8.000000E-8	-1.400000E-8	0.000000E+0	0.000000E+0	1.964247E-4	2.976042E-9	0.000000E+0	0.000000E+0	1.999959E+1	0.000000E+0	4.000000E+0
28-Apr-25	11:29:56	-1.000000E-5	-2.727955E+0	-8.000000E-5	-3.575000E-5	-3.000000E-7	-8.800000E-8	-1.820000E-7	0.000000E+0	0.000000E+0	1.964247E-4	2.976042E-9	0.000000E+0	0.000000E+0	1.999959E+1	0.000000E+0	4.000000E+0
28-Apr-25	11:29:57	-1.000000E-5	-2.718955E+0	-8.000000E-5	-3.570000E-5	-2.000000E-7	-1.200000E-7	-2.840000E-7	0.000000E+0	0.000000E+0	1.964247E-4	2.976042E-9	0.000000E+0	0.000000E+0	1.999959E+1	0.000000E+0	4.000000E+0
28-Apr-25	11:29:57	-1.000000E-5	-2.709995E+0	-8.000000E-5	-3.565000E-5	-2.000000E-7	-1.760000E-7	-2.020000E-7	0.000000E+0	0.000000E+0	1.964247E-4	2.976042E-9	0.000000E+0	0.000000E+0	1.999959E+1	0.000000E+0	4.000000E+0
28-Apr-25	11:29:58	-1.000000E-5	-2.701885E+0	-8.000000E-5	-3.565000E-5	-2.000000E-7	-2.180000E-7	-4.200000E-8	0.000000E+0	0.000000E+0	1.964247E-4	2.976042E-9	0.000000E+0	0.000000E+0	1.999959E+1	0.000000E+0	4.000000E+0
28-Apr-25	11:29:58	-1.000000E-5	-2.692925E+0	-8.000000E-5	-3.580000E-5	0.000000E+0	-2.060000E-7	4.800000E-8	0.000000E+0	0.000000E+0	1.964247E-4	2.976042E-9	0.000000E+0	0.000000E+0	1.999959E+1	0.000000E+0	4.000000E+0
28-Apr-25	11:29:59	-1.000000E-5	-2.680020E+0	-8.000000E-5	-3.565000E-5	-2.000000E-7	-5.000000E-8	2.200000E-8	0.000000E+0	0.000000E+0	1.964247E-4	2.976042E-9	0.000000E+0	0.000000E+0	1.999959E+1	0.000000E+0	4.000000E+0
28-Apr-25	11:29:59	-1.000000E-5	-2.670160E+0	-8.000000E-5	-3.575000E-5	-3.500000E-7	7.400000E-8	-4.600000E-8	0.000000E+0	0.000000E+0	1.964247E-4	2.976042E-9	0.000000E+0	0.000000E+0	1.999959E+1	0.000000E+0	4.000000E+0
28-Apr-25	11:30:00	-1.000000E-5	-2.661180E+0	-8.000000E-5	-3.565000E-5	-3.500000E-7	2.600000E-8	-1.720000E-7	0.000000E+0	0.000000E+0	1.964247E-4	2.976042E-9	0.000000E+0	0.000000E+0	1.999959E+1	0.000000E+0	4.000000E+0
28-Apr-25	11:30:00	-1.000000E-5	-2.652235E+0	-8.000000E-5	-3.550000E-5	-4.000000E-7	-1.200000E-7	-2.580000E-7	0.000000E+0	0.000000E+0	1.964247E-4	2.976042E-9	0.000000E+0	0.000000E+0	1.999959E+1	0.000000E+0	4.000000E+0
28-Apr-25	11:30:01	-1.000000E-5	-2.644135E+0	-8.000000E-5	-3.570000E-5	-3.000000E-7	-1.100000E-7	-2.320000E-7	0.000000E+0	0.000000E+0	1.964247E-4	2.976042E-9	0.000000E+0	0.000000E+0	1.999959E+1	0.000000E+0	4.000000E+0
28-Apr-25	11:30:01	-1.000000E-5	-2.635080E+0	-8.000000E-5	-3.560000E-5	-4.000000E-7	1.020000E-7	-1.260000E-7	0.000000E+0	0.000000E+0	1.964247E-4	2.976042E-9	0.000000E+0	0.000000E+0	1.999959E+1	0.000000E+0	4.000000E+0
28-Apr-25	11:30:02	-1.000000E-5	-2.625215E+0	-8.000000E-5	-3.540000E-5	-3.500000E-7	3.400000E-7	7.200000E-8	0.000000E+0	0.000000E+0	1.964247E-4	2.976042E-9	0.000000E+0	0.000000E+0	1.999959E+1	0.000000E+0	4.000000E+0
28-Apr-25	11:30:02	-1.000000E-5	-2.615330E+0	-8.000000E-5	-3.555000E-5	-2.500000E-7	3.500000E-7	2.300000E-7	0.000000E+0	0.000000E+0	1.964247E-4	2.976042E-9	0.000000E+0	0.000000E+0	1.999959E+1	0.000000E+0	4.000000E+0
28-Apr-25	11:30:03	-1.000000E-5	-2.606325E+0	-8.000000E-5	-3.575000E-5	-3.000000E-7	1.480000E-7	1.860000E-7	0.000000E+0	0.000000E+0	1.964247E-4	2.976042E-9	0.000000E+0	0.000000E+0	1.999959E+1	0.000000E+0	4.000000E+0
28-Apr-25	11:30:04	-1.000000E-5	-2.596290E+0	-8.000000E-5	-3.555000E-5	-3.000000E-7	-4.800000E-8	-1.060000E-7	0.000000E+0	0.000000E+0	1.964247E-4	2.976042E-9	0.000000E+0	0.000000E+0	1.999959E+1	0.000000E+0	4.000000E+0
28-Apr-25	11:30:04	-1.000000E-5	-2.586200E+0	-8.000000E-5	-3.560000E-5	-4.000000E-7	4.400000E-8	-2.200000E-7	0.000000E+0	0.000000E+0	1.964247E-4	2.976042E-9	0.000000E+0	0.000000E+0	1.999959E+1	0.000000E+0	4.000000E+0
28-Apr-25	11:30:05	-1.000000E-5	-2.577235E+0	-8.000000E-5	-3.545000E-5	-3.500000E-7	3.140000E-7	-1.900000E-7	0.000000E+0	0.000000E+0	1.964247E-4	2.976042E-9	0.000000E+0	0.000000E+0	1.999959E+1	0.000000E+0	4.000000E+0
28-Apr-25	11:30:05	-1.000000E-5	-2.568285E+0	-8.000000E-5	-3.560000E-5	-5.000000E-7	5.420000E-7	-1.900000E-7	0.000000E+0	0.000000E+0	1.964247E-4	2.976042E-9	0.000000E+0	0.000000E+0	1.999959E+1	0.000000E+0	4.000000E+0
28-Apr-25	11:30:06	-1.000000E-5	-2.554810E+0	-8.000000E-5	-3.555000E-5	-4.000000E-7	2.760000E-7	-3.000000E-7	0.000000E+0	0.000000E+0	1.964247E-4	2.976042E-9	0.000000E+0	0.000000E+0	1.999959E+1	0.000000E+0	4.000000E+0
28-Apr-25	11:30:07	-1.000000E-5	-2.541880E+0	-8.000000E-5	-3.570000E-5	-3.000000E-7	4.000000E-8	-1.860000E-7	0.000000E+0	0.000000E+0	1.964247E-4	2.976042E-9	0.000000E+0	0.000000E+0	1.999959E+1	0.000000E+0	4.000000E+0
28-Apr-25	11:30:07	-1.000000E-5	-2.529305E+0	-8.000000E-5	-3.555000E-5	-2.000000E-7	1.700000E-7	-3.400000E-8	0.000000E+0	0.000000E+0	1.964247E-4	2.976042E-9	0.000000E+0	0.000000E+0	1.999959E+1	0.000000E+0	4.000000E+0
28-Apr-25	11:30:08	-1.000000E-5	-2.520315E+0	-8.000000E-5	-3.550000E-5	-3.000000E-7	2.760000E-7	-7.200000E-8	0.000000E+0	0.000000E+0	1.964247E-4	2.976042E-9	0.000000E+0	0.000000E+0	1.999959E+1	0.000000E+0	4.000000E+0
28-Apr-25	11:30:08	-1.000000E-5	-2.511350E+0	-8.000000E-5	-3.540000E-5	-3.500000E-7	2.500000E-7	-1.480000E-7	0.000000E+0	0.000000E+0	1.964247E-4	2.976042E-9	0.000000E+0	0.000000E+0	1.999959E+1	0.000000E+0	4.000000E+0
28-Apr-25	11:30:09	-1.000000E-5	-2.500540E+0	-8.000000E-5	-3.540000E-5	-2.000000E-7	9.000000E-8	-9.600000E-8	0.000000E+0	0.000000E+0	1.964247E-4	2.976042E-9	0.000000E+0	0.000000E+0	1.999959E+1	0.000000E+0	4.000000E+0
28-Apr-25	11:30:09	-1.000000E-5	-2.491580E+0	-8.000000E-5	-3.550000E-5	-4.000000E-7	-7.000000E-8	-3.600000E-8	0.000000E+0	0.000000E+0	1.964247E-4	2.976042E-9	0.000000E+0	0.000000E+0	1.999959E+1	0.000000E+0	4.000000E+0
28-Apr-25	11:30:10	-1.000000E-5	-2.482575E+0	-8.000000E-5	-3.545000E-5	-3.500000E-7	-1.640000E-7	-7.600000E-8	0.000000E+0	0.000000E+0	1.964247E-4	2.976042E-9	0.000000E+0	0.000000E+0	1.999959E+1	0.000000E+0	4.000000E+0
28-Apr-25	11:30:10	-1.000000E-5	-2.473640E+0	-8.000000E-5	-3.550000E-5	-3.000000E-7	-1.500000E-7	-1.300000E-7	0.000000E+0	0.000000E+0	1.964247E-4	2.976042E-9	0.000000E+0	0.000000E+0	1.999959E+1	0.000000E+0	4.000000E+0
28-Apr-25	11:30:11	-1.000000E-5	-2.463615E+0	-8.000000E-5	-3.545000E-5	-3.000000E-7	-6.200000E-8	-1.000000E-7	0.000000E+0	0.000000E+0	1.964247E-4	2.976042E-9	0.000000E+0	0.000000E+0	1.999959E+1	0.000000E+0	4.000000E+0
28-Apr-25	11:30:11	-1.000000E-5	-2.454770E+0	-8.000000E-5	-3.550000E-5	-2.500000E-7	7.000000E-8	-2.800000E-8	0.000000E+0	0.000000E+0	1.964247E-4	2.976042E-9	0.000000E+0	0.000000E+0	1.999959E+1	0.000000E+0	4.000000E+0
28-Apr-25	11:30:12	-1.000000E-5	-2.445585E+0	-8.000000E-5	-3.545000E-5	-3.000000E-7	1.840000E-7	5.400000E-8	0.000000E+0	0.000000E+0	1.964247E-4	2.976042E-9	0.000000E+0	0.000000E+0	1.999959E+1	0.000000E+0	4.000000E+0
28-Apr-25	11:30:12	-1.000000E-5	-2.436455E+0	-8.000000E-5	-3.560000E-5	-2.500000E-7	1.840000E-7	7.000000E-8	0.000000E+0	0.000000E+0	1.964247E-4	2.976042E-9	0.000000E+0	0.000000E+0	1.999959E+1	0.000000E+0	4.000000E+0
28-Apr-25	11:30:13	-1.000000E-5	-2.427480E+0	-8.000000E-5	-3.555000E-5	-2.000000E-7	1.180000E-7	6.000000E-9	0.000000E+0	0.000000E+0	1.964247E-4	2.976042E-9	0.000000E+0	0.000000E+0	1.999959E+1	0.000000E+0	4.000000E+0
28-Apr-25	11:30:13	-1.000000E-5	-2.419390E+0	-8.000000E-5	-3.535000E-5	-3.000000E-7	0.000000E+0	-5.800000E-8	0.000000E+0	0.000000E+0	1.964247E-4	2.976042E-9	0.000000E+0	0.000000E+0	1.999959E+1	0.000000E+0	4.000000E+0
28-Apr-25	11:30:14	-1.000000E-5	-2.410560E+0	-8.000000E-5	-3.535000E-5	-2.500000E-7	-1.540000E-7	-6.200000E-8	0.000000E+0	0.000000E+0	1.964247E-4	2.976042E-9	0.000000E+0	0.000000E+0	1.999959E+1	0.000000E+0	4.000000E+0
28-Apr-25	11:30:14	-1.000000E-5	-2.402610E+0	-8.000000E-5	-3.545000E-5	-1.500000E-7	-2.500000E-7	-5.400000E-8	0.000000E+0	0.000000E+0	1.964247E-4	2.976042E-9	0.000000E+0	0.000000E+0	1.999959E+1	0.000000E+0	4.000000E+0
28-Apr-25	11:30:15	-1.000000E-5	-2.393595E+0	-8.000000E-5	-3.550000E-5	-2.000000E-7	-2.400000E-7	-7.600000E-8	0.000000E+0	0.000000E+0	1.964247E-4	2.976042E-9	0.000000E+0	0.000000E+0	1.999959E+1	0.000000E+0	4.000000E+0
28-Apr-25	11:30:15	-1.000000E-5	-2.384630E+0	-8.000000E-5	-3.540000E-5	-2.500000E-7	-1.940000E-7	-7.200000E-8	0.000000E+0	0.000000E+0	1.964247E-4	2.976042E-9	0.000000E+0	0.000000E+0	1.999959E+1	0.000000E+0	4.000000E+0
28-Apr-25	11:30:16	-1.000000E-5	-2.376565E+0	-8.000000E-5	-3.530000E-5	-3.500000E-7	-2.320000E-7	-1.600000E-8	0.000000E+0	0.000000E+0	1.964247E-4	2.976042E-9	0.000000E+0	0.000000E+0	1.999959E+1	0.000000E+0	4.000000E+0
28-Apr-25	11:30:16	-1.000000E-5	-2.367595E+0	-8.000000E-5	-3.520000E-5	-4.000000E-7	-2.840000E-7	6.000000E-9	0.000000E+0	0.000000E+0	1.964247E-4	2.976042E-9	0.000000E+0	0.000000E+0	1.999959E+1	0.000000E+0	4.000000E+0
28-Apr-25	11:30:17	-1.000000E-5	-2.358445E+0	-8.000000E-5	-3.540000E-5	-2.500000E-7	-1.600000E-7	-4.200000E-8	0.000000E+0	0.000000E+0	1.964247E-4	2.976042E-9	0.000000E+0	0.000000E+0	1.999959E+1	0.000000E+0	4.000000E+0
28-Apr-25	11:30:17	-1.000000E-5	-2.347475E+0	-8.000000E-5	-3.540000E-5	-5.000000E-8	2.000000E-9	-5.800000E-8	0.000000E+0	0.000000E+0	1.964247E-4	2.976042E-9	0.000000E+0	0.000000E+0	1.999959E+1	0.000000E+0	4.000000E+0
28-Apr-25	11:30:18	-1.000000E-5	-2.338505E+0	-8.000000E-5	-3.535000E-5	-1.500000E-7	3.400000E-8	-2.000000E-8	0.000000E+0	0.000000E+0	1.964247E-4	2.976042E-9	0.000000E+0	0.000000E+0	1.999959E+1	0.000000E+0	4.000000E+0
28-Apr-25	11:30:18	-1.000000E-5	-2.330415E+0	-8.000000E-5	-3.545000E-5	-2.500000E-7	-4.000000E-8	8.000000E-9	0.000000E+0	0.000000E+0	1.964247E-4	2.976042E-9	0.000000E+0	0.000000E+0	1.999959E+1	0.000000E+0	4.000000E+0
28-Apr-25	11:30:19	-1.000000E-5	-2.321455E+0	-8.000000E-5	-3.525000E-5	-4.000000E-7	-7.600000E-8	-2.000000E-9	0.000000E+0	0.000000E+0	1.964247E-4	2.976042E-9	0.000000E+0	0.000000E+0	1.999959E+1	0.000000E+0	4.000000E+0
28-Apr-25	11:30:19	-1.000000E-5	-2.309765E+0	-8.000000E-5	-3.540000E-5	-4.000000E-7	1.600000E-8	-1.020000E-7	0.000000E+0	0.000000E+0	1.964247E-4	2.976042E-9	0.000000E+0	0.000000E+0	1.999959E+1	0.000000E+0	4.000000E+0
28-Apr-25	11:30:20	-1.000000E-5	-2.300740E+0	-8.000000E-5	-3.535000E-5	-3.000000E-7	0.000000E+0	-2.560000E-7	0.000000E+0	0.000000E+0	1.964247E-4	2.976042E-9	0.000000E+0	0.000000E+0	1.999959E+1	0.000000E+0	4.000000E+0
28-Apr-25	11:30:20	-1.000000E-5	-2.292685E+0	-8.000000E-5	-3.540000E-5	-2.000000E-7	-1.060000E-7	-4.080000E-7	0.000000E+0	0.000000E+0	1.964247E-4	2.976042E-9	0.000000E+0	0.000000E+0	1.999959E+1	0.000000E+0	4.000000E+0
28-Apr-25	11:30:21	-1.000000E-5	-2.283725E+0	-8.000000E-5	-3.530000E-5	-2.500000E-7	-1.800000E-7	-4.240000E-7	0.000000E+0	0.000000E+0	1.964247E-4	2.976042E-9	0.000000E+0	0.000000E+0	1.999959E+1	0.000000E+0	4.000000E+0
28-Apr-25	11:30:21	-1.000000E-5	-2.274785E+0	-8.000000E-5	-3.525000E-5	-3.500000E-7	-1.540000E-7	-2.460000E-7	0.000000E+0	0.000000E+0	1.964247E-4	2.976042E-9	0.000000E+0	0.000000E+0	1.999959E+1	0.000000E+0	4.000000E+0
28-Apr-25	11:30:22	-1.000000E-5	-2.265800E+0	-8.000000E-5	-3.520000E-5	-2.500000E-7	-1.080000E-7	-2.200000E-8	0.000000E+0	0.000000E+0	1.964247E-4	2.976042E-9	0.000000E+0	0.000000E+0	1.999959E+1	0.000000E+0	4.000000E+0
28-Apr-25	11:30:22	-1.000000E-5	-2.257635E+0	-8.000000E-5	-3.525000E-5	-3.500000E-7	-1.060000E-7	5.800000E-8	0.000000E+0	0.000000E+0	1.964247E-4	2.976042E-9	0.000000E+0	0.000000E+0	1.999959E+1	0.000000E+0	4.000000E+0
28-Apr-25	11:30:23	-1.000000E-5	-2.247765E+0	-8.000000E-5	-3.535000E-5	-3.500000E-7	-8.600000E-8	-1.200000E-8	0.000000E+0	0.000000E+0	1.964247E-4	2.976042E-9	0.000000E+0	0.000000E+0	1.999959E+1	0.000000E+0	4.000000E+0
28-Apr-25	11:30:24	-1.000000E-5	-2.237745E+0	-8.000000E-5	-3.530000E-5	-3.500000E-7	3.400000E-8	-1.260000E-7	0.000000E+0	0.000000E+0	1.964247E-4	2.976042E-9	0.000000E+0	0.000000E+0	1.999959E+1	0.000000E+0	4.000000E+0
28-Apr-25	11:30:24	-1.000000E-5	-2.227695E+0	-8.000000E-5	-3.515000E-5	-1.500000E-7	1.120000E-7	-1.500000E-7	0.000000E+0	0.000000E+0	1.964247E-4	2.976042E-9	0.000000E+0	0.000000E+0	1.999959E+1	0.000000E+0	4.000000E+0
28-Apr-25	11:30:25	-1.000000E-5	-2.218685E+0	-8.000000E-5	-3.515000E-5	-2.500000E-7	1.280000E-7	-1.480000E-7	0.000000E+0	0.000000E+0	1.964247E-4	2.976042E-9	0.000000E+0	0.000000E+0	1.999959E+1	0.000000E+0	4.000000E+0
28-Apr-25	11:30:25	-1.000000E-5	-2.208765E+0	-8.000000E-5	-3.525000E-5	-3.000000E-7	9.000000E-8	-1.380000E-7	0.000000E+0	0.000000E+0	1.964247E-4	2.976042E-9	0.000000E+0	0.000000E+0	1.999959E+1	0.000000E+0	4.000000E+0
28-Apr-25	11:30:26	-1.000000E-5	-2.200695E+0	-8.000000E-5	-3.535000E-5	-3.000000E-7	5.400000E-8	-9.000000E-8	0.000000E+0	0.000000E+0	1.964247E-4	2.976042E-9	0.000000E+0	0.000000E+0	1.999959E+1	0.000000E+0	4.000000E+0
28-Apr-25	11:30:26	-1.000000E-5	-2.190815E+0	-8.000000E-5	-3.525000E-5	-2.000000E-7	-3.800000E-8	1.200000E-8	0.000000E+0	0.000000E+0	1.964247E-4	2.976042E-9	0.000000E+0	0.000000E+0	1.999959E+1	0.000000E+0	4.000000E+0
28-Apr-25	11:30:27	-1.000000E-5	-2.182750E+0	-8.000000E-5	-3.525000E-5	-4.500000E-7	-2.300000E-7	6.800000E-8	0.000000E+0	0.000000E+0	1.964247E-4	2.976042E-9	0.000000E+0	0.000000E+0	1.999959E+1	0.000000E+0	4.000000E+0
28-Apr-25	11:30:27	-1.000000E-5	-2.172890E+0	-8.000000E-5	-3.505000E-5	-3.000000E-7	-4.580000E-7	2.400000E-8	0.000000E+0	0.000000E+0	1.964247E-4	2.976042E-9	0.000000E+0	0.000000E+0	1.999959E+1	0.000000E+0	4.000000E+0
28-Apr-25	11:30:28	-1.000000E-5	-2.162935E+0	-8.000000E-5	-3.495000E-5	-4.000000E-7	-3.840000E-7	-1.580000E-7	0.000000E+0	0.000000E+0	1.964247E-4	2.976042E-9	0.000000E+0	0.000000E+0	1.999959E+1	0.000000E+0	4.000000E+0
28-Apr-25	11:30:28	-1.000000E-5	-2.153955E+0	-8.000000E-5	-3.510000E-5	-3.500000E-7	-1.000000E-7	-3.200000E-7	0.000000E+0	0.000000E+0	1.964247E-4	2.976042E-9	0.000000E+0	0.000000E+0	1.999959E+1	0.000000E+0	4.000000E+0
28-Apr-25	11:30:29	-1.000000E-5	-2.144805E+0	-8.000000E-5	-3.530000E-5	-2.000000E-7	8.000000E-8	-3.180000E-7	0.000000E+0	0.000000E+0	1.964247E-4	2.976042E-9	0.000000E+0	0.000000E+0	1.999959E+1	0.000000E+0	4.000000E+0
28-Apr-25	11:30:29	-1.000000E-5	-2.135675E+0	-8.000000E-5	-3.525000E-5	-2.000000E-7	2.600000E-8	-1.900000E-7	0.000000E+0	0.000000E+0	1.964247E-4	2.976042E-9	0.000000E+0	0.000000E+0	1.999959E+1	0.000000E+0	4.000000E+0
28-Apr-25	11:30:30	-1.000000E-5	-2.127760E+0	-8.000000E-5	-3.520000E-5	-3.500000E-7	-1.000000E-7	-7.200000E-8	0.000000E+0	0.000000E+0	1.964247E-4	2.976042E-9	0.000000E+0	0.000000E+0	1.999959E+1	0.000000E+0	4.000000E+0
28-Apr-25	11:30:30	-1.000000E-5	-2.118595E+0	-8.000000E-5	-3.520000E-5	-3.000000E-7	-1.680000E-7	-8.400000E-8	0.000000E+0	0.000000E+0	1.964247E-4	2.976042E-9	0.000000E+0	0.000000E+0	1.999959E+1	0.000000E+0	4.000000E+0
28-Apr-25	11:30:31	-1.000000E-5	-2.110490E+0	-8.000000E-5	-3.545000E-5	-2.000000E-7	-1.400000E-7	-1.820000E-7	0.000000E+0	0.000000E+0	1.964247E-4	2.976042E-9	0.000000E+0	0.000000E+0	1.999959E+1	0.000000E+0	4.000000E+0
28-Apr-25	11:30:31	-1.000000E-5	-2.101545E+0	-8.000000E-5	-3.515000E-5	-1.500000E-7	-6.600000E-8	-2.320000E-7	0.000000E+0	0.000000E+0	1.964247E-4	2.976042E-9	0.000000E+0	0.000000E+0	1.999959E+1	0.000000E+0	4.000000E+0
28-Apr-25	11:30:32	-1.000000E-5	-2.092560E+0	-8.000000E-5	-3.505000E-5	-4.500000E-7	5.800000E-8	-1.540000E-7	0.000000E+0	0.000000E+0	1.964247E-4	2.976042E-9	0.000000E+0	0.000000E+0	1.999959E+1	0.000000E+0	4.000000E+0
28-Apr-25	11:30:32	-1.000000E-5	-2.083630E+0	-8.000000E-5	-3.530000E-5	-5.000000E-7	1.700000E-7	-1.080000E-7	0.000000E+0	0.000000E+0	1.964247E-4	2.976042E-9	0.000000E+0	0.000000E+0	1.999959E+1	0.000000E+0	4.000000E+0
28-Apr-25	11:30:32	-1.000000E-5	-2.075490E+0	-8.000000E-5	-3.520000E-5	-4.000000E-7	1.820000E-7	-1.440000E-7	0.000000E+0	0.000000E+0	1.964247E-4	2.976042E-9	0.000000E+0	0.000000E+0	1.999959E+1	0.000000E+0	4.000000E+0
28-Apr-25	11:30:33	-1.000000E-5	-2.066495E+0	-8.000000E-5	-3.510000E-5	-3.000000E-7	6.000000E-8	-2.020000E-7	0.000000E+0	0.000000E+0	1.964247E-4	2.976042E-9	0.000000E+0	0.000000E+0	1.999959E+1	0.000000E+0	4.000000E+0
28-Apr-25	11:30:34	-1.000000E-5	-2.053915E+0	-8.000000E-5	-3.515000E-5	-3.500000E-7	-7.800000E-8	-2.120000E-7	0.000000E+0	0.000000E+0	1.964247E-4	2.976042E-9	0.000000E+0	0.000000E+0	1.999959E+1	0.000000E+0	4.000000E+0
28-Apr-25	11:30:34	-1.000000E-5	-2.044895E+0	-8.000000E-5	-3.515000E-5	-3.000000E-7	-6.000000E-8	-1.480000E-7	0.000000E+0	0.000000E+0	1.964247E-4	2.976042E-9	0.000000E+0	0.000000E+0	1.999959E+1	0.000000E+0	4.000000E+0
28-Apr-25	11:30:35	-1.000000E-5	-2.035955E+0	-8.000000E-5	-3.510000E-5	-3.000000E-7	-1.200000E-8	-7.000000E-8	0.000000E+0	0.000000E+0	1.964247E-4	2.976042E-9	0.000000E+0	0.000000E+0	1.999959E+1	0.000000E+0	4.000000E+0
28-Apr-25	11:30:35	-1.000000E-5	-2.027670E+0	-8.000000E-5	-3.520000E-5	-2.000000E-7	4.400000E-8	-1.200000E-8	0.000000E+0	0.000000E+0	1.964247E-4	2.976042E-9	0.000000E+0	0.000000E+0	1.999959E+1	0.000000E+0	4.000000E+0
28-Apr-25	11:30:36	-1.000000E-5	-2.018675E+0	-8.000000E-5	-3.520000E-5	-3.000000E-7	1.520000E-7	4.800000E-8	0.000000E+0	0.000000E+0	1.964247E-4	2.976042E-9	0.000000E+0	0.000000E+0	1.999959E+1	0.000000E+0	4.000000E+0
28-Apr-25	11:30:36	-1.000000E-5	-2.007760E+0	-8.000000E-5	-3.510000E-5	-3.000000E-7	3.340000E-7	1.120000E-7	0.000000E+0	0.000000E+0	1.964247E-4	2.976042E-9	0.000000E+0	0.000000E+0	1.999959E+1	0.000000E+0	4.000000E+0
28-Apr-25	11:30:37	-1.000000E-5	-1.997880E+0	-8.000000E-5	-3.505000E-5	-3.500000E-7	3.460000E-7	9.400000E-8	0.000000E+0	0.000000E+0	1.964247E-4	2.976042E-9	0.000000E+0	0.000000E+0	1.999959E+1	0.000000E+0	4.000000E+0
28-Apr-25	11:30:37	-1.000000E-5	-1.987120E+0	-8.000000E-5	-3.520000E-5	-4.500000E-7	1.740000E-7	0.000000E+0	0.000000E+0	0.000000E+0	1.964247E-4	2.976042E-9	0.000000E+0	0.000000E+0	1.999959E+1	0.000000E+0	4.000000E+0
28-Apr-25	11:30:38	-1.000000E-5	-1.978105E+0	-8.000000E-5	-3.515000E-5	-3.000000E-7	1.520000E-7	-7.200000E-8	0.000000E+0	0.000000E+0	1.964247E-4	2.976042E-9	0.000000E+0	0.000000E+0	1.999959E+1	0.000000E+0	4.000000E+0
28-Apr-25	11:30:38	-1.000000E-5	-1.969100E+0	-8.000000E-5	-3.520000E-5	-2.500000E-7	2.640000E-7	-1.720000E-7	0.000000E+0	0.000000E+0	1.964247E-4	2.976042E-9	0.000000E+0	0.000000E+0	1.999959E+1	0.000000E+0	4.000000E+0
28-Apr-25	11:30:39	-1.000000E-5	-1.960730E+0	-8.000000E-5	-3.505000E-5	-2.500000E-7	3.280000E-7	-2.700000E-7	0.000000E+0	0.000000E+0	1.964247E-4	2.976042E-9	0.000000E+0	0.000000E+0	1.999959E+1	0.000000E+0	4.000000E+0
28-Apr-25	11:30:39	-1.000000E-5	-1.950865E+0	-8.000000E-5	-3.485000E-5	-2.500000E-7	2.700000E-7	-3.260000E-7	0.000000E+0	0.000000E+0	1.964247E-4	2.976042E-9	0.000000E+0	0.000000E+0	1.999959E+1	0.000000E+0	4.000000E+0
28-Apr-25	11:30:40	-1.000000E-5	-1.941895E+0	-8.000000E-5	-3.495000E-5	-3.000000E-7	1.800000E-7	-2.600000E-7	0.000000E+0	0.000000E+0	1.964247E-4	2.976042E-9	0.000000E+0	0.000000E+0	1.999959E+1	0.000000E+0	4.000000E+0
28-Apr-25	11:30:40	-1.000000E-5	-1.932870E+0	-8.000000E-5	-3.510000E-5	-3.000000E-7	8.200000E-8	-8.600000E-8	0.000000E+0	0.000000E+0	1.964247E-4	2.976042E-9	0.000000E+0	0.000000E+0	1.999959E+1	0.000000E+0	4.000000E+0
28-Apr-25	11:30:41	-1.000000E-5	-1.923875E+0	-8.000000E-5	-3.490000E-5	-4.500000E-7	-4.000000E-9	9.000000E-8	0.000000E+0	0.000000E+0	1.964247E-4	2.976042E-9	0.000000E+0	0.000000E+0	1.999959E+1	0.000000E+0	4.000000E+0
28-Apr-25	11:30:41	-1.000000E-5	-1.914920E+0	-8.000000E-5	-3.495000E-5	-4.000000E-7	-4.200000E-8	1.240000E-7	0.000000E+0	0.000000E+0	1.964247E-4	2.976042E-9	0.000000E+0	0.000000E+0	1.999959E+1	0.000000E+0	4.000000E+0
28-Apr-25	11:30:42	-1.000000E-5	-1.905035E+0	-8.000000E-5	-3.510000E-5	-3.500000E-7	-6.800000E-8	6.000000E-9	0.000000E+0	0.000000E+0	1.964247E-4	2.976042E-9	0.000000E+0	0.000000E+0	1.999959E+1	0.000000E+0	4.000000E+0
28-Apr-25	11:30:42	-1.000000E-5	-1.896110E+0	-8.000000E-5	-3.510000E-5	-4.500000E-7	-1.280000E-7	-1.100000E-7	0.000000E+0	0.000000E+0	1.964247E-4	2.976042E-9	0.000000E+0	0.000000E+0	1.999959E+1	0.000000E+0	4.000000E+0
28-Apr-25	11:30:43	-1.000000E-5	-1.887095E+0	-8.000000E-5	-3.485000E-5	-5.000000E-7	-1.760000E-7	-1.780000E-7	0.000000E+0	0.000000E+0	1.964247E-4	2.976042E-9	0.000000E+0	0.000000E+0	1.999959E+1	0.000000E+0	4.000000E+0
28-Apr-25	11:30:44	-1.000000E-5	-1.877150E+0	-8.000000E-5	-3.500000E-5	-2.500000E-7	-9.400000E-8	-2.580000E-7	0.000000E+0	0.000000E+0	1.964247E-4	2.976042E-9	0.000000E+0	0.000000E+0	1.999959E+1	0.000000E+0	4.000000E+0
28-Apr-25	11:30:44	-1.000000E-5	-1.863380E+0	-8.000000E-5	-3.510000E-5	-3.000000E-7	6.000000E-8	-3.380000E-7	0.000000E+0	0.000000E+0	1.964247E-4	2.976042E-9	0.000000E+0	0.000000E+0	1.999959E+1	0.000000E+0	4.000000E+0
28-Apr-25	11:30:45	-1.000000E-5	-1.855420E+0	-8.000000E-5	-3.485000E-5	-3.500000E-7	1.480000E-7	-3.040000E-7	0.000000E+0	0.000000E+0	1.964247E-4	2.976042E-9	0.000000E+0	0.000000E+0	1.999959E+1	0.000000E+0	4.000000E+0
28-Apr-25	11:30:45	-1.000000E-5	-1.846320E+0	-8.000000E-5	-3.495000E-5	-3.500000E-7	1.580000E-7	-2.120000E-7	0.000000E+0	0.000000E+0	1.964247E-4	2.976042E-9	0.000000E+0	0.000000E+0	1.999959E+1	0.000000E+0	4.000000E+0
28-Apr-25	11:30:46	-1.000000E-5	-1.838195E+0	-8.000000E-5	-3.505000E-5	-2.000000E-7	1.040000E-7	-1.400000E-7	0.000000E+0	0.000000E+0	1.964247E-4	2.976042E-9	0.000000E+0	0.000000E+0	1.999959E+1	0.000000E+0	4.000000E+0
28-Apr-25	11:30:46	-1.000000E-5	-1.829205E+0	-8.000000E-5	-3.500000E-5	-3.500000E-7	9.000000E-8	-1.440000E-7	0.000000E+0	0.000000E+0	1.964247E-4	2.976042E-9	0.000000E+0	0.000000E+0	1.999959E+1	0.000000E+0	4.000000E+0
28-Apr-25	11:30:47	-1.000000E-5	-1.819330E+0	-8.000000E-5	-3.510000E-5	-4.500000E-7	1.360000E-7	-2.120000E-7	0.000000E+0	0.000000E+0	1.964247E-4	2.976042E-9	0.000000E+0	0.000000E+0	1.999959E+1	0.000000E+0	4.000000E+0
28-Apr-25	11:30:47	-1.000000E-5	-1.810345E+0	-8.000000E-5	-3.500000E-5	-4.000000E-7	1.160000E-7	-1.980000E-7	0.000000E+0	0.000000E+0	1.964247E-4	2.976042E-9	0.000000E+0	0.000000E+0	1.999959E+1	0.000000E+0	4.000000E+0
28-Apr-25	11:30:48	-1.000000E-5	-1.801390E+0	-8.000000E-5	-3.475000E-5	-3.500000E-7	2.000000E-8	-2.800000E-8	0.000000E+0	0.000000E+0	1.964247E-4	2.976042E-9	0.000000E+0	0.000000E+0	1.999959E+1	0.000000E+0	4.000000E+0
28-Apr-25	11:30:48	-1.000000E-5	-1.793300E+0	-8.000000E-5	-3.490000E-5	-3.000000E-7	-3.800000E-8	2.220000E-7	0.000000E+0	0.000000E+0	1.964247E-4	2.976042E-9	0.000000E+0	0.000000E+0	1.999959E+1	0.000000E+0	4.000000E+0
28-Apr-25	11:30:49	-1.000000E-5	-1.785165E+0	-8.000000E-5	-3.500000E-5	-3.000000E-7	-3.200000E-8	4.020000E-7	0.000000E+0	0.000000E+0	1.964247E-4	2.976042E-9	0.000000E+0	0.000000E+0	1.999959E+1	0.000000E+0	4.000000E+0
28-Apr-25	11:30:49	-1.000000E-5	-1.776180E+0	-8.000000E-5	-3.505000E-5	-3.500000E-7	-2.000000E-8	3.620000E-7	0.000000E+0	0.000000E+0	1.964247E-4	2.976042E-9	0.000000E+0	0.000000E+0	1.999959E+1	0.000000E+0	4.000000E+0
28-Apr-25	11:30:50	-1.000000E-5	-1.768105E+0	-8.000000E-5	-3.500000E-5	-2.500000E-7	-4.600000E-8	1.600000E-7	0.000000E+0	0.000000E+0	1.964247E-4	2.976042E-9	0.000000E+0	0.000000E+0	1.999959E+1	0.000000E+0	4.000000E+0
28-Apr-25	11:30:50	-1.000000E-5	-1.759985E+0	-8.000000E-5	-3.500000E-5	-1.000000E-7	-7.600000E-8	2.600000E-8	0.000000E+0	0.000000E+0	1.964247E-4	2.976042E-9	0.000000E+0	0.000000E+0	1.999959E+1	0.000000E+0	4.000000E+0
28-Apr-25	11:30:51	-1.000000E-5	-1.751045E+0	-8.000000E-5	-3.495000E-5	-2.500000E-7	-6.200000E-8	7.000000E-8	0.000000E+0	0.000000E+0	1.964247E-4	2.976042E-9	0.000000E+0	0.000000E+0	1.999959E+1	0.000000E+0	4.000000E+0
28-Apr-25	11:30:51	-1.000000E-5	-1.742015E+0	-8.000000E-5	-3.480000E-5	-2.000000E-7	-3.000000E-8	1.280000E-7	0.000000E+0	0.000000E+0	1.964247E-4	2.976042E-9	0.000000E+0	0.000000E+0	1.999959E+1	0.000000E+0	4.000000E+0
28-Apr-25	11:30:52	-1.000000E-5	-1.733030E+0	-8.000000E-5	-3.505000E-5	-3.000000E-7	-4.600000E-8	8.200000E-8	0.000000E+0	0.000000E+0	1.964247E-4	2.976042E-9	0.000000E+0	0.000000E+0	1.999959E+1	0.000000E+0	4.000000E+0
28-Apr-25	11:30:52	-1.000000E-5	-1.723180E+0	-8.000000E-5	-3.485000E-5	-3.500000E-7	-1.400000E-7	-1.200000E-8	0.000000E+0	0.000000E+0	1.964247E-4	2.976042E-9	0.000000E+0	0.000000E+0	1.999959E+1	0.000000E+0	4.000000E+0
28-Apr-25	11:30:53	-1.000000E-5	-1.714200E+0	-8.000000E-5	-3.475000E-5	-4.500000E-7	-2.080000E-7	-3.600000E-8	0.000000E+0	0.000000E+0	1.964247E-4	2.976042E-9	0.000000E+0	0.000000E+0	1.999959E+1	0.000000E+0	4.000000E+0
28-Apr-25	11:30:53	-1.000000E-5	-1.704375E+0	-8.000000E-5	-3.475000E-5	-3.000000E-7	-2.020000E-7	3.400000E-8	0.000000E+0	0.000000E+0	1.964247E-4	2.976042E-9	0.000000E+0	0.000000E+0	1.999959E+1	0.000000E+0	4.000000E+0
28-Apr-25	11:30:54	-1.000000E-5	-1.690495E+0	-8.000000E-5	-3.495000E-5	-3.000000E-7	-1.460000E-7	1.580000E-7	0.000000E+0	0.000000E+0	1.964247E-4	2.976042E-9	0.000000E+0	0.000000E+0	1.999959E+1	0.000000E+0	4.000000E+0
28-Apr-25	11:30:54	-1.000000E-5	-1.682585E+0	-8.000000E-5	-3.490000E-5	-5.000000E-7	-7.200000E-8	1.400000E-7	0.000000E+0	0.000000E+0	1.964247E-4	2.976042E-9	0.000000E+0	0.000000E+0	1.999959E+1	0.000000E+0	4.000000E+0
28-Apr-25	11:30:55	-1.000000E-5	-1.673600E+0	-8.000000E-5	-3.495000E-5	-4.000000E-7	3.400000E-8	4.000000E-8	0.000000E+0	0.000000E+0	1.964247E-4	2.976042E-9	0.000000E+0	0.000000E+0	1.999959E+1	0.000000E+0	4.000000E+0
28-Apr-25	11:30:56	-1.000000E-5	-1.660900E+0	-8.000000E-5	-3.485000E-5	-1.500000E-7	1.320000E-7	-9.600000E-8	0.000000E+0	0.000000E+0	1.964247E-4	2.976042E-9	0.000000E+0	0.000000E+0	1.999959E+1	0.000000E+0	4.000000E+0
28-Apr-25	11:30:56	-1.000000E-5	-1.650075E+0	-8.000000E-5	-3.480000E-5	-1.000000E-7	1.180000E-7	-1.440000E-7	0.000000E+0	0.000000E+0	1.964247E-4	2.976042E-9	0.000000E+0	0.000000E+0	1.999959E+1	0.000000E+0	4.000000E+0
28-Apr-25	11:30:57	-1.000000E-5	-1.641080E+0	-8.000000E-5	-3.490000E-5	-4.000000E-7	1.360000E-7	-1.480000E-7	0.000000E+0	0.000000E+0	1.964247E-4	2.976042E-9	0.000000E+0	0.000000E+0	1.999959E+1	0.000000E+0	4.000000E+0
28-Apr-25	11:30:57	-1.000000E-5	-1.632100E+0	-8.000000E-5	-3.460000E-5	-5.500000E-7	2.000000E-7	1.000000E-8	0.000000E+0	0.000000E+0	1.964247E-4	2.976042E-9	0.000000E+0	0.000000E+0	1.999959E+1	0.000000E+0	4.000000E+0
28-Apr-25	11:30:58	-1.000000E-5	-1.620435E+0	-8.000000E-5	-3.460000E-5	-2.000000E-7	1.620000E-7	3.960000E-7	0.000000E+0	0.000000E+0	1.964247E-4	2.976042E-9	0.000000E+0	0.000000E+0	1.999959E+1	0.000000E+0	4.000000E+0
28-Apr-25	11:30:58	-1.000000E-5	-1.612365E+0	-8.000000E-5	-3.485000E-5	-2.500000E-7	2.000000E-9	5.440000E-7	0.000000E+0	0.000000E+0	1.964247E-4	2.976042E-9	0.000000E+0	0.000000E+0	1.999959E+1	0.000000E+0	4.000000E+0
28-Apr-25	11:30:59	-1.000000E-5	-1.603380E+0	-8.000000E-5	-3.465000E-5	-4.500000E-7	-1.160000E-7	4.780000E-7	0.000000E+0	0.000000E+0	1.964247E-4	2.976042E-9	0.000000E+0	0.000000E+0	1.999959E+1	0.000000E+0	4.000000E+0
28-Apr-25	11:30:59	-1.000000E-5	-1.595255E+0	-8.000000E-5	-3.465000E-5	-4.500000E-7	-1.340000E-7	3.440000E-7	0.000000E+0	0.000000E+0	1.964247E-4	2.976042E-9	0.000000E+0	0.000000E+0	1.999959E+1	0.000000E+0	4.000000E+0
28-Apr-25	11:31:00	-1.000000E-5	-1.586295E+0	-8.000000E-5	-3.475000E-5	-3.500000E-7	-1.340000E-7	2.720000E-7	0.000000E+0	0.000000E+0	1.964247E-4	2.976042E-9	0.000000E+0	0.000000E+0	1.999959E+1	0.000000E+0	4.000000E+0
28-Apr-25	11:31:01	-1.000000E-5	-1.573420E+0	-8.000000E-5	-3.485000E-5	-1.500000E-7	-1.400000E-7	2.380000E-7	0.000000E+0	0.000000E+0	1.964247E-4	2.976042E-9	0.000000E+0	0.000000E+0	1.999959E+1	0.000000E+0	4.000000E+0
28-Apr-25	11:31:01	-1.000000E-5	-1.563565E+0	-8.000000E-5	-3.475000E-5	-2.500000E-7	-1.480000E-7	1.160000E-7	0.000000E+0	0.000000E+0	1.964247E-4	2.976042E-9	0.000000E+0	0.000000E+0	1.999959E+1	0.000000E+0	4.000000E+0
28-Apr-25	11:31:02	-1.000000E-5	-1.554550E+0	-8.000000E-5	-3.470000E-5	-4.000000E-7	-2.000000E-7	-7.600000E-8	0.000000E+0	0.000000E+0	1.964247E-4	2.976042E-9	0.000000E+0	0.000000E+0	1.999959E+1	0.000000E+0	4.000000E+0
28-Apr-25	11:31:02	-1.000000E-5	-1.545540E+0	-8.000000E-5	-3.465000E-5	-2.500000E-7	-1.900000E-7	-2.800000E-7	0.000000E+0	0.000000E+0	1.964247E-4	2.976042E-9	0.000000E+0	0.000000E+0	1.999959E+1	0.000000E+0	4.000000E+0
28-Apr-25	11:31:02	-1.000000E-5	-1.537480E+0	-8.000000E-5	-3.470000E-5	-2.000000E-7	-8.200000E-8	-4.120000E-7	0.000000E+0	0.000000E+0	1.964247E-4	2.976042E-9	0.000000E+0	0.000000E+0	1.999959E+1	0.000000E+0	4.000000E+0
28-Apr-25	11:31:03	-1.000000E-5	-1.528520E+0	-8.000000E-5	-3.475000E-5	-4.000000E-7	8.000000E-9	-4.420000E-7	0.000000E+0	0.000000E+0	1.964247E-4	2.976042E-9	0.000000E+0	0.000000E+0	1.999959E+1	0.000000E+0	4.000000E+0
28-Apr-25	11:31:03	-1.000000E-5	-1.519550E+0	-8.000000E-5	-3.465000E-5	-4.000000E-7	-2.000000E-9	-3.400000E-7	0.000000E+0	0.000000E+0	1.964247E-4	2.976042E-9	0.000000E+0	0.000000E+0	1.999959E+1	0.000000E+0	4.000000E+0
28-Apr-25	11:31:04	-1.000000E-5	-1.511580E+0	-8.000000E-5	-3.475000E-5	-3.000000E-7	-3.600000E-8	-2.500000E-7	0.000000E+0	0.000000E+0	1.964247E-4	2.976042E-9	0.000000E+0	0.000000E+0	1.999959E+1	0.000000E+0	4.000000E+0
28-Apr-25	11:31:04	-1.000000E-5	-1.502605E+0	-8.000000E-5	-3.465000E-5	-2.500000E-7	-4.800000E-8	-2.440000E-7	0.000000E+0	0.000000E+0	1.964247E-4	2.976042E-9	0.000000E+0	0.000000E+0	1.999959E+1	0.000000E+0	4.000000E+0
28-Apr-25	11:31:05	-1.000000E-5	-1.493620E+0	-8.000000E-5	-3.465000E-5	-3.000000E-7	-3.600000E-8	-2.060000E-7	0.000000E+0	0.000000E+0	1.964247E-4	2.976042E-9	0.000000E+0	0.000000E+0	1.999959E+1	0.000000E+0	4.000000E+0
28-Apr-25	11:31:05	-1.000000E-5	-1.485525E+0	-8.000000E-5	-3.470000E-5	-3.500000E-7	3.200000E-8	-8.000000E-8	0.000000E+0	0.000000E+0	1.964247E-4	2.976042E-9	0.000000E+0	0.000000E+0	1.999959E+1	0.000000E+0	4.000000E+0
28-Apr-25	11:31:06	-1.000000E-5	-1.476520E+0	-8.000000E-5	-3.465000E-5	-2.500000E-7	1.240000E-7	6.600000E-8	0.000000E+0	0.000000E+0	1.964247E-4	2.976042E-9	0.000000E+0	0.000000E+0	1.999959E+1	0.000000E+0	4.000000E+0
28-Apr-25	11:31:06	-1.000000E-5	-1.468465E+0	-8.000000E-5	-3.475000E-5	-3.500000E-7	1.360000E-7	1.040000E-7	0.000000E+0	0.000000E+0	1.964247E-4	2.976042E-9	0.000000E+0	0.000000E+0	1.999959E+1	0.000000E+0	4.000000E+0
28-Apr-25	11:31:07	-1.000000E-5	-1.459425E+0	-8.000000E-5	-3.475000E-5	-1.500000E-7	6.600000E-8	2.000000E-8	0.000000E+0	0.000000E+0	1.964247E-4	2.976042E-9	0.000000E+0	0.000000E+0	1.999959E+1	0.000000E+0	4.000000E+0
28-Apr-25	11:31:07	-1.000000E-5	-1.451345E+0	-8.000000E-5	-3.465000E-5	-2.500000E-7	2.200000E-8	-1.060000E-7	0.000000E+0	0.000000E+0	1.964247E-4	2.976042E-9	0.000000E+0	0.000000E+0	1.999959E+1	0.000000E+0	4.000000E+0
28-Apr-25	11:31:08	-1.000000E-5	-1.443250E+0	-8.000000E-5	-3.455000E-5	-3.500000E-7	6.000000E-8	-2.060000E-7	0.000000E+0	0.000000E+0	1.964247E-4	2.976042E-9	0.000000E+0	0.000000E+0	1.999959E+1	0.000000E+0	4.000000E+0
28-Apr-25	11:31:08	-1.000000E-5	-1.434270E+0	-8.000000E-5	-3.450000E-5	-5.000000E-7	1.360000E-7	-2.200000E-7	0.000000E+0	0.000000E+0	1.964247E-4	2.976042E-9	0.000000E+0	0.000000E+0	1.999959E+1	0.000000E+0	4.000000E+0
28-Apr-25	11:31:09	-1.000000E-5	-1.425305E+0	-8.000000E-5	-3.455000E-5	-3.500000E-7	1.500000E-7	-1.500000E-7	0.000000E+0	0.000000E+0	1.964247E-4	2.976042E-9	0.000000E+0	0.000000E+0	1.999959E+1	0.000000E+0	4.000000E+0
28-Apr-25	11:31:09	-1.000000E-5	-1.416340E+0	-8.000000E-5	-3.460000E-5	-5.500000E-7	1.100000E-7	-5.400000E-8	0.000000E+0	0.000000E+0	1.964247E-4	2.976042E-9	0.000000E+0	0.000000E+0	1.999959E+1	0.000000E+0	4.000000E+0
28-Apr-25	11:31:10	-1.000000E-5	-1.407300E+0	-8.000000E-5	-3.460000E-5	-3.000000E-7	8.600000E-8	-1.400000E-8	0.000000E+0	0.000000E+0	1.964247E-4	2.976042E-9	0.000000E+0	0.000000E+0	1.999959E+1	0.000000E+0	4.000000E+0
28-Apr-25	11:31:10	-1.000000E-5	-1.399215E+0	-8.000000E-5	-3.455000E-5	-3.000000E-7	1.120000E-7	-8.000000E-9	0.000000E+0	0.000000E+0	1.964247E-4	2.976042E-9	0.000000E+0	0.000000E+0	1.999959E+1	0.000000E+0	4.000000E+0
28-Apr-25	11:31:11	-1.000000E-5	-1.390235E+0	-8.000000E-5	-3.445000E-5	-3.000000E-7	1.660000E-7	5.200000E-8	0.000000E+0	0.000000E+0	1.964247E-4	2.976042E-9	0.000000E+0	0.000000E+0	1.999959E+1	0.000000E+0	4.000000E+0
28-Apr-25	11:31:11	-1.000000E-5	-1.380335E+0	-8.000000E-5	-3.450000E-5	-2.500000E-7	1.740000E-7	1.360000E-7	0.000000E+0	0.000000E+0	1.964247E-4	2.976042E-9	0.000000E+0	0.000000E+0	1.999959E+1	0.000000E+0	4.000000E+0
28-Apr-25	11:31:12	-1.000000E-5	-1.371360E+0	-8.000000E-5	-3.460000E-5	-3.000000E-7	1.180000E-7	9.800000E-8	0.000000E+0	0.000000E+0	1.964247E-4	2.976042E-9	0.000000E+0	0.000000E+0	1.999959E+1	0.000000E+0	4.000000E+0
28-Apr-25	11:31:12	-1.000000E-5	-1.362340E+0	-8.000000E-5	-3.455000E-5	-3.500000E-7	7.000000E-8	2.600000E-8	0.000000E+0	0.000000E+0	1.964247E-4	2.976042E-9	0.000000E+0	0.000000E+0	1.999959E+1	0.000000E+0	4.000000E+0
28-Apr-25	11:31:13	-1.000000E-5	-1.353345E+0	-8.000000E-5	-3.450000E-5	-2.500000E-7	5.600000E-8	4.000000E-9	0.000000E+0	0.000000E+0	1.964247E-4	2.976042E-9	0.000000E+0	0.000000E+0	1.999959E+1	0.000000E+0	4.000000E+0
28-Apr-25	11:31:13	-1.000000E-5	-1.344400E+0	-8.000000E-5	-3.445000E-5	-3.000000E-7	4.200000E-8	-2.600000E-8	0.000000E+0	0.000000E+0	1.964247E-4	2.976042E-9	0.000000E+0	0.000000E+0	1.999959E+1	0.000000E+0	4.000000E+0
28-Apr-25	11:31:14	-1.000000E-5	-1.331820E+0	-8.000000E-5	-3.450000E-5	-3.500000E-7	8.200000E-8	-1.300000E-7	0.000000E+0	0.000000E+0	1.964247E-4	2.976042E-9	0.000000E+0	0.000000E+0	1.999959E+1	0.000000E+0	4.000000E+0
28-Apr-25	11:31:15	-1.000000E-5	-1.318945E+0	-8.000000E-5	-3.435000E-5	-1.500000E-7	1.360000E-7	-1.220000E-7	0.000000E+0	0.000000E+0	1.964247E-4	2.976042E-9	0.000000E+0	0.000000E+0	1.999959E+1	0.000000E+0	4.000000E+0
28-Apr-25	11:31:15	-1.000000E-5	-1.309950E+0	-8.000000E-5	-3.425000E-5	-1.000000E-7	9.000000E-8	-1.220000E-7	0.000000E+0	0.000000E+0	1.964247E-4	2.976042E-9	0.000000E+0	0.000000E+0	1.999959E+1	0.000000E+0	4.000000E+0
28-Apr-25	11:31:16	-1.000000E-5	-1.300945E+0	-8.000000E-5	-3.435000E-5	-1.500000E-7	-4.000000E-9	-1.100000E-7	0.000000E+0	0.000000E+0	1.964247E-4	2.976042E-9	0.000000E+0	0.000000E+0	1.999959E+1	0.000000E+0	4.000000E+0
28-Apr-25	11:31:16	-1.000000E-5	-1.288335E+0	-8.000000E-5	-3.405000E-5	-2.000000E-7	-1.440000E-7	4.400000E-8	0.000000E+0	0.000000E+0	1.964247E-4	2.976042E-9	0.000000E+0	0.000000E+0	1.999959E+1	0.000000E+0	4.000000E+0
28-Apr-25	11:31:17	-1.000000E-5	-1.279400E+0	-8.000000E-5	-3.435000E-5	-2.500000E-7	-1.680000E-7	1.300000E-7	0.000000E+0	0.000000E+0	1.964247E-4	2.976042E-9	0.000000E+0	0.000000E+0	1.999959E+1	0.000000E+0	4.000000E+0
28-Apr-25	11:31:17	-1.000000E-5	-1.271265E+0	-8.000000E-5	-3.425000E-5	-3.500000E-7	-8.600000E-8	1.300000E-7	0.000000E+0	0.000000E+0	1.964247E-4	2.976042E-9	0.000000E+0	0.000000E+0	1.999959E+1	0.000000E+0	4.000000E+0
28-Apr-25	11:31:18	-1.000000E-5	-1.262270E+0	-8.000000E-5	-3.445000E-5	-2.000000E-7	6.400000E-8	4.400000E-8	0.000000E+0	0.000000E+0	1.964247E-4	2.976042E-9	0.000000E+0	0.000000E+0	1.999959E+1	0.000000E+0	4.000000E+0
28-Apr-25	11:31:18	-1.000000E-5	-1.252390E+0	-8.000000E-5	-3.460000E-5	-2.000000E-7	1.060000E-7	-7.200000E-8	0.000000E+0	0.000000E+0	1.964247E-4	2.976042E-9	0.000000E+0	0.000000E+0	1.999959E+1	0.000000E+0	4.000000E+0
28-Apr-25	11:31:19	-1.000000E-5	-1.241325E+0	-8.000000E-5	-3.440000E-5	-2.000000E-7	1.200000E-8	-1.480000E-7	0.000000E+0	0.000000E+0	1.964247E-4	2.976042E-9	0.000000E+0	0.000000E+0	1.999959E+1	0.000000E+0	4.000000E+0
28-Apr-25	11:31:20	-1.000000E-5	-1.230570E+0	-8.000000E-5	-3.415000E-5	-4.000000E-7	-8.400000E-8	-6.600000E-8	0.000000E+0	0.000000E+0	1.964247E-4	2.976042E-9	0.000000E+0	0.000000E+0	1.999959E+1	0.000000E+0	4.000000E+0
28-Apr-25	11:31:20	-1.000000E-5	-1.219435E+0	-8.000000E-5	-3.440000E-5	-2.000000E-7	-9.800000E-8	1.800000E-8	0.000000E+0	0.000000E+0	1.964247E-4	2.976042E-9	0.000000E+0	0.000000E+0	1.999959E+1	0.000000E+0	4.000000E+0
28-Apr-25	11:31:21	-1.000000E-5	-1.208680E+0	-8.000000E-5	-3.445000E-5	-5.000000E-7	-1.000000E-7	-4.000000E-9	0.000000E+0	0.000000E+0	1.964247E-4	2.976042E-9	0.000000E+0	0.000000E+0	1.999959E+1	0.000000E+0	4.000000E+0
28-Apr-25	11:31:21	-1.000000E-5	-1.199645E+0	-8.000000E-5	-3.435000E-5	-3.500000E-7	-1.060000E-7	-5.000000E-8	0.000000E+0	0.000000E+0	1.964247E-4	2.976042E-9	0.000000E+0	0.000000E+0	1.999959E+1	0.000000E+0	4.000000E+0
28-Apr-25	11:31:22	-1.000000E-5	-1.191590E+0	-8.000000E-5	-3.435000E-5	-2.000000E-7	-8.200000E-8	-6.400000E-8	0.000000E+0	0.000000E+0	1.964247E-4	2.976042E-9	0.000000E+0	0.000000E+0	1.999959E+1	0.000000E+0	4.000000E+0
28-Apr-25	11:31:22	-1.000000E-5	-1.183495E+0	-8.000000E-5	-3.445000E-5	-3.500000E-7	-3.200000E-8	-1.600000E-8	0.000000E+0	0.000000E+0	1.964247E-4	2.976042E-9	0.000000E+0	0.000000E+0	1.999959E+1	0.000000E+0	4.000000E+0
28-Apr-25	11:31:23	-1.000000E-5	-1.174510E+0	-8.000000E-5	-3.430000E-5	-1.500000E-7	2.200000E-8	5.200000E-8	0.000000E+0	0.000000E+0	1.964247E-4	2.976042E-9	0.000000E+0	0.000000E+0	1.999959E+1	0.000000E+0	4.000000E+0
28-Apr-25	11:31:23	-1.000000E-5	-1.165490E+0	-8.000000E-5	-3.435000E-5	-1.000000E-7	5.600000E-8	4.000000E-8	0.000000E+0	0.000000E+0	1.964247E-4	2.976042E-9	0.000000E+0	0.000000E+0	1.999959E+1	0.000000E+0	4.000000E+0
28-Apr-25	11:31:24	-1.000000E-5	-1.156550E+0	-8.000000E-5	-3.435000E-5	-2.500000E-7	4.000000E-8	-4.000000E-8	0.000000E+0	0.000000E+0	1.964247E-4	2.976042E-9	0.000000E+0	0.000000E+0	1.999959E+1	0.000000E+0	4.000000E+0
28-Apr-25	11:31:24	-1.000000E-5	-1.148465E+0	-8.000000E-5	-3.435000E-5	-3.500000E-7	0.000000E+0	-8.400000E-8	0.000000E+0	0.000000E+0	1.964247E-4	2.976042E-9	0.000000E+0	0.000000E+0	1.999959E+1	0.000000E+0	4.000000E+0
28-Apr-25	11:31:25	-1.000000E-5	-1.140390E+0	-8.000000E-5	-3.430000E-5	-3.500000E-7	-1.400000E-8	-7.400000E-8	0.000000E+0	0.000000E+0	1.964247E-4	2.976042E-9	0.000000E+0	0.000000E+0	1.999959E+1	0.000000E+0	4.000000E+0
28-Apr-25	11:31:25	-1.000000E-5	-1.131410E+0	-8.000000E-5	-3.440000E-5	-3.000000E-7	2.600000E-8	-3.800000E-8	0.000000E+0	0.000000E+0	1.964247E-4	2.976042E-9	0.000000E+0	0.000000E+0	1.999959E+1	0.000000E+0	4.000000E+0
28-Apr-25	11:31:26	-1.000000E-5	-1.122360E+0	-8.000000E-5	-3.430000E-5	-4.000000E-7	1.080000E-7	-8.000000E-9	0.000000E+0	0.000000E+0	1.964247E-4	2.976042E-9	0.000000E+0	0.000000E+0	1.999959E+1	0.000000E+0	4.000000E+0
28-Apr-25	11:31:26	-1.000000E-5	-1.113380E+0	-8.000000E-5	-3.410000E-5	-4.000000E-7	1.660000E-7	-3.800000E-8	0.000000E+0	0.000000E+0	1.964247E-4	2.976042E-9	0.000000E+0	0.000000E+0	1.999959E+1	0.000000E+0	4.000000E+0
28-Apr-25	11:31:27	-1.000000E-5	-1.105295E+0	-8.000000E-5	-3.420000E-5	-1.500000E-7	1.100000E-7	-1.180000E-7	0.000000E+0	0.000000E+0	1.964247E-4	2.976042E-9	0.000000E+0	0.000000E+0	1.999959E+1	0.000000E+0	4.000000E+0
28-Apr-25	11:31:27	-1.000000E-5	-1.096330E+0	-8.000000E-5	-3.440000E-5	-3.500000E-7	-2.600000E-8	-1.740000E-7	0.000000E+0	0.000000E+0	1.964247E-4	2.976042E-9	0.000000E+0	0.000000E+0	1.999959E+1	0.000000E+0	4.000000E+0
28-Apr-25	11:31:28	-1.000000E-5	-1.087335E+0	-8.000000E-5	-3.435000E-5	-3.500000E-7	-8.000000E-8	-1.720000E-7	0.000000E+0	0.000000E+0	1.964247E-4	2.976042E-9	0.000000E+0	0.000000E+0	1.999959E+1	0.000000E+0	4.000000E+0
28-Apr-25	11:31:28	-1.000000E-5	-1.079225E+0	-8.000000E-5	-3.430000E-5	-3.500000E-7	-1.400000E-8	-1.820000E-7	0.000000E+0	0.000000E+0	1.964247E-4	2.976042E-9	0.000000E+0	0.000000E+0	1.999959E+1	0.000000E+0	4.000000E+0
28-Apr-25	11:31:28	-1.000000E-5	-1.070195E+0	-8.000000E-5	-3.405000E-5	-3.000000E-7	-2.000000E-9	-1.980000E-7	0.000000E+0	0.000000E+0	1.964247E-4	2.976042E-9	0.000000E+0	0.000000E+0	1.999959E+1	0.000000E+0	4.000000E+0
28-Apr-25	11:31:29	-1.000000E-5	-1.062145E+0	-8.000000E-5	-3.415000E-5	-5.000000E-7	-9.200000E-8	-1.420000E-7	0.000000E+0	0.000000E+0	1.964247E-4	2.976042E-9	0.000000E+0	0.000000E+0	1.999959E+1	0.000000E+0	4.000000E+0
28-Apr-25	11:31:29	-1.000000E-5	-1.054050E+0	-8.000000E-5	-3.425000E-5	-5.500000E-7	-1.880000E-7	-3.200000E-8	0.000000E+0	0.000000E+0	1.964247E-4	2.976042E-9	0.000000E+0	0.000000E+0	1.999959E+1	0.000000E+0	4.000000E+0
28-Apr-25	11:31:30	-1.000000E-5	-1.045120E+0	-8.000000E-5	-3.415000E-5	-7.000000E-7	-2.240000E-7	-1.400000E-8	0.000000E+0	0.000000E+0	1.964247E-4	2.976042E-9	0.000000E+0	0.000000E+0	1.999959E+1	0.000000E+0	4.000000E+0
28-Apr-25	11:31:30	-1.000000E-5	-1.036075E+0	-8.000000E-5	-3.425000E-5	-2.500000E-7	-2.280000E-7	-1.360000E-7	0.000000E+0	0.000000E+0	1.964247E-4	2.976042E-9	0.000000E+0	0.000000E+0	1.999959E+1	0.000000E+0	4.000000E+0
28-Apr-25	11:31:31	-1.000000E-5	-1.027080E+0	-8.000000E-5	-3.425000E-5	-1.500000E-7	-2.180000E-7	-2.620000E-7	0.000000E+0	0.000000E+0	1.964247E-4	2.976042E-9	0.000000E+0	0.000000E+0	1.999959E+1	0.000000E+0	4.000000E+0
28-Apr-25	11:31:32	-1.000000E-5	-1.014520E+0	-8.000000E-5	-3.405000E-5	-3.000000E-7	-1.060000E-7	-2.440000E-7	0.000000E+0	0.000000E+0	1.964247E-4	2.976042E-9	0.000000E+0	0.000000E+0	1.999959E+1	0.000000E+0	4.000000E+0
28-Apr-25	11:31:32	-1.000000E-5	-1.005495E+0	-8.000000E-5	-3.420000E-5	-4.000000E-7	-1.200000E-8	-1.660000E-7	0.000000E+0	0.000000E+0	1.964247E-4	2.976042E-9	0.000000E+0	0.000000E+0	1.999959E+1	0.000000E+0	4.000000E+0
28-Apr-25	11:31:33	-1.000000E-5	-9.944700E-1	-8.000000E-5	-3.420000E-5	-3.500000E-7	8.200000E-8	-8.200000E-8	0.000000E+0	0.000000E+0	1.964247E-4	2.976042E-9	0.000000E+0	0.000000E+0	1.999959E+1	0.000000E+0	4.000000E+0
28-Apr-25	11:31:33	-1.000000E-5	-9.863400E-1	-8.000000E-5	-3.435000E-5	-3.500000E-7	1.840000E-7	-1.400000E-8	0.000000E+0	0.000000E+0	1.964247E-4	2.976042E-9	0.000000E+0	0.000000E+0	1.999959E+1	0.000000E+0	4.000000E+0
28-Apr-25	11:31:34	-1.000000E-5	-9.773550E-1	-8.000000E-5	-3.420000E-5	-2.000000E-7	2.140000E-7	9.200000E-8	0.000000E+0	0.000000E+0	1.964247E-4	2.976042E-9	0.000000E+0	0.000000E+0	1.999959E+1	0.000000E+0	4.000000E+0
28-Apr-25	11:31:34	-1.000000E-5	-9.674600E-1	-8.000000E-5	-3.415000E-5	-4.000000E-7	5.800000E-8	1.780000E-7	0.000000E+0	0.000000E+0	1.964247E-4	2.976042E-9	0.000000E+0	0.000000E+0	1.999959E+1	0.000000E+0	4.000000E+0
28-Apr-25	11:31:35	-1.000000E-5	-9.564200E-1	-8.000000E-5	-3.425000E-5	-1.500000E-7	-6.000000E-8	1.420000E-7	0.000000E+0	0.000000E+0	1.964247E-4	2.976042E-9	0.000000E+0	0.000000E+0	1.999959E+1	0.000000E+0	4.000000E+0
28-Apr-25	11:31:35	-1.000000E-5	-9.474650E-1	-8.000000E-5	-3.410000E-5	-2.500000E-7	-1.000000E-7	6.400000E-8	0.000000E+0	0.000000E+0	1.964247E-4	2.976042E-9	0.000000E+0	0.000000E+0	1.999959E+1	0.000000E+0	4.000000E+0
28-Apr-25	11:31:36	-1.000000E-5	-9.384400E-1	-8.000000E-5	-3.395000E-5	-2.500000E-7	-1.040000E-7	2.800000E-8	0.000000E+0	0.000000E+0	1.964247E-4	2.976042E-9	0.000000E+0	0.000000E+0	1.999959E+1	0.000000E+0	4.000000E+0
28-Apr-25	11:31:36	-1.000000E-5	-9.303450E-1	-8.000000E-5	-3.420000E-5	-3.000000E-7	-7.200000E-8	5.600000E-8	0.000000E+0	0.000000E+0	1.964247E-4	2.976042E-9	0.000000E+0	0.000000E+0	1.999959E+1	0.000000E+0	4.000000E+0
28-Apr-25	11:31:37	-1.000000E-5	-9.222400E-1	-8.000000E-5	-3.415000E-5	-3.500000E-7	-6.600000E-8	9.200000E-8	0.000000E+0	0.000000E+0	1.964247E-4	2.976042E-9	0.000000E+0	0.000000E+0	1.999959E+1	0.000000E+0	4.000000E+0
28-Apr-25	11:31:37	-1.000000E-5	-9.105550E-1	-8.000000E-5	-3.400000E-5	-5.000000E-7	-1.560000E-7	1.300000E-7	0.000000E+0	0.000000E+0	1.964247E-4	2.976042E-9	0.000000E+0	0.000000E+0	1.999959E+1	0.000000E+0	4.000000E+0
28-Apr-25	11:31:38	-1.000000E-5	-9.007000E-1	-8.000000E-5	-3.390000E-5	-6.500000E-7	-1.680000E-7	1.800000E-7	0.000000E+0	0.000000E+0	1.964247E-4	2.976042E-9	0.000000E+0	0.000000E+0	1.999959E+1	0.000000E+0	4.000000E+0
28-Apr-25	11:31:38	-1.000000E-5	-8.916800E-1	-8.000000E-5	-3.420000E-5	-4.500000E-7	-9.200000E-8	1.840000E-7	0.000000E+0	0.000000E+0	1.964247E-4	2.976042E-9	0.000000E+0	0.000000E+0	1.999959E+1	0.000000E+0	4.000000E+0
28-Apr-25	11:31:39	-1.000000E-5	-8.826800E-1	-8.000000E-5	-3.390000E-5	-1.500000E-7	1.000000E-8	1.420000E-7	0.000000E+0	0.000000E+0	1.964247E-4	2.976042E-9	0.000000E+0	0.000000E+0	1.999959E+1	0.000000E+0	4.000000E+0
28-Apr-25	11:31:39	-1.000000E-5	-8.743050E-1	-8.000000E-5	-3.395000E-5	-5.500000E-7	6.200000E-8	1.500000E-7	0.000000E+0	0.000000E+0	1.964247E-4	2.976042E-9	0.000000E+0	0.000000E+0	1.999959E+1	0.000000E+0	4.000000E+0
28-Apr-25	11:31:40	-1.000000E-5	-8.663950E-1	-8.000000E-5	-3.410000E-5	-3.500000E-7	7.400000E-8	2.220000E-7	0.000000E+0	0.000000E+0	1.964247E-4	2.976042E-9	0.000000E+0	0.000000E+0	1.999959E+1	0.000000E+0	4.000000E+0
28-Apr-25	11:31:40	-1.000000E-5	-8.572600E-1	-8.000000E-5	-3.400000E-5	-2.500000E-7	7.400000E-8	2.480000E-7	0.000000E+0	0.000000E+0	1.964247E-4	2.976042E-9	0.000000E+0	0.000000E+0	1.999959E+1	0.000000E+0	4.000000E+0
28-Apr-25	11:31:41	-1.000000E-5	-8.486100E-1	-8.000000E-5	-3.410000E-5	-2.500000E-7	7.200000E-8	1.820000E-7	0.000000E+0	0.000000E+0	1.964247E-4	2.976042E-9	0.000000E+0	0.000000E+0	1.999959E+1	0.000000E+0	4.000000E+0
28-Apr-25	11:31:41	-1.000000E-5	-8.395550E-1	-8.000000E-5	-3.410000E-5	-3.000000E-7	6.600000E-8	1.500000E-7	0.000000E+0	0.000000E+0	1.964247E-4	2.976042E-9	0.000000E+0	0.000000E+0	1.999959E+1	0.000000E+0	4.000000E+0
28-Apr-25	11:31:42	-1.000000E-5	-8.315000E-1	-8.000000E-5	-3.395000E-5	-3.500000E-7	1.600000E-8	1.740000E-7	0.000000E+0	0.000000E+0	1.964247E-4	2.976042E-9	0.000000E+0	0.000000E+0	1.999959E+1	0.000000E+0	4.000000E+0
28-Apr-25	11:31:42	-1.000000E-5	-8.234000E-1	-8.000000E-5	-3.390000E-5	-1.000000E-7	-1.160000E-7	1.420000E-7	0.000000E+0	0.000000E+0	1.964247E-4	2.976042E-9	0.000000E+0	0.000000E+0	1.999959E+1	0.000000E+0	4.000000E+0
28-Apr-25	11:31:43	-1.000000E-5	-8.144400E-1	-8.000000E-5	-3.410000E-5	-1.500000E-7	-2.400000E-7	5.600000E-8	0.000000E+0	0.000000E+0	1.964247E-4	2.976042E-9	0.000000E+0	0.000000E+0	1.999959E+1	0.000000E+0	4.000000E+0
28-Apr-25	11:31:43	-1.000000E-5	-8.054400E-1	-8.000000E-5	-3.400000E-5	-3.000000E-7	-2.080000E-7	1.800000E-8	0.000000E+0	0.000000E+0	1.964247E-4	2.976042E-9	0.000000E+0	0.000000E+0	1.999959E+1	0.000000E+0	4.000000E+0
28-Apr-25	11:31:44	-1.000000E-5	-7.961650E-1	-8.000000E-5	-3.400000E-5	-6.500000E-7	-8.800000E-8	8.000000E-9	0.000000E+0	0.000000E+0	1.964247E-4	2.976042E-9	0.000000E+0	0.000000E+0	1.999959E+1	0.000000E+0	4.000000E+0
28-Apr-25	11:31:44	-1.000000E-5	-7.880450E-1	-8.000000E-5	-3.405000E-5	-5.000000E-7	-3.800000E-8	-4.400000E-8	0.000000E+0	0.000000E+0	1.964247E-4	2.976042E-9	0.000000E+0	0.000000E+0	1.999959E+1	0.000000E+0	4.000000E+0
28-Apr-25	11:31:45	-1.000000E-5	-7.801450E-1	-8.000000E-5	-3.405000E-5	-5.000000E-7	-4.200000E-8	-1.000000E-7	0.000000E+0	0.000000E+0	1.964247E-4	2.976042E-9	0.000000E+0	0.000000E+0	1.999959E+1	0.000000E+0	4.000000E+0
28-Apr-25	11:31:46	-1.000000E-5	-7.683100E-1	-8.000000E-5	-3.390000E-5	-2.500000E-7	6.000000E-9	-6.000000E-9	0.000000E+0	0.000000E+0	1.964247E-4	2.976042E-9	0.000000E+0	0.000000E+0	1.999959E+1	0.000000E+0	4.000000E+0
28-Apr-25	11:31:46	-1.000000E-5	-7.557700E-1	-8.000000E-5	-3.410000E-5	-1.000000E-7	8.200000E-8	1.580000E-7	0.000000E+0	0.000000E+0	1.964247E-4	2.976042E-9	0.000000E+0	0.000000E+0	1.999959E+1	0.000000E+0	4.000000E+0
28-Apr-25	11:31:47	-1.000000E-5	-7.476750E-1	-8.000000E-5	-3.380000E-5	-3.500000E-7	6.400000E-8	1.420000E-7	0.000000E+0	0.000000E+0	1.964247E-4	2.976042E-9	0.000000E+0	0.000000E+0	1.999959E+1	0.000000E+0	4.000000E+0
28-Apr-25	11:31:47	-1.000000E-5	-7.386200E-1	-8.000000E-5	-3.410000E-5	-3.500000E-7	6.000000E-9	5.200000E-8	0.000000E+0	0.000000E+0	1.964247E-4	2.976042E-9	0.000000E+0	0.000000E+0	1.999959E+1	0.000000E+0	4.000000E+0
28-Apr-25	11:31:47	-1.000000E-5	-7.305600E-1	-8.000000E-5	-3.390000E-5	-1.500000E-7	-4.800000E-8	-1.400000E-8	0.000000E+0	0.000000E+0	1.964247E-4	2.976042E-9	0.000000E+0	0.000000E+0	1.999959E+1	0.000000E+0	4.000000E+0
28-Apr-25	11:31:48	-1.000000E-5	-7.215550E-1	-8.000000E-5	-3.390000E-5	-1.000000E-7	-6.800000E-8	-1.200000E-8	0.000000E+0	0.000000E+0	1.964247E-4	2.976042E-9	0.000000E+0	0.000000E+0	1.999959E+1	0.000000E+0	4.000000E+0
28-Apr-25	11:31:49	-1.000000E-5	-7.087050E-1	-8.000000E-5	-3.400000E-5	-3.000000E-7	6.200000E-8	2.200000E-8	0.000000E+0	0.000000E+0	1.964247E-4	2.976042E-9	0.000000E+0	0.000000E+0	1.999959E+1	0.000000E+0	4.000000E+0
28-Apr-25	11:31:49	-1.000000E-5	-6.987900E-1	-8.000000E-5	-3.395000E-5	-3.500000E-7	1.700000E-7	6.000000E-9	0.000000E+0	0.000000E+0	1.964247E-4	2.976042E-9	0.000000E+0	0.000000E+0	1.999959E+1	0.000000E+0	4.000000E+0
28-Apr-25	11:31:50	-1.000000E-5	-6.897850E-1	-8.000000E-5	-3.390000E-5	-2.000000E-7	2.400000E-7	1.200000E-8	0.000000E+0	0.000000E+0	1.964247E-4	2.976042E-9	0.000000E+0	0.000000E+0	1.999959E+1	0.000000E+0	4.000000E+0
28-Apr-25	11:31:50	-1.000000E-5	-6.808100E-1	-8.000000E-5	-3.400000E-5	-3.500000E-7	2.560000E-7	6.400000E-8	0.000000E+0	0.000000E+0	1.964247E-4	2.976042E-9	0.000000E+0	0.000000E+0	1.999959E+1	0.000000E+0	4.000000E+0
28-Apr-25	11:31:51	-1.000000E-5	-6.727200E-1	-8.000000E-5	-3.380000E-5	-3.500000E-7	2.300000E-7	1.140000E-7	0.000000E+0	0.000000E+0	1.964247E-4	2.976042E-9	0.000000E+0	0.000000E+0	1.999959E+1	0.000000E+0	4.000000E+0
28-Apr-25	11:31:51	-1.000000E-5	-6.637450E-1	-8.000000E-5	-3.395000E-5	-2.000000E-7	1.860000E-7	1.280000E-7	0.000000E+0	0.000000E+0	1.964247E-4	2.976042E-9	0.000000E+0	0.000000E+0	1.999959E+1	0.000000E+0	4.000000E+0
28-Apr-25	11:31:52	-1.000000E-5	-6.520500E-1	-8.000000E-5	-3.385000E-5	-4.000000E-7	7.800000E-8	8.000000E-8	0.000000E+0	0.000000E+0	1.964247E-4	2.976042E-9	0.000000E+0	0.000000E+0	1.999959E+1	0.000000E+0	4.000000E+0
28-Apr-25	11:31:52	-1.000000E-5	-6.430500E-1	-8.000000E-5	-3.375000E-5	-2.500000E-7	-1.200000E-8	2.000000E-8	0.000000E+0	0.000000E+0	1.964247E-4	2.976042E-9	0.000000E+0	0.000000E+0	1.999959E+1	0.000000E+0	4.000000E+0
28-Apr-25	11:31:53	-1.000000E-5	-6.349900E-1	-8.000000E-5	-3.370000E-5	-4.000000E-7	-3.000000E-8	-3.200000E-8	0.000000E+0	0.000000E+0	1.964247E-4	2.976042E-9	0.000000E+0	0.000000E+0	1.999959E+1	0.000000E+0	4.000000E+0
28-Apr-25	11:31:53	-1.000000E-5	-6.259750E-1	-8.000000E-5	-3.370000E-5	-5.000000E-7	-2.000000E-8	-3.600000E-8	0.000000E+0	0.000000E+0	1.964247E-4	2.976042E-9	0.000000E+0	0.000000E+0	1.999959E+1	0.000000E+0	4.000000E+0
28-Apr-25	11:31:54	-1.000000E-5	-6.179250E-1	-8.000000E-5	-3.375000E-5	-4.000000E-7	-7.600000E-8	2.400000E-8	0.000000E+0	0.000000E+0	1.964247E-4	2.976042E-9	0.000000E+0	0.000000E+0	1.999959E+1	0.000000E+0	4.000000E+0
28-Apr-25	11:31:54	-1.000000E-5	-6.088900E-1	-8.000000E-5	-3.385000E-5	-3.000000E-7	-1.480000E-7	5.000000E-8	0.000000E+0	0.000000E+0	1.964247E-4	2.976042E-9	0.000000E+0	0.000000E+0	1.999959E+1	0.000000E+0	4.000000E+0
28-Apr-25	11:31:55	-1.000000E-5	-5.963100E-1	-8.000000E-5	-3.355000E-5	-3.500000E-7	-7.600000E-8	-8.800000E-8	0.000000E+0	0.000000E+0	1.964247E-4	2.976042E-9	0.000000E+0	0.000000E+0	1.999959E+1	0.000000E+0	4.000000E+0
28-Apr-25	11:31:55	-1.000000E-5	-5.882500E-1	-8.000000E-5	-3.365000E-5	-5.000000E-7	1.600000E-8	-1.860000E-7	0.000000E+0	0.000000E+0	1.964247E-4	2.976042E-9	0.000000E+0	0.000000E+0	1.999959E+1	0.000000E+0	4.000000E+0
28-Apr-25	11:31:56	-1.000000E-5	-5.792500E-1	-8.000000E-5	-3.375000E-5	-3.000000E-7	5.200000E-8	-2.160000E-7	0.000000E+0	0.000000E+0	1.964247E-4	2.976042E-9	0.000000E+0	0.000000E+0	1.999959E+1	0.000000E+0	4.000000E+0
28-Apr-25	11:31:56	-1.000000E-5	-5.694200E-1	-8.000000E-5	-3.355000E-5	-4.000000E-7	4.000000E-8	-1.740000E-7	0.000000E+0	0.000000E+0	1.964247E-4	2.976042E-9	0.000000E+0	0.000000E+0	1.999959E+1	0.000000E+0	4.000000E+0
28-Apr-25	11:31:57	-1.000000E-5	-5.603950E-1	-8.000000E-5	-3.380000E-5	-2.000000E-7	7.000000E-8	-1.360000E-7	0.000000E+0	0.000000E+0	1.964247E-4	2.976042E-9	0.000000E+0	0.000000E+0	1.999959E+1	0.000000E+0	4.000000E+0
28-Apr-25	11:31:57	-1.000000E-5	-5.513950E-1	-8.000000E-5	-3.360000E-5	-4.500000E-7	1.920000E-7	-1.300000E-7	0.000000E+0	0.000000E+0	1.964247E-4	2.976042E-9	0.000000E+0	0.000000E+0	1.999959E+1	0.000000E+0	4.000000E+0
28-Apr-25	11:31:58	-1.000000E-5	-5.432950E-1	-8.000000E-5	-3.365000E-5	-4.000000E-7	3.000000E-7	-9.400000E-8	0.000000E+0	0.000000E+0	1.964247E-4	2.976042E-9	0.000000E+0	0.000000E+0	1.999959E+1	0.000000E+0	4.000000E+0
28-Apr-25	11:31:58	-1.000000E-5	-5.352300E-1	-8.000000E-5	-3.360000E-5	-2.000000E-7	2.800000E-7	1.000000E-8	0.000000E+0	0.000000E+0	1.964247E-4	2.976042E-9	0.000000E+0	0.000000E+0	1.999959E+1	0.000000E+0	4.000000E+0
28-Apr-25	11:31:59	-1.000000E-5	-5.262150E-1	-8.000000E-5	-3.340000E-5	-2.500000E-7	1.280000E-7	1.260000E-7	0.000000E+0	0.000000E+0	1.964247E-4	2.976042E-9	0.000000E+0	0.000000E+0	1.999959E+1	0.000000E+0	4.000000E+0
28-Apr-25	11:31:59	-1.000000E-5	-5.172700E-1	-8.000000E-5	-3.375000E-5	-2.500000E-7	3.000000E-8	1.700000E-7	0.000000E+0	0.000000E+0	1.964247E-4	2.976042E-9	0.000000E+0	0.000000E+0	1.999959E+1	0.000000E+0	4.000000E+0
28-Apr-25	11:32:00	-1.000000E-5	-5.062700E-1	-8.000000E-5	-3.380000E-5	-4.000000E-7	7.000000E-8	1.140000E-7	0.000000E+0	0.000000E+0	1.964247E-4	2.976042E-9	0.000000E+0	0.000000E+0	1.999959E+1	0.000000E+0	4.000000E+0
28-Apr-25	11:32:00	-1.000000E-5	-4.964050E-1	-8.000000E-5	-3.365000E-5	-4.500000E-7	6.800000E-8	6.000000E-9	0.000000E+0	0.000000E+0	1.964247E-4	2.976042E-9	0.000000E+0	0.000000E+0	1.999959E+1	0.000000E+0	4.000000E+0
28-Apr-25	11:32:01	-1.000000E-5	-4.874500E-1	-8.000000E-5	-3.360000E-5	-4.000000E-7	1.000000E-8	-1.060000E-7	0.000000E+0	0.000000E+0	1.964247E-4	2.976042E-9	0.000000E+0	0.000000E+0	1.999959E+1	0.000000E+0	4.000000E+0
28-Apr-25	11:32:01	-1.000000E-5	-4.784800E-1	-8.000000E-5	-3.360000E-5	-3.500000E-7	-3.400000E-8	-1.480000E-7	0.000000E+0	0.000000E+0	1.964247E-4	2.976042E-9	0.000000E+0	0.000000E+0	1.999959E+1	0.000000E+0	4.000000E+0
28-Apr-25	11:32:02	-1.000000E-5	-4.693550E-1	-8.000000E-5	-3.355000E-5	-2.500000E-7	-4.600000E-8	-8.000000E-8	0.000000E+0	0.000000E+0	1.964247E-4	2.976042E-9	0.000000E+0	0.000000E+0	1.999959E+1	0.000000E+0	4.000000E+0
28-Apr-25	11:32:03	-1.000000E-5	-4.594150E-1	-8.000000E-5	-3.345000E-5	-2.500000E-7	-9.600000E-8	-4.400000E-8	0.000000E+0	0.000000E+0	1.964247E-4	2.976042E-9	0.000000E+0	0.000000E+0	1.999959E+1	0.000000E+0	4.000000E+0
28-Apr-25	11:32:03	-1.000000E-5	-4.504450E-1	-8.000000E-5	-3.350000E-5	-3.500000E-7	-1.500000E-7	-1.020000E-7	0.000000E+0	0.000000E+0	1.964247E-4	2.976042E-9	0.000000E+0	0.000000E+0	1.999959E+1	0.000000E+0	4.000000E+0
28-Apr-25	11:32:04	-1.000000E-5	-4.378500E-1	-8.000000E-5	-3.350000E-5	-1.500000E-7	-1.380000E-7	-1.080000E-7	0.000000E+0	0.000000E+0	1.964247E-4	2.976042E-9	0.000000E+0	0.000000E+0	1.999959E+1	0.000000E+0	4.000000E+0
28-Apr-25	11:32:04	-1.000000E-5	-4.288850E-1	-8.000000E-5	-3.345000E-5	-4.000000E-7	-9.400000E-8	-3.400000E-8	0.000000E+0	0.000000E+0	1.964247E-4	2.976042E-9	0.000000E+0	0.000000E+0	1.999959E+1	0.000000E+0	4.000000E+0
28-Apr-25	11:32:05	-1.000000E-5	-4.208050E-1	-8.000000E-5	-3.360000E-5	-3.500000E-7	1.400000E-8	-3.200000E-8	0.000000E+0	0.000000E+0	1.964247E-4	2.976042E-9	0.000000E+0	0.000000E+0	1.999959E+1	0.000000E+0	4.000000E+0
28-Apr-25	11:32:05	-1.000000E-5	-4.118050E-1	-8.000000E-5	-3.360000E-5	-1.500000E-7	1.620000E-7	-1.040000E-7	0.000000E+0	0.000000E+0	1.964247E-4	2.976042E-9	0.000000E+0	0.000000E+0	1.999959E+1	0.000000E+0	4.000000E+0
28-Apr-25	11:32:06	-1.000000E-5	-3.983400E-1	-8.000000E-5	-3.350000E-5	-2.000000E-7	4.800000E-8	-1.340000E-7	0.000000E+0	0.000000E+0	1.964247E-4	2.976042E-9	0.000000E+0	0.000000E+0	1.999959E+1	0.000000E+0	4.000000E+0
28-Apr-25	11:32:07	-1.000000E-5	-3.882000E-1	-8.000000E-5	-3.350000E-5	-3.500000E-7	-1.480000E-7	-1.000000E-7	0.000000E+0	0.000000E+0	1.964247E-4	2.976042E-9	0.000000E+0	0.000000E+0	1.999959E+1	0.000000E+0	4.000000E+0
28-Apr-25	11:32:07	-1.000000E-5	-3.792150E-1	-8.000000E-5	-3.330000E-5	-2.500000E-7	-1.900000E-7	-1.220000E-7	0.000000E+0	0.000000E+0	1.964247E-4	2.976042E-9	0.000000E+0	0.000000E+0	1.999959E+1	0.000000E+0	4.000000E+0
28-Apr-25	11:32:08	-1.000000E-5	-3.702000E-1	-8.000000E-5	-3.335000E-5	-4.500000E-7	-1.640000E-7	-1.680000E-7	0.000000E+0	0.000000E+0	1.964247E-4	2.976042E-9	0.000000E+0	0.000000E+0	1.999959E+1	0.000000E+0	4.000000E+0
28-Apr-25	11:32:08	-1.000000E-5	-3.602550E-1	-8.000000E-5	-3.340000E-5	-4.000000E-7	-1.180000E-7	-2.020000E-7	0.000000E+0	0.000000E+0	1.964247E-4	2.976042E-9	0.000000E+0	0.000000E+0	1.999959E+1	0.000000E+0	4.000000E+0
28-Apr-25	11:32:09	-1.000000E-5	-3.477050E-1	-8.000000E-5	-3.320000E-5	-3.500000E-7	1.000000E-8	-2.080000E-7	0.000000E+0	0.000000E+0	1.964247E-4	2.976042E-9	0.000000E+0	0.000000E+0	1.999959E+1	0.000000E+0	4.000000E+0
28-Apr-25	11:32:10	-1.000000E-5	-3.351400E-1	-8.000000E-5	-3.345000E-5	-3.500000E-7	1.000000E-7	-5.400000E-8	0.000000E+0	0.000000E+0	1.964247E-4	2.976042E-9	0.000000E+0	0.000000E+0	1.999959E+1	0.000000E+0	4.000000E+0
28-Apr-25	11:32:10	-1.000000E-5	-3.232700E-1	-8.000000E-5	-3.335000E-5	-4.000000E-7	1.300000E-7	7.800000E-8	0.000000E+0	0.000000E+0	1.964247E-4	2.976042E-9	0.000000E+0	0.000000E+0	1.999959E+1	0.000000E+0	4.000000E+0
28-Apr-25	11:32:11	-1.000000E-5	-3.153000E-1	-8.000000E-5	-3.320000E-5	-3.500000E-7	1.120000E-7	1.120000E-7	0.000000E+0	0.000000E+0	1.964247E-4	2.976042E-9	0.000000E+0	0.000000E+0	1.999959E+1	0.000000E+0	4.000000E+0
28-Apr-25	11:32:11	-1.000000E-5	-3.060700E-1	-8.000000E-5	-3.325000E-5	-4.500000E-7	8.800000E-8	1.020000E-7	0.000000E+0	0.000000E+0	1.964247E-4	2.976042E-9	0.000000E+0	0.000000E+0	1.999959E+1	0.000000E+0	4.000000E+0
28-Apr-25	11:32:12	-1.000000E-5	-2.943550E-1	-8.000000E-5	-3.330000E-5	-4.000000E-7	1.020000E-7	5.600000E-8	0.000000E+0	0.000000E+0	1.964247E-4	2.976042E-9	0.000000E+0	0.000000E+0	1.999959E+1	0.000000E+0	4.000000E+0
28-Apr-25	11:32:12	-1.000000E-5	-2.853900E-1	-8.000000E-5	-3.330000E-5	-2.500000E-7	1.400000E-7	5.600000E-8	0.000000E+0	0.000000E+0	1.964247E-4	2.976042E-9	0.000000E+0	0.000000E+0	1.999959E+1	0.000000E+0	4.000000E+0
28-Apr-25	11:32:13	-1.000000E-5	-2.763900E-1	-8.000000E-5	-3.310000E-5	-3.000000E-7	1.460000E-7	5.000000E-8	0.000000E+0	0.000000E+0	1.964247E-4	2.976042E-9	0.000000E+0	0.000000E+0	1.999959E+1	0.000000E+0	4.000000E+0
28-Apr-25	11:32:13	-1.000000E-5	-2.664700E-1	-8.000000E-5	-3.315000E-5	-2.500000E-7	7.600000E-8	-4.000000E-8	0.000000E+0	0.000000E+0	1.964247E-4	2.976042E-9	0.000000E+0	0.000000E+0	1.999959E+1	0.000000E+0	4.000000E+0
28-Apr-25	11:32:14	-1.000000E-5	-2.575450E-1	-8.000000E-5	-3.315000E-5	-3.500000E-7	-3.000000E-8	-1.700000E-7	0.000000E+0	0.000000E+0	1.964247E-4	2.976042E-9	0.000000E+0	0.000000E+0	1.999959E+1	0.000000E+0	4.000000E+0
28-Apr-25	11:32:14	-1.000000E-5	-2.485200E-1	-8.000000E-5	-3.310000E-5	-3.000000E-7	-1.280000E-7	-2.400000E-7	0.000000E+0	0.000000E+0	1.964247E-4	2.976042E-9	0.000000E+0	0.000000E+0	1.999959E+1	0.000000E+0	4.000000E+0
28-Apr-25	11:32:15	-1.000000E-5	-2.395750E-1	-8.000000E-5	-3.320000E-5	-3.500000E-7	-2.260000E-7	-1.420000E-7	0.000000E+0	0.000000E+0	1.964247E-4	2.976042E-9	0.000000E+0	0.000000E+0	1.999959E+1	0.000000E+0	4.000000E+0
28-Apr-25	11:32:15	-1.000000E-5	-2.287550E-1	-8.000000E-5	-3.335000E-5	-3.500000E-7	-2.540000E-7	3.200000E-8	0.000000E+0	0.000000E+0	1.964247E-4	2.976042E-9	0.000000E+0	0.000000E+0	1.999959E+1	0.000000E+0	4.000000E+0
28-Apr-25	11:32:16	-1.000000E-5	-2.197600E-1	-8.000000E-5	-3.325000E-5	-3.500000E-7	-1.580000E-7	1.260000E-7	0.000000E+0	0.000000E+0	1.964247E-4	2.976042E-9	0.000000E+0	0.000000E+0	1.999959E+1	0.000000E+0	4.000000E+0
28-Apr-25	11:32:16	-1.000000E-5	-2.116850E-1	-8.000000E-5	-3.325000E-5	-4.500000E-7	6.000000E-9	1.020000E-7	0.000000E+0	0.000000E+0	1.964247E-4	2.976042E-9	0.000000E+0	0.000000E+0	1.999959E+1	0.000000E+0	4.000000E+0
28-Apr-25	11:32:17	-1.000000E-5	-2.036100E-1	-8.000000E-5	-3.320000E-5	-2.500000E-7	1.420000E-7	7.800000E-8	0.000000E+0	0.000000E+0	1.964247E-4	2.976042E-9	0.000000E+0	0.000000E+0	1.999959E+1	0.000000E+0	4.000000E+0
28-Apr-25	11:32:17	-1.000000E-5	-1.946450E-1	-8.000000E-5	-3.310000E-5	-2.500000E-7	1.640000E-7	8.200000E-8	0.000000E+0	0.000000E+0	1.964247E-4	2.976042E-9	0.000000E+0	0.000000E+0	1.999959E+1	0.000000E+0	4.000000E+0
28-Apr-25	11:32:18	-1.000000E-5	-1.856400E-1	-8.000000E-5	-3.325000E-5	-1.500000E-7	7.000000E-8	5.800000E-8	0.000000E+0	0.000000E+0	1.964247E-4	2.976042E-9	0.000000E+0	0.000000E+0	1.999959E+1	0.000000E+0	4.000000E+0
28-Apr-25	11:32:18	-1.000000E-5	-1.766500E-1	-8.000000E-5	-3.320000E-5	-3.000000E-7	-6.400000E-8	7.000000E-8	0.000000E+0	0.000000E+0	1.964247E-4	2.976042E-9	0.000000E+0	0.000000E+0	1.999959E+1	0.000000E+0	4.000000E+0
28-Apr-25	11:32:19	-1.000000E-5	-1.637750E-1	-8.000000E-5	-3.325000E-5	-3.000000E-7	-1.800000E-7	1.280000E-7	0.000000E+0	0.000000E+0	1.964247E-4	2.976042E-9	0.000000E+0	0.000000E+0	1.999959E+1	0.000000E+0	4.000000E+0
28-Apr-25	11:32:20	-1.000000E-5	-1.508800E-1	-8.000000E-5	-3.325000E-5	-3.000000E-7	-2.740000E-7	-1.380000E-7	0.000000E+0	0.000000E+0	1.964247E-4	2.976042E-9	0.000000E+0	0.000000E+0	1.999959E+1	0.000000E+0	4.000000E+0
28-Apr-25	11:32:20	-1.000000E-5	-1.422250E-1	-8.000000E-5	-3.315000E-5	-2.500000E-7	-2.920000E-7	-2.840000E-7	0.000000E+0	0.000000E+0	1.964247E-4	2.976042E-9	0.000000E+0	0.000000E+0	1.999959E+1	0.000000E+0	4.000000E+0
28-Apr-25	11:32:21	-1.000000E-5	-1.328900E-1	-8.000000E-5	-3.325000E-5	-2.500000E-7	-2.100000E-7	-2.680000E-7	0.000000E+0	0.000000E+0	1.964247E-4	2.976042E-9	0.000000E+0	0.000000E+0	1.999959E+1	0.000000E+0	4.000000E+0
28-Apr-25	11:32:21	-1.000000E-5	-1.239000E-1	-8.000000E-5	-3.310000E-5	-3.500000E-7	-1.060000E-7	-2.060000E-7	0.000000E+0	0.000000E+0	1.964247E-4	2.976042E-9	0.000000E+0	0.000000E+0	1.999959E+1	0.000000E+0	4.000000E+0
28-Apr-25	11:32:22	-1.000000E-5	-1.158550E-1	-8.000000E-5	-3.310000E-5	-2.500000E-7	-4.800000E-8	-1.660000E-7	0.000000E+0	0.000000E+0	1.964247E-4	2.976042E-9	0.000000E+0	0.000000E+0	1.999959E+1	0.000000E+0	4.000000E+0
28-Apr-25	11:32:22	-1.000000E-5	-1.068600E-1	-8.000000E-5	-3.305000E-5	-2.000000E-7	-1.600000E-8	-7.000000E-8	0.000000E+0	0.000000E+0	1.964247E-4	2.976042E-9	0.000000E+0	0.000000E+0	1.999959E+1	0.000000E+0	4.000000E+0
28-Apr-25	11:32:23	-1.000000E-5	-9.789000E-2	-8.000000E-5	-3.320000E-5	-1.500000E-7	0.000000E+0	1.000000E-7	0.000000E+0	0.000000E+0	1.964247E-4	2.976042E-9	0.000000E+0	0.000000E+0	1.999959E+1	0.000000E+0	4.000000E+0
28-Apr-25	11:32:23	-1.000000E-5	-8.888000E-2	-8.000000E-5	-3.315000E-5	-3.500000E-7	-4.400000E-8	2.480000E-7	0.000000E+0	0.000000E+0	1.964247E-4	2.976042E-9	0.000000E+0	0.000000E+0	1.999959E+1	0.000000E+0	4.000000E+0
28-Apr-25	11:32:24	-1.000000E-5	-7.719500E-2	-8.000000E-5	-3.300000E-5	-3.000000E-7	-1.780000E-7	2.220000E-7	0.000000E+0	0.000000E+0	1.964247E-4	2.976042E-9	0.000000E+0	0.000000E+0	1.999959E+1	0.000000E+0	4.000000E+0
28-Apr-25	11:32:24	-1.000000E-5	-6.821500E-2	-8.000000E-5	-3.305000E-5	-2.500000E-7	-2.400000E-7	1.720000E-7	0.000000E+0	0.000000E+0	1.964247E-4	2.976042E-9	0.000000E+0	0.000000E+0	1.999959E+1	0.000000E+0	4.000000E+0
28-Apr-25	11:32:25	-1.000000E-5	-6.012000E-2	-8.000000E-5	-3.320000E-5	-2.500000E-7	-2.220000E-7	1.580000E-7	0.000000E+0	0.000000E+0	1.964247E-4	2.976042E-9	0.000000E+0	0.000000E+0	1.999959E+1	0.000000E+0	4.000000E+0
28-Apr-25	11:32:25	-1.000000E-5	-5.117500E-2	-8.000000E-5	-3.325000E-5	-3.500000E-7	-1.380000E-7	2.060000E-7	0.000000E+0	0.000000E+0	1.964247E-4	2.976042E-9	0.000000E+0	0.000000E+0	1.999959E+1	0.000000E+0	4.000000E+0
28-Apr-25	11:32:26	-1.000000E-5	-4.126500E-2	-8.000000E-5	-3.310000E-5	-4.500000E-7	-1.100000E-7	2.800000E-7	0.000000E+0	0.000000E+0	1.964247E-4	2.976042E-9	0.000000E+0	0.000000E+0	1.999959E+1	0.000000E+0	4.000000E+0
28-Apr-25	11:32:26	-1.000000E-5	-3.226000E-2	-8.000000E-5	-3.320000E-5	-3.500000E-7	-1.940000E-7	2.860000E-7	0.000000E+0	0.000000E+0	1.964247E-4	2.976042E-9	0.000000E+0	0.000000E+0	1.999959E+1	0.000000E+0	4.000000E+0
28-Apr-25	11:32:27	-1.000000E-5	-2.421500E-2	-8.000000E-5	-3.325000E-5	-3.000000E-7	-2.800000E-7	2.000000E-7	0.000000E+0	0.000000E+0	1.964247E-4	2.976042E-9	0.000000E+0	0.000000E+0	1.999959E+1	0.000000E+0	4.000000E+0
28-Apr-25	11:32:27	-1.000000E-5	-1.613000E-2	-8.000000E-5	-3.325000E-5	-3.000000E-7	-2.460000E-7	6.800000E-8	0.000000E+0	0.000000E+0	1.964247E-4	2.976042E-9	0.000000E+0	0.000000E+0	1.999959E+1	0.000000E+0	4.000000E+0
28-Apr-25	11:32:28	-1.000000E-5	-7.175000E-3	-8.000000E-5	-3.305000E-5	-2.500000E-7	-1.360000E-7	-1.000000E-7	0.000000E+0	0.000000E+0	1.964247E-4	2.976042E-9	0.000000E+0	0.000000E+0	1.999959E+1	0.000000E+0	4.000000E+0
28-Apr-25	11:32:28	-1.000000E-5	1.725000E-3	-8.000000E-5	-3.305000E-5	-3.500000E-7	-9.600000E-8	-2.740000E-7	0.000000E+0	0.000000E+0	1.964247E-4	2.976042E-9	0.000000E+0	0.000000E+0	1.999959E+1	0.000000E+0	4.000000E+0
28-Apr-25	11:32:29	-1.000000E-5	1.073500E-2	-8.000000E-5	-3.305000E-5	-3.000000E-7	-1.100000E-7	-3.460000E-7	0.000000E+0	0.000000E+0	1.964247E-4	2.976042E-9	0.000000E+0	0.000000E+0	1.999959E+1	0.000000E+0	4.000000E+0
28-Apr-25	11:32:29	-1.000000E-5	1.881000E-2	-8.000000E-5	-3.300000E-5	-3.500000E-7	-8.600000E-8	-3.000000E-7	0.000000E+0	0.000000E+0	1.964247E-4	2.976042E-9	0.000000E+0	0.000000E+0	1.999959E+1	0.000000E+0	4.000000E+0
28-Apr-25	11:32:30	-1.000000E-5	2.779500E-2	-8.000000E-5	-3.295000E-5	-3.000000E-7	-3.200000E-8	-2.740000E-7	0.000000E+0	0.000000E+0	1.964247E-4	2.976042E-9	0.000000E+0	0.000000E+0	1.999959E+1	0.000000E+0	4.000000E+0
28-Apr-25	11:32:30	-1.000000E-5	3.677500E-2	-8.000000E-5	-3.300000E-5	-3.000000E-7	2.400000E-8	-2.960000E-7	0.000000E+0	0.000000E+0	1.964247E-4	2.976042E-9	0.000000E+0	0.000000E+0	1.999959E+1	0.000000E+0	4.000000E+0
28-Apr-25	11:32:31	-1.000000E-5	4.578500E-2	-8.000000E-5	-3.280000E-5	-3.500000E-7	7.400000E-8	-2.000000E-7	0.000000E+0	0.000000E+0	1.964247E-4	2.976042E-9	0.000000E+0	0.000000E+0	1.999959E+1	0.000000E+0	4.000000E+0
28-Apr-25	11:32:31	-1.000000E-5	5.477000E-2	-8.000000E-5	-3.290000E-5	-2.500000E-7	1.180000E-7	6.000000E-8	0.000000E+0	0.000000E+0	1.964247E-4	2.976042E-9	0.000000E+0	0.000000E+0	1.999959E+1	0.000000E+0	4.000000E+0
28-Apr-25	11:32:32	-1.000000E-5	6.677500E-2	-8.000000E-5	-3.285000E-5	-4.500000E-7	1.560000E-7	2.720000E-7	0.000000E+0	0.000000E+0	1.964247E-4	2.976042E-9	0.000000E+0	0.000000E+0	1.999959E+1	0.000000E+0	4.000000E+0
28-Apr-25	11:32:32	-1.000000E-5	7.574500E-2	-8.000000E-5	-3.285000E-5	-3.500000E-7	1.040000E-7	1.700000E-7	0.000000E+0	0.000000E+0	1.964247E-4	2.976042E-9	0.000000E+0	0.000000E+0	1.999959E+1	0.000000E+0	4.000000E+0
28-Apr-25	11:32:33	-1.000000E-5	8.473000E-2	-8.000000E-5	-3.295000E-5	-2.500000E-7	-2.600000E-8	4.400000E-8	0.000000E+0	0.000000E+0	1.964247E-4	2.976042E-9	0.000000E+0	0.000000E+0	1.999959E+1	0.000000E+0	4.000000E+0
28-Apr-25	11:32:33	-1.000000E-5	9.371000E-2	-8.000000E-5	-3.280000E-5	-3.500000E-7	-1.500000E-7	3.400000E-8	0.000000E+0	0.000000E+0	1.964247E-4	2.976042E-9	0.000000E+0	0.000000E+0	1.999959E+1	0.000000E+0	4.000000E+0
28-Apr-25	11:32:34	-1.000000E-5	1.027050E-1	-8.000000E-5	-3.290000E-5	-3.500000E-7	-2.000000E-7	4.400000E-8	0.000000E+0	0.000000E+0	1.964247E-4	2.976042E-9	0.000000E+0	0.000000E+0	1.999959E+1	0.000000E+0	4.000000E+0
28-Apr-25	11:32:34	-1.000000E-5	1.117450E-1	-8.000000E-5	-3.285000E-5	-3.000000E-7	-1.400000E-7	-4.000000E-8	0.000000E+0	0.000000E+0	1.964247E-4	2.976042E-9	0.000000E+0	0.000000E+0	1.999959E+1	0.000000E+0	4.000000E+0
28-Apr-25	11:32:35	-1.000000E-5	1.197850E-1	-8.000000E-5	-3.280000E-5	-2.500000E-7	-2.000000E-9	-1.360000E-7	0.000000E+0	0.000000E+0	1.964247E-4	2.976042E-9	0.000000E+0	0.000000E+0	1.999959E+1	0.000000E+0	4.000000E+0
28-Apr-25	11:32:35	-1.000000E-5	1.279100E-1	-8.000000E-5	-3.285000E-5	-3.000000E-7	1.140000E-7	-1.520000E-7	0.000000E+0	0.000000E+0	1.964247E-4	2.976042E-9	0.000000E+0	0.000000E+0	1.999959E+1	0.000000E+0	4.000000E+0
28-Apr-25	11:32:36	-1.000000E-5	1.368350E-1	-8.000000E-5	-3.285000E-5	-3.000000E-7	1.460000E-7	-1.260000E-7	0.000000E+0	0.000000E+0	1.964247E-4	2.976042E-9	0.000000E+0	0.000000E+0	1.999959E+1	0.000000E+0	4.000000E+0
28-Apr-25	11:32:36	-1.000000E-5	1.458600E-1	-8.000000E-5	-3.280000E-5	-3.500000E-7	1.500000E-7	-1.240000E-7	0.000000E+0	0.000000E+0	1.964247E-4	2.976042E-9	0.000000E+0	0.000000E+0	1.999959E+1	0.000000E+0	4.000000E+0
28-Apr-25	11:32:37	-1.000000E-5	1.548350E-1	-8.000000E-5	-3.280000E-5	-3.500000E-7	1.640000E-7	-8.800000E-8	0.000000E+0	0.000000E+0	1.964247E-4	2.976042E-9	0.000000E+0	0.000000E+0	1.999959E+1	0.000000E+0	4.000000E+0
28-Apr-25	11:32:37	-1.000000E-5	1.638400E-1	-8.000000E-5	-3.270000E-5	-4.000000E-7	1.620000E-7	4.800000E-8	0.000000E+0	0.000000E+0	1.964247E-4	2.976042E-9	0.000000E+0	0.000000E+0	1.999959E+1	0.000000E+0	4.000000E+0
28-Apr-25	11:32:38	-1.000000E-5	1.746000E-1	-8.000000E-5	-3.275000E-5	-3.500000E-7	1.420000E-7	1.900000E-7	0.000000E+0	0.000000E+0	1.964247E-4	2.976042E-9	0.000000E+0	0.000000E+0	1.999959E+1	0.000000E+0	4.000000E+0
28-Apr-25	11:32:38	-1.000000E-5	1.835750E-1	-8.000000E-5	-3.270000E-5	-1.500000E-7	9.800000E-8	1.140000E-7	0.000000E+0	0.000000E+0	1.964247E-4	2.976042E-9	0.000000E+0	0.000000E+0	1.999959E+1	0.000000E+0	4.000000E+0
28-Apr-25	11:32:39	-1.000000E-5	1.916550E-1	-8.000000E-5	-3.270000E-5	-1.500000E-7	-5.800000E-8	-2.800000E-8	0.000000E+0	0.000000E+0	1.964247E-4	2.976042E-9	0.000000E+0	0.000000E+0	1.999959E+1	0.000000E+0	4.000000E+0
28-Apr-25	11:32:39	-1.000000E-5	2.006800E-1	-8.000000E-5	-3.275000E-5	-3.000000E-7	-2.800000E-7	-7.200000E-8	0.000000E+0	0.000000E+0	1.964247E-4	2.976042E-9	0.000000E+0	0.000000E+0	1.999959E+1	0.000000E+0	4.000000E+0
28-Apr-25	11:32:40	-1.000000E-5	2.117700E-1	-8.000000E-5	-3.260000E-5	-4.000000E-7	-3.300000E-7	1.800000E-8	0.000000E+0	0.000000E+0	1.964247E-4	2.976042E-9	0.000000E+0	0.000000E+0	1.999959E+1	0.000000E+0	4.000000E+0
28-Apr-25	11:32:40	-1.000000E-5	2.207450E-1	-8.000000E-5	-3.265000E-5	-4.500000E-7	-1.560000E-7	0.000000E+0	0.000000E+0	0.000000E+0	1.964247E-4	2.976042E-9	0.000000E+0	0.000000E+0	1.999959E+1	0.000000E+0	4.000000E+0
28-Apr-25	11:32:41	-1.000000E-5	2.288300E-1	-8.000000E-5	-3.275000E-5	-3.000000E-7	3.000000E-8	-1.240000E-7	0.000000E+0	0.000000E+0	1.964247E-4	2.976042E-9	0.000000E+0	0.000000E+0	1.999959E+1	0.000000E+0	4.000000E+0
28-Apr-25	11:32:41	-1.000000E-5	2.377900E-1	-8.000000E-5	-3.265000E-5	-2.000000E-7	1.320000E-7	-1.780000E-7	0.000000E+0	0.000000E+0	1.964247E-4	2.976042E-9	0.000000E+0	0.000000E+0	1.999959E+1	0.000000E+0	4.000000E+0
28-Apr-25	11:32:42	-1.000000E-5	2.468550E-1	-8.000000E-5	-3.255000E-5	-3.000000E-7	1.940000E-7	-1.020000E-7	0.000000E+0	0.000000E+0	1.964247E-4	2.976042E-9	0.000000E+0	0.000000E+0	1.999959E+1	0.000000E+0	4.000000E+0
28-Apr-25	11:32:42	-1.000000E-5	2.557950E-1	-8.000000E-5	-3.270000E-5	-3.500000E-7	2.160000E-7	-6.000000E-9	0.000000E+0	0.000000E+0	1.964247E-4	2.976042E-9	0.000000E+0	0.000000E+0	1.999959E+1	0.000000E+0	4.000000E+0
28-Apr-25	11:32:43	-1.000000E-5	2.638950E-1	-8.000000E-5	-3.270000E-5	-4.000000E-7	1.500000E-7	0.000000E+0	0.000000E+0	0.000000E+0	1.964247E-4	2.976042E-9	0.000000E+0	0.000000E+0	1.999959E+1	0.000000E+0	4.000000E+0
28-Apr-25	11:32:43	-1.000000E-5	2.737550E-1	-8.000000E-5	-3.255000E-5	-2.500000E-7	3.800000E-8	-1.400000E-8	0.000000E+0	0.000000E+0	1.964247E-4	2.976042E-9	0.000000E+0	0.000000E+0	1.999959E+1	0.000000E+0	4.000000E+0
28-Apr-25	11:32:44	-1.000000E-5	2.854100E-1	-8.000000E-5	-3.245000E-5	-2.000000E-7	1.800000E-8	4.800000E-8	0.000000E+0	0.000000E+0	1.964247E-4	2.976042E-9	0.000000E+0	0.000000E+0	1.999959E+1	0.000000E+0	4.000000E+0
28-Apr-25	11:32:45	-1.000000E-5	2.935550E-1	-8.000000E-5	-3.260000E-5	-2.000000E-7	2.000000E-8	-1.000000E-8	0.000000E+0	0.000000E+0	1.964247E-4	2.976042E-9	0.000000E+0	0.000000E+0	1.999959E+1	0.000000E+0	4.000000E+0
28-Apr-25	11:32:45	-1.000000E-5	3.025150E-1	-8.000000E-5	-3.250000E-5	-2.000000E-7	4.600000E-8	-1.460000E-7	0.000000E+0	0.000000E+0	1.964247E-4	2.976042E-9	0.000000E+0	0.000000E+0	1.999959E+1	0.000000E+0	4.000000E+0
28-Apr-25	11:32:46	-1.000000E-5	3.115400E-1	-8.000000E-5	-3.255000E-5	-2.500000E-7	1.160000E-7	-1.860000E-7	0.000000E+0	0.000000E+0	1.964247E-4	2.976042E-9	0.000000E+0	0.000000E+0	1.999959E+1	0.000000E+0	4.000000E+0
28-Apr-25	11:32:46	-1.000000E-5	3.244000E-1	-8.000000E-5	-3.260000E-5	-3.000000E-7	9.600000E-8	-8.800000E-8	0.000000E+0	0.000000E+0	1.964247E-4	2.976042E-9	0.000000E+0	0.000000E+0	1.999959E+1	0.000000E+0	4.000000E+0
28-Apr-25	11:32:47	-1.000000E-5	3.333750E-1	-8.000000E-5	-3.245000E-5	-3.000000E-7	3.600000E-8	-4.000000E-9	0.000000E+0	0.000000E+0	1.964247E-4	2.976042E-9	0.000000E+0	0.000000E+0	1.999959E+1	0.000000E+0	4.000000E+0
28-Apr-25	11:32:47	-1.000000E-5	3.423900E-1	-8.000000E-5	-3.245000E-5	-3.000000E-7	3.400000E-8	6.600000E-8	0.000000E+0	0.000000E+0	1.964247E-4	2.976042E-9	0.000000E+0	0.000000E+0	1.999959E+1	0.000000E+0	4.000000E+0
28-Apr-25	11:32:48	-1.000000E-5	3.504200E-1	-8.000000E-5	-3.250000E-5	-2.500000E-7	5.000000E-8	1.060000E-7	0.000000E+0	0.000000E+0	1.964247E-4	2.976042E-9	0.000000E+0	0.000000E+0	1.999959E+1	0.000000E+0	4.000000E+0
28-Apr-25	11:32:48	-1.000000E-5	3.583800E-1	-8.000000E-5	-3.260000E-5	-1.500000E-7	3.600000E-8	2.040000E-7	0.000000E+0	0.000000E+0	1.964247E-4	2.976042E-9	0.000000E+0	0.000000E+0	1.999959E+1	0.000000E+0	4.000000E+0
28-Apr-25	11:32:49	-1.000000E-5	3.674750E-1	-8.000000E-5	-3.260000E-5	-1.500000E-7	2.600000E-8	4.040000E-7	0.000000E+0	0.000000E+0	1.964247E-4	2.976042E-9	0.000000E+0	0.000000E+0	1.999959E+1	0.000000E+0	4.000000E+0
28-Apr-25	11:32:49	-1.000000E-5	3.763200E-1	-8.000000E-5	-3.255000E-5	-3.000000E-7	9.600000E-8	5.000000E-7	0.000000E+0	0.000000E+0	1.964247E-4	2.976042E-9	0.000000E+0	0.000000E+0	1.999959E+1	0.000000E+0	4.000000E+0
28-Apr-25	11:32:50	-1.000000E-5	3.854700E-1	-8.000000E-5	-3.245000E-5	-2.000000E-7	2.300000E-7	3.620000E-7	0.000000E+0	0.000000E+0	1.964247E-4	2.976042E-9	0.000000E+0	0.000000E+0	1.999959E+1	0.000000E+0	4.000000E+0
28-Apr-25	11:32:50	-1.000000E-5	3.935950E-1	-8.000000E-5	-3.260000E-5	-3.500000E-7	2.720000E-7	1.420000E-7	0.000000E+0	0.000000E+0	1.964247E-4	2.976042E-9	0.000000E+0	0.000000E+0	1.999959E+1	0.000000E+0	4.000000E+0
28-Apr-25	11:32:51	-1.000000E-5	4.025700E-1	-8.000000E-5	-3.230000E-5	-3.500000E-7	1.620000E-7	-2.800000E-8	0.000000E+0	0.000000E+0	1.964247E-4	2.976042E-9	0.000000E+0	0.000000E+0	1.999959E+1	0.000000E+0	4.000000E+0
28-Apr-25	11:32:51	-1.000000E-5	4.142800E-1	-8.000000E-5	-3.225000E-5	-2.500000E-7	-7.200000E-8	-1.160000E-7	0.000000E+0	0.000000E+0	1.964247E-4	2.976042E-9	0.000000E+0	0.000000E+0	1.999959E+1	0.000000E+0	4.000000E+0
28-Apr-25	11:32:52	-1.000000E-5	4.268600E-1	-8.000000E-5	-3.230000E-5	-2.000000E-7	-1.680000E-7	-9.800000E-8	0.000000E+0	0.000000E+0	1.964247E-4	2.976042E-9	0.000000E+0	0.000000E+0	1.999959E+1	0.000000E+0	4.000000E+0
28-Apr-25	11:32:53	-1.000000E-5	4.397650E-1	-8.000000E-5	-3.220000E-5	-3.500000E-7	-2.200000E-7	-1.580000E-7	0.000000E+0	0.000000E+0	1.964247E-4	2.976042E-9	0.000000E+0	0.000000E+0	1.999959E+1	0.000000E+0	4.000000E+0
28-Apr-25	11:32:53	-1.000000E-5	4.487250E-1	-8.000000E-5	-3.230000E-5	-3.000000E-7	-1.920000E-7	-3.420000E-7	0.000000E+0	0.000000E+0	1.964247E-4	2.976042E-9	0.000000E+0	0.000000E+0	1.999959E+1	0.000000E+0	4.000000E+0
28-Apr-25	11:32:54	-1.000000E-5	4.577250E-1	-8.000000E-5	-3.225000E-5	-3.500000E-7	-8.600000E-8	-5.000000E-7	0.000000E+0	0.000000E+0	1.964247E-4	2.976042E-9	0.000000E+0	0.000000E+0	1.999959E+1	0.000000E+0	4.000000E+0
28-Apr-25	11:32:54	-1.000000E-5	4.693650E-1	-8.000000E-5	-3.220000E-5	-4.500000E-7	1.000000E-8	-3.940000E-7	0.000000E+0	0.000000E+0	1.964247E-4	2.976042E-9	0.000000E+0	0.000000E+0	1.999959E+1	0.000000E+0	4.000000E+0
28-Apr-25	11:32:55	-1.000000E-5	4.775050E-1	-8.000000E-5	-3.220000E-5	-4.500000E-7	6.200000E-8	-2.240000E-7	0.000000E+0	0.000000E+0	1.964247E-4	2.976042E-9	0.000000E+0	0.000000E+0	1.999959E+1	0.000000E+0	4.000000E+0
28-Apr-25	11:32:55	-1.000000E-5	4.864750E-1	-8.000000E-5	-3.220000E-5	-3.500000E-7	9.600000E-8	-1.620000E-7	0.000000E+0	0.000000E+0	1.964247E-4	2.976042E-9	0.000000E+0	0.000000E+0	1.999959E+1	0.000000E+0	4.000000E+0
28-Apr-25	11:32:56	-1.000000E-5	4.954850E-1	-8.000000E-5	-3.225000E-5	-2.500000E-7	6.000000E-9	-2.060000E-7	0.000000E+0	0.000000E+0	1.964247E-4	2.976042E-9	0.000000E+0	0.000000E+0	1.999959E+1	0.000000E+0	4.000000E+0
28-Apr-25	11:32:56	-1.000000E-5	5.062600E-1	-8.000000E-5	-3.225000E-5	-2.000000E-7	-6.000000E-8	-2.240000E-7	0.000000E+0	0.000000E+0	1.964247E-4	2.976042E-9	0.000000E+0	0.000000E+0	1.999959E+1	0.000000E+0	4.000000E+0
28-Apr-25	11:32:57	-1.000000E-5	5.152150E-1	-8.000000E-5	-3.225000E-5	-2.500000E-7	-9.600000E-8	-1.380000E-7	0.000000E+0	0.000000E+0	1.964247E-4	2.976042E-9	0.000000E+0	0.000000E+0	1.999959E+1	0.000000E+0	4.000000E+0
28-Apr-25	11:32:57	-1.000000E-5	5.242300E-1	-8.000000E-5	-3.225000E-5	-2.000000E-7	-1.980000E-7	2.400000E-8	0.000000E+0	0.000000E+0	1.964247E-4	2.976042E-9	0.000000E+0	0.000000E+0	1.999959E+1	0.000000E+0	4.000000E+0
28-Apr-25	11:32:58	-1.000000E-5	5.326050E-1	-8.000000E-5	-3.225000E-5	-2.000000E-7	-2.620000E-7	1.040000E-7	0.000000E+0	0.000000E+0	1.964247E-4	2.976042E-9	0.000000E+0	0.000000E+0	1.999959E+1	0.000000E+0	4.000000E+0
28-Apr-25	11:32:58	-1.000000E-5	5.415950E-1	-8.000000E-5	-3.205000E-5	-1.500000E-7	-1.780000E-7	7.000000E-8	0.000000E+0	0.000000E+0	1.964247E-4	2.976042E-9	0.000000E+0	0.000000E+0	1.999959E+1	0.000000E+0	4.000000E+0
28-Apr-25	11:32:59	-1.000000E-5	5.504000E-1	-8.000000E-5	-3.205000E-5	-2.000000E-7	-3.200000E-8	1.000000E-8	0.000000E+0	0.000000E+0	1.964247E-4	2.976042E-9	0.000000E+0	0.000000E+0	1.999959E+1	0.000000E+0	4.000000E+0
28-Apr-25	11:32:59	-1.000000E-5	5.593950E-1	-8.000000E-5	-3.200000E-5	-1.500000E-7	6.000000E-8	-4.000000E-9	0.000000E+0	0.000000E+0	1.964247E-4	2.976042E-9	0.000000E+0	0.000000E+0	1.999959E+1	0.000000E+0	4.000000E+0
28-Apr-25	11:33:00	-1.000000E-5	5.685150E-1	-8.000000E-5	-3.225000E-5	-1.000000E-7	5.200000E-8	-1.600000E-8	0.000000E+0	0.000000E+0	1.964247E-4	2.976042E-9	0.000000E+0	0.000000E+0	1.999959E+1	0.000000E+0	4.000000E+0
28-Apr-25	11:33:00	-1.000000E-5	5.775450E-1	-8.000000E-5	-3.215000E-5	-1.500000E-7	2.200000E-8	-2.000000E-8	0.000000E+0	0.000000E+0	1.964247E-4	2.976042E-9	0.000000E+0	0.000000E+0	1.999959E+1	0.000000E+0	4.000000E+0
28-Apr-25	11:33:01	-1.000000E-5	5.874150E-1	-8.000000E-5	-3.210000E-5	-3.000000E-7	5.600000E-8	-4.000000E-9	0.000000E+0	0.000000E+0	1.964247E-4	2.976042E-9	0.000000E+0	0.000000E+0	1.999959E+1	0.000000E+0	4.000000E+0
28-Apr-25	11:33:01	-1.000000E-5	5.964100E-1	-8.000000E-5	-3.210000E-5	-2.000000E-7	1.200000E-7	-7.600000E-8	0.000000E+0	0.000000E+0	1.964247E-4	2.976042E-9	0.000000E+0	0.000000E+0	1.999959E+1	0.000000E+0	4.000000E+0
28-Apr-25	11:33:02	-1.000000E-5	6.072000E-1	-8.000000E-5	-3.220000E-5	-3.000000E-7	1.460000E-7	-2.100000E-7	0.000000E+0	0.000000E+0	1.964247E-4	2.976042E-9	0.000000E+0	0.000000E+0	1.999959E+1	0.000000E+0	4.000000E+0
28-Apr-25	11:33:03	-1.000000E-5	6.161450E-1	-8.000000E-5	-3.205000E-5	-4.500000E-7	1.320000E-7	-1.700000E-7	0.000000E+0	0.000000E+0	1.964247E-4	2.976042E-9	0.000000E+0	0.000000E+0	1.999959E+1	0.000000E+0	4.000000E+0
28-Apr-25	11:33:03	-1.000000E-5	6.287700E-1	-8.000000E-5	-3.210000E-5	-3.000000E-7	6.800000E-8	-5.600000E-8	0.000000E+0	0.000000E+0	1.964247E-4	2.976042E-9	0.000000E+0	0.000000E+0	1.999959E+1	0.000000E+0	4.000000E+0
28-Apr-25	11:33:04	-1.000000E-5	6.416450E-1	-8.000000E-5	-3.210000E-5	-2.500000E-7	-3.200000E-8	-1.060000E-7	0.000000E+0	0.000000E+0	1.964247E-4	2.976042E-9	0.000000E+0	0.000000E+0	1.999959E+1	0.000000E+0	4.000000E+0
28-Apr-25	11:33:04	-1.000000E-5	6.506050E-1	-8.000000E-5	-3.205000E-5	-2.500000E-7	-1.040000E-7	-9.800000E-8	0.000000E+0	0.000000E+0	1.964247E-4	2.976042E-9	0.000000E+0	0.000000E+0	1.999959E+1	0.000000E+0	4.000000E+0
28-Apr-25	11:33:05	-1.000000E-5	6.595900E-1	-8.000000E-5	-3.210000E-5	-2.000000E-7	-1.520000E-7	-4.200000E-8	0.000000E+0	0.000000E+0	1.964247E-4	2.976042E-9	0.000000E+0	0.000000E+0	1.999959E+1	0.000000E+0	4.000000E+0
28-Apr-25	11:33:05	-1.000000E-5	6.676900E-1	-8.000000E-5	-3.210000E-5	-2.500000E-7	-1.420000E-7	-4.000000E-9	0.000000E+0	0.000000E+0	1.964247E-4	2.976042E-9	0.000000E+0	0.000000E+0	1.999959E+1	0.000000E+0	4.000000E+0
28-Apr-25	11:33:06	-1.000000E-5	6.766900E-1	-8.000000E-5	-3.210000E-5	-2.500000E-7	-6.000000E-8	1.400000E-8	0.000000E+0	0.000000E+0	1.964247E-4	2.976042E-9	0.000000E+0	0.000000E+0	1.999959E+1	0.000000E+0	4.000000E+0
28-Apr-25	11:33:06	-1.000000E-5	6.856800E-1	-8.000000E-5	-3.205000E-5	-4.000000E-7	4.200000E-8	4.000000E-8	0.000000E+0	0.000000E+0	1.964247E-4	2.976042E-9	0.000000E+0	0.000000E+0	1.999959E+1	0.000000E+0	4.000000E+0
28-Apr-25	11:33:07	-1.000000E-5	6.937450E-1	-8.000000E-5	-3.205000E-5	-4.500000E-7	2.600000E-8	7.000000E-8	0.000000E+0	0.000000E+0	1.964247E-4	2.976042E-9	0.000000E+0	0.000000E+0	1.999959E+1	0.000000E+0	4.000000E+0
28-Apr-25	11:33:07	-1.000000E-5	7.027350E-1	-8.000000E-5	-3.200000E-5	-3.000000E-7	-7.600000E-8	5.000000E-8	0.000000E+0	0.000000E+0	1.964247E-4	2.976042E-9	0.000000E+0	0.000000E+0	1.999959E+1	0.000000E+0	4.000000E+0
28-Apr-25	11:33:08	-1.000000E-5	7.117100E-1	-8.000000E-5	-3.195000E-5	-2.500000E-7	-1.120000E-7	-5.600000E-8	0.000000E+0	0.000000E+0	1.964247E-4	2.976042E-9	0.000000E+0	0.000000E+0	1.999959E+1	0.000000E+0	4.000000E+0
28-Apr-25	11:33:08	-1.000000E-5	7.216000E-1	-8.000000E-5	-3.195000E-5	-3.000000E-7	-4.000000E-9	-2.040000E-7	0.000000E+0	0.000000E+0	1.964247E-4	2.976042E-9	0.000000E+0	0.000000E+0	1.999959E+1	0.000000E+0	4.000000E+0
28-Apr-25	11:33:09	-1.000000E-5	7.314550E-1	-8.000000E-5	-3.205000E-5	-2.000000E-7	7.000000E-8	-2.260000E-7	0.000000E+0	0.000000E+0	1.964247E-4	2.976042E-9	0.000000E+0	0.000000E+0	1.999959E+1	0.000000E+0	4.000000E+0
28-Apr-25	11:33:09	-1.000000E-5	7.404550E-1	-8.000000E-5	-3.195000E-5	-3.500000E-7	1.040000E-7	-1.220000E-7	0.000000E+0	0.000000E+0	1.964247E-4	2.976042E-9	0.000000E+0	0.000000E+0	1.999959E+1	0.000000E+0	4.000000E+0
28-Apr-25	11:33:10	-1.000000E-5	7.494250E-1	-8.000000E-5	-3.200000E-5	-3.000000E-7	1.340000E-7	-1.400000E-8	0.000000E+0	0.000000E+0	1.964247E-4	2.976042E-9	0.000000E+0	0.000000E+0	1.999959E+1	0.000000E+0	4.000000E+0
28-Apr-25	11:33:10	-1.000000E-5	7.593150E-1	-8.000000E-5	-3.195000E-5	-4.000000E-7	1.540000E-7	-7.000000E-8	0.000000E+0	0.000000E+0	1.964247E-4	2.976042E-9	0.000000E+0	0.000000E+0	1.999959E+1	0.000000E+0	4.000000E+0
28-Apr-25	11:33:11	-1.000000E-5	7.674400E-1	-8.000000E-5	-3.205000E-5	-2.500000E-7	1.260000E-7	-1.860000E-7	0.000000E+0	0.000000E+0	1.964247E-4	2.976042E-9	0.000000E+0	0.000000E+0	1.999959E+1	0.000000E+0	4.000000E+0
28-Apr-25	11:33:11	-1.000000E-5	7.764000E-1	-8.000000E-5	-3.205000E-5	-3.500000E-7	6.200000E-8	-2.140000E-7	0.000000E+0	0.000000E+0	1.964247E-4	2.976042E-9	0.000000E+0	0.000000E+0	1.999959E+1	0.000000E+0	4.000000E+0
28-Apr-25	11:33:12	-1.000000E-5	7.845100E-1	-8.000000E-5	-3.185000E-5	-3.000000E-7	6.000000E-9	-2.280000E-7	0.000000E+0	0.000000E+0	1.964247E-4	2.976042E-9	0.000000E+0	0.000000E+0	1.999959E+1	0.000000E+0	4.000000E+0
28-Apr-25	11:33:12	-1.000000E-5	7.925850E-1	-8.000000E-5	-3.195000E-5	-2.500000E-7	-1.600000E-8	-3.040000E-7	0.000000E+0	0.000000E+0	1.964247E-4	2.976042E-9	0.000000E+0	0.000000E+0	1.999959E+1	0.000000E+0	4.000000E+0
28-Apr-25	11:33:13	-1.000000E-5	8.015700E-1	-8.000000E-5	-3.205000E-5	-3.000000E-7	-1.600000E-8	-3.520000E-7	0.000000E+0	0.000000E+0	1.964247E-4	2.976042E-9	0.000000E+0	0.000000E+0	1.999959E+1	0.000000E+0	4.000000E+0
28-Apr-25	11:33:13	-1.000000E-5	8.105750E-1	-8.000000E-5	-3.195000E-5	-1.000000E-7	0.000000E+0	-2.580000E-7	0.000000E+0	0.000000E+0	1.964247E-4	2.976042E-9	0.000000E+0	0.000000E+0	1.999959E+1	0.000000E+0	4.000000E+0
28-Apr-25	11:33:14	-1.000000E-5	8.197050E-1	-8.000000E-5	-3.190000E-5	-2.500000E-7	6.400000E-8	-7.600000E-8	0.000000E+0	0.000000E+0	1.964247E-4	2.976042E-9	0.000000E+0	0.000000E+0	1.999959E+1	0.000000E+0	4.000000E+0
28-Apr-25	11:33:14	-1.000000E-5	8.294350E-1	-8.000000E-5	-3.195000E-5	-2.500000E-7	1.060000E-7	-8.000000E-8	0.000000E+0	0.000000E+0	1.964247E-4	2.976042E-9	0.000000E+0	0.000000E+0	1.999959E+1	0.000000E+0	4.000000E+0
28-Apr-25	11:33:15	-1.000000E-5	8.384350E-1	-8.000000E-5	-3.205000E-5	-2.000000E-7	5.400000E-8	-2.280000E-7	0.000000E+0	0.000000E+0	1.964247E-4	2.976042E-9	0.000000E+0	0.000000E+0	1.999959E+1	0.000000E+0	4.000000E+0
28-Apr-25	11:33:15	-1.000000E-5	8.475500E-1	-8.000000E-5	-3.180000E-5	-2.500000E-7	-9.600000E-8	-3.720000E-7	0.000000E+0	0.000000E+0	1.964247E-4	2.976042E-9	0.000000E+0	0.000000E+0	1.999959E+1	0.000000E+0	4.000000E+0
28-Apr-25	11:33:16	-1.000000E-5	8.567200E-1	-8.000000E-5	-3.185000E-5	-2.500000E-7	-2.060000E-7	-3.400000E-7	0.000000E+0	0.000000E+0	1.964247E-4	2.976042E-9	0.000000E+0	0.000000E+0	1.999959E+1	0.000000E+0	4.000000E+0
28-Apr-25	11:33:16	-1.000000E-5	8.657200E-1	-8.000000E-5	-3.185000E-5	-2.000000E-7	-2.080000E-7	-1.600000E-7	0.000000E+0	0.000000E+0	1.964247E-4	2.976042E-9	0.000000E+0	0.000000E+0	1.999959E+1	0.000000E+0	4.000000E+0
28-Apr-25	11:33:17	-1.000000E-5	8.755800E-1	-8.000000E-5	-3.180000E-5	-2.500000E-7	-1.720000E-7	-8.400000E-8	0.000000E+0	0.000000E+0	1.964247E-4	2.976042E-9	0.000000E+0	0.000000E+0	1.999959E+1	0.000000E+0	4.000000E+0
28-Apr-25	11:33:18	-1.000000E-5	8.881800E-1	-8.000000E-5	-3.175000E-5	-2.500000E-7	-9.000000E-8	-2.000000E-7	0.000000E+0	0.000000E+0	1.964247E-4	2.976042E-9	0.000000E+0	0.000000E+0	1.999959E+1	0.000000E+0	4.000000E+0
28-Apr-25	11:33:18	-1.000000E-5	8.971500E-1	-8.000000E-5	-3.175000E-5	-1.500000E-7	-3.000000E-8	-2.880000E-7	0.000000E+0	0.000000E+0	1.964247E-4	2.976042E-9	0.000000E+0	0.000000E+0	1.999959E+1	0.000000E+0	4.000000E+0
28-Apr-25	11:33:19	-1.000000E-5	9.052550E-1	-8.000000E-5	-3.160000E-5	-2.500000E-7	-3.400000E-8	-3.140000E-7	0.000000E+0	0.000000E+0	1.964247E-4	2.976042E-9	0.000000E+0	0.000000E+0	1.999959E+1	0.000000E+0	4.000000E+0
28-Apr-25	11:33:19	-1.000000E-5	9.142450E-1	-8.000000E-5	-3.175000E-5	-2.500000E-7	-1.200000E-7	-2.960000E-7	0.000000E+0	0.000000E+0	1.964247E-4	2.976042E-9	0.000000E+0	0.000000E+0	1.999959E+1	0.000000E+0	4.000000E+0
28-Apr-25	11:33:20	-1.000000E-5	9.223200E-1	-8.000000E-5	-3.175000E-5	-2.500000E-7	-2.220000E-7	-2.140000E-7	0.000000E+0	0.000000E+0	1.964247E-4	2.976042E-9	0.000000E+0	0.000000E+0	1.999959E+1	0.000000E+0	4.000000E+0
28-Apr-25	11:33:20	-1.000000E-5	9.330950E-1	-8.000000E-5	-3.170000E-5	-2.500000E-7	-2.340000E-7	-7.600000E-8	0.000000E+0	0.000000E+0	1.964247E-4	2.976042E-9	0.000000E+0	0.000000E+0	1.999959E+1	0.000000E+0	4.000000E+0
28-Apr-25	11:33:21	-1.000000E-5	9.420450E-1	-8.000000E-5	-3.170000E-5	-3.000000E-7	-1.960000E-7	-3.600000E-8	0.000000E+0	0.000000E+0	1.964247E-4	2.976042E-9	0.000000E+0	0.000000E+0	1.999959E+1	0.000000E+0	4.000000E+0
28-Apr-25	11:33:21	-1.000000E-5	9.522500E-1	-8.000000E-5	-3.160000E-5	-3.000000E-7	-1.500000E-7	-6.200000E-8	0.000000E+0	0.000000E+0	1.964247E-4	2.976042E-9	0.000000E+0	0.000000E+0	1.999959E+1	0.000000E+0	4.000000E+0
28-Apr-25	11:33:22	-1.000000E-5	9.621650E-1	-8.000000E-5	-3.185000E-5	-2.500000E-7	-1.800000E-8	-3.600000E-8	0.000000E+0	0.000000E+0	1.964247E-4	2.976042E-9	0.000000E+0	0.000000E+0	1.999959E+1	0.000000E+0	4.000000E+0
28-Apr-25	11:33:23	-1.000000E-5	9.756200E-1	-8.000000E-5	-3.185000E-5	-2.500000E-7	1.120000E-7	-2.800000E-8	0.000000E+0	0.000000E+0	1.964247E-4	2.976042E-9	0.000000E+0	0.000000E+0	1.999959E+1	0.000000E+0	4.000000E+0
28-Apr-25	11:33:23	-1.000000E-5	9.855250E-1	-8.000000E-5	-3.160000E-5	-1.500000E-7	1.400000E-7	-1.360000E-7	0.000000E+0	0.000000E+0	1.964247E-4	2.976042E-9	0.000000E+0	0.000000E+0	1.999959E+1	0.000000E+0	4.000000E+0
28-Apr-25	11:33:24	-1.000000E-5	9.939000E-1	-8.000000E-5	-3.160000E-5	-2.500000E-7	9.000000E-8	-1.820000E-7	0.000000E+0	0.000000E+0	1.964247E-4	2.976042E-9	0.000000E+0	0.000000E+0	1.999959E+1	0.000000E+0	4.000000E+0
28-Apr-25	11:33:24	-1.000000E-5	1.002625E+0	-8.000000E-5	-3.165000E-5	-2.500000E-7	-6.000000E-9	-1.140000E-7	0.000000E+0	0.000000E+0	1.964247E-4	2.976042E-9	0.000000E+0	0.000000E+0	1.999959E+1	0.000000E+0	4.000000E+0
28-Apr-25	11:33:24	-1.000000E-5	1.010680E+0	-8.000000E-5	-3.150000E-5	-1.500000E-7	-8.000000E-8	-2.600000E-8	0.000000E+0	0.000000E+0	1.964247E-4	2.976042E-9	0.000000E+0	0.000000E+0	1.999959E+1	0.000000E+0	4.000000E+0
28-Apr-25	11:33:25	-1.000000E-5	1.019835E+0	-8.000000E-5	-3.180000E-5	-4.000000E-7	-7.200000E-8	6.000000E-9	0.000000E+0	0.000000E+0	1.964247E-4	2.976042E-9	0.000000E+0	0.000000E+0	1.999959E+1	0.000000E+0	4.000000E+0
28-Apr-25	11:33:25	-1.000000E-5	1.027915E+0	-8.000000E-5	-3.170000E-5	-6.000000E-7	-2.800000E-8	3.200000E-8	0.000000E+0	0.000000E+0	1.964247E-4	2.976042E-9	0.000000E+0	0.000000E+0	1.999959E+1	0.000000E+0	4.000000E+0
28-Apr-25	11:33:26	-1.000000E-5	1.036735E+0	-8.000000E-5	-3.150000E-5	-3.000000E-7	-1.600000E-8	7.600000E-8	0.000000E+0	0.000000E+0	1.964247E-4	2.976042E-9	0.000000E+0	0.000000E+0	1.999959E+1	0.000000E+0	4.000000E+0
28-Apr-25	11:33:27	-1.000000E-5	1.049635E+0	-8.000000E-5	-3.160000E-5	-4.500000E-7	-3.800000E-8	1.000000E-7	0.000000E+0	0.000000E+0	1.964247E-4	2.976042E-9	0.000000E+0	0.000000E+0	1.999959E+1	0.000000E+0	4.000000E+0
28-Apr-25	11:33:27	-1.000000E-5	1.059500E+0	-8.000000E-5	-3.170000E-5	-3.000000E-7	-5.400000E-8	1.540000E-7	0.000000E+0	0.000000E+0	1.964247E-4	2.976042E-9	0.000000E+0	0.000000E+0	1.999959E+1	0.000000E+0	4.000000E+0
28-Apr-25	11:33:28	-1.000000E-5	1.068510E+0	-8.000000E-5	-3.160000E-5	-3.000000E-7	-1.560000E-7	2.100000E-7	0.000000E+0	0.000000E+0	1.964247E-4	2.976042E-9	0.000000E+0	0.000000E+0	1.999959E+1	0.000000E+0	4.000000E+0
28-Apr-25	11:33:28	-1.000000E-5	1.077460E+0	-8.000000E-5	-3.160000E-5	-3.500000E-7	-3.300000E-7	1.900000E-7	0.000000E+0	0.000000E+0	1.964247E-4	2.976042E-9	0.000000E+0	0.000000E+0	1.999959E+1	0.000000E+0	4.000000E+0
28-Apr-25	11:33:29	-1.000000E-5	1.086480E+0	-8.000000E-5	-3.150000E-5	-3.500000E-7	-4.540000E-7	1.340000E-7	0.000000E+0	0.000000E+0	1.964247E-4	2.976042E-9	0.000000E+0	0.000000E+0	1.999959E+1	0.000000E+0	4.000000E+0
28-Apr-25	11:33:29	-1.000000E-5	1.096380E+0	-8.000000E-5	-3.160000E-5	-3.000000E-7	-4.180000E-7	6.600000E-8	0.000000E+0	0.000000E+0	1.964247E-4	2.976042E-9	0.000000E+0	0.000000E+0	1.999959E+1	0.000000E+0	4.000000E+0
28-Apr-25	11:33:30	-1.000000E-5	1.105480E+0	-8.000000E-5	-3.155000E-5	-3.500000E-7	-2.060000E-7	4.800000E-8	0.000000E+0	0.000000E+0	1.964247E-4	2.976042E-9	0.000000E+0	0.000000E+0	1.999959E+1	0.000000E+0	4.000000E+0
28-Apr-25	11:33:30	-1.000000E-5	1.115350E+0	-8.000000E-5	-3.150000E-5	-3.000000E-7	-7.600000E-8	1.080000E-7	0.000000E+0	0.000000E+0	1.964247E-4	2.976042E-9	0.000000E+0	0.000000E+0	1.999959E+1	0.000000E+0	4.000000E+0
28-Apr-25	11:33:31	-1.000000E-5	1.125360E+0	-8.000000E-5	-3.135000E-5	-2.000000E-7	-8.800000E-8	1.100000E-7	0.000000E+0	0.000000E+0	1.964247E-4	2.976042E-9	0.000000E+0	0.000000E+0	1.999959E+1	0.000000E+0	4.000000E+0
28-Apr-25	11:33:31	-1.000000E-5	1.135255E+0	-8.000000E-5	-3.135000E-5	-2.500000E-7	-1.040000E-7	0.000000E+0	0.000000E+0	0.000000E+0	1.964247E-4	2.976042E-9	0.000000E+0	0.000000E+0	1.999959E+1	0.000000E+0	4.000000E+0
28-Apr-25	11:33:32	-1.000000E-5	1.143395E+0	-8.000000E-5	-3.155000E-5	-3.000000E-7	-2.600000E-8	-6.000000E-8	0.000000E+0	0.000000E+0	1.964247E-4	2.976042E-9	0.000000E+0	0.000000E+0	1.999959E+1	0.000000E+0	4.000000E+0
28-Apr-25	11:33:32	-1.000000E-5	1.152400E+0	-8.000000E-5	-3.150000E-5	-3.000000E-7	7.200000E-8	-7.000000E-8	0.000000E+0	0.000000E+0	1.964247E-4	2.976042E-9	0.000000E+0	0.000000E+0	1.999959E+1	0.000000E+0	4.000000E+0
28-Apr-25	11:33:33	-1.000000E-5	1.161355E+0	-8.000000E-5	-3.145000E-5	-2.000000E-7	1.320000E-7	-4.400000E-8	0.000000E+0	0.000000E+0	1.964247E-4	2.976042E-9	0.000000E+0	0.000000E+0	1.999959E+1	0.000000E+0	4.000000E+0
28-Apr-25	11:33:33	-1.000000E-5	1.169475E+0	-8.000000E-5	-3.145000E-5	-2.500000E-7	1.340000E-7	1.200000E-8	0.000000E+0	0.000000E+0	1.964247E-4	2.976042E-9	0.000000E+0	0.000000E+0	1.999959E+1	0.000000E+0	4.000000E+0
28-Apr-25	11:33:34	-1.000000E-5	1.178440E+0	-8.000000E-5	-3.150000E-5	-3.500000E-7	8.800000E-8	8.000000E-8	0.000000E+0	0.000000E+0	1.964247E-4	2.976042E-9	0.000000E+0	0.000000E+0	1.999959E+1	0.000000E+0	4.000000E+0
28-Apr-25	11:33:34	-1.000000E-5	1.186550E+0	-8.000000E-5	-3.145000E-5	-2.500000E-7	2.000000E-8	1.120000E-7	0.000000E+0	0.000000E+0	1.964247E-4	2.976042E-9	0.000000E+0	0.000000E+0	1.999959E+1	0.000000E+0	4.000000E+0
28-Apr-25	11:33:35	-1.000000E-5	1.195550E+0	-8.000000E-5	-3.115000E-5	-3.500000E-7	-2.800000E-8	1.020000E-7	0.000000E+0	0.000000E+0	1.964247E-4	2.976042E-9	0.000000E+0	0.000000E+0	1.999959E+1	0.000000E+0	4.000000E+0
28-Apr-25	11:33:36	-1.000000E-5	1.209000E+0	-8.000000E-5	-3.105000E-5	-4.000000E-7	-1.200000E-8	1.340000E-7	0.000000E+0	0.000000E+0	1.964247E-4	2.976042E-9	0.000000E+0	0.000000E+0	1.999959E+1	0.000000E+0	4.000000E+0
28-Apr-25	11:33:36	-1.000000E-5	1.218880E+0	-8.000000E-5	-3.125000E-5	-2.500000E-7	6.000000E-9	1.500000E-7	0.000000E+0	0.000000E+0	1.964247E-4	2.976042E-9	0.000000E+0	0.000000E+0	1.999959E+1	0.000000E+0	4.000000E+0
28-Apr-25	11:33:37	-1.000000E-5	1.227870E+0	-8.000000E-5	-3.125000E-5	-2.000000E-7	1.400000E-8	7.800000E-8	0.000000E+0	0.000000E+0	1.964247E-4	2.976042E-9	0.000000E+0	0.000000E+0	1.999959E+1	0.000000E+0	4.000000E+0
28-Apr-25	11:33:37	-1.000000E-5	1.235960E+0	-8.000000E-5	-3.105000E-5	-1.500000E-7	-1.200000E-8	-8.600000E-8	0.000000E+0	0.000000E+0	1.964247E-4	2.976042E-9	0.000000E+0	0.000000E+0	1.999959E+1	0.000000E+0	4.000000E+0
28-Apr-25	11:33:38	-1.000000E-5	1.244985E+0	-8.000000E-5	-3.115000E-5	-5.000000E-8	-9.600000E-8	-2.400000E-7	0.000000E+0	0.000000E+0	1.964247E-4	2.976042E-9	0.000000E+0	0.000000E+0	1.999959E+1	0.000000E+0	4.000000E+0
28-Apr-25	11:33:38	-1.000000E-5	1.253915E+0	-8.000000E-5	-3.125000E-5	-5.000000E-8	-1.520000E-7	-3.160000E-7	0.000000E+0	0.000000E+0	1.964247E-4	2.976042E-9	0.000000E+0	0.000000E+0	1.999959E+1	0.000000E+0	4.000000E+0
28-Apr-25	11:33:38	-1.000000E-5	1.262045E+0	-8.000000E-5	-3.105000E-5	-1.500000E-7	-8.600000E-8	-3.440000E-7	0.000000E+0	0.000000E+0	1.964247E-4	2.976042E-9	0.000000E+0	0.000000E+0	1.999959E+1	0.000000E+0	4.000000E+0
28-Apr-25	11:33:39	-1.000000E-5	1.270995E+0	-8.000000E-5	-3.115000E-5	-2.500000E-7	2.400000E-8	-3.560000E-7	0.000000E+0	0.000000E+0	1.964247E-4	2.976042E-9	0.000000E+0	0.000000E+0	1.999959E+1	0.000000E+0	4.000000E+0
28-Apr-25	11:33:40	-1.000000E-5	1.280145E+0	-8.000000E-5	-3.110000E-5	-3.000000E-7	3.000000E-8	-3.120000E-7	0.000000E+0	0.000000E+0	1.964247E-4	2.976042E-9	0.000000E+0	0.000000E+0	1.999959E+1	0.000000E+0	4.000000E+0
28-Apr-25	11:33:40	-1.000000E-5	1.289280E+0	-8.000000E-5	-3.115000E-5	-3.000000E-7	-6.200000E-8	-2.120000E-7	0.000000E+0	0.000000E+0	1.964247E-4	2.976042E-9	0.000000E+0	0.000000E+0	1.999959E+1	0.000000E+0	4.000000E+0
28-Apr-25	11:33:41	-1.000000E-5	1.298265E+0	-8.000000E-5	-3.120000E-5	-3.000000E-7	-1.060000E-7	-7.000000E-8	0.000000E+0	0.000000E+0	1.964247E-4	2.976042E-9	0.000000E+0	0.000000E+0	1.999959E+1	0.000000E+0	4.000000E+0
28-Apr-25	11:33:41	-1.000000E-5	1.308115E+0	-8.000000E-5	-3.130000E-5	-3.500000E-7	-3.800000E-8	1.200000E-7	0.000000E+0	0.000000E+0	1.964247E-4	2.976042E-9	0.000000E+0	0.000000E+0	1.999959E+1	0.000000E+0	4.000000E+0
28-Apr-25	11:33:42	-1.000000E-5	1.320695E+0	-8.000000E-5	-3.125000E-5	-2.500000E-7	2.200000E-8	2.180000E-7	0.000000E+0	0.000000E+0	1.964247E-4	2.976042E-9	0.000000E+0	0.000000E+0	1.999959E+1	0.000000E+0	4.000000E+0
28-Apr-25	11:33:42	-1.000000E-5	1.333630E+0	-8.000000E-5	-3.125000E-5	-2.500000E-7	4.000000E-9	4.400000E-8	0.000000E+0	0.000000E+0	1.964247E-4	2.976042E-9	0.000000E+0	0.000000E+0	1.999959E+1	0.000000E+0	4.000000E+0
28-Apr-25	11:33:43	-1.000000E-5	1.342590E+0	-8.000000E-5	-3.120000E-5	-1.500000E-7	-2.600000E-8	-1.220000E-7	0.000000E+0	0.000000E+0	1.964247E-4	2.976042E-9	0.000000E+0	0.000000E+0	1.999959E+1	0.000000E+0	4.000000E+0
28-Apr-25	11:33:43	-1.000000E-5	1.351585E+0	-8.000000E-5	-3.100000E-5	-2.000000E-7	-9.200000E-8	-1.960000E-7	0.000000E+0	0.000000E+0	1.964247E-4	2.976042E-9	0.000000E+0	0.000000E+0	1.999959E+1	0.000000E+0	4.000000E+0
28-Apr-25	11:33:44	-1.000000E-5	1.359665E+0	-8.000000E-5	-3.110000E-5	-2.500000E-7	-1.940000E-7	-1.780000E-7	0.000000E+0	0.000000E+0	1.964247E-4	2.976042E-9	0.000000E+0	0.000000E+0	1.999959E+1	0.000000E+0	4.000000E+0
28-Apr-25	11:33:44	-1.000000E-5	1.368655E+0	-8.000000E-5	-3.110000E-5	-2.000000E-7	-3.060000E-7	-1.640000E-7	0.000000E+0	0.000000E+0	1.964247E-4	2.976042E-9	0.000000E+0	0.000000E+0	1.999959E+1	0.000000E+0	4.000000E+0
28-Apr-25	11:33:45	-1.000000E-5	1.377520E+0	-8.000000E-5	-3.105000E-5	-1.500000E-7	-3.700000E-7	-1.660000E-7	0.000000E+0	0.000000E+0	1.964247E-4	2.976042E-9	0.000000E+0	0.000000E+0	1.999959E+1	0.000000E+0	4.000000E+0
28-Apr-25	11:33:45	-1.000000E-5	1.385440E+0	-8.000000E-5	-3.110000E-5	-2.000000E-7	-3.680000E-7	-1.200000E-7	0.000000E+0	0.000000E+0	1.964247E-4	2.976042E-9	0.000000E+0	0.000000E+0	1.999959E+1	0.000000E+0	4.000000E+0
28-Apr-25	11:33:46	-1.000000E-5	1.394725E+0	-8.000000E-5	-3.100000E-5	-3.000000E-7	-3.160000E-7	-4.600000E-8	0.000000E+0	0.000000E+0	1.964247E-4	2.976042E-9	0.000000E+0	0.000000E+0	1.999959E+1	0.000000E+0	4.000000E+0
28-Apr-25	11:33:46	-1.000000E-5	1.403545E+0	-8.000000E-5	-3.100000E-5	-2.000000E-7	-2.300000E-7	-4.000000E-9	0.000000E+0	0.000000E+0	1.964247E-4	2.976042E-9	0.000000E+0	0.000000E+0	1.999959E+1	0.000000E+0	4.000000E+0
28-Apr-25	11:33:47	-1.000000E-5	1.412365E+0	-8.000000E-5	-3.105000E-5	-1.500000E-7	-1.940000E-7	5.200000E-8	0.000000E+0	0.000000E+0	1.964247E-4	2.976042E-9	0.000000E+0	0.000000E+0	1.999959E+1	0.000000E+0	4.000000E+0
28-Apr-25	11:33:48	-1.000000E-5	1.423460E+0	-8.000000E-5	-3.115000E-5	-3.500000E-7	-1.940000E-7	1.720000E-7	0.000000E+0	0.000000E+0	1.964247E-4	2.976042E-9	0.000000E+0	0.000000E+0	1.999959E+1	0.000000E+0	4.000000E+0
28-Apr-25	11:33:48	-1.000000E-5	1.435165E+0	-8.000000E-5	-3.125000E-5	0.000000E+0	-5.000000E-8	1.120000E-7	0.000000E+0	0.000000E+0	1.964247E-4	2.976042E-9	0.000000E+0	0.000000E+0	1.999959E+1	0.000000E+0	4.000000E+0
28-Apr-25	11:33:49	-1.000000E-5	1.443235E+0	-8.000000E-5	-3.105000E-5	-2.000000E-7	6.800000E-8	-5.400000E-8	0.000000E+0	0.000000E+0	1.964247E-4	2.976042E-9	0.000000E+0	0.000000E+0	1.999959E+1	0.000000E+0	4.000000E+0
28-Apr-25	11:33:49	-1.000000E-5	1.452205E+0	-8.000000E-5	-3.120000E-5	-1.000000E-7	8.400000E-8	-5.600000E-8	0.000000E+0	0.000000E+0	1.964247E-4	2.976042E-9	0.000000E+0	0.000000E+0	1.999959E+1	0.000000E+0	4.000000E+0
28-Apr-25	11:33:50	-1.000000E-5	1.460295E+0	-8.000000E-5	-3.085000E-5	-2.000000E-7	4.400000E-8	1.420000E-7	0.000000E+0	0.000000E+0	1.964247E-4	2.976042E-9	0.000000E+0	0.000000E+0	1.999959E+1	0.000000E+0	4.000000E+0
28-Apr-25	11:33:50	-1.000000E-5	1.468395E+0	-8.000000E-5	-3.085000E-5	-4.000000E-7	6.800000E-8	3.260000E-7	0.000000E+0	0.000000E+0	1.964247E-4	2.976042E-9	0.000000E+0	0.000000E+0	1.999959E+1	0.000000E+0	4.000000E+0
28-Apr-25	11:33:50	-1.000000E-5	1.477390E+0	-8.000000E-5	-3.105000E-5	-3.000000E-7	2.440000E-7	2.940000E-7	0.000000E+0	0.000000E+0	1.964247E-4	2.976042E-9	0.000000E+0	0.000000E+0	1.999959E+1	0.000000E+0	4.000000E+0
28-Apr-25	11:33:51	-1.000000E-5	1.486360E+0	-8.000000E-5	-3.090000E-5	-3.000000E-7	4.460000E-7	1.040000E-7	0.000000E+0	0.000000E+0	1.964247E-4	2.976042E-9	0.000000E+0	0.000000E+0	1.999959E+1	0.000000E+0	4.000000E+0
28-Apr-25	11:33:51	-1.000000E-5	1.495345E+0	-8.000000E-5	-3.070000E-5	-2.500000E-7	4.620000E-7	-8.800000E-8	0.000000E+0	0.000000E+0	1.964247E-4	2.976042E-9	0.000000E+0	0.000000E+0	1.999959E+1	0.000000E+0	4.000000E+0
28-Apr-25	11:33:52	-1.000000E-5	1.504295E+0	-8.000000E-5	-3.095000E-5	-2.500000E-7	2.520000E-7	-1.740000E-7	0.000000E+0	0.000000E+0	1.964247E-4	2.976042E-9	0.000000E+0	0.000000E+0	1.999959E+1	0.000000E+0	4.000000E+0
28-Apr-25	11:33:52	-1.000000E-5	1.513245E+0	-8.000000E-5	-3.100000E-5	-2.500000E-7	1.600000E-8	-8.400000E-8	0.000000E+0	0.000000E+0	1.964247E-4	2.976042E-9	0.000000E+0	0.000000E+0	1.999959E+1	0.000000E+0	4.000000E+0
28-Apr-25	11:33:53	-1.000000E-5	1.521330E+0	-8.000000E-5	-3.075000E-5	-3.500000E-7	-5.800000E-8	1.220000E-7	0.000000E+0	0.000000E+0	1.964247E-4	2.976042E-9	0.000000E+0	0.000000E+0	1.999959E+1	0.000000E+0	4.000000E+0
28-Apr-25	11:33:53	-1.000000E-5	1.529435E+0	-8.000000E-5	-3.080000E-5	-2.000000E-7	-2.000000E-8	2.260000E-7	0.000000E+0	0.000000E+0	1.964247E-4	2.976042E-9	0.000000E+0	0.000000E+0	1.999959E+1	0.000000E+0	4.000000E+0
28-Apr-25	11:33:54	-1.000000E-5	1.538520E+0	-8.000000E-5	-3.075000E-5	-1.500000E-7	1.400000E-8	8.800000E-8	0.000000E+0	0.000000E+0	1.964247E-4	2.976042E-9	0.000000E+0	0.000000E+0	1.999959E+1	0.000000E+0	4.000000E+0
28-Apr-25	11:33:54	-1.000000E-5	1.546800E+0	-8.000000E-5	-3.075000E-5	-1.500000E-7	-8.000000E-9	-1.100000E-7	0.000000E+0	0.000000E+0	1.964247E-4	2.976042E-9	0.000000E+0	0.000000E+0	1.999959E+1	0.000000E+0	4.000000E+0
28-Apr-25	11:33:55	-1.000000E-5	1.554540E+0	-8.000000E-5	-3.085000E-5	-2.500000E-7	-4.600000E-8	-1.620000E-7	0.000000E+0	0.000000E+0	1.964247E-4	2.976042E-9	0.000000E+0	0.000000E+0	1.999959E+1	0.000000E+0	4.000000E+0
28-Apr-25	11:33:55	-1.000000E-5	1.564475E+0	-8.000000E-5	-3.085000E-5	-4.000000E-7	-5.800000E-8	-6.200000E-8	0.000000E+0	0.000000E+0	1.964247E-4	2.976042E-9	0.000000E+0	0.000000E+0	1.999959E+1	0.000000E+0	4.000000E+0
28-Apr-25	11:33:56	-1.000000E-5	1.572580E+0	-8.000000E-5	-3.085000E-5	-3.500000E-7	-3.600000E-8	3.000000E-8	0.000000E+0	0.000000E+0	1.964247E-4	2.976042E-9	0.000000E+0	0.000000E+0	1.999959E+1	0.000000E+0	4.000000E+0
28-Apr-25	11:33:56	-1.000000E-5	1.581700E+0	-8.000000E-5	-3.075000E-5	-3.000000E-7	-2.000000E-9	1.800000E-8	0.000000E+0	0.000000E+0	1.964247E-4	2.976042E-9	0.000000E+0	0.000000E+0	1.999959E+1	0.000000E+0	4.000000E+0
28-Apr-25	11:33:57	-1.000000E-5	1.589915E+0	-8.000000E-5	-3.080000E-5	-2.500000E-7	4.600000E-8	-4.800000E-8	0.000000E+0	0.000000E+0	1.964247E-4	2.976042E-9	0.000000E+0	0.000000E+0	1.999959E+1	0.000000E+0	4.000000E+0
28-Apr-25	11:33:57	-1.000000E-5	1.598905E+0	-8.000000E-5	-3.075000E-5	-3.500000E-7	1.040000E-7	-9.200000E-8	0.000000E+0	0.000000E+0	1.964247E-4	2.976042E-9	0.000000E+0	0.000000E+0	1.999959E+1	0.000000E+0	4.000000E+0
28-Apr-25	11:33:58	-1.000000E-5	1.607905E+0	-8.000000E-5	-3.070000E-5	-3.000000E-7	9.200000E-8	-6.600000E-8	0.000000E+0	0.000000E+0	1.964247E-4	2.976042E-9	0.000000E+0	0.000000E+0	1.999959E+1	0.000000E+0	4.000000E+0
28-Apr-25	11:33:58	-1.000000E-5	1.616925E+0	-8.000000E-5	-3.075000E-5	-2.500000E-7	-1.600000E-8	-6.000000E-9	0.000000E+0	0.000000E+0	1.964247E-4	2.976042E-9	0.000000E+0	0.000000E+0	1.999959E+1	0.000000E+0	4.000000E+0
28-Apr-25	11:33:59	-1.000000E-5	1.625885E+0	-8.000000E-5	-3.070000E-5	-2.500000E-7	-1.260000E-7	1.120000E-7	0.000000E+0	0.000000E+0	1.964247E-4	2.976042E-9	0.000000E+0	0.000000E+0	1.999959E+1	0.000000E+0	4.000000E+0
28-Apr-25	11:34:00	-1.000000E-5	1.637565E+0	-8.000000E-5	-3.060000E-5	-2.500000E-7	-6.800000E-8	2.200000E-7	0.000000E+0	0.000000E+0	1.964247E-4	2.976042E-9	0.000000E+0	0.000000E+0	1.999959E+1	0.000000E+0	4.000000E+0
28-Apr-25	11:34:00	-1.000000E-5	1.650125E+0	-8.000000E-5	-3.080000E-5	-3.000000E-7	7.000000E-8	1.920000E-7	0.000000E+0	0.000000E+0	1.964247E-4	2.976042E-9	0.000000E+0	0.000000E+0	1.999959E+1	0.000000E+0	4.000000E+0
28-Apr-25	11:34:01	-1.000000E-5	1.659155E+0	-8.000000E-5	-3.070000E-5	-1.000000E-7	6.400000E-8	1.560000E-7	0.000000E+0	0.000000E+0	1.964247E-4	2.976042E-9	0.000000E+0	0.000000E+0	1.999959E+1	0.000000E+0	4.000000E+0
28-Apr-25	11:34:01	-1.000000E-5	1.668145E+0	-8.000000E-5	-3.085000E-5	-1.500000E-7	-1.600000E-8	9.400000E-8	0.000000E+0	0.000000E+0	1.964247E-4	2.976042E-9	0.000000E+0	0.000000E+0	1.999959E+1	0.000000E+0	4.000000E+0
28-Apr-25	11:34:02	-1.000000E-5	1.680995E+0	-8.000000E-5	-3.060000E-5	-2.000000E-7	-1.280000E-7	-4.000000E-9	0.000000E+0	0.000000E+0	1.964247E-4	2.976042E-9	0.000000E+0	0.000000E+0	1.999959E+1	0.000000E+0	4.000000E+0
28-Apr-25	11:34:02	-1.000000E-5	1.690000E+0	-8.000000E-5	-3.055000E-5	-3.500000E-7	-1.900000E-7	2.600000E-8	0.000000E+0	0.000000E+0	1.964247E-4	2.976042E-9	0.000000E+0	0.000000E+0	1.999959E+1	0.000000E+0	4.000000E+0
28-Apr-25	11:34:03	-1.000000E-5	1.698050E+0	-8.000000E-5	-3.060000E-5	-2.000000E-7	-2.180000E-7	8.400000E-8	0.000000E+0	0.000000E+0	1.964247E-4	2.976042E-9	0.000000E+0	0.000000E+0	1.999959E+1	0.000000E+0	4.000000E+0
28-Apr-25	11:34:03	-1.000000E-5	1.707070E+0	-8.000000E-5	-3.060000E-5	-2.000000E-7	-2.000000E-7	9.400000E-8	0.000000E+0	0.000000E+0	1.964247E-4	2.976042E-9	0.000000E+0	0.000000E+0	1.999959E+1	0.000000E+0	4.000000E+0
28-Apr-25	11:34:04	-1.000000E-5	1.716970E+0	-8.000000E-5	-3.060000E-5	-1.500000E-7	-1.800000E-7	5.400000E-8	0.000000E+0	0.000000E+0	1.964247E-4	2.976042E-9	0.000000E+0	0.000000E+0	1.999959E+1	0.000000E+0	4.000000E+0
28-Apr-25	11:34:04	-1.000000E-5	1.725945E+0	-8.000000E-5	-3.045000E-5	-2.500000E-7	-1.540000E-7	3.800000E-8	0.000000E+0	0.000000E+0	1.964247E-4	2.976042E-9	0.000000E+0	0.000000E+0	1.999959E+1	0.000000E+0	4.000000E+0
28-Apr-25	11:34:05	-1.000000E-5	1.735855E+0	-8.000000E-5	-3.050000E-5	-1.500000E-7	-9.400000E-8	8.600000E-8	0.000000E+0	0.000000E+0	1.964247E-4	2.976042E-9	0.000000E+0	0.000000E+0	1.999959E+1	0.000000E+0	4.000000E+0
28-Apr-25	11:34:05	-1.000000E-5	1.744825E+0	-8.000000E-5	-3.045000E-5	-2.000000E-7	-8.000000E-8	1.300000E-7	0.000000E+0	0.000000E+0	1.964247E-4	2.976042E-9	0.000000E+0	0.000000E+0	1.999959E+1	0.000000E+0	4.000000E+0
28-Apr-25	11:34:06	-1.000000E-5	1.754735E+0	-8.000000E-5	-3.045000E-5	-2.500000E-7	-1.740000E-7	9.800000E-8	0.000000E+0	0.000000E+0	1.964247E-4	2.976042E-9	0.000000E+0	0.000000E+0	1.999959E+1	0.000000E+0	4.000000E+0
28-Apr-25	11:34:07	-1.000000E-5	1.765805E+0	-8.000000E-5	-3.050000E-5	-2.500000E-7	-2.880000E-7	-1.200000E-8	0.000000E+0	0.000000E+0	1.964247E-4	2.976042E-9	0.000000E+0	0.000000E+0	1.999959E+1	0.000000E+0	4.000000E+0
28-Apr-25	11:34:07	-1.000000E-5	1.774775E+0	-8.000000E-5	-3.045000E-5	-2.500000E-7	-3.180000E-7	-2.000000E-8	0.000000E+0	0.000000E+0	1.964247E-4	2.976042E-9	0.000000E+0	0.000000E+0	1.999959E+1	0.000000E+0	4.000000E+0
28-Apr-25	11:34:08	-1.000000E-5	1.783755E+0	-8.000000E-5	-3.055000E-5	-3.500000E-7	-2.960000E-7	9.000000E-8	0.000000E+0	0.000000E+0	1.964247E-4	2.976042E-9	0.000000E+0	0.000000E+0	1.999959E+1	0.000000E+0	4.000000E+0
28-Apr-25	11:34:08	-1.000000E-5	1.791820E+0	-8.000000E-5	-3.035000E-5	-3.000000E-7	-2.580000E-7	1.860000E-7	0.000000E+0	0.000000E+0	1.964247E-4	2.976042E-9	0.000000E+0	0.000000E+0	1.999959E+1	0.000000E+0	4.000000E+0
28-Apr-25	11:34:08	-1.000000E-5	1.800830E+0	-8.000000E-5	-3.030000E-5	-1.500000E-7	-2.440000E-7	1.420000E-7	0.000000E+0	0.000000E+0	1.964247E-4	2.976042E-9	0.000000E+0	0.000000E+0	1.999959E+1	0.000000E+0	4.000000E+0
28-Apr-25	11:34:09	-1.000000E-5	1.809855E+0	-8.000000E-5	-3.025000E-5	-2.500000E-7	-2.240000E-7	-6.000000E-8	0.000000E+0	0.000000E+0	1.964247E-4	2.976042E-9	0.000000E+0	0.000000E+0	1.999959E+1	0.000000E+0	4.000000E+0
28-Apr-25	11:34:09	-1.000000E-5	1.818840E+0	-8.000000E-5	-3.030000E-5	-3.000000E-7	-1.300000E-7	-2.560000E-7	0.000000E+0	0.000000E+0	1.964247E-4	2.976042E-9	0.000000E+0	0.000000E+0	1.999959E+1	0.000000E+0	4.000000E+0
28-Apr-25	11:34:10	-1.000000E-5	1.827810E+0	-8.000000E-5	-3.040000E-5	-2.000000E-7	-2.400000E-8	-3.180000E-7	0.000000E+0	0.000000E+0	1.964247E-4	2.976042E-9	0.000000E+0	0.000000E+0	1.999959E+1	0.000000E+0	4.000000E+0
28-Apr-25	11:34:10	-1.000000E-5	1.836780E+0	-8.000000E-5	-3.040000E-5	-2.500000E-7	-1.400000E-8	-2.540000E-7	0.000000E+0	0.000000E+0	1.964247E-4	2.976042E-9	0.000000E+0	0.000000E+0	1.999959E+1	0.000000E+0	4.000000E+0
28-Apr-25	11:34:11	-1.000000E-5	1.845760E+0	-8.000000E-5	-3.045000E-5	-2.500000E-7	-3.200000E-8	-1.420000E-7	0.000000E+0	0.000000E+0	1.964247E-4	2.976042E-9	0.000000E+0	0.000000E+0	1.999959E+1	0.000000E+0	4.000000E+0
28-Apr-25	11:34:11	-1.000000E-5	1.854790E+0	-8.000000E-5	-3.040000E-5	-3.000000E-7	-8.200000E-8	-4.000000E-9	0.000000E+0	0.000000E+0	1.964247E-4	2.976042E-9	0.000000E+0	0.000000E+0	1.999959E+1	0.000000E+0	4.000000E+0
28-Apr-25	11:34:12	-1.000000E-5	1.862835E+0	-8.000000E-5	-3.030000E-5	-3.500000E-7	-1.700000E-7	5.800000E-8	0.000000E+0	0.000000E+0	1.964247E-4	2.976042E-9	0.000000E+0	0.000000E+0	1.999959E+1	0.000000E+0	4.000000E+0
28-Apr-25	11:34:12	-1.000000E-5	1.871830E+0	-8.000000E-5	-3.030000E-5	-4.000000E-7	-2.220000E-7	2.000000E-9	0.000000E+0	0.000000E+0	1.964247E-4	2.976042E-9	0.000000E+0	0.000000E+0	1.999959E+1	0.000000E+0	4.000000E+0
28-Apr-25	11:34:13	-1.000000E-5	1.880785E+0	-8.000000E-5	-3.015000E-5	-3.500000E-7	-1.440000E-7	-1.120000E-7	0.000000E+0	0.000000E+0	1.964247E-4	2.976042E-9	0.000000E+0	0.000000E+0	1.999959E+1	0.000000E+0	4.000000E+0
28-Apr-25	11:34:13	-1.000000E-5	1.889795E+0	-8.000000E-5	-3.020000E-5	-3.500000E-7	-8.000000E-9	-1.300000E-7	0.000000E+0	0.000000E+0	1.964247E-4	2.976042E-9	0.000000E+0	0.000000E+0	1.999959E+1	0.000000E+0	4.000000E+0
28-Apr-25	11:34:14	-1.000000E-5	1.898800E+0	-8.000000E-5	-3.035000E-5	-3.500000E-7	1.000000E-7	-6.600000E-8	0.000000E+0	0.000000E+0	1.964247E-4	2.976042E-9	0.000000E+0	0.000000E+0	1.999959E+1	0.000000E+0	4.000000E+0
28-Apr-25	11:34:14	-1.000000E-5	1.907820E+0	-8.000000E-5	-3.035000E-5	-3.500000E-7	1.060000E-7	-6.600000E-8	0.000000E+0	0.000000E+0	1.964247E-4	2.976042E-9	0.000000E+0	0.000000E+0	1.999959E+1	0.000000E+0	4.000000E+0
28-Apr-25	11:34:15	-1.000000E-5	1.916750E+0	-8.000000E-5	-3.030000E-5	-3.500000E-7	2.400000E-8	-1.600000E-7	0.000000E+0	0.000000E+0	1.964247E-4	2.976042E-9	0.000000E+0	0.000000E+0	1.999959E+1	0.000000E+0	4.000000E+0
28-Apr-25	11:34:15	-1.000000E-5	1.924890E+0	-8.000000E-5	-3.025000E-5	-3.000000E-7	-3.600000E-8	-1.940000E-7	0.000000E+0	0.000000E+0	1.964247E-4	2.976042E-9	0.000000E+0	0.000000E+0	1.999959E+1	0.000000E+0	4.000000E+0
28-Apr-25	11:34:16	-1.000000E-5	1.933845E+0	-8.000000E-5	-3.025000E-5	-2.000000E-7	-3.200000E-8	-1.000000E-7	0.000000E+0	0.000000E+0	1.964247E-4	2.976042E-9	0.000000E+0	0.000000E+0	1.999959E+1	0.000000E+0	4.000000E+0
28-Apr-25	11:34:16	-1.000000E-5	1.941965E+0	-8.000000E-5	-3.015000E-5	-3.000000E-7	-1.000000E-8	1.600000E-8	0.000000E+0	0.000000E+0	1.964247E-4	2.976042E-9	0.000000E+0	0.000000E+0	1.999959E+1	0.000000E+0	4.000000E+0
28-Apr-25	11:34:17	-1.000000E-5	1.950955E+0	-8.000000E-5	-3.030000E-5	-3.000000E-7	2.000000E-9	5.000000E-8	0.000000E+0	0.000000E+0	1.964247E-4	2.976042E-9	0.000000E+0	0.000000E+0	1.999959E+1	0.000000E+0	4.000000E+0
28-Apr-25	11:34:17	-1.000000E-5	1.959935E+0	-8.000000E-5	-3.030000E-5	-4.000000E-7	3.600000E-8	9.400000E-8	0.000000E+0	0.000000E+0	1.964247E-4	2.976042E-9	0.000000E+0	0.000000E+0	1.999959E+1	0.000000E+0	4.000000E+0
28-Apr-25	11:34:18	-1.000000E-5	1.972485E+0	-8.000000E-5	-3.045000E-5	-2.500000E-7	4.200000E-8	7.600000E-8	0.000000E+0	0.000000E+0	1.964247E-4	2.976042E-9	0.000000E+0	0.000000E+0	1.999959E+1	0.000000E+0	4.000000E+0
28-Apr-25	11:34:19	-1.000000E-5	1.984330E+0	-8.000000E-5	-3.010000E-5	-4.000000E-7	-3.800000E-8	-1.380000E-7	0.000000E+0	0.000000E+0	1.964247E-4	2.976042E-9	0.000000E+0	0.000000E+0	1.999959E+1	0.000000E+0	4.000000E+0
28-Apr-25	11:34:19	-1.000000E-5	1.992585E+0	-8.000000E-5	-3.005000E-5	-3.500000E-7	-1.100000E-7	-2.500000E-7	0.000000E+0	0.000000E+0	1.964247E-4	2.976042E-9	0.000000E+0	0.000000E+0	1.999959E+1	0.000000E+0	4.000000E+0
28-Apr-25	11:34:20	-1.000000E-5	2.001450E+0	-8.000000E-5	-3.005000E-5	-3.500000E-7	-1.220000E-7	-1.680000E-7	0.000000E+0	0.000000E+0	1.964247E-4	2.976042E-9	0.000000E+0	0.000000E+0	1.999959E+1	0.000000E+0	4.000000E+0
28-Apr-25	11:34:20	-1.000000E-5	2.010240E+0	-8.000000E-5	-3.020000E-5	-4.500000E-7	-4.800000E-8	4.200000E-8	0.000000E+0	0.000000E+0	1.964247E-4	2.976042E-9	0.000000E+0	0.000000E+0	1.999959E+1	0.000000E+0	4.000000E+0
28-Apr-25	11:34:21	-1.000000E-5	2.019245E+0	-8.000000E-5	-2.995000E-5	-1.000000E-7	2.400000E-8	1.160000E-7	0.000000E+0	0.000000E+0	1.964247E-4	2.976042E-9	0.000000E+0	0.000000E+0	1.999959E+1	0.000000E+0	4.000000E+0
28-Apr-25	11:34:21	-1.000000E-5	2.028495E+0	-8.000000E-5	-2.980000E-5	-5.000000E-8	-1.000000E-8	-4.000000E-9	0.000000E+0	0.000000E+0	1.964247E-4	2.976042E-9	0.000000E+0	0.000000E+0	1.999959E+1	0.000000E+0	4.000000E+0
28-Apr-25	11:34:22	-1.000000E-5	2.041135E+0	-8.000000E-5	-3.005000E-5	-1.500000E-7	-1.940000E-7	-1.180000E-7	0.000000E+0	0.000000E+0	1.964247E-4	2.976042E-9	0.000000E+0	0.000000E+0	1.999959E+1	0.000000E+0	4.000000E+0
28-Apr-25	11:34:23	-1.000000E-5	2.053690E+0	-8.000000E-5	-2.990000E-5	-1.500000E-7	-2.000000E-7	-1.140000E-7	0.000000E+0	0.000000E+0	1.964247E-4	2.976042E-9	0.000000E+0	0.000000E+0	1.999959E+1	0.000000E+0	4.000000E+0
28-Apr-25	11:34:23	-1.000000E-5	2.062660E+0	-8.000000E-5	-3.000000E-5	-2.500000E-7	-1.760000E-7	-1.440000E-7	0.000000E+0	0.000000E+0	1.964247E-4	2.976042E-9	0.000000E+0	0.000000E+0	1.999959E+1	0.000000E+0	4.000000E+0
28-Apr-25	11:34:24	-1.000000E-5	2.071650E+0	-8.000000E-5	-3.015000E-5	-3.500000E-7	-1.860000E-7	-1.500000E-7	0.000000E+0	0.000000E+0	1.964247E-4	2.976042E-9	0.000000E+0	0.000000E+0	1.999959E+1	0.000000E+0	4.000000E+0
28-Apr-25	11:34:24	-1.000000E-5	2.080605E+0	-8.000000E-5	-3.005000E-5	-4.000000E-7	-1.120000E-7	-1.280000E-7	0.000000E+0	0.000000E+0	1.964247E-4	2.976042E-9	0.000000E+0	0.000000E+0	1.999959E+1	0.000000E+0	4.000000E+0
28-Apr-25	11:34:25	-1.000000E-5	2.089645E+0	-8.000000E-5	-3.000000E-5	-1.500000E-7	2.200000E-8	-7.600000E-8	0.000000E+0	0.000000E+0	1.964247E-4	2.976042E-9	0.000000E+0	0.000000E+0	1.999959E+1	0.000000E+0	4.000000E+0
28-Apr-25	11:34:25	-1.000000E-5	2.101490E+0	-8.000000E-5	-2.980000E-5	-2.500000E-7	4.600000E-8	3.400000E-8	0.000000E+0	0.000000E+0	1.964247E-4	2.976042E-9	0.000000E+0	0.000000E+0	1.999959E+1	0.000000E+0	4.000000E+0
28-Apr-25	11:34:26	-1.000000E-5	2.111485E+0	-8.000000E-5	-2.995000E-5	-4.000000E-7	-4.600000E-8	1.060000E-7	0.000000E+0	0.000000E+0	1.964247E-4	2.976042E-9	0.000000E+0	0.000000E+0	1.999959E+1	0.000000E+0	4.000000E+0
28-Apr-25	11:34:26	-1.000000E-5	2.120510E+0	-8.000000E-5	-2.980000E-5	-2.500000E-7	-1.440000E-7	1.520000E-7	0.000000E+0	0.000000E+0	1.964247E-4	2.976042E-9	0.000000E+0	0.000000E+0	1.999959E+1	0.000000E+0	4.000000E+0
28-Apr-25	11:34:27	-1.000000E-5	2.129470E+0	-8.000000E-5	-2.970000E-5	-2.500000E-7	-1.760000E-7	1.080000E-7	0.000000E+0	0.000000E+0	1.964247E-4	2.976042E-9	0.000000E+0	0.000000E+0	1.999959E+1	0.000000E+0	4.000000E+0
28-Apr-25	11:34:27	-1.000000E-5	2.137580E+0	-8.000000E-5	-3.000000E-5	-1.500000E-7	-9.600000E-8	-1.200000E-8	0.000000E+0	0.000000E+0	1.964247E-4	2.976042E-9	0.000000E+0	0.000000E+0	1.999959E+1	0.000000E+0	4.000000E+0
28-Apr-25	11:34:28	-1.000000E-5	2.146555E+0	-8.000000E-5	-2.990000E-5	-2.500000E-7	3.000000E-8	-1.300000E-7	0.000000E+0	0.000000E+0	1.964247E-4	2.976042E-9	0.000000E+0	0.000000E+0	1.999959E+1	0.000000E+0	4.000000E+0
28-Apr-25	11:34:28	-1.000000E-5	2.159115E+0	-8.000000E-5	-2.980000E-5	-3.500000E-7	9.000000E-8	-1.100000E-7	0.000000E+0	0.000000E+0	1.964247E-4	2.976042E-9	0.000000E+0	0.000000E+0	1.999959E+1	0.000000E+0	4.000000E+0
28-Apr-25	11:34:29	-1.000000E-5	2.167220E+0	-8.000000E-5	-2.985000E-5	-5.000000E-7	6.400000E-8	-3.600000E-8	0.000000E+0	0.000000E+0	1.964247E-4	2.976042E-9	0.000000E+0	0.000000E+0	1.999959E+1	0.000000E+0	4.000000E+0
28-Apr-25	11:34:30	-1.000000E-5	2.176170E+0	-8.000000E-5	-2.975000E-5	-3.000000E-7	4.400000E-8	-1.400000E-8	0.000000E+0	0.000000E+0	1.964247E-4	2.976042E-9	0.000000E+0	0.000000E+0	1.999959E+1	0.000000E+0	4.000000E+0
28-Apr-25	11:34:30	-1.000000E-5	2.186100E+0	-8.000000E-5	-2.970000E-5	-2.000000E-7	4.600000E-8	-6.200000E-8	0.000000E+0	0.000000E+0	1.964247E-4	2.976042E-9	0.000000E+0	0.000000E+0	1.999959E+1	0.000000E+0	4.000000E+0
28-Apr-25	11:34:31	-1.000000E-5	2.195215E+0	-8.000000E-5	-2.975000E-5	-2.500000E-7	4.200000E-8	-1.160000E-7	0.000000E+0	0.000000E+0	1.964247E-4	2.976042E-9	0.000000E+0	0.000000E+0	1.999959E+1	0.000000E+0	4.000000E+0
28-Apr-25	11:34:31	-1.000000E-5	2.206165E+0	-8.000000E-5	-2.980000E-5	-2.500000E-7	3.400000E-8	-1.380000E-7	0.000000E+0	0.000000E+0	1.964247E-4	2.976042E-9	0.000000E+0	0.000000E+0	1.999959E+1	0.000000E+0	4.000000E+0
28-Apr-25	11:34:32	-1.000000E-5	2.216020E+0	-8.000000E-5	-2.960000E-5	-1.000000E-7	-3.600000E-8	-1.900000E-7	0.000000E+0	0.000000E+0	1.964247E-4	2.976042E-9	0.000000E+0	0.000000E+0	1.999959E+1	0.000000E+0	4.000000E+0
28-Apr-25	11:34:32	-1.000000E-5	2.226820E+0	-8.000000E-5	-2.975000E-5	-2.500000E-7	-1.760000E-7	-1.980000E-7	0.000000E+0	0.000000E+0	1.964247E-4	2.976042E-9	0.000000E+0	0.000000E+0	1.999959E+1	0.000000E+0	4.000000E+0
28-Apr-25	11:34:33	-1.000000E-5	2.235850E+0	-8.000000E-5	-2.975000E-5	-4.500000E-7	-2.140000E-7	-1.200000E-7	0.000000E+0	0.000000E+0	1.964247E-4	2.976042E-9	0.000000E+0	0.000000E+0	1.999959E+1	0.000000E+0	4.000000E+0
28-Apr-25	11:34:33	-1.000000E-5	2.244790E+0	-8.000000E-5	-2.970000E-5	-1.000000E-7	-1.100000E-7	-3.800000E-8	0.000000E+0	0.000000E+0	1.964247E-4	2.976042E-9	0.000000E+0	0.000000E+0	1.999959E+1	0.000000E+0	4.000000E+0
28-Apr-25	11:34:34	-1.000000E-5	2.253780E+0	-8.000000E-5	-2.960000E-5	-2.500000E-7	-4.600000E-8	2.000000E-9	0.000000E+0	0.000000E+0	1.964247E-4	2.976042E-9	0.000000E+0	0.000000E+0	1.999959E+1	0.000000E+0	4.000000E+0
28-Apr-25	11:34:34	-1.000000E-5	2.263645E+0	-8.000000E-5	-2.965000E-5	-3.500000E-7	-7.600000E-8	4.000000E-8	0.000000E+0	0.000000E+0	1.964247E-4	2.976042E-9	0.000000E+0	0.000000E+0	1.999959E+1	0.000000E+0	4.000000E+0
28-Apr-25	11:34:35	-1.000000E-5	2.272635E+0	-8.000000E-5	-2.975000E-5	-2.000000E-7	-5.200000E-8	3.800000E-8	0.000000E+0	0.000000E+0	1.964247E-4	2.976042E-9	0.000000E+0	0.000000E+0	1.999959E+1	0.000000E+0	4.000000E+0
28-Apr-25	11:34:35	-1.000000E-5	2.280750E+0	-8.000000E-5	-2.955000E-5	-4.000000E-7	3.600000E-8	6.000000E-9	0.000000E+0	0.000000E+0	1.964247E-4	2.976042E-9	0.000000E+0	0.000000E+0	1.999959E+1	0.000000E+0	4.000000E+0
28-Apr-25	11:34:36	-1.000000E-5	2.289740E+0	-8.000000E-5	-2.950000E-5	-3.500000E-7	1.040000E-7	6.800000E-8	0.000000E+0	0.000000E+0	1.964247E-4	2.976042E-9	0.000000E+0	0.000000E+0	1.999959E+1	0.000000E+0	4.000000E+0
28-Apr-25	11:34:36	-1.000000E-5	2.300510E+0	-8.000000E-5	-2.955000E-5	-3.000000E-7	6.400000E-8	2.980000E-7	0.000000E+0	0.000000E+0	1.964247E-4	2.976042E-9	0.000000E+0	0.000000E+0	1.999959E+1	0.000000E+0	4.000000E+0
28-Apr-25	11:34:37	-1.000000E-5	2.309495E+0	-8.000000E-5	-2.945000E-5	-2.500000E-7	-8.000000E-9	3.660000E-7	0.000000E+0	0.000000E+0	1.964247E-4	2.976042E-9	0.000000E+0	0.000000E+0	1.999959E+1	0.000000E+0	4.000000E+0
28-Apr-25	11:34:37	-1.000000E-5	2.318510E+0	-8.000000E-5	-2.955000E-5	-5.000000E-8	-1.400000E-8	2.700000E-7	0.000000E+0	0.000000E+0	1.964247E-4	2.976042E-9	0.000000E+0	0.000000E+0	1.999959E+1	0.000000E+0	4.000000E+0
28-Apr-25	11:34:38	-1.000000E-5	2.327505E+0	-8.000000E-5	-2.950000E-5	-2.500000E-7	3.600000E-8	1.540000E-7	0.000000E+0	0.000000E+0	1.964247E-4	2.976042E-9	0.000000E+0	0.000000E+0	1.999959E+1	0.000000E+0	4.000000E+0
28-Apr-25	11:34:38	-1.000000E-5	2.336485E+0	-8.000000E-5	-2.930000E-5	-3.000000E-7	1.520000E-7	6.600000E-8	0.000000E+0	0.000000E+0	1.964247E-4	2.976042E-9	0.000000E+0	0.000000E+0	1.999959E+1	0.000000E+0	4.000000E+0
28-Apr-25	11:34:39	-1.000000E-5	2.345455E+0	-8.000000E-5	-2.940000E-5	-2.000000E-7	2.840000E-7	-8.000000E-9	0.000000E+0	0.000000E+0	1.964247E-4	2.976042E-9	0.000000E+0	0.000000E+0	1.999959E+1	0.000000E+0	4.000000E+0
28-Apr-25	11:34:39	-1.000000E-5	2.354445E+0	-8.000000E-5	-2.940000E-5	-2.000000E-7	2.640000E-7	-3.600000E-8	0.000000E+0	0.000000E+0	1.964247E-4	2.976042E-9	0.000000E+0	0.000000E+0	1.999959E+1	0.000000E+0	4.000000E+0
28-Apr-25	11:34:40	-1.000000E-5	2.364320E+0	-8.000000E-5	-2.945000E-5	-1.500000E-7	6.800000E-8	-1.400000E-8	0.000000E+0	0.000000E+0	1.964247E-4	2.976042E-9	0.000000E+0	0.000000E+0	1.999959E+1	0.000000E+0	4.000000E+0
28-Apr-25	11:34:40	-1.000000E-5	2.373330E+0	-8.000000E-5	-2.930000E-5	-3.000000E-7	-3.600000E-8	3.400000E-8	0.000000E+0	0.000000E+0	1.964247E-4	2.976042E-9	0.000000E+0	0.000000E+0	1.999959E+1	0.000000E+0	4.000000E+0
28-Apr-25	11:34:41	-1.000000E-5	2.381430E+0	-8.000000E-5	-2.930000E-5	-4.500000E-7	1.000000E-8	6.000000E-8	0.000000E+0	0.000000E+0	1.964247E-4	2.976042E-9	0.000000E+0	0.000000E+0	1.999959E+1	0.000000E+0	4.000000E+0
28-Apr-25	11:34:41	-1.000000E-5	2.390385E+0	-8.000000E-5	-2.955000E-5	-2.500000E-7	7.000000E-8	3.200000E-8	0.000000E+0	0.000000E+0	1.964247E-4	2.976042E-9	0.000000E+0	0.000000E+0	1.999959E+1	0.000000E+0	4.000000E+0
28-Apr-25	11:34:42	-1.000000E-5	2.399370E+0	-8.000000E-5	-2.930000E-5	-1.500000E-7	2.600000E-8	0.000000E+0	0.000000E+0	0.000000E+0	1.964247E-4	2.976042E-9	0.000000E+0	0.000000E+0	1.999959E+1	0.000000E+0	4.000000E+0
28-Apr-25	11:34:42	-1.000000E-5	2.408365E+0	-8.000000E-5	-2.935000E-5	-1.000000E-7	-8.000000E-9	1.600000E-8	0.000000E+0	0.000000E+0	1.964247E-4	2.976042E-9	0.000000E+0	0.000000E+0	1.999959E+1	0.000000E+0	4.000000E+0
28-Apr-25	11:34:43	-1.000000E-5	2.417375E+0	-8.000000E-5	-2.930000E-5	-2.000000E-7	1.080000E-7	4.400000E-8	0.000000E+0	0.000000E+0	1.964247E-4	2.976042E-9	0.000000E+0	0.000000E+0	1.999959E+1	0.000000E+0	4.000000E+0
28-Apr-25	11:34:43	-1.000000E-5	2.426345E+0	-8.000000E-5	-2.935000E-5	-2.500000E-7	2.480000E-7	3.400000E-8	0.000000E+0	0.000000E+0	1.964247E-4	2.976042E-9	0.000000E+0	0.000000E+0	1.999959E+1	0.000000E+0	4.000000E+0
28-Apr-25	11:34:44	-1.000000E-5	2.438910E+0	-8.000000E-5	-2.930000E-5	-2.500000E-7	1.740000E-7	0.000000E+0	0.000000E+0	0.000000E+0	1.964247E-4	2.976042E-9	0.000000E+0	0.000000E+0	1.999959E+1	0.000000E+0	4.000000E+0
28-Apr-25	11:34:45	-1.000000E-5	2.448935E+0	-8.000000E-5	-2.920000E-5	-3.000000E-7	4.200000E-8	2.600000E-8	0.000000E+0	0.000000E+0	1.964247E-4	2.976042E-9	0.000000E+0	0.000000E+0	1.999959E+1	0.000000E+0	4.000000E+0
28-Apr-25	11:34:45	-1.000000E-5	2.458060E+0	-8.000000E-5	-2.930000E-5	-3.000000E-7	1.000000E-8	9.800000E-8	0.000000E+0	0.000000E+0	1.964247E-4	2.976042E-9	0.000000E+0	0.000000E+0	1.999959E+1	0.000000E+0	4.000000E+0
28-Apr-25	11:34:46	-1.000000E-5	2.467100E+0	-8.000000E-5	-2.935000E-5	-1.000000E-7	4.000000E-9	1.520000E-7	0.000000E+0	0.000000E+0	1.964247E-4	2.976042E-9	0.000000E+0	0.000000E+0	1.999959E+1	0.000000E+0	4.000000E+0
28-Apr-25	11:34:46	-1.000000E-5	2.476100E+0	-8.000000E-5	-2.925000E-5	-2.000000E-7	-4.200000E-8	1.280000E-7	0.000000E+0	0.000000E+0	1.964247E-4	2.976042E-9	0.000000E+0	0.000000E+0	1.999959E+1	0.000000E+0	4.000000E+0
28-Apr-25	11:34:47	-1.000000E-5	2.488635E+0	-8.000000E-5	-2.930000E-5	-1.500000E-7	-4.800000E-8	3.600000E-8	0.000000E+0	0.000000E+0	1.964247E-4	2.976042E-9	0.000000E+0	0.000000E+0	1.999959E+1	0.000000E+0	4.000000E+0
28-Apr-25	11:34:47	-1.000000E-5	2.496740E+0	-8.000000E-5	-2.925000E-5	-2.000000E-7	1.400000E-8	-2.200000E-8	0.000000E+0	0.000000E+0	1.964247E-4	2.976042E-9	0.000000E+0	0.000000E+0	1.999959E+1	0.000000E+0	4.000000E+0
28-Apr-25	11:34:48	-1.000000E-5	2.505705E+0	-8.000000E-5	-2.920000E-5	-2.500000E-7	9.000000E-8	-9.000000E-8	0.000000E+0	0.000000E+0	1.964247E-4	2.976042E-9	0.000000E+0	0.000000E+0	1.999959E+1	0.000000E+0	4.000000E+0
28-Apr-25	11:34:48	-1.000000E-5	2.514745E+0	-8.000000E-5	-2.905000E-5	-5.000000E-7	1.380000E-7	-1.260000E-7	0.000000E+0	0.000000E+0	1.964247E-4	2.976042E-9	0.000000E+0	0.000000E+0	1.999959E+1	0.000000E+0	4.000000E+0
28-Apr-25	11:34:49	-1.000000E-5	2.523705E+0	-8.000000E-5	-2.910000E-5	-5.000000E-8	1.020000E-7	-1.060000E-7	0.000000E+0	0.000000E+0	1.964247E-4	2.976042E-9	0.000000E+0	0.000000E+0	1.999959E+1	0.000000E+0	4.000000E+0
28-Apr-25	11:34:49	-1.000000E-5	2.532695E+0	-8.000000E-5	-2.900000E-5	-1.000000E-7	-6.000000E-9	-1.000000E-7	0.000000E+0	0.000000E+0	1.964247E-4	2.976042E-9	0.000000E+0	0.000000E+0	1.999959E+1	0.000000E+0	4.000000E+0
28-Apr-25	11:34:50	-1.000000E-5	2.544360E+0	-8.000000E-5	-2.910000E-5	-3.500000E-7	-8.000000E-8	-1.380000E-7	0.000000E+0	0.000000E+0	1.964247E-4	2.976042E-9	0.000000E+0	0.000000E+0	1.999959E+1	0.000000E+0	4.000000E+0
28-Apr-25	11:34:50	-1.000000E-5	2.553335E+0	-8.000000E-5	-2.920000E-5	-2.500000E-7	-4.200000E-8	-1.140000E-7	0.000000E+0	0.000000E+0	1.964247E-4	2.976042E-9	0.000000E+0	0.000000E+0	1.999959E+1	0.000000E+0	4.000000E+0
28-Apr-25	11:34:51	-1.000000E-5	2.562365E+0	-8.000000E-5	-2.910000E-5	-1.500000E-7	0.000000E+0	0.000000E+0	0.000000E+0	0.000000E+0	1.964247E-4	2.976042E-9	0.000000E+0	0.000000E+0	1.999959E+1	0.000000E+0	4.000000E+0
28-Apr-25	11:34:51	-1.000000E-5	2.571490E+0	-8.000000E-5	-2.895000E-5	-2.500000E-7	7.600000E-8	6.800000E-8	0.000000E+0	0.000000E+0	1.964247E-4	2.976042E-9	0.000000E+0	0.000000E+0	1.999959E+1	0.000000E+0	4.000000E+0
28-Apr-25	11:34:52	-1.000000E-5	2.579415E+0	-8.000000E-5	-2.915000E-5	-1.500000E-7	2.600000E-7	7.000000E-8	0.000000E+0	0.000000E+0	1.964247E-4	2.976042E-9	0.000000E+0	0.000000E+0	1.999959E+1	0.000000E+0	4.000000E+0
28-Apr-25	11:34:53	-1.000000E-5	2.590500E+0	-8.000000E-5	-2.910000E-5	-1.500000E-7	4.660000E-7	6.800000E-8	0.000000E+0	0.000000E+0	1.964247E-4	2.976042E-9	0.000000E+0	0.000000E+0	1.999959E+1	0.000000E+0	4.000000E+0
28-Apr-25	11:34:53	-1.000000E-5	2.603080E+0	-8.000000E-5	-2.890000E-5	-4.000000E-7	4.940000E-7	1.360000E-7	0.000000E+0	0.000000E+0	1.964247E-4	2.976042E-9	0.000000E+0	0.000000E+0	1.999959E+1	0.000000E+0	4.000000E+0
28-Apr-25	11:34:54	-1.000000E-5	2.612075E+0	-8.000000E-5	-2.895000E-5	-4.500000E-7	4.580000E-7	1.380000E-7	0.000000E+0	0.000000E+0	1.964247E-4	2.976042E-9	0.000000E+0	0.000000E+0	1.999959E+1	0.000000E+0	4.000000E+0
28-Apr-25	11:34:54	-1.000000E-5	2.623735E+0	-8.000000E-5	-2.870000E-5	-1.000000E-7	2.500000E-7	9.200000E-8	0.000000E+0	0.000000E+0	1.964247E-4	2.976042E-9	0.000000E+0	0.000000E+0	1.999959E+1	0.000000E+0	4.000000E+0
28-Apr-25	11:34:55	-1.000000E-5	2.633585E+0	-8.000000E-5	-2.900000E-5	-3.000000E-7	5.800000E-8	9.000000E-8	0.000000E+0	0.000000E+0	1.964247E-4	2.976042E-9	0.000000E+0	0.000000E+0	1.999959E+1	0.000000E+0	4.000000E+0
28-Apr-25	11:34:55	-1.000000E-5	2.642815E+0	-8.000000E-5	-2.925000E-5	-2.500000E-7	-2.000000E-8	4.800000E-8	0.000000E+0	0.000000E+0	1.964247E-4	2.976042E-9	0.000000E+0	0.000000E+0	1.999959E+1	0.000000E+0	4.000000E+0
28-Apr-25	11:34:56	-1.000000E-5	2.651570E+0	-8.000000E-5	-2.900000E-5	-3.000000E-7	-2.200000E-8	-2.800000E-8	0.000000E+0	0.000000E+0	1.964247E-4	2.976042E-9	0.000000E+0	0.000000E+0	1.999959E+1	0.000000E+0	4.000000E+0
28-Apr-25	11:34:56	-1.000000E-5	2.659725E+0	-8.000000E-5	-2.890000E-5	-2.000000E-7	-2.800000E-8	-6.200000E-8	0.000000E+0	0.000000E+0	1.964247E-4	2.976042E-9	0.000000E+0	0.000000E+0	1.999959E+1	0.000000E+0	4.000000E+0
28-Apr-25	11:34:57	-1.000000E-5	2.668580E+0	-8.000000E-5	-2.875000E-5	-2.500000E-7	-3.000000E-8	-3.600000E-8	0.000000E+0	0.000000E+0	1.964247E-4	2.976042E-9	0.000000E+0	0.000000E+0	1.999959E+1	0.000000E+0	4.000000E+0
28-Apr-25	11:34:57	-1.000000E-5	2.677410E+0	-8.000000E-5	-2.875000E-5	-3.500000E-7	-6.800000E-8	9.200000E-8	0.000000E+0	0.000000E+0	1.964247E-4	2.976042E-9	0.000000E+0	0.000000E+0	1.999959E+1	0.000000E+0	4.000000E+0
28-Apr-25	11:34:58	-1.000000E-5	2.687990E+0	-8.000000E-5	-2.880000E-5	-1.500000E-7	-1.680000E-7	2.400000E-7	0.000000E+0	0.000000E+0	1.964247E-4	2.976042E-9	0.000000E+0	0.000000E+0	1.999959E+1	0.000000E+0	4.000000E+0
28-Apr-25	11:34:58	-1.000000E-5	2.696765E+0	-8.000000E-5	-2.890000E-5	-2.500000E-7	-2.160000E-7	2.640000E-7	0.000000E+0	0.000000E+0	1.964247E-4	2.976042E-9	0.000000E+0	0.000000E+0	1.999959E+1	0.000000E+0	4.000000E+0
28-Apr-25	11:34:59	-1.000000E-5	2.705510E+0	-8.000000E-5	-2.885000E-5	0.000000E+0	-1.380000E-7	1.360000E-7	0.000000E+0	0.000000E+0	1.964247E-4	2.976042E-9	0.000000E+0	0.000000E+0	1.999959E+1	0.000000E+0	4.000000E+0
28-Apr-25	11:35:00	-1.000000E-5	2.715110E+0	-8.000000E-5	-2.895000E-5	-1.000000E-7	-1.400000E-8	-6.200000E-8	0.000000E+0	0.000000E+0	1.964247E-4	2.976042E-9	0.000000E+0	0.000000E+0	1.999959E+1	0.000000E+0	4.000000E+0
28-Apr-25	11:35:00	-1.000000E-5	2.723815E+0	-8.000000E-5	-2.895000E-5	-2.500000E-7	5.600000E-8	-2.500000E-7	0.000000E+0	0.000000E+0	1.964247E-4	2.976042E-9	0.000000E+0	0.000000E+0	1.999959E+1	0.000000E+0	4.000000E+0
28-Apr-25	11:35:01	-1.000000E-5	2.732495E+0	-8.000000E-5	-2.890000E-5	-3.000000E-7	6.400000E-8	-3.200000E-7	0.000000E+0	0.000000E+0	1.964247E-4	2.976042E-9	0.000000E+0	0.000000E+0	1.999959E+1	0.000000E+0	4.000000E+0
28-Apr-25	11:35:01	-1.000000E-5	2.740285E+0	-8.000000E-5	-2.875000E-5	-3.000000E-7	5.600000E-8	-2.260000E-7	0.000000E+0	0.000000E+0	1.964247E-4	2.976042E-9	0.000000E+0	0.000000E+0	1.999959E+1	0.000000E+0	4.000000E+0
28-Apr-25	11:35:01	-1.000000E-5	2.748060E+0	-8.000000E-5	-2.890000E-5	-2.500000E-7	6.000000E-8	-6.400000E-8	0.000000E+0	0.000000E+0	1.964247E-4	2.976042E-9	0.000000E+0	0.000000E+0	1.999959E+1	0.000000E+0	4.000000E+0
28-Apr-25	11:35:02	-1.000000E-5	2.756670E+0	-8.000000E-5	-2.895000E-5	-2.500000E-7	3.600000E-8	4.600000E-8	0.000000E+0	0.000000E+0	1.964247E-4	2.976042E-9	0.000000E+0	0.000000E+0	1.999959E+1	0.000000E+0	4.000000E+0
28-Apr-25	11:35:02	-1.000000E-5	2.765255E+0	-8.000000E-5	-2.890000E-5	-1.500000E-7	-1.200000E-8	3.200000E-8	0.000000E+0	0.000000E+0	1.964247E-4	2.976042E-9	0.000000E+0	0.000000E+0	1.999959E+1	0.000000E+0	4.000000E+0
28-Apr-25	11:35:03	-1.000000E-5	2.773805E+0	-8.000000E-5	-2.870000E-5	-2.500000E-7	-4.000000E-8	-1.100000E-7	0.000000E+0	0.000000E+0	1.964247E-4	2.976042E-9	0.000000E+0	0.000000E+0	1.999959E+1	0.000000E+0	4.000000E+0
28-Apr-25	11:35:04	-1.000000E-5	2.782340E+0	-8.000000E-5	-2.860000E-5	-2.500000E-7	-2.400000E-8	-2.760000E-7	0.000000E+0	0.000000E+0	1.964247E-4	2.976042E-9	0.000000E+0	0.000000E+0	1.999959E+1	0.000000E+0	4.000000E+0
28-Apr-25	11:35:04	-1.000000E-5	2.791700E+0	-8.000000E-5	-2.870000E-5	0.000000E+0	-2.000000E-9	-2.880000E-7	0.000000E+0	0.000000E+0	1.964247E-4	2.976042E-9	0.000000E+0	0.000000E+0	1.999959E+1	0.000000E+0	4.000000E+0
28-Apr-25	11:35:04	-1.000000E-5	2.800190E+0	-8.000000E-5	-2.875000E-5	-5.000000E-8	-2.800000E-8	-1.180000E-7	0.000000E+0	0.000000E+0	1.964247E-4	2.976042E-9	0.000000E+0	0.000000E+0	1.999959E+1	0.000000E+0	4.000000E+0
28-Apr-25	11:35:05	-1.000000E-5	2.808645E+0	-8.000000E-5	-2.850000E-5	-3.500000E-7	-6.200000E-8	3.200000E-8	0.000000E+0	0.000000E+0	1.964247E-4	2.976042E-9	0.000000E+0	0.000000E+0	1.999959E+1	0.000000E+0	4.000000E+0
28-Apr-25	11:35:05	-1.000000E-5	2.817085E+0	-8.000000E-5	-2.860000E-5	-1.000000E-7	-5.800000E-8	-8.000000E-9	0.000000E+0	0.000000E+0	1.964247E-4	2.976042E-9	0.000000E+0	0.000000E+0	1.999959E+1	0.000000E+0	4.000000E+0
28-Apr-25	11:35:06	-1.000000E-5	2.825485E+0	-8.000000E-5	-2.860000E-5	0.000000E+0	-5.600000E-8	-1.120000E-7	0.000000E+0	0.000000E+0	1.964247E-4	2.976042E-9	0.000000E+0	0.000000E+0	1.999959E+1	0.000000E+0	4.000000E+0
28-Apr-25	11:35:06	-1.000000E-5	2.833015E+0	-8.000000E-5	-2.850000E-5	-1.000000E-7	-4.000000E-8	-9.800000E-8	0.000000E+0	0.000000E+0	1.964247E-4	2.976042E-9	0.000000E+0	0.000000E+0	1.999959E+1	0.000000E+0	4.000000E+0
28-Apr-25	11:35:07	-1.000000E-5	2.841380E+0	-8.000000E-5	-2.870000E-5	-1.500000E-7	7.000000E-8	2.000000E-9	0.000000E+0	0.000000E+0	1.964247E-4	2.976042E-9	0.000000E+0	0.000000E+0	1.999959E+1	0.000000E+0	4.000000E+0
28-Apr-25	11:35:08	-1.000000E-5	2.849740E+0	-8.000000E-5	-2.875000E-5	0.000000E+0	2.380000E-7	5.600000E-8	0.000000E+0	0.000000E+0	1.964247E-4	2.976042E-9	0.000000E+0	0.000000E+0	1.999959E+1	0.000000E+0	4.000000E+0
28-Apr-25	11:35:08	-1.000000E-5	2.859010E+0	-8.000000E-5	-2.865000E-5	-5.000000E-8	2.900000E-7	1.080000E-7	0.000000E+0	0.000000E+0	1.964247E-4	2.976042E-9	0.000000E+0	0.000000E+0	1.999959E+1	0.000000E+0	4.000000E+0
28-Apr-25	11:35:09	-1.000000E-5	2.868120E+0	-8.000000E-5	-2.870000E-5	-1.000000E-7	1.700000E-7	2.800000E-7	0.000000E+0	0.000000E+0	1.964247E-4	2.976042E-9	0.000000E+0	0.000000E+0	1.999959E+1	0.000000E+0	4.000000E+0
28-Apr-25	11:35:09	-1.000000E-5	2.880645E+0	-8.000000E-5	-2.860000E-5	-1.500000E-7	7.800000E-8	2.040000E-7	0.000000E+0	0.000000E+0	1.964247E-4	2.976042E-9	0.000000E+0	0.000000E+0	1.999959E+1	0.000000E+0	4.000000E+0
28-Apr-25	11:35:10	-1.000000E-5	2.888875E+0	-8.000000E-5	-2.820000E-5	-3.000000E-7	7.000000E-8	-3.800000E-8	0.000000E+0	0.000000E+0	1.964247E-4	2.976042E-9	0.000000E+0	0.000000E+0	1.999959E+1	0.000000E+0	4.000000E+0
28-Apr-25	11:35:10	-1.000000E-5	2.897070E+0	-8.000000E-5	-2.845000E-5	-5.000000E-7	1.020000E-7	-1.640000E-7	0.000000E+0	0.000000E+0	1.964247E-4	2.976042E-9	0.000000E+0	0.000000E+0	1.999959E+1	0.000000E+0	4.000000E+0
28-Apr-25	11:35:11	-1.000000E-5	2.905245E+0	-8.000000E-5	-2.835000E-5	-3.000000E-7	1.240000E-7	-1.820000E-7	0.000000E+0	0.000000E+0	1.964247E-4	2.976042E-9	0.000000E+0	0.000000E+0	1.999959E+1	0.000000E+0	4.000000E+0
28-Apr-25	11:35:11	-1.000000E-5	2.912585E+0	-8.000000E-5	-2.835000E-5	-4.000000E-7	9.400000E-8	-1.720000E-7	0.000000E+0	0.000000E+0	1.964247E-4	2.976042E-9	0.000000E+0	0.000000E+0	1.999959E+1	0.000000E+0	4.000000E+0
28-Apr-25	11:35:12	-1.000000E-5	2.920720E+0	-8.000000E-5	-2.815000E-5	-2.000000E-7	3.400000E-8	-1.900000E-7	0.000000E+0	0.000000E+0	1.964247E-4	2.976042E-9	0.000000E+0	0.000000E+0	1.999959E+1	0.000000E+0	4.000000E+0
28-Apr-25	11:35:12	-1.000000E-5	2.928955E+0	-8.000000E-5	-2.815000E-5	-1.500000E-7	-1.800000E-8	-2.180000E-7	0.000000E+0	0.000000E+0	1.964247E-4	2.976042E-9	0.000000E+0	0.000000E+0	1.999959E+1	0.000000E+0	4.000000E+0
28-Apr-25	11:35:13	-1.000000E-5	2.938510E+0	-8.000000E-5	-2.810000E-5	-1.500000E-7	2.800000E-8	-2.420000E-7	0.000000E+0	0.000000E+0	1.964247E-4	2.976042E-9	0.000000E+0	0.000000E+0	1.999959E+1	0.000000E+0	4.000000E+0
28-Apr-25	11:35:13	-1.000000E-5	2.946825E+0	-8.000000E-5	-2.845000E-5	-2.500000E-7	1.400000E-7	-3.040000E-7	0.000000E+0	0.000000E+0	1.964247E-4	2.976042E-9	0.000000E+0	0.000000E+0	1.999959E+1	0.000000E+0	4.000000E+0
28-Apr-25	11:35:14	-1.000000E-5	2.954860E+0	-8.000000E-5	-2.850000E-5	-2.000000E-7	1.700000E-7	-3.500000E-7	0.000000E+0	0.000000E+0	1.964247E-4	2.976042E-9	0.000000E+0	0.000000E+0	1.999959E+1	0.000000E+0	4.000000E+0
28-Apr-25	11:35:14	-1.000000E-5	2.962865E+0	-8.000000E-5	-2.845000E-5	-2.000000E-7	6.600000E-8	-3.380000E-7	0.000000E+0	0.000000E+0	1.964247E-4	2.976042E-9	0.000000E+0	0.000000E+0	1.999959E+1	0.000000E+0	4.000000E+0
28-Apr-25	11:35:15	-1.000000E-5	2.970080E+0	-8.000000E-5	-2.840000E-5	-2.500000E-7	-4.400000E-8	-3.120000E-7	0.000000E+0	0.000000E+0	1.964247E-4	2.976042E-9	0.000000E+0	0.000000E+0	1.999959E+1	0.000000E+0	4.000000E+0
28-Apr-25	11:35:15	-1.000000E-5	2.978045E+0	-8.000000E-5	-2.835000E-5	-3.500000E-7	-5.000000E-8	-2.980000E-7	0.000000E+0	0.000000E+0	1.964247E-4	2.976042E-9	0.000000E+0	0.000000E+0	1.999959E+1	0.000000E+0	4.000000E+0
28-Apr-25	11:35:16	-1.000000E-5	2.985185E+0	-8.000000E-5	-2.830000E-5	-3.500000E-7	2.600000E-8	-2.500000E-7	0.000000E+0	0.000000E+0	1.964247E-4	2.976042E-9	0.000000E+0	0.000000E+0	1.999959E+1	0.000000E+0	4.000000E+0
28-Apr-25	11:35:16	-1.000000E-5	2.993105E+0	-8.000000E-5	-2.820000E-5	-2.500000E-7	8.200000E-8	-1.600000E-7	0.000000E+0	0.000000E+0	1.964247E-4	2.976042E-9	0.000000E+0	0.000000E+0	1.999959E+1	0.000000E+0	4.000000E+0
28-Apr-25	11:35:17	-1.000000E-5	3.001800E+0	-8.000000E-5	-2.830000E-5	-1.500000E-7	6.400000E-8	-6.000000E-8	0.000000E+0	0.000000E+0	1.964247E-4	2.976042E-9	0.000000E+0	0.000000E+0	1.999959E+1	0.000000E+0	4.000000E+0
28-Apr-25	11:35:17	-1.000000E-5	3.010455E+0	-8.000000E-5	-2.840000E-5	-3.500000E-7	1.200000E-8	-4.000000E-9	0.000000E+0	0.000000E+0	1.964247E-4	2.976042E-9	0.000000E+0	0.000000E+0	1.999959E+1	0.000000E+0	4.000000E+0
28-Apr-25	11:35:18	-1.000000E-5	3.019095E+0	-8.000000E-5	-2.825000E-5	-4.500000E-7	4.000000E-8	8.000000E-9	0.000000E+0	0.000000E+0	1.964247E-4	2.976042E-9	0.000000E+0	0.000000E+0	1.999959E+1	0.000000E+0	4.000000E+0
28-Apr-25	11:35:18	-1.000000E-5	3.026125E+0	-8.000000E-5	-2.805000E-5	-2.500000E-7	1.160000E-7	6.000000E-8	0.000000E+0	0.000000E+0	1.964247E-4	2.976042E-9	0.000000E+0	0.000000E+0	1.999959E+1	0.000000E+0	4.000000E+0
28-Apr-25	11:35:19	-1.000000E-5	3.034725E+0	-8.000000E-5	-2.825000E-5	-3.500000E-7	2.000000E-7	2.000000E-7	0.000000E+0	0.000000E+0	1.964247E-4	2.976042E-9	0.000000E+0	0.000000E+0	1.999959E+1	0.000000E+0	4.000000E+0
28-Apr-25	11:35:19	-1.000000E-5	3.043405E+0	-8.000000E-5	-2.825000E-5	-1.500000E-7	2.460000E-7	2.980000E-7	0.000000E+0	0.000000E+0	1.964247E-4	2.976042E-9	0.000000E+0	0.000000E+0	1.999959E+1	0.000000E+0	4.000000E+0
28-Apr-25	11:35:20	-1.000000E-5	3.051030E+0	-8.000000E-5	-2.840000E-5	-3.000000E-7	2.080000E-7	2.380000E-7	0.000000E+0	0.000000E+0	1.964247E-4	2.976042E-9	0.000000E+0	0.000000E+0	1.999959E+1	0.000000E+0	4.000000E+0
28-Apr-25	11:35:20	-1.000000E-5	3.058110E+0	-8.000000E-5	-2.835000E-5	-3.000000E-7	1.120000E-7	1.760000E-7	0.000000E+0	0.000000E+0	1.964247E-4	2.976042E-9	0.000000E+0	0.000000E+0	1.999959E+1	0.000000E+0	4.000000E+0
28-Apr-25	11:35:21	-1.000000E-5	3.065700E+0	-8.000000E-5	-2.845000E-5	-3.500000E-7	-2.400000E-8	2.180000E-7	0.000000E+0	0.000000E+0	1.964247E-4	2.976042E-9	0.000000E+0	0.000000E+0	1.999959E+1	0.000000E+0	4.000000E+0
28-Apr-25	11:35:21	-1.000000E-5	3.072615E+0	-8.000000E-5	-2.830000E-5	-2.000000E-7	-1.680000E-7	3.320000E-7	0.000000E+0	0.000000E+0	1.964247E-4	2.976042E-9	0.000000E+0	0.000000E+0	1.999959E+1	0.000000E+0	4.000000E+0
28-Apr-25	11:35:22	-1.000000E-5	3.080410E+0	-8.000000E-5	-2.825000E-5	-1.500000E-7	-2.260000E-7	3.780000E-7	0.000000E+0	0.000000E+0	1.964247E-4	2.976042E-9	0.000000E+0	0.000000E+0	1.999959E+1	0.000000E+0	4.000000E+0
28-Apr-25	11:35:22	-1.000000E-5	3.088945E+0	-8.000000E-5	-2.825000E-5	-1.500000E-7	-1.580000E-7	2.960000E-7	0.000000E+0	0.000000E+0	1.964247E-4	2.976042E-9	0.000000E+0	0.000000E+0	1.999959E+1	0.000000E+0	4.000000E+0
28-Apr-25	11:35:23	-1.000000E-5	3.096575E+0	-8.000000E-5	-2.815000E-5	-1.500000E-7	-1.000000E-8	2.200000E-7	0.000000E+0	0.000000E+0	1.964247E-4	2.976042E-9	0.000000E+0	0.000000E+0	1.999959E+1	0.000000E+0	4.000000E+0
28-Apr-25	11:35:23	-1.000000E-5	3.103425E+0	-8.000000E-5	-2.815000E-5	-1.000000E-7	1.420000E-7	2.140000E-7	0.000000E+0	0.000000E+0	1.964247E-4	2.976042E-9	0.000000E+0	0.000000E+0	1.999959E+1	0.000000E+0	4.000000E+0
28-Apr-25	11:35:24	-1.000000E-5	3.111000E+0	-8.000000E-5	-2.805000E-5	0.000000E+0	2.340000E-7	2.340000E-7	0.000000E+0	0.000000E+0	1.964247E-4	2.976042E-9	0.000000E+0	0.000000E+0	1.999959E+1	0.000000E+0	4.000000E+0
28-Apr-25	11:35:24	-1.000000E-5	3.118540E+0	-8.000000E-5	-2.820000E-5	-5.000000E-8	1.820000E-7	2.380000E-7	0.000000E+0	0.000000E+0	1.964247E-4	2.976042E-9	0.000000E+0	0.000000E+0	1.999959E+1	0.000000E+0	4.000000E+0
28-Apr-25	11:35:25	-1.000000E-5	3.126080E+0	-8.000000E-5	-2.820000E-5	-2.000000E-7	8.000000E-8	2.360000E-7	0.000000E+0	0.000000E+0	1.964247E-4	2.976042E-9	0.000000E+0	0.000000E+0	1.999959E+1	0.000000E+0	4.000000E+0
28-Apr-25	11:35:25	-1.000000E-5	3.133595E+0	-8.000000E-5	-2.835000E-5	-2.000000E-7	3.000000E-8	2.040000E-7	0.000000E+0	0.000000E+0	1.964247E-4	2.976042E-9	0.000000E+0	0.000000E+0	1.999959E+1	0.000000E+0	4.000000E+0
28-Apr-25	11:35:26	-1.000000E-5	3.141085E+0	-8.000000E-5	-2.775000E-5	0.000000E+0	5.000000E-8	1.420000E-7	0.000000E+0	0.000000E+0	1.964247E-4	2.976042E-9	0.000000E+0	0.000000E+0	1.999959E+1	0.000000E+0	4.000000E+0
28-Apr-25	11:35:26	-1.000000E-5	3.149300E+0	-8.000000E-5	-2.835000E-5	1.500000E-7	1.100000E-7	5.400000E-8	0.000000E+0	0.000000E+0	1.964247E-4	2.976042E-9	0.000000E+0	0.000000E+0	1.999959E+1	0.000000E+0	4.000000E+0
28-Apr-25	11:35:27	-1.000000E-5	3.156735E+0	-8.000000E-5	-2.820000E-5	-1.500000E-7	1.520000E-7	-3.000000E-8	0.000000E+0	0.000000E+0	1.964247E-4	2.976042E-9	0.000000E+0	0.000000E+0	1.999959E+1	0.000000E+0	4.000000E+0
28-Apr-25	11:35:28	-1.000000E-5	3.164160E+0	-8.000000E-5	-2.805000E-5	-3.500000E-7	1.460000E-7	-9.200000E-8	0.000000E+0	0.000000E+0	1.964247E-4	2.976042E-9	0.000000E+0	0.000000E+0	1.999959E+1	0.000000E+0	4.000000E+0
28-Apr-25	11:35:28	-1.000000E-5	3.173800E+0	-8.000000E-5	-2.810000E-5	-2.500000E-7	2.200000E-8	-9.800000E-8	0.000000E+0	0.000000E+0	1.964247E-4	2.976042E-9	0.000000E+0	0.000000E+0	1.999959E+1	0.000000E+0	4.000000E+0
28-Apr-25	11:35:29	-1.000000E-5	3.181165E+0	-8.000000E-5	-2.790000E-5	-5.000000E-8	-1.120000E-7	-7.200000E-8	0.000000E+0	0.000000E+0	1.964247E-4	2.976042E-9	0.000000E+0	0.000000E+0	1.999959E+1	0.000000E+0	4.000000E+0
28-Apr-25	11:35:29	-1.000000E-5	3.189385E+0	-8.000000E-5	-2.810000E-5	0.000000E+0	-1.620000E-7	-3.600000E-8	0.000000E+0	0.000000E+0	1.964247E-4	2.976042E-9	0.000000E+0	0.000000E+0	1.999959E+1	0.000000E+0	4.000000E+0
28-Apr-25	11:35:30	-1.000000E-5	3.196840E+0	-8.000000E-5	-2.805000E-5	-1.000000E-7	-1.360000E-7	1.000000E-8	0.000000E+0	0.000000E+0	1.964247E-4	2.976042E-9	0.000000E+0	0.000000E+0	1.999959E+1	0.000000E+0	4.000000E+0
28-Apr-25	11:35:30	-1.000000E-5	3.204875E+0	-8.000000E-5	-2.800000E-5	-2.000000E-7	-8.400000E-8	3.800000E-8	0.000000E+0	0.000000E+0	1.964247E-4	2.976042E-9	0.000000E+0	0.000000E+0	1.999959E+1	0.000000E+0	4.000000E+0
28-Apr-25	11:35:31	-1.000000E-5	3.211420E+0	-8.000000E-5	-2.790000E-5	-5.000000E-8	0.000000E+0	3.000000E-8	0.000000E+0	0.000000E+0	1.964247E-4	2.976042E-9	0.000000E+0	0.000000E+0	1.999959E+1	0.000000E+0	4.000000E+0
28-Apr-25	11:35:31	-1.000000E-5	3.217965E+0	-8.000000E-5	-2.815000E-5	1.000000E-7	3.400000E-8	1.400000E-8	0.000000E+0	0.000000E+0	1.964247E-4	2.976042E-9	0.000000E+0	0.000000E+0	1.999959E+1	0.000000E+0	4.000000E+0
28-Apr-25	11:35:32	-1.000000E-5	3.225210E+0	-8.000000E-5	-2.785000E-5	-1.000000E-7	-5.600000E-8	5.000000E-8	0.000000E+0	0.000000E+0	1.964247E-4	2.976042E-9	0.000000E+0	0.000000E+0	1.999959E+1	0.000000E+0	4.000000E+0
28-Apr-25	11:35:32	-1.000000E-5	3.232420E+0	-8.000000E-5	-2.790000E-5	1.000000E-7	-1.480000E-7	1.540000E-7	0.000000E+0	0.000000E+0	1.964247E-4	2.976042E-9	0.000000E+0	0.000000E+0	1.999959E+1	0.000000E+0	4.000000E+0
28-Apr-25	11:35:33	-1.000000E-5	3.239630E+0	-8.000000E-5	-2.815000E-5	-3.500000E-7	-1.740000E-7	2.640000E-7	0.000000E+0	0.000000E+0	1.964247E-4	2.976042E-9	0.000000E+0	0.000000E+0	1.999959E+1	0.000000E+0	4.000000E+0
28-Apr-25	11:35:33	-1.000000E-5	3.246100E+0	-8.000000E-5	-2.810000E-5	-3.000000E-7	-2.120000E-7	2.320000E-7	0.000000E+0	0.000000E+0	1.964247E-4	2.976042E-9	0.000000E+0	0.000000E+0	1.999959E+1	0.000000E+0	4.000000E+0
28-Apr-25	11:35:34	-1.000000E-5	3.252560E+0	-8.000000E-5	-2.795000E-5	-2.000000E-7	-2.840000E-7	4.800000E-8	0.000000E+0	0.000000E+0	1.964247E-4	2.976042E-9	0.000000E+0	0.000000E+0	1.999959E+1	0.000000E+0	4.000000E+0
28-Apr-25	11:35:34	-1.000000E-5	3.259710E+0	-8.000000E-5	-2.790000E-5	-5.000000E-8	-3.100000E-7	-5.800000E-8	0.000000E+0	0.000000E+0	1.964247E-4	2.976042E-9	0.000000E+0	0.000000E+0	1.999959E+1	0.000000E+0	4.000000E+0
28-Apr-25	11:35:35	-1.000000E-5	3.266830E+0	-8.000000E-5	-2.795000E-5	-3.500000E-7	-2.660000E-7	1.200000E-7	0.000000E+0	0.000000E+0	1.964247E-4	2.976042E-9	0.000000E+0	0.000000E+0	1.999959E+1	0.000000E+0	4.000000E+0
28-Apr-25	11:35:35	-1.000000E-5	3.273935E+0	-8.000000E-5	-2.780000E-5	-2.000000E-7	-2.400000E-7	3.680000E-7	0.000000E+0	0.000000E+0	1.964247E-4	2.976042E-9	0.000000E+0	0.000000E+0	1.999959E+1	0.000000E+0	4.000000E+0
28-Apr-25	11:35:36	-1.000000E-5	3.284780E+0	-8.000000E-5	-2.810000E-5	-4.000000E-7	-3.080000E-7	3.860000E-7	0.000000E+0	0.000000E+0	1.964247E-4	2.976042E-9	0.000000E+0	0.000000E+0	1.999959E+1	0.000000E+0	4.000000E+0
28-Apr-25	11:35:36	-1.000000E-5	3.291850E+0	-8.000000E-5	-2.790000E-5	0.000000E+0	-3.040000E-7	3.240000E-7	0.000000E+0	0.000000E+0	1.964247E-4	2.976042E-9	0.000000E+0	0.000000E+0	1.999959E+1	0.000000E+0	4.000000E+0
28-Apr-25	11:35:37	-1.000000E-5	3.298895E+0	-8.000000E-5	-2.765000E-5	-3.000000E-7	-3.120000E-7	2.140000E-7	0.000000E+0	0.000000E+0	1.964247E-4	2.976042E-9	0.000000E+0	0.000000E+0	1.999959E+1	0.000000E+0	4.000000E+0
28-Apr-25	11:35:38	-1.000000E-5	3.306590E+0	-8.000000E-5	-2.795000E-5	-3.500000E-7	-3.320000E-7	4.200000E-8	0.000000E+0	0.000000E+0	1.964247E-4	2.976042E-9	0.000000E+0	0.000000E+0	1.999959E+1	0.000000E+0	4.000000E+0
28-Apr-25	11:35:38	-1.000000E-5	3.316620E+0	-8.000000E-5	-2.785000E-5	-1.500000E-7	-1.120000E-7	-6.600000E-8	0.000000E+0	0.000000E+0	1.964247E-4	2.976042E-9	0.000000E+0	0.000000E+0	1.999959E+1	0.000000E+0	4.000000E+0
28-Apr-25	11:35:39	-1.000000E-5	3.323580E+0	-8.000000E-5	-2.780000E-5	-3.000000E-7	9.600000E-8	-1.380000E-7	0.000000E+0	0.000000E+0	1.964247E-4	2.976042E-9	0.000000E+0	0.000000E+0	1.999959E+1	0.000000E+0	4.000000E+0
28-Apr-25	11:35:39	-1.000000E-5	3.330500E+0	-8.000000E-5	-2.770000E-5	-2.500000E-7	2.680000E-7	-1.780000E-7	0.000000E+0	0.000000E+0	1.964247E-4	2.976042E-9	0.000000E+0	0.000000E+0	1.999959E+1	0.000000E+0	4.000000E+0
28-Apr-25	11:35:40	-1.000000E-5	3.337430E+0	-8.000000E-5	-2.775000E-5	-2.000000E-7	3.500000E-7	-1.300000E-7	0.000000E+0	0.000000E+0	1.964247E-4	2.976042E-9	0.000000E+0	0.000000E+0	1.999959E+1	0.000000E+0	4.000000E+0
28-Apr-25	11:35:40	-1.000000E-5	3.343640E+0	-8.000000E-5	-2.770000E-5	-3.000000E-7	3.020000E-7	-8.400000E-8	0.000000E+0	0.000000E+0	1.964247E-4	2.976042E-9	0.000000E+0	0.000000E+0	1.999959E+1	0.000000E+0	4.000000E+0
28-Apr-25	11:35:41	-1.000000E-5	3.350525E+0	-8.000000E-5	-2.780000E-5	-3.000000E-7	1.680000E-7	-9.000000E-8	0.000000E+0	0.000000E+0	1.964247E-4	2.976042E-9	0.000000E+0	0.000000E+0	1.999959E+1	0.000000E+0	4.000000E+0
28-Apr-25	11:35:41	-1.000000E-5	3.356715E+0	-8.000000E-5	-2.795000E-5	-2.000000E-7	3.400000E-8	-1.380000E-7	0.000000E+0	0.000000E+0	1.964247E-4	2.976042E-9	0.000000E+0	0.000000E+0	1.999959E+1	0.000000E+0	4.000000E+0
28-Apr-25	11:35:41	-1.000000E-5	3.363560E+0	-8.000000E-5	-2.790000E-5	-2.000000E-7	-9.000000E-8	-2.580000E-7	0.000000E+0	0.000000E+0	1.964247E-4	2.976042E-9	0.000000E+0	0.000000E+0	1.999959E+1	0.000000E+0	4.000000E+0
28-Apr-25	11:35:42	-1.000000E-5	3.370365E+0	-8.000000E-5	-2.775000E-5	-2.000000E-7	-2.280000E-7	-4.480000E-7	0.000000E+0	0.000000E+0	1.964247E-4	2.976042E-9	0.000000E+0	0.000000E+0	1.999959E+1	0.000000E+0	4.000000E+0
28-Apr-25	11:35:43	-1.000000E-5	3.378525E+0	-8.000000E-5	-2.780000E-5	-1.500000E-7	-2.820000E-7	-4.860000E-7	0.000000E+0	0.000000E+0	1.964247E-4	2.976042E-9	0.000000E+0	0.000000E+0	1.999959E+1	0.000000E+0	4.000000E+0
28-Apr-25	11:35:43	-1.000000E-5	3.388800E+0	-8.000000E-5	-2.785000E-5	-2.000000E-7	-1.700000E-7	-1.940000E-7	0.000000E+0	0.000000E+0	1.964247E-4	2.976042E-9	0.000000E+0	0.000000E+0	1.999959E+1	0.000000E+0	4.000000E+0
28-Apr-25	11:35:44	-1.000000E-5	3.396325E+0	-8.000000E-5	-2.770000E-5	-2.500000E-7	-8.000000E-8	-1.300000E-7	0.000000E+0	0.000000E+0	1.964247E-4	2.976042E-9	0.000000E+0	0.000000E+0	1.999959E+1	0.000000E+0	4.000000E+0
28-Apr-25	11:35:44	-1.000000E-5	3.403065E+0	-8.000000E-5	-2.780000E-5	-1.500000E-7	8.000000E-9	-1.320000E-7	0.000000E+0	0.000000E+0	1.964247E-4	2.976042E-9	0.000000E+0	0.000000E+0	1.999959E+1	0.000000E+0	4.000000E+0
28-Apr-25	11:35:45	-1.000000E-5	3.409115E+0	-8.000000E-5	-2.775000E-5	-2.000000E-7	3.200000E-8	-2.800000E-8	0.000000E+0	0.000000E+0	1.964247E-4	2.976042E-9	0.000000E+0	0.000000E+0	1.999959E+1	0.000000E+0	4.000000E+0
28-Apr-25	11:35:45	-1.000000E-5	3.415810E+0	-8.000000E-5	-2.775000E-5	-2.000000E-7	-2.800000E-8	1.820000E-7	0.000000E+0	0.000000E+0	1.964247E-4	2.976042E-9	0.000000E+0	0.000000E+0	1.999959E+1	0.000000E+0	4.000000E+0
28-Apr-25	11:35:46	-1.000000E-5	3.422480E+0	-8.000000E-5	-2.770000E-5	-2.000000E-7	-1.160000E-7	3.720000E-7	0.000000E+0	0.000000E+0	1.964247E-4	2.976042E-9	0.000000E+0	0.000000E+0	1.999959E+1	0.000000E+0	4.000000E+0
28-Apr-25	11:35:46	-1.000000E-5	3.428370E+0	-8.000000E-5	-2.775000E-5	-2.000000E-7	-2.060000E-7	4.300000E-7	0.000000E+0	0.000000E+0	1.964247E-4	2.976042E-9	0.000000E+0	0.000000E+0	1.999959E+1	0.000000E+0	4.000000E+0
28-Apr-25	11:35:47	-1.000000E-5	3.434985E+0	-8.000000E-5	-2.775000E-5	-3.000000E-7	-2.460000E-7	3.420000E-7	0.000000E+0	0.000000E+0	1.964247E-4	2.976042E-9	0.000000E+0	0.000000E+0	1.999959E+1	0.000000E+0	4.000000E+0
28-Apr-25	11:35:47	-1.000000E-5	3.442375E+0	-8.000000E-5	-2.770000E-5	-2.500000E-7	-5.800000E-8	1.480000E-7	0.000000E+0	0.000000E+0	1.964247E-4	2.976042E-9	0.000000E+0	0.000000E+0	1.999959E+1	0.000000E+0	4.000000E+0
28-Apr-25	11:35:48	-1.000000E-5	3.448975E+0	-8.000000E-5	-2.770000E-5	-3.000000E-7	3.240000E-7	-3.600000E-8	0.000000E+0	0.000000E+0	1.964247E-4	2.976042E-9	0.000000E+0	0.000000E+0	1.999959E+1	0.000000E+0	4.000000E+0
28-Apr-25	11:35:48	-1.000000E-5	3.454890E+0	-8.000000E-5	-2.775000E-5	-2.000000E-7	6.120000E-7	-1.700000E-7	0.000000E+0	0.000000E+0	1.964247E-4	2.976042E-9	0.000000E+0	0.000000E+0	1.999959E+1	0.000000E+0	4.000000E+0
28-Apr-25	11:35:49	-1.000000E-5	3.461445E+0	-8.000000E-5	-2.765000E-5	-2.000000E-7	6.460000E-7	-1.840000E-7	0.000000E+0	0.000000E+0	1.964247E-4	2.976042E-9	0.000000E+0	0.000000E+0	1.999959E+1	0.000000E+0	4.000000E+0
28-Apr-25	11:35:49	-1.000000E-5	3.467995E+0	-8.000000E-5	-2.760000E-5	-3.000000E-7	4.720000E-7	-5.800000E-8	0.000000E+0	0.000000E+0	1.964247E-4	2.976042E-9	0.000000E+0	0.000000E+0	1.999959E+1	0.000000E+0	4.000000E+0
28-Apr-25	11:35:50	-1.000000E-5	3.474515E+0	-8.000000E-5	-2.755000E-5	-3.500000E-7	2.600000E-7	7.400000E-8	0.000000E+0	0.000000E+0	1.964247E-4	2.976042E-9	0.000000E+0	0.000000E+0	1.999959E+1	0.000000E+0	4.000000E+0
28-Apr-25	11:35:50	-1.000000E-5	3.481030E+0	-8.000000E-5	-2.760000E-5	-4.000000E-7	5.600000E-8	1.360000E-7	0.000000E+0	0.000000E+0	1.964247E-4	2.976042E-9	0.000000E+0	0.000000E+0	1.999959E+1	0.000000E+0	4.000000E+0
28-Apr-25	11:35:51	-1.000000E-5	3.486860E+0	-8.000000E-5	-2.765000E-5	-3.000000E-7	-6.200000E-8	6.400000E-8	0.000000E+0	0.000000E+0	1.964247E-4	2.976042E-9	0.000000E+0	0.000000E+0	1.999959E+1	0.000000E+0	4.000000E+0
28-Apr-25	11:35:51	-1.000000E-5	3.493325E+0	-8.000000E-5	-2.755000E-5	-2.500000E-7	-6.200000E-8	-1.460000E-7	0.000000E+0	0.000000E+0	1.964247E-4	2.976042E-9	0.000000E+0	0.000000E+0	1.999959E+1	0.000000E+0	4.000000E+0
28-Apr-25	11:35:52	-1.000000E-5	3.501055E+0	-8.000000E-5	-2.755000E-5	-1.500000E-7	9.000000E-8	-2.980000E-7	0.000000E+0	0.000000E+0	1.964247E-4	2.976042E-9	0.000000E+0	0.000000E+0	1.999959E+1	0.000000E+0	4.000000E+0
28-Apr-25	11:35:52	-1.000000E-5	3.507485E+0	-8.000000E-5	-2.760000E-5	-2.000000E-7	1.980000E-7	-1.820000E-7	0.000000E+0	0.000000E+0	1.964247E-4	2.976042E-9	0.000000E+0	0.000000E+0	1.999959E+1	0.000000E+0	4.000000E+0
28-Apr-25	11:35:53	-1.000000E-5	3.513895E+0	-8.000000E-5	-2.760000E-5	-3.000000E-7	2.140000E-7	-1.000000E-7	0.000000E+0	0.000000E+0	1.964247E-4	2.976042E-9	0.000000E+0	0.000000E+0	1.999959E+1	0.000000E+0	4.000000E+0
28-Apr-25	11:35:54	-1.000000E-5	3.523035E+0	-8.000000E-5	-2.740000E-5	-1.500000E-7	-8.200000E-8	-2.160000E-7	0.000000E+0	0.000000E+0	1.964247E-4	2.976042E-9	0.000000E+0	0.000000E+0	1.999959E+1	0.000000E+0	4.000000E+0
28-Apr-25	11:35:54	-1.000000E-5	3.530020E+0	-8.000000E-5	-2.750000E-5	-1.000000E-7	-2.740000E-7	-1.580000E-7	0.000000E+0	0.000000E+0	1.964247E-4	2.976042E-9	0.000000E+0	0.000000E+0	1.999959E+1	0.000000E+0	4.000000E+0
28-Apr-25	11:35:55	-1.000000E-5	3.536355E+0	-8.000000E-5	-2.770000E-5	-3.000000E-7	-3.040000E-7	-3.200000E-8	0.000000E+0	0.000000E+0	1.964247E-4	2.976042E-9	0.000000E+0	0.000000E+0	1.999959E+1	0.000000E+0	4.000000E+0
28-Apr-25	11:35:55	-1.000000E-5	3.542675E+0	-8.000000E-5	-2.765000E-5	-2.500000E-7	-2.120000E-7	4.200000E-8	0.000000E+0	0.000000E+0	1.964247E-4	2.976042E-9	0.000000E+0	0.000000E+0	1.999959E+1	0.000000E+0	4.000000E+0
28-Apr-25	11:35:56	-1.000000E-5	3.548355E+0	-8.000000E-5	-2.760000E-5	-1.000000E-7	-9.400000E-8	9.000000E-8	0.000000E+0	0.000000E+0	1.964247E-4	2.976042E-9	0.000000E+0	0.000000E+0	1.999959E+1	0.000000E+0	4.000000E+0
28-Apr-25	11:35:56	-1.000000E-5	3.554625E+0	-8.000000E-5	-2.750000E-5	-2.500000E-7	1.800000E-8	1.900000E-7	0.000000E+0	0.000000E+0	1.964247E-4	2.976042E-9	0.000000E+0	0.000000E+0	1.999959E+1	0.000000E+0	4.000000E+0
28-Apr-25	11:35:57	-1.000000E-5	3.560890E+0	-8.000000E-5	-2.750000E-5	-1.000000E-7	6.400000E-8	2.820000E-7	0.000000E+0	0.000000E+0	1.964247E-4	2.976042E-9	0.000000E+0	0.000000E+0	1.999959E+1	0.000000E+0	4.000000E+0
28-Apr-25	11:35:57	-1.000000E-5	3.567150E+0	-8.000000E-5	-2.735000E-5	-2.500000E-7	3.400000E-8	2.220000E-7	0.000000E+0	0.000000E+0	1.964247E-4	2.976042E-9	0.000000E+0	0.000000E+0	1.999959E+1	0.000000E+0	4.000000E+0
28-Apr-25	11:35:58	-1.000000E-5	3.572745E+0	-8.000000E-5	-2.745000E-5	-2.500000E-7	2.200000E-8	2.800000E-8	0.000000E+0	0.000000E+0	1.964247E-4	2.976042E-9	0.000000E+0	0.000000E+0	1.999959E+1	0.000000E+0	4.000000E+0
28-Apr-25	11:35:58	-1.000000E-5	3.578965E+0	-8.000000E-5	-2.780000E-5	-1.500000E-7	9.600000E-8	-1.340000E-7	0.000000E+0	0.000000E+0	1.964247E-4	2.976042E-9	0.000000E+0	0.000000E+0	1.999959E+1	0.000000E+0	4.000000E+0
28-Apr-25	11:35:59	-1.000000E-5	3.585780E+0	-8.000000E-5	-2.790000E-5	5.000000E-8	1.680000E-7	-1.640000E-7	0.000000E+0	0.000000E+0	1.964247E-4	2.976042E-9	0.000000E+0	0.000000E+0	1.999959E+1	0.000000E+0	4.000000E+0
28-Apr-25	11:35:59	-1.000000E-5	3.591950E+0	-8.000000E-5	-2.745000E-5	-2.000000E-7	1.100000E-7	-7.000000E-8	0.000000E+0	0.000000E+0	1.964247E-4	2.976042E-9	0.000000E+0	0.000000E+0	1.999959E+1	0.000000E+0	4.000000E+0
28-Apr-25	11:36:00	-1.000000E-5	3.597510E+0	-8.000000E-5	-2.760000E-5	-2.500000E-7	1.800000E-8	1.400000E-8	0.000000E+0	0.000000E+0	1.964247E-4	2.976042E-9	0.000000E+0	0.000000E+0	1.999959E+1	0.000000E+0	4.000000E+0
28-Apr-25	11:36:00	-1.000000E-5	3.603675E+0	-8.000000E-5	-2.750000E-5	1.000000E-7	-3.000000E-8	3.200000E-8	0.000000E+0	0.000000E+0	1.964247E-4	2.976042E-9	0.000000E+0	0.000000E+0	1.999959E+1	0.000000E+0	4.000000E+0
28-Apr-25	11:36:01	-1.000000E-5	3.609790E+0	-8.000000E-5	-2.750000E-5	-2.500000E-7	-2.200000E-8	0.000000E+0	0.000000E+0	0.000000E+0	1.964247E-4	2.976042E-9	0.000000E+0	0.000000E+0	1.999959E+1	0.000000E+0	4.000000E+0
28-Apr-25	11:36:01	-1.000000E-5	3.615885E+0	-8.000000E-5	-2.770000E-5	-4.000000E-7	6.000000E-9	-7.800000E-8	0.000000E+0	0.000000E+0	1.964247E-4	2.976042E-9	0.000000E+0	0.000000E+0	1.999959E+1	0.000000E+0	4.000000E+0
28-Apr-25	11:36:02	-1.000000E-5	3.621995E+0	-8.000000E-5	-2.750000E-5	-2.000000E-7	2.400000E-8	-1.940000E-7	0.000000E+0	0.000000E+0	1.964247E-4	2.976042E-9	0.000000E+0	0.000000E+0	1.999959E+1	0.000000E+0	4.000000E+0
28-Apr-25	11:36:02	-1.000000E-5	3.630695E+0	-8.000000E-5	-2.715000E-5	-2.500000E-7	4.400000E-8	-2.140000E-7	0.000000E+0	0.000000E+0	1.964247E-4	2.976042E-9	0.000000E+0	0.000000E+0	1.999959E+1	0.000000E+0	4.000000E+0
28-Apr-25	11:36:03	-1.000000E-5	3.636740E+0	-8.000000E-5	-2.730000E-5	-6.500000E-7	3.200000E-8	-8.600000E-8	0.000000E+0	0.000000E+0	1.964247E-4	2.976042E-9	0.000000E+0	0.000000E+0	1.999959E+1	0.000000E+0	4.000000E+0
28-Apr-25	11:36:03	-1.000000E-5	3.642165E+0	-8.000000E-5	-2.725000E-5	-2.500000E-7	-1.600000E-8	5.800000E-8	0.000000E+0	0.000000E+0	1.964247E-4	2.976042E-9	0.000000E+0	0.000000E+0	1.999959E+1	0.000000E+0	4.000000E+0
28-Apr-25	11:36:04	-1.000000E-5	3.648765E+0	-8.000000E-5	-2.755000E-5	-1.000000E-7	-3.200000E-8	1.120000E-7	0.000000E+0	0.000000E+0	1.964247E-4	2.976042E-9	0.000000E+0	0.000000E+0	1.999959E+1	0.000000E+0	4.000000E+0
28-Apr-25	11:36:04	-1.000000E-5	3.654770E+0	-8.000000E-5	-2.745000E-5	2.000000E-7	-3.600000E-8	1.020000E-7	0.000000E+0	0.000000E+0	1.964247E-4	2.976042E-9	0.000000E+0	0.000000E+0	1.999959E+1	0.000000E+0	4.000000E+0
28-Apr-25	11:36:05	-1.000000E-5	3.660760E+0	-8.000000E-5	-2.750000E-5	-6.000000E-7	-9.400000E-8	6.600000E-8	0.000000E+0	0.000000E+0	1.964247E-4	2.976042E-9	0.000000E+0	0.000000E+0	1.999959E+1	0.000000E+0	4.000000E+0
28-Apr-25	11:36:05	-1.000000E-5	3.669090E+0	-8.000000E-5	-2.730000E-5	-1.500000E-7	-1.220000E-7	4.000000E-9	0.000000E+0	0.000000E+0	1.964247E-4	2.976042E-9	0.000000E+0	0.000000E+0	1.999959E+1	0.000000E+0	4.000000E+0
28-Apr-25	11:36:06	-1.000000E-5	3.675020E+0	-8.000000E-5	-2.740000E-5	5.000000E-8	-5.000000E-8	0.000000E+0	0.000000E+0	0.000000E+0	1.964247E-4	2.976042E-9	0.000000E+0	0.000000E+0	1.999959E+1	0.000000E+0	4.000000E+0
28-Apr-25	11:36:06	-1.000000E-5	3.680930E+0	-8.000000E-5	-2.705000E-5	0.000000E+0	-2.400000E-8	3.000000E-8	0.000000E+0	0.000000E+0	1.964247E-4	2.976042E-9	0.000000E+0	0.000000E+0	1.999959E+1	0.000000E+0	4.000000E+0
28-Apr-25	11:36:07	-1.000000E-5	3.686830E+0	-8.000000E-5	-2.735000E-5	-2.500000E-7	-6.200000E-8	3.400000E-8	0.000000E+0	0.000000E+0	1.964247E-4	2.976042E-9	0.000000E+0	0.000000E+0	1.999959E+1	0.000000E+0	4.000000E+0
28-Apr-25	11:36:07	-1.000000E-5	3.692720E+0	-8.000000E-5	-2.745000E-5	-2.500000E-7	-7.600000E-8	-6.000000E-9	0.000000E+0	0.000000E+0	1.964247E-4	2.976042E-9	0.000000E+0	0.000000E+0	1.999959E+1	0.000000E+0	4.000000E+0
28-Apr-25	11:36:08	-1.000000E-5	3.698585E+0	-8.000000E-5	-2.715000E-5	-3.500000E-7	-2.800000E-8	-5.800000E-8	0.000000E+0	0.000000E+0	1.964247E-4	2.976042E-9	0.000000E+0	0.000000E+0	1.999959E+1	0.000000E+0	4.000000E+0
28-Apr-25	11:36:08	-1.000000E-5	3.704450E+0	-8.000000E-5	-2.725000E-5	-2.000000E-7	4.200000E-8	-5.200000E-8	0.000000E+0	0.000000E+0	1.964247E-4	2.976042E-9	0.000000E+0	0.000000E+0	1.999959E+1	0.000000E+0	4.000000E+0
28-Apr-25	11:36:09	-1.000000E-5	3.709695E+0	-8.000000E-5	-2.710000E-5	5.000000E-8	8.800000E-8	1.400000E-8	0.000000E+0	0.000000E+0	1.964247E-4	2.976042E-9	0.000000E+0	0.000000E+0	1.999959E+1	0.000000E+0	4.000000E+0
28-Apr-25	11:36:09	-1.000000E-5	3.715500E+0	-8.000000E-5	-2.715000E-5	-3.000000E-7	1.180000E-7	8.800000E-8	0.000000E+0	0.000000E+0	1.964247E-4	2.976042E-9	0.000000E+0	0.000000E+0	1.999959E+1	0.000000E+0	4.000000E+0
28-Apr-25	11:36:10	-1.000000E-5	3.720725E+0	-8.000000E-5	-2.740000E-5	-3.000000E-7	1.420000E-7	9.800000E-8	0.000000E+0	0.000000E+0	1.964247E-4	2.976042E-9	0.000000E+0	0.000000E+0	1.999959E+1	0.000000E+0	4.000000E+0
28-Apr-25	11:36:10	-1.000000E-5	3.726515E+0	-8.000000E-5	-2.765000E-5	-5.000000E-7	1.660000E-7	3.000000E-8	0.000000E+0	0.000000E+0	1.964247E-4	2.976042E-9	0.000000E+0	0.000000E+0	1.999959E+1	0.000000E+0	4.000000E+0
28-Apr-25	11:36:11	-1.000000E-5	3.731690E+0	-8.000000E-5	-2.700000E-5	-1.000000E-7	1.560000E-7	-6.400000E-8	0.000000E+0	0.000000E+0	1.964247E-4	2.976042E-9	0.000000E+0	0.000000E+0	1.999959E+1	0.000000E+0	4.000000E+0
28-Apr-25	11:36:11	-1.000000E-5	3.737455E+0	-8.000000E-5	-2.710000E-5	-2.000000E-7	4.400000E-8	-7.000000E-8	0.000000E+0	0.000000E+0	1.964247E-4	2.976042E-9	0.000000E+0	0.000000E+0	1.999959E+1	0.000000E+0	4.000000E+0
28-Apr-25	11:36:12	-1.000000E-5	3.745670E+0	-8.000000E-5	-2.725000E-5	-2.500000E-7	-1.140000E-7	1.920000E-7	0.000000E+0	0.000000E+0	1.964247E-4	2.976042E-9	0.000000E+0	0.000000E+0	1.999959E+1	0.000000E+0	4.000000E+0
28-Apr-25	11:36:13	-1.000000E-5	3.751385E+0	-8.000000E-5	-2.735000E-5	-1.500000E-7	3.800000E-8	3.040000E-7	0.000000E+0	0.000000E+0	1.964247E-4	2.976042E-9	0.000000E+0	0.000000E+0	1.999959E+1	0.000000E+0	4.000000E+0
28-Apr-25	11:36:13	-1.000000E-5	3.757075E+0	-8.000000E-5	-2.730000E-5	-1.000000E-7	2.780000E-7	2.240000E-7	0.000000E+0	0.000000E+0	1.964247E-4	2.976042E-9	0.000000E+0	0.000000E+0	1.999959E+1	0.000000E+0	4.000000E+0
28-Apr-25	11:36:14	-1.000000E-5	3.763320E+0	-8.000000E-5	-2.725000E-5	-3.000000E-7	2.820000E-7	1.360000E-7	0.000000E+0	0.000000E+0	1.964247E-4	2.976042E-9	0.000000E+0	0.000000E+0	1.999959E+1	0.000000E+0	4.000000E+0
28-Apr-25	11:36:14	-1.000000E-5	3.768985E+0	-8.000000E-5	-2.730000E-5	-2.000000E-7	2.520000E-7	1.660000E-7	0.000000E+0	0.000000E+0	1.964247E-4	2.976042E-9	0.000000E+0	0.000000E+0	1.999959E+1	0.000000E+0	4.000000E+0
28-Apr-25	11:36:15	-1.000000E-5	3.774625E+0	-8.000000E-5	-2.715000E-5	-1.500000E-7	3.320000E-7	2.080000E-7	0.000000E+0	0.000000E+0	1.964247E-4	2.976042E-9	0.000000E+0	0.000000E+0	1.999959E+1	0.000000E+0	4.000000E+0
28-Apr-25	11:36:15	-1.000000E-5	3.780255E+0	-8.000000E-5	-2.720000E-5	-2.500000E-7	3.340000E-7	1.020000E-7	0.000000E+0	0.000000E+0	1.964247E-4	2.976042E-9	0.000000E+0	0.000000E+0	1.999959E+1	0.000000E+0	4.000000E+0
28-Apr-25	11:36:16	-1.000000E-5	3.785880E+0	-8.000000E-5	-2.715000E-5	-3.500000E-7	1.580000E-7	-8.400000E-8	0.000000E+0	0.000000E+0	1.964247E-4	2.976042E-9	0.000000E+0	0.000000E+0	1.999959E+1	0.000000E+0	4.000000E+0
28-Apr-25	11:36:16	-1.000000E-5	3.790905E+0	-8.000000E-5	-2.710000E-5	-1.500000E-7	-4.000000E-8	-2.380000E-7	0.000000E+0	0.000000E+0	1.964247E-4	2.976042E-9	0.000000E+0	0.000000E+0	1.999959E+1	0.000000E+0	4.000000E+0
28-Apr-25	11:36:17	-1.000000E-5	3.796500E+0	-8.000000E-5	-2.715000E-5	-1.500000E-7	-1.420000E-7	-2.960000E-7	0.000000E+0	0.000000E+0	1.964247E-4	2.976042E-9	0.000000E+0	0.000000E+0	1.999959E+1	0.000000E+0	4.000000E+0
28-Apr-25	11:36:17	-1.000000E-5	3.802600E+0	-8.000000E-5	-2.715000E-5	-1.000000E-7	-1.540000E-7	-1.980000E-7	0.000000E+0	0.000000E+0	1.964247E-4	2.976042E-9	0.000000E+0	0.000000E+0	1.999959E+1	0.000000E+0	4.000000E+0
28-Apr-25	11:36:18	-1.000000E-5	3.808150E+0	-8.000000E-5	-2.710000E-5	-1.500000E-7	-1.140000E-7	-4.200000E-8	0.000000E+0	0.000000E+0	1.964247E-4	2.976042E-9	0.000000E+0	0.000000E+0	1.999959E+1	0.000000E+0	4.000000E+0
28-Apr-25	11:36:18	-1.000000E-5	3.813125E+0	-8.000000E-5	-2.720000E-5	-2.000000E-7	-5.000000E-8	3.000000E-8	0.000000E+0	0.000000E+0	1.964247E-4	2.976042E-9	0.000000E+0	0.000000E+0	1.999959E+1	0.000000E+0	4.000000E+0
28-Apr-25	11:36:19	-1.000000E-5	3.818640E+0	-8.000000E-5	-2.715000E-5	-2.500000E-7	0.000000E+0	4.000000E-9	0.000000E+0	0.000000E+0	1.964247E-4	2.976042E-9	0.000000E+0	0.000000E+0	1.999959E+1	0.000000E+0	4.000000E+0
28-Apr-25	11:36:19	-1.000000E-5	3.824125E+0	-8.000000E-5	-2.700000E-5	-2.500000E-7	2.000000E-9	-7.000000E-8	0.000000E+0	0.000000E+0	1.964247E-4	2.976042E-9	0.000000E+0	0.000000E+0	1.999959E+1	0.000000E+0	4.000000E+0
28-Apr-25	11:36:20	-1.000000E-5	3.829610E+0	-8.000000E-5	-2.715000E-5	-2.500000E-7	-1.400000E-8	-1.420000E-7	0.000000E+0	0.000000E+0	1.964247E-4	2.976042E-9	0.000000E+0	0.000000E+0	1.999959E+1	0.000000E+0	4.000000E+0
28-Apr-25	11:36:20	-1.000000E-5	3.834525E+0	-8.000000E-5	-2.715000E-5	-2.000000E-7	-1.800000E-8	-1.620000E-7	0.000000E+0	0.000000E+0	1.964247E-4	2.976042E-9	0.000000E+0	0.000000E+0	1.999959E+1	0.000000E+0	4.000000E+0
28-Apr-25	11:36:21	-1.000000E-5	3.840060E+0	-8.000000E-5	-2.715000E-5	-2.000000E-7	-1.000000E-8	-9.600000E-8	0.000000E+0	0.000000E+0	1.964247E-4	2.976042E-9	0.000000E+0	0.000000E+0	1.999959E+1	0.000000E+0	4.000000E+0
28-Apr-25	11:36:21	-1.000000E-5	3.847765E+0	-8.000000E-5	-2.695000E-5	-2.000000E-7	6.000000E-9	2.600000E-8	0.000000E+0	0.000000E+0	1.964247E-4	2.976042E-9	0.000000E+0	0.000000E+0	1.999959E+1	0.000000E+0	4.000000E+0
28-Apr-25	11:36:22	-1.000000E-5	3.855425E+0	-8.000000E-5	-2.685000E-5	-5.000000E-8	1.040000E-7	-2.000000E-8	0.000000E+0	0.000000E+0	1.964247E-4	2.976042E-9	0.000000E+0	0.000000E+0	1.999959E+1	0.000000E+0	4.000000E+0
28-Apr-25	11:36:22	-1.000000E-5	3.860905E+0	-8.000000E-5	-2.710000E-5	-1.000000E-7	1.740000E-7	-1.340000E-7	0.000000E+0	0.000000E+0	1.964247E-4	2.976042E-9	0.000000E+0	0.000000E+0	1.999959E+1	0.000000E+0	4.000000E+0
28-Apr-25	11:36:23	-1.000000E-5	3.865735E+0	-8.000000E-5	-2.705000E-5	-3.000000E-7	1.480000E-7	-2.180000E-7	0.000000E+0	0.000000E+0	1.964247E-4	2.976042E-9	0.000000E+0	0.000000E+0	1.999959E+1	0.000000E+0	4.000000E+0
28-Apr-25	11:36:23	-1.000000E-5	3.871095E+0	-8.000000E-5	-2.715000E-5	-1.500000E-7	2.000000E-9	-2.480000E-7	0.000000E+0	0.000000E+0	1.964247E-4	2.976042E-9	0.000000E+0	0.000000E+0	1.999959E+1	0.000000E+0	4.000000E+0
28-Apr-25	11:36:24	-1.000000E-5	3.876445E+0	-8.000000E-5	-2.710000E-5	-1.500000E-7	-2.280000E-7	-2.240000E-7	0.000000E+0	0.000000E+0	1.964247E-4	2.976042E-9	0.000000E+0	0.000000E+0	1.999959E+1	0.000000E+0	4.000000E+0
28-Apr-25	11:36:24	-1.000000E-5	3.881070E+0	-8.000000E-5	-2.705000E-5	-2.500000E-7	-3.940000E-7	-1.980000E-7	0.000000E+0	0.000000E+0	1.964247E-4	2.976042E-9	0.000000E+0	0.000000E+0	1.999959E+1	0.000000E+0	4.000000E+0
28-Apr-25	11:36:25	-1.000000E-5	3.886385E+0	-8.000000E-5	-2.700000E-5	-2.500000E-7	-4.020000E-7	-1.960000E-7	0.000000E+0	0.000000E+0	1.964247E-4	2.976042E-9	0.000000E+0	0.000000E+0	1.999959E+1	0.000000E+0	4.000000E+0
28-Apr-25	11:36:25	-1.000000E-5	3.893460E+0	-8.000000E-5	-2.710000E-5	-1.500000E-7	-1.620000E-7	-2.020000E-7	0.000000E+0	0.000000E+0	1.964247E-4	2.976042E-9	0.000000E+0	0.000000E+0	1.999959E+1	0.000000E+0	4.000000E+0
28-Apr-25	11:36:26	-1.000000E-5	3.898220E+0	-8.000000E-5	-2.700000E-5	-1.000000E-7	3.600000E-8	-2.140000E-7	0.000000E+0	0.000000E+0	1.964247E-4	2.976042E-9	0.000000E+0	0.000000E+0	1.999959E+1	0.000000E+0	4.000000E+0
28-Apr-25	11:36:26	-1.000000E-5	3.903480E+0	-8.000000E-5	-2.710000E-5	-2.500000E-7	7.800000E-8	-2.400000E-7	0.000000E+0	0.000000E+0	1.964247E-4	2.976042E-9	0.000000E+0	0.000000E+0	1.999959E+1	0.000000E+0	4.000000E+0
28-Apr-25	11:36:27	-1.000000E-5	3.908205E+0	-8.000000E-5	-2.710000E-5	-2.500000E-7	8.000000E-9	-2.480000E-7	0.000000E+0	0.000000E+0	1.964247E-4	2.976042E-9	0.000000E+0	0.000000E+0	1.999959E+1	0.000000E+0	4.000000E+0
28-Apr-25	11:36:27	-1.000000E-5	3.913440E+0	-8.000000E-5	-2.700000E-5	-3.000000E-7	-3.200000E-8	-2.120000E-7	0.000000E+0	0.000000E+0	1.964247E-4	2.976042E-9	0.000000E+0	0.000000E+0	1.999959E+1	0.000000E+0	4.000000E+0
28-Apr-25	11:36:28	-1.000000E-5	3.918660E+0	-8.000000E-5	-2.705000E-5	-2.500000E-7	4.000000E-8	-1.200000E-7	0.000000E+0	0.000000E+0	1.964247E-4	2.976042E-9	0.000000E+0	0.000000E+0	1.999959E+1	0.000000E+0	4.000000E+0
28-Apr-25	11:36:28	-1.000000E-5	3.923350E+0	-8.000000E-5	-2.700000E-5	-3.500000E-7	1.380000E-7	-1.600000E-8	0.000000E+0	0.000000E+0	1.964247E-4	2.976042E-9	0.000000E+0	0.000000E+0	1.999959E+1	0.000000E+0	4.000000E+0
28-Apr-25	11:36:29	-1.000000E-5	3.928530E+0	-8.000000E-5	-2.705000E-5	-3.500000E-7	1.880000E-7	6.000000E-9	0.000000E+0	0.000000E+0	1.964247E-4	2.976042E-9	0.000000E+0	0.000000E+0	1.999959E+1	0.000000E+0	4.000000E+0
28-Apr-25	11:36:29	-1.000000E-5	3.933190E+0	-8.000000E-5	-2.710000E-5	-2.000000E-7	2.220000E-7	-4.800000E-8	0.000000E+0	0.000000E+0	1.964247E-4	2.976042E-9	0.000000E+0	0.000000E+0	1.999959E+1	0.000000E+0	4.000000E+0
28-Apr-25	11:36:30	-1.000000E-5	3.937835E+0	-8.000000E-5	-2.705000E-5	-1.500000E-7	2.980000E-7	-4.000000E-8	0.000000E+0	0.000000E+0	1.964247E-4	2.976042E-9	0.000000E+0	0.000000E+0	1.999959E+1	0.000000E+0	4.000000E+0
28-Apr-25	11:36:30	-1.000000E-5	3.942980E+0	-8.000000E-5	-2.690000E-5	-1.500000E-7	4.020000E-7	9.000000E-8	0.000000E+0	0.000000E+0	1.964247E-4	2.976042E-9	0.000000E+0	0.000000E+0	1.999959E+1	0.000000E+0	4.000000E+0
28-Apr-25	11:36:31	-1.000000E-5	3.948110E+0	-8.000000E-5	-2.690000E-5	-3.000000E-7	4.460000E-7	1.620000E-7	0.000000E+0	0.000000E+0	1.964247E-4	2.976042E-9	0.000000E+0	0.000000E+0	1.999959E+1	0.000000E+0	4.000000E+0
28-Apr-25	11:36:31	-1.000000E-5	3.953240E+0	-8.000000E-5	-2.700000E-5	-3.000000E-7	3.840000E-7	4.600000E-8	0.000000E+0	0.000000E+0	1.964247E-4	2.976042E-9	0.000000E+0	0.000000E+0	1.999959E+1	0.000000E+0	4.000000E+0
28-Apr-25	11:36:32	-1.000000E-5	3.957835E+0	-8.000000E-5	-2.695000E-5	-2.500000E-7	2.760000E-7	-9.800000E-8	0.000000E+0	0.000000E+0	1.964247E-4	2.976042E-9	0.000000E+0	0.000000E+0	1.999959E+1	0.000000E+0	4.000000E+0
28-Apr-25	11:36:32	-1.000000E-5	3.962420E+0	-8.000000E-5	-2.700000E-5	-2.000000E-7	2.100000E-7	-1.220000E-7	0.000000E+0	0.000000E+0	1.964247E-4	2.976042E-9	0.000000E+0	0.000000E+0	1.999959E+1	0.000000E+0	4.000000E+0
28-Apr-25	11:36:33	-1.000000E-5	3.967480E+0	-8.000000E-5	-2.700000E-5	-2.000000E-7	2.220000E-7	-2.800000E-8	0.000000E+0	0.000000E+0	1.964247E-4	2.976042E-9	0.000000E+0	0.000000E+0	1.999959E+1	0.000000E+0	4.000000E+0
28-Apr-25	11:36:33	-1.000000E-5	3.972550E+0	-8.000000E-5	-2.695000E-5	-2.000000E-7	2.260000E-7	6.400000E-8	0.000000E+0	0.000000E+0	1.964247E-4	2.976042E-9	0.000000E+0	0.000000E+0	1.999959E+1	0.000000E+0	4.000000E+0
28-Apr-25	11:36:34	-1.000000E-5	3.977585E+0	-8.000000E-5	-2.695000E-5	-1.000000E-7	1.320000E-7	9.600000E-8	0.000000E+0	0.000000E+0	1.964247E-4	2.976042E-9	0.000000E+0	0.000000E+0	1.999959E+1	0.000000E+0	4.000000E+0
28-Apr-25	11:36:34	-1.000000E-5	3.982605E+0	-8.000000E-5	-2.705000E-5	-2.000000E-7	-1.000000E-8	4.800000E-8	0.000000E+0	0.000000E+0	1.964247E-4	2.976042E-9	0.000000E+0	0.000000E+0	1.999959E+1	0.000000E+0	4.000000E+0
28-Apr-25	11:36:35	-1.000000E-5	3.987625E+0	-8.000000E-5	-2.695000E-5	-1.500000E-7	-8.800000E-8	-6.600000E-8	0.000000E+0	0.000000E+0	1.964247E-4	2.976042E-9	0.000000E+0	0.000000E+0	1.999959E+1	0.000000E+0	4.000000E+0
28-Apr-25	11:36:35	-1.000000E-5	3.992135E+0	-8.000000E-5	-2.695000E-5	-2.500000E-7	-6.600000E-8	-1.920000E-7	0.000000E+0	0.000000E+0	1.964247E-4	2.976042E-9	0.000000E+0	0.000000E+0	1.999959E+1	0.000000E+0	4.000000E+0
28-Apr-25	11:36:36	-1.000000E-5	3.996630E+0	-8.000000E-5	-2.700000E-5	-1.000000E-7	-8.000000E-9	-2.980000E-7	0.000000E+0	0.000000E+0	1.964247E-4	2.976042E-9	0.000000E+0	0.000000E+0	1.999959E+1	0.000000E+0	4.000000E+0
28-Apr-25	11:36:36	-1.000000E-5	4.001610E+0	-8.000000E-5	-2.695000E-5	0.000000E+0	2.600000E-8	-3.540000E-7	0.000000E+0	0.000000E+0	1.964247E-4	2.976042E-9	0.000000E+0	0.000000E+0	1.999959E+1	0.000000E+0	4.000000E+0
28-Apr-25	11:36:37	-1.000000E-5	4.006080E+0	-8.000000E-5	-2.700000E-5	-2.000000E-7	6.800000E-8	-3.180000E-7	0.000000E+0	0.000000E+0	1.964247E-4	2.976042E-9	0.000000E+0	0.000000E+0	1.999959E+1	0.000000E+0	4.000000E+0
28-Apr-25	11:36:37	-1.000000E-5	4.010535E+0	-8.000000E-5	-2.700000E-5	-2.500000E-7	1.620000E-7	-2.080000E-7	0.000000E+0	0.000000E+0	1.964247E-4	2.976042E-9	0.000000E+0	0.000000E+0	1.999959E+1	0.000000E+0	4.000000E+0
28-Apr-25	11:36:37	-1.000000E-5	4.015470E+0	-8.000000E-5	-2.685000E-5	1.000000E-7	2.300000E-7	-9.000000E-8	0.000000E+0	0.000000E+0	1.964247E-4	2.976042E-9	0.000000E+0	0.000000E+0	1.999959E+1	0.000000E+0	4.000000E+0
28-Apr-25	11:36:38	-1.000000E-5	4.020380E+0	-8.000000E-5	-2.695000E-5	-5.000000E-8	1.920000E-7	0.000000E+0	0.000000E+0	0.000000E+0	1.964247E-4	2.976042E-9	0.000000E+0	0.000000E+0	1.999959E+1	0.000000E+0	4.000000E+0
28-Apr-25	11:36:39	-1.000000E-5	4.025280E+0	-8.000000E-5	-2.690000E-5	0.000000E+0	1.360000E-7	1.080000E-7	0.000000E+0	0.000000E+0	1.964247E-4	2.976042E-9	0.000000E+0	0.000000E+0	1.999959E+1	0.000000E+0	4.000000E+0
28-Apr-25	11:36:39	-1.000000E-5	4.030670E+0	-8.000000E-5	-2.685000E-5	-5.000000E-8	2.100000E-7	2.220000E-7	0.000000E+0	0.000000E+0	1.964247E-4	2.976042E-9	0.000000E+0	0.000000E+0	1.999959E+1	0.000000E+0	4.000000E+0
28-Apr-25	11:36:39	-1.000000E-5	4.035065E+0	-8.000000E-5	-2.685000E-5	-2.000000E-7	2.760000E-7	2.420000E-7	0.000000E+0	0.000000E+0	1.964247E-4	2.976042E-9	0.000000E+0	0.000000E+0	1.999959E+1	0.000000E+0	4.000000E+0
28-Apr-25	11:36:40	-1.000000E-5	4.040005E+0	-8.000000E-5	-2.695000E-5	-2.000000E-7	1.980000E-7	1.580000E-7	0.000000E+0	0.000000E+0	1.964247E-4	2.976042E-9	0.000000E+0	0.000000E+0	1.999959E+1	0.000000E+0	4.000000E+0
28-Apr-25	11:36:40	-1.000000E-5	4.044945E+0	-8.000000E-5	-2.695000E-5	-1.500000E-7	8.600000E-8	3.200000E-8	0.000000E+0	0.000000E+0	1.964247E-4	2.976042E-9	0.000000E+0	0.000000E+0	1.999959E+1	0.000000E+0	4.000000E+0
28-Apr-25	11:36:41	-1.000000E-5	4.049790E+0	-8.000000E-5	-2.685000E-5	-2.000000E-7	8.600000E-8	-1.200000E-8	0.000000E+0	0.000000E+0	1.964247E-4	2.976042E-9	0.000000E+0	0.000000E+0	1.999959E+1	0.000000E+0	4.000000E+0
28-Apr-25	11:36:42	-1.000000E-5	4.055085E+0	-8.000000E-5	-2.690000E-5	-2.000000E-7	7.400000E-8	4.800000E-8	0.000000E+0	0.000000E+0	1.964247E-4	2.976042E-9	0.000000E+0	0.000000E+0	1.999959E+1	0.000000E+0	4.000000E+0
28-Apr-25	11:36:42	-1.000000E-5	4.059405E+0	-8.000000E-5	-2.690000E-5	-2.000000E-7	2.000000E-9	6.000000E-8	0.000000E+0	0.000000E+0	1.964247E-4	2.976042E-9	0.000000E+0	0.000000E+0	1.999959E+1	0.000000E+0	4.000000E+0
28-Apr-25	11:36:43	-1.000000E-5	4.064185E+0	-8.000000E-5	-2.680000E-5	-1.500000E-7	-3.800000E-8	-6.000000E-9	0.000000E+0	0.000000E+0	1.964247E-4	2.976042E-9	0.000000E+0	0.000000E+0	1.999959E+1	0.000000E+0	4.000000E+0
28-Apr-25	11:36:43	-1.000000E-5	4.069430E+0	-8.000000E-5	-2.680000E-5	-2.000000E-7	-1.800000E-8	-2.800000E-8	0.000000E+0	0.000000E+0	1.964247E-4	2.976042E-9	0.000000E+0	0.000000E+0	1.999959E+1	0.000000E+0	4.000000E+0
28-Apr-25	11:36:43	-1.000000E-5	4.073710E+0	-8.000000E-5	-2.690000E-5	-2.500000E-7	1.000000E-8	4.200000E-8	0.000000E+0	0.000000E+0	1.964247E-4	2.976042E-9	0.000000E+0	0.000000E+0	1.999959E+1	0.000000E+0	4.000000E+0
28-Apr-25	11:36:44	-1.000000E-5	4.078480E+0	-8.000000E-5	-2.690000E-5	-2.500000E-7	8.200000E-8	7.400000E-8	0.000000E+0	0.000000E+0	1.964247E-4	2.976042E-9	0.000000E+0	0.000000E+0	1.999959E+1	0.000000E+0	4.000000E+0
28-Apr-25	11:36:45	-1.000000E-5	4.083205E+0	-8.000000E-5	-2.700000E-5	-3.500000E-7	2.220000E-7	6.000000E-9	0.000000E+0	0.000000E+0	1.964247E-4	2.976042E-9	0.000000E+0	0.000000E+0	1.999959E+1	0.000000E+0	4.000000E+0
28-Apr-25	11:36:45	-1.000000E-5	4.088575E+0	-8.000000E-5	-2.690000E-5	-4.500000E-7	2.980000E-7	-8.800000E-8	0.000000E+0	0.000000E+0	1.964247E-4	2.976042E-9	0.000000E+0	0.000000E+0	1.999959E+1	0.000000E+0	4.000000E+0
28-Apr-25	11:36:46	-1.000000E-5	4.093270E+0	-8.000000E-5	-2.700000E-5	-3.000000E-7	1.800000E-7	-1.160000E-7	0.000000E+0	0.000000E+0	1.964247E-4	2.976042E-9	0.000000E+0	0.000000E+0	1.999959E+1	0.000000E+0	4.000000E+0
28-Apr-25	11:36:46	-1.000000E-5	4.097495E+0	-8.000000E-5	-2.710000E-5	-1.000000E-7	-1.600000E-8	-1.140000E-7	0.000000E+0	0.000000E+0	1.964247E-4	2.976042E-9	0.000000E+0	0.000000E+0	1.999959E+1	0.000000E+0	4.000000E+0
28-Apr-25	11:36:46	-1.000000E-5	4.102165E+0	-8.000000E-5	-2.690000E-5	-3.500000E-7	-1.400000E-7	-1.000000E-7	0.000000E+0	0.000000E+0	1.964247E-4	2.976042E-9	0.000000E+0	0.000000E+0	1.999959E+1	0.000000E+0	4.000000E+0
28-Apr-25	11:36:47	-1.000000E-5	4.106360E+0	-8.000000E-5	-2.685000E-5	-4.000000E-7	-1.880000E-7	-8.400000E-8	0.000000E+0	0.000000E+0	1.964247E-4	2.976042E-9	0.000000E+0	0.000000E+0	1.999959E+1	0.000000E+0	4.000000E+0
28-Apr-25	11:36:48	-1.000000E-5	4.111015E+0	-8.000000E-5	-2.695000E-5	-1.500000E-7	-2.020000E-7	-1.120000E-7	0.000000E+0	0.000000E+0	1.964247E-4	2.976042E-9	0.000000E+0	0.000000E+0	1.999959E+1	0.000000E+0	4.000000E+0
28-Apr-25	11:36:48	-1.000000E-5	4.116570E+0	-8.000000E-5	-2.680000E-5	-2.500000E-7	-7.800000E-8	-2.080000E-7	0.000000E+0	0.000000E+0	1.964247E-4	2.976042E-9	0.000000E+0	0.000000E+0	1.999959E+1	0.000000E+0	4.000000E+0
28-Apr-25	11:36:49	-1.000000E-5	4.121205E+0	-8.000000E-5	-2.690000E-5	-3.000000E-7	1.320000E-7	-2.340000E-7	0.000000E+0	0.000000E+0	1.964247E-4	2.976042E-9	0.000000E+0	0.000000E+0	1.999959E+1	0.000000E+0	4.000000E+0
28-Apr-25	11:36:49	-1.000000E-5	4.125815E+0	-8.000000E-5	-2.655000E-5	-2.000000E-7	2.280000E-7	-2.120000E-7	0.000000E+0	0.000000E+0	1.964247E-4	2.976042E-9	0.000000E+0	0.000000E+0	1.999959E+1	0.000000E+0	4.000000E+0
28-Apr-25	11:36:50	-1.000000E-5	4.130415E+0	-8.000000E-5	-2.645000E-5	-1.000000E-7	2.220000E-7	-1.980000E-7	0.000000E+0	0.000000E+0	1.964247E-4	2.976042E-9	0.000000E+0	0.000000E+0	1.999959E+1	0.000000E+0	4.000000E+0
28-Apr-25	11:36:50	-1.000000E-5	4.134540E+0	-8.000000E-5	-2.660000E-5	0.000000E+0	1.600000E-7	-1.780000E-7	0.000000E+0	0.000000E+0	1.964247E-4	2.976042E-9	0.000000E+0	0.000000E+0	1.999959E+1	0.000000E+0	4.000000E+0
28-Apr-25	11:36:51	-1.000000E-5	4.139105E+0	-8.000000E-5	-2.670000E-5	1.500000E-7	9.400000E-8	-1.140000E-7	0.000000E+0	0.000000E+0	1.964247E-4	2.976042E-9	0.000000E+0	0.000000E+0	1.999959E+1	0.000000E+0	4.000000E+0
28-Apr-25	11:36:51	-1.000000E-5	4.145185E+0	-8.000000E-5	-2.650000E-5	-5.000000E-8	1.120000E-7	-3.800000E-8	0.000000E+0	0.000000E+0	1.964247E-4	2.976042E-9	0.000000E+0	0.000000E+0	1.999959E+1	0.000000E+0	4.000000E+0
28-Apr-25	11:36:52	-1.000000E-5	4.149715E+0	-8.000000E-5	-2.670000E-5	-1.500000E-7	1.540000E-7	-2.000000E-9	0.000000E+0	0.000000E+0	1.964247E-4	2.976042E-9	0.000000E+0	0.000000E+0	1.999959E+1	0.000000E+0	4.000000E+0
28-Apr-25	11:36:52	-1.000000E-5	4.154245E+0	-8.000000E-5	-2.685000E-5	-2.500000E-7	1.700000E-7	1.500000E-7	0.000000E+0	0.000000E+0	1.964247E-4	2.976042E-9	0.000000E+0	0.000000E+0	1.999959E+1	0.000000E+0	4.000000E+0
28-Apr-25	11:36:53	-1.000000E-5	4.158760E+0	-8.000000E-5	-2.665000E-5	-1.500000E-7	1.820000E-7	2.560000E-7	0.000000E+0	0.000000E+0	1.964247E-4	2.976042E-9	0.000000E+0	0.000000E+0	1.999959E+1	0.000000E+0	4.000000E+0
28-Apr-25	11:36:53	-1.000000E-5	4.163260E+0	-8.000000E-5	-2.660000E-5	3.000000E-7	1.560000E-7	1.920000E-7	0.000000E+0	0.000000E+0	1.964247E-4	2.976042E-9	0.000000E+0	0.000000E+0	1.999959E+1	0.000000E+0	4.000000E+0
28-Apr-25	11:36:54	-1.000000E-5	4.168190E+0	-8.000000E-5	-2.660000E-5	-2.000000E-7	5.000000E-8	3.200000E-8	0.000000E+0	0.000000E+0	1.964247E-4	2.976042E-9	0.000000E+0	0.000000E+0	1.999959E+1	0.000000E+0	4.000000E+0
28-Apr-25	11:36:54	-1.000000E-5	4.172205E+0	-8.000000E-5	-2.640000E-5	-5.000000E-8	-1.000000E-8	2.000000E-8	0.000000E+0	0.000000E+0	1.964247E-4	2.976042E-9	0.000000E+0	0.000000E+0	1.999959E+1	0.000000E+0	4.000000E+0
28-Apr-25	11:36:55	-1.000000E-5	4.177125E+0	-8.000000E-5	-2.670000E-5	-2.000000E-7	2.400000E-8	8.200000E-8	0.000000E+0	0.000000E+0	1.964247E-4	2.976042E-9	0.000000E+0	0.000000E+0	1.999959E+1	0.000000E+0	4.000000E+0
28-Apr-25	11:36:55	-1.000000E-5	4.182905E+0	-8.000000E-5	-2.680000E-5	-4.500000E-7	2.300000E-7	1.540000E-7	0.000000E+0	0.000000E+0	1.964247E-4	2.976042E-9	0.000000E+0	0.000000E+0	1.999959E+1	0.000000E+0	4.000000E+0
28-Apr-25	11:36:56	-1.000000E-5	4.187775E+0	-8.000000E-5	-2.725000E-5	-7.000000E-7	2.920000E-7	1.720000E-7	0.000000E+0	0.000000E+0	1.964247E-4	2.976042E-9	0.000000E+0	0.000000E+0	1.999959E+1	0.000000E+0	4.000000E+0
28-Apr-25	11:36:56	-1.000000E-5	4.192185E+0	-8.000000E-5	-2.715000E-5	-6.000000E-7	1.960000E-7	1.360000E-7	0.000000E+0	0.000000E+0	1.964247E-4	2.976042E-9	0.000000E+0	0.000000E+0	1.999959E+1	0.000000E+0	4.000000E+0
28-Apr-25	11:36:57	-1.000000E-5	4.196585E+0	-8.000000E-5	-2.720000E-5	-5.000000E-8	2.000000E-8	6.000000E-9	0.000000E+0	0.000000E+0	1.964247E-4	2.976042E-9	0.000000E+0	0.000000E+0	1.999959E+1	0.000000E+0	4.000000E+0
28-Apr-25	11:36:57	-1.000000E-5	4.200965E+0	-8.000000E-5	-2.695000E-5	-3.500000E-7	-1.000000E-7	-1.860000E-7	0.000000E+0	0.000000E+0	1.964247E-4	2.976042E-9	0.000000E+0	0.000000E+0	1.999959E+1	0.000000E+0	4.000000E+0
28-Apr-25	11:36:58	-1.000000E-5	4.204915E+0	-8.000000E-5	-2.655000E-5	-3.000000E-7	-1.420000E-7	-2.780000E-7	0.000000E+0	0.000000E+0	1.964247E-4	2.976042E-9	0.000000E+0	0.000000E+0	1.999959E+1	0.000000E+0	4.000000E+0
28-Apr-25	11:36:58	-1.000000E-5	4.209275E+0	-8.000000E-5	-2.690000E-5	-2.000000E-7	-1.640000E-7	-1.780000E-7	0.000000E+0	0.000000E+0	1.964247E-4	2.976042E-9	0.000000E+0	0.000000E+0	1.999959E+1	0.000000E+0	4.000000E+0
28-Apr-25	11:36:59	-1.000000E-5	4.213635E+0	-8.000000E-5	-2.685000E-5	-2.000000E-7	-1.560000E-7	1.400000E-8	0.000000E+0	0.000000E+0	1.964247E-4	2.976042E-9	0.000000E+0	0.000000E+0	1.999959E+1	0.000000E+0	4.000000E+0
28-Apr-25	11:37:00	-1.000000E-5	4.217970E+0	-8.000000E-5	-2.645000E-5	-3.000000E-7	-4.200000E-8	1.620000E-7	0.000000E+0	0.000000E+0	1.964247E-4	2.976042E-9	0.000000E+0	0.000000E+0	1.999959E+1	0.000000E+0	4.000000E+0
28-Apr-25	11:37:00	-1.000000E-5	4.223140E+0	-8.000000E-5	-2.700000E-5	-2.500000E-7	7.200000E-8	2.300000E-7	0.000000E+0	0.000000E+0	1.964247E-4	2.976042E-9	0.000000E+0	0.000000E+0	1.999959E+1	0.000000E+0	4.000000E+0
28-Apr-25	11:37:00	-1.000000E-5	4.227025E+0	-8.000000E-5	-2.690000E-5	-2.500000E-7	7.000000E-8	2.560000E-7	0.000000E+0	0.000000E+0	1.964247E-4	2.976042E-9	0.000000E+0	0.000000E+0	1.999959E+1	0.000000E+0	4.000000E+0
28-Apr-25	11:37:01	-1.000000E-5	4.231395E+0	-8.000000E-5	-2.680000E-5	-1.000000E-7	5.600000E-8	2.760000E-7	0.000000E+0	0.000000E+0	1.964247E-4	2.976042E-9	0.000000E+0	0.000000E+0	1.999959E+1	0.000000E+0	4.000000E+0
28-Apr-25	11:37:01	-1.000000E-5	4.235320E+0	-8.000000E-5	-2.680000E-5	-5.000000E-8	1.240000E-7	3.120000E-7	0.000000E+0	0.000000E+0	1.964247E-4	2.976042E-9	0.000000E+0	0.000000E+0	1.999959E+1	0.000000E+0	4.000000E+0
28-Apr-25	11:37:02	-1.000000E-5	4.240010E+0	-8.000000E-5	-2.655000E-5	0.000000E+0	1.120000E-7	2.940000E-7	0.000000E+0	0.000000E+0	1.964247E-4	2.976042E-9	0.000000E+0	0.000000E+0	1.999959E+1	0.000000E+0	4.000000E+0
28-Apr-25	11:37:03	-1.000000E-5	4.245550E+0	-8.000000E-5	-2.680000E-5	-2.000000E-7	-1.820000E-7	1.760000E-7	0.000000E+0	0.000000E+0	1.964247E-4	2.976042E-9	0.000000E+0	0.000000E+0	1.999959E+1	0.000000E+0	4.000000E+0
28-Apr-25	11:37:03	-1.000000E-5	4.250230E+0	-8.000000E-5	-2.685000E-5	-3.000000E-7	-2.800000E-7	1.280000E-7	0.000000E+0	0.000000E+0	1.964247E-4	2.976042E-9	0.000000E+0	0.000000E+0	1.999959E+1	0.000000E+0	4.000000E+0
28-Apr-25	11:37:04	-1.000000E-5	4.254445E+0	-8.000000E-5	-2.660000E-5	-2.500000E-7	-2.800000E-7	4.400000E-8	0.000000E+0	0.000000E+0	1.964247E-4	2.976042E-9	0.000000E+0	0.000000E+0	1.999959E+1	0.000000E+0	4.000000E+0
28-Apr-25	11:37:04	-1.000000E-5	4.258675E+0	-8.000000E-5	-2.670000E-5	-1.000000E-7	-3.460000E-7	-8.200000E-8	0.000000E+0	0.000000E+0	1.964247E-4	2.976042E-9	0.000000E+0	0.000000E+0	1.999959E+1	0.000000E+0	4.000000E+0
28-Apr-25	11:37:05	-1.000000E-5	4.262465E+0	-8.000000E-5	-2.685000E-5	-2.000000E-7	-3.840000E-7	-1.340000E-7	0.000000E+0	0.000000E+0	1.964247E-4	2.976042E-9	0.000000E+0	0.000000E+0	1.999959E+1	0.000000E+0	4.000000E+0
28-Apr-25	11:37:05	-1.000000E-5	4.266650E+0	-8.000000E-5	-2.685000E-5	-4.000000E-7	-2.560000E-7	-9.400000E-8	0.000000E+0	0.000000E+0	1.964247E-4	2.976042E-9	0.000000E+0	0.000000E+0	1.999959E+1	0.000000E+0	4.000000E+0
28-Apr-25	11:37:06	-1.000000E-5	4.270825E+0	-8.000000E-5	-2.655000E-5	-2.500000E-7	3.000000E-8	-6.600000E-8	0.000000E+0	0.000000E+0	1.964247E-4	2.976042E-9	0.000000E+0	0.000000E+0	1.999959E+1	0.000000E+0	4.000000E+0
28-Apr-25	11:37:06	-1.000000E-5	4.274990E+0	-8.000000E-5	-2.675000E-5	-5.000000E-8	2.960000E-7	-1.400000E-7	0.000000E+0	0.000000E+0	1.964247E-4	2.976042E-9	0.000000E+0	0.000000E+0	1.999959E+1	0.000000E+0	4.000000E+0
28-Apr-25	11:37:07	-1.000000E-5	4.279145E+0	-8.000000E-5	-2.690000E-5	-2.000000E-7	3.780000E-7	-2.120000E-7	0.000000E+0	0.000000E+0	1.964247E-4	2.976042E-9	0.000000E+0	0.000000E+0	1.999959E+1	0.000000E+0	4.000000E+0
28-Apr-25	11:37:07	-1.000000E-5	4.283285E+0	-8.000000E-5	-2.680000E-5	-3.500000E-7	2.320000E-7	-9.600000E-8	0.000000E+0	0.000000E+0	1.964247E-4	2.976042E-9	0.000000E+0	0.000000E+0	1.999959E+1	0.000000E+0	4.000000E+0
28-Apr-25	11:37:08	-1.000000E-5	4.287835E+0	-8.000000E-5	-2.665000E-5	-2.000000E-7	9.400000E-8	1.940000E-7	0.000000E+0	0.000000E+0	1.964247E-4	2.976042E-9	0.000000E+0	0.000000E+0	1.999959E+1	0.000000E+0	4.000000E+0
28-Apr-25	11:37:08	-1.000000E-5	4.292090E+0	-8.000000E-5	-2.675000E-5	-2.500000E-7	1.800000E-7	4.040000E-7	0.000000E+0	0.000000E+0	1.964247E-4	2.976042E-9	0.000000E+0	0.000000E+0	1.999959E+1	0.000000E+0	4.000000E+0
28-Apr-25	11:37:09	-1.000000E-5	4.295780E+0	-8.000000E-5	-2.660000E-5	-3.000000E-7	2.760000E-7	4.920000E-7	0.000000E+0	0.000000E+0	1.964247E-4	2.976042E-9	0.000000E+0	0.000000E+0	1.999959E+1	0.000000E+0	4.000000E+0
28-Apr-25	11:37:09	-1.000000E-5	4.299865E+0	-8.000000E-5	-2.665000E-5	-2.500000E-7	2.520000E-7	4.400000E-7	0.000000E+0	0.000000E+0	1.964247E-4	2.976042E-9	0.000000E+0	0.000000E+0	1.999959E+1	0.000000E+0	4.000000E+0
28-Apr-25	11:37:10	-1.000000E-5	4.303940E+0	-8.000000E-5	-2.680000E-5	-2.000000E-7	1.840000E-7	2.460000E-7	0.000000E+0	0.000000E+0	1.964247E-4	2.976042E-9	0.000000E+0	0.000000E+0	1.999959E+1	0.000000E+0	4.000000E+0
28-Apr-25	11:37:10	-1.000000E-5	4.308005E+0	-8.000000E-5	-2.685000E-5	-2.000000E-7	1.640000E-7	1.000000E-8	0.000000E+0	0.000000E+0	1.964247E-4	2.976042E-9	0.000000E+0	0.000000E+0	1.999959E+1	0.000000E+0	4.000000E+0
28-Apr-25	11:37:11	-1.000000E-5	4.312485E+0	-8.000000E-5	-2.675000E-5	0.000000E+0	1.060000E-7	-1.120000E-7	0.000000E+0	0.000000E+0	1.964247E-4	2.976042E-9	0.000000E+0	0.000000E+0	1.999959E+1	0.000000E+0	4.000000E+0
28-Apr-25	11:37:11	-1.000000E-5	4.316520E+0	-8.000000E-5	-2.670000E-5	-2.000000E-7	-1.600000E-8	-1.460000E-7	0.000000E+0	0.000000E+0	1.964247E-4	2.976042E-9	0.000000E+0	0.000000E+0	1.999959E+1	0.000000E+0	4.000000E+0
28-Apr-25	11:37:12	-1.000000E-5	4.320560E+0	-8.000000E-5	-2.695000E-5	-3.000000E-7	-1.140000E-7	-1.000000E-7	0.000000E+0	0.000000E+0	1.964247E-4	2.976042E-9	0.000000E+0	0.000000E+0	1.999959E+1	0.000000E+0	4.000000E+0
28-Apr-25	11:37:12	-1.000000E-5	4.324585E+0	-8.000000E-5	-2.660000E-5	-4.000000E-7	-1.160000E-7	-2.600000E-8	0.000000E+0	0.000000E+0	1.964247E-4	2.976042E-9	0.000000E+0	0.000000E+0	1.999959E+1	0.000000E+0	4.000000E+0
28-Apr-25	11:37:13	-1.000000E-5	4.328185E+0	-8.000000E-5	-2.680000E-5	-2.500000E-7	-5.000000E-8	-8.000000E-9	0.000000E+0	0.000000E+0	1.964247E-4	2.976042E-9	0.000000E+0	0.000000E+0	1.999959E+1	0.000000E+0	4.000000E+0
28-Apr-25	11:37:13	-1.000000E-5	4.332120E+0	-8.000000E-5	-2.675000E-5	-3.500000E-7	-6.200000E-8	-9.400000E-8	0.000000E+0	0.000000E+0	1.964247E-4	2.976042E-9	0.000000E+0	0.000000E+0	1.999959E+1	0.000000E+0	4.000000E+0
28-Apr-25	11:37:14	-1.000000E-5	4.336045E+0	-8.000000E-5	-2.670000E-5	-2.000000E-7	-2.440000E-7	-2.340000E-7	0.000000E+0	0.000000E+0	1.964247E-4	2.976042E-9	0.000000E+0	0.000000E+0	1.999959E+1	0.000000E+0	4.000000E+0
28-Apr-25	11:37:14	-1.000000E-5	4.340080E+0	-8.000000E-5	-2.660000E-5	-1.000000E-7	-3.960000E-7	-2.700000E-7	0.000000E+0	0.000000E+0	1.964247E-4	2.976042E-9	0.000000E+0	0.000000E+0	1.999959E+1	0.000000E+0	4.000000E+0
28-Apr-25	11:37:15	-1.000000E-5	4.344495E+0	-8.000000E-5	-2.675000E-5	0.000000E+0	-3.160000E-7	-2.020000E-7	0.000000E+0	0.000000E+0	1.964247E-4	2.976042E-9	0.000000E+0	0.000000E+0	1.999959E+1	0.000000E+0	4.000000E+0
28-Apr-25	11:37:15	-1.000000E-5	4.348450E+0	-8.000000E-5	-2.680000E-5	-1.500000E-7	-1.540000E-7	-1.640000E-7	0.000000E+0	0.000000E+0	1.964247E-4	2.976042E-9	0.000000E+0	0.000000E+0	1.999959E+1	0.000000E+0	4.000000E+0
28-Apr-25	11:37:16	-1.000000E-5	4.352400E+0	-8.000000E-5	-2.665000E-5	-2.000000E-7	-5.000000E-8	-1.800000E-7	0.000000E+0	0.000000E+0	1.964247E-4	2.976042E-9	0.000000E+0	0.000000E+0	1.999959E+1	0.000000E+0	4.000000E+0
28-Apr-25	11:37:16	-1.000000E-5	4.355540E+0	-8.000000E-5	-2.680000E-5	-1.500000E-7	1.800000E-8	-1.800000E-7	0.000000E+0	0.000000E+0	1.964247E-4	2.976042E-9	0.000000E+0	0.000000E+0	1.999959E+1	0.000000E+0	4.000000E+0
28-Apr-25	11:37:17	-1.000000E-5	4.359455E+0	-8.000000E-5	-2.675000E-5	-5.000000E-8	6.800000E-8	-1.220000E-7	0.000000E+0	0.000000E+0	1.964247E-4	2.976042E-9	0.000000E+0	0.000000E+0	1.999959E+1	0.000000E+0	4.000000E+0
28-Apr-25	11:37:17	-1.000000E-5	4.362965E+0	-8.000000E-5	-2.665000E-5	-2.500000E-7	7.600000E-8	-4.200000E-8	0.000000E+0	0.000000E+0	1.964247E-4	2.976042E-9	0.000000E+0	0.000000E+0	1.999959E+1	0.000000E+0	4.000000E+0
28-Apr-25	11:37:18	-1.000000E-5	4.364325E+0	-8.000000E-5	-2.660000E-5	-2.000000E-7	6.800000E-8	2.600000E-8	0.000000E+0	0.000000E+0	1.964247E-4	2.976042E-9	0.000000E+0	0.000000E+0	1.999959E+1	0.000000E+0	4.000000E+0
28-Apr-25	11:37:18	-1.000000E-5	4.371515E+0	-8.000000E-5	-2.665000E-5	-2.500000E-7	8.600000E-8	6.000000E-9	0.000000E+0	0.000000E+0	1.964247E-4	2.976042E-9	0.000000E+0	0.000000E+0	1.999959E+1	0.000000E+0	4.000000E+0
28-Apr-25	11:37:19	-1.000000E-5	4.376145E+0	-8.000000E-5	-2.680000E-5	-1.000000E-7	7.800000E-8	-1.000000E-7	0.000000E+0	0.000000E+0	1.964247E-4	2.976042E-9	0.000000E+0	0.000000E+0	1.999959E+1	0.000000E+0	4.000000E+0
28-Apr-25	11:37:19	-1.000000E-5	4.376790E+0	-8.000000E-5	-2.675000E-5	-1.000000E-7	1.000000E-8	-1.600000E-7	0.000000E+0	0.000000E+0	1.964247E-4	2.976042E-9	0.000000E+0	0.000000E+0	1.999959E+1	0.000000E+0	4.000000E+0
28-Apr-25	11:37:20	-1.000000E-5	4.383970E+0	-8.000000E-5	-2.645000E-5	-2.000000E-7	-6.600000E-8	-1.600000E-7	0.000000E+0	0.000000E+0	1.964247E-4	2.976042E-9	0.000000E+0	0.000000E+0	1.999959E+1	0.000000E+0	4.000000E+0
28-Apr-25	11:37:20	-1.000000E-5	4.387430E+0	-8.000000E-5	-2.665000E-5	-2.500000E-7	-8.600000E-8	-1.300000E-7	0.000000E+0	0.000000E+0	1.964247E-4	2.976042E-9	0.000000E+0	0.000000E+0	1.999959E+1	0.000000E+0	4.000000E+0
28-Apr-25	11:37:21	-1.000000E-5	4.391240E+0	-8.000000E-5	-2.680000E-5	-2.000000E-7	-7.400000E-8	-1.340000E-7	0.000000E+0	0.000000E+0	1.964247E-4	2.976042E-9	0.000000E+0	0.000000E+0	1.999959E+1	0.000000E+0	4.000000E+0
28-Apr-25	11:37:21	-1.000000E-5	4.391805E+0	-8.000000E-5	-2.680000E-5	-2.000000E-7	-7.600000E-8	-2.100000E-7	0.000000E+0	0.000000E+0	1.964247E-4	2.976042E-9	0.000000E+0	0.000000E+0	1.999959E+1	0.000000E+0	4.000000E+0
28-Apr-25	11:37:22	-1.000000E-5	4.399230E+0	-8.000000E-5	-2.665000E-5	-1.000000E-7	-1.140000E-7	-2.800000E-7	0.000000E+0	0.000000E+0	1.964247E-4	2.976042E-9	0.000000E+0	0.000000E+0	1.999959E+1	0.000000E+0	4.000000E+0
28-Apr-25	11:37:22	-1.000000E-5	4.402640E+0	-8.000000E-5	-2.660000E-5	-2.000000E-7	-1.380000E-7	-2.480000E-7	0.000000E+0	0.000000E+0	1.964247E-4	2.976042E-9	0.000000E+0	0.000000E+0	1.999959E+1	0.000000E+0	4.000000E+0
28-Apr-25	11:37:23	-1.000000E-5	4.403955E+0	-8.000000E-5	-2.680000E-5	-6.500000E-7	-9.600000E-8	-8.000000E-8	0.000000E+0	0.000000E+0	1.964247E-4	2.976042E-9	0.000000E+0	0.000000E+0	1.999959E+1	0.000000E+0	4.000000E+0
28-Apr-25	11:37:23	-1.000000E-5	4.411000E+0	-8.000000E-5	-2.690000E-5	-4.000000E-7	-1.200000E-8	7.600000E-8	0.000000E+0	0.000000E+0	1.964247E-4	2.976042E-9	0.000000E+0	0.000000E+0	1.999959E+1	0.000000E+0	4.000000E+0
28-Apr-25	11:37:24	-1.000000E-5	4.414425E+0	-8.000000E-5	-2.690000E-5	-1.500000E-7	6.400000E-8	1.600000E-7	0.000000E+0	0.000000E+0	1.964247E-4	2.976042E-9	0.000000E+0	0.000000E+0	1.999959E+1	0.000000E+0	4.000000E+0
28-Apr-25	11:37:24	-1.000000E-5	4.416085E+0	-8.000000E-5	-2.670000E-5	-3.000000E-7	5.600000E-8	1.420000E-7	0.000000E+0	0.000000E+0	1.964247E-4	2.976042E-9	0.000000E+0	0.000000E+0	1.999959E+1	0.000000E+0	4.000000E+0
28-Apr-25	11:37:25	-1.000000E-5	4.422265E+0	-8.000000E-5	-2.660000E-5	-1.500000E-7	-2.000000E-9	1.400000E-7	0.000000E+0	0.000000E+0	1.964247E-4	2.976042E-9	0.000000E+0	0.000000E+0	1.999959E+1	0.000000E+0	4.000000E+0
28-Apr-25	11:37:25	-1.000000E-5	4.426365E+0	-8.000000E-5	-2.665000E-5	-3.000000E-7	-1.300000E-7	1.940000E-7	0.000000E+0	0.000000E+0	1.964247E-4	2.976042E-9	0.000000E+0	0.000000E+0	1.999959E+1	0.000000E+0	4.000000E+0
28-Apr-25	11:37:26	-1.000000E-5	4.429695E+0	-8.000000E-5	-2.670000E-5	-2.000000E-7	-3.120000E-7	2.100000E-7	0.000000E+0	0.000000E+0	1.964247E-4	2.976042E-9	0.000000E+0	0.000000E+0	1.999959E+1	0.000000E+0	4.000000E+0
28-Apr-25	11:37:26	-1.000000E-5	4.433760E+0	-8.000000E-5	-2.655000E-5	-2.500000E-7	-4.860000E-7	1.520000E-7	0.000000E+0	0.000000E+0	1.964247E-4	2.976042E-9	0.000000E+0	0.000000E+0	1.999959E+1	0.000000E+0	4.000000E+0
28-Apr-25	11:37:27	-1.000000E-5	4.437075E+0	-8.000000E-5	-2.650000E-5	-3.500000E-7	-4.660000E-7	3.600000E-8	0.000000E+0	0.000000E+0	1.964247E-4	2.976042E-9	0.000000E+0	0.000000E+0	1.999959E+1	0.000000E+0	4.000000E+0
28-Apr-25	11:37:27	-1.000000E-5	4.440385E+0	-8.000000E-5	-2.665000E-5	-8.500000E-7	-3.100000E-7	-1.420000E-7	0.000000E+0	0.000000E+0	1.964247E-4	2.976042E-9	0.000000E+0	0.000000E+0	1.999959E+1	0.000000E+0	4.000000E+0
28-Apr-25	11:37:28	-1.000000E-5	4.443695E+0	-8.000000E-5	-2.675000E-5	-1.500000E-7	-1.800000E-7	-3.220000E-7	0.000000E+0	0.000000E+0	1.964247E-4	2.976042E-9	0.000000E+0	0.000000E+0	1.999959E+1	0.000000E+0	4.000000E+0
28-Apr-25	11:37:28	-1.000000E-5	4.447340E+0	-8.000000E-5	-2.690000E-5	-1.000000E-7	-1.200000E-7	-4.100000E-7	0.000000E+0	0.000000E+0	1.964247E-4	2.976042E-9	0.000000E+0	0.000000E+0	1.999959E+1	0.000000E+0	4.000000E+0
28-Apr-25	11:37:29	-1.000000E-5	4.450615E+0	-8.000000E-5	-2.645000E-5	-1.500000E-7	-1.600000E-8	-3.340000E-7	0.000000E+0	0.000000E+0	1.964247E-4	2.976042E-9	0.000000E+0	0.000000E+0	1.999959E+1	0.000000E+0	4.000000E+0
28-Apr-25	11:37:29	-1.000000E-5	4.451230E+0	-8.000000E-5	-2.650000E-5	2.000000E-7	1.440000E-7	-1.620000E-7	0.000000E+0	0.000000E+0	1.964247E-4	2.976042E-9	0.000000E+0	0.000000E+0	1.999959E+1	0.000000E+0	4.000000E+0
28-Apr-25	11:37:30	-1.000000E-5	4.457285E+0	-8.000000E-5	-2.680000E-5	0.000000E+0	2.140000E-7	-5.200000E-8	0.000000E+0	0.000000E+0	1.964247E-4	2.976042E-9	0.000000E+0	0.000000E+0	1.999959E+1	0.000000E+0	4.000000E+0
28-Apr-25	11:37:30	-1.000000E-5	4.460525E+0	-8.000000E-5	-2.660000E-5	5.000000E-8	1.520000E-7	-1.600000E-8	0.000000E+0	0.000000E+0	1.964247E-4	2.976042E-9	0.000000E+0	0.000000E+0	1.999959E+1	0.000000E+0	4.000000E+0
28-Apr-25	11:37:31	-1.000000E-5	4.463780E+0	-8.000000E-5	-2.690000E-5	0.000000E+0	7.600000E-8	2.200000E-8	0.000000E+0	0.000000E+0	1.964247E-4	2.976042E-9	0.000000E+0	0.000000E+0	1.999959E+1	0.000000E+0	4.000000E+0
28-Apr-25	11:37:31	-1.000000E-5	4.467005E+0	-8.000000E-5	-2.685000E-5	-6.000000E-7	6.600000E-8	5.200000E-8	0.000000E+0	0.000000E+0	1.964247E-4	2.976042E-9	0.000000E+0	0.000000E+0	1.999959E+1	0.000000E+0	4.000000E+0
28-Apr-25	11:37:32	-1.000000E-5	4.470595E+0	-8.000000E-5	-2.665000E-5	-2.500000E-7	5.400000E-8	5.400000E-8	0.000000E+0	0.000000E+0	1.964247E-4	2.976042E-9	0.000000E+0	0.000000E+0	1.999959E+1	0.000000E+0	4.000000E+0
28-Apr-25	11:37:32	-1.000000E-5	4.474235E+0	-8.000000E-5	-2.665000E-5	-3.500000E-7	2.800000E-8	2.800000E-8	0.000000E+0	0.000000E+0	1.964247E-4	2.976042E-9	0.000000E+0	0.000000E+0	1.999959E+1	0.000000E+0	4.000000E+0
28-Apr-25	11:37:32	-1.000000E-5	4.477855E+0	-8.000000E-5	-2.665000E-5	-2.000000E-7	8.600000E-8	-3.600000E-8	0.000000E+0	0.000000E+0	1.964247E-4	2.976042E-9	0.000000E+0	0.000000E+0	1.999959E+1	0.000000E+0	4.000000E+0
28-Apr-25	11:37:33	-1.000000E-5	4.481055E+0	-8.000000E-5	-2.680000E-5	-2.000000E-7	2.140000E-7	-1.260000E-7	0.000000E+0	0.000000E+0	1.964247E-4	2.976042E-9	0.000000E+0	0.000000E+0	1.999959E+1	0.000000E+0	4.000000E+0
28-Apr-25	11:37:33	-1.000000E-5	4.484225E+0	-8.000000E-5	-2.700000E-5	-3.000000E-7	3.140000E-7	-1.900000E-7	0.000000E+0	0.000000E+0	1.964247E-4	2.976042E-9	0.000000E+0	0.000000E+0	1.999959E+1	0.000000E+0	4.000000E+0
28-Apr-25	11:37:34	-1.000000E-5	4.487770E+0	-8.000000E-5	-2.690000E-5	-5.000000E-7	3.400000E-7	-1.680000E-7	0.000000E+0	0.000000E+0	1.964247E-4	2.976042E-9	0.000000E+0	0.000000E+0	1.999959E+1	0.000000E+0	4.000000E+0
28-Apr-25	11:37:34	-1.000000E-5	4.490945E+0	-8.000000E-5	-2.665000E-5	-2.500000E-7	3.060000E-7	-3.200000E-8	0.000000E+0	0.000000E+0	1.964247E-4	2.976042E-9	0.000000E+0	0.000000E+0	1.999959E+1	0.000000E+0	4.000000E+0
28-Apr-25	11:37:35	-1.000000E-5	4.494800E+0	-8.000000E-5	-2.680000E-5	-2.000000E-7	1.880000E-7	1.620000E-7	0.000000E+0	0.000000E+0	1.964247E-4	2.976042E-9	0.000000E+0	0.000000E+0	1.999959E+1	0.000000E+0	4.000000E+0
28-Apr-25	11:37:35	-1.000000E-5	4.497950E+0	-8.000000E-5	-2.655000E-5	-1.000000E-7	8.800000E-8	1.960000E-7	0.000000E+0	0.000000E+0	1.964247E-4	2.976042E-9	0.000000E+0	0.000000E+0	1.999959E+1	0.000000E+0	4.000000E+0
28-Apr-25	11:37:36	-1.000000E-5	4.501130E+0	-8.000000E-5	-2.665000E-5	-1.000000E-7	8.000000E-8	1.120000E-7	0.000000E+0	0.000000E+0	1.964247E-4	2.976042E-9	0.000000E+0	0.000000E+0	1.999959E+1	0.000000E+0	4.000000E+0
28-Apr-25	11:37:36	-1.000000E-5	4.504600E+0	-8.000000E-5	-2.645000E-5	-5.500000E-7	9.000000E-8	5.000000E-8	0.000000E+0	0.000000E+0	1.964247E-4	2.976042E-9	0.000000E+0	0.000000E+0	1.999959E+1	0.000000E+0	4.000000E+0
28-Apr-25	11:37:37	-1.000000E-5	4.507705E+0	-8.000000E-5	-2.625000E-5	-6.500000E-7	-1.200000E-8	9.000000E-8	0.000000E+0	0.000000E+0	1.964247E-4	2.976042E-9	0.000000E+0	0.000000E+0	1.999959E+1	0.000000E+0	4.000000E+0
28-Apr-25	11:37:37	-1.000000E-5	4.508220E+0	-8.000000E-5	-2.630000E-5	-3.500000E-7	-1.680000E-7	1.300000E-7	0.000000E+0	0.000000E+0	1.964247E-4	2.976042E-9	0.000000E+0	0.000000E+0	1.999959E+1	0.000000E+0	4.000000E+0
28-Apr-25	11:37:38	-1.000000E-5	4.513915E+0	-8.000000E-5	-2.635000E-5	-2.000000E-7	-2.460000E-7	4.800000E-8	0.000000E+0	0.000000E+0	1.964247E-4	2.976042E-9	0.000000E+0	0.000000E+0	1.999959E+1	0.000000E+0	4.000000E+0
28-Apr-25	11:37:38	-1.000000E-5	4.517030E+0	-8.000000E-5	-2.670000E-5	-4.000000E-7	-2.600000E-7	-1.480000E-7	0.000000E+0	0.000000E+0	1.964247E-4	2.976042E-9	0.000000E+0	0.000000E+0	1.999959E+1	0.000000E+0	4.000000E+0
28-Apr-25	11:37:39	-1.000000E-5	4.520135E+0	-8.000000E-5	-2.695000E-5	-3.000000E-7	-2.740000E-7	-3.200000E-7	0.000000E+0	0.000000E+0	1.964247E-4	2.976042E-9	0.000000E+0	0.000000E+0	1.999959E+1	0.000000E+0	4.000000E+0
28-Apr-25	11:37:39	-1.000000E-5	4.523285E+0	-8.000000E-5	-2.690000E-5	-5.000000E-8	-2.480000E-7	-3.500000E-7	0.000000E+0	0.000000E+0	1.964247E-4	2.976042E-9	0.000000E+0	0.000000E+0	1.999959E+1	0.000000E+0	4.000000E+0
28-Apr-25	11:37:39	-1.000000E-5	4.526750E+0	-8.000000E-5	-2.685000E-5	5.000000E-8	-1.180000E-7	-2.700000E-7	0.000000E+0	0.000000E+0	1.964247E-4	2.976042E-9	0.000000E+0	0.000000E+0	1.999959E+1	0.000000E+0	4.000000E+0
28-Apr-25	11:37:40	-1.000000E-5	4.529815E+0	-8.000000E-5	-2.650000E-5	5.000000E-8	5.800000E-8	-1.780000E-7	0.000000E+0	0.000000E+0	1.964247E-4	2.976042E-9	0.000000E+0	0.000000E+0	1.999959E+1	0.000000E+0	4.000000E+0
28-Apr-25	11:37:41	-1.000000E-5	4.533875E+0	-8.000000E-5	-2.640000E-5	0.000000E+0	1.800000E-7	-1.280000E-7	0.000000E+0	0.000000E+0	1.964247E-4	2.976042E-9	0.000000E+0	0.000000E+0	1.999959E+1	0.000000E+0	4.000000E+0
28-Apr-25	11:37:41	-1.000000E-5	4.537610E+0	-8.000000E-5	-2.655000E-5	-2.500000E-7	7.800000E-8	-1.540000E-7	0.000000E+0	0.000000E+0	1.964247E-4	2.976042E-9	0.000000E+0	0.000000E+0	1.999959E+1	0.000000E+0	4.000000E+0
28-Apr-25	11:37:42	-1.000000E-5	4.540645E+0	-8.000000E-5	-2.665000E-5	-1.500000E-7	-4.200000E-8	-1.460000E-7	0.000000E+0	0.000000E+0	1.964247E-4	2.976042E-9	0.000000E+0	0.000000E+0	1.999959E+1	0.000000E+0	4.000000E+0
28-Apr-25	11:37:42	-1.000000E-5	4.541470E+0	-8.000000E-5	-2.665000E-5	-1.500000E-7	-1.180000E-7	-5.400000E-8	0.000000E+0	0.000000E+0	1.964247E-4	2.976042E-9	0.000000E+0	0.000000E+0	1.999959E+1	0.000000E+0	4.000000E+0
28-Apr-25	11:37:43	-1.000000E-5	4.547410E+0	-8.000000E-5	-2.660000E-5	-2.000000E-7	-1.640000E-7	5.600000E-8	0.000000E+0	0.000000E+0	1.964247E-4	2.976042E-9	0.000000E+0	0.000000E+0	1.999959E+1	0.000000E+0	4.000000E+0
28-Apr-25	11:37:43	-1.000000E-5	4.550470E+0	-8.000000E-5	-2.640000E-5	-5.000000E-8	-2.360000E-7	1.740000E-7	0.000000E+0	0.000000E+0	1.964247E-4	2.976042E-9	0.000000E+0	0.000000E+0	1.999959E+1	0.000000E+0	4.000000E+0
28-Apr-25	11:37:44	-1.000000E-5	4.553810E+0	-8.000000E-5	-2.645000E-5	-3.500000E-7	-3.300000E-7	2.940000E-7	0.000000E+0	0.000000E+0	1.964247E-4	2.976042E-9	0.000000E+0	0.000000E+0	1.999959E+1	0.000000E+0	4.000000E+0
28-Apr-25	11:37:44	-1.000000E-5	4.557145E+0	-8.000000E-5	-2.630000E-5	-4.500000E-7	-3.540000E-7	3.380000E-7	0.000000E+0	0.000000E+0	1.964247E-4	2.976042E-9	0.000000E+0	0.000000E+0	1.999959E+1	0.000000E+0	4.000000E+0
28-Apr-25	11:37:45	-1.000000E-5	4.560470E+0	-8.000000E-5	-2.665000E-5	-3.500000E-7	-2.480000E-7	2.380000E-7	0.000000E+0	0.000000E+0	1.964247E-4	2.976042E-9	0.000000E+0	0.000000E+0	1.999959E+1	0.000000E+0	4.000000E+0
28-Apr-25	11:37:45	-1.000000E-5	4.563775E+0	-8.000000E-5	-2.680000E-5	-4.500000E-7	-8.200000E-8	5.000000E-8	0.000000E+0	0.000000E+0	1.964247E-4	2.976042E-9	0.000000E+0	0.000000E+0	1.999959E+1	0.000000E+0	4.000000E+0
28-Apr-25	11:37:46	-1.000000E-5	4.567060E+0	-8.000000E-5	-2.685000E-5	-4.000000E-7	1.400000E-8	-4.200000E-8	0.000000E+0	0.000000E+0	1.964247E-4	2.976042E-9	0.000000E+0	0.000000E+0	1.999959E+1	0.000000E+0	4.000000E+0
28-Apr-25	11:37:46	-1.000000E-5	4.570015E+0	-8.000000E-5	-2.680000E-5	-2.000000E-7	4.600000E-8	-3.800000E-8	0.000000E+0	0.000000E+0	1.964247E-4	2.976042E-9	0.000000E+0	0.000000E+0	1.999959E+1	0.000000E+0	4.000000E+0
28-Apr-25	11:37:47	-1.000000E-5	4.572970E+0	-8.000000E-5	-2.665000E-5	-5.000000E-8	4.000000E-9	-2.800000E-8	0.000000E+0	0.000000E+0	1.964247E-4	2.976042E-9	0.000000E+0	0.000000E+0	1.999959E+1	0.000000E+0	4.000000E+0
28-Apr-25	11:37:47	-1.000000E-5	4.576295E+0	-8.000000E-5	-2.670000E-5	1.000000E-7	-1.180000E-7	-7.000000E-8	0.000000E+0	0.000000E+0	1.964247E-4	2.976042E-9	0.000000E+0	0.000000E+0	1.999959E+1	0.000000E+0	4.000000E+0
28-Apr-25	11:37:47	-1.000000E-5	4.579600E+0	-8.000000E-5	-2.650000E-5	-2.000000E-7	-1.760000E-7	-9.200000E-8	0.000000E+0	0.000000E+0	1.964247E-4	2.976042E-9	0.000000E+0	0.000000E+0	1.999959E+1	0.000000E+0	4.000000E+0
28-Apr-25	11:37:48	-1.000000E-5	4.582525E+0	-8.000000E-5	-2.720000E-5	5.000000E-8	-1.060000E-7	-3.200000E-8	0.000000E+0	0.000000E+0	1.964247E-4	2.976042E-9	0.000000E+0	0.000000E+0	1.999959E+1	0.000000E+0	4.000000E+0
28-Apr-25	11:37:48	-1.000000E-5	4.585440E+0	-8.000000E-5	-2.685000E-5	-1.500000E-7	3.600000E-8	6.400000E-8	0.000000E+0	0.000000E+0	1.964247E-4	2.976042E-9	0.000000E+0	0.000000E+0	1.999959E+1	0.000000E+0	4.000000E+0
28-Apr-25	11:37:49	-1.000000E-5	4.588995E+0	-8.000000E-5	-2.660000E-5	-3.000000E-7	1.740000E-7	1.060000E-7	0.000000E+0	0.000000E+0	1.964247E-4	2.976042E-9	0.000000E+0	0.000000E+0	1.999959E+1	0.000000E+0	4.000000E+0
28-Apr-25	11:37:49	-1.000000E-5	4.592530E+0	-8.000000E-5	-2.655000E-5	-1.000000E-7	1.860000E-7	1.000000E-7	0.000000E+0	0.000000E+0	1.964247E-4	2.976042E-9	0.000000E+0	0.000000E+0	1.999959E+1	0.000000E+0	4.000000E+0
28-Apr-25	11:37:50	-1.000000E-5	4.595425E+0	-8.000000E-5	-2.640000E-5	6.000000E-7	7.600000E-8	7.800000E-8	0.000000E+0	0.000000E+0	1.964247E-4	2.976042E-9	0.000000E+0	0.000000E+0	1.999959E+1	0.000000E+0	4.000000E+0
28-Apr-25	11:37:50	-1.000000E-5	4.598305E+0	-8.000000E-5	-2.675000E-5	2.500000E-7	-5.200000E-8	1.800000E-8	0.000000E+0	0.000000E+0	1.964247E-4	2.976042E-9	0.000000E+0	0.000000E+0	1.999959E+1	0.000000E+0	4.000000E+0
28-Apr-25	11:37:51	-1.000000E-5	4.601930E+0	-8.000000E-5	-2.665000E-5	-1.500000E-7	-8.400000E-8	-3.400000E-8	0.000000E+0	0.000000E+0	1.964247E-4	2.976042E-9	0.000000E+0	0.000000E+0	1.999959E+1	0.000000E+0	4.000000E+0
28-Apr-25	11:37:51	-1.000000E-5	4.602380E+0	-8.000000E-5	-2.660000E-5	-5.000000E-8	-3.200000E-8	1.000000E-8	0.000000E+0	0.000000E+0	1.964247E-4	2.976042E-9	0.000000E+0	0.000000E+0	1.999959E+1	0.000000E+0	4.000000E+0
28-Apr-25	11:37:52	-1.000000E-5	4.608285E+0	-8.000000E-5	-2.650000E-5	-3.000000E-7	1.000000E-8	1.320000E-7	0.000000E+0	0.000000E+0	1.964247E-4	2.976042E-9	0.000000E+0	0.000000E+0	1.999959E+1	0.000000E+0	4.000000E+0
28-Apr-25	11:37:53	-1.000000E-5	4.612055E+0	-8.000000E-5	-2.650000E-5	-4.500000E-7	-3.000000E-8	1.740000E-7	0.000000E+0	0.000000E+0	1.964247E-4	2.976042E-9	0.000000E+0	0.000000E+0	1.999959E+1	0.000000E+0	4.000000E+0
28-Apr-25	11:37:53	-1.000000E-5	4.612530E+0	-8.000000E-5	-2.665000E-5	-3.500000E-7	-7.200000E-8	1.040000E-7	0.000000E+0	0.000000E+0	1.964247E-4	2.976042E-9	0.000000E+0	0.000000E+0	1.999959E+1	0.000000E+0	4.000000E+0
28-Apr-25	11:37:54	-1.000000E-5	4.618350E+0	-8.000000E-5	-2.680000E-5	-3.000000E-7	-6.400000E-8	-3.600000E-8	0.000000E+0	0.000000E+0	1.964247E-4	2.976042E-9	0.000000E+0	0.000000E+0	1.999959E+1	0.000000E+0	4.000000E+0
28-Apr-25	11:37:54	-1.000000E-5	4.622165E+0	-8.000000E-5	-2.670000E-5	-1.500000E-7	-2.400000E-8	-1.900000E-7	0.000000E+0	0.000000E+0	1.964247E-4	2.976042E-9	0.000000E+0	0.000000E+0	1.999959E+1	0.000000E+0	4.000000E+0
28-Apr-25	11:37:55	-1.000000E-5	4.622655E+0	-8.000000E-5	-2.665000E-5	0.000000E+0	1.400000E-8	-2.000000E-7	0.000000E+0	0.000000E+0	1.964247E-4	2.976042E-9	0.000000E+0	0.000000E+0	1.999959E+1	0.000000E+0	4.000000E+0
28-Apr-25	11:37:55	-1.000000E-5	4.628435E+0	-8.000000E-5	-2.660000E-5	-1.000000E-7	6.000000E-8	-1.000000E-7	0.000000E+0	0.000000E+0	1.964247E-4	2.976042E-9	0.000000E+0	0.000000E+0	1.999959E+1	0.000000E+0	4.000000E+0
28-Apr-25	11:37:56	-1.000000E-5	4.631230E+0	-8.000000E-5	-2.675000E-5	-2.500000E-7	6.200000E-8	-7.400000E-8	0.000000E+0	0.000000E+0	1.964247E-4	2.976042E-9	0.000000E+0	0.000000E+0	1.999959E+1	0.000000E+0	4.000000E+0
28-Apr-25	11:37:56	-1.000000E-5	4.632305E+0	-8.000000E-5	-2.670000E-5	-2.500000E-7	3.400000E-8	-1.440000E-7	0.000000E+0	0.000000E+0	1.964247E-4	2.976042E-9	0.000000E+0	0.000000E+0	1.999959E+1	0.000000E+0	4.000000E+0
28-Apr-25	11:37:57	-1.000000E-5	4.637400E+0	-8.000000E-5	-2.645000E-5	-3.000000E-7	2.600000E-8	-1.560000E-7	0.000000E+0	0.000000E+0	1.964247E-4	2.976042E-9	0.000000E+0	0.000000E+0	1.999959E+1	0.000000E+0	4.000000E+0
28-Apr-25	11:37:57	-1.000000E-5	4.640770E+0	-8.000000E-5	-2.665000E-5	0.000000E+0	8.000000E-9	-1.040000E-7	0.000000E+0	0.000000E+0	1.964247E-4	2.976042E-9	0.000000E+0	0.000000E+0	1.999959E+1	0.000000E+0	4.000000E+0
28-Apr-25	11:37:58	-1.000000E-5	4.643520E+0	-8.000000E-5	-2.660000E-5	-5.000000E-8	-5.800000E-8	-1.100000E-7	0.000000E+0	0.000000E+0	1.964247E-4	2.976042E-9	0.000000E+0	0.000000E+0	1.999959E+1	0.000000E+0	4.000000E+0
28-Apr-25	11:37:58	-1.000000E-5	4.646270E+0	-8.000000E-5	-2.670000E-5	1.000000E-7	-1.160000E-7	-1.200000E-7	0.000000E+0	0.000000E+0	1.964247E-4	2.976042E-9	0.000000E+0	0.000000E+0	1.999959E+1	0.000000E+0	4.000000E+0
28-Apr-25	11:37:59	-1.000000E-5	4.649075E+0	-8.000000E-5	-2.675000E-5	-2.500000E-7	-5.200000E-8	-5.400000E-8	0.000000E+0	0.000000E+0	1.964247E-4	2.976042E-9	0.000000E+0	0.000000E+0	1.999959E+1	0.000000E+0	4.000000E+0
28-Apr-25	11:37:59	-1.000000E-5	4.652170E+0	-8.000000E-5	-2.665000E-5	-7.000000E-7	7.800000E-8	-8.000000E-9	0.000000E+0	0.000000E+0	1.964247E-4	2.976042E-9	0.000000E+0	0.000000E+0	1.999959E+1	0.000000E+0	4.000000E+0
28-Apr-25	11:37:59	-1.000000E-5	4.654895E+0	-8.000000E-5	-2.650000E-5	-3.500000E-7	9.200000E-8	-4.600000E-8	0.000000E+0	0.000000E+0	1.964247E-4	2.976042E-9	0.000000E+0	0.000000E+0	1.999959E+1	0.000000E+0	4.000000E+0
28-Apr-25	11:38:00	-1.000000E-5	4.657920E+0	-8.000000E-5	-2.645000E-5	1.000000E-7	-3.600000E-8	-8.000000E-8	0.000000E+0	0.000000E+0	1.964247E-4	2.976042E-9	0.000000E+0	0.000000E+0	1.999959E+1	0.000000E+0	4.000000E+0
28-Apr-25	11:38:01	-1.000000E-5	4.661220E+0	-8.000000E-5	-2.680000E-5	-5.000000E-8	-1.060000E-7	-4.200000E-8	0.000000E+0	0.000000E+0	1.964247E-4	2.976042E-9	0.000000E+0	0.000000E+0	1.999959E+1	0.000000E+0	4.000000E+0
28-Apr-25	11:38:01	-1.000000E-5	4.664530E+0	-8.000000E-5	-2.660000E-5	-1.500000E-7	-4.000000E-8	3.600000E-8	0.000000E+0	0.000000E+0	1.964247E-4	2.976042E-9	0.000000E+0	0.000000E+0	1.999959E+1	0.000000E+0	4.000000E+0
28-Apr-25	11:38:02	-1.000000E-5	4.667220E+0	-8.000000E-5	-2.660000E-5	-3.500000E-7	4.000000E-8	1.100000E-7	0.000000E+0	0.000000E+0	1.964247E-4	2.976042E-9	0.000000E+0	0.000000E+0	1.999959E+1	0.000000E+0	4.000000E+0
28-Apr-25	11:38:02	-1.000000E-5	4.670220E+0	-8.000000E-5	-2.670000E-5	-3.500000E-7	7.400000E-8	1.280000E-7	0.000000E+0	0.000000E+0	1.964247E-4	2.976042E-9	0.000000E+0	0.000000E+0	1.999959E+1	0.000000E+0	4.000000E+0
28-Apr-25	11:38:02	-1.000000E-5	4.672880E+0	-8.000000E-5	-2.660000E-5	-5.000000E-8	4.400000E-8	3.600000E-8	0.000000E+0	0.000000E+0	1.964247E-4	2.976042E-9	0.000000E+0	0.000000E+0	1.999959E+1	0.000000E+0	4.000000E+0
28-Apr-25	11:38:03	-1.000000E-5	4.673370E+0	-8.000000E-5	-2.670000E-5	-5.000000E-8	-8.000000E-9	-1.240000E-7	0.000000E+0	0.000000E+0	1.964247E-4	2.976042E-9	0.000000E+0	0.000000E+0	1.999959E+1	0.000000E+0	4.000000E+0
28-Apr-25	11:38:03	-1.000000E-5	4.678315E+0	-8.000000E-5	-2.640000E-5	-1.500000E-7	-5.000000E-8	-2.020000E-7	0.000000E+0	0.000000E+0	1.964247E-4	2.976042E-9	0.000000E+0	0.000000E+0	1.999959E+1	0.000000E+0	4.000000E+0
28-Apr-25	11:38:04	-1.000000E-5	4.680960E+0	-8.000000E-5	-2.675000E-5	-3.500000E-7	-6.200000E-8	-1.220000E-7	0.000000E+0	0.000000E+0	1.964247E-4	2.976042E-9	0.000000E+0	0.000000E+0	1.999959E+1	0.000000E+0	4.000000E+0
28-Apr-25	11:38:04	-1.000000E-5	4.684195E+0	-8.000000E-5	-2.675000E-5	5.000000E-8	-6.200000E-8	-1.000000E-8	0.000000E+0	0.000000E+0	1.964247E-4	2.976042E-9	0.000000E+0	0.000000E+0	1.999959E+1	0.000000E+0	4.000000E+0
28-Apr-25	11:38:05	-1.000000E-5	4.686845E+0	-8.000000E-5	-2.665000E-5	0.000000E+0	-6.000000E-8	-3.200000E-8	0.000000E+0	0.000000E+0	1.964247E-4	2.976042E-9	0.000000E+0	0.000000E+0	1.999959E+1	0.000000E+0	4.000000E+0
28-Apr-25	11:38:05	-1.000000E-5	4.689470E+0	-8.000000E-5	-2.665000E-5	1.000000E-7	-3.400000E-8	-7.600000E-8	0.000000E+0	0.000000E+0	1.964247E-4	2.976042E-9	0.000000E+0	0.000000E+0	1.999959E+1	0.000000E+0	4.000000E+0
28-Apr-25	11:38:06	-1.000000E-5	4.692105E+0	-8.000000E-5	-2.635000E-5	5.000000E-8	3.600000E-8	-5.400000E-8	0.000000E+0	0.000000E+0	1.964247E-4	2.976042E-9	0.000000E+0	0.000000E+0	1.999959E+1	0.000000E+0	4.000000E+0
28-Apr-25	11:38:06	-1.000000E-5	4.692575E+0	-8.000000E-5	-2.620000E-5	2.000000E-7	1.020000E-7	1.600000E-8	0.000000E+0	0.000000E+0	1.964247E-4	2.976042E-9	0.000000E+0	0.000000E+0	1.999959E+1	0.000000E+0	4.000000E+0
28-Apr-25	11:38:07	-1.000000E-5	4.698020E+0	-8.000000E-5	-2.640000E-5	-2.500000E-7	8.800000E-8	7.600000E-8	0.000000E+0	0.000000E+0	1.964247E-4	2.976042E-9	0.000000E+0	0.000000E+0	1.999959E+1	0.000000E+0	4.000000E+0
28-Apr-25	11:38:07	-1.000000E-5	4.700620E+0	-8.000000E-5	-2.650000E-5	-4.500000E-7	5.600000E-8	1.640000E-7	0.000000E+0	0.000000E+0	1.964247E-4	2.976042E-9	0.000000E+0	0.000000E+0	1.999959E+1	0.000000E+0	4.000000E+0
28-Apr-25	11:38:08	-1.000000E-5	4.701900E+0	-8.000000E-5	-2.660000E-5	0.000000E+0	4.400000E-8	2.940000E-7	0.000000E+0	0.000000E+0	1.964247E-4	2.976042E-9	0.000000E+0	0.000000E+0	1.999959E+1	0.000000E+0	4.000000E+0
28-Apr-25	11:38:08	-1.000000E-5	4.707225E+0	-8.000000E-5	-2.670000E-5	-2.000000E-7	0.000000E+0	3.040000E-7	0.000000E+0	0.000000E+0	1.964247E-4	2.976042E-9	0.000000E+0	0.000000E+0	1.999959E+1	0.000000E+0	4.000000E+0
28-Apr-25	11:38:09	-1.000000E-5	4.710100E+0	-8.000000E-5	-2.660000E-5	-2.500000E-7	-4.800000E-8	2.080000E-7	0.000000E+0	0.000000E+0	1.964247E-4	2.976042E-9	0.000000E+0	0.000000E+0	1.999959E+1	0.000000E+0	4.000000E+0
28-Apr-25	11:38:09	-1.000000E-5	4.712375E+0	-8.000000E-5	-2.675000E-5	-4.500000E-7	-4.000000E-8	9.600000E-8	0.000000E+0	0.000000E+0	1.964247E-4	2.976042E-9	0.000000E+0	0.000000E+0	1.999959E+1	0.000000E+0	4.000000E+0
28-Apr-25	11:38:10	-1.000000E-5	4.715800E+0	-8.000000E-5	-2.670000E-5	-7.000000E-7	3.600000E-8	4.000000E-8	0.000000E+0	0.000000E+0	1.964247E-4	2.976042E-9	0.000000E+0	0.000000E+0	1.999959E+1	0.000000E+0	4.000000E+0
28-Apr-25	11:38:11	-1.000000E-5	4.719290E+0	-8.000000E-5	-2.660000E-5	-3.500000E-7	3.000000E-8	5.200000E-8	0.000000E+0	0.000000E+0	1.964247E-4	2.976042E-9	0.000000E+0	0.000000E+0	1.999959E+1	0.000000E+0	4.000000E+0
28-Apr-25	11:38:11	-1.000000E-5	4.722675E+0	-8.000000E-5	-2.620000E-5	0.000000E+0	-2.800000E-8	-8.000000E-9	0.000000E+0	0.000000E+0	1.964247E-4	2.976042E-9	0.000000E+0	0.000000E+0	1.999959E+1	0.000000E+0	4.000000E+0
28-Apr-25	11:38:12	-1.000000E-5	4.725205E+0	-8.000000E-5	-2.645000E-5	-3.500000E-7	-8.000000E-9	-1.380000E-7	0.000000E+0	0.000000E+0	1.964247E-4	2.976042E-9	0.000000E+0	0.000000E+0	1.999959E+1	0.000000E+0	4.000000E+0
28-Apr-25	11:38:12	-1.000000E-5	4.728300E+0	-8.000000E-5	-2.645000E-5	-1.500000E-7	3.400000E-8	-3.420000E-7	0.000000E+0	0.000000E+0	1.964247E-4	2.976042E-9	0.000000E+0	0.000000E+0	1.999959E+1	0.000000E+0	4.000000E+0
28-Apr-25	11:38:13	-1.000000E-5	4.730815E+0	-8.000000E-5	-2.645000E-5	-2.000000E-7	4.800000E-8	-5.060000E-7	0.000000E+0	0.000000E+0	1.964247E-4	2.976042E-9	0.000000E+0	0.000000E+0	1.999959E+1	0.000000E+0	4.000000E+0
28-Apr-25	11:38:13	-1.000000E-5	4.733325E+0	-8.000000E-5	-2.645000E-5	-2.000000E-7	5.600000E-8	-6.480000E-7	0.000000E+0	0.000000E+0	1.964247E-4	2.976042E-9	0.000000E+0	0.000000E+0	1.999959E+1	0.000000E+0	4.000000E+0
28-Apr-25	11:38:14	-1.000000E-5	4.735895E+0	-8.000000E-5	-2.655000E-5	-1.000000E-7	1.200000E-8	-7.360000E-7	0.000000E+0	0.000000E+0	1.964247E-4	2.976042E-9	0.000000E+0	0.000000E+0	1.999959E+1	0.000000E+0	4.000000E+0
28-Apr-25	11:38:14	-1.000000E-5	4.738995E+0	-8.000000E-5	-2.650000E-5	-1.500000E-7	-4.800000E-8	-7.160000E-7	0.000000E+0	0.000000E+0	1.964247E-4	2.976042E-9	0.000000E+0	0.000000E+0	1.999959E+1	0.000000E+0	4.000000E+0
28-Apr-25	11:38:15	-1.000000E-5	4.741765E+0	-8.000000E-5	-2.650000E-5	-1.500000E-7	-7.000000E-8	-5.640000E-7	0.000000E+0	0.000000E+0	1.964247E-4	2.976042E-9	0.000000E+0	0.000000E+0	1.999959E+1	0.000000E+0	4.000000E+0
28-Apr-25	11:38:15	-1.000000E-5	4.744810E+0	-8.000000E-5	-2.650000E-5	-1.500000E-7	-6.800000E-8	-2.880000E-7	0.000000E+0	0.000000E+0	1.964247E-4	2.976042E-9	0.000000E+0	0.000000E+0	1.999959E+1	0.000000E+0	4.000000E+0
28-Apr-25	11:38:16	-1.000000E-5	4.747835E+0	-8.000000E-5	-2.650000E-5	-2.000000E-7	-3.200000E-8	-1.320000E-7	0.000000E+0	0.000000E+0	1.964247E-4	2.976042E-9	0.000000E+0	0.000000E+0	1.999959E+1	0.000000E+0	4.000000E+0
28-Apr-25	11:38:16	-1.000000E-5	4.750295E+0	-8.000000E-5	-2.650000E-5	-1.500000E-7	3.600000E-8	-6.600000E-8	0.000000E+0	0.000000E+0	1.964247E-4	2.976042E-9	0.000000E+0	0.000000E+0	1.999959E+1	0.000000E+0	4.000000E+0
28-Apr-25	11:38:17	-1.000000E-5	4.753200E+0	-8.000000E-5	-2.645000E-5	-1.500000E-7	9.800000E-8	-3.600000E-8	0.000000E+0	0.000000E+0	1.964247E-4	2.976042E-9	0.000000E+0	0.000000E+0	1.999959E+1	0.000000E+0	4.000000E+0
28-Apr-25	11:38:17	-1.000000E-5	4.753480E+0	-8.000000E-5	-2.655000E-5	-1.500000E-7	1.080000E-7	-2.800000E-8	0.000000E+0	0.000000E+0	1.964247E-4	2.976042E-9	0.000000E+0	0.000000E+0	1.999959E+1	0.000000E+0	4.000000E+0
28-Apr-25	11:38:18	-1.000000E-5	4.757380E+0	-8.000000E-5	-2.650000E-5	-2.000000E-7	1.220000E-7	-5.200000E-8	0.000000E+0	0.000000E+0	1.964247E-4	2.976042E-9	0.000000E+0	0.000000E+0	1.999959E+1	0.000000E+0	4.000000E+0
28-Apr-25	11:38:18	-1.000000E-5	4.759410E+0	-8.000000E-5	-2.650000E-5	-2.500000E-7	1.180000E-7	-1.040000E-7	0.000000E+0	0.000000E+0	1.964247E-4	2.976042E-9	0.000000E+0	0.000000E+0	1.999959E+1	0.000000E+0	4.000000E+0
28-Apr-25	11:38:19	-1.000000E-5	4.761900E+0	-8.000000E-5	-2.660000E-5	-2.500000E-7	6.000000E-9	-1.780000E-7	0.000000E+0	0.000000E+0	1.964247E-4	2.976042E-9	0.000000E+0	0.000000E+0	1.999959E+1	0.000000E+0	4.000000E+0
28-Apr-25	11:38:19	-1.000000E-5	4.762455E+0	-8.000000E-5	-2.655000E-5	-2.500000E-7	-1.400000E-7	-1.920000E-7	0.000000E+0	0.000000E+0	1.964247E-4	2.976042E-9	0.000000E+0	0.000000E+0	1.999959E+1	0.000000E+0	4.000000E+0
28-Apr-25	11:38:20	-1.000000E-5	4.766390E+0	-8.000000E-5	-2.655000E-5	-2.000000E-7	-1.380000E-7	-1.020000E-7	0.000000E+0	0.000000E+0	1.964247E-4	2.976042E-9	0.000000E+0	0.000000E+0	1.999959E+1	0.000000E+0	4.000000E+0
28-Apr-25	11:38:20	-1.000000E-5	4.768830E+0	-8.000000E-5	-2.660000E-5	-2.000000E-7	3.400000E-8	3.600000E-8	0.000000E+0	0.000000E+0	1.964247E-4	2.976042E-9	0.000000E+0	0.000000E+0	1.999959E+1	0.000000E+0	4.000000E+0
28-Apr-25	11:38:21	-1.000000E-5	4.770855E+0	-8.000000E-5	-2.675000E-5	-2.500000E-7	1.840000E-7	6.800000E-8	0.000000E+0	0.000000E+0	1.964247E-4	2.976042E-9	0.000000E+0	0.000000E+0	1.999959E+1	0.000000E+0	4.000000E+0
28-Apr-25	11:38:21	-1.000000E-5	4.773300E+0	-8.000000E-5	-2.660000E-5	-1.000000E-7	1.940000E-7	0.000000E+0	0.000000E+0	0.000000E+0	1.964247E-4	2.976042E-9	0.000000E+0	0.000000E+0	1.999959E+1	0.000000E+0	4.000000E+0
28-Apr-25	11:38:22	-1.000000E-5	4.775345E+0	-8.000000E-5	-2.635000E-5	-1.500000E-7	8.000000E-8	-2.200000E-8	0.000000E+0	0.000000E+0	1.964247E-4	2.976042E-9	0.000000E+0	0.000000E+0	1.999959E+1	0.000000E+0	4.000000E+0
28-Apr-25	11:38:22	-1.000000E-5	4.777335E+0	-8.000000E-5	-2.665000E-5	-5.000000E-8	-7.400000E-8	1.400000E-8	0.000000E+0	0.000000E+0	1.964247E-4	2.976042E-9	0.000000E+0	0.000000E+0	1.999959E+1	0.000000E+0	4.000000E+0
28-Apr-25	11:38:22	-1.000000E-5	4.779305E+0	-8.000000E-5	-2.675000E-5	-1.500000E-7	-2.020000E-7	-1.400000E-8	0.000000E+0	0.000000E+0	1.964247E-4	2.976042E-9	0.000000E+0	0.000000E+0	1.999959E+1	0.000000E+0	4.000000E+0
28-Apr-25	11:38:23	-1.000000E-5	4.781500E+0	-8.000000E-5	-2.675000E-5	-2.500000E-7	-2.480000E-7	-1.620000E-7	0.000000E+0	0.000000E+0	1.964247E-4	2.976042E-9	0.000000E+0	0.000000E+0	1.999959E+1	0.000000E+0	4.000000E+0
28-Apr-25	11:38:23	-1.000000E-5	4.783470E+0	-8.000000E-5	-2.665000E-5	-2.500000E-7	-1.640000E-7	-2.660000E-7	0.000000E+0	0.000000E+0	1.964247E-4	2.976042E-9	0.000000E+0	0.000000E+0	1.999959E+1	0.000000E+0	4.000000E+0
28-Apr-25	11:38:24	-1.000000E-5	4.783795E+0	-8.000000E-5	-2.640000E-5	-1.000000E-7	-2.000000E-9	-2.260000E-7	0.000000E+0	0.000000E+0	1.964247E-4	2.976042E-9	0.000000E+0	0.000000E+0	1.999959E+1	0.000000E+0	4.000000E+0
28-Apr-25	11:38:24	-1.000000E-5	4.787405E+0	-8.000000E-5	-2.650000E-5	-5.000000E-8	1.180000E-7	-1.020000E-7	0.000000E+0	0.000000E+0	1.964247E-4	2.976042E-9	0.000000E+0	0.000000E+0	1.999959E+1	0.000000E+0	4.000000E+0
28-Apr-25	11:38:25	-1.000000E-5	4.789365E+0	-8.000000E-5	-2.660000E-5	-1.500000E-7	1.420000E-7	-1.200000E-8	0.000000E+0	0.000000E+0	1.964247E-4	2.976042E-9	0.000000E+0	0.000000E+0	1.999959E+1	0.000000E+0	4.000000E+0
28-Apr-25	11:38:25	-1.000000E-5	4.791305E+0	-8.000000E-5	-2.655000E-5	-3.500000E-7	1.300000E-7	2.000000E-8	0.000000E+0	0.000000E+0	1.964247E-4	2.976042E-9	0.000000E+0	0.000000E+0	1.999959E+1	0.000000E+0	4.000000E+0
28-Apr-25	11:38:26	-1.000000E-5	4.793245E+0	-8.000000E-5	-2.660000E-5	-1.000000E-7	1.180000E-7	2.400000E-8	0.000000E+0	0.000000E+0	1.964247E-4	2.976042E-9	0.000000E+0	0.000000E+0	1.999959E+1	0.000000E+0	4.000000E+0
28-Apr-25	11:38:26	-1.000000E-5	4.795390E+0	-8.000000E-5	-2.660000E-5	-5.000000E-8	7.200000E-8	1.800000E-8	0.000000E+0	0.000000E+0	1.964247E-4	2.976042E-9	0.000000E+0	0.000000E+0	1.999959E+1	0.000000E+0	4.000000E+0
28-Apr-25	11:38:27	-1.000000E-5	4.797530E+0	-8.000000E-5	-2.665000E-5	-2.000000E-7	-6.000000E-9	2.000000E-9	0.000000E+0	0.000000E+0	1.964247E-4	2.976042E-9	0.000000E+0	0.000000E+0	1.999959E+1	0.000000E+0	4.000000E+0
28-Apr-25	11:38:27	-1.000000E-5	4.799670E+0	-8.000000E-5	-2.665000E-5	0.000000E+0	-6.800000E-8	-4.400000E-8	0.000000E+0	0.000000E+0	1.964247E-4	2.976042E-9	0.000000E+0	0.000000E+0	1.999959E+1	0.000000E+0	4.000000E+0
28-Apr-25	11:38:28	-1.000000E-5	4.801595E+0	-8.000000E-5	-2.680000E-5	2.000000E-7	-1.440000E-7	-1.280000E-7	0.000000E+0	0.000000E+0	1.964247E-4	2.976042E-9	0.000000E+0	0.000000E+0	1.999959E+1	0.000000E+0	4.000000E+0
28-Apr-25	11:38:28	-1.000000E-5	4.803505E+0	-8.000000E-5	-2.675000E-5	1.500000E-7	-2.360000E-7	-2.160000E-7	0.000000E+0	0.000000E+0	1.964247E-4	2.976042E-9	0.000000E+0	0.000000E+0	1.999959E+1	0.000000E+0	4.000000E+0
28-Apr-25	11:38:29	-1.000000E-5	4.805610E+0	-8.000000E-5	-2.675000E-5	-1.000000E-7	-2.660000E-7	-2.760000E-7	0.000000E+0	0.000000E+0	1.964247E-4	2.976042E-9	0.000000E+0	0.000000E+0	1.999959E+1	0.000000E+0	4.000000E+0
28-Apr-25	11:38:29	-1.000000E-5	4.807525E+0	-8.000000E-5	-2.655000E-5	-3.000000E-7	-1.660000E-7	-2.900000E-7	0.000000E+0	0.000000E+0	1.964247E-4	2.976042E-9	0.000000E+0	0.000000E+0	1.999959E+1	0.000000E+0	4.000000E+0
28-Apr-25	11:38:29	-1.000000E-5	4.809495E+0	-8.000000E-5	-2.645000E-5	-2.500000E-7	5.000000E-8	-2.620000E-7	0.000000E+0	0.000000E+0	1.964247E-4	2.976042E-9	0.000000E+0	0.000000E+0	1.999959E+1	0.000000E+0	4.000000E+0
28-Apr-25	11:38:30	-1.000000E-5	4.809790E+0	-8.000000E-5	-2.640000E-5	-2.500000E-7	2.900000E-7	-1.680000E-7	0.000000E+0	0.000000E+0	1.964247E-4	2.976042E-9	0.000000E+0	0.000000E+0	1.999959E+1	0.000000E+0	4.000000E+0
28-Apr-25	11:38:30	-1.000000E-5	4.813255E+0	-8.000000E-5	-2.615000E-5	-2.000000E-7	4.200000E-7	-5.800000E-8	0.000000E+0	0.000000E+0	1.964247E-4	2.976042E-9	0.000000E+0	0.000000E+0	1.999959E+1	0.000000E+0	4.000000E+0
28-Apr-25	11:38:31	-1.000000E-5	4.815125E+0	-8.000000E-5	-2.660000E-5	-2.000000E-7	3.720000E-7	-3.800000E-8	0.000000E+0	0.000000E+0	1.964247E-4	2.976042E-9	0.000000E+0	0.000000E+0	1.999959E+1	0.000000E+0	4.000000E+0
28-Apr-25	11:38:31	-1.000000E-5	4.817015E+0	-8.000000E-5	-2.660000E-5	-1.500000E-7	2.460000E-7	-9.200000E-8	0.000000E+0	0.000000E+0	1.964247E-4	2.976042E-9	0.000000E+0	0.000000E+0	1.999959E+1	0.000000E+0	4.000000E+0
28-Apr-25	11:38:32	-1.000000E-5	4.819070E+0	-8.000000E-5	-2.660000E-5	-2.000000E-7	1.320000E-7	-1.100000E-7	0.000000E+0	0.000000E+0	1.964247E-4	2.976042E-9	0.000000E+0	0.000000E+0	1.999959E+1	0.000000E+0	4.000000E+0
28-Apr-25	11:38:32	-1.000000E-5	4.820945E+0	-8.000000E-5	-2.655000E-5	-2.500000E-7	3.400000E-8	-7.200000E-8	0.000000E+0	0.000000E+0	1.964247E-4	2.976042E-9	0.000000E+0	0.000000E+0	1.999959E+1	0.000000E+0	4.000000E+0
28-Apr-25	11:38:33	-1.000000E-5	4.822805E+0	-8.000000E-5	-2.650000E-5	-2.500000E-7	-2.200000E-8	-4.000000E-8	0.000000E+0	0.000000E+0	1.964247E-4	2.976042E-9	0.000000E+0	0.000000E+0	1.999959E+1	0.000000E+0	4.000000E+0
28-Apr-25	11:38:33	-1.000000E-5	4.823105E+0	-8.000000E-5	-2.640000E-5	-2.000000E-7	3.000000E-8	-8.000000E-9	0.000000E+0	0.000000E+0	1.964247E-4	2.976042E-9	0.000000E+0	0.000000E+0	1.999959E+1	0.000000E+0	4.000000E+0
28-Apr-25	11:38:34	-1.000000E-5	4.826495E+0	-8.000000E-5	-2.655000E-5	-2.500000E-7	1.400000E-7	6.200000E-8	0.000000E+0	0.000000E+0	1.964247E-4	2.976042E-9	0.000000E+0	0.000000E+0	1.999959E+1	0.000000E+0	4.000000E+0
28-Apr-25	11:38:34	-1.000000E-5	4.828560E+0	-8.000000E-5	-2.655000E-5	-2.500000E-7	1.540000E-7	1.320000E-7	0.000000E+0	0.000000E+0	1.964247E-4	2.976042E-9	0.000000E+0	0.000000E+0	1.999959E+1	0.000000E+0	4.000000E+0
28-Apr-25	11:38:35	-1.000000E-5	4.830380E+0	-8.000000E-5	-2.645000E-5	-2.000000E-7	5.600000E-8	1.640000E-7	0.000000E+0	0.000000E+0	1.964247E-4	2.976042E-9	0.000000E+0	0.000000E+0	1.999959E+1	0.000000E+0	4.000000E+0
28-Apr-25	11:38:35	-1.000000E-5	4.832230E+0	-8.000000E-5	-2.650000E-5	-1.500000E-7	0.000000E+0	1.960000E-7	0.000000E+0	0.000000E+0	1.964247E-4	2.976042E-9	0.000000E+0	0.000000E+0	1.999959E+1	0.000000E+0	4.000000E+0
28-Apr-25	11:38:36	-1.000000E-5	4.834455E+0	-8.000000E-5	-2.655000E-5	-1.500000E-7	1.140000E-7	2.180000E-7	0.000000E+0	0.000000E+0	1.964247E-4	2.976042E-9	0.000000E+0	0.000000E+0	1.999959E+1	0.000000E+0	4.000000E+0
28-Apr-25	11:38:36	-1.000000E-5	4.836335E+0	-8.000000E-5	-2.655000E-5	-1.500000E-7	2.020000E-7	1.240000E-7	0.000000E+0	0.000000E+0	1.964247E-4	2.976042E-9	0.000000E+0	0.000000E+0	1.999959E+1	0.000000E+0	4.000000E+0
28-Apr-25	11:38:36	-1.000000E-5	4.838150E+0	-8.000000E-5	-2.650000E-5	-2.000000E-7	1.240000E-7	-8.000000E-8	0.000000E+0	0.000000E+0	1.964247E-4	2.976042E-9	0.000000E+0	0.000000E+0	1.999959E+1	0.000000E+0	4.000000E+0
28-Apr-25	11:38:37	-1.000000E-5	4.839975E+0	-8.000000E-5	-2.650000E-5	-1.500000E-7	-1.600000E-8	-2.260000E-7	0.000000E+0	0.000000E+0	1.964247E-4	2.976042E-9	0.000000E+0	0.000000E+0	1.999959E+1	0.000000E+0	4.000000E+0
28-Apr-25	11:38:37	-1.000000E-5	4.841975E+0	-8.000000E-5	-2.645000E-5	-2.500000E-7	-6.200000E-8	-1.740000E-7	0.000000E+0	0.000000E+0	1.964247E-4	2.976042E-9	0.000000E+0	0.000000E+0	1.999959E+1	0.000000E+0	4.000000E+0
28-Apr-25	11:38:38	-1.000000E-5	4.843785E+0	-8.000000E-5	-2.655000E-5	-4.500000E-7	1.400000E-8	5.200000E-8	0.000000E+0	0.000000E+0	1.964247E-4	2.976042E-9	0.000000E+0	0.000000E+0	1.999959E+1	0.000000E+0	4.000000E+0
28-Apr-25	11:38:38	-1.000000E-5	4.844070E+0	-8.000000E-5	-2.645000E-5	-4.000000E-7	1.560000E-7	2.560000E-7	0.000000E+0	0.000000E+0	1.964247E-4	2.976042E-9	0.000000E+0	0.000000E+0	1.999959E+1	0.000000E+0	4.000000E+0
28-Apr-25	11:38:39	-1.000000E-5	4.847345E+0	-8.000000E-5	-2.700000E-5	-3.500000E-7	2.920000E-7	2.260000E-7	0.000000E+0	0.000000E+0	1.964247E-4	2.976042E-9	0.000000E+0	0.000000E+0	1.999959E+1	0.000000E+0	4.000000E+0
28-Apr-25	11:38:39	-1.000000E-5	4.849115E+0	-8.000000E-5	-2.710000E-5	7.000000E-7	3.560000E-7	-1.600000E-8	0.000000E+0	0.000000E+0	1.964247E-4	2.976042E-9	0.000000E+0	0.000000E+0	1.999959E+1	0.000000E+0	4.000000E+0
28-Apr-25	11:38:40	-1.000000E-5	4.850890E+0	-8.000000E-5	-2.640000E-5	1.500000E-7	3.400000E-7	-2.800000E-7	0.000000E+0	0.000000E+0	1.964247E-4	2.976042E-9	0.000000E+0	0.000000E+0	1.999959E+1	0.000000E+0	4.000000E+0
28-Apr-25	11:38:40	-1.000000E-5	4.852660E+0	-8.000000E-5	-2.650000E-5	-2.500000E-7	2.800000E-7	-3.860000E-7	0.000000E+0	0.000000E+0	1.964247E-4	2.976042E-9	0.000000E+0	0.000000E+0	1.999959E+1	0.000000E+0	4.000000E+0
28-Apr-25	11:38:41	-1.000000E-5	4.854635E+0	-8.000000E-5	-2.635000E-5	-5.000000E-8	1.960000E-7	-3.180000E-7	0.000000E+0	0.000000E+0	1.964247E-4	2.976042E-9	0.000000E+0	0.000000E+0	1.999959E+1	0.000000E+0	4.000000E+0
28-Apr-25	11:38:41	-1.000000E-5	4.856415E+0	-8.000000E-5	-2.670000E-5	5.000000E-8	9.400000E-8	-1.440000E-7	0.000000E+0	0.000000E+0	1.964247E-4	2.976042E-9	0.000000E+0	0.000000E+0	1.999959E+1	0.000000E+0	4.000000E+0
28-Apr-25	11:38:42	-1.000000E-5	4.856700E+0	-8.000000E-5	-2.650000E-5	5.000000E-8	-2.400000E-8	5.800000E-8	0.000000E+0	0.000000E+0	1.964247E-4	2.976042E-9	0.000000E+0	0.000000E+0	1.999959E+1	0.000000E+0	4.000000E+0
28-Apr-25	11:38:42	-1.000000E-5	4.859960E+0	-8.000000E-5	-2.650000E-5	-4.000000E-7	-1.220000E-7	1.880000E-7	0.000000E+0	0.000000E+0	1.964247E-4	2.976042E-9	0.000000E+0	0.000000E+0	1.999959E+1	0.000000E+0	4.000000E+0
28-Apr-25	11:38:42	-1.000000E-5	4.861745E+0	-8.000000E-5	-2.620000E-5	-3.500000E-7	-1.440000E-7	1.980000E-7	0.000000E+0	0.000000E+0	1.964247E-4	2.976042E-9	0.000000E+0	0.000000E+0	1.999959E+1	0.000000E+0	4.000000E+0
28-Apr-25	11:38:43	-1.000000E-5	4.863495E+0	-8.000000E-5	-2.665000E-5	0.000000E+0	-7.800000E-8	8.000000E-8	0.000000E+0	0.000000E+0	1.964247E-4	2.976042E-9	0.000000E+0	0.000000E+0	1.999959E+1	0.000000E+0	4.000000E+0
28-Apr-25	11:38:43	-1.000000E-5	4.865230E+0	-8.000000E-5	-2.645000E-5	-1.000000E-7	-8.000000E-9	-8.600000E-8	0.000000E+0	0.000000E+0	1.964247E-4	2.976042E-9	0.000000E+0	0.000000E+0	1.999959E+1	0.000000E+0	4.000000E+0
28-Apr-25	11:38:44	-1.000000E-5	4.867145E+0	-8.000000E-5	-2.605000E-5	-4.000000E-7	-1.200000E-8	-1.980000E-7	0.000000E+0	0.000000E+0	1.964247E-4	2.976042E-9	0.000000E+0	0.000000E+0	1.999959E+1	0.000000E+0	4.000000E+0
28-Apr-25	11:38:44	-1.000000E-5	4.869080E+0	-8.000000E-5	-2.590000E-5	2.000000E-7	-1.040000E-7	-1.760000E-7	0.000000E+0	0.000000E+0	1.964247E-4	2.976042E-9	0.000000E+0	0.000000E+0	1.999959E+1	0.000000E+0	4.000000E+0
28-Apr-25	11:38:45	-1.000000E-5	4.870985E+0	-8.000000E-5	-2.640000E-5	0.000000E+0	-2.280000E-7	-6.000000E-8	0.000000E+0	0.000000E+0	1.964247E-4	2.976042E-9	0.000000E+0	0.000000E+0	1.999959E+1	0.000000E+0	4.000000E+0
28-Apr-25	11:38:45	-1.000000E-5	4.872710E+0	-8.000000E-5	-2.630000E-5	-2.500000E-7	-3.120000E-7	5.200000E-8	0.000000E+0	0.000000E+0	1.964247E-4	2.976042E-9	0.000000E+0	0.000000E+0	1.999959E+1	0.000000E+0	4.000000E+0
28-Apr-25	11:38:46	-1.000000E-5	4.874435E+0	-8.000000E-5	-2.650000E-5	0.000000E+0	-2.940000E-7	1.320000E-7	0.000000E+0	0.000000E+0	1.964247E-4	2.976042E-9	0.000000E+0	0.000000E+0	1.999959E+1	0.000000E+0	4.000000E+0
28-Apr-25	11:38:46	-1.000000E-5	4.876330E+0	-8.000000E-5	-2.645000E-5	-2.500000E-7	-1.720000E-7	1.640000E-7	0.000000E+0	0.000000E+0	1.964247E-4	2.976042E-9	0.000000E+0	0.000000E+0	1.999959E+1	0.000000E+0	4.000000E+0
28-Apr-25	11:38:47	-1.000000E-5	4.878400E+0	-8.000000E-5	-2.660000E-5	-2.000000E-7	-4.200000E-8	1.080000E-7	0.000000E+0	0.000000E+0	1.964247E-4	2.976042E-9	0.000000E+0	0.000000E+0	1.999959E+1	0.000000E+0	4.000000E+0
28-Apr-25	11:38:47	-1.000000E-5	4.880080E+0	-8.000000E-5	-2.650000E-5	0.000000E+0	-2.400000E-8	2.000000E-9	0.000000E+0	0.000000E+0	1.964247E-4	2.976042E-9	0.000000E+0	0.000000E+0	1.999959E+1	0.000000E+0	4.000000E+0
28-Apr-25	11:38:48	-1.000000E-5	4.881780E+0	-8.000000E-5	-2.635000E-5	-1.000000E-7	-5.400000E-8	-8.600000E-8	0.000000E+0	0.000000E+0	1.964247E-4	2.976042E-9	0.000000E+0	0.000000E+0	1.999959E+1	0.000000E+0	4.000000E+0
28-Apr-25	11:38:48	-1.000000E-5	4.883475E+0	-8.000000E-5	-2.645000E-5	-5.000000E-8	-6.200000E-8	-1.480000E-7	0.000000E+0	0.000000E+0	1.964247E-4	2.976042E-9	0.000000E+0	0.000000E+0	1.999959E+1	0.000000E+0	4.000000E+0
28-Apr-25	11:38:49	-1.000000E-5	4.885335E+0	-8.000000E-5	-2.640000E-5	-1.500000E-7	-4.800000E-8	-2.100000E-7	0.000000E+0	0.000000E+0	1.964247E-4	2.976042E-9	0.000000E+0	0.000000E+0	1.999959E+1	0.000000E+0	4.000000E+0
28-Apr-25	11:38:49	-1.000000E-5	4.887015E+0	-8.000000E-5	-2.640000E-5	-2.000000E-7	-6.600000E-8	-2.160000E-7	0.000000E+0	0.000000E+0	1.964247E-4	2.976042E-9	0.000000E+0	0.000000E+0	1.999959E+1	0.000000E+0	4.000000E+0
28-Apr-25	11:38:50	-1.000000E-5	4.887315E+0	-8.000000E-5	-2.650000E-5	-2.000000E-7	-1.440000E-7	-1.300000E-7	0.000000E+0	0.000000E+0	1.964247E-4	2.976042E-9	0.000000E+0	0.000000E+0	1.999959E+1	0.000000E+0	4.000000E+0
28-Apr-25	11:38:50	-1.000000E-5	4.890595E+0	-8.000000E-5	-2.655000E-5	-1.500000E-7	-2.260000E-7	-6.000000E-8	0.000000E+0	0.000000E+0	1.964247E-4	2.976042E-9	0.000000E+0	0.000000E+0	1.999959E+1	0.000000E+0	4.000000E+0
28-Apr-25	11:38:51	-1.000000E-5	4.892620E+0	-8.000000E-5	-2.665000E-5	-2.000000E-7	-2.200000E-7	-9.600000E-8	0.000000E+0	0.000000E+0	1.964247E-4	2.976042E-9	0.000000E+0	0.000000E+0	1.999959E+1	0.000000E+0	4.000000E+0
28-Apr-25	11:38:51	-1.000000E-5	4.894275E+0	-8.000000E-5	-2.660000E-5	-3.500000E-7	-1.160000E-7	-1.040000E-7	0.000000E+0	0.000000E+0	1.964247E-4	2.976042E-9	0.000000E+0	0.000000E+0	1.999959E+1	0.000000E+0	4.000000E+0
28-Apr-25	11:38:52	-1.000000E-5	4.896305E+0	-8.000000E-5	-2.650000E-5	-2.500000E-7	2.000000E-9	-1.600000E-8	0.000000E+0	0.000000E+0	1.964247E-4	2.976042E-9	0.000000E+0	0.000000E+0	1.999959E+1	0.000000E+0	4.000000E+0
28-Apr-25	11:38:52	-1.000000E-5	4.898025E+0	-8.000000E-5	-2.650000E-5	-2.000000E-7	2.800000E-8	1.400000E-8	0.000000E+0	0.000000E+0	1.964247E-4	2.976042E-9	0.000000E+0	0.000000E+0	1.999959E+1	0.000000E+0	4.000000E+0
28-Apr-25	11:38:53	-1.000000E-5	4.899660E+0	-8.000000E-5	-2.655000E-5	-2.000000E-7	-1.200000E-8	-6.200000E-8	0.000000E+0	0.000000E+0	1.964247E-4	2.976042E-9	0.000000E+0	0.000000E+0	1.999959E+1	0.000000E+0	4.000000E+0
28-Apr-25	11:38:53	-1.000000E-5	4.901290E+0	-8.000000E-5	-2.640000E-5	-1.500000E-7	-5.800000E-8	-1.300000E-7	0.000000E+0	0.000000E+0	1.964247E-4	2.976042E-9	0.000000E+0	0.000000E+0	1.999959E+1	0.000000E+0	4.000000E+0
28-Apr-25	11:38:53	-1.000000E-5	4.903105E+0	-8.000000E-5	-2.630000E-5	-3.000000E-7	-6.000000E-8	-5.400000E-8	0.000000E+0	0.000000E+0	1.964247E-4	2.976042E-9	0.000000E+0	0.000000E+0	1.999959E+1	0.000000E+0	4.000000E+0
28-Apr-25	11:38:54	-1.000000E-5	4.904730E+0	-8.000000E-5	-2.615000E-5	-1.500000E-7	-3.800000E-8	8.200000E-8	0.000000E+0	0.000000E+0	1.964247E-4	2.976042E-9	0.000000E+0	0.000000E+0	1.999959E+1	0.000000E+0	4.000000E+0
28-Apr-25	11:38:54	-1.000000E-5	4.905005E+0	-8.000000E-5	-2.645000E-5	-2.500000E-7	-2.600000E-8	1.580000E-7	0.000000E+0	0.000000E+0	1.964247E-4	2.976042E-9	0.000000E+0	0.000000E+0	1.999959E+1	0.000000E+0	4.000000E+0
28-Apr-25	11:38:55	-1.000000E-5	4.908330E+0	-8.000000E-5	-2.660000E-5	-2.500000E-7	-2.200000E-8	1.600000E-7	0.000000E+0	0.000000E+0	1.964247E-4	2.976042E-9	0.000000E+0	0.000000E+0	1.999959E+1	0.000000E+0	4.000000E+0
28-Apr-25	11:38:55	-1.000000E-5	4.909950E+0	-8.000000E-5	-2.640000E-5	-1.000000E-7	1.600000E-8	1.360000E-7	0.000000E+0	0.000000E+0	1.964247E-4	2.976042E-9	0.000000E+0	0.000000E+0	1.999959E+1	0.000000E+0	4.000000E+0
28-Apr-25	11:38:56	-1.000000E-5	4.911740E+0	-8.000000E-5	-2.645000E-5	-5.000000E-8	1.020000E-7	4.800000E-8	0.000000E+0	0.000000E+0	1.964247E-4	2.976042E-9	0.000000E+0	0.000000E+0	1.999959E+1	0.000000E+0	4.000000E+0
28-Apr-25	11:38:56	-1.000000E-5	4.913330E+0	-8.000000E-5	-2.650000E-5	0.000000E+0	1.620000E-7	-1.160000E-7	0.000000E+0	0.000000E+0	1.964247E-4	2.976042E-9	0.000000E+0	0.000000E+0	1.999959E+1	0.000000E+0	4.000000E+0
28-Apr-25	11:38:57	-1.000000E-5	4.914930E+0	-8.000000E-5	-2.650000E-5	-2.000000E-7	1.580000E-7	-2.660000E-7	0.000000E+0	0.000000E+0	1.964247E-4	2.976042E-9	0.000000E+0	0.000000E+0	1.999959E+1	0.000000E+0	4.000000E+0
28-Apr-25	11:38:57	-1.000000E-5	4.916870E+0	-8.000000E-5	-2.635000E-5	-3.000000E-7	7.800000E-8	-2.620000E-7	0.000000E+0	0.000000E+0	1.964247E-4	2.976042E-9	0.000000E+0	0.000000E+0	1.999959E+1	0.000000E+0	4.000000E+0
28-Apr-25	11:38:58	-1.000000E-5	4.918495E+0	-8.000000E-5	-2.645000E-5	-2.500000E-7	-3.600000E-8	-1.580000E-7	0.000000E+0	0.000000E+0	1.964247E-4	2.976042E-9	0.000000E+0	0.000000E+0	1.999959E+1	0.000000E+0	4.000000E+0
28-Apr-25	11:38:58	-1.000000E-5	4.920080E+0	-8.000000E-5	-2.630000E-5	-3.500000E-7	-1.000000E-7	-1.200000E-7	0.000000E+0	0.000000E+0	1.964247E-4	2.976042E-9	0.000000E+0	0.000000E+0	1.999959E+1	0.000000E+0	4.000000E+0
28-Apr-25	11:38:59	-1.000000E-5	4.921680E+0	-8.000000E-5	-2.640000E-5	-2.500000E-7	-4.400000E-8	-1.680000E-7	0.000000E+0	0.000000E+0	1.964247E-4	2.976042E-9	0.000000E+0	0.000000E+0	1.999959E+1	0.000000E+0	4.000000E+0
28-Apr-25	11:38:59	-1.000000E-5	4.923270E+0	-8.000000E-5	-2.665000E-5	-1.000000E-7	2.600000E-8	-1.900000E-7	0.000000E+0	0.000000E+0	1.964247E-4	2.976042E-9	0.000000E+0	0.000000E+0	1.999959E+1	0.000000E+0	4.000000E+0
28-Apr-25	11:39:00	-1.000000E-5	4.924835E+0	-8.000000E-5	-2.655000E-5	-2.000000E-7	-1.200000E-8	-1.320000E-7	0.000000E+0	0.000000E+0	1.964247E-4	2.976042E-9	0.000000E+0	0.000000E+0	1.999959E+1	0.000000E+0	4.000000E+0
28-Apr-25	11:39:00	-1.000000E-5	4.926390E+0	-8.000000E-5	-2.645000E-5	-1.500000E-7	-1.340000E-7	-1.180000E-7	0.000000E+0	0.000000E+0	1.964247E-4	2.976042E-9	0.000000E+0	0.000000E+0	1.999959E+1	0.000000E+0	4.000000E+0
28-Apr-25	11:39:01	-1.000000E-5	4.928365E+0	-8.000000E-5	-2.645000E-5	5.000000E-8	-1.920000E-7	-2.660000E-7	0.000000E+0	0.000000E+0	1.964247E-4	2.976042E-9	0.000000E+0	0.000000E+0	1.999959E+1	0.000000E+0	4.000000E+0
28-Apr-25	11:39:01	-1.000000E-5	4.929925E+0	-8.000000E-5	-2.640000E-5	0.000000E+0	-1.700000E-7	-3.460000E-7	0.000000E+0	0.000000E+0	1.964247E-4	2.976042E-9	0.000000E+0	0.000000E+0	1.999959E+1	0.000000E+0	4.000000E+0
28-Apr-25	11:39:02	-1.000000E-5	4.931460E+0	-8.000000E-5	-2.630000E-5	-2.000000E-7	-5.600000E-8	-2.180000E-7	0.000000E+0	0.000000E+0	1.964247E-4	2.976042E-9	0.000000E+0	0.000000E+0	1.999959E+1	0.000000E+0	4.000000E+0
28-Apr-25	11:39:02	-1.000000E-5	4.933190E+0	-8.000000E-5	-2.640000E-5	-5.000000E-8	1.420000E-7	-4.800000E-8	0.000000E+0	0.000000E+0	1.964247E-4	2.976042E-9	0.000000E+0	0.000000E+0	1.999959E+1	0.000000E+0	4.000000E+0
28-Apr-25	11:39:02	-1.000000E-5	4.933270E+0	-8.000000E-5	-2.640000E-5	-2.000000E-7	3.620000E-7	3.400000E-8	0.000000E+0	0.000000E+0	1.964247E-4	2.976042E-9	0.000000E+0	0.000000E+0	1.999959E+1	0.000000E+0	4.000000E+0
28-Apr-25	11:39:03	-1.000000E-5	4.936270E+0	-8.000000E-5	-2.650000E-5	-1.000000E-7	4.580000E-7	5.400000E-8	0.000000E+0	0.000000E+0	1.964247E-4	2.976042E-9	0.000000E+0	0.000000E+0	1.999959E+1	0.000000E+0	4.000000E+0
28-Apr-25	11:39:03	-1.000000E-5	4.938140E+0	-8.000000E-5	-2.650000E-5	-4.000000E-7	2.480000E-7	6.000000E-9	0.000000E+0	0.000000E+0	1.964247E-4	2.976042E-9	0.000000E+0	0.000000E+0	1.999959E+1	0.000000E+0	4.000000E+0
28-Apr-25	11:39:04	-1.000000E-5	4.939660E+0	-8.000000E-5	-2.635000E-5	-2.500000E-7	-8.800000E-8	-4.800000E-8	0.000000E+0	0.000000E+0	1.964247E-4	2.976042E-9	0.000000E+0	0.000000E+0	1.999959E+1	0.000000E+0	4.000000E+0
28-Apr-25	11:39:05	-1.000000E-5	4.941515E+0	-8.000000E-5	-2.650000E-5	-4.000000E-7	-3.800000E-7	-6.600000E-8	0.000000E+0	0.000000E+0	1.964247E-4	2.976042E-9	0.000000E+0	0.000000E+0	1.999959E+1	0.000000E+0	4.000000E+0
28-Apr-25	11:39:05	-1.000000E-5	4.943595E+0	-8.000000E-5	-2.670000E-5	2.000000E-7	-4.400000E-7	-4.400000E-8	0.000000E+0	0.000000E+0	1.964247E-4	2.976042E-9	0.000000E+0	0.000000E+0	1.999959E+1	0.000000E+0	4.000000E+0
28-Apr-25	11:39:06	-1.000000E-5	4.944170E+0	-8.000000E-5	-2.645000E-5	2.000000E-7	-2.580000E-7	3.400000E-8	0.000000E+0	0.000000E+0	1.964247E-4	2.976042E-9	0.000000E+0	0.000000E+0	1.999959E+1	0.000000E+0	4.000000E+0
28-Apr-25	11:39:06	-1.000000E-5	4.947290E+0	-8.000000E-5	-2.630000E-5	-1.500000E-7	-6.800000E-8	7.600000E-8	0.000000E+0	0.000000E+0	1.964247E-4	2.976042E-9	0.000000E+0	0.000000E+0	1.999959E+1	0.000000E+0	4.000000E+0
28-Apr-25	11:39:07	-1.000000E-5	4.949115E+0	-8.000000E-5	-2.640000E-5	-1.000000E-7	-6.200000E-8	-1.600000E-8	0.000000E+0	0.000000E+0	1.964247E-4	2.976042E-9	0.000000E+0	0.000000E+0	1.999959E+1	0.000000E+0	4.000000E+0
28-Apr-25	11:39:07	-1.000000E-5	4.950440E+0	-8.000000E-5	-2.650000E-5	-2.000000E-7	-1.220000E-7	-1.100000E-7	0.000000E+0	0.000000E+0	1.964247E-4	2.976042E-9	0.000000E+0	0.000000E+0	1.999959E+1	0.000000E+0	4.000000E+0
28-Apr-25	11:39:08	-1.000000E-5	4.952260E+0	-8.000000E-5	-2.665000E-5	2.000000E-7	-1.000000E-7	-1.220000E-7	0.000000E+0	0.000000E+0	1.964247E-4	2.976042E-9	0.000000E+0	0.000000E+0	1.999959E+1	0.000000E+0	4.000000E+0
28-Apr-25	11:39:08	-1.000000E-5	4.953760E+0	-8.000000E-5	-2.650000E-5	2.000000E-7	-1.600000E-8	-7.800000E-8	0.000000E+0	0.000000E+0	1.964247E-4	2.976042E-9	0.000000E+0	0.000000E+0	1.999959E+1	0.000000E+0	4.000000E+0
28-Apr-25	11:39:09	-1.000000E-5	4.955215E+0	-8.000000E-5	-2.620000E-5	-1.500000E-7	6.600000E-8	-6.800000E-8	0.000000E+0	0.000000E+0	1.964247E-4	2.976042E-9	0.000000E+0	0.000000E+0	1.999959E+1	0.000000E+0	4.000000E+0
28-Apr-25	11:39:09	-1.000000E-5	4.956685E+0	-8.000000E-5	-2.635000E-5	-5.000000E-7	1.080000E-7	-8.600000E-8	0.000000E+0	0.000000E+0	1.964247E-4	2.976042E-9	0.000000E+0	0.000000E+0	1.999959E+1	0.000000E+0	4.000000E+0
28-Apr-25	11:39:10	-1.000000E-5	4.958335E+0	-8.000000E-5	-2.630000E-5	5.000000E-8	8.600000E-8	-1.060000E-7	0.000000E+0	0.000000E+0	1.964247E-4	2.976042E-9	0.000000E+0	0.000000E+0	1.999959E+1	0.000000E+0	4.000000E+0
28-Apr-25	11:39:10	-1.000000E-5	4.959795E+0	-8.000000E-5	-2.650000E-5	1.000000E-7	3.600000E-8	-1.140000E-7	0.000000E+0	0.000000E+0	1.964247E-4	2.976042E-9	0.000000E+0	0.000000E+0	1.999959E+1	0.000000E+0	4.000000E+0
28-Apr-25	11:39:11	-1.000000E-5	4.960060E+0	-8.000000E-5	-2.665000E-5	-3.000000E-7	4.000000E-9	-9.600000E-8	0.000000E+0	0.000000E+0	1.964247E-4	2.976042E-9	0.000000E+0	0.000000E+0	1.999959E+1	0.000000E+0	4.000000E+0
28-Apr-25	11:39:11	-1.000000E-5	4.963100E+0	-8.000000E-5	-2.640000E-5	-4.500000E-7	1.000000E-8	-5.000000E-8	0.000000E+0	0.000000E+0	1.964247E-4	2.976042E-9	0.000000E+0	0.000000E+0	1.999959E+1	0.000000E+0	4.000000E+0
28-Apr-25	11:39:12	-1.000000E-5	4.964550E+0	-8.000000E-5	-2.635000E-5	0.000000E+0	3.600000E-8	-3.200000E-8	0.000000E+0	0.000000E+0	1.964247E-4	2.976042E-9	0.000000E+0	0.000000E+0	1.999959E+1	0.000000E+0	4.000000E+0
28-Apr-25	11:39:12	-1.000000E-5	4.966150E+0	-8.000000E-5	-2.665000E-5	-2.500000E-7	4.800000E-8	2.600000E-8	0.000000E+0	0.000000E+0	1.964247E-4	2.976042E-9	0.000000E+0	0.000000E+0	1.999959E+1	0.000000E+0	4.000000E+0
28-Apr-25	11:39:12	-1.000000E-5	4.967585E+0	-8.000000E-5	-2.640000E-5	-1.500000E-7	4.000000E-8	1.420000E-7	0.000000E+0	0.000000E+0	1.964247E-4	2.976042E-9	0.000000E+0	0.000000E+0	1.999959E+1	0.000000E+0	4.000000E+0
28-Apr-25	11:39:13	-1.000000E-5	4.969090E+0	-8.000000E-5	-2.650000E-5	2.500000E-7	3.000000E-8	2.220000E-7	0.000000E+0	0.000000E+0	1.964247E-4	2.976042E-9	0.000000E+0	0.000000E+0	1.999959E+1	0.000000E+0	4.000000E+0
28-Apr-25	11:39:13	-1.000000E-5	4.969315E+0	-8.000000E-5	-2.645000E-5	-2.500000E-7	8.000000E-9	2.120000E-7	0.000000E+0	0.000000E+0	1.964247E-4	2.976042E-9	0.000000E+0	0.000000E+0	1.999959E+1	0.000000E+0	4.000000E+0
28-Apr-25	11:39:14	-1.000000E-5	4.972125E+0	-8.000000E-5	-2.635000E-5	-5.000000E-7	-4.000000E-9	1.960000E-7	0.000000E+0	0.000000E+0	1.964247E-4	2.976042E-9	0.000000E+0	0.000000E+0	1.999959E+1	0.000000E+0	4.000000E+0
28-Apr-25	11:39:15	-1.000000E-5	4.974350E+0	-8.000000E-5	-2.610000E-5	-7.500000E-7	5.800000E-8	2.240000E-7	0.000000E+0	0.000000E+0	1.964247E-4	2.976042E-9	0.000000E+0	0.000000E+0	1.999959E+1	0.000000E+0	4.000000E+0
28-Apr-25	11:39:15	-1.000000E-5	4.976080E+0	-8.000000E-5	-2.645000E-5	-7.000000E-7	9.400000E-8	1.220000E-7	0.000000E+0	0.000000E+0	1.964247E-4	2.976042E-9	0.000000E+0	0.000000E+0	1.999959E+1	0.000000E+0	4.000000E+0
28-Apr-25	11:39:16	-1.000000E-5	4.978280E+0	-8.000000E-5	-2.675000E-5	2.000000E-7	1.280000E-7	-7.000000E-8	0.000000E+0	0.000000E+0	1.964247E-4	2.976042E-9	0.000000E+0	0.000000E+0	1.999959E+1	0.000000E+0	4.000000E+0
28-Apr-25	11:39:17	-1.000000E-5	4.979450E+0	-8.000000E-5	-2.680000E-5	-2.000000E-7	1.120000E-7	-9.200000E-8	0.000000E+0	0.000000E+0	1.964247E-4	2.976042E-9	0.000000E+0	0.000000E+0	1.999959E+1	0.000000E+0	4.000000E+0
28-Apr-25	11:39:17	-1.000000E-5	4.982635E+0	-8.000000E-5	-2.665000E-5	-8.500000E-7	3.800000E-8	-7.600000E-8	0.000000E+0	0.000000E+0	1.964247E-4	2.976042E-9	0.000000E+0	0.000000E+0	1.999959E+1	0.000000E+0	4.000000E+0
28-Apr-25	11:39:18	-1.000000E-5	4.984510E+0	-8.000000E-5	-2.645000E-5	-3.500000E-7	5.400000E-8	-2.620000E-7	0.000000E+0	0.000000E+0	1.964247E-4	2.976042E-9	0.000000E+0	0.000000E+0	1.999959E+1	0.000000E+0	4.000000E+0
28-Apr-25	11:39:18	-1.000000E-5	4.986515E+0	-8.000000E-5	-2.655000E-5	-2.000000E-7	1.100000E-7	-3.600000E-7	0.000000E+0	0.000000E+0	1.964247E-4	2.976042E-9	0.000000E+0	0.000000E+0	1.999959E+1	0.000000E+0	4.000000E+0
28-Apr-25	11:39:19	-1.000000E-5	4.988245E+0	-8.000000E-5	-2.645000E-5	-1.000000E-7	1.160000E-7	-2.440000E-7	0.000000E+0	0.000000E+0	1.964247E-4	2.976042E-9	0.000000E+0	0.000000E+0	1.999959E+1	0.000000E+0	4.000000E+0
28-Apr-25	11:39:20	-1.000000E-5	4.989885E+0	-8.000000E-5	-2.640000E-5	-1.500000E-7	6.000000E-8	-1.000000E-7	0.000000E+0	0.000000E+0	1.964247E-4	2.976042E-9	0.000000E+0	0.000000E+0	1.999959E+1	0.000000E+0	4.000000E+0
28-Apr-25	11:39:20	-1.000000E-5	4.992070E+0	-8.000000E-5	-2.650000E-5	-3.000000E-7	-8.800000E-8	-2.000000E-8	0.000000E+0	0.000000E+0	1.964247E-4	2.976042E-9	0.000000E+0	0.000000E+0	1.999959E+1	0.000000E+0	4.000000E+0
28-Apr-25	11:39:21	-1.000000E-5	4.993875E+0	-8.000000E-5	-2.640000E-5	-2.000000E-7	-2.180000E-7	4.000000E-8	0.000000E+0	0.000000E+0	1.964247E-4	2.976042E-9	0.000000E+0	0.000000E+0	1.999959E+1	0.000000E+0	4.000000E+0
28-Apr-25	11:39:22	-1.000000E-5	4.995740E+0	-8.000000E-5	-2.640000E-5	-3.500000E-7	-1.360000E-7	-2.400000E-8	0.000000E+0	0.000000E+0	1.964247E-4	2.976042E-9	0.000000E+0	0.000000E+0	1.999959E+1	0.000000E+0	4.000000E+0
28-Apr-25	11:39:22	-1.000000E-5	4.997550E+0	-8.000000E-5	-2.650000E-5	-1.000000E-7	5.200000E-8	-1.600000E-7	0.000000E+0	0.000000E+0	1.964247E-4	2.976042E-9	0.000000E+0	0.000000E+0	1.999959E+1	0.000000E+0	4.000000E+0
28-Apr-25	11:39:23	-1.000000E-5	4.999355E+0	-8.000000E-5	-2.650000E-5	-2.000000E-7	1.900000E-7	-1.640000E-7	0.000000E+0	0.000000E+0	1.964247E-4	2.976042E-9	0.000000E+0	0.000000E+0	1.999959E+1	0.000000E+0	4.000000E+0
28-Apr-25	11:39:23	-1.000000E-5	5.001155E+0	-8.000000E-5	-2.620000E-5	-5.000000E-7	2.420000E-7	-1.060000E-7	0.000000E+0	0.000000E+0	1.964247E-4	2.976042E-9	0.000000E+0	0.000000E+0	1.999959E+1	0.000000E+0	4.000000E+0
28-Apr-25	11:39:24	-1.000000E-5	5.002500E+0	-8.000000E-5	-2.600000E-5	-7.000000E-7	2.180000E-7	-1.220000E-7	0.000000E+0	0.000000E+0	1.964247E-4	2.976042E-9	0.000000E+0	0.000000E+0	1.999959E+1	0.000000E+0	4.000000E+0
28-Apr-25	11:39:24	-1.000000E-5	5.003840E+0	-8.000000E-5	-2.650000E-5	-3.000000E-7	2.160000E-7	-1.680000E-7	0.000000E+0	0.000000E+0	1.964247E-4	2.976042E-9	0.000000E+0	0.000000E+0	1.999959E+1	0.000000E+0	4.000000E+0
28-Apr-25	11:39:25	-1.000000E-5	5.005470E+0	-8.000000E-5	-2.635000E-5	-1.000000E-7	2.980000E-7	-1.580000E-7	0.000000E+0	0.000000E+0	1.964247E-4	2.976042E-9	0.000000E+0	0.000000E+0	1.999959E+1	0.000000E+0	4.000000E+0
28-Apr-25	11:39:25	-1.000000E-5	5.006810E+0	-8.000000E-5	-2.635000E-5	-2.000000E-7	3.700000E-7	-1.060000E-7	0.000000E+0	0.000000E+0	1.964247E-4	2.976042E-9	0.000000E+0	0.000000E+0	1.999959E+1	0.000000E+0	4.000000E+0
28-Apr-25	11:39:26	-1.000000E-5	5.008165E+0	-8.000000E-5	-2.650000E-5	-1.500000E-7	3.280000E-7	-7.600000E-8	0.000000E+0	0.000000E+0	1.964247E-4	2.976042E-9	0.000000E+0	0.000000E+0	1.999959E+1	0.000000E+0	4.000000E+0
28-Apr-25	11:39:26	-1.000000E-5	5.008700E+0	-8.000000E-5	-2.660000E-5	-2.000000E-7	1.800000E-7	-1.100000E-7	0.000000E+0	0.000000E+0	1.964247E-4	2.976042E-9	0.000000E+0	0.000000E+0	1.999959E+1	0.000000E+0	4.000000E+0
28-Apr-25	11:39:27	-1.000000E-5	5.011170E+0	-8.000000E-5	-2.670000E-5	-1.500000E-7	1.100000E-7	-1.120000E-7	0.000000E+0	0.000000E+0	1.964247E-4	2.976042E-9	0.000000E+0	0.000000E+0	1.999959E+1	0.000000E+0	4.000000E+0
28-Apr-25	11:39:27	-1.000000E-5	5.012490E+0	-8.000000E-5	-2.645000E-5	-2.500000E-7	1.020000E-7	-5.000000E-8	0.000000E+0	0.000000E+0	1.964247E-4	2.976042E-9	0.000000E+0	0.000000E+0	1.999959E+1	0.000000E+0	4.000000E+0
28-Apr-25	11:39:28	-1.000000E-5	5.013825E+0	-8.000000E-5	-2.640000E-5	-2.000000E-7	7.600000E-8	-2.000000E-8	0.000000E+0	0.000000E+0	1.964247E-4	2.976042E-9	0.000000E+0	0.000000E+0	1.999959E+1	0.000000E+0	4.000000E+0
28-Apr-25	11:39:28	-1.000000E-5	5.015295E+0	-8.000000E-5	-2.685000E-5	-1.500000E-7	4.600000E-8	-7.600000E-8	0.000000E+0	0.000000E+0	1.964247E-4	2.976042E-9	0.000000E+0	0.000000E+0	1.999959E+1	0.000000E+0	4.000000E+0
28-Apr-25	11:39:28	-1.000000E-5	5.016635E+0	-8.000000E-5	-2.635000E-5	-5.000000E-8	3.600000E-8	-1.340000E-7	0.000000E+0	0.000000E+0	1.964247E-4	2.976042E-9	0.000000E+0	0.000000E+0	1.999959E+1	0.000000E+0	4.000000E+0
28-Apr-25	11:39:29	-1.000000E-5	5.017975E+0	-8.000000E-5	-2.625000E-5	0.000000E+0	-1.600000E-8	-1.100000E-7	0.000000E+0	0.000000E+0	1.964247E-4	2.976042E-9	0.000000E+0	0.000000E+0	1.999959E+1	0.000000E+0	4.000000E+0
28-Apr-25	11:39:29	-1.000000E-5	5.018200E+0	-8.000000E-5	-2.640000E-5	-1.500000E-7	-1.360000E-7	-4.600000E-8	0.000000E+0	0.000000E+0	1.964247E-4	2.976042E-9	0.000000E+0	0.000000E+0	1.999959E+1	0.000000E+0	4.000000E+0
28-Apr-25	11:39:30	-1.000000E-5	5.020690E+0	-8.000000E-5	-2.645000E-5	-1.500000E-7	-2.320000E-7	-6.000000E-9	0.000000E+0	0.000000E+0	1.964247E-4	2.976042E-9	0.000000E+0	0.000000E+0	1.999959E+1	0.000000E+0	4.000000E+0
28-Apr-25	11:39:30	-1.000000E-5	5.022020E+0	-8.000000E-5	-2.665000E-5	-1.000000E-7	-2.320000E-7	3.600000E-8	0.000000E+0	0.000000E+0	1.964247E-4	2.976042E-9	0.000000E+0	0.000000E+0	1.999959E+1	0.000000E+0	4.000000E+0
28-Apr-25	11:39:31	-1.000000E-5	5.023500E+0	-8.000000E-5	-2.635000E-5	2.000000E-7	-1.940000E-7	1.160000E-7	0.000000E+0	0.000000E+0	1.964247E-4	2.976042E-9	0.000000E+0	0.000000E+0	1.999959E+1	0.000000E+0	4.000000E+0
28-Apr-25	11:39:31	-1.000000E-5	5.024170E+0	-8.000000E-5	-2.660000E-5	-2.500000E-7	-1.640000E-7	1.380000E-7	0.000000E+0	0.000000E+0	1.964247E-4	2.976042E-9	0.000000E+0	0.000000E+0	1.999959E+1	0.000000E+0	4.000000E+0
28-Apr-25	11:39:32	-1.000000E-5	5.026630E+0	-8.000000E-5	-2.675000E-5	1.500000E-7	-5.400000E-8	1.000000E-7	0.000000E+0	0.000000E+0	1.964247E-4	2.976042E-9	0.000000E+0	0.000000E+0	1.999959E+1	0.000000E+0	4.000000E+0
28-Apr-25	11:39:32	-1.000000E-5	5.028270E+0	-8.000000E-5	-2.635000E-5	-2.000000E-7	1.160000E-7	2.600000E-8	0.000000E+0	0.000000E+0	1.964247E-4	2.976042E-9	0.000000E+0	0.000000E+0	1.999959E+1	0.000000E+0	4.000000E+0
28-Apr-25	11:39:33	-1.000000E-5	5.028815E+0	-8.000000E-5	-2.655000E-5	-2.000000E-7	1.280000E-7	-6.800000E-8	0.000000E+0	0.000000E+0	1.964247E-4	2.976042E-9	0.000000E+0	0.000000E+0	1.999959E+1	0.000000E+0	4.000000E+0
28-Apr-25	11:39:33	-1.000000E-5	5.031295E+0	-8.000000E-5	-2.655000E-5	-3.000000E-7	-2.000000E-8	-1.100000E-7	0.000000E+0	0.000000E+0	1.964247E-4	2.976042E-9	0.000000E+0	0.000000E+0	1.999959E+1	0.000000E+0	4.000000E+0
28-Apr-25	11:39:34	-1.000000E-5	5.032710E+0	-8.000000E-5	-2.650000E-5	-1.000000E-7	-2.140000E-7	-7.000000E-8	0.000000E+0	0.000000E+0	1.964247E-4	2.976042E-9	0.000000E+0	0.000000E+0	1.999959E+1	0.000000E+0	4.000000E+0
28-Apr-25	11:39:34	-1.000000E-5	5.034065E+0	-8.000000E-5	-2.650000E-5	-1.500000E-7	-3.880000E-7	4.000000E-8	0.000000E+0	0.000000E+0	1.964247E-4	2.976042E-9	0.000000E+0	0.000000E+0	1.999959E+1	0.000000E+0	4.000000E+0
28-Apr-25	11:39:35	-1.000000E-5	5.035425E+0	-8.000000E-5	-2.650000E-5	-1.000000E-7	-4.740000E-7	1.120000E-7	0.000000E+0	0.000000E+0	1.964247E-4	2.976042E-9	0.000000E+0	0.000000E+0	1.999959E+1	0.000000E+0	4.000000E+0
28-Apr-25	11:39:35	-1.000000E-5	5.036970E+0	-8.000000E-5	-2.630000E-5	-3.000000E-7	-4.040000E-7	8.200000E-8	0.000000E+0	0.000000E+0	1.964247E-4	2.976042E-9	0.000000E+0	0.000000E+0	1.999959E+1	0.000000E+0	4.000000E+0
28-Apr-25	11:39:36	-1.000000E-5	5.038365E+0	-8.000000E-5	-2.615000E-5	-1.000000E-7	-2.020000E-7	1.400000E-8	0.000000E+0	0.000000E+0	1.964247E-4	2.976042E-9	0.000000E+0	0.000000E+0	1.999959E+1	0.000000E+0	4.000000E+0
28-Apr-25	11:39:36	-1.000000E-5	5.040075E+0	-8.000000E-5	-2.660000E-5	-2.500000E-7	6.400000E-8	6.000000E-9	0.000000E+0	0.000000E+0	1.964247E-4	2.976042E-9	0.000000E+0	0.000000E+0	1.999959E+1	0.000000E+0	4.000000E+0
28-Apr-25	11:39:37	-1.000000E-5	5.041490E+0	-8.000000E-5	-2.650000E-5	-2.000000E-7	2.820000E-7	7.200000E-8	0.000000E+0	0.000000E+0	1.964247E-4	2.976042E-9	0.000000E+0	0.000000E+0	1.999959E+1	0.000000E+0	4.000000E+0
28-Apr-25	11:39:37	-1.000000E-5	5.043265E+0	-8.000000E-5	-2.705000E-5	-4.500000E-7	5.440000E-7	1.280000E-7	0.000000E+0	0.000000E+0	1.964247E-4	2.976042E-9	0.000000E+0	0.000000E+0	1.999959E+1	0.000000E+0	4.000000E+0
28-Apr-25	11:39:38	-1.000000E-5	5.044515E+0	-8.000000E-5	-2.670000E-5	-3.500000E-7	6.380000E-7	1.120000E-7	0.000000E+0	0.000000E+0	1.964247E-4	2.976042E-9	0.000000E+0	0.000000E+0	1.999959E+1	0.000000E+0	4.000000E+0
28-Apr-25	11:39:38	-1.000000E-5	5.046270E+0	-8.000000E-5	-2.610000E-5	-2.000000E-7	4.460000E-7	3.000000E-8	0.000000E+0	0.000000E+0	1.964247E-4	2.976042E-9	0.000000E+0	0.000000E+0	1.999959E+1	0.000000E+0	4.000000E+0
28-Apr-25	11:39:39	-1.000000E-5	5.047720E+0	-8.000000E-5	-2.625000E-5	-3.500000E-7	1.320000E-7	-8.200000E-8	0.000000E+0	0.000000E+0	1.964247E-4	2.976042E-9	0.000000E+0	0.000000E+0	1.999959E+1	0.000000E+0	4.000000E+0
28-Apr-25	11:39:39	-1.000000E-5	5.049165E+0	-8.000000E-5	-2.630000E-5	-3.000000E-7	-1.120000E-7	-1.900000E-7	0.000000E+0	0.000000E+0	1.964247E-4	2.976042E-9	0.000000E+0	0.000000E+0	1.999959E+1	0.000000E+0	4.000000E+0
28-Apr-25	11:39:40	-1.000000E-5	5.050630E+0	-8.000000E-5	-2.630000E-5	-3.500000E-7	-1.440000E-7	-2.060000E-7	0.000000E+0	0.000000E+0	1.964247E-4	2.976042E-9	0.000000E+0	0.000000E+0	1.999959E+1	0.000000E+0	4.000000E+0
28-Apr-25	11:39:40	-1.000000E-5	5.052260E+0	-8.000000E-5	-2.655000E-5	-2.500000E-7	2.200000E-8	-1.520000E-7	0.000000E+0	0.000000E+0	1.964247E-4	2.976042E-9	0.000000E+0	0.000000E+0	1.999959E+1	0.000000E+0	4.000000E+0
28-Apr-25	11:39:41	-1.000000E-5	5.053735E+0	-8.000000E-5	-2.660000E-5	-2.500000E-7	2.700000E-7	-1.560000E-7	0.000000E+0	0.000000E+0	1.964247E-4	2.976042E-9	0.000000E+0	0.000000E+0	1.999959E+1	0.000000E+0	4.000000E+0
28-Apr-25	11:39:41	-1.000000E-5	5.055730E+0	-8.000000E-5	-2.650000E-5	-3.500000E-7	4.880000E-7	-2.060000E-7	0.000000E+0	0.000000E+0	1.964247E-4	2.976042E-9	0.000000E+0	0.000000E+0	1.999959E+1	0.000000E+0	4.000000E+0
28-Apr-25	11:39:42	-1.000000E-5	5.057220E+0	-8.000000E-5	-2.655000E-5	-5.000000E-7	4.160000E-7	-1.080000E-7	0.000000E+0	0.000000E+0	1.964247E-4	2.976042E-9	0.000000E+0	0.000000E+0	1.999959E+1	0.000000E+0	4.000000E+0
28-Apr-25	11:39:42	-1.000000E-5	5.059135E+0	-8.000000E-5	-2.665000E-5	-2.500000E-7	2.140000E-7	5.400000E-8	0.000000E+0	0.000000E+0	1.964247E-4	2.976042E-9	0.000000E+0	0.000000E+0	1.999959E+1	0.000000E+0	4.000000E+0
28-Apr-25	11:39:43	-1.000000E-5	5.061165E+0	-8.000000E-5	-2.675000E-5	-4.500000E-7	1.040000E-7	1.080000E-7	0.000000E+0	0.000000E+0	1.964247E-4	2.976042E-9	0.000000E+0	0.000000E+0	1.999959E+1	0.000000E+0	4.000000E+0
28-Apr-25	11:39:43	-1.000000E-5	5.062700E+0	-8.000000E-5	-2.665000E-5	-3.000000E-7	1.020000E-7	8.200000E-8	0.000000E+0	0.000000E+0	1.964247E-4	2.976042E-9	0.000000E+0	0.000000E+0	1.999959E+1	0.000000E+0	4.000000E+0
28-Apr-25	11:39:44	-1.000000E-5	5.064250E+0	-8.000000E-5	-2.630000E-5	-4.500000E-7	6.800000E-8	1.800000E-8	0.000000E+0	0.000000E+0	1.964247E-4	2.976042E-9	0.000000E+0	0.000000E+0	1.999959E+1	0.000000E+0	4.000000E+0
28-Apr-25	11:39:44	-1.000000E-5	5.065985E+0	-8.000000E-5	-2.645000E-5	-3.500000E-7	-2.000000E-8	-6.600000E-8	0.000000E+0	0.000000E+0	1.964247E-4	2.976042E-9	0.000000E+0	0.000000E+0	1.999959E+1	0.000000E+0	4.000000E+0
28-Apr-25	11:39:45	-1.000000E-5	5.067535E+0	-8.000000E-5	-2.635000E-5	-2.500000E-7	-6.000000E-8	-9.600000E-8	0.000000E+0	0.000000E+0	1.964247E-4	2.976042E-9	0.000000E+0	0.000000E+0	1.999959E+1	0.000000E+0	4.000000E+0
28-Apr-25	11:39:45	-1.000000E-5	5.069130E+0	-8.000000E-5	-2.640000E-5	-4.500000E-7	2.200000E-8	-6.200000E-8	0.000000E+0	0.000000E+0	1.964247E-4	2.976042E-9	0.000000E+0	0.000000E+0	1.999959E+1	0.000000E+0	4.000000E+0
28-Apr-25	11:39:46	-1.000000E-5	5.070895E+0	-8.000000E-5	-2.645000E-5	-3.500000E-7	1.280000E-7	-4.000000E-8	0.000000E+0	0.000000E+0	1.964247E-4	2.976042E-9	0.000000E+0	0.000000E+0	1.999959E+1	0.000000E+0	4.000000E+0
28-Apr-25	11:39:46	-1.000000E-5	5.072790E+0	-8.000000E-5	-2.645000E-5	-1.500000E-7	9.400000E-8	-1.180000E-7	0.000000E+0	0.000000E+0	1.964247E-4	2.976042E-9	0.000000E+0	0.000000E+0	1.999959E+1	0.000000E+0	4.000000E+0
28-Apr-25	11:39:47	-1.000000E-5	5.074175E+0	-8.000000E-5	-2.650000E-5	5.000000E-8	2.000000E-8	-2.140000E-7	0.000000E+0	0.000000E+0	1.964247E-4	2.976042E-9	0.000000E+0	0.000000E+0	1.999959E+1	0.000000E+0	4.000000E+0
28-Apr-25	11:39:47	-1.000000E-5	5.074765E+0	-8.000000E-5	-2.640000E-5	0.000000E+0	6.600000E-8	-2.380000E-7	0.000000E+0	0.000000E+0	1.964247E-4	2.976042E-9	0.000000E+0	0.000000E+0	1.999959E+1	0.000000E+0	4.000000E+0
28-Apr-25	11:39:48	-1.000000E-5	5.077610E+0	-8.000000E-5	-2.635000E-5	-1.000000E-7	2.380000E-7	-1.640000E-7	0.000000E+0	0.000000E+0	1.964247E-4	2.976042E-9	0.000000E+0	0.000000E+0	1.999959E+1	0.000000E+0	4.000000E+0
28-Apr-25	11:39:48	-1.000000E-5	5.079315E+0	-8.000000E-5	-2.635000E-5	-2.500000E-7	4.080000E-7	-7.000000E-8	0.000000E+0	0.000000E+0	1.964247E-4	2.976042E-9	0.000000E+0	0.000000E+0	1.999959E+1	0.000000E+0	4.000000E+0
28-Apr-25	11:39:49	-1.000000E-5	5.081010E+0	-8.000000E-5	-2.615000E-5	-2.000000E-7	3.860000E-7	-1.800000E-8	0.000000E+0	0.000000E+0	1.964247E-4	2.976042E-9	0.000000E+0	0.000000E+0	1.999959E+1	0.000000E+0	4.000000E+0
28-Apr-25	11:39:49	-1.000000E-5	5.082550E+0	-8.000000E-5	-2.655000E-5	-2.000000E-7	2.440000E-7	2.400000E-8	0.000000E+0	0.000000E+0	1.964247E-4	2.976042E-9	0.000000E+0	0.000000E+0	1.999959E+1	0.000000E+0	4.000000E+0
28-Apr-25	11:39:50	-1.000000E-5	5.084420E+0	-8.000000E-5	-2.645000E-5	-1.500000E-7	9.400000E-8	5.600000E-8	0.000000E+0	0.000000E+0	1.964247E-4	2.976042E-9	0.000000E+0	0.000000E+0	1.999959E+1	0.000000E+0	4.000000E+0
28-Apr-25	11:39:50	-1.000000E-5	5.086330E+0	-8.000000E-5	-2.665000E-5	-2.500000E-7	3.000000E-8	0.000000E+0	0.000000E+0	0.000000E+0	1.964247E-4	2.976042E-9	0.000000E+0	0.000000E+0	1.999959E+1	0.000000E+0	4.000000E+0
28-Apr-25	11:39:51	-1.000000E-5	5.087855E+0	-8.000000E-5	-2.640000E-5	-2.000000E-7	-8.000000E-9	-1.060000E-7	0.000000E+0	0.000000E+0	1.964247E-4	2.976042E-9	0.000000E+0	0.000000E+0	1.999959E+1	0.000000E+0	4.000000E+0
28-Apr-25	11:39:51	-1.000000E-5	5.089690E+0	-8.000000E-5	-2.635000E-5	-5.000000E-8	-4.600000E-8	-1.620000E-7	0.000000E+0	0.000000E+0	1.964247E-4	2.976042E-9	0.000000E+0	0.000000E+0	1.999959E+1	0.000000E+0	4.000000E+0
28-Apr-25	11:39:52	-1.000000E-5	5.091185E+0	-8.000000E-5	-2.635000E-5	-5.000000E-8	-4.000000E-9	-5.800000E-8	0.000000E+0	0.000000E+0	1.964247E-4	2.976042E-9	0.000000E+0	0.000000E+0	1.999959E+1	0.000000E+0	4.000000E+0
28-Apr-25	11:39:52	-1.000000E-5	5.092695E+0	-8.000000E-5	-2.630000E-5	-3.500000E-7	7.800000E-8	1.280000E-7	0.000000E+0	0.000000E+0	1.964247E-4	2.976042E-9	0.000000E+0	0.000000E+0	1.999959E+1	0.000000E+0	4.000000E+0
28-Apr-25	11:39:53	-1.000000E-5	5.094200E+0	-8.000000E-5	-2.645000E-5	-5.000000E-7	1.060000E-7	1.860000E-7	0.000000E+0	0.000000E+0	1.964247E-4	2.976042E-9	0.000000E+0	0.000000E+0	1.999959E+1	0.000000E+0	4.000000E+0
28-Apr-25	11:39:53	-1.000000E-5	5.095845E+0	-8.000000E-5	-2.645000E-5	-5.500000E-7	6.200000E-8	7.800000E-8	0.000000E+0	0.000000E+0	1.964247E-4	2.976042E-9	0.000000E+0	0.000000E+0	1.999959E+1	0.000000E+0	4.000000E+0
28-Apr-25	11:39:53	-1.000000E-5	5.097345E+0	-8.000000E-5	-2.625000E-5	-4.000000E-7	-2.200000E-8	-2.800000E-8	0.000000E+0	0.000000E+0	1.964247E-4	2.976042E-9	0.000000E+0	0.000000E+0	1.999959E+1	0.000000E+0	4.000000E+0
28-Apr-25	11:39:54	-1.000000E-5	5.097625E+0	-8.000000E-5	-2.620000E-5	-2.000000E-7	-8.000000E-8	-8.000000E-8	0.000000E+0	0.000000E+0	1.964247E-4	2.976042E-9	0.000000E+0	0.000000E+0	1.999959E+1	0.000000E+0	4.000000E+0
28-Apr-25	11:39:54	-1.000000E-5	5.100355E+0	-8.000000E-5	-2.635000E-5	-2.000000E-7	-2.000000E-8	-1.180000E-7	0.000000E+0	0.000000E+0	1.964247E-4	2.976042E-9	0.000000E+0	0.000000E+0	1.999959E+1	0.000000E+0	4.000000E+0
28-Apr-25	11:39:55	-1.000000E-5	5.101820E+0	-8.000000E-5	-2.640000E-5	1.000000E-7	1.240000E-7	-1.160000E-7	0.000000E+0	0.000000E+0	1.964247E-4	2.976042E-9	0.000000E+0	0.000000E+0	1.999959E+1	0.000000E+0	4.000000E+0
28-Apr-25	11:39:55	-1.000000E-5	5.103255E+0	-8.000000E-5	-2.630000E-5	3.000000E-7	2.480000E-7	-4.600000E-8	0.000000E+0	0.000000E+0	1.964247E-4	2.976042E-9	0.000000E+0	0.000000E+0	1.999959E+1	0.000000E+0	4.000000E+0
28-Apr-25	11:39:56	-1.000000E-5	5.104730E+0	-8.000000E-5	-2.630000E-5	-2.000000E-7	3.240000E-7	1.400000E-8	0.000000E+0	0.000000E+0	1.964247E-4	2.976042E-9	0.000000E+0	0.000000E+0	1.999959E+1	0.000000E+0	4.000000E+0
28-Apr-25	11:39:56	-1.000000E-5	5.106355E+0	-8.000000E-5	-2.630000E-5	-2.000000E-7	3.180000E-7	-4.800000E-8	0.000000E+0	0.000000E+0	1.964247E-4	2.976042E-9	0.000000E+0	0.000000E+0	1.999959E+1	0.000000E+0	4.000000E+0
28-Apr-25	11:39:57	-1.000000E-5	5.107820E+0	-8.000000E-5	-2.635000E-5	-2.500000E-7	1.900000E-7	-1.920000E-7	0.000000E+0	0.000000E+0	1.964247E-4	2.976042E-9	0.000000E+0	0.000000E+0	1.999959E+1	0.000000E+0	4.000000E+0
28-Apr-25	11:39:57	-1.000000E-5	5.109595E+0	-8.000000E-5	-2.660000E-5	-1.500000E-7	2.600000E-8	-2.620000E-7	0.000000E+0	0.000000E+0	1.964247E-4	2.976042E-9	0.000000E+0	0.000000E+0	1.999959E+1	0.000000E+0	4.000000E+0
28-Apr-25	11:39:58	-1.000000E-5	5.111030E+0	-8.000000E-5	-2.655000E-5	-2.000000E-7	6.000000E-9	-1.840000E-7	0.000000E+0	0.000000E+0	1.964247E-4	2.976042E-9	0.000000E+0	0.000000E+0	1.999959E+1	0.000000E+0	4.000000E+0
28-Apr-25	11:39:58	-1.000000E-5	5.112490E+0	-8.000000E-5	-2.635000E-5	-3.000000E-7	1.600000E-8	-6.600000E-8	0.000000E+0	0.000000E+0	1.964247E-4	2.976042E-9	0.000000E+0	0.000000E+0	1.999959E+1	0.000000E+0	4.000000E+0
28-Apr-25	11:39:59	-1.000000E-5	5.114100E+0	-8.000000E-5	-2.645000E-5	-2.500000E-7	-8.000000E-9	4.800000E-8	0.000000E+0	0.000000E+0	1.964247E-4	2.976042E-9	0.000000E+0	0.000000E+0	1.999959E+1	0.000000E+0	4.000000E+0
28-Apr-25	11:39:59	-1.000000E-5	5.115520E+0	-8.000000E-5	-2.665000E-5	-2.000000E-7	-5.400000E-8	1.200000E-7	0.000000E+0	0.000000E+0	1.964247E-4	2.976042E-9	0.000000E+0	0.000000E+0	1.999959E+1	0.000000E+0	4.000000E+0
28-Apr-25	11:40:00	-1.000000E-5	5.117255E+0	-8.000000E-5	-2.655000E-5	5.000000E-8	-8.600000E-8	1.540000E-7	0.000000E+0	0.000000E+0	1.964247E-4	2.976042E-9	0.000000E+0	0.000000E+0	1.999959E+1	0.000000E+0	4.000000E+0
28-Apr-25	11:40:00	-1.000000E-5	5.118700E+0	-8.000000E-5	-2.635000E-5	-5.000000E-8	-6.600000E-8	1.640000E-7	0.000000E+0	0.000000E+0	1.964247E-4	2.976042E-9	0.000000E+0	0.000000E+0	1.999959E+1	0.000000E+0	4.000000E+0
28-Apr-25	11:40:01	-1.000000E-5	5.120310E+0	-8.000000E-5	-2.620000E-5	-2.500000E-7	-2.200000E-8	1.540000E-7	0.000000E+0	0.000000E+0	1.964247E-4	2.976042E-9	0.000000E+0	0.000000E+0	1.999959E+1	0.000000E+0	4.000000E+0
28-Apr-25	11:40:01	-1.000000E-5	5.121890E+0	-8.000000E-5	-2.615000E-5	0.000000E+0	4.000000E-9	1.720000E-7	0.000000E+0	0.000000E+0	1.964247E-4	2.976042E-9	0.000000E+0	0.000000E+0	1.999959E+1	0.000000E+0	4.000000E+0
28-Apr-25	11:40:02	-1.000000E-5	5.122430E+0	-8.000000E-5	-2.645000E-5	-1.000000E-7	1.160000E-7	2.200000E-7	0.000000E+0	0.000000E+0	1.964247E-4	2.976042E-9	0.000000E+0	0.000000E+0	1.999959E+1	0.000000E+0	4.000000E+0
28-Apr-25	11:40:02	-1.000000E-5	5.125320E+0	-8.000000E-5	-2.650000E-5	-2.000000E-7	2.560000E-7	1.640000E-7	0.000000E+0	0.000000E+0	1.964247E-4	2.976042E-9	0.000000E+0	0.000000E+0	1.999959E+1	0.000000E+0	4.000000E+0
28-Apr-25	11:40:03	-1.000000E-5	5.127180E+0	-8.000000E-5	-2.655000E-5	-1.500000E-7	1.360000E-7	-8.000000E-9	0.000000E+0	0.000000E+0	1.964247E-4	2.976042E-9	0.000000E+0	0.000000E+0	1.999959E+1	0.000000E+0	4.000000E+0
28-Apr-25	11:40:03	-1.000000E-5	5.128735E+0	-8.000000E-5	-2.625000E-5	-4.000000E-7	6.200000E-8	-3.000000E-8	0.000000E+0	0.000000E+0	1.964247E-4	2.976042E-9	0.000000E+0	0.000000E+0	1.999959E+1	0.000000E+0	4.000000E+0
28-Apr-25	11:40:04	-1.000000E-5	5.130445E+0	-8.000000E-5	-2.650000E-5	-1.500000E-7	2.860000E-7	8.800000E-8	0.000000E+0	0.000000E+0	1.964247E-4	2.976042E-9	0.000000E+0	0.000000E+0	1.999959E+1	0.000000E+0	4.000000E+0
28-Apr-25	11:40:04	-1.000000E-5	5.131720E+0	-8.000000E-5	-2.645000E-5	-1.000000E-7	5.700000E-7	9.800000E-8	0.000000E+0	0.000000E+0	1.964247E-4	2.976042E-9	0.000000E+0	0.000000E+0	1.999959E+1	0.000000E+0	4.000000E+0
28-Apr-25	11:40:05	-1.000000E-5	5.133265E+0	-8.000000E-5	-2.635000E-5	-3.000000E-7	6.720000E-7	-6.800000E-8	0.000000E+0	0.000000E+0	1.964247E-4	2.976042E-9	0.000000E+0	0.000000E+0	1.999959E+1	0.000000E+0	4.000000E+0
28-Apr-25	11:40:05	-1.000000E-5	5.133470E+0	-8.000000E-5	-2.625000E-5	-4.000000E-7	4.040000E-7	-2.760000E-7	0.000000E+0	0.000000E+0	1.964247E-4	2.976042E-9	0.000000E+0	0.000000E+0	1.999959E+1	0.000000E+0	4.000000E+0
28-Apr-25	11:40:06	-1.000000E-5	5.136310E+0	-8.000000E-5	-2.645000E-5	-1.000000E-7	4.000000E-8	-3.360000E-7	0.000000E+0	0.000000E+0	1.964247E-4	2.976042E-9	0.000000E+0	0.000000E+0	1.999959E+1	0.000000E+0	4.000000E+0
28-Apr-25	11:40:06	-1.000000E-5	5.137665E+0	-8.000000E-5	-2.640000E-5	0.000000E+0	-1.380000E-7	-2.700000E-7	0.000000E+0	0.000000E+0	1.964247E-4	2.976042E-9	0.000000E+0	0.000000E+0	1.999959E+1	0.000000E+0	4.000000E+0
28-Apr-25	11:40:07	-1.000000E-5	5.138190E+0	-8.000000E-5	-2.645000E-5	-1.500000E-7	-7.000000E-8	-1.640000E-7	0.000000E+0	0.000000E+0	1.964247E-4	2.976042E-9	0.000000E+0	0.000000E+0	1.999959E+1	0.000000E+0	4.000000E+0
28-Apr-25	11:40:07	-1.000000E-5	5.140735E+0	-8.000000E-5	-2.640000E-5	-5.000000E-8	6.200000E-8	-8.000000E-8	0.000000E+0	0.000000E+0	1.964247E-4	2.976042E-9	0.000000E+0	0.000000E+0	1.999959E+1	0.000000E+0	4.000000E+0
28-Apr-25	11:40:08	-1.000000E-5	5.142085E+0	-8.000000E-5	-2.625000E-5	-2.500000E-7	1.780000E-7	0.000000E+0	0.000000E+0	0.000000E+0	1.964247E-4	2.976042E-9	0.000000E+0	0.000000E+0	1.999959E+1	0.000000E+0	4.000000E+0
